iter,step,x,y,timestamp
1,0,0.010522422526409688,-0.17250414430008879,2025-10-10 01:11:26
1,1,0.01047638893882572,-0.17268153669188618,2025-10-10 01:11:26
1,2,0.010407902116753723,-0.17294147208419788,2025-10-10 01:11:26
1,3,0.010317333191219675,-0.17328004092745664,2025-10-10 01:11:26
1,4,0.010205049768398713,-0.1736934721744358,2025-10-10 01:11:26
1,5,0.010071415860952669,-0.17417812871589294,2025-10-10 01:11:26
1,6,0.009916791824218625,-0.174730502962525,2025-10-10 01:11:26
1,7,0.009741534297049527,-0.17534721256867625,2025-10-10 01:11:26
1,8,0.009545996147115338,-0.17602499629338014,2025-10-10 01:11:26
1,9,0.00933052642048045,-0.17676070999444857,2025-10-10 01:11:26
1,10,0.009095470295279988,-0.17755132275145397,2025-10-10 01:11:26
1,11,0.008841169039324406,-0.17839391311357522,2025-10-10 01:11:26
1,12,0.00856795997146821,-0.1792856654684008,2025-10-10 01:11:26
1,13,0.008276176426584923,-0.180223866527902,2025-10-10 01:11:26
1,14,0.007966147723996453,-0.18120590192790398,2025-10-10 01:11:26
1,15,0.0076381991392108165,-0.18222925293749415,2025-10-10 01:11:26
1,16,0.007292651878827836,-0.1832914932749165,2025-10-10 01:11:26
1,17,0.006929823058477799,-0.18439028602660484,2025-10-10 01:11:26
1,18,0.006550025683663346,-0.18552338066611068,2025-10-10 01:11:26
1,19,0.00615356863337986,-0.18668861016978017,2025-10-10 01:11:26
1,20,0.005740756646394505,-0.18788388822613059,2025-10-10 01:11:26
1,21,0.005311890310068767,-0.18910720653597005,2025-10-10 01:11:26
1,22,0.00486726605161383,-0.19035663220039434,2025-10-10 01:11:26
1,23,0.004407176131672527,-0.19163030519388263,2025-10-10 01:11:26
1,24,0.003931908640125764,-0.1929264359197986,2025-10-10 01:11:26
1,25,0.003441747494025379,-0.19424330284568597,2025-10-10 01:11:26
1,26,0.002936972437559299,-0.19557925021582756,2025-10-10 01:11:26
1,27,0.0024178590439586055,-0.19693268583861437,2025-10-10 01:11:26
1,28,0.0018846787192597432,-0.1983020789463466,2025-10-10 01:11:26
1,29,0.001337698707838589,-0.19968595812516127,2025-10-10 01:11:26
1,30,0.0007771820996364501,-0.201082909312852,2025-10-10 01:11:26
1,31,0.00020338783900129798,-0.20249157386241526,2025-10-10 01:11:26
1,32,-0.0003834292649293517,-0.20391064666922376,2025-10-10 01:11:26
1,33,-0.0009830185263745089,-0.20533887435979237,2025-10-10 01:11:26
1,34,-0.0015951333696524405,-0.20677505354016468,2025-10-10 01:11:26
1,35,-0.0022195313145850085,-0.20821802910200882,2025-10-10 01:11:26
1,36,-0.0028559739606258895,-0.20966669258457035,2025-10-10 01:11:26
1,37,-0.003504226969772391,-0.21111998059068704,2025-10-10 01:11:26
1,38,-0.004164060048318108,-0.21257687325512584,2025-10-10 01:11:26
1,39,-0.004835246927501295,-0.21403639276355613,2025-10-10 01:11:26
1,40,-0.005517565343101553,-0.21549760192052558,2025-10-10 01:11:26
1,41,-0.00621079701403523,-0.21695960276485515,2025-10-10 01:11:26
1,42,-0.006914727619997844,-0.21842153523091956,2025-10-10 01:11:26
1,43,-0.007629146778199789,-0.21988257585432625,2025-10-10 01:11:26
1,44,-0.008353848019239682,-0.2213419365205529,2025-10-10 01:11:26
1,45,-0.009088628762157793,-0.22279886325514764,2025-10-10 01:11:26
1,46,-0.009833290288710253,-0.22425263505413978,2025-10-10 01:11:26
1,47,-0.010587637716902989,-0.22570256275335138,2025-10-10 01:11:26
1,48,-0.011351479973822692,-0.22714798793533986,2025-10-10 01:11:26
1,49,-0.01212462976780054,-0.22858828187274274,2025-10-10 01:11:26
1,50,-0.012906903559942878,-0.23002284450683286,2025-10-10 01:11:26
1,51,-0.013698121535061607,-0.23145110346013045,2025-10-10 01:11:26
1,52,-0.01449810757203562,-0.23287251308195436,2025-10-10 01:11:26
1,53,-0.015306689213633297,-0.23428655352582958,2025-10-10 01:11:26
1,54,-0.01612369763582479,-0.23569272985770268,2025-10-10 01:11:26
1,55,-0.016948967616611604,-0.23709057119394916,2025-10-10 01:11:26
1,56,-0.01778233750439974,-0.2384796298681895,2025-10-10 01:11:26
1,57,-0.01862364918594167,-0.2398594806259606,2025-10-10 01:11:26
1,58,-0.019472748053871208,-0.2412297198463208,2025-10-10 01:11:26
1,59,-0.02032948297385434,-0.2425899647894943,2025-10-10 01:11:26
1,60,-0.02119370625137815,-0.24393985286969053,2025-10-10 01:11:26
1,61,-0.022065273598198952,-0.24527904095226047,2025-10-10 01:11:26
1,62,-0.022944044098469892,-0.24660720467437902,2025-10-10 01:11:26
1,63,-0.023829880174567386,-0.2479240377884681,2025-10-10 01:11:26
1,64,-0.02472264755263495,-0.24922925152760056,2025-10-10 01:11:26
1,65,-0.025622215227862198,-0.2505225739921485,2025-10-10 01:11:26
1,66,-0.026528455429516037,-0.2518037495569642,2025-10-10 01:11:26
1,67,-0.02744124358574031,-0.25307253829840404,2025-10-10 01:11:26
1,68,-0.028360458288139576,-0.2543287154405274,2025-10-10 01:11:26
1,69,-0.029285981256161924,-0.25557207081982547,2025-10-10 01:11:26
1,70,-0.030217697301295213,-0.2568024083678547,2025-10-10 01:11:26
1,71,-0.03115549429109047,-0.2580195456111691,2025-10-10 01:11:26
1,72,-0.032099263113025654,-0.2592233131879676,2025-10-10 01:11:26
1,73,-0.03304889763822241,-0.26041355438088887,2025-10-10 01:11:26
1,74,-0.034004294685028025,-0.261590124665406,2025-10-10 01:11:26
1,75,-0.03496535398247414,-0.26275289127329143,2025-10-10 01:11:26
1,76,-0.03593197813362358,-0.26390173277063855,2025-10-10 01:11:26
1,77,-0.03690407257881593,-0.26503653864994464,2025-10-10 01:11:26
1,78,-0.03788154555882231,-0.26615720893577505,2025-10-10 01:11:26
1,79,-0.03886430807791929,-0.26726365380354467,2025-10-10 01:11:26
1,80,-0.0398522738668915,-0.2683557932109681,2025-10-10 01:11:26
1,81,-0.04084535934597226,-0.26943355654174445,2025-10-10 01:11:26
1,82,-0.04184348358773118,-0.27049688226105767,2025-10-10 01:11:26
1,83,-0.04284656827991712,-0.27154571758248625,2025-10-10 01:11:26
1,84,-0.04385453768826516,-0.27258001814593075,2025-10-10 01:11:26
1,85,-0.04486731861927533,-0.2735997477061796,2025-10-10 01:11:26
1,86,-0.04588484038297104,-0.27460487783174753,2025-10-10 01:11:26
1,87,-0.04690703475564469,-0.2755953876136316,2025-10-10 01:11:26
1,88,-0.04793383594259777,-0.276571263383644,2025-10-10 01:11:26
1,89,-0.04896518054088253,-0.2775324984419898,2025-10-10 01:11:26
1,90,-0.05000100750205216,-0.2784790927937707,2025-10-10 01:11:26
1,91,-0.05104125809492611,-0.2794110528941066,2025-10-10 01:11:26
1,92,-0.052085875868377145,-0.2803283914015764,2025-10-10 01:11:26
1,93,-0.05313480661414645,-0.2812311269396898,2025-10-10 01:11:26
1,94,-0.054187998329693,-0.28211928386611335,2025-10-10 01:11:26
1,95,-0.05524540118108337,-0.2829928920493804,2025-10-10 01:11:26
1,96,-0.05630696746592771,-0.28385198665282746,2025-10-10 01:11:26
1,97,-0.057372651576368,-0.28469660792550533,2025-10-10 01:11:26
1,98,-0.05844240996212405,-0.2855268009998239,2025-10-10 01:11:26
1,99,-0.05951620109360299,-0.28634261569569747,2025-10-10 01:11:26
1,100,-0.0605939854250778,-0.28714410633096493,2025-10-10 01:11:26
1,101,-0.0616757253579402,-0.2879313315378684,2025-10-10 01:11:26
1,102,-0.06276138520403338,-0.2887043540853797,2025-10-10 01:11:26
1,103,-0.06385093114906984,-0.2894632407071733,2025-10-10 01:11:26
1,104,-0.0649443312161396,-0.29020806193504967,2025-10-10 01:11:26
1,105,-0.06604155522931386,-0.29093889193762196,2025-10-10 01:11:26
1,106,-0.06714257477734943,-0.2916558083640834,2025-10-10 01:11:26
1,107,-0.06824736317749891,-0.29235889219288114,2025-10-10 01:11:26
1,108,-0.06935589543943164,-0.29304822758512733,2025-10-10 01:11:26
1,109,-0.07046814822927068,-0.2937239017425848,2025-10-10 01:11:26
1,110,-0.07158409983375047,-0.2943860047700705,2025-10-10 01:11:26
1,111,-0.07270373012450057,-0.2950346295421256,2025-10-10 01:11:26
1,112,-0.0738270205224601,-0.2956698715738062,2025-10-10 01:11:26
1,113,-0.07495395396242804,-0.29629182889545447,2025-10-10 01:11:26
1,114,-0.07608451485775433,-0.29690060193131496,2025-10-10 01:11:26
1,115,-0.0772186890651766,-0.2974962933818654,2025-10-10 01:11:26
1,116,-0.07835646384980757,-0.29807900810973675,2025-10-10 01:11:26
1,117,-0.07949782785027815,-0.2986488530291015,2025-10-10 01:11:26
1,118,-0.0806427710440409,-0.29920593699841336,2025-10-10 01:11:26
1,119,-0.08179128471283915,-0.2997503707163866,2025-10-10 01:11:26
1,120,-0.08294336140834649,-0.30028226662110696,2025-10-10 01:11:26
1,121,-0.08409899491798169,-0.3008017387921699,2025-10-10 01:11:26
1,122,-0.08525818023090402,-0.3013089028557466,2025-10-10 01:11:26
1,123,-0.08642091350419404,-0.3018038758924803,2025-10-10 01:11:26
1,124,-0.0875871920292246,-0.3022867763481221,2025-10-10 01:11:26
1,125,-0.08875701419822747,-0.30275772394681494,2025-10-10 01:11:26
1,126,-0.08993037947106014,-0.3032168396069411,2025-10-10 01:11:26
1,127,-0.0911072883421783,-0.30366424535945086,2025-10-10 01:11:26
1,128,-0.09228774230781867,-0.30410006426859154,2025-10-10 01:11:26
1,129,-0.09347174383339747,-0.3045244203549622,2025-10-10 01:11:26
1,130,-0.09465929632112949,-0.3049374385208188,2025-10-10 01:11:26
1,131,-0.09585040407787286,-0.30533924447756045,2025-10-10 01:11:26
1,132,-0.09704507228320465,-0.3057299646753279,2025-10-10 01:11:26
1,133,-0.09824330695773231,-0.3061097262346493,2025-10-10 01:11:26
1,134,-0.09944511493164614,-0.30647865688007,2025-10-10 01:11:26
1,135,-0.1006505038135178,-0.3068368848757062,2025-10-10 01:11:26
1,136,-0.10185948195935005,-0.3071845389626648,2025-10-10 01:11:26
1,137,-0.10307205844188275,-0.30752174829827184,2025-10-10 01:11:26
1,138,-0.10428824302016025,-0.3078486423970581,2025-10-10 01:11:26
1,139,-0.10550804610936532,-0.3081653510734485,2025-10-10 01:11:26
1,140,-0.10673147875092448,-0.308472004386106,2025-10-10 01:11:26
1,141,-0.10795855258289017,-0.30876873258388304,2025-10-10 01:11:26
1,142,-0.10918927981060442,-0.30905566605333357,2025-10-10 01:11:26
1,143,-0.11042367317764934,-0.30933293526774214,2025-10-10 01:11:26
1,144,-0.11166174593708932,-0.30960067073762737,2025-10-10 01:11:26
1,145,-0.1129035118230099,-0.30985900296267943,2025-10-10 01:11:26
1,146,-0.11414898502235832,-0.31010806238509153,2025-10-10 01:11:26
1,147,-0.11539818014709072,-0.3103479793442486,2025-10-10 01:11:26
1,148,-0.11665111220663073,-0.3105788840327364,2025-10-10 01:11:26
1,149,-0.11790779658064436,-0.31080090645363584,2025-10-10 01:11:26
1,150,-0.11916824899213607,-0.3110141763790699,2025-10-10 01:11:26
1,151,-0.12043248548087057,-0.31121882330997025,2025-10-10 01:11:26
1,152,-0.12170052237712521,-0.3114149764370321,2025-10-10 01:11:26
1,153,-0.12297237627577748,-0.3116027646028286,2025-10-10 01:11:26
1,154,-0.12424806401073216,-0.311782316265055,2025-10-10 01:11:26
1,155,-0.1255276026296927,-0.311953759460875,2025-10-10 01:11:26
1,156,-0.12681100936928114,-0.3121172217723434,2025-10-10 01:11:26
1,157,-0.1280983016305109,-0.31227283029287817,2025-10-10 01:11:26
1,158,-0.1293894969546168,-0.31242071159475815,2025-10-10 01:11:26
1,159,-0.13068461299924625,-0.3125609916976224,2025-10-10 01:11:26
1,160,-0.1319836675150158,-0.3126937960379476,2025-10-10 01:11:26
1,161,-0.13328667832243707,-0.3128192494394819,2025-10-10 01:11:26
1,162,-0.13459366328921551,-0.3129374760846139,2025-10-10 01:11:26
1,163,-0.13590464030792643,-0.3130485994866556,2025-10-10 01:11:26
1,164,-0.137219627274071,-0.3131527424630197,2025-10-10 01:11:26
1,165,-0.13853864206451652,-0.3132500271092724,2025-10-10 01:11:26
1,166,-0.13986170251632385,-0.313340574774042,2025-10-10 01:11:26
1,167,-0.1411888264059653,-0.31342450603476635,2025-10-10 01:11:26
1,168,-0.1425200314289362,-0.31350194067426174,2025-10-10 01:11:26
1,169,-0.14385533517976293,-0.31357299765809515,2025-10-10 01:11:26
1,170,-0.1451947551324102,-0.31363779511274514,2025-10-10 01:11:26
1,171,-0.14653830862109055,-0.3136964503045347,2025-10-10 01:11:26
1,172,-0.14788601282147784,-0.3137490796193205,2025-10-10 01:11:26
1,173,-0.14923788473232796,-0.3137957985429247,2025-10-10 01:11:26
1,174,-0.1505939411575081,-0.3138367216422936,2025-10-10 01:11:26
1,175,-0.1519541986884369,-0.3138719625473701,2025-10-10 01:11:26
1,176,-0.15331867368693755,-0.31390163393366594,2025-10-10 01:11:26
1,177,-0.15468738226850484,-0.31392584750552033,2025-10-10 01:11:26
1,178,-0.1560603402859881,-0.3139447139800324,2025-10-10 01:11:26
1,179,-0.157437563313691,-0.31395834307165443,2025-10-10 01:11:26
1,180,-0.15881906663188958,-0.31396684347743437,2025-10-10 01:11:26
1,181,-0.1602048652117689,-0.3139703228628945,2025-10-10 01:11:26
1,182,-0.16159497370077938,-0.31396888784853577,2025-10-10 01:11:26
1,183,-0.16298940640841308,-0.3139626439969556,2025-10-10 01:11:26
1,184,-0.16438817729240024,-0.31395169580056836,2025-10-10 01:11:26
1,185,-0.16579129994532618,-0.3139361466699172,2025-10-10 01:11:26
1,186,-0.16719878758166823,-0.31391609892256733,2025-10-10 01:11:26
1,187,-0.16861065302525252,-0.3138916537725692,2025-10-10 01:11:26
1,188,-0.17002690869712997,-0.3138629113204822,2025-10-10 01:11:26
1,189,-0.1714475666038705,-0.3138299705439483,2025-10-10 01:11:26
1,190,-0.17287263832627492,-0.3137929292888056,2025-10-10 01:11:26
1,191,-0.1743021350085026,-0.31375188426073297,2025-10-10 01:11:26
1,192,-0.1757360673476142,-0.31370693101741476,2025-10-10 01:11:26
1,193,-0.17717444558352713,-0.3136581639612173,2025-10-10 01:11:26
1,194,-0.1786172794893823,-0.3136056763323677,2025-10-10 01:11:26
1,195,-0.18006457836231998,-0.3135495602026248,2025-10-10 01:11:26
1,196,-0.18151635101466232,-0.31348990646943525,2025-10-10 01:11:26
1,197,-0.18297260576549998,-0.3134268048505635,2025-10-10 01:11:26
1,198,-0.18443335043268042,-0.3133603438791887,2025-10-10 01:11:26
1,199,-0.1858985923251945,-0.31329061089945887,2025-10-10 01:11:26
1,200,-0.18736833823595858,-0.3132176920624941,2025-10-10 01:11:26
1,201,-0.1888425944349883,-0.3131416723228303,2025-10-10 01:11:26
1,202,-0.19032136666296096,-0.313062635435295,2025-10-10 01:11:26
1,203,-0.1918046601251623,-0.31298066395230684,2025-10-10 01:11:26
1,204,-0.1932924794858139,-0.31289583922159075,2025-10-10 01:11:26
1,205,-0.19478482886277684,-0.3128082413843005,2025-10-10 01:11:26
1,206,-0.1962817118226275,-0.3127179493735407,2025-10-10 01:11:26
1,207,-0.19778313137610046,-0.31262504091327986,2025-10-10 01:11:26
1,208,-0.1992890899738943,-0.3125295925176473,2025-10-10 01:11:26
1,209,-0.2007995895028349,-0.3124316794906053,2025-10-10 01:11:26
1,210,-0.20231463128239124,-0.31233137592598914,2025-10-10 01:11:26
1,211,-0.20383421606153845,-0.31222875470790734,2025-10-10 01:11:26
1,212,-0.20535834401596265,-0.3121238875114939,2025-10-10 01:11:26
1,213,-0.20688701474560184,-0.3120168448040056,2025-10-10 01:11:26
1,214,-0.20842022727251713,-0.31190769584625644,2025-10-10 01:11:26
1,215,-0.20995798003908836,-0.3117965086943817,2025-10-10 01:11:26
1,216,-0.21150027090652795,-0.31168335020192417,2025-10-10 01:11:26
1,217,-0.21304709715370695,-0.3115682860222355,2025-10-10 01:11:26
1,218,-0.21459845547628661,-0.3114513806111848,2025-10-10 01:11:26
1,219,-0.21615434198614936,-0.31133269723016754,2025-10-10 01:11:26
1,220,-0.21771475221112235,-0.3112122979494073,2025-10-10 01:11:26
1,221,-0.219279681094987,-0.31109024365154364,2025-10-10 01:11:26
1,222,-0.22084912299776754,-0.31096659403549826,2025-10-10 01:11:26
1,223,-0.22242307169629197,-0.31084140762061296,2025-10-10 01:11:26
1,224,-0.22400152038501808,-0.3107147417510521,2025-10-10 01:11:26
1,225,-0.22558446167711782,-0.31058665260046264,2025-10-10 01:11:26
1,226,-0.22717188760581264,-0.3104571951768845,2025-10-10 01:11:26
1,227,-0.22876378962595267,-0.31032642332790533,2025-10-10 01:11:26
1,228,-0.23036015861583256,-0.3101943897460516,2025-10-10 01:11:26
1,229,-0.2319609848792366,-0.31006114597441037,2025-10-10 01:11:26
1,230,-0.23356625814770585,-0.309926742412474,2025-10-10 01:11:26
1,231,-0.23517596758301976,-0.3097912283222023,2025-10-10 01:11:26
1,232,-0.23679010177988524,-0.3096546518342944,2025-10-10 01:11:26
1,233,-0.23840864876882542,-0.3095170599546646,2025-10-10 01:11:26
1,234,-0.24003159601926088,-0.30937849857111527,2025-10-10 01:11:26
1,235,-0.24165893044277603,-0.30923901246020064,2025-10-10 01:11:26
1,236,-0.24329063839656306,-0.30909864529427494,2025-10-10 01:11:26
1,237,-0.2449267056870364,-0.3089574396487188,2025-10-10 01:11:26
1,238,-0.2465671175736099,-0.3088154370093375,2025-10-10 01:11:26
1,239,-0.24821185877263022,-0.3086726777799248,2025-10-10 01:11:26
1,240,-0.24986091346145814,-0.30852920128998673,2025-10-10 01:11:26
1,241,-0.2515142652826917,-0.30838504580261866,2025-10-10 01:11:26
1,242,-0.2531718973485234,-0.3082402485225302,2025-10-10 01:11:26
1,243,-0.25483379224522434,-0.3080948456042118,2025-10-10 01:11:26
1,244,-0.25649993203774896,-0.3079488721602372,2025-10-10 01:11:26
1,245,-0.25817029827445287,-0.3078023622696961,2025-10-10 01:11:26
1,246,-0.2598448719919172,-0.30765534898675134,2025-10-10 01:11:26
1,247,-0.2615236337198731,-0.3075078643493148,2025-10-10 01:11:26
1,248,-0.2632065634862192,-0.3073599393878368,2025-10-10 01:11:26
1,249,-0.26489364082212624,-0.3072116041342032,2025-10-10 01:11:26
1,250,-0.2665848447672221,-0.30706288763073514,2025-10-10 01:11:26
1,251,-0.268280153874851,-0.3069138179392861,2025-10-10 01:11:26
1,252,-0.26997954621740117,-0.30676442215043065,2025-10-10 01:11:26
1,253,-0.2716829993916947,-0.30661472639274,2025-10-10 01:11:26
1,254,-0.27339049052443404,-0.30646475584213995,2025-10-10 01:11:26
1,255,-0.27510199627769927,-0.30631453473134485,2025-10-10 01:11:26
1,256,-0.2768174928544908,-0.306164086359364,2025-10-10 01:11:26
1,257,-0.27853695600431233,-0.3060134331010749,2025-10-10 01:11:26
1,258,-0.28026036102878854,-0.30586259641685937,2025-10-10 01:11:26
1,259,-0.28198768278731284,-0.3057115968622965,2025-10-10 01:11:26
1,260,-0.2837188957027204,-0.3055604540979099,2025-10-10 01:11:26
1,261,-0.28545397376698134,-0.30540918689896296,2025-10-10 01:11:26
1,262,-0.2871928905469104,-0.3052578131652988,2025-10-10 01:11:26
1,263,-0.28893561918988786,-0.30510634993122027,2025-10-10 01:11:26
1,264,-0.2906821324295888,-0.3049548133754057,2025-10-10 01:11:26
1,265,-0.2924324025917154,-0.30480321883085676,2025-10-10 01:11:26
1,266,-0.2941864015997298,-0.304651580794874,2025-10-10 01:11:26
1,267,-0.2959441009805833,-0.304499912939056,2025-10-10 01:11:26
1,268,-0.29770547187043855,-0.30434822811931905,2025-10-10 01:11:26
1,269,-0.2994704850203819,-0.3041965383859327,2025-10-10 01:11:26
1,270,-0.3012391108021229,-0.3040448549935681,2025-10-10 01:11:26
1,271,-0.3030113192136776,-0.3038931884113555,2025-10-10 01:11:26
1,272,-0.3047870798850339,-0.30374154833294736,2025-10-10 01:11:26
1,273,-0.3065663620837962,-0.30358994368658365,2025-10-10 01:11:26
1,274,-0.30834913472080644,-0.3034383826451561,2025-10-10 01:11:26
1,275,-0.31013536635574107,-0.30328687263626836,2025-10-10 01:11:26
1,276,-0.31192502520268034,-0.3031354203522887,2025-10-10 01:11:26
1,277,-0.3137180791356495,-0.3029840317603924,2025-10-10 01:11:26
1,278,-0.3155144956941297,-0.302832712112591,2025-10-10 01:11:26
1,279,-0.31731424208853803,-0.30268146595574513,2025-10-10 01:11:26
1,280,-0.31911728520567445,-0.302530297141559,2025-10-10 01:11:26
1,281,-0.32092359161413575,-0.302379208836553,2025-10-10 01:11:26
1,282,-0.32273312756969486,-0.30222820353201246,2025-10-10 01:11:26
1,283,-0.3245458590206456,-0.3020772830539098,2025-10-10 01:11:26
1,284,-0.3263617516131117,-0.30192644857279777,2025-10-10 01:11:26
1,285,-0.32818077069632023,-0.30177570061367154,2025-10-10 01:11:26
1,286,-0.3300028813278389,-0.3016250390657974,2025-10-10 01:11:26
1,287,-0.3318280482787775,-0.3014744631925057,2025-10-10 01:11:26
1,288,-0.33365623603895334,-0.30132397164094643,2025-10-10 01:11:26
1,289,-0.3354874088220208,-0.30117356245180504,2025-10-10 01:11:26
1,290,-0.33732153057056585,-0.301023233068977,2025-10-10 01:11:26
1,291,-0.3391585649611651,-0.30087298034919885,2025-10-10 01:11:26
1,292,-0.3409984754094109,-0.3007228005716345,2025-10-10 01:11:26
1,293,-0.3428412250749026,-0.30057268944741483,2025-10-10 01:11:26
1,294,-0.3446867768662047,-0.30042264212912917,2025-10-10 01:11:26
1,295,-0.34653509344577316,-0.300272653220267,2025-10-10 01:11:26
1,296,-0.34838613723485057,-0.3001227167846088,2025-10-10 01:11:26
1,297,-0.35023987041833105,-0.2999728263555639,2025-10-10 01:11:26
1,298,-0.3520962549495963,-0.2998229749454556,2025-10-10 01:11:26
1,299,-0.3539552525553239,-0.29967315505475073,2025-10-10 01:11:26
1,300,-0.35581682474026893,-0.29952335868123314,2025-10-10 01:11:26
1,301,-0.3576809327920205,-0.29937357732912073,2025-10-10 01:11:26
1,302,-0.359547537785734,-0.29922380201812376,2025-10-10 01:11:26
1,303,-0.3614166005888411,-0.29907402329244487,2025-10-10 01:11:26
1,304,-0.36328808186573847,-0.2989242312297186,2025-10-10 01:11:26
1,305,-0.36516194208245667,-0.298774415449891,2025-10-10 01:11:26
1,306,-0.3670381415113109,-0.29862456512403707,2025-10-10 01:11:26
1,307,-0.368916640235535,-0.2984746689831172,2025-10-10 01:11:26
1,308,-0.37079739815389956,-0.2983247153266699,2025-10-10 01:11:26
1,309,-0.372680374985317,-0.2981746920314421,2025-10-10 01:11:26
1,310,-0.37456553027343326,-0.29802458655995556,2025-10-10 01:11:26
1,311,-0.3764528233912094,-0.29787438596900884,2025-10-10 01:11:26
1,312,-0.3783422135454929,-0.29772407691811503,2025-10-10 01:11:26
1,313,-0.38023365978158113,-0.2975736456778745,2025-10-10 01:11:26
1,314,-0.38212712098777796,-0.29742307813828234,2025-10-10 01:11:26
1,315,-0.3840225558999447,-0.2972723598169706,2025-10-10 01:11:26
1,316,-0.3859199231060473,-0.2971214758673844,2025-10-10 01:11:26
1,317,-0.3878191810506997,-0.29697041108689265,2025-10-10 01:11:26
1,318,-0.38972028803970626,-0.2968191499248325,2025-10-10 01:11:26
1,319,-0.3916232022446032,-0.2966676764904879,2025-10-10 01:11:26
1,320,-0.3935278817071998,-0.2965159745610021,2025-10-10 01:11:26
1,321,-0.39543428434412214,-0.29636402758922364,2025-10-10 01:11:26
1,322,-0.39734236795135774,-0.2962118187114869,2025-10-10 01:11:26
1,323,-0.39925209020880437,-0.296059330755326,2025-10-10 01:11:26
1,324,-0.40116340868482214,-0.29590654624712304,2025-10-10 01:11:26
1,325,-0.4030762808407903,-0.2957534474196906,2025-10-10 01:11:26
1,326,-0.4049906640356689,-0.29560001621978826,2025-10-10 01:11:26
1,327,-0.40690651553056656,-0.29544623431557376,2025-10-10 01:11:26
1,328,-0.4088237924933134,-0.2952920831039889,2025-10-10 01:11:26
1,329,-0.4107424520030412,-0.2951375437180803,2025-10-10 01:11:26
1,330,-0.4126624510547694,-0.29498259703425517,2025-10-10 01:11:26
1,331,-0.4145837465639981,-0.29482722367947256,2025-10-10 01:11:26
1,332,-0.4165062953713074,-0.29467140403837044,2025-10-10 01:11:26
1,333,-0.41843005424696367,-0.2945151182603285,2025-10-10 01:11:26
1,334,-0.42035497989553183,-0.29435834626646745,2025-10-10 01:11:26
1,335,-0.4222810289604939,-0.2942010677565848,2025-10-10 01:11:26
1,336,-0.4242081580288733,-0.29404326221602756,2025-10-10 01:11:26
1,337,-0.4261363236358642,-0.2938849089225025,2025-10-10 01:11:26
1,338,-0.4280654822694655,-0.2937259869528238,2025-10-10 01:11:26
1,339,-0.429995590375119,-0.2935664751895988,2025-10-10 01:11:26
1,340,-0.43192660436035013,-0.29340635232785217,2025-10-10 01:11:26
1,341,-0.4338584805994116,-0.293245596881589,2025-10-10 01:11:26
1,342,-0.4357911754379279,-0.2930841871902969,2025-10-10 01:11:26
1,343,-0.43772464519753973,-0.29292210142538755,2025-10-10 01:11:26
1,344,-0.4396588461805482,-0.2927593175965786,2025-10-10 01:11:26
1,345,-0.4415937346745559,-0.29259581355821535,2025-10-10 01:11:26
1,346,-0.4435292669571052,-0.29243156701553374,2025-10-10 01:11:26
1,347,-0.4454653993003106,-0.29226655553086406,2025-10-10 01:11:26
1,348,-0.44740208797548525,-0.29210075652977624,2025-10-10 01:11:26
1,349,-0.44933928925775907,-0.2919341473071671,2025-10-10 01:11:26
1,350,-0.45127695943068685,-0.29176670503328983,2025-10-10 01:11:26
1,351,-0.45321505479084506,-0.2915984067597259,2025-10-10 01:11:26
1,352,-0.4551535316524152,-0.2914292294253005,2025-10-10 01:11:26
1,353,-0.4570923463517518,-0.29125914986194035,2025-10-10 01:11:26
1,354,-0.4590314552519335,-0.2910881448004765,2025-10-10 01:11:26
1,355,-0.46097081474729484,-0.2909161908763899,2025-10-10 01:11:26
1,356,-0.46291038126793677,-0.2907432646355021,2025-10-10 01:11:26
1,357,-0.46485011128421405,-0.2905693425396103,2025-10-10 01:11:26
1,358,-0.4667899613111975,-0.29039440097206753,2025-10-10 01:11:26
1,359,-0.46872988791310827,-0.29021841624330796,2025-10-10 01:11:26
1,360,-0.4706698477077228,-0.2900413645963177,2025-10-10 01:11:26
1,361,-0.4726097973707459,-0.2898632222120515,2025-10-10 01:11:26
1,362,-0.47454969364014943,-0.2896839652147957,2025-10-10 01:11:26
1,363,-0.4764894933204751,-0.289503569677477,2025-10-10 01:11:26
1,364,-0.4784291532870981,-0.2893220116269178,2025-10-10 01:11:26
1,365,-0.48036863049045075,-0.28913926704903886,2025-10-10 01:11:26
1,366,-0.48230788196020213,-0.288955311894008,2025-10-10 01:11:26
1,367,-0.4842468648093933,-0.28877012208133646,2025-10-10 01:11:26
1,368,-0.4861855362385242,-0.2885836735049221,2025-10-10 01:11:26
1,369,-0.48812385353959153,-0.2883959420380402,2025-10-10 01:11:26
1,370,-0.49006177410007434,-0.2882069035382816,2025-10-10 01:11:26
1,371,-0.4919992554068657,-0.2880165338524385,2025-10-10 01:11:26
1,372,-0.4939362550501479,-0.2878248088213379,2025-10-10 01:11:26
1,373,-0.49587273072721005,-0.28763170428462237,2025-10-10 01:11:26
1,374,-0.49780864024620475,-0.2874371960854796,2025-10-10 01:11:26
1,375,-0.4997439415298428,-0.28724126007531847,2025-10-10 01:11:26
1,376,-0.5016785926190236,-0.28704387211839405,2025-10-10 01:11:26
1,377,-0.5036125516763996,-0.2868450080963797,2025-10-10 01:11:26
1,378,-0.5055457769898727,-0.2866446439128874,2025-10-10 01:11:26
1,379,-0.5074782269760211,-0.2864427554979357,2025-10-10 01:11:26
1,380,-0.5094098601834548,-0.28623931881236525,2025-10-10 01:11:26
1,381,-0.5113406352960984,-0.2860343098522024,2025-10-10 01:11:26
1,382,-0.513270511136399,-0.28582770465296997,2025-10-10 01:11:26
1,383,-0.5151994466684584,-0.28561947929394566,2025-10-10 01:11:26
1,384,-0.5171274010010887,-0.2854096099023679,2025-10-10 01:11:26
1,385,-0.5190543333907881,-0.28519807265758884,2025-10-10 01:11:26
1,386,-0.5209802032446387,-0.2849848437951746,2025-10-10 01:11:26
1,387,-0.5229049701231218,-0.2847698996109521,2025-10-10 01:11:26
1,388,-0.5248285937428528,-0.2845532164650035,2025-10-10 01:11:26
1,389,-0.5267510339792333,-0.284334770785606,2025-10-10 01:11:26
1,390,-0.5286722508690186,-0.28411453907311945,2025-10-10 01:11:26
1,391,-0.530592204612803,-0.2838924979038193,2025-10-10 01:11:26
1,392,-0.5325108555774193,-0.28366862393367576,2025-10-10 01:11:26
1,393,-0.5344281642982531,-0.2834428939020789,2025-10-10 01:11:26
1,394,-0.5363440914814726,-0.2832152846355094,2025-10-10 01:11:26
1,395,-0.5382585980061714,-0.2829857730511544,2025-10-10 01:11:26
1,396,-0.5401716449264269,-0.28275433616046897,2025-10-10 01:11:26
1,397,-0.5420831934732717,-0.2825209510726818,2025-10-10 01:11:26
1,398,-0.5439932050565796,-0.2822855949982463,2025-10-10 01:11:26
1,399,-0.545901641266866,-0.28204824525223526,2025-10-10 01:11:26
1,400,-0.5478084638770033,-0.28180887925768056,2025-10-10 01:11:26
1,401,-0.5497136348438508,-0.2815674745488562,2025-10-10 01:11:26
1,402,-0.5516171163098008,-0.2813240087745053,2025-10-10 01:11:26
1,403,-0.5535188706042407,-0.28107845970101025,2025-10-10 01:11:26
1,404,-0.5554188602449316,-0.2808308052155062,2025-10-10 01:11:26
1,405,-0.5573170479393059,-0.28058102332893764,2025-10-10 01:11:26
1,406,-0.5592133965856825,-0.28032909217905755,2025-10-10 01:11:26
1,407,-0.561107869274402,-0.2800749900333688,2025-10-10 01:11:26
1,408,-0.5630004292888835,-0.2798186952920082,2025-10-10 01:11:26
1,409,-0.5648910401066024,-0.2795601864905725,2025-10-10 01:11:26
1,410,-0.5667796653999927,-0.27929944230288606,2025-10-10 01:11:26
1,411,-0.5686662690372732,-0.27903644154371027,2025-10-10 01:11:26
1,412,-0.5705508150832008,-0.2787711631713947,2025-10-10 01:11:26
1,413,-0.5724332677997511,-0.2785035862904692,2025-10-10 01:11:26
1,414,-0.5743135916467289,-0.27823369015417715,2025-10-10 01:11:26
1,415,-0.5761917512823099,-0.2779614541669503,2025-10-10 01:11:26
1,416,-0.5780677115635154,-0.2776868578868239,2025-10-10 01:11:26
1,417,-0.5799414375466221,-0.2774098810277929,2025-10-10 01:11:26
1,418,-0.5818128944875084,-0.27713050346210893,2025-10-10 01:11:26
1,419,-0.5836820478419399,-0.276848705222518,2025-10-10 01:11:26
1,420,-0.5855488632657959,-0.2765644665044385,2025-10-10 01:11:26
1,421,-0.5874133066152385,-0.27627776766808043,2025-10-10 01:11:26
1,422,-0.5892753439468271,-0.27598858924050473,2025-10-10 01:11:26
1,423,-0.5911349415175803,-0.2756969119176236,2025-10-10 01:11:26
1,424,-0.5929920657849871,-0.27540271656614124,2025-10-10 01:11:26
1,425,-0.5948466834069701,-0.27510598422543603,2025-10-10 01:11:26
1,426,-0.5966987612418031,-0.2748066961093828,2025-10-10 01:11:26
1,427,-0.598548266347984,-0.274504833608117,2025-10-10 01:11:26
1,428,-0.6003951659840678,-0.27420037828973953,2025-10-10 01:11:26
1,429,-0.6022394276084599,-0.2738933119019634,2025-10-10 01:11:26
1,430,-0.6040810188791728,-0.27358361637370204,2025-10-10 01:11:26
1,431,-0.6059199076535484,-0.2732712738165992,2025-10-10 01:11:26
1,432,-0.6077560619879494,-0.27295626652650185,2025-10-10 01:11:26
1,433,-0.6095894501374198,-0.27263857698487487,2025-10-10 01:11:26
1,434,-0.6114200405553191,-0.2723181878601594,2025-10-10 01:11:26
1,435,-0.6132478018929308,-0.271995082009074,2025-10-10 01:11:26
1,436,-0.6150727029990494,-0.27166924247786034,2025-10-10 01:11:26
1,437,-0.6168947129195457,-0.27134065250347206,2025-10-10 01:11:26
1,438,-0.6187138008969152,-0.2710092955147096,2025-10-10 01:11:26
1,439,-0.6205299363698097,-0.2706751551332997,2025-10-10 01:11:26
1,440,-0.6223430889725554,-0.27033821517492085,2025-10-10 01:11:26
1,441,-0.62415322853466,-0.2699984596501755,2025-10-10 01:11:26
1,442,-0.6259603250803091,-0.26965587276550923,2025-10-10 01:11:26
1,443,-0.6277643488278559,-0.26931043892407786,2025-10-10 01:11:26
1,444,-0.6295652701893054,-0.26896214272656327,2025-10-10 01:11:26
1,445,-0.6313630597697943,-0.26861096897193826,2025-10-10 01:11:26
1,446,-0.6331576883670701,-0.2682569026581819,2025-10-10 01:11:26
1,447,-0.6349491269709691,-0.2678999289829457,2025-10-10 01:11:26
1,448,-0.6367373467628967,-0.26754003334417126,2025-10-10 01:11:26
1,449,-0.6385223191153118,-0.2671772013406615,2025-10-10 01:11:26
1,450,-0.6403040155912144,-0.2668114187726045,2025-10-10 01:11:26
1,451,-0.6420824079436415,-0.2664426716420529,2025-10-10 01:11:26
1,452,-0.6438574681151695,-0.2660709461533582,2025-10-10 01:11:26
1,453,-0.6456291682374268,-0.2656962287135622,2025-10-10 01:11:26
1,454,-0.6473974806306161,-0.26531850593274586,2025-10-10 01:11:26
1,455,-0.6491623778030488,-0.2649377646243371,2025-10-10 01:11:26
1,456,-0.650923832450692,-0.2645539918053784,2025-10-10 01:11:26
1,457,-0.6526818174567292,-0.26416717469675544,2025-10-10 01:11:26
1,458,-0.6544363058911357,-0.2637773007233881,2025-10-10 01:11:26
1,459,-0.6561872710102692,-0.2633843575143849,2025-10-10 01:11:26
1,460,-0.6579346862564769,-0.2629883329031616,2025-10-10 01:11:26
1,461,-0.6596785252577191,-0.26258921492752646,2025-10-10 01:11:26
1,462,-0.6614187618272103,-0.262186991829732,2025-10-10 01:11:26
1,463,-0.6631553699630778,-0.26178165205649534,2025-10-10 01:11:26
1,464,-0.664888323848039,-0.2613731842589885,2025-10-10 01:11:26
1,465,-0.6666175978490964,-0.26096157729279934,2025-10-10 01:11:26
1,466,-0.6683431665172517,-0.26054682021786524,2025-10-10 01:11:26
1,467,-0.670065004587238,-0.2601289022983801,2025-10-10 01:11:26
1,468,-0.6717830869772711,-0.25970781300267676,2025-10-10 01:11:26
1,469,-0.6734973887888192,-0.25928354200308557,2025-10-10 01:11:26
1,470,-0.6752078853063905,-0.25885607917577086,2025-10-10 01:11:26
1,471,-0.6769145519973395,-0.25842541460054663,2025-10-10 01:11:26
1,472,-0.6786173645116902,-0.2579915385606726,2025-10-10 01:11:26
1,473,-0.6803162986819773,-0.25755444154263224,2025-10-10 01:11:26
1,474,-0.6820113305231036,-0.2571141142358943,2025-10-10 01:11:26
1,475,-0.6837024362322135,-0.25667054753265867,2025-10-10 01:11:26
1,476,-0.685389592188582,-0.2562237325275885,2025-10-10 01:11:26
1,477,-0.6870727749535184,-0.2557736605175297,2025-10-10 01:11:26
1,478,-0.6887519612702835,-0.25532032300121904,2025-10-10 01:11:26
1,479,-0.69042712806402,-0.2548637116789826,2025-10-10 01:11:26
1,480,-0.6920982524416944,-0.2544038184524253,2025-10-10 01:11:26
1,481,-0.6937653116920504,-0.25394063542411377,2025-10-10 01:11:26
1,482,-0.6954282832855709,-0.2534741548972524,2025-10-10 01:11:26
1,483,-0.6970871448744503,-0.25300436937535536,2025-10-10 01:11:26
1,484,-0.6987418742925726,-0.2525312715619151,2025-10-10 01:11:26
1,485,-0.7003924495554964,-0.25205485436006847,2025-10-10 01:11:26
1,486,-0.7020388488604447,-0.25157511087226164,2025-10-10 01:11:26
1,487,-0.7036810505862977,-0.25109203439991584,2025-10-10 01:11:26
1,488,-0.7053190332935885,-0.25060561844309387,2025-10-10 01:11:26
1,489,-0.7069527757244983,-0.2501158567001692,2025-10-10 01:11:26
1,490,-0.7085822568028518,-0.24962274306749865,2025-10-10 01:11:26
1,491,-0.7102074556341095,-0.2491262716390995,2025-10-10 01:11:26
1,492,-0.7118283515053565,-0.24862643670633242,2025-10-10 01:11:26
1,493,-0.7134449238852858,-0.24812323275759057,2025-10-10 01:11:26
1,494,-0.7150571524241746,-0.2476166544779966,2025-10-10 01:11:26
1,495,-0.7166650169538519,-0.24710669674910757,2025-10-10 01:11:26
1,496,-0.7182684974876561,-0.2465933546486293,2025-10-10 01:11:26
1,497,-0.7198675742203808,-0.24607662345014072,2025-10-10 01:11:26
1,498,-0.7214622275282073,-0.24555649862282883,2025-10-10 01:11:26
1,499,-0.7230524379686217,-0.24503297583123512,2025-10-10 01:11:26
1,500,-0.724638186280316,-0.24450605093501418,2025-10-10 01:11:26
1,501,-0.7262194533830704,-0.24397571998870476,2025-10-10 01:11:26
1,502,-0.7277962203776167,-0.24344197924151434,2025-10-10 01:11:26
1,503,-0.7293684685454795,-0.24290482513711706,2025-10-10 01:11:26
1,504,-0.7309361793487952,-0.2423642543134662,2025-10-10 01:11:26
1,505,-0.7324993344301055,-0.24182026360262082,2025-10-10 01:11:26
1,506,-0.7340579156121269,-0.2412728500305876,2025-10-10 01:11:26
1,507,-0.7356119048974906,-0.2407220108171775,2025-10-10 01:11:26
1,508,-0.7371612844684554,-0.24016774337587807,2025-10-10 01:11:26
1,509,-0.7387060366865891,-0.23961004531374108,2025-10-10 01:11:26
1,510,-0.7402461440924185,-0.23904891443128584,2025-10-10 01:11:26
1,511,-0.7417815894050473,-0.2384843487224182,2025-10-10 01:11:26
1,512,-0.7433123555217386,-0.23791634637436518,2025-10-10 01:11:26
1,513,-0.7448384255174622,-0.2373449057676252,2025-10-10 01:11:26
1,514,-0.7463597826444056,-0.23677002547593384,2025-10-10 01:11:26
1,515,-0.7478764103314469,-0.23619170426624472,2025-10-10 01:11:26
1,516,-0.7493882921835879,-0.2356099410987256,2025-10-10 01:11:26
1,517,-0.7508954119813486,-0.23502473512676922,2025-10-10 01:11:26
1,518,-0.7523977536801192,-0.23443608569701838,2025-10-10 01:11:26
1,519,-0.7538953014094713,-0.2338439923494053,2025-10-10 01:11:26
1,520,-0.7553880394724253,-0.23324845481720438,2025-10-10 01:11:26
1,521,-0.7568759523446745,-0.23264947302709793,2025-10-10 01:11:26
1,522,-0.7583590246737649,-0.23204704709925467,2025-10-10 01:11:26
1,523,-0.7598372412782294,-0.23144117734741984,2025-10-10 01:11:26
1,524,-0.7613105871466761,-0.2308318642790168,2025-10-10 01:11:26
1,525,-0.762779047436831,-0.23021910859525901,2025-10-10 01:11:26
1,526,-0.7642426074745329,-0.2296029111912719,2025-10-10 01:11:26
1,527,-0.7657012527526812,-0.2289832731562237,2025-10-10 01:11:26
1,528,-0.7671549689301363,-0.2283601957734645,2025-10-10 01:11:26
1,529,-0.7686037418305715,-0.2277336805206727,2025-10-10 01:11:26
1,530,-0.7700475574412765,-0.22710372907000767,2025-10-10 01:11:26
1,531,-0.7714864019119131,-0.2264703432882682,2025-10-10 01:11:26
1,532,-0.7729202615532214,-0.22583352523705513,2025-10-10 01:11:26
1,533,-0.7743491228356778,-0.2251932771729377,2025-10-10 01:11:26
1,534,-0.7757729723881044,-0.22454960154762232,2025-10-10 01:11:26
1,535,-0.7771917969962292,-0.22390250100812276,2025-10-10 01:11:26
1,536,-0.7786055836011987,-0.22325197839693056,2025-10-10 01:11:26
1,537,-0.7800143192980412,-0.2225980367521849,2025-10-10 01:11:26
1,538,-0.7814179913340831,-0.2219406793078403,2025-10-10 01:11:26
1,539,-0.7828165871073164,-0.22127990949383153,2025-10-10 01:11:26
1,540,-0.7842100941647199,-0.2206157309362341,2025-10-10 01:11:26
1,541,-0.7855985002005328,-0.21994814745741972,2025-10-10 01:11:26
1,542,-0.786981793054482,-0.21927716307620496,2025-10-10 01:11:26
1,543,-0.7883599607099637,-0.2186027820079923,2025-10-10 01:11:26
1,544,-0.7897329912921796,-0.21792500866490241,2025-10-10 01:11:26
1,545,-0.791100873066228,-0.21724384765589638,2025-10-10 01:11:26
1,546,-0.792463594435152,-0.21655930378688662,2025-10-10 01:11:26
1,547,-0.7938211439379435,-0.21587138206083548,2025-10-10 01:11:26
1,548,-0.7951735102475049,-0.21518008767784036,2025-10-10 01:11:26
1,549,-0.7965206821685699,-0.21448542603520415,2025-10-10 01:11:26
1,550,-0.7978626486355824,-0.21378740272748983,2025-10-10 01:11:26
1,551,-0.7991993987105369,-0.21308602354655817,2025-10-10 01:11:26
1,552,-0.8005309215807787,-0.21238129448158746,2025-10-10 01:11:26
1,553,-0.8018572065567671,-0.2116732217190742,2025-10-10 01:11:26
1,554,-0.8031782430698016,-0.21096181164281366,2025-10-10 01:11:26
1,555,-0.8044940206697118,-0.21024707083385927,2025-10-10 01:11:26
1,556,-0.8058045290225128,-0.20952900607046007,2025-10-10 01:11:26
1,557,-0.8071097579080271,-0.20880762432797498,2025-10-10 01:11:26
1,558,-0.8084096972174737,-0.20808293277876322,2025-10-10 01:11:26
1,559,-0.8097043369510255,-0.20735493879204983,2025-10-10 01:11:26
1,560,-0.8109936672153372,-0.20662364993376564,2025-10-10 01:11:26
1,561,-0.8122776782210432,-0.20588907396636075,2025-10-10 01:11:26
1,562,-0.8135563602802285,-0.2051512188485908,2025-10-10 01:11:26
1,563,-0.8148297038038719,-0.20441009273527552,2025-10-10 01:11:26
1,564,-0.8160976992992645,-0.20366570397702857,2025-10-10 01:11:26
1,565,-0.8173603373674038,-0.20291806111995847,2025-10-10 01:11:26
1,566,-0.8186176087003644,-0.20216717290533973,2025-10-10 01:11:26
1,567,-0.8198695040786469,-0.201413048269254,2025-10-10 01:11:26
1,568,-0.8211160143685067,-0.20065569634220048,2025-10-10 01:11:26
1,569,-0.8223571305192624,-0.1998951264486757,2025-10-10 01:11:26
1,570,-0.8235928435605875,-0.19913134810672162,2025-10-10 01:11:26
1,571,-0.8248231445997837,-0.19836437102744267,2025-10-10 01:11:26
1,572,-0.8260480248190392,-0.19759420511449088,2025-10-10 01:11:26
1,573,-0.8272674754726723,-0.19682086046351915,2025-10-10 01:11:26
1,574,-0.8284814878843619,-0.1960443473616028,2025-10-10 01:11:26
1,575,-0.8296900534443653,-0.1952646762866291,2025-10-10 01:11:26
1,576,-0.830893163606725,-0.19448185790665495,2025-10-10 01:11:26
1,577,-0.8320908098864666,-0.1936959030792329,2025-10-10 01:11:26
1,578,-0.8332829838567862,-0.19290682285070568,2025-10-10 01:11:26
1,579,-0.8344696771462323,-0.19211462845546926,2025-10-10 01:11:26
1,580,-0.8356508814358791,-0.19131933131520512,2025-10-10 01:11:26
1,581,-0.8368265884564956,-0.1905209430380818,2025-10-10 01:11:26
1,582,-0.8379967899857099,-0.18971947541792636,2025-10-10 01:11:26
1,583,-0.8391614778451704,-0.18891494043336596,2025-10-10 01:11:26
1,584,-0.8403206438977036,-0.1881073502469406,2025-10-10 01:11:26
1,585,-0.841474280044472,-0.1872967172041872,2025-10-10 01:11:26
1,586,-0.8426223782221305,-0.18648305383269573,2025-10-10 01:11:26
1,587,-0.8437649303999832,-0.18566637284113852,2025-10-10 01:11:26
1,588,-0.8449019285771426,-0.18484668711827298,2025-10-10 01:11:26
1,589,-0.8460333647796898,-0.1840240097319191,2025-10-10 01:11:26
1,590,-0.8471592310578384,-0.1831983539279121,2025-10-10 01:11:26
1,591,-0.8482795194831027,-0.18236973312903174,2025-10-10 01:11:26
1,592,-0.8493942221454698,-0.18153816093390876,2025-10-10 01:11:26
1,593,-0.8505033311505781,-0.18070365111590986,2025-10-10 01:11:26
1,594,-0.8516068386169012,-0.17986621762200214,2025-10-10 01:11:26
1,595,-0.8527047366729394,-0.1790258745715982,2025-10-10 01:11:26
1,596,-0.8537970174544186,-0.1781826362553829,2025-10-10 01:11:26
1,597,-0.8548836731014975,-0.17733651713412332,2025-10-10 01:11:26
1,598,-0.8559646957559837,-0.17648753183746288,2025-10-10 01:11:26
1,599,-0.8570400775585598,-0.17563569516270086,2025-10-10 01:11:26
1,600,-0.8581098106460194,-0.17478102207355897,2025-10-10 01:11:26
1,601,-0.8591738871485137,-0.17392352769893585,2025-10-10 01:11:26
1,602,-0.8602322991868094,-0.17306322733165125,2025-10-10 01:11:26
1,603,-0.861285038869559,-0.17220013642718096,2025-10-10 01:11:26
1,604,-0.8623320982905827,-0.17133427060238413,2025-10-10 01:11:26
1,605,-0.8633734695261636,-0.17046564563422412,2025-10-10 01:11:26
1,606,-0.864409144632356,-0.1695942774584846,2025-10-10 01:11:26
1,607,-0.8654391156423076,-0.16872018216848203,2025-10-10 01:11:26
1,608,-0.8664633745635955,-0.1678433760137762,2025-10-10 01:11:26
1,609,-0.867481913375577,-0.16696387539888002,2025-10-10 01:11:26
1,610,-0.868494724026756,-0.16608169688197028,2025-10-10 01:11:26
1,611,-0.8695017984321634,-0.16519685717360044,2025-10-10 01:11:26
1,612,-0.8705031284707545,-0.16430937313541719,2025-10-10 01:11:26
1,613,-0.8714987059828224,-0.16341926177888197,2025-10-10 01:11:26
1,614,-0.872488522767427,-0.16252654026399904,2025-10-10 01:11:26
1,615,-0.8734725705798418,-0.16163122589805115,2025-10-10 01:11:26
1,616,-0.8744508411290177,-0.16073333613434443,2025-10-10 01:11:26
1,617,-0.8754233260750637,-0.15983288857096384,2025-10-10 01:11:26
1,618,-0.8763900170267466,-0.15892990094954013,2025-10-10 01:11:26
1,619,-0.8773509055390079,-0.15802439115402997,2025-10-10 01:11:26
1,620,-0.8783059831104998,-0.15711637720951027,2025-10-10 01:11:26
1,621,-0.8792552411811403,-0.15620587728098778,2025-10-10 01:11:26
1,622,-0.8801986711296869,-0.15529290967222545,2025-10-10 01:11:26
1,623,-0.8811362642713302,-0.15437749282458624,2025-10-10 01:11:26
1,624,-0.8820680118553079,-0.15345964531589568,2025-10-10 01:11:26
1,625,-0.8829939050625385,-0.15253938585932425,2025-10-10 01:11:26
1,626,-0.8839139350032761,-0.15161673330229025,2025-10-10 01:11:26
1,627,-0.884828092714786,-0.1506917066253843,2025-10-10 01:11:26
1,628,-0.8857363691590421,-0.14976432494131622,2025-10-10 01:11:26
1,629,-0.8866387552204458,-0.14883460749388505,2025-10-10 01:11:26
1,630,-0.8875352417035675,-0.1479025736569731,2025-10-10 01:11:26
1,631,-0.8884258193309107,-0.14696824293356428,2025-10-10 01:11:26
1,632,-0.8893104787406995,-0.14603163495478794,2025-10-10 01:11:26
1,633,-0.8901892104846894,-0.14509276947898797,2025-10-10 01:11:26
1,634,-0.8910620050260024,-0.14415166639081836,2025-10-10 01:11:26
1,635,-0.8919288527369873,-0.1432083457003651,2025-10-10 01:11:26
1,636,-0.892789743897104,-0.14226282754229488,2025-10-10 01:11:26
1,637,-0.8936446686908348,-0.1413151321750311,2025-10-10 01:11:26
1,638,-0.8944936172056211,-0.14036527997995674,2025-10-10 01:11:26
1,639,-0.8953365794298278,-0.13941329146064485,2025-10-10 01:11:26
1,640,-0.8961735452507343,-0.13845918724211642,2025-10-10 01:11:26
1,641,-0.8970045044525545,-0.13750298807012534,2025-10-10 01:11:26
1,642,-0.8978294467144855,-0.13654471481047073,2025-10-10 01:11:26
1,643,-0.8986483616087851,-0.13558438844833615,2025-10-10 01:11:26
1,644,-0.8994612385988809,-0.13462203008765555,2025-10-10 01:11:26
1,645,-0.9002680670375092,-0.13365766095050557,2025-10-10 01:11:26
1,646,-0.9010688361648862,-0.1326913023765238,2025-10-10 01:11:26
1,647,-0.901863535106912,-0.13172297582235223,2025-10-10 01:11:26
1,648,-0.9026521528734075,-0.1307527028611059,2025-10-10 01:11:26
1,649,-0.9034346783563861,-0.12978050518186543,2025-10-10 01:11:26
1,650,-0.9042111003283604,-0.12880640458919318,2025-10-10 01:11:26
1,651,-0.9049814074406844,-0.12783042300267206,2025-10-10 01:11:26
1,652,-0.9057455882219341,-0.1268525824564661,2025-10-10 01:11:26
1,653,-0.9065036310763243,-0.12587290509890206,2025-10-10 01:11:26
1,654,-0.9072555242821657,-0.12489141319207077,2025-10-10 01:11:26
1,655,-0.9080012559903617,-0.12390812911144743,2025-10-10 01:11:26
1,656,-0.9087408142229458,-0.12292307534552963,2025-10-10 01:11:26
1,657,-0.9094741868716615,-0.12193627449549191,2025-10-10 01:11:26
1,658,-0.9102013616965848,-0.12094774927485563,2025-10-10 01:11:26
1,659,-0.9109223263247921,-0.11995752250917291,2025-10-10 01:11:26
1,660,-0.9116370682490722,-0.11896561713572325,2025-10-10 01:11:26
1,661,-0.9123455748266859,-0.11797205620322146,2025-10-10 01:11:26
1,662,-0.9130478332781726,-0.11697686287153544,2025-10-10 01:11:26
1,663,-0.9137438306862065,-0.11598006041141243,2025-10-10 01:11:26
1,664,-0.9144335539945021,-0.11498167220421199,2025-10-10 01:11:26
1,665,-0.9151169900067722,-0.11398172174164445,2025-10-10 01:11:26
1,666,-0.9157941253857372,-0.11298023262551297,2025-10-10 01:11:26
1,667,-0.9164649466521898,-0.11197722856745779,2025-10-10 01:11:26
1,668,-0.9171294401841134,-0.11097273338870083,2025-10-10 01:11:26
1,669,-0.9177875922158577,-0.10996677101978916,2025-10-10 01:11:26
1,670,-0.9184393888373721,-0.10895936550033553,2025-10-10 01:11:26
1,671,-0.9190848159934977,-0.10795054097875421,2025-10-10 01:11:26
1,672,-0.9197238594833199,-0.1069403217119906,2025-10-10 01:11:26
1,673,-0.9203565049595827,-0.10592873206524257,2025-10-10 01:11:26
1,674,-0.9209827379281657,-0.10491579651167224,2025-10-10 01:11:26
1,675,-0.9216025437476256,-0.10390153963210591,2025-10-10 01:11:26
1,676,-0.9222159076288036,-0.1028859861147209,2025-10-10 01:11:26
1,677,-0.9228228146344987,-0.10186916075471719,2025-10-10 01:11:26
1,678,-0.9234232496792105,-0.10085108845397245,2025-10-10 01:11:26
1,679,-0.9240171975289508,-0.09983179422067845,2025-10-10 01:11:26
1,680,-0.9246046428011261,-0.09881130316895737,2025-10-10 01:11:26
1,681,-0.9251855699644923,-0.09778964051845625,2025-10-10 01:11:26
1,682,-0.925759963339183,-0.09676683159391794,2025-10-10 01:11:26
1,683,-0.9263278070968123,-0.09574290182472692,2025-10-10 01:11:26
1,684,-0.9268890852606536,-0.09471787674442837,2025-10-10 01:11:26
1,685,-0.9274437817058956,-0.09369178199021905,2025-10-10 01:11:26
1,686,-0.9279918801599764,-0.09266464330240828,2025-10-10 01:11:26
1,687,-0.9285333642029976,-0.09163648652384773,2025-10-10 01:11:26
1,688,-0.929068217268219,-0.09060733759932843,2025-10-10 01:11:26
1,689,-0.9295964226426352,-0.08957722257494379,2025-10-10 01:11:26
1,690,-0.9301179634676351,-0.08854616759741704,2025-10-10 01:11:26
1,691,-0.9306328227397456,-0.08751419891339211,2025-10-10 01:11:26
1,692,-0.9311409833114606,-0.0864813428686865,2025-10-10 01:11:26
1,693,-0.9316424278921561,-0.08544762590750501,2025-10-10 01:11:26
1,694,-0.9321371390490926,-0.08441307457161339,2025-10-10 01:11:26
1,695,-0.932625099208505,-0.08337771549947061,2025-10-10 01:11:26
1,696,-0.9331062906567827,-0.08234157542531903,2025-10-10 01:11:26
1,697,-0.9335806955417388,-0.08130468117823138,2025-10-10 01:11:26
1,698,-0.9340482958739703,-0.08026705968111383,2025-10-10 01:11:26
1,699,-0.9345090735283098,-0.07922873794966438,2025-10-10 01:11:26
1,700,-0.9349630102453698,-0.07818974309128576,2025-10-10 01:11:26
1,701,-0.9354100876331793,-0.07715010230395247,2025-10-10 01:11:26
1,702,-0.9358502871689152,-0.07610984287503121,2025-10-10 01:11:26
1,703,-0.9362835902007264,-0.07506899218005435,2025-10-10 01:11:26
1,704,-0.9367099779496543,-0.07402757768144609,2025-10-10 01:11:26
1,705,-0.9371294315116472,-0.07298562692720095,2025-10-10 01:11:26
1,706,-0.9375419318596712,-0.07194316754951442,2025-10-10 01:11:26
1,707,-0.9379474598459167,-0.0709002272633657,2025-10-10 01:11:26
1,708,-0.9383459962041016,-0.06985683386505234,2025-10-10 01:11:26
1,709,-0.9387375215518713,-0.06881301523067702,2025-10-10 01:11:26
1,710,-0.9391220163932944,-0.06776879931458643,2025-10-10 01:11:26
1,711,-0.9394994611214567,-0.0667242141477625,2025-10-10 01:11:26
1,712,-0.9398698360211514,-0.06567928783616632,2025-10-10 01:11:26
1,713,-0.9402331212716667,-0.0646340485590351,2025-10-10 01:11:26
1,714,-0.9405892969496698,-0.06358852456713257,2025-10-10 01:11:26
1,715,-0.9409383430321879,-0.06254274418095344,2025-10-10 01:11:26
1,716,-0.9412802393996865,-0.06149673578888244,2025-10-10 01:11:26
1,717,-0.9416149658392423,-0.0604505278453087,2025-10-10 01:11:26
1,718,-0.9419425020478137,-0.059404148868696244,2025-10-10 01:11:26
1,719,-0.9422628276356061,-0.058357627439611384,2025-10-10 01:11:26
1,720,-0.9425759221295318,-0.057310992198707986,2025-10-10 01:11:26
1,721,-0.9428817649767652,-0.05626427184467157,2025-10-10 01:11:26
1,722,-0.9431803355483913,-0.05521749513212333,2025-10-10 01:11:26
1,723,-0.9434716131431473,-0.054170690869485144,2025-10-10 01:11:26
1,724,-0.9437555769912563,-0.05312388791680687,2025-10-10 01:11:26
1,725,-0.9440322062583533,-0.05207711518355711,2025-10-10 01:11:26
1,726,-0.9443014800495002,-0.05103040162637876,2025-10-10 01:11:26
1,727,-0.9445633774132919,-0.04998377624681078,2025-10-10 01:11:26
1,728,-0.9448178773460494,-0.04893726808897757,2025-10-10 01:11:26
1,729,-0.9450649587961011,-0.047890906237247434,2025-10-10 01:11:26
1,730,-0.9453046006681491,-0.04684471981386174,2025-10-10 01:11:26
1,731,-0.9455367818277213,-0.045798737976536275,2025-10-10 01:11:26
1,732,-0.9457614811057053,-0.04475298991603645,2025-10-10 01:11:26
1,733,-0.9459786773029658,-0.043707504853728055,2025-10-10 01:11:26
1,734,-0.9461883491950401,-0.04266231203910527,2025-10-10 01:11:26
1,735,-0.9463904755369146,-0.04161744074729758,2025-10-10 01:11:26
1,736,-0.9465850350678756,-0.0405729202765575,2025-10-10 01:11:26
1,737,-0.9467720065164378,-0.039528779945730834,2025-10-10 01:11:26
1,738,-0.9469513686053438,-0.038485049091711285,2025-10-10 01:11:26
1,739,-0.9471231000566366,-0.037441757066881264,2025-10-10 01:11:26
1,740,-0.9472871795968006,-0.0363989332365408,2025-10-10 01:11:26
1,741,-0.9474435859619705,-0.035356606976326393,2025-10-10 01:11:26
1,742,-0.9475922979032045,-0.034314807669621625,2025-10-10 01:11:26
1,743,-0.9477332941918216,-0.03327356470496159,2025-10-10 01:11:26
1,744,-0.9478665536247985,-0.03223290747343281,2025-10-10 01:11:26
1,745,-0.9479920550302263,-0.031192865366070747,2025-10-10 01:11:26
1,746,-0.9481097772728215,-0.0301534677712566,2025-10-10 01:11:26
1,747,-0.9482196992594921,-0.02911474407211542,2025-10-10 01:11:26
1,748,-0.9483217999449539,-0.02807672364391731,2025-10-10 01:11:26
1,749,-0.9484160583373953,-0.027039435851483586,2025-10-10 01:11:26
1,750,-0.9485024535041882,-0.026002910046599756,2025-10-10 01:11:26
1,751,-0.9485809645776417,-0.02496717556543708,2025-10-10 01:11:26
1,752,-0.948651570760797,-0.02393226172598454,2025-10-10 01:11:26
1,753,-0.9487142513332583,-0.02289819782549293,2025-10-10 01:11:26
1,754,-0.94876898565706,-0.021865013137932838,2025-10-10 01:11:26
1,755,-0.9488157531825651,-0.020832736911468173,2025-10-10 01:11:26
1,756,-0.9488545334543921,-0.019801398365946896,2025-10-10 01:11:26
1,757,-0.9488853061173685,-0.01877102669041058,2025-10-10 01:11:26
1,758,-0.948908050922507,-0.017741651040624362,2025-10-10 01:11:26
1,759,-0.9489227477330006,-0.016713300536628794,2025-10-10 01:11:26
1,760,-0.9489293765302359,-0.015686004260315096,2025-10-10 01:11:26
1,761,-0.9489279174198187,-0.014659791253025196,2025-10-10 01:11:26
1,762,-0.9489183506376104,-0.013634690513177986,2025-10-10 01:11:26
1,763,-0.9489006565557717,-0.012610730993923036,2025-10-10 01:11:26
1,764,-0.9488748156888097,-0.011587941600823097,2025-10-10 01:11:26
1,765,-0.9488408086996266,-0.010566351189566529,2025-10-10 01:11:26
1,766,-0.9487986164055646,-0.009545988563710852,2025-10-10 01:11:26
1,767,-0.9487482197844459,-0.008526882472458445,2025-10-10 01:11:26
1,768,-0.9486895999806029,-0.007509061608465434,2025-10-10 01:11:26
1,769,-0.9486227383108962,-0.0064925546056847135,2025-10-10 01:11:26
1,770,-0.9485476162707166,-0.005477390037243968,2025-10-10 01:11:26
1,771,-0.948464215539968,-0.004463596413359525,2025-10-10 01:11:26
1,772,-0.9483725179890272,-0.00345120217928677,2025-10-10 01:11:26
1,773,-0.9482725056846792,-0.0024402357133078032,2025-10-10 01:11:26
1,774,-0.948164160896022,-0.0014307253247569445,2025-10-10 01:11:26
1,775,-0.9480474661003392,-0.0004226992520846185,2025-10-10 01:11:26
1,776,-0.9479224039889373,0.0005838143390399109,2025-10-10 01:11:26
1,777,-0.9477889574729438,0.0015887873575865677,2025-10-10 01:11:26
1,778,-0.9476471096890619,0.002592191788982928,2025-10-10 01:11:26
1,779,-0.9474968440052811,0.003593999696892867,2025-10-10 01:11:26
1,780,-0.9473381440265383,0.004594183224955211,2025-10-10 01:11:26
1,781,-0.9471709936003261,0.005592714598482275,2025-10-10 01:11:26
1,782,-0.9469953768222471,0.006589566126118257,2025-10-10 01:11:26
1,783,-0.9468112780415094,0.007584710201457493,2025-10-10 01:11:26
1,784,-0.9466186818663603,0.008578119304622689,2025-10-10 01:11:26
1,785,-0.946417573169456,0.009569766003803272,2025-10-10 01:11:26
1,786,-0.9462079370931636,0.01055962295675411,2025-10-10 01:11:26
1,787,-0.9459897590547931,0.011547662912254845,2025-10-10 01:11:26
1,788,-0.9457630247517553,0.01253385871153026,2025-10-10 01:11:26
1,789,-0.9455277201666442,0.013518183289632026,2025-10-10 01:11:26
1,790,-0.9452838315722405,0.014500609676782352,2025-10-10 01:11:26
1,791,-0.9450313455364329,0.015481110999680053,2025-10-10 01:11:26
1,792,-0.9447702489270559,0.016459660482769624,2025-10-10 01:11:26
1,793,-0.9445005289166399,0.01743623144947396,2025-10-10 01:11:26
1,794,-0.9442221729870732,0.018410797323391452,2025-10-10 01:11:26
1,795,-0.9439351689341707,0.01938333162945813,2025-10-10 01:11:26
1,796,-0.9436395048721498,0.02035380799507576,2025-10-10 01:11:26
1,797,-0.9433351692380091,0.021322200151206613,2025-10-10 01:11:26
1,798,-0.9430221507958092,0.022288481933435893,2025-10-10 01:11:26
1,799,-0.9427004386408528,0.023252627283002692,2025-10-10 01:11:26
1,800,-0.9423700222037618,0.02421461024780044,2025-10-10 01:11:26
1,801,-0.9420308912544502,0.02517440498334788,2025-10-10 01:11:26
1,802,-0.9416830359059912,0.026131985753731567,2025-10-10 01:11:26
1,803,-0.9413264466183756,0.027087326932520993,2025-10-10 01:11:26
1,804,-0.9409611142021612,0.028040403003657382,2025-10-10 01:11:26
1,805,-0.9405870298220108,0.028991188562317322,2025-10-10 01:11:26
1,806,-0.9402041850001184,0.02993965831575235,2025-10-10 01:11:26
1,807,-0.9398125716195209,0.030885787084105644,2025-10-10 01:11:26
1,808,-0.9394121819272963,0.03182954980120703,2025-10-10 01:11:26
1,809,-0.9390030085376444,0.03277092151534747,2025-10-10 01:11:26
1,810,-0.9385850444348522,0.03370987739003422,2025-10-10 01:11:26
1,811,-0.9381582829761409,0.03464639270472796,2025-10-10 01:11:26
1,812,-0.9377227178943948,0.03558044285556299,2025-10-10 01:11:26
1,813,-0.9372783433007716,0.036512003356051786,2025-10-10 01:11:26
1,814,-0.9368251536871935,0.037441049837775166,2025-10-10 01:11:26
1,815,-0.9363631439287178,0.038367558051059215,2025-10-10 01:11:26
1,816,-0.9358923092857886,0.039291503865640245,2025-10-10 01:11:26
1,817,-0.9354126454063687,0.04021286327131898,2025-10-10 01:11:26
1,818,-0.9349241483279505,0.04113161237860515,2025-10-10 01:11:26
1,819,-0.9344268144794482,0.042047727419353705,2025-10-10 01:11:26
1,820,-0.9339206406829704,0.04296118474739381,2025-10-10 01:11:26
1,821,-0.9334056241554729,0.04387196083915181,2025-10-10 01:11:26
1,822,-0.9328817625102939,0.04478003229426921,2025-10-10 01:11:26
1,823,-0.9323490537585706,0.045685375836216915,2025-10-10 01:11:26
1,824,-0.9318074963105389,0.046587968312906694,2025-10-10 01:11:26
1,825,-0.9312570889767172,0.04748778669730102,2025-10-10 01:11:26
1,826,-0.9306978309689738,0.048384808088022285,2025-10-10 01:11:26
1,827,-0.9301297219014817,0.04927900970996239,2025-10-10 01:11:26
1,828,-0.9295527617915584,0.050170368914893695,2025-10-10 01:11:26
1,829,-0.9289669510603966,0.051058863182082255,2025-10-10 01:11:26
1,830,-0.9283722905336822,0.05194447011890428,2025-10-10 01:11:26
1,831,-0.9277687814421053,0.05282716746146663,2025-10-10 01:11:26
1,832,-0.9271564254217635,0.05370693307523221,2025-10-10 01:11:26
1,833,-0.92653522451446,0.054583744955651034,2025-10-10 01:11:26
1,834,-0.925905181167899,0.055457581228797743,2025-10-10 01:11:26
1,835,-0.9252662982357784,0.056328420152016175,2025-10-10 01:11:26
1,836,-0.9246185789777843,0.05719624011457177,2025-10-10 01:11:26
1,837,-0.9239620270594874,0.05806101963831235,2025-10-10 01:11:26
1,838,-0.9232966465521448,0.05892273737833786,2025-10-10 01:11:26
1,839,-0.9226224419324093,0.059781372123679545,2025-10-10 01:11:26
1,840,-0.9219394180819473,0.06063690279798916,2025-10-10 01:11:26
1,841,-0.9212475802869704,0.06148930846023844,2025-10-10 01:11:26
1,842,-0.9205469342376799,0.06233856830542941,2025-10-10 01:11:26
1,843,-0.9198374860276297,0.06318466166531572,2025-10-10 01:11:26
1,844,-0.9191192421530088,0.06402756800913537,2025-10-10 01:11:26
1,845,-0.9183922095118457,0.0648672669443549,2025-10-10 01:11:26
1,846,-0.9176563954031395,0.06570373821742555,2025-10-10 01:11:26
1,847,-0.9169118075259174,0.06653696171455102,2025-10-10 01:11:26
1,848,-0.9161584539782248,0.0673669174624675,2025-10-10 01:11:26
1,849,-0.9153963432560482,0.06819358562923539,2025-10-10 01:11:26
1,850,-0.9146254842521755,0.06901694652504327,2025-10-10 01:11:26
1,851,-0.9138458862549952,0.06983698060302357,2025-10-10 01:11:26
1,852,-0.9130575589472397,0.07065366846008014,2025-10-10 01:11:26
1,853,-0.9122605124046728,0.07146699083772742,2025-10-10 01:11:26
1,854,-0.9114547570947267,0.07227692862294104,2025-10-10 01:11:26
1,855,-0.9106403038750905,0.07308346284901954,2025-10-10 01:11:26
1,856,-0.9098171639922534,0.07388657469645706,2025-10-10 01:11:26
1,857,-0.9089853490800054,0.07468624549382645,2025-10-10 01:11:26
1,858,-0.9081448711578985,0.07548245671867261,2025-10-10 01:11:26
1,859,-0.9072957426296723,0.07627518999841543,2025-10-10 01:11:26
1,860,-0.9064379762816447,0.07706442711126207,2025-10-10 01:11:26
1,861,-0.9055715852810735,0.07785014998712796,2025-10-10 01:11:26
1,862,-0.9046965831744895,0.07863234070856591,2025-10-10 01:11:26
1,863,-0.9038129838860048,0.07941098151170295,2025-10-10 01:11:26
1,864,-0.9029208017155993,0.08018605478718405,2025-10-10 01:11:26
1,865,-0.9020200513373875,0.08095754308112221,2025-10-10 01:11:26
1,866,-0.9011107477978694,0.08172542909605422,2025-10-10 01:11:26
1,867,-0.9001929065141665,0.08248969569190134,2025-10-10 01:11:26
1,868,-0.8992665432722469,0.08325032588693418,2025-10-10 01:11:26
1,869,-0.8983316742251415,0.08400730285874095,2025-10-10 01:11:26
1,870,-0.8973883158911533,0.08476060994519839,2025-10-10 01:11:26
1,871,-0.8964364851520631,0.08551023064544451,2025-10-10 01:11:26
1,872,-0.8954761992513325,0.0862561486208522,2025-10-10 01:11:26
1,873,-0.8945074757923078,0.086998347696003,2025-10-10 01:11:26
1,874,-0.8935303327364261,0.08773681185966008,2025-10-10 01:11:26
1,875,-0.8925447884014254,0.08847152526573944,2025-10-10 01:11:26
1,876,-0.8915508614595609,0.0892024722342786,2025-10-10 01:11:26
1,877,-0.8905485709358298,0.08992963725240168,2025-10-10 01:11:26
1,878,-0.8895379362062054,0.09065300497528002,2025-10-10 01:11:26
1,879,-0.8885189769958816,0.09137256022708735,2025-10-10 01:11:26
1,880,-0.8874917133775315,0.0920882880019486,2025-10-10 01:11:26
1,881,-0.8864561657695789,0.09280017346488123,2025-10-10 01:11:26
1,882,-0.8854123549344849,0.09350820195272842,2025-10-10 01:11:26
1,883,-0.8843603019770518,0.09421235897508279,2025-10-10 01:11:26
1,884,-0.883300028342743,0.09491263021519988,2025-10-10 01:11:26
1,885,-0.8822315558160215,0.09560900153090042,2025-10-10 01:11:26
1,886,-0.8811549065187073,0.09630145895546031,2025-10-10 01:11:26
1,887,-0.8800701029083542,0.09698998869848749,2025-10-10 01:11:26
1,888,-0.8789771677766456,0.09767457714678453,2025-10-10 01:11:26
1,889,-0.8778761242478118,0.09835521086519627,2025-10-10 01:11:26
1,890,-0.8767669957770666,0.0990318765974413,2025-10-10 01:11:26
1,891,-0.8756498061490646,0.09970456126692645,2025-10-10 01:11:26
1,892,-0.8745245794763791,0.10037325197754347,2025-10-10 01:11:26
1,893,-0.8733913401979998,0.10103793601444681,2025-10-10 01:11:26
1,894,-0.8722501130778509,0.10169860084481173,2025-10-10 01:11:26
1,895,-0.8711009232033282,0.10235523411857185,2025-10-10 01:11:26
1,896,-0.869943795983855,0.10300782366913522,2025-10-10 01:11:26
1,897,-0.8687787571494561,0.10365635751407813,2025-10-10 01:11:26
1,898,-0.8676058327493501,0.10430082385581589,2025-10-10 01:11:26
1,899,-0.8664250491505565,0.10494121108224964,2025-10-10 01:11:26
1,900,-0.8652364330365195,0.10557750776738856,2025-10-10 01:11:26
1,901,-0.8640400114057453,0.10620970267194658,2025-10-10 01:11:26
1,902,-0.8628358115704521,0.10683778474391317,2025-10-10 01:11:26
1,903,-0.8616238611552324,0.10746174311909705,2025-10-10 01:11:26
1,904,-0.8604041880957244,0.10808156712164259,2025-10-10 01:11:26
1,905,-0.8591768206372922,0.10869724626451799,2025-10-10 01:11:26
1,906,-0.8579417873337126,0.10930877024997475,2025-10-10 01:11:26
1,907,-0.8566991170458668,0.10991612896997778,2025-10-10 01:11:26
1,908,-0.8554488389404347,0.1105193125066057,2025-10-10 01:11:26
1,909,-0.8541909824885906,0.1111183111324206,2025-10-10 01:11:26
1,910,-0.8529255774646979,0.11171311531080712,2025-10-10 01:11:26
1,911,-0.8516526539449999,0.11230371569627998,2025-10-10 01:11:26
1,912,-0.8503722423063058,0.11289010313475985,2025-10-10 01:11:26
1,913,-0.8490843732246687,0.11347226866381706,2025-10-10 01:11:26
1,914,-0.8477890776740536,0.1140502035128828,2025-10-10 01:11:26
1,915,-0.8464863869249933,0.1146238991034274,2025-10-10 01:11:26
1,916,-0.8451763325432284,0.11519334704910568,2025-10-10 01:11:26
1,917,-0.8438589463883309,0.11575853915586864,2025-10-10 01:11:26
1,918,-0.8425342606123076,0.1163194674220419,2025-10-10 01:11:26
1,919,-0.8412023076581809,0.11687612403837003,2025-10-10 01:11:26
1,920,-0.8398631202585445,0.11742850138802724,2025-10-10 01:11:26
1,921,-0.8385167314340916,0.11797659204659385,2025-10-10 01:11:26
1,922,-0.8371631744921129,0.1185203887819987,2025-10-10 01:11:26
1,923,-0.8358024830249613,0.1190598845544275,2025-10-10 01:11:26
1,924,-0.8344346909084817,0.1195950725161968,2025-10-10 01:11:26
1,925,-0.8330598323004017,0.12012594601159413,2025-10-10 01:11:26
1,926,-0.8316779416386828,0.1206524985766837,2025-10-10 01:11:26
1,927,-0.8302890536398272,0.12117472393907847,2025-10-10 01:11:26
1,928,-0.8288932032971392,0.12169261601767811,2025-10-10 01:11:26
1,929,-0.8274904258789384,0.12220616892237343,2025-10-10 01:11:26
1,930,-0.8260807569267211,0.12271537695371722,2025-10-10 01:11:26
1,931,-0.8246642322532695,0.12322023460256185,2025-10-10 01:11:26
1,932,-0.8232408879407043,0.1237207365496639,2025-10-10 01:11:26
1,933,-0.8218107603384797,0.124216877665256,2025-10-10 01:11:26
1,934,-0.8203738860613178,0.12470865300858636,2025-10-10 01:11:26
1,935,-0.8189303019870806,0.12519605782742613,2025-10-10 01:11:26
1,936,-0.8174800452545772,0.12567908755754523,2025-10-10 01:11:26
1,937,-0.8160231532613043,0.12615773782215686,2025-10-10 01:11:26
1,938,-0.8145596636611179,0.12663200443133119,2025-10-10 01:11:26
1,939,-0.8130896143618348,0.12710188338137865,2025-10-10 01:11:26
1,940,-0.8116130435227615,0.12756737085420353,2025-10-10 01:11:26
1,941,-0.8101299895521491,0.128028463216628,2025-10-10 01:11:26
1,942,-0.8086404911045724,0.12848515701968755,2025-10-10 01:11:26
1,943,-0.8071445870782323,0.12893744899789802,2025-10-10 01:11:26
1,944,-0.8056423166121803,0.12938533606849512,2025-10-10 01:11:26
1,945,-0.8041337190834621,0.1298288153306468,2025-10-10 01:11:26
1,946,-0.8026188341041813,0.13026788406463935,2025-10-10 01:11:26
1,947,-0.8010977015184819,0.13070253973103757,2025-10-10 01:11:26
1,948,-0.7995703613994473,0.13113277996982003,2025-10-10 01:11:26
1,949,-0.7980368540459164,0.13155860259948995,2025-10-10 01:11:26
1,950,-0.7964972199792167,0.13198000561616222,2025-10-10 01:11:26
1,951,-0.7949514999398118,0.1323969871926276,2025-10-10 01:11:26
1,952,-0.7933997348838653,0.13280954567739472,2025-10-10 01:11:26
1,953,-0.7918419659797196,0.13321767959371061,2025-10-10 01:11:26
1,954,-0.7902782346042901,0.13362138763856043,2025-10-10 01:11:26
1,955,-0.7887085823393752,0.13402066868164736,2025-10-10 01:11:26
1,956,-0.787133050967881,0.13441552176435337,2025-10-10 01:11:26
1,957,-0.785551682469963,0.13480594609868166,2025-10-10 01:11:26
1,958,-0.7839645190190843,0.13519194106618151,2025-10-10 01:11:26
1,959,-0.7823716029779908,0.13557350621685652,2025-10-10 01:11:26
1,960,-0.780772976894605,0.13595064126805678,2025-10-10 01:11:26
1,961,-0.779168683497839,0.13632334610335628,2025-10-10 01:11:26
1,962,-0.7775587656933275,0.1366916207714157,2025-10-10 01:11:26
1,963,-0.7759432665590833,0.13705546548483213,2025-10-10 01:11:26
1,964,-0.774322229341075,0.13741488061897608,2025-10-10 01:11:26
1,965,-0.7726956974487297,0.13776986671081673,2025-10-10 01:11:26
1,966,-0.7710637144503626,0.13812042445773637,2025-10-10 01:11:26
1,967,-0.769426324068534,0.13846655471633473,2025-10-10 01:11:26
1,968,-0.7677835701753368,0.13880825850122408,2025-10-10 01:11:26
1,969,-0.7661354967876169,0.139145536983816,2025-10-10 01:11:26
1,970,-0.7644821480621269,0.13947839149110042,2025-10-10 01:11:26
1,971,-0.7628235682906176,0.13980682350441814,2025-10-10 01:11:26
1,972,-0.7611598018948688,0.14013083465822718,2025-10-10 01:11:26
1,973,-0.7594908934216613,0.14045042673886407,2025-10-10 01:11:26
1,974,-0.7578168875376947,0.14076560168330088,2025-10-10 01:11:26
1,975,-0.7561378290244513,0.1410763615778986,2025-10-10 01:11:26
1,976,-0.7544537627730107,0.14138270865715769,2025-10-10 01:11:26
1,977,-0.7527647337788185,0.1416846453024667,2025-10-10 01:11:26
1,978,-0.7510707871364101,0.14198217404084962,2025-10-10 01:11:26
1,979,-0.7493719680340948,0.14227529754371268,2025-10-10 01:11:26
1,980,-0.7476683217486023,0.14256401862559123,2025-10-10 01:11:26
1,981,-0.7459598936396955,0.1428483402428977,2025-10-10 01:11:26
1,982,-0.7442467291447524,0.14312826549267096,2025-10-10 01:11:26
1,983,-0.7425288737733211,0.14340379761132818,2025-10-10 01:11:26
1,984,-0.740806373101651,0.14367493997341935,2025-10-10 01:11:26
1,985,-0.7390792727672041,0.14394169609038543,2025-10-10 01:11:26
1,986,-0.7373476184631497,0.14420406960932083,2025-10-10 01:11:26
1,987,-0.7356114559328457,0.1444620643117405,2025-10-10 01:11:26
1,988,-0.7338708309643118,0.14471568411235233,2025-10-10 01:11:26
1,989,-0.7321257893846954,0.14496493305783564,2025-10-10 01:11:26
1,990,-0.7303763770547372,0.14520981532562593,2025-10-10 01:11:26
1,991,-0.7286226398632375,0.14545033522270673,2025-10-10 01:11:26
1,992,-0.7268646237215283,0.14568649718440874,2025-10-10 01:11:26
1,993,-0.7251023745579545,0.14591830577321702,2025-10-10 01:11:26
1,994,-0.7233359383123679,0.1461457656775864,2025-10-10 01:11:26
1,995,-0.7215653609306377,0.14636888171076567,2025-10-10 01:11:26
1,996,-0.719790688359181,0.14658765880963115,2025-10-10 01:11:26
1,997,-0.7180119665395168,0.14680210203352936,2025-10-10 01:11:26
1,998,-0.7162292414028474,0.14701221656312993,2025-10-10 01:11:26
1,999,-0.7144425588646707,0.1472180076992885,2025-10-10 01:11:26
1,1000,-0.7126519648194263,0.14741948086192005,2025-10-10 01:11:26
1,1001,-0.7108575051351798,0.1476166415888831,2025-10-10 01:11:26
1,1002,-0.709059225648347,0.14780949553487477,2025-10-10 01:11:26
1,1003,-0.707257172158464,0.147998048470337,2025-10-10 01:11:26
1,1004,-0.7054513904230025,0.14818230628037418,2025-10-10 01:11:26
1,1005,-0.7036419261522382,0.14836227496368212,2025-10-10 01:11:26
1,1006,-0.7018288250041704,0.14853796063148897,2025-10-10 01:11:26
1,1007,-0.7000121325794999,0.1487093695065075,2025-10-10 01:11:26
1,1008,-0.6981918944166651,0.14887650792189944,2025-10-10 01:11:26
1,1009,-0.696368155986941,0.14903938232025155,2025-10-10 01:11:26
1,1010,-0.694540962689603,0.1491979992525636,2025-10-10 01:11:26
1,1011,-0.6927103598471571,0.14935236537724825,2025-10-10 01:11:26
1,1012,-0.690876392700641,0.14950248745914269,2025-10-10 01:11:26
1,1013,-0.689039106404997,0.1496483723685321,2025-10-10 01:11:26
1,1014,-0.6871985460245181,0.14979002708018485,2025-10-10 01:11:26
1,1015,-0.6853547565283725,0.14992745867239918,2025-10-10 01:11:26
1,1016,-0.6835077827862044,0.1500606743260614,2025-10-10 01:11:26
1,1017,-0.6816576695638159,0.1501896813237155,2025-10-10 01:11:26
1,1018,-0.6798044615189309,0.15031448704864356,2025-10-10 01:11:26
1,1019,-0.6779482031970419,0.1504350989839575,2025-10-10 01:11:26
1,1020,-0.6760889390273412,0.15055152471170113,2025-10-10 01:11:26
1,1021,-0.67422671331874,0.150663771911963,2025-10-10 01:11:26
1,1022,-0.672361570255972,0.1507718483619991,2025-10-10 01:11:26
1,1023,-0.6704935538957878,0.15087576193536573,2025-10-10 01:11:26
1,1024,-0.6686227081632371,0.15097552060106167,2025-10-10 01:11:26
1,1025,-0.6667490768480412,0.15107113242268,2025-10-10 01:11:26
1,1026,-0.6648727036010555,0.15116260555756833,2025-10-10 01:11:26
1,1027,-0.6629936319308242,0.15124994825599805,2025-10-10 01:11:26
1,1028,-0.6611119052002246,0.15133316886034145,2025-10-10 01:11:26
1,1029,-0.6592275666232046,0.1514122758042567,2025-10-10 01:11:26
1,1030,-0.6573406592616106,0.15148727761188027,2025-10-10 01:11:26
1,1031,-0.6554512260221071,0.1515581828970262,2025-10-10 01:11:26
1,1032,-0.6535593096531886,0.15162500036239193,2025-10-10 01:11:26
1,1033,-0.651664952742281,0.15168773879877023,2025-10-10 01:11:26
1,1034,-0.6497681977129343,0.15174640708426665,2025-10-10 01:11:26
1,1035,-0.6478690868221055,0.15180101418352218,2025-10-10 01:11:26
1,1036,-0.6459676621575305,0.15185156914694067,2025-10-10 01:11:26
1,1037,-0.6440639656351842,0.15189808110992023,2025-10-10 01:11:26
1,1038,-0.6421580389968281,0.15194055929208855,2025-10-10 01:11:26
1,1039,-0.6402499238076451,0.15197901299654135,2025-10-10 01:11:26
1,1040,-0.638339661453959,0.15201345160908347,2025-10-10 01:11:26
1,1041,-0.6364272931410382,0.1520438845974724,2025-10-10 01:11:26
1,1042,-0.634512859890982,0.15207032151066327,2025-10-10 01:11:26
1,1043,-0.632596402540689,0.15209277197805535,2025-10-10 01:11:26
1,1044,-0.630677961739904,0.15211124570873902,2025-10-10 01:11:26
1,1045,-0.628757577949344,0.15212575249074317,2025-10-10 01:11:26
1,1046,-0.6268352914389003,0.15213630219028224,2025-10-10 01:11:26
1,1047,-0.6249111422859157,0.1521429047510025,2025-10-10 01:11:26
1,1048,-0.6229851703735341,0.15214557019322725,2025-10-10 01:11:26
1,1049,-0.621057415389121,0.1521443086132001,2025-10-10 01:11:26
1,1050,-0.6191279168227534,0.15213913018232636,2025-10-10 01:11:26
1,1051,-0.6171967139657767,0.15213004514641143,2025-10-10 01:11:26
1,1052,-0.615263845909426,0.15211706382489654,2025-10-10 01:11:26
1,1053,-0.6133293515435106,0.15210019661009064,2025-10-10 01:11:26
1,1054,-0.6113932695551596,0.15207945396639858,2025-10-10 01:11:26
1,1055,-0.6094556384276247,0.1520548464295448,2025-10-10 01:11:26
1,1056,-0.6075164964391409,0.1520263846057924,2025-10-10 01:11:26
1,1057,-0.6055758816618398,0.15199407917115704,2025-10-10 01:11:26
1,1058,-0.6036338319607164,0.1519579408706153,2025-10-10 01:11:26
1,1059,-0.6016903849926436,0.15191798051730737,2025-10-10 01:11:26
1,1060,-0.599745578205436,0.1518742089917335,2025-10-10 01:11:26
1,1061,-0.5977994488369572,0.15182663724094392,2025-10-10 01:11:26
1,1062,-0.5958520339142714,0.15177527627772214,2025-10-10 01:11:26
1,1063,-0.5939033702528345,0.1517201371797612,2025-10-10 01:11:26
1,1064,-0.5919534944557243,0.15166123108883267,2025-10-10 01:11:26
1,1065,-0.5900024429129075,0.15159856920994808,2025-10-10 01:11:26
1,1066,-0.5880502518005397,0.1515321628105128,2025-10-10 01:11:26
1,1067,-0.5860969570802984,0.15146202321947205,2025-10-10 01:11:26
1,1068,-0.5841425944987458,0.15138816182644885,2025-10-10 01:11:26
1,1069,-0.5821871995867195,0.15131059008087383,2025-10-10 01:11:26
1,1070,-0.5802308076587489,0.15122931949110693,2025-10-10 01:11:26
1,1071,-0.5782734538124965,0.15114436162355063,2025-10-10 01:11:26
1,1072,-0.5763151729282207,0.15105572810175497,2025-10-10 01:11:26
1,1073,-0.5743559996682589,0.1509634306055141,2025-10-10 01:11:26
1,1074,-0.5723959684765304,0.15086748086995452,2025-10-10 01:11:26
1,1075,-0.5704351135780548,0.15076789068461496,2025-10-10 01:11:26
1,1076,-0.5684734689784867,0.15066467189251798,2025-10-10 01:11:26
1,1077,-0.5665110684636644,0.15055783638923326,2025-10-10 01:11:26
1,1078,-0.5645479455991704,0.15044739612193306,2025-10-10 01:11:26
1,1079,-0.5625841337299036,0.15033336308843948,2025-10-10 01:11:26
1,1080,-0.5606196659796605,0.15021574933626403,2025-10-10 01:11:26
1,1081,-0.5586545752507263,0.15009456696163967,2025-10-10 01:11:26
1,1082,-0.5566888942234718,0.14996982810854537,2025-10-10 01:11:26
1,1083,-0.5547226553559583,0.14984154496772362,2025-10-10 01:11:26
1,1084,-0.5527558908835473,0.14970972977569105,2025-10-10 01:11:26
1,1085,-0.5507886328185145,0.14957439481374246,2025-10-10 01:11:26
1,1086,-0.548820912949669,0.14943555240694867,2025-10-10 01:11:26
1,1087,-0.5468527628419741,0.1492932149231484,2025-10-10 01:11:26
1,1088,-0.5448842138361731,0.14914739477193467,2025-10-10 01:11:26
1,1089,-0.5429152970484149,0.14899810440363606,2025-10-10 01:11:26
1,1090,-0.5409460433698831,0.14884535630829318,2025-10-10 01:11:26
1,1091,-0.5389764834664263,0.14868916301463092,2025-10-10 01:11:26
1,1092,-0.5370066477781904,0.14852953708902683,2025-10-10 01:11:26
1,1093,-0.5350365665192509,0.1483664911344761,2025-10-10 01:11:26
1,1094,-0.5330662696772479,0.14820003778955368,2025-10-10 01:11:26
1,1095,-0.5310957870130221,0.14803018972737414,2025-10-10 01:11:26
1,1096,-0.529125148060252,0.1478569596545495,2025-10-10 01:11:26
1,1097,-0.527154382125094,0.147680360310146,2025-10-10 01:11:26
1,1098,-0.5251835182858237,0.14750040446463988,2025-10-10 01:11:26
1,1099,-0.5232125853924801,0.1473171049188732,2025-10-10 01:11:26
1,1100,-0.5212416120665134,0.14713047450301,2025-10-10 01:11:26
1,1101,-0.5192706267004367,0.14694052607549352,2025-10-10 01:11:26
1,1102,-0.5172996574574809,0.14674727252200487,2025-10-10 01:11:26
1,1103,-0.5153287322712561,0.1465507267544242,2025-10-10 01:11:26
1,1104,-0.5133578788454183,0.1463509017097945,2025-10-10 01:11:26
1,1105,-0.5113871246533428,0.14614781034928892,2025-10-10 01:11:26
1,1106,-0.5094164969378058,0.14594146565718225,2025-10-10 01:11:26
1,1107,-0.507446022710674,0.14573188063982703,2025-10-10 01:11:26
1,1108,-0.5054757287526046,0.14551906832463513,2025-10-10 01:11:26
1,1109,-0.5035056416127558,0.14530304175906525,2025-10-10 01:11:26
1,1110,-0.501535787608509,0.14508381400961706,2025-10-10 01:11:26
1,1111,-0.49956619282520437,0.1448613981608326,2025-10-10 01:11:26
1,1112,-0.4975968831158905,0.14463580731430553,2025-10-10 01:11:26
1,1113,-0.4956278841010899,0.14440705458769892,2025-10-10 01:11:26
1,1114,-0.4936592211685807,0.1441751531137721,2025-10-10 01:11:26
1,1115,-0.4916909194731968,0.14394011603941723,2025-10-10 01:11:26
1,1116,-0.4897230039366473,0.14370195652470613,2025-10-10 01:11:26
1,1117,-0.48775549924735623,0.1434606877419481,2025-10-10 01:11:26
1,1118,-0.4857884298603247,0.14321632287475897,2025-10-10 01:11:26
1,1119,-0.4838218199970161,0.14296887511714237,2025-10-10 01:11:26
1,1120,-0.4818556936452657,0.14271835767258337,2025-10-10 01:11:26
1,1121,-0.47989007455921634,0.14246478375315522,2025-10-10 01:11:26
1,1122,-0.4779249862592815,0.1422081665786397,2025-10-10 01:11:26
1,1123,-0.47596045203213644,0.1419485193756613,2025-10-10 01:11:26
1,1124,-0.47399649493073953,0.14168585537683617,2025-10-10 01:11:26
1,1125,-0.47203313777438427,0.14142018781993576,2025-10-10 01:11:26
1,1126,-0.47007040314878357,0.1411515299470659,2025-10-10 01:11:26
1,1127,-0.4681083134061876,0.14087989500386158,2025-10-10 01:11:26
1,1128,-0.46614689066553605,0.14060529623869789,2025-10-10 01:11:26
1,1129,-0.4641861568126462,0.1403277469019173,2025-10-10 01:11:26
1,1130,-0.4622261335004374,0.14004726024507372,2025-10-10 01:11:26
1,1131,-0.46026684214919356,0.1397638495201936,2025-10-10 01:11:26
1,1132,-0.45830830394686434,0.13947752797905433,2025-10-10 01:11:26
1,1133,-0.45635053984940566,0.13918830887248002,2025-10-10 01:11:26
1,1134,-0.4543935705811609,0.13889620544965514,2025-10-10 01:11:26
1,1135,-0.45243741663528336,0.13860123095745594,2025-10-10 01:11:26
1,1136,-0.45048209827420027,0.1383033986397998,2025-10-10 01:11:26
1,1137,-0.4485276355301199,0.13800272173701272,2025-10-10 01:11:26
1,1138,-0.4465740482055813,0.13769921348521502,2025-10-10 01:11:26
1,1139,-0.44462135587404816,0.13739288711572503,2025-10-10 01:11:26
1,1140,-0.4426695778805466,0.13708375585448118,2025-10-10 01:11:26
1,1141,-0.440718733342347,0.13677183292148204,2025-10-10 01:11:26
1,1142,-0.4387688411496911,0.13645713153024452,2025-10-10 01:11:26
1,1143,-0.43681991996656366,0.13613966488728008,2025-10-10 01:11:26
1,1144,-0.43487198823150897,0.1358194461915886,2025-10-10 01:11:26
1,1145,-0.4329250641584927,0.13549648863417005,2025-10-10 01:11:26
1,1146,-0.4309791657378083,0.13517080539755358,2025-10-10 01:11:26
1,1147,-0.42903431073702847,0.13484240965534375,2025-10-10 01:11:26
1,1148,-0.42709051670200066,0.1345113145717838,2025-10-10 01:11:26
1,1149,-0.4251478009578873,0.13417753330133542,2025-10-10 01:11:26
1,1150,-0.4232061806102494,0.13384107898827494,2025-10-10 01:11:26
1,1151,-0.4212656725461734,0.1335019647663053,2025-10-10 01:11:26
1,1152,-0.41932629343544087,0.13316020375818372,2025-10-10 01:11:26
1,1153,-0.4173880597317398,0.13281580907536428,2025-10-10 01:11:26
1,1154,-0.41545098767391747,0.13246879381765525,2025-10-10 01:11:26
1,1155,-0.4135150932872733,0.13211917107289048,2025-10-10 01:11:26
1,1156,-0.4115803923848913,0.13176695391661442,2025-10-10 01:11:26
1,1157,-0.4096469005690106,0.1314121554117803,2025-10-10 01:11:26
1,1158,-0.40771463323243357,0.13105478860846073,2025-10-10 01:11:26
1,1159,-0.4057836055599698,0.13069486654357013,2025-10-10 01:11:26
1,1160,-0.4038538325299148,0.13033240224059864,2025-10-10 01:11:26
1,1161,-0.40192532891556243,0.12996740870935652,2025-10-10 01:11:26
1,1162,-0.39999810928674917,0.12959989894572863,2025-10-10 01:11:26
1,1163,-0.39807218801142896,0.12922988593143803,2025-10-10 01:11:26
1,1164,-0.39614757925727734,0.1288573826338184,2025-10-10 01:11:26
1,1165,-0.3942242969933226,0.12848240200559424,2025-10-10 01:11:26
1,1166,-0.3923023549916033,0.1281049569846681,2025-10-10 01:11:26
1,1167,-0.3903817668288491,0.12772506049391433,2025-10-10 01:11:26
1,1168,-0.3884625458881845,0.1273427254409785,2025-10-10 01:11:26
1,1169,-0.3865447053608527,0.12695796471808146,2025-10-10 01:11:26
1,1170,-0.38462825824795815,0.12657079120182774,2025-10-10 01:11:26
1,1171,-0.38271321736222547,0.12618121775301697,2025-10-10 01:11:26
1,1172,-0.38079959532977353,0.12578925721645803,2025-10-10 01:11:26
1,1173,-0.37888740459190207,0.12539492242078468,2025-10-10 01:11:26
1,1174,-0.3769766574068886,0.1249982261782722,2025-10-10 01:11:26
1,1175,-0.37506736585179484,0.12459918128465412,2025-10-10 01:11:26
1,1176,-0.3731595418242787,0.1241978005189381,2025-10-10 01:11:26
1,1177,-0.3712531970444116,0.1237940966432204,2025-10-10 01:11:26
1,1178,-0.36934834305649794,0.12338808240249806,2025-10-10 01:11:26
1,1179,-0.3674449912308945,0.12297977052447784,2025-10-10 01:11:26
1,1180,-0.3655431527658288,0.1225691737193814,2025-10-10 01:11:26
1,1181,-0.36364283868921293,0.1221563046797458,2025-10-10 01:11:26
1,1182,-0.3617440598604516,0.12174117608021844,2025-10-10 01:11:26
1,1183,-0.35984682697224213,0.1213238005773461,2025-10-10 01:11:26
1,1184,-0.35795115055236437,0.12090419080935684,2025-10-10 01:11:26
1,1185,-0.35605704096545826,0.12048235939593442,2025-10-10 01:11:26
1,1186,-0.354164508414787,0.12005831893798437,2025-10-10 01:11:26
1,1187,-0.35227356294398443,0.11963208201739103,2025-10-10 01:11:26
1,1188,-0.35038421443878376,0.11920366119676507,2025-10-10 01:11:26
1,1189,-0.34849647262872635,0.11877306901918058,2025-10-10 01:11:26
1,1190,-0.3466103470888483,0.11834031800790143,2025-10-10 01:11:26
1,1191,-0.3447258472413434,0.117905420666096,2025-10-10 01:11:26
1,1192,-0.34284298235720007,0.11746838947653998,2025-10-10 01:11:26
1,1193,-0.3409617615578109,0.11702923690130664,2025-10-10 01:11:26
1,1194,-0.3390821938165532,0.11658797538144393,2025-10-10 01:11:26
1,1195,-0.3372042879603387,0.1161446173366382,2025-10-10 01:11:26
1,1196,-0.3353280526711307,0.1156991751648638,2025-10-10 01:11:26
1,1197,-0.33345349648742767,0.11525166124201854,2025-10-10 01:11:26
1,1198,-0.3315806278057113,0.11480208792154413,2025-10-10 01:11:26
1,1199,-0.3297094548818578,0.11435046753403184,2025-10-10 01:11:26
1,1200,-0.3278399858325117,0.11389681238681262,2025-10-10 01:11:26
1,1201,-0.32597222863641995,0.11344113476353164,2025-10-10 01:11:26
1,1202,-0.3241061911357258,0.112983446923707,2025-10-10 01:11:26
1,1203,-0.3222418810372218,0.11252376110227243,2025-10-10 01:11:26
1,1204,-0.32037930591355984,0.11206208950910368,2025-10-10 01:11:26
1,1205,-0.31851847320441834,0.11159844432852879,2025-10-10 01:11:26
1,1206,-0.31665939021762535,0.11113283771882189,2025-10-10 01:11:26
1,1207,-0.3148020641302369,0.11066528181168062,2025-10-10 01:11:26
1,1208,-0.3129465019895703,0.11019578871168717,2025-10-10 01:11:26
1,1209,-0.31109271071419103,0.10972437049575304,2025-10-10 01:11:26
1,1210,-0.309240697094854,0.10925103921254742,2025-10-10 01:11:26
1,1211,-0.30739046779539786,0.10877580688190962,2025-10-10 01:11:26
1,1212,-0.30554202935359237,0.10829868549424541,2025-10-10 01:11:26
1,1213,-0.30369538818193903,0.10781968700990772,2025-10-10 01:11:26
1,1214,-0.3018505505684245,0.10733882335856175,2025-10-10 01:11:26
1,1215,-0.30000752267722713,0.10685610643853496,2025-10-10 01:11:26
1,1216,-0.29816631054937615,0.10637154811615211,2025-10-10 01:11:26
1,1217,-0.2963269201033648,0.10588516022505581,2025-10-10 01:11:26
1,1218,-0.2944893571357168,0.10539695456551292,2025-10-10 01:11:26
1,1219,-0.29265362732150646,0.10490694290370725,2025-10-10 01:11:26
1,1220,-0.29081973621483426,0.1044151369710191,2025-10-10 01:11:26
1,1221,-0.28898768924925633,0.103921548463292,2025-10-10 01:11:26
1,1222,-0.2871574917381707,0.1034261890400873,2025-10-10 01:11:26
1,1223,-0.2853291488751593,0.10292907032392713,2025-10-10 01:11:26
1,1224,-0.28350266573428784,0.10243020389952645,2025-10-10 01:11:26
1,1225,-0.28167804727036333,0.10192960131301455,2025-10-10 01:11:26
1,1226,-0.2798552983191513,0.10142727407114699,2025-10-10 01:11:26
1,1227,-0.2780344235975529,0.1009232336405084,2025-10-10 01:11:26
1,1228,-0.27621542770374363,0.10041749144670704,2025-10-10 01:11:26
1,1229,-0.2743983151172741,0.09991005887356176,2025-10-10 01:11:26
1,1230,-0.27258309019913524,0.09940094726228212,2025-10-10 01:11:26
1,1231,-0.2707697571917883,0.09889016791064252,2025-10-10 01:11:26
1,1232,-0.26895832021916116,0.09837773207215111,2025-10-10 01:11:26
1,1233,-0.26714878328661285,0.09786365095521425,2025-10-10 01:11:26
1,1234,-0.26534115028086724,0.09734793572229748,2025-10-10 01:11:26
1,1235,-0.2635354249699177,0.09683059748908375,2025-10-10 01:11:26
1,1236,-0.2617316110029044,0.0963116473236298,2025-10-10 01:11:26
1,1237,-0.25992971190996517,0.09579109624552164,2025-10-10 01:11:26
1,1238,-0.25812973110206283,0.09526895522502993,2025-10-10 01:11:26
1,1239,-0.25633167187078926,0.0947452351822662,2025-10-10 01:11:26
1,1240,-0.2545355373881489,0.09421994698634086,2025-10-10 01:11:26
1,1241,-0.252741330706323,0.09369310145452378,2025-10-10 01:11:26
1,1242,-0.25094905475741636,0.09316470935140858,2025-10-10 01:11:26
1,1243,-0.2491587123531885,0.09263478138808125,2025-10-10 01:11:26
1,1244,-0.24737030618477088,0.09210332822129426,2025-10-10 01:11:26
1,1245,-0.2455838388223719,0.09157036045264702,2025-10-10 01:11:26
1,1246,-0.2437993127149716,0.09103588862777345,2025-10-10 01:11:26
1,1247,-0.2420167301900079,0.09049992323553775,2025-10-10 01:11:26
1,1248,-0.24023609345305588,0.08996247470723917,2025-10-10 01:11:26
1,1249,-0.23845740458750192,0.08942355341582665,2025-10-10 01:11:26
1,1250,-0.2366806655542148,0.08888316967512432,2025-10-10 01:11:26
1,1251,-0.23490587819121503,0.08834133373906845,2025-10-10 01:11:26
1,1252,-0.23313304421334435,0.08779805580095713,2025-10-10 01:11:26
1,1253,-0.2313621652119371,0.08725334599271302,2025-10-10 01:11:26
1,1254,-0.22959324265449488,0.08670721438416035,2025-10-10 01:11:26
1,1255,-0.22782627788436652,0.08615967098231676,2025-10-10 01:11:26
1,1256,-0.22606127212043453,0.0856107257307009,2025-10-10 01:11:26
1,1257,-0.22429822645680975,0.08506038850865635,2025-10-10 01:11:26
1,1258,-0.22253714186253581,0.08450866913069277,2025-10-10 01:11:26
1,1259,-0.22077801918130466,0.08395557734584487,2025-10-10 01:11:26
1,1260,-0.2190208591311845,0.08340112283704992,2025-10-10 01:11:26
1,1261,-0.21726566230436187,0.08284531522054443,2025-10-10 01:11:26
1,1262,-0.2155124291668987,0.08228816404528058,2025-10-10 01:11:26
1,1263,-0.21376116005850582,0.08172967879236309,2025-10-10 01:11:26
1,1264,-0.21201185519233406,0.08116986887450703,2025-10-10 01:11:26
1,1265,-0.21026451465478407,0.08060874363551701,2025-10-10 01:11:26
1,1266,-0.20851913840533567,0.08004631234978846,2025-10-10 01:11:26
1,1267,-0.20677572627639823,0.07948258422183122,2025-10-10 01:11:26
1,1268,-0.20503427797318227,0.07891756838581605,2025-10-10 01:11:26
1,1269,-0.20329479307359383,0.0783512739051444,2025-10-10 01:11:26
1,1270,-0.20155727102815182,0.07778370977204171,2025-10-10 01:11:26
1,1271,-0.19982171115992936,0.07721488490717476,2025-10-10 01:11:26
1,1272,-0.1980881126645195,0.07664480815929314,2025-10-10 01:11:26
1,1273,-0.1963564746100262,0.0760734883048953,2025-10-10 01:11:26
1,1274,-0.19462679593708054,0.07550093404791922,2025-10-10 01:11:26
1,1275,-0.192899075458883,0.07492715401945803,2025-10-10 01:11:26
1,1276,-0.19117331186127187,0.07435215677750064,2025-10-10 01:11:26
1,1277,-0.1894495037028181,0.0737759508066975,2025-10-10 01:11:26
1,1278,-0.18772764941494668,0.07319854451815165,2025-10-10 01:11:26
1,1279,-0.18600774730208477,0.072619946249235,2025-10-10 01:11:26
1,1280,-0.1842897955418364,0.07204016426342984,2025-10-10 01:11:26
1,1281,-0.1825737921851837,0.0714592067501957,2025-10-10 01:11:26
1,1282,-0.18085973515671483,0.07087708182486134,2025-10-10 01:11:26
1,1283,-0.17914762225487785,0.07029379752854188,2025-10-10 01:11:26
1,1284,-0.1774374511522606,0.06970936182808084,2025-10-10 01:11:26
1,1285,-0.17572921939589617,0.06912378261601704,2025-10-10 01:11:26
1,1286,-0.17402292440759348,0.06853706771057615,2025-10-10 01:11:26
1,1287,-0.17231856348429242,0.0679492248556866,2025-10-10 01:11:26
1,1288,-0.17061613379844318,0.06736026172101965,2025-10-10 01:11:26
1,1289,-0.16891563239840884,0.06677018590205341,2025-10-10 01:11:26
1,1290,-0.1672170562088908,0.06617900492016035,2025-10-10 01:11:26
1,1291,-0.16552040203137613,0.06558672622271812,2025-10-10 01:11:26
1,1292,-0.16382566654460615,0.06499335718324324,2025-10-10 01:11:26
1,1293,-0.16213284630506528,0.06439890510154737,2025-10-10 01:11:26
1,1294,-0.16044193774748922,0.06380337720391559,2025-10-10 01:11:26
1,1295,-0.15875293718539174,0.06320678064330645,2025-10-10 01:11:26
1,1296,-0.1570658408116087,0.06260912249957332,2025-10-10 01:11:26
1,1297,-0.1553806446988586,0.062010409779706385,2025-10-10 01:11:26
1,1298,-0.15369734480031827,0.06141064941809518,2025-10-10 01:11:26
1,1299,-0.15201593695021287,0.06080984827681076,2025-10-10 01:11:26
1,1300,-0.15033641686441881,0.06020801314590732,2025-10-10 01:11:26
1,1301,-0.14865878014107858,0.05960515074374255,2025-10-10 01:11:26
1,1302,-0.146983022261226,0.05900126771731635,2025-10-10 01:11:26
1,1303,-0.14530913858942107,0.05839637064262724,2025-10-10 01:11:26
1,1304,-0.1436371243743928,0.05779046602504598,2025-10-10 01:11:26
1,1305,-0.14196697474968897,0.057183560299705866,2025-10-10 01:11:26
1,1306,-0.1402986847343314,0.05657565983190909,2025-10-10 01:11:26
1,1307,-0.13863224923347559,0.05596677091754869,2025-10-10 01:11:26
1,1308,-0.13696766303907323,0.05535689978354542,2025-10-10 01:11:26
1,1309,-0.13530492083053658,0.05474605258829912,2025-10-10 01:11:26
1,1310,-0.1336440171754031,0.0541342354221539,2025-10-10 01:11:26
1,1311,-0.1319849465299994,0.053521454307876644,2025-10-10 01:11:26
1,1312,-0.13032770324010282,0.05290771520114832,2025-10-10 01:11:26
1,1313,-0.12867228154159982,0.052293023991067486,2025-10-10 01:11:26
1,1314,-0.1270186755611396,0.05167738650066548,2025-10-10 01:11:26
1,1315,-0.12536687931678198,0.051060808487432816,2025-10-10 01:11:26
1,1316,-0.12371688671863801,0.0504432956438562,2025-10-10 01:11:26
1,1317,-0.12206869156950258,0.04982485359796573,2025-10-10 01:11:26
1,1318,-0.1204222875654775,0.049205487913891725,2025-10-10 01:11:26
1,1319,-0.11877766829658418,0.04858520409243079,2025-10-10 01:11:26
1,1320,-0.1171348272473647,0.047964007571620566,2025-10-10 01:11:26
1,1321,-0.11549375779747033,0.047341903727322804,2025-10-10 01:11:26
1,1322,-0.11385445322223649,0.0467188978738143,2025-10-10 01:11:26
1,1323,-0.1122169066932431,0.0460949952643853,2025-10-10 01:11:26
1,1324,-0.11058111127885958,0.04547020109194496,2025-10-10 01:11:26
1,1325,-0.10894705994477359,0.044844520489633555,2025-10-10 01:11:26
1,1326,-0.10731474555450259,0.04421795853144103,2025-10-10 01:11:26
1,1327,-0.10568416086988769,0.04359052023283165,2025-10-10 01:11:26
1,1328,-0.10405529855156893,0.04296221055137435,2025-10-10 01:11:26
1,1329,-0.10242815115944146,0.04233303438737862,2025-10-10 01:11:26
1,1330,-0.10080271115309188,0.041702996584535613,2025-10-10 01:11:26
1,1331,-0.09917897089221454,0.041072101930564237,2025-10-10 01:11:26
1,1332,-0.09755692263700701,0.040440355157862116,2025-10-10 01:11:26
1,1333,-0.09593655854854448,0.039807760944161164,2025-10-10 01:11:26
1,1334,-0.09431787068913287,0.03917432391318763,2025-10-10 01:11:26
1,1335,-0.09270085102264021,0.03854004863532656,2025-10-10 01:11:26
1,1336,-0.09108549141480611,0.037904939628290536,2025-10-10 01:11:26
1,1337,-0.08947178363352937,0.03726900135779256,2025-10-10 01:11:26
1,1338,-0.08785971934913347,0.036632238238223175,2025-10-10 01:11:26
1,1339,-0.08624929013461007,0.03599465463333168,2025-10-10 01:11:26
1,1340,-0.08464048746584044,0.035356254856911525,2025-10-10 01:11:26
1,1341,-0.0830333027217952,0.03471704317348988,2025-10-10 01:11:26
1,1342,-0.08142772718471233,0.03407702379902141,2025-10-10 01:11:26
1,1343,-0.07982375204025384,0.03343620090158643,2025-10-10 01:11:26
1,1344,-0.07822136837764139,0.032794578602093415,2025-10-10 01:11:26
1,1345,-0.07662056718977134,0.0321521609749861,2025-10-10 01:11:26
1,1346,-0.07502133937330953,0.03150895204895524,2025-10-10 01:11:26
1,1347,-0.07342367572876644,0.030864955807655296,2025-10-10 01:11:26
1,1348,-0.07182756696055331,0.030220176190426072,2025-10-10 01:11:26
1,1349,-0.07023300367701972,0.029574617093019718,2025-10-10 01:11:26
1,1350,-0.06863997639047349,0.028928282368333162,2025-10-10 01:11:26
1,1351,-0.06704847551718358,0.0282811758271463,2025-10-10 01:11:26
1,1352,-0.06545849137736674,0.027633301238866176,2025-10-10 01:11:26
1,1353,-0.06387001419515884,0.026984662332277427,2025-10-10 01:11:26
1,1354,-0.062283034098571756,0.026335262796299323,2025-10-10 01:11:26
1,1355,-0.060697541119436794,0.025685106280749638,2025-10-10 01:11:26
1,1356,-0.059113525193335535,0.025034196397115724,2025-10-10 01:11:26
1,1357,-0.05753097615951924,0.02438253671933308,2025-10-10 01:11:26
1,1358,-0.055949883760817914,0.02373013078457177,2025-10-10 01:11:26
1,1359,-0.05437023764353997,0.023076982094031025,2025-10-10 01:11:26
1,1360,-0.05279202735736388,0.02242309411374234,2025-10-10 01:11:26
1,1361,-0.05121524235522271,0.02176847027538149,2025-10-10 01:11:26
1,1362,-0.049639871993183024,0.021113113977089745,2025-10-10 01:11:26
1,1363,-0.04806590553031913,0.020457028584304666,2025-10-10 01:11:26
1,1364,-0.046493332128584086,0.01980021743060086,2025-10-10 01:11:26
1,1365,-0.04492214085267867,0.01914268381854099,2025-10-10 01:11:26
1,1366,-0.04335232066991956,0.018484431020537456,2025-10-10 01:11:26
1,1367,-0.04178386045010808,0.017825462279725025,2025-10-10 01:11:26
1,1368,-0.04021674896540081,0.01716578081084478,2025-10-10 01:11:26
1,1369,-0.038650974890183286,0.016505389801139723,2025-10-10 01:11:26
1,1370,-0.037086526800948184,0.015844292411262326,2025-10-10 01:11:26
1,1371,-0.03552339317617931,0.015182491776194351,2025-10-10 01:11:26
1,1372,-0.033961562396242574,0.014519991006179239,2025-10-10 01:11:26
1,1373,-0.03240102274328544,0.013856793187667324,2025-10-10 01:11:26
1,1374,-0.03084176240114593,0.01319290138427416,2025-10-10 01:11:26
1,1375,-0.029283769455272626,0.012528318637752198,2025-10-10 01:11:26
1,1376,-0.027727031892656843,0.01186304796897604,2025-10-10 01:11:26
1,1377,-0.02617153760177822,0.011197092378941472,2025-10-10 01:11:26
1,1378,-0.02461727437256496,0.01053045484977848,2025-10-10 01:11:26
1,1379,-0.023064229896369914,0.00986313834577839,2025-10-10 01:11:26
1,1380,-0.02151239176596365,0.0091951458144353,2025-10-10 01:11:26
1,1381,-0.019961747475545643,0.00852648018750188,2025-10-10 01:11:26
1,1382,-0.01841228442077472,0.007857144382059674,2025-10-10 01:11:26
1,1383,-0.01686398989881976,0.007187141301603932,2025-10-10 01:11:26
1,1384,-0.015316851108431728,0.006516473837143018,2025-10-10 01:11:26
1,1385,-0.013770855150038008,0.0058451448683123994,2025-10-10 01:11:26
1,1386,-0.012225989025859956,0.005173157264503192,2025-10-10 01:11:26
1,1387,-0.010682239640054603,0.0045005138860052035,2025-10-10 01:11:26
1,1388,-0.009139593798881318,0.003827217585164384,2025-10-10 01:11:26
1,1389,-0.007598038210894276,0.0031532712075545773,2025-10-10 01:11:26
1,1390,-0.006057559487161425,0.0024786775931634054,2025-10-10 01:11:26
1,1391,-0.004518144141510699,0.0018034395775921122,2025-10-10 01:11:26
1,1392,-0.0029797785908040894,0.0011275599932691438,2025-10-10 01:11:26
1,1393,-0.0014424491552401724,0.00045104167067721755,2025-10-10 01:11:26
1,1394,9.38579413143762e-05,-0.00022611256040641116,2025-10-10 01:11:26
1,1395,0.0016291565709638032,-0.0009038998696567986,2025-10-10 01:11:26
1,1396,0.0031634607013924215,-0.0015823174249356355,2025-10-10 01:11:26
1,1397,0.004696784395443514,-0.0022613623910134276,2025-10-10 01:11:26
1,1398,0.006229141810667699,-0.002941031928279959,2025-10-10 01:11:26
1,1399,0.0077605471988405235,-0.003621323191443488,2025-10-10 01:11:26
1,1400,0.009291014905449087,-0.004302233328219167,2025-10-10 01:11:26
1,1401,0.010820559369147595,-0.004983759478007206,2025-10-10 01:11:26
1,1402,0.01234919512118176,-0.005665898770561329,2025-10-10 01:11:26
1,1403,0.013876936784782069,-0.00634864832464812,2025-10-10 01:11:26
1,1404,0.015403799074525958,-0.007032005246697853,2025-10-10 01:11:26
1,1405,0.016929796795669014,-0.0077159666294474745,2025-10-10 01:11:26
1,1406,0.01845494484344537,-0.008400529550576397,2025-10-10 01:11:26
1,1407,0.01997925820233754,-0.009085691071335823,2025-10-10 01:11:26
1,1408,0.021502751945315954,-0.009771448235172302,2025-10-10 01:11:26
1,1409,0.02302544123304856,-0.010457798066346322,2025-10-10 01:11:26
1,1410,0.024547341313080836,-0.011144737568546677,2025-10-10 01:11:26
1,1411,0.02606846751898673,-0.01183226372350144,2025-10-10 01:11:26
1,1412,0.027588835269490953,-0.01252037348958636,2025-10-10 01:11:26
1,1413,0.029108460067563194,-0.013209063800431547,2025-10-10 01:11:26
1,1414,0.03062735749948486,-0.013898331563527298,2025-10-10 01:11:26
1,1415,0.03214554323388894,-0.014588173658829964,2025-10-10 01:11:26
1,1416,0.03366303302077371,-0.015278586937368766,2025-10-10 01:11:26
1,1417,0.035179842690490945,-0.01596956821985447,2025-10-10 01:11:26
1,1418,0.03669598815270943,-0.016661114295290866,2025-10-10 01:11:26
1,1419,0.038211485395354544,-0.017353221919589983,2025-10-10 01:11:26
1,1420,0.039726350483524776,-0.018045887814192016,2025-10-10 01:11:26
1,1421,0.04124059955838593,-0.018739108664690907,2025-10-10 01:11:26
1,1422,0.042754248836044006,-0.019432881119466575,2025-10-10 01:11:26
1,1423,0.044267314606397594,-0.020127201788324736,2025-10-10 01:11:26
1,1424,0.04577981323197076,-0.02082206724114533,2025-10-10 01:11:26
1,1425,0.04729176114672732,-0.021517474006540492,2025-10-10 01:11:26
1,1426,0.048803174854867515,-0.022213418570523093,2025-10-10 01:11:26
1,1427,0.050314070929608025,-0.02290989737518677,2025-10-10 01:11:26
1,1428,0.051824466011946325,-0.02360690681739844,2025-10-10 01:11:26
1,1429,0.05333437680941042,-0.02430444324750429,2025-10-10 01:11:26
1,1430,0.05484382009479489,-0.02500250296805012,2025-10-10 01:11:26
1,1431,0.05635281270488428,-0.02570108223251705,2025-10-10 01:11:26
1,1432,0.05786137153916489,-0.026400177244073494,2025-10-10 01:11:26
1,1433,0.0593695135585259,-0.027099784154344293,2025-10-10 01:11:26
1,1434,0.060877255783950805,-0.02779989906219793,2025-10-10 01:11:26
1,1435,0.06238461529520025,-0.02850051801255271,2025-10-10 01:11:26
1,1436,0.06389160922948711,-0.029201636995202725,2025-10-10 01:11:26
1,1437,0.06539825478014485,-0.02990325194366448,2025-10-10 01:11:26
1,1438,0.06690456919529009,-0.030605358734044946,2025-10-10 01:11:26
1,1439,0.06841056977648026,-0.03130795318393189,2025-10-10 01:11:26
1,1440,0.06991627387736726,-0.032011031051307155,2025-10-10 01:11:26
1,1441,0.07142169890234805,-0.03271458803348368,2025-10-10 01:11:26
1,1442,0.07292686230521281,-0.03341861976606693,2025-10-10 01:11:26
1,1443,0.07443178158779179,-0.03412312182194143,2025-10-10 01:11:26
1,1444,0.07593647429860127,-0.03482808971028298,2025-10-10 01:11:26
1,1445,0.07744095803148972,-0.03553351887559717,2025-10-10 01:11:26
1,1446,0.0789452504242845,-0.03623940469678481,2025-10-10 01:11:26
1,1447,0.08044936915744014,-0.03694574248623469,2025-10-10 01:11:26
1,1448,0.0819533319526884,-0.037652527488944224,2025-10-10 01:11:26
1,1449,0.08345715657169113,-0.03835975488166844,2025-10-10 01:11:26
1,1450,0.08496086081469605,-0.039067419772097656,2025-10-10 01:11:26
1,1451,0.0864644625191962,-0.03977551719806419,2025-10-10 01:11:26
1,1452,0.08796797955859345,-0.040484042126778544,2025-10-10 01:11:26
1,1453,0.08947142984086628,-0.041192989454095164,2025-10-10 01:11:26
1,1454,0.09097483130724246,-0.04190235400380817,2025-10-10 01:11:26
1,1455,0.09247820193087661,-0.042612130526977106,2025-10-10 01:11:26
1,1456,0.0939815597155331,-0.043322313701282936,2025-10-10 01:11:26
1,1457,0.09548492269427436,-0.04403289813041437,2025-10-10 01:11:26
1,1458,0.09698830892815472,-0.0447438783434845,2025-10-10 01:11:26
1,1459,0.09849173650491987,-0.04545524879447789,2025-10-10 01:11:26
1,1460,0.09999522353771204,-0.04616700386172791,2025-10-10 01:11:26
1,1461,0.10149878816378068,-0.046879137847424375,2025-10-10 01:11:26
1,1462,0.1030024485431987,-0.04759164497715126,2025-10-10 01:11:26
1,1463,0.10450622285758414,-0.04830451939945436,2025-10-10 01:11:26
1,1464,0.10601012930882686,-0.049017755185438695,2025-10-10 01:11:26
1,1465,0.10751418611782035,-0.04973134632839528,2025-10-10 01:11:26
1,1466,0.109018411523198,-0.050445286743457135,2025-10-10 01:11:26
1,1467,0.11052282378007375,-0.05115957026728404,2025-10-10 01:11:26
1,1468,0.11202744115878657,-0.051874190657775654,2025-10-10 01:11:26
1,1469,0.11353228194364837,-0.05258914159381267,2025-10-10 01:11:26
1,1470,0.1150373644316948,-0.0533044166750254,2025-10-10 01:11:26
1,1471,0.11654270693143855,-0.05402000942158933,2025-10-10 01:11:26
1,1472,0.11804832776162434,-0.05473591327404716,2025-10-10 01:11:26
1,1473,0.11955424524998515,-0.055452121593156635,2025-10-10 01:11:26
1,1474,0.12106047773199895,-0.05616862765976359,2025-10-10 01:11:26
1,1475,0.12256704354964523,-0.056885424674699585,2025-10-10 01:11:26
1,1476,0.12407396105016064,-0.05760250575870337,2025-10-10 01:11:26
1,1477,0.12558124858479283,-0.05831986395236554,2025-10-10 01:11:26
1,1478,0.12708892450755196,-0.05903749221609558,2025-10-10 01:11:26
1,1479,0.1285970071739587,-0.05975538343011055,2025-10-10 01:11:26
1,1480,0.13010551493978811,-0.06047353039444455,2025-10-10 01:11:26
1,1481,0.13161446615980849,-0.06119192582897831,2025-10-10 01:11:26
1,1482,0.13312387918651414,-0.06191056237348779,2025-10-10 01:11:26
1,1483,0.1346337723688514,-0.06262943258771121,2025-10-10 01:11:26
1,1484,0.13614416405093674,-0.06334852895143342,2025-10-10 01:11:26
1,1485,0.1376550725707661,-0.06406784386458679,2025-10-10 01:11:26
1,1486,0.13916651625891452,-0.06478736964736777,2025-10-10 01:11:26
1,1487,0.14067851343722526,-0.06550709854036807,2025-10-10 01:11:26
1,1488,0.14219108241748699,-0.06622702270471961,2025-10-10 01:11:26
1,1489,0.1437042415000986,-0.06694713422225232,2025-10-10 01:11:26
1,1490,0.14521800897272055,-0.06766742509566377,2025-10-10 01:11:26
1,1491,0.14673240310891145,-0.06838788724869975,2025-10-10 01:11:26
1,1492,0.1482474421667495,-0.06910851252634483,2025-10-10 01:11:26
1,1493,0.14976314438743754,-0.06982929269502197,2025-10-10 01:11:26
1,1494,0.15127952799389066,-0.07055021944280025,2025-10-10 01:11:26
1,1495,0.152796611189306,-0.0712712843796097,2025-10-10 01:11:26
1,1496,0.15431441215571337,-0.07199247903746243,2025-10-10 01:11:26
1,1497,0.15583294905250614,-0.07271379487067914,2025-10-10 01:11:26
1,1498,0.15735224001495146,-0.07343522325611995,2025-10-10 01:11:26
1,1499,0.1588723031526792,-0.07415675549341888,2025-10-10 01:11:26
1,1500,0.16039315654814867,-0.07487838280522094,2025-10-10 01:11:26
1,1501,0.16191481825509263,-0.07560009633742114,2025-10-10 01:11:26
1,1502,0.16343730629693776,-0.07632188715940441,2025-10-10 01:11:26
1,1503,0.16496063866520114,-0.07704374626428585,2025-10-10 01:11:26
1,1504,0.16648483331786204,-0.0777656645691503,2025-10-10 01:11:26
1,1505,0.16800990817770858,-0.07848763291529058,2025-10-10 01:11:26
1,1506,0.16953588113065887,-0.07920964206844389,2025-10-10 01:11:26
1,1507,0.17106277002405593,-0.07993168271902519,2025-10-10 01:11:26
1,1508,0.17259059266493648,-0.08065374548235744,2025-10-10 01:11:26
1,1509,0.17411936681827295,-0.0813758208988977,2025-10-10 01:11:26
1,1510,0.17564911020518856,-0.08209789943445861,2025-10-10 01:11:26
1,1511,0.17717984050114546,-0.0828199714804249,2025-10-10 01:11:26
1,1512,0.17871157533410556,-0.08354202735396403,2025-10-10 01:11:26
1,1513,0.1802443322826642,-0.08426405729823079,2025-10-10 01:11:26
1,1514,0.18177812887415665,-0.08498605148256538,2025-10-10 01:11:26
1,1515,0.18331298258273737,-0.08570800000268447,2025-10-10 01:11:26
1,1516,0.1848489108274325,-0.08642989288086497,2025-10-10 01:11:26
1,1517,0.18638593097016543,-0.08715172006612025,2025-10-10 01:11:26
1,1518,0.187924060313756,-0.08787347143436842,2025-10-10 01:11:26
1,1519,0.18946331609989364,-0.08859513678859263,2025-10-10 01:11:26
1,1520,0.19100371550708478,-0.08931670585899303,2025-10-10 01:11:26
1,1521,0.1925452756485752,-0.09003816830313044,2025-10-10 01:11:26
1,1522,0.1940880135702477,-0.09075951370606161,2025-10-10 01:11:26
1,1523,0.19563194624849592,-0.09148073158046592,2025-10-10 01:11:26
1,1524,0.19717709058807478,-0.09220181136676373,2025-10-10 01:11:26
1,1525,0.19872346341992866,-0.09292274243322626,2025-10-10 01:11:26
1,1526,0.20027108149899783,-0.09364351407607739,2025-10-10 01:11:26
1,1527,0.20181996150200412,-0.09436411551958715,2025-10-10 01:11:26
1,1528,0.20337012002521704,-0.09508453591615741,2025-10-10 01:11:26
1,1529,0.204921573582201,-0.0958047643464,2025-10-10 01:11:26
1,1530,0.20647433860154513,-0.09652478981920741,2025-10-10 01:11:26
1,1531,0.20802843142457644,-0.09724460127181647,2025-10-10 01:11:26
1,1532,0.209583868303058,-0.09796418756986552,2025-10-10 01:11:26
1,1533,0.21114066539687296,-0.09868353750744537,2025-10-10 01:11:26
1,1534,0.21269883877169604,-0.0994026398071445,2025-10-10 01:11:26
1,1535,0.21425840439665383,-0.10012148312008921,2025-10-10 01:11:26
1,1536,0.21581937814197522,-0.100840056025979,2025-10-10 01:11:26
1,1537,0.21738177577663337,-0.101558347033118,2025-10-10 01:11:26
1,1538,0.21894561296598114,-0.10227634457844308,2025-10-10 01:11:26
1,1539,0.22051090526938094,-0.10299403702754902,2025-10-10 01:11:26
1,1540,0.22207766813783109,-0.1037114126747119,2025-10-10 01:11:26
1,1541,0.22364591691159005,-0.10442845974291107,2025-10-10 01:11:26
1,1542,0.22521566681780034,-0.1051451663838506,2025-10-10 01:11:26
1,1543,0.22678693296811359,-0.10586152067798109,2025-10-10 01:11:26
1,1544,0.22835973035631882,-0.10657751063452256,2025-10-10 01:11:26
1,1545,0.22993407385597514,-0.10729312419148931,2025-10-10 01:11:26
1,1546,0.23150997821805125,-0.10800834921571763,2025-10-10 01:11:26
1,1547,0.23308745806857287,-0.10872317350289722,2025-10-10 01:11:26
1,1548,0.23466652790628037,-0.10943758477760739,2025-10-10 01:11:26
1,1549,0.23624720210029798,-0.11015157069335872,2025-10-10 01:11:26
1,1550,0.23782949488781668,-0.11086511883264143,2025-10-10 01:11:26
1,1551,0.23941342037179225,-0.11157821670698116,2025-10-10 01:11:26
1,1552,0.24099899251866044,-0.11229085175700335,2025-10-10 01:11:26
1,1553,0.24258622515607087,-0.11300301135250707,2025-10-10 01:11:26
1,1554,0.24417513197064145,-0.11371468279254938,2025-10-10 01:11:26
1,1555,0.24576572650573514,-0.1144258533055412,2025-10-10 01:11:26
1,1556,0.24735802215926042,-0.11513651004935564,2025-10-10 01:11:26
1,1557,0.24895203218149753,-0.11584664011144989,2025-10-10 01:11:26
1,1558,0.2505477696729518,-0.11655623050900162,2025-10-10 01:11:26
1,1559,0.2521452475822357,-0.11726526818906081,2025-10-10 01:11:26
1,1560,0.2537444787039816,-0.11797374002871826,2025-10-10 01:11:26
1,1561,0.25534547567678567,-0.11868163283529135,2025-10-10 01:11:26
1,1562,0.2569482509811859,-0.11938893334652843,2025-10-10 01:11:26
1,1563,0.25855281693767435,-0.12009562823083259,2025-10-10 01:11:26
1,1564,0.26015918570474544,-0.12080170408750567,2025-10-10 01:11:26
1,1565,0.26176736927698213,-0.1215071474470137,2025-10-10 01:11:26
1,1566,0.26337737948318,-0.12221194477127441,2025-10-10 01:11:26
1,1567,0.2649892279845119,-0.12291608245396782,2025-10-10 01:11:26
1,1568,0.2666029262727327,-0.12361954682087074,2025-10-10 01:11:26
1,1569,0.2682184856684267,-0.12432232413021603,2025-10-10 01:11:26
1,1570,0.2698359173192976,-0.12502440057307732,2025-10-10 01:11:26
1,1571,0.27145523219850237,-0.12572576227378013,2025-10-10 01:11:26
1,1572,0.27307644110302953,-0.12642639529034003,2025-10-10 01:11:26
1,1573,0.27469955465212326,-0.1271262856149284,2025-10-10 01:11:26
1,1574,0.276324583285753,-0.12782541917436677,2025-10-10 01:11:26
1,1575,0.27795153726313004,-0.12852378183065016,2025-10-10 01:11:26
1,1576,0.27958042666127103,-0.12922135938149998,2025-10-10 01:11:26
1,1577,0.2812112613736088,-0.12991813756094717,2025-10-10 01:11:26
1,1578,0.2828440511086513,-0.130614102039946,2025-10-10 01:11:26
1,1579,0.2844788053886882,-0.13130923842701905,2025-10-10 01:11:26
1,1580,0.2861155335485461,-0.13200353226893374,2025-10-10 01:11:26
1,1581,0.28775424473439115,-0.1326969690514108,2025-10-10 01:11:26
1,1582,0.28939494790258086,-0.1333895341998649,2025-10-10 01:11:26
1,1583,0.29103765181856284,-0.1340812130801782,2025-10-10 01:11:26
1,1584,0.29268236505582207,-0.13477199099950612,2025-10-10 01:11:26
1,1585,0.2943290959948752,-0.1354618532071166,2025-10-10 01:11:26
1,1586,0.2959778528223123,-0.13615078489526203,2025-10-10 01:11:26
1,1587,0.2976286435298846,-0.1368387712000847,2025-10-10 01:11:26
1,1588,0.2992814759136386,-0.1375257972025552,2025-10-10 01:11:26
1,1589,0.30093635757309534,-0.13821184792944413,2025-10-10 01:11:26
1,1590,0.30259329591047424,-0.13889690835432683,2025-10-10 01:11:26
1,1591,0.3042522981299605,-0.13958096339862122,2025-10-10 01:11:26
1,1592,0.30591337123701534,-0.14026399793265834,2025-10-10 01:11:26
1,1593,0.3075765220377278,-0.14094599677678546,2025-10-10 01:11:26
1,1594,0.30924175713820756,-0.1416269447025016,2025-10-10 01:11:26
1,1595,0.310909082944017,-0.14230682643362488,2025-10-10 01:11:26
1,1596,0.31257850565964135,-0.14298562664749168,2025-10-10 01:11:26
1,1597,0.31425003128799617,-0.1436633299761866,2025-10-10 01:11:26
1,1598,0.3159236656299702,-0.1443399210078036,2025-10-10 01:11:26
1,1599,0.31759941428400235,-0.14501538428773672,2025-10-10 01:11:26
1,1600,0.3192772826456913,-0.1456897043200009,2025-10-10 01:11:26
1,1601,0.32095727590743645,-0.14636286556858136,2025-10-10 01:11:26
1,1602,0.322639399058108,-0.14703485245881154,2025-10-10 01:11:26
1,1603,0.3243236568827451,-0.14770564937877848,2025-10-10 01:11:26
1,1604,0.32601005396228006,-0.14837524068075492,2025-10-10 01:11:26
1,1605,0.3276985946732868,-0.1490436106826576,2025-10-10 01:11:26
1,1606,0.32938928318775235,-0.14971074366953055,2025-10-10 01:11:26
1,1607,0.3310821234728685,-0.15037662389505282,2025-10-10 01:11:26
1,1608,0.3327771192908429,-0.15104123558306945,2025-10-10 01:11:26
1,1609,0.3344742741987273,-0.15170456292914478,2025-10-10 01:11:26
1,1610,0.33617359154826026,-0.15236659010213735,2025-10-10 01:11:26
1,1611,0.3378750744857243,-0.15302730124579508,2025-10-10 01:11:26
1,1612,0.3395787259518133,-0.15368668048036965,2025-10-10 01:11:26
1,1613,0.34128454868151037,-0.15434471190424934,2025-10-10 01:11:26
1,1614,0.34299254520397265,-0.1550013795956087,2025-10-10 01:11:26
1,1615,0.3447027178424222,-0.15565666761407446,2025-10-10 01:11:26
1,1616,0.34641506871404015,-0.156310560002406,2025-10-10 01:11:26
1,1617,0.3481295997298637,-0.1569630407881895,2025-10-10 01:11:26
1,1618,0.3498463125946819,-0.15761409398554452,2025-10-10 01:11:26
1,1619,0.35156520880693104,-0.15826370359684155,2025-10-10 01:11:26
1,1620,0.35328628965858516,-0.15891185361442975,2025-10-10 01:11:26
1,1621,0.35500955623504227,-0.15955852802237294,2025-10-10 01:11:26
1,1622,0.35673500941500286,-0.16020371079819334,2025-10-10 01:11:26
1,1623,0.3584626498703399,-0.16084738591462103,2025-10-10 01:11:26
1,1624,0.36019247806595844,-0.16148953734134835,2025-10-10 01:11:26
1,1625,0.36192449425964324,-0.16213014904678782,2025-10-10 01:11:26
1,1626,0.363658698501893,-0.16276920499983208,2025-10-10 01:11:26
1,1627,0.36539509063573933,-0.1634066891716147,2025-10-10 01:11:26
1,1628,0.36713367029655014,-0.16404258553727058,2025-10-10 01:11:26
1,1629,0.36887443691181443,-0.16467687807769463,2025-10-10 01:11:26
1,1630,0.370617389700909,-0.16530955078129717,2025-10-10 01:11:26
1,1631,0.37236252767484473,-0.16594058764575517,2025-10-10 01:11:26
1,1632,0.3741098496359917,-0.16656997267975776,2025-10-10 01:11:26
1,1633,0.37585935417778243,-0.1671976899047447,2025-10-10 01:11:26
1,1634,0.377611039684392,-0.16782372335663684,2025-10-10 01:11:26
1,1635,0.3793649043303943,-0.1684480570875569,2025-10-10 01:11:26
1,1636,0.3811209460803936,-0.1690706751675396,2025-10-10 01:11:26
1,1637,0.3828791626886312,-0.16969156168623006,2025-10-10 01:11:26
1,1638,0.38463955169856623,-0.17031070075456878,2025-10-10 01:11:26
1,1639,0.3864021104424304,-0.1709280765064624,2025-10-10 01:11:26
1,1640,0.3881668360407562,-0.1715436731004392,2025-10-10 01:11:26
1,1641,0.38993372540187854,-0.17215747472128762,2025-10-10 01:11:26
1,1642,0.3917027752214097,-0.1727694655816774,2025-10-10 01:11:26
1,1643,0.3934739819816876,-0.17337962992376177,2025-10-10 01:11:26
1,1644,0.39524734195119693,-0.17398795202075967,2025-10-10 01:11:26
1,1645,0.39702285118396474,-0.17459441617851743,2025-10-10 01:11:26
1,1646,0.3988005055189294,-0.1751990067370482,2025-10-10 01:11:26
1,1647,0.40058030057928407,-0.1758017080720488,2025-10-10 01:11:26
1,1648,0.40236223177179503,-0.17640250459639278,2025-10-10 01:11:26
1,1649,0.40414629428609594,-0.17700138076159871,2025-10-10 01:11:26
1,1650,0.40593248309395824,-0.17759832105927306,2025-10-10 01:11:26
1,1651,0.40772079294853897,-0.17819331002252678,2025-10-10 01:11:26
1,1652,0.4095112183836067,-0.1787863322273647,2025-10-10 01:11:26
1,1653,0.41130375371274713,-0.17937737229404713,2025-10-10 01:11:26
1,1654,0.41309839302854906,-0.1799664148884228,2025-10-10 01:11:26
1,1655,0.4148951302017723,-0.1805534447232328,2025-10-10 01:11:26
1,1656,0.41669395888049915,-0.1811384465593843,2025-10-10 01:11:26
1,1657,0.41849487248927025,-0.18172140520719432,2025-10-10 01:11:26
1,1658,0.42029786422820736,-0.18230230552760204,2025-10-10 01:11:26
1,1659,0.42210292707212393,-0.18288113243334989,2025-10-10 01:11:26
1,1660,0.4239100537696257,-0.18345787089013268,2025-10-10 01:11:26
1,1661,0.4257192368422032,-0.18403250591771428,2025-10-10 01:11:26
1,1662,0.4275304685833177,-0.18460502259101155,2025-10-10 01:11:26
1,1663,0.42934374105748346,-0.1851754060411453,2025-10-10 01:11:26
1,1664,0.4311590460993471,-0.1857436414564577,2025-10-10 01:11:26
1,1665,0.43297637531276784,-0.18630971408349617,2025-10-10 01:11:26
1,1666,0.43479572006989964,-0.1868736092279634,2025-10-10 01:11:26
1,1667,0.43661707151027784,-0.1874353122556333,2025-10-10 01:11:26
1,1668,0.43844042053991317,-0.18799480859323286,2025-10-10 01:11:26
1,1669,0.4402657578303948,-0.18855208372928967,2025-10-10 01:11:26
1,1670,0.44209307381800544,-0.18910712321494522,2025-10-10 01:11:26
1,1671,0.44392235870285074,-0.18965991266473384,2025-10-10 01:11:26
1,1672,0.4457536024480055,-0.19021043775732743,2025-10-10 01:11:26
1,1673,0.4475867947786795,-0.19075868423624584,2025-10-10 01:11:26
1,1674,0.4494219251814054,-0.19130463791053318,2025-10-10 01:11:26
1,1675,0.45125898290325095,-0.19184828465540016,2025-10-10 01:11:26
1,1676,0.453097956951059,-0.19238961041283265,2025-10-10 01:11:26
1,1677,0.45493883609071695,-0.1929286011921665,2025-10-10 01:11:26
1,1678,0.4567816088464592,-0.19346524307062915,2025-10-10 01:11:26
1,1679,0.45862626350020436,-0.19399952219384795,2025-10-10 01:11:26
1,1680,0.4604727880909307,-0.19453142477632587,2025-10-10 01:11:26
1,1681,0.46232117041409143,-0.1950609371018847,2025-10-10 01:11:26
1,1682,0.4641713980210737,-0.1955880455240761,2025-10-10 01:11:26
1,1683,0.4660234582187026,-0.19611273646656094,2025-10-10 01:11:26
1,1684,0.46787733806879334,-0.19663499642345753,2025-10-10 01:11:26
1,1685,0.46973302438775405,-0.19715481195965878,2025-10-10 01:11:26
1,1686,0.47159050374624173,-0.19767216971111923,2025-10-10 01:11:26
1,1687,0.47344976246887316,-0.19818705638511205,2025-10-10 01:11:26
1,1688,0.4753107866339939,-0.19869945876045675,2025-10-10 01:11:26
1,1689,0.47717356207350703,-0.1992093636877181,2025-10-10 01:11:26
1,1690,0.47903807437276413,-0.1997167580893769,2025-10-10 01:11:26
1,1691,0.4809043088705207,-0.20022162895997275,2025-10-10 01:11:26
1,1692,0.4827722506589576,-0.2007239633662203,2025-10-10 01:11:26
1,1693,0.4846418845837712,-0.20122374844709845,2025-10-10 01:11:26
1,1694,0.48651319524433334,-0.20172097141391415,2025-10-10 01:11:26
1,1695,0.4883861669939236,-0.20221561955034079,2025-10-10 01:11:26
1,1696,0.49026078394003514,-0.20270768021243216,2025-10-10 01:11:26
1,1697,0.4921370299447556,-0.20319714082861248,2025-10-10 01:11:26
1,1698,0.4940148886252252,-0.20368398889964323,2025-10-10 01:11:26
1,1699,0.4958943433541725,-0.20416821199856752,2025-10-10 01:11:26
1,1700,0.49777537726052995,-0.20464979777063252,2025-10-10 01:11:26
1,1701,0.4996579732301298,-0.2051287339331909,2025-10-10 01:11:26
1,1702,0.5015421139064815,-0.20560500827558167,2025-10-10 01:11:26
1,1703,0.5034277816916319,-0.2060786086589915,2025-10-10 01:11:26
1,1704,0.5053149587471086,-0.20654952301629675,2025-10-10 01:11:26
1,1705,0.507203626994947,-0.20701773935188747,2025-10-10 01:11:26
1,1706,0.5090937681188022,-0.20748324574147353,2025-10-10 01:11:26
1,1707,0.5109853635651458,-0.20794603033187398,2025-10-10 01:11:26
1,1708,0.5128783945445472,-0.2084060813407902,2025-10-10 01:11:26
1,1709,0.5147728420330414,-0.20886338705656352,2025-10-10 01:11:26
1,1710,0.516668686773581,-0.20931793583791808,2025-10-10 01:11:26
1,1711,0.5185659092775738,-0.20976971611368944,2025-10-10 01:11:26
1,1712,0.5204644898265054,-0.21021871638253997,2025-10-10 01:11:26
1,1713,0.522364408473646,-0.2106649252126613,2025-10-10 01:11:26
1,1714,0.5242656450458416,-0.21110833124146478,2025-10-10 01:11:26
1,1715,0.5261681791453886,-0.21154892317526042,2025-10-10 01:11:26
1,1716,0.5280719901519901,-0.21198668978892524,2025-10-10 01:11:26
1,1717,0.5299770572247946,-0.21242161992556136,2025-10-10 01:11:26
1,1718,0.531883359304515,-0.2128537024961445,2025-10-10 01:11:26
1,1719,0.5337908751156267,-0.2132829264791638,2025-10-10 01:11:26
1,1720,0.5356995831686442,-0.21370928092025326,2025-10-10 01:11:26
1,1721,0.5376094617624737,-0.21413275493181544,2025-10-10 01:11:26
1,1722,0.5395204889868414,-0.21455333769263807,2025-10-10 01:11:26
1,1723,0.5414326427247941,-0.21497101844750424,2025-10-10 01:11:26
1,1724,0.5433459006552728,-0.21538578650679646,2025-10-10 01:11:26
1,1725,0.5452602402557546,-0.21579763124609527,2025-10-10 01:11:26
1,1726,0.5471756388049629,-0.21620654210577295,2025-10-10 01:11:26
1,1727,0.5490920733856427,-0.21661250859058281,2025-10-10 01:11:26
1,1728,0.5510095208873996,-0.21701552026924445,2025-10-10 01:11:26
1,1729,0.5529279580095995,-0.2174155667740256,2025-10-10 01:11:26
1,1730,0.5548473612643264,-0.21781263780032092,2025-10-10 01:11:26
1,1731,0.5567677069793973,-0.21820672310622824,2025-10-10 01:11:26
1,1732,0.5586889713014291,-0.21859781251212254,2025-10-10 01:11:26
1,1733,0.5606111301989577,-0.21898589590022824,2025-10-10 01:11:26
1,1734,0.5625341594656038,-0.21937096321419014,2025-10-10 01:11:26
1,1735,0.5644580347232849,-0.2197530044586432,2025-10-10 01:11:26
1,1736,0.5663827314254692,-0.22013200969878186,2025-10-10 01:11:26
1,1737,0.568308224860469,-0.22050796905992887,2025-10-10 01:11:26
1,1738,0.5702344901547703,-0.2208808727271042,2025-10-10 01:11:26
1,1739,0.5721615022763968,-0.22125071094459423,2025-10-10 01:11:26
1,1740,0.5740892360383028,-0.2216174740155215,2025-10-10 01:11:26
1,1741,0.5760176661017942,-0.2219811523014153,2025-10-10 01:11:26
1,1742,0.5779467669799743,-0.22234173622178333,2025-10-10 01:11:26
1,1743,0.5798765130412091,-0.22269921625368477,2025-10-10 01:11:26
1,1744,0.5818068785126123,-0.2230535829313049,2025-10-10 01:11:26
1,1745,0.5837378374835427,-0.22340482684553126,2025-10-10 01:11:26
1,1746,0.585669363909116,-0.22375293864353207,2025-10-10 01:11:26
1,1747,0.5876014316137221,-0.2240979090283365,2025-10-10 01:11:26
1,1748,0.5895340142945505,-0.22443972875841742,2025-10-10 01:11:26
1,1749,0.5914670855251152,-0.2247783886472763,2025-10-10 01:11:26
1,1750,0.5934006187587801,-0.22511387956303097,2025-10-10 01:11:26
1,1751,0.5953345873322807,-0.22544619242800576,2025-10-10 01:11:26
1,1752,0.5972689644692373,-0.2257753182183246,2025-10-10 01:11:26
1,1753,0.5992037232836591,-0.22610124796350692,2025-10-10 01:11:26
1,1754,0.6011388367834352,-0.2264239727460664,2025-10-10 01:11:26
1,1755,0.603074277873809,-0.22674348370111294,2025-10-10 01:11:26
1,1756,0.6050100193608345,-0.22705977201595742,2025-10-10 01:11:26
1,1757,0.606946033954811,-0.2273728289297199,2025-10-10 01:11:26
1,1758,0.6088822942736923,-0.22768264573294067,2025-10-10 01:11:26
1,1759,0.6108187728464709,-0.22798921376719467,2025-10-10 01:11:26
1,1760,0.6127554421165309,-0.22829252442470907,2025-10-10 01:11:26
1,1761,0.6146922744449697,-0.2285925691479841,2025-10-10 01:11:26
1,1762,0.6166292421138855,-0.228889339429417,2025-10-10 01:11:26
1,1763,0.6185663173296276,-0.2291828268109294,2025-10-10 01:11:26
1,1764,0.6205034722260081,-0.2294730228835977,2025-10-10 01:11:26
1,1765,0.6224406788674722,-0.22975991928728676,2025-10-10 01:11:26
1,1766,0.6243779092522261,-0.23004350771028684,2025-10-10 01:11:26
1,1767,0.6263151353153193,-0.23032377988895364,2025-10-10 01:11:26
1,1768,0.6282523289316807,-0.23060072760735148,2025-10-10 01:11:26
1,1769,0.6301894619191057,-0.23087434269689963,2025-10-10 01:11:26
1,1770,0.6321265060411945,-0.23114461703602177,2025-10-10 01:11:26
1,1771,0.634063433010237,-0.23141154254979837,2025-10-10 01:11:26
1,1772,0.6360002144900475,-0.2316751112096223,2025-10-10 01:11:26
1,1773,0.6379368220987429,-0.23193531503285728,2025-10-10 01:11:26
1,1774,0.6398732274114679,-0.2321921460824993,2025-10-10 01:11:26
1,1775,0.6418094019630629,-0.23244559646684113,2025-10-10 01:11:26
1,1776,0.6437453172506759,-0.23269565833913947,2025-10-10 01:11:26
1,1777,0.6456809447363161,-0.23294232389728523,2025-10-10 01:11:26
1,1778,0.6476162558493503,-0.23318558538347642,2025-10-10 01:11:26
1,1779,0.64955122198894,-0.23342543508389407,2025-10-10 01:11:26
1,1780,0.6514858145264194,-0.23366186532838085,2025-10-10 01:11:26
1,1781,0.6534200048076153,-0.23389486849012234,2025-10-10 01:11:26
1,1782,0.6553537641551068,-0.2341244369853314,2025-10-10 01:11:26
1,1783,0.6572870638704263,-0.23435056327293494,2025-10-10 01:11:26
1,1784,0.6592198752362015,-0.23457323985426376,2025-10-10 01:11:26
1,1785,0.6611521695182384,-0.23479245927274495,2025-10-10 01:11:26
1,1786,0.6630839179675463,-0.23500821411359715,2025-10-10 01:11:26
1,1787,0.6650150918223049,-0.23522049700352862,2025-10-10 01:11:26
1,1788,0.666945662309774,-0.23542930061043815,2025-10-10 01:11:26
1,1789,0.6688756006481476,-0.23563461764311872,2025-10-10 01:11:26
1,1790,0.6708048780483508,-0.2358364408509642,2025-10-10 01:11:26
1,1791,0.6727334657157842,-0.23603476302367893,2025-10-10 01:11:26
1,1792,0.6746613348520131,-0.23622957699099031,2025-10-10 01:11:26
1,1793,0.6765884566564051,-0.2364208756223645,2025-10-10 01:11:26
1,1794,0.6785148023277164,-0.2366086518267252,2025-10-10 01:11:26
1,1795,0.6804403430656285,-0.23679289855217575,2025-10-10 01:11:26
1,1796,0.6823650500722359,-0.23697360878572465,2025-10-10 01:11:26
1,1797,0.6842888945534882,-0.23715077555301425,2025-10-10 01:11:26
1,1798,0.6862118477205857,-0.23732439191805335,2025-10-10 01:11:26
1,1799,0.6881338807913328,-0.23749445098295324,2025-10-10 01:11:26
1,1800,0.6900549649914479,-0.23766094588766773,2025-10-10 01:11:26
1,1801,0.6919750715558354,-0.2378238698097371,2025-10-10 01:11:26
1,1802,0.6938941717298174,-0.23798321596403624,2025-10-10 01:11:26
1,1803,0.6958122367703312,-0.23813897760252706,2025-10-10 01:11:26
1,1804,0.6977292379470913,-0.2382911480140155,2025-10-10 01:11:26
1,1805,0.6996451465437196,-0.23843972052391316,2025-10-10 01:11:26
1,1806,0.7015599338588454,-0.238584688494004,2025-10-10 01:11:26
1,1807,0.7034735712071778,-0.2387260453222159,2025-10-10 01:11:26
1,1808,0.7053860299205512,-0.2388637844423979,2025-10-10 01:11:26
1,1809,0.707297281348948,-0.23899789932410284,2025-10-10 01:11:26
1,1810,0.7092072968614989,-0.23912838347237605,2025-10-10 01:11:26
1,1811,0.7111160478474644,-0.23925523042754995,2025-10-10 01:11:26
1,1812,0.7130235057171985,-0.2393784337650452,2025-10-10 01:11:26
1,1813,0.7149296419030976,-0.23949798709517853,2025-10-10 01:11:26
1,1814,0.7168344278605361,-0.23961388406297762,2025-10-10 01:11:26
1,1815,0.7187378350687914,-0.23972611834800314,2025-10-10 01:11:26
1,1816,0.7206398350319606,-0.23983468366417848,2025-10-10 01:11:26
1,1817,0.7225403992798701,-0.23993957375962754,2025-10-10 01:11:26
1,1818,0.7244394993689812,-0.24004078241652066,2025-10-10 01:11:26
1,1819,0.7263371068832931,-0.24013830345092918,2025-10-10 01:11:26
1,1820,0.7282331934352456,-0.24023213071268912,2025-10-10 01:11:26
1,1821,0.7301277306666238,-0.2403222580852742,2025-10-10 01:11:26
1,1822,0.7320206902494659,-0.2404086794856784,2025-10-10 01:11:26
1,1823,0.733912043886977,-0.24049138886430899,2025-10-10 01:11:26
1,1824,0.7358017633144498,-0.24057038020488963,2025-10-10 01:11:26
1,1825,0.7376898203001948,-0.24064564752437484,2025-10-10 01:11:26
1,1826,0.7395761866464813,-0.24071718487287533,2025-10-10 01:11:26
1,1827,0.7414608341904902,-0.24078498633359535,2025-10-10 01:11:26
1,1828,0.7433437348052825,-0.24084904602278207,2025-10-10 01:11:26
1,1829,0.7452248604007812,-0.24090935808968741,2025-10-10 01:11:26
1,1830,0.7471041829247721,-0.240965916716543,2025-10-10 01:11:26
1,1831,0.748981674363922,-0.24101871611854833,2025-10-10 01:11:26
1,1832,0.7508573067448168,-0.24106775054387297,2025-10-10 01:11:26
1,1833,0.7527310521350197,-0.24111301427367282,2025-10-10 01:11:26
1,1834,0.7546028826441528,-0.24115450162212107,2025-10-10 01:11:26
1,1835,0.7564727704249998,-0.24119220693645435,2025-10-10 01:11:26
1,1836,0.758340687674634,-0.24122612459703444,2025-10-10 01:11:26
1,1837,0.7602066066355695,-0.24125624901742576,2025-10-10 01:11:26
1,1838,0.7620704995969387,-0.24128257464448952,2025-10-10 01:11:26
1,1839,0.7639323388956953,-0.24130509595849448,2025-10-10 01:11:26
1,1840,0.7657920969178437,-0.24132380747324506,2025-10-10 01:11:26
1,1841,0.7676497460996949,-0.24133870373622712,2025-10-10 01:11:26
1,1842,0.7695052589291507,-0.2413497793287718,2025-10-10 01:11:26
1,1843,0.771358607947013,-0.24135702886623786,2025-10-10 01:11:26
1,1844,0.7732097657483232,-0.24136044699821282,2025-10-10 01:11:26
1,1845,0.7750587049837268,-0.24136002840873355,2025-10-10 01:11:26
1,1846,0.7769053983608664,-0.2413557678165264,2025-10-10 01:11:26
1,1847,0.778749818645802,-0.2413476599752674,2025-10-10 01:11:26
1,1848,0.7805919386644574,-0.24133569967386279,2025-10-10 01:11:26
1,1849,0.7824317313040938,-0.2413198817367506,2025-10-10 01:11:26
1,1850,0.7842691695148084,-0.24130020102422287,2025-10-10 01:11:26
1,1851,0.7861042263110594,-0.24127665243276966,2025-10-10 01:11:26
1,1852,0.7879368747732148,-0.2412492308954447,2025-10-10 01:11:26
1,1853,0.7897670880491262,-0.24121793138225292,2025-10-10 01:11:26
1,1854,0.791594839355724,-0.24118274890056057,2025-10-10 01:11:26
1,1855,0.793420101980636,-0.24114367849552773,2025-10-10 01:11:26
1,1856,0.7952428492838268,-0.24110071525056365,2025-10-10 01:11:26
1,1857,0.7970630546992572,-0.24105385428780524,2025-10-10 01:11:26
1,1858,0.7988806917365613,-0.2410030907686188,2025-10-10 01:11:26
1,1859,0.8006957339827424,-0.2409484198941252,2025-10-10 01:11:26
1,1860,0.8025081551038846,-0.24088983690574853,2025-10-10 01:11:26
1,1861,0.8043179288468787,-0.24082733708578885,2025-10-10 01:11:26
1,1862,0.8061250290411616,-0.24076091575801853,2025-10-10 01:11:26
1,1863,0.8079294296004674,-0.24069056828830265,2025-10-10 01:11:26
1,1864,0.8097311045245885,-0.24061629008524354,2025-10-10 01:11:26
1,1865,0.8115300279011451,-0.2405380766008493,2025-10-10 01:11:26
1,1866,0.8133261739073614,-0.2404559233312266,2025-10-10 01:11:26
1,1867,0.8151195168118468,-0.24036982581729738,2025-10-10 01:11:26
1,1868,0.8169100309763802,-0.2402797796455399,2025-10-10 01:11:26
1,1869,0.8186976908576955,-0.24018578044875355,2025-10-10 01:11:26
1,1870,0.820482471009267,-0.24008782390684777,2025-10-10 01:11:26
1,1871,0.8222643460830916,-0.23998590574765472,2025-10-10 01:11:26
1,1872,0.8240432908314677,-0.23988002174776557,2025-10-10 01:11:26
1,1873,0.8258192801087664,-0.2397701677333904,2025-10-10 01:11:26
1,1874,0.8275922888731957,-0.2396563395812412,2025-10-10 01:11:26
1,1875,0.8293622921885541,-0.23953853321943794,2025-10-10 01:11:26
1,1876,0.8311292652259713,-0.23941674462843757,2025-10-10 01:11:26
1,1877,0.832893183265636,-0.23929096984198514,2025-10-10 01:11:26
1,1878,0.8346540216985064,-0.2391612049480873,2025-10-10 01:11:26
1,1879,0.8364117560280033,-0.2390274460900073,2025-10-10 01:11:26
1,1880,0.8381663618716827,-0.23888968946728165,2025-10-10 01:11:26
1,1881,0.8399178149628868,-0.23874793133675717,2025-10-10 01:11:26
1,1882,0.8416660911523707,-0.23860216801364897,2025-10-10 01:11:26
1,1883,0.8434111664099034,-0.2384523958726179,2025-10-10 01:11:26
1,1884,0.8451530168258414,-0.23829861134886773,2025-10-10 01:11:26
1,1885,0.8468916186126724,-0.23814081093926087,2025-10-10 01:11:26
1,1886,0.8486269481065275,-0.23797899120345242,2025-10-10 01:11:26
1,1887,0.8503589817686613,-0.2378131487650418,2025-10-10 01:11:26
1,1888,0.8520876961868961,-0.23764328031274118,2025-10-10 01:11:26
1,1889,0.85381306807703,-0.23746938260156011,2025-10-10 01:11:26
1,1890,0.8555350742842072,-0.23729145245400585,2025-10-10 01:11:26
1,1891,0.8572536917842486,-0.23710948676129803,2025-10-10 01:11:26
1,1892,0.858968897684941,-0.23692348248459752,2025-10-10 01:11:26
1,1893,0.8606806692272837,-0.23673343665624827,2025-10-10 01:11:26
1,1894,0.8623889837866914,-0.2365393463810314,2025-10-10 01:11:26
1,1895,0.8640938188741516,-0.2363412088374307,2025-10-10 01:11:26
1,1896,0.8657951521373358,-0.2361390212789085,2025-10-10 01:11:26
1,1897,0.8674929613616624,-0.2359327810351912,2025-10-10 01:11:26
1,1898,0.8691872244713112,-0.23572248551356312,2025-10-10 01:11:26
1,1899,0.870877919530188,-0.2355081322001683,2025-10-10 01:11:26
1,1900,0.8725650247428381,-0.23528971866131854,2025-10-10 01:11:26
1,1901,0.8742485184553088,-0.2350672425448071,2025-10-10 01:11:26
1,1902,0.8759283791559584,-0.23484070158122694,2025-10-10 01:11:26
1,1903,0.8776045854762131,-0.2346100935852923,2025-10-10 01:11:26
1,1904,0.879277116191269,-0.23437541645716273,2025-10-10 01:11:26
1,1905,0.8809459502207406,-0.23413666818376813,2025-10-10 01:11:26
1,1906,0.8826110666292541,-0.23389384684013417,2025-10-10 01:11:26
1,1907,0.8842724446269852,-0.23364695059070636,2025-10-10 01:11:26
1,1908,0.8859300635701415,-0.23339597769067216,2025-10-10 01:11:26
1,1909,0.8875839029613897,-0.2331409264872797,2025-10-10 01:11:26
1,1910,0.889233942450226,-0.23288179542115178,2025-10-10 01:11:26
1,1911,0.8908801618332911,-0.2326185830275945,2025-10-10 01:11:26
1,1912,0.892522541054629,-0.2323512879378986,2025-10-10 01:11:26
1,1913,0.8941610602058906,-0.232079908880633,2025-10-10 01:11:26
1,1914,0.8957956995264805,-0.2318044446829289,2025-10-10 01:11:26
1,1915,0.89742643940365,-0.2315248942717535,2025-10-10 01:11:26
1,1916,0.8990532603725336,-0.23124125667517184,2025-10-10 01:11:26
1,1917,0.9006761431161322,-0.23095353102359606,2025-10-10 01:11:26
1,1918,0.9022950684652414,-0.23066171655102027,2025-10-10 01:11:26
1,1919,0.9039100173983269,-0.2303658125962404,2025-10-10 01:11:26
1,1920,0.9055209710413464,-0.23006581860405745,2025-10-10 01:11:26
1,1921,0.9071279106675207,-0.2297617341264633,2025-10-10 01:11:26
1,1922,0.9087308176970519,-0.22945355882380772,2025-10-10 01:11:26
1,1923,0.9103296736967924,-0.22914129246594528,2025-10-10 01:11:26
1,1924,0.911924460379864,-0.2288249349333616,2025-10-10 01:11:26
1,1925,0.9135151596052282,-0.2285044862182772,2025-10-10 01:11:26
1,1926,0.9151017533772097,-0.2281799464257283,2025-10-10 01:11:26
1,1927,0.9166842238449726,-0.22785131577462325,2025-10-10 01:11:26
1,1928,0.9182625533019526,-0.22751859459877363,2025-10-10 01:11:26
1,1929,0.9198367241852438,-0.22718178334789915,2025-10-10 01:11:26
1,1930,0.9214067190749436,-0.22684088258860513,2025-10-10 01:11:26
1,1931,0.9229725206934567,-0.2264958930053317,2025-10-10 01:11:26
1,1932,0.924534111904757,-0.22614681540127385,2025-10-10 01:11:26
1,1933,0.9260914757136127,-0.22579365069927132,2025-10-10 01:11:26
1,1934,0.9276445952647734,-0.22543639994266762,2025-10-10 01:11:26
1,1935,0.9291934538421205,-0.2250750642961372,2025-10-10 01:11:26
1,1936,0.9307380348677843,-0.22470964504648006,2025-10-10 01:11:26
1,1937,0.9322783219012274,-0.22434014360338314,2025-10-10 01:11:26
1,1938,0.933814298638297,-0.2239665615001476,2025-10-10 01:11:26
1,1939,0.9353459489102468,-0.22358890039438145,2025-10-10 01:11:26
1,1940,0.9368732566827309,-0.22320716206865693,2025-10-10 01:11:26
1,1941,0.9383962060547709,-0.22282134843113208,2025-10-10 01:11:26
1,1942,0.9399147812576973,-0.2224314615161358,2025-10-10 01:11:26
1,1943,0.9414289666540673,-0.22203750348471618,2025-10-10 01:11:26
1,1944,0.9429387467365606,-0.22163947662515152,2025-10-10 01:11:26
1,1945,0.9444441061268546,-0.22123738335342363,2025-10-10 01:11:26
1,1946,0.9459450295744799,-0.22083122621365336,2025-10-10 01:11:26
1,1947,0.9474415019556595,-0.2204210078784976,2025-10-10 01:11:26
1,1948,0.9489335082721303,-0.2200067311495081,2025-10-10 01:11:26
1,1949,0.9504210336499519,-0.21958839895745147,2025-10-10 01:11:26
1,1950,0.9519040633383011,-0.21916601436259056,2025-10-10 01:11:26
1,1951,0.9533825827082554,-0.218739580554927,2025-10-10 01:11:26
1,1952,0.9548565772515663,-0.21830910085440505,2025-10-10 01:11:26
1,1953,0.956326032579424,-0.21787457871107663,2025-10-10 01:11:26
1,1954,0.9577909344212148,-0.21743601770522777,2025-10-10 01:11:26
1,1955,0.9592512686232728,-0.2169934215474667,2025-10-10 01:11:26
1,1956,0.9607070211476267,-0.21654679407877364,2025-10-10 01:11:26
1,1957,0.9621581780707433,-0.21609613927051274,2025-10-10 01:11:26
1,1958,0.9636047255822693,-0.2156414612244064,2025-10-10 01:11:26
1,1959,0.9650466499837719,-0.21518276417247234,2025-10-10 01:11:26
1,1960,0.96648393768748,-0.21472005247692422,2025-10-10 01:11:26
1,1961,0.9679165752150265,-0.21425333063003557,2025-10-10 01:11:26
1,1962,0.9693445491961938,-0.21378260325396847,2025-10-10 01:11:26
1,1963,0.970767846367662,-0.21330787510056698,2025-10-10 01:11:26
1,1964,0.9721864535717619,-0.2128291510511162,2025-10-10 01:11:26
1,1965,0.9736003577552339,-0.21234643611606766,2025-10-10 01:11:26
1,1966,0.9750095459679925,-0.21185973543473183,2025-10-10 01:11:26
1,1967,0.9764140053618986,-0.21136905427493854,2025-10-10 01:11:26
1,1968,0.977813723189539,-0.2108743980326662,2025-10-10 01:11:26
1,1969,0.9792086868030151,-0.21037577223164058,2025-10-10 01:11:26
1,1970,0.9805988836527407,-0.20987318252290446,2025-10-10 01:11:26
1,1971,0.9819843012862494,-0.20936663468435868,2025-10-10 01:11:26
1,1972,0.9833649273470124,-0.2088561346202761,2025-10-10 01:11:26
1,1973,0.984740749573268,-0.20834168836078926,2025-10-10 01:11:26
1,1974,0.986111755796861,-0.20782330206135272,2025-10-10 01:11:26
1,1975,0.987477933942095,-0.20730098200218183,2025-10-10 01:11:26
1,1976,0.9888392720245969,-0.20677473458766849,2025-10-10 01:11:26
1,1977,0.9901957581501918,-0.20624456634577534,2025-10-10 01:11:26
1,1978,0.9915473805137927,-0.20571048392740987,2025-10-10 01:11:26
1,1979,0.9928941273983015,-0.2051724941057793,2025-10-10 01:11:26
1,1980,0.9942359871735234,-0.20463060377572792,2025-10-10 01:11:26
1,1981,0.9955729482950931,-0.2040848199530579,2025-10-10 01:11:26
1,1982,0.9969049993034158,-0.20353514977383538,2025-10-10 01:11:26
1,1983,0.9982321288226186,-0.2029816004936824,2025-10-10 01:11:26
1,1984,0.9995543255595161,-0.20242417948705715,2025-10-10 01:11:26
1,1985,1.0008715783025883,-0.20186289424652282,2025-10-10 01:11:26
1,1986,1.002183875920971,-0.20129775238200726,2025-10-10 01:11:26
1,1987,1.0034912073634568,-0.20072876162005454,2025-10-10 01:11:26
1,1988,1.0047935616575108,-0.20015592980306984,2025-10-10 01:11:26
1,1989,1.006090927908295,-0.199579264888559,2025-10-10 01:11:26
1,1990,1.007383295297706,-0.1989987749483645,2025-10-10 01:11:26
1,1991,1.0086706530834217,-0.1984144681678987,2025-10-10 01:11:26
1,1992,1.0099529905979603,-0.19782635284537664,2025-10-10 01:11:26
1,1993,1.011230297247747,-0.1972344373910486,2025-10-10 01:11:26
1,1994,1.0125025625121924,-0.19663873032643486,2025-10-10 01:11:26
1,1995,1.0137697759427784,-0.19603924028356368,2025-10-10 01:11:26
1,1996,1.0150319271621526,-0.1954359760042135,2025-10-10 01:11:26
1,1997,1.0162890058632312,-0.19482894633916137,2025-10-10 01:11:26
1,1998,1.0175410018083086,-0.19421816024743827,2025-10-10 01:11:26
1,1999,1.0187879048281734,-0.19360362679559304,2025-10-10 01:11:26
1,2000,1.0200297048212315,-0.19298535515696613,2025-10-10 01:11:26
1,2001,1.0212663917526332,-0.19236335461097412,2025-10-10 01:11:26
1,2002,1.0224979556534062,-0.19173763454240655,2025-10-10 01:11:26
1,2003,1.023724386619592,-0.19110820444073612,2025-10-10 01:11:26
1,2004,1.024945674811386,-0.19047507389944318,2025-10-10 01:11:26
1,2005,1.026161810452281,-0.18983825261535597,2025-10-10 01:11:26
1,2006,1.0273727838282105,-0.1891977503880074,2025-10-10 01:11:26
1,2007,1.028578585286697,-0.18855357711900933,2025-10-10 01:11:26
1,2008,1.0297792052359982,-0.18790574281144556,2025-10-10 01:11:26
1,2009,1.030974634144254,-0.18725425756928427,2025-10-10 01:11:26
1,2010,1.0321648625386346,-0.18659913159681077,2025-10-10 01:11:26
1,2011,1.0333498810044848,-0.18594037519808138,2025-10-10 01:11:26
1,2012,1.0345296801844683,-0.18527799877639928,2025-10-10 01:11:26
1,2013,1.0357042507777094,-0.18461201283381296,2025-10-10 01:11:26
1,2014,1.0368735835389313,-0.18394242797063795,2025-10-10 01:11:26
1,2015,1.0380376692775903,-0.1832692548850024,2025-10-10 01:11:26
1,2016,1.0391964988570077,-0.182592504372417,2025-10-10 01:11:26
1,2017,1.0403500631934948,-0.18191218732536996,2025-10-10 01:11:26
1,2018,1.041498353255474,-0.18122831473294704,2025-10-10 01:11:26
1,2019,1.0426413600625943,-0.18054089768047746,2025-10-10 01:11:26
1,2020,1.0437790746848399,-0.17984994734920562,2025-10-10 01:11:26
1,2021,1.0449114882416326,-0.17915547501598908,2025-10-10 01:11:26
1,2022,1.0460385919009274,-0.17845749205302286,2025-10-10 01:11:26
1,2023,1.0471603768783009,-0.17775600992759027,2025-10-10 01:11:26
1,2024,1.0482768344360311,-0.17705104020184023,2025-10-10 01:11:26
1,2025,1.0493879558821704,-0.17634259453259107,2025-10-10 01:11:26
1,2026,1.050493732569609,-0.1756306846711609,2025-10-10 01:11:26
1,2027,1.0515941558951316,-0.17491532246322428,2025-10-10 01:11:26
1,2028,1.0526892172984632,-0.17419651984869472,2025-10-10 01:11:26
1,2029,1.0537789082613087,-0.17347428886163355,2025-10-10 01:11:26
1,2030,1.054863220306381,-0.17274864163018397,2025-10-10 01:11:26
1,2031,1.0559421449964217,-0.1720195903765304,2025-10-10 01:11:26
1,2032,1.0570156739332122,-0.17128714741688253,2025-10-10 01:11:26
1,2033,1.0580837987565759,-0.17055132516148386,2025-10-10 01:11:26
1,2034,1.059146511143371,-0.16981213611464369,2025-10-10 01:11:26
1,2035,1.0602038028064757,-0.16906959287479234,2025-10-10 01:11:26
1,2036,1.061255665493762,-0.16832370813455907,2025-10-10 01:11:26
1,2037,1.0623020909870635,-0.1675744946808715,2025-10-10 01:11:26
1,2038,1.0633430711011347,-0.1668219653950762,2025-10-10 01:11:26
1,2039,1.0643785976825995,-0.16606613325307978,2025-10-10 01:11:26
1,2040,1.0654086626088948,-0.165307011325509,2025-10-10 01:11:26
1,2041,1.0664332577872053,-0.16454461277788981,2025-10-10 01:11:26
1,2042,1.0674523751533913,-0.16377895087084382,2025-10-10 01:11:26
1,2043,1.0684660066709095,-0.16301003896030153,2025-10-10 01:11:26
1,2044,1.0694741443297284,-0.16223789049773127,2025-10-10 01:11:26
1,2045,1.070476780145237,-0.1614625190303829,2025-10-10 01:11:26
1,2046,1.071473906157149,-0.16068393820154483,2025-10-10 01:11:26
1,2047,1.0724655144284014,-0.1599021617508141,2025-10-10 01:11:26
1,2048,1.0734515970440506,-0.1591172035143773,2025-10-10 01:11:26
1,2049,1.0744321461101634,-0.15832907742530233,2025-10-10 01:11:26
1,2050,1.0754071537527063,-0.15753779751383895,2025-10-10 01:11:26
1,2051,1.0763766121164329,-0.15674337790772758,2025-10-10 01:11:26
1,2052,1.0773405133637686,-0.15594583283251473,2025-10-10 01:11:26
1,2053,1.0782988496736967,-0.15514517661187416,2025-10-10 01:11:26
1,2054,1.0792516132406431,-0.1543414236679325,2025-10-10 01:11:26
1,2055,1.0801987962733635,-0.153534588521598,2025-10-10 01:11:26
1,2056,1.0811403909938309,-0.1527246857928913,2025-10-10 01:11:26
1,2057,1.0820763896361274,-0.1519117302012773,2025-10-10 01:11:26
1,2058,1.0830067844453395,-0.1510957365659961,2025-10-10 01:11:26
1,2059,1.0839315676764565,-0.15027671980639296,2025-10-10 01:11:26
1,2060,1.0848507315932765,-0.14945469494224511,2025-10-10 01:11:26
1,2061,1.085764268467317,-0.14862967709408487,2025-10-10 01:11:26
1,2062,1.0866721705767348,-0.14780168148351744,2025-10-10 01:11:26
1,2063,1.0875744302052526,-0.14697072343353274,2025-10-10 01:11:26
1,2064,1.0884710396410961,-0.14613681836880973,2025-10-10 01:11:26
1,2065,1.0893619911759413,-0.14529998181601247,2025-10-10 01:11:26
1,2066,1.0902472771038725,-0.14446022940407655,2025-10-10 01:11:26
1,2067,1.0911268897203537,-0.14361757686448504,2025-10-10 01:11:26
1,2068,1.0920008213212131,-0.14277204003153302,2025-10-10 01:11:26
1,2069,1.092869064201642,-0.1419236348425795,2025-10-10 01:11:26
1,2070,1.093731610655209,-0.14107237733828604,2025-10-10 01:11:26
1,2071,1.0945884529728906,-0.14021828366284092,2025-10-10 01:11:26
1,2072,1.0954395834421202,-0.13936137006416832,2025-10-10 01:11:26
1,2073,1.0962849943458546,-0.13850165289412145,2025-10-10 01:11:26
1,2074,1.0971246779616601,-0.1376391486086589,2025-10-10 01:11:26
1,2075,1.0979586265608205,-0.13677387376800368,2025-10-10 01:11:26
1,2076,1.0987868324074646,-0.1359058450367842,2025-10-10 01:11:26
1,2077,1.0996092877577168,-0.1350350791841564,2025-10-10 01:11:26
1,2078,1.100425984858873,-0.13416159308390657,2025-10-10 01:11:26
1,2079,1.1012369159485977,-0.13328540371453473,2025-10-10 01:11:26
1,2080,1.102042073254149,-0.13240652815931742,2025-10-10 01:11:26
1,2081,1.1028414489916278,-0.13152498360635,2025-10-10 01:11:26
1,2082,1.103635035365257,-0.1306407873485682,2025-10-10 01:11:26
1,2083,1.104422824566685,-0.12975395678374813,2025-10-10 01:11:26
1,2084,1.10520480877432,-0.12886450941448493,2025-10-10 01:11:26
1,2085,1.1059809801526952,-0.12797246284815,2025-10-10 01:11:26
1,2086,1.106751330851861,-0.12707783479682633,2025-10-10 01:11:26
1,2087,1.1075158530068117,-0.12618064307722207,2025-10-10 01:11:26
1,2088,1.1082745387369417,-0.12528090561056246,2025-10-10 01:11:26
1,2089,1.1090273801455361,-0.12437864042246005,2025-10-10 01:11:26
1,2090,1.1097743693192936,-0.12347386564276347,2025-10-10 01:11:26
1,2091,1.1105154983278829,-0.12256659950538473,2025-10-10 01:11:26
1,2092,1.1112507592235352,-0.12165686034810566,2025-10-10 01:11:26
1,2093,1.1119801440406705,-0.12074466661236338,2025-10-10 01:11:26
1,2094,1.1127036447955592,-0.1198300368430156,2025-10-10 01:11:26
1,2095,1.1134212534860217,-0.11891298968808578,2025-10-10 01:11:26
1,2096,1.1141329620911629,-0.11799354389848896,2025-10-10 01:11:26
1,2097,1.114838762571144,-0.11707171832773855,2025-10-10 01:11:26
1,2098,1.1155386468669926,-0.11614753193163484,2025-10-10 01:11:26
1,2099,1.1162326069004496,-0.11522100376793573,2025-10-10 01:11:26
1,2100,1.1169206345738552,-0.1142921529960105,2025-10-10 01:11:26
1,2101,1.1176027217700717,-0.11336099887647724,2025-10-10 01:11:26
1,2102,1.118278860352447,-0.11242756077082475,2025-10-10 01:11:26
1,2103,1.118949042164815,-0.11149185814101978,2025-10-10 01:11:26
1,2104,1.119613259031536,-0.11055391054910041,2025-10-10 01:11:26
1,2105,1.120271502757576,-0.10961373765675649,2025-10-10 01:11:26
1,2106,1.1209237651286252,-0.10867135922489808,2025-10-10 01:11:26
1,2107,1.1215700379112548,-0.10772679511321288,2025-10-10 01:11:26
1,2108,1.1222103128531145,-0.10678006527971357,2025-10-10 01:11:26
1,2109,1.1228445816831678,-0.10583118978027613,2025-10-10 01:11:26
1,2110,1.1234728361119672,-0.10488018876817029,2025-10-10 01:11:26
1,2111,1.1240950678319677,-0.103927082493583,2025-10-10 01:11:26
1,2112,1.1247112685178786,-0.10297189130313612,2025-10-10 01:11:26
1,2113,1.1253214298270557,-0.10201463563939944,2025-10-10 01:11:26
1,2114,1.1259255433999296,-0.10105533604040012,2025-10-10 01:11:26
1,2115,1.1265236008604729,-0.10009401313912963,2025-10-10 01:11:26
1,2116,1.1271155938167057,-0.09913068766304951,2025-10-10 01:11:26
1,2117,1.127701513861237,-0.0981653804335968,2025-10-10 01:11:26
1,2118,1.1282813525718445,-0.09719811236569056,2025-10-10 01:11:26
1,2119,1.1288551015120893,-0.0962289044672405,2025-10-10 01:11:26
1,2120,1.1294227522319684,-0.0952577778386587,2025-10-10 01:11:26
1,2121,1.1299842962686009,-0.09428475367237583,2025-10-10 01:11:26
1,2122,1.1305397251469504,-0.09330985325236281,2025-10-10 01:11:26
1,2123,1.1310890303805812,-0.09233309795365889,2025-10-10 01:11:26
1,2124,1.1316322034724486,-0.0913545092419075,2025-10-10 01:11:26
1,2125,1.1321692359157227,-0.09037410867290065,2025-10-10 01:11:26
1,2126,1.1327001191946435,-0.08939191789213308,2025-10-10 01:11:26
1,2127,1.1332248447854092,-0.088407958634367,2025-10-10 01:11:26
1,2128,1.1337434041570944,-0.08742225272320851,2025-10-10 01:11:26
1,2129,1.1342557887726001,-0.0864348220706966,2025-10-10 01:11:26
1,2130,1.134761990089632,-0.08544568867690543,2025-10-10 01:11:26
1,2131,1.1352619995617077,-0.08445487462956107,2025-10-10 01:11:26
1,2132,1.1357558086391932,-0.08346240210367321,2025-10-10 01:11:26
1,2133,1.1362434087703652,-0.08246829336118267,2025-10-10 01:11:26
1,2134,1.1367247914024998,-0.08147257075062546,2025-10-10 01:11:26
1,2135,1.1371999479829877,-0.08047525670681406,2025-10-10 01:11:26
1,2136,1.1376688699604727,-0.07947637375053641,2025-10-10 01:11:26
1,2137,1.1381315487860149,-0.07847594448827322,2025-10-10 01:11:26
1,2138,1.1385879759142754,-0.07747399161193402,2025-10-10 01:11:26
1,2139,1.1390381428047247,-0.07647053789861254,2025-10-10 01:11:26
1,2140,1.1394820409228694,-0.0754656062103615,2025-10-10 01:11:26
1,2141,1.1399196617415015,-0.0744592194939874,2025-10-10 01:11:26
1,2142,1.1403509967419643,-0.07345140078086529,2025-10-10 01:11:26
1,2143,1.1407760374154379,-0.07244217318677378,2025-10-10 01:11:26
1,2144,1.1411947752642408,-0.07143155991175047,2025-10-10 01:11:26
1,2145,1.141607201803148,-0.07041958423996764,2025-10-10 01:11:26
1,2146,1.1420133085607236,-0.06940626953962825,2025-10-10 01:11:26
1,2147,1.1424130870806681,-0.0683916392628822,2025-10-10 01:11:26
1,2148,1.1428065289231781,-0.06737571694576247,2025-10-10 01:11:26
1,2149,1.1431936256663184,-0.06635852620814102,2025-10-10 01:11:26
1,2150,1.1435743689074056,-0.0653400907537041,2025-10-10 01:11:26
1,2151,1.1439487502644008,-0.06432043436994644,2025-10-10 01:11:26
1,2152,1.1443167613773126,-0.06329958092818401,2025-10-10 01:11:26
1,2153,1.1446783939096072,-0.06227755438358459,2025-10-10 01:11:26
1,2154,1.1450336395496268,-0.061254378775215716,2025-10-10 01:11:26
1,2155,1.145382490012013,-0.06023007822610918,2025-10-10 01:11:26
1,2156,1.1457249370391371,-0.05920467694334124,2025-10-10 01:11:26
1,2157,1.1460609724025335,-0.05817819921812794,2025-10-10 01:11:26
1,2158,1.1463905879043375,-0.05715066942593429,2025-10-10 01:11:26
1,2159,1.1467137753787249,-0.05612211202659665,2025-10-10 01:11:26
1,2160,1.1470305266933543,-0.05509255156445702,2025-10-10 01:11:26
1,2161,1.14734083375081,-0.05406201266850822,2025-10-10 01:11:26
1,2162,1.1476446884900442,-0.0530305200525488,2025-10-10 01:11:26
1,2163,1.14794208288782,-0.05199809851534638,2025-10-10 01:11:26
1,2164,1.1482330089601513,-0.050964772940808145,2025-10-10 01:11:26
1,2165,1.1485174587637415,-0.04993056829815712,2025-10-10 01:11:26
1,2166,1.1487954243974183,-0.04889550964211286,2025-10-10 01:11:26
1,2167,1.149066898003566,-0.047859622113074984,2025-10-10 01:11:26
1,2168,1.1493318717695522,-0.046822930937308146,2025-10-10 01:11:26
1,2169,1.149590337929149,-0.04578546142712679,2025-10-10 01:11:26
1,2170,1.1498422887639506,-0.04474723898107814,2025-10-10 01:11:26
1,2171,1.1500877166047823,-0.043708289084121686,2025-10-10 01:11:26
1,2172,1.1503266138331034,-0.04266863730780361,2025-10-10 01:11:26
1,2173,1.150558972882403,-0.04162830931042426,2025-10-10 01:11:26
1,2174,1.150784786239588,-0.04058733083719703,2025-10-10 01:11:26
1,2175,1.1510040464463607,-0.039545727720396835,2025-10-10 01:11:26
1,2176,1.1512167461005904,-0.03850352587949628,2025-10-10 01:11:26
1,2177,1.1514228778576738,-0.03746075132128783,2025-10-10 01:11:26
1,2178,1.151622434431886,-0.03641743013999,2025-10-10 01:11:26
1,2179,1.1518154085977217,-0.03537358851733572,2025-10-10 01:11:26
1,2180,1.1520017931912265,-0.03432925272264106,2025-10-10 01:11:26
1,2181,1.152181581111317,-0.033284449112852325,2025-10-10 01:11:26
1,2182,1.1523547653210902,-0.0322392041325697,2025-10-10 01:11:26
1,2183,1.152521338849122,-0.03119354431404551,2025-10-10 01:11:26
1,2184,1.1526812947907552,-0.030147496277155218,2025-10-10 01:11:26
1,2185,1.1528346263093754,-0.029101086729339285,2025-10-10 01:11:26
1,2186,1.1529813266376758,-0.028054342465513978,2025-10-10 01:11:26
1,2187,1.1531213890789112,-0.027007290367949337,2025-10-10 01:11:26
1,2188,1.1532548070081396,-0.025959957406112406,2025-10-10 01:11:26
1,2189,1.1533815738734547,-0.024912370636473925,2025-10-10 01:11:26
1,2190,1.1535016831972043,-0.02386455720227671,2025-10-10 01:11:26
1,2191,1.1536151285771998,-0.022816544333263956,2025-10-10 01:11:26
1,2192,1.1537219036879147,-0.021768359345365716,2025-10-10 01:11:26
1,2193,1.153822002281671,-0.020720029640341902,2025-10-10 01:11:26
1,2194,1.153915418189817,-0.01967158270538013,2025-10-10 01:11:26
1,2195,1.1540021453238938,-0.018623046112646827,2025-10-10 01:11:26
1,2196,1.154082177676792,-0.017574447518790035,2025-10-10 01:11:26
1,2197,1.1541555093239002,-0.01652581466439242,2025-10-10 01:11:26
1,2198,1.1542221344242427,-0.015477175373373002,2025-10-10 01:11:26
1,2199,1.1542820472216104,-0.014428557552336269,2025-10-10 01:11:26
1,2200,1.1543352420456818,-0.013379989189867283,2025-10-10 01:11:26
1,2201,1.154381713313138,-0.012331498355771565,2025-10-10 01:11:26
1,2202,1.1544214555287695,-0.0112831132002585,2025-10-10 01:11:26
1,2203,1.1544544632865772,-0.010234861953067182,2025-10-10 01:11:26
1,2204,1.154480731270867,-0.009186772922533587,2025-10-10 01:11:26
1,2205,1.1545002542573395,-0.008138874494598118,2025-10-10 01:11:26
1,2206,1.1545130271141757,-0.007091195131752599,2025-10-10 01:11:26
1,2207,1.154519044803117,-0.00604376337192586,2025-10-10 01:11:26
1,2208,1.1545183023805443,-0.004996607827307187,2025-10-10 01:11:26
1,2209,1.154510794998553,-0.003949757183106946,2025-10-10 01:11:26
1,2210,1.1544965179060274,-0.0029032401962537776,2025-10-10 01:11:26
1,2211,1.1544754664497143,-0.0018570856940278734,2025-10-10 01:11:26
1,2212,1.1544476360752955,-0.0008113225726298981,2025-10-10 01:11:26
1,2213,1.154413022328463,0.00023402020431477532,2025-10-10 01:11:26
1,2214,1.1543716208559942,0.0012789136073167683,2025-10-10 01:11:26
1,2215,1.1543234274068308,0.002323328542648494,2025-10-10 01:11:26
1,2216,1.154268437833161,0.0033672358540351235,2025-10-10 01:11:26
1,2217,1.1542066480915056,0.004410606324410704,2025-10-10 01:11:26
1,2218,1.1541380542438116,0.005453410677739317,2025-10-10 01:11:26
1,2219,1.1540626524585484,0.00649561958090108,2025-10-10 01:11:26
1,2220,1.1539804390118151,0.007537203645642716,2025-10-10 01:11:26
1,2221,1.1538914102884532,0.00857813343059229,2025-10-10 01:11:26
1,2222,1.1537955627831706,0.009618379443337672,2025-10-10 01:11:26
1,2223,1.1536928931016743,0.010657912142568166,2025-10-10 01:11:26
1,2224,1.1535833979618149,0.011696701940278643,2025-10-10 01:11:26
1,2225,1.1534670741947428,0.012734719204035494,2025-10-10 01:11:26
1,2226,1.1533439187460781,0.013771934259303538,2025-10-10 01:11:26
1,2227,1.153213928677094,0.014808317391833041,2025-10-10 01:11:26
1,2228,1.1530771011659147,0.015843838850105815,2025-10-10 01:11:26
1,2229,1.1529334335087307,0.016878468847839372,2025-10-10 01:11:26
1,2230,1.152782923121029,0.01791217756654799,2025-10-10 01:11:26
1,2231,1.1526255675388424,0.01894493515815945,2025-10-10 01:11:26
1,2232,1.152461364420017,0.01997671174768617,2025-10-10 01:11:26
1,2233,1.1522903115454988,0.02100747743594938,2025-10-10 01:11:26
1,2234,1.1521124068206412,0.02203720230235486,2025-10-10 01:11:26
1,2235,1.1519276482765333,0.02306585640771879,2025-10-10 01:11:26
1,2236,1.15173603407135,0.02409340979714209,2025-10-10 01:11:26
1,2237,1.1515375624917261,0.02511983250293167,2025-10-10 01:11:26
1,2238,1.1513322319541512,0.02614509454756681,2025-10-10 01:11:26
1,2239,1.1511200410063922,0.027169165946709012,2025-10-10 01:11:26
1,2240,1.1509009883289376,0.02819201671225348,2025-10-10 01:11:26
1,2241,1.150675072736469,0.029213616855420316,2025-10-10 01:11:26
1,2242,1.1504422931793585,0.030233936389883618,2025-10-10 01:11:26
1,2243,1.1502026487451924,0.031252945334936444,2025-10-10 01:11:26
1,2244,1.1499561386603223,0.032270613718689715,2025-10-10 01:11:26
1,2245,1.1497027622914435,0.03328691158130296,2025-10-10 01:11:26
1,2246,1.149442519147202,0.03430180897824488,2025-10-10 01:11:26
1,2247,1.1491754088798296,0.03531527598358161,2025-10-10 01:11:26
1,2248,1.148901431286808,0.036327282693290594,2025-10-10 01:11:26
1,2249,1.1486205863125616,0.03733779922859778,2025-10-10 01:11:26
1,2250,1.1483328740501797,0.038346795739336165,2025-10-10 01:11:26
1,2251,1.1480382947431687,0.03935424240732335,2025-10-10 01:11:26
1,2252,1.1477368487872326,0.04036010944975594,2025-10-10 01:11:26
1,2253,1.1474285367320847,0.041364367122618546,2025-10-10 01:11:26
1,2254,1.1471133592832872,0.04236698572410525,2025-10-10 01:11:26
1,2255,1.1467913173041218,0.043367935598051195,2025-10-10 01:11:26
1,2256,1.1464624118174886,0.04436718713737213,2025-10-10 01:11:26
1,2257,1.1461266440078353,0.045364710787509706,2025-10-10 01:11:26
1,2258,1.1457840152231134,0.04636047704988024,2025-10-10 01:11:26
1,2259,1.1454345269767654,0.04735445648532481,2025-10-10 01:11:26
1,2260,1.1450781809497388,0.04834661971755841,2025-10-10 01:11:26
1,2261,1.1447149789925282,0.04933693743661608,2025-10-10 01:11:26
1,2262,1.144344923127244,0.05032538040229382,2025-10-10 01:11:26
1,2263,1.1439680155497098,0.051311919447582066,2025-10-10 01:11:26
1,2264,1.143584258631583,0.05229652548208981,2025-10-10 01:11:26
1,2265,1.143193654922503,0.05327916949545709,2025-10-10 01:11:26
1,2266,1.1427962071522628,0.05425982256075396,2025-10-10 01:11:26
1,2267,1.142391918233005,0.055238455837863853,2025-10-10 01:11:26
1,2268,1.1419807912614393,0.05621504057684937,2025-10-10 01:11:26
1,2269,1.1415628295210833,0.05718954812129862,2025-10-10 01:11:26
1,2270,1.1411380364845236,0.05816194991165018,2025-10-10 01:11:26
1,2271,1.1407064158156954,0.05913221748849488,2025-10-10 01:11:26
1,2272,1.1402679713721824,0.060100322495852496,2025-10-10 01:11:26
1,2273,1.1398227072075322,0.06106623668442188,2025-10-10 01:11:26
1,2274,1.139370627573589,0.06202993191480254,2025-10-10 01:11:26
1,2275,1.1389117369228403,0.06299138016068623,2025-10-10 01:11:26
1,2276,1.1384460399107768,0.06395055351201694,2025-10-10 01:11:26
1,2277,1.1379735413982632,0.06490742417811773,2025-10-10 01:11:26
1,2278,1.1374942464539215,0.06586196449078303,2025-10-10 01:11:26
1,2279,1.13700816035652,0.06681414690733489,2025-10-10 01:11:26
1,2280,1.1365152885973717,0.06776394401364201,2025-10-10 01:11:26
1,2281,1.1360156368827359,0.06871132852710014,2025-10-10 01:11:26
1,2282,1.135509211136225,0.06965627329957282,2025-10-10 01:11:26
1,2283,1.1349960175012128,0.07059875132029106,2025-10-10 01:11:26
1,2284,1.1344760623432422,0.07153873571871126,2025-10-10 01:11:26
1,2285,1.133949352252431,0.07247619976733005,2025-10-10 01:11:26
1,2286,1.1334158940458756,0.07341111688445527,2025-10-10 01:11:26
1,2287,1.1328756947700456,0.07434346063693224,2025-10-10 01:11:26
1,2288,1.132328761703175,0.0752732047428245,2025-10-10 01:11:26
1,2289,1.1317751023576406,0.07620032307404832,2025-10-10 01:11:26
1,2290,1.13121472448233,0.07712478965896027,2025-10-10 01:11:26
1,2291,1.1306476360649964,0.07804657868489741,2025-10-10 01:11:26
1,2292,1.1300738453345964,0.07896566450066939,2025-10-10 01:11:26
1,2293,1.1294933607636117,0.07988202161900222,2025-10-10 01:11:26
1,2294,1.1289061910703493,0.08079562471893326,2025-10-10 01:11:26
1,2295,1.128312345221221,0.08170644864815696,2025-10-10 01:11:26
1,2296,1.1277118324329982,0.08261446842532152,2025-10-10 01:11:26
1,2297,1.1271046621750411,0.08351965924227586,2025-10-10 01:11:26
1,2298,1.1264908441714996,0.08442199646626701,2025-10-10 01:11:26
1,2299,1.1258703884034835,0.08532145564208794,2025-10-10 01:11:26
1,2300,1.1252433051112007,0.08621801249417572,2025-10-10 01:11:26
1,2301,1.124609604796061,0.08711164292866012,2025-10-10 01:11:26
1,2302,1.1239692982227434,0.0880023230353629,2025-10-10 01:11:26
1,2303,1.1233223964212251,0.08889002908974784,2025-10-10 01:11:26
1,2304,1.1226689106887695,0.0897747375548219,2025-10-10 01:11:26
1,2305,1.1220088525918719,0.09065642508298781,2025-10-10 01:11:26
1,2306,1.1213422339681614,0.09153506851784836,2025-10-10 01:11:26
1,2307,1.1206690669282557,0.09241064489596297,2025-10-10 01:11:26
1,2308,1.119989363857568,0.09328313144855696,2025-10-10 01:11:26
1,2309,1.1193031374180638,0.09415250560318393,2025-10-10 01:11:26
1,2310,1.118610400549966,0.09501874498534207,2025-10-10 01:11:26
1,2311,1.1179111664734067,0.09588182742004478,2025-10-10 01:11:26
1,2312,1.1172054486900234,0.09674173093334638,2025-10-10 01:11:26
1,2313,1.1164932609844977,0.09759843375382361,2025-10-10 01:11:26
1,2314,1.1157746174260377,0.09845191431401366,2025-10-10 01:11:26
1,2315,1.1150495323697973,0.09930215125180947,2025-10-10 01:11:26
1,2316,1.1143180204582375,0.1001491234118131,2025-10-10 01:11:26
1,2317,1.113580096622422,0.10099280984664816,2025-10-10 01:11:26
1,2318,1.1128357760832512,0.1018331898182319,2025-10-10 01:11:26
1,2319,1.112085074352629,0.10267024279900823,2025-10-10 01:11:26
1,2320,1.1113280072345637,0.10350394847314212,2025-10-10 01:11:26
1,2321,1.1105645908262023,0.10433428673767686,2025-10-10 01:11:26
1,2322,1.1097948415187953,0.10516123770365471,2025-10-10 01:11:26
1,2323,1.1090187759985914,0.1059847816972021,2025-10-10 01:11:26
1,2324,1.1082364112476644,0.10680489926058048,2025-10-10 01:11:26
1,2325,1.1074477645446656,0.10762157115320362,2025-10-10 01:11:26
1,2326,1.106652853465508,0.1084347783526225,2025-10-10 01:11:26
1,2327,1.1058516958839757,0.10924450205547885,2025-10-10 01:11:26
1,2328,1.1050443099722613,0.1100507236784283,2025-10-10 01:11:26
1,2329,1.1042307142014314,0.11085342485903422,2025-10-10 01:11:26
1,2330,1.1034109273418162,0.11165258745663328,2025-10-10 01:11:26
1,2331,1.1025849684633282,0.11244819355317377,2025-10-10 01:11:26
1,2332,1.101752856935705,0.11324022545402775,2025-10-10 01:11:26
1,2333,1.100914612428679,0.11402866568877792,2025-10-10 01:11:26
1,2334,1.1000702549120749,0.11481349701198056,2025-10-10 01:11:26
1,2335,1.099219804655831,0.11559470240390507,2025-10-10 01:11:26
1,2336,1.0983632822299496,0.11637226507125162,2025-10-10 01:11:26
1,2337,1.0975007085043729,0.11714616844784746,2025-10-10 01:11:26
1,2338,1.096632104648788,0.11791639619532322,2025-10-10 01:11:26
1,2339,1.095757492132358,0.11868293220376991,2025-10-10 01:11:26
1,2340,1.0948768927233845,0.11944576059237766,2025-10-10 01:11:26
1,2341,1.0939903284888968,0.12020486571005709,2025-10-10 01:11:26
1,2342,1.0930978217941734,0.12096023213604429,2025-10-10 01:11:26
1,2343,1.0921993953021933,0.12171184468049004,2025-10-10 01:11:26
1,2344,1.0912950719730208,0.12245968838503449,2025-10-10 01:11:26
1,2345,1.090384875063122,0.1232037485233677,2025-10-10 01:11:26
1,2346,1.0894688281246168,0.12394401060177714,2025-10-10 01:11:26
1,2347,1.088546955004466,0.1246804603596828,2025-10-10 01:11:26
1,2348,1.087619279843595,0.12541308377016058,2025-10-10 01:11:26
1,2349,1.0866858270759565,0.12614186704045474,2025-10-10 01:11:26
1,2350,1.085746621427531,0.12686679661248,2025-10-10 01:11:26
1,2351,1.0848016879152715,0.127587859163314,2025-10-10 01:11:26
1,2352,1.0838510518459874,0.12830504160568074,2025-10-10 01:11:26
1,2353,1.0828947388151748,0.12901833108842517,2025-10-10 01:11:26
1,2354,1.0819327747057925,0.1297277149969802,2025-10-10 01:11:26
1,2355,1.0809651856869853,0.13043318095382572,2025-10-10 01:11:26
1,2356,1.0799919982127564,0.13113471681894093,2025-10-10 01:11:26
1,2357,1.0790132390205915,0.1318323106902496,2025-10-10 01:11:26
1,2358,1.0780289351300363,0.1325259509040592,2025-10-10 01:11:26
1,2359,1.0770391138412274,0.13321562603549397,2025-10-10 01:11:26
1,2360,1.076043802733382,0.13390132489892229,2025-10-10 01:11:26
1,2361,1.0750430296632452,0.13458303654837836,2025-10-10 01:11:26
1,2362,1.0740368227634973,0.13526075027797888,2025-10-10 01:11:26
1,2363,1.073025210441126,0.13593445562233433,2025-10-10 01:11:26
1,2364,1.0720082213757607,0.1366041423569554,2025-10-10 01:11:26
1,2365,1.0709858845179752,0.13726980049865434,2025-10-10 01:11:26
1,2366,1.069958229087558,0.13793142030594155,2025-10-10 01:11:26
1,2367,1.0689252845717538,0.13858899227941712,2025-10-10 01:11:26
1,2368,1.0678870807234766,0.13924250716215752,2025-10-10 01:11:26
1,2369,1.0668436475594982,0.13989195594009723,2025-10-10 01:11:26
1,2370,1.0657950153586129,0.14053732984240508,2025-10-10 01:11:26
1,2371,1.0647412146597794,0.14117862034185547,2025-10-10 01:11:26
1,2372,1.0636822762602451,0.14181581915519384,2025-10-10 01:11:26
1,2373,1.0626182312136503,0.14244891824349656,2025-10-10 01:11:26
1,2374,1.0615491108281165,0.14307790981252463,2025-10-10 01:11:26
1,2375,1.0604749466643217,0.14370278631307104,2025-10-10 01:11:26
1,2376,1.059395770533562,0.14432354044130138,2025-10-10 01:11:26
1,2377,1.0583116144958011,0.14494016513908742,2025-10-10 01:11:26
1,2378,1.057222510857713,0.14555265359433303,2025-10-10 01:11:26
1,2379,1.0561284921707137,0.1461609992412922,2025-10-10 01:11:26
1,2380,1.0550295912289895,0.14676519576087843,2025-10-10 01:11:26
1,2381,1.0539258410675179,0.14736523708096538,2025-10-10 01:11:26
1,2382,1.052817274960085,0.14796111737667753,2025-10-10 01:11:26
1,2383,1.0517039264173027,0.14855283107067102,2025-10-10 01:11:26
1,2384,1.0505858291846217,0.14914037283340364,2025-10-10 01:11:26
1,2385,1.0494630172403465,0.14972373758339327,2025-10-10 01:11:26
1,2386,1.0483355247936497,0.15030292048746433,2025-10-10 01:11:26
1,2387,1.047203386282589,0.1508779169609814,2025-10-10 01:11:26
1,2388,1.0460666363721258,0.15144872266806947,2025-10-10 01:11:26
1,2389,1.0449253099521485,0.1520153335218196,2025-10-10 01:11:26
1,2390,1.0437794421354978,0.1525777456844799,2025-10-10 01:11:26
1,2391,1.0426290682559973,0.15313595556763054,2025-10-10 01:11:26
1,2392,1.0414742238664894,0.1536899598323421,2025-10-10 01:11:26
1,2393,1.0403149447368745,0.15423975538931647,2025-10-10 01:11:26
1,2394,1.0391512668521572,0.1547853393990096,2025-10-10 01:11:26
1,2395,1.037983226410497,0.15532670927173478,2025-10-10 01:11:26
1,2396,1.0368108598212633,0.1558638626677462,2025-10-10 01:11:26
1,2397,1.035634203703098,0.15639679749730143,2025-10-10 01:11:26
1,2398,1.0344532948819805,0.15692551192070195,2025-10-10 01:11:26
1,2399,1.033268170389297,0.15745000434831122,2025-10-10 01:11:26
1,2400,1.0320788674599162,0.1579702734405488,2025-10-10 01:11:26
1,2401,1.0308854235302665,0.15848631810785996,2025-10-10 01:11:26
1,2402,1.0296878762364152,0.15899813751065994,2025-10-10 01:11:26
1,2403,1.0284862634121514,0.1595057310592514,2025-10-10 01:11:26
1,2404,1.027280623087068,0.16000909841371466,2025-10-10 01:11:26
1,2405,1.026070993484644,0.1605082394837696,2025-10-10 01:11:26
1,2406,1.0248574130203256,0.16100315442860808,2025-10-10 01:11:26
1,2407,1.0236399202996047,0.16149384365669617,2025-10-10 01:11:26
1,2408,1.0224185541160922,0.16198030782554526,2025-10-10 01:11:26
1,2409,1.0211933534495867,0.1624625478414509,2025-10-10 01:11:26
1,2410,1.0199643574641355,0.16294056485919847,2025-10-10 01:11:26
1,2411,1.0187316055060867,0.16341436028173503,2025-10-10 01:11:26
1,2412,1.0174951371021308,0.16388393575980606,2025-10-10 01:11:26
1,2413,1.016254991957329,0.1643492931915564,2025-10-10 01:11:26
1,2414,1.0150112099531272,0.16481043472209428,2025-10-10 01:11:26
1,2415,1.013763831145354,0.1652673627430179,2025-10-10 01:11:26
1,2416,1.012512895762198,0.16572007989190327,2025-10-10 01:11:26
1,2417,1.0112584442021657,0.16616858905175264,2025-10-10 01:11:26
1,2418,1.0100005170320145,0.16661289335040272,2025-10-10 01:11:26
1,2419,1.0087391549846614,0.16705299615989172,2025-10-10 01:11:26
1,2420,1.0074743989570614,0.16748890109578443,2025-10-10 01:11:26
1,2421,1.0062062900080568,0.1679206120164546,2025-10-10 01:11:26
1,2422,1.0049348693561921,0.16834813302232382,2025-10-10 01:11:26
1,2423,1.0036601783774923,0.1687714684550559,2025-10-10 01:11:26
1,2424,1.0023822586032036,0.1691906228967065,2025-10-10 01:11:26
1,2425,1.001101151717492,0.16960560116882684,2025-10-10 01:11:26
1,2426,0.999816899555097,0.17001640833152099,2025-10-10 01:11:26
1,2427,0.9985295440989393,0.17042304968245606,2025-10-10 01:11:26
1,2428,0.9972391274776776,0.1708255307558246,2025-10-10 01:11:26
1,2429,0.9959456919632129,0.17122385732125875,2025-10-10 01:11:26
1,2430,0.9946492799681373,0.17161803538269524,2025-10-10 01:11:26
1,2431,0.9933499340431244,0.1720080711771911,2025-10-10 01:11:26
1,2432,0.9920476968742576,0.17239397117368924,2025-10-10 01:11:26
1,2433,0.9907426112802948,0.1727757420717333,2025-10-10 01:11:26
1,2434,0.9894347202098657,0.17315339080013192,2025-10-10 01:11:26
1,2435,0.988124066738599,0.17352692451557125,2025-10-10 01:11:26
1,2436,0.9868106940661773,0.1738963506011757,2025-10-10 01:11:26
1,2437,0.9854946455133154,0.17426167666501663,2025-10-10 01:11:26
1,2438,0.9841759645186618,0.17462291053856838,2025-10-10 01:11:26
1,2439,0.9828546946356173,0.1749800602751115,2025-10-10 01:11:26
1,2440,0.9815308795290709,0.17533313414808305,2025-10-10 01:11:26
1,2441,0.9802045629720499,0.1756821406493734,2025-10-10 01:11:26
1,2442,0.9788757888422798,0.17602708848756976,2025-10-10 01:11:26
1,2443,0.9775446011186532,0.17636798658614591,2025-10-10 01:11:26
1,2444,0.9762110438776056,0.1767048440815983,2025-10-10 01:11:26
1,2445,0.9748751612893943,0.17703767032152837,2025-10-10 01:11:26
1,2446,0.9735369976142789,0.17736647486267088,2025-10-10 01:11:26
1,2447,0.9721965971986015,0.1776912674688687,2025-10-10 01:11:26
1,2448,0.9708540044707641,0.1780120581089936,2025-10-10 01:11:26
1,2449,0.9695092639371011,0.17832885695481326,2025-10-10 01:11:26
1,2450,0.9681624201776461,0.1786416743788051,2025-10-10 01:11:26
1,2451,0.966813517841789,0.17895052095191633,2025-10-10 01:11:26
1,2452,0.9654626016438246,0.179255407441271,2025-10-10 01:11:26
1,2453,0.9641097163583886,0.17955634480782415,2025-10-10 01:11:26
1,2454,0.9627549068157818,0.17985334420396318,2025-10-10 01:11:26
1,2455,0.9613982178971789,0.180146416971057,2025-10-10 01:11:26
1,2456,0.9600396945297232,0.18043557463695314,2025-10-10 01:11:26
1,2457,0.9586793816815037,0.18072082891342353,2025-10-10 01:11:26
1,2458,0.9573173243564165,0.1810021916935589,2025-10-10 01:11:26
1,2459,0.9559535675889067,0.1812796750491128,2025-10-10 01:11:26
1,2460,0.9545881564385933,0.18155329122779543,2025-10-10 01:11:26
1,2461,0.9532211359847735,0.1818230526505181,2025-10-10 01:11:26
1,2462,0.9518525513208095,0.18208897190858866,2025-10-10 01:11:26
1,2463,0.9504824475483944,0.18235106176085883,2025-10-10 01:11:26
1,2464,0.9491108697716998,0.1826093351308238,2025-10-10 01:11:26
1,2465,0.9477378630914036,0.18286380510367523,2025-10-10 01:11:26
1,2466,0.9463634725985994,0.18311448492330792,2025-10-10 01:11:26
1,2467,0.9449877433685873,0.1833613879892815,2025-10-10 01:11:26
1,2468,0.9436107204545466,0.1836045278537374,2025-10-10 01:11:26
1,2469,0.9422324488810933,0.1838439182182725,2025-10-10 01:11:26
1,2470,0.9408529736377194,0.18407957293076996,2025-10-10 01:11:26
1,2471,0.9394723396721194,0.18431150598218846,2025-10-10 01:11:26
1,2472,0.9380905918834025,0.18453973150331066,2025-10-10 01:11:26
1,2473,0.9367077751151931,0.18476426376145189,2025-10-10 01:11:26
1,2474,0.9353239341486212,0.18498511715713026,2025-10-10 01:11:26
1,2475,0.9339391136952041,0.18520230622069905,2025-10-10 01:11:26
1,2476,0.9325533583896215,0.18541584560894273,2025-10-10 01:11:26
1,2477,0.9311667127823869,0.18562575010163745,2025-10-10 01:11:26
1,2478,0.9297792213324162,0.18583203459807754,2025-10-10 01:11:26
1,2479,0.9283909283994969,0.18603471411356876,2025-10-10 01:11:26
1,2480,0.9270018782366605,0.18623380377588994,2025-10-10 01:11:26
1,2481,0.9256121149824601,0.18642931882172406,2025-10-10 01:11:26
1,2482,0.9242216826531573,0.1866212745930599,2025-10-10 01:11:26
1,2483,0.9228306251348201,0.186809686533566,2025-10-10 01:11:26
1,2484,0.9214389861753359,0.1869945701849376,2025-10-10 01:11:26
1,2485,0.9200468093763431,0.18717594118321856,2025-10-10 01:11:26
1,2486,0.9186541381850831,0.1873538152550993,2025-10-10 01:11:26
1,2487,0.9172610158861794,0.18752820821419197,2025-10-10 01:11:26
1,2488,0.9158674855933436,0.1876991359572846,2025-10-10 01:11:26
1,2489,0.9144735902410164,0.1878666144605755,2025-10-10 01:11:26
1,2490,0.9130793725759432,0.18803065977588934,2025-10-10 01:11:26
1,2491,0.9116848751486923,0.1881912880268762,2025-10-10 01:11:26
1,2492,0.9102901403051178,0.1883485154051956,2025-10-10 01:11:26
1,2493,0.908895210177771,0.18850235816668612,2025-10-10 01:11:26
1,2494,0.9075001266772671,0.18865283262752294,2025-10-10 01:11:26
1,2495,0.9061049314836094,0.18879995516036438,2025-10-10 01:11:26
1,2496,0.9047096660374767,0.18894374219048887,2025-10-10 01:11:26
1,2497,0.9033143715314784,0.18908421019192417,2025-10-10 01:11:26
1,2498,0.9019190889013822,0.1892213756835701,2025-10-10 01:11:26
1,2499,0.9005238588173187,0.18935525522531643,2025-10-10 01:11:26
1,2500,0.8991287216749692,0.18948586541415763,2025-10-10 01:11:26
1,2501,0.8977337175867398,0.18961322288030547,2025-10-10 01:11:26
1,2502,0.8963388863729288,0.1897373442833017,2025-10-10 01:11:26
1,2503,0.8949442675528906,0.18985824630813192,2025-10-10 01:11:26
1,2504,0.8935499003362032,0.1899759456613422,2025-10-10 01:11:26
1,2505,0.8921558236138429,0.19009045906716024,2025-10-10 01:11:26
1,2506,0.8907620759493727,0.19020180326362215,2025-10-10 01:11:26
1,2507,0.8893686955701485,0.19030999499870713,2025-10-10 01:11:26
1,2508,0.8879757203585497,0.19041505102648057,2025-10-10 01:11:26
1,2509,0.8865831878432383,0.19051698810324805,2025-10-10 01:11:26
1,2510,0.8851911351904531,0.19061582298372115,2025-10-10 01:11:26
1,2511,0.8837995991953429,0.19071157241719677,2025-10-10 01:11:26
1,2512,0.8824086162733457,0.19080425314375152,2025-10-10 01:11:26
1,2513,0.8810182224516178,0.1908938818904524,2025-10-10 01:11:26
1,2514,0.8796284533605191,0.1909804753675857,2025-10-10 01:11:26
1,2515,0.8782393442251598,0.19106405026490508,2025-10-10 01:11:26
1,2516,0.8768509298570134,0.19114462324790063,2025-10-10 01:11:26
1,2517,0.8754632446456017,0.19122221095409003,2025-10-10 01:11:26
1,2518,0.8740763225502569,0.19129682998933373,2025-10-10 01:11:26
1,2519,0.8726901970919669,0.19136849692417487,2025-10-10 01:11:26
1,2520,0.871304901345307,0.19143722829020596,2025-10-10 01:11:26
1,2521,0.8699204679304652,0.19150304057646317,2025-10-10 01:11:26
1,2522,0.8685369290053654,0.19156595022584993,2025-10-10 01:11:26
1,2523,0.8671543162578935,0.1916259736315911,2025-10-10 01:11:26
1,2524,0.8657726608982317,0.19168312713371868,2025-10-10 01:11:26
1,2525,0.8643919936513051,0.19173742701559102,2025-10-10 01:11:26
1,2526,0.8630123447493475,0.19178888950044587,2025-10-10 01:11:26
1,2527,0.8616337439245885,0.19183753074798954,2025-10-10 01:11:26
1,2528,0.8602562204020686,0.1918833668510224,2025-10-10 01:11:26
1,2529,0.858879802892587,0.19192641383210265,2025-10-10 01:11:26
1,2530,0.8575045195857848,0.19196668764024916,2025-10-10 01:11:26
1,2531,0.8561303981433702,0.19200420414768454,2025-10-10 01:11:26
1,2532,0.8547574656924893,0.19203897914661971,2025-10-10 01:11:26
1,2533,0.8533857488192464,0.1920710283460808,2025-10-10 01:11:26
1,2534,0.8520152735623788,0.19210036736877975,2025-10-10 01:11:26
1,2535,0.8506460654070892,0.19212701174802943,2025-10-10 01:11:26
1,2536,0.8492781492790412,0.1921509769247043,2025-10-10 01:11:26
1,2537,0.8479115495385204,0.1921722782442476,2025-10-10 01:11:26
1,2538,0.8465462899747656,0.19219093095372627,2025-10-10 01:11:26
1,2539,0.8451823938004734,0.19220695019893394,2025-10-10 01:11:26
1,2540,0.8438198836464813,0.1922203510215435,2025-10-10 01:11:26
1,2541,0.8424587815566293,0.19223114835630978,2025-10-10 01:11:26
1,2542,0.8410991089828082,0.19223935702832315,2025-10-10 01:11:26
1,2543,0.8397408867801929,0.1922449917503151,2025-10-10 01:11:26
1,2544,0.8383841352026684,0.19224806712001621,2025-10-10 01:11:26
1,2545,0.8370288738984474,0.19224859761756766,2025-10-10 01:11:26
1,2546,0.8356751219058854,0.1922465976029866,2025-10-10 01:11:26
1,2547,0.834322897649495,0.1922420813136863,2025-10-10 01:11:26
1,2548,0.8329722189361611,0.19223506286205186,2025-10-10 01:11:26
1,2549,0.8316231029515619,0.19222555623307155,2025-10-10 01:11:26
1,2550,0.8302755662567952,0.1922135752820252,2025-10-10 01:11:26
1,2551,0.8289296247852146,0.1921991337322294,2025-10-10 01:11:26
1,2552,0.8275852938394768,0.19218224517284063,2025-10-10 01:11:26
1,2553,0.8262425880888018,0.19216292305671645,2025-10-10 01:11:26
1,2554,0.8249015215664486,0.1921411806983355,2025-10-10 01:11:26
1,2555,0.8235621076674073,0.19211703127177657,2025-10-10 01:11:26
1,2556,0.8222243591463108,0.19209048780875723,2025-10-10 01:11:26
1,2557,0.8208882881155647,0.19206156319673245,2025-10-10 01:11:26
1,2558,0.8195539060437012,0.1920302701770534,2025-10-10 01:11:26
1,2559,0.8182212237539533,0.19199662134318707,2025-10-10 01:11:26
1,2560,0.8168902514230552,0.19196062913899667,2025-10-10 01:11:26
1,2561,0.8155609985802653,0.1919223058570833,2025-10-10 01:11:26
1,2562,0.8142334741066177,0.1918816636371892,2025-10-10 01:11:26
1,2563,0.812907686234398,0.19183871446466239,2025-10-10 01:11:26
1,2564,0.8115836425468481,0.19179347016898354,2025-10-10 01:11:26
1,2565,0.8102613499780983,0.1917459424223546,2025-10-10 01:11:26
1,2566,0.8089408148133276,0.19169614273834978,2025-10-10 01:11:26
1,2567,0.8076220426891532,0.19164408247062878,2025-10-10 01:11:26
1,2568,0.8063050385942484,0.19158977281171233,2025-10-10 01:11:26
1,2569,0.80498980687019,0.19153322479182025,2025-10-10 01:11:26
1,2570,0.8036763512125338,0.19147444927777196,2025-10-10 01:11:26
1,2571,0.8023646746721201,0.1914134569719495,2025-10-10 01:11:26
1,2572,0.8010547796566069,0.19135025841132297,2025-10-10 01:11:26
1,2573,0.7997466679322314,0.1912848639665384,2025-10-10 01:11:26
1,2574,0.7984403406257999,0.19121728384106812,2025-10-10 01:11:26
1,2575,0.7971357982269044,0.19114752807042315,2025-10-10 01:11:26
1,2576,0.7958330405903654,0.19107560652142805,2025-10-10 01:11:26
1,2577,0.7945320669389017,0.19100152889155755,2025-10-10 01:11:26
1,2578,0.7932328758660234,0.1909253047083353,2025-10-10 01:11:26
1,2579,0.7919354653391506,0.190846943328794,2025-10-10 01:11:26
1,2580,0.7906398327029532,0.19076645393899744,2025-10-10 01:11:26
1,2581,0.7893459746829136,0.19068384555362336,2025-10-10 01:11:26
1,2582,0.7880538873891092,0.1905991270156077,2025-10-10 01:11:26
1,2583,0.7867635663202144,0.1905123069958493,2025-10-10 01:11:26
1,2584,0.7854750063677193,0.19042339399297545,2025-10-10 01:11:26
1,2585,0.7841882018203653,0.19033239633316712,2025-10-10 01:11:26
1,2586,0.7829031463687948,0.19023932217004444,2025-10-10 01:11:26
1,2587,0.781619833110413,0.19014417948461132,2025-10-10 01:11:26
1,2588,0.7803382545544616,0.19004697608525947,2025-10-10 01:11:26
1,2589,0.7790584026273001,0.1899477196078309,2025-10-10 01:11:26
1,2590,0.7777802686778953,0.18984641751573889,2025-10-10 01:11:26
1,2591,0.7765038434835146,0.1897430771001466,2025-10-10 01:11:26
1,2592,0.775229117255623,0.18963770548020342,2025-10-10 01:11:26
1,2593,0.7739560796459795,0.18953030960333805,2025-10-10 01:11:26
1,2594,0.7726847197529322,0.18942089624560812,2025-10-10 01:11:26
1,2595,0.7714150261279096,0.18930947201210568,2025-10-10 01:11:26
1,2596,0.7701469867821041,0.1891960433374183,2025-10-10 01:11:26
1,2597,0.7688805891933473,0.18908061648614494,2025-10-10 01:11:26
1,2598,0.7676158203131725,0.18896319755346616,2025-10-10 01:11:26
1,2599,0.7663526665740632,0.1888437924657681,2025-10-10 01:11:26
1,2600,0.7650911138968839,0.18872240698131965,2025-10-10 01:11:26
1,2601,0.7638311476984909,0.1885990466910021,2025-10-10 01:11:26
1,2602,0.7625727528995199,0.18847371701909077,2025-10-10 01:11:26
1,2603,0.761315913932347,0.18834642322408776,2025-10-10 01:11:26
1,2604,0.7600606147492213,0.18821717039960548,2025-10-10 01:11:26
1,2605,0.7588068388305644,0.1880859634752999,2025-10-10 01:11:26
1,2606,0.757554569193435,0.18795280721785323,2025-10-10 01:11:26
1,2607,0.7563037884001542,0.18781770623200475,2025-10-10 01:11:26
1,2608,0.7550544785670888,0.1876806649616297,2025-10-10 01:11:26
1,2609,0.7538066213735894,0.1875416876908649,2025-10-10 01:11:26
1,2610,0.7525601980710789,0.18740077854528092,2025-10-10 01:11:26
1,2611,0.7513151894922886,0.1872579414930992,2025-10-10 01:11:26
1,2612,0.7500715760606389,0.18711318034645427,2025-10-10 01:11:26
1,2613,0.7488293377997592,0.18696649876269938,2025-10-10 01:11:26
1,2614,0.7475884543431446,0.1868179002457554,2025-10-10 01:11:26
1,2615,0.7463489049439455,0.18666738814750156,2025-10-10 01:11:26
1,2616,0.7451106684848857,0.18651496566920756,2025-10-10 01:11:26
1,2617,0.7438737234883062,0.18636063586300597,2025-10-10 01:11:26
1,2618,0.7426380481263282,0.18620440163340407,2025-10-10 01:11:26
1,2619,0.7414036202311354,0.18604626573883418,2025-10-10 01:11:26
1,2620,0.740170417305367,0.18588623079324149,2025-10-10 01:11:26
1,2621,0.7389384165326207,0.1857242992677086,2025-10-10 01:11:26
1,2622,0.7377075947880595,0.1855604734921156,2025-10-10 01:11:26
1,2623,0.7364779286491189,0.1853947556568349,2025-10-10 01:11:26
1,2624,0.7352493944063102,0.1852271478144594,2025-10-10 01:11:26
1,2625,0.7340219680741147,0.18505765188156367,2025-10-10 01:11:26
1,2626,0.7327956254019654,0.18488626964049637,2025-10-10 01:11:26
1,2627,0.7315703418853114,0.18471300274120334,2025-10-10 01:11:26
1,2628,0.7303460927767599,0.18453785270308,2025-10-10 01:11:26
1,2629,0.7291228530972915,0.18436082091685235,2025-10-10 01:11:26
1,2630,0.7279005976475452,0.18418190864648482,2025-10-10 01:11:26
1,2631,0.7266793010191663,0.18400111703111466,2025-10-10 01:11:26
1,2632,0.7254589376062144,0.18381844708701106,2025-10-10 01:11:26
1,2633,0.7242394816166255,0.1836338997095582,2025-10-10 01:11:26
1,2634,0.7230209070837245,0.183447475675261,2025-10-10 01:11:26
1,2635,0.721803187877781,0.1832591756437724,2025-10-10 01:11:26
1,2636,0.7205862977176067,0.1830690001599408,2025-10-10 01:11:26
1,2637,0.7193702101821867,0.1828769496558769,2025-10-10 01:11:26
1,2638,0.7181548987223405,0.18268302445303813,2025-10-10 01:11:26
1,2639,0.7169403366724084,0.18248722476433002,2025-10-10 01:11:26
1,2640,0.7157264972619574,0.1822895506962228,2025-10-10 01:11:26
1,2641,0.7145133536275011,0.1820900022508822,2025-10-10 01:11:26
1,2642,0.7133008788242302,0.1818885793283133,2025-10-10 01:11:26
1,2643,0.7120890458377456,0.18168528172851575,2025-10-10 01:11:26
1,2644,0.7108778275957918,0.18148010915364965,2025-10-10 01:11:26
1,2645,0.709667196979983,0.1812730612102101,2025-10-10 01:11:26
1,2646,0.7084571268375188,0.18106413741120989,2025-10-10 01:11:26
1,2647,0.7072475899928813,0.18085333717836816,2025-10-10 01:11:26
1,2648,0.7060385592595112,0.18064065984430455,2025-10-10 01:11:26
1,2649,0.7048300074514562,0.18042610465473688,2025-10-10 01:11:26
1,2650,0.7036219073949855,0.18020967077068126,2025-10-10 01:11:26
1,2651,0.7024142319401672,0.1799913572706534,2025-10-10 01:11:26
1,2652,0.7012069539724004,0.17977116315286953,2025-10-10 01:11:26
1,2653,0.7000000464239,0.1795490873374457,2025-10-10 01:11:26
1,2654,0.6987934822851248,0.17932512866859415,2025-10-10 01:11:26
1,2655,0.6975872346161475,0.17909928591681523,2025-10-10 01:11:26
1,2656,0.6963812765579575,0.1788715577810837,2025-10-10 01:11:26
1,2657,0.6951755813436944,0.17864194289102794,2025-10-10 01:11:26
1,2658,0.6939701223098046,0.17841043980910054,2025-10-10 01:11:26
1,2659,0.6927648729071157,0.1781770470327394,2025-10-10 01:11:26
1,2660,0.6915598067118252,0.1779417629965173,2025-10-10 01:11:26
1,2661,0.690354897436395,0.17770458607427922,2025-10-10 01:11:26
1,2662,0.6891501189403506,0.17746551458126558,2025-10-10 01:11:26
1,2663,0.6879454452409749,0.17722454677622038,2025-10-10 01:11:26
1,2664,0.686740850523895,0.1769816808634826,2025-10-10 01:11:26
1,2665,0.6855363091535555,0.17673691499505975,2025-10-10 01:11:26
1,2666,0.6843317956835723,0.17649024727268225,2025-10-10 01:11:26
1,2667,0.6831272848669634,0.17624167574983704,2025-10-10 01:11:26
1,2668,0.6819227516662497,0.17599119843377947,2025-10-10 01:11:26
1,2669,0.6807181712634227,0.17573881328752186,2025-10-10 01:11:26
1,2670,0.679513519069772,0.17548451823179773,2025-10-10 01:11:26
1,2671,0.6783087707355696,0.17522831114700013,2025-10-10 01:11:26
1,2672,0.677103902159605,0.17497018987509314,2025-10-10 01:11:26
1,2673,0.6758988894985662,0.17471015222149494,2025-10-10 01:11:26
1,2674,0.6746937091762626,0.1744481959569315,2025-10-10 01:11:26
1,2675,0.6734883378926839,0.17418431881925964,2025-10-10 01:11:26
1,2676,0.6722827526328926,0.1739185185152581,2025-10-10 01:11:26
1,2677,0.6710769306757425,0.17365079272238584,2025-10-10 01:11:26
1,2678,0.6698708496024216,0.17338113909050581,2025-10-10 01:11:26
1,2679,0.6686644873048136,0.1731095552435738,2025-10-10 01:11:26
1,2680,0.6674578219936739,0.1728360387812907,2025-10-10 01:11:26
1,2681,0.6662508322066163,0.1725605872807174,2025-10-10 01:11:26
1,2682,0.6650434968159065,0.1722831982978513,2025-10-10 01:11:26
1,2683,0.6638357950360577,0.1720038693691631,2025-10-10 01:11:26
1,2684,0.6626277064312258,0.17172259801309345,2025-10-10 01:11:26
1,2685,0.6614192109223989,0.17143938173150797,2025-10-10 01:11:26
1,2686,0.6602102887943792,0.17115421801111003,2025-10-10 01:11:26
1,2687,0.6590009207025526,0.17086710432481025,2025-10-10 01:11:26
1,2688,0.6577910876794437,0.17057803813305208,2025-10-10 01:11:26
1,2689,0.6565807711410521,0.17028701688509237,2025-10-10 01:11:26
1,2690,0.6553699528929676,0.16999403802023647,2025-10-10 01:11:26
1,2691,0.6541586151362616,0.16969909896902666,2025-10-10 01:11:26
1,2692,0.6529467404731512,0.16940219715438387,2025-10-10 01:11:26
1,2693,0.651734311912434,0.16910332999270128,2025-10-10 01:11:26
1,2694,0.6505213128746918,0.16880249489488985,2025-10-10 01:11:26
1,2695,0.6493077271972588,0.1684996892673747,2025-10-10 01:11:26
1,2696,0.6480935391389548,0.1681949105130421,2025-10-10 01:11:26
1,2697,0.64687873338458,0.16788815603213642,2025-10-10 01:11:26
1,2698,0.6456632950491692,0.16757942322310665,2025-10-10 01:11:26
1,2699,0.6444472096820054,0.16726870948340217,2025-10-10 01:11:26
1,2700,0.6432304632703899,0.16695601221021708,2025-10-10 01:11:26
1,2701,0.642013042243168,0.16664132880118324,2025-10-10 01:11:26
1,2702,0.6407949334740098,0.1663246566550113,2025-10-10 01:11:26
1,2703,0.6395761242844445,0.16600599317207984,2025-10-10 01:11:26
1,2704,0.6383566024466477,0.16568533575497207,2025-10-10 01:11:26
1,2705,0.6371363561859806,0.16536268180896055,2025-10-10 01:11:26
1,2706,0.6359153741832824,0.16503802874243897,2025-10-10 01:11:26
1,2707,0.6346936455769129,0.1647113739673019,2025-10-10 01:11:26
1,2708,0.6334711599645486,0.16438271489927167,2025-10-10 01:11:26
1,2709,0.6322479074047292,0.16405204895817307,2025-10-10 01:11:26
1,2710,0.6310238784181573,0.16371937356815564,2025-10-10 01:11:26
1,2711,0.6297990639887503,0.1633846861578637,2025-10-10 01:11:26
1,2712,0.6285734555644459,0.16304798416055447,2025-10-10 01:11:26
1,2713,0.6273470450577623,0.16270926501416438,2025-10-10 01:11:26
1,2714,0.6261198248461133,0.16236852616132394,2025-10-10 01:11:26
1,2715,0.6248917877718798,0.16202576504932145,2025-10-10 01:11:26
1,2716,0.6236629271422403,0.161680979130016,2025-10-10 01:11:26
1,2717,0.6224332367287595,0.16133416585970003,2025-10-10 01:11:26
1,2718,0.6212027107667398,0.16098532269891216,2025-10-10 01:11:26
1,2719,0.619971343954335,0.1606344471122006,2025-10-10 01:11:26
1,2720,0.6187391314514296,0.16028153656783767,2025-10-10 01:11:26
1,2721,0.6175060688782863,0.1599265885374864,2025-10-10 01:11:26
1,2722,0.6162721523139627,0.15956960049581925,2025-10-10 01:11:26
1,2723,0.6150373782945014,0.1592105699200902,2025-10-10 01:11:26
1,2724,0.6138017438108953,0.15884949428966053,2025-10-10 01:11:26
1,2725,0.6125652463068308,0.15848637108547942,2025-10-10 01:11:26
1,2726,0.6113278836762139,0.15812119778951975,2025-10-10 01:11:26
1,2727,0.6100896542604788,0.15775397188417026,2025-10-10 01:11:26
1,2728,0.6088505568456861,0.15738469085158488,2025-10-10 01:11:26
1,2729,0.6076105906594123,0.15701335217299003,2025-10-10 01:11:26
1,2730,0.6063697553674338,0.15663995332795094,2025-10-10 01:11:26
1,2731,0.6051280510702105,0.15626449179359786,2025-10-10 01:11:26
1,2732,0.6038854782991722,0.1558869650438134,2025-10-10 01:11:26
1,2733,0.6026420380128114,0.15550737054838168,2025-10-10 01:11:26
1,2734,0.6013977315925875,0.15512570577210064,2025-10-10 01:11:26
1,2735,0.6001525608386463,0.1547419681738585,2025-10-10 01:11:26
1,2736,0.5989065279653596,0.1543561552056755,2025-10-10 01:11:26
1,2737,0.5976596355966874,0.15396826431171196,2025-10-10 01:11:26
1,2738,0.5964118867613712,0.153578292927244,2025-10-10 01:11:26
1,2739,0.5951632848879587,0.15318623847760807,2025-10-10 01:11:26
1,2740,0.5939138337996671,0.15279209837711516,2025-10-10 01:11:26
1,2741,0.5926635377090907,0.15239587002793648,2025-10-10 01:11:26
1,2742,0.5914124012127546,0.15199755081896135,2025-10-10 01:11:26
1,2743,0.5901604292855221,0.15159713812462886,2025-10-10 01:11:26
1,2744,0.5889076272748607,0.15119462930373426,2025-10-10 01:11:26
1,2745,0.5876540008949697,0.15079002169821168,2025-10-10 01:11:26
1,2746,0.5863995562207773,0.1503833126318942,2025-10-10 01:11:26
1,2747,0.5851442996818106,0.14997449940925264,2025-10-10 01:11:26
1,2748,0.5838882380559438,0.1495635793141145,2025-10-10 01:11:26
1,2749,0.5826313784630313,0.1491505496083639,2025-10-10 01:11:26
1,2750,0.5813737283584288,0.14873540753062456,2025-10-10 01:11:26
1,2751,0.5801152955264104,0.14831815029492615,2025-10-10 01:11:26
1,2752,0.5788560880734841,0.14789877508935634,2025-10-10 01:11:26
1,2753,0.5775961144216134,0.14747727907469887,2025-10-10 01:11:26
1,2754,0.5763353833013494,0.14705365938305964,2025-10-10 01:11:26
1,2755,0.575073903744878,0.14662791311648177,2025-10-10 01:11:26
1,2756,0.5738116850789897,0.14620003734555084,2025-10-10 01:11:26
1,2757,0.5725487369179746,0.14577002910799183,2025-10-10 01:11:26
1,2758,0.5712850691564497,0.1453378854072587,2025-10-10 01:11:26
1,2759,0.5700206919621239,0.14490360321111817,2025-10-10 01:11:26
1,2760,0.5687556157685042,0.14446717945022852,2025-10-10 01:11:26
1,2761,0.5674898512675501,0.14402861101671507,2025-10-10 01:11:26
1,2762,0.5662234094022807,0.1435878947627431,2025-10-10 01:11:26
1,2763,0.5649563013593388,0.14314502749908967,2025-10-10 01:11:26
1,2764,0.5636885385615191,0.14270000599371524,2025-10-10 01:11:26
1,2765,0.5624201326602627,0.14225282697033662,2025-10-10 01:11:26
1,2766,0.5611510955281251,0.14180348710700183,2025-10-10 01:11:26
1,2767,0.559881439251222,0.14135198303466837,2025-10-10 01:11:26
1,2768,0.5586111761216562,0.1408983113357856,2025-10-10 01:11:26
1,2769,0.5573403186299329,0.14044246854288275,2025-10-10 01:11:26
1,2770,0.5560688794573655,0.139984451137163,2025-10-10 01:11:26
1,2771,0.5547968714684781,0.1395242555471051,2025-10-10 01:11:26
1,2772,0.5535243077034085,0.1390618781470729,2025-10-10 01:11:26
1,2773,0.5522512013703158,0.13859731525593466,2025-10-10 01:11:26
1,2774,0.550977565837797,0.13813056313569178,2025-10-10 01:11:26
1,2775,0.5497034146273178,0.13766161799011895,2025-10-10 01:11:26
1,2776,0.5484287614056593,0.1371904759634159,2025-10-10 01:11:26
1,2777,0.5471536199773873,0.13671713313887174,2025-10-10 01:11:26
1,2778,0.5458780042773451,0.1362415855375426,2025-10-10 01:11:26
1,2779,0.5446019283631764,0.13576382911694346,2025-10-10 01:11:26
1,2780,0.5433254064078801,0.13528385976975477,2025-10-10 01:11:26
1,2781,0.5420484526924002,0.13480167332254445,2025-10-10 01:11:26
1,2782,0.5407710815982558,0.13431726553450613,2025-10-10 01:11:26
1,2783,0.5394933076002129,0.13383063209621407,2025-10-10 01:11:26
1,2784,0.5382151452590017,0.13334176862839547,2025-10-10 01:11:26
1,2785,0.536936609214083,0.13285067068072057,2025-10-10 01:11:26
1,2786,0.5356577141764649,0.13235733373061118,2025-10-10 01:11:26
1,2787,0.5343784749215742,0.13186175318206822,2025-10-10 01:11:26
1,2788,0.5330989062821847,0.13136392436451844,2025-10-10 01:11:26
1,2789,0.5318190231414043,0.13086384253168107,2025-10-10 01:11:26
1,2790,0.5305388404257237,0.13036150286045464,2025-10-10 01:11:26
1,2791,0.5292583730981295,0.12985690044982431,2025-10-10 01:11:26
1,2792,0.527977636151282,0.12935003031979025,2025-10-10 01:11:26
1,2793,0.5266966446007625,0.12884088741031718,2025-10-10 01:11:26
1,2794,0.5254154134783894,0.12832946658030545,2025-10-10 01:11:26
1,2795,0.5241339578256061,0.12781576260658403,2025-10-10 01:11:26
1,2796,0.5228522926869426,0.1272997701829255,2025-10-10 01:11:26
1,2797,0.5215704331035509,0.1267814839190833,2025-10-10 01:11:26
1,2798,0.520288394106818,0.12626089833985168,2025-10-10 01:11:26
1,2799,0.5190061907120551,0.12573800788414805,2025-10-10 01:11:26
1,2800,0.5177238379122658,0.12521280690411835,2025-10-10 01:11:26
1,2801,0.5164413506719948,0.12468528966426544,2025-10-10 01:11:26
1,2802,0.5151587439212562,0.12415545034060055,2025-10-10 01:11:26
1,2803,0.5138760325495438,0.12362328301981794,2025-10-10 01:11:26
1,2804,0.5125932313999245,0.12308878169849295,2025-10-10 01:11:26
1,2805,0.5113103552632131,0.12255194028230347,2025-10-10 01:11:26
1,2806,0.510027418872232,0.12201275258527487,2025-10-10 01:11:26
1,2807,0.5087444368961546,0.12147121232904853,2025-10-10 01:11:26
1,2808,0.5074614239349325,0.12092731314217392,2025-10-10 01:11:26
1,2809,0.5061783945138086,0.12038104855942437,2025-10-10 01:11:26
1,2810,0.5048953630779135,0.1198324120211366,2025-10-10 01:11:26
1,2811,0.5036123439869483,0.11928139687257389,2025-10-10 01:11:26
1,2812,0.5023293515099521,0.11872799636331298,2025-10-10 01:11:26
1,2813,0.5010463998201539,0.11817220364665497,2025-10-10 01:11:26
1,2814,0.49976350298991074,0.11761401177905982,2025-10-10 01:11:26
1,2815,0.4984806749857294,0.11705341371960483,2025-10-10 01:11:26
1,2816,0.49719792966337334,0.116490402329467,2025-10-10 01:11:26
1,2817,0.4959152807630539,0.11592497037142929,2025-10-10 01:11:26
1,2818,0.49463274190470546,0.1153571105094109,2025-10-10 01:11:26
1,2819,0.49335032658334393,0.11478681530802151,2025-10-10 01:11:26
1,2820,0.4920680481645089,0.11421407723213971,2025-10-10 01:11:26
1,2821,0.4907859198797879,0.11363888864651543,2025-10-10 01:11:26
1,2822,0.48950395482242354,0.11306124181539681,2025-10-10 01:11:26
1,2823,0.48822216594300133,0.11248112890218119,2025-10-10 01:11:26
1,2824,0.48694056604521946,0.11189854196909062,2025-10-10 01:11:26
1,2825,0.4856591677817385,0.11131347297687194,2025-10-10 01:11:26
1,2826,0.4843779836501111,0.11072591378452153,2025-10-10 01:11:26
1,2827,0.48309702598879045,0.11013585614903482,2025-10-10 01:11:26
1,2828,0.4818163069732179,0.10954329172518089,2025-10-10 01:11:26
1,2829,0.4805358386119876,0.10894821206530224,2025-10-10 01:11:26
1,2830,0.47925563274308863,0.10835060861913991,2025-10-10 01:11:26
1,2831,0.4779757010302235,0.10775047273368428,2025-10-10 01:11:26
1,2832,0.4766960549592022,0.1071477956530517,2025-10-10 01:11:26
1,2833,0.475416705834411,0.1065425685183873,2025-10-10 01:11:26
1,2834,0.47413766477535596,0.1059347823677942,2025-10-10 01:11:26
1,2835,0.47285894271327966,0.10532442813628952,2025-10-10 01:11:26
1,2836,0.4715805503878506,0.1047114966557874,2025-10-10 01:11:26
1,2837,0.4703024983439252,0.1040959786551096,2025-10-10 01:11:26
1,2838,0.4690247969283807,0.10347786476002384,2025-10-10 01:11:26
1,2839,0.4677474562870197,0.10285714549331046,2025-10-10 01:11:26
1,2840,0.46647048636154376,0.10223381127485776,2025-10-10 01:11:26
1,2841,0.4651938968865977,0.10160785242178651,2025-10-10 01:11:26
1,2842,0.463917697386882,0.1009792591486041,2025-10-10 01:11:26
1,2843,0.4626418971743341,0.10034802156738891,2025-10-10 01:11:26
1,2844,0.4613665053453774,0.09971412968800535,2025-10-10 01:11:26
1,2845,0.46009153077823733,0.09907757341835015,2025-10-10 01:11:26
1,2846,0.4588169821303249,0.0984383425646306,2025-10-10 01:11:26
1,2847,0.4575428678356859,0.09779642683167522,2025-10-10 01:11:26
1,2848,0.4562691961025165,0.09715181582327755,2025-10-10 01:11:26
1,2849,0.45499597491074445,0.09650449904257372,2025-10-10 01:11:26
1,2850,0.4537232120096753,0.09585446589245454,2025-10-10 01:11:26
1,2851,0.4524509149157035,0.09520170567601274,2025-10-10 01:11:26
1,2852,0.45117909091008823,0.09454620759702609,2025-10-10 01:11:26
1,2853,0.44990774703679365,0.09388796076047724,2025-10-10 01:11:26
1,2854,0.44863689010039304,0.09322695417311098,2025-10-10 01:11:26
1,2855,0.4473665266640372,0.09256317674402971,2025-10-10 01:11:26
1,2856,0.4460966630474864,0.09189661728532796,2025-10-10 01:11:26
1,2857,0.44482730532520637,0.09122726451276678,2025-10-10 01:11:26
1,2858,0.44355845932452753,0.09055510704648885,2025-10-10 01:11:26
1,2859,0.4422901306238683,0.08988013341177516,2025-10-10 01:11:26
1,2860,0.4410223245510217,0.08920233203984407,2025-10-10 01:11:26
1,2861,0.4397550461815059,0.08852169126869384,2025-10-10 01:11:26
1,2862,0.4384883003369782,0.08783819934398926,2025-10-10 01:11:26
1,2863,0.4372220915837134,0.08715184441999345,2025-10-10 01:11:26
1,2864,0.43595642423114533,0.0864626145605458,2025-10-10 01:11:26
1,2865,0.4346913023304737,0.08577049774008676,2025-10-10 01:11:26
1,2866,0.4334267296733343,0.08507548184473064,2025-10-10 01:11:26
1,2867,0.4321627097905345,0.08437755467338726,2025-10-10 01:11:26
1,2868,0.4308992459508533,0.08367670393893328,2025-10-10 01:11:26
1,2869,0.42963634115990695,0.08297291726943443,2025-10-10 01:11:26
1,2870,0.42837399815907945,0.08226618220941923,2025-10-10 01:11:26
1,2871,0.4271122194245196,0.08155648622120548,2025-10-10 01:11:26
1,2872,0.42585100716620394,0.08084381668628021,2025-10-10 01:11:26
1,2873,0.4245903633270663,0.08012816090673408,2025-10-10 01:11:26
1,2874,0.4233302895821943,0.0794095061067513,2025-10-10 01:11:26
1,2875,0.4220707873380937,0.07868783943415572,2025-10-10 01:11:26
1,2876,0.42081185773201996,0.07796314796201433,2025-10-10 01:11:26
1,2877,0.4195535016313787,0.07723541869029871,2025-10-10 01:11:26
1,2878,0.4182957196331949,0.07650463854760566,2025-10-10 01:11:26
1,2879,0.41703851206365095,0.07577079439293759,2025-10-10 01:11:26
1,2880,0.4157818789776949,0.07503387301754375,2025-10-10 01:11:26
1,2881,0.41452582015871897,0.07429386114682297,2025-10-10 01:11:26
1,2882,0.41327033511830824,0.07355074544228893,2025-10-10 01:11:26
1,2883,0.4120154230960613,0.07280451250359846,2025-10-10 01:11:26
1,2884,0.4107610830594822,0.072055148870644,2025-10-10 01:11:26
1,2885,0.4095073137039447,0.07130264102571081,2025-10-10 01:11:26
1,2886,0.4082541134527292,0.07054697539569951,2025-10-10 01:11:26
1,2887,0.40700148045713314,0.06978813835441504,2025-10-10 01:11:26
1,2888,0.4057494125966545,0.06902611622492232,2025-10-10 01:11:26
1,2889,0.40449790747925,0.06826089528196962,2025-10-10 01:11:26
1,2890,0.40324696244166786,0.06749246175448001,2025-10-10 01:11:26
1,2891,0.4019965745498549,0.06672080182811164,2025-10-10 01:11:26
1,2892,0.40074674059944,0.06594590164788737,2025-10-10 01:11:26
1,2893,0.3994974571162929,0.06516774732089427,2025-10-10 01:11:26
1,2894,0.3982487203571596,0.06438632491905356,2025-10-10 01:11:26
1,2895,0.39700052631037375,0.06360162048196152,2025-10-10 01:11:26
1,2896,0.39575287069664594,0.06281362001980156,2025-10-10 01:11:26
1,2897,0.3945057489699295,0.06202230951632818,2025-10-10 01:11:26
1,2898,0.39325915631836456,0.06122767493192302,2025-10-10 01:11:26
1,2899,0.39201308766529935,0.0604297022067234,2025-10-10 01:11:26
1,2900,0.39076753767039024,0.059628377263823584,2025-10-10 01:11:26
1,2901,0.3895225007307798,0.05882368601254922,2025-10-10 01:11:26
1,2902,0.38827797098235367,0.05801561435180495,2025-10-10 01:11:26
1,2903,0.38703394230107585,0.05720414817349565,2025-10-10 01:11:26
1,2904,0.38579040830440314,0.05638927336602127,2025-10-10 01:11:26
1,2905,0.3845473623527785,0.055570975817845536,2025-10-10 01:11:26
1,2906,0.38330479755120334,0.05474924142113855,2025-10-10 01:11:26
1,2907,0.3820627067508891,0.05392405607549342,2025-10-10 01:11:26
1,2908,0.3808210825509877,0.05309540569171686,2025-10-10 01:11:26
1,2909,0.379579917300401,0.05226327619569387,2025-10-10 01:11:26
1,2910,0.3783392030996699,0.051427653532326346,2025-10-10 01:11:26
1,2911,0.3770989318029414,0.05058852366954571,2025-10-10 01:11:26
1,2912,0.37585909502001513,0.04974587260239928,2025-10-10 01:11:26
1,2913,0.37461968411846824,0.04889968635721042,2025-10-10 01:11:26
1,2914,0.3733806902258589,0.048049950995812184,2025-10-10 01:11:26
1,2915,0.3721421042320076,0.04719665261985437,2025-10-10 01:11:26
1,2916,0.37090391679135687,0.04633977737518367,2025-10-10 01:11:26
1,2917,0.3696661183254082,0.045479311456296787,2025-10-10 01:11:26
1,2918,0.36842869902523656,0.04461524111086614,2025-10-10 01:11:26
1,2919,0.3671916488540818,0.04374755264433792,2025-10-10 01:11:26
1,2920,0.36595495755001634,0.04287623242460217,2025-10-10 01:11:26
1,2921,0.36471861462868926,0.042001266886734584,2025-10-10 01:11:26
1,2922,0.36348260938614596,0.04112264253780955,2025-10-10 01:11:26
1,2923,0.3622469309017229,0.040240345961784184,2025-10-10 01:11:26
1,2924,0.36101156804101703,0.0393543638244529,2025-10-10 01:11:26
1,2925,0.35977650945892947,0.03846468287847204,2025-10-10 01:11:26
1,2926,0.3585417436027825,0.037571289968454234,2025-10-10 01:11:26
1,2927,0.3573072587155096,0.036674172036131936,2025-10-10 01:11:26
1,2928,0.35607304283891783,0.03577331612558975,2025-10-10 01:11:26
1,2929,0.3548390838170218,0.034868709388565025,2025-10-10 01:11:26
1,2930,0.35360536929944864,0.03396033908981619,2025-10-10 01:11:26
1,2931,0.3523718867449134,0.03304819261255845,2025-10-10 01:11:26
1,2932,0.35113862342476393,0.03213225746396624,2025-10-10 01:11:26
1,2933,0.34990556642659476,0.031212521280741874,2025-10-10 01:11:26
1,2934,0.3486727026579288,0.03028897183475005,2025-10-10 01:11:26
1,2935,0.34744001884996695,0.029361597038717494,2025-10-10 01:11:26
1,2936,0.3462075015614036,0.02843038495199732,2025-10-10 01:11:26
1,2937,0.34497513718230866,0.02749532378639757,2025-10-10 01:11:26
1,2938,0.34374291193807394,0.026556401912073365,2025-10-10 01:11:26
1,2939,0.34251081189342414,0.02561360786348216,2025-10-10 01:11:26
1,2940,0.341278822956491,0.02466693034540159,2025-10-10 01:11:26
1,2941,0.34004693088294996,0.02371635823900935,2025-10-10 01:11:26
1,2942,0.3388151212802187,0.022761880608024608,2025-10-10 01:11:26
1,2943,0.3375833796117162,0.021803486704910422,2025-10-10 01:11:26
1,2944,0.33635169120118213,0.020841165977136648,2025-10-10 01:11:26
1,2945,0.33512004123705497,0.019874908073502843,2025-10-10 01:11:26
1,2946,0.3338884147769089,0.018904702850520653,2025-10-10 01:11:26
1,2947,0.3326567967519476,0.017930540378855185,2025-10-10 01:11:26
1,2948,0.33142517197155497,0.016952410949824883,2025-10-10 01:11:26
1,2949,0.33019352512790145,0.015970305081959422,2025-10-10 01:11:26
1,2950,0.3289618408006051,0.01498421352761517,2025-10-10 01:11:26
1,2951,0.3277301034614467,0.013994127279647703,2025-10-10 01:11:26
1,2952,0.32649829747913817,0.013000037578140972,2025-10-10 01:11:26
1,2953,0.3252664071241429,0.012001935917192633,2025-10-10 01:11:26
1,2954,0.3240344165735479,0.010999814051755107,2025-10-10 01:11:26
1,2955,0.32280230991598646,0.009993664004531937,2025-10-10 01:11:26
1,2956,0.3215700711566103,0.008983478072929004,2025-10-10 01:11:26
1,2957,0.3203376842221112,0.007969248836060181,2025-10-10 01:11:26
1,2958,0.3191051329657901,0.006950969161806995,2025-10-10 01:11:26
1,2959,0.3178724011726741,0.005928632213931888,2025-10-10 01:11:26
1,2960,0.3166394725646797,0.004902231459244651,2025-10-10 01:11:26
1,2961,0.3154063308058216,0.0038717606748216154,2025-10-10 01:11:26
1,2962,0.31417295950746643,0.0028372139552771953,2025-10-10 01:11:26
1,2963,0.3129393422336309,0.0017985857200873445,2025-10-10 01:11:26
1,2964,0.31170546250632286,0.0007558707209645171,2025-10-10 01:11:26
1,2965,0.31047130381092497,-0.00029093595071630124,2025-10-10 01:11:26
1,2966,0.3092368496016203,-0.001341838856440932,2025-10-10 01:11:26
1,2967,0.3080020833068585,-0.0023968422030291535,2025-10-10 01:11:26
1,2968,0.30676698833486277,-0.00345594983505813,2025-10-10 01:11:26
1,2969,0.3055315480791754,-0.004519165227236588,2025-10-10 01:11:26
1,2970,0.3042957459242427,-0.005586491476730236,2025-10-10 01:11:26
1,2971,0.3030595652510374,-0.006657931295438938,2025-10-10 01:11:26
1,2972,0.3018229894427182,-0.007733487002226181,2025-10-10 01:11:26
1,2973,0.3005860018903256,-0.008813160515101393,2025-10-10 01:11:26
1,2974,0.29934858599851333,-0.009896953343355702,2025-10-10 01:11:26
1,2975,0.29811072519131443,-0.01098486657965177,2025-10-10 01:11:26
1,2976,0.29687240291794126,-0.012076900892068346,2025-10-10 01:11:26
1,2977,0.2956336026586186,-0.01317305651610024,2025-10-10 01:11:26
1,2978,0.2943943079304491,-0.01427333324661447,2025-10-10 01:11:26
1,2979,0.2931545022933102,-0.015377730429763353,2025-10-10 01:11:26
1,2980,0.29191416935578174,-0.01648624695485539,2025-10-10 01:11:26
1,2981,0.290673292781103,-0.017598881246184812,2025-10-10 01:11:26
1,2982,0.289431856293159,-0.01871563125482079,2025-10-10 01:11:26
1,2983,0.2881898436824945,-0.019836494450357227,2025-10-10 01:11:26
1,2984,0.2869472388123553,-0.020961467812624302,2025-10-10 01:11:26
1,2985,0.28570402562475505,-0.022090547823362863,2025-10-10 01:11:26
1,2986,0.28446018814656804,-0.023223730457862867,2025-10-10 01:11:26
1,2987,0.28321571049564515,-0.02436101117656722,2025-10-10 01:11:26
1,2988,0.2819705768869534,-0.025502384916642345,2025-10-10 01:11:26
1,2989,0.2807247716387373,-0.02664784608351695,2025-10-10 01:11:26
1,2990,0.2794782791787011,-0.027797388542390583,2025-10-10 01:11:26
1,2991,0.2782310840502103,-0.028951005609713573,2025-10-10 01:11:26
1,2992,0.27698317091851227,-0.03010869004464013,2025-10-10 01:11:26
1,2993,0.2757345245769736,-0.03127043404045645,2025-10-10 01:11:26
1,2994,0.2744851299533335,-0.03243622921598577,2025-10-10 01:11:26
1,2995,0.27323497211597175,-0.033606066606972435,2025-10-10 01:11:26
1,2996,0.2719840362801898,-0.034779936657447164,2025-10-10 01:11:26
1,2997,0.2707323078145037,-0.03595782921107581,2025-10-10 01:11:26
1,2998,0.269479772246947,-0.03713973350249403,2025-10-10 01:11:26
1,2999,0.26822641527138247,-0.038325638148630346,2025-10-10 01:11:26
1,3000,0.2669722227538206,-0.03951553114002044,2025-10-10 01:11:26
1,3001,0.2657171807387435,-0.04070939983211523,2025-10-10 01:11:26
1,3002,0.26446127545543247,-0.04190723093658591,2025-10-10 01:11:26
1,3003,0.2632044933242968,-0.043109010512628845,2025-10-10 01:11:26
1,3004,0.26194682096320276,-0.044314723958273676,2025-10-10 01:11:26
1,3005,0.2606882451938002,-0.04552435600169788,2025-10-10 01:11:26
1,3006,0.2594287530478448,-0.046737890692551354,2025-10-10 01:11:26
1,3007,0.2581683317735141,-0.04795531139329469,2025-10-10 01:11:26
1,3008,0.2569069688417149,-0.049176600770554885,2025-10-10 01:11:26
1,3009,0.2556446519523794,-0.05040174078650252,2025-10-10 01:11:26
1,3010,0.25438136904074876,-0.051630712690254474,2025-10-10 01:11:26
1,3011,0.2531171082836403,-0.05286349700930639,2025-10-10 01:11:26
1,3012,0.2518518581056967,-0.0541000735409995,2025-10-10 01:11:26
1,3013,0.2505856071856145,-0.05534042134402616,2025-10-10 01:11:26
1,3014,0.24931834446234863,-0.056584518729979036,2025-10-10 01:11:26
1,3015,0.24805005914129097,-0.05783234325494869,2025-10-10 01:11:26
1,3016,0.24678074070041953,-0.05908387171117477,2025-10-10 01:11:26
1,3017,0.24551037889641533,-0.06033908011875591,2025-10-10 01:11:26
1,3018,0.2442389637707443,-0.06159794371742381,2025-10-10 01:11:26
1,3019,0.24296648565570053,-0.06286043695838693,2025-10-10 01:11:26
1,3020,0.24169293518040816,-0.06412653349624964,2025-10-10 01:11:26
1,3021,0.24041830327677832,-0.06539620618101255,2025-10-10 01:11:26
1,3022,0.23914258118541776,-0.06666942705016009,2025-10-10 01:11:26
1,3023,0.23786576046148586,-0.06794616732084148,2025-10-10 01:11:26
1,3024,0.2365878329804962,-0.06922639738215149,2025-10-10 01:11:26
1,3025,0.2353087909440594,-0.0705100867875172,2025-10-10 01:11:26
1,3026,0.23402862688556314,-0.07179720424719777,2025-10-10 01:11:26
1,3027,0.23274733367578587,-0.07308771762090346,2025-10-10 01:11:26
1,3028,0.23146490452844032,-0.07438159391054132,2025-10-10 01:11:26
1,3029,0.23018133300564253,-0.07567879925309408,2025-10-10 01:11:26
1,3030,0.22889661302330294,-0.07697929891363973,2025-10-10 01:11:26
1,3031,0.227610738856435,-0.07828305727851893,2025-10-10 01:11:26
1,3032,0.22632370514437736,-0.07959003784865756,2025-10-10 01:11:26
1,3033,0.22503550689592527,-0.08090020323305208,2025-10-10 01:11:26
1,3034,0.2237461394943673,-0.08221351514242523,2025-10-10 01:11:26
1,3035,0.22245559870242262,-0.08352993438305978,2025-10-10 01:11:26
1,3036,0.22116388066707457,-0.08484942085081815,2025-10-10 01:11:26
1,3037,0.2198709819242963,-0.08617193352535582,2025-10-10 01:11:26
1,3038,0.2185768994036638,-0.08749743046453655,2025-10-10 01:11:26
1,3039,0.21728163043285184,-0.08882586879905736,2025-10-10 01:11:26
1,3040,0.21598517274200835,-0.09015720472729156,2025-10-10 01:11:26
1,3041,0.2146875244680025,-0.0914913935103579,2025-10-10 01:11:26
1,3042,0.21338868415854198,-0.0928283894674241,2025-10-10 01:11:26
1,3043,0.21208865077615505,-0.09416814597125316,2025-10-10 01:11:26
1,3044,0.210787423702032,-0.09551061544400062,2025-10-10 01:11:26
1,3045,0.20948500273972234,-0.09685574935327128,2025-10-10 01:11:26
1,3046,0.20818138811868225,-0.09820349820844354,2025-10-10 01:11:26
1,3047,0.2068765804976679,-0.09955381155727003,2025-10-10 01:11:26
1,3048,0.20557058096797018,-0.10090663798276261,2025-10-10 01:11:26
1,3049,0.20426339105648572,-0.10226192510037035,2025-10-10 01:11:26
1,3050,0.20295501272861996,-0.10361961955545865,2025-10-10 01:11:26
1,3051,0.20164544839101745,-0.10497966702109791,2025-10-10 01:11:26
1,3052,0.20033470089411481,-0.10634201219617012,2025-10-10 01:11:26
1,3053,0.19902277353451184,-0.10770659880380129,2025-10-10 01:11:26
1,3054,0.1977096700571561,-0.10907336959012824,2025-10-10 01:11:26
1,3055,0.1963953946573367,-0.11044226632340759,2025-10-10 01:11:26
1,3056,0.1950799519824829,-0.11181322979347505,2025-10-10 01:11:26
1,3057,0.19376334713376264,-0.11318619981156292,2025-10-10 01:11:26
1,3058,0.19244558566747744,-0.1145611152104835,2025-10-10 01:11:26
1,3059,0.19112667359624902,-0.11593791384518634,2025-10-10 01:11:26
1,3060,0.18980661738999346,-0.11731653259369655,2025-10-10 01:11:26
1,3061,0.188485423976679,-0.1186969073584419,2025-10-10 01:11:26
1,3062,0.18716310074286346,-0.12007897306797578,2025-10-10 01:11:26
1,3063,0.1858396555340074,-0.12146266367910322,2025-10-10 01:11:26
1,3064,0.1845150966545591,-0.12284791217941685,2025-10-10 01:11:26
1,3065,0.18318943286780814,-0.12423465059024968,2025-10-10 01:11:26
1,3066,0.18186267339550347,-0.1256228099700511,2025-10-10 01:11:26
1,3067,0.1805348279172329,-0.12701232041819244,2025-10-10 01:11:26
1,3068,0.1792059065695608,-0.12840311107920852,2025-10-10 01:11:26
1,3069,0.1778759199449205,-0.1297951101474808,2025-10-10 01:11:26
1,3070,0.17654487909025862,-0.13118824487236788,2025-10-10 01:11:26
1,3071,0.17521279550542865,-0.13258244156378884,2025-10-10 01:11:26
1,3072,0.17387968114133057,-0.13397762559826462,2025-10-10 01:11:26
1,3073,0.17254554839779446,-0.13537372142542234,2025-10-10 01:11:26
1,3074,0.17121041012120541,-0.13677065257496707,2025-10-10 01:11:26
1,3075,0.16987427960186766,-0.13816834166412553,2025-10-10 01:11:26
1,3076,0.1685371705711058,-0.1395667104055659,2025-10-10 01:11:26
1,3077,0.1671990971981014,-0.14096567961579706,2025-10-10 01:11:26
1,3078,0.16586007408646306,-0.14236516922405132,2025-10-10 01:11:26
1,3079,0.16452011627052882,-0.1437650982816532,2025-10-10 01:11:26
1,3080,0.16317923921139912,-0.14516538497187742,2025-10-10 01:11:26
1,3081,0.1618374587926998,-0.14656594662029837,2025-10-10 01:11:26
1,3082,0.16049479131607372,-0.14796669970563328,2025-10-10 01:11:26
1,3083,0.15915125349640058,-0.1493675598710809,2025-10-10 01:11:26
1,3084,0.1578068624567446,-0.15076844193615696,2025-10-10 01:11:26
1,3085,0.15646163572302946,-0.15216925990902747,2025-10-10 01:11:26
1,3086,0.15511559121844054,-0.15356992699934083,2025-10-10 01:11:26
1,3087,0.153768747257555,-0.15497035563155867,2025-10-10 01:11:26
1,3088,0.1524211225401994,-0.15637045745878556,2025-10-10 01:11:26
1,3089,0.15107273614503625,-0.15777014337709724,2025-10-10 01:11:26
1,3090,0.14972360752287955,-0.15916932354036623,2025-10-10 01:11:26
1,3091,0.14837375648974113,-0.16056790737558388,2025-10-10 01:11:26
1,3092,0.1470232032196085,-0.16196580359867715,2025-10-10 01:11:26
1,3093,0.14567196823695583,-0.163362920230818,2025-10-10 01:11:26
1,3094,0.14432007240899034,-0.16475916461522308,2025-10-10 01:11:26
1,3095,0.14296753693763511,-0.166154443434441,2025-10-10 01:11:26
1,3096,0.14161438335125145,-0.1675486627281236,2025-10-10 01:11:26
1,3097,0.14026063349610265,-0.1689417279112781,2025-10-10 01:11:26
1,3098,0.1389063095275621,-0.17033354379299562,2025-10-10 01:11:26
1,3099,0.1375514339010685,-0.17172401459565198,2025-10-10 01:11:26
1,3100,0.13619602936283118,-0.17311304397457572,2025-10-10 01:11:26
1,3101,0.13484011894028936,-0.1745005350381783,2025-10-10 01:11:26
1,3102,0.1334837259323282,-0.17588639036854062,2025-10-10 01:11:26
1,3103,0.1321268738992561,-0.17727051204244998,2025-10-10 01:11:26
1,3104,0.13076958665254657,-0.178652801652881,2025-10-10 01:11:26
1,3105,0.1294118882443498,-0.1800331603309136,2025-10-10 01:11:26
1,3106,0.12805380295677735,-0.18141148876808091,2025-10-10 01:11:26
1,3107,0.12669535529096534,-0.18278768723913938,2025-10-10 01:11:26
1,3108,0.12533656995592082,-0.1841616556252532,2025-10-10 01:11:26
1,3109,0.12397747185715609,-0.1855332934375845,2025-10-10 01:11:26
1,3110,0.12261808608511662,-0.18690249984128096,2025-10-10 01:11:26
1,3111,0.12125843790340794,-0.1882691736798509,2025-10-10 01:11:26
1,3112,0.11989855273682687,-0.18963321349991735,2025-10-10 01:11:26
1,3113,0.11853845615920329,-0.19099451757634048,2025-10-10 01:11:26
1,3114,0.11717817388105836,-0.19235298393769854,2025-10-10 01:11:26
1,3115,0.11581773173708522,-0.19370851039211673,2025-10-10 01:11:26
1,3116,0.1144571556734588,-0.19506099455343306,2025-10-10 01:11:26
1,3117,0.11309647173498105,-0.19641033386768988,2025-10-10 01:11:26
1,3118,0.11173570605206856,-0.1977564256399398,2025-10-10 01:11:26
1,3119,0.11037488482758913,-0.19909916706135392,2025-10-10 01:11:26
1,3120,0.10901403432355448,-0.20043845523662024,2025-10-10 01:11:26
1,3121,0.10765318084767633,-0.20177418721162005,2025-10-10 01:11:26
1,3122,0.10629235073979282,-0.20310626000136903,2025-10-10 01:11:26
1,3123,0.10493157035817309,-0.20443457061821055,2025-10-10 01:11:26
1,3124,0.10357086606570731,-0.20575901610024774,2025-10-10 01:11:26
1,3125,0.10221026421598989,-0.2070794935400005,2025-10-10 01:11:26
1,3126,0.10084979113930367,-0.20839590011327405,2025-10-10 01:11:26
1,3127,0.09948947312851297,-0.2097081331082248,2025-10-10 01:11:26
1,3128,0.09812933642487344,-0.21101608995460922,2025-10-10 01:11:26
1,3129,0.09676940720376685,-0.21231966825320125,2025-10-10 01:11:26
1,3130,0.09540971156036893,-0.21361876580536393,2025-10-10 01:11:26
1,3131,0.09405027549525843,-0.21491328064275966,2025-10-10 01:11:26
1,3132,0.09269112489997593,-0.2162031110571847,2025-10-10 01:11:26
1,3133,0.09133228554254041,-0.21748815563051244,2025-10-10 01:11:26
1,3134,0.08997378305293237,-0.2187683132647299,2025-10-10 01:11:26
1,3135,0.08861564290855162,-0.22004348321205225,2025-10-10 01:11:26
1,3136,0.08725789041965853,-0.22131356510509942,2025-10-10 01:11:26
1,3137,0.08590055071480719,-0.22257845898711917,2025-10-10 01:11:26
1,3138,0.08454364872627884,-0.22383806534224068,2025-10-10 01:11:26
1,3139,0.08318720917552454,-0.22509228512574264,2025-10-10 01:11:26
1,3140,0.08183125655862529,-0.22634101979431984,2025-10-10 01:11:26
2,0,0.010600952279663158,-0.17233263266711815,2025-10-10 01:12:20
2,1,0.010708799467686813,-0.17217528884651853,2025-10-10 01:12:20
2,2,0.01086647629664198,-0.17194524599475317,2025-10-10 01:12:20
2,3,0.011071392736463985,-0.17164628284016267,2025-10-10 01:12:20
2,4,0.011321058733834597,-0.17128203224985994,2025-10-10 01:12:20
2,5,0.011613080769628031,-0.17085598625224951,2025-10-10 01:12:20
2,6,0.011945158528150774,-0.1703715008964453,2025-10-10 01:12:20
2,7,0.012315081674667284,-0.16983180095370434,2025-10-10 01:12:20
2,8,0.0127207267378113,-0.1692399844658377,2025-10-10 01:12:20
2,9,0.01316005409358698,-0.1685990271454066,2025-10-10 01:12:20
2,10,0.013631105047765381,-0.16791178663236447,2025-10-10 01:12:20
2,11,0.014131999013580008,-0.16718100661166257,2025-10-10 01:12:20
2,12,0.014660930781720415,-0.16640932079619683,2025-10-10 01:12:20
2,13,0.015216167879715223,-0.16559925677934006,2025-10-10 01:12:20
2,14,0.015796048017885467,-0.1647532397611724,2025-10-10 01:12:20
2,15,0.01639897661913602,-0.16387359615239572,2025-10-10 01:12:20
2,16,0.01702342442993708,-0.16296255705979595,2025-10-10 01:12:20
2,17,0.017667925209929377,-0.16202226165699715,2025-10-10 01:12:20
2,18,0.01833107349766585,-0.161054760444136,2025-10-10 01:12:20
2,19,0.019011522450079456,-0.16006201839997364,2025-10-10 01:12:20
2,20,0.01970798175334108,-0.15904591802985277,2025-10-10 01:12:20
2,21,0.020419215602843783,-0.1580082623128026,2025-10-10 01:12:20
2,22,0.021144040750119573,-0.1569507775509928,2025-10-10 01:12:20
2,23,0.021881324614562745,-0.15587511612463742,2025-10-10 01:12:20
2,24,0.022629983457899655,-0.15478285915535525,2025-10-10 01:12:20
2,25,0.02338898061940853,-0.15367551908089844,2025-10-10 01:12:20
2,26,0.024157324809954833,-0.15255454214407224,2025-10-10 01:12:20
2,27,0.024934068462967595,-0.15142131079858065,2025-10-10 01:12:20
2,28,0.02571830614054036,-0.15027714603444786,2025-10-10 01:12:20
2,29,0.026509172992896648,-0.1491233096255835,2025-10-10 01:12:20
2,30,0.02730584326951456,-0.14796100630197973,2025-10-10 01:12:20
2,31,0.028107528880258126,-0.14679138584895074,2025-10-10 01:12:20
2,32,0.028913478004914353,-0.14561554513575092,2025-10-10 01:12:20
2,33,0.029722973749584693,-0.1444345300758346,2025-10-10 01:12:20
2,34,0.030535332848428024,-0.14324933752095,2025-10-10 01:12:20
2,35,0.03134990440929892,-0.1420609170911924,2025-10-10 01:12:20
2,36,0.03216606870187046,-0.14087017294307402,2025-10-10 01:12:20
2,37,0.03298323598687475,-0.13967796547760547,2025-10-10 01:12:20
2,38,0.03380084538513702,-0.13848511299032018,2025-10-10 01:12:20
2,39,0.034618363785120475,-0.13729239326511355,2025-10-10 01:12:20
2,40,0.03543528478773905,-0.1361005451137099,2025-10-10 01:12:20
2,41,0.03625112768723436,-0.13491026986251367,2025-10-10 01:12:20
2,42,0.037065436486950376,-0.13372223278854653,2025-10-10 01:12:20
2,43,0.03787777894887625,-0.13253706450611824,2025-10-10 01:12:20
2,44,0.03868774567586278,-0.13135536230582837,2025-10-10 01:12:20
2,45,0.03949494922545256,-0.13017769144744518,2025-10-10 01:12:20
2,46,0.04029902325429695,-0.12900458640815984,2025-10-10 01:12:20
2,47,0.041099621692165175,-0.127836552087667,2025-10-10 01:12:20
2,48,0.04189641794458239,-0.12667406497147735,2025-10-10 01:12:20
2,49,0.042689104123163374,-0.12551757425382334,2025-10-10 01:12:20
2,50,0.04347739030273833,-0.12436750292147673,2025-10-10 01:12:20
2,51,0.04426100380439533,-0.12322424879975487,2025-10-10 01:12:20
2,52,0.045039688503591725,-0.12208818556195258,2025-10-10 01:12:20
2,53,0.045813204162513554,-0.12095966370339753,2025-10-10 01:12:20
2,54,0.04658132578588772,-0.11983901148128893,2025-10-10 01:12:20
2,55,0.047343842999477,-0.1187265358214433,2025-10-10 01:12:20
2,56,0.048100559450512136,-0.11762252319303487,2025-10-10 01:12:20
2,57,0.04885129222933895,-0.11652724045238456,2025-10-10 01:12:20
2,58,0.04959587131158108,-0.11544093565681737,2025-10-10 01:12:20
2,59,0.05033413902014136,-0.11436383884957636,2025-10-10 01:12:20
2,60,0.05106594950638604,-0.11329616281674976,2025-10-10 01:12:20
2,61,0.051791168249876986,-0.11223810381713734,2025-10-10 01:12:20
2,62,0.05250967157603721,-0.11118984228595316,2025-10-10 01:12:20
2,63,0.05322134619115441,-0.11015154351323281,2025-10-10 01:12:20
2,64,0.05392608873414627,-0.10912335829778605,2025-10-10 01:12:20
2,65,0.054623805344529694,-0.10810542357750884,2025-10-10 01:12:20
2,66,0.055314411246053616,-0.10709786303684288,2025-10-10 01:12:20
2,67,0.05599783034547255,-0.10610078769214552,2025-10-10 01:12:20
2,68,0.05667399484595462,-0.10511429645570879,2025-10-10 01:12:20
2,69,0.057342844874633855,-0.1041384766791424,2025-10-10 01:12:20
2,70,0.05800432812383249,-0.10317340467681321,2025-10-10 01:12:20
2,71,0.058658399505493786,-0.10221914623001081,2025-10-10 01:12:20
2,72,0.059305020818381085,-0.1012757570724881,2025-10-10 01:12:20
2,73,0.05994416042761253,-0.10034328335800456,2025-10-10 01:12:20
2,74,0.06057579295611515,-0.09942176211047977,2025-10-10 01:12:20
2,75,0.06119989898759506,-0.09851122165734552,2025-10-10 01:12:20
2,76,0.061816464780633726,-0.09761168204666547,2025-10-10 01:12:20
2,77,0.06242548199353256,-0.09672315544857359,2025-10-10 01:12:20
2,78,0.06302694741954049,-0.09584564654156427,2025-10-10 01:12:20
2,79,0.0636208627321108,-0.09497915288415029,2025-10-10 01:12:20
2,80,0.06420723423984503,-0.09412366527238775,2025-10-10 01:12:20
2,81,0.06478607265079266,-0.09327916808375142,2025-10-10 01:12:20
2,82,0.06535739284578615,-0.0924456396078279,2025-10-10 01:12:20
2,83,0.06592121366050134,-0.09162305236427899,2025-10-10 01:12:20
2,84,0.06647755767594296,-0.0908113734085132,2025-10-10 01:12:20
2,85,0.06702645101706503,-0.0900105646254887,2025-10-10 01:12:20
2,86,0.06756792315924533,-0.08922058301205785,2025-10-10 01:12:20
2,87,0.06810200674234208,-0.08844138094824933,2025-10-10 01:12:20
2,88,0.06862873739207004,-0.08767290645787192,2025-10-10 01:12:20
2,89,0.06914815354844155,-0.08691510345881054,2025-10-10 01:12:20
2,90,0.0696602963010267,-0.08616791200337381,2025-10-10 01:12:20
2,91,0.07016520923079446,-0.08543126850904015,2025-10-10 01:12:20
2,92,0.07066293825830458,-0.08470510597993836,2025-10-10 01:12:20
2,93,0.07115353149802775,-0.08398935421938752,2025-10-10 01:12:20
2,94,0.0716370391185785,-0.08328394003381046,2025-10-10 01:12:20
2,95,0.07211351320865259,-0.08258878742832444,2025-10-10 01:12:20
2,96,0.07258300764846756,-0.08190381779430336,2025-10-10 01:12:20
2,97,0.0730455779865115,-0.08122895008919523,2025-10-10 01:12:20
2,98,0.07350128132141166,-0.08056410100887008,2025-10-10 01:12:20
2,99,0.07395017618874093,-0.07990918515276399,2025-10-10 01:12:20
2,100,0.07439232245258577,-0.07926411518207606,2025-10-10 01:12:20
2,101,0.07482778120170551,-0.07862880197126706,2025-10-10 01:12:20
2,102,0.0752566146501182,-0.07800315475309981,2025-10-10 01:12:20
2,103,0.07567888604195391,-0.07738708125745357,2025-10-10 01:12:20
2,104,0.07609465956042162,-0.07678048784413707,2025-10-10 01:12:20
2,105,0.07650400024074068,-0.07618327962991715,2025-10-10 01:12:20
2,106,0.07690697388689333,-0.07559536060997286,2025-10-10 01:12:20
2,107,0.07730364699205902,-0.0750166337739779,2025-10-10 01:12:20
2,108,0.0776940866625964,-0.07444700121700727,2025-10-10 01:12:20
2,109,0.07807836054544279,-0.07388636424545789,2025-10-10 01:12:20
2,110,0.07845653675880594,-0.07333462347816588,2025-10-10 01:12:20
2,111,0.07882868382602669,-0.07279167894289797,2025-10-10 01:12:20
2,112,0.07919487061249512,-0.07225743016838747,2025-10-10 01:12:20
2,113,0.07955516626550733,-0.07173177627208059,2025-10-10 01:12:20
2,114,0.07990964015695298,-0.07121461604375234,2025-10-10 01:12:20
2,115,0.08025836182872825,-0.0707058480251465,2025-10-10 01:12:20
2,116,0.08060140094077181,-0.07020537058578856,2025-10-10 01:12:20
2,117,0.0809388272216252,-0.06971308199511574,2025-10-10 01:12:20
2,118,0.08127071042142239,-0.06922888049106295,2025-10-10 01:12:20
2,119,0.08159712026721634,-0.06875266434523922,2025-10-10 01:12:20
2,120,0.08191812642055359,-0.06828433192482423,2025-10-10 01:12:20
2,121,0.08223379843721111,-0.06782378175131032,2025-10-10 01:12:20
2,122,0.08254420572901251,-0.06737091255621086,2025-10-10 01:12:20
2,123,0.0828494175276432,-0.06692562333385209,2025-10-10 01:12:20
2,124,0.08314950285038758,-0.06648781339136092,2025-10-10 01:12:20
2,125,0.08344453046771325,-0.06605738239595806,2025-10-10 01:12:20
2,126,0.08373456887263031,-0.0656342304196612,2025-10-10 01:12:20
2,127,0.08401968625175613,-0.06521825798150023,2025-10-10 01:12:20
2,128,0.0842999504580183,-0.06480936608734221,2025-10-10 01:12:20
2,129,0.0845754289849311,-0.06440745626742084,2025-10-10 01:12:20
2,130,0.08484618894238267,-0.06401243061166173,2025-10-10 01:12:20
2,131,0.08511229703387269,-0.06362419180289162,2025-10-10 01:12:20
2,132,0.08537381953514202,-0.06324264314801654,2025-10-10 01:12:20
2,133,0.08563082227413842,-0.06286768860725105,2025-10-10 01:12:20
2,134,0.08588337061226366,-0.062499232821477624,2025-10-10 01:12:20
2,135,0.08613152942684997,-0.06213718113781279,2025-10-10 01:12:20
2,136,0.08637536309481518,-0.061781439633453394,2025-10-10 01:12:20
2,137,0.08661493547744788,-0.061431915137874396,2025-10-10 01:12:20
2,138,0.08685030990627553,-0.06108851525344652,2025-10-10 01:12:20
2,139,0.08708154916997037,-0.06075114837453996,2025-10-10 01:12:20
2,140,0.08730871550224924,-0.06041972370517798,2025-10-10 01:12:20
2,141,0.08753187057072526,-0.0600941512753017,2025-10-10 01:12:20
2,142,0.08775107546667077,-0.0597743419557055,2025-10-10 01:12:20
2,143,0.08796639069565233,-0.05946020747170013,2025-10-10 01:12:20
2,144,0.08817787616900004,-0.059151660415558555,2025-10-10 01:12:20
2,145,0.08838559119607473,-0.058848614257797666,2025-10-10 01:12:20
2,146,0.08858959447729813,-0.058550983357347035,2025-10-10 01:12:20
2,147,0.08878994409791205,-0.05825868297065393,2025-10-10 01:12:20
2,148,0.08898669752243407,-0.05797162925977216,2025-10-10 01:12:20
2,149,0.08917991158977848,-0.05768973929948045,2025-10-10 01:12:20
2,150,0.08936964250901205,-0.05741293108347449,2025-10-10 01:12:20
2,151,0.08955594585571582,-0.05714112352967499,2025-10-10 01:12:20
2,152,0.08973887656892456,-0.05687423648469276,2025-10-10 01:12:20
2,153,0.08991848894861729,-0.05661219072749004,2025-10-10 01:12:20
2,154,0.0900948366537325,-0.05635490797227611,2025-10-10 01:12:20
2,155,0.09026797270068336,-0.056102310870673536,2025-10-10 01:12:20
2,156,0.09043794946234875,-0.05585432301319026,2025-10-10 01:12:20
2,157,0.09060481866751689,-0.05561086893003123,2025-10-10 01:12:20
2,158,0.09076863140075943,-0.055371874091282226,2025-10-10 01:12:20
2,159,0.09092943810271437,-0.05513726490649695,2025-10-10 01:12:20
2,160,0.09108728857075736,-0.05490696872371772,2025-10-10 01:12:20
2,161,0.09124223196004148,-0.054680913827958456,2025-10-10 01:12:20
2,162,0.09139431678488637,-0.05445902943917802,2025-10-10 01:12:20
2,163,0.09154359092049845,-0.05424124570977045,2025-10-10 01:12:20
2,164,0.09169010160500461,-0.05402749372159799,2025-10-10 01:12:20
2,165,0.09183389544178235,-0.053817705482591495,2025-10-10 01:12:20
2,166,0.09197501840207008,-0.053611813922942037,2025-10-10 01:12:20
2,167,0.09211351582784212,-0.05340975289090655,2025-10-10 01:12:20
2,168,0.09224943243493317,-0.053211457148249354,2025-10-10 01:12:20
2,169,0.09238281231639782,-0.0530168623653407,2025-10-10 01:12:20
2,170,0.09251369894609149,-0.05282590511593247,2025-10-10 01:12:20
2,171,0.09264213518245916,-0.05263852287163053,2025-10-10 01:12:20
2,172,0.09276816327251941,-0.052454653996082255,2025-10-10 01:12:20
2,173,0.09289182485603133,-0.05227423773889718,2025-10-10 01:12:20
2,174,0.09301316096983263,-0.05209721422931788,2025-10-10 01:12:20
2,175,0.09313221205233771,-0.051923524469657555,2025-10-10 01:12:20
2,176,0.09324901794818483,-0.05175311032852005,2025-10-10 01:12:20
2,177,0.09336361791302197,-0.05158591453381743,2025-10-10 01:12:20
2,178,0.09347605061842162,-0.05142188066559964,2025-10-10 01:12:20
2,179,0.09358635415691477,-0.05126095314871008,2025-10-10 01:12:20
2,180,0.09369456604713519,-0.05110307724528038,2025-10-10 01:12:20
2,181,0.09380072323906513,-0.05094819904707721,2025-10-10 01:12:20
2,182,0.09390486211937416,-0.050796265467713105,2025-10-10 01:12:20
2,183,0.09400701851684311,-0.05064722423473322,2025-10-10 01:12:20
2,184,0.09410722770786559,-0.050501023881588954,2025-10-10 01:12:20
2,185,0.09420552442201953,-0.05035761373950925,2025-10-10 01:12:20
2,186,0.094301942847702,-0.05021694392927967,2025-10-10 01:12:20
2,187,0.09439651663782055,-0.0500789653529391,2025-10-10 01:12:20
2,188,0.09448927891553452,-0.04994362968540331,2025-10-10 01:12:20
2,189,0.09458026228004059,-0.049810889366024264,2025-10-10 01:12:20
2,190,0.09466949881239632,-0.04968069759009374,2025-10-10 01:12:20
2,191,0.09475702008137651,-0.049553008300299274,2025-10-10 01:12:20
2,192,0.09484285714935684,-0.049427776178140176,2025-10-10 01:12:20
2,193,0.0949270405782198,-0.04930495663531103,2025-10-10 01:12:20
2,194,0.09500960043527822,-0.04918450580505961,2025-10-10 01:12:20
2,195,0.09509056629921167,-0.04906638053352594,2025-10-10 01:12:20
2,196,0.09516996726601144,-0.04895053837106883,2025-10-10 01:12:20
2,197,0.09524783195492996,-0.048836937563585994,2025-10-10 01:12:20
2,198,0.09532418851443072,-0.048725537043833395,2025-10-10 01:12:20
2,199,0.09539906462813492,-0.04861629642274936,2025-10-10 01:12:20
2,200,0.09547248752076133,-0.048509175980788646,2025-10-10 01:12:20
2,201,0.09554448396405593,-0.04840413665927131,2025-10-10 01:12:20
2,202,0.09561508028270826,-0.04830114005175113,2025-10-10 01:12:20
2,203,0.09568430236025129,-0.048200148395407955,2025-10-10 01:12:20
2,204,0.095752175644942,-0.048101124562468144,2025-10-10 01:12:20
2,205,0.0958187251556201,-0.04800403205165711,2025-10-10 01:12:20
2,206,0.09588397548754202,-0.04790883497968768,2025-10-10 01:12:20
2,207,0.09594795081818813,-0.04781549807278775,2025-10-10 01:12:20
2,208,0.09601067491304056,-0.04772398665827066,2025-10-10 01:12:20
2,209,0.09607217113132972,-0.04763426665615134,2025-10-10 01:12:20
2,210,0.09613246243174735,-0.04754630457081123,2025-10-10 01:12:20
2,211,0.09619157137812424,-0.0474600674827147,2025-10-10 01:12:20
2,212,0.09624952014507096,-0.04737552304017964,2025-10-10 01:12:20
2,213,0.09630633052357968,-0.04729263945120456,2025-10-10 01:12:20
2,214,0.09636202392658572,-0.047211385475354556,2025-10-10 01:12:20
2,215,0.09641662139448734,-0.0471317304157083,2025-10-10 01:12:20
2,216,0.09647014360062232,-0.04705364411086787,2025-10-10 01:12:20
2,217,0.09652261085670016,-0.0469770969270335,2025-10-10 01:12:20
2,218,0.09657404311818868,-0.046902059750144796,2025-10-10 01:12:20
2,219,0.0966244599896539,-0.04682850397809002,2025-10-10 01:12:20
2,220,0.09667388073005231,-0.04675640151298501,2025-10-10 01:12:20
2,221,0.09672232425797453,-0.04668572475352297,2025-10-10 01:12:20
2,222,0.0967698091568394,-0.046616446587396415,2025-10-10 01:12:20
2,223,0.09681635368003799,-0.0465485403837924,2025-10-10 01:12:20
2,224,0.09686197575602663,-0.046481979985962055,2025-10-10 01:12:20
2,225,0.09690669299336832,-0.04641673970386533,2025-10-10 01:12:20
2,226,0.09695052268572207,-0.04635279430689187,2025-10-10 01:12:20
2,227,0.09699348181677955,-0.0462901190166586,2025-10-10 01:12:20
2,228,0.09703558706514867,-0.04622868949988492,2025-10-10 01:12:20
2,229,0.09707685480918361,-0.04616848186134583,2025-10-10 01:12:20
2,230,0.09711730113176106,-0.046109472636903695,2025-10-10 01:12:20
2,231,0.0971569418250023,-0.046051638786618936,2025-10-10 01:12:20
2,232,0.09719579239494083,-0.04599495768794011,2025-10-10 01:12:20
2,233,0.09723386806613561,-0.0459394071289736,2025-10-10 01:12:20
2,234,0.09727118378622931,-0.04588496530183314,2025-10-10 01:12:20
2,235,0.09730775423045193,-0.04583161079606939,2025-10-10 01:12:20
2,236,0.09734359380606938,-0.04577932259217963,2025-10-10 01:12:20
2,237,0.09737871665677716,-0.04572808005519757,2025-10-10 01:12:20
2,238,0.09741313666703907,-0.045677862928363455,2025-10-10 01:12:20
2,239,0.09744686746637099,-0.04562865132687415,2025-10-10 01:12:20
2,240,0.09747992243356982,-0.04558042573171336,2025-10-10 01:12:20
2,241,0.09751231470088773,-0.045533166983561614,2025-10-10 01:12:20
2,242,0.09754405715815168,-0.045486856276786065,2025-10-10 01:12:20
2,243,0.09757516245682858,-0.04544147515350964,2025-10-10 01:12:20
2,244,0.09760564301403613,-0.04539700549775943,2025-10-10 01:12:20
2,245,0.09763551101649952,-0.04535342952969396,2025-10-10 01:12:20
2,246,0.09766477842445442,-0.04531072979990905,2025-10-10 01:12:20
2,247,0.0976934569754963,-0.04526888918382177,2025-10-10 01:12:20
2,248,0.0977215581883764,-0.045227890876132305,2025-10-10 01:12:20
2,249,0.09774909336674475,-0.04518771838536306,2025-10-10 01:12:20
2,250,0.09777607360284048,-0.045148355528474765,2025-10-10 01:12:20
2,251,0.09780250978112963,-0.04510978642555892,2025-10-10 01:12:20
2,252,0.09782841258189112,-0.04507199549460623,2025-10-10 01:12:20
2,253,0.09785379248475086,-0.04503496744635038,2025-10-10 01:12:20
2,254,0.09787865977216463,-0.04499868727918669,2025-10-10 01:12:20
2,255,0.09790302453285012,-0.04496314027416503,2025-10-10 01:12:20
2,256,0.0979268966651683,-0.04492831199005643,2025-10-10 01:12:20
2,257,0.09795028588045483,-0.04489418825849281,2025-10-10 01:12:20
2,258,0.09797320170630175,-0.04486075517917915,2025-10-10 01:12:20
2,259,0.09799565348978988,-0.04482799911517753,2025-10-10 01:12:20
2,260,0.09801765040067248,-0.04479590668826233,2025-10-10 01:12:20
2,261,0.09803920143451053,-0.04476446477434607,2025-10-10 01:12:20
2,262,0.09806031541576012,-0.04473366049897499,2025-10-10 01:12:20
2,263,0.09808100100081237,-0.04470348123289394,2025-10-10 01:12:20
2,264,0.0981012666809865,-0.04467391458767971,2025-10-10 01:12:20
2,265,0.0981211207854763,-0.04464494841144224,2025-10-10 01:12:20
2,266,0.09814057148425069,-0.044616570784592816,2025-10-10 01:12:20
2,267,0.0981596267909087,-0.04458877001567883,2025-10-10 01:12:20
2,268,0.09817829456548949,-0.044561534637284086,2025-10-10 01:12:20
2,269,0.0981965825172378,-0.04453485340199411,2025-10-10 01:12:20
2,270,0.09821449820732542,-0.04450871527842572,2025-10-10 01:12:20
2,271,0.09823204905152909,-0.04448310944732006,2025-10-10 01:12:20
2,272,0.09824924232286536,-0.044458025297698454,2025-10-10 01:12:20
2,273,0.09826608515418303,-0.0444334524230802,2025-10-10 01:12:20
2,274,0.09828258454071345,-0.04440938061776177,2025-10-10 01:12:20
2,275,0.0982987473425794,-0.044385799873156495,2025-10-10 01:12:20
2,276,0.09831458028726293,-0.0443627003741941,2025-10-10 01:12:20
2,277,0.09833008997203276,-0.04434007249577928,2025-10-10 01:12:20
2,278,0.09834528286633155,-0.04431790679930868,2025-10-10 01:12:20
2,279,0.09836016531412396,-0.044296194029245374,2025-10-10 01:12:20
2,280,0.09837474353620541,-0.04427492510975029,2025-10-10 01:12:20
2,281,0.09838902363247266,-0.0442540911413697,2025-10-10 01:12:20
2,282,0.09840301158415625,-0.044233683397778126,2025-10-10 01:12:20
2,283,0.09841671325601556,-0.04421369332257585,2025-10-10 01:12:20
2,284,0.09843013439849689,-0.04419411252614042,2025-10-10 01:12:20
2,285,0.0984432806498551,-0.04417493278253125,2025-10-10 01:12:20
2,286,0.09845615753823923,-0.044156146026446796,2025-10-10 01:12:20
2,287,0.09846877048374277,-0.04413774435023337,2025-10-10 01:12:20
2,288,0.09848112480041878,-0.04411972000094506,2025-10-10 01:12:20
2,289,0.09849322569826072,-0.044102065377453904,2025-10-10 01:12:20
2,290,0.09850507828514915,-0.044084773027609735,2025-10-10 01:12:20
2,291,0.09851668756876494,-0.044067835645448854,2025-10-10 01:12:20
2,292,0.09852805845846946,-0.04405124606845094,2025-10-10 01:12:20
2,293,0.09853919576715221,-0.04403499727484348,2025-10-10 01:12:20
2,294,0.09855010421304636,-0.04401908238095295,2025-10-10 01:12:20
2,295,0.09856078842151264,-0.04400349463860219,2025-10-10 01:12:20
2,296,0.09857125292679216,-0.04398822743255317,2025-10-10 01:12:20
2,297,0.09858150217372845,-0.0439732742779946,2025-10-10 01:12:20
2,298,0.09859154051945934,-0.04395862881807354,2025-10-10 01:12:20
2,299,0.09860137223507903,-0.04394428482147057,2025-10-10 01:12:20
2,300,0.09861100150727081,-0.04393023618001767,2025-10-10 01:12:20
2,301,0.09862043243991095,-0.04391647690635824,2025-10-10 01:12:20
2,302,0.09862966905564413,-0.04390300113164864,2025-10-10 01:12:20
2,303,0.09863871529743089,-0.043889803103300574,2025-10-10 01:12:20
2,304,0.09864757503006741,-0.04387687718276369,2025-10-10 01:12:20
2,305,0.0986562520416783,-0.04386421784334775,2025-10-10 01:12:20
2,306,0.0986647500451826,-0.04385181966808385,2025-10-10 01:12:20
2,307,0.09867307267973345,-0.04383967734762394,2025-10-10 01:12:20
2,308,0.09868122351213192,-0.043827785678178084,2025-10-10 01:12:20
2,309,0.09868920603821538,-0.043816139559489,2025-10-10 01:12:20
2,310,0.09869702368422077,-0.04380473399284302,2025-10-10 01:12:20
2,311,0.09870467980812327,-0.04379356407911715,2025-10-10 01:12:20
2,312,0.09871217770095055,-0.04378262501686146,2025-10-10 01:12:20
2,313,0.09871952058807337,-0.04377191210041635,2025-10-10 01:12:20
2,314,0.09872671163047252,-0.043761420718064076,2025-10-10 01:12:20
2,315,0.09873375392598265,-0.04375114635021396,2025-10-10 01:12:20
2,316,0.09874065051051353,-0.0437410845676208,2025-10-10 01:12:20
2,317,0.09874740435924881,-0.043731231029635866,2025-10-10 01:12:20
2,318,0.09875401838782279,-0.043721581482489995,2025-10-10 01:12:20
2,319,0.09876049545347566,-0.0437121317576082,2025-10-10 01:12:20
2,320,0.09876683835618748,-0.04370287776995532,2025-10-10 01:12:20
2,321,0.09877304983979109,-0.0436938155164122,2025-10-10 01:12:20
2,322,0.09877913259306464,-0.04368494107418181,2025-10-10 01:12:20
2,323,0.09878508925080386,-0.04367625059922491,2025-10-10 01:12:20
2,324,0.09879092239487434,-0.04366774032472468,2025-10-10 01:12:20
2,325,0.09879663455524451,-0.043659406559579846,2025-10-10 01:12:20
2,326,0.09880222821099914,-0.04365124568692585,2025-10-10 01:12:20
2,327,0.09880770579133416,-0.043643254162683554,2025-10-10 01:12:20
2,328,0.09881306967653285,-0.04363542851413504,2025-10-10 01:12:20
2,329,0.09881832219892377,-0.04362776533852594,2025-10-10 01:12:20
2,330,0.09882346564382082,-0.04362026130169406,2025-10-10 01:12:20
2,331,0.09882850225044562,-0.04361291313672355,2025-10-10 01:12:20
2,332,0.09883343421283265,-0.04360571764262445,2025-10-10 01:12:20
2,333,0.09883826368071731,-0.043598671683037,2025-10-10 01:12:20
2,334,0.09884299276040728,-0.04359177218496036,2025-10-10 01:12:20
2,335,0.0988476235156375,-0.04358501613750529,2025-10-10 01:12:20
2,336,0.09885215796840893,-0.04357840059067036,2025-10-10 01:12:20
2,337,0.09885659809981154,-0.04357192265414135,2025-10-10 01:12:20
2,338,0.09886094585083162,-0.04356557949611328,2025-10-10 01:12:20
2,339,0.09886520312314392,-0.043559368342134884,2025-10-10 01:12:20
2,340,0.09886937177988865,-0.043553286473974905,2025-10-10 01:12:20
2,341,0.09887345364643371,-0.043547331228510025,2025-10-10 01:12:20
2,342,0.0988774505111225,-0.043541499996633905,2025-10-10 01:12:20
2,343,0.09888136412600738,-0.04353579022218703,2025-10-10 01:12:20
2,344,0.09888519620756928,-0.04353019940090697,2025-10-10 01:12:20
2,345,0.09888894843742334,-0.04352472507939868,2025-10-10 01:12:20
2,346,0.09889262246301131,-0.04351936485412452,2025-10-10 01:12:20
2,347,0.0988962198982805,-0.04351411637041357,2025-10-10 01:12:20
2,348,0.0988997423243498,-0.04350897732149,2025-10-10 01:12:20
2,349,0.09890319129016291,-0.04350394544752001,2025-10-10 01:12:20
2,350,0.09890656831312901,-0.04349901853467716,2025-10-10 01:12:20
2,351,0.0989098748797511,-0.043494194414225605,2025-10-10 01:12:20
2,352,0.09891311244624224,-0.04348947096162108,2025-10-10 01:12:20
2,353,0.09891628243912992,-0.043484846095629096,2025-10-10 01:12:20
2,354,0.09891938625584876,-0.04348031777746028,2025-10-10 01:12:20
2,355,0.09892242526532175,-0.04347588400992233,2025-10-10 01:12:20
2,356,0.09892540080853025,-0.04347154283658841,2025-10-10 01:12:20
2,357,0.09892831419907301,-0.04346729234098166,2025-10-10 01:12:20
2,358,0.0989311667237142,-0.043463130645775463,2025-10-10 01:12:20
2,359,0.09893395964292101,-0.043459055912009305,2025-10-10 01:12:20
2,360,0.09893669419139065,-0.04345506633831978,2025-10-10 01:12:20
2,361,0.09893937157856718,-0.043451160160186623,2025-10-10 01:12:20
2,362,0.09894199298914828,-0.04344733564919334,2025-10-10 01:12:20
2,363,0.09894455958358211,-0.04344359111230231,2025-10-10 01:12:20
2,364,0.09894707249855451,-0.043439924891143976,2025-10-10 01:12:20
2,365,0.09894953284746669,-0.04343633536131993,2025-10-10 01:12:20
2,366,0.09895194172090359,-0.0434328209317196,2025-10-10 01:12:20
2,367,0.09895430018709307,-0.043429380043850295,2025-10-10 01:12:20
2,368,0.09895660929235615,-0.04342601117118038,2025-10-10 01:12:20
2,369,0.09895887006154835,-0.043422712818495315,2025-10-10 01:12:20
2,370,0.09896108349849247,-0.043419483521266275,2025-10-10 01:12:20
2,371,0.09896325058640283,-0.04341632184503123,2025-10-10 01:12:20
2,372,0.09896537228830117,-0.04341322638478813,2025-10-10 01:12:20
2,373,0.0989674495474244,-0.04341019576440003,2025-10-10 01:12:20
2,374,0.09896948328762432,-0.043407228636011916,2025-10-10 01:12:20
2,375,0.09897147441375949,-0.04340432367947904,2025-10-10 01:12:20
2,376,0.09897342381207928,-0.043401479601806466,2025-10-10 01:12:20
2,377,0.09897533235060055,-0.043398695136599726,2025-10-10 01:12:20
2,378,0.09897720087947662,-0.043395969043526286,2025-10-10 01:12:20
2,379,0.0989790302313592,-0.04339330010778765,2025-10-10 01:12:20
2,380,0.09898082122175307,-0.04339068713960191,2025-10-10 01:12:20
2,381,0.09898257464936364,-0.043388128973696545,2025-10-10 01:12:20
2,382,0.09898429129643782,-0.043385624468811224,2025-10-10 01:12:20
2,383,0.09898597192909803,-0.04338317250721049,2025-10-10 01:12:20
2,384,0.09898761729766953,-0.043380771994206126,2025-10-10 01:12:20
2,385,0.09898922813700141,-0.043378421857688934,2025-10-10 01:12:20
2,386,0.09899080516678108,-0.043376121047669886,2025-10-10 01:12:20
2,387,0.09899234909184251,-0.04337386853583033,2025-10-10 01:12:20
2,388,0.09899386060246848,-0.04337166331508119,2025-10-10 01:12:20
2,389,0.0989953403746866,-0.04336950439913092,2025-10-10 01:12:20
2,390,0.09899678907055963,-0.04336739082206204,2025-10-10 01:12:20
2,391,0.09899820733846991,-0.043365321637916156,2025-10-10 01:12:20
2,392,0.09899959581339812,-0.0433632959202872,2025-10-10 01:12:20
2,393,0.09900095511719656,-0.04336131276192284,2025-10-10 01:12:20
2,394,0.09900228585885681,-0.04335937127433384,2025-10-10 01:12:20
2,395,0.09900358863477228,-0.043357470587411163,2025-10-10 01:12:20
2,396,0.09900486402899523,-0.043355609849050826,2025-10-10 01:12:20
2,397,0.09900611261348892,-0.04335378822478619,2025-10-10 01:12:20
2,398,0.09900733494837448,-0.04335200489742762,2025-10-10 01:12:20
2,399,0.09900853158217303,-0.043350259066709425,2025-10-10 01:12:20
2,400,0.09900970305204279,-0.043348549948943785,2025-10-10 01:12:20
2,401,0.09901084988401154,-0.04334687677668167,2025-10-10 01:12:20
2,402,0.09901197259320434,-0.04334523879838057,2025-10-10 01:12:20
2,403,0.09901307168406674,-0.04334363527807887,2025-10-10 01:12:20
2,404,0.09901414765058349,-0.04334206549507679,2025-10-10 01:12:20
2,405,0.09901520097649277,-0.04334052874362373,2025-10-10 01:12:20
2,406,0.09901623213549629,-0.04333902433261189,2025-10-10 01:12:20
2,407,0.09901724159146494,-0.0433375515852761,2025-10-10 01:12:20
2,408,0.09901822979864049,-0.043336109838899635,2025-10-10 01:12:20
2,409,0.09901919720183311,-0.04333469844452602,2025-10-10 01:12:20
2,410,0.09902014423661495,-0.04333331676667659,2025-10-10 01:12:20
2,411,0.09902107132950982,-0.04333196418307379,2025-10-10 01:12:20
2,412,0.099021978898179,-0.04333064008437005,2025-10-10 01:12:20
2,413,0.09902286735160336,-0.0433293438738821,2025-10-10 01:12:20
2,414,0.09902373709026174,-0.0433280749673307,2025-10-10 01:12:20
2,415,0.09902458850630579,-0.04332683279258563,2025-10-10 01:12:20
2,416,0.09902542198373118,-0.04332561678941578,2025-10-10 01:12:20
2,417,0.09902623789854548,-0.043324426409244374,2025-10-10 01:12:20
2,418,0.09902703661893246,-0.0433232611149091,2025-10-10 01:12:20
2,419,0.09902781850541327,-0.0433221203804271,2025-10-10 01:12:20
2,420,0.09902858391100415,-0.04332100369076477,2025-10-10 01:12:20
2,421,0.09902933318137111,-0.04331991054161216,2025-10-10 01:12:20
2,422,0.09903006665498136,-0.04331884043916202,2025-10-10 01:12:20
2,423,0.09903078466325173,-0.04331779289989324,2025-10-10 01:12:20
2,424,0.09903148753069405,-0.0433167674503588,2025-10-10 01:12:20
2,425,0.09903217557505756,-0.04331576362697794,2025-10-10 01:12:20
2,426,0.09903284910746848,-0.0433147809758326,2025-10-10 01:12:20
2,427,0.0990335084325667,-0.043313819052467964,2025-10-10 01:12:20
2,428,0.09903415384863964,-0.04331287742169711,2025-10-10 01:12:20
2,429,0.09903478564775355,-0.043311955657409563,2025-10-10 01:12:20
2,430,0.0990354041158819,-0.04331105334238385,2025-10-10 01:12:20
2,431,0.0990360095330314,-0.043310170068103775,2025-10-10 01:12:20
2,432,0.0990366021733653,-0.04330930543457847,2025-10-10 01:12:20
2,433,0.09903718230532413,-0.043308459050166156,2025-10-10 01:12:20
2,434,0.0990377501917442,-0.043307630531401436,2025-10-10 01:12:20
2,435,0.09903830608997342,-0.043306819502826166,2025-10-10 01:12:20
2,436,0.09903885025198494,-0.04330602559682373,2025-10-10 01:12:20
2,437,0.0990393829244884,-0.04330524845345673,2025-10-10 01:12:20
2,438,0.09903990434903888,-0.043304487720308,2025-10-10 01:12:20
2,439,0.09904041476214367,-0.04330374305232486,2025-10-10 01:12:20
2,440,0.0990409143953669,-0.0433030141116665,2025-10-10 01:12:20
2,441,0.09904140347543185,-0.04330230056755461,2025-10-10 01:12:20
2,442,0.0990418822243214,-0.04330160209612693,2025-10-10 01:12:20
2,443,0.09904235085937628,-0.04330091838029388,2025-10-10 01:12:20
2,444,0.0990428095933913,-0.04330024910959814,2025-10-10 01:12:20
2,445,0.0990432586347097,-0.043299593980077024,2025-10-10 01:12:20
2,446,0.09904369818731548,-0.04329895269412775,2025-10-10 01:12:20
2,447,0.0990441284509239,-0.043298324960375445,2025-10-10 01:12:20
2,448,0.09904454962107008,-0.043297710493543855,2025-10-10 01:12:20
2,449,0.09904496188919577,-0.04329710901432872,2025-10-10 01:12:20
2,450,0.09904536544273443,-0.04329652024927372,2025-10-10 01:12:20
2,451,0.09904576046519444,-0.043295943930649006,2025-10-10 01:12:20
2,452,0.0990461471362407,-0.04329537979633221,2025-10-10 01:12:20
2,453,0.0990465256317745,-0.04329482758969188,2025-10-10 01:12:20
2,454,0.09904689612401175,-0.043294287059473344,2025-10-10 01:12:20
2,455,0.09904725878155964,-0.0432937579596869,2025-10-10 01:12:20
2,456,0.09904761376949164,-0.04329324004949831,2025-10-10 01:12:20
2,457,0.09904796124942111,-0.04329273309312155,2025-10-10 01:12:20
2,458,0.09904830137957323,-0.04329223685971376,2025-10-10 01:12:20
2,459,0.09904863431485549,-0.043291751123272375,2025-10-10 01:12:20
2,460,0.09904896020692686,-0.04329127566253435,2025-10-10 01:12:20
2,461,0.09904927920426532,-0.04329081026087748,2025-10-10 01:12:20
2,462,0.09904959145223419,-0.043290354706223735,2025-10-10 01:12:20
2,463,0.09904989709314697,-0.043289908790944624,2025-10-10 01:12:20
2,464,0.0990501962663309,-0.04328947231176846,2025-10-10 01:12:20
2,465,0.09905048910818917,-0.043289045069689586,2025-10-10 01:12:20
2,466,0.09905077575226191,-0.043288626869879436,2025-10-10 01:12:20
2,467,0.09905105632928585,-0.043288217521599455,2025-10-10 01:12:20
2,468,0.09905133096725278,-0.043287816838115806,2025-10-10 01:12:20
2,469,0.09905159979146684,-0.043287424636615855,2025-10-10 01:12:20
2,470,0.09905186292460053,-0.04328704073812635,2025-10-10 01:12:20
2,471,0.09905212048674965,-0.04328666496743333,2025-10-10 01:12:20
2,472,0.09905237259548709,-0.043286297153003646,2025-10-10 01:12:20
2,473,0.09905261936591547,-0.043285937126908154,2025-10-10 01:12:20
2,474,0.09905286091071874,-0.04328558472474646,2025-10-10 01:12:20
2,475,0.09905309734021264,-0.043285239785573214,2025-10-10 01:12:20
2,476,0.09905332876239421,-0.04328490215182598,2025-10-10 01:12:20
2,477,0.09905355528299022,-0.043284571669254555,2025-10-10 01:12:20
2,478,0.09905377700550454,-0.043284248186851754,2025-10-10 01:12:20
2,479,0.0990539940312647,-0.04328393155678564,2025-10-10 01:12:20
2,480,0.09905420645946732,-0.043283621634333184,2025-10-10 01:12:20
2,481,0.09905441438722264,-0.04328331827781522,2025-10-10 01:12:20
2,482,0.09905461790959817,-0.04328302134853286,2025-10-10 01:12:20
2,483,0.09905481711966144,-0.04328273071070512,2025-10-10 01:12:20
2,484,0.09905501210852174,-0.04328244623140791,2025-10-10 01:12:20
2,485,0.09905520296537121,-0.04328216778051427,2025-10-10 01:12:20
2,486,0.09905538977752484,-0.043281895230635824,2025-10-10 01:12:20
2,487,0.09905557263045983,-0.043281628457065485,2025-10-10 01:12:20
2,488,0.09905575160785404,-0.04328136733772134,2025-10-10 01:12:20
2,489,0.09905592679162363,-0.043281111753091656,2025-10-10 01:12:20
2,490,0.09905609826195996,-0.04328086158618111,2025-10-10 01:12:20
2,491,0.09905626609736576,-0.04328061672245806,2025-10-10 01:12:20
2,492,0.0990564303746904,-0.04328037704980296,2025-10-10 01:12:20
2,493,0.09905659116916464,-0.04328014245845783,2025-10-10 01:12:20
2,494,0.09905674855443443,-0.04327991284097675,2025-10-10 01:12:20
2,495,0.09905690260259421,-0.04327968809217745,2025-10-10 01:12:20
2,496,0.09905705338421938,-0.04327946810909384,2025-10-10 01:12:20
2,497,0.09905720096839815,-0.04327925279092956,2025-10-10 01:12:20
2,498,0.09905734542276273,-0.043279042039012505,2025-10-10 01:12:20
2,499,0.09905748681351985,-0.043278835756750254,2025-10-10 01:12:20
2,500,0.09905762520548066,-0.04327863384958648,2025-10-10 01:12:20
2,501,0.09905776066209,-0.04327843622495824,2025-10-10 01:12:20
2,502,0.09905789324545507,-0.04327824279225415,2025-10-10 01:12:20
2,503,0.09905802301637347,-0.04327805346277344,2025-10-10 01:12:20
2,504,0.09905815003436072,-0.043277868149685865,2025-10-10 01:12:20
2,505,0.09905827435767713,-0.04327768676799245,2025-10-10 01:12:20
2,506,0.09905839604335416,-0.04327750923448705,2025-10-10 01:12:20
2,507,0.09905851514722025,-0.0432773354677187,2025-10-10 01:12:20
2,508,0.09905863172392602,-0.04327716538795477,2025-10-10 01:12:20
2,509,0.09905874582696905,-0.043276998917144906,2025-10-10 01:12:20
2,510,0.09905885750871807,-0.04327683597888565,2025-10-10 01:12:20
2,511,0.09905896682043669,-0.043276676498385895,2025-10-10 01:12:20
2,512,0.0990590738123066,-0.04327652040243297,2025-10-10 01:12:20
2,513,0.09905917853345031,-0.043276367619359504,2025-10-10 01:12:20
2,514,0.09905928103195344,-0.04327621807901095,2025-10-10 01:12:20
2,515,0.09905938135488644,-0.043276071712713776,2025-10-10 01:12:20
2,516,0.09905947954832599,-0.04327592845324435,2025-10-10 01:12:20
2,517,0.09905957565737585,-0.043275788234798454,2025-10-10 01:12:20
2,518,0.09905966972618735,-0.04327565099296144,2025-10-10 01:12:20
2,519,0.09905976179797941,-0.04327551666467901,2025-10-10 01:12:20
2,520,0.09905985191505813,-0.04327538518822861,2025-10-10 01:12:20
2,521,0.099059940118836,-0.043275256503191424,2025-10-10 01:12:20
2,522,0.0990600264498507,-0.04327513055042494,2025-10-10 01:12:20
2,523,0.0990601109477835,-0.04327500727203609,2025-10-10 01:12:20
2,524,0.0990601936514773,-0.04327488661135501,2025-10-10 01:12:20
2,525,0.09906027459895422,-0.04327476851290921,2025-10-10 01:12:20
2,526,0.09906035382743296,-0.043274652922398474,2025-10-10 01:12:20
2,527,0.09906043137334561,-0.04327453978667011,2025-10-10 01:12:20
2,528,0.09906050727235428,-0.04327442905369483,2025-10-10 01:12:20
2,529,0.09906058155936731,-0.04327432067254309,2025-10-10 01:12:20
2,530,0.09906065426855508,-0.043274214593361934,2025-10-10 01:12:20
2,531,0.09906072543336561,-0.04327411076735232,2025-10-10 01:12:20
2,532,0.09906079508653975,-0.04327400914674692,2025-10-10 01:12:20
2,533,0.0990608632601261,-0.04327390968478842,2025-10-10 01:12:20
2,534,0.09906092998549555,-0.043273812335708185,2025-10-10 01:12:20
2,535,0.09906099529335559,-0.04327371705470548,2025-10-10 01:12:20
2,536,0.09906105921376428,-0.04327362379792705,2025-10-10 01:12:20
2,537,0.09906112177614393,-0.04327353252244717,2025-10-10 01:12:20
2,538,0.0990611830092945,-0.043273443186248095,2025-10-10 01:12:20
2,539,0.09906124294140674,-0.043273355748200903,2025-10-10 01:12:20
2,540,0.09906130160007498,-0.04327327016804678,2025-10-10 01:12:20
2,541,0.09906135901230977,-0.04327318640637867,2025-10-10 01:12:20
2,542,0.09906141520455011,-0.043273104424623315,2025-10-10 01:12:20
2,543,0.0990614702026756,-0.04327302418502367,2025-10-10 01:12:20
2,544,0.09906152403201814,-0.0432729456506217,2025-10-10 01:12:20
2,545,0.09906157671737353,-0.04327286878524153,2025-10-10 01:12:20
2,546,0.0990616282830128,-0.04327279355347293,2025-10-10 01:12:20
2,547,0.09906167875269323,-0.04327271992065517,2025-10-10 01:12:20
2,548,0.0990617281496692,-0.04327264785286123,2025-10-10 01:12:20
2,549,0.09906177649670281,-0.043272577316882284,2025-10-10 01:12:20
2,550,0.0990618238160743,-0.04327250828021256,2025-10-10 01:12:20
2,551,0.09906187012959217,-0.04327244071103453,2025-10-10 01:12:20
2,552,0.09906191545860316,-0.04327237457820434,2025-10-10 01:12:20
2,553,0.09906195982400195,-0.04327230985123762,2025-10-10 01:12:20
2,554,0.09906200324624082,-0.04327224650029554,2025-10-10 01:12:20
2,555,0.09906204574533883,-0.04327218449617122,2025-10-10 01:12:20
2,556,0.09906208734089111,-0.04327212381027634,2025-10-10 01:12:20
2,557,0.09906212805207772,-0.04327206441462812,2025-10-10 01:12:20
2,558,0.09906216789767244,-0.04327200628183651,2025-10-10 01:12:20
2,559,0.09906220689605139,-0.04327194938509166,2025-10-10 01:12:20
2,560,0.09906224506520134,-0.0432718936981517,2025-10-10 01:12:20
2,561,0.09906228242272805,-0.04327183919533074,2025-10-10 01:12:20
2,562,0.09906231898586422,-0.043271785851487075,2025-10-10 01:12:20
2,563,0.09906235477147741,-0.04327173364201175,2025-10-10 01:12:20
2,564,0.09906238979607777,-0.04327168254281727,2025-10-10 01:12:20
2,565,0.09906242407582556,-0.043271632530326586,2025-10-10 01:12:20
2,566,0.09906245762653856,-0.04327158358146232,2025-10-10 01:12:20
2,567,0.09906249046369933,-0.04327153567363619,2025-10-10 01:12:20
2,568,0.09906252260246225,-0.043271488784738674,2025-10-10 01:12:20
2,569,0.09906255405766047,-0.04327144289312891,2025-10-10 01:12:20
2,570,0.09906258484381275,-0.04327139797762477,2025-10-10 01:12:20
2,571,0.09906261497513003,-0.04327135401749315,2025-10-10 01:12:20
2,572,0.09906264446552199,-0.04327131099244052,2025-10-10 01:12:20
2,573,0.0990626733286034,-0.043271268882603575,2025-10-10 01:12:20
2,574,0.09906270157770035,-0.04327122766854019,2025-10-10 01:12:20
2,575,0.09906272922585639,-0.04327118733122047,2025-10-10 01:12:20
2,576,0.09906275628583847,-0.043271147852018056,2025-10-10 01:12:20
2,577,0.09906278277014278,-0.04327110921270159,2025-10-10 01:12:20
2,578,0.09906280869100055,-0.04327107139542634,2025-10-10 01:12:20
2,579,0.09906283406038355,-0.043271034382726045,2025-10-10 01:12:20
2,580,0.09906285889000965,-0.0432709981575049,2025-10-10 01:12:20
2,581,0.09906288319134819,-0.04327096270302971,2025-10-10 01:12:20
2,582,0.09906290697562521,-0.04327092800292222,2025-10-10 01:12:20
2,583,0.09906293025382862,-0.04327089404115161,2025-10-10 01:12:20
2,584,0.09906295303671321,-0.04327086080202715,2025-10-10 01:12:20
2,585,0.09906297533480563,-0.04327082827019098,2025-10-10 01:12:20
2,586,0.09906299715840916,-0.04327079643061108,2025-10-10 01:12:20
2,587,0.09906301851760851,-0.04327076526857438,2025-10-10 01:12:20
2,588,0.09906303942227439,-0.04327073476967999,2025-10-10 01:12:20
2,589,0.09906305988206805,-0.04327070491983261,2025-10-10 01:12:20
2,590,0.09906307990644574,-0.04327067570523604,2025-10-10 01:12:20
2,591,0.09906309950466301,-0.04327064711238686,2025-10-10 01:12:20
2,592,0.099063118685779,-0.04327061912806823,2025-10-10 01:12:20
2,593,0.09906313745866056,-0.043270591739343826,2025-10-10 01:12:20
2,594,0.0990631558319864,-0.043270564933551886,2025-10-10 01:12:20
2,595,0.09906317381425095,-0.04327053869829941,2025-10-10 01:12:20
2,596,0.09906319141376836,-0.04327051302145645,2025-10-10 01:12:20
2,597,0.09906320863867629,-0.043270487891150566,2025-10-10 01:12:20
2,598,0.09906322549693965,-0.04327046329576135,2025-10-10 01:12:20
2,599,0.09906324199635425,-0.043270439223915075,2025-10-10 01:12:20
2,600,0.0990632581445504,-0.0432704156644795,2025-10-10 01:12:20
2,601,0.0990632739489964,-0.04327039260655874,2025-10-10 01:12:20
2,602,0.09906328941700197,-0.043270370039488255,2025-10-10 01:12:20
2,603,0.09906330455572164,-0.04327034795282995,2025-10-10 01:12:20
2,604,0.099063319372158,-0.043270326336367376,2025-10-10 01:12:20
2,605,0.09906333387316493,-0.04327030518010103,2025-10-10 01:12:20
2,606,0.0990633480654508,-0.04327028447424378,2025-10-10 01:12:20
2,607,0.09906336195558145,-0.04327026420921633,2025-10-10 01:12:20
2,608,0.09906337554998333,-0.04327024437564282,2025-10-10 01:12:20
2,609,0.09906338885494638,-0.04327022496434655,2025-10-10 01:12:20
2,610,0.09906340187662693,-0.04327020596634571,2025-10-10 01:12:20
2,611,0.09906341462105056,-0.04327018737284928,2025-10-10 01:12:20
2,612,0.09906342709411485,-0.043270169175252976,2025-10-10 01:12:20
2,613,0.0990634393015921,-0.04327015136513529,2025-10-10 01:12:20
2,614,0.09906345124913199,-0.043270133934253614,2025-10-10 01:12:20
2,615,0.09906346294226417,-0.04327011687454045,2025-10-10 01:12:20
2,616,0.09906347438640084,-0.043270100178099694,2025-10-10 01:12:20
2,617,0.09906348558683917,-0.043270083837202995,2025-10-10 01:12:20
2,618,0.0990634965487638,-0.04327006784428621,2025-10-10 01:12:20
2,619,0.09906350727724922,-0.04327005219194593,2025-10-10 01:12:20
2,620,0.09906351777726209,-0.04327003687293603,2025-10-10 01:12:20
2,621,0.09906352805366353,-0.04327002188016437,2025-10-10 01:12:20
2,622,0.09906353811121135,-0.04327000720668953,2025-10-10 01:12:20
2,623,0.09906354795456228,-0.043269992845717586,2025-10-10 01:12:20
2,624,0.09906355758827405,-0.043269978790599004,2025-10-10 01:12:20
2,625,0.09906356701680756,-0.04326996503482556,2025-10-10 01:12:20
2,626,0.09906357624452888,-0.04326995157202736,2025-10-10 01:12:20
2,627,0.09906358527571131,-0.04326993839596988,2025-10-10 01:12:20
2,628,0.0990635941145373,-0.043269925500551136,2025-10-10 01:12:20
2,629,0.0990636027651004,-0.04326991287979882,2025-10-10 01:12:20
2,630,0.09906361123140715,-0.043269900527867576,2025-10-10 01:12:20
2,631,0.09906361951737894,-0.043269888439036314,2025-10-10 01:12:20
2,632,0.09906362762685376,-0.04326987660770555,2025-10-10 01:12:20
2,633,0.09906363556358808,-0.04326986502839485,2025-10-10 01:12:20
2,634,0.09906364333125842,-0.04326985369574027,2025-10-10 01:12:20
2,635,0.09906365093346321,-0.04326984260449192,2025-10-10 01:12:20
2,636,0.09906365837372434,-0.04326983174951151,2025-10-10 01:12:20
2,637,0.09906366565548884,-0.04326982112577001,2025-10-10 01:12:20
2,638,0.09906367278213044,-0.04326981072834532,2025-10-10 01:12:20
2,639,0.09906367975695111,-0.04326980055241998,2025-10-10 01:12:20
2,640,0.09906368658318267,-0.043269790593278984,2025-10-10 01:12:20
2,641,0.09906369326398815,-0.04326978084630757,2025-10-10 01:12:20
2,642,0.09906369980246335,-0.04326977130698913,2025-10-10 01:12:20
2,643,0.09906370620163826,-0.04326976197090307,2025-10-10 01:12:20
2,644,0.0990637124644784,-0.043269752833722835,2025-10-10 01:12:20
2,645,0.09906371859388623,-0.04326974389121387,2025-10-10 01:12:20
2,646,0.09906372459270249,-0.043269735139231685,2025-10-10 01:12:20
2,647,0.09906373046370749,-0.04326972657371992,2025-10-10 01:12:20
2,648,0.09906373620962243,-0.0432697181907085,2025-10-10 01:12:20
2,649,0.0990637418331106,-0.0432697099863118,2025-10-10 01:12:20
2,650,0.09906374733677867,-0.04326970195672682,2025-10-10 01:12:20
2,651,0.09906375272317784,-0.043269694098231476,2025-10-10 01:12:20
2,652,0.09906375799480507,-0.04326968640718284,2025-10-10 01:12:20
2,653,0.09906376315410419,-0.043269678880015476,2025-10-10 01:12:20
2,654,0.09906376820346703,-0.04326967151323981,2025-10-10 01:12:20
2,655,0.09906377314523455,-0.04326966430344048,2025-10-10 01:12:20
2,656,0.09906377798169794,-0.04326965724727481,2025-10-10 01:12:20
2,657,0.09906378271509958,-0.043269650341471205,2025-10-10 01:12:20
2,658,0.0990637873476342,-0.0432696435828277,2025-10-10 01:12:20
2,659,0.09906379188144981,-0.043269636968210436,2025-10-10 01:12:20
2,660,0.09906379631864874,-0.04326963049455224,2025-10-10 01:12:20
2,661,0.09906380066128857,-0.043269624158851196,2025-10-10 01:12:20
2,662,0.0990638049113831,-0.043269617958169256,2025-10-10 01:12:20
2,663,0.09906380907090329,-0.04326961188963089,2025-10-10 01:12:20
2,664,0.09906381314177815,-0.04326960595042176,2025-10-10 01:12:20
2,665,0.09906381712589565,-0.043269600137787405,2025-10-10 01:12:20
2,666,0.0990638210251036,-0.04326959444903199,2025-10-10 01:12:20
2,667,0.09906382484121044,-0.04326958888151703,2025-10-10 01:12:20
2,668,0.0990638285759862,-0.043269583432660214,2025-10-10 01:12:20
2,669,0.09906383223116316,-0.04326957809993416,2025-10-10 01:12:20
2,670,0.0990638358084368,-0.04326957288086528,2025-10-10 01:12:20
2,671,0.0990638393094665,-0.04326956777303265,2025-10-10 01:12:20
2,672,0.09906384273587628,-0.04326956277406683,2025-10-10 01:12:20
2,673,0.09906384608925564,-0.043269557881648844,2025-10-10 01:12:20
2,674,0.09906384937116025,-0.043269553093509064,2025-10-10 01:12:20
2,675,0.09906385258311266,-0.04326954840742617,2025-10-10 01:12:20
2,676,0.099063855726603,-0.04326954382122611,2025-10-10 01:12:20
2,677,0.0990638588030897,-0.043269539332781125,2025-10-10 01:12:20
2,678,0.09906386181400012,-0.043269534940008736,2025-10-10 01:12:20
2,679,0.09906386476073127,-0.043269530640870794,2025-10-10 01:12:20
2,680,0.0990638676446504,-0.04326952643337254,2025-10-10 01:12:20
2,681,0.09906387046709567,-0.04326952231556168,2025-10-10 01:12:20
2,682,0.09906387322937674,-0.04326951828552747,2025-10-10 01:12:20
2,683,0.0990638759327754,-0.04326951434139985,2025-10-10 01:12:20
2,684,0.09906387857854614,-0.04326951048134857,2025-10-10 01:12:20
2,685,0.09906388116791674,-0.04326950670358235,2025-10-10 01:12:20
2,686,0.09906388370208886,-0.04326950300634804,2025-10-10 01:12:20
2,687,0.09906388618223858,-0.04326949938792981,2025-10-10 01:12:20
2,688,0.0990638886095169,-0.04326949584664837,2025-10-10 01:12:20
2,689,0.09906389098505036,-0.04326949238086018,2025-10-10 01:12:20
2,690,0.09906389330994149,-0.0432694889889567,2025-10-10 01:12:20
2,691,0.09906389558526935,-0.04326948566936364,2025-10-10 01:12:20
2,692,0.09906389781209002,-0.043269482420540205,2025-10-10 01:12:20
2,693,0.0990638999914371,-0.043269479240978445,2025-10-10 01:12:20
2,694,0.09906390212432217,-0.0432694761292025,2025-10-10 01:12:20
2,695,0.09906390421173529,-0.043269473083767926,2025-10-10 01:12:20
2,696,0.09906390625464541,-0.043269470103261064,2025-10-10 01:12:20
2,697,0.09906390825400087,-0.043269467186298344,2025-10-10 01:12:20
2,698,0.0990639102107298,-0.043269464331525655,2025-10-10 01:12:20
2,699,0.09906391212574057,-0.04326946153761774,2025-10-10 01:12:20
2,700,0.09906391399992223,-0.04326945880327754,2025-10-10 01:12:20
2,701,0.09906391583414485,-0.043269456127235637,2025-10-10 01:12:20
2,702,0.09906391762925999,-0.04326945350824964,2025-10-10 01:12:20
2,703,0.09906391938610108,-0.04326945094510363,2025-10-10 01:12:20
2,704,0.0990639211054838,-0.04326944843660756,2025-10-10 01:12:20
2,705,0.09906392278820646,-0.043269445981596745,2025-10-10 01:12:20
2,706,0.09906392443505035,-0.04326944357893131,2025-10-10 01:12:20
2,707,0.09906392604678015,-0.04326944122749565,2025-10-10 01:12:20
2,708,0.0990639276241442,-0.04326943892619793,2025-10-10 01:12:20
2,709,0.09906392916787497,-0.043269436673969555,2025-10-10 01:12:20
2,710,0.09906393067868928,-0.0432694344697647,2025-10-10 01:12:20
2,711,0.09906393215728869,-0.04326943231255982,2025-10-10 01:12:20
2,712,0.09906393360435982,-0.043269430201353175,2025-10-10 01:12:20
2,713,0.09906393502057467,-0.04326942813516435,2025-10-10 01:12:20
2,714,0.09906393640659092,-0.043269426113033825,2025-10-10 01:12:20
2,715,0.09906393776305222,-0.043269424134022516,2025-10-10 01:12:20
2,716,0.09906393909058855,-0.04326942219721134,2025-10-10 01:12:20
2,717,0.09906394038981645,-0.0432694203017008,2025-10-10 01:12:20
2,718,0.09906394166133932,-0.04326941844661056,2025-10-10 01:12:20
2,719,0.0990639429057477,-0.043269416631079034,2025-10-10 01:12:20
2,720,0.09906394412361957,-0.043269414854263,2025-10-10 01:12:20
2,721,0.09906394531552058,-0.043269413115337184,2025-10-10 01:12:20
2,722,0.09906394648200434,-0.04326941141349391,2025-10-10 01:12:20
2,723,0.09906394762361266,-0.0432694097479427,2025-10-10 01:12:20
2,724,0.0990639487408758,-0.04326940811790993,2025-10-10 01:12:20
2,725,0.09906394983431274,-0.04326940652263843,2025-10-10 01:12:20
2,726,0.09906395090443139,-0.043269404961387196,2025-10-10 01:12:20
2,727,0.09906395195172883,-0.04326940343343099,2025-10-10 01:12:20
2,728,0.09906395297669157,-0.04326940193806004,2025-10-10 01:12:20
2,729,0.09906395397979574,-0.04326940047457968,2025-10-10 01:12:20
2,730,0.09906395496150731,-0.043269399042310065,2025-10-10 01:12:20
2,731,0.09906395592228237,-0.04326939764058582,2025-10-10 01:12:20
2,732,0.09906395686256725,-0.043269396268755755,2025-10-10 01:12:20
2,733,0.09906395778279878,-0.04326939492618256,2025-10-10 01:12:20
2,734,0.09906395868340448,-0.04326939361224249,2025-10-10 01:12:20
2,735,0.09906395956480277,-0.04326939232632511,2025-10-10 01:12:20
2,736,0.09906396042740313,-0.04326939106783298,2025-10-10 01:12:20
2,737,0.09906396127160635,-0.0432693898361814,2025-10-10 01:12:20
2,738,0.09906396209780466,-0.04326938863079812,2025-10-10 01:12:20
2,739,0.09906396290638192,-0.04326938745112309,2025-10-10 01:12:20
2,740,0.09906396369771382,-0.043269386296608196,2025-10-10 01:12:20
2,741,0.09906396447216806,-0.043269385166717,2025-10-10 01:12:20
2,742,0.09906396523010448,-0.0432693840609245,2025-10-10 01:12:20
2,743,0.09906396597187526,-0.04326938297871689,2025-10-10 01:12:20
2,744,0.09906396669782508,-0.04326938191959129,2025-10-10 01:12:20
2,745,0.09906396740829126,-0.04326938088305556,2025-10-10 01:12:20
2,746,0.09906396810360395,-0.04326937986862805,2025-10-10 01:12:20
2,747,0.09906396878408624,-0.04326937887583735,2025-10-10 01:12:20
2,748,0.09906396945005437,-0.043269377904222125,2025-10-10 01:12:20
2,749,0.0990639701018178,-0.04326937695333086,2025-10-10 01:12:20
2,750,0.09906397073967943,-0.043269376022721656,2025-10-10 01:12:20
2,751,0.09906397136393567,-0.04326937511196205,2025-10-10 01:12:20
2,752,0.09906397197487664,-0.043269374220628785,2025-10-10 01:12:20
2,753,0.09906397257278626,-0.043269373348307626,2025-10-10 01:12:20
2,754,0.09906397315794241,-0.043269372494593165,2025-10-10 01:12:20
2,755,0.09906397373061704,-0.043269371659088646,2025-10-10 01:12:20
2,756,0.09906397429107629,-0.04326937084140575,2025-10-10 01:12:20
2,757,0.09906397483958065,-0.04326937004116446,2025-10-10 01:12:20
2,758,0.09906397537638506,-0.043269369257992844,2025-10-10 01:12:20
2,759,0.099063975901739,-0.0432693684915269,2025-10-10 01:12:20
2,760,0.09906397641588666,-0.04326936774141038,2025-10-10 01:12:20
2,761,0.099063976919067,-0.04326936700729464,2025-10-10 01:12:20
2,762,0.09906397741151392,-0.043269366288838464,2025-10-10 01:12:20
2,763,0.09906397789345628,-0.04326936558570791,2025-10-10 01:12:20
2,764,0.09906397836511811,-0.04326936489757615,2025-10-10 01:12:20
2,765,0.09906397882671866,-0.04326936422412333,2025-10-10 01:12:20
2,766,0.09906397927847248,-0.043269363565036405,2025-10-10 01:12:20
2,767,0.09906397972058956,-0.04326936292000901,2025-10-10 01:12:20
2,768,0.09906398015327542,-0.04326936228874132,2025-10-10 01:12:20
2,769,0.09906398057673117,-0.043269361670939886,2025-10-10 01:12:20
2,770,0.09906398099115368,-0.04326936106631752,2025-10-10 01:12:20
2,771,0.0990639813967356,-0.04326936047459316,2025-10-10 01:12:20
2,772,0.09906398179366546,-0.04326935989549174,2025-10-10 01:12:20
2,773,0.09906398218212778,-0.04326935932874403,2025-10-10 01:12:20
2,774,0.09906398256230316,-0.04326935877408659,2025-10-10 01:12:20
2,775,0.09906398293436833,-0.043269358231261545,2025-10-10 01:12:20
2,776,0.09906398329849625,-0.04326935770001655,2025-10-10 01:12:20
2,777,0.09906398365485622,-0.043269357180104634,2025-10-10 01:12:20
2,778,0.0990639840036139,-0.04326935667128408,2025-10-10 01:12:20
2,779,0.09906398434493142,-0.043269356173318334,2025-10-10 01:12:20
2,780,0.0990639846789675,-0.04326935568597589,2025-10-10 01:12:20
2,781,0.09906398500587742,-0.04326935520903017,2025-10-10 01:12:20
2,782,0.09906398532581316,-0.043269354742259424,2025-10-10 01:12:20
2,783,0.09906398563892348,-0.04326935428544664,2025-10-10 01:12:20
2,784,0.09906398594535396,-0.043269353838379425,2025-10-10 01:12:20
2,785,0.09906398624524707,-0.04326935340084992,2025-10-10 01:12:20
2,786,0.09906398653874224,-0.0432693529726547,2025-10-10 01:12:20
2,787,0.09906398682597593,-0.04326935255359466,2025-10-10 01:12:20
2,788,0.09906398710708171,-0.043269352143474965,2025-10-10 01:12:20
2,789,0.09906398738219027,-0.04326935174210492,2025-10-10 01:12:20
2,790,0.09906398765142953,-0.04326935134929789,2025-10-10 01:12:20
2,791,0.09906398791492467,-0.04326935096487124,2025-10-10 01:12:20
2,792,0.09906398817279823,-0.043269350588646206,2025-10-10 01:12:20
2,793,0.09906398842517011,-0.04326935022044786,2025-10-10 01:12:20
2,794,0.09906398867215767,-0.043269349860104986,2025-10-10 01:12:20
2,795,0.09906398891387574,-0.043269349507450025,2025-10-10 01:12:20
2,796,0.09906398915043674,-0.04326934916231899,2025-10-10 01:12:20
2,797,0.09906398938195066,-0.0432693488245514,2025-10-10 01:12:20
2,798,0.09906398960852517,-0.043269348493990174,2025-10-10 01:12:20
2,799,0.09906398983026561,-0.0432693481704816,2025-10-10 01:12:20
2,800,0.09906399004727512,-0.04326934785387524,2025-10-10 01:12:20
2,801,0.09906399025965461,-0.04326934754402386,2025-10-10 01:12:20
2,802,0.09906399046750283,-0.04326934724078337,2025-10-10 01:12:20
2,803,0.09906399067091645,-0.04326934694401276,2025-10-10 01:12:20
2,804,0.09906399086999007,-0.043269346653573994,2025-10-10 01:12:20
2,805,0.09906399106481627,-0.043269346369332023,2025-10-10 01:12:20
2,806,0.09906399125548564,-0.04326934609115465,2025-10-10 01:12:20
2,807,0.09906399144208686,-0.043269345818912515,2025-10-10 01:12:20
2,808,0.09906399162470671,-0.043269345552479,2025-10-10 01:12:20
2,809,0.09906399180343012,-0.043269345291730196,2025-10-10 01:12:20
2,810,0.09906399197834022,-0.04326934503654484,2025-10-10 01:12:20
2,811,0.09906399214951835,-0.04326934478680424,2025-10-10 01:12:20
2,812,0.09906399231704412,-0.04326934454239226,2025-10-10 01:12:20
2,813,0.09906399248099544,-0.04326934430319521,2025-10-10 01:12:20
2,814,0.09906399264144858,-0.04326934406910186,2025-10-10 01:12:20
2,815,0.09906399279847815,-0.04326934384000332,2025-10-10 01:12:20
2,816,0.09906399295215719,-0.043269343615793036,2025-10-10 01:12:20
2,817,0.09906399310255719,-0.04326934339636673,2025-10-10 01:12:20
2,818,0.09906399324974809,-0.04326934318162235,2025-10-10 01:12:20
2,819,0.09906399339379834,-0.04326934297146001,2025-10-10 01:12:20
2,820,0.09906399353477496,-0.04326934276578196,2025-10-10 01:12:20
2,821,0.09906399367274352,-0.04326934256449254,2025-10-10 01:12:20
2,822,0.09906399380776817,-0.04326934236749811,2025-10-10 01:12:20
2,823,0.09906399393991173,-0.04326934217470706,2025-10-10 01:12:20
2,824,0.09906399406923568,-0.0432693419860297,2025-10-10 01:12:20
2,825,0.09906399419580014,-0.04326934180137827,2025-10-10 01:12:20
2,826,0.099063994319664,-0.04326934162066689,2025-10-10 01:12:20
2,827,0.09906399444088489,-0.0432693414438115,2025-10-10 01:12:20
2,828,0.09906399455951917,-0.04326934127072983,2025-10-10 01:12:20
2,829,0.09906399467562203,-0.043269341101341376,2025-10-10 01:12:20
2,830,0.09906399478924749,-0.043269340935567335,2025-10-10 01:12:20
2,831,0.0990639949004484,-0.043269340773330604,2025-10-10 01:12:20
2,832,0.09906399500927647,-0.043269340614555715,2025-10-10 01:12:20
2,833,0.09906399511578234,-0.04326934045916881,2025-10-10 01:12:20
2,834,0.09906399522001556,-0.0432693403070976,2025-10-10 01:12:20
2,835,0.0990639953220246,-0.04326934015827135,2025-10-10 01:12:20
2,836,0.09906399542185693,-0.04326934001262083,2025-10-10 01:12:20
2,837,0.09906399551955897,-0.043269339870078284,2025-10-10 01:12:20
2,838,0.09906399561517618,-0.0432693397305774,2025-10-10 01:12:20
2,839,0.09906399570875304,-0.04326933959405329,2025-10-10 01:12:20
2,840,0.0990639958003331,-0.04326933946044243,2025-10-10 01:12:20
2,841,0.09906399588995893,-0.043269339329682674,2025-10-10 01:12:20
2,842,0.09906399597767225,-0.04326933920171319,2025-10-10 01:12:20
2,843,0.09906399606351386,-0.04326933907647445,2025-10-10 01:12:20
2,844,0.09906399614752369,-0.04326933895390818,2025-10-10 01:12:20
2,845,0.09906399622974082,-0.043269338833957366,2025-10-10 01:12:20
2,846,0.09906399631020352,-0.04326933871656621,2025-10-10 01:12:20
2,847,0.0990639963889492,-0.043269338601680085,2025-10-10 01:12:20
2,848,0.09906399646601449,-0.04326933848924556,2025-10-10 01:12:20
2,849,0.09906399654143526,-0.04326933837921031,2025-10-10 01:12:20
2,850,0.09906399661524659,-0.043269338271523156,2025-10-10 01:12:20
2,851,0.09906399668748282,-0.04326933816613399,2025-10-10 01:12:20
2,852,0.09906399675817756,-0.04326933806299379,2025-10-10 01:12:20
2,853,0.0990639968273637,-0.04326933796205456,2025-10-10 01:12:20
2,854,0.09906399689507343,-0.04326933786326934,2025-10-10 01:12:20
2,855,0.09906399696133826,-0.04326933776659218,2025-10-10 01:12:20
2,856,0.099063997026189,-0.04326933767197809,2025-10-10 01:12:20
2,857,0.09906399708965583,-0.04326933757938305,2025-10-10 01:12:20
2,858,0.09906399715176828,-0.04326933748876399,2025-10-10 01:12:20
2,859,0.09906399721255525,-0.04326933740007874,2025-10-10 01:12:20
2,860,0.09906399727204503,-0.043269337313286034,2025-10-10 01:12:20
2,861,0.09906399733026529,-0.04326933722834549,2025-10-10 01:12:20
2,862,0.09906399738724311,-0.0432693371452176,2025-10-10 01:12:20
2,863,0.09906399744300502,-0.043269337063863676,2025-10-10 01:12:20
2,864,0.09906399749757695,-0.04326933698424587,2025-10-10 01:12:20
2,865,0.0990639975509843,-0.04326933690632714,2025-10-10 01:12:20
2,866,0.09906399760325192,-0.04326933683007122,2025-10-10 01:12:20
2,867,0.09906399765440412,-0.04326933675544264,2025-10-10 01:12:20
2,868,0.0990639977044647,-0.04326933668240667,2025-10-10 01:12:20
2,869,0.09906399775345696,-0.04326933661092933,2025-10-10 01:12:20
2,870,0.09906399780140371,-0.043269336540977366,2025-10-10 01:12:20
2,871,0.09906399784832723,-0.043269336472518224,2025-10-10 01:12:20
2,872,0.09906399789424937,-0.04326933640552005,2025-10-10 01:12:20
2,873,0.09906399793919149,-0.04326933633995166,2025-10-10 01:12:20
2,874,0.09906399798317451,-0.04326933627578257,2025-10-10 01:12:20
2,875,0.0990639980262189,-0.0432693362129829,2025-10-10 01:12:20
2,876,0.09906399806834468,-0.04326933615152344,2025-10-10 01:12:20
2,877,0.09906399810957145,-0.04326933609137558,2025-10-10 01:12:20
2,878,0.0990639981499184,-0.04326933603251134,2025-10-10 01:12:20
2,879,0.0990639981894043,-0.043269335974903324,2025-10-10 01:12:20
2,880,0.09906399822804753,-0.043269335918524734,2025-10-10 01:12:20
2,881,0.09906399826586605,-0.04326933586334933,2025-10-10 01:12:20
2,882,0.09906399830287749,-0.04326933580935144,2025-10-10 01:12:20
2,883,0.09906399833909905,-0.04326933575650593,2025-10-10 01:12:20
2,884,0.0990639983745476,-0.04326933570478822,2025-10-10 01:12:20
2,885,0.09906399840923963,-0.043269335654174235,2025-10-10 01:12:20
2,886,0.09906399844319128,-0.04326933560464043,2025-10-10 01:12:20
2,887,0.09906399847641835,-0.043269335556163746,2025-10-10 01:12:20
2,888,0.0990639985089363,-0.04326933550872163,2025-10-10 01:12:20
2,889,0.09906399854076027,-0.04326933546229201,2025-10-10 01:12:20
2,890,0.09906399857190507,-0.043269335416853266,2025-10-10 01:12:20
2,891,0.09906399860238517,-0.04326933537238426,2025-10-10 01:12:20
2,892,0.09906399863221478,-0.0432693353288643,2025-10-10 01:12:20
2,893,0.09906399866140778,-0.043269335286273136,2025-10-10 01:12:20
2,894,0.09906399868997774,-0.043269335244590944,2025-10-10 01:12:20
2,895,0.09906399871793797,-0.043269335203798324,2025-10-10 01:12:20
2,896,0.09906399874530147,-0.0432693351638763,2025-10-10 01:12:20
2,897,0.09906399877208098,-0.04326933512480629,2025-10-10 01:12:20
2,898,0.09906399879828896,-0.04326933508657011,2025-10-10 01:12:20
2,899,0.09906399882393761,-0.04326933504914997,2025-10-10 01:12:20
2,900,0.09906399884903887,-0.04326933501252845,2025-10-10 01:12:20
2,901,0.09906399887360441,-0.043269334976688514,2025-10-10 01:12:20
2,902,0.09906399889764567,-0.04326933494161348,2025-10-10 01:12:20
2,903,0.09906399892117383,-0.04326933490728702,2025-10-10 01:12:20
2,904,0.09906399894419986,-0.04326933487369317,2025-10-10 01:12:20
2,905,0.09906399896673446,-0.04326933484081629,2025-10-10 01:12:20
2,906,0.09906399898878811,-0.04326933480864108,2025-10-10 01:12:20
2,907,0.09906399901037108,-0.04326933477715256,2025-10-10 01:12:20
2,908,0.09906399903149342,-0.04326933474633608,2025-10-10 01:12:20
2,909,0.09906399905216497,-0.043269334716177305,2025-10-10 01:12:20
2,910,0.09906399907239533,-0.04326933468666219,2025-10-10 01:12:20
2,911,0.09906399909219392,-0.043269334657777006,2025-10-10 01:12:20
2,912,0.09906399911156996,-0.043269334629508306,2025-10-10 01:12:20
2,913,0.09906399913053246,-0.04326933460184293,2025-10-10 01:12:20
2,914,0.09906399914909025,-0.043269334574768004,2025-10-10 01:12:20
2,915,0.09906399916725198,-0.043269334548270935,2025-10-10 01:12:20
2,916,0.09906399918502608,-0.04326933452233938,2025-10-10 01:12:20
2,917,0.09906399920242083,-0.04326933449696128,2025-10-10 01:12:20
2,918,0.09906399921944432,-0.04326933447212482,2025-10-10 01:12:20
2,919,0.0990639992361045,-0.043269334447818435,2025-10-10 01:12:20
2,920,0.0990639992524091,-0.043269334424030824,2025-10-10 01:12:20
2,921,0.0990639992683657,-0.043269334400750904,2025-10-10 01:12:20
2,922,0.09906399928398175,-0.04326933437796785,2025-10-10 01:12:20
2,923,0.0990639992992645,-0.043269334355671055,2025-10-10 01:12:20
2,924,0.09906399931422108,-0.04326933433385014,2025-10-10 01:12:20
2,925,0.09906399932885844,-0.04326933431249495,2025-10-10 01:12:20
2,926,0.09906399934318338,-0.043269334291595546,2025-10-10 01:12:20
2,927,0.0990639993572026,-0.0432693342711422,2025-10-10 01:12:20
2,928,0.0990639993709226,-0.04326933425112539,2025-10-10 01:12:20
2,929,0.09906399938434976,-0.043269334231535804,2025-10-10 01:12:20
2,930,0.09906399939749035,-0.04326933421236432,2025-10-10 01:12:20
2,931,0.09906399941035048,-0.04326933419360202,2025-10-10 01:12:20
2,932,0.09906399942293613,-0.04326933417524017,2025-10-10 01:12:20
2,933,0.09906399943525315,-0.043269334157270224,2025-10-10 01:12:20
2,934,0.09906399944730729,-0.04326933413968381,2025-10-10 01:12:20
2,935,0.09906399945910416,-0.043269334122472754,2025-10-10 01:12:20
2,936,0.09906399947064924,-0.04326933410562904,2025-10-10 01:12:20
2,937,0.09906399948194791,-0.04326933408914483,2025-10-10 01:12:20
2,938,0.09906399949300543,-0.04326933407301245,2025-10-10 01:12:20
2,939,0.09906399950382694,-0.04326933405722439,2025-10-10 01:12:20
2,940,0.09906399951441748,-0.04326933404177331,2025-10-10 01:12:20
2,941,0.09906399952478198,-0.043269334026652,2025-10-10 01:12:20
2,942,0.09906399953492527,-0.04326933401185344,2025-10-10 01:12:20
2,943,0.09906399954485207,-0.043269333997370735,2025-10-10 01:12:20
2,944,0.09906399955456699,-0.04326933398319714,2025-10-10 01:12:20
2,945,0.09906399956407455,-0.043269333969326064,2025-10-10 01:12:20
2,946,0.09906399957337919,-0.04326933395575105,2025-10-10 01:12:20
2,947,0.09906399958248523,-0.04326933394246577,2025-10-10 01:12:20
2,948,0.09906399959139692,-0.043269333929464054,2025-10-10 01:12:20
2,949,0.0990639996001184,-0.043269333916739844,2025-10-10 01:12:20
2,950,0.09906399960865372,-0.043269333904287215,2025-10-10 01:12:20
2,951,0.09906399961700688,-0.04326933389210037,2025-10-10 01:12:20
2,952,0.09906399962518174,-0.04326933388017365,2025-10-10 01:12:20
2,953,0.09906399963318212,-0.043269333868501486,2025-10-10 01:12:20
2,954,0.09906399964101173,-0.04326933385707846,2025-10-10 01:12:20
2,955,0.09906399964867423,-0.04326933384589924,2025-10-10 01:12:20
2,956,0.09906399965617319,-0.04326933383495863,2025-10-10 01:12:20
2,957,0.09906399966351208,-0.043269333824251535,2025-10-10 01:12:20
2,958,0.09906399967069433,-0.04326933381377297,2025-10-10 01:12:20
2,959,0.0990639996777233,-0.043269333803518065,2025-10-10 01:12:20
2,960,0.09906399968460222,-0.043269333793482044,2025-10-10 01:12:20
2,961,0.09906399969133432,-0.043269333783660234,2025-10-10 01:12:20
2,962,0.09906399969792273,-0.04326933377404806,2025-10-10 01:12:20
2,963,0.09906399970437052,-0.04326933376464105,2025-10-10 01:12:20
2,964,0.09906399971068068,-0.043269333755434826,2025-10-10 01:12:20
2,965,0.09906399971685616,-0.0432693337464251,2025-10-10 01:12:20
2,966,0.09906399972289982,-0.04326933373760768,2025-10-10 01:12:20
2,967,0.0990639997288145,-0.04326933372897847,2025-10-10 01:12:20
2,968,0.09906399973460292,-0.04326933372053343,2025-10-10 01:12:20
2,969,0.09906399974026779,-0.043269333712268654,2025-10-10 01:12:20
2,970,0.09906399974581176,-0.043269333704180284,2025-10-10 01:12:20
2,971,0.09906399975123739,-0.04326933369626455,2025-10-10 01:12:20
2,972,0.09906399975654721,-0.04326933368851778,2025-10-10 01:12:20
2,973,0.0990639997617437,-0.04326933368093635,2025-10-10 01:12:20
2,974,0.09906399976682927,-0.04326933367351674,2025-10-10 01:12:20
2,975,0.09906399977180629,-0.04326933366625551,2025-10-10 01:12:20
2,976,0.09906399977667708,-0.04326933365914926,2025-10-10 01:12:20
2,977,0.09906399978144391,-0.043269333652194694,2025-10-10 01:12:20
2,978,0.099063999786109,-0.04326933364538857,2025-10-10 01:12:20
2,979,0.0990639997906745,-0.04326933363872772,2025-10-10 01:12:20
2,980,0.09906399979514256,-0.043269333632209035,2025-10-10 01:12:20
2,981,0.09906399979951525,-0.04326933362582949,2025-10-10 01:12:20
2,982,0.0990639998037946,-0.04326933361958612,2025-10-10 01:12:20
2,983,0.09906399980798261,-0.043269333613476006,2025-10-10 01:12:20
2,984,0.09906399981208124,-0.04326933360749632,2025-10-10 01:12:20
2,985,0.09906399981609237,-0.04326933360164426,2025-10-10 01:12:20
2,986,0.0990639998200179,-0.043269333595917114,2025-10-10 01:12:20
2,987,0.09906399982385963,-0.04326933359031221,2025-10-10 01:12:20
2,988,0.09906399982761936,-0.043269333584826944,2025-10-10 01:12:20
2,989,0.09906399983129885,-0.04326933357945876,2025-10-10 01:12:20
2,990,0.09906399983489979,-0.043269333574205156,2025-10-10 01:12:20
2,991,0.09906399983842387,-0.04326933356906369,2025-10-10 01:12:20
2,992,0.09906399984187274,-0.043269333564031974,2025-10-10 01:12:20
2,993,0.09906399984524798,-0.043269333559107656,2025-10-10 01:12:20
2,994,0.09906399984855119,-0.04326933355428845,2025-10-10 01:12:20
2,995,0.09906399985178388,-0.0432693335495721,2025-10-10 01:12:20
2,996,0.09906399985494757,-0.04326933354495643,2025-10-10 01:12:20
2,997,0.09906399985804373,-0.04326933354043928,2025-10-10 01:12:20
2,998,0.09906399986107381,-0.04326933353601854,2025-10-10 01:12:20
2,999,0.09906399986403921,-0.04326933353169217,2025-10-10 01:12:20
2,1000,0.09906399986694132,-0.04326933352745814,2025-10-10 01:12:20
2,1001,0.09906399986978148,-0.04326933352331449,2025-10-10 01:12:20
2,1002,0.09906399987256102,-0.04326933351925928,2025-10-10 01:12:20
2,1003,0.09906399987528122,-0.04326933351529064,2025-10-10 01:12:20
2,1004,0.09906399987794337,-0.0432693335114067,2025-10-10 01:12:20
2,1005,0.09906399988054869,-0.043269333507605666,2025-10-10 01:12:20
2,1006,0.0990639998830984,-0.04326933350388577,2025-10-10 01:12:20
2,1007,0.09906399988559368,-0.04326933350024527,2025-10-10 01:12:20
2,1008,0.0990639998880357,-0.04326933349668248,2025-10-10 01:12:20
2,1009,0.0990639998904256,-0.043269333493195734,2025-10-10 01:12:20
2,1010,0.09906399989276447,-0.043269333489783415,2025-10-10 01:12:20
2,1011,0.09906399989505343,-0.043269333486443934,2025-10-10 01:12:20
2,1012,0.09906399989729353,-0.043269333483175736,2025-10-10 01:12:20
2,1013,0.09906399989948582,-0.043269333479977294,2025-10-10 01:12:20
2,1014,0.09906399990163131,-0.043269333476847124,2025-10-10 01:12:20
2,1015,0.099063999903731,-0.04326933347378377,2025-10-10 01:12:20
2,1016,0.09906399990578588,-0.043269333470785806,2025-10-10 01:12:20
2,1017,0.09906399990779689,-0.043269333467851834,2025-10-10 01:12:20
2,1018,0.09906399990976499,-0.043269333464980485,2025-10-10 01:12:20
2,1019,0.09906399991169107,-0.04326933346217043,2025-10-10 01:12:20
2,1020,0.09906399991357603,-0.04326933345942035,2025-10-10 01:12:20
2,1021,0.09906399991542077,-0.043269333456728974,2025-10-10 01:12:20
2,1022,0.09906399991722613,-0.043269333454095046,2025-10-10 01:12:20
2,1023,0.09906399991899295,-0.043269333451517344,2025-10-10 01:12:20
2,1024,0.09906399992072205,-0.04326933344899466,2025-10-10 01:12:20
2,1025,0.09906399992241426,-0.04326933344652583,2025-10-10 01:12:20
2,1026,0.09906399992407033,-0.043269333444109694,2025-10-10 01:12:20
2,1027,0.09906399992569107,-0.043269333441745134,2025-10-10 01:12:20
2,1028,0.0990639999272772,-0.04326933343943105,2025-10-10 01:12:20
2,1029,0.09906399992882947,-0.04326933343716635,2025-10-10 01:12:20
2,1030,0.09906399993034862,-0.04326933343495,2025-10-10 01:12:20
2,1031,0.09906399993183533,-0.04326933343278096,2025-10-10 01:12:20
2,1032,0.0990639999332903,-0.04326933343065821,2025-10-10 01:12:20
2,1033,0.09906399993471422,-0.043269333428580775,2025-10-10 01:12:20
2,1034,0.09906399993610775,-0.043269333426547686,2025-10-10 01:12:20
2,1035,0.09906399993747153,-0.04326933342455799,2025-10-10 01:12:20
2,1036,0.0990639999388062,-0.04326933342261077,2025-10-10 01:12:20
2,1037,0.09906399994011238,-0.04326933342070512,2025-10-10 01:12:20
2,1038,0.09906399994139067,-0.043269333418840136,2025-10-10 01:12:20
2,1039,0.09906399994264169,-0.043269333417014964,2025-10-10 01:12:20
2,1040,0.099063999943866,-0.043269333415228754,2025-10-10 01:12:20
2,1041,0.09906399994506418,-0.04326933341348067,2025-10-10 01:12:20
2,1042,0.09906399994623678,-0.0432693334117699,2025-10-10 01:12:20
2,1043,0.09906399994738435,-0.04326933341009565,2025-10-10 01:12:20
2,1044,0.09906399994850743,-0.043269333408457136,2025-10-10 01:12:20
2,1045,0.09906399994960653,-0.0432693334068536,2025-10-10 01:12:20
2,1046,0.09906399995068217,-0.04326933340528429,2025-10-10 01:12:20
2,1047,0.09906399995173486,-0.04326933340374848,2025-10-10 01:12:20
2,1048,0.09906399995276506,-0.04326933340224545,2025-10-10 01:12:20
2,1049,0.09906399995377328,-0.04326933340077451,2025-10-10 01:12:20
2,1050,0.09906399995475998,-0.04326933339933497,2025-10-10 01:12:20
2,1051,0.09906399995572561,-0.04326933339792615,2025-10-10 01:12:20
2,1052,0.09906399995667063,-0.043269333396547406,2025-10-10 01:12:20
2,1053,0.09906399995759549,-0.04326933339519809,2025-10-10 01:12:20
2,1054,0.0990639999585006,-0.043269333393877576,2025-10-10 01:12:20
2,1055,0.09906399995938639,-0.04326933339258525,2025-10-10 01:12:20
2,1056,0.09906399996025327,-0.04326933339132051,2025-10-10 01:12:20
2,1057,0.09906399996110164,-0.04326933339008277,2025-10-10 01:12:20
2,1058,0.09906399996193191,-0.04326933338887145,2025-10-10 01:12:20
2,1059,0.09906399996274445,-0.04326933338768599,2025-10-10 01:12:20
2,1060,0.09906399996353965,-0.043269333386525825,2025-10-10 01:12:20
2,1061,0.09906399996431788,-0.04326933338539043,2025-10-10 01:12:20
2,1062,0.09906399996507949,-0.04326933338427927,2025-10-10 01:12:20
2,1063,0.09906399996582485,-0.043269333383191826,2025-10-10 01:12:20
2,1064,0.0990639999665543,-0.0432693333821276,2025-10-10 01:12:20
2,1065,0.09906399996726817,-0.043269333381086086,2025-10-10 01:12:20
2,1066,0.0990639999679668,-0.043269333380066805,2025-10-10 01:12:20
2,1067,0.09906399996865053,-0.04326933337906928,2025-10-10 01:12:20
2,1068,0.09906399996931967,-0.04326933337809306,2025-10-10 01:12:20
2,1069,0.09906399996997452,-0.04326933337713767,2025-10-10 01:12:20
2,1070,0.09906399997061538,-0.04326933337620267,2025-10-10 01:12:20
2,1071,0.09906399997124257,-0.043269333375287634,2025-10-10 01:12:20
2,1072,0.09906399997185637,-0.04326933337439213,2025-10-10 01:12:20
2,1073,0.09906399997245707,-0.04326933337351574,2025-10-10 01:12:20
2,1074,0.09906399997304495,-0.04326933337265806,2025-10-10 01:12:20
2,1075,0.09906399997362028,-0.04326933337181868,2025-10-10 01:12:20
2,1076,0.09906399997418333,-0.043269333370997226,2025-10-10 01:12:20
2,1077,0.09906399997473436,-0.04326933337019331,2025-10-10 01:12:20
2,1078,0.09906399997527363,-0.04326933336940655,2025-10-10 01:12:20
2,1079,0.09906399997580138,-0.04326933336863658,2025-10-10 01:12:20
2,1080,0.09906399997631787,-0.04326933336788305,2025-10-10 01:12:20
2,1081,0.09906399997682333,-0.043269333367145606,2025-10-10 01:12:20
2,1082,0.099063999977318,-0.0432693333664239,2025-10-10 01:12:20
2,1083,0.09906399997780212,-0.0432693333657176,2025-10-10 01:12:20
2,1084,0.09906399997827589,-0.04326933336502638,2025-10-10 01:12:20
2,1085,0.09906399997873956,-0.04326933336434991,2025-10-10 01:12:20
2,1086,0.09906399997919334,-0.043269333363687885,2025-10-10 01:12:20
2,1087,0.09906399997963743,-0.04326933336303999,2025-10-10 01:12:20
2,1088,0.09906399998007202,-0.043269333362405925,2025-10-10 01:12:20
2,1089,0.09906399998049735,-0.04326933336178539,2025-10-10 01:12:20
2,1090,0.0990639999809136,-0.04326933336117811,2025-10-10 01:12:20
2,1091,0.09906399998132097,-0.043269333360583785,2025-10-10 01:12:20
2,1092,0.09906399998171964,-0.04326933336000215,2025-10-10 01:12:20
2,1093,0.0990639999821098,-0.043269333359432935,2025-10-10 01:12:20
2,1094,0.09906399998249163,-0.04326933335887587,2025-10-10 01:12:20
2,1095,0.0990639999828653,-0.04326933335833069,2025-10-10 01:12:20
2,1096,0.09906399998323101,-0.04326933335779715,2025-10-10 01:12:20
2,1097,0.0990639999835889,-0.043269333357275,2025-10-10 01:12:20
2,1098,0.09906399998393917,-0.04326933335676399,2025-10-10 01:12:20
2,1099,0.09906399998428195,-0.043269333356263893,2025-10-10 01:12:20
2,1100,0.09906399998461742,-0.04326933335577447,2025-10-10 01:12:20
2,1101,0.09906399998494572,-0.0432693333552955,2025-10-10 01:12:20
2,1102,0.09906399998526702,-0.04326933335482675,2025-10-10 01:12:20
2,1103,0.09906399998558145,-0.04326933335436801,2025-10-10 01:12:20
2,1104,0.09906399998588918,-0.043269333353919054,2025-10-10 01:12:20
2,1105,0.09906399998619032,-0.04326933335347968,2025-10-10 01:12:20
2,1106,0.09906399998648505,-0.043269333353049694,2025-10-10 01:12:20
2,1107,0.09906399998677348,-0.043269333352628885,2025-10-10 01:12:20
2,1108,0.09906399998705576,-0.043269333352217054,2025-10-10 01:12:20
2,1109,0.09906399998733201,-0.043269333351814016,2025-10-10 01:12:20
2,1110,0.09906399998760236,-0.04326933335141958,2025-10-10 01:12:20
2,1111,0.09906399998786694,-0.04326933335103357,2025-10-10 01:12:20
2,1112,0.09906399998812587,-0.043269333350655796,2025-10-10 01:12:20
2,1113,0.09906399998837928,-0.043269333350286085,2025-10-10 01:12:20
2,1114,0.09906399998862728,-0.04326933334992427,2025-10-10 01:12:20
2,1115,0.09906399998886999,-0.04326933334957018,2025-10-10 01:12:20
2,1116,0.0990639999891075,-0.04326933334922364,2025-10-10 01:12:20
2,1117,0.09906399998933996,-0.043269333348884505,2025-10-10 01:12:20
2,1118,0.09906399998956744,-0.043269333348552604,2025-10-10 01:12:20
2,1119,0.09906399998979008,-0.04326933334822779,2025-10-10 01:12:20
2,1120,0.09906399999000796,-0.04326933334790991,2025-10-10 01:12:20
2,1121,0.0990639999902212,-0.04326933334759882,2025-10-10 01:12:20
2,1122,0.09906399999042988,-0.04326933334729437,2025-10-10 01:12:20
2,1123,0.0990639999906341,-0.04326933334699641,2025-10-10 01:12:20
2,1124,0.09906399999083397,-0.04326933334670482,2025-10-10 01:12:20
2,1125,0.09906399999102956,-0.04326933334641945,2025-10-10 01:12:20
2,1126,0.099063999991221,-0.04326933334614017,2025-10-10 01:12:20
2,1127,0.09906399999140833,-0.043269333345866856,2025-10-10 01:12:20
2,1128,0.09906399999159167,-0.043269333345599376,2025-10-10 01:12:20
2,1129,0.0990639999917711,-0.043269333345337606,2025-10-10 01:12:20
2,1130,0.09906399999194669,-0.04326933334508142,2025-10-10 01:12:20
2,1131,0.09906399999211854,-0.043269333344830706,2025-10-10 01:12:20
2,1132,0.09906399999228671,-0.04326933334458534,2025-10-10 01:12:20
2,1133,0.0990639999924513,-0.04326933334434521,2025-10-10 01:12:20
2,1134,0.09906399999261238,-0.04326933334411021,2025-10-10 01:12:20
2,1135,0.09906399999277002,-0.04326933334388023,2025-10-10 01:12:20
2,1136,0.09906399999292428,-0.04326933334365515,2025-10-10 01:12:20
2,1137,0.09906399999307526,-0.043269333343434885,2025-10-10 01:12:20
2,1138,0.09906399999322302,-0.043269333343219314,2025-10-10 01:12:20
2,1139,0.09906399999336762,-0.04326933334300835,2025-10-10 01:12:20
2,1140,0.09906399999350914,-0.04326933334280189,2025-10-10 01:12:20
2,1141,0.09906399999364762,-0.04326933334259984,2025-10-10 01:12:20
2,1142,0.09906399999378315,-0.04326933334240209,2025-10-10 01:12:20
2,1143,0.0990639999939158,-0.043269333342208574,2025-10-10 01:12:20
2,1144,0.09906399999404561,-0.043269333342019184,2025-10-10 01:12:20
2,1145,0.09906399999417265,-0.04326933334183384,2025-10-10 01:12:20
2,1146,0.09906399999429698,-0.04326933334165245,2025-10-10 01:12:20
2,1147,0.09906399999441866,-0.04326933334147493,2025-10-10 01:12:20
2,1148,0.09906399999453773,-0.0432693333413012,2025-10-10 01:12:20
2,1149,0.09906399999465426,-0.04326933334113118,2025-10-10 01:12:20
2,1150,0.09906399999476831,-0.043269333340964784,2025-10-10 01:12:20
2,1151,0.09906399999487993,-0.04326933334080194,2025-10-10 01:12:20
2,1152,0.09906399999498916,-0.04326933334064258,2025-10-10 01:12:20
2,1153,0.09906399999509606,-0.04326933334048662,2025-10-10 01:12:20
2,1154,0.09906399999520067,-0.04326933334033398,2025-10-10 01:12:20
2,1155,0.09906399999530306,-0.04326933334018461,2025-10-10 01:12:20
2,1156,0.09906399999540326,-0.04326933334003842,2025-10-10 01:12:20
2,1157,0.09906399999550132,-0.043269333339895355,2025-10-10 01:12:20
2,1158,0.09906399999559728,-0.04326933333975534,2025-10-10 01:12:20
2,1159,0.09906399999569121,-0.04326933333961832,2025-10-10 01:12:20
2,1160,0.09906399999578312,-0.043269333339484226,2025-10-10 01:12:20
2,1161,0.09906399999587308,-0.04326933333935299,2025-10-10 01:12:20
2,1162,0.0990639999959611,-0.04326933333922456,2025-10-10 01:12:20
2,1163,0.09906399999604726,-0.04326933333909887,2025-10-10 01:12:20
2,1164,0.09906399999613157,-0.04326933333897586,2025-10-10 01:12:20
2,1165,0.09906399999621408,-0.04326933333885548,2025-10-10 01:12:20
2,1166,0.09906399999629484,-0.04326933333873766,2025-10-10 01:12:20
2,1167,0.09906399999637387,-0.043269333338622366,2025-10-10 01:12:20
2,1168,0.09906399999645121,-0.04326933333850953,2025-10-10 01:12:20
2,1169,0.0990639999965269,-0.04326933333839911,2025-10-10 01:12:20
2,1170,0.09906399999660098,-0.043269333338291034,2025-10-10 01:12:20
2,1171,0.09906399999667348,-0.04326933333818527,2025-10-10 01:12:20
2,1172,0.09906399999674442,-0.043269333338081764,2025-10-10 01:12:20
2,1173,0.09906399999681385,-0.04326933333798047,2025-10-10 01:12:20
2,1174,0.0990639999968818,-0.043269333337881334,2025-10-10 01:12:20
2,1175,0.0990639999969483,-0.043269333337784315,2025-10-10 01:12:20
2,1176,0.09906399999701337,-0.04326933333768937,2025-10-10 01:12:20
2,1177,0.09906399999707706,-0.04326933333759645,2025-10-10 01:12:20
2,1178,0.09906399999713938,-0.04326933333750552,2025-10-10 01:12:20
2,1179,0.09906399999720038,-0.04326933333741652,2025-10-10 01:12:20
2,1180,0.09906399999726008,-0.04326933333732942,2025-10-10 01:12:20
2,1181,0.0990639999973185,-0.043269333337244184,2025-10-10 01:12:20
2,1182,0.09906399999737568,-0.043269333337160765,2025-10-10 01:12:20
2,1183,0.09906399999743164,-0.04326933333707913,2025-10-10 01:12:20
2,1184,0.0990639999974864,-0.043269333336999234,2025-10-10 01:12:20
2,1185,0.09906399999754,-0.04326933333692105,2025-10-10 01:12:20
2,1186,0.09906399999759244,-0.043269333336844525,2025-10-10 01:12:20
2,1187,0.09906399999764377,-0.04326933333676964,2025-10-10 01:12:20
2,1188,0.09906399999769401,-0.04326933333669635,2025-10-10 01:12:20
2,1189,0.09906399999774317,-0.04326933333662463,2025-10-10 01:12:20
2,1190,0.09906399999779128,-0.04326933333655444,2025-10-10 01:12:20
2,1191,0.09906399999783837,-0.04326933333648574,2025-10-10 01:12:20
2,1192,0.09906399999788444,-0.04326933333641852,2025-10-10 01:12:20
2,1193,0.09906399999792953,-0.043269333336352724,2025-10-10 01:12:20
2,1194,0.09906399999797366,-0.04326933333628834,2025-10-10 01:12:20
2,1195,0.09906399999801685,-0.043269333336225325,2025-10-10 01:12:20
2,1196,0.09906399999805912,-0.04326933333616366,2025-10-10 01:12:20
2,1197,0.09906399999810049,-0.043269333336103305,2025-10-10 01:12:20
2,1198,0.09906399999814097,-0.04326933333604424,2025-10-10 01:12:20
2,1199,0.0990639999981806,-0.04326933333598644,2025-10-10 01:12:20
2,1200,0.09906399999821937,-0.043269333335929874,2025-10-10 01:12:20
2,1201,0.09906399999825731,-0.043269333335874516,2025-10-10 01:12:20
2,1202,0.09906399999829445,-0.04326933333582034,2025-10-10 01:12:20
2,1203,0.09906399999833079,-0.04326933333576732,2025-10-10 01:12:20
2,1204,0.09906399999836636,-0.04326933333571543,2025-10-10 01:12:20
2,1205,0.09906399999840117,-0.04326933333566464,2025-10-10 01:12:20
2,1206,0.09906399999843524,-0.043269333335614946,2025-10-10 01:12:20
2,1207,0.09906399999846857,-0.04326933333556631,2025-10-10 01:12:20
2,1208,0.0990639999985012,-0.04326933333551871,2025-10-10 01:12:20
2,1209,0.09906399999853313,-0.04326933333547213,2025-10-10 01:12:20
2,1210,0.09906399999856438,-0.04326933333542654,2025-10-10 01:12:20
2,1211,0.09906399999859497,-0.043269333335381924,2025-10-10 01:12:20
2,1212,0.0990639999986249,-0.04326933333533826,2025-10-10 01:12:20
2,1213,0.09906399999865419,-0.04326933333529553,2025-10-10 01:12:20
2,1214,0.09906399999868284,-0.04326933333525371,2025-10-10 01:12:20
2,1215,0.09906399999871089,-0.04326933333521278,2025-10-10 01:12:20
2,1216,0.09906399999873834,-0.04326933333517273,2025-10-10 01:12:20
2,1217,0.09906399999876521,-0.04326933333513353,2025-10-10 01:12:20
2,1218,0.09906399999879151,-0.043269333335095174,2025-10-10 01:12:20
2,1219,0.09906399999881724,-0.043269333335057635,2025-10-10 01:12:20
2,1220,0.09906399999884243,-0.04326933333502089,2025-10-10 01:12:20
2,1221,0.09906399999886707,-0.043269333334984936,2025-10-10 01:12:20
2,1222,0.09906399999889119,-0.04326933333494975,2025-10-10 01:12:20
2,1223,0.0990639999989148,-0.04326933333491531,2025-10-10 01:12:20
2,1224,0.0990639999989379,-0.04326933333488161,2025-10-10 01:12:20
2,1225,0.09906399999896051,-0.04326933333484863,2025-10-10 01:12:20
2,1226,0.09906399999898263,-0.04326933333481635,2025-10-10 01:12:20
2,1227,0.09906399999900428,-0.043269333334784756,2025-10-10 01:12:20
2,1228,0.09906399999902547,-0.04326933333475384,2025-10-10 01:12:20
2,1229,0.0990639999990462,-0.04326933333472359,2025-10-10 01:12:20
2,1230,0.0990639999990665,-0.04326933333469398,2025-10-10 01:12:20
2,1231,0.09906399999908636,-0.043269333334665004,2025-10-10 01:12:20
2,1232,0.0990639999991058,-0.043269333334636645,2025-10-10 01:12:20
2,1233,0.09906399999912482,-0.04326933333460889,2025-10-10 01:12:20
2,1234,0.09906399999914343,-0.04326933333458173,2025-10-10 01:12:20
2,1235,0.09906399999916166,-0.04326933333455515,2025-10-10 01:12:20
2,1236,0.09906399999917949,-0.043269333334529134,2025-10-10 01:12:20
2,1237,0.09906399999919693,-0.043269333334503675,2025-10-10 01:12:20
2,1238,0.09906399999921402,-0.04326933333447876,2025-10-10 01:12:20
2,1239,0.09906399999923073,-0.043269333334454374,2025-10-10 01:12:20
2,1240,0.09906399999924709,-0.04326933333443051,2025-10-10 01:12:20
2,1241,0.09906399999926309,-0.043269333334407155,2025-10-10 01:12:20
2,1242,0.09906399999927876,-0.0432693333343843,2025-10-10 01:12:20
2,1243,0.09906399999929409,-0.043269333334361934,2025-10-10 01:12:20
2,1244,0.0990639999993091,-0.04326933333434004,2025-10-10 01:12:20
2,1245,0.09906399999932378,-0.04326933333431862,2025-10-10 01:12:20
2,1246,0.09906399999933814,-0.04326933333429766,2025-10-10 01:12:20
2,1247,0.0990639999993522,-0.04326933333427714,2025-10-10 01:12:20
2,1248,0.09906399999936596,-0.04326933333425706,2025-10-10 01:12:20
2,1249,0.09906399999937944,-0.04326933333423741,2025-10-10 01:12:20
2,1250,0.09906399999939262,-0.043269333334218174,2025-10-10 01:12:20
2,1251,0.09906399999940553,-0.043269333334199356,2025-10-10 01:12:20
2,1252,0.09906399999941816,-0.04326933333418093,2025-10-10 01:12:20
2,1253,0.09906399999943051,-0.043269333334162906,2025-10-10 01:12:20
2,1254,0.0990639999994426,-0.04326933333414527,2025-10-10 01:12:20
2,1255,0.09906399999945444,-0.043269333334128,2025-10-10 01:12:20
2,1256,0.09906399999946601,-0.04326933333411111,2025-10-10 01:12:20
2,1257,0.09906399999947735,-0.04326933333409457,2025-10-10 01:12:20
2,1258,0.09906399999948844,-0.04326933333407839,2025-10-10 01:12:20
2,1259,0.09906399999949929,-0.043269333334062555,2025-10-10 01:12:20
2,1260,0.0990639999995099,-0.043269333334047054,2025-10-10 01:12:20
2,1261,0.0990639999995203,-0.043269333334031886,2025-10-10 01:12:20
2,1262,0.09906399999953047,-0.04326933333401704,2025-10-10 01:12:20
2,1263,0.09906399999954042,-0.04326933333400251,2025-10-10 01:12:20
2,1264,0.09906399999955016,-0.043269333333988295,2025-10-10 01:12:20
2,1265,0.0990639999995597,-0.04326933333397438,2025-10-10 01:12:20
2,1266,0.09906399999956902,-0.04326933333396077,2025-10-10 01:12:20
2,1267,0.09906399999957816,-0.04326933333394744,2025-10-10 01:12:20
2,1268,0.0990639999995871,-0.043269333333934394,2025-10-10 01:12:20
2,1269,0.09906399999959584,-0.043269333333921633,2025-10-10 01:12:20
2,1270,0.0990639999996044,-0.043269333333909143,2025-10-10 01:12:20
2,1271,0.09906399999961278,-0.04326933333389692,2025-10-10 01:12:20
2,1272,0.09906399999962098,-0.043269333333884955,2025-10-10 01:12:20
2,1273,0.099063999999629,-0.04326933333387325,2025-10-10 01:12:20
2,1274,0.09906399999963686,-0.04326933333386179,2025-10-10 01:12:20
2,1275,0.09906399999964455,-0.04326933333385058,2025-10-10 01:12:20
2,1276,0.09906399999965207,-0.0432693333338396,2025-10-10 01:12:20
2,1277,0.09906399999965942,-0.04326933333382886,2025-10-10 01:12:20
2,1278,0.09906399999966663,-0.04326933333381835,2025-10-10 01:12:20
2,1279,0.09906399999967368,-0.043269333333808065,2025-10-10 01:12:20
2,1280,0.09906399999968057,-0.043269333333797996,2025-10-10 01:12:20
2,1281,0.09906399999968733,-0.04326933333378814,2025-10-10 01:12:20
2,1282,0.09906399999969394,-0.043269333333778505,2025-10-10 01:12:20
2,1283,0.0990639999997004,-0.04326933333376907,2025-10-10 01:12:20
2,1284,0.09906399999970673,-0.04326933333375983,2025-10-10 01:12:20
2,1285,0.09906399999971292,-0.0432693333337508,2025-10-10 01:12:20
2,1286,0.09906399999971899,-0.04326933333374195,2025-10-10 01:12:20
2,1287,0.09906399999972491,-0.0432693333337333,2025-10-10 01:12:20
2,1288,0.09906399999973071,-0.043269333333724826,2025-10-10 01:12:20
2,1289,0.09906399999973639,-0.043269333333716534,2025-10-10 01:12:20
2,1290,0.09906399999974196,-0.04326933333370842,2025-10-10 01:12:20
2,1291,0.0990639999997474,-0.043269333333700484,2025-10-10 01:12:20
2,1292,0.09906399999975272,-0.04326933333369271,2025-10-10 01:12:20
2,1293,0.09906399999975794,-0.04326933333368511,2025-10-10 01:12:20
2,1294,0.09906399999976305,-0.04326933333367767,2025-10-10 01:12:20
2,1295,0.09906399999976805,-0.04326933333367038,2025-10-10 01:12:20
2,1296,0.09906399999977293,-0.04326933333366326,2025-10-10 01:12:20
2,1297,0.09906399999977772,-0.04326933333365628,2025-10-10 01:12:20
2,1298,0.0990639999997824,-0.043269333333649455,2025-10-10 01:12:20
2,1299,0.09906399999978698,-0.04326933333364277,2025-10-10 01:12:20
2,1300,0.09906399999979146,-0.04326933333363624,2025-10-10 01:12:20
2,1301,0.09906399999979584,-0.04326933333362984,2025-10-10 01:12:20
2,1302,0.09906399999980013,-0.04326933333362358,2025-10-10 01:12:20
2,1303,0.09906399999980434,-0.04326933333361745,2025-10-10 01:12:20
2,1304,0.09906399999980844,-0.04326933333361146,2025-10-10 01:12:20
2,1305,0.09906399999981247,-0.04326933333360559,2025-10-10 01:12:20
2,1306,0.09906399999981641,-0.04326933333359984,2025-10-10 01:12:20
2,1307,0.09906399999982027,-0.04326933333359422,2025-10-10 01:12:20
2,1308,0.09906399999982404,-0.04326933333358872,2025-10-10 01:12:20
2,1309,0.09906399999982773,-0.043269333333583335,2025-10-10 01:12:20
2,1310,0.09906399999983134,-0.04326933333357807,2025-10-10 01:12:20
2,1311,0.09906399999983488,-0.04326933333357291,2025-10-10 01:12:20
2,1312,0.09906399999983834,-0.04326933333356787,2025-10-10 01:12:20
2,1313,0.09906399999984172,-0.04326933333356293,2025-10-10 01:12:20
2,1314,0.09906399999984504,-0.04326933333355809,2025-10-10 01:12:20
2,1315,0.09906399999984829,-0.04326933333355336,2025-10-10 01:12:20
2,1316,0.09906399999985147,-0.04326933333354873,2025-10-10 01:12:20
2,1317,0.09906399999985457,-0.0432693333335442,2025-10-10 01:12:20
2,1318,0.09906399999985761,-0.043269333333539765,2025-10-10 01:12:20
2,1319,0.09906399999986058,-0.04326933333353543,2025-10-10 01:12:20
2,1320,0.0990639999998635,-0.04326933333353118,2025-10-10 01:12:20
2,1321,0.09906399999986634,-0.043269333333527026,2025-10-10 01:12:20
2,1322,0.09906399999986913,-0.04326933333352296,2025-10-10 01:12:20
2,1323,0.09906399999987187,-0.043269333333518976,2025-10-10 01:12:20
2,1324,0.09906399999987453,-0.043269333333515084,2025-10-10 01:12:20
2,1325,0.09906399999987714,-0.043269333333511274,2025-10-10 01:12:20
2,1326,0.09906399999987969,-0.04326933333350754,2025-10-10 01:12:20
2,1327,0.09906399999988219,-0.04326933333350389,2025-10-10 01:12:20
2,1328,0.09906399999988463,-0.04326933333350032,2025-10-10 01:12:20
2,1329,0.09906399999988703,-0.04326933333349682,2025-10-10 01:12:20
2,1330,0.09906399999988938,-0.0432693333334934,2025-10-10 01:12:20
2,1331,0.09906399999989167,-0.04326933333349005,2025-10-10 01:12:20
2,1332,0.09906399999989392,-0.04326933333348677,2025-10-10 01:12:20
2,1333,0.09906399999989611,-0.04326933333348357,2025-10-10 01:12:20
2,1334,0.09906399999989826,-0.04326933333348043,2025-10-10 01:12:20
2,1335,0.09906399999990037,-0.04326933333347736,2025-10-10 01:12:20
2,1336,0.09906399999990242,-0.04326933333347435,2025-10-10 01:12:20
2,1337,0.09906399999990444,-0.04326933333347141,2025-10-10 01:12:20
2,1338,0.09906399999990641,-0.04326933333346853,2025-10-10 01:12:20
2,1339,0.09906399999990834,-0.043269333333465713,2025-10-10 01:12:20
2,1340,0.09906399999991022,-0.04326933333346296,2025-10-10 01:12:20
2,1341,0.09906399999991207,-0.04326933333346026,2025-10-10 01:12:20
2,1342,0.09906399999991387,-0.043269333333457616,2025-10-10 01:12:20
2,1343,0.09906399999991565,-0.04326933333345503,2025-10-10 01:12:20
2,1344,0.09906399999991738,-0.043269333333452495,2025-10-10 01:12:20
2,1345,0.09906399999991908,-0.04326933333345002,2025-10-10 01:12:20
2,1346,0.09906399999992074,-0.043269333333447596,2025-10-10 01:12:20
2,1347,0.09906399999992237,-0.04326933333344522,2025-10-10 01:12:20
2,1348,0.09906399999992396,-0.043269333333442905,2025-10-10 01:12:20
2,1349,0.09906399999992552,-0.043269333333440636,2025-10-10 01:12:20
2,1350,0.09906399999992704,-0.043269333333438416,2025-10-10 01:12:20
2,1351,0.09906399999992853,-0.04326933333343624,2025-10-10 01:12:20
2,1352,0.09906399999992999,-0.04326933333343411,2025-10-10 01:12:20
2,1353,0.09906399999993142,-0.043269333333432025,2025-10-10 01:12:20
2,1354,0.09906399999993282,-0.043269333333429985,2025-10-10 01:12:20
2,1355,0.09906399999993419,-0.04326933333342799,2025-10-10 01:12:20
2,1356,0.09906399999993552,-0.04326933333342604,2025-10-10 01:12:20
2,1357,0.09906399999993683,-0.04326933333342413,2025-10-10 01:12:20
2,1358,0.0990639999999381,-0.043269333333422255,2025-10-10 01:12:20
2,1359,0.09906399999993935,-0.04326933333342042,2025-10-10 01:12:20
2,1360,0.09906399999994057,-0.04326933333341863,2025-10-10 01:12:20
2,1361,0.09906399999994178,-0.04326933333341688,2025-10-10 01:12:20
2,1362,0.09906399999994296,-0.043269333333415164,2025-10-10 01:12:20
2,1363,0.09906399999994411,-0.043269333333413484,2025-10-10 01:12:20
2,1364,0.09906399999994524,-0.04326933333341184,2025-10-10 01:12:20
2,1365,0.09906399999994633,-0.04326933333341023,2025-10-10 01:12:20
2,1366,0.09906399999994742,-0.043269333333408655,2025-10-10 01:12:20
2,1367,0.09906399999994847,-0.043269333333407115,2025-10-10 01:12:20
2,1368,0.0990639999999495,-0.04326933333340561,2025-10-10 01:12:20
2,1369,0.09906399999995051,-0.04326933333340413,2025-10-10 01:12:20
2,1370,0.0990639999999515,-0.04326933333340269,2025-10-10 01:12:20
2,1371,0.09906399999995247,-0.04326933333340127,2025-10-10 01:12:20
2,1372,0.09906399999995341,-0.04326933333339989,2025-10-10 01:12:20
2,1373,0.09906399999995434,-0.04326933333339854,2025-10-10 01:12:20
2,1374,0.09906399999995524,-0.04326933333339721,2025-10-10 01:12:20
2,1375,0.09906399999995613,-0.043269333333395915,2025-10-10 01:12:20
2,1376,0.099063999999957,-0.043269333333394645,2025-10-10 01:12:20
2,1377,0.09906399999995785,-0.0432693333333934,2025-10-10 01:12:20
2,1378,0.09906399999995869,-0.04326933333339219,2025-10-10 01:12:20
2,1379,0.0990639999999595,-0.043269333333391,2025-10-10 01:12:20
2,1380,0.0990639999999603,-0.04326933333338984,2025-10-10 01:12:20
2,1381,0.09906399999996107,-0.0432693333333887,2025-10-10 01:12:20
2,1382,0.09906399999996184,-0.04326933333338758,2025-10-10 01:12:20
2,1383,0.09906399999996258,-0.04326933333338649,2025-10-10 01:12:20
2,1384,0.09906399999996332,-0.043269333333385424,2025-10-10 01:12:20
2,1385,0.09906399999996404,-0.043269333333384376,2025-10-10 01:12:20
2,1386,0.09906399999996475,-0.043269333333383356,2025-10-10 01:12:20
2,1387,0.09906399999996543,-0.04326933333338236,2025-10-10 01:12:20
2,1388,0.0990639999999661,-0.04326933333338138,2025-10-10 01:12:20
2,1389,0.09906399999996675,-0.04326933333338042,2025-10-10 01:12:20
2,1390,0.09906399999996739,-0.043269333333379484,2025-10-10 01:12:20
2,1391,0.09906399999996801,-0.04326933333337857,2025-10-10 01:12:20
2,1392,0.09906399999996862,-0.04326933333337767,2025-10-10 01:12:20
2,1393,0.09906399999996922,-0.04326933333337679,2025-10-10 01:12:20
2,1394,0.09906399999996982,-0.04326933333337593,2025-10-10 01:12:20
2,1395,0.0990639999999704,-0.04326933333337509,2025-10-10 01:12:20
2,1396,0.09906399999997097,-0.043269333333374266,2025-10-10 01:12:20
2,1397,0.09906399999997152,-0.04326933333337346,2025-10-10 01:12:20
2,1398,0.09906399999997206,-0.04326933333337267,2025-10-10 01:12:20
2,1399,0.09906399999997259,-0.0432693333333719,2025-10-10 01:12:20
2,1400,0.0990639999999731,-0.04326933333337114,2025-10-10 01:12:20
2,1401,0.09906399999997362,-0.0432693333333704,2025-10-10 01:12:20
2,1402,0.09906399999997412,-0.04326933333336968,2025-10-10 01:12:20
2,1403,0.0990639999999746,-0.04326933333336897,2025-10-10 01:12:20
2,1404,0.09906399999997507,-0.04326933333336828,2025-10-10 01:12:20
2,1405,0.09906399999997555,-0.0432693333333676,2025-10-10 01:12:20
2,1406,0.099063999999976,-0.04326933333336693,2025-10-10 01:12:20
2,1407,0.09906399999997645,-0.04326933333336628,2025-10-10 01:12:20
2,1408,0.09906399999997688,-0.04326933333336564,2025-10-10 01:12:20
2,1409,0.09906399999997731,-0.043269333333365016,2025-10-10 01:12:20
2,1410,0.09906399999997773,-0.043269333333364406,2025-10-10 01:12:20
2,1411,0.09906399999997813,-0.04326933333336381,2025-10-10 01:12:20
2,1412,0.09906399999997853,-0.043269333333363226,2025-10-10 01:12:20
2,1413,0.09906399999997892,-0.04326933333336266,2025-10-10 01:12:20
2,1414,0.09906399999997931,-0.043269333333362095,2025-10-10 01:12:20
2,1415,0.09906399999997968,-0.04326933333336155,2025-10-10 01:12:20
2,1416,0.09906399999998004,-0.04326933333336101,2025-10-10 01:12:20
2,1417,0.0990639999999804,-0.04326933333336049,2025-10-10 01:12:20
2,1418,0.09906399999998075,-0.04326933333335998,2025-10-10 01:12:20
2,1419,0.0990639999999811,-0.04326933333335948,2025-10-10 01:12:20
2,1420,0.09906399999998143,-0.043269333333358986,2025-10-10 01:12:20
2,1421,0.09906399999998176,-0.04326933333335851,2025-10-10 01:12:20
2,1422,0.09906399999998208,-0.043269333333358036,2025-10-10 01:12:20
2,1423,0.0990639999999824,-0.04326933333335758,2025-10-10 01:12:20
2,1424,0.09906399999998271,-0.04326933333335713,2025-10-10 01:12:20
2,1425,0.09906399999998301,-0.04326933333335669,2025-10-10 01:12:20
2,1426,0.0990639999999833,-0.04326933333335626,2025-10-10 01:12:20
2,1427,0.0990639999999836,-0.043269333333355836,2025-10-10 01:12:20
2,1428,0.09906399999998387,-0.04326933333335542,2025-10-10 01:12:20
2,1429,0.09906399999998415,-0.04326933333335502,2025-10-10 01:12:20
2,1430,0.09906399999998443,-0.04326933333335462,2025-10-10 01:12:20
2,1431,0.09906399999998469,-0.04326933333335423,2025-10-10 01:12:20
2,1432,0.09906399999998496,-0.04326933333335385,2025-10-10 01:12:20
2,1433,0.0990639999999852,-0.043269333333353484,2025-10-10 01:12:20
2,1434,0.09906399999998546,-0.04326933333335312,2025-10-10 01:12:20
2,1435,0.0990639999999857,-0.04326933333335277,2025-10-10 01:12:20
2,1436,0.09906399999998594,-0.04326933333335242,2025-10-10 01:12:20
2,1437,0.09906399999998618,-0.04326933333335208,2025-10-10 01:12:20
2,1438,0.0990639999999864,-0.04326933333335175,2025-10-10 01:12:20
2,1439,0.09906399999998662,-0.04326933333335142,2025-10-10 01:12:20
2,1440,0.09906399999998684,-0.043269333333351104,2025-10-10 01:12:20
2,1441,0.09906399999998705,-0.04326933333335079,2025-10-10 01:12:20
2,1442,0.09906399999998726,-0.043269333333350486,2025-10-10 01:12:20
2,1443,0.09906399999998747,-0.04326933333335019,2025-10-10 01:12:20
2,1444,0.09906399999998766,-0.043269333333349896,2025-10-10 01:12:20
2,1445,0.09906399999998786,-0.04326933333334961,2025-10-10 01:12:20
2,1446,0.09906399999998805,-0.043269333333349334,2025-10-10 01:12:20
2,1447,0.09906399999998824,-0.043269333333349064,2025-10-10 01:12:20
2,1448,0.09906399999998843,-0.04326933333334879,2025-10-10 01:12:20
2,1449,0.0990639999999886,-0.04326933333334853,2025-10-10 01:12:20
2,1450,0.09906399999998879,-0.04326933333334827,2025-10-10 01:12:20
2,1451,0.09906399999998895,-0.04326933333334802,2025-10-10 01:12:20
2,1452,0.09906399999998912,-0.04326933333334778,2025-10-10 01:12:20
2,1453,0.09906399999998929,-0.04326933333334754,2025-10-10 01:12:20
2,1454,0.09906399999998945,-0.0432693333333473,2025-10-10 01:12:20
2,1455,0.0990639999999896,-0.04326933333334707,2025-10-10 01:12:20
2,1456,0.09906399999998976,-0.04326933333334684,2025-10-10 01:12:20
2,1457,0.09906399999998991,-0.04326933333334662,2025-10-10 01:12:20
2,1458,0.09906399999999006,-0.043269333333346406,2025-10-10 01:12:20
2,1459,0.0990639999999902,-0.0432693333333462,2025-10-10 01:12:20
2,1460,0.09906399999999034,-0.04326933333334599,2025-10-10 01:12:20
2,1461,0.09906399999999048,-0.04326933333334579,2025-10-10 01:12:20
2,1462,0.09906399999999062,-0.04326933333334559,2025-10-10 01:12:20
2,1463,0.09906399999999076,-0.04326933333334539,2025-10-10 01:12:20
2,1464,0.09906399999999088,-0.043269333333345206,2025-10-10 01:12:20
2,1465,0.099063999999991,-0.04326933333334502,2025-10-10 01:12:20
2,1466,0.09906399999999113,-0.04326933333334484,2025-10-10 01:12:20
2,1467,0.09906399999999126,-0.04326933333334466,2025-10-10 01:12:20
2,1468,0.09906399999999138,-0.043269333333344484,2025-10-10 01:12:20
2,1469,0.09906399999999149,-0.04326933333334431,2025-10-10 01:12:20
2,1470,0.0990639999999916,-0.043269333333344144,2025-10-10 01:12:20
2,1471,0.09906399999999171,-0.04326933333334398,2025-10-10 01:12:20
2,1472,0.09906399999999183,-0.04326933333334382,2025-10-10 01:12:20
2,1473,0.09906399999999194,-0.04326933333334366,2025-10-10 01:12:20
2,1474,0.09906399999999205,-0.043269333333343506,2025-10-10 01:12:20
2,1475,0.09906399999999214,-0.04326933333334335,2025-10-10 01:12:20
2,1476,0.09906399999999224,-0.04326933333334321,2025-10-10 01:12:20
2,1477,0.09906399999999234,-0.04326933333334306,2025-10-10 01:12:20
2,1478,0.09906399999999244,-0.04326933333334292,2025-10-10 01:12:20
2,1479,0.09906399999999253,-0.043269333333342784,2025-10-10 01:12:20
2,1480,0.09906399999999263,-0.04326933333334265,2025-10-10 01:12:20
2,1481,0.09906399999999273,-0.04326933333334252,2025-10-10 01:12:20
2,1482,0.09906399999999281,-0.04326933333334239,2025-10-10 01:12:20
2,1483,0.0990639999999929,-0.043269333333342264,2025-10-10 01:12:20
2,1484,0.09906399999999298,-0.04326933333334214,2025-10-10 01:12:20
2,1485,0.09906399999999306,-0.04326933333334202,2025-10-10 01:12:20
2,1486,0.09906399999999314,-0.0432693333333419,2025-10-10 01:12:20
2,1487,0.09906399999999323,-0.043269333333341785,2025-10-10 01:12:20
2,1488,0.09906399999999331,-0.043269333333341674,2025-10-10 01:12:20
2,1489,0.0990639999999934,-0.04326933333334156,2025-10-10 01:12:20
2,1490,0.09906399999999346,-0.04326933333334145,2025-10-10 01:12:20
2,1491,0.09906399999999353,-0.04326933333334135,2025-10-10 01:12:20
2,1492,0.0990639999999936,-0.043269333333341244,2025-10-10 01:12:20
2,1493,0.09906399999999367,-0.04326933333334114,2025-10-10 01:12:20
2,1494,0.09906399999999374,-0.04326933333334104,2025-10-10 01:12:20
2,1495,0.09906399999999381,-0.043269333333340945,2025-10-10 01:12:20
2,1496,0.09906399999999388,-0.04326933333334085,2025-10-10 01:12:20
2,1497,0.09906399999999395,-0.04326933333334076,2025-10-10 01:12:20
2,1498,0.09906399999999402,-0.04326933333334067,2025-10-10 01:12:20
2,1499,0.09906399999999407,-0.04326933333334058,2025-10-10 01:12:20
2,1500,0.09906399999999413,-0.04326933333334049,2025-10-10 01:12:20
2,1501,0.09906399999999418,-0.043269333333340404,2025-10-10 01:12:20
2,1502,0.09906399999999424,-0.04326933333334032,2025-10-10 01:12:20
2,1503,0.0990639999999943,-0.04326933333334024,2025-10-10 01:12:20
2,1504,0.09906399999999435,-0.043269333333340154,2025-10-10 01:12:20
2,1505,0.0990639999999944,-0.04326933333334008,2025-10-10 01:12:20
2,1506,0.09906399999999446,-0.04326933333334,2025-10-10 01:12:20
2,1507,0.09906399999999452,-0.043269333333339925,2025-10-10 01:12:20
2,1508,0.09906399999999457,-0.04326933333333985,2025-10-10 01:12:20
2,1509,0.09906399999999463,-0.04326933333333978,2025-10-10 01:12:20
2,1510,0.09906399999999468,-0.04326933333333971,2025-10-10 01:12:20
2,1511,0.09906399999999473,-0.04326933333333964,2025-10-10 01:12:20
2,1512,0.09906399999999477,-0.04326933333333957,2025-10-10 01:12:20
2,1513,0.09906399999999481,-0.04326933333333951,2025-10-10 01:12:20
2,1514,0.09906399999999485,-0.043269333333339446,2025-10-10 01:12:20
2,1515,0.09906399999999489,-0.043269333333339384,2025-10-10 01:12:20
2,1516,0.09906399999999493,-0.04326933333333932,2025-10-10 01:12:20
2,1517,0.09906399999999498,-0.04326933333333926,2025-10-10 01:12:20
2,1518,0.09906399999999502,-0.0432693333333392,2025-10-10 01:12:20
2,1519,0.09906399999999506,-0.04326933333333914,2025-10-10 01:12:20
2,1520,0.0990639999999951,-0.043269333333339086,2025-10-10 01:12:20
2,1521,0.09906399999999514,-0.04326933333333903,2025-10-10 01:12:20
2,1522,0.09906399999999518,-0.043269333333338975,2025-10-10 01:12:20
2,1523,0.09906399999999523,-0.04326933333333892,2025-10-10 01:12:20
2,1524,0.09906399999999527,-0.04326933333333887,2025-10-10 01:12:20
2,1525,0.09906399999999531,-0.04326933333333882,2025-10-10 01:12:20
2,1526,0.09906399999999534,-0.04326933333333877,2025-10-10 01:12:20
2,1527,0.09906399999999536,-0.043269333333338725,2025-10-10 01:12:20
2,1528,0.09906399999999539,-0.043269333333338676,2025-10-10 01:12:20
2,1529,0.09906399999999542,-0.04326933333333863,2025-10-10 01:12:20
2,1530,0.09906399999999545,-0.04326933333333858,2025-10-10 01:12:20
2,1531,0.09906399999999548,-0.04326933333333854,2025-10-10 01:12:20
2,1532,0.0990639999999955,-0.043269333333338496,2025-10-10 01:12:20
2,1533,0.09906399999999553,-0.043269333333338454,2025-10-10 01:12:20
2,1534,0.09906399999999556,-0.04326933333333841,2025-10-10 01:12:20
2,1535,0.09906399999999559,-0.04326933333333837,2025-10-10 01:12:20
2,1536,0.09906399999999561,-0.04326933333333833,2025-10-10 01:12:20
2,1537,0.09906399999999564,-0.04326933333333829,2025-10-10 01:12:20
2,1538,0.09906399999999567,-0.043269333333338246,2025-10-10 01:12:20
2,1539,0.0990639999999957,-0.04326933333333821,2025-10-10 01:12:20
2,1540,0.09906399999999572,-0.04326933333333818,2025-10-10 01:12:20
2,1541,0.09906399999999575,-0.04326933333333814,2025-10-10 01:12:20
2,1542,0.09906399999999578,-0.04326933333333811,2025-10-10 01:12:20
2,1543,0.09906399999999581,-0.04326933333333807,2025-10-10 01:12:20
2,1544,0.09906399999999584,-0.04326933333333804,2025-10-10 01:12:20
2,1545,0.09906399999999586,-0.043269333333338,2025-10-10 01:12:20
2,1546,0.09906399999999589,-0.04326933333333797,2025-10-10 01:12:20
2,1547,0.09906399999999592,-0.043269333333337934,2025-10-10 01:12:20
2,1548,0.09906399999999595,-0.043269333333337906,2025-10-10 01:12:20
2,1549,0.09906399999999597,-0.04326933333333788,2025-10-10 01:12:20
2,1550,0.09906399999999599,-0.04326933333333785,2025-10-10 01:12:20
2,1551,0.099063999999996,-0.04326933333333782,2025-10-10 01:12:20
2,1552,0.09906399999999602,-0.043269333333337795,2025-10-10 01:12:20
2,1553,0.09906399999999603,-0.04326933333333777,2025-10-10 01:12:20
2,1554,0.09906399999999604,-0.04326933333333774,2025-10-10 01:12:20
2,1555,0.09906399999999606,-0.04326933333333771,2025-10-10 01:12:20
2,1556,0.09906399999999607,-0.043269333333337684,2025-10-10 01:12:20
2,1557,0.09906399999999609,-0.043269333333337656,2025-10-10 01:12:20
2,1558,0.0990639999999961,-0.04326933333333763,2025-10-10 01:12:20
2,1559,0.09906399999999611,-0.0432693333333376,2025-10-10 01:12:20
2,1560,0.09906399999999613,-0.04326933333333758,2025-10-10 01:12:20
2,1561,0.09906399999999614,-0.04326933333333756,2025-10-10 01:12:20
2,1562,0.09906399999999616,-0.04326933333333754,2025-10-10 01:12:20
2,1563,0.09906399999999617,-0.04326933333333752,2025-10-10 01:12:20
2,1564,0.09906399999999618,-0.0432693333333375,2025-10-10 01:12:20
2,1565,0.0990639999999962,-0.043269333333337476,2025-10-10 01:12:20
2,1566,0.09906399999999621,-0.043269333333337455,2025-10-10 01:12:20
2,1567,0.09906399999999622,-0.043269333333337434,2025-10-10 01:12:20
2,1568,0.09906399999999624,-0.04326933333333741,2025-10-10 01:12:20
2,1569,0.09906399999999625,-0.04326933333333739,2025-10-10 01:12:20
2,1570,0.09906399999999627,-0.04326933333333737,2025-10-10 01:12:20
2,1571,0.09906399999999628,-0.04326933333333735,2025-10-10 01:12:20
2,1572,0.0990639999999963,-0.04326933333333733,2025-10-10 01:12:20
2,1573,0.09906399999999631,-0.04326933333333731,2025-10-10 01:12:20
2,1574,0.09906399999999632,-0.04326933333333729,2025-10-10 01:12:20
2,1575,0.09906399999999634,-0.043269333333337275,2025-10-10 01:12:20
2,1576,0.09906399999999635,-0.04326933333333726,2025-10-10 01:12:20
2,1577,0.09906399999999636,-0.04326933333333725,2025-10-10 01:12:20
2,1578,0.09906399999999638,-0.04326933333333723,2025-10-10 01:12:20
2,1579,0.09906399999999639,-0.04326933333333722,2025-10-10 01:12:20
2,1580,0.0990639999999964,-0.043269333333337205,2025-10-10 01:12:20
2,1581,0.09906399999999642,-0.04326933333333719,2025-10-10 01:12:20
2,1582,0.09906399999999643,-0.04326933333333718,2025-10-10 01:12:20
2,1583,0.09906399999999645,-0.043269333333337164,2025-10-10 01:12:20
2,1584,0.09906399999999646,-0.04326933333333715,2025-10-10 01:12:20
2,1585,0.09906399999999647,-0.043269333333337136,2025-10-10 01:12:20
2,1586,0.09906399999999649,-0.04326933333333712,2025-10-10 01:12:20
2,1587,0.0990639999999965,-0.04326933333333711,2025-10-10 01:12:20
2,1588,0.09906399999999652,-0.043269333333337094,2025-10-10 01:12:20
2,1589,0.09906399999999653,-0.04326933333333708,2025-10-10 01:12:20
2,1590,0.09906399999999654,-0.043269333333337066,2025-10-10 01:12:20
2,1591,0.09906399999999656,-0.04326933333333705,2025-10-10 01:12:20
2,1592,0.09906399999999657,-0.04326933333333704,2025-10-10 01:12:20
2,1593,0.09906399999999659,-0.043269333333337025,2025-10-10 01:12:20
2,1594,0.0990639999999966,-0.04326933333333701,2025-10-10 01:12:20
2,1595,0.09906399999999661,-0.043269333333337,2025-10-10 01:12:20
2,1596,0.09906399999999663,-0.04326933333333698,2025-10-10 01:12:20
2,1597,0.09906399999999664,-0.04326933333333697,2025-10-10 01:12:20
2,1598,0.09906399999999665,-0.04326933333333696,2025-10-10 01:12:20
2,1599,0.09906399999999665,-0.043269333333336955,2025-10-10 01:12:20
2,1600,0.09906399999999665,-0.04326933333333695,2025-10-10 01:12:20
2,1601,0.09906399999999665,-0.04326933333333694,2025-10-10 01:12:20
2,1602,0.09906399999999665,-0.043269333333336935,2025-10-10 01:12:20
2,1603,0.09906399999999665,-0.04326933333333693,2025-10-10 01:12:20
2,1604,0.09906399999999665,-0.04326933333333692,2025-10-10 01:12:20
2,1605,0.09906399999999665,-0.043269333333336914,2025-10-10 01:12:20
2,1606,0.09906399999999665,-0.04326933333333691,2025-10-10 01:12:20
2,1607,0.09906399999999665,-0.0432693333333369,2025-10-10 01:12:20
2,1608,0.09906399999999665,-0.04326933333333689,2025-10-10 01:12:20
2,1609,0.09906399999999665,-0.043269333333336886,2025-10-10 01:12:20
2,1610,0.09906399999999665,-0.04326933333333688,2025-10-10 01:12:20
2,1611,0.09906399999999665,-0.04326933333333687,2025-10-10 01:12:20
2,1612,0.09906399999999665,-0.043269333333336865,2025-10-10 01:12:20
2,1613,0.09906399999999665,-0.04326933333333686,2025-10-10 01:12:20
2,1614,0.09906399999999665,-0.04326933333333685,2025-10-10 01:12:20
2,1615,0.09906399999999665,-0.043269333333336844,2025-10-10 01:12:20
2,1616,0.09906399999999665,-0.04326933333333684,2025-10-10 01:12:20
2,1617,0.09906399999999665,-0.04326933333333683,2025-10-10 01:12:20
2,1618,0.09906399999999665,-0.043269333333336824,2025-10-10 01:12:20
2,1619,0.09906399999999665,-0.04326933333333682,2025-10-10 01:12:20
2,1620,0.09906399999999665,-0.04326933333333681,2025-10-10 01:12:20
2,1621,0.09906399999999665,-0.0432693333333368,2025-10-10 01:12:20
2,1622,0.09906399999999665,-0.043269333333336796,2025-10-10 01:12:20
2,1623,0.09906399999999665,-0.04326933333333679,2025-10-10 01:12:20
2,1624,0.09906399999999665,-0.04326933333333678,2025-10-10 01:12:20
2,1625,0.09906399999999665,-0.043269333333336775,2025-10-10 01:12:20
2,1626,0.09906399999999665,-0.04326933333333677,2025-10-10 01:12:20
2,1627,0.09906399999999665,-0.04326933333333676,2025-10-10 01:12:20
2,1628,0.09906399999999665,-0.043269333333336754,2025-10-10 01:12:20
2,1629,0.09906399999999665,-0.04326933333333675,2025-10-10 01:12:20
2,1630,0.09906399999999665,-0.04326933333333674,2025-10-10 01:12:20
2,1631,0.09906399999999665,-0.04326933333333673,2025-10-10 01:12:20
2,1632,0.09906399999999665,-0.043269333333336726,2025-10-10 01:12:20
2,1633,0.09906399999999665,-0.04326933333333672,2025-10-10 01:12:20
2,1634,0.09906399999999665,-0.04326933333333671,2025-10-10 01:12:20
2,1635,0.09906399999999665,-0.043269333333336706,2025-10-10 01:12:20
2,1636,0.09906399999999665,-0.0432693333333367,2025-10-10 01:12:20
2,1637,0.09906399999999665,-0.04326933333333669,2025-10-10 01:12:20
2,1638,0.09906399999999665,-0.043269333333336685,2025-10-10 01:12:20
2,1639,0.09906399999999665,-0.04326933333333668,2025-10-10 01:12:20
2,1640,0.09906399999999665,-0.04326933333333667,2025-10-10 01:12:20
2,1641,0.09906399999999665,-0.043269333333336664,2025-10-10 01:12:20
2,1642,0.09906399999999665,-0.04326933333333666,2025-10-10 01:12:20
2,1643,0.09906399999999665,-0.04326933333333665,2025-10-10 01:12:20
2,1644,0.09906399999999665,-0.04326933333333664,2025-10-10 01:12:20
2,1645,0.09906399999999665,-0.043269333333336636,2025-10-10 01:12:20
2,1646,0.09906399999999665,-0.04326933333333663,2025-10-10 01:12:20
2,1647,0.09906399999999665,-0.04326933333333662,2025-10-10 01:12:20
2,1648,0.09906399999999665,-0.04326933333333662,2025-10-10 01:12:20
2,1649,0.09906399999999665,-0.04326933333333662,2025-10-10 01:12:20
2,1650,0.09906399999999665,-0.04326933333333662,2025-10-10 01:12:20
2,1651,0.09906399999999665,-0.04326933333333662,2025-10-10 01:12:20
2,1652,0.09906399999999665,-0.04326933333333662,2025-10-10 01:12:20
2,1653,0.09906399999999665,-0.04326933333333662,2025-10-10 01:12:20
2,1654,0.09906399999999665,-0.04326933333333662,2025-10-10 01:12:20
2,1655,0.09906399999999665,-0.04326933333333662,2025-10-10 01:12:20
2,1656,0.09906399999999665,-0.04326933333333662,2025-10-10 01:12:20
2,1657,0.09906399999999665,-0.04326933333333662,2025-10-10 01:12:20
2,1658,0.09906399999999665,-0.04326933333333662,2025-10-10 01:12:20
2,1659,0.09906399999999665,-0.04326933333333662,2025-10-10 01:12:20
2,1660,0.09906399999999665,-0.04326933333333662,2025-10-10 01:12:20
2,1661,0.09906399999999665,-0.04326933333333662,2025-10-10 01:12:20
2,1662,0.09906399999999665,-0.04326933333333662,2025-10-10 01:12:20
2,1663,0.09906399999999665,-0.04326933333333662,2025-10-10 01:12:20
2,1664,0.09906399999999665,-0.04326933333333662,2025-10-10 01:12:20
2,1665,0.09906399999999665,-0.04326933333333662,2025-10-10 01:12:20
2,1666,0.09906399999999665,-0.04326933333333662,2025-10-10 01:12:20
2,1667,0.09906399999999665,-0.04326933333333662,2025-10-10 01:12:20
2,1668,0.09906399999999665,-0.04326933333333662,2025-10-10 01:12:20
2,1669,0.09906399999999665,-0.04326933333333662,2025-10-10 01:12:20
2,1670,0.09906399999999665,-0.04326933333333662,2025-10-10 01:12:20
2,1671,0.09906399999999665,-0.04326933333333662,2025-10-10 01:12:20
2,1672,0.09906399999999665,-0.04326933333333662,2025-10-10 01:12:20
2,1673,0.09906399999999665,-0.04326933333333662,2025-10-10 01:12:20
2,1674,0.09906399999999665,-0.04326933333333662,2025-10-10 01:12:20
2,1675,0.09906399999999665,-0.04326933333333662,2025-10-10 01:12:20
2,1676,0.09906399999999665,-0.04326933333333662,2025-10-10 01:12:20
2,1677,0.09906399999999665,-0.04326933333333662,2025-10-10 01:12:20
2,1678,0.09906399999999665,-0.04326933333333662,2025-10-10 01:12:20
2,1679,0.09906399999999665,-0.04326933333333662,2025-10-10 01:12:20
2,1680,0.09906399999999665,-0.04326933333333662,2025-10-10 01:12:20
2,1681,0.09906399999999665,-0.04326933333333662,2025-10-10 01:12:20
2,1682,0.09906399999999665,-0.04326933333333662,2025-10-10 01:12:20
2,1683,0.09906399999999665,-0.04326933333333662,2025-10-10 01:12:20
2,1684,0.09906399999999665,-0.04326933333333662,2025-10-10 01:12:20
2,1685,0.09906399999999665,-0.04326933333333662,2025-10-10 01:12:20
2,1686,0.09906399999999665,-0.04326933333333662,2025-10-10 01:12:20
2,1687,0.09906399999999665,-0.04326933333333662,2025-10-10 01:12:20
2,1688,0.09906399999999665,-0.04326933333333662,2025-10-10 01:12:20
2,1689,0.09906399999999665,-0.04326933333333662,2025-10-10 01:12:20
2,1690,0.09906399999999665,-0.04326933333333662,2025-10-10 01:12:20
2,1691,0.09906399999999665,-0.04326933333333662,2025-10-10 01:12:20
2,1692,0.09906399999999665,-0.04326933333333662,2025-10-10 01:12:20
2,1693,0.09906399999999665,-0.04326933333333662,2025-10-10 01:12:20
2,1694,0.09906399999999665,-0.04326933333333662,2025-10-10 01:12:20
2,1695,0.09906399999999665,-0.04326933333333662,2025-10-10 01:12:20
2,1696,0.09906399999999665,-0.04326933333333662,2025-10-10 01:12:20
2,1697,0.09906399999999665,-0.04326933333333662,2025-10-10 01:12:20
2,1698,0.09906399999999665,-0.04326933333333662,2025-10-10 01:12:20
2,1699,0.09906399999999665,-0.04326933333333662,2025-10-10 01:12:20
2,1700,0.09906399999999665,-0.04326933333333662,2025-10-10 01:12:20
2,1701,0.09906399999999665,-0.04326933333333662,2025-10-10 01:12:20
2,1702,0.09906399999999665,-0.04326933333333662,2025-10-10 01:12:20
2,1703,0.09906399999999665,-0.04326933333333662,2025-10-10 01:12:20
2,1704,0.09906399999999665,-0.04326933333333662,2025-10-10 01:12:20
2,1705,0.09906399999999665,-0.04326933333333662,2025-10-10 01:12:20
2,1706,0.09906399999999665,-0.04326933333333662,2025-10-10 01:12:20
2,1707,0.09906399999999665,-0.04326933333333662,2025-10-10 01:12:20
2,1708,0.09906399999999665,-0.04326933333333662,2025-10-10 01:12:20
2,1709,0.09906399999999665,-0.04326933333333662,2025-10-10 01:12:20
2,1710,0.09906399999999665,-0.04326933333333662,2025-10-10 01:12:20
2,1711,0.09906399999999665,-0.04326933333333662,2025-10-10 01:12:20
2,1712,0.09906399999999665,-0.04326933333333662,2025-10-10 01:12:20
2,1713,0.09906399999999665,-0.04326933333333662,2025-10-10 01:12:20
2,1714,0.09906399999999665,-0.04326933333333662,2025-10-10 01:12:20
2,1715,0.09906399999999665,-0.04326933333333662,2025-10-10 01:12:20
2,1716,0.09906399999999665,-0.04326933333333662,2025-10-10 01:12:20
2,1717,0.09906399999999665,-0.04326933333333662,2025-10-10 01:12:20
2,1718,0.09906399999999665,-0.04326933333333662,2025-10-10 01:12:20
2,1719,0.09906399999999665,-0.04326933333333662,2025-10-10 01:12:20
2,1720,0.09906399999999665,-0.04326933333333662,2025-10-10 01:12:20
2,1721,0.09906399999999665,-0.04326933333333662,2025-10-10 01:12:20
2,1722,0.09906399999999665,-0.04326933333333662,2025-10-10 01:12:20
2,1723,0.09906399999999665,-0.04326933333333662,2025-10-10 01:12:20
2,1724,0.09906399999999665,-0.04326933333333662,2025-10-10 01:12:20
2,1725,0.09906399999999665,-0.04326933333333662,2025-10-10 01:12:20
2,1726,0.09906399999999665,-0.04326933333333662,2025-10-10 01:12:20
2,1727,0.09906399999999665,-0.04326933333333662,2025-10-10 01:12:20
2,1728,0.09906399999999665,-0.04326933333333662,2025-10-10 01:12:20
2,1729,0.09906399999999665,-0.04326933333333662,2025-10-10 01:12:20
2,1730,0.09906399999999665,-0.04326933333333662,2025-10-10 01:12:20
2,1731,0.09906399999999665,-0.04326933333333662,2025-10-10 01:12:20
2,1732,0.09906399999999665,-0.04326933333333662,2025-10-10 01:12:20
2,1733,0.09906399999999665,-0.04326933333333662,2025-10-10 01:12:20
2,1734,0.09906399999999665,-0.04326933333333662,2025-10-10 01:12:20
2,1735,0.09906399999999665,-0.04326933333333662,2025-10-10 01:12:20
2,1736,0.09906399999999665,-0.04326933333333662,2025-10-10 01:12:20
2,1737,0.09906399999999665,-0.04326933333333662,2025-10-10 01:12:20
2,1738,0.09906399999999665,-0.04326933333333662,2025-10-10 01:12:20
2,1739,0.09906399999999665,-0.04326933333333662,2025-10-10 01:12:20
2,1740,0.09906399999999665,-0.04326933333333662,2025-10-10 01:12:20
2,1741,0.09906399999999665,-0.04326933333333662,2025-10-10 01:12:20
2,1742,0.09906399999999665,-0.04326933333333662,2025-10-10 01:12:20
2,1743,0.09906399999999665,-0.04326933333333662,2025-10-10 01:12:20
2,1744,0.09906399999999665,-0.04326933333333662,2025-10-10 01:12:20
2,1745,0.09906399999999665,-0.04326933333333662,2025-10-10 01:12:20
2,1746,0.09906399999999665,-0.04326933333333662,2025-10-10 01:12:20
2,1747,0.09906399999999665,-0.04326933333333662,2025-10-10 01:12:20
2,1748,0.09906399999999665,-0.04326933333333662,2025-10-10 01:12:20
2,1749,0.09906399999999665,-0.04326933333333662,2025-10-10 01:12:20
2,1750,0.09906399999999665,-0.04326933333333662,2025-10-10 01:12:20
2,1751,0.09906399999999665,-0.04326933333333662,2025-10-10 01:12:20
2,1752,0.09906399999999665,-0.04326933333333662,2025-10-10 01:12:20
2,1753,0.09906399999999665,-0.04326933333333662,2025-10-10 01:12:20
2,1754,0.09906399999999665,-0.04326933333333662,2025-10-10 01:12:20
2,1755,0.09906399999999665,-0.04326933333333662,2025-10-10 01:12:20
2,1756,0.09906399999999665,-0.04326933333333662,2025-10-10 01:12:20
2,1757,0.09906399999999665,-0.04326933333333662,2025-10-10 01:12:20
2,1758,0.09906399999999665,-0.04326933333333662,2025-10-10 01:12:20
2,1759,0.09906399999999665,-0.04326933333333662,2025-10-10 01:12:20
2,1760,0.09906399999999665,-0.04326933333333662,2025-10-10 01:12:20
2,1761,0.09906399999999665,-0.04326933333333662,2025-10-10 01:12:20
2,1762,0.09906399999999665,-0.04326933333333662,2025-10-10 01:12:20
2,1763,0.09906399999999665,-0.04326933333333662,2025-10-10 01:12:20
2,1764,0.09906399999999665,-0.04326933333333662,2025-10-10 01:12:20
2,1765,0.09906399999999665,-0.04326933333333662,2025-10-10 01:12:20
2,1766,0.09906399999999665,-0.04326933333333662,2025-10-10 01:12:20
2,1767,0.09906399999999665,-0.04326933333333662,2025-10-10 01:12:20
2,1768,0.09906399999999665,-0.04326933333333662,2025-10-10 01:12:20
2,1769,0.09906399999999665,-0.04326933333333662,2025-10-10 01:12:20
2,1770,0.09906399999999665,-0.04326933333333662,2025-10-10 01:12:20
2,1771,0.09906399999999665,-0.04326933333333662,2025-10-10 01:12:20
2,1772,0.09906399999999665,-0.04326933333333662,2025-10-10 01:12:20
2,1773,0.09906399999999665,-0.04326933333333662,2025-10-10 01:12:20
2,1774,0.09906399999999665,-0.04326933333333662,2025-10-10 01:12:20
2,1775,0.09906399999999665,-0.04326933333333662,2025-10-10 01:12:20
2,1776,0.09906399999999665,-0.04326933333333662,2025-10-10 01:12:20
2,1777,0.09906399999999665,-0.04326933333333662,2025-10-10 01:12:20
2,1778,0.09906399999999665,-0.04326933333333662,2025-10-10 01:12:20
2,1779,0.09906399999999665,-0.04326933333333662,2025-10-10 01:12:20
2,1780,0.09906399999999665,-0.04326933333333662,2025-10-10 01:12:20
2,1781,0.09906399999999665,-0.04326933333333662,2025-10-10 01:12:20
2,1782,0.09906399999999665,-0.04326933333333662,2025-10-10 01:12:20
2,1783,0.09906399999999665,-0.04326933333333662,2025-10-10 01:12:20
2,1784,0.09906399999999665,-0.04326933333333662,2025-10-10 01:12:20
2,1785,0.09906399999999665,-0.04326933333333662,2025-10-10 01:12:20
2,1786,0.09906399999999665,-0.04326933333333662,2025-10-10 01:12:20
2,1787,0.09906399999999665,-0.04326933333333662,2025-10-10 01:12:20
2,1788,0.09906399999999665,-0.04326933333333662,2025-10-10 01:12:20
2,1789,0.09906399999999665,-0.04326933333333662,2025-10-10 01:12:20
2,1790,0.09906399999999665,-0.04326933333333662,2025-10-10 01:12:20
2,1791,0.09906399999999665,-0.04326933333333662,2025-10-10 01:12:20
2,1792,0.09906399999999665,-0.04326933333333662,2025-10-10 01:12:20
2,1793,0.09906399999999665,-0.04326933333333662,2025-10-10 01:12:20
2,1794,0.09906399999999665,-0.04326933333333662,2025-10-10 01:12:20
2,1795,0.09906399999999665,-0.04326933333333662,2025-10-10 01:12:20
2,1796,0.09906399999999665,-0.04326933333333662,2025-10-10 01:12:20
2,1797,0.09906399999999665,-0.04326933333333662,2025-10-10 01:12:20
2,1798,0.09906399999999665,-0.04326933333333662,2025-10-10 01:12:20
2,1799,0.09906399999999665,-0.04326933333333662,2025-10-10 01:12:20
2,1800,0.09906399999999665,-0.04326933333333662,2025-10-10 01:12:20
2,1801,0.09906399999999665,-0.04326933333333662,2025-10-10 01:12:20
2,1802,0.09906399999999665,-0.04326933333333662,2025-10-10 01:12:20
2,1803,0.09906399999999665,-0.04326933333333662,2025-10-10 01:12:20
2,1804,0.09906399999999665,-0.04326933333333662,2025-10-10 01:12:20
2,1805,0.09906399999999665,-0.04326933333333662,2025-10-10 01:12:20
2,1806,0.09906399999999665,-0.04326933333333662,2025-10-10 01:12:20
2,1807,0.09906399999999665,-0.04326933333333662,2025-10-10 01:12:20
2,1808,0.09906399999999665,-0.04326933333333662,2025-10-10 01:12:20
2,1809,0.09906399999999665,-0.04326933333333662,2025-10-10 01:12:20
2,1810,0.09906399999999665,-0.04326933333333662,2025-10-10 01:12:20
2,1811,0.09906399999999665,-0.04326933333333662,2025-10-10 01:12:20
2,1812,0.09906399999999665,-0.04326933333333662,2025-10-10 01:12:20
2,1813,0.09906399999999665,-0.04326933333333662,2025-10-10 01:12:20
2,1814,0.09906399999999665,-0.04326933333333662,2025-10-10 01:12:20
2,1815,0.09906399999999665,-0.04326933333333662,2025-10-10 01:12:20
2,1816,0.09906399999999665,-0.04326933333333662,2025-10-10 01:12:20
2,1817,0.09906399999999665,-0.04326933333333662,2025-10-10 01:12:20
2,1818,0.09906399999999665,-0.04326933333333662,2025-10-10 01:12:20
2,1819,0.09906399999999665,-0.04326933333333662,2025-10-10 01:12:20
2,1820,0.09906399999999665,-0.04326933333333662,2025-10-10 01:12:20
2,1821,0.09906399999999665,-0.04326933333333662,2025-10-10 01:12:20
2,1822,0.09906399999999665,-0.04326933333333662,2025-10-10 01:12:20
2,1823,0.09906399999999665,-0.04326933333333662,2025-10-10 01:12:20
2,1824,0.09906399999999665,-0.04326933333333662,2025-10-10 01:12:20
2,1825,0.09906399999999665,-0.04326933333333662,2025-10-10 01:12:20
2,1826,0.09906399999999665,-0.04326933333333662,2025-10-10 01:12:20
2,1827,0.09906399999999665,-0.04326933333333662,2025-10-10 01:12:20
2,1828,0.09906399999999665,-0.04326933333333662,2025-10-10 01:12:20
2,1829,0.09906399999999665,-0.04326933333333662,2025-10-10 01:12:20
2,1830,0.09906399999999665,-0.04326933333333662,2025-10-10 01:12:20
2,1831,0.09906399999999665,-0.04326933333333662,2025-10-10 01:12:20
2,1832,0.09906399999999665,-0.04326933333333662,2025-10-10 01:12:20
2,1833,0.09906399999999665,-0.04326933333333662,2025-10-10 01:12:20
2,1834,0.09906399999999665,-0.04326933333333662,2025-10-10 01:12:20
2,1835,0.09906399999999665,-0.04326933333333662,2025-10-10 01:12:20
2,1836,0.09906399999999665,-0.04326933333333662,2025-10-10 01:12:20
2,1837,0.09906399999999665,-0.04326933333333662,2025-10-10 01:12:20
2,1838,0.09906399999999665,-0.04326933333333662,2025-10-10 01:12:20
2,1839,0.09906399999999665,-0.04326933333333662,2025-10-10 01:12:20
2,1840,0.09906399999999665,-0.04326933333333662,2025-10-10 01:12:20
2,1841,0.09906399999999665,-0.04326933333333662,2025-10-10 01:12:20
2,1842,0.09906399999999665,-0.04326933333333662,2025-10-10 01:12:20
2,1843,0.09906399999999665,-0.04326933333333662,2025-10-10 01:12:20
2,1844,0.09906399999999665,-0.04326933333333662,2025-10-10 01:12:20
2,1845,0.09906399999999665,-0.04326933333333662,2025-10-10 01:12:20
2,1846,0.09906399999999665,-0.04326933333333662,2025-10-10 01:12:20
2,1847,0.09906399999999665,-0.04326933333333662,2025-10-10 01:12:20
2,1848,0.09906399999999665,-0.04326933333333662,2025-10-10 01:12:20
2,1849,0.09906399999999665,-0.04326933333333662,2025-10-10 01:12:20
2,1850,0.09906399999999665,-0.04326933333333662,2025-10-10 01:12:20
2,1851,0.09906399999999665,-0.04326933333333662,2025-10-10 01:12:20
2,1852,0.09906399999999665,-0.04326933333333662,2025-10-10 01:12:20
2,1853,0.09906399999999665,-0.04326933333333662,2025-10-10 01:12:20
2,1854,0.09906399999999665,-0.04326933333333662,2025-10-10 01:12:20
2,1855,0.09906399999999665,-0.04326933333333662,2025-10-10 01:12:20
2,1856,0.09906399999999665,-0.04326933333333662,2025-10-10 01:12:20
2,1857,0.09906399999999665,-0.04326933333333662,2025-10-10 01:12:20
2,1858,0.09906399999999665,-0.04326933333333662,2025-10-10 01:12:20
2,1859,0.09906399999999665,-0.04326933333333662,2025-10-10 01:12:20
2,1860,0.09906399999999665,-0.04326933333333662,2025-10-10 01:12:20
2,1861,0.09906399999999665,-0.04326933333333662,2025-10-10 01:12:20
2,1862,0.09906399999999665,-0.04326933333333662,2025-10-10 01:12:20
2,1863,0.09906399999999665,-0.04326933333333662,2025-10-10 01:12:20
2,1864,0.09906399999999665,-0.04326933333333662,2025-10-10 01:12:20
2,1865,0.09906399999999665,-0.04326933333333662,2025-10-10 01:12:20
2,1866,0.09906399999999665,-0.04326933333333662,2025-10-10 01:12:20
2,1867,0.09906399999999665,-0.04326933333333662,2025-10-10 01:12:20
2,1868,0.09906399999999665,-0.04326933333333662,2025-10-10 01:12:20
2,1869,0.09906399999999665,-0.04326933333333662,2025-10-10 01:12:20
2,1870,0.09906399999999665,-0.04326933333333662,2025-10-10 01:12:20
2,1871,0.09906399999999665,-0.04326933333333662,2025-10-10 01:12:20
2,1872,0.09906399999999665,-0.04326933333333662,2025-10-10 01:12:20
2,1873,0.09906399999999665,-0.04326933333333662,2025-10-10 01:12:20
2,1874,0.09906399999999665,-0.04326933333333662,2025-10-10 01:12:20
2,1875,0.09906399999999665,-0.04326933333333662,2025-10-10 01:12:20
2,1876,0.09906399999999665,-0.04326933333333662,2025-10-10 01:12:20
2,1877,0.09906399999999665,-0.04326933333333662,2025-10-10 01:12:20
2,1878,0.09906399999999665,-0.04326933333333662,2025-10-10 01:12:20
2,1879,0.09906399999999665,-0.04326933333333662,2025-10-10 01:12:20
2,1880,0.09906399999999665,-0.04326933333333662,2025-10-10 01:12:20
2,1881,0.09906399999999665,-0.04326933333333662,2025-10-10 01:12:20
2,1882,0.09906399999999665,-0.04326933333333662,2025-10-10 01:12:20
2,1883,0.09906399999999665,-0.04326933333333662,2025-10-10 01:12:20
2,1884,0.09906399999999665,-0.04326933333333662,2025-10-10 01:12:20
2,1885,0.09906399999999665,-0.04326933333333662,2025-10-10 01:12:20
2,1886,0.09906399999999665,-0.04326933333333662,2025-10-10 01:12:20
2,1887,0.09906399999999665,-0.04326933333333662,2025-10-10 01:12:20
2,1888,0.09906399999999665,-0.04326933333333662,2025-10-10 01:12:20
2,1889,0.09906399999999665,-0.04326933333333662,2025-10-10 01:12:20
2,1890,0.09906399999999665,-0.04326933333333662,2025-10-10 01:12:20
2,1891,0.09906399999999665,-0.04326933333333662,2025-10-10 01:12:20
2,1892,0.09906399999999665,-0.04326933333333662,2025-10-10 01:12:20
2,1893,0.09906399999999665,-0.04326933333333662,2025-10-10 01:12:20
2,1894,0.09906399999999665,-0.04326933333333662,2025-10-10 01:12:20
2,1895,0.09906399999999665,-0.04326933333333662,2025-10-10 01:12:20
2,1896,0.09906399999999665,-0.04326933333333662,2025-10-10 01:12:20
2,1897,0.09906399999999665,-0.04326933333333662,2025-10-10 01:12:20
2,1898,0.09906399999999665,-0.04326933333333662,2025-10-10 01:12:20
2,1899,0.09906399999999665,-0.04326933333333662,2025-10-10 01:12:20
2,1900,0.09906399999999665,-0.04326933333333662,2025-10-10 01:12:20
2,1901,0.09906399999999665,-0.04326933333333662,2025-10-10 01:12:20
2,1902,0.09906399999999665,-0.04326933333333662,2025-10-10 01:12:20
2,1903,0.09906399999999665,-0.04326933333333662,2025-10-10 01:12:20
2,1904,0.09906399999999665,-0.04326933333333662,2025-10-10 01:12:20
2,1905,0.09906399999999665,-0.04326933333333662,2025-10-10 01:12:20
2,1906,0.09906399999999665,-0.04326933333333662,2025-10-10 01:12:20
2,1907,0.09906399999999665,-0.04326933333333662,2025-10-10 01:12:20
2,1908,0.09906399999999665,-0.04326933333333662,2025-10-10 01:12:20
2,1909,0.09906399999999665,-0.04326933333333662,2025-10-10 01:12:20
2,1910,0.09906399999999665,-0.04326933333333662,2025-10-10 01:12:20
2,1911,0.09906399999999665,-0.04326933333333662,2025-10-10 01:12:20
2,1912,0.09906399999999665,-0.04326933333333662,2025-10-10 01:12:20
2,1913,0.09906399999999665,-0.04326933333333662,2025-10-10 01:12:20
2,1914,0.09906399999999665,-0.04326933333333662,2025-10-10 01:12:20
2,1915,0.09906399999999665,-0.04326933333333662,2025-10-10 01:12:20
2,1916,0.09906399999999665,-0.04326933333333662,2025-10-10 01:12:20
2,1917,0.09906399999999665,-0.04326933333333662,2025-10-10 01:12:20
2,1918,0.09906399999999665,-0.04326933333333662,2025-10-10 01:12:20
2,1919,0.09906399999999665,-0.04326933333333662,2025-10-10 01:12:20
2,1920,0.09906399999999665,-0.04326933333333662,2025-10-10 01:12:20
2,1921,0.09906399999999665,-0.04326933333333662,2025-10-10 01:12:20
2,1922,0.09906399999999665,-0.04326933333333662,2025-10-10 01:12:20
2,1923,0.09906399999999665,-0.04326933333333662,2025-10-10 01:12:20
2,1924,0.09906399999999665,-0.04326933333333662,2025-10-10 01:12:20
2,1925,0.09906399999999665,-0.04326933333333662,2025-10-10 01:12:20
2,1926,0.09906399999999665,-0.04326933333333662,2025-10-10 01:12:20
2,1927,0.09906399999999665,-0.04326933333333662,2025-10-10 01:12:20
2,1928,0.09906399999999665,-0.04326933333333662,2025-10-10 01:12:20
2,1929,0.09906399999999665,-0.04326933333333662,2025-10-10 01:12:20
2,1930,0.09906399999999665,-0.04326933333333662,2025-10-10 01:12:20
2,1931,0.09906399999999665,-0.04326933333333662,2025-10-10 01:12:20
2,1932,0.09906399999999665,-0.04326933333333662,2025-10-10 01:12:20
2,1933,0.09906399999999665,-0.04326933333333662,2025-10-10 01:12:20
2,1934,0.09906399999999665,-0.04326933333333662,2025-10-10 01:12:20
2,1935,0.09906399999999665,-0.04326933333333662,2025-10-10 01:12:20
2,1936,0.09906399999999665,-0.04326933333333662,2025-10-10 01:12:20
2,1937,0.09906399999999665,-0.04326933333333662,2025-10-10 01:12:20
2,1938,0.09906399999999665,-0.04326933333333662,2025-10-10 01:12:20
2,1939,0.09906399999999665,-0.04326933333333662,2025-10-10 01:12:20
2,1940,0.09906399999999665,-0.04326933333333662,2025-10-10 01:12:20
2,1941,0.09906399999999665,-0.04326933333333662,2025-10-10 01:12:20
2,1942,0.09906399999999665,-0.04326933333333662,2025-10-10 01:12:20
2,1943,0.09906399999999665,-0.04326933333333662,2025-10-10 01:12:20
2,1944,0.09906399999999665,-0.04326933333333662,2025-10-10 01:12:20
2,1945,0.09906399999999665,-0.04326933333333662,2025-10-10 01:12:20
2,1946,0.09906399999999665,-0.04326933333333662,2025-10-10 01:12:20
2,1947,0.09906399999999665,-0.04326933333333662,2025-10-10 01:12:20
2,1948,0.09906399999999665,-0.04326933333333662,2025-10-10 01:12:20
2,1949,0.09906399999999665,-0.04326933333333662,2025-10-10 01:12:20
2,1950,0.09906399999999665,-0.04326933333333662,2025-10-10 01:12:20
2,1951,0.09906399999999665,-0.04326933333333662,2025-10-10 01:12:20
2,1952,0.09906399999999665,-0.04326933333333662,2025-10-10 01:12:20
2,1953,0.09906399999999665,-0.04326933333333662,2025-10-10 01:12:20
2,1954,0.09906399999999665,-0.04326933333333662,2025-10-10 01:12:20
2,1955,0.09906399999999665,-0.04326933333333662,2025-10-10 01:12:20
2,1956,0.09906399999999665,-0.04326933333333662,2025-10-10 01:12:20
2,1957,0.09906399999999665,-0.04326933333333662,2025-10-10 01:12:20
2,1958,0.09906399999999665,-0.04326933333333662,2025-10-10 01:12:20
2,1959,0.09906399999999665,-0.04326933333333662,2025-10-10 01:12:20
2,1960,0.09906399999999665,-0.04326933333333662,2025-10-10 01:12:20
2,1961,0.09906399999999665,-0.04326933333333662,2025-10-10 01:12:20
2,1962,0.09906399999999665,-0.04326933333333662,2025-10-10 01:12:20
2,1963,0.09906399999999665,-0.04326933333333662,2025-10-10 01:12:20
2,1964,0.09906399999999665,-0.04326933333333662,2025-10-10 01:12:20
2,1965,0.09906399999999665,-0.04326933333333662,2025-10-10 01:12:20
2,1966,0.09906399999999665,-0.04326933333333662,2025-10-10 01:12:20
2,1967,0.09906399999999665,-0.04326933333333662,2025-10-10 01:12:20
2,1968,0.09906399999999665,-0.04326933333333662,2025-10-10 01:12:20
2,1969,0.09906399999999665,-0.04326933333333662,2025-10-10 01:12:20
2,1970,0.09906399999999665,-0.04326933333333662,2025-10-10 01:12:20
2,1971,0.09906399999999665,-0.04326933333333662,2025-10-10 01:12:20
2,1972,0.09906399999999665,-0.04326933333333662,2025-10-10 01:12:20
2,1973,0.09906399999999665,-0.04326933333333662,2025-10-10 01:12:20
2,1974,0.09906399999999665,-0.04326933333333662,2025-10-10 01:12:20
2,1975,0.09906399999999665,-0.04326933333333662,2025-10-10 01:12:20
2,1976,0.09906399999999665,-0.04326933333333662,2025-10-10 01:12:20
2,1977,0.09906399999999665,-0.04326933333333662,2025-10-10 01:12:20
2,1978,0.09906399999999665,-0.04326933333333662,2025-10-10 01:12:20
2,1979,0.09906399999999665,-0.04326933333333662,2025-10-10 01:12:20
2,1980,0.09906399999999665,-0.04326933333333662,2025-10-10 01:12:20
2,1981,0.09906399999999665,-0.04326933333333662,2025-10-10 01:12:20
2,1982,0.09906399999999665,-0.04326933333333662,2025-10-10 01:12:20
2,1983,0.09906399999999665,-0.04326933333333662,2025-10-10 01:12:20
2,1984,0.09906399999999665,-0.04326933333333662,2025-10-10 01:12:20
2,1985,0.09906399999999665,-0.04326933333333662,2025-10-10 01:12:20
2,1986,0.09906399999999665,-0.04326933333333662,2025-10-10 01:12:20
2,1987,0.09906399999999665,-0.04326933333333662,2025-10-10 01:12:20
2,1988,0.09906399999999665,-0.04326933333333662,2025-10-10 01:12:20
2,1989,0.09906399999999665,-0.04326933333333662,2025-10-10 01:12:20
2,1990,0.09906399999999665,-0.04326933333333662,2025-10-10 01:12:20
2,1991,0.09906399999999665,-0.04326933333333662,2025-10-10 01:12:20
2,1992,0.09906399999999665,-0.04326933333333662,2025-10-10 01:12:20
2,1993,0.09906399999999665,-0.04326933333333662,2025-10-10 01:12:20
2,1994,0.09906399999999665,-0.04326933333333662,2025-10-10 01:12:20
2,1995,0.09906399999999665,-0.04326933333333662,2025-10-10 01:12:20
2,1996,0.09906399999999665,-0.04326933333333662,2025-10-10 01:12:20
2,1997,0.09906399999999665,-0.04326933333333662,2025-10-10 01:12:20
2,1998,0.09906399999999665,-0.04326933333333662,2025-10-10 01:12:20
2,1999,0.09906399999999665,-0.04326933333333662,2025-10-10 01:12:20
2,2000,0.09906399999999665,-0.04326933333333662,2025-10-10 01:12:20
2,2001,0.09906399999999665,-0.04326933333333662,2025-10-10 01:12:20
2,2002,0.09906399999999665,-0.04326933333333662,2025-10-10 01:12:20
2,2003,0.09906399999999665,-0.04326933333333662,2025-10-10 01:12:20
2,2004,0.09906399999999665,-0.04326933333333662,2025-10-10 01:12:20
2,2005,0.09906399999999665,-0.04326933333333662,2025-10-10 01:12:20
2,2006,0.09906399999999665,-0.04326933333333662,2025-10-10 01:12:20
2,2007,0.09906399999999665,-0.04326933333333662,2025-10-10 01:12:20
2,2008,0.09906399999999665,-0.04326933333333662,2025-10-10 01:12:20
2,2009,0.09906399999999665,-0.04326933333333662,2025-10-10 01:12:20
2,2010,0.09906399999999665,-0.04326933333333662,2025-10-10 01:12:20
2,2011,0.09906399999999665,-0.04326933333333662,2025-10-10 01:12:20
2,2012,0.09906399999999665,-0.04326933333333662,2025-10-10 01:12:20
2,2013,0.09906399999999665,-0.04326933333333662,2025-10-10 01:12:20
2,2014,0.09906399999999665,-0.04326933333333662,2025-10-10 01:12:20
2,2015,0.09906399999999665,-0.04326933333333662,2025-10-10 01:12:20
2,2016,0.09906399999999665,-0.04326933333333662,2025-10-10 01:12:20
2,2017,0.09906399999999665,-0.04326933333333662,2025-10-10 01:12:20
2,2018,0.09906399999999665,-0.04326933333333662,2025-10-10 01:12:20
2,2019,0.09906399999999665,-0.04326933333333662,2025-10-10 01:12:20
2,2020,0.09906399999999665,-0.04326933333333662,2025-10-10 01:12:20
2,2021,0.09906399999999665,-0.04326933333333662,2025-10-10 01:12:20
2,2022,0.09906399999999665,-0.04326933333333662,2025-10-10 01:12:20
2,2023,0.09906399999999665,-0.04326933333333662,2025-10-10 01:12:20
2,2024,0.09906399999999665,-0.04326933333333662,2025-10-10 01:12:20
2,2025,0.09906399999999665,-0.04326933333333662,2025-10-10 01:12:20
2,2026,0.09906399999999665,-0.04326933333333662,2025-10-10 01:12:20
2,2027,0.09906399999999665,-0.04326933333333662,2025-10-10 01:12:20
2,2028,0.09906399999999665,-0.04326933333333662,2025-10-10 01:12:20
2,2029,0.09906399999999665,-0.04326933333333662,2025-10-10 01:12:20
2,2030,0.09906399999999665,-0.04326933333333662,2025-10-10 01:12:20
2,2031,0.09906399999999665,-0.04326933333333662,2025-10-10 01:12:20
2,2032,0.09906399999999665,-0.04326933333333662,2025-10-10 01:12:20
2,2033,0.09906399999999665,-0.04326933333333662,2025-10-10 01:12:20
2,2034,0.09906399999999665,-0.04326933333333662,2025-10-10 01:12:20
2,2035,0.09906399999999665,-0.04326933333333662,2025-10-10 01:12:20
2,2036,0.09906399999999665,-0.04326933333333662,2025-10-10 01:12:20
2,2037,0.09906399999999665,-0.04326933333333662,2025-10-10 01:12:20
2,2038,0.09906399999999665,-0.04326933333333662,2025-10-10 01:12:20
2,2039,0.09906399999999665,-0.04326933333333662,2025-10-10 01:12:20
2,2040,0.09906399999999665,-0.04326933333333662,2025-10-10 01:12:20
2,2041,0.09906399999999665,-0.04326933333333662,2025-10-10 01:12:20
2,2042,0.09906399999999665,-0.04326933333333662,2025-10-10 01:12:20
2,2043,0.09906399999999665,-0.04326933333333662,2025-10-10 01:12:20
2,2044,0.09906399999999665,-0.04326933333333662,2025-10-10 01:12:20
2,2045,0.09906399999999665,-0.04326933333333662,2025-10-10 01:12:20
2,2046,0.09906399999999665,-0.04326933333333662,2025-10-10 01:12:20
2,2047,0.09906399999999665,-0.04326933333333662,2025-10-10 01:12:20
2,2048,0.09906399999999665,-0.04326933333333662,2025-10-10 01:12:20
2,2049,0.09906399999999665,-0.04326933333333662,2025-10-10 01:12:20
2,2050,0.09906399999999665,-0.04326933333333662,2025-10-10 01:12:20
2,2051,0.09906399999999665,-0.04326933333333662,2025-10-10 01:12:20
2,2052,0.09906399999999665,-0.04326933333333662,2025-10-10 01:12:20
2,2053,0.09906399999999665,-0.04326933333333662,2025-10-10 01:12:20
2,2054,0.09906399999999665,-0.04326933333333662,2025-10-10 01:12:20
2,2055,0.09906399999999665,-0.04326933333333662,2025-10-10 01:12:20
2,2056,0.09906399999999665,-0.04326933333333662,2025-10-10 01:12:20
2,2057,0.09906399999999665,-0.04326933333333662,2025-10-10 01:12:20
2,2058,0.09906399999999665,-0.04326933333333662,2025-10-10 01:12:20
2,2059,0.09906399999999665,-0.04326933333333662,2025-10-10 01:12:20
2,2060,0.09906399999999665,-0.04326933333333662,2025-10-10 01:12:20
2,2061,0.09906399999999665,-0.04326933333333662,2025-10-10 01:12:20
2,2062,0.09906399999999665,-0.04326933333333662,2025-10-10 01:12:20
2,2063,0.09906399999999665,-0.04326933333333662,2025-10-10 01:12:20
2,2064,0.09906399999999665,-0.04326933333333662,2025-10-10 01:12:20
2,2065,0.09906399999999665,-0.04326933333333662,2025-10-10 01:12:20
2,2066,0.09906399999999665,-0.04326933333333662,2025-10-10 01:12:20
2,2067,0.09906399999999665,-0.04326933333333662,2025-10-10 01:12:20
2,2068,0.09906399999999665,-0.04326933333333662,2025-10-10 01:12:20
2,2069,0.09906399999999665,-0.04326933333333662,2025-10-10 01:12:20
2,2070,0.09906399999999665,-0.04326933333333662,2025-10-10 01:12:20
2,2071,0.09906399999999665,-0.04326933333333662,2025-10-10 01:12:20
2,2072,0.09906399999999665,-0.04326933333333662,2025-10-10 01:12:20
2,2073,0.09906399999999665,-0.04326933333333662,2025-10-10 01:12:20
2,2074,0.09906399999999665,-0.04326933333333662,2025-10-10 01:12:20
2,2075,0.09906399999999665,-0.04326933333333662,2025-10-10 01:12:20
2,2076,0.09906399999999665,-0.04326933333333662,2025-10-10 01:12:20
2,2077,0.09906399999999665,-0.04326933333333662,2025-10-10 01:12:20
2,2078,0.09906399999999665,-0.04326933333333662,2025-10-10 01:12:20
2,2079,0.09906399999999665,-0.04326933333333662,2025-10-10 01:12:20
2,2080,0.09906399999999665,-0.04326933333333662,2025-10-10 01:12:20
2,2081,0.09906399999999665,-0.04326933333333662,2025-10-10 01:12:20
2,2082,0.09906399999999665,-0.04326933333333662,2025-10-10 01:12:20
2,2083,0.09906399999999665,-0.04326933333333662,2025-10-10 01:12:20
2,2084,0.09906399999999665,-0.04326933333333662,2025-10-10 01:12:20
2,2085,0.09906399999999665,-0.04326933333333662,2025-10-10 01:12:20
2,2086,0.09906399999999665,-0.04326933333333662,2025-10-10 01:12:20
2,2087,0.09906399999999665,-0.04326933333333662,2025-10-10 01:12:20
2,2088,0.09906399999999665,-0.04326933333333662,2025-10-10 01:12:20
2,2089,0.09906399999999665,-0.04326933333333662,2025-10-10 01:12:20
2,2090,0.09906399999999665,-0.04326933333333662,2025-10-10 01:12:20
2,2091,0.09906399999999665,-0.04326933333333662,2025-10-10 01:12:20
2,2092,0.09906399999999665,-0.04326933333333662,2025-10-10 01:12:20
2,2093,0.09906399999999665,-0.04326933333333662,2025-10-10 01:12:20
2,2094,0.09906399999999665,-0.04326933333333662,2025-10-10 01:12:20
2,2095,0.09906399999999665,-0.04326933333333662,2025-10-10 01:12:20
2,2096,0.09906399999999665,-0.04326933333333662,2025-10-10 01:12:20
2,2097,0.09906399999999665,-0.04326933333333662,2025-10-10 01:12:20
2,2098,0.09906399999999665,-0.04326933333333662,2025-10-10 01:12:20
2,2099,0.09906399999999665,-0.04326933333333662,2025-10-10 01:12:20
2,2100,0.09906399999999665,-0.04326933333333662,2025-10-10 01:12:20
2,2101,0.09906399999999665,-0.04326933333333662,2025-10-10 01:12:20
2,2102,0.09906399999999665,-0.04326933333333662,2025-10-10 01:12:20
2,2103,0.09906399999999665,-0.04326933333333662,2025-10-10 01:12:20
2,2104,0.09906399999999665,-0.04326933333333662,2025-10-10 01:12:20
2,2105,0.09906399999999665,-0.04326933333333662,2025-10-10 01:12:20
2,2106,0.09906399999999665,-0.04326933333333662,2025-10-10 01:12:20
2,2107,0.09906399999999665,-0.04326933333333662,2025-10-10 01:12:20
2,2108,0.09906399999999665,-0.04326933333333662,2025-10-10 01:12:20
2,2109,0.09906399999999665,-0.04326933333333662,2025-10-10 01:12:20
2,2110,0.09906399999999665,-0.04326933333333662,2025-10-10 01:12:20
2,2111,0.09906399999999665,-0.04326933333333662,2025-10-10 01:12:20
2,2112,0.09906399999999665,-0.04326933333333662,2025-10-10 01:12:20
2,2113,0.09906399999999665,-0.04326933333333662,2025-10-10 01:12:20
2,2114,0.09906399999999665,-0.04326933333333662,2025-10-10 01:12:20
2,2115,0.09906399999999665,-0.04326933333333662,2025-10-10 01:12:20
2,2116,0.09906399999999665,-0.04326933333333662,2025-10-10 01:12:20
2,2117,0.09906399999999665,-0.04326933333333662,2025-10-10 01:12:20
2,2118,0.09906399999999665,-0.04326933333333662,2025-10-10 01:12:20
2,2119,0.09906399999999665,-0.04326933333333662,2025-10-10 01:12:20
2,2120,0.09906399999999665,-0.04326933333333662,2025-10-10 01:12:20
2,2121,0.09906399999999665,-0.04326933333333662,2025-10-10 01:12:20
2,2122,0.09906399999999665,-0.04326933333333662,2025-10-10 01:12:20
2,2123,0.09906399999999665,-0.04326933333333662,2025-10-10 01:12:20
2,2124,0.09906399999999665,-0.04326933333333662,2025-10-10 01:12:20
2,2125,0.09906399999999665,-0.04326933333333662,2025-10-10 01:12:20
2,2126,0.09906399999999665,-0.04326933333333662,2025-10-10 01:12:20
2,2127,0.09906399999999665,-0.04326933333333662,2025-10-10 01:12:20
2,2128,0.09906399999999665,-0.04326933333333662,2025-10-10 01:12:20
2,2129,0.09906399999999665,-0.04326933333333662,2025-10-10 01:12:20
2,2130,0.09906399999999665,-0.04326933333333662,2025-10-10 01:12:20
2,2131,0.09906399999999665,-0.04326933333333662,2025-10-10 01:12:20
2,2132,0.09906399999999665,-0.04326933333333662,2025-10-10 01:12:20
2,2133,0.09906399999999665,-0.04326933333333662,2025-10-10 01:12:20
2,2134,0.09906399999999665,-0.04326933333333662,2025-10-10 01:12:20
2,2135,0.09906399999999665,-0.04326933333333662,2025-10-10 01:12:20
2,2136,0.09906399999999665,-0.04326933333333662,2025-10-10 01:12:20
2,2137,0.09906399999999665,-0.04326933333333662,2025-10-10 01:12:20
2,2138,0.09906399999999665,-0.04326933333333662,2025-10-10 01:12:20
2,2139,0.09906399999999665,-0.04326933333333662,2025-10-10 01:12:20
2,2140,0.09906399999999665,-0.04326933333333662,2025-10-10 01:12:20
2,2141,0.09906399999999665,-0.04326933333333662,2025-10-10 01:12:20
2,2142,0.09906399999999665,-0.04326933333333662,2025-10-10 01:12:20
2,2143,0.09906399999999665,-0.04326933333333662,2025-10-10 01:12:20
2,2144,0.09906399999999665,-0.04326933333333662,2025-10-10 01:12:20
2,2145,0.09906399999999665,-0.04326933333333662,2025-10-10 01:12:20
2,2146,0.09906399999999665,-0.04326933333333662,2025-10-10 01:12:20
2,2147,0.09906399999999665,-0.04326933333333662,2025-10-10 01:12:20
2,2148,0.09906399999999665,-0.04326933333333662,2025-10-10 01:12:20
2,2149,0.09906399999999665,-0.04326933333333662,2025-10-10 01:12:20
2,2150,0.09906399999999665,-0.04326933333333662,2025-10-10 01:12:20
2,2151,0.09906399999999665,-0.04326933333333662,2025-10-10 01:12:20
2,2152,0.09906399999999665,-0.04326933333333662,2025-10-10 01:12:20
2,2153,0.09906399999999665,-0.04326933333333662,2025-10-10 01:12:20
2,2154,0.09906399999999665,-0.04326933333333662,2025-10-10 01:12:20
2,2155,0.09906399999999665,-0.04326933333333662,2025-10-10 01:12:20
2,2156,0.09906399999999665,-0.04326933333333662,2025-10-10 01:12:20
2,2157,0.09906399999999665,-0.04326933333333662,2025-10-10 01:12:20
2,2158,0.09906399999999665,-0.04326933333333662,2025-10-10 01:12:20
2,2159,0.09906399999999665,-0.04326933333333662,2025-10-10 01:12:20
2,2160,0.09906399999999665,-0.04326933333333662,2025-10-10 01:12:20
2,2161,0.09906399999999665,-0.04326933333333662,2025-10-10 01:12:20
2,2162,0.09906399999999665,-0.04326933333333662,2025-10-10 01:12:20
2,2163,0.09906399999999665,-0.04326933333333662,2025-10-10 01:12:20
2,2164,0.09906399999999665,-0.04326933333333662,2025-10-10 01:12:20
2,2165,0.09906399999999665,-0.04326933333333662,2025-10-10 01:12:20
2,2166,0.09906399999999665,-0.04326933333333662,2025-10-10 01:12:20
2,2167,0.09906399999999665,-0.04326933333333662,2025-10-10 01:12:20
2,2168,0.09906399999999665,-0.04326933333333662,2025-10-10 01:12:20
2,2169,0.09906399999999665,-0.04326933333333662,2025-10-10 01:12:20
2,2170,0.09906399999999665,-0.04326933333333662,2025-10-10 01:12:20
2,2171,0.09906399999999665,-0.04326933333333662,2025-10-10 01:12:20
2,2172,0.09906399999999665,-0.04326933333333662,2025-10-10 01:12:20
2,2173,0.09906399999999665,-0.04326933333333662,2025-10-10 01:12:20
2,2174,0.09906399999999665,-0.04326933333333662,2025-10-10 01:12:20
2,2175,0.09906399999999665,-0.04326933333333662,2025-10-10 01:12:20
2,2176,0.09906399999999665,-0.04326933333333662,2025-10-10 01:12:20
2,2177,0.09906399999999665,-0.04326933333333662,2025-10-10 01:12:20
2,2178,0.09906399999999665,-0.04326933333333662,2025-10-10 01:12:20
2,2179,0.09906399999999665,-0.04326933333333662,2025-10-10 01:12:20
2,2180,0.09906399999999665,-0.04326933333333662,2025-10-10 01:12:20
2,2181,0.09906399999999665,-0.04326933333333662,2025-10-10 01:12:20
2,2182,0.09906399999999665,-0.04326933333333662,2025-10-10 01:12:20
2,2183,0.09906399999999665,-0.04326933333333662,2025-10-10 01:12:20
2,2184,0.09906399999999665,-0.04326933333333662,2025-10-10 01:12:20
2,2185,0.09906399999999665,-0.04326933333333662,2025-10-10 01:12:20
2,2186,0.09906399999999665,-0.04326933333333662,2025-10-10 01:12:20
2,2187,0.09906399999999665,-0.04326933333333662,2025-10-10 01:12:20
2,2188,0.09906399999999665,-0.04326933333333662,2025-10-10 01:12:20
2,2189,0.09906399999999665,-0.04326933333333662,2025-10-10 01:12:20
2,2190,0.09906399999999665,-0.04326933333333662,2025-10-10 01:12:20
2,2191,0.09906399999999665,-0.04326933333333662,2025-10-10 01:12:20
2,2192,0.09906399999999665,-0.04326933333333662,2025-10-10 01:12:20
2,2193,0.09906399999999665,-0.04326933333333662,2025-10-10 01:12:20
2,2194,0.09906399999999665,-0.04326933333333662,2025-10-10 01:12:20
2,2195,0.09906399999999665,-0.04326933333333662,2025-10-10 01:12:20
2,2196,0.09906399999999665,-0.04326933333333662,2025-10-10 01:12:20
2,2197,0.09906399999999665,-0.04326933333333662,2025-10-10 01:12:20
2,2198,0.09906399999999665,-0.04326933333333662,2025-10-10 01:12:20
2,2199,0.09906399999999665,-0.04326933333333662,2025-10-10 01:12:20
2,2200,0.09906399999999665,-0.04326933333333662,2025-10-10 01:12:20
2,2201,0.09906399999999665,-0.04326933333333662,2025-10-10 01:12:20
2,2202,0.09906399999999665,-0.04326933333333662,2025-10-10 01:12:20
2,2203,0.09906399999999665,-0.04326933333333662,2025-10-10 01:12:20
2,2204,0.09906399999999665,-0.04326933333333662,2025-10-10 01:12:20
2,2205,0.09906399999999665,-0.04326933333333662,2025-10-10 01:12:20
2,2206,0.09906399999999665,-0.04326933333333662,2025-10-10 01:12:20
2,2207,0.09906399999999665,-0.04326933333333662,2025-10-10 01:12:20
2,2208,0.09906399999999665,-0.04326933333333662,2025-10-10 01:12:20
2,2209,0.09906399999999665,-0.04326933333333662,2025-10-10 01:12:20
2,2210,0.09906399999999665,-0.04326933333333662,2025-10-10 01:12:20
2,2211,0.09906399999999665,-0.04326933333333662,2025-10-10 01:12:20
2,2212,0.09906399999999665,-0.04326933333333662,2025-10-10 01:12:20
2,2213,0.09906399999999665,-0.04326933333333662,2025-10-10 01:12:20
2,2214,0.09906399999999665,-0.04326933333333662,2025-10-10 01:12:20
2,2215,0.09906399999999665,-0.04326933333333662,2025-10-10 01:12:20
2,2216,0.09906399999999665,-0.04326933333333662,2025-10-10 01:12:20
2,2217,0.09906399999999665,-0.04326933333333662,2025-10-10 01:12:20
2,2218,0.09906399999999665,-0.04326933333333662,2025-10-10 01:12:20
2,2219,0.09906399999999665,-0.04326933333333662,2025-10-10 01:12:20
2,2220,0.09906399999999665,-0.04326933333333662,2025-10-10 01:12:20
2,2221,0.09906399999999665,-0.04326933333333662,2025-10-10 01:12:20
2,2222,0.09906399999999665,-0.04326933333333662,2025-10-10 01:12:20
2,2223,0.09906399999999665,-0.04326933333333662,2025-10-10 01:12:20
2,2224,0.09906399999999665,-0.04326933333333662,2025-10-10 01:12:20
2,2225,0.09906399999999665,-0.04326933333333662,2025-10-10 01:12:20
2,2226,0.09906399999999665,-0.04326933333333662,2025-10-10 01:12:20
2,2227,0.09906399999999665,-0.04326933333333662,2025-10-10 01:12:20
2,2228,0.09906399999999665,-0.04326933333333662,2025-10-10 01:12:20
2,2229,0.09906399999999665,-0.04326933333333662,2025-10-10 01:12:20
2,2230,0.09906399999999665,-0.04326933333333662,2025-10-10 01:12:20
2,2231,0.09906399999999665,-0.04326933333333662,2025-10-10 01:12:20
2,2232,0.09906399999999665,-0.04326933333333662,2025-10-10 01:12:20
2,2233,0.09906399999999665,-0.04326933333333662,2025-10-10 01:12:20
2,2234,0.09906399999999665,-0.04326933333333662,2025-10-10 01:12:20
2,2235,0.09906399999999665,-0.04326933333333662,2025-10-10 01:12:20
2,2236,0.09906399999999665,-0.04326933333333662,2025-10-10 01:12:20
2,2237,0.09906399999999665,-0.04326933333333662,2025-10-10 01:12:20
2,2238,0.09906399999999665,-0.04326933333333662,2025-10-10 01:12:20
2,2239,0.09906399999999665,-0.04326933333333662,2025-10-10 01:12:20
2,2240,0.09906399999999665,-0.04326933333333662,2025-10-10 01:12:20
2,2241,0.09906399999999665,-0.04326933333333662,2025-10-10 01:12:20
2,2242,0.09906399999999665,-0.04326933333333662,2025-10-10 01:12:20
2,2243,0.09906399999999665,-0.04326933333333662,2025-10-10 01:12:20
2,2244,0.09906399999999665,-0.04326933333333662,2025-10-10 01:12:20
2,2245,0.09906399999999665,-0.04326933333333662,2025-10-10 01:12:20
2,2246,0.09906399999999665,-0.04326933333333662,2025-10-10 01:12:20
2,2247,0.09906399999999665,-0.04326933333333662,2025-10-10 01:12:20
2,2248,0.09906399999999665,-0.04326933333333662,2025-10-10 01:12:20
2,2249,0.09906399999999665,-0.04326933333333662,2025-10-10 01:12:20
2,2250,0.09906399999999665,-0.04326933333333662,2025-10-10 01:12:20
2,2251,0.09906399999999665,-0.04326933333333662,2025-10-10 01:12:20
2,2252,0.09906399999999665,-0.04326933333333662,2025-10-10 01:12:20
2,2253,0.09906399999999665,-0.04326933333333662,2025-10-10 01:12:20
2,2254,0.09906399999999665,-0.04326933333333662,2025-10-10 01:12:20
2,2255,0.09906399999999665,-0.04326933333333662,2025-10-10 01:12:20
2,2256,0.09906399999999665,-0.04326933333333662,2025-10-10 01:12:20
2,2257,0.09906399999999665,-0.04326933333333662,2025-10-10 01:12:20
2,2258,0.09906399999999665,-0.04326933333333662,2025-10-10 01:12:20
2,2259,0.09906399999999665,-0.04326933333333662,2025-10-10 01:12:20
2,2260,0.09906399999999665,-0.04326933333333662,2025-10-10 01:12:20
2,2261,0.09906399999999665,-0.04326933333333662,2025-10-10 01:12:20
2,2262,0.09906399999999665,-0.04326933333333662,2025-10-10 01:12:20
2,2263,0.09906399999999665,-0.04326933333333662,2025-10-10 01:12:20
2,2264,0.09906399999999665,-0.04326933333333662,2025-10-10 01:12:20
2,2265,0.09906399999999665,-0.04326933333333662,2025-10-10 01:12:20
2,2266,0.09906399999999665,-0.04326933333333662,2025-10-10 01:12:20
2,2267,0.09906399999999665,-0.04326933333333662,2025-10-10 01:12:20
2,2268,0.09906399999999665,-0.04326933333333662,2025-10-10 01:12:20
2,2269,0.09906399999999665,-0.04326933333333662,2025-10-10 01:12:20
2,2270,0.09906399999999665,-0.04326933333333662,2025-10-10 01:12:20
2,2271,0.09906399999999665,-0.04326933333333662,2025-10-10 01:12:20
2,2272,0.09906399999999665,-0.04326933333333662,2025-10-10 01:12:20
2,2273,0.09906399999999665,-0.04326933333333662,2025-10-10 01:12:20
2,2274,0.09906399999999665,-0.04326933333333662,2025-10-10 01:12:20
2,2275,0.09906399999999665,-0.04326933333333662,2025-10-10 01:12:20
2,2276,0.09906399999999665,-0.04326933333333662,2025-10-10 01:12:20
2,2277,0.09906399999999665,-0.04326933333333662,2025-10-10 01:12:20
2,2278,0.09906399999999665,-0.04326933333333662,2025-10-10 01:12:20
2,2279,0.09906399999999665,-0.04326933333333662,2025-10-10 01:12:20
2,2280,0.09906399999999665,-0.04326933333333662,2025-10-10 01:12:20
2,2281,0.09906399999999665,-0.04326933333333662,2025-10-10 01:12:20
2,2282,0.09906399999999665,-0.04326933333333662,2025-10-10 01:12:20
2,2283,0.09906399999999665,-0.04326933333333662,2025-10-10 01:12:20
2,2284,0.09906399999999665,-0.04326933333333662,2025-10-10 01:12:20
2,2285,0.09906399999999665,-0.04326933333333662,2025-10-10 01:12:20
2,2286,0.09906399999999665,-0.04326933333333662,2025-10-10 01:12:20
2,2287,0.09906399999999665,-0.04326933333333662,2025-10-10 01:12:20
2,2288,0.09906399999999665,-0.04326933333333662,2025-10-10 01:12:20
2,2289,0.09906399999999665,-0.04326933333333662,2025-10-10 01:12:20
2,2290,0.09906399999999665,-0.04326933333333662,2025-10-10 01:12:20
2,2291,0.09906399999999665,-0.04326933333333662,2025-10-10 01:12:20
2,2292,0.09906399999999665,-0.04326933333333662,2025-10-10 01:12:20
2,2293,0.09906399999999665,-0.04326933333333662,2025-10-10 01:12:20
2,2294,0.09906399999999665,-0.04326933333333662,2025-10-10 01:12:20
2,2295,0.09906399999999665,-0.04326933333333662,2025-10-10 01:12:20
2,2296,0.09906399999999665,-0.04326933333333662,2025-10-10 01:12:20
2,2297,0.09906399999999665,-0.04326933333333662,2025-10-10 01:12:20
2,2298,0.09906399999999665,-0.04326933333333662,2025-10-10 01:12:20
2,2299,0.09906399999999665,-0.04326933333333662,2025-10-10 01:12:20
2,2300,0.09906399999999665,-0.04326933333333662,2025-10-10 01:12:20
2,2301,0.09906399999999665,-0.04326933333333662,2025-10-10 01:12:20
2,2302,0.09906399999999665,-0.04326933333333662,2025-10-10 01:12:20
2,2303,0.09906399999999665,-0.04326933333333662,2025-10-10 01:12:20
2,2304,0.09906399999999665,-0.04326933333333662,2025-10-10 01:12:20
2,2305,0.09906399999999665,-0.04326933333333662,2025-10-10 01:12:20
2,2306,0.09906399999999665,-0.04326933333333662,2025-10-10 01:12:20
2,2307,0.09906399999999665,-0.04326933333333662,2025-10-10 01:12:20
2,2308,0.09906399999999665,-0.04326933333333662,2025-10-10 01:12:20
2,2309,0.09906399999999665,-0.04326933333333662,2025-10-10 01:12:20
2,2310,0.09906399999999665,-0.04326933333333662,2025-10-10 01:12:20
2,2311,0.09906399999999665,-0.04326933333333662,2025-10-10 01:12:20
2,2312,0.09906399999999665,-0.04326933333333662,2025-10-10 01:12:20
2,2313,0.09906399999999665,-0.04326933333333662,2025-10-10 01:12:20
2,2314,0.09906399999999665,-0.04326933333333662,2025-10-10 01:12:20
2,2315,0.09906399999999665,-0.04326933333333662,2025-10-10 01:12:20
2,2316,0.09906399999999665,-0.04326933333333662,2025-10-10 01:12:20
2,2317,0.09906399999999665,-0.04326933333333662,2025-10-10 01:12:20
2,2318,0.09906399999999665,-0.04326933333333662,2025-10-10 01:12:20
2,2319,0.09906399999999665,-0.04326933333333662,2025-10-10 01:12:20
2,2320,0.09906399999999665,-0.04326933333333662,2025-10-10 01:12:20
2,2321,0.09906399999999665,-0.04326933333333662,2025-10-10 01:12:20
2,2322,0.09906399999999665,-0.04326933333333662,2025-10-10 01:12:20
2,2323,0.09906399999999665,-0.04326933333333662,2025-10-10 01:12:20
2,2324,0.09906399999999665,-0.04326933333333662,2025-10-10 01:12:20
2,2325,0.09906399999999665,-0.04326933333333662,2025-10-10 01:12:20
2,2326,0.09906399999999665,-0.04326933333333662,2025-10-10 01:12:20
2,2327,0.09906399999999665,-0.04326933333333662,2025-10-10 01:12:20
2,2328,0.09906399999999665,-0.04326933333333662,2025-10-10 01:12:20
2,2329,0.09906399999999665,-0.04326933333333662,2025-10-10 01:12:20
2,2330,0.09906399999999665,-0.04326933333333662,2025-10-10 01:12:20
2,2331,0.09906399999999665,-0.04326933333333662,2025-10-10 01:12:20
2,2332,0.09906399999999665,-0.04326933333333662,2025-10-10 01:12:20
2,2333,0.09906399999999665,-0.04326933333333662,2025-10-10 01:12:20
2,2334,0.09906399999999665,-0.04326933333333662,2025-10-10 01:12:20
2,2335,0.09906399999999665,-0.04326933333333662,2025-10-10 01:12:20
2,2336,0.09906399999999665,-0.04326933333333662,2025-10-10 01:12:20
2,2337,0.09906399999999665,-0.04326933333333662,2025-10-10 01:12:20
2,2338,0.09906399999999665,-0.04326933333333662,2025-10-10 01:12:20
2,2339,0.09906399999999665,-0.04326933333333662,2025-10-10 01:12:20
2,2340,0.09906399999999665,-0.04326933333333662,2025-10-10 01:12:20
2,2341,0.09906399999999665,-0.04326933333333662,2025-10-10 01:12:20
2,2342,0.09906399999999665,-0.04326933333333662,2025-10-10 01:12:20
2,2343,0.09906399999999665,-0.04326933333333662,2025-10-10 01:12:20
2,2344,0.09906399999999665,-0.04326933333333662,2025-10-10 01:12:20
2,2345,0.09906399999999665,-0.04326933333333662,2025-10-10 01:12:20
2,2346,0.09906399999999665,-0.04326933333333662,2025-10-10 01:12:20
2,2347,0.09906399999999665,-0.04326933333333662,2025-10-10 01:12:20
2,2348,0.09906399999999665,-0.04326933333333662,2025-10-10 01:12:20
2,2349,0.09906399999999665,-0.04326933333333662,2025-10-10 01:12:20
2,2350,0.09906399999999665,-0.04326933333333662,2025-10-10 01:12:20
2,2351,0.09906399999999665,-0.04326933333333662,2025-10-10 01:12:20
2,2352,0.09906399999999665,-0.04326933333333662,2025-10-10 01:12:20
2,2353,0.09906399999999665,-0.04326933333333662,2025-10-10 01:12:20
2,2354,0.09906399999999665,-0.04326933333333662,2025-10-10 01:12:20
2,2355,0.09906399999999665,-0.04326933333333662,2025-10-10 01:12:20
2,2356,0.09906399999999665,-0.04326933333333662,2025-10-10 01:12:20
2,2357,0.09906399999999665,-0.04326933333333662,2025-10-10 01:12:20
2,2358,0.09906399999999665,-0.04326933333333662,2025-10-10 01:12:20
2,2359,0.09906399999999665,-0.04326933333333662,2025-10-10 01:12:20
2,2360,0.09906399999999665,-0.04326933333333662,2025-10-10 01:12:20
2,2361,0.09906399999999665,-0.04326933333333662,2025-10-10 01:12:20
2,2362,0.09906399999999665,-0.04326933333333662,2025-10-10 01:12:20
2,2363,0.09906399999999665,-0.04326933333333662,2025-10-10 01:12:20
2,2364,0.09906399999999665,-0.04326933333333662,2025-10-10 01:12:20
2,2365,0.09906399999999665,-0.04326933333333662,2025-10-10 01:12:20
2,2366,0.09906399999999665,-0.04326933333333662,2025-10-10 01:12:20
2,2367,0.09906399999999665,-0.04326933333333662,2025-10-10 01:12:20
2,2368,0.09906399999999665,-0.04326933333333662,2025-10-10 01:12:20
2,2369,0.09906399999999665,-0.04326933333333662,2025-10-10 01:12:20
2,2370,0.09906399999999665,-0.04326933333333662,2025-10-10 01:12:20
2,2371,0.09906399999999665,-0.04326933333333662,2025-10-10 01:12:20
2,2372,0.09906399999999665,-0.04326933333333662,2025-10-10 01:12:20
2,2373,0.09906399999999665,-0.04326933333333662,2025-10-10 01:12:20
2,2374,0.09906399999999665,-0.04326933333333662,2025-10-10 01:12:20
2,2375,0.09906399999999665,-0.04326933333333662,2025-10-10 01:12:20
2,2376,0.09906399999999665,-0.04326933333333662,2025-10-10 01:12:20
2,2377,0.09906399999999665,-0.04326933333333662,2025-10-10 01:12:20
2,2378,0.09906399999999665,-0.04326933333333662,2025-10-10 01:12:20
2,2379,0.09906399999999665,-0.04326933333333662,2025-10-10 01:12:20
2,2380,0.09906399999999665,-0.04326933333333662,2025-10-10 01:12:20
2,2381,0.09906399999999665,-0.04326933333333662,2025-10-10 01:12:20
2,2382,0.09906399999999665,-0.04326933333333662,2025-10-10 01:12:20
2,2383,0.09906399999999665,-0.04326933333333662,2025-10-10 01:12:20
2,2384,0.09906399999999665,-0.04326933333333662,2025-10-10 01:12:20
2,2385,0.09906399999999665,-0.04326933333333662,2025-10-10 01:12:20
2,2386,0.09906399999999665,-0.04326933333333662,2025-10-10 01:12:20
2,2387,0.09906399999999665,-0.04326933333333662,2025-10-10 01:12:20
2,2388,0.09906399999999665,-0.04326933333333662,2025-10-10 01:12:20
2,2389,0.09906399999999665,-0.04326933333333662,2025-10-10 01:12:20
2,2390,0.09906399999999665,-0.04326933333333662,2025-10-10 01:12:20
2,2391,0.09906399999999665,-0.04326933333333662,2025-10-10 01:12:20
2,2392,0.09906399999999665,-0.04326933333333662,2025-10-10 01:12:20
2,2393,0.09906399999999665,-0.04326933333333662,2025-10-10 01:12:20
2,2394,0.09906399999999665,-0.04326933333333662,2025-10-10 01:12:20
2,2395,0.09906399999999665,-0.04326933333333662,2025-10-10 01:12:20
2,2396,0.09906399999999665,-0.04326933333333662,2025-10-10 01:12:20
2,2397,0.09906399999999665,-0.04326933333333662,2025-10-10 01:12:20
2,2398,0.09906399999999665,-0.04326933333333662,2025-10-10 01:12:20
2,2399,0.09906399999999665,-0.04326933333333662,2025-10-10 01:12:20
2,2400,0.09906399999999665,-0.04326933333333662,2025-10-10 01:12:20
2,2401,0.09906399999999665,-0.04326933333333662,2025-10-10 01:12:20
2,2402,0.09906399999999665,-0.04326933333333662,2025-10-10 01:12:20
2,2403,0.09906399999999665,-0.04326933333333662,2025-10-10 01:12:20
2,2404,0.09906399999999665,-0.04326933333333662,2025-10-10 01:12:20
2,2405,0.09906399999999665,-0.04326933333333662,2025-10-10 01:12:20
2,2406,0.09906399999999665,-0.04326933333333662,2025-10-10 01:12:20
2,2407,0.09906399999999665,-0.04326933333333662,2025-10-10 01:12:20
2,2408,0.09906399999999665,-0.04326933333333662,2025-10-10 01:12:20
2,2409,0.09906399999999665,-0.04326933333333662,2025-10-10 01:12:20
2,2410,0.09906399999999665,-0.04326933333333662,2025-10-10 01:12:20
2,2411,0.09906399999999665,-0.04326933333333662,2025-10-10 01:12:20
2,2412,0.09906399999999665,-0.04326933333333662,2025-10-10 01:12:20
2,2413,0.09906399999999665,-0.04326933333333662,2025-10-10 01:12:20
2,2414,0.09906399999999665,-0.04326933333333662,2025-10-10 01:12:20
2,2415,0.09906399999999665,-0.04326933333333662,2025-10-10 01:12:20
2,2416,0.09906399999999665,-0.04326933333333662,2025-10-10 01:12:20
2,2417,0.09906399999999665,-0.04326933333333662,2025-10-10 01:12:20
2,2418,0.09906399999999665,-0.04326933333333662,2025-10-10 01:12:20
2,2419,0.09906399999999665,-0.04326933333333662,2025-10-10 01:12:20
2,2420,0.09906399999999665,-0.04326933333333662,2025-10-10 01:12:20
2,2421,0.09906399999999665,-0.04326933333333662,2025-10-10 01:12:20
2,2422,0.09906399999999665,-0.04326933333333662,2025-10-10 01:12:20
2,2423,0.09906399999999665,-0.04326933333333662,2025-10-10 01:12:20
2,2424,0.09906399999999665,-0.04326933333333662,2025-10-10 01:12:20
2,2425,0.09906399999999665,-0.04326933333333662,2025-10-10 01:12:20
2,2426,0.09906399999999665,-0.04326933333333662,2025-10-10 01:12:20
2,2427,0.09906399999999665,-0.04326933333333662,2025-10-10 01:12:20
2,2428,0.09906399999999665,-0.04326933333333662,2025-10-10 01:12:20
2,2429,0.09906399999999665,-0.04326933333333662,2025-10-10 01:12:20
2,2430,0.09906399999999665,-0.04326933333333662,2025-10-10 01:12:20
2,2431,0.09906399999999665,-0.04326933333333662,2025-10-10 01:12:20
2,2432,0.09906399999999665,-0.04326933333333662,2025-10-10 01:12:20
2,2433,0.09906399999999665,-0.04326933333333662,2025-10-10 01:12:20
2,2434,0.09906399999999665,-0.04326933333333662,2025-10-10 01:12:20
2,2435,0.09906399999999665,-0.04326933333333662,2025-10-10 01:12:20
2,2436,0.09906399999999665,-0.04326933333333662,2025-10-10 01:12:20
2,2437,0.09906399999999665,-0.04326933333333662,2025-10-10 01:12:20
2,2438,0.09906399999999665,-0.04326933333333662,2025-10-10 01:12:20
2,2439,0.09906399999999665,-0.04326933333333662,2025-10-10 01:12:20
2,2440,0.09906399999999665,-0.04326933333333662,2025-10-10 01:12:20
2,2441,0.09906399999999665,-0.04326933333333662,2025-10-10 01:12:20
2,2442,0.09906399999999665,-0.04326933333333662,2025-10-10 01:12:20
2,2443,0.09906399999999665,-0.04326933333333662,2025-10-10 01:12:20
2,2444,0.09906399999999665,-0.04326933333333662,2025-10-10 01:12:20
2,2445,0.09906399999999665,-0.04326933333333662,2025-10-10 01:12:20
2,2446,0.09906399999999665,-0.04326933333333662,2025-10-10 01:12:20
2,2447,0.09906399999999665,-0.04326933333333662,2025-10-10 01:12:20
2,2448,0.09906399999999665,-0.04326933333333662,2025-10-10 01:12:20
2,2449,0.09906399999999665,-0.04326933333333662,2025-10-10 01:12:20
2,2450,0.09906399999999665,-0.04326933333333662,2025-10-10 01:12:20
2,2451,0.09906399999999665,-0.04326933333333662,2025-10-10 01:12:20
2,2452,0.09906399999999665,-0.04326933333333662,2025-10-10 01:12:20
2,2453,0.09906399999999665,-0.04326933333333662,2025-10-10 01:12:20
2,2454,0.09906399999999665,-0.04326933333333662,2025-10-10 01:12:20
2,2455,0.09906399999999665,-0.04326933333333662,2025-10-10 01:12:20
2,2456,0.09906399999999665,-0.04326933333333662,2025-10-10 01:12:20
2,2457,0.09906399999999665,-0.04326933333333662,2025-10-10 01:12:20
2,2458,0.09906399999999665,-0.04326933333333662,2025-10-10 01:12:20
2,2459,0.09906399999999665,-0.04326933333333662,2025-10-10 01:12:20
2,2460,0.09906399999999665,-0.04326933333333662,2025-10-10 01:12:20
2,2461,0.09906399999999665,-0.04326933333333662,2025-10-10 01:12:20
2,2462,0.09906399999999665,-0.04326933333333662,2025-10-10 01:12:20
2,2463,0.09906399999999665,-0.04326933333333662,2025-10-10 01:12:20
2,2464,0.09906399999999665,-0.04326933333333662,2025-10-10 01:12:20
2,2465,0.09906399999999665,-0.04326933333333662,2025-10-10 01:12:20
2,2466,0.09906399999999665,-0.04326933333333662,2025-10-10 01:12:20
2,2467,0.09906399999999665,-0.04326933333333662,2025-10-10 01:12:20
2,2468,0.09906399999999665,-0.04326933333333662,2025-10-10 01:12:20
2,2469,0.09906399999999665,-0.04326933333333662,2025-10-10 01:12:20
2,2470,0.09906399999999665,-0.04326933333333662,2025-10-10 01:12:20
2,2471,0.09906399999999665,-0.04326933333333662,2025-10-10 01:12:20
2,2472,0.09906399999999665,-0.04326933333333662,2025-10-10 01:12:20
2,2473,0.09906399999999665,-0.04326933333333662,2025-10-10 01:12:20
2,2474,0.09906399999999665,-0.04326933333333662,2025-10-10 01:12:20
2,2475,0.09906399999999665,-0.04326933333333662,2025-10-10 01:12:20
2,2476,0.09906399999999665,-0.04326933333333662,2025-10-10 01:12:20
2,2477,0.09906399999999665,-0.04326933333333662,2025-10-10 01:12:20
2,2478,0.09906399999999665,-0.04326933333333662,2025-10-10 01:12:20
2,2479,0.09906399999999665,-0.04326933333333662,2025-10-10 01:12:20
2,2480,0.09906399999999665,-0.04326933333333662,2025-10-10 01:12:20
2,2481,0.09906399999999665,-0.04326933333333662,2025-10-10 01:12:20
2,2482,0.09906399999999665,-0.04326933333333662,2025-10-10 01:12:20
2,2483,0.09906399999999665,-0.04326933333333662,2025-10-10 01:12:20
2,2484,0.09906399999999665,-0.04326933333333662,2025-10-10 01:12:20
2,2485,0.09906399999999665,-0.04326933333333662,2025-10-10 01:12:20
2,2486,0.09906399999999665,-0.04326933333333662,2025-10-10 01:12:20
2,2487,0.09906399999999665,-0.04326933333333662,2025-10-10 01:12:20
2,2488,0.09906399999999665,-0.04326933333333662,2025-10-10 01:12:20
2,2489,0.09906399999999665,-0.04326933333333662,2025-10-10 01:12:20
2,2490,0.09906399999999665,-0.04326933333333662,2025-10-10 01:12:20
2,2491,0.09906399999999665,-0.04326933333333662,2025-10-10 01:12:20
2,2492,0.09906399999999665,-0.04326933333333662,2025-10-10 01:12:20
2,2493,0.09906399999999665,-0.04326933333333662,2025-10-10 01:12:20
2,2494,0.09906399999999665,-0.04326933333333662,2025-10-10 01:12:20
2,2495,0.09906399999999665,-0.04326933333333662,2025-10-10 01:12:20
2,2496,0.09906399999999665,-0.04326933333333662,2025-10-10 01:12:20
2,2497,0.09906399999999665,-0.04326933333333662,2025-10-10 01:12:20
2,2498,0.09906399999999665,-0.04326933333333662,2025-10-10 01:12:20
2,2499,0.09906399999999665,-0.04326933333333662,2025-10-10 01:12:20
2,2500,0.09906399999999665,-0.04326933333333662,2025-10-10 01:12:20
2,2501,0.09906399999999665,-0.04326933333333662,2025-10-10 01:12:20
2,2502,0.09906399999999665,-0.04326933333333662,2025-10-10 01:12:20
2,2503,0.09906399999999665,-0.04326933333333662,2025-10-10 01:12:20
2,2504,0.09906399999999665,-0.04326933333333662,2025-10-10 01:12:20
2,2505,0.09906399999999665,-0.04326933333333662,2025-10-10 01:12:20
2,2506,0.09906399999999665,-0.04326933333333662,2025-10-10 01:12:20
2,2507,0.09906399999999665,-0.04326933333333662,2025-10-10 01:12:20
2,2508,0.09906399999999665,-0.04326933333333662,2025-10-10 01:12:20
2,2509,0.09906399999999665,-0.04326933333333662,2025-10-10 01:12:20
2,2510,0.09906399999999665,-0.04326933333333662,2025-10-10 01:12:20
2,2511,0.09906399999999665,-0.04326933333333662,2025-10-10 01:12:20
2,2512,0.09906399999999665,-0.04326933333333662,2025-10-10 01:12:20
2,2513,0.09906399999999665,-0.04326933333333662,2025-10-10 01:12:20
2,2514,0.09906399999999665,-0.04326933333333662,2025-10-10 01:12:20
2,2515,0.09906399999999665,-0.04326933333333662,2025-10-10 01:12:20
2,2516,0.09906399999999665,-0.04326933333333662,2025-10-10 01:12:20
2,2517,0.09906399999999665,-0.04326933333333662,2025-10-10 01:12:20
2,2518,0.09906399999999665,-0.04326933333333662,2025-10-10 01:12:20
2,2519,0.09906399999999665,-0.04326933333333662,2025-10-10 01:12:20
2,2520,0.09906399999999665,-0.04326933333333662,2025-10-10 01:12:20
2,2521,0.09906399999999665,-0.04326933333333662,2025-10-10 01:12:20
2,2522,0.09906399999999665,-0.04326933333333662,2025-10-10 01:12:20
2,2523,0.09906399999999665,-0.04326933333333662,2025-10-10 01:12:20
2,2524,0.09906399999999665,-0.04326933333333662,2025-10-10 01:12:20
2,2525,0.09906399999999665,-0.04326933333333662,2025-10-10 01:12:20
2,2526,0.09906399999999665,-0.04326933333333662,2025-10-10 01:12:20
2,2527,0.09906399999999665,-0.04326933333333662,2025-10-10 01:12:20
2,2528,0.09906399999999665,-0.04326933333333662,2025-10-10 01:12:20
2,2529,0.09906399999999665,-0.04326933333333662,2025-10-10 01:12:20
2,2530,0.09906399999999665,-0.04326933333333662,2025-10-10 01:12:20
2,2531,0.09906399999999665,-0.04326933333333662,2025-10-10 01:12:20
2,2532,0.09906399999999665,-0.04326933333333662,2025-10-10 01:12:20
2,2533,0.09906399999999665,-0.04326933333333662,2025-10-10 01:12:20
2,2534,0.09906399999999665,-0.04326933333333662,2025-10-10 01:12:20
2,2535,0.09906399999999665,-0.04326933333333662,2025-10-10 01:12:20
2,2536,0.09906399999999665,-0.04326933333333662,2025-10-10 01:12:20
2,2537,0.09906399999999665,-0.04326933333333662,2025-10-10 01:12:20
2,2538,0.09906399999999665,-0.04326933333333662,2025-10-10 01:12:20
2,2539,0.09906399999999665,-0.04326933333333662,2025-10-10 01:12:20
2,2540,0.09906399999999665,-0.04326933333333662,2025-10-10 01:12:20
2,2541,0.09906399999999665,-0.04326933333333662,2025-10-10 01:12:20
2,2542,0.09906399999999665,-0.04326933333333662,2025-10-10 01:12:20
2,2543,0.09906399999999665,-0.04326933333333662,2025-10-10 01:12:20
2,2544,0.09906399999999665,-0.04326933333333662,2025-10-10 01:12:20
2,2545,0.09906399999999665,-0.04326933333333662,2025-10-10 01:12:20
2,2546,0.09906399999999665,-0.04326933333333662,2025-10-10 01:12:20
2,2547,0.09906399999999665,-0.04326933333333662,2025-10-10 01:12:20
2,2548,0.09906399999999665,-0.04326933333333662,2025-10-10 01:12:20
2,2549,0.09906399999999665,-0.04326933333333662,2025-10-10 01:12:20
2,2550,0.09906399999999665,-0.04326933333333662,2025-10-10 01:12:20
2,2551,0.09906399999999665,-0.04326933333333662,2025-10-10 01:12:20
2,2552,0.09906399999999665,-0.04326933333333662,2025-10-10 01:12:20
2,2553,0.09906399999999665,-0.04326933333333662,2025-10-10 01:12:20
2,2554,0.09906399999999665,-0.04326933333333662,2025-10-10 01:12:20
2,2555,0.09906399999999665,-0.04326933333333662,2025-10-10 01:12:20
2,2556,0.09906399999999665,-0.04326933333333662,2025-10-10 01:12:20
2,2557,0.09906399999999665,-0.04326933333333662,2025-10-10 01:12:20
2,2558,0.09906399999999665,-0.04326933333333662,2025-10-10 01:12:20
2,2559,0.09906399999999665,-0.04326933333333662,2025-10-10 01:12:20
2,2560,0.09906399999999665,-0.04326933333333662,2025-10-10 01:12:20
2,2561,0.09906399999999665,-0.04326933333333662,2025-10-10 01:12:20
2,2562,0.09906399999999665,-0.04326933333333662,2025-10-10 01:12:20
2,2563,0.09906399999999665,-0.04326933333333662,2025-10-10 01:12:20
2,2564,0.09906399999999665,-0.04326933333333662,2025-10-10 01:12:20
2,2565,0.09906399999999665,-0.04326933333333662,2025-10-10 01:12:20
2,2566,0.09906399999999665,-0.04326933333333662,2025-10-10 01:12:20
2,2567,0.09906399999999665,-0.04326933333333662,2025-10-10 01:12:20
2,2568,0.09906399999999665,-0.04326933333333662,2025-10-10 01:12:20
2,2569,0.09906399999999665,-0.04326933333333662,2025-10-10 01:12:20
2,2570,0.09906399999999665,-0.04326933333333662,2025-10-10 01:12:20
2,2571,0.09906399999999665,-0.04326933333333662,2025-10-10 01:12:20
2,2572,0.09906399999999665,-0.04326933333333662,2025-10-10 01:12:20
2,2573,0.09906399999999665,-0.04326933333333662,2025-10-10 01:12:20
2,2574,0.09906399999999665,-0.04326933333333662,2025-10-10 01:12:20
2,2575,0.09906399999999665,-0.04326933333333662,2025-10-10 01:12:20
2,2576,0.09906399999999665,-0.04326933333333662,2025-10-10 01:12:20
2,2577,0.09906399999999665,-0.04326933333333662,2025-10-10 01:12:20
2,2578,0.09906399999999665,-0.04326933333333662,2025-10-10 01:12:20
2,2579,0.09906399999999665,-0.04326933333333662,2025-10-10 01:12:20
2,2580,0.09906399999999665,-0.04326933333333662,2025-10-10 01:12:20
2,2581,0.09906399999999665,-0.04326933333333662,2025-10-10 01:12:20
2,2582,0.09906399999999665,-0.04326933333333662,2025-10-10 01:12:20
2,2583,0.09906399999999665,-0.04326933333333662,2025-10-10 01:12:20
2,2584,0.09906399999999665,-0.04326933333333662,2025-10-10 01:12:20
2,2585,0.09906399999999665,-0.04326933333333662,2025-10-10 01:12:20
2,2586,0.09906399999999665,-0.04326933333333662,2025-10-10 01:12:20
2,2587,0.09906399999999665,-0.04326933333333662,2025-10-10 01:12:20
2,2588,0.09906399999999665,-0.04326933333333662,2025-10-10 01:12:20
2,2589,0.09906399999999665,-0.04326933333333662,2025-10-10 01:12:20
2,2590,0.09906399999999665,-0.04326933333333662,2025-10-10 01:12:20
2,2591,0.09906399999999665,-0.04326933333333662,2025-10-10 01:12:20
2,2592,0.09906399999999665,-0.04326933333333662,2025-10-10 01:12:20
2,2593,0.09906399999999665,-0.04326933333333662,2025-10-10 01:12:20
2,2594,0.09906399999999665,-0.04326933333333662,2025-10-10 01:12:20
2,2595,0.09906399999999665,-0.04326933333333662,2025-10-10 01:12:20
2,2596,0.09906399999999665,-0.04326933333333662,2025-10-10 01:12:20
2,2597,0.09906399999999665,-0.04326933333333662,2025-10-10 01:12:20
2,2598,0.09906399999999665,-0.04326933333333662,2025-10-10 01:12:20
2,2599,0.09906399999999665,-0.04326933333333662,2025-10-10 01:12:20
2,2600,0.09906399999999665,-0.04326933333333662,2025-10-10 01:12:20
2,2601,0.09906399999999665,-0.04326933333333662,2025-10-10 01:12:20
2,2602,0.09906399999999665,-0.04326933333333662,2025-10-10 01:12:20
2,2603,0.09906399999999665,-0.04326933333333662,2025-10-10 01:12:20
2,2604,0.09906399999999665,-0.04326933333333662,2025-10-10 01:12:20
2,2605,0.09906399999999665,-0.04326933333333662,2025-10-10 01:12:20
2,2606,0.09906399999999665,-0.04326933333333662,2025-10-10 01:12:20
2,2607,0.09906399999999665,-0.04326933333333662,2025-10-10 01:12:20
2,2608,0.09906399999999665,-0.04326933333333662,2025-10-10 01:12:20
2,2609,0.09906399999999665,-0.04326933333333662,2025-10-10 01:12:20
2,2610,0.09906399999999665,-0.04326933333333662,2025-10-10 01:12:20
2,2611,0.09906399999999665,-0.04326933333333662,2025-10-10 01:12:20
2,2612,0.09906399999999665,-0.04326933333333662,2025-10-10 01:12:20
2,2613,0.09906399999999665,-0.04326933333333662,2025-10-10 01:12:20
2,2614,0.09906399999999665,-0.04326933333333662,2025-10-10 01:12:20
2,2615,0.09906399999999665,-0.04326933333333662,2025-10-10 01:12:20
2,2616,0.09906399999999665,-0.04326933333333662,2025-10-10 01:12:20
2,2617,0.09906399999999665,-0.04326933333333662,2025-10-10 01:12:20
2,2618,0.09906399999999665,-0.04326933333333662,2025-10-10 01:12:20
2,2619,0.09906399999999665,-0.04326933333333662,2025-10-10 01:12:20
2,2620,0.09906399999999665,-0.04326933333333662,2025-10-10 01:12:20
2,2621,0.09906399999999665,-0.04326933333333662,2025-10-10 01:12:20
2,2622,0.09906399999999665,-0.04326933333333662,2025-10-10 01:12:20
2,2623,0.09906399999999665,-0.04326933333333662,2025-10-10 01:12:20
2,2624,0.09906399999999665,-0.04326933333333662,2025-10-10 01:12:20
2,2625,0.09906399999999665,-0.04326933333333662,2025-10-10 01:12:20
2,2626,0.09906399999999665,-0.04326933333333662,2025-10-10 01:12:20
2,2627,0.09906399999999665,-0.04326933333333662,2025-10-10 01:12:20
2,2628,0.09906399999999665,-0.04326933333333662,2025-10-10 01:12:20
2,2629,0.09906399999999665,-0.04326933333333662,2025-10-10 01:12:20
2,2630,0.09906399999999665,-0.04326933333333662,2025-10-10 01:12:20
2,2631,0.09906399999999665,-0.04326933333333662,2025-10-10 01:12:20
2,2632,0.09906399999999665,-0.04326933333333662,2025-10-10 01:12:20
2,2633,0.09906399999999665,-0.04326933333333662,2025-10-10 01:12:20
2,2634,0.09906399999999665,-0.04326933333333662,2025-10-10 01:12:20
2,2635,0.09906399999999665,-0.04326933333333662,2025-10-10 01:12:20
2,2636,0.09906399999999665,-0.04326933333333662,2025-10-10 01:12:20
2,2637,0.09906399999999665,-0.04326933333333662,2025-10-10 01:12:20
2,2638,0.09906399999999665,-0.04326933333333662,2025-10-10 01:12:20
2,2639,0.09906399999999665,-0.04326933333333662,2025-10-10 01:12:20
2,2640,0.09906399999999665,-0.04326933333333662,2025-10-10 01:12:20
2,2641,0.09906399999999665,-0.04326933333333662,2025-10-10 01:12:20
2,2642,0.09906399999999665,-0.04326933333333662,2025-10-10 01:12:20
2,2643,0.09906399999999665,-0.04326933333333662,2025-10-10 01:12:20
2,2644,0.09906399999999665,-0.04326933333333662,2025-10-10 01:12:20
2,2645,0.09906399999999665,-0.04326933333333662,2025-10-10 01:12:20
2,2646,0.09906399999999665,-0.04326933333333662,2025-10-10 01:12:20
2,2647,0.09906399999999665,-0.04326933333333662,2025-10-10 01:12:20
2,2648,0.09906399999999665,-0.04326933333333662,2025-10-10 01:12:20
2,2649,0.09906399999999665,-0.04326933333333662,2025-10-10 01:12:20
2,2650,0.09906399999999665,-0.04326933333333662,2025-10-10 01:12:20
2,2651,0.09906399999999665,-0.04326933333333662,2025-10-10 01:12:20
2,2652,0.09906399999999665,-0.04326933333333662,2025-10-10 01:12:20
2,2653,0.09906399999999665,-0.04326933333333662,2025-10-10 01:12:20
2,2654,0.09906399999999665,-0.04326933333333662,2025-10-10 01:12:20
2,2655,0.09906399999999665,-0.04326933333333662,2025-10-10 01:12:20
2,2656,0.09906399999999665,-0.04326933333333662,2025-10-10 01:12:20
2,2657,0.09906399999999665,-0.04326933333333662,2025-10-10 01:12:20
2,2658,0.09906399999999665,-0.04326933333333662,2025-10-10 01:12:20
2,2659,0.09906399999999665,-0.04326933333333662,2025-10-10 01:12:20
2,2660,0.09906399999999665,-0.04326933333333662,2025-10-10 01:12:20
2,2661,0.09906399999999665,-0.04326933333333662,2025-10-10 01:12:20
2,2662,0.09906399999999665,-0.04326933333333662,2025-10-10 01:12:20
2,2663,0.09906399999999665,-0.04326933333333662,2025-10-10 01:12:20
2,2664,0.09906399999999665,-0.04326933333333662,2025-10-10 01:12:20
2,2665,0.09906399999999665,-0.04326933333333662,2025-10-10 01:12:20
2,2666,0.09906399999999665,-0.04326933333333662,2025-10-10 01:12:20
2,2667,0.09906399999999665,-0.04326933333333662,2025-10-10 01:12:20
2,2668,0.09906399999999665,-0.04326933333333662,2025-10-10 01:12:20
2,2669,0.09906399999999665,-0.04326933333333662,2025-10-10 01:12:20
2,2670,0.09906399999999665,-0.04326933333333662,2025-10-10 01:12:20
2,2671,0.09906399999999665,-0.04326933333333662,2025-10-10 01:12:20
2,2672,0.09906399999999665,-0.04326933333333662,2025-10-10 01:12:20
2,2673,0.09906399999999665,-0.04326933333333662,2025-10-10 01:12:20
2,2674,0.09906399999999665,-0.04326933333333662,2025-10-10 01:12:20
2,2675,0.09906399999999665,-0.04326933333333662,2025-10-10 01:12:20
2,2676,0.09906399999999665,-0.04326933333333662,2025-10-10 01:12:20
2,2677,0.09906399999999665,-0.04326933333333662,2025-10-10 01:12:20
2,2678,0.09906399999999665,-0.04326933333333662,2025-10-10 01:12:20
2,2679,0.09906399999999665,-0.04326933333333662,2025-10-10 01:12:20
2,2680,0.09906399999999665,-0.04326933333333662,2025-10-10 01:12:20
2,2681,0.09906399999999665,-0.04326933333333662,2025-10-10 01:12:20
2,2682,0.09906399999999665,-0.04326933333333662,2025-10-10 01:12:20
2,2683,0.09906399999999665,-0.04326933333333662,2025-10-10 01:12:20
2,2684,0.09906399999999665,-0.04326933333333662,2025-10-10 01:12:20
2,2685,0.09906399999999665,-0.04326933333333662,2025-10-10 01:12:20
2,2686,0.09906399999999665,-0.04326933333333662,2025-10-10 01:12:20
2,2687,0.09906399999999665,-0.04326933333333662,2025-10-10 01:12:20
2,2688,0.09906399999999665,-0.04326933333333662,2025-10-10 01:12:20
2,2689,0.09906399999999665,-0.04326933333333662,2025-10-10 01:12:20
2,2690,0.09906399999999665,-0.04326933333333662,2025-10-10 01:12:20
2,2691,0.09906399999999665,-0.04326933333333662,2025-10-10 01:12:20
2,2692,0.09906399999999665,-0.04326933333333662,2025-10-10 01:12:20
2,2693,0.09906399999999665,-0.04326933333333662,2025-10-10 01:12:20
2,2694,0.09906399999999665,-0.04326933333333662,2025-10-10 01:12:20
2,2695,0.09906399999999665,-0.04326933333333662,2025-10-10 01:12:20
2,2696,0.09906399999999665,-0.04326933333333662,2025-10-10 01:12:20
2,2697,0.09906399999999665,-0.04326933333333662,2025-10-10 01:12:20
2,2698,0.09906399999999665,-0.04326933333333662,2025-10-10 01:12:20
2,2699,0.09906399999999665,-0.04326933333333662,2025-10-10 01:12:20
2,2700,0.09906399999999665,-0.04326933333333662,2025-10-10 01:12:20
2,2701,0.09906399999999665,-0.04326933333333662,2025-10-10 01:12:20
2,2702,0.09906399999999665,-0.04326933333333662,2025-10-10 01:12:20
2,2703,0.09906399999999665,-0.04326933333333662,2025-10-10 01:12:20
2,2704,0.09906399999999665,-0.04326933333333662,2025-10-10 01:12:20
2,2705,0.09906399999999665,-0.04326933333333662,2025-10-10 01:12:20
2,2706,0.09906399999999665,-0.04326933333333662,2025-10-10 01:12:20
2,2707,0.09906399999999665,-0.04326933333333662,2025-10-10 01:12:20
2,2708,0.09906399999999665,-0.04326933333333662,2025-10-10 01:12:20
2,2709,0.09906399999999665,-0.04326933333333662,2025-10-10 01:12:20
2,2710,0.09906399999999665,-0.04326933333333662,2025-10-10 01:12:20
2,2711,0.09906399999999665,-0.04326933333333662,2025-10-10 01:12:20
2,2712,0.09906399999999665,-0.04326933333333662,2025-10-10 01:12:20
2,2713,0.09906399999999665,-0.04326933333333662,2025-10-10 01:12:20
2,2714,0.09906399999999665,-0.04326933333333662,2025-10-10 01:12:20
2,2715,0.09906399999999665,-0.04326933333333662,2025-10-10 01:12:20
2,2716,0.09906399999999665,-0.04326933333333662,2025-10-10 01:12:20
2,2717,0.09906399999999665,-0.04326933333333662,2025-10-10 01:12:20
2,2718,0.09906399999999665,-0.04326933333333662,2025-10-10 01:12:20
2,2719,0.09906399999999665,-0.04326933333333662,2025-10-10 01:12:20
2,2720,0.09906399999999665,-0.04326933333333662,2025-10-10 01:12:20
2,2721,0.09906399999999665,-0.04326933333333662,2025-10-10 01:12:20
2,2722,0.09906399999999665,-0.04326933333333662,2025-10-10 01:12:20
2,2723,0.09906399999999665,-0.04326933333333662,2025-10-10 01:12:20
2,2724,0.09906399999999665,-0.04326933333333662,2025-10-10 01:12:20
2,2725,0.09906399999999665,-0.04326933333333662,2025-10-10 01:12:20
2,2726,0.09906399999999665,-0.04326933333333662,2025-10-10 01:12:20
2,2727,0.09906399999999665,-0.04326933333333662,2025-10-10 01:12:20
2,2728,0.09906399999999665,-0.04326933333333662,2025-10-10 01:12:20
2,2729,0.09906399999999665,-0.04326933333333662,2025-10-10 01:12:20
2,2730,0.09906399999999665,-0.04326933333333662,2025-10-10 01:12:20
2,2731,0.09906399999999665,-0.04326933333333662,2025-10-10 01:12:20
2,2732,0.09906399999999665,-0.04326933333333662,2025-10-10 01:12:20
2,2733,0.09906399999999665,-0.04326933333333662,2025-10-10 01:12:20
2,2734,0.09906399999999665,-0.04326933333333662,2025-10-10 01:12:20
2,2735,0.09906399999999665,-0.04326933333333662,2025-10-10 01:12:20
2,2736,0.09906399999999665,-0.04326933333333662,2025-10-10 01:12:20
2,2737,0.09906399999999665,-0.04326933333333662,2025-10-10 01:12:20
2,2738,0.09906399999999665,-0.04326933333333662,2025-10-10 01:12:20
2,2739,0.09906399999999665,-0.04326933333333662,2025-10-10 01:12:20
2,2740,0.09906399999999665,-0.04326933333333662,2025-10-10 01:12:20
2,2741,0.09906399999999665,-0.04326933333333662,2025-10-10 01:12:20
2,2742,0.09906399999999665,-0.04326933333333662,2025-10-10 01:12:20
2,2743,0.09906399999999665,-0.04326933333333662,2025-10-10 01:12:20
2,2744,0.09906399999999665,-0.04326933333333662,2025-10-10 01:12:20
2,2745,0.09906399999999665,-0.04326933333333662,2025-10-10 01:12:20
2,2746,0.09906399999999665,-0.04326933333333662,2025-10-10 01:12:20
2,2747,0.09906399999999665,-0.04326933333333662,2025-10-10 01:12:20
2,2748,0.09906399999999665,-0.04326933333333662,2025-10-10 01:12:20
2,2749,0.09906399999999665,-0.04326933333333662,2025-10-10 01:12:20
2,2750,0.09906399999999665,-0.04326933333333662,2025-10-10 01:12:20
2,2751,0.09906399999999665,-0.04326933333333662,2025-10-10 01:12:20
2,2752,0.09906399999999665,-0.04326933333333662,2025-10-10 01:12:20
2,2753,0.09906399999999665,-0.04326933333333662,2025-10-10 01:12:20
2,2754,0.09906399999999665,-0.04326933333333662,2025-10-10 01:12:20
2,2755,0.09906399999999665,-0.04326933333333662,2025-10-10 01:12:20
2,2756,0.09906399999999665,-0.04326933333333662,2025-10-10 01:12:20
2,2757,0.09906399999999665,-0.04326933333333662,2025-10-10 01:12:20
2,2758,0.09906399999999665,-0.04326933333333662,2025-10-10 01:12:20
2,2759,0.09906399999999665,-0.04326933333333662,2025-10-10 01:12:20
2,2760,0.09906399999999665,-0.04326933333333662,2025-10-10 01:12:20
2,2761,0.09906399999999665,-0.04326933333333662,2025-10-10 01:12:20
2,2762,0.09906399999999665,-0.04326933333333662,2025-10-10 01:12:20
2,2763,0.09906399999999665,-0.04326933333333662,2025-10-10 01:12:20
2,2764,0.09906399999999665,-0.04326933333333662,2025-10-10 01:12:20
2,2765,0.09906399999999665,-0.04326933333333662,2025-10-10 01:12:20
2,2766,0.09906399999999665,-0.04326933333333662,2025-10-10 01:12:20
2,2767,0.09906399999999665,-0.04326933333333662,2025-10-10 01:12:20
2,2768,0.09906399999999665,-0.04326933333333662,2025-10-10 01:12:20
2,2769,0.09906399999999665,-0.04326933333333662,2025-10-10 01:12:20
2,2770,0.09906399999999665,-0.04326933333333662,2025-10-10 01:12:20
2,2771,0.09906399999999665,-0.04326933333333662,2025-10-10 01:12:20
2,2772,0.09906399999999665,-0.04326933333333662,2025-10-10 01:12:20
2,2773,0.09906399999999665,-0.04326933333333662,2025-10-10 01:12:20
2,2774,0.09906399999999665,-0.04326933333333662,2025-10-10 01:12:20
2,2775,0.09906399999999665,-0.04326933333333662,2025-10-10 01:12:20
2,2776,0.09906399999999665,-0.04326933333333662,2025-10-10 01:12:20
2,2777,0.09906399999999665,-0.04326933333333662,2025-10-10 01:12:20
2,2778,0.09906399999999665,-0.04326933333333662,2025-10-10 01:12:20
2,2779,0.09906399999999665,-0.04326933333333662,2025-10-10 01:12:20
2,2780,0.09906399999999665,-0.04326933333333662,2025-10-10 01:12:20
2,2781,0.09906399999999665,-0.04326933333333662,2025-10-10 01:12:20
2,2782,0.09906399999999665,-0.04326933333333662,2025-10-10 01:12:20
2,2783,0.09906399999999665,-0.04326933333333662,2025-10-10 01:12:20
2,2784,0.09906399999999665,-0.04326933333333662,2025-10-10 01:12:20
2,2785,0.09906399999999665,-0.04326933333333662,2025-10-10 01:12:20
2,2786,0.09906399999999665,-0.04326933333333662,2025-10-10 01:12:20
2,2787,0.09906399999999665,-0.04326933333333662,2025-10-10 01:12:20
2,2788,0.09906399999999665,-0.04326933333333662,2025-10-10 01:12:20
2,2789,0.09906399999999665,-0.04326933333333662,2025-10-10 01:12:20
2,2790,0.09906399999999665,-0.04326933333333662,2025-10-10 01:12:20
2,2791,0.09906399999999665,-0.04326933333333662,2025-10-10 01:12:20
2,2792,0.09906399999999665,-0.04326933333333662,2025-10-10 01:12:20
2,2793,0.09906399999999665,-0.04326933333333662,2025-10-10 01:12:20
2,2794,0.09906399999999665,-0.04326933333333662,2025-10-10 01:12:20
2,2795,0.09906399999999665,-0.04326933333333662,2025-10-10 01:12:20
2,2796,0.09906399999999665,-0.04326933333333662,2025-10-10 01:12:20
2,2797,0.09906399999999665,-0.04326933333333662,2025-10-10 01:12:20
2,2798,0.09906399999999665,-0.04326933333333662,2025-10-10 01:12:20
2,2799,0.09906399999999665,-0.04326933333333662,2025-10-10 01:12:20
2,2800,0.09906399999999665,-0.04326933333333662,2025-10-10 01:12:20
2,2801,0.09906399999999665,-0.04326933333333662,2025-10-10 01:12:20
2,2802,0.09906399999999665,-0.04326933333333662,2025-10-10 01:12:20
2,2803,0.09906399999999665,-0.04326933333333662,2025-10-10 01:12:20
2,2804,0.09906399999999665,-0.04326933333333662,2025-10-10 01:12:20
2,2805,0.09906399999999665,-0.04326933333333662,2025-10-10 01:12:20
2,2806,0.09906399999999665,-0.04326933333333662,2025-10-10 01:12:20
2,2807,0.09906399999999665,-0.04326933333333662,2025-10-10 01:12:20
2,2808,0.09906399999999665,-0.04326933333333662,2025-10-10 01:12:20
2,2809,0.09906399999999665,-0.04326933333333662,2025-10-10 01:12:20
2,2810,0.09906399999999665,-0.04326933333333662,2025-10-10 01:12:20
2,2811,0.09906399999999665,-0.04326933333333662,2025-10-10 01:12:20
2,2812,0.09906399999999665,-0.04326933333333662,2025-10-10 01:12:20
2,2813,0.09906399999999665,-0.04326933333333662,2025-10-10 01:12:20
2,2814,0.09906399999999665,-0.04326933333333662,2025-10-10 01:12:20
2,2815,0.09906399999999665,-0.04326933333333662,2025-10-10 01:12:20
2,2816,0.09906399999999665,-0.04326933333333662,2025-10-10 01:12:20
2,2817,0.09906399999999665,-0.04326933333333662,2025-10-10 01:12:20
2,2818,0.09906399999999665,-0.04326933333333662,2025-10-10 01:12:20
2,2819,0.09906399999999665,-0.04326933333333662,2025-10-10 01:12:20
2,2820,0.09906399999999665,-0.04326933333333662,2025-10-10 01:12:20
2,2821,0.09906399999999665,-0.04326933333333662,2025-10-10 01:12:20
2,2822,0.09906399999999665,-0.04326933333333662,2025-10-10 01:12:20
2,2823,0.09906399999999665,-0.04326933333333662,2025-10-10 01:12:20
2,2824,0.09906399999999665,-0.04326933333333662,2025-10-10 01:12:20
2,2825,0.09906399999999665,-0.04326933333333662,2025-10-10 01:12:20
2,2826,0.09906399999999665,-0.04326933333333662,2025-10-10 01:12:20
2,2827,0.09906399999999665,-0.04326933333333662,2025-10-10 01:12:20
2,2828,0.09906399999999665,-0.04326933333333662,2025-10-10 01:12:20
2,2829,0.09906399999999665,-0.04326933333333662,2025-10-10 01:12:20
2,2830,0.09906399999999665,-0.04326933333333662,2025-10-10 01:12:20
2,2831,0.09906399999999665,-0.04326933333333662,2025-10-10 01:12:20
2,2832,0.09906399999999665,-0.04326933333333662,2025-10-10 01:12:20
2,2833,0.09906399999999665,-0.04326933333333662,2025-10-10 01:12:20
2,2834,0.09906399999999665,-0.04326933333333662,2025-10-10 01:12:20
2,2835,0.09906399999999665,-0.04326933333333662,2025-10-10 01:12:20
2,2836,0.09906399999999665,-0.04326933333333662,2025-10-10 01:12:20
2,2837,0.09906399999999665,-0.04326933333333662,2025-10-10 01:12:20
2,2838,0.09906399999999665,-0.04326933333333662,2025-10-10 01:12:20
2,2839,0.09906399999999665,-0.04326933333333662,2025-10-10 01:12:20
2,2840,0.09906399999999665,-0.04326933333333662,2025-10-10 01:12:20
2,2841,0.09906399999999665,-0.04326933333333662,2025-10-10 01:12:20
2,2842,0.09906399999999665,-0.04326933333333662,2025-10-10 01:12:20
2,2843,0.09906399999999665,-0.04326933333333662,2025-10-10 01:12:20
2,2844,0.09906399999999665,-0.04326933333333662,2025-10-10 01:12:20
2,2845,0.09906399999999665,-0.04326933333333662,2025-10-10 01:12:20
2,2846,0.09906399999999665,-0.04326933333333662,2025-10-10 01:12:20
2,2847,0.09906399999999665,-0.04326933333333662,2025-10-10 01:12:20
2,2848,0.09906399999999665,-0.04326933333333662,2025-10-10 01:12:20
2,2849,0.09906399999999665,-0.04326933333333662,2025-10-10 01:12:20
2,2850,0.09906399999999665,-0.04326933333333662,2025-10-10 01:12:20
2,2851,0.09906399999999665,-0.04326933333333662,2025-10-10 01:12:20
2,2852,0.09906399999999665,-0.04326933333333662,2025-10-10 01:12:20
2,2853,0.09906399999999665,-0.04326933333333662,2025-10-10 01:12:20
2,2854,0.09906399999999665,-0.04326933333333662,2025-10-10 01:12:20
2,2855,0.09906399999999665,-0.04326933333333662,2025-10-10 01:12:20
2,2856,0.09906399999999665,-0.04326933333333662,2025-10-10 01:12:20
2,2857,0.09906399999999665,-0.04326933333333662,2025-10-10 01:12:20
2,2858,0.09906399999999665,-0.04326933333333662,2025-10-10 01:12:20
2,2859,0.09906399999999665,-0.04326933333333662,2025-10-10 01:12:20
2,2860,0.09906399999999665,-0.04326933333333662,2025-10-10 01:12:20
2,2861,0.09906399999999665,-0.04326933333333662,2025-10-10 01:12:20
2,2862,0.09906399999999665,-0.04326933333333662,2025-10-10 01:12:20
2,2863,0.09906399999999665,-0.04326933333333662,2025-10-10 01:12:20
2,2864,0.09906399999999665,-0.04326933333333662,2025-10-10 01:12:20
2,2865,0.09906399999999665,-0.04326933333333662,2025-10-10 01:12:20
2,2866,0.09906399999999665,-0.04326933333333662,2025-10-10 01:12:20
2,2867,0.09906399999999665,-0.04326933333333662,2025-10-10 01:12:20
2,2868,0.09906399999999665,-0.04326933333333662,2025-10-10 01:12:20
2,2869,0.09906399999999665,-0.04326933333333662,2025-10-10 01:12:20
2,2870,0.09906399999999665,-0.04326933333333662,2025-10-10 01:12:20
2,2871,0.09906399999999665,-0.04326933333333662,2025-10-10 01:12:20
2,2872,0.09906399999999665,-0.04326933333333662,2025-10-10 01:12:20
2,2873,0.09906399999999665,-0.04326933333333662,2025-10-10 01:12:20
2,2874,0.09906399999999665,-0.04326933333333662,2025-10-10 01:12:20
2,2875,0.09906399999999665,-0.04326933333333662,2025-10-10 01:12:20
2,2876,0.09906399999999665,-0.04326933333333662,2025-10-10 01:12:20
2,2877,0.09906399999999665,-0.04326933333333662,2025-10-10 01:12:20
2,2878,0.09906399999999665,-0.04326933333333662,2025-10-10 01:12:20
2,2879,0.09906399999999665,-0.04326933333333662,2025-10-10 01:12:20
2,2880,0.09906399999999665,-0.04326933333333662,2025-10-10 01:12:20
2,2881,0.09906399999999665,-0.04326933333333662,2025-10-10 01:12:20
2,2882,0.09906399999999665,-0.04326933333333662,2025-10-10 01:12:20
2,2883,0.09906399999999665,-0.04326933333333662,2025-10-10 01:12:20
2,2884,0.09906399999999665,-0.04326933333333662,2025-10-10 01:12:20
2,2885,0.09906399999999665,-0.04326933333333662,2025-10-10 01:12:20
2,2886,0.09906399999999665,-0.04326933333333662,2025-10-10 01:12:20
2,2887,0.09906399999999665,-0.04326933333333662,2025-10-10 01:12:20
2,2888,0.09906399999999665,-0.04326933333333662,2025-10-10 01:12:20
2,2889,0.09906399999999665,-0.04326933333333662,2025-10-10 01:12:20
2,2890,0.09906399999999665,-0.04326933333333662,2025-10-10 01:12:20
2,2891,0.09906399999999665,-0.04326933333333662,2025-10-10 01:12:20
2,2892,0.09906399999999665,-0.04326933333333662,2025-10-10 01:12:20
2,2893,0.09906399999999665,-0.04326933333333662,2025-10-10 01:12:20
2,2894,0.09906399999999665,-0.04326933333333662,2025-10-10 01:12:20
2,2895,0.09906399999999665,-0.04326933333333662,2025-10-10 01:12:20
2,2896,0.09906399999999665,-0.04326933333333662,2025-10-10 01:12:20
2,2897,0.09906399999999665,-0.04326933333333662,2025-10-10 01:12:20
2,2898,0.09906399999999665,-0.04326933333333662,2025-10-10 01:12:20
2,2899,0.09906399999999665,-0.04326933333333662,2025-10-10 01:12:20
2,2900,0.09906399999999665,-0.04326933333333662,2025-10-10 01:12:20
2,2901,0.09906399999999665,-0.04326933333333662,2025-10-10 01:12:20
2,2902,0.09906399999999665,-0.04326933333333662,2025-10-10 01:12:20
2,2903,0.09906399999999665,-0.04326933333333662,2025-10-10 01:12:20
2,2904,0.09906399999999665,-0.04326933333333662,2025-10-10 01:12:20
2,2905,0.09906399999999665,-0.04326933333333662,2025-10-10 01:12:20
2,2906,0.09906399999999665,-0.04326933333333662,2025-10-10 01:12:20
2,2907,0.09906399999999665,-0.04326933333333662,2025-10-10 01:12:20
2,2908,0.09906399999999665,-0.04326933333333662,2025-10-10 01:12:20
2,2909,0.09906399999999665,-0.04326933333333662,2025-10-10 01:12:20
2,2910,0.09906399999999665,-0.04326933333333662,2025-10-10 01:12:20
2,2911,0.09906399999999665,-0.04326933333333662,2025-10-10 01:12:20
2,2912,0.09906399999999665,-0.04326933333333662,2025-10-10 01:12:20
2,2913,0.09906399999999665,-0.04326933333333662,2025-10-10 01:12:20
2,2914,0.09906399999999665,-0.04326933333333662,2025-10-10 01:12:20
2,2915,0.09906399999999665,-0.04326933333333662,2025-10-10 01:12:20
2,2916,0.09906399999999665,-0.04326933333333662,2025-10-10 01:12:20
2,2917,0.09906399999999665,-0.04326933333333662,2025-10-10 01:12:20
2,2918,0.09906399999999665,-0.04326933333333662,2025-10-10 01:12:20
2,2919,0.09906399999999665,-0.04326933333333662,2025-10-10 01:12:20
2,2920,0.09906399999999665,-0.04326933333333662,2025-10-10 01:12:20
2,2921,0.09906399999999665,-0.04326933333333662,2025-10-10 01:12:20
2,2922,0.09906399999999665,-0.04326933333333662,2025-10-10 01:12:20
2,2923,0.09906399999999665,-0.04326933333333662,2025-10-10 01:12:20
2,2924,0.09906399999999665,-0.04326933333333662,2025-10-10 01:12:20
2,2925,0.09906399999999665,-0.04326933333333662,2025-10-10 01:12:20
2,2926,0.09906399999999665,-0.04326933333333662,2025-10-10 01:12:20
2,2927,0.09906399999999665,-0.04326933333333662,2025-10-10 01:12:20
2,2928,0.09906399999999665,-0.04326933333333662,2025-10-10 01:12:20
2,2929,0.09906399999999665,-0.04326933333333662,2025-10-10 01:12:20
2,2930,0.09906399999999665,-0.04326933333333662,2025-10-10 01:12:20
2,2931,0.09906399999999665,-0.04326933333333662,2025-10-10 01:12:20
2,2932,0.09906399999999665,-0.04326933333333662,2025-10-10 01:12:20
2,2933,0.09906399999999665,-0.04326933333333662,2025-10-10 01:12:20
2,2934,0.09906399999999665,-0.04326933333333662,2025-10-10 01:12:20
2,2935,0.09906399999999665,-0.04326933333333662,2025-10-10 01:12:20
2,2936,0.09906399999999665,-0.04326933333333662,2025-10-10 01:12:20
2,2937,0.09906399999999665,-0.04326933333333662,2025-10-10 01:12:20
2,2938,0.09906399999999665,-0.04326933333333662,2025-10-10 01:12:20
2,2939,0.09906399999999665,-0.04326933333333662,2025-10-10 01:12:20
2,2940,0.09906399999999665,-0.04326933333333662,2025-10-10 01:12:20
2,2941,0.09906399999999665,-0.04326933333333662,2025-10-10 01:12:20
2,2942,0.09906399999999665,-0.04326933333333662,2025-10-10 01:12:20
2,2943,0.09906399999999665,-0.04326933333333662,2025-10-10 01:12:20
2,2944,0.09906399999999665,-0.04326933333333662,2025-10-10 01:12:20
2,2945,0.09906399999999665,-0.04326933333333662,2025-10-10 01:12:20
2,2946,0.09906399999999665,-0.04326933333333662,2025-10-10 01:12:20
2,2947,0.09906399999999665,-0.04326933333333662,2025-10-10 01:12:20
2,2948,0.09906399999999665,-0.04326933333333662,2025-10-10 01:12:20
2,2949,0.09906399999999665,-0.04326933333333662,2025-10-10 01:12:20
2,2950,0.09906399999999665,-0.04326933333333662,2025-10-10 01:12:20
2,2951,0.09906399999999665,-0.04326933333333662,2025-10-10 01:12:20
2,2952,0.09906399999999665,-0.04326933333333662,2025-10-10 01:12:20
2,2953,0.09906399999999665,-0.04326933333333662,2025-10-10 01:12:20
2,2954,0.09906399999999665,-0.04326933333333662,2025-10-10 01:12:20
2,2955,0.09906399999999665,-0.04326933333333662,2025-10-10 01:12:20
2,2956,0.09906399999999665,-0.04326933333333662,2025-10-10 01:12:20
2,2957,0.09906399999999665,-0.04326933333333662,2025-10-10 01:12:20
2,2958,0.09906399999999665,-0.04326933333333662,2025-10-10 01:12:20
2,2959,0.09906399999999665,-0.04326933333333662,2025-10-10 01:12:20
2,2960,0.09906399999999665,-0.04326933333333662,2025-10-10 01:12:20
2,2961,0.09906399999999665,-0.04326933333333662,2025-10-10 01:12:20
2,2962,0.09906399999999665,-0.04326933333333662,2025-10-10 01:12:20
2,2963,0.09906399999999665,-0.04326933333333662,2025-10-10 01:12:20
2,2964,0.09906399999999665,-0.04326933333333662,2025-10-10 01:12:20
2,2965,0.09906399999999665,-0.04326933333333662,2025-10-10 01:12:20
2,2966,0.09906399999999665,-0.04326933333333662,2025-10-10 01:12:20
2,2967,0.09906399999999665,-0.04326933333333662,2025-10-10 01:12:20
2,2968,0.09906399999999665,-0.04326933333333662,2025-10-10 01:12:20
2,2969,0.09906399999999665,-0.04326933333333662,2025-10-10 01:12:20
2,2970,0.09906399999999665,-0.04326933333333662,2025-10-10 01:12:20
2,2971,0.09906399999999665,-0.04326933333333662,2025-10-10 01:12:20
2,2972,0.09906399999999665,-0.04326933333333662,2025-10-10 01:12:20
2,2973,0.09906399999999665,-0.04326933333333662,2025-10-10 01:12:20
2,2974,0.09906399999999665,-0.04326933333333662,2025-10-10 01:12:20
2,2975,0.09906399999999665,-0.04326933333333662,2025-10-10 01:12:20
2,2976,0.09906399999999665,-0.04326933333333662,2025-10-10 01:12:20
2,2977,0.09906399999999665,-0.04326933333333662,2025-10-10 01:12:20
2,2978,0.09906399999999665,-0.04326933333333662,2025-10-10 01:12:20
2,2979,0.09906399999999665,-0.04326933333333662,2025-10-10 01:12:20
2,2980,0.09906399999999665,-0.04326933333333662,2025-10-10 01:12:20
2,2981,0.09906399999999665,-0.04326933333333662,2025-10-10 01:12:20
2,2982,0.09906399999999665,-0.04326933333333662,2025-10-10 01:12:20
2,2983,0.09906399999999665,-0.04326933333333662,2025-10-10 01:12:20
2,2984,0.09906399999999665,-0.04326933333333662,2025-10-10 01:12:20
2,2985,0.09906399999999665,-0.04326933333333662,2025-10-10 01:12:20
2,2986,0.09906399999999665,-0.04326933333333662,2025-10-10 01:12:20
2,2987,0.09906399999999665,-0.04326933333333662,2025-10-10 01:12:20
2,2988,0.09906399999999665,-0.04326933333333662,2025-10-10 01:12:20
2,2989,0.09906399999999665,-0.04326933333333662,2025-10-10 01:12:20
2,2990,0.09906399999999665,-0.04326933333333662,2025-10-10 01:12:20
2,2991,0.09906399999999665,-0.04326933333333662,2025-10-10 01:12:20
2,2992,0.09906399999999665,-0.04326933333333662,2025-10-10 01:12:20
2,2993,0.09906399999999665,-0.04326933333333662,2025-10-10 01:12:20
2,2994,0.09906399999999665,-0.04326933333333662,2025-10-10 01:12:20
2,2995,0.09906399999999665,-0.04326933333333662,2025-10-10 01:12:20
2,2996,0.09906399999999665,-0.04326933333333662,2025-10-10 01:12:20
2,2997,0.09906399999999665,-0.04326933333333662,2025-10-10 01:12:20
2,2998,0.09906399999999665,-0.04326933333333662,2025-10-10 01:12:20
2,2999,0.09906399999999665,-0.04326933333333662,2025-10-10 01:12:20
2,3000,0.09906399999999665,-0.04326933333333662,2025-10-10 01:12:20
2,3001,0.09906399999999665,-0.04326933333333662,2025-10-10 01:12:20
2,3002,0.09906399999999665,-0.04326933333333662,2025-10-10 01:12:20
2,3003,0.09906399999999665,-0.04326933333333662,2025-10-10 01:12:20
2,3004,0.09906399999999665,-0.04326933333333662,2025-10-10 01:12:20
2,3005,0.09906399999999665,-0.04326933333333662,2025-10-10 01:12:20
2,3006,0.09906399999999665,-0.04326933333333662,2025-10-10 01:12:20
2,3007,0.09906399999999665,-0.04326933333333662,2025-10-10 01:12:20
2,3008,0.09906399999999665,-0.04326933333333662,2025-10-10 01:12:20
2,3009,0.09906399999999665,-0.04326933333333662,2025-10-10 01:12:20
2,3010,0.09906399999999665,-0.04326933333333662,2025-10-10 01:12:20
2,3011,0.09906399999999665,-0.04326933333333662,2025-10-10 01:12:20
2,3012,0.09906399999999665,-0.04326933333333662,2025-10-10 01:12:20
2,3013,0.09906399999999665,-0.04326933333333662,2025-10-10 01:12:20
2,3014,0.09906399999999665,-0.04326933333333662,2025-10-10 01:12:20
2,3015,0.09906399999999665,-0.04326933333333662,2025-10-10 01:12:20
2,3016,0.09906399999999665,-0.04326933333333662,2025-10-10 01:12:20
2,3017,0.09906399999999665,-0.04326933333333662,2025-10-10 01:12:20
2,3018,0.09906399999999665,-0.04326933333333662,2025-10-10 01:12:20
2,3019,0.09906399999999665,-0.04326933333333662,2025-10-10 01:12:20
2,3020,0.09906399999999665,-0.04326933333333662,2025-10-10 01:12:20
2,3021,0.09906399999999665,-0.04326933333333662,2025-10-10 01:12:20
2,3022,0.09906399999999665,-0.04326933333333662,2025-10-10 01:12:20
2,3023,0.09906399999999665,-0.04326933333333662,2025-10-10 01:12:20
2,3024,0.09906399999999665,-0.04326933333333662,2025-10-10 01:12:20
2,3025,0.09906399999999665,-0.04326933333333662,2025-10-10 01:12:20
2,3026,0.09906399999999665,-0.04326933333333662,2025-10-10 01:12:20
2,3027,0.09906399999999665,-0.04326933333333662,2025-10-10 01:12:20
2,3028,0.09906399999999665,-0.04326933333333662,2025-10-10 01:12:20
2,3029,0.09906399999999665,-0.04326933333333662,2025-10-10 01:12:20
2,3030,0.09906399999999665,-0.04326933333333662,2025-10-10 01:12:20
2,3031,0.09906399999999665,-0.04326933333333662,2025-10-10 01:12:20
2,3032,0.09906399999999665,-0.04326933333333662,2025-10-10 01:12:20
2,3033,0.09906399999999665,-0.04326933333333662,2025-10-10 01:12:20
2,3034,0.09906399999999665,-0.04326933333333662,2025-10-10 01:12:20
2,3035,0.09906399999999665,-0.04326933333333662,2025-10-10 01:12:20
2,3036,0.09906399999999665,-0.04326933333333662,2025-10-10 01:12:20
2,3037,0.09906399999999665,-0.04326933333333662,2025-10-10 01:12:20
2,3038,0.09906399999999665,-0.04326933333333662,2025-10-10 01:12:20
2,3039,0.09906399999999665,-0.04326933333333662,2025-10-10 01:12:20
2,3040,0.09906399999999665,-0.04326933333333662,2025-10-10 01:12:20
2,3041,0.09906399999999665,-0.04326933333333662,2025-10-10 01:12:20
2,3042,0.09906399999999665,-0.04326933333333662,2025-10-10 01:12:20
2,3043,0.09906399999999665,-0.04326933333333662,2025-10-10 01:12:20
2,3044,0.09906399999999665,-0.04326933333333662,2025-10-10 01:12:20
2,3045,0.09906399999999665,-0.04326933333333662,2025-10-10 01:12:20
2,3046,0.09906399999999665,-0.04326933333333662,2025-10-10 01:12:20
2,3047,0.09906399999999665,-0.04326933333333662,2025-10-10 01:12:20
2,3048,0.09906399999999665,-0.04326933333333662,2025-10-10 01:12:20
2,3049,0.09906399999999665,-0.04326933333333662,2025-10-10 01:12:20
2,3050,0.09906399999999665,-0.04326933333333662,2025-10-10 01:12:20
2,3051,0.09906399999999665,-0.04326933333333662,2025-10-10 01:12:20
2,3052,0.09906399999999665,-0.04326933333333662,2025-10-10 01:12:20
2,3053,0.09906399999999665,-0.04326933333333662,2025-10-10 01:12:20
2,3054,0.09906399999999665,-0.04326933333333662,2025-10-10 01:12:20
2,3055,0.09906399999999665,-0.04326933333333662,2025-10-10 01:12:20
2,3056,0.09906399999999665,-0.04326933333333662,2025-10-10 01:12:20
2,3057,0.09906399999999665,-0.04326933333333662,2025-10-10 01:12:20
2,3058,0.09906399999999665,-0.04326933333333662,2025-10-10 01:12:20
2,3059,0.09906399999999665,-0.04326933333333662,2025-10-10 01:12:20
2,3060,0.09906399999999665,-0.04326933333333662,2025-10-10 01:12:20
2,3061,0.09906399999999665,-0.04326933333333662,2025-10-10 01:12:20
2,3062,0.09906399999999665,-0.04326933333333662,2025-10-10 01:12:20
2,3063,0.09906399999999665,-0.04326933333333662,2025-10-10 01:12:20
2,3064,0.09906399999999665,-0.04326933333333662,2025-10-10 01:12:20
2,3065,0.09906399999999665,-0.04326933333333662,2025-10-10 01:12:20
2,3066,0.09906399999999665,-0.04326933333333662,2025-10-10 01:12:20
2,3067,0.09906399999999665,-0.04326933333333662,2025-10-10 01:12:20
2,3068,0.09906399999999665,-0.04326933333333662,2025-10-10 01:12:20
2,3069,0.09906399999999665,-0.04326933333333662,2025-10-10 01:12:20
2,3070,0.09906399999999665,-0.04326933333333662,2025-10-10 01:12:20
2,3071,0.09906399999999665,-0.04326933333333662,2025-10-10 01:12:20
2,3072,0.09906399999999665,-0.04326933333333662,2025-10-10 01:12:20
2,3073,0.09906399999999665,-0.04326933333333662,2025-10-10 01:12:20
2,3074,0.09906399999999665,-0.04326933333333662,2025-10-10 01:12:20
2,3075,0.09906399999999665,-0.04326933333333662,2025-10-10 01:12:20
2,3076,0.09906399999999665,-0.04326933333333662,2025-10-10 01:12:20
2,3077,0.09906399999999665,-0.04326933333333662,2025-10-10 01:12:20
2,3078,0.09906399999999665,-0.04326933333333662,2025-10-10 01:12:20
2,3079,0.09906399999999665,-0.04326933333333662,2025-10-10 01:12:20
2,3080,0.09906399999999665,-0.04326933333333662,2025-10-10 01:12:20
2,3081,0.09906399999999665,-0.04326933333333662,2025-10-10 01:12:20
2,3082,0.09906399999999665,-0.04326933333333662,2025-10-10 01:12:20
2,3083,0.09906399999999665,-0.04326933333333662,2025-10-10 01:12:20
2,3084,0.09906399999999665,-0.04326933333333662,2025-10-10 01:12:20
2,3085,0.09906399999999665,-0.04326933333333662,2025-10-10 01:12:20
2,3086,0.09906399999999665,-0.04326933333333662,2025-10-10 01:12:20
2,3087,0.09906399999999665,-0.04326933333333662,2025-10-10 01:12:20
2,3088,0.09906399999999665,-0.04326933333333662,2025-10-10 01:12:20
2,3089,0.09906399999999665,-0.04326933333333662,2025-10-10 01:12:20
2,3090,0.09906399999999665,-0.04326933333333662,2025-10-10 01:12:20
2,3091,0.09906399999999665,-0.04326933333333662,2025-10-10 01:12:20
2,3092,0.09906399999999665,-0.04326933333333662,2025-10-10 01:12:20
2,3093,0.09906399999999665,-0.04326933333333662,2025-10-10 01:12:20
2,3094,0.09906399999999665,-0.04326933333333662,2025-10-10 01:12:20
2,3095,0.09906399999999665,-0.04326933333333662,2025-10-10 01:12:20
2,3096,0.09906399999999665,-0.04326933333333662,2025-10-10 01:12:20
2,3097,0.09906399999999665,-0.04326933333333662,2025-10-10 01:12:20
2,3098,0.09906399999999665,-0.04326933333333662,2025-10-10 01:12:20
2,3099,0.09906399999999665,-0.04326933333333662,2025-10-10 01:12:20
2,3100,0.09906399999999665,-0.04326933333333662,2025-10-10 01:12:20
2,3101,0.09906399999999665,-0.04326933333333662,2025-10-10 01:12:20
2,3102,0.09906399999999665,-0.04326933333333662,2025-10-10 01:12:20
2,3103,0.09906399999999665,-0.04326933333333662,2025-10-10 01:12:20
2,3104,0.09906399999999665,-0.04326933333333662,2025-10-10 01:12:20
2,3105,0.09906399999999665,-0.04326933333333662,2025-10-10 01:12:20
2,3106,0.09906399999999665,-0.04326933333333662,2025-10-10 01:12:20
2,3107,0.09906399999999665,-0.04326933333333662,2025-10-10 01:12:20
2,3108,0.09906399999999665,-0.04326933333333662,2025-10-10 01:12:20
2,3109,0.09906399999999665,-0.04326933333333662,2025-10-10 01:12:20
2,3110,0.09906399999999665,-0.04326933333333662,2025-10-10 01:12:20
2,3111,0.09906399999999665,-0.04326933333333662,2025-10-10 01:12:20
2,3112,0.09906399999999665,-0.04326933333333662,2025-10-10 01:12:20
2,3113,0.09906399999999665,-0.04326933333333662,2025-10-10 01:12:20
2,3114,0.09906399999999665,-0.04326933333333662,2025-10-10 01:12:20
2,3115,0.09906399999999665,-0.04326933333333662,2025-10-10 01:12:20
2,3116,0.09906399999999665,-0.04326933333333662,2025-10-10 01:12:20
2,3117,0.09906399999999665,-0.04326933333333662,2025-10-10 01:12:20
2,3118,0.09906399999999665,-0.04326933333333662,2025-10-10 01:12:20
2,3119,0.09906399999999665,-0.04326933333333662,2025-10-10 01:12:20
2,3120,0.09906399999999665,-0.04326933333333662,2025-10-10 01:12:20
2,3121,0.09906399999999665,-0.04326933333333662,2025-10-10 01:12:20
2,3122,0.09906399999999665,-0.04326933333333662,2025-10-10 01:12:20
2,3123,0.09906399999999665,-0.04326933333333662,2025-10-10 01:12:20
2,3124,0.09906399999999665,-0.04326933333333662,2025-10-10 01:12:20
2,3125,0.09906399999999665,-0.04326933333333662,2025-10-10 01:12:20
2,3126,0.09906399999999665,-0.04326933333333662,2025-10-10 01:12:20
2,3127,0.09906399999999665,-0.04326933333333662,2025-10-10 01:12:20
2,3128,0.09906399999999665,-0.04326933333333662,2025-10-10 01:12:20
2,3129,0.09906399999999665,-0.04326933333333662,2025-10-10 01:12:20
2,3130,0.09906399999999665,-0.04326933333333662,2025-10-10 01:12:20
2,3131,0.09906399999999665,-0.04326933333333662,2025-10-10 01:12:20
2,3132,0.09906399999999665,-0.04326933333333662,2025-10-10 01:12:20
2,3133,0.09906399999999665,-0.04326933333333662,2025-10-10 01:12:20
2,3134,0.09906399999999665,-0.04326933333333662,2025-10-10 01:12:20
2,3135,0.09906399999999665,-0.04326933333333662,2025-10-10 01:12:20
2,3136,0.09906399999999665,-0.04326933333333662,2025-10-10 01:12:20
2,3137,0.09906399999999665,-0.04326933333333662,2025-10-10 01:12:20
2,3138,0.09906399999999665,-0.04326933333333662,2025-10-10 01:12:20
2,3139,0.09906399999999665,-0.04326933333333662,2025-10-10 01:12:20
2,3140,0.09906399999999665,-0.04326933333333662,2025-10-10 01:12:20
3,0,0.010601438850198567,-0.1725331992376436,2025-10-10 01:13:13
3,1,0.010709916337664157,-0.17276651666646645,2025-10-10 01:13:13
3,2,0.010868041405732679,-0.17310716263694223,2025-10-10 01:13:13
3,3,0.011072914638246308,-0.1735492396092966,2025-10-10 01:13:13
3,4,0.011321752371894592,-0.17408708152601005,2025-10-10 01:13:13
3,5,0.011611882648112214,-0.17471524577874162,2025-10-10 01:13:13
3,6,0.01194074129756783,-0.1754285054372522,2025-10-10 01:13:13
3,7,0.012305868153062255,-0.17622184173208488,2025-10-10 01:13:13
3,8,0.01270490338678308,-0.17709043678301353,2025-10-10 01:13:13
3,9,0.013135583967987717,-0.1780296665655163,2025-10-10 01:13:13
3,10,0.013595740237308019,-0.17903509410776974,2025-10-10 01:13:13
3,11,0.014083292593987034,-0.18010246291088958,2025-10-10 01:13:13
3,12,0.014596248292472356,-0.18122769058536894,2025-10-10 01:13:13
3,13,0.015132698344900934,-0.18240686269688217,2025-10-10 01:13:13
3,14,0.015690814526117272,-0.1836362268148323,2025-10-10 01:13:13
3,15,0.01626884647797076,-0.1849121867572258,2025-10-10 01:13:13
3,16,0.01686511890973849,-0.18623129702565536,2025-10-10 01:13:13
3,17,0.017478028891617564,-0.18759025742436408,2025-10-10 01:13:13
3,18,0.018106043238325435,-0.1889859078575505,2025-10-10 01:13:13
3,19,0.01874769597993861,-0.19041522329925467,2025-10-10 01:13:13
3,20,0.01940158591718897,-0.19187530893034024,2025-10-10 01:13:13
3,21,0.020066374258523156,-0.19336339543725803,2025-10-10 01:13:13
3,22,0.020740782336314153,-0.19487683446744009,2025-10-10 01:13:13
3,23,0.021423589399695145,-0.196413094236334,2025-10-10 01:13:13
3,24,0.02211363048156439,-0.19796975528124097,2025-10-10 01:13:13
3,25,0.02280979433738598,-0.19954450635727197,2025-10-10 01:13:13
3,26,0.023511021453485246,-0.2011351404708811,2025-10-10 01:13:13
3,27,0.02421630212260914,-0.20273955104657684,2025-10-10 01:13:13
3,28,0.024924674584591376,-0.20435572822254822,2025-10-10 01:13:13
3,29,0.025635223230029352,-0.2059817552710755,2025-10-10 01:13:13
3,30,0.02634707686494515,-0.20761580513972386,2025-10-10 01:13:13
3,31,0.027059407034466156,-0.2092561371094424,2025-10-10 01:13:13
3,32,0.0277714264036221,-0.21090109356581252,2025-10-10 01:13:13
3,33,0.028482387193414806,-0.21254909687980567,2025-10-10 01:13:13
3,34,0.029191579670374515,-0.21419864639452516,2025-10-10 01:13:13
3,35,0.02989833068787247,-0.21584831551451567,2025-10-10 01:13:13
3,36,0.030602002277513685,-0.21749674889433152,2025-10-10 01:13:13
3,37,0.03130199028898614,-0.21914265972315772,2025-10-10 01:13:13
3,38,0.03199772307679366,-0.22078482710237832,2025-10-10 01:13:13
3,39,0.03268866023234896,-0.2224220935130834,2025-10-10 01:13:13
3,40,0.03337429135995114,-0.22405336237060078,2025-10-10 01:13:13
3,41,0.03405413489521828,-0.22567759566322906,2025-10-10 01:13:13
3,42,0.03472773696459064,-0.22729381167243784,2025-10-10 01:13:13
3,43,0.0353946702845635,-0.22890108277188626,2025-10-10 01:13:13
3,44,0.036054533099350965,-0.2304985333026943,2025-10-10 01:13:13
3,45,0.03670694815572273,-0.23208533752248187,2025-10-10 01:13:13
3,46,0.0373515617137957,-0.23366071762576898,2025-10-10 01:13:13
3,47,0.03798804259260055,-0.23522394183340564,2025-10-10 01:13:13
3,48,0.03861608124928067,-0.23677432254877384,2025-10-10 01:13:13
3,49,0.03923538889081698,-0.238311214578575,2025-10-10 01:13:13
3,50,0.0398456966172071,-0.2398340134160852,2025-10-10 01:13:13
3,51,0.04044675459506117,-0.24134215358482744,2025-10-10 01:13:13
3,52,0.041038331260609615,-0.2428351070406744,2025-10-10 01:13:13
3,53,0.04162021255114982,-0.244312381630459,2025-10-10 01:13:13
3,54,0.04219220116398966,-0.24577351960522983,2025-10-10 01:13:13
3,55,0.0427541158419757,-0.24721809618634788,2025-10-10 01:13:13
3,56,0.04330579068472276,-0.24864571818267847,2025-10-10 01:13:13
3,57,0.043847074484689795,-0.250056022657187,2025-10-10 01:13:13
3,58,0.04437783008727413,-0.2514486756413013,2025-10-10 01:13:13
3,59,0.04489793377412247,-0.2528233708954552,2025-10-10 01:13:13
3,60,0.0454072746688827,-0.25417982871427824,2025-10-10 01:13:13
3,61,0.0459057541646453,-0.2555177947749455,2025-10-10 01:13:13
3,62,0.046393285372347014,-0.2568370390272486,2025-10-10 01:13:13
3,63,0.0468697925894329,-0.2581373546239948,2025-10-10 01:13:13
3,64,0.04733521078809525,-0.2594185568903862,2025-10-10 01:13:13
3,65,0.04778948512242979,-0.2606804823310727,2025-10-10 01:13:13
3,66,0.04823257045387067,-0.261922987673616,2025-10-10 01:13:13
3,67,0.04866443089428631,-0.2631459489471399,2025-10-10 01:13:13
3,68,0.04908503936613796,-0.2643492605949847,2025-10-10 01:13:13
3,69,0.04949437717912213,-0.26553283462021776,2025-10-10 01:13:13
3,70,0.04989243362273674,-0.26669659976289145,2025-10-10 01:13:13
3,71,0.05027920557422865,-0.26784050070797527,2025-10-10 01:13:13
3,72,0.05065469712139819,-0.2689644973229219,2025-10-10 01:13:13
3,73,0.05101891919975272,-0.270068563923862,2025-10-10 01:13:13
3,74,0.05137188924351815,-0.27115268856945457,2025-10-10 01:13:13
3,75,0.05171363085003298,-0.2722168723814498,2025-10-10 01:13:13
3,76,0.05204417345706492,-0.27326112889105436,2025-10-10 01:13:13
3,77,0.052363552032605114,-0.27428548341021564,2025-10-10 01:13:13
3,78,0.05267180677670942,-0.27528997242697234,2025-10-10 01:13:13
3,79,0.0529689828349702,-0.27627464302404486,2025-10-10 01:13:13
3,80,0.05325513002321572,-0.2772395523198667,2025-10-10 01:13:13
3,81,0.05353030256304732,-0.27818476693128374,2025-10-10 01:13:13
3,82,0.05379455882783735,-0.2791103624571732,2025-10-10 01:13:13
3,83,0.054047961098823046,-0.2800164229822583,2025-10-10 01:13:13
3,84,0.054290575330943724,-0.2809030406004197,2025-10-10 01:13:13
3,85,0.05452247092807992,-0.2817703149568245,2025-10-10 01:13:13
3,86,0.05474372052736465,-0.28261835280821973,2025-10-10 01:13:13
3,87,0.0549543997922475,-0.28344726760075545,2025-10-10 01:13:13
3,88,0.055154587214003084,-0.28425717906472425,2025-10-10 01:13:13
3,89,0.05534436392138528,-0.2850482128256257,2025-10-10 01:13:13
3,90,0.05552381349813875,-0.28582050003098064,2025-10-10 01:13:13
3,91,0.05569302180808866,-0.2865741769923423,2025-10-10 01:13:13
3,92,0.0558520768275389,-0.2873093848419669,2025-10-10 01:13:13
3,93,0.056001068484717816,-0.2880262692036258,2025-10-10 01:13:13
3,94,0.05614008850601944,-0.2887249798770574,2025-10-10 01:13:13
3,95,0.05626923026879632,-0.28940567053557426,2025-10-10 01:13:13
3,96,0.056388588660468385,-0.2900684984363559,2025-10-10 01:13:13
3,97,0.05649825994371996,-0.290713624142975,2025-10-10 01:13:13
3,98,0.05659834162756489,-0.29134121125971796,2025-10-10 01:13:13
3,99,0.05668893234406688,-0.2919514261772763,2025-10-10 01:13:13
3,100,0.056770131730509335,-0.29254443782939993,2025-10-10 01:13:13
3,101,0.05684204031681617,-0.2931204174601154,2025-10-10 01:13:13
3,102,0.05690475941803123,-0.2936795384011275,2025-10-10 01:13:13
3,103,0.05695839103167098,-0.2942219758590333,2025-10-10 01:13:13
3,104,0.05700303773977099,-0.29474790671199236,2025-10-10 01:13:13
3,105,0.057038802615452924,-0.2952575093155061,2025-10-10 01:13:13
3,106,0.05706578913384484,-0.29575096331697404,2025-10-10 01:13:13
3,107,0.05708410108719277,-0.2962284494787031,2025-10-10 01:13:13
3,108,0.057093842504007654,-0.2966901495090587,2025-10-10 01:13:13
3,109,0.05709511757209649,-0.29713624590145643,2025-10-10 01:13:13
3,110,0.05708803056533207,-0.297566921780903,2025-10-10 01:13:13
3,111,0.05707268577402047,-0.29798236075780543,2025-10-10 01:13:13
3,112,0.05704918743873031,-0.2983827467887771,2025-10-10 01:13:13
3,113,0.05701763968745248,-0.29876826404417756,2025-10-10 01:13:13
3,114,0.05697814647596354,-0.2991390967821334,2025-10-10 01:13:13
3,115,0.05693081153127034,-0.2994954292287948,2025-10-10 01:13:13
3,116,0.0568757382980176,-0.2998374454645913,2025-10-10 01:13:13
3,117,0.056813029887744365,-0.3001653293162591,2025-10-10 01:13:13
3,118,0.05674278903087905,-0.3004792642544183,2025-10-10 01:13:13
3,119,0.05666511803136676,-0.30077943329648793,2025-10-10 01:13:13
3,120,0.056580118723826116,-0.3010660189147328,2025-10-10 01:13:13
3,121,0.056487892433136545,-0.3013392029492435,2025-10-10 01:13:13
3,122,0.05638853993636024,-0.3015991665256582,2025-10-10 01:13:13
3,123,0.056282161426906514,-0.301846089977441,2025-10-10 01:13:13
3,124,0.05616885648084946,-0.3020801527725379,2025-10-10 01:13:13
3,125,0.056048724025312815,-0.3023015334442386,2025-10-10 01:13:13
3,126,0.055921862308839124,-0.3025104095260769,2025-10-10 01:13:13
3,127,0.05578836887366311,-0.3027069574906099,2025-10-10 01:13:13
3,128,0.05564834052981199,-0.3028913526919201,2025-10-10 01:13:13
3,129,0.05550187333095818,-0.30306376931169154,2025-10-10 01:13:13
3,130,0.05534906255195254,-0.3032243803087153,2025-10-10 01:13:13
3,131,0.05519000266796877,-0.30337335737168486,2025-10-10 01:13:13
3,132,0.05502478733519208,-0.30351087087514733,2025-10-10 01:13:13
3,133,0.05485350937298753,-0.3036370898384809,2025-10-10 01:13:13
3,134,0.05467626074748598,-0.30375218188777303,2025-10-10 01:13:13
3,135,0.054493132556527435,-0.3038563132204791,2025-10-10 01:13:13
3,136,0.05430421501590411,-0.3039496485727456,2025-10-10 01:13:13
3,137,0.05410959744684727,-0.3040323511892844,2025-10-10 01:13:13
3,138,0.05390936826470415,-0.30410458279569147,2025-10-10 01:13:13
3,139,0.05370361496875302,-0.3041665035731045,2025-10-10 01:13:13
3,140,0.05349242413310649,-0.30421827213509955,2025-10-10 01:13:13
3,141,0.05327588139865475,-0.30426004550672947,2025-10-10 01:13:13
3,142,0.0530540714660024,-0.30429197910561046,2025-10-10 01:13:13
3,143,0.05282707808935401,-0.3043142267249674,2025-10-10 01:13:13
3,144,0.0525949840713054,-0.3043269405185499,2025-10-10 01:13:13
3,145,0.05235787125849891,-0.30433027098733684,2025-10-10 01:13:13
3,146,0.05211582053810271,-0.3043243669679472,2025-10-10 01:13:13
3,147,0.05186891183507555,-0.30430937562268096,2025-10-10 01:13:13
3,148,0.051617224110179744,-0.30428544243111416,2025-10-10 01:13:13
3,149,0.05136083535870661,-0.30425271118317637,2025-10-10 01:13:13
3,150,0.051099822609879816,-0.3042113239736412,2025-10-10 01:13:13
3,151,0.05083426192690351,-0.30416142119796297,2025-10-10 01:13:13
3,152,0.05056422840762317,-0.3041031415493947,2025-10-10 01:13:13
3,153,0.050289796185768385,-0.3040366220173262,2025-10-10 01:13:13
3,154,0.050011038432747984,-0.30396199788678135,2025-10-10 01:13:13
3,155,0.04972802735996885,-0.3038794027390186,2025-10-10 01:13:13
3,156,0.04944083422165104,-0.30378896845317777,2025-10-10 01:13:13
3,157,0.04914952931811278,-0.3036908252089213,2025-10-10 01:13:13
3,158,0.048854181999499764,-0.3035851014900176,2025-10-10 01:13:13
3,159,0.04855486066993447,-0.30347192408881796,2025-10-10 01:13:13
3,160,0.04825163279206174,-0.3033514181115791,2025-10-10 01:13:13
3,161,0.04794456489196814,-0.3032237069845864,2025-10-10 01:13:13
3,162,0.04763372256445322,-0.30308891246103276,2025-10-10 01:13:13
3,163,0.04731917047863174,-0.3029471546286125,2025-10-10 01:13:13
3,164,0.047000972383846776,-0.3027985519177883,2025-10-10 01:13:13
3,165,0.04667919111587428,-0.3026432211106932,2025-10-10 01:13:13
3,166,0.04635388860340054,-0.3024812773506296,2025-10-10 01:13:13
3,167,0.04602512587475467,-0.3023128341521297,2025-10-10 01:13:13
3,168,0.04569296306487893,-0.30213800341154257,2025-10-10 01:13:13
3,169,0.04535745942252042,-0.301956895418115,2025-10-10 01:13:13
3,170,0.04501867331762827,-0.30176961886553333,2025-10-10 01:13:13
3,171,0.04467666224894127,-0.3015762808638972,2025-10-10 01:13:13
3,172,0.04433148285175111,-0.30137698695209436,2025-10-10 01:13:13
3,173,0.04398319090582752,-0.3011718411105494,2025-10-10 01:13:13
3,174,0.04363184134349169,-0.30096094577431864,2025-10-10 01:13:13
3,175,0.0432774882578252,-0.3007444018465061,2025-10-10 01:13:13
3,176,0.042920184911002114,-0.30052230871197466,2025-10-10 01:13:13
3,177,0.04255998374273241,-0.3002947642513298,2025-10-10 01:13:13
3,178,0.0421969363788055,-0.30006186485515196,2025-10-10 01:13:13
3,179,0.04183109363972285,-0.29982370543845654,2025-10-10 01:13:13
3,180,0.041462505549409584,-0.2995803794553603,2025-10-10 01:13:13
3,181,0.04109122134399493,-0.299331978913934,2025-10-10 01:13:13
3,182,0.04071728948065213,-0.29907859439122225,2025-10-10 01:13:13
3,183,0.040340757646488826,-0.2988203150484127,2025-10-10 01:13:13
3,184,0.03996167276747909,-0.2985572286461362,2025-10-10 01:13:13
3,185,0.03958008101742907,-0.298289421559882,2025-10-10 01:13:13
3,186,0.03919602782696818,-0.29801697879551137,2025-10-10 01:13:13
3,187,0.03880955789255849,-0.29773998400485546,2025-10-10 01:13:13
3,188,0.038420715185515,-0.29745851950138125,2025-10-10 01:13:13
3,189,0.038029542961030206,-0.2971726662759132,2025-10-10 01:13:13
3,190,0.03763608376719626,-0.29688250401239674,2025-10-10 01:13:13
3,191,0.03724037945401872,-0.29658811110369093,2025-10-10 01:13:13
3,192,0.03684247118241605,-0.2962895646673787,2025-10-10 01:13:13
3,193,0.03644239943319921,-0.29598694056158303,2025-10-10 01:13:13
3,194,0.03604020401602626,-0.2956803134007783,2025-10-10 01:13:13
3,195,0.03563592407832685,-0.2953697565715866,2025-10-10 01:13:13
3,196,0.035229598114192,-0.2950553422485491,2025-10-10 01:13:13
3,197,0.03482126397322472,-0.29473714140986373,2025-10-10 01:13:13
3,198,0.03441095886934727,-0.29441522385307956,2025-10-10 01:13:13
3,199,0.03399871938956112,-0.29408965821074057,2025-10-10 01:13:13
3,200,0.03358458150265596,-0.2937605119659703,2025-10-10 01:13:13
3,201,0.03316858056786422,-0.2934278514679905,2025-10-10 01:13:13
3,202,0.03275075134345792,-0.2930917419475663,2025-10-10 01:13:13
3,203,0.032331127995284814,-0.292752247532372,2025-10-10 01:13:13
3,204,0.03190974410524089,-0.2924094312622706,2025-10-10 01:13:13
3,205,0.03148663267967676,-0.2920633551045021,2025-10-10 01:13:13
3,206,0.031061826157735388,-0.2917140799687744,2025-10-10 01:13:13
3,207,0.030635356419618943,-0.2913616657222524,2025-10-10 01:13:13
3,208,0.030207254794782683,-0.2910061712044401,2025-10-10 01:13:13
3,209,0.029777552070054,-0.2906476542419515,2025-10-10 01:13:13
3,210,0.02934627849767485,-0.29028617166316634,2025-10-10 01:13:13
3,211,0.028913463803266017,-0.28992177931276675,2025-10-10 01:13:13
3,212,0.028479137193711767,-0.28955453206615117,2025-10-10 01:13:13
3,213,0.02804332736496364,-0.28918448384372286,2025-10-10 01:13:13
3,214,0.0276060625097622,-0.2888116876250494,2025-10-10 01:13:13
3,215,0.02716737032527579,-0.28843619546289084,2025-10-10 01:13:13
3,216,0.026727278020655387,-0.28805805849709426,2025-10-10 01:13:13
3,217,0.02628581232450485,-0.28767732696835197,2025-10-10 01:13:13
3,218,0.025842999492265862,-0.28729405023182175,2025-10-10 01:13:13
3,219,0.025398865313517177,-0.28690827677060754,2025-10-10 01:13:13
3,220,0.02495343511918763,-0.28652005420909843,2025-10-10 01:13:13
3,221,0.024506733788682736,-0.2861294293261651,2025-10-10 01:13:13
3,222,0.0240587857569246,-0.28573644806821236,2025-10-10 01:13:13
3,223,0.023609615021305083,-0.2853411555620868,2025-10-10 01:13:13
3,224,0.023159245148552207,-0.28494359612783854,2025-10-10 01:13:13
3,225,0.022707699281509845,-0.2845438132913369,2025-10-10 01:13:13
3,226,0.022255000145830896,-0.2841418497967388,2025-10-10 01:13:13
3,227,0.02180117005658416,-0.28373774761881043,2025-10-10 01:13:13
3,228,0.021346230924775215,-0.2833315479751009,2025-10-10 01:13:13
3,229,0.020890204263781697,-0.28292329133796873,2025-10-10 01:13:13
3,230,0.02043311119570338,-0.2825130174464607,2025-10-10 01:13:13
3,231,0.019974972457627634,-0.28210076531804334,2025-10-10 01:13:13
3,232,0.019515808407810736,-0.28168657326018753,2025-10-10 01:13:13
3,233,0.01905563903177571,-0.2812704788818062,2025-10-10 01:13:13
3,234,0.01859448394832734,-0.28085251910454584,2025-10-10 01:13:13
3,235,0.018132362415485038,-0.2804327301739329,2025-10-10 01:13:13
3,236,0.017669293336334376,-0.28001114767037444,2025-10-10 01:13:13
3,237,0.017205295264798016,-0.27958780652001525,2025-10-10 01:13:13
3,238,0.016740386411326885,-0.2791627410054513,2025-10-10 01:13:13
3,239,0.016274584648512468,-0.27873598477630074,2025-10-10 01:13:13
3,240,0.015807907516621075,-0.2783075708596335,2025-10-10 01:13:13
3,241,0.015340372229051031,-0.27787753167026036,2025-10-10 01:13:13
3,242,0.014871995677713672,-0.2774458990208827,2025-10-10 01:13:13
3,243,0.014402794438339162,-0.2770127041321037,2025-10-10 01:13:13
3,244,0.013932784775708059,-0.2765779776423032,2025-10-10 01:13:13
3,245,0.013461982648809635,-0.27614174961737553,2025-10-10 01:13:13
3,246,0.012990403715927946,-0.27570404956033406,2025-10-10 01:13:13
3,247,0.01251806333965665,-0.2752649064207816,2025-10-10 01:13:13
3,248,0.01204497659184359,-0.2748243486042491,2025-10-10 01:13:13
3,249,0.01157115825846618,-0.2743824039814038,2025-10-10 01:13:13
3,250,0.011096622844438565,-0.27393909989712817,2025-10-10 01:13:13
3,251,0.01062138457835162,-0.27349446317947107,2025-10-10 01:13:13
3,252,0.010145457417146782,-0.27304852014847225,2025-10-10 01:13:13
3,253,0.009668855050724725,-0.2726012966248622,2025-10-10 01:13:13
3,254,0.009191590906489881,-0.27215281793863827,2025-10-10 01:13:13
3,255,0.008713678153831814,-0.2717031089375188,2025-10-10 01:13:13
3,256,0.008235129708544422,-0.27125219399527667,2025-10-10 01:13:13
3,257,0.007755958237183934,-0.27080009701995333,2025-10-10 01:13:13
3,258,0.007276176161366684,-0.2703468414619555,2025-10-10 01:13:13
3,259,0.006795795662007577,-0.2698924503220353,2025-10-10 01:13:13
3,260,0.006314828683500197,-0.26943694615915575,2025-10-10 01:13:13
3,261,0.0058332869378394615,-0.26898035109824253,2025-10-10 01:13:13
3,262,0.0053511819086877075,-0.26852268683782404,2025-10-10 01:13:13
3,263,0.004868524855385086,-0.26806397465756066,2025-10-10 01:13:13
3,264,0.004385326816905115,-0.26760423542566497,2025-10-10 01:13:13
3,265,0.003901598615756222,-0.26714348960621404,2025-10-10 01:13:13
3,266,0.0034173508618300717,-0.26668175726635523,2025-10-10 01:13:13
3,267,0.002932593956197471,-0.2662190580834072,2025-10-10 01:13:13
3,268,0.002447338094852608,-0.2657554113518565,2025-10-10 01:13:13
3,269,0.001961593272406352,-0.2652908359902524,2025-10-10 01:13:13
3,270,0.001475369285729333,-0.2648253505480001,2025-10-10 01:13:13
3,271,0.0009886757375454725,-0.2643589732120542,2025-10-10 01:13:13
3,272,0.0005015220399766315,-0.2638917218135132,2025-10-10 01:13:13
3,273,1.3917418039004138e-05,-0.26342361383411694,2025-10-10 01:13:13
3,274,-0.0004741290869081403,-0.2629546664126474,2025-10-10 01:13:13
3,275,-0.0009626086137607833,-0.2624848963512346,2025-10-10 01:13:13
3,276,-0.0014515124783150012,-0.2620143201215685,2025-10-10 01:13:13
3,277,-0.0019408321699577982,-0.26154295387101784,2025-10-10 01:13:13
3,278,-0.002430559348403428,-0.26107081342865746,2025-10-10 01:13:13
3,279,-0.002920685840474725,-0.2605979143112049,2025-10-10 01:13:13
3,280,-0.003411203636928997,-0.26012427172886693,2025-10-10 01:13:13
3,281,-0.0039021048893280496,-0.2596499005910981,2025-10-10 01:13:13
3,282,-0.004393381906951941,-0.25917481551227106,2025-10-10 01:13:13
3,283,-0.004885027153756087,-0.25869903081726026,2025-10-10 01:13:13
3,284,-0.005377033245371362,-0.2582225605469401,2025-10-10 01:13:13
3,285,-0.0058693929461468555,-0.25774541846359816,2025-10-10 01:13:13
3,286,-0.0063620991662349784,-0.2572676180562642,2025-10-10 01:13:13
3,287,-0.006855144958718621,-0.2567891725459563,2025-10-10 01:13:13
3,288,-0.0073485235167800944,-0.25631009489084466,2025-10-10 01:13:13
3,289,-0.007842228170911599,-0.25583039779133415,2025-10-10 01:13:13
3,290,-0.008336252386166983,-0.2553500936950656,2025-10-10 01:13:13
3,291,-0.00883058975945457,-0.2548691948018381,2025-10-10 01:13:13
3,292,-0.009325234016870868,-0.2543877130684515,2025-10-10 01:13:13
3,293,-0.009820179011074941,-0.2539056602134706,2025-10-10 01:13:13
3,294,-0.010315418718703305,-0.2534230477219123,2025-10-10 01:13:13
3,295,-0.010810947237825155,-0.252939886849855,2025-10-10 01:13:13
3,296,-0.01130675878543779,-0.25245618862897223,2025-10-10 01:13:13
3,297,-0.011802847695002092,-0.25197196387099063,2025-10-10 01:13:13
3,298,-0.01229920841401793,-0.251487223172073,2025-10-10 01:13:13
3,299,-0.01279583550163935,-0.25100197691712695,2025-10-10 01:13:13
3,300,-0.013292723626329462,-0.25051623528404005,2025-10-10 01:13:13
3,301,-0.013789867563554891,-0.25003000824784205,2025-10-10 01:13:13
3,302,-0.014287262193519692,-0.24954330558479454,2025-10-10 01:13:13
3,303,-0.014784902498938622,-0.24905613687640893,2025-10-10 01:13:13
3,304,-0.015282783562849681,-0.2485685115133933,2025-10-10 01:13:13
3,305,-0.015780900566465795,-0.24808043869952853,2025-10-10 01:13:13
3,306,-0.01627924878706556,-0.24759192745547468,2025-10-10 01:13:13
3,307,-0.016777823595922947,-0.24710298662250768,2025-10-10 01:13:13
3,308,-0.017276620456275826,-0.24661362486618751,2025-10-10 01:13:13
3,309,-0.017775634921333248,-0.24612385067995798,2025-10-10 01:13:13
3,310,-0.01827486263232133,-0.24563367238867895,2025-10-10 01:13:13
3,311,-0.018774299316567638,-0.24514309815209145,2025-10-10 01:13:13
3,312,-0.01927394078562393,-0.2446521359682165,2025-10-10 01:13:13
3,313,-0.01977378293342713,-0.24416079367668778,2025-10-10 01:13:13
3,314,-0.02027382173449838,-0.2436690789620193,2025-10-10 01:13:13
3,315,-0.020774053242179995,-0.24317699935680837,2025-10-10 01:13:13
3,316,-0.021274473586910203,-0.24268456224487428,2025-10-10 01:13:13
3,317,-0.02177507897453541,-0.24219177486433388,2025-10-10 01:13:13
3,318,-0.022275865684659873,-0.24169864431061405,2025-10-10 01:13:13
3,319,-0.02277683006903251,-0.24120517753940213,2025-10-10 01:13:13
3,320,-0.02327796854997067,-0.24071138136953474,2025-10-10 01:13:13
3,321,-0.023779277618820586,-0.24021726248582573,2025-10-10 01:13:13
3,322,-0.0242807538344543,-0.23972282744183382,2025-10-10 01:13:13
3,323,-0.024782393821802723,-0.23922808266257078,2025-10-10 01:13:13
3,324,-0.02528419427042462,-0.23873303444715063,2025-10-10 01:13:13
3,325,-0.025786151933111155,-0.23823768897138065,2025-10-10 01:13:13
3,326,-0.02628826362452569,-0.23774205229029488,2025-10-10 01:13:13
3,327,-0.026790526219878506,-0.23724613034063097,2025-10-10 01:13:13
3,328,-0.027292936653636073,-0.23674992894325092,2025-10-10 01:13:13
3,329,-0.02779549191826448,-0.23625345380550644,2025-10-10 01:13:13
3,330,-0.02829818906300666,-0.23575671052355,2025-10-10 01:13:13
3,331,-0.028801025192692956,-0.23525970458459192,2025-10-10 01:13:13
3,332,-0.0293039974665846,-0.23476244136910462,2025-10-10 01:13:13
3,333,-0.02980710309724966,-0.23426492615297476,2025-10-10 01:13:13
3,334,-0.030310339349470986,-0.23376716410960383,2025-10-10 01:13:13
3,335,-0.030813703539185604,-0.23326916031195852,2025-10-10 01:13:13
3,336,-0.031317193032455136,-0.23277091973457123,2025-10-10 01:13:13
3,337,-0.031820805244466635,-0.23227244725549182,2025-10-10 01:13:13
3,338,-0.03232453763856332,-0.2317737476581915,2025-10-10 01:13:13
3,339,-0.032828387725304664,-0.2312748256334196,2025-10-10 01:13:13
3,340,-0.03333235306155516,-0.23077568578101423,2025-10-10 01:13:13
3,341,-0.03383643124960131,-0.2302763326116677,2025-10-10 01:13:13
3,342,-0.034340619936296085,-0.22977677054864762,2025-10-10 01:13:13
3,343,-0.03484491681223025,-0.2292770039294747,2025-10-10 01:13:13
3,344,-0.03534931961093001,-0.22877703700755792,2025-10-10 01:13:13
3,345,-0.03585382610808014,-0.2282768739537884,2025-10-10 01:13:13
3,346,-0.03635843412077208,-0.22777651885809275,2025-10-10 01:13:13
3,347,-0.036863141506776206,-0.22727597573094666,2025-10-10 01:13:13
3,348,-0.037367946163837616,-0.22677524850485017,2025-10-10 01:13:13
3,349,-0.037872846028994704,-0.2262743410357652,2025-10-10 01:13:13
3,350,-0.03837783907791983,-0.22577325710451643,2025-10-10 01:13:13
3,351,-0.038882923324281296,-0.22527200041815684,2025-10-10 01:13:13
3,352,-0.03938809681912596,-0.22477057461129832,2025-10-10 01:13:13
3,353,-0.039893357650281666,-0.22426898324740877,2025-10-10 01:13:13
3,354,-0.04039870394177883,-0.22376722982007677,2025-10-10 01:13:13
3,355,-0.040904133853290295,-0.2232653177542444,2025-10-10 01:13:13
3,356,-0.04140964557958885,-0.22276325040740966,2025-10-10 01:13:13
3,357,-0.041915237350021506,-0.2222610310707991,2025-10-10 01:13:13
3,358,-0.042420907427999865,-0.22175866297051205,2025-10-10 01:13:13
3,359,-0.04292665411050577,-0.2212561492686372,2025-10-10 01:13:13
3,360,-0.04343247572761147,-0.22075349306434242,2025-10-10 01:13:13
3,361,-0.043938370642013544,-0.22025069739493908,2025-10-10 01:13:13
3,362,-0.044444337248579865,-0.2197477652369218,2025-10-10 01:13:13
3,363,-0.04495037397390878,-0.21924469950698441,2025-10-10 01:13:13
3,364,-0.0454564792758998,-0.21874150306301315,2025-10-10 01:13:13
3,365,-0.04596265164333505,-0.2182381787050582,2025-10-10 01:13:13
3,366,-0.04646888959547077,-0.2177347291762844,2025-10-10 01:13:13
3,367,-0.04697519168163807,-0.2172311571639019,2025-10-10 01:13:13
3,368,-0.04748155648085234,-0.2167274653000781,2025-10-10 01:13:13
3,369,-0.04798798260143049,-0.21622365616283118,2025-10-10 01:13:13
3,370,-0.04849446868061543,-0.21571973227690658,2025-10-10 01:13:13
3,371,-0.04900101338420707,-0.21521569611463717,2025-10-10 01:13:13
3,372,-0.04950761540619917,-0.2147115500967878,2025-10-10 01:13:13
3,373,-0.05001427346842141,-0.2142072965933851,2025-10-10 01:13:13
3,374,-0.05052098632018612,-0.2137029379245337,2025-10-10 01:13:13
3,375,-0.0510277527379389,-0.213198476361219,2025-10-10 01:13:13
3,376,-0.05153457152491273,-0.2126939141260977,2025-10-10 01:13:13
3,377,-0.05204144151078487,-0.21218925339427697,2025-10-10 01:13:13
3,378,-0.052548361551336006,-0.21168449629408234,2025-10-10 01:13:13
3,379,-0.05305533052811128,-0.21117964490781574,2025-10-10 01:13:13
3,380,-0.053562347348082434,-0.2106747012725037,2025-10-10 01:13:13
3,381,-0.054069410943310796,-0.210169667380637,2025-10-10 01:13:13
3,382,-0.054576520270610614,-0.20966454518090166,2025-10-10 01:13:13
3,383,-0.05508367431121221,-0.20915933657890248,2025-10-10 01:13:13
3,384,-0.05559087207042467,-0.20865404343787936,2025-10-10 01:13:13
3,385,-0.056098112577297625,-0.20814866757941694,2025-10-10 01:13:13
3,386,-0.05660539488428174,-0.20764321078414824,2025-10-10 01:13:13
3,387,-0.05711271806688772,-0.2071376747924525,2025-10-10 01:13:13
3,388,-0.05762008122334331,-0.20663206130514788,2025-10-10 01:13:13
3,389,-0.05812748347424829,-0.2061263719841794,2025-10-10 01:13:13
3,390,-0.05863492396222692,-0.2056206084533023,2025-10-10 01:13:13
3,391,-0.05914240185157794,-0.20511477229876138,2025-10-10 01:13:13
3,392,-0.059649916327921604,-0.2046088650699667,2025-10-10 01:13:13
3,393,-0.060157466597843906,-0.2041028882801656,2025-10-10 01:13:13
3,394,-0.0606650518885376,-0.20359684340711165,2025-10-10 01:13:13
3,395,-0.06117267144744008,-0.2030907318937305,2025-10-10 01:13:13
3,396,-0.06168032454186797,-0.202584555148783,2025-10-10 01:13:13
3,397,-0.06218801045864839,-0.20207831454752567,2025-10-10 01:13:13
3,398,-0.0626957285037469,-0.2015720114323686,2025-10-10 01:13:13
3,399,-0.06320347800189204,-0.20106564711353112,2025-10-10 01:13:13
3,400,-0.06371125829619666,-0.20055922286969496,2025-10-10 01:13:13
3,401,-0.06421906874777591,-0.20005273994865544,2025-10-10 01:13:13
3,402,-0.06472690873536216,-0.19954619956797,2025-10-10 01:13:13
3,403,-0.06523477765491674,-0.199039602915605,2025-10-10 01:13:13
3,404,-0.0657426749192389,-0.1985329511505797,2025-10-10 01:13:13
3,405,-0.06625059995757188,-0.19802624540360847,2025-10-10 01:13:13
3,406,-0.06675855221520652,-0.1975194867777401,2025-10-10 01:13:13
3,407,-0.06726653115308241,-0.19701267634899491,2025-10-10 01:13:13
3,408,-0.06777453624738693,-0.19650581516699914,2025-10-10 01:13:13
3,409,-0.06828256698915233,-0.19599890425561642,2025-10-10 01:13:13
3,410,-0.0687906228838513,-0.19549194461357638,2025-10-10 01:13:13
3,411,-0.069298703450991,-0.19498493721510013,2025-10-10 01:13:13
3,412,-0.06980680822370625,-0.1944778830105222,2025-10-10 01:13:13
3,413,-0.07031493674835183,-0.19397078292690906,2025-10-10 01:13:13
3,414,-0.07082308858409447,-0.19346363786867354,2025-10-10 01:13:13
3,415,-0.07133126330250478,-0.19295644871818537,2025-10-10 01:13:13
3,416,-0.0718394604871495,-0.19244921633637713,2025-10-10 01:13:13
3,417,-0.07234767973318444,-0.19194194156334546,2025-10-10 01:13:13
3,418,-0.07285592064694858,-0.19143462521894747,2025-10-10 01:13:13
3,419,-0.07336418284555954,-0.19092726810339153,2025-10-10 01:13:13
3,420,-0.07387246595651101,-0.1904198709978226,2025-10-10 01:13:13
3,421,-0.07438076961727251,-0.1899124346649014,2025-10-10 01:13:13
3,422,-0.07488909347489185,-0.18940495984937736,2025-10-10 01:13:13
3,423,-0.07539743718560073,-0.1888974472786547,2025-10-10 01:13:13
3,424,-0.07590580041442391,-0.18838989766335162,2025-10-10 01:13:13
3,425,-0.07641418283479248,-0.18788231169785188,2025-10-10 01:13:13
3,426,-0.07692258412816148,-0.18737469006084873,2025-10-10 01:13:13
3,427,-0.07743100398363242,-0.18686703341588057,2025-10-10 01:13:13
3,428,-0.07793944209758115,-0.18635934241185814,2025-10-10 01:13:13
3,429,-0.07844789817329141,-0.18585161768358283,2025-10-10 01:13:13
3,430,-0.07895637192059458,-0.18534385985225568,2025-10-10 01:13:13
3,431,-0.07946486305551599,-0.1848360695259768,2025-10-10 01:13:13
3,432,-0.07997337129992821,-0.18432824730023492,2025-10-10 01:13:13
3,433,-0.08048189638121177,-0.18382039375838644,2025-10-10 01:13:13
3,434,-0.08099043803192359,-0.18331250947212405,2025-10-10 01:13:13
3,435,-0.08149899598947365,-0.18280459500193427,2025-10-10 01:13:13
3,436,-0.0820075699958102,-0.1822966508975437,2025-10-10 01:13:13
3,437,-0.08251615979711384,-0.1817886776983538,2025-10-10 01:13:13
3,438,-0.08302476514350082,-0.18128067593386354,2025-10-10 01:13:13
3,439,-0.08353338578873604,-0.18077264612408023,2025-10-10 01:13:13
3,440,-0.08404202148995579,-0.1802645887799176,2025-10-10 01:13:13
3,441,-0.08455067200740085,-0.1797565044035815,2025-10-10 01:13:13
3,442,-0.08505933710415993,-0.17924839348894245,2025-10-10 01:13:13
3,443,-0.08556801654592394,-0.17874025652189512,2025-10-10 01:13:13
3,444,-0.08607671010075123,-0.17823209398070466,2025-10-10 01:13:13
3,445,-0.08658541753884404,-0.17772390633633928,2025-10-10 01:13:13
3,446,-0.08709413863233634,-0.1772156940527894,2025-10-10 01:13:13
3,447,-0.08760287315509334,-0.17670745758737286,2025-10-10 01:13:13
3,448,-0.0881116208825227,-0.17619919739102624,2025-10-10 01:13:13
3,449,-0.08862038159139767,-0.17569091390858227,2025-10-10 01:13:13
3,450,-0.08912915505969224,-0.175182607579033,2025-10-10 01:13:13
3,451,-0.08963794106642842,-0.17467427883577905,2025-10-10 01:13:13
3,452,-0.09014673939153564,-0.1741659281068644,2025-10-10 01:13:13
3,453,-0.09065554981572246,-0.1736575558151974,2025-10-10 01:13:13
3,454,-0.09116437212036045,-0.17314916237875727,2025-10-10 01:13:13
3,455,-0.09167320608738033,-0.17264074821078676,2025-10-10 01:13:13
3,456,-0.09218205149918035,-0.17213231371997065,2025-10-10 01:13:13
3,457,-0.09269090813854676,-0.17162385931060034,2025-10-10 01:13:13
3,458,-0.09319977578858646,-0.17111538538272456,2025-10-10 01:13:13
3,459,-0.09370865423267152,-0.1706068923322865,2025-10-10 01:13:13
3,460,-0.09421754325439563,-0.17009838055124735,2025-10-10 01:13:13
3,461,-0.09472644263754217,-0.16958985042769634,2025-10-10 01:13:13
3,462,-0.09523535216606388,-0.16908130234594795,2025-10-10 01:13:13
3,463,-0.09574427162407385,-0.16857273668662598,2025-10-10 01:13:13
3,464,-0.09625320079584754,-0.16806415382673506,2025-10-10 01:13:13
3,465,-0.09676213946583571,-0.16755555413971976,2025-10-10 01:13:13
3,466,-0.097271087418688,-0.1670469379955116,2025-10-10 01:13:13
3,467,-0.09778004443928663,-0.16653830576056436,2025-10-10 01:13:13
3,468,-0.09828901031279036,-0.16602965779787793,2025-10-10 01:13:13
3,469,-0.09879798482468787,-0.16552099446701102,2025-10-10 01:13:13
3,470,-0.09930696776086058,-0.16501231612408343,2025-10-10 01:13:13
3,471,-0.09981595890765443,-0.16450362312176772,2025-10-10 01:13:13
3,472,-0.10032495805196014,-0.16399491580927122,2025-10-10 01:13:13
3,473,-0.10083396498130168,-0.1634861945323085,2025-10-10 01:13:13
3,474,-0.10134297948393248,-0.16297745963306493,2025-10-10 01:13:13
3,475,-0.10185200134893894,-0.16246871145015157,2025-10-10 01:13:13
3,476,-0.10236103036635079,-0.1619599503185521,2025-10-10 01:13:13
3,477,-0.10287006632725779,-0.16145117656956215,2025-10-10 01:13:13
3,478,-0.10337910902393246,-0.1609423905307215,2025-10-10 01:13:13
3,479,-0.10388815824995816,-0.16043359252573985,2025-10-10 01:13:13
3,480,-0.10439721380036208,-0.1599247828744163,2025-10-10 01:13:13
3,481,-0.1049062754717528,-0.15941596189255358,2025-10-10 01:13:13
3,482,-0.10541534306246157,-0.15890712989186706,2025-10-10 01:13:13
3,483,-0.10592441637268722,-0.15839828717988946,2025-10-10 01:13:13
3,484,-0.10643349520464374,-0.1578894340598716,2025-10-10 01:13:13
3,485,-0.10694257936271033,-0.15738057083067974,2025-10-10 01:13:13
3,486,-0.10745166865358331,-0.15687169778669025,2025-10-10 01:13:13
3,487,-0.10796076288642922,-0.15636281521768183,2025-10-10 01:13:13
3,488,-0.10846986187303871,-0.15585392340872628,2025-10-10 01:13:13
3,489,-0.10897896542798072,-0.15534502264007774,2025-10-10 01:13:13
3,490,-0.10948807336875632,-0.15483611318706175,2025-10-10 01:13:13
3,491,-0.10999718551595176,-0.15432719531996394,2025-10-10 01:13:13
3,492,-0.11050630169339012,-0.15381826930391923,2025-10-10 01:13:13
3,493,-0.1110154217282812,-0.15330933539880215,2025-10-10 01:13:13
3,494,-0.111524545451369,-0.1528003938591186,2025-10-10 01:13:13
3,495,-0.11203367269707636,-0.15229144493389957,2025-10-10 01:13:13
3,496,-0.11254280330364626,-0.15178248886659756,2025-10-10 01:13:13
3,497,-0.11305193711327935,-0.15127352589498594,2025-10-10 01:13:13
3,498,-0.11356107397226714,-0.15076455625106172,2025-10-10 01:13:13
3,499,-0.1140702137311205,-0.15025558016095256,2025-10-10 01:13:13
3,500,-0.11457935624469298,-0.14974659784482786,2025-10-10 01:13:13
3,501,-0.11508850137229859,-0.14923760951681506,2025-10-10 01:13:13
3,502,-0.11559764897782351,-0.14872861538492096,2025-10-10 01:13:13
3,503,-0.11610679892983151,-0.1482196156509589,2025-10-10 01:13:13
3,504,-0.11661595110166259,-0.14771061051048182,2025-10-10 01:13:13
3,505,-0.11712510537152448,-0.147201600152722,2025-10-10 01:13:13
3,506,-0.11763426162257683,-0.14669258476053731,2025-10-10 01:13:13
3,507,-0.11814341974300752,-0.14618356451036482,2025-10-10 01:13:13
3,508,-0.11865257962610105,-0.14567453957218157,2025-10-10 01:13:13
3,509,-0.11916174117029867,-0.14516551010947315,2025-10-10 01:13:13
3,510,-0.11967090427924981,-0.14465647627921024,2025-10-10 01:13:13
3,511,-0.12018006886185496,-0.14414743823183324,2025-10-10 01:13:13
3,512,-0.12068923483229947,-0.14363839611124526,2025-10-10 01:13:13
3,513,-0.12119840211007828,-0.1431293500548138,2025-10-10 01:13:13
3,514,-0.12170757062001133,-0.14262030019338104,2025-10-10 01:13:13
3,515,-0.12221674029224971,-0.1421112466512829,2025-10-10 01:13:13
3,516,-0.12272591106227215,-0.14160218954637738,2025-10-10 01:13:13
3,517,-0.12323508287087205,-0.1410931289900815,2025-10-10 01:13:13
3,518,-0.1237442556641349,-0.14058406508741772,2025-10-10 01:13:13
3,519,-0.12425342939340603,-0.14007499793706935,2025-10-10 01:13:13
3,520,-0.12476260401524883,-0.13956592763144499,2025-10-10 01:13:13
3,521,-0.1252717794913932,-0.1390568542567523,2025-10-10 01:13:13
3,522,-0.1257809557886747,-0.13854777789308065,2025-10-10 01:13:13
3,523,-0.12629013287896407,-0.13803869861449292,2025-10-10 01:13:13
3,524,-0.1267993107390874,-0.1375296164891261,2025-10-10 01:13:13
3,525,-0.12730848935073721,-0.1370205315793007,2025-10-10 01:13:13
3,526,-0.12781766870037437,-0.1365114439416388,2025-10-10 01:13:13
3,527,-0.12832684877912118,-0.1360023536271906,2025-10-10 01:13:13
3,528,-0.12883602958264576,-0.1354932606815691,2025-10-10 01:13:13
3,529,-0.12934521111103794,-0.13498416514509307,2025-10-10 01:13:13
3,530,-0.12985439336867707,-0.13447506705293757,2025-10-10 01:13:13
3,531,-0.13036357636409174,-0.13396596643529218,2025-10-10 01:13:13
3,532,-0.13087276010981203,-0.13345686331752646,2025-10-10 01:13:13
3,533,-0.13138194462221423,-0.13294775772036235,2025-10-10 01:13:13
3,534,-0.13189112992135882,-0.1324386496600532,2025-10-10 01:13:13
3,535,-0.13240031603082153,-0.13192953914856914,2025-10-10 01:13:13
3,536,-0.13290950297751833,-0.1314204261937883,2025-10-10 01:13:13
3,537,-0.1334186907915244,-0.13091131079969368,2025-10-10 01:13:13
3,538,-0.1339278795058877,-0.1304021929665751,2025-10-10 01:13:13
3,539,-0.13443706915643736,-0.129893072691236,2025-10-10 01:13:13
3,540,-0.1349462597815875,-0.12938394996720445,2025-10-10 01:13:13
3,541,-0.13545545142213686,-0.1288748247849481,2025-10-10 01:13:13
3,542,-0.13596464412106457,-0.1283656971320927,2025-10-10 01:13:13
3,543,-0.13647383792332274,-0.12785656699364334,2025-10-10 01:13:13
3,544,-0.13698303287562616,-0.12734743435220855,2025-10-10 01:13:13
3,545,-0.1374922290262397,-0.12683829918822617,2025-10-10 01:13:13
3,546,-0.13800142642476387,-0.1263291614801909,2025-10-10 01:13:13
3,547,-0.138510625121919,-0.12582002120488303,2025-10-10 01:13:13
3,548,-0.13901982516932856,-0.12531087833759746,2025-10-10 01:13:13
3,549,-0.13952902661930214,-0.1248017328523732,2025-10-10 01:13:13
3,550,-0.14003822952461856,-0.12429258472222217,2025-10-10 01:13:13
3,551,-0.1405474339383097,-0.12378343391935724,2025-10-10 01:13:13
3,552,-0.14105663991344533,-0.12327428041541884,2025-10-10 01:13:13
3,553,-0.14156584750291973,-0.1227651241816996,2025-10-10 01:13:13
3,554,-0.14207505675924043,-0.12225596518936681,2025-10-10 01:13:13
3,555,-0.14258426773431945,-0.12174680340968175,2025-10-10 01:13:13
3,556,-0.14309348047926798,-0.12123763881421587,2025-10-10 01:13:13
3,557,-0.14360269504419426,-0.12072847137506303,2025-10-10 01:13:13
3,558,-0.14411191147800587,-0.12021930106504751,2025-10-10 01:13:13
3,559,-0.14462112982821637,-0.11971012785792723,2025-10-10 01:13:13
3,560,-0.14513035014075706,-0.11920095172859177,2025-10-10 01:13:13
3,561,-0.14563957245979403,-0.1186917726532548,2025-10-10 01:13:13
3,562,-0.1461487968275511,-0.11818259060964041,2025-10-10 01:13:13
3,563,-0.14665802328413916,-0.11767340557716303,2025-10-10 01:13:13
3,564,-0.14716725186739193,-0.11716421753710043,2025-10-10 01:13:13
3,565,-0.14767648261270905,-0.11665502647275955,2025-10-10 01:13:13
3,566,-0.14818571555290627,-0.11614583236963467,2025-10-10 01:13:13
3,567,-0.14869495071807368,-0.11563663521555775,2025-10-10 01:13:13
3,568,-0.14920418813544184,-0.11512743500084041,2025-10-10 01:13:13
3,569,-0.14971342782925634,-0.11461823171840738,2025-10-10 01:13:13
3,570,-0.15022266982066104,-0.11410902536392112,2025-10-10 01:13:13
3,571,-0.15073191412759032,-0.11359981593589737,2025-10-10 01:13:13
3,572,-0.15124116076467037,-0.11309060343581123,2025-10-10 01:13:13
3,573,-0.1517504097431301,-0.1125813878681938,2025-10-10 01:13:13
3,574,-0.15225966107072134,-0.11207216924071899,2025-10-10 01:13:13
3,575,-0.15276891475164928,-0.11156294756428038,2025-10-10 01:13:13
3,576,-0.15327817078651232,-0.11105372285305809,2025-10-10 01:13:13
3,577,-0.15378742917225247,-0.1105444951245753,2025-10-10 01:13:13
3,578,-0.1542966899021155,-0.11003526439974459,2025-10-10 01:13:13
3,579,-0.1548059529656217,-0.10952603070290383,2025-10-10 01:13:13
3,580,-0.15531521834854653,-0.10901679406184164,2025-10-10 01:13:13
3,581,-0.15582448603291213,-0.10850755450781245,2025-10-10 01:13:13
3,582,-0.15633375599698854,-0.10799831207554102,2025-10-10 01:13:13
3,583,-0.1568430282153057,-0.10748906680321661,2025-10-10 01:13:13
3,584,-0.15735230265867547,-0.10697981873247675,2025-10-10 01:13:13
3,585,-0.15786157929422387,-0.10647056790838065,2025-10-10 01:13:13
3,586,-0.1583708580854334,-0.10596131437937252,2025-10-10 01:13:13
3,587,-0.15888013899219539,-0.10545205819723476,2025-10-10 01:13:13
3,588,-0.15938942197087191,-0.10494279941703118,2025-10-10 01:13:13
3,589,-0.1598987069743677,-0.1044335380970406,2025-10-10 01:13:13
3,590,-0.16040799395221117,-0.10392427429868083,2025-10-10 01:13:13
3,591,-0.16091728285064477,-0.10341500808642326,2025-10-10 01:13:13
3,592,-0.16142657361272444,-0.10290573952769853,2025-10-10 01:13:13
3,593,-0.1619358661784275,-0.10239646869279326,2025-10-10 01:13:13
3,594,-0.16244516048476923,-0.10188719565473826,2025-10-10 01:13:13
3,595,-0.1629544564659274,-0.10137792048918866,2025-10-10 01:13:13
3,596,-0.16346375405337465,-0.10086864327429595,2025-10-10 01:13:13
3,597,-0.16397305317601835,-0.10035936409057267,2025-10-10 01:13:13
3,598,-0.16448235376034737,-0.09985008302074976,2025-10-10 01:13:13
3,599,-0.1649916557305858,-0.09934080014962729,2025-10-10 01:13:13
3,600,-0.16550095900885284,-0.09883151556391864,2025-10-10 01:13:13
3,601,-0.1660102635153285,-0.09832222935208884,2025-10-10 01:13:13
3,602,-0.16651956916842486,-0.09781294160418724,2025-10-10 01:13:13
3,603,-0.16702887588496243,-0.0973036524116752,2025-10-10 01:13:13
3,604,-0.1675381835803508,-0.09679436186724903,2025-10-10 01:13:13
3,605,-0.1680474921687737,-0.09628507006465883,2025-10-10 01:13:13
3,606,-0.16855680156337752,-0.09577577709852356,2025-10-10 01:13:13
3,607,-0.16906611167646293,-0.09526648306414291,2025-10-10 01:13:13
3,608,-0.16957542241967935,-0.09475718805730651,2025-10-10 01:13:13
3,609,-0.17008473370422134,-0.09424789217410079,2025-10-10 01:13:13
3,610,-0.1705940454410268,-0.09373859551071419,2025-10-10 01:13:13
3,611,-0.17110335754097628,-0.09322929816324114,2025-10-10 01:13:13
3,612,-0.17161266991509286,-0.0927200002274854,2025-10-10 01:13:13
3,613,-0.17212198247474228,-0.09221070179876302,2025-10-10 01:13:13
3,614,-0.17263129513183256,-0.09170140297170584,2025-10-10 01:13:13
3,615,-0.17314060779901283,-0.09119210384006565,2025-10-10 01:13:13
3,616,-0.1736499203898707,-0.09068280449651979,2025-10-10 01:13:13
3,617,-0.17415923281912776,-0.09017350503247852,2025-10-10 01:13:13
3,618,-0.17466854500283263,-0.08966420553789477,2025-10-10 01:13:13
3,619,-0.17517785685855117,-0.08915490610107668,2025-10-10 01:13:13
3,620,-0.1756871683055533,-0.08864560680850354,2025-10-10 01:13:13
3,621,-0.17619647926499604,-0.08813630774464544,2025-10-10 01:13:13
3,622,-0.17670578966010203,-0.0876270089917872,2025-10-10 01:13:13
3,623,-0.17721509941633345,-0.08711771062985706,2025-10-10 01:13:13
3,624,-0.17772440846156076,-0.08660841273626045,2025-10-10 01:13:13
3,625,-0.1782337167262256,-0.0860991153857195,2025-10-10 01:13:13
3,626,-0.17874302414349783,-0.08558981865011836,2025-10-10 01:13:13
3,627,-0.179252330649426,-0.08508052259835507,2025-10-10 01:13:13
3,628,-0.179761636183081,-0.08457122729620022,2025-10-10 01:13:13
3,629,-0.18027094068669247,-0.08406193280616268,2025-10-10 01:13:13
3,630,-0.18078024410577775,-0.08355263918736297,2025-10-10 01:13:13
3,631,-0.18128954638926284,-0.08304334649541431,2025-10-10 01:13:13
3,632,-0.18179884748959516,-0.08253405478231202,2025-10-10 01:13:13
3,633,-0.18230814736284795,-0.08202476409633117,2025-10-10 01:13:13
3,634,-0.1828174459688158,-0.08151547448193305,2025-10-10 01:13:13
3,635,-0.18332674327110113,-0.0810061859796806,2025-10-10 01:13:13
3,636,-0.18383603923719166,-0.08049689862616292,2025-10-10 01:13:13
3,637,-0.18434533383852822,-0.07998761245392934,2025-10-10 01:13:13
3,638,-0.18485462705056316,-0.0794783274914328,2025-10-10 01:13:13
3,639,-0.18536391885280887,-0.0789690437629832,2025-10-10 01:13:13
3,640,-0.18587320922887648,-0.07845976128871035,2025-10-10 01:13:13
3,641,-0.18638249816650465,-0.07795048008453709,2025-10-10 01:13:13
3,642,-0.18689178565757814,-0.07744120016216222,2025-10-10 01:13:13
3,643,-0.18740107169813644,-0.07693192152905362,2025-10-10 01:13:13
3,644,-0.18791035628837216,-0.07642264418845147,2025-10-10 01:13:13
3,645,-0.18841963943261936,-0.07591336813938152,2025-10-10 01:13:13
3,646,-0.18892892113933168,-0.07540409337667842,2025-10-10 01:13:13
3,647,-0.1894382014210505,-0.07489481989101923,2025-10-10 01:13:13
3,648,-0.189947480294363,-0.07438554766896668,2025-10-10 01:13:13
3,649,-0.1904567577798505,-0.07387627669302244,2025-10-10 01:13:13
3,650,-0.19096603390202682,-0.07336700694168999,2025-10-10 01:13:13
3,651,-0.19147530868926727,-0.07285773838954726,2025-10-10 01:13:13
3,652,-0.19198458217372796,-0.0723484710073285,2025-10-10 01:13:13
3,653,-0.19249385439125608,-0.07183920476201541,2025-10-10 01:13:13
3,654,-0.19300312538129094,-0.0713299396169374,2025-10-10 01:13:13
3,655,-0.19351239518675645,-0.07082067553188037,2025-10-10 01:13:13
3,656,-0.1940216638539449,-0.07031141246320419,2025-10-10 01:13:13
3,657,-0.1945309314323926,-0.06980215036396827,2025-10-10 01:13:13
3,658,-0.19504019797474767,-0.06929288918406504,2025-10-10 01:13:13
3,659,-0.19554946353662997,-0.06878362887036107,2025-10-10 01:13:13
3,660,-0.19605872817648412,-0.06827436936684533,2025-10-10 01:13:13
3,661,-0.19656799195542538,-0.06776511061478434,2025-10-10 01:13:13
3,662,-0.19707725493707914,-0.06725585255288381,2025-10-10 01:13:13
3,663,-0.19758651718741424,-0.06674659511745641,2025-10-10 01:13:13
3,664,-0.19809577877457066,-0.06623733824259513,2025-10-10 01:13:13
3,665,-0.19860503976868188,-0.06572808186035192,2025-10-10 01:13:13
3,666,-0.19911430024169244,-0.06521882590092118,2025-10-10 01:13:13
3,667,-0.19962356026717115,-0.06470957029282752,2025-10-10 01:13:13
3,668,-0.20013281992012033,-0.0642003149631175,2025-10-10 01:13:13
3,669,-0.20064207927678165,-0.06369105983755469,2025-10-10 01:13:13
3,670,-0.20115133841443905,-0.06318180484081778,2025-10-10 01:13:13
3,671,-0.20166059741121908,-0.06267254989670104,2025-10-10 01:13:13
3,672,-0.2021698563458894,-0.062163294928316765,2025-10-10 01:13:13
3,673,-0.2026791152976557,-0.06165403985829918,2025-10-10 01:13:13
3,674,-0.20318837434595774,-0.061144784609009316,2025-10-10 01:13:13
3,675,-0.20369763357026488,-0.060635529102740233,2025-10-10 01:13:13
3,676,-0.2042068930498717,-0.0601262732619223,2025-10-10 01:13:13
3,677,-0.20471615286369413,-0.05961701700932779,2025-10-10 01:13:13
3,678,-0.2052254130900667,-0.05910776026827447,2025-10-10 01:13:13
3,679,-0.2057346738065413,-0.05859850296282754,2025-10-10 01:13:13
3,680,-0.2062439350896881,-0.058089245017999544,2025-10-10 01:13:13
3,681,-0.2067531970148989,-0.05757998635994768,2025-10-10 01:13:13
3,682,-0.2072624596561936,-0.05707072691616802,2025-10-10 01:13:13
3,683,-0.2077717230860304,-0.056561466615686166,2025-10-10 01:13:13
3,684,-0.20828098737511958,-0.056052205389243964,2025-10-10 01:13:13
3,685,-0.20879025259224215,-0.05554294316948164,2025-10-10 01:13:13
3,686,-0.20929951880407327,-0.05503367989111504,2025-10-10 01:13:13
3,687,-0.209808786075011,-0.05452441549110748,2025-10-10 01:13:13
3,688,-0.21031805446701082,-0.05401514990883584,2025-10-10 01:13:13
3,689,-0.21082732403942653,-0.05350588308625036,2025-10-10 01:13:13
3,690,-0.2113365948488575,-0.052996614968027905,2025-10-10 01:13:13
3,691,-0.2118458669490031,-0.05248734550171821,2025-10-10 01:13:13
3,692,-0.2123551403905243,-0.05197807463788277,2025-10-10 01:13:13
3,693,-0.21286441522091312,-0.05146880233022602,2025-10-10 01:13:13
3,694,-0.21337369148436994,-0.05095952853571857,2025-10-10 01:13:13
3,695,-0.2138829692216892,-0.05045025321471202,2025-10-10 01:13:13
3,696,-0.21439224847015367,-0.04994097633104523,2025-10-10 01:13:13
3,697,-0.21490152926343759,-0.049431697852141715,2025-10-10 01:13:13
3,698,-0.2154108116315189,-0.048922417749097905,2025-10-10 01:13:13
3,699,-0.2159200956006008,-0.0484131359967621,2025-10-10 01:13:13
3,700,-0.2164293811930428,-0.0479038525738039,2025-10-10 01:13:13
3,701,-0.21693866842730145,-0.047394567462773936,2025-10-10 01:13:13
3,702,-0.2174479573178809,-0.04688528065015377,2025-10-10 01:13:13
3,703,-0.21795724787529352,-0.046375992126395836,2025-10-10 01:13:13
3,704,-0.2184665401060303,-0.04586670188595331,2025-10-10 01:13:13
3,705,-0.21897583401254167,-0.04535740992729986,2025-10-10 01:13:13
3,706,-0.21948512959322825,-0.04484811625293926,2025-10-10 01:13:13
3,707,-0.21999442684244197,-0.04433882086940471,2025-10-10 01:13:13
3,708,-0.2205037257504973,-0.04382952378724807,2025-10-10 01:13:13
3,709,-0.22101302630369252,-0.04332022502101884,2025-10-10 01:13:13
3,710,-0.22152232848434134,-0.04281092458923314,2025-10-10 01:13:13
3,711,-0.22203163227081427,-0.04230162251433253,2025-10-10 01:13:13
3,712,-0.22254093763759014,-0.04179231882263302,2025-10-10 01:13:13
3,713,-0.22305024455531722,-0.04128301354426421,2025-10-10 01:13:13
3,714,-0.22355955299088404,-0.04077370671309886,2025-10-10 01:13:13
3,715,-0.22406886290749972,-0.04026439836667293,2025-10-10 01:13:13
3,716,-0.2245781742647835,-0.03975508854609642,2025-10-10 01:13:13
3,717,-0.22508748701886322,-0.039245777295955145,2025-10-10 01:13:13
3,718,-0.22559680112248276,-0.03873646466420374,2025-10-10 01:13:13
3,719,-0.22610611652511778,-0.038227150702050135,2025-10-10 01:13:13
3,720,-0.22661543317309982,-0.03771783546383182,2025-10-10 01:13:13
3,721,-0.22712475100974827,-0.03720851900688418,2025-10-10 01:13:13
3,722,-0.2276340699755099,-0.036699201391401294,2025-10-10 01:13:13
3,723,-0.2281433900081056,-0.036189882680289415,2025-10-10 01:13:13
3,724,-0.2286527110426841,-0.03568056293901368,2025-10-10 01:13:13
3,725,-0.2291620330119819,-0.035171242235438285,2025-10-10 01:13:13
3,726,-0.2296713558464896,-0.0346619206396606,2025-10-10 01:13:13
3,727,-0.2301806794746236,-0.03415259822383962,2025-10-10 01:13:13
3,728,-0.23069000382290322,-0.03364327506201918,2025-10-10 01:13:13
3,729,-0.23119932881613253,-0.0331339512299464,2025-10-10 01:13:13
3,730,-0.23170865437758642,-0.032624626804885766,2025-10-10 01:13:13
3,731,-0.2322179804292007,-0.032115301865429394,2025-10-10 01:13:13
3,732,-0.23272730689176543,-0.031605976491303873,2025-10-10 01:13:13
3,733,-0.23323663368512132,-0.031096650763174187,2025-10-10 01:13:13
3,734,-0.2337459607283583,-0.030587324762445273,2025-10-10 01:13:13
3,735,-0.2342552879400162,-0.03007799857106162,2025-10-10 01:13:13
3,736,-0.23476461523828684,-0.029568672271305475,2025-10-10 01:13:13
3,737,-0.2352739425412168,-0.029059345945594135,2025-10-10 01:13:13
3,738,-0.23578326976691089,-0.028550019676276843,2025-10-10 01:13:13
3,739,-0.23629259683373524,-0.0280406935454318,2025-10-10 01:13:13
3,740,-0.23680192366052,-0.027531367634663764,2025-10-10 01:13:13
3,741,-0.2373112501667607,-0.027022042024902826,2025-10-10 01:13:13
3,742,-0.23782057627281808,-0.026512716796204767,2025-10-10 01:13:13
3,743,-0.23832990190011585,-0.02600339202755357,2025-10-10 01:13:13
3,744,-0.2388392269713357,-0.025494067796666554,2025-10-10 01:13:13
3,745,-0.23934855141060918,-0.024984744179802613,2025-10-10 01:13:13
3,746,-0.23985787514370616,-0.02447542125157405,2025-10-10 01:13:13
3,747,-0.24036719809821902,-0.023966099084762486,2025-10-10 01:13:13
3,748,-0.24087652020374245,-0.02345677775013928,2025-10-10 01:13:13
3,749,-0.24138584139204822,-0.022947457316290925,2025-10-10 01:13:13
3,750,-0.24189516159725444,-0.022438137849449872,2025-10-10 01:13:13
3,751,-0.24240448075598922,-0.02192881941333118,2025-10-10 01:13:13
3,752,-0.24291379880754782,-0.021419502068975402,2025-10-10 01:13:13
3,753,-0.24342311569404332,-0.020910185874598124,2025-10-10 01:13:13
3,754,-0.24393243136055018,-0.020400870885446523,2025-10-10 01:13:13
3,755,-0.24444174575524052,-0.019891557153663284,2025-10-10 01:13:13
3,756,-0.2449510588295126,-0.019382244728158252,2025-10-10 01:13:13
3,757,-0.24546037053811123,-0.018872933654488108,2025-10-10 01:13:13
3,758,-0.24596968083924,-0.018363623974744392,2025-10-10 01:13:13
3,759,-0.24647898969466467,-0.01785431572745014,2025-10-10 01:13:13
3,760,-0.24698829706980782,-0.017345008947465417,2025-10-10 01:13:13
3,761,-0.24749760293383438,-0.01683570366590194,2025-10-10 01:13:13
3,762,-0.2480069072597277,-0.016326399910047057,2025-10-10 01:13:13
3,763,-0.2485162100243563,-0.01581709770329722,2025-10-10 01:13:13
3,764,-0.24902551120853075,-0.015307797065101192,2025-10-10 01:13:13
3,765,-0.24953481079705075,-0.014798498010913022,2025-10-10 01:13:13
3,766,-0.2500441087787424,-0.014289200552155025,2025-10-10 01:13:13
3,767,-0.2505534051464851,-0.013779904696190774,2025-10-10 01:13:13
3,768,-0.2510626998972289,-0.01327061044630821,2025-10-10 01:13:13
3,769,-0.251571993032001,-0.012761317801712909,2025-10-10 01:13:13
3,770,-0.2520812845559027,-0.01225202675753152,2025-10-10 01:13:13
3,771,-0.2525905744780956,-0.011742737304825356,2025-10-10 01:13:13
3,772,-0.2530998628117782,-0.011233449430614129,2025-10-10 01:13:13
3,773,-0.2536091495741523,-0.010724163117909752,2025-10-10 01:13:13
3,774,-0.25411843478637897,-0.010214878345760117,2025-10-10 01:13:13
3,775,-0.2546277184735253,-0.009705595089302774,2025-10-10 01:13:13
3,776,-0.25513700066450085,-0.009196313319828333,2025-10-10 01:13:13
3,777,-0.2556462813919849,-0.008687033004853469,2025-10-10 01:13:13
3,778,-0.25615556069234413,-0.00817775410820332,2025-10-10 01:13:13
3,779,-0.256664838605541,-0.007668476590103102,2025-10-10 01:13:13
3,780,-0.2571741151750333,-0.007159200407278679,2025-10-10 01:13:13
3,781,-0.25768339044766503,-0.006649925513065863,2025-10-10 01:13:13
3,782,-0.2581926644735486,-0.006140651857528164,2025-10-10 01:13:13
3,783,-0.2587019373059391,-0.00563137938758269,2025-10-10 01:13:13
3,784,-0.25921120900110056,-0.005122108047133888,2025-10-10 01:13:13
3,785,-0.2597204796181649,-0.004612837777214801,2025-10-10 01:13:13
3,786,-0.26022974921898345,-0.004103568516135468,2025-10-10 01:13:13
3,787,-0.260739017867972,-0.003594300199638115,2025-10-10 01:13:13
3,788,-0.2612482856319491,-0.003085032761058744,2025-10-10 01:13:13
3,789,-0.26175755257996863,-0.002575766131494711,2025-10-10 01:13:13
3,790,-0.26226681878314695,-0.0020665002399778845,2025-10-10 01:13:13
3,791,-0.2627760843144842,-0.0015572350136529435,2025-10-10 01:13:13
3,792,-0.2632853492486817,-0.0010479703779603757,2025-10-10 01:13:13
3,793,-0.2637946136619548,-0.0005387062568237163,2025-10-10 01:13:13
3,794,-0.26430387763184165,-2.9442572840559242e-05,2025-10-10 01:13:13
3,795,-0.26481314123700933,0.0004798207525231334,2025-10-10 01:13:13
3,796,-0.2653224045570564,0.0009890837987359112,2025-10-10 01:13:13
3,797,-0.2658316676723139,0.0014983466460013963,2025-10-10 01:13:13
3,798,-0.2663409306636439,0.0020076093750570232,2025-10-10 01:13:13
3,799,-0.26685019361223694,0.00251687206697146,2025-10-10 01:13:13
3,800,-0.2673594565994089,0.0030261348029412168,2025-10-10 01:13:13
3,801,-0.2678687197063973,0.003535397664086952,2025-10-10 01:13:13
3,802,-0.26837798301415783,0.00404466073124998,2025-10-10 01:13:13
3,803,-0.2688872466031615,0.004553924084789494,2025-10-10 01:13:13
3,804,-0.2693965105531933,0.0050631878043810065,2025-10-10 01:13:13
3,805,-0.26990577494315243,0.005572451968816513,2025-10-10 01:13:13
3,806,-0.27041503985085463,0.00608171665580688,2025-10-10 01:13:13
3,807,-0.2709243053528374,0.006590981941786946,2025-10-10 01:13:13
3,808,-0.2714335715241683,0.007100247901723825,2025-10-10 01:13:13
3,809,-0.271942838438257,0.007609514608928893,2025-10-10 01:13:13
3,810,-0.27245210616667154,0.008118782134873928,2025-10-10 01:13:13
3,811,-0.272961374778959,0.008628050549011853,2025-10-10 01:13:13
3,812,-0.27347064434247137,0.00913731991860255,2025-10-10 01:13:13
3,813,-0.273979914922197,0.009646590308544152,2025-10-10 01:13:13
3,814,-0.27448918658059773,0.010155861781210265,2025-10-10 01:13:13
3,815,-0.27499845937745265,0.010665134396293503,2025-10-10 01:13:13
3,816,-0.2755077333697081,0.01117440821065574,2025-10-10 01:13:13
3,817,-0.27601700861133527,0.011683683278185442,2025-10-10 01:13:13
3,818,-0.27652628515319505,0.012192959649662457,2025-10-10 01:13:13
3,819,-0.27703556304291044,0.012702237372630572,2025-10-10 01:13:13
3,820,-0.2775448423247474,0.013211516491278174,2025-10-10 01:13:13
3,821,-0.2780541230395039,0.013720797046327312,2025-10-10 01:13:13
3,822,-0.2785634052244076,0.01423007907493143,2025-10-10 01:13:13
3,823,-0.2790726889130227,0.014739362610582037,2025-10-10 01:13:13
3,824,-0.27958197413516583,0.015248647683024526,2025-10-10 01:13:13
3,825,-0.28009126091683106,0.01575793431818339,2025-10-10 01:13:13
3,826,-0.2806005492801249,0.016267222538096975,2025-10-10 01:13:13
3,827,-0.2811098392432107,0.016776512360861966,2025-10-10 01:13:13
3,828,-0.2816191308202632,0.017285803800587748,2025-10-10 01:13:13
3,829,-0.28212842402143257,0.017795096867360714,2025-10-10 01:13:13
3,830,-0.2826377188528192,0.018304391567218675,2025-10-10 01:13:13
3,831,-0.2831470153164579,0.018813687902135355,2025-10-10 01:13:13
3,832,-0.28365631341031305,0.019322985870015102,2025-10-10 01:13:13
3,833,-0.284165613128283,0.019832285464697737,2025-10-10 01:13:13
3,834,-0.28467491446021537,0.020341586675973595,2025-10-10 01:13:13
3,835,-0.2851842173919324,0.020850889489608695,2025-10-10 01:13:13
3,836,-0.28569352190526587,0.021360193887379968,2025-10-10 01:13:13
3,837,-0.28620282797810265,0.021869499847120465,2025-10-10 01:13:13
3,838,-0.2867121355844396,0.02237880734277444,2025-10-10 01:13:13
3,839,-0.28722144469444844,0.02288811634446216,2025-10-10 01:13:13
3,840,-0.2877307552745502,0.023397426818554258,2025-10-10 01:13:13
3,841,-0.288240067287499,0.023906738727755502,2025-10-10 01:13:13
3,842,-0.2887493806924749,0.024416052031197705,2025-10-10 01:13:13
3,843,-0.2892586954451859,0.02492536668454159,2025-10-10 01:13:13
3,844,-0.2897680114979783,0.025434682640087324,2025-10-10 01:13:13
3,845,-0.290277328799956,0.025943999846893467,2025-10-10 01:13:13
3,846,-0.2907866472971072,0.026453318250904027,2025-10-10 01:13:13
3,847,-0.29129596693243953,0.026962637795083302,2025-10-10 01:13:13
3,848,-0.29180528764612235,0.02747195841955819,2025-10-10 01:13:13
3,849,-0.292314609375636,0.027981280061767578,2025-10-10 01:13:13
3,850,-0.2928239320559282,0.028490602656618458,2025-10-10 01:13:13
3,851,-0.2933332556195762,0.028999926136648393,2025-10-10 01:13:13
3,852,-0.29384257999695534,0.029509250432193893,2025-10-10 01:13:13
3,853,-0.29435190511641307,0.0300185754715643,2025-10-10 01:13:13
3,854,-0.2948612309044478,0.030527901181220753,2025-10-10 01:13:13
3,855,-0.29537055728589257,0.03103722748595977,2025-10-10 01:13:13
3,856,-0.2958798841841026,0.031546554309100985,2025-10-10 01:13:13
3,857,-0.2963892115211471,0.032055881572678614,2025-10-10 01:13:13
3,858,-0.2968985392180037,0.03256520919763609,2025-10-10 01:13:13
3,859,-0.29740786719475587,0.03307453710402348,2025-10-10 01:13:13
3,860,-0.29791719537079264,0.03358386521119707,2025-10-10 01:13:13
3,861,-0.29842652366501,0.03409319343802079,2025-10-10 01:13:13
3,862,-0.2989358519960134,0.034602521703068746,2025-10-10 01:13:13
3,863,-0.2994451802823212,0.035111849924828596,2025-10-10 01:13:13
3,864,-0.29995450844256816,0.03562117802190507,2025-10-10 01:13:13
3,865,-0.3004638363957087,0.03613050591322323,2025-10-10 01:13:13
3,866,-0.3009731640612195,0.03663983351823095,2025-10-10 01:13:13
3,867,-0.30148249135930044,0.037149160757100015,2025-10-10 01:13:13
3,868,-0.30199181821107424,0.037658487550925525,2025-10-10 01:13:13
3,869,-0.3025011445387833,0.03816781382192292,2025-10-10 01:13:13
3,870,-0.303010470265984,0.03867713949362221,2025-10-10 01:13:13
3,871,-0.30351979531773765,0.039186464491058955,2025-10-10 01:13:13
3,872,-0.3040291196207979,0.03969578874096146,2025-10-10 01:13:13
3,873,-0.3045384431037936,0.04020511217193375,2025-10-10 01:13:13
3,874,-0.3050477656974068,0.04071443471463387,2025-10-10 01:13:13
3,875,-0.30555708733454656,0.041223756301947,2025-10-10 01:13:13
3,876,-0.30606640795051593,0.04173307686915313,2025-10-10 01:13:13
3,877,-0.30657572748317397,0.042242396354088586,2025-10-10 01:13:13
3,878,-0.3070850458730908,0.04275171469730131,2025-10-10 01:13:13
3,879,-0.3075943630636962,0.04326103184219928,2025-10-10 01:13:13
3,880,-0.3081036790014207,0.043770347735191846,2025-10-10 01:13:13
3,881,-0.3086129936358297,0.0442796623258235,2025-10-10 01:13:13
3,882,-0.3091223069197492,0.04478897556689987,2025-10-10 01:13:13
3,883,-0.3096316188093836,0.04529828741460556,2025-10-10 01:13:13
3,884,-0.3101409292644255,0.04580759782861349,2025-10-10 01:13:13
3,885,-0.31065023824815585,0.046316906772185605,2025-10-10 01:13:13
3,886,-0.311159545727536,0.04682621421226456,2025-10-10 01:13:13
3,887,-0.3116688516732901,0.04733552011955621,2025-10-10 01:13:13
3,888,-0.31217815605997823,0.047844824468602734,2025-10-10 01:13:13
3,889,-0.31268745886605986,0.048354127237846135,2025-10-10 01:13:13
3,890,-0.3131967600739478,0.04886342840968201,2025-10-10 01:13:13
3,891,-0.3137060596700519,0.049372727970503454,2025-10-10 01:13:13
3,892,-0.31421535764481306,0.049882025910734956,2025-10-10 01:13:13
3,893,-0.3147246539927271,0.050391322224856226,2025-10-10 01:13:13
3,894,-0.3152339487123583,0.050900616911415904,2025-10-10 01:13:13
3,895,-0.3157432418063432,0.05140990997303508,2025-10-10 01:13:13
3,896,-0.3162525332813838,0.051919201416400655,2025-10-10 01:13:13
3,897,-0.3167618231482307,0.05242849125224854,2025-10-10 01:13:13
3,898,-0.3172711114216563,0.052937779495336734,2025-10-10 01:13:13
3,899,-0.31778039812041786,0.05344706616440834,2025-10-10 01:13:13
3,900,-0.31828968326721047,0.05395635128214465,2025-10-10 01:13:13
3,901,-0.31879896688861037,0.05446563487510835,2025-10-10 01:13:13
3,902,-0.3193082490150084,0.0549749169736771,2025-10-10 01:13:13
3,903,-0.3198175296805342,0.05548419761196748,2025-10-10 01:13:13
3,904,-0.32032680892297044,0.05599347682774967,2025-10-10 01:13:13
3,905,-0.32083608678365894,0.05650275466235295,2025-10-10 01:13:13
3,906,-0.3213453633073969,0.05701203116056239,2025-10-10 01:13:13
3,907,-0.32185463854232493,0.05752130637050676,2025-10-10 01:13:13
3,908,-0.3223639125398069,0.058030580343538245,2025-10-10 01:13:13
3,909,-0.32287318535430126,0.05853985313410399,2025-10-10 01:13:13
3,910,-0.32338245704322516,0.05904912479960994,2025-10-10 01:13:13
3,911,-0.3238917276668107,0.059558395400277346,2025-10-10 01:13:13
3,912,-0.32440099728795446,0.060067664998992125,2025-10-10 01:13:13
3,913,-0.3249102659720603,0.06057693366114766,2025-10-10 01:13:13
3,914,-0.3254195337868757,0.06108620145448127,2025-10-10 01:13:13
3,915,-0.32592880080232267,0.06159546844890488,2025-10-10 01:13:13
3,916,-0.32643806709032264,0.06210473471633019,2025-10-10 01:13:13
3,917,-0.32694733272461685,0.06261400033048889,2025-10-10 01:13:13
3,918,-0.32745659778058206,0.06312326536674832,2025-10-10 01:13:13
3,919,-0.327965862335042,0.06363252990192306,2025-10-10 01:13:13
3,920,-0.32847512646607535,0.06414179401408282,2025-10-10 01:13:13
3,921,-0.3289843902528206,0.06465105778235732,2025-10-10 01:13:13
3,922,-0.3294936537752783,0.0651603212867384,2025-10-10 01:13:13
3,923,-0.3300029171141107,0.0656695846078801,2025-10-10 01:13:13
3,924,-0.3305121803504407,0.06617884782689691,2025-10-10 01:13:13
3,925,-0.33102144356564855,0.0666881110251611,2025-10-10 01:13:13
3,926,-0.33153070684116864,0.06719737428409918,2025-10-10 01:13:13
3,927,-0.33203997025828597,0.06770663768498837,2025-10-10 01:13:13
3,928,-0.3325492338979328,0.06821590130875341,2025-10-10 01:13:13
3,929,-0.33305849784048636,0.06872516523576419,2025-10-10 01:13:13
3,930,-0.3335677621655681,0.06923442954563487,2025-10-10 01:13:13
3,931,-0.33407702695184444,0.06974369431702479,2025-10-10 01:13:13
3,932,-0.3345862922768302,0.07025295962744184,2025-10-10 01:13:13
3,933,-0.33509555821669473,0.07076222555304869,2025-10-10 01:13:13
3,934,-0.3356048248460718,0.07127149216847233,2025-10-10 01:13:13
3,935,-0.3361140922378726,0.07178075954661751,2025-10-10 01:13:13
3,936,-0.33662336046310376,0.07229002775848452,2025-10-10 01:13:13
3,937,-0.33713262959068974,0.07279929687299157,2025-10-10 01:13:13
3,938,-0.3376418996873005,0.07330856695680257,2025-10-10 01:13:13
3,939,-0.338151170817185,0.07381783807416045,2025-10-10 01:13:13
3,940,-0.3386604430420102,0.07432711028672648,2025-10-10 01:13:13
3,941,-0.3391697164207074,0.07483638365342615,2025-10-10 01:13:13
3,942,-0.3396789910093246,0.07534565823030184,2025-10-10 01:13:13
3,943,-0.3401882668608863,0.07585493407037268,2025-10-10 01:13:13
3,944,-0.34069754402526126,0.076364211223502,2025-10-10 01:13:13
3,945,-0.3412068225490375,0.07687348973627263,2025-10-10 01:13:13
3,946,-0.34171610247540607,0.07738276965187048,2025-10-10 01:13:13
3,947,-0.3422253838440529,0.0778920510099765,2025-10-10 01:13:13
3,948,-0.3427346666910597,0.07840133384666748,2025-10-10 01:13:13
3,949,-0.3432439510488137,0.07891061819432585,2025-10-10 01:13:13
3,950,-0.34375323694592674,0.0794199040815587,2025-10-10 01:13:13
3,951,-0.3442625244071636,0.07992919153312625,2025-10-10 01:13:13
3,952,-0.34477181345338015,0.08043848056987987,2025-10-10 01:13:13
3,953,-0.3452811041014713,0.08094777120871004,2025-10-10 01:13:13
3,954,-0.3457903963643285,0.08145706346250399,2025-10-10 01:13:13
3,955,-0.3462996902508079,0.08196635734011355,2025-10-10 01:13:13
3,956,-0.34680898576570784,0.08247565284633296,2025-10-10 01:13:13
3,957,-0.34731828290975697,0.08298494998188682,2025-10-10 01:13:13
3,958,-0.3478275816796124,0.08349424874342835,2025-10-10 01:13:13
3,959,-0.34833688206786817,0.08400354912354766,2025-10-10 01:13:13
3,960,-0.34884618406307355,0.08451285111079025,2025-10-10 01:13:13
3,961,-0.3493554876497618,0.08502215468968569,2025-10-10 01:13:13
3,962,-0.3498647928084888,0.08553145984078618,2025-10-10 01:13:13
3,963,-0.35037409951588155,0.08604076654071521,2025-10-10 01:13:13
3,964,-0.3508834077446967,0.08655007476222594,2025-10-10 01:13:13
3,965,-0.35139271746388856,0.08705938447426931,2025-10-10 01:13:13
3,966,-0.3519020286386868,0.0875686956420716,2025-10-10 01:13:13
3,967,-0.3524113412306832,0.08807800822722141,2025-10-10 01:13:13
3,968,-0.3529206551979278,0.08858732218776555,2025-10-10 01:13:13
3,969,-0.35342997049503366,0.08909663747831396,2025-10-10 01:13:13
3,970,-0.35393928707329037,0.08960595405015316,2025-10-10 01:13:13
3,971,-0.35444860488078567,0.09011527185136796,2025-10-10 01:13:13
3,972,-0.3549579238625354,0.09062459082697122,2025-10-10 01:13:13
3,973,-0.35546724396062074,0.09113391091904131,2025-10-10 01:13:13
3,974,-0.3559765651143332,0.09164323206686688,2025-10-10 01:13:13
3,975,-0.35648588726032604,0.09215255420709852,2025-10-10 01:13:13
3,976,-0.356995210332773,0.09266187727390719,2025-10-10 01:13:13
3,977,-0.3575045342635324,0.09317120119914872,2025-10-10 01:13:13
3,978,-0.35801385898231786,0.09368052591253408,2025-10-10 01:13:13
3,979,-0.35852318441687375,0.09418985134180512,2025-10-10 01:13:13
3,980,-0.3590325104931558,0.09469917741291513,2025-10-10 01:13:13
3,981,-0.3595418371355163,0.09520850405021394,2025-10-10 01:13:13
3,982,-0.36005116426689293,0.09571783117663699,2025-10-10 01:13:13
3,983,-0.36056049180900174,0.09622715871389788,2025-10-10 01:13:13
3,984,-0.36106981968253243,0.09673648658268415,2025-10-10 01:13:13
3,985,-0.36157914780734685,0.09724581470285541,2025-10-10 01:13:13
3,986,-0.36208847610267914,0.09775514299364368,2025-10-10 01:13:13
3,987,-0.36259780448733775,0.09826447137385524,2025-10-10 01:13:13
3,988,-0.3631071328799082,0.0987737997620736,2025-10-10 01:13:13
3,989,-0.36361646119895674,0.09928312807686288,2025-10-10 01:13:13
3,990,-0.36412578936323364,0.09979245623697147,2025-10-10 01:13:13
3,991,-0.3646351172918766,0.10030178416153505,2025-10-10 01:13:13
3,992,-0.36514444490461245,0.10081111177027866,2025-10-10 01:13:13
3,993,-0.3656537721219582,0.10132043898371734,2025-10-10 01:13:13
3,994,-0.36616309886541937,0.10182976572335485,2025-10-10 01:13:13
3,995,-0.3666724250576863,0.10233909191187975,2025-10-10 01:13:13
3,996,-0.36718175062282743,0.10284841747335868,2025-10-10 01:13:13
3,997,-0.3676910754864789,0.10335774233342616,2025-10-10 01:13:13
3,998,-0.3682003995760306,0.10386706641947037,2025-10-10 01:13:13
3,999,-0.36870972282080755,0.10437638966081468,2025-10-10 01:13:13
3,1000,-0.3692190451522465,0.10488571198889425,2025-10-10 01:13:13
3,1001,-0.3697283665040674,0.10539503333742743,2025-10-10 01:13:13
3,1002,-0.3702376868124388,0.10590435364258136,2025-10-10 01:13:13
3,1003,-0.37074700601613775,0.10641367284313152,2025-10-10 01:13:13
3,1004,-0.3712563240567026,0.10692299088061478,2025-10-10 01:13:13
3,1005,-0.37176564087857905,0.10743230769947543,2025-10-10 01:13:13
3,1006,-0.3722749564292591,0.10794162324720406,2025-10-10 01:13:13
3,1007,-0.37278427065941233,0.10845093747446882,2025-10-10 01:13:13
3,1008,-0.37329358352300895,0.10896025033523865,2025-10-10 01:13:13
3,1009,-0.37380289497743513,0.10946956178689836,2025-10-10 01:13:13
3,1010,-0.3743122049835993,0.10997887179035509,2025-10-10 01:13:13
3,1011,-0.3748215135060299,0.11048818031013605,2025-10-10 01:13:13
3,1012,-0.375330820512964,0.11099748731447713,2025-10-10 01:13:13
3,1013,-0.3758401259764269,0.1115067927754023,2025-10-10 01:13:13
3,1014,-0.3763494298723017,0.11201609666879354,2025-10-10 01:13:13
3,1015,-0.37685873218038973,0.11252539897445106,2025-10-10 01:13:13
3,1016,-0.37736803288446114,0.11303469967614382,2025-10-10 01:13:13
3,1017,-0.3778773319722953,0.11354399876165008,2025-10-10 01:13:13
3,1018,-0.37838662943571133,0.11405329622278795,2025-10-10 01:13:13
3,1019,-0.37889592527058874,0.1145625920554358,2025-10-10 01:13:13
3,1020,-0.3794052194768775,0.1150718862595426,2025-10-10 01:13:13
3,1021,-0.3799145120585983,0.115581178839128,2025-10-10 01:13:13
3,1022,-0.38042380302383244,0.11609046980227233,2025-10-10 01:13:13
3,1023,-0.3809330923847017,0.11659975916109636,2025-10-10 01:13:13
3,1024,-0.3814423801573379,0.11710904693173098,2025-10-10 01:13:13
3,1025,-0.3819516663618427,0.11761833313427697,2025-10-10 01:13:13
3,1026,-0.3824609510222374,0.11812761779275467,2025-10-10 01:13:13
3,1027,-0.38297023416640286,0.118636900935044,2025-10-10 01:13:13
3,1028,-0.38347951582600964,0.11914618259281474,2025-10-10 01:13:13
3,1029,-0.38398879603643915,0.11965546280144741,2025-10-10 01:13:13
3,1030,-0.384498074836695,0.1201647415999448,2025-10-10 01:13:13
3,1031,-0.38500735226930566,0.1206740190308345,2025-10-10 01:13:13
3,1032,-0.38551662838021805,0.12118329514006264,2025-10-10 01:13:13
3,1033,-0.38602590321868274,0.12169256997687904,2025-10-10 01:13:13
3,1034,-0.3865351768371309,0.12220184359371408,2025-10-10 01:13:13
3,1035,-0.3870444492910432,0.1227111160460477,2025-10-10 01:13:13
3,1036,-0.38755372063881116,0.12322038739227072,2025-10-10 01:13:13
3,1037,-0.3880629909415913,0.12372965769353887,2025-10-10 01:13:13
3,1038,-0.38857226026315217,0.12423892701362002,2025-10-10 01:13:13
3,1039,-0.38908152866971496,0.12474819541873469,2025-10-10 01:13:13
3,1040,-0.3895907962297881,0.12525746297739063,2025-10-10 01:13:13
3,1041,-0.3901000630139959,0.1257667297602115,2025-10-10 01:13:13
3,1042,-0.39060932909490226,0.12627599583976046,2025-10-10 01:13:13
3,1043,-0.3911185945468289,0.12678526129035872,2025-10-10 01:13:13
3,1044,-0.39162785944567,0.12729452618789983,2025-10-10 01:13:13
3,1045,-0.39213712386870236,0.1278037906096599,2025-10-10 01:13:13
3,1046,-0.39264638789439216,0.12831305463410458,2025-10-10 01:13:13
3,1047,-0.39315565160219895,0.12882231834069283,2025-10-10 01:13:13
3,1048,-0.393664915072377,0.12933158180967835,2025-10-10 01:13:13
3,1049,-0.3941741783857748,0.12984084512190905,2025-10-10 01:13:13
3,1050,-0.3946834416236327,0.13035010835862482,2025-10-10 01:13:13
3,1051,-0.3951927048673803,0.13085937160125458,2025-10-10 01:13:13
3,1052,-0.3957019681984324,0.13136863493121276,2025-10-10 01:13:13
3,1053,-0.39621123169798594,0.13187789842969572,2025-10-10 01:13:13
3,1054,-0.3967204954468168,0.13238716217747887,2025-10-10 01:13:13
3,1055,-0.397229759525078,0.1328964262547147,2025-10-10 01:13:13
3,1056,-0.39773902401209926,0.1334056907407325,2025-10-10 01:13:13
3,1057,-0.3982482889861888,0.13391495571384,2025-10-10 01:13:13
3,1058,-0.39875755452443756,0.13442422125112766,2025-10-10 01:13:13
3,1059,-0.3992668207025265,0.13493348742827602,2025-10-10 01:13:13
3,1060,-0.3997760875945374,0.13544275431936645,2025-10-10 01:13:13
3,1061,-0.4002853552727679,0.13595202199669604,2025-10-10 01:13:13
3,1062,-0.40079462380755027,0.13646129053059683,2025-10-10 01:13:13
3,1063,-0.4013038932670763,0.13697055998926003,2025-10-10 01:13:13
3,1064,-0.40181316371722614,0.13747983043856554,2025-10-10 01:13:13
3,1065,-0.40232243522140426,0.13798910194191732,2025-10-10 01:13:13
3,1066,-0.4028317078403805,0.1384983745600849,2025-10-10 01:13:13
3,1067,-0.40334098163213844,0.1390076483510514,2025-10-10 01:13:13
3,1068,-0.40385025665173024,0.13951692336986862,2025-10-10 01:13:13
3,1069,-0.4043595329511392,0.14002619966851954,2025-10-10 01:13:13
3,1070,-0.4048688105791497,0.1405354772957882,2025-10-10 01:13:13
3,1071,-0.40537808958122534,0.14104475629713784,2025-10-10 01:13:13
3,1072,-0.40588736999939534,0.1415540367145973,2025-10-10 01:13:13
3,1073,-0.4063966518721493,0.14206331858665588,2025-10-10 01:13:13
3,1074,-0.4069059352343411,0.14257260194816718,2025-10-10 01:13:13
3,1075,-0.4074152201171018,0.1430818868302619,2025-10-10 01:13:13
3,1076,-0.4079245065477618,0.14359117326027018,2025-10-10 01:13:13
3,1077,-0.4084337945497825,0.14410046126165307,2025-10-10 01:13:13
3,1078,-0.4089430841426977,0.14460975085394404,2025-10-10 01:13:13
3,1079,-0.4094523753420647,0.1451190420527001,2025-10-10 01:13:13
3,1080,-0.40996166815942536,0.14562833486946292,2025-10-10 01:13:13
3,1081,-0.4104709626022775,0.14613762931172997,2025-10-10 01:13:13
3,1082,-0.41098025867405596,0.1466469253829358,2025-10-10 01:13:13
3,1083,-0.41148955637412393,0.14715622308244342,2025-10-10 01:13:13
3,1084,-0.41199885569777484,0.14766552240554587,2025-10-10 01:13:13
3,1085,-0.4125081566362438,0.14817482334347812,2025-10-10 01:13:13
3,1086,-0.4130174591767297,0.1486841258834388,2025-10-10 01:13:13
3,1087,-0.4135267633024273,0.14919343000862234,2025-10-10 01:13:13
3,1088,-0.41403606899256895,0.1497027356982609,2025-10-10 01:13:13
3,1089,-0.4145453762224767,0.15021204292767631,2025-10-10 01:13:13
3,1090,-0.415054684963624,0.1507213516683418,2025-10-10 01:13:13
3,1091,-0.41556399518370696,0.15123066188795323,2025-10-10 01:13:13
3,1092,-0.41607330684672506,0.15173997355050986,2025-10-10 01:13:13
3,1093,-0.4165826199130712,0.1522492866164044,2025-10-10 01:13:13
3,1094,-0.41709193433963077,0.15275860104252195,2025-10-10 01:13:13
3,1095,-0.4176012500798892,0.15326791678234783,2025-10-10 01:13:13
3,1096,-0.4181105670840484,0.15377723378608377,2025-10-10 01:13:13
3,1097,-0.4186198852991514,0.1542865520007725,2025-10-10 01:13:13
3,1098,-0.41912920466921433,0.15479587137042997,2025-10-10 01:13:13
3,1099,-0.41963852513536665,0.1553051918361855,2025-10-10 01:13:13
3,1100,-0.4201478466359982,0.15581451333642873,2025-10-10 01:13:13
3,1101,-0.42065716910691325,0.15632383580696377,2025-10-10 01:13:13
3,1102,-0.42116649248149096,0.15683315918116955,2025-10-10 01:13:13
3,1103,-0.42167581669085186,0.15734248339016643,2025-10-10 01:13:13
3,1104,-0.42218514166403,0.15785180836298837,2025-10-10 01:13:13
3,1105,-0.4226944673281504,0.15836113402676022,2025-10-10 01:13:13
3,1106,-0.4232037936086113,0.15887046030687998,2025-10-10 01:13:13
3,1107,-0.42371312042927045,0.15937978712720524,2025-10-10 01:13:13
3,1108,-0.42422244771263545,0.15988911441024348,2025-10-10 01:13:13
3,1109,-0.4247317753800575,0.16039844207734577,2025-10-10 01:13:13
3,1110,-0.42524110335192805,0.16090777004890336,2025-10-10 01:13:13
3,1111,-0.4257504315478777,0.1614170982445467,2025-10-10 01:13:13
3,1112,-0.42625975988697695,0.16192642658334624,2025-10-10 01:13:13
3,1113,-0.42676908828793886,0.1624357549840148,2025-10-10 01:13:13
3,1114,-0.4272784166693218,0.16294508336511068,2025-10-10 01:13:13
3,1115,-0.4277877449497333,0.16345441164524124,2025-10-10 01:13:13
3,1116,-0.4282970730480334,0.16396373974326633,2025-10-10 01:13:13
3,1117,-0.4288064008835373,0.16447306757850114,2025-10-10 01:13:13
3,1118,-0.42931572837621723,0.16498239507091775,2025-10-10 01:13:13
3,1119,-0.42982505544690247,0.1654917221413453,2025-10-10 01:13:13
3,1120,-0.43033438201747715,0.16600104871166776,2025-10-10 01:13:13
3,1121,-0.4308437080110754,0.16651037470501923,2025-10-10 01:13:13
3,1122,-0.4313530333522737,0.167019700045976,2025-10-10 01:13:13
3,1123,-0.43186235796727923,0.1675290246607451,2025-10-10 01:13:13
3,1124,-0.4323716817841143,0.16803834847734875,2025-10-10 01:13:13
3,1125,-0.4328810047327962,0.16854767142580426,2025-10-10 01:13:13
3,1126,-0.4333903267455124,0.16905699343829886,2025-10-10 01:13:13
3,1127,-0.4338996477567897,0.16956631444935927,2025-10-10 01:13:13
3,1128,-0.43440896770365794,0.1700756343960153,2025-10-10 01:13:13
3,1129,-0.4349182865258076,0.17058495321795725,2025-10-10 01:13:13
3,1130,-0.4354276041657403,0.17109427085768664,2025-10-10 01:13:13
3,1131,-0.4359369205689124,0.17160358726065988,2025-10-10 01:13:13
3,1132,-0.43644623568387186,0.17211290237542465,2025-10-10 01:13:13
3,1133,-0.4369555494623862,0.17262221615374845,2025-10-10 01:13:13
3,1134,-0.43746486185956335,0.17313152855073918,2025-10-10 01:13:13
3,1135,-0.4379741728339639,0.17364083952495726,2025-10-10 01:13:13
3,1136,-0.43848348234770457,0.17415014903851933,2025-10-10 01:13:13
3,1137,-0.4389927903665528,0.1746594570571928,2025-10-10 01:13:13
3,1138,-0.43950209686001257,0.1751687635504815,2025-10-10 01:13:13
3,1139,-0.4400114018014003,0.17567806849170184,2025-10-10 01:13:13
3,1140,-0.4405207051679118,0.17618737185804956,2025-10-10 01:13:13
3,1141,-0.4410300069406792,0.17669667363065664,2025-10-10 01:13:13
3,1142,-0.4415393071048179,0.1772059737946385,2025-10-10 01:13:13
3,1143,-0.44204860564946424,0.17771527233913126,2025-10-10 01:13:13
3,1144,-0.44255790256780203,0.17822456925731878,2025-10-10 01:13:13
3,1145,-0.4430671978570801,0.17873386454644977,2025-10-10 01:13:13
3,1146,-0.44357649151861894,0.17924315820784467,2025-10-10 01:13:13
3,1147,-0.4440857835578075,0.17975245024689232,2025-10-10 01:13:13
3,1148,-0.44459507398408954,0.18026174067303652,2025-10-10 01:13:13
3,1149,-0.44510436281094035,0.1807710294997524,2025-10-10 01:13:13
3,1150,-0.44561365005583276,0.18128031674451275,2025-10-10 01:13:13
3,1151,-0.4461229357401936,0.1817896024287444,2025-10-10 01:13:13
3,1152,-0.44663221988935026,0.1822988865777746,2025-10-10 01:13:13
3,1153,-0.44714150253246715,0.18280816922076776,2025-10-10 01:13:13
3,1154,-0.447650783702473,0.18331745039065256,2025-10-10 01:13:13
3,1155,-0.44816006343597864,0.18382673012403963,2025-10-10 01:13:13
3,1156,-0.4486693417731851,0.18433600846113013,2025-10-10 01:13:13
3,1157,-0.44917861875778364,0.18484528544561515,2025-10-10 01:13:13
3,1158,-0.4496878944368462,0.18535456112456664,2025-10-10 01:13:13
3,1159,-0.45019716886070793,0.18586383554831967,2025-10-10 01:13:13
3,1160,-0.45070644208284133,0.18637310877034668,2025-10-10 01:13:13
3,1161,-0.4512157141597226,0.18688238084712386,2025-10-10 01:13:13
3,1162,-0.45172498515069054,0.18739165183798986,2025-10-10 01:13:13
3,1163,-0.45223425511779813,0.1879009218049977,2025-10-10 01:13:13
3,1164,-0.45274352412565755,0.18841019081275953,2025-10-10 01:13:13
3,1165,-0.4532527922412787,0.18891945892828513,2025-10-10 01:13:13
3,1166,-0.4537620595339016,0.18942872622081453,2025-10-10 01:13:13
3,1167,-0.45427132607482346,0.18993799276164489,2025-10-10 01:13:13
3,1168,-0.45478059193722037,0.1904472586239523,2025-10-10 01:13:13
3,1169,-0.4552898571959646,0.1909565238826089,2025-10-10 01:13:13
3,1170,-0.4557991219274372,0.19146578861399574,2025-10-10 01:13:13
3,1171,-0.4563083862093373,0.19197505289581188,2025-10-10 01:13:13
3,1172,-0.4568176501204877,0.19248431680688016,2025-10-10 01:13:13
3,1173,-0.45732691374063816,0.19299358042695025,2025-10-10 01:13:13
3,1174,-0.4578361771502658,0.19350284383649924,2025-10-10 01:13:13
3,1175,-0.45834544043037406,0.19401210711653052,2025-10-10 01:13:13
3,1176,-0.4588547036622902,0.19452137034837133,2025-10-10 01:13:13
3,1177,-0.45936396692746206,0.19503063361346948,2025-10-10 01:13:13
3,1178,-0.4598732303072545,0.19553989699318977,2025-10-10 01:13:13
3,1179,-0.46038249388274594,0.1960491605686106,2025-10-10 01:13:13
3,1180,-0.4608917577345258,0.19655842442032131,2025-10-10 01:13:13
3,1181,-0.4614010219424929,0.1970676886282208,2025-10-10 01:13:13
3,1182,-0.461910286585656,0.19757695327131775,2025-10-10 01:13:13
3,1183,-0.46241955174193616,0.19808621842753313,2025-10-10 01:13:13
3,1184,-0.46292881748797193,0.1985954841735055,2025-10-10 01:13:13
3,1185,-0.4634380838989279,0.1991047505843994,2025-10-10 01:13:13
3,1186,-0.46394735104830664,0.19961401773371742,2025-10-10 01:13:13
3,1187,-0.4644566190077653,0.20012328569311666,2025-10-10 01:13:13
3,1188,-0.4649658878469361,0.20063255453222933,2025-10-10 01:13:13
3,1189,-0.4654751576332526,0.20114182431848893,2025-10-10 01:13:13
3,1190,-0.46598442843178095,0.20165109511696158,2025-10-10 01:13:13
3,1191,-0.46649370030505727,0.20216036699018342,2025-10-10 01:13:13
3,1192,-0.46700297331293145,0.20266963999800428,2025-10-10 01:13:13
3,1193,-0.46751224751241743,0.20317891419743805,2025-10-10 01:13:13
3,1194,-0.46802152295755073,0.20368818964252025,2025-10-10 01:13:13
3,1195,-0.4685307996992533,0.20419746638417283,2025-10-10 01:13:13
3,1196,-0.4690400777852064,0.20470674447007697,2025-10-10 01:13:13
3,1197,-0.4695493572597312,0.2052160239445539,2025-10-10 01:13:13
3,1198,-0.4700586381636782,0.20572530484845405,2025-10-10 01:13:13
3,1199,-0.470567920534325,0.206234587219055,2025-10-10 01:13:13
3,1200,-0.4710772044052831,0.20674387108996825,2025-10-10 01:13:13
3,1201,-0.471586489806414,0.20725315649105522,2025-10-10 01:13:13
3,1202,-0.4720957767637544,0.20776244344835265,2025-10-10 01:13:13
3,1203,-0.47260506529945123,0.20827173198400742,2025-10-10 01:13:13
3,1204,-0.47311435543170627,0.2087810221162213,2025-10-10 01:13:13
3,1205,-0.4736236471747306,0.20929031385920532,2025-10-10 01:13:13
3,1206,-0.47413294053870914,0.20979960722314442,2025-10-10 01:13:13
3,1207,-0.47464223552977514,0.21030890221417184,2025-10-10 01:13:13
3,1208,-0.47515153214999495,0.21081819883435388,2025-10-10 01:13:13
3,1209,-0.4756608303973627,0.21132749708168466,2025-10-10 01:13:13
3,1210,-0.47617013026580546,0.21183679695009125,2025-10-10 01:13:13
3,1211,-0.47667943174519833,0.2123460984294487,2025-10-10 01:13:13
3,1212,-0.4771887348213898,0.21285540150560553,2025-10-10 01:13:13
3,1213,-0.4776980394762371,0.21336470616041894,2025-10-10 01:13:13
3,1214,-0.4782073456876516,0.21387401237180026,2025-10-10 01:13:13
3,1215,-0.47871665342965397,0.21438332011377012,2025-10-10 01:13:13
3,1216,-0.4792259626724391,0.21489262935652345,2025-10-10 01:13:13
3,1217,-0.4797352733824507,0.21540194006650393,2025-10-10 01:13:13
3,1218,-0.48024458552246513,0.2159112522064879,2025-10-10 01:13:13
3,1219,-0.4807538990516844,0.21642056573567742,2025-10-10 01:13:13
3,1220,-0.4812632139258383,0.21692988060980214,2025-10-10 01:13:13
3,1221,-0.48177253009729487,0.2174391967812302,2025-10-10 01:13:13
3,1222,-0.4822818475151796,0.21794851419908703,2025-10-10 01:13:13
3,1223,-0.4827911661255026,0.21845783280938272,2025-10-10 01:13:13
3,1224,-0.48330048587129343,0.21896715255514684,2025-10-10 01:13:13
3,1225,-0.4838098066927437,0.21947647337657095,2025-10-10 01:13:13
3,1226,-0.48431912852735637,0.21998579521115802,2025-10-10 01:13:13
3,1227,-0.4848284513101021,0.2204951179938787,2025-10-10 01:13:13
3,1228,-0.48533777497358177,0.22100444165733385,2025-10-10 01:13:13
3,1229,-0.48584709944819493,0.22151376613192303,2025-10-10 01:13:13
3,1230,-0.4863564246623138,0.22202309134601844,2025-10-10 01:13:13
3,1231,-0.48686575054246234,0.22253241722614397,2025-10-10 01:13:13
3,1232,-0.48737507701349975,0.22304174369715887,2025-10-10 01:13:13
3,1233,-0.48788440399880845,0.22355107068244556,2025-10-10 01:13:13
3,1234,-0.4883937314204856,0.22406039810410117,2025-10-10 01:13:13
3,1235,-0.4889030591995377,0.2245697258831322,2025-10-10 01:13:13
3,1236,-0.4894123872560781,0.225079053939652,2025-10-10 01:13:13
3,1237,-0.48992171550952673,0.22558838219308044,2025-10-10 01:13:13
3,1238,-0.4904310438788114,0.22609771056234537,2025-10-10 01:13:13
3,1239,-0.49094037228257054,0.22660703896608517,2025-10-10 01:13:13
3,1240,-0.49144970063935645,0.22711636732285215,2025-10-10 01:13:13
3,1241,-0.49195902886783893,0.22762569555131612,2025-10-10 01:13:13
3,1242,-0.4924683568870087,0.22813502357046772,2025-10-10 01:13:13
3,1243,-0.49297768461637953,0.22864435129982083,2025-10-10 01:13:13
3,1244,-0.4934870119761898,0.22915367865961378,2025-10-10 01:13:13
3,1245,-0.4939963388876017,0.22966300557100863,2025-10-10 01:13:13
3,1246,-0.4945056652728981,0.23017233195628836,2025-10-10 01:13:13
3,1247,-0.495014991055677,0.23068165773905097,2025-10-10 01:13:13
3,1248,-0.4955243161610425,0.23119098284440054,2025-10-10 01:13:13
3,1249,-0.49603364051579185,0.23170030719913434,2025-10-10 01:13:13
3,1250,-0.4965429640485986,0.23220963073192585,2025-10-10 01:13:13
3,1251,-0.4970522866901907,0.232718953373503,2025-10-10 01:13:13
3,1252,-0.49756160837352365,0.23322827505682137,2025-10-10 01:13:13
3,1253,-0.4980709290339482,0.2337375957172316,2025-10-10 01:13:13
3,1254,-0.4985802486093717,0.23424691529264113,2025-10-10 01:13:13
3,1255,-0.49908956704041363,0.23475623372366933,2025-10-10 01:13:13
3,1256,-0.49959888427055354,0.23526555095379587,2025-10-10 01:13:13
3,1257,-0.5001082002462728,0.23577486692950203,2025-10-10 01:13:13
3,1258,-0.5006175149171881,0.23628418160040449,2025-10-10 01:13:13
3,1259,-0.5011268282361773,0.23679349491938112,2025-10-10 01:13:13
3,1260,-0.5016361401594974,0.23730280684268895,2025-10-10 01:13:13
3,1261,-0.5021454506468939,0.2378121173300733,2025-10-10 01:13:13
3,1262,-0.5026547596617008,0.2383214263448685,2025-10-10 01:13:13
3,1263,-0.5031640671709333,0.23883073385408954,2025-10-10 01:13:13
3,1264,-0.5036733731453694,0.2393400398285144,2025-10-10 01:13:13
3,1265,-0.5041826775596233,0.2398493442427572,2025-10-10 01:13:13
3,1266,-0.5046919803922085,0.2403586470753316,2025-10-10 01:13:13
3,1267,-0.505201281625592,0.2408679483087045,2025-10-10 01:13:13
3,1268,-0.5057105812462377,0.24137724792933984,2025-10-10 01:13:13
3,1269,-0.5062198792446405,0.24188654592773248,2025-10-10 01:13:13
3,1270,-0.5067291756153499,0.24239584229843192,2025-10-10 01:13:13
3,1271,-0.5072384703569837,0.24290513704005592,2025-10-10 01:13:13
3,1272,-0.5077477634722313,0.24341443015529401,2025-10-10 01:13:13
3,1273,-0.5082570549678472,0.2439237216509007,2025-10-10 01:13:13
3,1274,-0.5087663448546342,0.24443301153767863,2025-10-10 01:13:13
3,1275,-0.5092756331474161,0.24494229983045157,2025-10-10 01:13:13
3,1276,-0.5097849198650006,0.24545158654802737,2025-10-10 01:13:13
3,1277,-0.5102942050301328,0.24596087171315098,2025-10-10 01:13:13
3,1278,-0.5108034886694377,0.24647015535244757,2025-10-10 01:13:13
3,1279,-0.5113127708133544,0.246979437496356,2025-10-10 01:13:13
3,1280,-0.5118220514960592,0.2474887181790528,2025-10-10 01:13:13
3,1281,-0.5123313307553808,0.24799799743836665,2025-10-10 01:13:13
3,1282,-0.5128406086327058,0.2485072753156839,2025-10-10 01:13:13
3,1283,-0.5133498851728745,0.24901655185584515,2025-10-10 01:13:13
3,1284,-0.5138591604240698,0.2495258271070331,2025-10-10 01:13:13
3,1285,-0.5143684344376961,0.2500351011206523,2025-10-10 01:13:13
3,1286,-0.5148777072682512,0.25054437395120044,2025-10-10 01:13:13
3,1287,-0.51538697897319,0.2510536456561323,2025-10-10 01:13:13
3,1288,-0.5158962496127806,0.25156291629571614,2025-10-10 01:13:13
3,1289,-0.516405519249954,0.25207218593288305,2025-10-10 01:13:13
3,1290,-0.516914787950147,0.2525814546330696,2025-10-10 01:13:13
3,1291,-0.517424055781138,0.25309072246405434,2025-10-10 01:13:13
3,1292,-0.5179333228128784,0.2535999894957885,2025-10-10 01:13:13
3,1293,-0.5184425891173169,0.254109255800221,2025-10-10 01:13:13
3,1294,-0.5189518547682205,0.25461852145111863,2025-10-10 01:13:13
3,1295,-0.5194611198409895,0.25512778652388185,2025-10-10 01:13:13
3,1296,-0.5199703844124695,0.2556370510953561,2025-10-10 01:13:13
3,1297,-0.5204796485607588,0.2561463152436399,2025-10-10 01:13:13
3,1298,-0.5209889123650138,0.2566555790478895,2025-10-10 01:13:13
3,1299,-0.5214981759052507,0.25716484258812117,2025-10-10 01:13:13
3,1300,-0.5220074392621459,0.25767410594501117,2025-10-10 01:13:13
3,1301,-0.5225167025168338,0.25818336919969403,2025-10-10 01:13:13
3,1302,-0.5230259657507046,0.25869263243355983,2025-10-10 01:13:13
3,1303,-0.5235352290452003,0.2592018957280507,2025-10-10 01:13:13
3,1304,-0.5240444924816117,0.2597111591644573,2025-10-10 01:13:13
3,1305,-0.5245537561408746,0.26022042282371566,2025-10-10 01:13:13
3,1306,-0.5250630201033682,0.26072968678620473,2025-10-10 01:13:13
3,1307,-0.5255722844487136,0.26123895113154566,2025-10-10 01:13:13
3,1308,-0.5260815492555749,0.26174821593840264,2025-10-10 01:13:13
3,1309,-0.5265908146014628,0.26225748128428633,2025-10-10 01:13:13
3,1310,-0.5271000805625408,0.2627667472453601,2025-10-10 01:13:13
3,1311,-0.5276093472134343,0.2632760138962496,2025-10-10 01:13:13
3,1312,-0.5281186146270451,0.2637852813098564,2025-10-10 01:13:13
3,1313,-0.5286278828743681,0.26429454955717546,2025-10-10 01:13:13
3,1314,-0.5291371520243144,0.264803818707118,2025-10-10 01:13:13
3,1315,-0.5296464221435392,0.26531308882633897,2025-10-10 01:13:13
3,1316,-0.5301556932962744,0.26582235997907055,2025-10-10 01:13:13
3,1317,-0.5306649655441691,0.26633163222696166,2025-10-10 01:13:13
3,1318,-0.5311742389461347,0.2668409056289237,2025-10-10 01:13:13
3,1319,-0.5316835135581979,0.2673501802409834,2025-10-10 01:13:13
3,1320,-0.5321927894333606,0.2678594561161427,2025-10-10 01:13:13
3,1321,-0.5327020666214675,0.2683687333042463,2025-10-10 01:13:13
3,1322,-0.5332113451690815,0.2688780118518571,2025-10-10 01:13:13
3,1323,-0.5337206251193672,0.2693872918021397,2025-10-10 01:13:13
3,1324,-0.5342299065119831,0.2698965731947525,2025-10-10 01:13:13
3,1325,-0.5347391893829823,0.2704058560657487,2025-10-10 01:13:13
3,1326,-0.5352484737647225,0.27091514044748594,2025-10-10 01:13:13
3,1327,-0.5357577596857851,0.2714244263685457,2025-10-10 01:13:13
3,1328,-0.5362670471709038,0.27193371385366155,2025-10-10 01:13:13
3,1329,-0.5367763362409026,0.2724430029236576,2025-10-10 01:13:13
3,1330,-0.5372856269126438,0.27295229359539613,2025-10-10 01:13:13
3,1331,-0.537794919198986,0.27346158588173575,2025-10-10 01:13:13
3,1332,-0.5383042131087519,0.273970879791499,2025-10-10 01:13:13
3,1333,-0.5388135086467059,0.2744801753294504,2025-10-10 01:13:13
3,1334,-0.5393228058135425,0.2749894724962846,2025-10-10 01:13:13
3,1335,-0.5398321046058847,0.2754987712886244,2025-10-10 01:13:13
3,1336,-0.5403414050162921,0.2760080716990294,2025-10-10 01:13:13
3,1337,-0.5408507070332796,0.2765173737160146,2025-10-10 01:13:13
3,1338,-0.5413600106413462,0.2770266773240789,2025-10-10 01:13:13
3,1339,-0.5418693158210135,0.277535982503744,2025-10-10 01:13:13
3,1340,-0.5423786225488747,0.27804528923160304,2025-10-10 01:13:13
3,1341,-0.5428879307976529,0.2785545974803791,2025-10-10 01:13:13
3,1342,-0.5433972405362691,0.27906390721899327,2025-10-10 01:13:13
3,1343,-0.5439065517299204,0.2795732184126425,2025-10-10 01:13:13
3,1344,-0.5444158643401664,0.28008253102288644,2025-10-10 01:13:13
3,1345,-0.5449251783250256,0.28059184500774365,2025-10-10 01:13:13
3,1346,-0.5454344936390803,0.28110116032179633,2025-10-10 01:13:13
3,1347,-0.5459438102335898,0.281610476916304,2025-10-10 01:13:13
3,1348,-0.546453128056613,0.2821197947393252,2025-10-10 01:13:13
3,1349,-0.546962447053137,0.2826291137358474,2025-10-10 01:13:13
3,1350,-0.5474717671652158,0.2831384338479245,2025-10-10 01:13:13
3,1351,-0.5479810883321146,0.2836477550148214,2025-10-10 01:13:13
3,1352,-0.5484904104904611,0.2841570771731663,2025-10-10 01:13:13
3,1353,-0.5489997335744049,0.28466640025710843,2025-10-10 01:13:13
3,1354,-0.5495090575157813,0.2851757241984832,2025-10-10 01:13:13
3,1355,-0.5500183822442818,0.28568504892698215,2025-10-10 01:13:13
3,1356,-0.5505277076876302,0.286194374370329,2025-10-10 01:13:13
3,1357,-0.5510370337717626,0.28670370045446,2025-10-10 01:13:13
3,1358,-0.5515463604210132,0.28721302710370905,2025-10-10 01:13:13
3,1359,-0.5520556875583027,0.28772235424099707,2025-10-10 01:13:13
3,1360,-0.5525650151053314,0.28823168178802433,2025-10-10 01:13:13
3,1361,-0.5530743429827747,0.2887410096654662,2025-10-10 01:13:13
3,1362,-0.5535836711104812,0.2892503377931714,2025-10-10 01:13:13
3,1363,-0.5540929994076735,0.28975966609036236,2025-10-10 01:13:13
3,1364,-0.5546023277931494,0.290268994475837,2025-10-10 01:13:13
3,1365,-0.5551116561854854,0.2907783228681716,2025-10-10 01:13:13
3,1366,-0.5556209845032396,0.29128765118592453,2025-10-10 01:13:13
3,1367,-0.5561303126651556,0.2917969793478393,2025-10-10 01:13:13
3,1368,-0.5566396405903655,0.292306307273048,2025-10-10 01:13:13
3,1369,-0.5571489681985919,0.29281563488127327,2025-10-10 01:13:13
3,1370,-0.5576582954103485,0.2933249620930287,2025-10-10 01:13:13
3,1371,-0.5581676221471387,0.29383428882981777,2025-10-10 01:13:13
3,1372,-0.5586769483316516,0.29434361501432965,2025-10-10 01:13:13
3,1373,-0.5591862738879556,0.29485294057063255,2025-10-10 01:13:13
3,1374,-0.5596955987416875,0.29536226542436345,2025-10-10 01:13:13
3,1375,-0.5602049228202388,0.2958715895029137,2025-10-10 01:13:13
3,1376,-0.5607142460529367,0.2963809127356106,2025-10-10 01:13:13
3,1377,-0.5612235683712211,0.296890235053894,2025-10-10 01:13:13
3,1378,-0.5617328897088153,0.29739955639148724,2025-10-10 01:13:13
3,1379,-0.5622422100018921,0.2979088766845631,2025-10-10 01:13:13
3,1380,-0.562751529189233,0.29841819587190305,2025-10-10 01:13:13
3,1381,-0.5632608472123809,0.29892751389505007,2025-10-10 01:13:13
3,1382,-0.5637701640157865,0.29943683069845484,2025-10-10 01:13:13
3,1383,-0.5642794795469469,0.29994614622961435,2025-10-10 01:13:13
3,1384,-0.5647887937565365,0.300455460439203,2025-10-10 01:13:13
3,1385,-0.5652981065985301,0.30096477328119586,2025-10-10 01:13:13
3,1386,-0.5658074180303185,0.3014740847129835,2025-10-10 01:13:13
3,1387,-0.5663167280128141,0.30198339469547825,2025-10-10 01:13:13
3,1388,-0.5668260365105486,0.30249270319321203,2025-10-10 01:13:13
3,1389,-0.5673353434917621,0.3030020101744247,2025-10-10 01:13:13
3,1390,-0.5678446489284813,0.30351131561114314,2025-10-10 01:13:13
3,1391,-0.5683539527965902,0.3040206194792513,2025-10-10 01:13:13
3,1392,-0.5688632550758898,0.3045299217585501,2025-10-10 01:13:13
3,1393,-0.5693725557501482,0.30503922243280784,2025-10-10 01:13:13
3,1394,-0.5698818548071417,0.3055485214898006,2025-10-10 01:13:13
3,1395,-0.5703911522386843,0.30605781892134254,2025-10-10 01:13:13
3,1396,-0.5709004480406487,0.30656711472330617,2025-10-10 01:13:13
3,1397,-0.5714097422129757,0.3070764088956326,2025-10-10 01:13:13
3,1398,-0.571919034759675,0.3075857014423312,2025-10-10 01:13:13
3,1399,-0.5724283256888142,0.3080949923714698,2025-10-10 01:13:13
3,1400,-0.5729376150124988,0.3086042816951538,2025-10-10 01:13:13
3,1401,-0.5734469027468416,0.309113569429496,2025-10-10 01:13:13
3,1402,-0.5739561889119222,0.30962285559457603,2025-10-10 01:13:13
3,1403,-0.5744654735317366,0.3101321402143898,2025-10-10 01:13:13
3,1404,-0.5749747566341367,0.31064142331678934,2025-10-10 01:13:13
3,1405,-0.5754840382507608,0.31115070493341285,2025-10-10 01:13:13
3,1406,-0.5759933184169539,0.3116599850996054,2025-10-10 01:13:13
3,1407,-0.5765025971716793,0.31216926385433025,2025-10-10 01:13:13
3,1408,-0.5770118745574206,0.31267854124007105,2025-10-10 01:13:13
3,1409,-0.5775211506200756,0.31318781730272544,2025-10-10 01:13:13
3,1410,-0.5780304254088405,0.31369709209148994,2025-10-10 01:13:13
3,1411,-0.5785396989760877,0.3142063656587366,2025-10-10 01:13:13
3,1412,-0.5790489713772332,0.31471563805988173,2025-10-10 01:13:13
3,1413,-0.5795582426705989,0.3152249093532469,2025-10-10 01:13:13
3,1414,-0.5800675129172653,0.31573417959991285,2025-10-10 01:13:13
3,1415,-0.5805767821809193,0.3162434488635665,2025-10-10 01:13:13
3,1416,-0.5810860505276942,0.3167527172103409,2025-10-10 01:13:13
3,1417,-0.5815953180260036,0.31726198470864986,2025-10-10 01:13:13
3,1418,-0.5821045847463704,0.31777125142901624,2025-10-10 01:13:13
3,1419,-0.5826138507612498,0.31828051744389524,2025-10-10 01:13:13
3,1420,-0.5831231161448476,0.3187897828274926,2025-10-10 01:13:13
3,1421,-0.583632380972934,0.3192990476555787,2025-10-10 01:13:13
3,1422,-0.5841416453226542,0.31980831200529847,2025-10-10 01:13:13
3,1423,-0.5846509092723341,0.320317575954978,2025-10-10 01:13:13
3,1424,-0.5851601729012845,0.32082683958392805,2025-10-10 01:13:13
3,1425,-0.5856694362896019,0.3213361029722451,2025-10-10 01:13:13
3,1426,-0.5861786995179675,0.3218453662006104,2025-10-10 01:13:13
3,1427,-0.5866879626674452,0.3223546293500877,2025-10-10 01:13:13
3,1428,-0.5871972258192775,0.32286389250191966,2025-10-10 01:13:13
3,1429,-0.5877064890546821,0.323373155737324,2025-10-10 01:13:13
3,1430,-0.5882157524546482,0.3238824191372897,2025-10-10 01:13:13
3,1431,-0.5887250160997323,0.3243916827823735,2025-10-10 01:13:13
3,1432,-0.5892342800698569,0.3249009467524978,2025-10-10 01:13:13
3,1433,-0.589743544444109,0.32541021112674967,2025-10-10 01:13:13
3,1434,-0.5902528093005419,0.32591947598318227,2025-10-10 01:13:13
3,1435,-0.5907620747159786,0.3264287413986187,2025-10-10 01:13:13
3,1436,-0.591271340765819,0.32693800744845875,2025-10-10 01:13:13
3,1437,-0.5917806075238498,0.3274472742064893,2025-10-10 01:13:13
3,1438,-0.5922898750620593,0.3279565417446985,2025-10-10 01:13:13
3,1439,-0.592799143450456,0.32846581013309495,2025-10-10 01:13:13
3,1440,-0.5933084127568922,0.32897507943953086,2025-10-10 01:13:13
3,1441,-0.5938176830468929,0.32948434972953133,2025-10-10 01:13:13
3,1442,-0.5943269543834908,0.3299936210661291,2025-10-10 01:13:13
3,1443,-0.5948362268270673,0.33050289350970535,2025-10-10 01:13:13
3,1444,-0.5953455004351993,0.33101216711783715,2025-10-10 01:13:13
3,1445,-0.5958547752625144,0.3315214419451521,2025-10-10 01:13:13
3,1446,-0.5963640513605523,0.33203071804318973,2025-10-10 01:13:13
3,1447,-0.5968733287776339,0.3325399954602712,2025-10-10 01:13:13
3,1448,-0.5973826075587392,0.3330492742413762,2025-10-10 01:13:13
3,1449,-0.5978918877453923,0.333558554428029,2025-10-10 01:13:13
3,1450,-0.5984011693755558,0.3340678360581923,2025-10-10 01:13:13
3,1451,-0.5989104524835339,0.3345771191661702,2025-10-10 01:13:13
3,1452,-0.5994197370998843,0.3350864037825204,2025-10-10 01:13:13
3,1453,-0.5999290232513392,0.3355956899339752,2025-10-10 01:13:13
3,1454,-0.6004383109607366,0.33610497764337244,2025-10-10 01:13:13
3,1455,-0.6009476002469603,0.33661426692959584,2025-10-10 01:13:13
3,1456,-0.6014568911248898,0.3371235578075251,2025-10-10 01:13:13
3,1457,-0.6019661836053609,0.33763285028799606,2025-10-10 01:13:13
3,1458,-0.6024754776951355,0.33814214437777046,2025-10-10 01:13:13
3,1459,-0.6029847733968816,0.33865144007951636,2025-10-10 01:13:13
3,1460,-0.6034940707091635,0.3391607373917981,2025-10-10 01:13:13
3,1461,-0.6040033696264422,0.3396700363090766,2025-10-10 01:13:13
3,1462,-0.6045126701390858,0.34017933682172014,2025-10-10 01:13:13
3,1463,-0.6050219722333903,0.34068863891602436,2025-10-10 01:13:13
3,1464,-0.6055312758916094,0.34119794257424324,2025-10-10 01:13:13
3,1465,-0.6060405810919958,0.34170724777462946,2025-10-10 01:13:13
3,1466,-0.606549887808851,0.3422165544914846,2025-10-10 01:13:13
3,1467,-0.6070591960125858,0.3427258626952193,2025-10-10 01:13:13
3,1468,-0.6075685056697897,0.343235172352423,2025-10-10 01:13:13
3,1469,-0.6080778167433094,0.3437444834259426,2025-10-10 01:13:13
3,1470,-0.6085871291923376,0.3442537958749707,2025-10-10 01:13:13
3,1471,-0.6090964429725098,0.3447631096551427,2025-10-10 01:13:13
3,1472,-0.6096057580360097,0.34527242471864245,2025-10-10 01:13:13
3,1473,-0.610115074331684,0.3457817410143166,2025-10-10 01:13:13
3,1474,-0.610624391805164,0.3462910584877965,2025-10-10 01:13:13
3,1475,-0.6111337103989963,0.3468003770816287,2025-10-10 01:13:13
3,1476,-0.6116430300527798,0.34730969673541207,2025-10-10 01:13:13
3,1477,-0.6121523507033104,0.3478190173859426,2025-10-10 01:13:13
3,1478,-0.6126616722847329,0.348328338967365,2025-10-10 01:13:13
3,1479,-0.6131709947286981,0.34883766141133005,2025-10-10 01:13:13
3,1480,-0.6136803179645267,0.3493469846471586,2025-10-10 01:13:13
3,1481,-0.6141896419193787,0.34985630860201056,2025-10-10 01:13:13
3,1482,-0.6146989665184277,0.3503656332010594,2025-10-10 01:13:13
3,1483,-0.6152082916850393,0.35087495836767096,2025-10-10 01:13:13
3,1484,-0.6157176173409551,0.3513842840235866,2025-10-10 01:13:13
3,1485,-0.6162269434064787,0.3518936100891101,2025-10-10 01:13:13
3,1486,-0.6167362698006662,0.35240293648329757,2025-10-10 01:13:13
3,1487,-0.6172455964415192,0.3529122631241505,2025-10-10 01:13:13
3,1488,-0.6177549232461795,0.35342158992881073,2025-10-10 01:13:13
3,1489,-0.618264250131126,0.3539309168137571,2025-10-10 01:13:13
3,1490,-0.6187735770123727,0.35444024369500376,2025-10-10 01:13:13
3,1491,-0.6192829038056676,0.35494957048829867,2025-10-10 01:13:13
3,1492,-0.6197922304266917,0.3554588971093227,2025-10-10 01:13:13
3,1493,-0.6203015567912575,0.3559682234738884,2025-10-10 01:13:13
3,1494,-0.6208108828155068,0.3564775494981376,2025-10-10 01:13:13
3,1495,-0.6213202084161074,0.3569868750987381,2025-10-10 01:13:13
3,1496,-0.6218295335104476,0.3574962001930783,2025-10-10 01:13:13
3,1497,-0.6223388580168288,0.35800552469945945,2025-10-10 01:13:13
3,1498,-0.6228481818546545,0.3585148485372852,2025-10-10 01:13:13
3,1499,-0.6233575049446171,0.35902417162724765,2025-10-10 01:13:13
3,1500,-0.6238668272088791,0.35953349389150957,2025-10-10 01:13:13
3,1501,-0.6243761485712521,0.3600428152538826,2025-10-10 01:13:13
3,1502,-0.6248854689573696,0.36055213564000005,2025-10-10 01:13:13
3,1503,-0.6253947882948547,0.3610614549774851,2025-10-10 01:13:13
3,1504,-0.6259041065134827,0.36157077319611297,2025-10-10 01:13:13
3,1505,-0.6264134235453368,0.36208009022796706,2025-10-10 01:13:13
3,1506,-0.6269227393249581,0.3625894060075883,2025-10-10 01:13:13
3,1507,-0.6274320537894881,0.3630987204721182,2025-10-10 01:13:13
3,1508,-0.6279413668788036,0.36360803356143373,2025-10-10 01:13:13
3,1509,-0.6284506785356451,0.3641173452182751,2025-10-10 01:13:13
3,1510,-0.6289599887057354,0.3646266553883654,2025-10-10 01:13:13
3,1511,-0.6294692973378916,0.36513596402052156,2025-10-10 01:13:13
3,1512,-0.629978604384127,0.3656452710667569,2025-10-10 01:13:13
3,1513,-0.6304879097997448,0.3661545764823747,2025-10-10 01:13:13
3,1514,-0.6309972135434223,0.3666638802260522,2025-10-10 01:13:13
3,1515,-0.6315065155772857,0.36717318225991546,2025-10-10 01:13:13
3,1516,-0.6320158158669746,0.3676824825496044,2025-10-10 01:13:13
3,1517,-0.6325251143816979,0.3681917810643276,2025-10-10 01:13:13
3,1518,-0.6330344110942778,0.3687010777769074,2025-10-10 01:13:13
3,1519,-0.6335437059811849,0.3692103726638145,2025-10-10 01:13:13
3,1520,-0.6340529990225625,0.36971966570519205,2025-10-10 01:13:13
3,1521,-0.63456229020224,0.3702289568848695,2025-10-10 01:13:13
3,1522,-0.6350715795077362,0.37073824619036566,2025-10-10 01:13:13
3,1523,-0.6355808669302517,0.37124753361288115,2025-10-10 01:13:13
3,1524,-0.6360901524646507,0.3717568191472801,2025-10-10 01:13:13
3,1525,-0.6365994361094319,0.37226610279206124,2025-10-10 01:13:13
3,1526,-0.637108717866689,0.37277538454931824,2025-10-10 01:13:13
3,1527,-0.6376179977420603,0.37328466442468955,2025-10-10 01:13:13
3,1528,-0.6381272757446681,0.3737939424272973,2025-10-10 01:13:13
3,1529,-0.6386365518870469,0.3743032185696761,2025-10-10 01:13:13
3,1530,-0.6391458261850622,0.3748124928676913,2025-10-10 01:13:13
3,1531,-0.639655098657818,0.37532176534044703,2025-10-10 01:13:13
3,1532,-0.640164369327555,0.375831036010184,2025-10-10 01:13:13
3,1533,-0.6406736382195389,0.3763403049021679,2025-10-10 01:13:13
3,1534,-0.6411829053619383,0.37684957204456726,2025-10-10 01:13:13
3,1535,-0.641692170785694,0.3773588374683228,2025-10-10 01:13:13
3,1536,-0.6422014345243782,0.37786810120700703,2025-10-10 01:13:13
3,1537,-0.642710696614046,0.3783773632966748,2025-10-10 01:13:13
3,1538,-0.6432199570930769,0.3788866237757057,2025-10-10 01:13:13
3,1539,-0.6437292160020087,0.3793958826846375,2025-10-10 01:13:13
3,1540,-0.6442384733833634,0.37990514006599213,2025-10-10 01:13:13
3,1541,-0.6447477292814651,0.3804143959640938,2025-10-10 01:13:13
3,1542,-0.6452569837422508,0.3809236504248795,2025-10-10 01:13:13
3,1543,-0.6457662368130743,0.381432903495703,2025-10-10 01:13:13
3,1544,-0.6462754885425034,0.38194215522513203,2025-10-10 01:13:13
3,1545,-0.6467847389801108,0.3824514056627394,2025-10-10 01:13:13
3,1546,-0.6472939881762598,0.3829606548588884,2025-10-10 01:13:13
3,1547,-0.6478032361818844,0.383469902864513,2025-10-10 01:13:13
3,1548,-0.648312483048264,0.3839791497308926,2025-10-10 01:13:13
3,1549,-0.6488217288267948,0.38448839550942326,2025-10-10 01:13:13
3,1550,-0.6493309735687558,0.3849976402513842,2025-10-10 01:13:13
3,1551,-0.6498402173250728,0.3855068840077012,2025-10-10 01:13:13
3,1552,-0.6503494601460782,0.38601612682870656,2025-10-10 01:13:13
3,1553,-0.6508587020812685,0.3865253687638968,2025-10-10 01:13:13
3,1554,-0.6513679431790599,0.38703460986168814,2025-10-10 01:13:13
3,1555,-0.6518771834865419,0.38754385016917015,2025-10-10 01:13:13
3,1556,-0.6523864230492301,0.3880530897318584,2025-10-10 01:13:13
3,1557,-0.652895661910818,0.3885623285934463,2025-10-10 01:13:13
3,1558,-0.6534049001129283,0.3890715667955566,2025-10-10 01:13:13
3,1559,-0.6539141376948648,0.38958080437749315,2025-10-10 01:13:13
3,1560,-0.6544233746933651,0.39009004137599335,2025-10-10 01:13:13
3,1561,-0.6549326111423533,0.3905992778249816,2025-10-10 01:13:13
3,1562,-0.655441847072696,0.39110851375532435,2025-10-10 01:13:13
3,1563,-0.6559510825119587,0.391617749194587,2025-10-10 01:13:13
3,1564,-0.6564603174841649,0.39212698416679326,2025-10-10 01:13:13
3,1565,-0.6569695520095591,0.3926362186921874,2025-10-10 01:13:13
3,1566,-0.6574787861043712,0.3931454527869994,2025-10-10 01:13:13
3,1567,-0.6579880197805857,0.39365468646321394,2025-10-10 01:13:13
3,1568,-0.6584972530457149,0.39416391972834314,2025-10-10 01:13:13
3,1569,-0.6590064859025755,0.39467315258520363,2025-10-10 01:13:13
3,1570,-0.6595157183490702,0.3951823850316983,2025-10-10 01:13:13
3,1571,-0.6600249503779747,0.3956916170606028,2025-10-10 01:13:13
3,1572,-0.6605341819767294,0.3962008486593575,2025-10-10 01:13:13
3,1573,-0.6610434131272366,0.39671007980986467,2025-10-10 01:13:13
3,1574,-0.6615526438056635,0.39721931048829157,2025-10-10 01:13:13
3,1575,-0.6620618739822516,0.3977285406648796,2025-10-10 01:13:13
3,1576,-0.6625711036211315,0.3982377703037595,2025-10-10 01:13:13
3,1577,-0.6630803326801448,0.3987469993627728,2025-10-10 01:13:13
3,1578,-0.6635895611106721,0.3992562277933001,2025-10-10 01:13:13
3,1579,-0.6640987888574681,0.399765455540096,2025-10-10 01:13:13
3,1580,-0.6646080158585026,0.4002746825411305,2025-10-10 01:13:13
3,1581,-0.6651172420448097,0.40078390872743763,2025-10-10 01:13:13
3,1582,-0.6656264673403429,0.40129313402297084,2025-10-10 01:13:13
3,1583,-0.6661356916618375,0.4018023583444654,2025-10-10 01:13:13
3,1584,-0.66664491491868,0.402311581601308,2025-10-10 01:13:13
3,1585,-0.6671541370127848,0.4028208036954127,2025-10-10 01:13:13
3,1586,-0.6676633578384767,0.4033300245211046,2025-10-10 01:13:13
3,1587,-0.668172577282382,0.4038392439650099,2025-10-10 01:13:13
3,1588,-0.6686817952233247,0.40434846190595264,2025-10-10 01:13:13
3,1589,-0.6691910115322305,0.40485767821485835,2025-10-10 01:13:13
3,1590,-0.6697002260720362,0.40536689275466403,2025-10-10 01:13:13
3,1591,-0.6702094386976066,0.40587610538023444,2025-10-10 01:13:13
3,1592,-0.6707186492556566,0.40638531593828436,2025-10-10 01:13:13
3,1593,-0.6712278575846793,0.406894524267307,2025-10-10 01:13:13
3,1594,-0.6717370635148799,0.4074037301975076,2025-10-10 01:13:13
3,1595,-0.6722462668681151,0.4079129335507427,2025-10-10 01:13:13
3,1596,-0.6727554674578365,0.4084221341404642,2025-10-10 01:13:13
3,1597,-0.6732646650890404,0.408931331771668,2025-10-10 01:13:13
3,1598,-0.6737738595582197,0.4094405262408473,2025-10-10 01:13:13
3,1599,-0.6742830506533218,0.4099497173359495,2025-10-10 01:13:13
3,1600,-0.6747922381537088,0.4104589048363364,2025-10-10 01:13:13
3,1601,-0.6753014218301208,0.41096808851274835,2025-10-10 01:13:13
3,1602,-0.6758106014446423,0.4114772681272699,2025-10-10 01:13:13
3,1603,-0.6763197767506709,0.4119864434332985,2025-10-10 01:13:13
3,1604,-0.6768289474928867,0.4124956141755143,2025-10-10 01:13:13
3,1605,-0.6773381134072239,0.4130047800898515,2025-10-10 01:13:13
3,1606,-0.6778472742208426,0.4135139409034701,2025-10-10 01:13:13
3,1607,-0.6783564296521004,0.41402309633472795,2025-10-10 01:13:13
3,1608,-0.6788655794105244,0.4145322460931519,2025-10-10 01:13:13
3,1609,-0.679374723196781,0.41504138987940853,2025-10-10 01:13:13
3,1610,-0.6798838607026452,0.4155505273852727,2025-10-10 01:13:13
3,1611,-0.6803929916109667,0.4160596582935942,2025-10-10 01:13:13
3,1612,-0.6809021155956339,0.4165687822782614,2025-10-10 01:13:13
3,1613,-0.681411232321534,0.41707789900416153,2025-10-10 01:13:13
3,1614,-0.6819203414445094,0.4175870081271369,2025-10-10 01:13:13
3,1615,-0.6824294426113087,0.4180961092939362,2025-10-10 01:13:13
3,1616,-0.6829385354595331,0.4186052021421606,2025-10-10 01:13:13
3,1617,-0.6834476196175764,0.41911428630020386,2025-10-10 01:13:13
3,1618,-0.6839566947045581,0.4196233613871856,2025-10-10 01:13:13
3,1619,-0.68446576033025,0.42013242701287745,2025-10-10 01:13:13
3,1620,-0.6849748160949937,0.4206414827776211,2025-10-10 01:13:13
3,1621,-0.6854838615896103,0.42115052827223765,2025-10-10 01:13:13
3,1622,-0.6859928963953006,0.42165956307792796,2025-10-10 01:13:13
3,1623,-0.6865019200835353,0.42216858676616265,2025-10-10 01:13:13
3,1624,-0.6870109322159346,0.4226775988985619,2025-10-10 01:13:13
3,1625,-0.6875199323441364,0.42318659902676375,2025-10-10 01:13:13
3,1626,-0.6880289200096535,0.42369558669228086,2025-10-10 01:13:13
3,1627,-0.6885378947437171,0.4242045614263444,2025-10-10 01:13:13
3,1628,-0.6890468560671076,0.42471352274973495,2025-10-10 01:13:13
3,1629,-0.6895558034899727,0.42522247017260006,2025-10-10 01:13:13
3,1630,-0.6900647365116296,0.425731403194257,2025-10-10 01:13:13
3,1631,-0.6905736546203534,0.42624032130298084,2025-10-10 01:13:13
3,1632,-0.6910825572931497,0.42674922397577714,2025-10-10 01:13:13
3,1633,-0.6915914439955112,0.42725811067813857,2025-10-10 01:13:13
3,1634,-0.6921003141811576,0.4277669808637849,2025-10-10 01:13:13
3,1635,-0.6926091672917587,0.428275833974386,2025-10-10 01:13:13
3,1636,-0.6931180027566399,0.42878466943926724,2025-10-10 01:13:13
3,1637,-0.6936268199924696,0.42929348667509687,2025-10-10 01:13:13
3,1638,-0.6941356184029275,0.4298022850855548,2025-10-10 01:13:13
3,1639,-0.694644397378355,0.43031106406098235,2025-10-10 01:13:13
3,1640,-0.6951531562953854,0.43081982297801275,2025-10-10 01:13:13
3,1641,-0.6956618945165545,0.4313285611991817,2025-10-10 01:13:13
3,1642,-0.6961706113898907,0.431837278072518,2025-10-10 01:13:13
3,1643,-0.6966793062484856,0.43234597293111293,2025-10-10 01:13:13
3,1644,-0.6971879784100424,0.43285464509266974,2025-10-10 01:13:13
3,1645,-0.6976966271764038,0.4333632938590311,2025-10-10 01:13:13
3,1646,-0.6982052518330584,0.4338719185156857,2025-10-10 01:13:13
3,1647,-0.698713851648625,0.43438051833125235,2025-10-10 01:13:13
3,1648,-0.6992224258743156,0.434889092556943,2025-10-10 01:13:13
3,1649,-0.6997309737433756,0.43539764042600293,2025-10-10 01:13:13
3,1650,-0.7002394944705013,0.43590616115312864,2025-10-10 01:13:13
3,1651,-0.700747987251236,0.43641465393386336,2025-10-10 01:13:13
3,1652,-0.7012564512613426,0.43692311794397,2025-10-10 01:13:13
3,1653,-0.7017648856561535,0.43743155233878084,2025-10-10 01:13:13
3,1654,-0.7022732895698975,0.43793995625252485,2025-10-10 01:13:13
3,1655,-0.7027816621150045,0.4384483287976318,2025-10-10 01:13:13
3,1656,-0.7032900023813862,0.4389566690640135,2025-10-10 01:13:13
3,1657,-0.7037983094356948,0.439464976118322,2025-10-10 01:13:13
3,1658,-0.7043065823205579,0.4399732490031852,2025-10-10 01:13:13
3,1659,-0.7048148200537915,0.44048148673641874,2025-10-10 01:13:13
3,1660,-0.7053230216275889,0.4409896883102161,2025-10-10 01:13:13
3,1661,-0.705831186007688,0.4414978526903152,2025-10-10 01:13:13
3,1662,-0.7063393121325154,0.44200597881514264,2025-10-10 01:13:13
3,1663,-0.7068473989123082,0.44251406559493545,2025-10-10 01:13:13
3,1664,-0.7073554452282131,0.4430221119108404,2025-10-10 01:13:13
3,1665,-0.7078634499313642,0.4435301166139915,2025-10-10 01:13:13
3,1666,-0.7083714118419376,0.444038078524565,2025-10-10 01:13:13
3,1667,-0.7088793297481858,0.4445459964308132,2025-10-10 01:13:13
3,1668,-0.7093872024054492,0.44505386908807654,2025-10-10 01:13:13
3,1669,-0.7098950285351471,0.4455616952177744,2025-10-10 01:13:13
3,1670,-0.7104028068237479,0.44606947350637527,2025-10-10 01:13:13
3,1671,-0.7109105359217186,0.4465772026043459,2025-10-10 01:13:13
3,1672,-0.7114182144424532,0.44708488112508055,2025-10-10 01:13:13
3,1673,-0.7119258409611825,0.4475925076438098,2025-10-10 01:13:13
3,1674,-0.7124334140138628,0.4481000806964902,2025-10-10 01:13:13
3,1675,-0.7129409320960468,0.4486075987786742,2025-10-10 01:13:13
3,1676,-0.713448393661734,0.4491150603443613,2025-10-10 01:13:13
3,1677,-0.7139557971222038,0.4496224638048311,2025-10-10 01:13:13
3,1678,-0.7144631408448302,0.45012980752745746,2025-10-10 01:13:13
3,1679,-0.7149704231518782,0.4506370898345054,2025-10-10 01:13:13
3,1680,-0.7154776423192835,0.45114430900191066,2025-10-10 01:13:13
3,1681,-0.715984796575415,0.4516514632580422,2025-10-10 01:13:13
3,1682,-0.7164918840998211,0.45215855078244827,2025-10-10 01:13:13
3,1683,-0.7169989030219595,0.4526655697045866,2025-10-10 01:13:13
3,1684,-0.7175058514199115,0.45317251810253867,2025-10-10 01:13:13
3,1685,-0.7180127273190818,0.45367939400170904,2025-10-10 01:13:13
3,1686,-0.7185195286908826,0.45418619537350985,2025-10-10 01:13:13
3,1687,-0.7190262534514039,0.4546929201340312,2025-10-10 01:13:13
3,1688,-0.71953289946007,0.45519956614269724,2025-10-10 01:13:13
3,1689,-0.7200394645182825,0.4557061312009097,2025-10-10 01:13:13
3,1690,-0.7205459463680501,0.4562126130506774,2025-10-10 01:13:13
3,1691,-0.7210523426906069,0.4567190093732342,2025-10-10 01:13:13
3,1692,-0.7215586511050169,0.4572253177876442,2025-10-10 01:13:13
3,1693,-0.7220648691667685,0.4577315358493958,2025-10-10 01:13:13
3,1694,-0.722570994366357,0.4582376610489842,2025-10-10 01:13:13
3,1695,-0.7230770241278562,0.4587436908104835,2025-10-10 01:13:13
3,1696,-0.7235829558074804,0.4592496224901077,2025-10-10 01:13:13
3,1697,-0.7240887866921356,0.45975545337476287,2025-10-10 01:13:13
3,1698,-0.7245945139979615,0.46026118068058874,2025-10-10 01:13:13
3,1699,-0.7251001348688646,0.46076680155149186,2025-10-10 01:13:13
3,1700,-0.7256056463750422,0.46127231305766947,2025-10-10 01:13:13
3,1701,-0.7261110455114983,0.4617777121941256,2025-10-10 01:13:13
3,1702,-0.7266163291965513,0.46228299587917865,2025-10-10 01:13:13
3,1703,-0.7271214942703341,0.46278816095296155,2025-10-10 01:13:13
3,1704,-0.7276265374932874,0.4632932041759148,2025-10-10 01:13:13
3,1705,-0.728131455544645,0.4637981222272724,2025-10-10 01:13:13
3,1706,-0.7286362450209137,0.46430291170354115,2025-10-10 01:13:13
3,1707,-0.7291409024343465,0.4648075691169739,2025-10-10 01:13:13
3,1708,-0.7296454242114093,0.4653120908940367,2025-10-10 01:13:13
3,1709,-0.7301498066912429,0.4658164733738703,2025-10-10 01:13:13
3,1710,-0.7306540461241189,0.4663207128067463,2025-10-10 01:13:13
3,1711,-0.7311581386698911,0.4668248053525185,2025-10-10 01:13:13
3,1712,-0.7316620803964415,0.467328747079069,2025-10-10 01:13:13
3,1713,-0.7321658672781226,0.4678325339607501,2025-10-10 01:13:13
3,1714,-0.7326694951941943,0.4683361618768218,2025-10-10 01:13:13
3,1715,-0.7331729599272581,0.46883962660988554,2025-10-10 01:13:13
3,1716,-0.7336762571616862,0.4693429238443137,2025-10-10 01:13:13
3,1717,-0.7341793824820484,0.4698460491646759,2025-10-10 01:13:13
3,1718,-0.7346823313715345,0.470348998054162,2025-10-10 01:13:13
3,1719,-0.7351850992103741,0.4708517658930017,2025-10-10 01:13:13
3,1720,-0.7356876812742538,0.47135434795688136,2025-10-10 01:13:13
3,1721,-0.7361900727327308,0.47185673941535844,2025-10-10 01:13:13
3,1722,-0.7366922686476453,0.47235893533027284,2025-10-10 01:13:13
3,1723,-0.7371942639715291,0.47286093065415663,2025-10-10 01:13:13
3,1724,-0.7376960535460135,0.47336272022864107,2025-10-10 01:13:13
3,1725,-0.7381976321002345,0.47386429878286196,2025-10-10 01:13:13
3,1726,-0.738698994249236,0.4743656609318635,2025-10-10 01:13:13
3,1727,-0.7392001344923727,0.47486680117500013,2025-10-10 01:13:13
3,1728,-0.73970104721171,0.4753677138943375,2025-10-10 01:13:13
3,1729,-0.7402017266704245,0.475868393353052,2025-10-10 01:13:13
3,1730,-0.7407021670112017,0.47636883369382915,2025-10-10 01:13:13
3,1731,-0.7412023622546347,0.4768690289372621,2025-10-10 01:13:13
3,1732,-0.7417023062976208,0.4773689729802482,2025-10-10 01:13:13
3,1733,-0.7422019929117594,0.4778686595943868,2025-10-10 01:13:13
3,1734,-0.742701415741748,0.47836808242437534,2025-10-10 01:13:13
3,1735,-0.7432005683037797,0.478867234986407,2025-10-10 01:13:13
3,1736,-0.7436994439839403,0.4793661106665676,2025-10-10 01:13:13
3,1737,-0.7441980360366065,0.4798647027192338,2025-10-10 01:13:13
3,1738,-0.7446963375828445,0.48036300426547185,2025-10-10 01:13:13
3,1739,-0.7451943416088099,0.48086100829143724,2025-10-10 01:13:13
3,1740,-0.7456920409641492,0.4813587076467766,2025-10-10 01:13:13
3,1741,-0.7461894283604029,0.4818560950430303,2025-10-10 01:13:13
3,1742,-0.7466864963694105,0.48235316305203796,2025-10-10 01:13:13
3,1743,-0.7471832374217185,0.482849904104346,2025-10-10 01:13:13
3,1744,-0.7476796438049904,0.48334631048761784,2025-10-10 01:13:13
3,1745,-0.7481757076624204,0.48384237434504784,2025-10-10 01:13:13
3,1746,-0.7486714209911506,0.48433808767377806,2025-10-10 01:13:13
3,1747,-0.7491667756406922,0.48483344232331976,2025-10-10 01:13:13
3,1748,-0.7496617633113513,0.48532842999397885,2025-10-10 01:13:13
3,1749,-0.750156375552659,0.48582304223528666,2025-10-10 01:13:13
3,1750,-0.7506506037618085,0.4863172704444361,2025-10-10 01:13:13
3,1751,-0.7511444391820963,0.4868111058647239,2025-10-10 01:13:13
3,1752,-0.7516378729013716,0.4873045395839993,2025-10-10 01:13:13
3,1753,-0.7521308958504924,0.48779756253312007,2025-10-10 01:13:13
3,1754,-0.752623498801789,0.4882901654844166,2025-10-10 01:13:13
3,1755,-0.7531156723675367,0.48878233905016427,2025-10-10 01:13:13
3,1756,-0.7536074069984374,0.48927407368106496,2025-10-10 01:13:13
3,1757,-0.7540986929821114,0.4897653596647389,2025-10-10 01:13:13
3,1758,-0.7545895204415994,0.4902561871242269,2025-10-10 01:13:13
3,1759,-0.7550798793338771,0.49074654601650464,2025-10-10 01:13:13
3,1760,-0.755569759448381,0.4912364261310085,2025-10-10 01:13:13
3,1761,-0.7560591504055483,0.4917258170881757,2025-10-10 01:13:13
3,1762,-0.7565480416553706,0.492214708337998,2025-10-10 01:13:13
3,1763,-0.7570364224759633,0.4927030891585906,2025-10-10 01:13:13
3,1764,-0.7575242819721502,0.49319094865477753,2025-10-10 01:13:13
3,1765,-0.7580116090740664,0.49367827575669376,2025-10-10 01:13:13
3,1766,-0.7584983925357788,0.49416505921840614,2025-10-10 01:13:13
3,1767,-0.7589846209339257,0.4946512876165531,2025-10-10 01:13:13
3,1768,-0.759470282666378,0.4951369493490053,2025-10-10 01:13:13
3,1769,-0.7599553659509206,0.4956220326335479,2025-10-10 01:13:13
3,1770,-0.7604398588239583,0.4961065255065855,2025-10-10 01:13:13
3,1771,-0.7609237491392443,0.4965904158218716,2025-10-10 01:13:13
3,1772,-0.7614070245666359,0.49707369124926315,2025-10-10 01:13:13
3,1773,-0.7618896725908753,0.49755633927350246,2025-10-10 01:13:13
3,1774,-0.7623716805103995,0.49803834719302664,2025-10-10 01:13:13
3,1775,-0.76285303543618,0.4985197021188071,2025-10-10 01:13:13
3,1776,-0.7633337242905927,0.49900039097321974,2025-10-10 01:13:13
3,1777,-0.7638137338063209,0.499480400488948,2025-10-10 01:13:13
3,1778,-0.7642930505252923,0.4999597172079194,2025-10-10 01:13:13
3,1779,-0.7647716607976508,0.500438327480278,2025-10-10 01:13:13
3,1780,-0.7652495507807665,0.5009162174633937,2025-10-10 01:13:13
3,1781,-0.7657267064382834,0.5013933731209106,2025-10-10 01:13:13
3,1782,-0.7662031135392081,0.5018697802218353,2025-10-10 01:13:13
3,1783,-0.7666787576570396,0.5023454243396668,2025-10-10 01:13:13
3,1784,-0.767153624168944,0.5028202908515711,2025-10-10 01:13:13
3,1785,-0.7676276982549731,0.5032943649376003,2025-10-10 01:13:13
3,1786,-0.7681009648973314,0.5037676315799585,2025-10-10 01:13:13
3,1787,-0.7685734088796905,0.5042400755623176,2025-10-10 01:13:13
3,1788,-0.7690450147865554,0.5047116814691825,2025-10-10 01:13:13
3,1789,-0.7695157670026818,0.505182433685309,2025-10-10 01:13:13
3,1790,-0.7699856497125486,0.5056523163951758,2025-10-10 01:13:13
3,1791,-0.7704546468998855,0.5061213135825128,2025-10-10 01:13:13
3,1792,-0.7709227423472591,0.5065894090298864,2025-10-10 01:13:13
3,1793,-0.7713899196357171,0.5070565863183444,2025-10-10 01:13:13
3,1794,-0.7718561621444958,0.5075228288271231,2025-10-10 01:13:13
3,1795,-0.7723214530507889,0.5079881197334162,2025-10-10 01:13:13
3,1796,-0.7727857753295827,0.50845244201221,2025-10-10 01:13:13
3,1797,-0.773249111753557,0.5089157784361843,2025-10-10 01:13:13
3,1798,-0.7737114448930555,0.5093781115756828,2025-10-10 01:13:13
3,1799,-0.7741727571161263,0.5098394237987536,2025-10-10 01:13:13
3,1800,-0.7746330305886343,0.5102996972712616,2025-10-10 01:13:13
3,1801,-0.7750922472744484,0.5107589139570756,2025-10-10 01:13:13
3,1802,-0.7755503889357039,0.5112170556183312,2025-10-10 01:13:13
3,1803,-0.776007437133143,0.5116741038157703,2025-10-10 01:13:13
3,1804,-0.7764633732265341,0.5121300399091614,2025-10-10 01:13:13
3,1805,-0.7769181783751727,0.5125848450578,2025-10-10 01:13:13
3,1806,-0.7773718335384646,0.5130385002210919,2025-10-10 01:13:13
3,1807,-0.777824319476594,0.5134909861592213,2025-10-10 01:13:13
3,1808,-0.7782756167512773,0.5139422834339046,2025-10-10 01:13:13
3,1809,-0.7787257057266049,0.5143923724092322,2025-10-10 01:13:13
3,1810,-0.7791745665699722,0.5148412332525995,2025-10-10 01:13:13
3,1811,-0.779622179253101,0.5152888459357282,2025-10-10 01:13:13
3,1812,-0.780068523553154,0.5157351902357813,2025-10-10 01:13:13
3,1813,-0.7805135790539427,0.51618024573657,2025-10-10 01:13:13
3,1814,-0.7809573251472299,0.5166239918298572,2025-10-10 01:13:13
3,1815,-0.7813997410341299,0.5170664077167572,2025-10-10 01:13:13
3,1816,-0.7818408057266054,0.5175074724092327,2025-10-10 01:13:13
3,1817,-0.7822804980490646,0.5179471647316919,2025-10-10 01:13:13
3,1818,-0.7827187966400577,0.518385463322685,2025-10-10 01:13:13
3,1819,-0.7831556799540754,0.5188223466367027,2025-10-10 01:13:13
3,1820,-0.7835911262634497,0.519257792946077,2025-10-10 01:13:13
3,1821,-0.7840251136603587,0.5196917803429859,2025-10-10 01:13:13
3,1822,-0.7844576200589349,0.5201242867415622,2025-10-10 01:13:13
3,1823,-0.7848886231974807,0.5205552898801079,2025-10-10 01:13:13
3,1824,-0.785318100640788,0.5209847673234153,2025-10-10 01:13:13
3,1825,-0.7857460297825668,0.5214126964651941,2025-10-10 01:13:13
3,1826,-0.7861723878479799,0.5218390545306072,2025-10-10 01:13:13
3,1827,-0.7865971518962871,0.5222638185789144,2025-10-10 01:13:13
3,1828,-0.7870202988235973,0.5226869655062245,2025-10-10 01:13:13
3,1829,-0.7874418053657303,0.5231084720483575,2025-10-10 01:13:13
3,1830,-0.7878616481011884,0.5235283147838157,2025-10-10 01:13:13
3,1831,-0.7882798034542375,0.5239464701368648,2025-10-10 01:13:13
3,1832,-0.7886962476980984,0.5243629143807257,2025-10-10 01:13:13
3,1833,-0.7891109569582486,0.5247776236408759,2025-10-10 01:13:13
3,1834,-0.7895239072158342,0.5251905738984615,2025-10-10 01:13:13
3,1835,-0.7899350743111919,0.5256017409938192,2025-10-10 01:13:13
3,1836,-0.7903444339474813,0.5260111006301087,2025-10-10 01:13:13
3,1837,-0.7907519616944271,0.5264186283770544,2025-10-10 01:13:13
3,1838,-0.7911576329921701,0.5268242996747975,2025-10-10 01:13:13
3,1839,-0.7915614231552287,0.5272280898378561,2025-10-10 01:13:13
3,1840,-0.7919633073765674,0.5276299740591948,2025-10-10 01:13:13
3,1841,-0.7923632607317745,0.5280299274144019,2025-10-10 01:13:13
3,1842,-0.7927612581833469,0.5284279248659742,2025-10-10 01:13:13
3,1843,-0.7931572745850806,0.5288239412677079,2025-10-10 01:13:13
3,1844,-0.7935512846865681,0.5292179513691955,2025-10-10 01:13:13
3,1845,-0.7939432631377998,0.5296099298204273,2025-10-10 01:13:13
3,1846,-0.7943331844938691,0.5299998511764966,2025-10-10 01:13:13
3,1847,-0.7947210232197799,0.5303876899024074,2025-10-10 01:13:13
3,1848,-0.7951067536953556,0.530773420377983,2025-10-10 01:13:13
3,1849,-0.7954903502202478,0.5311570169028753,2025-10-10 01:13:13
3,1850,-0.7958717870190438,0.5315384537016713,2025-10-10 01:13:13
3,1851,-0.7962510382464704,0.5319177049290978,2025-10-10 01:13:13
3,1852,-0.7966280779926933,0.5322947446753209,2025-10-10 01:13:13
3,1853,-0.7970028802887109,0.5326695469713385,2025-10-10 01:13:13
3,1854,-0.7973754191118384,0.533042085794466,2025-10-10 01:13:13
3,1855,-0.797745668391283,0.5334123350739106,2025-10-10 01:13:13
3,1856,-0.7981136020138068,0.5337802686964344,2025-10-10 01:13:13
3,1857,-0.798479193829475,0.5341458605121026,2025-10-10 01:13:13
3,1858,-0.798842417657489,0.5345090843401166,2025-10-10 01:13:13
3,1859,-0.7992032472920998,0.5348699139747274,2025-10-10 01:13:13
3,1860,-0.7995616565086014,0.535228323191229,2025-10-10 01:13:13
3,1861,-0.7999176190694008,0.5355842857520284,2025-10-10 01:13:13
3,1862,-0.800271108730162,0.5359377754127896,2025-10-10 01:13:13
3,1863,-0.8006220992460223,0.5362887659286499,2025-10-10 01:13:13
3,1864,-0.8009705643778773,0.5366372310605049,2025-10-10 01:13:13
3,1865,-0.8013164778987327,0.5369831445813603,2025-10-10 01:13:13
3,1866,-0.8016598136001196,0.5373264802827472,2025-10-10 01:13:13
3,1867,-0.8020005452985705,0.537667211981198,2025-10-10 01:13:13
3,1868,-0.8023386468421531,0.5380053135247806,2025-10-10 01:13:13
3,1869,-0.8026740921170596,0.5383407587996872,2025-10-10 01:13:13
3,1870,-0.8030068550542474,0.538673521736875,2025-10-10 01:13:13
3,1871,-0.803336909636128,0.5390035763187556,2025-10-10 01:13:13
3,1872,-0.8036642299033028,0.5393308965859304,2025-10-10 01:13:13
3,1873,-0.80398878996134,0.5396554566439676,2025-10-10 01:13:13
3,1874,-0.8043105639875916,0.5399772306702192,2025-10-10 01:13:13
3,1875,-0.804629526238045,0.5402961929206725,2025-10-10 01:13:13
3,1876,-0.8049456510542076,0.5406123177368352,2025-10-10 01:13:13
3,1877,-0.8052589128700206,0.5409255795526482,2025-10-10 01:13:13
3,1878,-0.8055692862187976,0.5412359529014252,2025-10-10 01:13:13
3,1879,-0.8058767457401854,0.541543412422813,2025-10-10 01:13:13
3,1880,-0.8061812661871427,0.5418479328697703,2025-10-10 01:13:13
3,1881,-0.8064828224329343,0.5421494891155619,2025-10-10 01:13:13
3,1882,-0.8067813894781362,0.5424480561607637,2025-10-10 01:13:13
3,1883,-0.807076942457647,0.5427436091402746,2025-10-10 01:13:13
3,1884,-0.8073694566477053,0.5430361233303329,2025-10-10 01:13:13
3,1885,-0.8076589074729048,0.5433255741555324,2025-10-10 01:13:13
3,1886,-0.8079452705132072,0.5436119371958348,2025-10-10 01:13:13
3,1887,-0.8082285215109469,0.5438951881935745,2025-10-10 01:13:13
3,1888,-0.8085086363778254,0.544175303060453,2025-10-10 01:13:13
3,1889,-0.8087855912018892,0.5444522578845168,2025-10-10 01:13:13
3,1890,-0.8090593622544902,0.5447260289371177,2025-10-10 01:13:13
3,1891,-0.8093299259972229,0.5449965926798505,2025-10-10 01:13:13
3,1892,-0.8095972590888353,0.5452639257714628,2025-10-10 01:13:13
3,1893,-0.8098613383921094,0.5455280050747369,2025-10-10 01:13:13
3,1894,-0.8101221409807081,0.5457888076633356,2025-10-10 01:13:13
3,1895,-0.8103796441459836,0.5460463108286111,2025-10-10 01:13:13
3,1896,-0.8106338254037448,0.5463004920863723,2025-10-10 01:13:13
3,1897,-0.8108846625009789,0.5465513291836064,2025-10-10 01:13:13
3,1898,-0.8111321334225235,0.546798800105151,2025-10-10 01:13:13
3,1899,-0.8113762163976871,0.5470428830803146,2025-10-10 01:13:13
3,1900,-0.8116168899068109,0.5472835565894384,2025-10-10 01:13:13
3,1901,-0.8118541326877722,0.5475207993703997,2025-10-10 01:13:13
3,1902,-0.812087923742422,0.5477545904250495,2025-10-10 01:13:13
3,1903,-0.8123182423429565,0.5479849090255839,2025-10-10 01:13:13
3,1904,-0.8125450680382158,0.5482117347208433,2025-10-10 01:13:13
3,1905,-0.8127683806599088,0.5484350473425362,2025-10-10 01:13:13
3,1906,-0.8129881603287588,0.5486548270113862,2025-10-10 01:13:13
3,1907,-0.8132043874605678,0.5488710541431953,2025-10-10 01:13:13
3,1908,-0.8134170427721947,0.5490837094548222,2025-10-10 01:13:13
3,1909,-0.8136261072874453,0.5492927739700728,2025-10-10 01:13:13
3,1910,-0.8138315623428692,0.5494982290254967,2025-10-10 01:13:13
3,1911,-0.8140333895934623,0.5497000562760898,2025-10-10 01:13:13
3,1912,-0.814231571018269,0.5498982377008965,2025-10-10 01:13:13
3,1913,-0.8144260889258842,0.5500927556085117,2025-10-10 01:13:13
3,1914,-0.8146169259598484,0.5502835926424758,2025-10-10 01:13:13
3,1915,-0.8148040651039357,0.5504707317865631,2025-10-10 01:13:13
3,1916,-0.81498748968733,0.5506541563699575,2025-10-10 01:13:13
3,1917,-0.8151671833896873,0.5508338500723148,2025-10-10 01:13:13
3,1918,-0.8153431302460804,0.5510097969287079,2025-10-10 01:13:13
3,1919,-0.8155153146518244,0.5511819813344518,2025-10-10 01:13:13
3,1920,-0.8156837213671791,0.5513503880498066,2025-10-10 01:13:13
3,1921,-0.8158483355219265,0.551515002204554,2025-10-10 01:13:13
3,1922,-0.8160091426198195,0.551675809302447,2025-10-10 01:13:13
3,1923,-0.8161661285429017,0.5518327952255292,2025-10-10 01:13:13
3,1924,-0.8163192795556935,0.551985946238321,2025-10-10 01:13:13
3,1925,-0.816468582309243,0.5521352489918705,2025-10-10 01:13:13
3,1926,-0.8166140238450402,0.5522806905276677,2025-10-10 01:13:13
3,1927,-0.8167555915987913,0.5524222582814188,2025-10-10 01:13:13
3,1928,-0.8168932734040516,0.5525599400866791,2025-10-10 01:13:13
3,1929,-0.817027057495715,0.5526937241783425,2025-10-10 01:13:13
3,1930,-0.817156932513358,0.5528235991959854,2025-10-10 01:13:13
3,1931,-0.8172828875044366,0.552949554187064,2025-10-10 01:13:13
3,1932,-0.8174049119273346,0.553071578609962,2025-10-10 01:13:13
3,1933,-0.8175229956542611,0.5531896623368886,2025-10-10 01:13:13
3,1934,-0.8176371289739969,0.5533037956566244,2025-10-10 01:13:13
3,1935,-0.8177473025944867,0.5534139692771142,2025-10-10 01:13:13
3,1936,-0.8178535076452775,0.553520174327905,2025-10-10 01:13:13
3,1937,-0.8179557356798015,0.553622402362429,2025-10-10 01:13:13
3,1938,-0.8180539786775013,0.5537206453601288,2025-10-10 01:13:13
3,1939,-0.8181482290457985,0.553814895728426,2025-10-10 01:13:13
3,1940,-0.8182384796219037,0.5539051463045311,2025-10-10 01:13:13
3,1941,-0.8183247236744658,0.5539913903570933,2025-10-10 01:13:13
3,1942,-0.818406954905064,0.5540736215876915,2025-10-10 01:13:13
3,1943,-0.8184851674495364,0.5541518341321638,2025-10-10 01:13:13
3,1944,-0.8185593558791504,0.5542260225617779,2025-10-10 01:13:13
3,1945,-0.8186295152016103,0.5542961818842378,2025-10-10 01:13:13
3,1946,-0.8186956408619043,0.5543623075445318,2025-10-10 01:13:13
3,1947,-0.8187577287429894,0.5544243954256168,2025-10-10 01:13:13
3,1948,-0.8188157751663159,0.5544824418489435,2025-10-10 01:13:13
3,1949,-0.81886977689219,0.5545364435748176,2025-10-10 01:13:13
3,1950,-0.8189197311199753,0.5545863978026029,2025-10-10 01:13:13
3,1951,-0.8189656354881336,0.5546323021707612,2025-10-10 01:13:13
3,1952,-0.8190074880741061,0.5546741547567337,2025-10-10 01:13:13
3,1953,-0.8190452873940338,0.5547119540766614,2025-10-10 01:13:13
3,1954,-0.8190790324023205,0.5547456990849481,2025-10-10 01:13:13
3,1955,-0.8191087224910358,0.5547753891736634,2025-10-10 01:13:13
3,1956,-0.8191343574891621,0.5548010241717897,2025-10-10 01:13:13
3,1957,-0.8191559376616844,0.554822604344312,2025-10-10 01:13:13
3,1958,-0.8191734637085256,0.5548401303911532,2025-10-10 01:13:13
3,1959,-0.8191869367633272,0.5548536034459548,2025-10-10 01:13:13
3,1960,-0.8191963583920773,0.5548630250747049,2025-10-10 01:13:13
3,1961,-0.8192017305915873,0.5548683972742149,2025-10-10 01:13:13
3,1962,-0.8192030557878189,0.5548697224704465,2025-10-10 01:13:13
3,1963,-0.8192003368340622,0.5548670035166898,2025-10-10 01:13:13
3,1964,-0.819193577008968,0.5548602436915956,2025-10-10 01:13:13
3,1965,-0.8191827800144343,0.5548494466970619,2025-10-10 01:13:13
3,1966,-0.819167949973351,0.5548346166559786,2025-10-10 01:13:13
3,1967,-0.8191490914272022,0.5548157581098297,2025-10-10 01:13:13
3,1968,-0.8191262093335306,0.5547928760161582,2025-10-10 01:13:13
3,1969,-0.8190993090632649,0.5547659757458925,2025-10-10 01:13:13
3,1970,-0.8190683963979113,0.5547350630805389,2025-10-10 01:13:13
3,1971,-0.8190334775266146,0.5547001442092422,2025-10-10 01:13:13
3,1972,-0.8189945590430878,0.5546612257257154,2025-10-10 01:13:13
3,1973,-0.8189516479424147,0.5546183146250423,2025-10-10 01:13:13
3,1974,-0.8189047516177272,0.5545714183003548,2025-10-10 01:13:13
3,1975,-0.8188538778567606,0.5545205445393881,2025-10-10 01:13:13
3,1976,-0.8187990348382883,0.5544657015209159,2025-10-10 01:13:13
3,1977,-0.8187402311284404,0.554406897811068,2025-10-10 01:13:13
3,1978,-0.8186774756769069,0.5543441423595344,2025-10-10 01:13:13
3,1979,-0.8186107778130298,0.5542774444956574,2025-10-10 01:13:13
3,1980,-0.8185401472417873,0.5542068139244148,2025-10-10 01:13:13
3,1981,-0.8184655940396709,0.5541322607222985,2025-10-10 01:13:13
3,1982,-0.818387128650461,0.5540537953330886,2025-10-10 01:13:13
3,1983,-0.8183047618809026,0.5539714285635302,2025-10-10 01:13:13
3,1984,-0.8182185048962837,0.5538851715789113,2025-10-10 01:13:13
3,1985,-0.818128369215921,0.5537950358985486,2025-10-10 01:13:13
3,1986,-0.8180343667085558,0.5537010333911834,2025-10-10 01:13:13
3,1987,-0.8179365095876608,0.5536031762702884,2025-10-10 01:13:13
3,1988,-0.8178348104066656,0.5535014770892932,2025-10-10 01:13:13
3,1989,-0.8177292820540992,0.5533959487367268,2025-10-10 01:13:13
3,1990,-0.8176199377486569,0.5532866044312845,2025-10-10 01:13:13
3,1991,-0.8175067910341922,0.5531734577168198,2025-10-10 01:13:13
3,1992,-0.817389855774638,0.5530565224572656,2025-10-10 01:13:13
3,1993,-0.8172691461488605,0.5529358128314881,2025-10-10 01:13:13
3,1994,-0.8171446766454492,0.5528113433280768,2025-10-10 01:13:13
3,1995,-0.8170164620574457,0.5526831287400733,2025-10-10 01:13:13
3,1996,-0.8168845174770152,0.5525511841596428,2025-10-10 01:13:13
3,1997,-0.8167488582900639,0.5524155249726915,2025-10-10 01:13:13
3,1998,-0.8166095001708061,0.5522761668534337,2025-10-10 01:13:13
3,1999,-0.816466459076283,0.5521331257589106,2025-10-10 01:13:13
3,2000,-0.816319751240838,0.5519864179234656,2025-10-10 01:13:13
3,2001,-0.8161693931705511,0.5518360598531787,2025-10-10 01:13:13
3,2002,-0.8160154016376362,0.5516820683202638,2025-10-10 01:13:13
3,2003,-0.815857793674803,0.5515244603574306,2025-10-10 01:13:13
3,2004,-0.8156965865695897,0.5513632532522172,2025-10-10 01:13:13
3,2005,-0.8155317978586661,0.5511984645412937,2025-10-10 01:13:13
3,2006,-0.8153634453221141,0.5510301120047417,2025-10-10 01:13:13
3,2007,-0.8151915469776854,0.550858213660313,2025-10-10 01:13:13
3,2008,-0.8150161210750414,0.550682787757669,2025-10-10 01:13:13
3,2009,-0.8148371860899789,0.5505038527726065,2025-10-10 01:13:13
3,2010,-0.8146547607186424,0.55032142740127,2025-10-10 01:13:13
3,2011,-0.8144688638717285,0.550135530554356,2025-10-10 01:13:13
3,2012,-0.814279514668684,0.5499461813513116,2025-10-10 01:13:13
3,2013,-0.8140867324319008,0.5497533991145284,2025-10-10 01:13:13
3,2014,-0.813890536680911,0.5495572033635386,2025-10-10 01:13:13
3,2015,-0.8136909471265847,0.5493576138092123,2025-10-10 01:13:13
3,2016,-0.8134879836653327,0.5491546503479603,2025-10-10 01:13:13
3,2017,-0.8132816663733182,0.5489483330559458,2025-10-10 01:13:13
3,2018,-0.8130720155006796,0.5487386821833072,2025-10-10 01:13:13
3,2019,-0.812859051465766,0.5485257181483936,2025-10-10 01:13:13
3,2020,-0.8126427948493895,0.5483094615320171,2025-10-10 01:13:13
3,2021,-0.8124232663890961,0.5480899330717237,2025-10-10 01:13:13
3,2022,-0.8122004869734578,0.5478671536560853,2025-10-10 01:13:13
3,2023,-0.8119744776363876,0.5476411443190151,2025-10-10 01:13:13
3,2024,-0.8117452595514816,0.5474119262341091,2025-10-10 01:13:13
3,2025,-0.8115128540263875,0.547179520709015,2025-10-10 01:13:13
3,2026,-0.8112772824972053,0.5469439491798327,2025-10-10 01:13:13
3,2027,-0.8110385665229186,0.546705233205546,2025-10-10 01:13:13
3,2028,-0.8107967277798617,0.546463394462489,2025-10-10 01:13:13
3,2029,-0.8105517880562225,0.5462184547388499,2025-10-10 01:13:13
3,2030,-0.8103037692465843,0.5459704359292117,2025-10-10 01:13:13
3,2031,-0.8100526933465069,0.5457193600291342,2025-10-10 01:13:13
3,2032,-0.8097985824471509,0.5454652491297782,2025-10-10 01:13:13
3,2033,-0.8095414587299449,0.5452081254125721,2025-10-10 01:13:13
3,2034,-0.8092813444612983,0.5449480111439255,2025-10-10 01:13:13
3,2035,-0.8090182619873614,0.5446849286699886,2025-10-10 01:13:13
3,2036,-0.8087522337288332,0.5444189004114605,2025-10-10 01:13:13
3,2037,-0.8084832821758197,0.5441499488584469,2025-10-10 01:13:13
3,2038,-0.808211429882743,0.5438780965653702,2025-10-10 01:13:13
3,2039,-0.8079366994633034,0.5436033661459306,2025-10-10 01:13:13
3,2040,-0.8076591135854947,0.543325780268122,2025-10-10 01:13:13
3,2041,-0.8073786949666749,0.5430453616493022,2025-10-10 01:13:13
3,2042,-0.8070954663686923,0.5427621330513196,2025-10-10 01:13:13
3,2043,-0.8068094505930691,0.5424761172756963,2025-10-10 01:13:13
3,2044,-0.8065206704762423,0.5421873371588696,2025-10-10 01:13:13
3,2045,-0.8062291488848647,0.541895815567492,2025-10-10 01:13:13
3,2046,-0.8059349087111638,0.5416015753937911,2025-10-10 01:13:13
3,2047,-0.8056379728683624,0.5413046395509896,2025-10-10 01:13:13
3,2048,-0.8053383642861598,0.541005030968787,2025-10-10 01:13:13
3,2049,-0.805036105906275,0.5407027725889022,2025-10-10 01:13:13
3,2050,-0.8047312206780514,0.5403978873606786,2025-10-10 01:13:13
3,2051,-0.8044237315541257,0.540090398236753,2025-10-10 01:13:13
3,2052,-0.8041136614861588,0.5397803281687861,2025-10-10 01:13:13
3,2053,-0.803801033420631,0.5394677001032583,2025-10-10 01:13:13
3,2054,-0.8034858702947011,0.5391525369773283,2025-10-10 01:13:13
3,2055,-0.8031681950321299,0.5388348617147571,2025-10-10 01:13:13
3,2056,-0.802848030539268,0.5385146972218953,2025-10-10 01:13:13
3,2057,-0.802525399701109,0.5381920663837363,2025-10-10 01:13:13
3,2058,-0.8022003253774068,0.5378669920600341,2025-10-10 01:13:13
3,2059,-0.8018728303988585,0.5375394970814857,2025-10-10 01:13:13
3,2060,-0.801542937563352,0.5372096042459793,2025-10-10 01:13:13
3,2061,-0.8012106696322797,0.536877336314907,2025-10-10 01:13:13
3,2062,-0.8008760493269155,0.5365427160095427,2025-10-10 01:13:13
3,2063,-0.8005390993248582,0.5362057660074855,2025-10-10 01:13:13
3,2064,-0.8001998422565402,0.5358665089391674,2025-10-10 01:13:13
3,2065,-0.7998583007017989,0.5355249673844261,2025-10-10 01:13:13
3,2066,-0.7995144971865152,0.5351811638691425,2025-10-10 01:13:13
3,2067,-0.799168454179315,0.5348351208619423,2025-10-10 01:13:13
3,2068,-0.7988201940883349,0.5344868607709622,2025-10-10 01:13:13
3,2069,-0.7984697392580526,0.5341364059406799,2025-10-10 01:13:13
3,2070,-0.7981171119661803,0.5337837786488075,2025-10-10 01:13:13
3,2071,-0.7977623344206217,0.533429001103249,2025-10-10 01:13:13
3,2072,-0.7974054287564922,0.5330720954391195,2025-10-10 01:13:13
3,2073,-0.7970464170332016,0.5327130837158288,2025-10-10 01:13:13
3,2074,-0.7966853212315987,0.532351987914226,2025-10-10 01:13:13
3,2075,-0.7963221632511791,0.5319888299338064,2025-10-10 01:13:13
3,2076,-0.795956964907353,0.5316236315899803,2025-10-10 01:13:13
3,2077,-0.795589747928775,0.5312564146114023,2025-10-10 01:13:13
3,2078,-0.7952205339547346,0.5308872006373618,2025-10-10 01:13:13
3,2079,-0.7948493445326065,0.5305160112152337,2025-10-10 01:13:13
3,2080,-0.7944762011153611,0.5301428677979884,2025-10-10 01:13:13
3,2081,-0.7941011250591342,0.5297677917417615,2025-10-10 01:13:13
3,2082,-0.7937241376208556,0.5293908043034828,2025-10-10 01:13:13
3,2083,-0.7933452599559359,0.5290119266385631,2025-10-10 01:13:13
3,2084,-0.7929645131160115,0.5286311797986387,2025-10-10 01:13:13
3,2085,-0.7925819180467468,0.5282485847293741,2025-10-10 01:13:13
3,2086,-0.792197495585694,0.5278641622683213,2025-10-10 01:13:13
3,2087,-0.7918112664602082,0.5274779331428355,2025-10-10 01:13:13
3,2088,-0.7914232512854196,0.5270899179680469,2025-10-10 01:13:13
3,2089,-0.7910334705622608,0.5267001372448882,2025-10-10 01:13:13
3,2090,-0.7906419446755489,0.5263086113581763,2025-10-10 01:13:13
3,2091,-0.7902486938921228,0.5259153605747502,2025-10-10 01:13:13
3,2092,-0.7898537383590336,0.525520405041661,2025-10-10 01:13:13
3,2093,-0.7894570981017898,0.5251237647844171,2025-10-10 01:13:13
3,2094,-0.7890587930226542,0.5247254597052816,2025-10-10 01:13:13
3,2095,-0.7886588428989955,0.5243255095816228,2025-10-10 01:13:13
3,2096,-0.7882572673816894,0.5239239340643168,2025-10-10 01:13:13
3,2097,-0.7878540859935744,0.5235207526762018,2025-10-10 01:13:13
3,2098,-0.7874493181279564,0.5231159848105837,2025-10-10 01:13:13
3,2099,-0.7870429830471657,0.5227096497297931,2025-10-10 01:13:13
3,2100,-0.786635099881164,0.5223017665637913,2025-10-10 01:13:13
3,2101,-0.7862256876262013,0.5218923543088286,2025-10-10 01:13:13
3,2102,-0.7858147651435223,0.5214814318261497,2025-10-10 01:13:13
3,2103,-0.7854023511581226,0.52106901784075,2025-10-10 01:13:13
3,2104,-0.7849884642575526,0.52065513094018,2025-10-10 01:13:13
3,2105,-0.784573122890771,0.5202397895733983,2025-10-10 01:13:13
3,2106,-0.7841563453670449,0.5198230120496723,2025-10-10 01:13:13
3,2107,-0.7837381498548991,0.5194048165375265,2025-10-10 01:13:13
3,2108,-0.7833185543811106,0.518985221063738,2025-10-10 01:13:13
3,2109,-0.782897576829752,0.5185642435123794,2025-10-10 01:13:13
3,2110,-0.7824752349412796,0.5181419016239069,2025-10-10 01:13:13
3,2111,-0.7820515463116684,0.5177182129942958,2025-10-10 01:13:13
3,2112,-0.7816265283915931,0.5172931950742204,2025-10-10 01:13:13
3,2113,-0.7812001984856533,0.5168668651682806,2025-10-10 01:13:13
3,2114,-0.7807725737516448,0.5164392404342721,2025-10-10 01:13:13
3,2115,-0.780343671199875,0.5160103378825024,2025-10-10 01:13:13
3,2116,-0.7799135076925224,0.5155801743751498,2025-10-10 01:13:13
3,2117,-0.7794820999430404,0.5151487666256678,2025-10-10 01:13:13
3,2118,-0.7790494645156041,0.5147161311982315,2025-10-10 01:13:13
3,2119,-0.778615617824601,0.5142822845072283,2025-10-10 01:13:13
3,2120,-0.7781805761341638,0.5138472428167912,2025-10-10 01:13:13
3,2121,-0.7777443555577461,0.5134110222403735,2025-10-10 01:13:13
3,2122,-0.7773069720577401,0.5129736387403675,2025-10-10 01:13:13
3,2123,-0.7768684414451359,0.5125351081277633,2025-10-10 01:13:13
3,2124,-0.7764287793792223,0.5120954460618496,2025-10-10 01:13:13
3,2125,-0.7759880013673283,0.5116546680499556,2025-10-10 01:13:13
3,2126,-0.7755461227646058,0.5112127894472331,2025-10-10 01:13:13
3,2127,-0.7751031587738518,0.5107698254564792,2025-10-10 01:13:13
3,2128,-0.774659124445371,0.5103257911279984,2025-10-10 01:13:13
3,2129,-0.7742140346768771,0.5098807013595045,2025-10-10 01:13:13
3,2130,-0.7737679042134338,0.5094345708960611,2025-10-10 01:13:13
3,2131,-0.7733207476474341,0.5089874143300614,2025-10-10 01:13:13
3,2132,-0.7728725794186174,0.5085392461012448,2025-10-10 01:13:13
3,2133,-0.7724234138141248,0.5080900804967522,2025-10-10 01:13:13
3,2134,-0.7719732649685911,0.5076399316512185,2025-10-10 01:13:13
3,2135,-0.771522146864274,0.5071888135469014,2025-10-10 01:13:13
3,2136,-0.7710700733312192,0.5067367400138466,2025-10-10 01:13:13
3,2137,-0.7706170580474613,0.5062837247300886,2025-10-10 01:13:13
3,2138,-0.7701631145392599,0.5058297812218873,2025-10-10 01:13:13
3,2139,-0.7697082561813707,0.5053749228639981,2025-10-10 01:13:13
3,2140,-0.7692524961973504,0.5049191628799777,2025-10-10 01:13:13
3,2141,-0.7687958476598947,0.5044625143425221,2025-10-10 01:13:13
3,2142,-0.7683383234912108,0.5040049901738382,2025-10-10 01:13:13
3,2143,-0.7678799364634202,0.5035466031460476,2025-10-10 01:13:13
3,2144,-0.7674206991989952,0.5030873658816226,2025-10-10 01:13:13
3,2145,-0.7669606241712252,0.5026272908538525,2025-10-10 01:13:13
3,2146,-0.7664997237047138,0.502166390387341,2025-10-10 01:13:13
3,2147,-0.7660380099759057,0.5017046766585329,2025-10-10 01:13:13
3,2148,-0.7655754950136432,0.5012421616962704,2025-10-10 01:13:13
3,2149,-0.76511219069975,0.5007788573823773,2025-10-10 01:13:13
3,2150,-0.7646481087696434,0.5003147754522707,2025-10-10 01:13:13
3,2151,-0.7641832608129728,0.4998499274956001,2025-10-10 01:13:13
3,2152,-0.763717658274285,0.4993843249569122,2025-10-10 01:13:13
3,2153,-0.7632513124537136,0.49891797913634084,2025-10-10 01:13:13
3,2154,-0.7627842345076944,0.49845090119032165,2025-10-10 01:13:13
3,2155,-0.7623164354497028,0.49798310213233016,2025-10-10 01:13:13
3,2156,-0.7618479261510154,0.4975145928336427,2025-10-10 01:13:13
3,2157,-0.7613787173414918,0.49704538402411913,2025-10-10 01:13:13
3,2158,-0.7609088196103793,0.4965754862930066,2025-10-10 01:13:13
3,2159,-0.7604382434071358,0.4961049100897631,2025-10-10 01:13:13
3,2160,-0.7599669990422734,0.4956336657249007,2025-10-10 01:13:13
3,2161,-0.7594950966882188,0.49516176337084605,2025-10-10 01:13:13
3,2162,-0.7590225463801917,0.494689213062819,2025-10-10 01:13:13
3,2163,-0.7585493580170994,0.49421602469972664,2025-10-10 01:13:13
3,2164,-0.7580755413624459,0.4937422080450732,2025-10-10 01:13:13
3,2165,-0.7576011060452561,0.4932677727278833,2025-10-10 01:13:13
3,2166,-0.757126061561012,0.4927927282436393,2025-10-10 01:13:13
3,2167,-0.7566504172726025,0.4923170839552298,2025-10-10 01:13:13
3,2168,-0.7561741824112824,0.4918408490939097,2025-10-10 01:13:13
3,2169,-0.7556973660776428,0.4913640327602701,2025-10-10 01:13:13
3,2170,-0.7552199772425896,0.49088664392521686,2025-10-10 01:13:13
3,2171,-0.7547420247483299,0.4904086914309571,2025-10-10 01:13:13
3,2172,-0.7542635173093648,0.48993018399199206,2025-10-10 01:13:13
3,2173,-0.7537844635134885,0.4894511301961157,2025-10-10 01:13:13
3,2174,-0.7533048718227904,0.4889715385054176,2025-10-10 01:13:13
3,2175,-0.7528247505746618,0.48849141725728895,2025-10-10 01:13:13
3,2176,-0.7523441079828037,0.48801077466543086,2025-10-10 01:13:13
3,2177,-0.7518629521382362,0.4875296188208633,2025-10-10 01:13:13
3,2178,-0.7513812910103069,0.4870479576929341,2025-10-10 01:13:13
3,2179,-0.7508991324476989,0.4865657991303261,2025-10-10 01:13:13
3,2180,-0.7504164841794353,0.4860831508620625,2025-10-10 01:13:13
3,2181,-0.7499333538158806,0.48560002049850776,2025-10-10 01:13:13
3,2182,-0.7494497488497368,0.485116415532364,2025-10-10 01:13:13
3,2183,-0.748965676657034,0.4846323433396612,2025-10-10 01:13:13
3,2184,-0.748481144498113,0.4841478111807402,2025-10-10 01:13:13
3,2185,-0.7479961595186002,0.48366282620122747,2025-10-10 01:13:13
3,2186,-0.7475107287503729,0.4831773954330002,2025-10-10 01:13:13
3,2187,-0.7470248591125135,0.4826915257951408,2025-10-10 01:13:13
3,2188,-0.7465385574122522,0.4822052240948795,2025-10-10 01:13:13
3,2189,-0.7460518303458966,0.48171849702852393,2025-10-10 01:13:13
3,2190,-0.7455646844997477,0.48123135118237503,2025-10-10 01:13:13
3,2191,-0.7450771263509997,0.4807437930336271,2025-10-10 01:13:13
3,2192,-0.7445891622686245,0.4802558289512519,2025-10-10 01:13:13
3,2193,-0.7441007985142383,0.47976746519686564,2025-10-10 01:13:13
3,2194,-0.7436120412429493,0.4792787079255767,2025-10-10 01:13:13
3,2195,-0.743122896504187,0.47878956318681437,2025-10-10 01:13:13
3,2196,-0.7426333702425093,0.47830003692513673,2025-10-10 01:13:13
3,2197,-0.7421434682983895,0.47781013498101693,2025-10-10 01:13:13
3,2198,-0.7416531964089792,0.4773198630916067,2025-10-10 01:13:13
3,2199,-0.7411625602088484,0.47682922689147594,2025-10-10 01:13:13
3,2200,-0.7406715652307005,0.4763382319133281,2025-10-10 01:13:13
3,2201,-0.7401802169060616,0.47584688358868915,2025-10-10 01:13:13
3,2202,-0.7396885205659429,0.4753551872485705,2025-10-10 01:13:13
3,2203,-0.7391964814414763,0.47486314812410396,2025-10-10 01:13:13
3,2204,-0.7387041046645205,0.47437077134714817,2025-10-10 01:13:13
3,2205,-0.738211395268238,0.4738780619508657,2025-10-10 01:13:13
3,2206,-0.737718358187642,0.4733850248702697,2025-10-10 01:13:13
3,2207,-0.7372249982601119,0.47289166494273954,2025-10-10 01:13:13
3,2208,-0.7367313202258766,0.47239798690850426,2025-10-10 01:13:13
3,2209,-0.7362373287284654,0.47190399541109307,2025-10-10 01:13:13
3,2210,-0.7357430283151246,0.4714096949977523,2025-10-10 01:13:13
3,2211,-0.7352484234372003,0.4709150901198281,2025-10-10 01:13:13
3,2212,-0.7347535184504856,0.4704201851331134,2025-10-10 01:13:13
3,2213,-0.7342583176155318,0.46992498429815965,2025-10-10 01:13:13
3,2214,-0.7337628250979233,0.46942949178055116,2025-10-10 01:13:13
3,2215,-0.7332670449685149,0.46893371165114267,2025-10-10 01:13:13
3,2216,-0.7327709812036308,0.4684376478862586,2025-10-10 01:13:13
3,2217,-0.7322746376852258,0.46794130436785353,2025-10-10 01:13:13
3,2218,-0.7317780182010061,0.4674446848836338,2025-10-10 01:13:13
3,2219,-0.7312811264445108,0.4669477931271386,2025-10-10 01:13:13
3,2220,-0.7307839660151532,0.466450632697781,2025-10-10 01:13:13
3,2221,-0.7302865404182198,0.46595320710084764,2025-10-10 01:13:13
3,2222,-0.7297888530648292,0.4654555197474571,2025-10-10 01:13:13
3,2223,-0.7292909072718474,0.46495757395447534,2025-10-10 01:13:13
3,2224,-0.7287927062617615,0.4644593729443895,2025-10-10 01:13:13
3,2225,-0.7282942531625095,0.4639609198451375,2025-10-10 01:13:13
3,2226,-0.7277955510072666,0.4634622176898946,2025-10-10 01:13:13
3,2227,-0.7272966027341875,0.4629632694168155,2025-10-10 01:13:13
3,2228,-0.726797411186104,0.46246407786873195,2025-10-10 01:13:13
3,2229,-0.7262979791101772,0.46196464579280516,2025-10-10 01:13:13
3,2230,-0.725798309157505,0.4614649758401329,2025-10-10 01:13:13
3,2231,-0.7252984038826826,0.46096507056531055,2025-10-10 01:13:13
3,2232,-0.724798265743318,0.4604649324259458,2025-10-10 01:13:13
3,2233,-0.7242978970994991,0.45996456378212697,2025-10-10 01:13:13
3,2234,-0.7237973002132158,0.4594639668958437,2025-10-10 01:13:13
3,2235,-0.7232964772477326,0.45896314393036053,2025-10-10 01:13:13
3,2236,-0.7227954302669148,0.4584620969495427,2025-10-10 01:13:13
3,2237,-0.7222941612345055,0.4579608279171334,2025-10-10 01:13:13
3,2238,-0.7217926720133546,0.45745933869598254,2025-10-10 01:13:13
3,2239,-0.7212909643645989,0.4569576310472268,2025-10-10 01:13:13
3,2240,-0.7207890399467922,0.4564557066294201,2025-10-10 01:13:13
3,2241,-0.7202869003149865,0.4559535669976144,2025-10-10 01:13:13
3,2242,-0.7197845469197629,0.4554512136023908,2025-10-10 01:13:13
3,2243,-0.7192819811062119,0.45494864778883987,2025-10-10 01:13:13
3,2244,-0.7187792041128633,0.45444587079549126,2025-10-10 01:13:13
3,2245,-0.7182762170705647,0.4539428837531926,2025-10-10 01:13:13
3,2246,-0.7177730210013085,0.45343968768393633,2025-10-10 01:13:13
3,2247,-0.7172696168170073,0.4529362834996351,2025-10-10 01:13:13
3,2248,-0.7167660053182169,0.4524326720008447,2025-10-10 01:13:13
3,2249,-0.7162621871928064,0.4519288538754343,2025-10-10 01:13:13
3,2250,-0.7157581630145758,0.45142482969720366,2025-10-10 01:13:13
3,2251,-0.7152539332418192,0.45092059992444705,2025-10-10 01:13:13
3,2252,-0.714749498215835,0.4504161648984629,2025-10-10 01:13:13
3,2253,-0.7142448581593814,0.44991152484200936,2025-10-10 01:13:13
3,2254,-0.713740013175077,0.4494066798577049,2025-10-10 01:13:13
3,2255,-0.7132349632437457,0.4489016299263736,2025-10-10 01:13:13
3,2256,-0.7127297082227071,0.44839637490533496,2025-10-10 01:13:13
3,2257,-0.7122242478440091,0.4478909145266369,2025-10-10 01:13:13
3,2258,-0.7117185817126045,0.4473852483952323,2025-10-10 01:13:13
3,2259,-0.7112127093044704,0.44687937598709826,2025-10-10 01:13:13
3,2260,-0.7107066299646693,0.446373296647297,2025-10-10 01:13:13
3,2261,-0.7102003429053511,0.44586700958797887,2025-10-10 01:13:13
3,2262,-0.7096938472036977,0.4453605138863255,2025-10-10 01:13:13
3,2263,-0.7091871417998062,0.44485380848243405,2025-10-10 01:13:13
3,2264,-0.7086802254945126,0.4443468921771404,2025-10-10 01:13:13
3,2265,-0.7081730969471539,0.44383976362978167,2025-10-10 01:13:13
3,2266,-0.7076657546732691,0.4433324213558968,2025-10-10 01:13:13
3,2267,-0.7071581970422371,0.4428248637248648,2025-10-10 01:13:13
3,2268,-0.7066504222748521,0.44231708895747973,2025-10-10 01:13:13
3,2269,-0.7061424284408342,0.4418090951234619,2025-10-10 01:13:13
3,2270,-0.7056342134562762,0.4413008801389039,2025-10-10 01:13:13
3,2271,-0.705125775081024,0.4407924417636517,2025-10-10 01:13:13
3,2272,-0.7046171109159912,0.4402837775986188,2025-10-10 01:13:13
3,2273,-0.7041082184004062,0.4397748850830337,2025-10-10 01:13:13
3,2274,-0.7035990948089912,0.4392657614916187,2025-10-10 01:13:13
3,2275,-0.7030897372490726,0.4387564039317002,2025-10-10 01:13:13
3,2276,-0.7025801426576213,0.43824680934024873,2025-10-10 01:13:13
3,2277,-0.7020703077982211,0.4377369744808486,2025-10-10 01:13:13
3,2278,-0.7015602292579676,0.43722689594059505,2025-10-10 01:13:13
3,2279,-0.7010499034442919,0.43671657012691933,2025-10-10 01:13:13
3,2280,-0.7005393265817121,0.4362059932643397,2025-10-10 01:13:13
3,2281,-0.7000284947085098,0.43569516139113734,2025-10-10 01:13:13
3,2282,-0.6995174036733296,0.4351840703559572,2025-10-10 01:13:13
3,2283,-0.6990060491317036,0.43467271581433115,2025-10-10 01:13:13
3,2284,-0.6984944265424964,0.434161093225124,2025-10-10 01:13:13
3,2285,-0.6979825311642721,0.4336491978468997,2025-10-10 01:13:13
3,2286,-0.6974703580515809,0.43313702473420845,2025-10-10 01:13:13
3,2287,-0.6969579020511643,0.43262456873379185,2025-10-10 01:13:13
3,2288,-0.6964451577980785,0.4321118244807061,2025-10-10 01:13:13
3,2289,-0.6959321197117344,0.43159878639436206,2025-10-10 01:13:13
3,2290,-0.6954187819918527,0.43108544867448034,2025-10-10 01:13:13
3,2291,-0.6949051386143338,0.4305718052969615,2025-10-10 01:13:13
3,2292,-0.6943911833270411,0.43005785000966884,2025-10-10 01:13:13
3,2293,-0.6938769096454963,0.42954357632812407,2025-10-10 01:13:13
3,2294,-0.6933623108484859,0.42902897753111363,2025-10-10 01:13:13
3,2295,-0.6928473799735775,0.42851404665620524,2025-10-10 01:13:13
3,2296,-0.6923321098125456,0.42799877649517326,2025-10-10 01:13:13
3,2297,-0.6918164929067043,0.427483159589332,2025-10-10 01:13:13
3,2298,-0.6913005215421479,0.42696718822477564,2025-10-10 01:13:13
3,2299,-0.6907841877448965,0.4264508544275242,2025-10-10 01:13:13
3,2300,-0.690267483275946,0.4259341499585737,2025-10-10 01:13:13
3,2301,-0.689750399626223,0.4254170663088506,2025-10-10 01:13:13
3,2302,-0.6892329280114409,0.42489959469406846,2025-10-10 01:13:13
3,2303,-0.6887150593668588,0.4243817260494865,2025-10-10 01:13:13
3,2304,-0.6881967843419413,0.42386345102456896,2025-10-10 01:13:13
3,2305,-0.6876780932949169,0.4233447599775445,2025-10-10 01:13:13
3,2306,-0.6871589762872369,0.4228256429698645,2025-10-10 01:13:13
3,2307,-0.6866394230779319,0.42230608976055956,2025-10-10 01:13:13
3,2308,-0.6861194231178658,0.4217860898004934,2025-10-10 01:13:13
3,2309,-0.6855989655438862,0.4212656322265138,2025-10-10 01:13:13
3,2310,-0.6850780391728715,0.42074470585549906,2025-10-10 01:13:13
3,2311,-0.6845566324956726,0.42022329917830015,2025-10-10 01:13:13
3,2312,-0.68403473367095,0.41970140035357756,2025-10-10 01:13:13
3,2313,-0.6835123305189048,0.41917899720153234,2025-10-10 01:13:13
3,2314,-0.6829894105149035,0.418656077197531,2025-10-10 01:13:13
3,2315,-0.6824659607829962,0.4181326274656237,2025-10-10 01:13:13
3,2316,-0.681941968089328,0.41760863477195553,2025-10-10 01:13:13
3,2317,-0.6814174188354433,0.4170840855180707,2025-10-10 01:13:13
3,2318,-0.6808922990514814,0.41655896573410883,2025-10-10 01:13:13
3,2319,-0.6803665943892668,0.41603326107189426,2025-10-10 01:13:13
3,2320,-0.6798402901152899,0.4155069567979173,2025-10-10 01:13:13
3,2321,-0.679313371103581,0.4149800377862084,2025-10-10 01:13:13
3,2322,-0.6787858218284769,0.4144524885111043,2025-10-10 01:13:13
3,2323,-0.67825762635728,0.41392429303990746,2025-10-10 01:13:13
3,2324,-0.677728768342811,0.41339543502543846,2025-10-10 01:13:13
3,2325,-0.6771992310158544,0.41286589769848187,2025-10-10 01:13:13
3,2326,-0.6766689971774986,0.4123356638601261,2025-10-10 01:13:13
3,2327,-0.6761380491913704,0.4118047158739979,2025-10-10 01:13:13
3,2328,-0.675606368975765,0.41127303565839246,2025-10-10 01:13:13
3,2329,-0.6750739379956716,0.41074060467829904,2025-10-10 01:13:13
3,2330,-0.674540737254697,0.4102074039373244,2025-10-10 01:13:13
3,2331,-0.6740067472868866,0.409673413969514,2025-10-10 01:13:13
3,2332,-0.673471948148445,0.40913861483107244,2025-10-10 01:13:13
3,2333,-0.6729363194093572,0.4086029860919846,2025-10-10 01:13:13
3,2334,-0.6723998401449114,0.4080665068275388,2025-10-10 01:13:13
3,2335,-0.6718624889271261,0.40752915560975356,2025-10-10 01:13:13
3,2336,-0.6713242438160816,0.4069909104987091,2025-10-10 01:13:13
3,2337,-0.6707850823511589,0.4064517490337864,2025-10-10 01:13:13
3,2338,-0.6702449815421871,0.4059116482248147,2025-10-10 01:13:13
3,2339,-0.6697039178605027,0.4053705845431302,2025-10-10 01:13:13
3,2340,-0.6691618672299202,0.4048285339125477,2025-10-10 01:13:13
3,2341,-0.6686188050176205,0.40428547170024803,2025-10-10 01:13:13
3,2342,-0.6680747060249556,0.40374137270758303,2025-10-10 01:13:13
3,2343,-0.667529544478174,0.40319621116080145,2025-10-10 01:13:13
3,2344,-0.6669832940190706,0.40264996070169806,2025-10-10 01:13:13
3,2345,-0.6664359276955616,0.40210259437818907,2025-10-10 01:13:13
3,2346,-0.6658874179521893,0.4015540846348168,2025-10-10 01:13:13
3,2347,-0.6653377366205596,0.4010044033031871,2025-10-10 01:13:13
3,2348,-0.6647868549097151,0.4004535215923426,2025-10-10 01:13:13
3,2349,-0.6642347433964478,0.3999014100790753,2025-10-10 01:13:13
3,2350,-0.6636813720155552,0.3993480386981827,2025-10-10 01:13:13
3,2351,-0.663126710050043,0.39879337673267046,2025-10-10 01:13:13
3,2352,-0.6625707261212791,0.3982373928039066,2025-10-10 01:13:13
3,2353,-0.6620133881791027,0.3976800548617302,2025-10-10 01:13:13
3,2354,-0.661454663491893,0.3971213301745205,2025-10-10 01:13:13
3,2355,-0.6608945186366016,0.3965611853192292,2025-10-10 01:13:13
3,2356,-0.6603329194887542,0.3959995861713817,2025-10-10 01:13:13
3,2357,-0.6597698312124246,0.3954364978950522,2025-10-10 01:13:13
3,2358,-0.6592052182501889,0.3948718849328165,2025-10-10 01:13:13
3,2359,-0.6586390443130614,0.39430571099568906,2025-10-10 01:13:13
3,2360,-0.6580712723704211,0.39373793905304877,2025-10-10 01:13:13
3,2361,-0.6575018646399312,0.3931685313225589,2025-10-10 01:13:13
3,2362,-0.6569307825774598,0.3925974492600875,2025-10-10 01:13:13
3,2363,-0.6563579868670056,0.3920246535496333,2025-10-10 01:13:13
3,2364,-0.6557834374106359,0.3914501040932636,2025-10-10 01:13:13
3,2365,-0.6552070933184425,0.39087376000107016,2025-10-10 01:13:13
3,2366,-0.6546289128985217,0.39029557958114924,2025-10-10 01:13:13
3,2367,-0.654048853646985,0.3897155203296125,2025-10-10 01:13:13
3,2368,-0.6534668722380076,0.3891335389206351,2025-10-10 01:13:13
3,2369,-0.6528829245139207,0.3885495911965482,2025-10-10 01:13:13
3,2370,-0.6522969654753548,0.3879636321579822,2025-10-10 01:13:13
3,2371,-0.6517089492714413,0.38737561595406866,2025-10-10 01:13:13
3,2372,-0.65111882919008,0.38678549587270733,2025-10-10 01:13:13
3,2373,-0.6505265576482789,0.38619322433090625,2025-10-10 01:13:13
3,2374,-0.6499320861825749,0.38559875286520223,2025-10-10 01:13:13
3,2375,-0.6493353654395425,0.3850020321221698,2025-10-10 01:13:13
3,2376,-0.6487363451663987,0.38440301184902603,2025-10-10 01:13:13
3,2377,-0.6481349742017121,0.38380164088433943,2025-10-10 01:13:13
3,2378,-0.6475312004662241,0.3831978671488515,2025-10-10 01:13:13
3,2379,-0.6469249709537913,0.3825916376364187,2025-10-10 01:13:13
3,2380,-0.646316231722456,0.38198289840508337,2025-10-10 01:13:13
3,2381,-0.6457049278856555,0.38137159456828285,2025-10-10 01:13:13
3,2382,-0.6450910036035772,0.38075767028620455,2025-10-10 01:13:13
3,2383,-0.6444744020746693,0.3801410687572967,2025-10-10 01:13:13
3,2384,-0.6438550655273158,0.3795217322099432,2025-10-10 01:13:13
3,2385,-0.6432329352116846,0.37889960189431193,2025-10-10 01:13:13
3,2386,-0.642607951391759,0.3782746180743863,2025-10-10 01:13:13
3,2387,-0.6419800533375607,0.377646720020188,2025-10-10 01:13:13
3,2388,-0.6413491793175747,0.37701584600020205,2025-10-10 01:13:13
3,2389,-0.6407152665913854,0.37638193327401276,2025-10-10 01:13:13
3,2390,-0.6400782514025333,0.3757449180851606,2025-10-10 01:13:13
3,2391,-0.6394380689716024,0.3751047356542297,2025-10-10 01:13:13
3,2392,-0.6387946534895489,0.37446132017217615,2025-10-10 01:13:13
3,2393,-0.6381479381112795,0.37381460479390666,2025-10-10 01:13:13
3,2394,-0.6374978549494908,0.3731645216321181,2025-10-10 01:13:13
3,2395,-0.6368443350687807,0.3725110017514079,2025-10-10 01:13:13
3,2396,-0.6361873084800382,0.37185397516266544,2025-10-10 01:13:13
3,2397,-0.6355267041351279,0.3711933708177551,2025-10-10 01:13:13
3,2398,-0.6348624499218738,0.370529116604501,2025-10-10 01:13:13
3,2399,-0.634194472659357,0.3698611393419842,2025-10-10 01:13:13
3,2400,-0.6335226980935355,0.36918936477616265,2025-10-10 01:13:13
3,2401,-0.6328470508931973,0.3685137175758245,2025-10-10 01:13:13
3,2402,-0.6321674546462582,0.36783412132888554,2025-10-10 01:13:13
3,2403,-0.6314838318564139,0.3671504985390412,2025-10-10 01:13:13
3,2404,-0.6307961039401567,0.366462770622784,2025-10-10 01:13:13
3,2405,-0.6301041912241698,0.3657708579067971,2025-10-10 01:13:13
3,2406,-0.6294080129431071,0.3650746796257344,2025-10-10 01:13:13
3,2407,-0.6287074872377713,0.3643741539203986,2025-10-10 01:13:13
3,2408,-0.6280025311536996,0.363669197836327,2025-10-10 01:13:13
3,2409,-0.6272930606401694,0.3629597273227968,2025-10-10 01:13:13
3,2410,-0.6265789905496326,0.36224565723226004,2025-10-10 01:13:13
3,2411,-0.6258602346375916,0.3615269013202189,2025-10-10 01:13:13
3,2412,-0.625136705562925,0.3608033722455524,2025-10-10 01:13:13
3,2413,-0.6244083148886773,0.3600749815713047,2025-10-10 01:13:13
3,2414,-0.6236749730833187,0.3593416397659461,2025-10-10 01:13:13
3,2415,-0.6229365895224896,0.358603256205117,2025-10-10 01:13:13
3,2416,-0.6221930724912383,0.35785973917386577,2025-10-10 01:13:13
3,2417,-0.6214443291867624,0.3571109958693899,2025-10-10 01:13:13
3,2418,-0.620690265721665,0.3563569324042924,2025-10-10 01:13:13
3,2419,-0.6199307871277352,0.3555974538103626,2025-10-10 01:13:13
3,2420,-0.6191657973602646,0.35483246404289204,2025-10-10 01:13:13
3,2421,-0.6183951993029075,0.3540618659855351,2025-10-10 01:13:13
3,2422,-0.6176188947730976,0.35328556145572515,2025-10-10 01:13:13
3,2423,-0.6168367845280284,0.3525034512106559,2025-10-10 01:13:13
3,2424,-0.6160487682712092,0.3517154349538367,2025-10-10 01:13:13
3,2425,-0.6152547446596058,0.3509214113422333,2025-10-10 01:13:13
3,2426,-0.6144546113113742,0.3501212779940018,2025-10-10 01:13:13
3,2427,-0.6136482648141987,0.34931493149682613,2025-10-10 01:13:13
3,2428,-0.612835600734241,0.34850226741686846,2025-10-10 01:13:13
3,2429,-0.612016513625713,0.3476831803083404,2025-10-10 01:13:13
3,2430,-0.6111908970410775,0.346857563723705,2025-10-10 01:13:13
3,2431,-0.6103586435418903,0.34602531022451777,2025-10-10 01:13:13
3,2432,-0.6095196447102874,0.3451863113929149,2025-10-10 01:13:13
3,2433,-0.60867379116113,0.3443404578437575,2025-10-10 01:13:13
3,2434,-0.607820972554812,0.3434876392374395,2025-10-10 01:13:13
3,2435,-0.6069610776107396,0.3426277442933671,2025-10-10 01:13:13
3,2436,-0.6060939941214897,0.34176066080411716,2025-10-10 01:13:13
3,2437,-0.6052196089676548,0.3408862756502823,2025-10-10 01:13:13
3,2438,-0.6043378081333819,0.34000447481600937,2025-10-10 01:13:13
3,2439,-0.6034484767226109,0.3391151434052384,2025-10-10 01:13:13
3,2440,-0.6025514989760206,0.338218165658648,2025-10-10 01:13:13
3,2441,-0.6016467582886867,0.3373134249713141,2025-10-10 01:13:13
3,2442,-0.6007341372284605,0.33640080391108784,2025-10-10 01:13:13
3,2443,-0.5998135175550703,0.3354801842376976,2025-10-10 01:13:13
3,2444,-0.5988847802399542,0.33455144692258143,2025-10-10 01:13:13
3,2445,-0.597947805486827,0.3336144721694543,2025-10-10 01:13:13
3,2446,-0.5970024727529875,0.33266913943561466,2025-10-10 01:13:13
3,2447,-0.5960486607713683,0.33171532745399557,2025-10-10 01:13:13
3,2448,-0.5950862475733356,0.3307529142559629,2025-10-10 01:13:13
3,2449,-0.5941151105122384,0.32978177719486573,2025-10-10 01:13:13
3,2450,-0.5931351262877136,0.32880179297034096,2025-10-10 01:13:13
3,2451,-0.5921461709707483,0.3278128376533756,2025-10-10 01:13:13
3,2452,-0.591148120029502,0.3268147867121293,2025-10-10 01:13:13
3,2453,-0.5901408483558912,0.32580751503851846,2025-10-10 01:13:13
3,2454,-0.5891242302929371,0.32479089697556435,2025-10-10 01:13:13
3,2455,-0.5880981396628788,0.32376480634550603,2025-10-10 01:13:13
3,2456,-0.5870624497960518,0.32272911647867897,2025-10-10 01:13:13
3,2457,-0.5860170335605325,0.3216837002431596,2025-10-10 01:13:13
3,2458,-0.5849617633925489,0.3206284300751761,2025-10-10 01:13:13
3,2459,-0.5838965113276569,0.319563178010284,2025-10-10 01:13:13
3,2460,-0.5828211490326798,0.31848781571530693,2025-10-10 01:13:13
3,2461,-0.5817355478384126,0.3174022145210398,2025-10-10 01:13:13
3,2462,-0.5806395787730856,0.31630624545571273,2025-10-10 01:13:13
3,2463,-0.5795331125965871,0.3151997792792142,2025-10-10 01:13:13
3,2464,-0.578416019835442,0.3140826865180691,2025-10-10 01:13:13
3,2465,-0.5772881708185419,0.3129548375011689,2025-10-10 01:13:13
3,2466,-0.5761494357136236,0.3118161023962507,2025-10-10 01:13:13
3,2467,-0.5749996845644917,0.3106663512471188,2025-10-10 01:13:13
3,2468,-0.573838787328979,0.309505454011606,2025-10-10 01:13:13
3,2469,-0.5726666139176406,0.3083332806002677,2025-10-10 01:13:13
3,2470,-0.5714830342331756,0.3071497009158027,2025-10-10 01:13:13
3,2471,-0.5702879182105678,0.3059545848931949,2025-10-10 01:13:13
3,2472,-0.5690811358579413,0.3047478025405684,2025-10-10 01:13:13
3,2473,-0.5678625572981209,0.3035292239807479,2025-10-10 01:13:13
3,2474,-0.5666320528108895,0.3022987194935165,2025-10-10 01:13:13
3,2475,-0.5653894928759352,0.3010561595585622,2025-10-10 01:13:13
3,2476,-0.5641347482164761,0.2998014148991031,2025-10-10 01:13:13
3,2477,-0.5628676898435552,0.29853435652618215,2025-10-10 01:13:13
3,2478,-0.5615881891009931,0.29725485578362,2025-10-10 01:13:13
3,2479,-0.5602961177109885,0.29596278439361545,2025-10-10 01:13:13
3,2480,-0.5589913478203546,0.2946580145029816,2025-10-10 01:13:13
3,2481,-0.5576737520473781,0.29334041873000505,2025-10-10 01:13:13
3,2482,-0.5563432035292887,0.29200987021191566,2025-10-10 01:13:13
3,2483,-0.5549995759703262,0.2906662426529532,2025-10-10 01:13:13
3,2484,-0.5536427436903897,0.2893094103730167,2025-10-10 01:13:13
3,2485,-0.5522725816742547,0.2879392483568818,2025-10-10 01:13:13
3,2486,-0.5508889656213438,0.2865556323039709,2025-10-10 01:13:13
3,2487,-0.549491771996033,0.2851584386786602,2025-10-10 01:13:13
3,2488,-0.5480808780784795,0.2837475447611067,2025-10-10 01:13:13
3,2489,-0.5466561620159517,0.2823228286985789,2025-10-10 01:13:13
3,2490,-0.5452175028746452,0.28088416955727236,2025-10-10 01:13:13
3,2491,-0.543764780691966,0.2794314473745931,2025-10-10 01:13:13
3,2492,-0.5422978765292613,0.27796454321188846,2025-10-10 01:13:13
3,2493,-0.5408166725249801,0.27648333920760726,2025-10-10 01:13:13
3,2494,-0.5393210519482411,0.27498771863086824,2025-10-10 01:13:13
3,2495,-0.5378108992527895,0.2734775659354166,2025-10-10 01:13:13
3,2496,-0.5362861001313197,0.27195276681394687,2025-10-10 01:13:13
3,2497,-0.5347465415701437,0.27041320825277076,2025-10-10 01:13:13
3,2498,-0.5331921119041803,0.26885877858680735,2025-10-10 01:13:13
3,2499,-0.5316227008722451,0.26728936755487215,2025-10-10 01:13:13
3,2500,-0.5300381996726152,0.26570486635524226,2025-10-10 01:13:13
3,2501,-0.5284385010188458,0.2641051677014729,2025-10-10 01:13:13
3,2502,-0.5268234991958135,0.2624901658784406,2025-10-10 01:13:13
3,2503,-0.5251930901159609,0.260859756798588,2025-10-10 01:13:13
3,2504,-0.5235471713757177,0.25921383805834475,2025-10-10 01:13:13
3,2505,-0.5218856423120701,0.25755230899469717,2025-10-10 01:13:13
3,2506,-0.5202084040592541,0.2558750707418811,2025-10-10 01:13:13
3,2507,-0.5185153596055426,0.2541820262881697,2025-10-10 01:13:13
3,2508,-0.5168064138501015,0.25247308053272866,2025-10-10 01:13:13
3,2509,-0.5150814736598831,0.2507481403425103,2025-10-10 01:13:13
3,2510,-0.513340447926531,0.24900711460915825,2025-10-10 01:13:13
3,2511,-0.5115832476232653,0.24724991430589263,2025-10-10 01:13:13
3,2512,-0.5098097858617193,0.24547645254434666,2025-10-10 01:13:13
3,2513,-0.5080199779486969,0.24368664463132422,2025-10-10 01:13:13
3,2514,-0.5062137414428205,0.24188040812544775,2025-10-10 01:13:13
3,2515,-0.5043909962110384,0.24005766289366576,2025-10-10 01:13:13
3,2516,-0.5025516644849608,0.2382183311675881,2025-10-10 01:13:13
3,2517,-0.5006956709169904,0.23636233759961772,2025-10-10 01:13:13
3,2518,-0.49882294263621924,0.23448960931884658,2025-10-10 01:13:13
3,2519,-0.49693340930405566,0.23260007598668297,2025-10-10 01:13:13
3,2520,-0.49502700316955084,0.23069366985217818,2025-10-10 01:13:13
3,2521,-0.49310365912439125,0.2287703258070186,2025-10-10 01:13:13
3,2522,-0.49116331475752323,0.22682998144015057,2025-10-10 01:13:13
3,2523,-0.4892059104093767,0.2248725770920041,2025-10-10 01:13:13
3,2524,-0.48723138922565407,0.22289805590828143,2025-10-10 01:13:13
3,2525,-0.48523969721064947,0.22090636389327686,2025-10-10 01:13:13
3,2526,-0.48323078328006563,0.218897449962693,2025-10-10 01:13:13
3,2527,-0.4812045993132922,0.21687126599591955,2025-10-10 01:13:13
3,2528,-0.4791611002051123,0.21482776688773966,2025-10-10 01:13:13
3,2529,-0.47710024391680217,0.21276691059942954,2025-10-10 01:13:13
3,2530,-0.4750219915265887,0.2106886582092161,2025-10-10 01:13:13
3,2531,-0.4729263072794308,0.2085929739620582,2025-10-10 01:13:13
3,2532,-0.4708131586360891,0.20647982531871645,2025-10-10 01:13:13
3,2533,-0.46868251632144925,0.2043491830040766,2025-10-10 01:13:13
3,2534,-0.4665343543720643,0.20220102105469168,2025-10-10 01:13:13
3,2535,-0.46436865018288076,0.2000353168655081,2025-10-10 01:13:13
3,2536,-0.46218538455311364,0.19785205123574096,2025-10-10 01:13:13
3,2537,-0.4599845417312363,0.19565120841386366,2025-10-10 01:13:13
3,2538,-0.4577661094590503,0.1934327761416776,2025-10-10 01:13:13
3,2539,-0.45553007901479997,0.19119674569742728,2025-10-10 01:13:13
3,2540,-0.4532764452552996,0.18894311193792693,2025-10-10 01:13:13
3,2541,-0.4510052066570368,0.18667187333966417,2025-10-10 01:13:13
3,2542,-0.4487163653562202,0.1843830320388476,2025-10-10 01:13:13
3,2543,-0.446409927187737,0.18207659387036434,2025-10-10 01:13:13
3,2544,-0.44408590172298734,0.17975256840561474,2025-10-10 01:13:13
3,2545,-0.44174430230656375,0.17741096898919115,2025-10-10 01:13:13
3,2546,-0.4393851460917413,0.17505181277436868,2025-10-10 01:13:13
3,2547,-0.4370084540747482,0.1726751207573756,2025-10-10 01:13:13
3,2548,-0.43461425112778457,0.17028091781041196,2025-10-10 01:13:13
3,2549,-0.4322025660307581,0.1678692327133855,2025-10-10 01:13:13
3,2550,-0.4297734315017063,0.16544009818433372,2025-10-10 01:13:13
3,2551,-0.42732688422587545,0.16299355090850284,2025-10-10 01:13:13
3,2552,-0.42486296488342584,0.16052963156605327,2025-10-10 01:13:13
3,2553,-0.42238171817573594,0.15804838485836337,2025-10-10 01:13:13
3,2554,-0.4198831928502756,0.155549859532903,2025-10-10 01:13:13
3,2555,-0.4173674417240217,0.1530341084066491,2025-10-10 01:13:13
3,2556,-0.41483452170538915,0.1505011883880166,2025-10-10 01:13:13
3,2557,-0.41228449381465093,0.14795116049727836,2025-10-10 01:13:13
3,2558,-0.40971742320282145,0.14538408988544885,2025-10-10 01:13:13
3,2559,-0.4071333791689793,0.14280004585160666,2025-10-10 01:13:13
3,2560,-0.4045324351760049,0.14019910185863227,2025-10-10 01:13:13
3,2561,-0.4019146688647105,0.1375813355473379,2025-10-10 01:13:13
3,2562,-0.39928016206634004,0.13494682874896743,2025-10-10 01:13:13
3,2563,-0.39662900081341784,0.13229566749604524,2025-10-10 01:13:13
3,2564,-0.39396127534892605,0.12962794203155342,2025-10-10 01:13:13
3,2565,-0.391277080133791,0.12694374681641835,2025-10-10 01:13:13
3,2566,-0.38857651385266057,0.12424318053528796,2025-10-10 01:13:13
3,2567,-0.38585967941795535,0.12152634610058276,2025-10-10 01:13:13
3,2568,-0.3831266839721764,0.11879335065480384,2025-10-10 01:13:13
3,2569,-0.38037763888845555,0.116044305571083,2025-10-10 01:13:13
3,2570,-0.3776126597693331,0.11327932645196055,2025-10-10 01:13:13
3,2571,-0.3748318664437505,0.11049853312637793,2025-10-10 01:13:13
3,2572,-0.3720353829622456,0.10770204964487304,2025-10-10 01:13:13
3,2573,-0.36922333759034004,0.10489000427296748,2025-10-10 01:13:13
3,2574,-0.36639586280010883,0.10206252948273625,2025-10-10 01:13:13
3,2575,-0.36355309525992374,0.09921976194255118,2025-10-10 01:13:13
3,2576,-0.3606951758223635,0.09636184250499094,2025-10-10 01:13:13
3,2577,-0.3578222495102842,0.09348891619291166,2025-10-10 01:13:13
3,2578,-0.3549344655010457,0.09060113218367319,2025-10-10 01:13:13
3,2579,-0.3520319771088899,0.08769864379151743,2025-10-10 01:13:13
3,2580,-0.349114941765469,0.0847816084480965,2025-10-10 01:13:13
3,2581,-0.34618352099852207,0.08185018768114957,2025-10-10 01:13:13
3,2582,-0.343237880408701,0.07890454709132855,2025-10-10 01:13:13
3,2583,-0.34027818964454665,0.07594485632717418,2025-10-10 01:13:13
3,2584,-0.33730462237561776,0.07297128905824528,2025-10-10 01:13:13
3,2585,-0.33431735626377757,0.0699840229464051,2025-10-10 01:13:13
3,2586,-0.3313165729326428,0.06698323961527036,2025-10-10 01:13:13
3,2587,-0.32830245793520185,0.06396912461782937,2025-10-10 01:13:13
3,2588,-0.32527520071960986,0.06094186740223741,2025-10-10 01:13:13
3,2589,-0.3222349945931709,0.05790166127579847,2025-10-10 01:13:13
3,2590,-0.3191820366845165,0.05484870336714408,2025-10-10 01:13:13
3,2591,-0.3161165279039933,0.05178319458662089,2025-10-10 01:13:13
3,2592,-0.3130386729022728,0.04870533958490034,2025-10-10 01:13:13
3,2593,-0.30994868002719717,0.04561534670982473,2025-10-10 01:13:13
3,2594,-0.30684676127887794,0.04251342796150551,2025-10-10 01:13:13
3,2595,-0.3037331322630631,0.03939979894569067,2025-10-10 01:13:13
3,2596,-0.3006080121427921,0.03627467882541966,2025-10-10 01:13:13
3,2597,-0.29747162358835755,0.03313829027098514,2025-10-10 01:13:13
3,2598,-0.2943241927255949,0.029990859408222475,2025-10-10 01:13:13
3,2599,-0.2911659490825213,0.026832615765148893,2025-10-10 01:13:13
3,2600,-0.28799712553434786,0.02366379221697546,2025-10-10 01:13:13
3,2601,-0.28481795824688866,0.02048462492951628,2025-10-10 01:13:13
3,2602,-0.28162868661839285,0.01729535330102047,2025-10-10 01:13:13
3,2603,-0.278429553219826,0.014096219902453605,2025-10-10 01:13:13
3,2604,-0.2752208037336289,0.010887470416256494,2025-10-10 01:13:13
3,2605,-0.2720026868909826,0.0076693535736102,2025-10-10 01:13:13
3,2606,-0.2687754544076098,0.00444212109023741,2025-10-10 01:13:13
3,2607,-0.2655393609181436,0.0012060276007712142,2025-10-10 01:13:13
3,2608,-0.2622946639090959,-0.0020386694082765115,2025-10-10 01:13:13
3,2609,-0.2590416236504584,-0.005291709666913983,2025-10-10 01:13:13
3,2610,-0.25578050312597095,-0.008552830191401468,2025-10-10 01:13:13
3,2611,-0.2525115679620912,-0.011821765355281224,2025-10-10 01:13:13
3,2612,-0.24923508635570304,-0.015098246961669361,2025-10-10 01:13:13
3,2613,-0.2459513290005997,-0.018382004316772692,2025-10-10 01:13:13
3,2614,-0.24266056901277966,-0.021672764304592754,2025-10-10 01:13:13
3,2615,-0.23936308185459404,-0.02497025146277837,2025-10-10 01:13:13
3,2616,-0.23605914525778515,-0.02827418805958725,2025-10-10 01:13:13
3,2617,-0.23274903914545592,-0.03158429417191649,2025-10-10 01:13:13
3,2618,-0.22943304555301147,-0.034900287764360924,2025-10-10 01:13:13
3,2619,-0.2261114485481146,-0.03822188476925778,2025-10-10 01:13:13
3,2620,-0.22278453414969718,-0.04154879916767519,2025-10-10 01:13:13
3,2621,-0.2194525902460706,-0.04488074307130174,2025-10-10 01:13:13
3,2622,-0.2161159065121789,-0.048217426805193454,2025-10-10 01:13:13
3,2623,-0.21277477432603828,-0.051558558991334075,2025-10-10 01:13:13
3,2624,-0.20942948668440817,-0.0549038466329642,2025-10-10 01:13:13
3,2625,-0.20608033811773838,-0.05825299519963399,2025-10-10 01:13:13
3,2626,-0.2027276246044383,-0.06160570871293407,2025-10-10 01:13:13
3,2627,-0.19937164348451375,-0.0649616898328586,2025-10-10 01:13:13
3,2628,-0.19601269337261795,-0.06832063994475442,2025-10-10 01:13:13
3,2629,-0.1926510740705631,-0.07168225924680928,2025-10-10 01:13:13
3,2630,-0.1892870864793396,-0.07504624683803279,2025-10-10 01:13:13
3,2631,-0.1859210325106899,-0.0784123008066825,2025-10-10 01:13:13
3,2632,-0.1825532149982844,-0.081780118319088,2025-10-10 01:13:13
3,2633,-0.17918393760854687,-0.08514939570882553,2025-10-10 01:13:13
3,2634,-0.17581350475117707,-0.08851982856619534,2025-10-10 01:13:13
3,2635,-0.17244222148941812,-0.09189111182795429,2025-10-10 01:13:13
3,2636,-0.16907039345011665,-0.09526293986725577,2025-10-10 01:13:13
3,2637,-0.16569832673362325,-0.09863500658374919,2025-10-10 01:13:13
3,2638,-0.1623263278235811,-0.10200700549379133,2025-10-10 01:13:13
3,2639,-0.1589547034966505,-0.10537862982072192,2025-10-10 01:13:13
3,2640,-0.15558376073221658,-0.10874957258515584,2025-10-10 01:13:13
3,2641,-0.15221380662212802,-0.1121195266952444,2025-10-10 01:13:13
3,2642,-0.14884514828051373,-0.11548818503685869,2025-10-10 01:13:13
3,2643,-0.14547809275372464,-0.11885524056364778,2025-10-10 01:13:13
3,2644,-0.14211294693044732,-0.1222203863869251,2025-10-10 01:13:13
3,2645,-0.13875001745203594,-0.12558331586533647,2025-10-10 01:13:13
3,2646,-0.1353896106231088,-0.1289437226942636,2025-10-10 01:13:13
3,2647,-0.13203203232245506,-0.13230130099491735,2025-10-10 01:13:13
3,2648,-0.1286775879142972,-0.1356557454030752,2025-10-10 01:13:13
3,2649,-0.12532658215995438,-0.13900675115741806,2025-10-10 01:13:13
3,2650,-0.12197931912995064,-0.1423540141874218,2025-10-10 01:13:13
3,2651,-0.11863610211661281,-0.14569723120075964,2025-10-10 01:13:13
3,2652,-0.11529723354720091,-0.14903609977017154,2025-10-10 01:13:13
3,2653,-0.11196301489761437,-0.15237031841975807,2025-10-10 01:13:13
3,2654,-0.10863374660671653,-0.15569958671065592,2025-10-10 01:13:13
3,2655,-0.10530972799131888,-0.15902360532605359,2025-10-10 01:13:13
3,2656,-0.10199125716186651,-0.16234207615550597,2025-10-10 01:13:13
3,2657,-0.09867863093886506,-0.16565470237850743,2025-10-10 01:13:13
3,2658,-0.095372144770089,-0.1689611885472835,2025-10-10 01:13:13
3,2659,-0.09207209264861037,-0.17226124066876214,2025-10-10 01:13:13
3,2660,-0.08877876703168625,-0.17555456628568628,2025-10-10 01:13:13
3,2661,-0.08549245876054257,-0.17884087455682995,2025-10-10 01:13:13
3,2662,-0.08221345698109102,-0.18211987633628152,2025-10-10 01:13:13
3,2663,-0.07894204906561512,-0.1853912842517574,2025-10-10 01:13:13
3,2664,-0.0756785205354605,-0.18865481278191204,2025-10-10 01:13:13
3,2665,-0.07242315498476372,-0.19191017833260882,2025-10-10 01:13:13
3,2666,-0.06917623400525322,-0.19515709931211933,2025-10-10 01:13:13
3,2667,-0.06593803711215472,-0.19839529620521784,2025-10-10 01:13:13
3,2668,-0.06270884167123293,-0.20162449164613963,2025-10-10 01:13:13
3,2669,-0.05948892282700017,-0.2048444104903724,2025-10-10 01:13:13
3,2670,-0.05627855343212185,-0.2080547798852507,2025-10-10 01:13:13
3,2671,-0.05307800397804754,-0.211255329339325,2025-10-10 01:13:13
3,2672,-0.04988754252689563,-0.2144457907904769,2025-10-10 01:13:13
3,2673,-0.046707434644618503,-0.21762589867275403,2025-10-10 01:13:13
3,2674,-0.04353794333547411,-0.22079538998189843,2025-10-10 01:13:13
3,2675,-0.04037932897782901,-0.22395400433954354,2025-10-10 01:13:13
3,2676,-0.03723184926131678,-0.22710148405605576,2025-10-10 01:13:13
3,2677,-0.03409575912537474,-0.2302375741919978,2025-10-10 01:13:13
3,2678,-0.03097131069918098,-0.23336202261819158,2025-10-10 01:13:13
3,2679,-0.027858753243012523,-0.23647458007436004,2025-10-10 01:13:13
3,2680,-0.024758333091044617,-0.23957500022632794,2025-10-10 01:13:13
3,2681,-0.02167029359560988,-0.24266303972176267,2025-10-10 01:13:13
3,2682,-0.01859487507293523,-0.24573845824443732,2025-10-10 01:13:13
3,2683,-0.015532314750373262,-0.2488010185669993,2025-10-10 01:13:13
3,2684,-0.0124828467151439,-0.25185048660222864,2025-10-10 01:13:13
3,2685,-0.009446701864600945,-0.2548866314527716,2025-10-10 01:13:13
3,2686,-0.006424107858037183,-0.2579092254593353,2025-10-10 01:13:13
3,2687,-0.003415289070040646,-0.26091804424733184,2025-10-10 01:13:13
3,2688,-0.000420466545413588,-0.2639128667719589,2025-10-10 01:13:13
3,2689,0.002560142044335319,-0.2668934753617078,2025-10-10 01:13:13
3,2690,0.005526322442916079,-0.2698596557602886,2025-10-10 01:13:13
3,2691,0.008477863849591328,-0.27281119716696384,2025-10-10 01:13:13
3,2692,0.011414558957911722,-0.27574789227528423,2025-10-10 01:13:13
3,2693,0.014336203992846377,-0.2786695373102189,2025-10-10 01:13:13
3,2694,0.017242598746302986,-0.2815759320636755,2025-10-10 01:13:13
3,2695,0.02013354661103325,-0.28446687992840575,2025-10-10 01:13:13
3,2696,0.023008854612920276,-0.28734218793029276,2025-10-10 01:13:13
3,2697,0.025868333441645564,-0.29020166675901804,2025-10-10 01:13:13
3,2698,0.02871179747973424,-0.2930451307971067,2025-10-10 01:13:13
3,2699,0.031539064829978106,-0.29587239814735056,2025-10-10 01:13:13
3,2700,0.03434995734123711,-0.29868329065860955,2025-10-10 01:13:13
3,2701,0.03714430063262076,-0.3014776339499932,2025-10-10 01:13:13
3,2702,0.03992192411605196,-0.3042552574334244,2025-10-10 01:13:13
3,2703,0.04268266101721665,-0.3070159943345891,2025-10-10 01:13:13
3,2704,0.04542634839490366,-0.3097596817122761,2025-10-10 01:13:13
3,2705,0.048152827158739954,-0.3124861604761124,2025-10-10 01:13:13
3,2706,0.05086194208532742,-0.31519527540269987,2025-10-10 01:13:13
3,2707,0.05355354183278825,-0.31788687515016073,2025-10-10 01:13:13
3,2708,0.056227478953726796,-0.3205608122710993,2025-10-10 01:13:13
3,2709,0.058883609906616605,-0.3232169432239891,2025-10-10 01:13:13
3,2710,0.061521795065622255,-0.32585512838299474,2025-10-10 01:13:13
3,2711,0.06414189872886639,-0.32847523204623885,2025-10-10 01:13:13
3,2712,0.06674378912515314,-0.3310771224425256,2025-10-10 01:13:13
3,2713,0.0693273384191599,-0.33366067173653235,2025-10-10 01:13:13
3,2714,0.07189242271511032,-0.3362257560324828,2025-10-10 01:13:13
3,2715,0.07443892205894183,-0.3387722553763143,2025-10-10 01:13:13
3,2716,0.07696672043898226,-0.3413000537563547,2025-10-10 01:13:13
3,2717,0.07947570578515016,-0.3438090391025226,2025-10-10 01:13:13
3,2718,0.0819657699666948,-0.3462991032840672,2025-10-10 01:13:13
3,2719,0.08443680878849197,-0.3487701421058644,2025-10-10 01:13:13
3,2720,0.08688872198591271,-0.35122205530328515,2025-10-10 01:13:13
3,2721,0.08932141321828267,-0.3536547465356551,2025-10-10 01:13:13
3,2722,0.0917347900609501,-0.35606812337832255,2025-10-10 01:13:13
3,2723,0.09412876399598168,-0.35846209731335416,2025-10-10 01:13:13
3,2724,0.09650325040150538,-0.36083658371887783,2025-10-10 01:13:13
3,2725,0.09885816853972054,-0.363191501857093,2025-10-10 01:13:13
3,2726,0.10119344154359554,-0.36552677486096796,2025-10-10 01:13:13
3,2727,0.1035089964022743,-0.3678423297196467,2025-10-10 01:13:13
3,2728,0.10580476394521307,-0.37013809726258545,2025-10-10 01:13:13
3,2729,0.10808067882506957,-0.37241401214244196,2025-10-10 01:13:13
3,2730,0.11033667949936701,-0.3746700128167394,2025-10-10 01:13:13
3,2731,0.11257270821095594,-0.3769060415283283,2025-10-10 01:13:13
3,2732,0.11478871096729713,-0.3791220442846695,2025-10-10 01:13:13
3,2733,0.11698463751858948,-0.38131797083596186,2025-10-10 01:13:13
3,2734,0.11916044133476678,-0.38349377465213913,2025-10-10 01:13:13
3,2735,0.12131607958138801,-0.38564941289876037,2025-10-10 01:13:13
3,2736,0.12345151309444588,-0.38778484641181826,2025-10-10 01:13:13
3,2737,0.12556670635411865,-0.389900039671491,2025-10-10 01:13:13
3,2738,0.12766162745749063,-0.391994960774863,2025-10-10 01:13:13
3,2739,0.12973624809026715,-0.39406958140763954,2025-10-10 01:13:13
3,2740,0.13179054349750968,-0.3961238768148821,2025-10-10 01:13:13
3,2741,0.13382449245341724,-0.3981578257707897,2025-10-10 01:13:13
3,2742,0.13583807723018054,-0.40017141054755295,2025-10-10 01:13:13
3,2743,0.13783128356593521,-0.4021646168833076,2025-10-10 01:13:13
3,2744,0.13980410063184084,-0.40413743394921325,2025-10-10 01:13:13
3,2745,0.14175652099831249,-0.4060898543156849,2025-10-10 01:13:13
3,2746,0.14368854060043162,-0.40802187391780403,2025-10-10 01:13:13
3,2747,0.1456001587025637,-0.4099334920199361,2025-10-10 01:13:13
3,2748,0.14749137786220898,-0.4118247111795814,2025-10-10 01:13:13
3,2749,0.14936220389311416,-0.4136955372104866,2025-10-10 01:13:13
3,2750,0.15121264582767177,-0.41554597914504415,2025-10-10 01:13:13
3,2751,0.15304271587863447,-0.41737604919600685,2025-10-10 01:13:13
3,2752,0.15485242940017166,-0.41918576271754404,2025-10-10 01:13:13
3,2753,0.1566418048482953,-0.4209751381656677,2025-10-10 01:13:13
3,2754,0.1584108637406821,-0.4227441970580545,2025-10-10 01:13:13
3,2755,0.16015963061591953,-0.42449296393329194,2025-10-10 01:13:13
3,2756,0.1618881329922019,-0.4262214663095743,2025-10-10 01:13:13
3,2757,0.1635964013255041,-0.4279297346428765,2025-10-10 01:13:13
3,2758,0.1652844689672595,-0.4296178022846319,2025-10-10 01:13:13
3,2759,0.1669523721215687,-0.43128570543894107,2025-10-10 01:13:13
3,2760,0.16860014980196528,-0.43293348311933766,2025-10-10 01:13:13
3,2761,0.17022784378776587,-0.43456117710513825,2025-10-10 01:13:13
3,2762,0.1718354985800295,-0.43616883189740185,2025-10-10 01:13:13
3,2763,0.17342316135715316,-0.43775649467452554,2025-10-10 01:13:13
3,2764,0.17499088193012893,-0.4393242152475013,2025-10-10 01:13:13
3,2765,0.1765387126974882,-0.4408720460148606,2025-10-10 01:13:13
3,2766,0.17806670859995852,-0.4424000419173309,2025-10-10 01:13:13
3,2767,0.1795749270748581,-0.44390826039223047,2025-10-10 01:13:13
3,2768,0.18106342801025246,-0.44539676132762485,2025-10-10 01:13:13
3,2769,0.1825322736988984,-0.44686560701627076,2025-10-10 01:13:13
3,2770,0.18398152879199883,-0.4483148621093712,2025-10-10 01:13:13
3,2771,0.18541126025279295,-0.44974459357016533,2025-10-10 01:13:13
3,2772,0.1868215373100051,-0.45115487062737747,2025-10-10 01:13:13
3,2773,0.18821243141117575,-0.4525457647285481,2025-10-10 01:13:13
3,2774,0.1895840161758976,-0.45391734949327,2025-10-10 01:13:13
3,2775,0.19093636734897937,-0.45526970066635175,2025-10-10 01:13:13
3,2776,0.19226956275355953,-0.4566028960709319,2025-10-10 01:13:13
3,2777,0.19358368224419212,-0.4579170155615645,2025-10-10 01:13:13
3,2778,0.19487880765992588,-0.45921214097729823,2025-10-10 01:13:13
3,2779,0.19615502277739819,-0.46048835609477057,2025-10-10 01:13:13
3,2780,0.19741241326396441,-0.46174574658133677,2025-10-10 01:13:13
3,2781,0.19865106663088303,-0.46298439994825535,2025-10-10 01:13:13
3,2782,0.1998710721865767,-0.46420440550394904,2025-10-10 01:13:13
3,2783,0.20107252098998882,-0.46540585430736114,2025-10-10 01:13:13
3,2784,0.20225550580405446,-0.4665888391214268,2025-10-10 01:13:13
3,2785,0.20342012104930493,-0.46775345436667726,2025-10-10 01:13:13
3,2786,0.20456646275762394,-0.46889979607499627,2025-10-10 01:13:13
3,2787,0.20569462852617335,-0.47002796184354567,2025-10-10 01:13:13
3,2788,0.2068047174715061,-0.47113805078887844,2025-10-10 01:13:13
3,2789,0.20789683018388327,-0.47223016350125563,2025-10-10 01:13:13
3,2790,0.20897106868181176,-0.4733044019991841,2025-10-10 01:13:13
3,2791,0.21002753636681903,-0.4743608696841914,2025-10-10 01:13:13
3,2792,0.21106633797848046,-0.4753996712958528,2025-10-10 01:13:13
3,2793,0.21208757954971452,-0.4764209128670869,2025-10-10 01:13:13
3,2794,0.21309136836236084,-0.4774247016797332,2025-10-10 01:13:13
3,2795,0.21407781290305528,-0.47841114622042763,2025-10-10 01:13:13
3,2796,0.2150470228194161,-0.4793803561367885,2025-10-10 01:13:13
3,2797,0.21599910887655482,-0.48033244219392723,2025-10-10 01:13:13
3,2798,0.2169341829139246,-0.48126751623129704,2025-10-10 01:13:13
3,2799,0.2178523578025188,-0.48218569111989124,2025-10-10 01:13:13
3,2800,0.21875374740243198,-0.48308708071980444,2025-10-10 01:13:13
3,2801,0.21963846652079505,-0.4839717998381675,2025-10-10 01:13:13
3,2802,0.2205066308700957,-0.48483996418746816,2025-10-10 01:13:13
3,2803,0.221358357026895,-0.48569169034426746,2025-10-10 01:13:13
3,2804,0.2221937623909507,-0.48652709570832314,2025-10-10 01:13:13
3,2805,0.22301296514475702,-0.48734629846212946,2025-10-10 01:13:13
3,2806,0.22381608421351054,-0.488149417530883,2025-10-10 01:13:13
3,2807,0.22460323922551131,-0.48893657254288375,2025-10-10 01:13:13
3,2808,0.2253745504730078,-0.4897078837903802,2025-10-10 01:13:13
3,2809,0.22613013887349395,-0.4904634721908664,2025-10-10 01:13:13
3,2810,0.22687012593146635,-0.4912034592488388,2025-10-10 01:13:13
3,2811,0.2275946337006487,-0.4919279670180211,2025-10-10 01:13:13
3,2812,0.22830378474669072,-0.49263711806406313,2025-10-10 01:13:13
3,2813,0.22899770211034823,-0.4933310354277206,2025-10-10 01:13:13
3,2814,0.22967650927115044,-0.4940098425885228,2025-10-10 01:13:13
3,2815,0.2303403301115605,-0.4946736634289329,2025-10-10 01:13:13
3,2816,0.23098928888163445,-0.49532262219900686,2025-10-10 01:13:13
3,2817,0.23162351016418417,-0.49595684348155655,2025-10-10 01:13:13
3,2818,0.23224311884044838,-0.49657645215782076,2025-10-10 01:13:13
3,2819,0.23284824005627658,-0.49718157337364893,2025-10-10 01:13:13
3,2820,0.23343899918882965,-0.497772332506202,2025-10-10 01:13:13
3,2821,0.23401552181380078,-0.49834885513117316,2025-10-10 01:13:13
3,2822,0.23457793367315996,-0.49891126699053234,2025-10-10 01:13:13
3,2823,0.23512636064342501,-0.4994596939607974,2025-10-10 01:13:13
3,2824,0.23566092870446187,-0.4999942620218343,2025-10-10 01:13:13
3,2825,0.23618176390881615,-0.5005150972261886,2025-10-10 01:13:13
3,2826,0.2366889923515781,-0.5010223256689506,2025-10-10 01:13:13
3,2827,0.23718274014078264,-0.5015160734581551,2025-10-10 01:13:13
3,2828,0.23766313336834574,-0.5019964666857182,2025-10-10 01:13:13
3,2829,0.23813029808153804,-0.5024636313989105,2025-10-10 01:13:13
3,2830,0.23858436025499674,-0.5029176935723692,2025-10-10 01:13:13
3,2831,0.239025445763276,-0.5033587790806484,2025-10-10 01:13:13
3,2832,0.2394536803539362,-0.5037870136713086,2025-10-10 01:13:13
3,2833,0.23986918962117168,-0.5042025229385441,2025-10-10 01:13:13
3,2834,0.24027209897997706,-0.5046054322973494,2025-10-10 01:13:13
3,2835,0.24066253364085105,-0.5049958669582234,2025-10-10 01:13:13
3,2836,0.24104061858503725,-0.5053739519024096,2025-10-10 01:13:13
3,2837,0.24140647854030076,-0.5057398118576731,2025-10-10 01:13:13
3,2838,0.241760237957239,-0.5060935712746114,2025-10-10 01:13:13
3,2839,0.24210202098612574,-0.5064353543034982,2025-10-10 01:13:13
3,2840,0.24243195145428598,-0.5067652847716584,2025-10-10 01:13:13
3,2841,0.24275015284399998,-0.5070834861613723,2025-10-10 01:13:13
3,2842,0.24305674827093432,-0.5073900815883067,2025-10-10 01:13:13
3,2843,0.24335186046309742,-0.5076851937804697,2025-10-10 01:13:13
3,2844,0.24363561174031695,-0.5079689450576892,2025-10-10 01:13:13
3,2845,0.24390812399423648,-0.5082414573116087,2025-10-10 01:13:13
3,2846,0.24416951866882827,-0.5085028519862005,2025-10-10 01:13:13
3,2847,0.24441991674141925,-0.5087532500587915,2025-10-10 01:13:13
3,2848,0.2446594387042267,-0.5089927720215989,2025-10-10 01:13:13
3,2849,0.24488820454640037,-0.5092215378637726,2025-10-10 01:13:13
3,2850,0.24510633373656723,-0.5094396670539394,2025-10-10 01:13:13
3,2851,0.24531394520587543,-0.5096472785232475,2025-10-10 01:13:13
3,2852,0.24551115733153314,-0.5098444906489052,2025-10-10 01:13:13
3,2853,0.24569808792083866,-0.5100314212382108,2025-10-10 01:13:13
3,2854,0.24587485419569743,-0.5102081875130695,2025-10-10 01:13:13
3,2855,0.24604157277762165,-0.5103749060949937,2025-10-10 01:13:13
3,2856,0.2461983596732082,-0.5105316929905802,2025-10-10 01:13:13
3,2857,0.2463453302600904,-0.5106786635774624,2025-10-10 01:13:13
3,2858,0.24648259927335883,-0.5108159325907308,2025-10-10 01:13:13
3,2859,0.24661028079244665,-0.5109436141098186,2025-10-10 01:13:13
3,2860,0.2467284882284745,-0.5110618215458465,2025-10-10 01:13:13
3,2861,0.24683733431205024,-0.5111706676294222,2025-10-10 01:13:13
3,2862,0.2469369310815183,-0.5112702643988902,2025-10-10 01:13:13
3,2863,0.2470273898716538,-0.5113607231890257,2025-10-10 01:13:13
3,2864,0.24710882130279618,-0.5114421546201681,2025-10-10 01:13:13
3,2865,0.2471813352704172,-0.511514668587789,2025-10-10 01:13:13
3,2866,0.24724504093511768,-0.5115783742524895,2025-10-10 01:13:13
3,2867,0.24730004671304842,-0.5116333800304202,2025-10-10 01:13:13
3,2868,0.2473464602667489,-0.5116797935841207,2025-10-10 01:13:13
3,2869,0.247384388496399,-0.5117177218137708,2025-10-10 01:13:13
3,2870,0.24741393753147797,-0.5117472708488499,2025-10-10 01:13:13
3,2871,0.2474352127228252,-0.5117685460401971,2025-10-10 01:13:13
3,2872,0.24744831863509686,-0.5117816519524687,2025-10-10 01:13:13
3,2873,0.24745335903961313,-0.511786692356985,2025-10-10 01:13:13
3,2874,0.24745043690759025,-0.5117837702249621,2025-10-10 01:13:13
3,2875,0.24743965440375146,-0.5117729877211233,2025-10-10 01:13:13
3,2876,0.24742111288031132,-0.5117544461976832,2025-10-10 01:13:13
3,2877,0.24739491287132742,-0.5117282461886993,2025-10-10 01:13:13
3,2878,0.24736115408741394,-0.5116944874047858,2025-10-10 01:13:13
3,2879,0.2473199354108109,-0.5116532687281828,2025-10-10 01:13:13
3,2880,0.2472713548908035,-0.5116046882081755,2025-10-10 01:13:13
3,2881,0.24721550973948567,-0.5115488430568577,2025-10-10 01:13:13
3,2882,0.24715249632786168,-0.5114858296452337,2025-10-10 01:13:13
3,2883,0.24708241018228044,-0.5114157434996525,2025-10-10 01:13:13
3,2884,0.247005345981196,-0.511338679298568,2025-10-10 01:13:13
3,2885,0.2469213975522488,-0.5112547308696208,2025-10-10 01:13:13
3,2886,0.24683065786966152,-0.5111639911870335,2025-10-10 01:13:13
3,2887,0.24673321905194376,-0.5110665523693158,2025-10-10 01:13:13
3,2888,0.24662917235989948,-0.5109625056772715,2025-10-10 01:13:13
3,2889,0.24651860819493154,-0.5108519415123036,2025-10-10 01:13:13
3,2890,0.24640161609763717,-0.5107349494150093,2025-10-10 01:13:13
3,2891,0.2462782847466887,-0.5106116180640609,2025-10-10 01:13:13
3,2892,0.24614870195799346,-0.5104820352753656,2025-10-10 01:13:13
3,2893,0.2460129546841273,-0.5103462880014995,2025-10-10 01:13:13
3,2894,0.24587112901403535,-0.5102044623314076,2025-10-10 01:13:13
3,2895,0.2457233101729949,-0.5100566434903672,2025-10-10 01:13:13
3,2896,0.2455695825228337,-0.509902915840206,2025-10-10 01:13:13
3,2897,0.24541002956239874,-0.509743362879771,2025-10-10 01:13:13
3,2898,0.24524473392826907,-0.5095780672456413,2025-10-10 01:13:13
3,2899,0.2450737773957072,-0.5094071107130794,2025-10-10 01:13:13
3,2900,0.2448972408798434,-0.5092305741972156,2025-10-10 01:13:13
3,2901,0.2447152044370868,-0.509048537754459,2025-10-10 01:13:13
3,2902,0.24452774726675797,-0.5088610805841302,2025-10-10 01:13:13
3,2903,0.24433494771293732,-0.5086682810303095,2025-10-10 01:13:13
3,2904,0.2441368832665233,-0.5084702165838955,2025-10-10 01:13:13
3,2905,0.24393363056749534,-0.5082669638848675,2025-10-10 01:13:13
3,2906,0.24372526540737532,-0.5080585987247475,2025-10-10 01:13:13
3,2907,0.2435118627318827,-0.5078451960492548,2025-10-10 01:13:13
3,2908,0.2432934966437772,-0.5076268299611494,2025-10-10 01:13:13
3,2909,0.24307024040588415,-0.5074035737232564,2025-10-10 01:13:13
3,2910,0.2428421664442965,-0.5071754997616688,2025-10-10 01:13:13
3,2911,0.24260934635174838,-0.5069426796691207,2025-10-10 01:13:13
3,2912,0.2423718508911551,-0.5067051842085274,2025-10-10 01:13:13
3,2913,0.24212974999931372,-0.506463083316686,2025-10-10 01:13:13
3,2914,0.2418831127907594,-0.5062164461081317,2025-10-10 01:13:13
3,2915,0.24163200756177222,-0.5059653408791445,2025-10-10 01:13:13
3,2916,0.24137650179452894,-0.5057098351119012,2025-10-10 01:13:13
3,2917,0.2411166621613951,-0.5054499954787673,2025-10-10 01:13:13
3,2918,0.24085255452935211,-0.5051858878467244,2025-10-10 01:13:13
3,2919,0.24058424396455422,-0.5049175772819264,2025-10-10 01:13:13
3,2920,0.24031179473701048,-0.5046451280543827,2025-10-10 01:13:13
3,2921,0.24003527032538693,-0.5043686036427592,2025-10-10 01:13:13
3,2922,0.2397547334219239,-0.5040880667392962,2025-10-10 01:13:13
3,2923,0.23947024593746372,-0.503803579254836,2025-10-10 01:13:13
3,2924,0.239181869006584,-0.5035152023239563,2025-10-10 01:13:13
3,2925,0.23888966299283196,-0.5032229963102043,2025-10-10 01:13:13
3,2926,0.23859368749405496,-0.5029270208114273,2025-10-10 01:13:13
3,2927,0.23829400134782283,-0.5026273346651952,2025-10-10 01:13:13
3,2928,0.23799066263693716,-0.5023239959543095,2025-10-10 01:13:13
3,2929,0.2376837286950236,-0.502017062012396,2025-10-10 01:13:13
3,2930,0.23737325611220228,-0.5017065894295747,2025-10-10 01:13:13
3,2931,0.23705930074083226,-0.5013926340582047,2025-10-10 01:13:13
3,2932,0.23674191770132572,-0.5010752510186981,2025-10-10 01:13:13
3,2933,0.23642116138802768,-0.5007544947054,2025-10-10 01:13:13
3,2934,0.23609708547515706,-0.5004304187925294,2025-10-10 01:13:13
3,2935,0.23576974292280514,-0.5001030762401775,2025-10-10 01:13:13
3,2936,0.23543918598298721,-0.49977251930035954,2025-10-10 01:13:13
3,2937,0.23510546620574377,-0.4994387995231161,2025-10-10 01:13:13
3,2938,0.23476863444528717,-0.49910196776265947,2025-10-10 01:13:13
3,2939,0.2344287408661901,-0.4987620741835624,2025-10-10 01:13:13
3,2940,0.234085834949612,-0.4984191682669843,2025-10-10 01:13:13
3,2941,0.2337399654995602,-0.4980732988169325,2025-10-10 01:13:13
3,2942,0.23339118064918155,-0.49772451396655387,2025-10-10 01:13:13
3,2943,0.23303952786708168,-0.497372861184454,2025-10-10 01:13:13
3,2944,0.23268505396366823,-0.49701838728104053,2025-10-10 01:13:13
3,2945,0.23232780509751466,-0.49666113841488696,2025-10-10 01:13:13
3,2946,0.23196782678174152,-0.49630116009911385,2025-10-10 01:13:13
3,2947,0.231605163890412,-0.4959384972077843,2025-10-10 01:13:13
3,2948,0.23123986066493846,-0.4955731939823108,2025-10-10 01:13:13
3,2949,0.23087196072049734,-0.4952052940378697,2025-10-10 01:13:13
3,2950,0.23050150705244912,-0.4948348403698215,2025-10-10 01:13:13
3,2951,0.23012854204276054,-0.4944618753601329,2025-10-10 01:13:13
3,2952,0.22975310746642666,-0.49408644078379904,2025-10-10 01:13:13
3,2953,0.22937524449788957,-0.49370857781526195,2025-10-10 01:13:13
3,2954,0.22899499371745152,-0.49332832703482393,2025-10-10 01:13:13
3,2955,0.22861239511767972,-0.49294572843505213,2025-10-10 01:13:13
3,2956,0.22822748810980048,-0.4925608214271729,2025-10-10 01:13:13
3,2957,0.22784031153008028,-0.4921736448474527,2025-10-10 01:13:13
3,2958,0.2274509036461915,-0.49178423696356394,2025-10-10 01:13:13
3,2959,0.22705930216356066,-0.4913926354809331,2025-10-10 01:13:13
3,2960,0.22666554423169685,-0.4909988775490693,2025-10-10 01:13:13
3,2961,0.2262696664504986,-0.49060299976787103,2025-10-10 01:13:13
3,2962,0.225871704876537,-0.4902050381939094,2025-10-10 01:13:13
3,2963,0.22547169502931327,-0.4898050283466857,2025-10-10 01:13:13
3,2964,0.2250696718974891,-0.4894030052148616,2025-10-10 01:13:13
3,2965,0.2246656699450878,-0.48899900326246026,2025-10-10 01:13:13
3,2966,0.22425972311766468,-0.48859305643503714,2025-10-10 01:13:13
3,2967,0.2238518648484454,-0.48818519816581785,2025-10-10 01:13:13
3,2968,0.22344212806443042,-0.48777546138180283,2025-10-10 01:13:13
3,2969,0.22303054519246418,-0.4873638785098366,2025-10-10 01:13:13
3,2970,0.22261714816526806,-0.4869504814826405,2025-10-10 01:13:13
3,2971,0.22220196842743536,-0.4865353017448078,2025-10-10 01:13:13
3,2972,0.2217850369413874,-0.48611837025875987,2025-10-10 01:13:13
3,2973,0.22136638419328966,-0.4856997175106621,2025-10-10 01:13:13
3,2974,0.2209460401989267,-0.48527937351629913,2025-10-10 01:13:13
3,2975,0.22052403450953514,-0.4848573678269076,2025-10-10 01:13:13
3,2976,0.22010039621759375,-0.48443372953496616,2025-10-10 01:13:13
3,2977,0.2196751539625695,-0.4840084872799419,2025-10-10 01:13:13
3,2978,0.21924833593661938,-0.48358166925399176,2025-10-10 01:13:13
3,2979,0.21881996989024682,-0.4831533032076192,2025-10-10 01:13:13
3,2980,0.21839008313791225,-0.4827234164552846,2025-10-10 01:13:13
3,2981,0.21795870256359728,-0.48229203588096964,2025-10-10 01:13:13
3,2982,0.21752585462632193,-0.4818591879436943,2025-10-10 01:13:13
3,2983,0.21709156536561441,-0.4814248986829868,2025-10-10 01:13:13
3,2984,0.21665586040693322,-0.4809891937243056,2025-10-10 01:13:13
3,2985,0.21621876496704098,-0.48055209828441336,2025-10-10 01:13:13
3,2986,0.2157803038593301,-0.4801136371767025,2025-10-10 01:13:13
3,2987,0.21534050149909964,-0.4796738348164721,2025-10-10 01:13:13
3,2988,0.21489938190878338,-0.4792327152261558,2025-10-10 01:13:13
3,2989,0.2144569687231291,-0.4787903020405015,2025-10-10 01:13:13
3,2990,0.2140132851943288,-0.4783466185117012,2025-10-10 01:13:13
3,2991,0.21356835419709982,-0.4779016875144722,2025-10-10 01:13:13
3,2992,0.2131221982337171,-0.4774555315510895,2025-10-10 01:13:13
3,2993,0.21267483943899623,-0.47700817275636864,2025-10-10 01:13:13
3,2994,0.212226299585228,-0.47655963290260045,2025-10-10 01:13:13
3,2995,0.21177660008706384,-0.47610993340443625,2025-10-10 01:13:13
3,2996,0.2113257620063528,-0.4756590953237252,2025-10-10 01:13:13
3,2997,0.21087380605693035,-0.4752071393743027,2025-10-10 01:13:13
3,2998,0.21042075260935872,-0.4747540859267311,2025-10-10 01:13:13
3,2999,0.2099666216956197,-0.47429995501299205,2025-10-10 01:13:13
3,3000,0.2095114330137595,-0.4738447663311318,2025-10-10 01:13:13
3,3001,0.2090552059324866,-0.47338853924985896,2025-10-10 01:13:13
3,3002,0.20859795949572268,-0.47293129281309504,2025-10-10 01:13:13
3,3003,0.2081397124271067,-0.47247304574447907,2025-10-10 01:13:13
3,3004,0.2076804831344531,-0.47201381645182544,2025-10-10 01:13:13
3,3005,0.20722028971416404,-0.47155362303153636,2025-10-10 01:13:13
3,3006,0.20675914995559638,-0.4710924832729687,2025-10-10 01:13:13
3,3007,0.20629708134538363,-0.47063041466275596,2025-10-10 01:13:13
3,3008,0.20583410107171343,-0.47016743438908576,2025-10-10 01:13:13
3,3009,0.20537022602856103,-0.46970355934593333,2025-10-10 01:13:13
3,3010,0.20490547281987914,-0.46923880613725144,2025-10-10 01:13:13
3,3011,0.20443985776374476,-0.46877319108111704,2025-10-10 01:13:13
3,3012,0.20397339689646324,-0.4683067302138355,2025-10-10 01:13:13
3,3013,0.20350610597663027,-0.4678394392940025,2025-10-10 01:13:13
3,3014,0.20303800048915224,-0.4673713338065245,2025-10-10 01:13:13
3,3015,0.20256909564922537,-0.46690242896659767,2025-10-10 01:13:13
3,3016,0.20209940640627408,-0.4664327397236464,2025-10-10 01:13:13
3,3017,0.20162894744784918,-0.4659622807652215,2025-10-10 01:13:13
3,3018,0.20115773320348634,-0.46549106652085864,2025-10-10 01:13:13
3,3019,0.20068577784852518,-0.4650191111658975,2025-10-10 01:13:13
3,3020,0.20021309530788964,-0.46454642862526196,2025-10-10 01:13:13
3,3021,0.19973969925982987,-0.46407303257720217,2025-10-10 01:13:13
3,3022,0.19926560313962627,-0.46359893645699857,2025-10-10 01:13:13
3,3023,0.19879082014325605,-0.46312415346062835,2025-10-10 01:13:13
3,3024,0.19831536323102258,-0.4626486965483949,2025-10-10 01:13:13
3,3025,0.19783924513114834,-0.46217257844852067,2025-10-10 01:13:13
3,3026,0.1973624783433313,-0.4616958116607036,2025-10-10 01:13:13
3,3027,0.1968850751422656,-0.46121840845963796,2025-10-10 01:13:13
3,3028,0.1964070475811269,-0.4607403808984992,2025-10-10 01:13:13
3,3029,0.19592840749502202,-0.46026174081239435,2025-10-10 01:13:13
3,3030,0.19544916650440444,-0.45978249982177677,2025-10-10 01:13:13
3,3031,0.19496933601845476,-0.4593026693358271,2025-10-10 01:13:13
3,3032,0.19448892723842723,-0.45882226055579955,2025-10-10 01:13:13
3,3033,0.19400795116096234,-0.45834128447833467,2025-10-10 01:13:13
3,3034,0.19352641858136568,-0.457859751898738,2025-10-10 01:13:13
3,3035,0.19304434009685353,-0.45737767341422586,2025-10-10 01:13:13
3,3036,0.19256172610976505,-0.4568950594271374,2025-10-10 01:13:13
3,3037,0.1920785868307418,-0.4564119201481141,2025-10-10 01:13:13
3,3038,0.19159493228187427,-0.4559282655992466,2025-10-10 01:13:13
3,3039,0.19111077229981593,-0.4554441056171883,2025-10-10 01:13:13
3,3040,0.1906261165388648,-0.45495944985623715,2025-10-10 01:13:13
3,3041,0.19014097447401263,-0.454474307791385,2025-10-10 01:13:13
3,3042,0.18965535540396208,-0.4539886887213344,2025-10-10 01:13:13
3,3043,0.18916926845411164,-0.45350260177148394,2025-10-10 01:13:13
3,3044,0.18868272257950858,-0.4530160558968809,2025-10-10 01:13:13
3,3045,0.18819572656776998,-0.4525290598851423,2025-10-10 01:13:13
3,3046,0.1877082890419719,-0.4520416223593442,2025-10-10 01:13:13
3,3047,0.1872204184635065,-0.4515537517808788,2025-10-10 01:13:13
3,3048,0.18673212313490753,-0.45106545645227986,2025-10-10 01:13:13
3,3049,0.1862434112026438,-0.4505767445200161,2025-10-10 01:13:13
3,3050,0.18575429065988078,-0.4500876239772531,2025-10-10 01:13:13
3,3051,0.18526476934921043,-0.44959810266658273,2025-10-10 01:13:13
3,3052,0.18477485496534893,-0.4491081882827212,2025-10-10 01:13:13
3,3053,0.18428455505780242,-0.4486178883751747,2025-10-10 01:13:13
3,3054,0.1837938770335008,-0.4481272103508731,2025-10-10 01:13:13
3,3055,0.18330282815939924,-0.44763616147677154,2025-10-10 01:13:13
3,3056,0.18281141556504749,-0.4471447488824198,2025-10-10 01:13:13
3,3057,0.1823196462451269,-0.44665297956249916,2025-10-10 01:13:13
3,3058,0.18182752706195493,-0.44616086037932723,2025-10-10 01:13:13
3,3059,0.18133506474795727,-0.44566839806532954,2025-10-10 01:13:13
3,3060,0.1808422659081071,-0.4451755992254794,2025-10-10 01:13:13
3,3061,0.18034913702233168,-0.444682470339704,2025-10-10 01:13:13
3,3062,0.17985568444788613,-0.44418901776525843,2025-10-10 01:13:13
3,3063,0.179361914421694,-0.44369524773906627,2025-10-10 01:13:13
3,3064,0.17886783306265475,-0.443201166380027,2025-10-10 01:13:13
3,3065,0.17837344637391805,-0.4427067796912903,2025-10-10 01:13:13
3,3066,0.1778787602451246,-0.44221209356249686,2025-10-10 01:13:13
3,3067,0.17738378045461348,-0.44171711377198575,2025-10-10 01:13:13
3,3068,0.17688851267159567,-0.44122184598896796,2025-10-10 01:13:13
3,3069,0.1763929624582941,-0.4407262957756664,2025-10-10 01:13:13
3,3070,0.1758971352720497,-0.440230468589422,2025-10-10 01:13:13
3,3071,0.17540103646739333,-0.43973436978476566,2025-10-10 01:13:13
3,3072,0.17490467129808393,-0.43923800461545626,2025-10-10 01:13:13
3,3073,0.17440804491911235,-0.4387413782364847,2025-10-10 01:13:13
3,3074,0.17391116238867096,-0.4382444957060433,2025-10-10 01:13:13
3,3075,0.17341402867008907,-0.4377473619874614,2025-10-10 01:13:13
3,3076,0.17291664863373382,-0.43724998195110615,2025-10-10 01:13:13
3,3077,0.17241902705887696,-0.43675236037624926,2025-10-10 01:13:13
3,3078,0.17192116863552698,-0.4362545019528993,2025-10-10 01:13:13
3,3079,0.17142307796622697,-0.43575641128359927,2025-10-10 01:13:13
3,3080,0.170924759567818,-0.4352580928851903,2025-10-10 01:13:13
3,3081,0.17042621787316808,-0.4347595511905404,2025-10-10 01:13:13
3,3082,0.1699274572328669,-0.4342607905502392,2025-10-10 01:13:13
3,3083,0.1694284819168861,-0.4337618152342584,2025-10-10 01:13:13
3,3084,0.16892929611620544,-0.43326262943357774,2025-10-10 01:13:13
3,3085,0.1684299039444048,-0.4327632372617771,2025-10-10 01:13:13
3,3086,0.16793030943922213,-0.43226364275659446,2025-10-10 01:13:13
3,3087,0.16743051656407756,-0.4317638498814499,2025-10-10 01:13:13
3,3088,0.1669305292095638,-0.43126386252693616,2025-10-10 01:13:13
3,3089,0.1664303511949029,-0.43076368451227526,2025-10-10 01:13:13
3,3090,0.16592998626936975,-0.43026331958674213,2025-10-10 01:13:13
3,3091,0.16542943811368238,-0.42976277143105474,2025-10-10 01:13:13
3,3092,0.1649287103413594,-0.4292620436587318,2025-10-10 01:13:13
3,3093,0.16442780650004477,-0.42876113981741715,2025-10-10 01:13:13
3,3094,0.16392673007280031,-0.4282600633901727,2025-10-10 01:13:13
3,3095,0.16342548447936606,-0.42775881779673847,2025-10-10 01:13:13
3,3096,0.162924073077389,-0.4272574063947614,2025-10-10 01:13:13
3,3097,0.16242249916362034,-0.42675583248099275,2025-10-10 01:13:13
3,3098,0.161920765975082,-0.42625409929245445,2025-10-10 01:13:13
3,3099,0.1614188766902024,-0.42575221000757485,2025-10-10 01:13:13
3,3100,0.16091683442992197,-0.4252501677472944,2025-10-10 01:13:13
3,3101,0.16041464225876914,-0.4247479755761416,2025-10-10 01:13:13
3,3102,0.15991230318590707,-0.4242456365032795,2025-10-10 01:13:13
3,3103,0.1594098201661514,-0.4237431534835238,2025-10-10 01:13:13
3,3104,0.15890719610095994,-0.42324052941833235,2025-10-10 01:13:13
3,3105,0.1584044338393945,-0.4227377671567669,2025-10-10 01:13:13
3,3106,0.1579015361790556,-0.422234869496428,2025-10-10 01:13:13
3,3107,0.15739850586699045,-0.42173183918436286,2025-10-10 01:13:13
3,3108,0.15689534560057486,-0.4212286789179473,2025-10-10 01:13:13
3,3109,0.1563920580283698,-0.4207253913457423,2025-10-10 01:13:13
3,3110,0.15588864575095301,-0.4202219790683255,2025-10-10 01:13:13
3,3111,0.15538511132172633,-0.4197184446390988,2025-10-10 01:13:13
3,3112,0.15488145724769956,-0.41921479056507205,2025-10-10 01:13:13
3,3113,0.1543776859902513,-0.41871101930762383,2025-10-10 01:13:13
3,3114,0.15387379996586764,-0.41820713328324016,2025-10-10 01:13:13
3,3115,0.15336980154685906,-0.4177031348642316,2025-10-10 01:13:13
3,3116,0.15286569306205663,-0.4171990263794292,2025-10-10 01:13:13
3,3117,0.152361476797488,-0.41669481011486054,2025-10-10 01:13:13
3,3118,0.15185715499703367,-0.41619048831440625,2025-10-10 01:13:13
3,3119,0.15135272986306492,-0.4156860631804375,2025-10-10 01:13:13
3,3120,0.15084820355706322,-0.41518153687443576,2025-10-10 01:13:13
3,3121,0.15034357820022265,-0.4146769115175952,2025-10-10 01:13:13
3,3122,0.14983885587403564,-0.41417218919140825,2025-10-10 01:13:13
3,3123,0.14933403862086275,-0.4136673719382354,2025-10-10 01:13:13
3,3124,0.14882912844448745,-0.4131624617618601,2025-10-10 01:13:13
3,3125,0.14832412731065647,-0.41265746062802916,2025-10-10 01:13:13
3,3126,0.14781903714760644,-0.41215237046497916,2025-10-10 01:13:13
3,3127,0.1473138598465777,-0.41164719316395043,2025-10-10 01:13:13
3,3128,0.14680859726231577,-0.4111419305796885,2025-10-10 01:13:13
3,3129,0.14630325121356155,-0.41063658453093427,2025-10-10 01:13:13
3,3130,0.1457978234835305,-0.41013115680090323,2025-10-10 01:13:13
3,3131,0.14529231582038193,-0.4096256491377547,2025-10-10 01:13:13
3,3132,0.14478672993767894,-0.4091200632550517,2025-10-10 01:13:13
3,3133,0.14428106751483954,-0.4086144008322123,2025-10-10 01:13:13
3,3134,0.14377533019757993,-0.4081086635149527,2025-10-10 01:13:13
3,3135,0.1432695195983504,-0.4076028529157232,2025-10-10 01:13:13
3,3136,0.14276363729676458,-0.40709697061413735,2025-10-10 01:13:13
3,3137,0.1422576848400225,-0.40659101815739523,2025-10-10 01:13:13
3,3138,0.14175166374332843,-0.40608499706070117,2025-10-10 01:13:13
3,3139,0.14124557549030392,-0.40557890880767666,2025-10-10 01:13:13
3,3140,0.1407394215333964,-0.40507275485076916,2025-10-10 01:13:13
4,0,0.010523096553969973,-0.17242396834513735,2025-10-10 01:14:09
4,1,0.01047838317816101,-0.1724450609185676,2025-10-10 01:14:09
4,2,0.010411835778524616,-0.17247647199059568,2025-10-10 01:14:09
4,3,0.010323799354743746,-0.17251804383530192,2025-10-10 01:14:09
4,4,0.010214616197157736,-0.17256961471560453,2025-10-10 01:14:09
4,5,0.010084625792245344,-0.17263101918066825,2025-10-10 01:14:09
4,6,0.009934164733781965,-0.1727020883521324,2025-10-10 01:14:09
4,7,0.009763566639446572,-0.17278265019953526,2025-10-10 01:14:09
4,8,0.00957316207266219,-0.1728725298052995,2025-10-10 01:14:09
4,9,0.00936327846946164,-0.17297154961963107,2025-10-10 01:14:09
4,10,0.009134240070177971,-0.17307952970567145,2025-10-10 01:14:09
4,11,0.008886367855766414,-0.1731962879752322,2025-10-10 01:14:09
4,12,0.008619979488571853,-0.17332164041542936,2025-10-10 01:14:09
4,13,0.00833538925736272,-0.17345540130652415,2025-10-10 01:14:09
4,14,0.008032908026458887,-0.1735973834312666,2025-10-10 01:14:09
4,15,0.007712843188787598,-0.1737473982760279,2025-10-10 01:14:09
4,16,0.007375498622707665,-0.173905256223998,2025-10-10 01:14:09
4,17,0.007021174652448202,-0.17407076674071537,2025-10-10 01:14:09
4,18,0.006650168012013925,-0.17424373855218658,2025-10-10 01:14:09
4,19,0.006262771812414669,-0.17442397981584476,2025-10-10 01:14:09
4,20,0.005859275512082144,-0.17461129828458702,2025-10-10 01:14:09
4,21,0.005439964890342178,-0.17480550146412335,2025-10-10 01:14:09
4,22,0.005005122023815709,-0.17500639676386076,2025-10-10 01:14:09
4,23,0.0045550252656266195,-0.17521379164153927,2025-10-10 01:14:09
4,24,0.004089949227299207,-0.17542749374182864,2025-10-10 01:14:09
4,25,0.003610164763232559,-0.17564731102908765,2025-10-10 01:14:09
4,26,0.0031159389576434684,-0.17587305191448055,2025-10-10 01:14:09
4,27,0.002607535113873696,-0.17610452537763907,2025-10-10 01:14:09
4,28,0.002085212745961438,-0.1763415410830513,2025-10-10 01:14:09
4,29,0.0015492275723807388,-0.17658390949135278,2025-10-10 01:14:09
4,30,0.000999831511856339,-0.17683144196568917,2025-10-10 01:14:09
4,31,0.0004372726811650724,-0.17708395087331397,2025-10-10 01:14:09
4,32,-0.00013820460516160698,-0.1773412496825787,2025-10-10 01:14:09
4,33,-0.0007263598333160189,-0.17760315305546825,2025-10-10 01:14:09
4,34,-0.0013269562869524026,-0.17786947693582839,2025-10-10 01:14:09
4,35,-0.0019397610422605283,-0.17814003863342703,2025-10-10 01:14:09
4,36,-0.0025645449614474917,-0.17841465690398703,2025-10-10 01:14:09
4,37,-0.003201082684697529,-0.17869315202532213,2025-10-10 01:14:09
4,38,-0.003849152620676909,-0.17897534586970434,2025-10-10 01:14:09
4,39,-0.004508536935648283,-0.1792610619725861,2025-10-10 01:14:09
4,40,-0.005179021541256313,-0.17955012559779607,2025-10-10 01:14:09
4,41,-0.005860396081043906,-0.17984236379932408,2025-10-10 01:14:09
4,42,-0.006552453915756022,-0.18013760547980598,2025-10-10 01:14:09
4,43,-0.007254992107485708,-0.1804356814458158,2025-10-10 01:14:09
4,44,-0.007967811402714837,-0.180736424460069,2025-10-10 01:14:09
4,45,-0.008690716214299888,-0.18103966929063692,2025-10-10 01:14:09
4,46,-0.009423514602451076,-0.18134525275726895,2025-10-10 01:14:09
4,47,-0.010166018254751186,-0.18165301377491602,2025-10-10 01:14:09
4,48,-0.010918042465258591,-0.1819627933945457,2025-10-10 01:14:09
4,49,-0.0116794061127371,-0.18227443484133604,2025-10-10 01:14:09
4,50,-0.012449931638053585,-0.1825877835503325,2025-10-10 01:14:09
4,51,-0.013229445020782622,-0.1829026871996495,2025-10-10 01:14:09
4,52,-0.014017775755055835,-0.18321899574129516,2025-10-10 01:14:09
4,53,-0.01481475682469204,-0.18353656142969568,2025-10-10 01:14:09
4,54,-0.015620224677642843,-0.18385523884799262,2025-10-10 01:14:09
4,55,-0.016434019199786924,-0.1841748849321845,2025-10-10 01:14:09
4,56,-0.01725598368810488,-0.18449535899318162,2025-10-10 01:14:09
4,57,-0.018085964823265188,-0.18481652273684043,2025-10-10 01:14:09
4,58,-0.018923812641650602,-0.18513824028204232,2025-10-10 01:14:09
4,59,-0.01976938050685313,-0.18546037817687872,2025-10-10 01:14:09
4,60,-0.02062252508066452,-0.18578280541300343,2025-10-10 01:14:09
4,61,-0.02148310629358817,-0.18610539343821014,2025-10-10 01:14:09
4,62,-0.022350987314897253,-0.18642801616729204,2025-10-10 01:14:09
4,63,-0.023226034522262868,-0.18675054999123833,2025-10-10 01:14:09
4,64,-0.024108117470975056,-0.18707287378482057,2025-10-10 01:14:09
4,65,-0.02499710886277862,-0.18739486891262067,2025-10-10 01:14:09
4,66,-0.02589288451434475,-0.18771641923355006,2025-10-10 01:14:09
4,67,-0.026795323325398652,-0.18803741110390884,2025-10-10 01:14:09
4,68,-0.02770430724652257,-0.1883577333790314,2025-10-10 01:14:09
4,69,-0.028619721246652772,-0.18867727741356435,2025-10-10 01:14:09
4,70,-0.0295414532802884,-0.18899593706042103,2025-10-10 01:14:09
4,71,-0.030469394254429318,-0.18931360866845515,2025-10-10 01:14:09
4,72,-0.03140343799525946,-0.18963019107889545,2025-10-10 01:14:09
4,73,-0.03234348121459149,-0.18994558562058195,2025-10-10 01:14:09
4,74,-0.03328942347608807,-0.1902596961040429,2025-10-10 01:14:09
4,75,-0.03424116716127428,-0.19057242881445072,2025-10-10 01:14:09
4,76,-0.035198617435355406,-0.1908836925034942,2025-10-10 01:14:09
4,77,-0.03616168221285352,-0.19119339838020308,2025-10-10 01:14:09
4,78,-0.03713027212307602,-0.1915014601007599,2025-10-10 01:14:09
4,79,-0.03810430047542864,-0.19180779375733412,2025-10-10 01:14:09
4,80,-0.03908368322458509,-0.19211231786597083,2025-10-10 01:14:09
4,81,-0.04006833893552494,-0.19241495335356754,2025-10-10 01:14:09
4,82,-0.04105818874845114,-0.19271562354396995,2025-10-10 01:14:09
4,83,-0.04205315634359796,-0.19301425414321802,2025-10-10 01:14:09
4,84,-0.04305316790593987,-0.19331077322397217,2025-10-10 01:14:09
4,85,-0.04405815208981161,-0.19360511120914922,2025-10-10 01:14:09
4,86,-0.045068039983449194,-0.19389720085479642,2025-10-10 01:14:09
4,87,-0.046082765073461374,-0.19418697723223183,2025-10-10 01:14:09
4,88,-0.04710226320924085,-0.19447437770947812,2025-10-10 01:14:09
4,89,-0.048126472567324136,-0.19475934193201666,2025-10-10 01:14:09
4,90,-0.049155333615708674,-0.1950418118028879,2025-10-10 01:14:09
4,91,-0.05018878907813583,-0.19532173146216356,2025-10-10 01:14:09
4,92,-0.051226783898347734,-0.19559904726581537,2025-10-10 01:14:09
4,93,-0.05226926520432612,-0.19587370776400514,2025-10-10 01:14:09
4,94,-0.05331618227252086,-0.1961456636788197,2025-10-10 01:14:09
4,95,-0.05436748649207576,-0.19641486788147405,2025-10-10 01:14:09
4,96,-0.055423131329059086,-0.1966812753690059,2025-10-10 01:14:09
4,97,-0.05648307229070596,-0.1969448432404836,2025-10-10 01:14:09
4,98,-0.057547266889679774,-0.19720553067274982,2025-10-10 01:14:09
4,99,-0.058615674608359494,-0.19746329889572192,2025-10-10 01:14:09
4,100,-0.059688256863159705,-0.19771811116727078,2025-10-10 01:14:09
4,101,-0.060764976968889974,-0.1979699327476982,2025-10-10 01:14:09
4,102,-0.06184580010316017,-0.19821873087383324,2025-10-10 01:14:09
4,103,-0.06293069327083814,-0.19846447473276765,2025-10-10 01:14:09
4,104,-0.06401962526856604,-0.19870713543524957,2025-10-10 01:14:09
4,105,-0.06511256664934169,-0.19894668598875462,2025-10-10 01:14:09
4,106,-0.06620948968717091,-0.1991831012702534,2025-10-10 01:14:09
4,107,-0.06731036834179725,-0.19941635799869362,2025-10-10 01:14:09
4,108,-0.06841517822351473,-0.1996464347072149,2025-10-10 01:14:09
4,109,-0.06952389655806993,-0.19987331171511424,2025-10-10 01:14:09
4,110,-0.07063650215165906,-0.20009697109957905,2025-10-10 01:14:09
4,111,-0.07175297535602607,-0.2003173966672056,2025-10-10 01:14:09
4,112,-0.0728732980336673,-0.200534573925319,2025-10-10 01:14:09
4,113,-0.07399745352314888,-0.20074849005311146,2025-10-10 01:14:09
4,114,-0.0751254266045422,-0.20095913387261508,2025-10-10 01:14:09
4,115,-0.07625720346498334,-0.20116649581952503,2025-10-10 01:14:09
4,116,-0.07739277166436209,-0.2013705679138886,2025-10-10 01:14:09
4,117,-0.0785321201011463,-0.2015713437306755,2025-10-10 01:14:09
4,118,-0.07967523897834693,-0.2017688183702446,2025-10-10 01:14:09
4,119,-0.08082211976962976,-0.20196298842872154,2025-10-10 01:14:09
4,120,-0.08197275518557903,-0.20215385196830213,2025-10-10 01:14:09
4,121,-0.0831271391401188,-0.2023414084874953,2025-10-10 01:14:09
4,122,-0.08428526671709748,-0.20252565889132,2025-10-10 01:14:09
4,123,-0.08544713413704122,-0.2027066054614693,2025-10-10 01:14:09
4,124,-0.08661273872408153,-0.20288425182645553,2025-10-10 01:14:09
4,125,-0.08778207887306282,-0.20305860293174938,2025-10-10 01:14:09
4,126,-0.08895515401683542,-0.20322966500992581,2025-10-10 01:14:09
4,127,-0.09013196459373948,-0.20339744555082984,2025-10-10 01:14:09
4,128,-0.0913125120152854,-0.20356195327177395,2025-10-10 01:14:09
4,129,-0.09249679863403626,-0.20372319808778006,2025-10-10 01:14:09
4,130,-0.09368482771169787,-0.2038811910818772,2025-10-10 01:14:09
4,131,-0.0948766033874218,-0.20403594447546716,2025-10-10 01:14:09
4,132,-0.09607213064632711,-0.20418747159876918,2025-10-10 01:14:09
4,133,-0.09727141528824604,-0.20433578686135487,2025-10-10 01:14:09
4,134,-0.09847446389669944,-0.2044809057227844,2025-10-10 01:14:09
4,135,-0.09968128380810719,-0.20462284466335465,2025-10-10 01:14:09
4,136,-0.10089188308123931,-0.2047616211549695,2025-10-10 01:14:09
4,137,-0.10210627046691301,-0.20489725363214278,2025-10-10 01:14:09
4,138,-0.10332445537794133,-0.20502976146314367,2025-10-10 01:14:09
4,139,-0.10454644785933868,-0.20515916492129407,2025-10-10 01:14:09
4,140,-0.10577225855878883,-0.20528548515642786,2025-10-10 01:14:09
4,141,-0.10700189869738054,-0.20540874416652075,2025-10-10 01:14:09
4,142,-0.10823538004061647,-0.2055289647695002,2025-10-10 01:14:09
4,143,-0.10947271486970055,-0.20564617057524368,2025-10-10 01:14:09
4,144,-0.11071391595310909,-0.20576038595777424,2025-10-10 01:14:09
4,145,-0.11195899651845108,-0.20587163602766126,2025-10-10 01:14:09
4,146,-0.11320797022462276,-0.20597994660463465,2025-10-10 01:14:09
4,147,-0.11446085113426177,-0.20608534419042027,2025-10-10 01:14:09
4,148,-0.11571765368650597,-0.20618785594180405,2025-10-10 01:14:09
4,149,-0.11697839267006203,-0.20628750964393225,2025-10-10 01:14:09
4,150,-0.11824308319658898,-0.20638433368385475,2025-10-10 01:14:09
4,151,-0.11951174067440144,-0.20647835702431852,2025-10-10 01:14:09
4,152,-0.12078438078249776,-0.20656960917781766,2025-10-10 01:14:09
4,153,-0.12206101944491769,-0.20665812018090648,2025-10-10 01:14:09
4,154,-0.12334167280543462,-0.2067439205687818,2025-10-10 01:14:09
4,155,-0.12462635720258675,-0.20682704135014038,2025-10-10 01:14:09
4,156,-0.12591508914505217,-0.20690751398231716,2025-10-10 01:14:09
4,157,-0.12720788528737229,-0.2069853703467099,2025-10-10 01:14:09
4,158,-0.1285047624060278,-0.20706064272449537,2025-10-10 01:14:09
4,159,-0.12980573737587203,-0.20713336377264194,2025-10-10 01:14:09
4,160,-0.13111082714692548,-0.2072035665002238,2025-10-10 01:14:09
4,161,-0.13242004872153595,-0.20727128424504104,2025-10-10 01:14:09
4,162,-0.13373341913190814,-0.2073365506505499,2025-10-10 01:14:09
4,163,-0.13505095541800682,-0.2073993996431077,2025-10-10 01:14:09
4,164,-0.13637267460583716,-0.2074598654095359,2025-10-10 01:14:09
4,165,-0.13769859368610599,-0.2075179823750054,2025-10-10 01:14:09
4,166,-0.13902872959326748,-0.20757378518124714,2025-10-10 01:14:09
4,167,-0.14036309918495682,-0.20762730866509166,2025-10-10 01:14:09
4,168,-0.14170171922181474,-0.20767858783734042,2025-10-10 01:14:09
4,169,-0.14304460634770638,-0.20772765786197178,2025-10-10 01:14:09
4,170,-0.14439177707033735,-0.2077745540356844,2025-10-10 01:14:09
4,171,-0.14574324774226952,-0.20781931176778018,2025-10-10 01:14:09
4,172,-0.14709903454233958,-0.20786196656038936,2025-10-10 01:14:09
4,173,-0.14845915345748248,-0.20790255398903945,2025-10-10 01:14:09
4,174,-0.14982362026496224,-0.2079411096835701,2025-10-10 01:14:09
4,175,-0.15119245051501223,-0.20797766930939524,2025-10-10 01:14:09
4,176,-0.15256565951388668,-0.20801226854911406,2025-10-10 01:14:09
4,177,-0.1539432623073254,-0.20804494308447227,2025-10-10 01:14:09
4,178,-0.15532527366443316,-0.2080757285786743,2025-10-10 01:14:09
4,179,-0.15671170806197499,-0.20810466065904742,2025-10-10 01:14:09
4,180,-0.15810257966908883,-0.20813177490005874,2025-10-10 01:14:09
4,181,-0.15949790233241637,-0.20815710680668506,2025-10-10 01:14:09
4,182,-0.1608976895616526,-0.20818069179813645,2025-10-10 01:14:09
4,183,-0.16230195451551518,-0.2082025651919331,2025-10-10 01:14:09
4,184,-0.16371070998813345,-0.20822276218833588,2025-10-10 01:14:09
4,185,-0.16512396839585752,-0.2082413178551302,2025-10-10 01:14:09
4,186,-0.16654174176448747,-0.20825826711276268,2025-10-10 01:14:09
4,187,-0.1679640417169219,-0.20827364471983034,2025-10-10 01:14:09
4,188,-0.16939087946122586,-0.2082874852589213,2025-10-10 01:14:09
4,189,-0.1708222657791173,-0.20829982312280632,2025-10-10 01:14:09
4,190,-0.1722582110148708,-0.20831069250098022,2025-10-10 01:14:09
4,191,-0.17369872506463777,-0.20832012736655173,2025-10-10 01:14:09
4,192,-0.17514381736618173,-0.20832816146348063,2025-10-10 01:14:09
4,193,-0.17659349688902676,-0.20833482829416072,2025-10-10 01:14:09
4,194,-0.17804777212501768,-0.20834016110734696,2025-10-10 01:14:09
4,195,-0.1795066510792897,-0.20834419288642492,2025-10-10 01:14:09
4,196,-0.18097014126164518,-0.20834695633802083,2025-10-10 01:14:09
4,197,-0.18243824967833536,-0.20834848388095012,2025-10-10 01:14:09
4,198,-0.183910982824244,-0.20834880763550223,2025-10-10 01:14:09
4,199,-0.1853883466754703,-0.20834795941305956,2025-10-10 01:14:09
4,200,-0.18687034668230756,-0.208345970706048,2025-10-10 01:14:09
4,201,-0.18835698776261486,-0.20834287267821663,2025-10-10 01:14:09
4,202,-0.18984827429557746,-0.20833869615524395,2025-10-10 01:14:09
4,203,-0.19134421011585276,-0.20833347161566781,2025-10-10 01:14:09
4,204,-0.19284479850809746,-0.20832722918213625,2025-10-10 01:14:09
4,205,-0.19435004220187202,-0.20831999861297634,2025-10-10 01:14:09
4,206,-0.19585994336691767,-0.20831180929407786,2025-10-10 01:14:09
4,207,-0.19737450360880185,-0.2083026902310887,2025-10-10 01:14:09
4,208,-0.19889372396492694,-0.20829267004191876,2025-10-10 01:14:09
4,209,-0.2004176049008976,-0.20828177694954916,2025-10-10 01:14:09
4,210,-0.20194614630724128,-0.20827003877514288,2025-10-10 01:14:09
4,211,-0.20347934749647692,-0.20825748293145385,2025-10-10 01:14:09
4,212,-0.2050172072005262,-0.20824413641653067,2025-10-10 01:14:09
4,213,-0.2065597235684616,-0.2082300258077112,2025-10-10 01:14:09
4,214,-0.2081068941645857,-0.20821517725590458,2025-10-10 01:14:09
4,215,-0.20965871596683544,-0.20819961648015664,2025-10-10 01:14:09
4,216,-0.21121518536550568,-0.20818336876249488,2025-10-10 01:14:09
4,217,-0.2127762981622853,-0.20816645894304928,2025-10-10 01:14:09
4,218,-0.21434204956959982,-0.2081489114154447,2025-10-10 01:14:09
4,219,-0.21591243421025394,-0.2081307501224611,2025-10-10 01:14:09
4,220,-0.21748744611736723,-0.20811199855195728,2025-10-10 01:14:09
4,221,-0.21906707873459658,-0.2080926797330542,2025-10-10 01:14:09
4,222,-0.22065132491663803,-0.20807281623257368,2025-10-10 01:14:09
4,223,-0.22224017693000156,-0.20805243015172814,2025-10-10 01:14:09
4,224,-0.2238336264540516,-0.20803154312305738,2025-10-10 01:14:09
4,225,-0.22543166458230599,-0.20801017630760785,2025-10-10 01:14:09
4,226,-0.2270342818239864,-0.2079883503923504,2025-10-10 01:14:09
4,227,-0.22864146810581315,-0.20796608558783208,2025-10-10 01:14:09
4,228,-0.2302532127740365,-0.20794340162605754,2025-10-10 01:14:09
4,229,-0.23186950459669772,-0.2079203177585958,2025-10-10 01:14:09
4,230,-0.23349033176611236,-0.20789685275490796,2025-10-10 01:14:09
4,231,-0.23511568190156798,-0.20787302490089163,2025-10-10 01:14:09
4,232,-0.2367455420522293,-0.20784885199763733,2025-10-10 01:14:09
4,233,-0.23837989870024315,-0.20782435136039287,2025-10-10 01:14:09
4,234,-0.24001873776403573,-0.207799539817731,2025-10-10 01:14:09
4,235,-0.2416620446017949,-0.20777443371091617,2025-10-10 01:14:09
4,236,-0.2433098040151298,-0.2077490488934657,2025-10-10 01:14:09
4,237,-0.2449620002529005,-0.20772340073090148,2025-10-10 01:14:09
4,238,-0.24661861701521046,-0.20769750410068713,2025-10-10 01:14:09
4,239,-0.24827963745755421,-0.20767137339234695,2025-10-10 01:14:09
4,240,-0.24994504419511307,-0.20764502250776176,2025-10-10 01:14:09
4,241,-0.2516148193071915,-0.20761846486163776,2025-10-10 01:14:09
4,242,-0.2532889443417872,-0.2075917133821437,2025-10-10 01:14:09
4,243,-0.25496740032028786,-0.2075647805117122,2025-10-10 01:14:09
4,244,-0.2566501677422867,-0.20753767820800137,2025-10-10 01:14:09
4,245,-0.2583372265905112,-0.2075104179450116,2025-10-10 01:14:09
4,246,-0.2600285563358572,-0.20748301071435432,2025-10-10 01:14:09
4,247,-0.26172413594252164,-0.2074554670266678,2025-10-10 01:14:09
4,248,-0.2634239438732282,-0.2074277969131763,2025-10-10 01:14:09
4,249,-0.26512795809453793,-0.2074000099273883,2025-10-10 01:14:09
4,250,-0.2668361560822398,-0.2073721151469297,2025-10-10 01:14:09
4,251,-0.26854851482681397,-0.20734412117550816,2025-10-10 01:14:09
4,252,-0.27026501083896204,-0.20731603614500446,2025-10-10 01:14:09
4,253,-0.27198562015519845,-0.20728786771768698,2025-10-10 01:14:09
4,254,-0.2737103183434967,-0.2072596230885454,2025-10-10 01:14:09
4,255,-0.27543908050898486,-0.2072313089877399,2025-10-10 01:14:09
4,256,-0.27717188129968545,-0.20720293168316195,2025-10-10 01:14:09
4,257,-0.27890869491229314,-0.20717449698310308,2025-10-10 01:14:09
4,258,-0.28064949509798603,-0.20714601023902776,2025-10-10 01:14:09
4,259,-0.28239425516826516,-0.20711747634844702,2025-10-10 01:14:09
4,260,-0.2841429480008172,-0.20708889975788908,2025-10-10 01:14:09
4,261,-0.28589554604539574,-0.20706028446596345,2025-10-10 01:14:09
4,262,-0.2876520213297171,-0.2070316340265153,2025-10-10 01:14:09
4,263,-0.2894123454653653,-0.20700295155186635,2025-10-10 01:14:09
4,264,-0.29117648965370313,-0.2069742397161392,2025-10-10 01:14:09
4,265,-0.29294442469178467,-0.20694550075866186,2025-10-10 01:14:09
4,266,-0.29471612097826605,-0.206916736487449,2025-10-10 01:14:09
4,267,-0.29649154851931014,-0.2068879482827571,2025-10-10 01:14:09
4,268,-0.29827067693448234,-0.20685913710071038,2025-10-10 01:14:09
4,269,-0.3000534754626341,-0.20683030347699397,2025-10-10 01:14:09
4,270,-0.3018399129677714,-0.2068014475306123,2025-10-10 01:14:09
4,271,-0.3036299579449046,-0.20677256896770907,2025-10-10 01:14:09
4,272,-0.3054235785258782,-0.2067436670854462,2025-10-10 01:14:09
4,273,-0.30722074248517706,-0.2067147407759391,2025-10-10 01:14:09
4,274,-0.3090214172457073,-0.20668578853024555,2025-10-10 01:14:09
4,275,-0.31082556988454985,-0.20665680844240553,2025-10-10 01:14:09
4,276,-0.31263316713868455,-0.2066277982135293,2025-10-10 01:14:09
4,277,-0.31444417541068326,-0.20659875515593157,2025-10-10 01:14:09
4,278,-0.3162585607743705,-0.206569676197309,2025-10-10 01:14:09
4,279,-0.3180762889804501,-0.20654055788495904,2025-10-10 01:14:09
4,280,-0.319897325462097,-0.2065113963900373,2025-10-10 01:14:09
4,281,-0.3217216353405128,-0.20648218751185182,2025-10-10 01:14:09
4,282,-0.3235491834304446,-0.2064529266821917,2025-10-10 01:14:09
4,283,-0.32537993424566636,-0.20642360896968803,2025-10-10 01:14:09
4,284,-0.32721385200442216,-0.20639422908420516,2025-10-10 01:14:09
4,285,-0.32905090063483106,-0.20636478138126044,2025-10-10 01:14:09
4,286,-0.3308910437802537,-0.20633525986647033,2025-10-10 01:14:09
4,287,-0.33273424480461977,-0.20630565820002122,2025-10-10 01:14:09
4,288,-0.3345804667977175,-0.20627596970116296,2025-10-10 01:14:09
4,289,-0.3364296725804445,-0.20624618735272365,2025-10-10 01:14:09
4,290,-0.33828182471002044,-0.20621630380564385,2025-10-10 01:14:09
4,291,-0.3401368854851629,-0.20618631138352875,2025-10-10 01:14:09
4,292,-0.3419948169512255,-0.20615620208721652,2025-10-10 01:14:09
4,293,-0.34385558090530033,-0.2061259675993617,2025-10-10 01:14:09
4,294,-0.3457191389012845,-0.20609559928903193,2025-10-10 01:14:09
4,295,-0.34758545225491233,-0.20606508821631683,2025-10-10 01:14:09
4,296,-0.3494544820487543,-0.20603442513694759,2025-10-10 01:14:09
4,297,-0.35132618913718244,-0.206003600506926,2025-10-10 01:14:09
4,298,-0.3532005341513055,-0.20597260448716212,2025-10-10 01:14:09
4,299,-0.35507747750387275,-0.20594142694811854,2025-10-10 01:14:09
4,300,-0.35695697939414983,-0.20591005747446128,2025-10-10 01:14:09
4,301,-0.35883899981276624,-0.20587848536971526,2025-10-10 01:14:09
4,302,-0.36072349854653685,-0.20584669966092398,2025-10-10 01:14:09
4,303,-0.36261043518325836,-0.20581468910331213,2025-10-10 01:14:09
4,304,-0.3644997691164826,-0.2057824421849504,2025-10-10 01:14:09
4,305,-0.3663914595502674,-0.20574994713142145,2025-10-10 01:14:09
4,306,-0.36828546550390745,-0.20571719191048635,2025-10-10 01:14:09
4,307,-0.37018174581664565,-0.20568416423675062,2025-10-10 01:14:09
4,308,-0.37208025915236737,-0.20565085157632926,2025-10-10 01:14:09
4,309,-0.3739809640042784,-0.2056172411515097,2025-10-10 01:14:09
4,310,-0.37588381869956855,-0.20558331994541262,2025-10-10 01:14:09
4,311,-0.3777887814040623,-0.20554907470664932,2025-10-10 01:14:09
4,312,-0.37969581012685744,-0.20551449195397553,2025-10-10 01:14:09
4,313,-0.38160486272495414,-0.2054795579809409,2025-10-10 01:14:09
4,314,-0.3835158969078749,-0.2054442588605335,2025-10-10 01:14:09
4,315,-0.3854288702422773,-0.2054085804498193,2025-10-10 01:14:09
4,316,-0.38734374015656037,-0.20537250839457544,2025-10-10 01:14:09
4,317,-0.38926046394546676,-0.20533602813391755,2025-10-10 01:14:09
4,318,-0.3911789987746809,-0.20529912490492017,2025-10-10 01:14:09
4,319,-0.3930993016854247,-0.2052617837472301,2025-10-10 01:14:09
4,320,-0.3950213295990523,-0.20522398950767232,2025-10-10 01:14:09
4,321,-0.39694503932164427,-0.2051857268448481,2025-10-10 01:14:09
4,322,-0.39887038754860255,-0.20514698023372477,2025-10-10 01:14:09
4,323,-0.4007973308692468,-0.20510773397021717,2025-10-10 01:14:09
4,324,-0.4027258257714134,-0.2050679721757602,2025-10-10 01:14:09
4,325,-0.40465582864605726,-0.20502767880187234,2025-10-10 01:14:09
4,326,-0.4065872957918572,-0.20498683763470973,2025-10-10 01:14:09
4,327,-0.40852018341982593,-0.2049454322996108,2025-10-10 01:14:09
4,328,-0.41045444765792444,-0.20490344626563078,2025-10-10 01:14:09
4,329,-0.41239004455568135,-0.20486086285006647,2025-10-10 01:14:09
4,330,-0.4143269300888176,-0.2048176652229703,2025-10-10 01:14:09
4,331,-0.4162650601638767,-0.20477383641165411,2025-10-10 01:14:09
4,332,-0.41820439062286024,-0.20472935930518218,2025-10-10 01:14:09
4,333,-0.4201448772478688,-0.2046842166588531,2025-10-10 01:14:09
4,334,-0.42208647576574837,-0.20463839109867077,2025-10-10 01:14:09
4,335,-0.42402914185274165,-0.20459186512580374,2025-10-10 01:14:09
4,336,-0.4259728311391439,-0.20454462112103328,2025-10-10 01:14:09
4,337,-0.4279174992139634,-0.20449664134918955,2025-10-10 01:14:09
4,338,-0.4298631016295849,-0.2044479079635759,2025-10-10 01:14:09
4,339,-0.431809593906437,-0.20439840301038098,2025-10-10 01:14:09
4,340,-0.4337569315376607,-0.2043481084330786,2025-10-10 01:14:09
4,341,-0.4357050699937804,-0.20429700607681506,2025-10-10 01:14:09
4,342,-0.43765396472737433,-0.2042450776927837,2025-10-10 01:14:09
4,343,-0.43960357117774523,-0.2041923049425865,2025-10-10 01:14:09
4,344,-0.4415538447755887,-0.20413866940258277,2025-10-10 01:14:09
4,345,-0.4435047409476586,-0.20408415256822413,2025-10-10 01:14:09
4,346,-0.4454562151214287,-0.20402873585837616,2025-10-10 01:14:09
4,347,-0.4474082227297475,-0.20397240061962613,2025-10-10 01:14:09
4,348,-0.4493607192154871,-0.20391512813057663,2025-10-10 01:14:09
4,349,-0.45131366003618223,-0.20385689960612513,2025-10-10 01:14:09
4,350,-0.45326700066865944,-0.20379769620172855,2025-10-10 01:14:09
4,351,-0.45522069661365405,-0.20373749901765337,2025-10-10 01:14:09
4,352,-0.45717470340041283,-0.20367628910321045,2025-10-10 01:14:09
4,353,-0.4591289765912814,-0.2036140474609744,2025-10-10 01:14:09
4,354,-0.46108347178627335,-0.2035507550509873,2025-10-10 01:14:09
4,355,-0.4630381446276204,-0.20348639279494632,2025-10-10 01:14:09
4,356,-0.46499295080430014,-0.20342094158037505,2025-10-10 01:14:09
4,357,-0.4669478460565406,-0.20335438226477798,2025-10-10 01:14:09
4,358,-0.46890278618029874,-0.20328669567977803,2025-10-10 01:14:09
4,359,-0.4708577270317109,-0.20321786263523653,2025-10-10 01:14:09
4,360,-0.4728126245315135,-0.20314786392335546,2025-10-10 01:14:09
4,361,-0.47476743466943083,-0.20307668032276135,2025-10-10 01:14:09
4,362,-0.4767221135085288,-0.20300429260257064,2025-10-10 01:14:09
4,363,-0.47867661718953164,-0.2029306815264358,2025-10-10 01:14:09
4,364,-0.48063090193509994,-0.2028558278565722,2025-10-10 01:14:09
4,365,-0.48258492405406694,-0.2027797123577646,2025-10-10 01:14:09
4,366,-0.4845386399456318,-0.2027023158013536,2025-10-10 01:14:09
4,367,-0.4864920061035068,-0.20262361896920075,2025-10-10 01:14:09
4,368,-0.488444979120017,-0.2025436026576326,2025-10-10 01:14:09
4,369,-0.49039751569014944,-0.20246224768136245,2025-10-10 01:14:09
4,370,-0.4923495726155502,-0.20237953487738972,2025-10-10 01:14:09
4,371,-0.4943011068084668,-0.20229544510887632,2025-10-10 01:14:09
4,372,-0.4962520752956343,-0.20220995926899932,2025-10-10 01:14:09
4,373,-0.49820243522210256,-0.2021230582847795,2025-10-10 01:14:09
4,374,-0.5001521438550026,-0.20203472312088508,2025-10-10 01:14:09
4,375,-0.5021011585872508,-0.20194493478341002,2025-10-10 01:14:09
4,376,-0.5040494369411876,-0.20185367432362647,2025-10-10 01:14:09
4,377,-0.505996936572151,-0.20176092284171046,2025-10-10 01:14:09
4,378,-0.5079436152719798,-0.20166666149044035,2025-10-10 01:14:09
4,379,-0.509889430972449,-0.20157087147886746,2025-10-10 01:14:09
4,380,-0.5118343417486312,-0.20147353407595794,2025-10-10 01:14:09
4,381,-0.5137783058221864,-0.20137463061420563,2025-10-10 01:14:09
4,382,-0.5157212815645759,-0.20127414249321474,2025-10-10 01:14:09
4,383,-0.5176632275001998,-0.20117205118325204,2025-10-10 01:14:09
4,384,-0.5196041023094575,-0.20106833822876777,2025-10-10 01:14:09
4,385,-0.5215438648317283,-0.20096298525188439,2025-10-10 01:14:09
4,386,-0.5234824740682722,-0.2008559739558526,2025-10-10 01:14:09
4,387,-0.5254198891850496,-0.20074728612847406,2025-10-10 01:14:09
4,388,-0.5273560695154581,-0.20063690364548956,2025-10-10 01:14:09
4,389,-0.5292909745629872,-0.20052480847393261,2025-10-10 01:14:09
4,390,-0.5312245640037877,-0.20041098267544719,2025-10-10 01:14:09
4,391,-0.533156797689157,-0.20029540840956908,2025-10-10 01:14:09
4,392,-0.5350876356479398,-0.20017806793697004,2025-10-10 01:14:09
4,393,-0.5370170380888418,-0.20005894362266421,2025-10-10 01:14:09
4,394,-0.5389449654026586,-0.19993801793917565,2025-10-10 01:14:09
4,395,-0.5408713781644168,-0.19981527346966668,2025-10-10 01:14:09
4,396,-0.54279623713543,-0.199690692911026,2025-10-10 01:14:09
4,397,-0.5447195032652674,-0.19956425907691597,2025-10-10 01:14:09
4,398,-0.546641137693636,-0.19943595490077828,2025-10-10 01:14:09
4,399,-0.5485611017521765,-0.19930576343879725,2025-10-10 01:14:09
4,400,-0.5504793569661733,-0.19917366787282012,2025-10-10 01:14:09
4,401,-0.5523958650561789,-0.19903965151323352,2025-10-10 01:14:09
4,402,-0.5543105879395522,-0.19890369780179543,2025-10-10 01:14:09
4,403,-0.5562234877319143,-0.198765790314422,2025-10-10 01:14:09
4,404,-0.5581345267485179,-0.1986259127639284,2025-10-10 01:14:09
4,405,-0.5600436675055358,-0.1984840490027232,2025-10-10 01:14:09
4,406,-0.5619508727212659,-0.19834018302545536,2025-10-10 01:14:09
4,407,-0.5638561053172559,-0.19819429897161345,2025-10-10 01:14:09
4,408,-0.5657593284193478,-0.1980463811280763,2025-10-10 01:14:09
4,409,-0.5676605053586432,-0.19789641393161445,2025-10-10 01:14:09
4,410,-0.5695595996723917,-0.19774438197134184,2025-10-10 01:14:09
4,411,-0.5714565751048031,-0.1975902699911171,2025-10-10 01:14:09
4,412,-0.5733513956077847,-0.19743406289189394,2025-10-10 01:14:09
4,413,-0.5752440253416059,-0.19727574573402012,2025-10-10 01:14:09
4,414,-0.5771344286754908,-0.19711530373948416,2025-10-10 01:14:09
4,415,-0.5790225701881421,-0.19695272229410976,2025-10-10 01:14:09
4,416,-0.5809084146681959,-0.19678798694969704,2025-10-10 01:14:09
4,417,-0.5827919271146115,-0.19662108342611045,2025-10-10 01:14:09
4,418,-0.5846730727369963,-0.19645199761331256,2025-10-10 01:14:09
4,419,-0.5865518169558692,-0.19628071557334364,2025-10-10 01:14:09
4,420,-0.588428125402863,-0.1961072235422466,2025-10-10 01:14:09
4,421,-0.5903019639208698,-0.1959315079319367,2025-10-10 01:14:09
4,422,-0.5921732985641296,-0.1957535553320159,2025-10-10 01:14:09
4,423,-0.594042095598266,-0.1955733525115317,2025-10-10 01:14:09
4,424,-0.5959083215002698,-0.19539088642067978,2025-10-10 01:14:09
4,425,-0.5977719429584334,-0.1952061441924506,2025-10-10 01:14:09
4,426,-0.5996329268722383,-0.19501911314421966,2025-10-10 01:14:09
4,427,-0.6014912403521986,-0.194829780779281,2025-10-10 01:14:09
4,428,-0.6033468507196605,-0.19463813478832434,2025-10-10 01:14:09
4,429,-0.605199725506564,-0.19444416305085516,2025-10-10 01:14:09
4,430,-0.6070498324551646,-0.19424785363655808,2025-10-10 01:14:09
4,431,-0.6088971395177217,-0.19404919480660343,2025-10-10 01:14:09
4,432,-0.6107416148561526,-0.19384817501489676,2025-10-10 01:14:09
4,433,-0.6125832268416564,-0.19364478290927184,2025-10-10 01:14:09
4,434,-0.6144219440543099,-0.19343900733262673,2025-10-10 01:14:09
4,435,-0.6162577352826368,-0.1932308373240033,2025-10-10 01:14:09
4,436,-0.6180905695231536,-0.19302026211961054,2025-10-10 01:14:09
4,437,-0.619920415979894,-0.19280727115379126,2025-10-10 01:14:09
4,438,-0.6217472440639146,-0.19259185405993315,2025-10-10 01:14:09
4,439,-0.6235710233927825,-0.19237400067132404,2025-10-10 01:14:09
4,440,-0.6253917237900491,-0.1921537010219517,2025-10-10 01:14:09
4,441,-0.6272093152847109,-0.19193094534724872,2025-10-10 01:14:09
4,442,-0.6290237681106594,-0.19170572408478273,2025-10-10 01:14:09
4,443,-0.6308350527061231,-0.19147802787489246,2025-10-10 01:14:09
4,444,-0.6326431397131023,-0.19124784756127006,2025-10-10 01:14:09
4,445,-0.6344479999767996,-0.1910151741914902,2025-10-10 01:14:09
4,446,-0.6362496045450476,-0.19077999901748666,2025-10-10 01:14:09
4,447,-0.6380479246677356,-0.19054231349597667,2025-10-10 01:14:09
4,448,-0.6398429317962365,-0.19030210928883406,2025-10-10 01:14:09
4,449,-0.6416345975828374,-0.19005937826341146,2025-10-10 01:14:09
4,450,-0.6434228938801725,-0.18981411249281255,2025-10-10 01:14:09
4,451,-0.6452077927406633,-0.189566304256115,2025-10-10 01:14:09
4,452,-0.6469892664159644,-0.18931594603854487,2025-10-10 01:14:09
4,453,-0.6487672873564181,-0.18906303053160323,2025-10-10 01:14:09
4,454,-0.6505418282105184,-0.18880755063314594,2025-10-10 01:14:09
4,455,-0.6523128618243863,-0.18854949944741745,2025-10-10 01:14:09
4,456,-0.6540803612412563,-0.18828887028503943,2025-10-10 01:14:09
4,457,-0.6558442997009761,-0.18802565666295534,2025-10-10 01:14:09
4,458,-0.6576046506395199,-0.18775985230433168,2025-10-10 01:14:09
4,459,-0.6593613876885167,-0.18749145113841711,2025-10-10 01:14:09
4,460,-0.6611144846747936,-0.18722044730036044,2025-10-10 01:14:09
4,461,-0.6628639156199353,-0.18694683513098842,2025-10-10 01:14:09
4,462,-0.66460965473986,-0.18667060917654454,2025-10-10 01:14:09
4,463,-0.6663516764444128,-0.18639176418838987,2025-10-10 01:14:09
4,464,-0.668089955336976,-0.18611029512266705,2025-10-10 01:14:09
4,465,-0.6698244662140973,-0.18582619713992862,2025-10-10 01:14:09
4,466,-0.6715551840651358,-0.18553946560473086,2025-10-10 01:14:09
4,467,-0.6732820840719265,-0.18525009608519424,2025-10-10 01:14:09
4,468,-0.6750051416084619,-0.18495808435253172,2025-10-10 01:14:09
4,469,-0.6767243322405926,-0.18466342638054614,2025-10-10 01:14:09
4,470,-0.6784396317257443,-0.1843661183450979,2025-10-10 01:14:09
4,471,-0.6801510160126536,-0.18406615662354409,2025-10-10 01:14:09
4,472,-0.6818584612411202,-0.18376353779415047,2025-10-10 01:14:09
4,473,-0.683561943741776,-0.18345825863547735,2025-10-10 01:14:09
4,474,-0.6852614400358706,-0.18315031612574081,2025-10-10 01:14:09
4,475,-0.686956926835072,-0.18283970744215036,2025-10-10 01:14:09
4,476,-0.6886483810412825,-0.18252642996022445,2025-10-10 01:14:09
4,477,-0.6903357797464686,-0.1822104812530849,2025-10-10 01:14:09
4,478,-0.6920191002325052,-0.18189185909073172,2025-10-10 01:14:09
4,479,-0.693698319971031,-0.18157056143929948,2025-10-10 01:14:09
4,480,-0.6953734166233161,-0.18124658646029632,2025-10-10 01:14:09
4,481,-0.6970443680401404,-0.1809199325098271,2025-10-10 01:14:09
4,482,-0.6987111522616808,-0.18059059813780176,2025-10-10 01:14:09
4,483,-0.7003737475174077,-0.18025858208713016,2025-10-10 01:14:09
4,484,-0.7020321322259873,-0.1799238832929046,2025-10-10 01:14:09
4,485,-0.7036862849951911,-0.1795865008815711,2025-10-10 01:14:09
4,486,-0.7053361846218094,-0.17924643417009087,2025-10-10 01:14:09
4,487,-0.7069818100915676,-0.17890368266509277,2025-10-10 01:14:09
4,488,-0.7086231405790455,-0.17855824606201826,2025-10-10 01:14:09
4,489,-0.7102601554475964,-0.17821012424425955,2025-10-10 01:14:09
4,490,-0.7118928342492645,-0.17785931728229248,2025-10-10 01:14:09
4,491,-0.713521156724702,-0.17750582543280471,2025-10-10 01:14:09
4,492,-0.7151451028030793,-0.1771496491378207,2025-10-10 01:14:09
4,493,-0.7167646526019924,-0.176790789023824,2025-10-10 01:14:09
4,494,-0.7183797864273616,-0.17642924590087844,2025-10-10 01:14:09
4,495,-0.719990484773322,-0.17606502076174843,2025-10-10 01:14:09
4,496,-0.721596728322104,-0.17569811478101988,2025-10-10 01:14:09
4,497,-0.7231984979439018,-0.1753285293142222,2025-10-10 01:14:09
4,498,-0.7247957746967285,-0.17495626589695246,2025-10-10 01:14:09
4,499,-0.7263885398262566,-0.17458132624400235,2025-10-10 01:14:09
4,500,-0.7279767747656413,-0.1742037122484888,2025-10-10 01:14:09
4,501,-0.7295604611353258,-0.1738234259809887,2025-10-10 01:14:09
4,502,-0.7311395807428278,-0.17344046968867896,2025-10-10 01:14:09
4,503,-0.7327141155825033,-0.17305484579448174,2025-10-10 01:14:09
4,504,-0.7342840478352884,-0.17266655689621618,2025-10-10 01:14:09
4,505,-0.7358493598684167,-0.1722756057657567,2025-10-10 01:14:09
4,506,-0.7374100342351108,-0.17188199534819848,2025-10-10 01:14:09
4,507,-0.738966053674246,-0.1714857287610306,2025-10-10 01:14:09
4,508,-0.740517401109986,-0.17108680929331727,2025-10-10 01:14:09
4,509,-0.742064059651388,-0.17068524040488736,2025-10-10 01:14:09
4,510,-0.7436060125919761,-0.17028102572553264,2025-10-10 01:14:09
4,511,-0.7451432434092822,-0.16987416905421504,2025-10-10 01:14:09
4,512,-0.7466757357643521,-0.1694646743582829,2025-10-10 01:14:09
4,513,-0.7482034735012169,-0.1690525457726967,2025-10-10 01:14:09
4,514,-0.7497264406463269,-0.1686377875992641,2025-10-10 01:14:09
4,515,-0.7512446214079485,-0.1682204043058844,2025-10-10 01:14:09
4,516,-0.7527580001755214,-0.1678004005258027,2025-10-10 01:14:09
4,517,-0.7542665615189765,-0.16737778105687331,2025-10-10 01:14:09
4,518,-0.7557702901880122,-0.16695255086083263,2025-10-10 01:14:09
4,519,-0.7572691711113289,-0.16652471506258124,2025-10-10 01:14:09
4,520,-0.7587631893958205,-0.16609427894947512,2025-10-10 01:14:09
4,521,-0.7602523303257233,-0.16566124797062573,2025-10-10 01:14:09
4,522,-0.7617365793617183,-0.16522562773620858,2025-10-10 01:14:09
4,523,-0.7632159221399906,-0.16478742401678026,2025-10-10 01:14:09
4,524,-0.7646903444712411,-0.16434664274260322,2025-10-10 01:14:09
4,525,-0.7661598323396529,-0.16390329000297824,2025-10-10 01:14:09
4,526,-0.7676243719018104,-0.16345737204558397,2025-10-10 01:14:09
4,527,-0.769083949485571,-0.16300889527582307,2025-10-10 01:14:09
4,528,-0.7705385515888887,-0.16255786625617452,2025-10-10 01:14:09
4,529,-0.7719881648785901,-0.1621042917055516,2025-10-10 01:14:09
4,530,-0.7734327761891011,-0.16164817849866464,2025-10-10 01:14:09
4,531,-0.7748723725211258,-0.16118953366538846,2025-10-10 01:14:09
4,532,-0.7763069410402766,-0.16072836439013333,2025-10-10 01:14:09
4,533,-0.7777364690756544,-0.16026467801121902,2025-10-10 01:14:09
4,534,-0.7791609441183811,-0.15979848202025135,2025-10-10 01:14:09
4,535,-0.7805803538200827,-0.15932978406150025,2025-10-10 01:14:09
4,536,-0.7819946859913239,-0.15885859193127866,2025-10-10 01:14:09
4,537,-0.7834039285999935,-0.1583849135773216,2025-10-10 01:14:09
4,538,-0.7848080697696425,-0.15790875709816451,2025-10-10 01:14:09
4,539,-0.7862070977777733,-0.15743013074252005,2025-10-10 01:14:09
4,540,-0.7876010010540819,-0.15694904290865247,2025-10-10 01:14:09
4,541,-0.788989768178652,-0.15646550214374888,2025-10-10 01:14:09
4,542,-0.7903733878801029,-0.15597951714328634,2025-10-10 01:14:09
4,543,-0.7917518490336913,-0.15549109675039402,2025-10-10 01:14:09
4,544,-0.7931251406593662,-0.1550002499552095,2025-10-10 01:14:09
4,545,-0.7944932519197803,-0.15450698589422845,2025-10-10 01:14:09
4,546,-0.7958561721182552,-0.15401131384964653,2025-10-10 01:14:09
4,547,-0.7972138906967045,-0.1535132432486929,2025-10-10 01:14:09
4,548,-0.7985663972335125,-0.15301278366295426,2025-10-10 01:14:09
4,549,-0.7999136814413722,-0.15250994480768873,2025-10-10 01:14:09
4,550,-0.8012557331650799,-0.1520047365411284,2025-10-10 01:14:09
4,551,-0.8025925423792915,-0.15149716886376993,2025-10-10 01:14:09
4,552,-0.8039240991862378,-0.15098725191765228,2025-10-10 01:14:09
4,553,-0.8052503938134018,-0.1504749959856206,2025-10-10 01:14:09
4,554,-0.8065714166111584,-0.1499604114905757,2025-10-10 01:14:09
4,555,-0.807887158050377,-0.14944350899470782,2025-10-10 01:14:09
4,556,-0.8091976087199892,-0.1489242991987145,2025-10-10 01:14:09
4,557,-0.8105027593245218,-0.14840279294100137,2025-10-10 01:14:09
4,558,-0.8118026006815958,-0.14787900119686517,2025-10-10 01:14:09
4,559,-0.8130971237193944,-0.1473529350776583,2025-10-10 01:14:09
4,560,-0.8143863194740983,-0.14682460582993423,2025-10-10 01:14:09
4,561,-0.8156701790872929,-0.1462940248345732,2025-10-10 01:14:09
4,562,-0.8169486938033442,-0.14576120360588724,2025-10-10 01:14:09
4,563,-0.8182218549667496,-0.14522615379070417,2025-10-10 01:14:09
4,564,-0.8194896540194605,-0.14468888716743006,2025-10-10 01:14:09
4,565,-0.8207520824981803,-0.1441494156450894,2025-10-10 01:14:09
4,566,-0.8220091320316384,-0.14360775126234254,2025-10-10 01:14:09
4,567,-0.8232607943378408,-0.14306390618648013,2025-10-10 01:14:09
4,568,-0.8245070612212998,-0.14251789271239382,2025-10-10 01:14:09
4,569,-0.8257479245702425,-0.1419697232615231,2025-10-10 01:14:09
4,570,-0.8269833763538006,-0.14141941038077793,2025-10-10 01:14:09
4,571,-0.8282134086191819,-0.14086696674143664,2025-10-10 01:14:09
4,572,-0.8294380134888251,-0.14031240513801918,2025-10-10 01:14:09
4,573,-0.8306571831575384,-0.1397557384871352,2025-10-10 01:14:09
4,574,-0.8318709098896246,-0.13919697982630722,2025-10-10 01:14:09
4,575,-0.8330791860159917,-0.1386361423127682,2025-10-10 01:14:09
4,576,-0.8342820039312522,-0.13807323922223408,2025-10-10 01:14:09
4,577,-0.8354793560908108,-0.1375082839476509,2025-10-10 01:14:09
4,578,-0.8366712350079428,-0.13694128999791658,2025-10-10 01:14:09
4,579,-0.837857633250863,-0.1363722709965776,2025-10-10 01:14:09
4,580,-0.8390385434397872,-0.1358012406805006,2025-10-10 01:14:09
4,581,-0.8402139582439869,-0.13522821289851913,2025-10-10 01:14:09
4,582,-0.8413838703788387,-0.13465320161005592,2025-10-10 01:14:09
4,583,-0.8425482726028686,-0.13407622088372054,2025-10-10 01:14:09
4,584,-0.8437071577147933,-0.1334972848958834,2025-10-10 01:14:09
4,585,-0.8448605185505585,-0.1329164079292259,2025-10-10 01:14:09
4,586,-0.8460083479803756,-0.13233360437126773,2025-10-10 01:14:09
4,587,-0.8471506389057577,-0.13174888871287121,2025-10-10 01:14:09
4,588,-0.8482873842565559,-0.13116227554672366,2025-10-10 01:14:09
4,589,-0.8494185769879969,-0.13057377956579816,2025-10-10 01:14:09
4,590,-0.850544210077722,-0.1299834155617934,2025-10-10 01:14:09
4,591,-0.8516642765228291,-0.12939119842355334,2025-10-10 01:14:09
4,592,-0.8527787693369188,-0.12879714313546706,2025-10-10 01:14:09
4,593,-0.8538876815471442,-0.12820126477585012,2025-10-10 01:14:09
4,594,-0.8549910061912664,-0.12760357851530768,2025-10-10 01:14:09
4,595,-0.8560887363147155,-0.12700409961508055,2025-10-10 01:14:09
4,596,-0.8571808649676581,-0.1264028434253748,2025-10-10 01:14:09
4,597,-0.8582673852020728,-0.12579982538367607,2025-10-10 01:14:09
4,598,-0.8593482900688331,-0.12519506101304925,2025-10-10 01:14:09
4,599,-0.8604235726147985,-0.1245885659204249,2025-10-10 01:14:09
4,600,-0.8614932258799164,-0.12398035579487277,2025-10-10 01:14:09
4,601,-0.8625572428943317,-0.12337044640586411,2025-10-10 01:14:09
4,602,-0.8636156166755083,-0.12275885360152348,2025-10-10 01:14:09
4,603,-0.8646683402253617,-0.12214559330687104,2025-10-10 01:14:09
4,604,-0.8657154065274013,-0.12153068152205672,2025-10-10 01:14:09
4,605,-0.8667568085438871,-0.12091413432058717,2025-10-10 01:14:09
4,606,-0.8677925392129975,-0.12029596784754668,2025-10-10 01:14:09
4,607,-0.8688225914460098,-0.11967619831781316,2025-10-10 01:14:09
4,608,-0.8698469581244959,-0.11905484201427059,2025-10-10 01:14:09
4,609,-0.8708656320975298,-0.11843191528601867,2025-10-10 01:14:09
4,610,-0.8718786061789113,-0.11780743454658127,2025-10-10 01:14:09
4,611,-0.8728858731444035,-0.11718141627211472,2025-10-10 01:14:09
4,612,-0.8738874257289857,-0.11655387699961696,2025-10-10 01:14:09
4,613,-0.8748832566241226,-0.11592483332513906,2025-10-10 01:14:09
4,614,-0.8758733584750487,-0.115294301902,2025-10-10 01:14:09
4,615,-0.8768577238780698,-0.11466229943900616,2025-10-10 01:14:09
4,616,-0.8778363453778814,-0.11402884269867639,2025-10-10 01:14:09
4,617,-0.8788092154649036,-0.11339394849547418,2025-10-10 01:14:09
4,618,-0.8797763265726355,-0.11275763369404786,2025-10-10 01:14:09
4,619,-0.8807376710750252,-0.11211991520747995,2025-10-10 01:14:09
4,620,-0.8816932412838606,-0.11148080999554702,2025-10-10 01:14:09
4,621,-0.8826430294461777,-0.11084033506299094,2025-10-10 01:14:09
4,622,-0.8835870277416883,-0.11019850745780271,2025-10-10 01:14:09
4,623,-0.8845252282802285,-0.10955534426951996,2025-10-10 01:14:09
4,624,-0.8854576230992258,-0.10891086262753914,2025-10-10 01:14:09
4,625,-0.8863842041611881,-0.10826507969944339,2025-10-10 01:14:09
4,626,-0.8873049633512126,-0.10761801268934716,2025-10-10 01:14:09
4,627,-0.8882198924745166,-0.10696967883625848,2025-10-10 01:14:09
4,628,-0.889128983253991,-0.10632009541245976,2025-10-10 01:14:09
4,629,-0.8900322273277746,-0.1056692797219082,2025-10-10 01:14:09
4,630,-0.8909296162468524,-0.10501724909865645,2025-10-10 01:14:09
4,631,-0.891821141472677,-0.10436402090529447,2025-10-10 01:14:09
4,632,-0.8927067943748136,-0.10370961253141331,2025-10-10 01:14:09
4,633,-0.8935865662286101,-0.10305404139209168,2025-10-10 01:14:09
4,634,-0.8944604482128914,-0.10239732492640576,2025-10-10 01:14:09
4,635,-0.8953284314076798,-0.10173948059596316,2025-10-10 01:14:09
4,636,-0.8961905067919416,-0.10108052588346153,2025-10-10 01:14:09
4,637,-0.8970466652413599,-0.10042047829127232,2025-10-10 01:14:09
4,638,-0.8978968975261358,-0.09975935534005036,2025-10-10 01:14:09
4,639,-0.8987411943088167,-0.09909717456736958,2025-10-10 01:14:09
4,640,-0.8995795461421545,-0.09843395352638543,2025-10-10 01:14:09
4,641,-0.9004119434669922,-0.09776970978452423,2025-10-10 01:14:09
4,642,-0.9012383766101816,-0.09710446092219993,2025-10-10 01:14:09
4,643,-0.9020588357825318,-0.09643822453155834,2025-10-10 01:14:09
4,644,-0.9028733110767895,-0.09577101821524935,2025-10-10 01:14:09
4,645,-0.9036817924656517,-0.09510285958522698,2025-10-10 01:14:09
4,646,-0.9044842697998129,-0.09443376626157768,2025-10-10 01:14:09
4,647,-0.9052807328060452,-0.09376375587137672,2025-10-10 01:14:09
4,648,-0.9060711710853149,-0.09309284604757283,2025-10-10 01:14:09
4,649,-0.906855574110935,-0.09242105442790094,2025-10-10 01:14:09
4,650,-0.9076339312267546,-0.09174839865382314,2025-10-10 01:14:09
4,651,-0.9084062316453868,-0.09107489636949745,2025-10-10 01:14:09
4,652,-0.9091724644464755,-0.09040056522077446,2025-10-10 01:14:09
4,653,-0.9099326185750027,-0.08972542285422144,2025-10-10 01:14:09
4,654,-0.9106866828396369,-0.08904948691617383,2025-10-10 01:14:09
4,655,-0.9114346459111238,-0.0883727750518135,2025-10-10 01:14:09
4,656,-0.9121764963207203,-0.08769530490427374,2025-10-10 01:14:09
4,657,-0.9129122224586737,-0.0870170941137703,2025-10-10 01:14:09
4,658,-0.913641812572746,-0.08633816031675817,2025-10-10 01:14:09
4,659,-0.9143652547667858,-0.08565852114511349,2025-10-10 01:14:09
4,660,-0.9150825369993469,-0.0849781942253402,2025-10-10 01:14:09
4,661,-0.9157936470823586,-0.08429719717780063,2025-10-10 01:14:09
4,662,-0.9164985726798439,-0.08361554761596962,2025-10-10 01:14:09
4,663,-0.917197301306692,-0.08293326314571138,2025-10-10 01:14:09
4,664,-0.9178898203274817,-0.08225036136457842,2025-10-10 01:14:09
4,665,-0.918576116955361,-0.0815668598611318,2025-10-10 01:14:09
4,666,-0.9192561782509812,-0.0808827762142821,2025-10-10 01:14:09
4,667,-0.9199299911214884,-0.08019812799265004,2025-10-10 01:14:09
4,668,-0.9205975423195739,-0.07951293275394619,2025-10-10 01:14:09
4,669,-0.9212588184425828,-0.07882720804436877,2025-10-10 01:14:09
4,670,-0.9219138059316854,-0.07814097139801876,2025-10-10 01:14:09
4,671,-0.9225624910711092,-0.07745424033633139,2025-10-10 01:14:09
4,672,-0.9232048599874363,-0.07676703236752308,2025-10-10 01:14:09
4,673,-0.9238408986489643,-0.07607936498605301,2025-10-10 01:14:09
4,674,-0.9244705928651352,-0.07539125567209823,2025-10-10 01:14:09
4,675,-0.9250939282860303,-0.07470272189104146,2025-10-10 01:14:09
4,676,-0.9257108904019359,-0.07401378109297067,2025-10-10 01:14:09
4,677,-0.9263214645429785,-0.07332445071218924,2025-10-10 01:14:09
4,678,-0.9269256358788321,-0.072634748166736,2025-10-10 01:14:09
4,679,-0.927523389418499,-0.07194469085791398,2025-10-10 01:14:09
4,680,-0.9281147100101642,-0.07125429616982698,2025-10-10 01:14:09
4,681,-0.9286995823411272,-0.0705635814689229,2025-10-10 01:14:09
4,682,-0.929277990937809,-0.06987256410354299,2025-10-10 01:14:09
4,683,-0.9298499201658396,-0.06918126140347582,2025-10-10 01:14:09
4,684,-0.9304153542302229,-0.06848969067951523,2025-10-10 01:14:09
4,685,-0.930974277175585,-0.06779786922302122,2025-10-10 01:14:09
4,686,-0.9315266728865025,-0.06710581430548275,2025-10-10 01:14:09
4,687,-0.9320725250879156,-0.06641354317808164,2025-10-10 01:14:09
4,688,-0.9326118173456255,-0.06572107307125662,2025-10-10 01:14:09
4,689,-0.933144533066877,-0.06502842119426655,2025-10-10 01:14:09
4,690,-0.9336706555010283,-0.06433560473475212,2025-10-10 01:14:09
4,691,-0.9341901677403093,-0.06364264085829496,2025-10-10 01:14:09
4,692,-0.9347030527206674,-0.0629495467079734,2025-10-10 01:14:09
4,693,-0.9352092932227053,-0.06225633940391422,2025-10-10 01:14:09
4,694,-0.9357088718727079,-0.061563036042839414,2025-10-10 01:14:09
4,695,-0.9362017711437626,-0.06086965369760725,2025-10-10 01:14:09
4,696,-0.9366879733569716,-0.06017620941674706,2025-10-10 01:14:09
4,697,-0.9371674606827585,-0.059482720223986874,2025-10-10 01:14:09
4,698,-0.9376402151422686,-0.058789203117773366,2025-10-10 01:14:09
4,699,-0.9381062186088658,-0.05809567507078346,2025-10-10 01:14:09
4,700,-0.938565452809724,-0.057402153029427014,2025-10-10 01:14:09
4,701,-0.9390178993275166,-0.056708653913340026,2025-10-10 01:14:09
4,702,-0.9394635396022021,-0.056015194614867876,2025-10-10 01:14:09
4,703,-0.9399023549329084,-0.055321791998538115,2025-10-10 01:14:09
4,704,-0.9403343264799153,-0.05462846290052239,2025-10-10 01:14:09
4,705,-0.9407594352667353,-0.0539352241280871,2025-10-10 01:14:09
4,706,-0.9411776621822945,-0.05324209245903245,2025-10-10 01:14:09
4,707,-0.941588987983212,-0.052549084641119605,2025-10-10 01:14:09
4,708,-0.9419933932961803,-0.05185621739148568,2025-10-10 01:14:09
4,709,-0.9423908586204442,-0.05116350739604633,2025-10-10 01:14:09
4,710,-0.9427813643303817,-0.05047097130888579,2025-10-10 01:14:09
4,711,-0.9431648906781833,-0.049778625751634206,2025-10-10 01:14:09
4,712,-0.9435414177966327,-0.04908648731283225,2025-10-10 01:14:09
4,713,-0.9439109257019871,-0.048394572547282855,2025-10-10 01:14:09
4,714,-0.944273394296958,-0.047702897975390145,2025-10-10 01:14:09
4,715,-0.9446288033737913,-0.0470114800824856,2025-10-10 01:14:09
4,716,-0.9449771326174473,-0.046320335318141566,2025-10-10 01:14:09
4,717,-0.9453183616088799,-0.04562948009547213,2025-10-10 01:14:09
4,718,-0.9456524698284143,-0.04493893079042167,2025-10-10 01:14:09
4,719,-0.9459794366592235,-0.04424870374104122,2025-10-10 01:14:09
4,720,-0.9462992413909016,-0.04355881524675291,2025-10-10 01:14:09
4,721,-0.9466118632231356,-0.04286928156760275,2025-10-10 01:14:09
4,722,-0.9469172812694723,-0.04218011892350218,2025-10-10 01:14:09
4,723,-0.9472154745611812,-0.04149134349345862,2025-10-10 01:14:09
4,724,-0.9475064220512124,-0.04080297141479558,2025-10-10 01:14:09
4,725,-0.947790102618248,-0.04011501878236263,2025-10-10 01:14:09
4,726,-0.948066495070846,-0.0394275016477358,2025-10-10 01:14:09
4,727,-0.948335578151676,-0.0387404360184089,2025-10-10 01:14:09
4,728,-0.948597330541846,-0.0380538378569763,2025-10-10 01:14:09
4,729,-0.9488517308653172,-0.03736772308030769,2025-10-10 01:14:09
4,730,-0.9490987576934072,-0.036682107558715545,2025-10-10 01:14:09
4,731,-0.9493383895493805,-0.03599700711511581,2025-10-10 01:14:09
4,732,-0.9495706049131224,-0.03531243752418251,2025-10-10 01:14:09
4,733,-0.9497953822258972,-0.03462841451149695,2025-10-10 01:14:09
4,734,-0.9500126998951886,-0.03394495375269225,2025-10-10 01:14:09
4,735,-0.9502225362996186,-0.03326207087259384,2025-10-10 01:14:09
4,736,-0.9504248697939467,-0.03257978144435682,2025-10-10 01:14:09
4,737,-0.9506196787141438,-0.031898100988600735,2025-10-10 01:14:09
4,738,-0.9508069413825411,-0.031217044972542757,2025-10-10 01:14:09
4,739,-0.950986636113052,-0.030536628809129884,2025-10-10 01:14:09
4,740,-0.9511587412164635,-0.02985686785617106,2025-10-10 01:14:09
4,741,-0.9513232350057964,-0.029177777415470004,2025-10-10 01:14:09
4,742,-0.9514800958017312,-0.02849937273195955,2025-10-10 01:14:09
4,743,-0.9516293019380978,-0.027821668992838326,2025-10-10 01:14:09
4,744,-0.9517708317674264,-0.027144681326710617,2025-10-10 01:14:09
4,745,-0.9519046636665577,-0.026468424802730223,2025-10-10 01:14:09
4,746,-0.9520307760423089,-0.025792914429749157,2025-10-10 01:14:09
4,747,-0.9521491473371944,-0.025118165155471984,2025-10-10 01:14:09
4,748,-0.9522597560351967,-0.024444191865616676,2025-10-10 01:14:09
4,749,-0.9523625806675872,-0.023771009383082745,2025-10-10 01:14:09
4,750,-0.9524575998187913,-0.023098632467127508,2025-10-10 01:14:09
4,751,-0.9525447921322983,-0.02242707581255126,2025-10-10 01:14:09
4,752,-0.9526241363166099,-0.021756354048892174,2025-10-10 01:14:09
4,753,-0.9526956111512273,-0.021086481739631676,2025-10-10 01:14:09
4,754,-0.9527591954926719,-0.020417473381411082,2025-10-10 01:14:09
4,755,-0.9528148682805379,-0.019749343403260233,2025-10-10 01:14:09
4,756,-0.952862608543573,-0.019082106165838886,2025-10-10 01:14:09
4,757,-0.9529023954057844,-0.01841577596069151,2025-10-10 01:14:09
4,758,-0.9529342080925672,-0.01775036700951627,2025-10-10 01:14:09
4,759,-0.9529580259368517,-0.017085893463448767,2025-10-10 01:14:09
4,760,-0.9529738283852663,-0.016422369402361272,2025-10-10 01:14:09
4,761,-0.9529815950043135,-0.01575980883417801,2025-10-10 01:14:09
4,762,-0.9529813054865542,-0.015098225694207115,2025-10-10 01:14:09
4,763,-0.9529729396568002,-0.014437633844489808,2025-10-10 01:14:09
4,764,-0.9529564774783066,-0.013778047073167366,2025-10-10 01:14:09
4,765,-0.9529318990589659,-0.013119479093866354,2025-10-10 01:14:09
4,766,-0.9528991846574972,-0.012461943545102622,2025-10-10 01:14:09
4,767,-0.952858314689628,-0.011805453989704512,2025-10-10 01:14:09
4,768,-0.9528092697342656,-0.011150023914255664,2025-10-10 01:14:09
4,769,-0.9527520305396547,-0.010495666728557852,2025-10-10 01:14:09
4,770,-0.9526865780295171,-0.009842395765114142,2025-10-10 01:14:09
4,771,-0.9526128933091701,-0.009190224278632734,2025-10-10 01:14:09
4,772,-0.952530957671622,-0.008539165445551722,2025-10-10 01:14:09
4,773,-0.9524407526036387,-0.007889232363585063,2025-10-10 01:14:09
4,774,-0.9523422597917799,-0.0072404380512899194,2025-10-10 01:14:09
4,775,-0.9522354611284003,-0.006592795447655579,2025-10-10 01:14:09
4,776,-0.9521203387176138,-0.005946317411714064,2025-10-10 01:14:09
4,777,-0.951996874881216,-0.005301016722172559,2025-10-10 01:14:09
4,778,-0.9518650521645621,-0.004656906077067686,2025-10-10 01:14:09
4,779,-0.9517248533423978,-0.004013998093441688,2025-10-10 01:14:09
4,780,-0.9515762614246382,-0.0033723053070404915,2025-10-10 01:14:09
4,781,-0.9514192596620934,-0.0027318401720336184,2025-10-10 01:14:09
4,782,-0.9512538315521353,-0.002092615060755858,2025-10-10 01:14:09
4,783,-0.9510799608443052,-0.0014546422634705938,2025-10-10 01:14:09
4,784,-0.9508976315458569,-0.0008179339881546339,2025-10-10 01:14:09
4,785,-0.9507068279272324,-0.0001825023603043651,2025-10-10 01:14:09
4,786,-0.9505075345274686,0.00045164057723698673,2025-10-10 01:14:09
4,787,-0.9502997361595307,0.001084482864431234,2025-10-10 01:14:09
4,788,-0.9500834179155695,0.0017160126241765254,2025-10-10 01:14:09
4,789,-0.9498585651721009,0.0023462180624183723,2025-10-10 01:14:09
4,790,-0.9496251635951026,0.002975087468240745,2025-10-10 01:14:09
4,791,-0.9493831991450278,0.0036026092139376095,2025-10-10 01:14:09
4,792,-0.9491326580817311,0.0042287717550652994,2025-10-10 01:14:09
4,793,-0.9488735269693055,0.004853563630476156,2025-10-10 01:14:09
4,794,-0.9486057926808271,0.005476973462333872,2025-10-10 01:14:09
4,795,-0.9483294424030054,0.006098989956111042,2025-10-10 01:14:09
4,796,-0.948044463640737,0.006719601900569383,2025-10-10 01:14:09
4,797,-0.9477508442215596,0.007338798167723186,2025-10-10 01:14:09
4,798,-0.9474485723000056,0.007956567712786508,2025-10-10 01:14:09
4,799,-0.9471376363618517,0.008572899574104698,2025-10-10 01:14:09
4,800,-0.9468180252282635,0.009187782873070812,2025-10-10 01:14:09
4,801,-0.946489728059833,0.00980120681402754,2025-10-10 01:14:09
4,802,-0.9461527343605063,0.010413160684155237,2025-10-10 01:14:09
4,803,-0.9458070339814013,0.01102363385334671,2025-10-10 01:14:09
4,804,-0.9454526171245132,0.011632615774069387,2025-10-10 01:14:09
4,805,-0.9450894743463056,0.012240095981215523,2025-10-10 01:14:09
4,806,-0.9447175965611867,0.01284606409194112,2025-10-10 01:14:09
4,807,-0.944336975044869,0.013450509805494214,2025-10-10 01:14:09
4,808,-0.9439476014376119,0.014053422903033222,2025-10-10 01:14:09
4,809,-0.9435494677473446,0.01465479324743603,2025-10-10 01:14:09
4,810,-0.9431425663526706,0.015254610783100496,2025-10-10 01:14:09
4,811,-0.9427268900057512,0.015852865535737094,2025-10-10 01:14:09
4,812,-0.942302431835068,0.016449547612154346,2025-10-10 01:14:09
4,813,-0.9418691853480643,0.017044647200037767,2025-10-10 01:14:09
4,814,-0.9414271444336637,0.017638154567723004,2025-10-10 01:14:09
4,815,-0.9409763033646669,0.018230060063963844,2025-10-10 01:14:09
4,816,-0.9405166568000257,0.01882035411769578,2025-10-10 01:14:09
4,817,-0.9400481997869948,0.01940902723779582,2025-10-10 01:14:09
4,818,-0.9395709277631604,0.019996070012839193,2025-10-10 01:14:09
4,819,-0.9390848365583465,0.020581473110853607,2025-10-10 01:14:09
4,820,-0.9385899223963997,0.021165227279071733,2025-10-10 01:14:09
4,821,-0.9380861818968516,0.021747323343682515,2025-10-10 01:14:09
4,822,-0.9375736120764602,0.02232775220958197,2025-10-10 01:14:09
4,823,-0.9370522103506311,0.022906504860124053,2025-10-10 01:14:09
4,824,-0.9365219745347189,0.02348357235687222,2025-10-10 01:14:09
4,825,-0.9359829028452089,0.02405894583935223,2025-10-10 01:14:09
4,826,-0.9354349939007829,0.02463261652480676,2025-10-10 01:14:09
4,827,-0.9348782467232659,0.025204575707952436,2025-10-10 01:14:09
4,828,-0.9343126607384596,0.02577481476073968,2025-10-10 01:14:09
4,829,-0.9337382357768603,0.026343325132116017,2025-10-10 01:14:09
4,830,-0.9331549720742648,0.026910098347793236,2025-10-10 01:14:09
4,831,-0.9325628702722653,0.027475126010018888,2025-10-10 01:14:09
4,832,-0.9319619314186348,0.0280383997973526,2025-10-10 01:14:09
4,833,-0.9313521569676052,0.028599911464447562,2025-10-10 01:14:09
4,834,-0.9307335487800392,0.02915965284183764,2025-10-10 01:14:09
4,835,-0.9301061091234992,0.029717615835730436,2025-10-10 01:14:09
4,836,-0.9294698406722138,0.03027379242780668,2025-10-10 01:14:09
4,837,-0.9288247465069459,0.030828174675026253,2025-10-10 01:14:09
4,838,-0.9281708301147624,0.03138075470944114,2025-10-10 01:14:09
4,839,-0.9275080953887102,0.03193152473801559,2025-10-10 01:14:09
4,840,-0.9268365466273986,0.0324804770424537,2025-10-10 01:14:09
4,841,-0.9261561885344932,0.03302760397903471,2025-10-10 01:14:09
4,842,-0.9254670262181213,0.03357289797845609,2025-10-10 01:14:09
4,843,-0.9247690651901923,0.034116351545684695,2025-10-10 01:14:09
4,844,-0.9240623113656378,0.03465795725981605,2025-10-10 01:14:09
4,845,-0.92334677106157,0.03519770777394189,2025-10-10 01:14:09
4,846,-0.922622450996366,0.03573559581502611,2025-10-10 01:14:09
4,847,-0.9218893582886762,0.03627161418378907,2025-10-10 01:14:09
4,848,-0.9211475004563641,0.03680575575460036,2025-10-10 01:14:09
4,849,-0.9203968854153761,0.03733801347538003,2025-10-10 01:14:09
4,850,-0.9196375214785486,0.03786838036750829,2025-10-10 01:14:09
4,851,-0.9188694173543513,0.03839684952574351,2025-10-10 01:14:09
4,852,-0.9180925821455733,0.038923414118148654,2025-10-10 01:14:09
4,853,-0.9173070253479518,0.03944806738602589,2025-10-10 01:14:09
4,854,-0.9165127568487493,0.03997080264385932,2025-10-10 01:14:09
4,855,-0.9157097869252805,0.040491613279265745,2025-10-10 01:14:09
4,856,-0.9148981262433923,0.04101049275295321,2025-10-10 01:14:09
4,857,-0.9140777858559005,0.041527434598687206,2025-10-10 01:14:09
4,858,-0.9132487772009861,0.042042432423264324,2025-10-10 01:14:09
4,859,-0.9124111121005529,0.04255547990649313,2025-10-10 01:14:09
4,860,-0.9115648027585521,0.043066570801182,2025-10-10 01:14:09
4,861,-0.9107098617592737,0.0435756989331337,2025-10-10 01:14:09
4,862,-0.9098463020656101,0.044082858201146394,2025-10-10 01:14:09
4,863,-0.9089741370172937,0.044588042577020794,2025-10-10 01:14:09
4,864,-0.9080933803291112,0.045091246105573156,2025-10-10 01:14:09
4,865,-0.9072040460890982,0.045592462904653776,2025-10-10 01:14:09
4,866,-0.906306148756716,0.046091687165170654,2025-10-10 01:14:09
4,867,-0.9053997031610137,0.04658891315111797,2025-10-10 01:14:09
4,868,-0.9044847244987785,0.04708413519960902,2025-10-10 01:14:09
4,869,-0.9035612283326759,0.047577347720913224,2025-10-10 01:14:09
4,870,-0.9026292305893836,0.04806854519849679,2025-10-10 01:14:09
4,871,-0.9016887475577198,0.048557722189066704,2025-10-10 01:14:09
4,872,-0.9007397958867696,0.049044873322617574,2025-10-10 01:14:09
4,873,-0.8997823925840116,0.04952999330248096,2025-10-10 01:14:09
4,874,-0.898816555013446,0.050013076905376735,2025-10-10 01:14:09
4,875,-0.8978423008937271,0.050494118981466114,2025-10-10 01:14:09
4,876,-0.8968596482963013,0.05097311445440584,2025-10-10 01:14:09
4,877,-0.8958686156435539,0.05145005832140317,2025-10-10 01:14:09
4,878,-0.8948692217069647,0.05192494565327117,2025-10-10 01:14:09
4,879,-0.8938614856052748,0.052397771594483965,2025-10-10 01:14:09
4,880,-0.892845426802667,0.052868531363231386,2025-10-10 01:14:09
4,881,-0.8918210651069591,0.05333722025147271,2025-10-10 01:14:09
4,882,-0.8907884206678142,0.053803833624988986,2025-10-10 01:14:09
4,883,-0.8897475139749657,0.05426836692343354,2025-10-10 01:14:09
4,884,-0.8886983658564616,0.05473081566038024,2025-10-10 01:14:09
4,885,-0.8876409974769267,0.05519117542336904,2025-10-10 01:14:09
4,886,-0.8865754303358441,0.05564944187394856,2025-10-10 01:14:09
4,887,-0.8855016862658565,0.05610561074771502,2025-10-10 01:14:09
4,888,-0.8844197874310887,0.05655967785434742,2025-10-10 01:14:09
4,889,-0.8833297563254909,0.057011639077638364,2025-10-10 01:14:09
4,890,-0.8822316157712027,0.05746149037552022,2025-10-10 01:14:09
4,891,-0.8811253889169389,0.05790922778008628,2025-10-10 01:14:09
4,892,-0.8800110992363971,0.05835484739760644,2025-10-10 01:14:09
4,893,-0.878888770526686,0.05879834540853721,2025-10-10 01:14:09
4,894,-0.8777584269067751,0.05923971806752557,2025-10-10 01:14:09
4,895,-0.8766200928159651,0.05967896170340639,2025-10-10 01:14:09
4,896,-0.8754737930123786,0.06011607271919315,2025-10-10 01:14:09
4,897,-0.8743195525714705,0.06055104759206158,2025-10-10 01:14:09
4,898,-0.8731573968845571,0.06098388287332597,2025-10-10 01:14:09
4,899,-0.8719873516573631,0.061414575188407906,2025-10-10 01:14:09
4,900,-0.8708094429085864,0.06184312123679707,2025-10-10 01:14:09
4,901,-0.8696236969684785,0.062269517792003994,2025-10-10 01:14:09
4,902,-0.868430140477439,0.06269376170150447,2025-10-10 01:14:09
4,903,-0.8672288003846251,0.06311584988667536,2025-10-10 01:14:09
4,904,-0.8660197039465717,0.06353577934272175,2025-10-10 01:14:09
4,905,-0.8648028787258226,0.06395354713859508,2025-10-10 01:14:09
4,906,-0.8635783525895715,0.06436915041690225,2025-10-10 01:14:09
4,907,-0.8623461537083085,0.06478258639380552,2025-10-10 01:14:09
4,908,-0.8611063105544732,0.065193852358913,2025-10-10 01:14:09
4,909,-0.8598588519011113,0.06560294567515967,2025-10-10 01:14:09
4,910,-0.8586038068205324,0.06600986377867896,2025-10-10 01:14:09
4,911,-0.8573412046829669,0.06641460417866446,2025-10-10 01:14:09
4,912,-0.8560710751552214,0.06681716445722224,2025-10-10 01:14:09
4,913,-0.8547934481993279,0.06721754226921318,2025-10-10 01:14:09
4,914,-0.8535083540711872,0.06761573534208569,2025-10-10 01:14:09
4,915,-0.852215823319202,0.06801174147569862,2025-10-10 01:14:09
4,916,-0.8509158867828986,0.06840555854213443,2025-10-10 01:14:09
4,917,-0.8496085755915346,0.06879718448550262,2025-10-10 01:14:09
4,918,-0.8482939211626892,0.06918661732173355,2025-10-10 01:14:09
4,919,-0.8469719552008359,0.06957385513836253,2025-10-10 01:14:09
4,920,-0.845642709695892,0.0699588960943045,2025-10-10 01:14:09
4,921,-0.8443062169217449,0.07034173841961913,2025-10-10 01:14:09
4,922,-0.8429625094347521,0.07072238041526671,2025-10-10 01:14:09
4,923,-0.841611620072211,0.07110082045285476,2025-10-10 01:14:09
4,924,-0.8402535819507975,0.07147705697437556,2025-10-10 01:14:09
4,925,-0.8388884284649702,0.07185108849193476,2025-10-10 01:14:09
4,926,-0.8375161932853386,0.0722229135874713,2025-10-10 01:14:09
4,927,-0.8361369103569902,0.07259253091246859,2025-10-10 01:14:09
4,928,-0.834750613897778,0.07295993918765759,2025-10-10 01:14:09
4,929,-0.8333573383965619,0.07332513720271136,2025-10-10 01:14:09
4,930,-0.8319571186114042,0.07368812381593196,2025-10-10 01:14:09
4,931,-0.8305499895677162,0.07404889795392942,2025-10-10 01:14:09
4,932,-0.829135986556353,0.07440745861129337,2025-10-10 01:14:09
4,933,-0.827715145131655,0.07476380485025724,2025-10-10 01:14:09
4,934,-0.826287501109433,0.07511793580035572,2025-10-10 01:14:09
4,935,-0.8248530905648962,0.07546985065807528,2025-10-10 01:14:09
4,936,-0.8234119498305186,0.07581954868649844,2025-10-10 01:14:09
4,937,-0.8219641154938448,0.07616702921494177,2025-10-10 01:14:09
4,938,-0.8205096243952316,0.07651229163858812,2025-10-10 01:14:09
4,939,-0.8190485136255222,0.07685533541811325,2025-10-10 01:14:09
4,940,-0.8175808205236551,0.0771961600793072,2025-10-10 01:14:09
4,941,-0.816106582674202,0.07753476521269081,2025-10-10 01:14:09
4,942,-0.814625837904836,0.07787115047312756,2025-10-10 01:14:09
4,943,-0.8131386242837272,0.07820531557943107,2025-10-10 01:14:09
4,944,-0.8116449801168649,0.07853726031396872,2025-10-10 01:14:09
4,945,-0.8101449439453056,0.07886698452226161,2025-10-10 01:14:09
4,946,-0.8086385545423441,0.07919448811258113,2025-10-10 01:14:09
4,947,-0.8071258509106097,0.07951977105554264,2025-10-10 01:14:09
4,948,-0.8056068722790831,0.07984283338369645,2025-10-10 01:14:09
4,949,-0.8040816581000364,0.08016367519111647,2025-10-10 01:14:09
4,950,-0.8025502480458936,0.08048229663298695,2025-10-10 01:14:09
4,951,-0.8010126820060123,0.08079869792518747,2025-10-10 01:14:09
4,952,-0.7994690000833858,0.08111287934387668,2025-10-10 01:14:09
4,953,-0.7979192425912656,0.08142484122507501,2025-10-10 01:14:09
4,954,-0.796363450049704,0.08173458396424678,2025-10-10 01:14:09
4,955,-0.7948016631820176,0.08204210801588184,2025-10-10 01:14:09
4,956,-0.7932339229111712,0.08234741389307731,2025-10-10 01:14:09
4,957,-0.791660270356083,0.08265050216711958,2025-10-10 01:14:09
4,958,-0.7900807468278513,0.08295137346706687,2025-10-10 01:14:09
4,959,-0.7884953938259041,0.08325002847933272,2025-10-10 01:14:09
4,960,-0.7869042530340709,0.08354646794727073,2025-10-10 01:14:09
4,961,-0.78530736631658,0.08384069267076077,2025-10-10 01:14:09
4,962,-0.7837047757139805,0.08413270350579695,2025-10-10 01:14:09
4,963,-0.7820965234389899,0.0844225013640777,2025-10-10 01:14:09
4,964,-0.7804826518722721,0.08471008721259815,2025-10-10 01:14:09
4,965,-0.7788632035581416,0.08499546207324521,2025-10-10 01:14:09
4,966,-0.7772382212002024,0.08527862702239536,2025-10-10 01:14:09
4,967,-0.7756077476569164,0.08555958319051567,2025-10-10 01:14:09
4,968,-0.7739718259371097,0.0858383317617681,2025-10-10 01:14:09
4,969,-0.7723304991954133,0.0861148739736174,2025-10-10 01:14:09
4,970,-0.7706838107276447,0.08638921111644281,2025-10-10 01:14:09
4,971,-0.7690318039661297,0.08666134453315368,2025-10-10 01:14:09
4,972,-0.7673745224749684,0.08693127561880941,2025-10-10 01:14:09
4,973,-0.7657120099452475,0.08719900582024367,2025-10-10 01:14:09
4,974,-0.7640443101902008,0.08746453663569327,2025-10-10 01:14:09
4,975,-0.7623714671403223,0.08772786961443162,2025-10-10 01:14:09
4,976,-0.7606935248384331,0.0879890063564072,2025-10-10 01:14:09
4,977,-0.759010527434705,0.08824794851188701,2025-10-10 01:14:09
4,978,-0.7573225191816454,0.0885046977811051,2025-10-10 01:14:09
4,979,-0.755629544429045,0.0887592559139165,2025-10-10 01:14:09
4,980,-0.7539316476188915,0.08901162470945634,2025-10-10 01:14:09
4,981,-0.752228873280254,0.08926180601580466,2025-10-10 01:14:09
4,982,-0.750521266024139,0.0895098017296566,2025-10-10 01:14:09
4,983,-0.7488088705383239,0.08975561379599822,2025-10-10 01:14:09
4,984,-0.747091731582169,0.08999924420778813,2025-10-10 01:14:09
4,985,-0.7453698939814134,0.09024069500564463,2025-10-10 01:14:09
4,986,-0.7436434026229568,0.09047996827753886,2025-10-10 01:14:09
4,987,-0.7419123024496315,0.09071706615849345,2025-10-10 01:14:09
4,988,-0.7401766384549678,0.0909519908302872,2025-10-10 01:14:09
4,989,-0.7384364556779566,0.09118474452116529,2025-10-10 01:14:09
4,990,-0.736691799197812,0.0914153295055555,2025-10-10 01:14:09
4,991,-0.7349427141287389,0.09164374810378999,2025-10-10 01:14:09
4,992,-0.7331892456147072,0.09187000268183276,2025-10-10 01:14:09
4,993,-0.7314314388242379,0.0920940956510129,2025-10-10 01:14:09
4,994,-0.7296693389452037,0.09231602946776322,2025-10-10 01:14:09
4,995,-0.7279029911796479,0.09253580663336454,2025-10-10 01:14:09
4,996,-0.7261324407386242,0.09275342969369522,2025-10-10 01:14:09
4,997,-0.724357732837063,0.09296890123898617,2025-10-10 01:14:09
4,998,-0.7225789126886649,0.09318222390358089,2025-10-10 01:14:09
4,999,-0.7207960255008271,0.09339340036570068,2025-10-10 01:14:09
4,1000,-0.7190091164696036,0.0936024333472148,2025-10-10 01:14:09
4,1001,-0.7172182307747055,0.09380932561341533,2025-10-10 01:14:09
4,1002,-0.7154234135745414,0.09401407997279677,2025-10-10 01:14:09
4,1003,-0.7136247100013032,0.09421669927684008,2025-10-10 01:14:09
4,1004,-0.7118221651560996,0.094417186419801,2025-10-10 01:14:09
4,1005,-0.7100158241041399,0.09461554433850253,2025-10-10 01:14:09
4,1006,-0.7082057318699713,0.09481177601213134,2025-10-10 01:14:09
4,1007,-0.706391933432773,0.09500588446203788,2025-10-10 01:14:09
4,1008,-0.7045744737217086,0.09519787275154003,2025-10-10 01:14:09
4,1009,-0.7027533976113404,0.09538774398573005,2025-10-10 01:14:09
4,1010,-0.7009287499171075,0.09557550131128462,2025-10-10 01:14:09
4,1011,-0.6991005753908703,0.09576114791627768,2025-10-10 01:14:09
4,1012,-0.6972689187165234,0.09594468702999595,2025-10-10 01:14:09
4,1013,-0.6954338245056797,0.0961261219227567,2025-10-10 01:14:09
4,1014,-0.6935953372934264,0.09630545590572773,2025-10-10 01:14:09
4,1015,-0.6917535015341565,0.09648269233074915,2025-10-10 01:14:09
4,1016,-0.6899083615974759,0.09665783459015669,2025-10-10 01:14:09
4,1017,-0.6880599617641892,0.09683088611660641,2025-10-10 01:14:09
4,1018,-0.6862083462223638,0.0970018503829004,2025-10-10 01:14:09
4,1019,-0.6843535590634766,0.09717073090181322,2025-10-10 01:14:09
4,1020,-0.6824956442786412,0.09733753122591877,2025-10-10 01:14:09
4,1021,-0.6806346457549192,0.09750225494741752,2025-10-10 01:14:09
4,1022,-0.6787706072717153,0.09766490569796334,2025-10-10 01:14:09
4,1023,-0.6769035724972576,0.09782548714849025,2025-10-10 01:14:09
4,1024,-0.6750335849851634,0.09798400300903823,2025-10-10 01:14:09
4,1025,-0.6731606881710913,0.09814045702857813,2025-10-10 01:14:09
4,1026,-0.6712849253694801,0.0982948529948353,2025-10-10 01:14:09
4,1027,-0.6694063397703747,0.0984471947341116,2025-10-10 01:14:09
4,1028,-0.6675249744363382,0.09859748611110554,2025-10-10 01:14:09
4,1029,-0.6656408722994528,0.09874573102873015,2025-10-10 01:14:09
4,1030,-0.6637540761584062,0.09889193342792844,2025-10-10 01:14:09
4,1031,-0.6618646286756654,0.09903609728748607,2025-10-10 01:14:09
4,1032,-0.6599725723747368,0.09917822662384083,2025-10-10 01:14:09
4,1033,-0.6580779496375122,0.09931832549088884,2025-10-10 01:14:09
4,1034,-0.6561808027016997,0.09945639797978698,2025-10-10 01:14:09
4,1035,-0.6542811736583395,0.09959244821875138,2025-10-10 01:14:09
4,1036,-0.6523791044494033,0.09972648037285164,2025-10-10 01:14:09
4,1037,-0.6504746368654761,0.09985849864380053,2025-10-10 01:14:09
4,1038,-0.6485678125435198,0.09998850726973874,2025-10-10 01:14:09
4,1039,-0.6466586729647166,0.10011651052501463,2025-10-10 01:14:09
4,1040,-0.6447472594523922,0.1002425127199586,2025-10-10 01:14:09
4,1041,-0.6428336131700164,0.10036651820065165,2025-10-10 01:14:09
4,1042,-0.6409177751192793,0.10048853134868822,2025-10-10 01:14:09
4,1043,-0.6389997861382426,0.10060855658093272,2025-10-10 01:14:09
4,1044,-0.637079686899564,0.10072659834926966,2025-10-10 01:14:09
4,1045,-0.6351575179087916,0.10084266114034711,2025-10-10 01:14:09
4,1046,-0.633233319502729,0.10095674947531329,2025-10-10 01:14:09
4,1047,-0.6313071318478667,0.10106886790954593,2025-10-10 01:14:09
4,1048,-0.6293789949388794,0.10117902103237437,2025-10-10 01:14:09
4,1049,-0.6274489485971865,0.10128721346679401,2025-10-10 01:14:09
4,1050,-0.625517032469574,0.10139344986917297,2025-10-10 01:14:09
4,1051,-0.6235832860268756,0.10149773492895084,2025-10-10 01:14:09
4,1052,-0.6216477485627104,0.10160007336832919,2025-10-10 01:14:09
4,1053,-0.619710459192276,0.10170046994195375,2025-10-10 01:14:09
4,1054,-0.6177714568511934,0.10179892943658811,2025-10-10 01:14:09
4,1055,-0.6158307802944029,0.10189545667077865,2025-10-10 01:14:09
4,1056,-0.6138884680951072,0.10199005649451078,2025-10-10 01:14:09
4,1057,-0.611944558643761,0.10208273378885604,2025-10-10 01:14:09
4,1058,-0.6099990901471027,0.10217349346561035,2025-10-10 01:14:09
4,1059,-0.6080521006272289,0.10226234046692273,2025-10-10 01:14:09
4,1060,-0.6061036279207056,0.102349279764915,2025-10-10 01:14:09
4,1061,-0.6041537096777174,0.1024343163612919,2025-10-10 01:14:09
4,1062,-0.6022023833612501,0.10251745528694176,2025-10-10 01:14:09
4,1063,-0.6002496862463048,0.10259870160152759,2025-10-10 01:14:09
4,1064,-0.5982956554191425,0.10267806039306861,2025-10-10 01:14:09
4,1065,-0.5963403277765554,0.10275553677751195,2025-10-10 01:14:09
4,1066,-0.5943837400251633,0.10283113589829485,2025-10-10 01:14:09
4,1067,-0.5924259286807334,0.10290486292589693,2025-10-10 01:14:09
4,1068,-0.5904669300675212,0.10297672305738284,2025-10-10 01:14:09
4,1069,-0.5885067803176296,0.10304672151593511,2025-10-10 01:14:09
4,1070,-0.5865455153703856,0.10311486355037726,2025-10-10 01:14:09
4,1071,-0.5845831709717315,0.10318115443468727,2025-10-10 01:14:09
4,1072,-0.5826197826736297,0.10324559946750128,2025-10-10 01:14:09
4,1073,-0.5806553858334781,0.10330820397160775,2025-10-10 01:14:09
4,1074,-0.5786900156135357,0.10336897329343202,2025-10-10 01:14:09
4,1075,-0.576723706980356,0.10342791280251136,2025-10-10 01:14:09
4,1076,-0.5747564947042264,0.10348502789096073,2025-10-10 01:14:09
4,1077,-0.5727884133586127,0.10354032397292912,2025-10-10 01:14:09
4,1078,-0.5708194973196073,0.10359380648404673,2025-10-10 01:14:09
4,1079,-0.5688497807653787,0.10364548088086314,2025-10-10 01:14:09
4,1080,-0.566879297675623,0.1036953526402765,2025-10-10 01:14:09
4,1081,-0.5649080818310137,0.1037434272589539,2025-10-10 01:14:09
4,1082,-0.562936166812652,0.10378971025274315,2025-10-10 01:14:09
4,1083,-0.560963586001513,0.10383420715607612,2025-10-10 01:14:09
4,1084,-0.5589903725778897,0.10387692352136371,2025-10-10 01:14:09
4,1085,-0.5570165595208336,0.10391786491838279,2025-10-10 01:14:09
4,1086,-0.5550421796075891,0.10395703693365518,2025-10-10 01:14:09
4,1087,-0.5530672654130244,0.10399444516981904,2025-10-10 01:14:09
4,1088,-0.5510918493090564,0.10403009524499265,2025-10-10 01:14:09
4,1089,-0.5491159634640689,0.10406399279213109,2025-10-10 01:14:09
4,1090,-0.5471396398423253,0.10409614345837573,2025-10-10 01:14:09
4,1091,-0.5451629102033749,0.10412655290439715,2025-10-10 01:14:09
4,1092,-0.5431858061014525,0.10415522680373145,2025-10-10 01:14:09
4,1093,-0.5412083588848714,0.10418217084211029,2025-10-10 01:14:09
4,1094,-0.5392305996954108,0.10420739071678506,2025-10-10 01:14:09
4,1095,-0.5372525594676962,0.10423089213584519,2025-10-10 01:14:09
4,1096,-0.535274268928575,0.10425268081753122,2025-10-10 01:14:09
4,1097,-0.5332957585964858,0.10427276248954263,2025-10-10 01:14:09
4,1098,-0.5313170587808235,0.10429114288834086,2025-10-10 01:14:09
4,1099,-0.5293381995812997,0.10430782775844782,2025-10-10 01:14:09
4,1100,-0.5273592108873,0.10432282285174017,2025-10-10 01:14:09
4,1101,-0.5253801223772375,0.1043361339267397,2025-10-10 01:14:09
4,1102,-0.5234009635179053,0.10434776674790006,2025-10-10 01:14:09
4,1103,-0.5214217635638269,0.10435772708489029,2025-10-10 01:14:09
4,1104,-0.5194425515566068,0.10436602071187534,2025-10-10 01:14:09
4,1105,-0.5174633563242824,0.10437265340679398,2025-10-10 01:14:09
4,1106,-0.5154842064806767,0.10437763095063436,2025-10-10 01:14:09
4,1107,-0.5135051304247551,0.10438095912670765,2025-10-10 01:14:09
4,1108,-0.5115261563399857,0.10438264371992,2025-10-10 01:14:09
4,1109,-0.509547312193706,0.10438269051604314,2025-10-10 01:14:09
4,1110,-0.5075686257364956,0.10438110530098406,2025-10-10 01:14:09
4,1111,-0.5055901245015579,0.10437789386005397,2025-10-10 01:14:09
4,1112,-0.5036118358041106,0.10437306197723693,2025-10-10 01:14:09
4,1113,-0.5016337867407877,0.10436661543445847,2025-10-10 01:14:09
4,1114,-0.4996560041890544,0.1043585600108545,2025-10-10 01:14:09
4,1115,-0.49767851480663494,0.10434890148204096,2025-10-10 01:14:09
4,1116,-0.49570134503095664,0.10433764561938422,2025-10-10 01:14:09
4,1117,-0.493724521078611,0.10432479818927291,2025-10-10 01:14:09
4,1118,-0.4917480689448326,0.10431036495239128,2025-10-10 01:14:09
4,1119,-0.4897720144029988,0.10429435166299439,2025-10-10 01:14:09
4,1120,-0.4877963830041505,0.10427676406818552,2025-10-10 01:14:09
4,1121,-0.48582120007653623,0.10425760790719611,2025-10-10 01:14:09
4,1122,-0.4838464907251806,0.10423688891066832,2025-10-10 01:14:09
4,1123,-0.4818722798314791,0.10421461279994076,2025-10-10 01:14:09
4,1124,-0.4798985920528203,0.10419078528633756,2025-10-10 01:14:09
4,1125,-0.4779254518222371,0.10416541207046086,2025-10-10 01:14:09
4,1126,-0.47595288334808844,0.10413849884148739,2025-10-10 01:14:09
4,1127,-0.47398091061377284,0.10411005127646894,2025-10-10 01:14:09
4,1128,-0.4720095573774753,0.10408007503963736,2025-10-10 01:14:09
4,1129,-0.4700388471719484,0.104048575781714,2025-10-10 01:14:09
4,1130,-0.46806880330432954,0.1040155591392241,2025-10-10 01:14:09
4,1131,-0.46609944885599497,0.10398103073381607,2025-10-10 01:14:09
4,1132,-0.46413080668245205,0.10394499617158612,2025-10-10 01:14:09
4,1133,-0.46216289941327077,0.10390746104240832,2025-10-10 01:14:09
4,1134,-0.4601957494520556,0.10386843091927023,2025-10-10 01:14:09
4,1135,-0.45822937897645893,0.10382791135761438,2025-10-10 01:14:09
4,1136,-0.4562638099382362,0.10378590789468571,2025-10-10 01:14:09
4,1137,-0.4542990640633445,0.10374242604888514,2025-10-10 01:14:09
4,1138,-0.45233516285208525,0.10369747131912943,2025-10-10 01:14:09
4,1139,-0.45037212757929057,0.10365104918421741,2025-10-10 01:14:09
4,1140,-0.4484099792945558,0.10360316510220278,2025-10-10 01:14:09
4,1141,-0.446448738822517,0.10355382450977357,2025-10-10 01:14:09
4,1142,-0.44448842676317507,0.10350303282163827,2025-10-10 01:14:09
4,1143,-0.442529063492266,0.10345079542991886,2025-10-10 01:14:09
4,1144,-0.44057066916167825,0.10339711770355077,2025-10-10 01:14:09
4,1145,-0.4386132636999168,0.10334200498768972,2025-10-10 01:14:09
4,1146,-0.4366568668126146,0.1032854626031257,2025-10-10 01:14:09
4,1147,-0.4347014979830909,0.10322749584570397,2025-10-10 01:14:09
4,1148,-0.4327471764729566,0.10316810998575318,2025-10-10 01:14:09
4,1149,-0.43079392132276667,0.10310731026752064,2025-10-10 01:14:09
4,1150,-0.428841751352719,0.10304510190861467,2025-10-10 01:14:09
4,1151,-0.42689068516339934,0.10298149009945416,2025-10-10 01:14:09
4,1152,-0.4249407411365724,0.10291648000272524,2025-10-10 01:14:09
4,1153,-0.42299193743601776,0.10285007675284501,2025-10-10 01:14:09
4,1154,-0.421044292008411,0.10278228545543239,2025-10-10 01:14:09
4,1155,-0.4190978225842481,0.102713111186786,2025-10-10 01:14:09
4,1156,-0.41715254667881346,0.10264255899336899,2025-10-10 01:14:09
4,1157,-0.4152084815931899,0.10257063389130079,2025-10-10 01:14:09
4,1158,-0.4132656444153099,0.10249734086585573,2025-10-10 01:14:09
4,1159,-0.4113240520210471,0.10242268487096838,2025-10-10 01:14:09
4,1160,-0.4093837210753471,0.10234667082874564,2025-10-10 01:14:09
4,1161,-0.4074446680333956,0.10226930362898533,2025-10-10 01:14:09
4,1162,-0.4055069091418234,0.10219058812870126,2025-10-10 01:14:09
4,1163,-0.40357046043994677,0.10211052915165474,2025-10-10 01:14:09
4,1164,-0.40163533776104104,0.10202913148789222,2025-10-10 01:14:09
4,1165,-0.3997015567336468,0.10194639989328916,2025-10-10 01:14:09
4,1166,-0.3977691327829069,0.10186233908909978,2025-10-10 01:14:09
4,1167,-0.39583808113193186,0.10177695376151272,2025-10-10 01:14:09
4,1168,-0.39390841680319355,0.10169024856121237,2025-10-10 01:14:09
4,1169,-0.3919801546199435,0.10160222810294581,2025-10-10 01:14:09
4,1170,-0.39005330920765574,0.10151289696509508,2025-10-10 01:14:09
4,1171,-0.38812789499549116,0.10142225968925472,2025-10-10 01:14:09
4,1172,-0.3862039262177823,0.10133032077981445,2025-10-10 01:14:09
4,1173,-0.384281416915536,0.1012370847035467,2025-10-10 01:14:09
4,1174,-0.38236038093795227,0.10114255588919895,2025-10-10 01:14:09
4,1175,-0.3804408319439576,0.10104673872709066,2025-10-10 01:14:09
4,1176,-0.3785227834037504,0.10094963756871464,2025-10-10 01:14:09
4,1177,-0.37660624860035613,0.1008512567263426,2025-10-10 01:14:09
4,1178,-0.3746912406311914,0.10075160047263493,2025-10-10 01:14:09
4,1179,-0.3727777724096333,0.10065067304025432,2025-10-10 01:14:09
4,1180,-0.3708658566665931,0.10054847862148317,2025-10-10 01:14:09
4,1181,-0.368955505952092,0.10044502136784453,2025-10-10 01:14:09
4,1182,-0.367046732636836,0.10034030538972659,2025-10-10 01:14:09
4,1183,-0.36513954891378964,0.10023433475601035,2025-10-10 01:14:09
4,1184,-0.36323396679974407,0.10012711349370046,2025-10-10 01:14:09
4,1185,-0.3613299981368801,0.10001864558755899,2025-10-10 01:14:09
4,1186,-0.35942765459432197,0.099908934979742,2025-10-10 01:14:09
4,1187,-0.35752694766968096,0.09979798556943884,2025-10-10 01:14:09
4,1188,-0.3556278886905869,0.0996858012125139,2025-10-10 01:14:09
4,1189,-0.3537304888162052,0.0995723857211508,2025-10-10 01:14:09
4,1190,-0.3518347590387376,0.09945774286349887,2025-10-10 01:14:09
4,1191,-0.349940710184905,0.09934187636332166,2025-10-10 01:14:09
4,1192,-0.34804835291741043,0.0992247898996476,2025-10-10 01:14:09
4,1193,-0.3461576977363803,0.09910648710642252,2025-10-10 01:14:09
4,1194,-0.3442687549807822,0.09898697157216398,2025-10-10 01:14:09
4,1195,-0.34238153482981803,0.09886624683961731,2025-10-10 01:14:09
4,1196,-0.3404960473042901,0.09874431640541337,2025-10-10 01:14:09
4,1197,-0.33861230226793926,0.09862118371972774,2025-10-10 01:14:09
4,1198,-0.33673030942875326,0.09849685218594154,2025-10-10 01:14:09
4,1199,-0.33485007834024433,0.09837132516030356,2025-10-10 01:14:09
4,1200,-0.3329716184026942,0.09824460595159389,2025-10-10 01:14:09
4,1201,-0.3310949388643653,0.0981166978207888,2025-10-10 01:14:09
4,1202,-0.3292200488226777,0.097987603980727,2025-10-10 01:14:09
4,1203,-0.32734695722534934,0.09785732759577721,2025-10-10 01:14:09
4,1204,-0.3254756728715002,0.0977258717815069,2025-10-10 01:14:09
4,1205,-0.32360620441271787,0.09759323960435254,2025-10-10 01:14:09
4,1206,-0.32173856035408477,0.09745943408129089,2025-10-10 01:14:09
4,1207,-0.3198727490551658,0.09732445817951187,2025-10-10 01:14:09
4,1208,-0.3180087787309558,0.09718831481609258,2025-10-10 01:14:09
4,1209,-0.3161466574527863,0.09705100685767289,2025-10-10 01:14:09
4,1210,-0.31428639314919105,0.09691253712013233,2025-10-10 01:14:09
4,1211,-0.31242799360672957,0.09677290836826867,2025-10-10 01:14:09
4,1212,-0.31057146647076933,0.09663212331547795,2025-10-10 01:14:09
4,1213,-0.3087168192462252,0.09649018462343628,2025-10-10 01:14:09
4,1214,-0.3068640592982567,0.09634709490178343,2025-10-10 01:14:09
4,1215,-0.3050131938529231,0.09620285670780826,2025-10-10 01:14:09
4,1216,-0.3031642299977958,0.09605747254613617,2025-10-10 01:14:09
4,1217,-0.30131717468252894,0.09591094486841875,2025-10-10 01:14:09
4,1218,-0.2994720347193877,0.09576327607302564,2025-10-10 01:14:09
4,1219,-0.29762881678373526,0.0956144685047388,2025-10-10 01:14:09
4,1220,-0.29578752741447817,0.09546452445444945,2025-10-10 01:14:09
4,1221,-0.2939481730144713,0.09531344615885766,2025-10-10 01:14:09
4,1222,-0.29211075985088236,0.09516123580017492,2025-10-10 01:14:09
4,1223,-0.2902752940555172,0.09500789550582982,2025-10-10 01:14:09
4,1224,-0.2884417816251059,0.09485342734817695,2025-10-10 01:14:09
4,1225,-0.28661022842155115,0.09469783334420945,2025-10-10 01:14:09
4,1226,-0.28478064017213955,0.0945411154552751,2025-10-10 01:14:09
4,1227,-0.28295302246971676,0.09438327558679646,2025-10-10 01:14:09
4,1228,-0.28112738077282734,0.09422431558799509,2025-10-10 01:14:09
4,1229,-0.2793037204058209,0.09406423725162016,2025-10-10 01:14:09
4,1230,-0.27748204655892517,0.0939030423136817,2025-10-10 01:14:09
4,1231,-0.27566236428828766,0.09374073245318863,2025-10-10 01:14:09
4,1232,-0.2738446785159867,0.09357730929189195,2025-10-10 01:14:09
4,1233,-0.27202899403001385,0.09341277439403325,2025-10-10 01:14:09
4,1234,-0.27021531548422834,0.09324712926609882,2025-10-10 01:14:09
4,1235,-0.26840364739828554,0.09308037535657959,2025-10-10 01:14:09
4,1236,-0.26659399415754065,0.09291251405573724,2025-10-10 01:14:09
4,1237,-0.26478636001292927,0.09274354669537664,2025-10-10 01:14:09
4,1238,-0.26298074908082625,0.09257347454862501,2025-10-10 01:14:09
4,1239,-0.2611771653428845,0.09240229882971786,2025-10-10 01:14:09
4,1240,-0.25937561264585546,0.09223002069379227,2025-10-10 01:14:09
4,1241,-0.2575760947013927,0.09205664123668751,2025-10-10 01:14:09
4,1242,-0.25577861508584027,0.09188216149475344,2025-10-10 01:14:09
4,1243,-0.25398317724000785,0.09170658244466685,2025-10-10 01:14:09
4,1244,-0.2521897844689338,0.09152990500325615,2025-10-10 01:14:09
4,1245,-0.25039843994163835,0.09135213002733447,2025-10-10 01:14:09
4,1246,-0.24860914669086825,0.0911732583135416,2025-10-10 01:14:09
4,1247,-0.2468219076128347,0.09099329059819503,2025-10-10 01:14:09
4,1248,-0.2450367254669464,0.09081222755715022,2025-10-10 01:14:09
4,1249,-0.24325360287553907,0.09063006980567054,2025-10-10 01:14:09
4,1250,-0.24147254232360343,0.09044681789830684,2025-10-10 01:14:09
4,1251,-0.23969354615851313,0.09026247232878737,2025-10-10 01:14:09
4,1252,-0.2379166165897541,0.09007703352991774,2025-10-10 01:14:09
4,1253,-0.23614175568865745,0.08989050187349155,2025-10-10 01:14:09
4,1254,-0.23436896538813676,0.08970287767021189,2025-10-10 01:14:09
4,1255,-0.23259824748243194,0.08951416116962359,2025-10-10 01:14:09
4,1256,-0.2308296036268609,0.08932435256005701,2025-10-10 01:14:09
4,1257,-0.22906303533758032,0.08913345196858302,2025-10-10 01:14:09
4,1258,-0.2272985439913575,0.08894145946097973,2025-10-10 01:14:09
4,1259,-0.22553613082535384,0.08874837504171104,2025-10-10 01:14:09
4,1260,-0.2237757969369222,0.08855419865391728,2025-10-10 01:14:09
4,1261,-0.2220175432834187,0.08835893017941797,2025-10-10 01:14:09
4,1262,-0.22026137068203047,0.08816256943872702,2025-10-10 01:14:09
4,1263,-0.21850727980962073,0.08796511619108048,2025-10-10 01:14:09
4,1264,-0.21675527120259183,0.087766570134477,2025-10-10 01:14:09
4,1265,-0.21500534525676768,0.08756693090573114,2025-10-10 01:14:09
4,1266,-0.2132575022272964,0.08736619808053969,2025-10-10 01:14:09
4,1267,-0.2115117422285741,0.08716437117356109,2025-10-10 01:14:09
4,1268,-0.2097680652341909,0.0869614496385081,2025-10-10 01:14:09
4,1269,-0.2080264710768993,0.08675743286825387,2025-10-10 01:14:09
4,1270,-0.2062869594486066,0.08655232019495136,2025-10-10 01:14:09
4,1271,-0.204549529900391,0.08634611089016642,2025-10-10 01:14:09
4,1272,-0.20281418184254268,0.0861388041650244,2025-10-10 01:14:09
4,1273,-0.20108091454463015,0.08593039917037053,2025-10-10 01:14:09
4,1274,-0.19934972713559182,0.08572089499694399,2025-10-10 01:14:09
4,1275,-0.19762061860385405,0.08551029067556584,2025-10-10 01:14:09
4,1276,-0.19589358779747504,0.08529858517734076,2025-10-10 01:14:09
4,1277,-0.1941686334243154,0.0850857774138727,2025-10-10 01:14:09
4,1278,-0.19244575405223505,0.08487186623749442,2025-10-10 01:14:09
4,1279,-0.19072494810931687,0.08465685044151093,2025-10-10 01:14:09
4,1280,-0.18900621388411676,0.08444072876045691,2025-10-10 01:14:09
4,1281,-0.1872895495259402,0.08422349987036803,2025-10-10 01:14:09
4,1282,-0.18557495304514518,0.08400516238906612,2025-10-10 01:14:09
4,1283,-0.18386242231347086,0.0837857148764583,2025-10-10 01:14:09
4,1284,-0.18215195506439213,0.08356515583484997,2025-10-10 01:14:09
4,1285,-0.18044354889349948,0.08334348370927154,2025-10-10 01:14:09
4,1286,-0.17873720125890347,0.08312069688781906,2025-10-10 01:14:09
4,1287,-0.17703290948166372,0.0828967937020085,2025-10-10 01:14:09
4,1288,-0.1753306707462415,0.08267177242714371,2025-10-10 01:14:09
4,1289,-0.17363048210097537,0.08244563128269802,2025-10-10 01:14:09
4,1290,-0.1719323404585792,0.08221836843270934,2025-10-10 01:14:09
4,1291,-0.1702362425966617,0.08198998198618879,2025-10-10 01:14:09
4,1292,-0.16854218515826674,0.0817604699975426,2025-10-10 01:14:09
4,1293,-0.16685016465243352,0.08152983046700749,2025-10-10 01:14:09
4,1294,-0.16516017745477551,0.08129806134109904,2025-10-10 01:14:09
4,1295,-0.1634722198080776,0.08106516051307337,2025-10-10 01:14:09
4,1296,-0.16178628782290996,0.08083112582340174,2025-10-10 01:14:09
4,1297,-0.1601023774782578,0.08059595506025809,2025-10-10 01:14:09
4,1298,-0.158420484622166,0.0803596459600194,2025-10-10 01:14:09
4,1299,-0.15674060497239717,0.08012219620777883,2025-10-10 01:14:09
4,1300,-0.15506273411710222,0.07988360343787133,2025-10-10 01:14:09
4,1301,-0.15338686751550235,0.07964386523441194,2025-10-10 01:14:09
4,1302,-0.1517130004985808,0.07940297913184634,2025-10-10 01:14:09
4,1303,-0.15004112826978355,0.07916094261551375,2025-10-10 01:14:09
4,1304,-0.14837124590572745,0.07891775312222206,2025-10-10 01:14:09
4,1305,-0.1467033483569147,0.07867340804083496,2025-10-10 01:14:09
4,1306,-0.14503743044845221,0.07842790471287113,2025-10-10 01:14:09
4,1307,-0.14337348688077456,0.07818124043311522,2025-10-10 01:14:09
4,1308,-0.14171151223036946,0.0779334124502407,2025-10-10 01:14:09
4,1309,-0.14005150095050417,0.07768441796744431,2025-10-10 01:14:09
4,1310,-0.13839344737195172,0.07743425414309216,2025-10-10 01:14:09
4,1311,-0.13673734570371565,0.07718291809137726,2025-10-10 01:14:09
4,1312,-0.13508319003375183,0.07693040688298852,2025-10-10 01:14:09
4,1313,-0.13343097432968634,0.07667671754579106,2025-10-10 01:14:09
4,1314,-0.131780692439528,0.07642184706551768,2025-10-10 01:14:09
4,1315,-0.1301323380923743,0.07616579238647167,2025-10-10 01:14:09
4,1316,-0.1284859048991096,0.07590855041224058,2025-10-10 01:14:09
4,1317,-0.12684138635309467,0.07565011800642112,2025-10-10 01:14:09
4,1318,-0.12519877583084563,0.07539049199335494,2025-10-10 01:14:09
4,1319,-0.12355806659270226,0.07512966915887555,2025-10-10 01:14:09
4,1320,-0.12191925178348374,0.07486764625106587,2025-10-10 01:14:09
4,1321,-0.12028232443313125,0.07460441998102685,2025-10-10 01:14:09
4,1322,-0.11864727745733618,0.07433998702365677,2025-10-10 01:14:09
4,1323,-0.11701410365815318,0.07407434401844143,2025-10-10 01:14:09
4,1324,-0.11538279572459709,0.07380748757025508,2025-10-10 01:14:09
4,1325,-0.11375334623322281,0.07353941425017209,2025-10-10 01:14:09
4,1326,-0.11212574764868745,0.0732701205962894,2025-10-10 01:14:09
4,1327,-0.11049999232429392,0.0729996031145598,2025-10-10 01:14:09
4,1328,-0.10887607250251524,0.07272785827963588,2025-10-10 01:14:09
4,1329,-0.1072539803154991,0.0724548825357248,2025-10-10 01:14:09
4,1330,-0.1056337077855518,0.07218067229745392,2025-10-10 01:14:09
4,1331,-0.10401524682560144,0.07190522395074726,2025-10-10 01:14:09
4,1332,-0.10239858923963954,0.07162853385371276,2025-10-10 01:14:09
4,1333,-0.10078372672314093,0.07135059833754052,2025-10-10 01:14:09
4,1334,-0.09917065086346144,0.07107141370741203,2025-10-10 01:14:09
4,1335,-0.09755935314021333,0.07079097624342034,2025-10-10 01:14:09
4,1336,-0.09594982492561797,0.0705092822015014,2025-10-10 01:14:09
4,1337,-0.09434205748483598,0.07022632781437647,2025-10-10 01:14:09
4,1338,-0.0927360419762744,0.06994210929250576,2025-10-10 01:14:09
4,1339,-0.09113176945187121,0.06965662282505333,2025-10-10 01:14:09
4,1340,-0.08952923085735716,0.06936986458086346,2025-10-10 01:14:09
4,1341,-0.08792841703249489,0.06908183070944825,2025-10-10 01:14:09
4,1342,-0.08632931871129583,0.06879251734198698,2025-10-10 01:14:09
4,1343,-0.08473192652221491,0.0685019205923369,2025-10-10 01:14:09
4,1344,-0.08313623098832351,0.06821003655805577,2025-10-10 01:14:09
4,1345,-0.08154222252746107,0.06791686132143623,2025-10-10 01:14:09
4,1346,-0.07994989145236575,0.06762239095055199,2025-10-10 01:14:09
4,1347,-0.07835922797078472,0.06732662150031596,2025-10-10 01:14:09
4,1348,-0.07677022218556459,0.06702954901355053,2025-10-10 01:14:09
4,1349,-0.07518286409472275,0.06673116952206988,2025-10-10 01:14:09
4,1350,-0.07359714359150014,0.06643147904777459,2025-10-10 01:14:09
4,1351,-0.07201305046439642,0.06613047360375851,2025-10-10 01:14:09
4,1352,-0.07043057439718807,0.06582814919542807,2025-10-10 01:14:09
4,1353,-0.06884970496893057,0.06552450182163398,2025-10-10 01:14:09
4,1354,-0.06727043165394539,0.06521952747581558,2025-10-10 01:14:09
4,1355,-0.06569274382179276,0.06491322214715767,2025-10-10 01:14:09
4,1356,-0.06411663073723128,0.06460558182176004,2025-10-10 01:14:09
4,1357,-0.06254208156016543,0.06429660248381983,2025-10-10 01:14:09
4,1358,-0.06096908534558188,0.06398628011682642,2025-10-10 01:14:09
4,1359,-0.05939763104347606,0.06367461070476933,2025-10-10 01:14:09
4,1360,-0.05782770749876977,0.06336159023335887,2025-10-10 01:14:09
4,1361,-0.05625930345122127,0.06304721469125951,2025-10-10 01:14:09
4,1362,-0.05469240753532902,0.0627314800713363,2025-10-10 01:14:09
4,1363,-0.0531270082802302,0.062414382371914,2025-10-10 01:14:09
4,1364,-0.0515630941095954,0.06209591759804897,2025-10-10 01:14:09
4,1365,-0.05000065334152075,0.061776081762814045,2025-10-10 01:14:09
4,1366,-0.04843967418841869,0.06145487088859592,2025-10-10 01:14:09
4,1367,-0.04688014475690883,0.06113228100840538,2025-10-10 01:14:09
4,1368,-0.04532205304771011,0.06080830816720004,2025-10-10 01:14:09
4,1369,-0.043765386955535675,0.06048294842321962,2025-10-10 01:14:09
4,1370,-0.042210134268991784,0.06015619784933364,2025-10-10 01:14:09
4,1371,-0.04065628267048202,0.059828052534401314,2025-10-10 01:14:09
4,1372,-0.03910381973611823,0.05949850858464366,2025-10-10 01:14:09
4,1373,-0.03755273293563949,0.05916756212502749,2025-10-10 01:14:09
4,1374,-0.03600300963234039,0.058835209300661225,2025-10-10 01:14:09
4,1375,-0.034454637083010005,0.05850144627820225,2025-10-10 01:14:09
4,1376,-0.03290760243788275,0.05816626924727564,2025-10-10 01:14:09
4,1377,-0.03136189274060253,0.05782967442190396,2025-10-10 01:14:09
4,1378,-0.02981749492820132,0.057491658041947946,2025-10-10 01:14:09
4,1379,-0.028274395831093486,0.05715221637455766,2025-10-10 01:14:09
4,1380,-0.026732582173087015,0.056811345715633975,2025-10-10 01:14:09
4,1381,-0.02519204057141284,0.05646904239129987,2025-10-10 01:14:09
4,1382,-0.023652757536773424,0.056125302759381344,2025-10-10 01:14:09
4,1383,-0.022114719473411697,0.055780123210897446,2025-10-10 01:14:09
4,1384,-0.02057791267920141,0.05543350017155913,2025-10-10 01:14:09
4,1385,-0.01904232334576,0.0550854301032764,2025-10-10 01:14:09
4,1386,-0.017507937558584884,0.05473590950567338,2025-10-10 01:14:09
4,1387,-0.0159747412972142,0.05438493491761079,2025-10-10 01:14:09
4,1388,-0.014442720435412858,0.05403250291871539,2025-10-10 01:14:09
4,1389,-0.012911860741384814,0.053678610130915794,2025-10-10 01:14:09
4,1390,-0.011382147878012313,0.05332325321998415,2025-10-10 01:14:09
4,1391,-0.009853567403122923,0.05296642889708318,2025-10-10 01:14:09
4,1392,-0.008326104769785033,0.0526081339203179,2025-10-10 01:14:09
4,1393,-0.006799745326632497,0.05224836509629146,2025-10-10 01:14:09
4,1394,-0.0052744743182190044,0.05188711928166446,2025-10-10 01:14:09
4,1395,-0.003750276885402749,0.05152439338471712,2025-10-10 01:14:09
4,1396,-0.002227138065761871,0.051160184366913594,2025-10-10 01:14:09
4,1397,-0.000705042794041116,0.050794489244467736,2025-10-10 01:14:09
4,1398,0.0008160240973699123,0.05042730508990964,2025-10-10 01:14:09
4,1399,0.002336077877926588,0.05005862903365217,2025-10-10 01:14:09
4,1400,0.0038551339183869196,0.04968845826555679,2025-10-10 01:14:09
4,1401,0.005373207690236828,0.04931679003649786,2025-10-10 01:14:09
4,1402,0.006890314765082899,0.048943621659924656,2025-10-10 01:14:09
4,1403,0.008406470814012515,0.0485689505134203,2025-10-10 01:14:09
4,1404,0.009921691606921346,0.04819277404025678,2025-10-10 01:14:09
4,1405,0.011435993011808225,0.04781508975094522,2025-10-10 01:14:09
4,1406,0.012949390994037469,0.04743589522478058,2025-10-10 01:14:09
4,1407,0.014461901615568819,0.047055188111379896,2025-10-10 01:14:09
4,1408,0.015973541034155166,0.046672966132213195,2025-10-10 01:14:09
4,1409,0.017484325502508304,0.04628922708212626,2025-10-10 01:14:09
4,1410,0.01899427136743305,0.04590396883085428,2025-10-10 01:14:09
4,1411,0.02050339506893002,0.045517189324525524,2025-10-10 01:14:09
4,1412,0.0220117131392675,0.04512888658715418,2025-10-10 01:14:09
4,1413,0.023519242202022863,0.044739058722121354,2025-10-10 01:14:09
4,1414,0.025025998971093998,0.04434770391364341,2025-10-10 01:14:09
4,1415,0.026532000249681296,0.043954820428226724,2025-10-10 01:14:09
4,1416,0.028037262929240792,0.04356040661610786,2025-10-10 01:14:09
4,1417,0.02954180398840905,0.04316446091267839,2025-10-10 01:14:09
4,1418,0.03104564049190048,0.0427669818398933,2025-10-10 01:14:09
4,1419,0.03254878958937777,0.04236796800766222,2025-10-10 01:14:09
4,1420,0.03405126851429612,0.04196741811522243,2025-10-10 01:14:09
4,1421,0.03555309458272213,0.04156533095249289,2025-10-10 01:14:09
4,1422,0.037054285192128,0.041161705401408274,2025-10-10 01:14:09
4,1423,0.038554857820162,0.04075654043723225,2025-10-10 01:14:09
4,1424,0.04005483002339589,0.040349835129849014,2025-10-10 01:14:09
4,1425,0.04155421943605028,0.03994158864503236,2025-10-10 01:14:09
4,1426,0.04305304376869873,0.039531800245691306,2025-10-10 01:14:09
4,1427,0.044551320806951476,0.03912046929309158,2025-10-10 01:14:09
4,1428,0.046049068410119756,0.038707595248052035,2025-10-10 01:14:09
4,1429,0.04754630450986153,0.03829317767211533,2025-10-10 01:14:09
4,1430,0.04904304710880963,0.03787721622869198,2025-10-10 01:14:09
4,1431,0.050539314279183144,0.03745971068417712,2025-10-10 01:14:09
4,1432,0.05203512416138311,0.0370406609090392,2025-10-10 01:14:09
4,1433,0.05353049496257326,0.03662006687888,2025-10-10 01:14:09
4,1434,0.05502544495524687,0.03619792867546512,2025-10-10 01:14:09
4,1435,0.05651999247578054,0.035774246487724475,2025-10-10 01:14:09
4,1436,0.05801415592297586,0.03534902061272208,2025-10-10 01:14:09
4,1437,0.05950795375658982,0.03492225145659454,2025-10-10 01:14:09
4,1438,0.06100140449585481,0.0344939395354577,2025-10-10 01:14:09
4,1439,0.062494526717989114,0.034064085476280925,2025-10-10 01:14:09
4,1440,0.06398733905669869,0.03363269001772853,2025-10-10 01:14:09
4,1441,0.06547986020067104,0.03319975401096782,2025-10-10 01:14:09
4,1442,0.06697210889206198,0.032765278420443474,2025-10-10 01:14:09
4,1443,0.0684641039249761,0.03232926432461767,2025-10-10 01:14:09
4,1444,0.06995586414394145,0.031891712916675787,2025-10-10 01:14:09
4,1445,0.07144740844237946,0.03145262550519725,2025-10-10 01:14:09
4,1446,0.07293875576107042,0.031012003514791314,2025-10-10 01:14:09
4,1447,0.0744299250866154,0.030569848486697478,2025-10-10 01:14:09
4,1448,0.07592093544989505,0.030126162079350382,2025-10-10 01:14:09
4,1449,0.0774118059245258,0.029680946068909024,2025-10-10 01:14:09
4,1450,0.0789025556253142,0.02923420234975016,2025-10-10 01:14:09
4,1451,0.0803932037067095,0.028785932934925807,2025-10-10 01:14:09
4,1452,0.08188376936125516,0.028336139956584853,2025-10-10 01:14:09
4,1453,0.08337427181803955,0.027884825666358724,2025-10-10 01:14:09
4,1454,0.08486473034114625,0.027431992435711212,2025-10-10 01:14:09
4,1455,0.08635516422810409,0.02697764275625252,2025-10-10 01:14:09
4,1456,0.08784559280833727,0.026521779240017643,2025-10-10 01:14:09
4,1457,0.08933603544161574,0.026064404619709332,2025-10-10 01:14:09
4,1458,0.09082651151650588,0.025605521748905742,2025-10-10 01:14:09
4,1459,0.0923170404488217,0.025145133602233142,2025-10-10 01:14:09
4,1460,0.09380764168007652,0.024683243275503884,2025-10-10 01:14:09
4,1461,0.09529833467593507,0.024219853985820047,2025-10-10 01:14:09
4,1462,0.09678913892466608,0.023754969071643067,2025-10-10 01:14:09
4,1463,0.09828007393559512,0.02328859199282984,2025-10-10 01:14:09
4,1464,0.09977115923755764,0.022820726330635685,2025-10-10 01:14:09
4,1465,0.10126241437735187,0.022351375787684716,2025-10-10 01:14:09
4,1466,0.10275385891819154,0.021880544187908135,2025-10-10 01:14:09
4,1467,0.10424551243815788,0.021408235476450998,2025-10-10 01:14:09
4,1468,0.10573739452865076,0.02093445371954808,2025-10-10 01:14:09
4,1469,0.10722952479283841,0.02045920310436947,2025-10-10 01:14:09
4,1470,0.10872192284410553,0.019982487938836564,2025-10-10 01:14:09
4,1471,0.11021460830449906,0.019504312651409145,2025-10-10 01:14:09
4,1472,0.11170760080317126,0.0190246817908443,2025-10-10 01:14:09
4,1473,0.11320091997481956,0.018543600025927948,2025-10-10 01:14:09
4,1474,0.11469458545812257,0.018061072145179696,2025-10-10 01:14:09
4,1475,0.11618861689417162,0.017577103056531953,2025-10-10 01:14:09
4,1476,0.11768303392489725,0.017091697786984023,2025-10-10 01:14:09
4,1477,0.1191778561914899,0.016604861482232124,2025-10-10 01:14:09
4,1478,0.12067310333281431,0.016116599406276164,2025-10-10 01:14:09
4,1479,0.12216879498381651,0.01562691694100421,2025-10-10 01:14:09
4,1480,0.1236649507739232,0.015135819585755543,2025-10-10 01:14:09
4,1481,0.12516159032543228,0.014643312956863256,2025-10-10 01:14:09
4,1482,0.12665873325189414,0.014149402787177329,2025-10-10 01:14:09
4,1483,0.12815639915648258,0.01365409492556915,2025-10-10 01:14:09
4,1484,0.12965460763035486,0.013157395336418451,2025-10-10 01:14:09
4,1485,0.13115337825099996,0.012659310099083648,2025-10-10 01:14:09
4,1486,0.1326527305805743,0.012159845407356552,2025-10-10 01:14:09
4,1487,0.1341526841642239,0.01165900756890246,2025-10-10 01:14:09
4,1488,0.13565325852839263,0.011156803004686612,2025-10-10 01:14:09
4,1489,0.1371544731791152,0.010653238248388002,2025-10-10 01:14:09
4,1490,0.13865634760029458,0.010148319945801542,2025-10-10 01:14:09
4,1491,0.1401589012519629,0.009642054854229566,2025-10-10 01:14:09
4,1492,0.14166215356852496,0.009134449841863644,2025-10-10 01:14:09
4,1493,0.1431661239569837,0.008625511887157695,2025-10-10 01:14:09
4,1494,0.144670831795147,0.008115248078193355,2025-10-10 01:14:09
4,1495,0.14617629642981506,0.007603665612038549,2025-10-10 01:14:09
4,1496,0.14768253717494753,0.007090771794100214,2025-10-10 01:14:09
4,1497,0.14918957330981011,0.006576574037472084,2025-10-10 01:14:09
4,1498,0.15069742407709955,0.006061079862278457,2025-10-10 01:14:09
4,1499,0.1522061086810469,0.005544296895014806,2025-10-10 01:14:09
4,1500,0.15371564628549828,0.0050262328678861296,2025-10-10 01:14:09
4,1501,0.15522605601197279,0.0045068956181438516,2025-10-10 01:14:09
4,1502,0.1567373569376968,0.003986293087422102,2025-10-10 01:14:09
4,1503,0.15824956809361485,0.0034644333210741684,2025-10-10 01:14:09
4,1504,0.15976270846237597,0.0029413244675098754,2025-10-10 01:14:09
4,1505,0.16127679697629607,0.0024169747775346197,2025-10-10 01:14:09
4,1506,0.1627918525152953,0.0018913926036907692,2025-10-10 01:14:09
4,1507,0.1643078939048108,0.0013645863996020844,2025-10-10 01:14:09
4,1508,0.1658249399136843,0.0008365647193218,2025-10-10 01:14:09
4,1509,0.16734300925202492,0.0003073362166849631,2025-10-10 01:14:09
4,1510,0.1688621205690467,-0.00022309035533441273,2025-10-10 01:14:09
4,1511,0.17038229245088127,-0.0007547061452608544,2025-10-10 01:14:09
4,1512,0.17190354341836564,-0.0012875022037491133,2025-10-10 01:14:09
4,1513,0.17342589192480534,-0.0018214694842095835,2025-10-10 01:14:09
4,1514,0.17494935635371306,-0.0023565988434270505,2025-10-10 01:14:09
4,1515,0.17647395501652324,-0.0028928810421724096,2025-10-10 01:14:09
4,1516,0.17799970615028304,-0.0034303067458070374,2025-10-10 01:14:09
4,1517,0.17952662791531987,-0.003968866524879536,2025-10-10 01:14:09
4,1518,0.18105473839288636,-0.004508550855714626,2025-10-10 01:14:09
4,1519,0.18258405558278318,-0.005049350120993989,2025-10-10 01:14:09
4,1520,0.1841145974009603,-0.005591254610328931,2025-10-10 01:14:09
4,1521,0.18564638167709774,-0.0061342545208247475,2025-10-10 01:14:09
4,1522,0.1871794261521661,-0.0066783399576367634,2025-10-10 01:14:09
4,1523,0.1887137484759684,-0.00722350093451801,2025-10-10 01:14:09
4,1524,0.19024936620466362,-0.007769727374358594,2025-10-10 01:14:09
4,1525,0.1917862967982732,-0.008317009109716835,2025-10-10 01:14:09
4,1526,0.1933245576181715,-0.008865335883342287,2025-10-10 01:14:09
4,1527,0.19486416592456154,-0.009414697348690822,2025-10-10 01:14:09
4,1528,0.19640513887393693,-0.009965083070431995,2025-10-10 01:14:09
4,1529,0.1979474935165315,-0.010516482524948913,2025-10-10 01:14:09
4,1530,0.19949124679375774,-0.011068885100830957,2025-10-10 01:14:09
4,1531,0.20103641553563584,-0.011622280099359642,2025-10-10 01:14:09
4,1532,0.2025830164582142,-0.012176656734988044,2025-10-10 01:14:09
4,1533,0.20413106616098328,-0.012732004135814165,2025-10-10 01:14:09
4,1534,0.20568058112428447,-0.013288311344048752,2025-10-10 01:14:09
4,1535,0.207231577706715,-0.01384556731647801,2025-10-10 01:14:09
4,1536,0.20878407214253117,-0.014403760924921781,2025-10-10 01:14:09
4,1537,0.2103380805390513,-0.014962880956687742,2025-10-10 01:14:09
4,1538,0.21189361887405989,-0.015522916115022227,2025-10-10 01:14:09
4,1539,0.21345070299321534,-0.016083855019558307,2025-10-10 01:14:09
4,1540,0.21500934860746232,-0.0166456862067618,2025-10-10 01:14:09
4,1541,0.21656957129045126,-0.017208398130375894,2025-10-10 01:14:09
4,1542,0.21813138647596644,-0.01777197916186513,2025-10-10 01:14:09
4,1543,0.21969480945536454,-0.01833641759085945,2025-10-10 01:14:09
4,1544,0.22125985537502574,-0.018901701625599142,2025-10-10 01:14:09
4,1545,0.22282653923381915,-0.019467819393381432,2025-10-10 01:14:09
4,1546,0.22439487588058454,-0.02003475894100956,2025-10-10 01:14:09
4,1547,0.2259648800116323,-0.020602508235245166,2025-10-10 01:14:09
4,1548,0.22753656616826345,-0.021171055163264833,2025-10-10 01:14:09
4,1549,0.2291099487343118,-0.0217403875331217,2025-10-10 01:14:09
4,1550,0.23068504193371012,-0.022310493074212935,2025-10-10 01:14:09
4,1551,0.23226185982808212,-0.02288135943775405,2025-10-10 01:14:09
4,1552,0.2338404163143624,-0.023452974197260876,2025-10-10 01:14:09
4,1553,0.235420725122446,-0.024025324849040183,2025-10-10 01:14:09
4,1554,0.23700279981286954,-0.024598398812689767,2025-10-10 01:14:09
4,1555,0.2385866537745258,-0.025172183431608982,2025-10-10 01:14:09
4,1556,0.2401723002224135,-0.025746665973520592,2025-10-10 01:14:09
4,1557,0.24175975219542417,-0.026321833631004855,2025-10-10 01:14:09
4,1558,0.24334902255416757,-0.02689767352204674,2025-10-10 01:14:09
4,1559,0.24494012397883771,-0.02747417269059719,2025-10-10 01:14:09
4,1560,0.24653306896712096,-0.02805131810714928,2025-10-10 01:14:09
4,1561,0.24812786983214777,-0.0286290966693302,2025-10-10 01:14:09
4,1562,0.24972453870048966,-0.029207495202509842,2025-10-10 01:14:09
4,1563,0.25132308751020305,-0.02978650046042695,2025-10-10 01:14:09
4,1564,0.252923528008921,-0.030366099125833542,2025-10-10 01:14:09
4,1565,0.2545258717519948,-0.030946277811158496,2025-10-10 01:14:09
4,1566,0.25613013010068625,-0.03152702305919107,2025-10-10 01:14:09
4,1567,0.25773631422041177,-0.0321083213437851,2025-10-10 01:14:09
4,1568,0.25934443507904015,-0.03269015907058461,2025-10-10 01:14:09
4,1569,0.2609545034452444,-0.03327252257777161,2025-10-10 01:14:09
4,1570,0.2625665298869087,-0.03385539813683666,2025-10-10 01:14:09
4,1571,0.2641805247695919,-0.034438771953372985,2025-10-10 01:14:09
4,1572,0.26579649825504786,-0.03502263016789458,2025-10-10 01:14:09
4,1573,0.2674144602998035,-0.0356069588566791,2025-10-10 01:14:09
4,1574,0.26903442065379546,-0.036191744032635934,2025-10-10 01:14:09
4,1575,0.27065638885906573,-0.03677697164620003,2025-10-10 01:14:09
4,1576,0.2722803742485166,-0.03736262758625194,2025-10-10 01:14:09
4,1577,0.2739063859447257,-0.03794869768106452,2025-10-10 01:14:09
4,1578,0.27553443285882095,-0.038535167699276715,2025-10-10 01:14:09
4,1579,0.27716452368941596,-0.039122023350894694,2025-10-10 01:14:09
4,1580,0.2787966669216057,-0.039709250288320744,2025-10-10 01:14:09
4,1581,0.2804308708260228,-0.04029683410741014,2025-10-10 01:14:09
4,1582,0.28206714345795386,-0.04088476034855619,2025-10-10 01:14:09
4,1583,0.283705492656516,-0.041473014497803704,2025-10-10 01:14:09
4,1584,0.2853459260438933,-0.042061581987990954,2025-10-10 01:14:09
4,1585,0.28698845102463216,-0.04265044819992021,2025-10-10 01:14:09
4,1586,0.28863307478499606,-0.04323959846355695,2025-10-10 01:14:09
4,1587,0.29027980429237826,-0.04382901805925763,2025-10-10 01:14:09
4,1588,0.2919286462947723,-0.044418692219026105,2025-10-10 01:14:09
4,1589,0.2935796073202988,-0.045008606127798396,2025-10-10 01:14:09
4,1590,0.295232693676789,-0.04559874492475585,2025-10-10 01:14:09
4,1591,0.29688791145142235,-0.04618909370466637,2025-10-10 01:14:09
4,1592,0.29854526651041857,-0.04677963751925345,2025-10-10 01:14:09
4,1593,0.3002047644987821,-0.04737036137859285,2025-10-10 01:14:09
4,1594,0.3018664108400981,-0.04796125025253639,2025-10-10 01:14:09
4,1595,0.3035302107363787,-0.04855228907216262,2025-10-10 01:14:09
4,1596,0.305196169167958,-0.04914346273125384,2025-10-10 01:14:09
4,1597,0.3068642908934341,-0.049734756087799044,2025-10-10 01:14:09
4,1598,0.30853458044965715,-0.05032615396552218,2025-10-10 01:14:09
4,1599,0.3102070421517613,-0.05091764115543528,2025-10-10 01:14:09
4,1600,0.31188168009323924,-0.05150920241741572,2025-10-10 01:14:09
4,1601,0.31355849814605713,-0.05210082248180699,2025-10-10 01:14:09
4,1602,0.31523749996080863,-0.05269248605104237,2025-10-10 01:14:09
4,1603,0.31691868896690584,-0.05328417780129062,2025-10-10 01:14:09
4,1604,0.3186020683728052,-0.05387588238412302,2025-10-10 01:14:09
4,1605,0.3202876411662665,-0.054467584428200884,2025-10-10 01:14:09
4,1606,0.32197541011464315,-0.055059268540982774,2025-10-10 01:14:09
4,1607,0.32366537776520105,-0.05565091931045043,2025-10-10 01:14:09
4,1608,0.32535754644546483,-0.05624252130685256,2025-10-10 01:14:09
4,1609,0.32705191826358887,-0.05683405908446557,2025-10-10 01:14:09
4,1610,0.3287484951087507,-0.05742551718337016,2025-10-10 01:14:09
4,1611,0.3304472786515652,-0.058016880131242884,2025-10-10 01:14:09
4,1612,0.3321482703445171,-0.05860813244516157,2025-10-10 01:14:09
4,1613,0.3338514714224098,-0.05919925863342357,2025-10-10 01:14:09
4,1614,0.33555688290282787,-0.05979024319737577,2025-10-10 01:14:09
4,1615,0.3372645055866118,-0.06038107063325525,2025-10-10 01:14:09
4,1616,0.338974340058342,-0.06097172543403945,2025-10-10 01:14:09
4,1617,0.34068638668683054,-0.061562192091304736,2025-10-10 01:14:09
4,1618,0.34240064562561834,-0.06215245509709225,2025-10-10 01:14:09
4,1619,0.3441171168134752,-0.06274249894577977,2025-10-10 01:14:09
4,1620,0.3458357999749011,-0.06333230813595851,2025-10-10 01:14:09
4,1621,0.34755669462062694,-0.06392186717231364,2025-10-10 01:14:09
4,1622,0.34927980004811165,-0.06451116056750734,2025-10-10 01:14:09
4,1623,0.3510051153420348,-0.06510017284406314,2025-10-10 01:14:09
4,1624,0.3527326393747822,-0.06568888853625042,2025-10-10 01:14:09
4,1625,0.35446237080692267,-0.0662772921919679,2025-10-10 01:14:09
4,1626,0.35619430808767394,-0.06686536837462476,2025-10-10 01:14:09
4,1627,0.35792844945535685,-0.06745310166501833,2025-10-10 01:14:09
4,1628,0.35966479293783454,-0.06804047666320721,2025-10-10 01:14:09
4,1629,0.3614033363529367,-0.06862747799037844,2025-10-10 01:14:09
4,1630,0.36314407730886583,-0.06921409029070769,2025-10-10 01:14:09
4,1631,0.3648870132045852,-0.06980029823321134,2025-10-10 01:14:09
4,1632,0.36663214123018645,-0.07038608651358914,2025-10-10 01:14:09
4,1633,0.3683794583672354,-0.07097143985605651,2025-10-10 01:14:09
4,1634,0.3701289613890956,-0.07155634301516513,2025-10-10 01:14:09
4,1635,0.37188064686122757,-0.07214078077761096,2025-10-10 01:14:09
4,1636,0.37363451114146323,-0.07272473796402847,2025-10-10 01:14:09
4,1637,0.3753905503802545,-0.07330819943076995,2025-10-10 01:14:09
4,1638,0.3771487605208949,-0.07389115007166912,2025-10-10 01:14:09
4,1639,0.37890913729971415,-0.0744735748197877,2025-10-10 01:14:09
4,1640,0.380671676246244,-0.07505545864914422,2025-10-10 01:14:09
4,1641,0.38243637268335595,-0.07563678657642396,2025-10-10 01:14:09
4,1642,0.38420322172736965,-0.07621754366266914,2025-10-10 01:14:09
4,1643,0.38597221828813166,-0.07679771501494845,2025-10-10 01:14:09
4,1644,0.387743357069065,-0.07737728578800504,2025-10-10 01:14:09
4,1645,0.3895166325671887,-0.07795624118588221,2025-10-10 01:14:09
4,1646,0.391292039073108,-0.07853456646352582,2025-10-10 01:14:09
4,1647,0.3930695706709743,-0.07911224692836286,2025-10-10 01:14:09
4,1648,0.39484922123841665,-0.07968926794185528,2025-10-10 01:14:09
4,1649,0.3966309844464437,-0.08026561492102849,2025-10-10 01:14:09
4,1650,0.3984148537593172,-0.08084127333997378,2025-10-10 01:14:09
4,1651,0.400200822434398,-0.0814162287313241,2025-10-10 01:14:09
4,1652,0.40198888352196427,-0.08199046668770268,2025-10-10 01:14:09
4,1653,0.4037790298650038,-0.08256397286314367,2025-10-10 01:14:09
4,1654,0.40557125409898037,-0.08313673297448462,2025-10-10 01:14:09
4,1655,0.407365548651576,-0.0837087328027302,2025-10-10 01:14:09
4,1656,0.4091619057424095,-0.08427995819438658,2025-10-10 01:14:09
4,1657,0.41096031738273336,-0.08485039506276638,2025-10-10 01:14:09
4,1658,0.412760775375109,-0.08542002938926359,2025-10-10 01:14:09
4,1659,0.4145632713130636,-0.08598884722459822,2025-10-10 01:14:09
4,1660,0.4163677965807281,-0.08655683469003052,2025-10-10 01:14:09
4,1661,0.41817434235245976,-0.08712397797854432,2025-10-10 01:14:09
4,1662,0.41998289959244955,-0.08769026335599955,2025-10-10 01:14:09
4,1663,0.4217934590543168,-0.08825567716225358,2025-10-10 01:14:09
4,1664,0.4236060112806932,-0.08882020581225132,2025-10-10 01:14:09
4,1665,0.4254205466027973,-0.0893838357970842,2025-10-10 01:14:09
4,1666,0.42723705514000243,-0.08994655368501761,2025-10-10 01:14:09
4,1667,0.42905552679939923,-0.09050834612248715,2025-10-10 01:14:09
4,1668,0.4308759512753558,-0.09106919983506358,2025-10-10 01:14:09
4,1669,0.43269831804907666,-0.09162910162838647,2025-10-10 01:14:09
4,1670,0.434522616388164,-0.09218803838906689,2025-10-10 01:14:09
4,1671,0.4363488353461819,-0.09274599708555895,2025-10-10 01:14:09
4,1672,0.43817696376222776,-0.09330296476900067,2025-10-10 01:14:09
4,1673,0.4400069902605115,-0.0938589285740243,2025-10-10 01:14:09
4,1674,0.4418389032499461,-0.09441387571953609,2025-10-10 01:14:09
4,1675,0.44367269092375183,-0.09496779350946624,2025-10-10 01:14:09
4,1676,0.44550834125907546,-0.09552066933348884,2025-10-10 01:14:09
4,1677,0.44734584201662875,-0.0960724906677125,2025-10-10 01:14:09
4,1678,0.44918518074034713,-0.09662324507534185,2025-10-10 01:14:09
4,1679,0.45102634475707176,-0.09717292020731023,2025-10-10 01:14:09
4,1680,0.45286932117625744,-0.09772150380288412,2025-10-10 01:14:09
4,1681,0.45471409688970843,-0.09826898369023972,2025-10-10 01:14:09
4,1682,0.4565606585713452,-0.09881534778701195,2025-10-10 01:14:09
4,1683,0.4584089926770041,-0.0993605841008166,2025-10-10 01:14:09
4,1684,0.4602590854442723,-0.0999046807297459,2025-10-10 01:14:09
4,1685,0.46211092289236094,-0.10044762586283805,2025-10-10 01:14:09
4,1686,0.46396449082201807,-0.10098940778052146,2025-10-10 01:14:09
4,1687,0.4658197748154842,-0.10153001485503381,2025-10-10 01:14:09
4,1688,0.46767676023649263,-0.10206943555081693,2025-10-10 01:14:09
4,1689,0.46953543223031635,-0.10260765842488771,2025-10-10 01:14:09
4,1690,0.47139577572386426,-0.10314467212718581,2025-10-10 01:14:09
4,1691,0.47325777542582825,-0.10368046540089867,2025-10-10 01:14:09
4,1692,0.47512141582688344,-0.10421502708276449,2025-10-10 01:14:09
4,1693,0.4769866811999432,-0.10474834610335357,2025-10-10 01:14:09
4,1694,0.4788535556004713,-0.1052804114873289,2025-10-10 01:14:09
4,1695,0.48072202286685245,-0.10581121235368642,2025-10-10 01:14:09
4,1696,0.4825920666208228,-0.10634073791597544,2025-10-10 01:14:09
4,1697,0.48446367026796305,-0.10686897748250024,2025-10-10 01:14:09
4,1698,0.48633681699825376,-0.10739592045650292,2025-10-10 01:14:09
4,1699,0.4882114897866964,-0.10792155633632855,2025-10-10 01:14:09
4,1700,0.4900876713939995,-0.10844587471557293,2025-10-10 01:14:09
4,1701,0.4919653443673326,-0.10896886528321376,2025-10-10 01:14:09
4,1702,0.4938444910411477,-0.10949051782372558,2025-10-10 01:14:09
4,1703,0.4957250935380705,-0.11001082221717937,2025-10-10 01:14:09
4,1704,0.497607133769861,-0.11052976843932698,2025-10-10 01:14:09
4,1705,0.49949059343844515,-0.11104734656167142,2025-10-10 01:14:09
4,1706,0.5013754540370178,-0.1115635467515232,2025-10-10 01:14:09
4,1707,0.5032616968512167,-0.11207835927204338,2025-10-10 01:14:09
4,1708,0.5051493029603695,-0.1125917744822739,2025-10-10 01:14:09
4,1709,0.5070382532388126,-0.11310378283715572,2025-10-10 01:14:09
4,1710,0.5089285283572819,-0.11361437488753522,2025-10-10 01:14:09
4,1711,0.5108201087843768,-0.11412354128015931,2025-10-10 01:14:09
4,1712,0.5127129747880956,-0.11463127275765983,2025-10-10 01:14:09
4,1713,0.5146071064374436,-0.11513756015852768,2025-10-10 01:14:09
4,1714,0.5165024836041114,-0.11564239441707698,2025-10-10 01:14:09
4,1715,0.518399085964226,-0.11614576656339996,2025-10-10 01:14:09
4,1716,0.5202968930001701,-0.11664766772331264,2025-10-10 01:14:09
4,1717,0.5221958840024724,-0.11714808911829198,2025-10-10 01:14:09
4,1718,0.524096038071766,-0.11764702206540471,2025-10-10 01:14:09
4,1719,0.525997334120814,-0.11814445797722825,2025-10-10 01:14:09
4,1720,0.5278997508766018,-0.11864038836176397,2025-10-10 01:14:09
4,1721,0.5298032668824947,-0.11913480482234322,2025-10-10 01:14:09
4,1722,0.5317078605004586,-0.11962769905752633,2025-10-10 01:14:09
4,1723,0.5336135099133433,-0.12011906286099483,2025-10-10 01:14:09
4,1724,0.5355201931272263,-0.12060888812143716,2025-10-10 01:14:09
4,1725,0.5374278879738155,-0.12109716682242823,2025-10-10 01:14:09
4,1726,0.5393365721129086,-0.1215838910423027,2025-10-10 01:14:09
4,1727,0.5412462230349084,-0.12206905295402255,2025-10-10 01:14:09
4,1728,0.54315681806339,-0.1225526448250388,2025-10-10 01:14:09
4,1729,0.5450683343577198,-0.12303465901714769,2025-10-10 01:14:09
4,1730,0.5469807489157235,-0.1235150879863414,2025-10-10 01:14:09
4,1731,0.5488940385763993,-0.1239939242826533,2025-10-10 01:14:09
4,1732,0.5508081800226768,-0.12447116054999806,2025-10-10 01:14:09
4,1733,0.5527231497842164,-0.12494678952600638,2025-10-10 01:14:09
4,1734,0.5546389242402482,-0.12542080404185457,2025-10-10 01:14:09
4,1735,0.5565554796224479,-0.12589319702208895,2025-10-10 01:14:09
4,1736,0.5584727920178459,-0.1263639614844451,2025-10-10 01:14:09
4,1737,0.5603908373717686,-0.12683309053966185,2025-10-10 01:14:09
4,1738,0.5623095914908073,-0.12730057739129017,2025-10-10 01:14:09
4,1739,0.5642290300458133,-0.12776641533549649,2025-10-10 01:14:09
4,1740,0.5661491285749165,-0.12823059776086101,2025-10-10 01:14:09
4,1741,0.5680698624865634,-0.12869311814817042,2025-10-10 01:14:09
4,1742,0.5699912070625723,-0.12915397007020496,2025-10-10 01:14:09
4,1743,0.5719131374612038,-0.12961314719152006,2025-10-10 01:14:09
4,1744,0.5738356287202415,-0.13007064326822199,2025-10-10 01:14:09
4,1745,0.5757586557600828,-0.13052645214773767,2025-10-10 01:14:09
4,1746,0.5776821933868341,-0.13098056776857847,2025-10-10 01:14:09
4,1747,0.5796062162954095,-0.1314329841600976,2025-10-10 01:14:09
4,1748,0.5815306990726294,-0.1318836954422412,2025-10-10 01:14:09
4,1749,0.5834556162003159,-0.13233269582529275,2025-10-10 01:14:09
4,1750,0.5853809420583825,-0.13277997960961058,2025-10-10 01:14:09
4,1751,0.5873066509279156,-0.13322554118535856,2025-10-10 01:14:09
4,1752,0.589232716994244,-0.13366937503222945,2025-10-10 01:14:09
4,1753,0.5911591143499948,-0.1341114757191606,2025-10-10 01:14:09
4,1754,0.5930858169981323,-0.13455183790404232,2025-10-10 01:14:09
4,1755,0.5950127988549777,-0.13499045633341797,2025-10-10 01:14:09
4,1756,0.5969400337532061,-0.1354273258421761,2025-10-10 01:14:09
4,1757,0.5988674954448202,-0.13586244135323408,2025-10-10 01:14:09
4,1758,0.6007951576040957,-0.13629579787721322,2025-10-10 01:14:09
4,1759,0.6027229938304983,-0.13672739051210464,2025-10-10 01:14:09
4,1760,0.6046509776515683,-0.13715721444292645,2025-10-10 01:14:09
4,1761,0.6065790825257721,-0.13758526494137113,2025-10-10 01:14:09
4,1762,0.608507281845317,-0.13801153736544344,2025-10-10 01:14:09
4,1763,0.6104355489389284,-0.13843602715908843,2025-10-10 01:14:09
4,1764,0.6123638570745862,-0.13885872985180922,2025-10-10 01:14:09
4,1765,0.6142921794622205,-0.1392796410582744,2025-10-10 01:14:09
4,1766,0.6162204892563626,-0.13969875647791485,2025-10-10 01:14:09
4,1767,0.6181487595587513,-0.1401160718945096,2025-10-10 01:14:09
4,1768,0.6200769634208919,-0.1405315831757606,2025-10-10 01:14:09
4,1769,0.6220050738465674,-0.1409452862728562,2025-10-10 01:14:09
4,1770,0.6239330637942997,-0.14135717722002306,2025-10-10 01:14:09
4,1771,0.62586090617976,-0.1417672521340661,2025-10-10 01:14:09
4,1772,0.6277885738781276,-0.14217550721389677,2025-10-10 01:14:09
4,1773,0.6297160397263956,-0.1425819387400489,2025-10-10 01:14:09
4,1774,0.6316432765256222,-0.1429865430741822,2025-10-10 01:14:09
4,1775,0.6335702570431292,-0.14338931665857338,2025-10-10 01:14:09
4,1776,0.6354969540146429,-0.1437902560155942,2025-10-10 01:14:09
4,1777,0.6374233401463819,-0.14418935774717695,2025-10-10 01:14:09
4,1778,0.6393493881170872,-0.1445866185342667,2025-10-10 01:14:09
4,1779,0.6412750705799963,-0.14498203513626026,2025-10-10 01:14:09
4,1780,0.643200360164762,-0.14537560439043218,2025-10-10 01:14:09
4,1781,0.6451252294793132,-0.14576732321134675,2025-10-10 01:14:09
4,1782,0.6470496511116604,-0.14615718859025692,2025-10-10 01:14:09
4,1783,0.6489735976316452,-0.14654519759448928,2025-10-10 01:14:09
4,1784,0.6508970415926335,-0.14693134736681543,2025-10-10 01:14:09
4,1785,0.6528199555331538,-0.1473156351248094,2025-10-10 01:14:09
4,1786,0.6547423119784805,-0.1476980581601914,2025-10-10 01:14:09
4,1787,0.6566640834421642,-0.14807861383815737,2025-10-10 01:14:09
4,1788,0.6585852424275069,-0.1484572995966948,2025-10-10 01:14:09
4,1789,0.6605057614289869,-0.14883411294588442,2025-10-10 01:14:09
4,1790,0.6624256129336311,-0.14920905146718805,2025-10-10 01:14:09
4,1791,0.6643447694223378,-0.1495821128127223,2025-10-10 01:14:09
4,1792,0.66626320337115,-0.14995329470451838,2025-10-10 01:14:09
4,1793,0.6681808872524813,-0.150322594933768,2025-10-10 01:14:09
4,1794,0.6700977935362955,-0.1506900113600554,2025-10-10 01:14:09
4,1795,0.6720138946912416,-0.15105554191057535,2025-10-10 01:14:09
4,1796,0.6739291631857449,-0.15141918457933773,2025-10-10 01:14:09
4,1797,0.6758435714890573,-0.15178093742635812,2025-10-10 01:14:09
4,1798,0.6777570920722666,-0.152140798576835,2025-10-10 01:14:09
4,1799,0.6796696974092694,-0.1524987662203134,2025-10-10 01:14:09
4,1800,0.6815813599777057,-0.15285483860983515,2025-10-10 01:14:09
4,1801,0.6834920522598609,-0.15320901406107615,2025-10-10 01:14:09
4,1802,0.6854017467435336,-0.15356129095147023,2025-10-10 01:14:09
4,1803,0.6873104159228752,-0.15391166771932038,2025-10-10 01:14:09
4,1804,0.6892180322991992,-0.15426014286289713,2025-10-10 01:14:09
4,1805,0.6911245683817651,-0.15460671493952433,2025-10-10 01:14:09
4,1806,0.6930299966885379,-0.15495138256465263,2025-10-10 01:14:09
4,1807,0.6949342897469265,-0.15529414441092082,2025-10-10 01:14:09
4,1808,0.6968374200945008,-0.15563499920720514,2025-10-10 01:14:09
4,1809,0.6987393602796924,-0.15597394573765683,2025-10-10 01:14:09
4,1810,0.7006400828624795,-0.15631098284072836,2025-10-10 01:14:09
4,1811,0.7025395604150586,-0.1566461094081882,2025-10-10 01:14:09
4,1812,0.7044377655225056,-0.1569793243841247,2025-10-10 01:14:09
4,1813,0.7063346707834272,-0.15731062676393914,2025-10-10 01:14:09
4,1814,0.708230248810607,-0.15764001559332844,2025-10-10 01:14:09
4,1815,0.7101244722316469,-0.15796748996725743,2025-10-10 01:14:09
4,1816,0.7120173136896053,-0.1582930490289215,2025-10-10 01:14:09
4,1817,0.7139087458436368,-0.15861669196869926,2025-10-10 01:14:09
4,1818,0.7157987413696332,-0.15893841802309622,2025-10-10 01:14:09
4,1819,0.7176872729608683,-0.15925822647367907,2025-10-10 01:14:09
4,1820,0.71957431332865,-0.15957611664600152,2025-10-10 01:14:09
4,1821,0.7214598352029792,-0.15989208790852152,2025-10-10 01:14:09
4,1822,0.7233438113332203,-0.16020613967151048,2025-10-10 01:14:09
4,1823,0.7252262144887827,-0.16051827138595468,2025-10-10 01:14:09
4,1824,0.7271070174598163,-0.16082848254244908,2025-10-10 01:14:09
4,1825,0.7289861930579232,-0.16113677267008428,2025-10-10 01:14:09
4,1826,0.7308637141168861,-0.16144314133532636,2025-10-10 01:14:09
4,1827,0.7327395534934159,-0.16174758814089052,2025-10-10 01:14:09
4,1828,0.7346136840679199,-0.16205011272460831,2025-10-10 01:14:09
4,1829,0.7364860787452921,-0.16235071475828936,2025-10-10 01:14:09
4,1830,0.7383567104557263,-0.16264939394657735,2025-10-10 01:14:09
4,1831,0.7402255521555544,-0.16294615002580118,2025-10-10 01:14:09
4,1832,0.7420925768281113,-0.1632409827628211,2025-10-10 01:14:09
4,1833,0.743957757484625,-0.16353389195387047,2025-10-10 01:14:09
4,1834,0.7458210671651369,-0.16382487742339363,2025-10-10 01:14:09
4,1835,0.7476824789394496,-0.16411393902287968,2025-10-10 01:14:09
4,1836,0.7495419659081058,-0.16440107662969317,2025-10-10 01:14:09
4,1837,0.7513995012033968,-0.16468629014590153,2025-10-10 01:14:09
4,1838,0.753255057990403,-0.1649695794970999,2025-10-10 01:14:09
4,1839,0.7551086094680663,-0.16525094463123347,2025-10-10 01:14:09
4,1840,0.7569601288702947,-0.16553038551741783,2025-10-10 01:14:09
4,1841,0.7588095894670993,-0.16580790214475769,2025-10-10 01:14:09
4,1842,0.7606569645657647,-0.16608349452116403,2025-10-10 01:14:09
4,1843,0.7625022275120523,-0.16635716267217046,2025-10-10 01:14:09
4,1844,0.7643453516914367,-0.1666289066397486,2025-10-10 01:14:09
4,1845,0.766186310530375,-0.16689872648112333,2025-10-10 01:14:09
4,1846,0.7680250774976096,-0.16716662226758777,2025-10-10 01:14:09
4,1847,0.769861626105503,-0.1674325940833187,2025-10-10 01:14:09
4,1848,0.7716959299114049,-0.1676966420241924,2025-10-10 01:14:09
4,1849,0.7735279625190514,-0.16795876619660155,2025-10-10 01:14:09
4,1850,0.7753576975799957,-0.16821896671627318,2025-10-10 01:14:09
4,1851,0.7771851087950684,-0.16847724370708828,2025-10-10 01:14:09
4,1852,0.7790101699158687,-0.16873359729990314,2025-10-10 01:14:09
4,1853,0.7808328547462837,-0.16898802763137294,2025-10-10 01:14:09
4,1854,0.7826531371440366,-0.1692405348427776,2025-10-10 01:14:09
4,1855,0.7844709910222609,-0.1694911190788505,2025-10-10 01:14:09
4,1856,0.7862863903511013,-0.1697397804866102,2025-10-10 01:14:09
4,1857,0.7880993091593387,-0.1699865192141954,2025-10-10 01:14:09
4,1858,0.7899097215360394,-0.17023133540970356,2025-10-10 01:14:09
4,1859,0.7917176016322255,-0.17047422922003344,2025-10-10 01:14:09
4,1860,0.7935229236625662,-0.1707152007897317,2025-10-10 01:14:09
4,1861,0.7953256619070885,-0.17095425025984404,2025-10-10 01:14:09
4,1862,0.7971257907129057,-0.1711913777667709,2025-10-10 01:14:09
4,1863,0.7989232844959606,-0.1714265834411284,2025-10-10 01:14:09
4,1864,0.8007181177427847,-0.17165986740661426,2025-10-10 01:14:09
4,1865,0.8025102650122685,-0.17189122977887944,2025-10-10 01:14:09
4,1866,0.8042997009374435,-0.17212067066440542,2025-10-10 01:14:09
4,1867,0.8060864002272727,-0.1723481901593876,2025-10-10 01:14:09
4,1868,0.8078703376684481,-0.172573788348625,2025-10-10 01:14:09
4,1869,0.8096514881271936,-0.17279746530441645,2025-10-10 01:14:09
4,1870,0.8114298265510708,-0.1730192210854636,2025-10-10 01:14:09
4,1871,0.8132053279707865,-0.17323905573578108,2025-10-10 01:14:09
4,1872,0.8149779675019988,-0.17345696928361376,2025-10-10 01:14:09
4,1873,0.8167477203471208,-0.17367296174036181,2025-10-10 01:14:09
4,1874,0.8185145617971199,-0.17388703309951337,2025-10-10 01:14:09
4,1875,0.8202784672333089,-0.17409918333558527,2025-10-10 01:14:09
4,1876,0.8220394121291299,-0.17430941240307224,2025-10-10 01:14:09
4,1877,0.823797372051926,-0.17451772023540427,2025-10-10 01:14:09
4,1878,0.8255523226647008,-0.17472410674391312,2025-10-10 01:14:09
4,1879,0.8273042397278623,-0.17492857181680754,2025-10-10 01:14:09
4,1880,0.8290530991009498,-0.175131115318158,2025-10-10 01:14:09
4,1881,0.8307988767443428,-0.1753317370868906,2025-10-10 01:14:09
4,1882,0.8325415487209472,-0.17553043693579096,2025-10-10 01:14:09
4,1883,0.8342810911978599,-0.17572721465051794,2025-10-10 01:14:09
4,1884,0.8360174804480074,-0.1759220699886276,2025-10-10 01:14:09
4,1885,0.837750692851759,-0.17611500267860766,2025-10-10 01:14:09
4,1886,0.8394807048985096,-0.17630601241892244,2025-10-10 01:14:09
4,1887,0.8412074931882336,-0.17649509887706893,2025-10-10 01:14:09
4,1888,0.8429310344330055,-0.17668226168864398,2025-10-10 01:14:09
4,1889,0.844651305458487,-0.17686750045642283,2025-10-10 01:14:09
4,1890,0.8463682832053782,-0.17705081474944928,2025-10-10 01:14:09
4,1891,0.8480819447308318,-0.17723220410213789,2025-10-10 01:14:09
4,1892,0.8497922672098284,-0.17741166801338817,2025-10-10 01:14:09
4,1893,0.8514992279365113,-0.1775892059457112,2025-10-10 01:14:09
4,1894,0.8532028043254801,-0.17776481732436894,2025-10-10 01:14:09
4,1895,0.8549029739130403,-0.1779385015365264,2025-10-10 01:14:09
4,1896,0.8565997143584091,-0.1781102579304169,2025-10-10 01:14:09
4,1897,0.858293003444876,-0.17828008581452082,2025-10-10 01:14:09
4,1898,0.8599828190809158,-0.17844798445675794,2025-10-10 01:14:09
4,1899,0.8616691393012539,-0.1786139530836937,2025-10-10 01:14:09
4,1900,0.8633519422678833,-0.17877799087975974,2025-10-10 01:14:09
4,1901,0.8650312062710315,-0.17894009698648863,2025-10-10 01:14:09
4,1902,0.8667069097300767,-0.1791002705017636,2025-10-10 01:14:09
4,1903,0.8683790311944132,-0.17925851047908312,2025-10-10 01:14:09
4,1904,0.870047549344264,-0.17941481592684055,2025-10-10 01:14:09
4,1905,0.8717124429914417,-0.17956918580761974,2025-10-10 01:14:09
4,1906,0.8733736910800557,-0.17972161903750597,2025-10-10 01:14:09
4,1907,0.8750312726871663,-0.17987211448541318,2025-10-10 01:14:09
4,1908,0.8766851670233846,-0.18002067097242763,2025-10-10 01:14:09
4,1909,0.8783353534334191,-0.180167287271168,2025-10-10 01:14:09
4,1910,0.8799818113965667,-0.18031196210516248,2025-10-10 01:14:09
4,1911,0.8816245205271512,-0.18045469414824328,2025-10-10 01:14:09
4,1912,0.8832634605749062,-0.18059548202395823,2025-10-10 01:14:09
4,1913,0.8848986114253042,-0.1807343243050005,2025-10-10 01:14:09
4,1914,0.8865299530998317,-0.18087121951265633,2025-10-10 01:14:09
4,1915,0.888157465756211,-0.18100616611627107,2025-10-10 01:14:09
4,1916,0.8897811296885677,-0.18113916253273385,2025-10-10 01:14:09
4,1917,0.891400925327546,-0.1812702071259814,2025-10-10 01:14:09
4,1918,0.8930168332403712,-0.18139929820652104,2025-10-10 01:14:09
4,1919,0.8946288341308603,-0.18152643403097315,2025-10-10 01:14:09
4,1920,0.8962369088393811,-0.18165161280163375,2025-10-10 01:14:09
4,1921,0.8978410383427616,-0.18177483266605698,2025-10-10 01:14:09
4,1922,0.8994412037541484,-0.18189609171665835,2025-10-10 01:14:09
4,1923,0.9010373863228167,-0.18201538799033856,2025-10-10 01:14:09
4,1924,0.9026295674339332,-0.18213271946812848,2025-10-10 01:14:09
4,1925,0.9042177286082701,-0.18224808407485557,2025-10-10 01:14:09
4,1926,0.9058018515018749,-0.18236147967883198,2025-10-10 01:14:09
4,1927,0.9073819179056941,-0.1824729040915647,2025-10-10 01:14:09
4,1928,0.908957909745154,-0.18258235506748785,2025-10-10 01:14:09
4,1929,0.9105298090796983,-0.1826898303037179,2025-10-10 01:14:09
4,1930,0.9120975981022844,-0.18279532743983154,2025-10-10 01:14:09
4,1931,0.9136612591388406,-0.1828988440576668,2025-10-10 01:14:09
4,1932,0.9152207746476831,-0.18300037768114785,2025-10-10 01:14:09
4,1933,0.9167761272188973,-0.18309992577613352,2025-10-10 01:14:09
4,1934,0.9183272995736816,-0.18319748575028993,2025-10-10 01:14:09
4,1935,0.9198742745636579,-0.1832930549529875,2025-10-10 01:14:09
4,1936,0.9214170351701485,-0.1833866306752227,2025-10-10 01:14:09
4,1937,0.9229555645034219,-0.18347821014956484,2025-10-10 01:14:09
4,1938,0.9244898458019076,-0.18356779055012795,2025-10-10 01:14:09
4,1939,0.9260198624313839,-0.18365536899256843,2025-10-10 01:14:09
4,1940,0.9275455978841368,-0.18374094253410828,2025-10-10 01:14:09
4,1941,0.9290670357780954,-0.18382450817358464,2025-10-10 01:14:09
4,1942,0.9305841598559417,-0.18390606285152553,2025-10-10 01:14:09
4,1943,0.9320969539841996,-0.18398560345025225,2025-10-10 01:14:09
4,1944,0.9336054021523019,-0.18406312679400866,2025-10-10 01:14:09
4,1945,0.9351094884716387,-0.1841386296491176,2025-10-10 01:14:09
4,1946,0.9366091971745875,-0.18421210872416457,2025-10-10 01:14:09
4,1947,0.9381045126135283,-0.1842835606702091,2025-10-10 01:14:09
4,1948,0.9395954192598431,-0.1843529820810238,2025-10-10 01:14:09
4,1949,0.9410819017029022,-0.18442036949336166,2025-10-10 01:14:09
4,1950,0.9425639446490393,-0.1844857193872514,2025-10-10 01:14:09
4,1951,0.9440415329205165,-0.18454902818632132,2025-10-10 01:14:09
4,1952,0.9455146514544802,-0.18461029225815181,2025-10-10 01:14:09
4,1953,0.9469832853019099,-0.18466950791465672,2025-10-10 01:14:09
4,1954,0.9484474196265608,-0.1847266714124936,2025-10-10 01:14:09
4,1955,0.9499070397039019,-0.18478177895350326,2025-10-10 01:14:09
4,1956,0.9513621309200511,-0.1848348266851785,2025-10-10 01:14:09
4,1957,0.9528126787707077,-0.1848858107011625,2025-10-10 01:14:09
4,1958,0.9542586688600847,-0.18493472704177646,2025-10-10 01:14:09
4,1959,0.9557000868998408,-0.18498157169457738,2025-10-10 01:14:09
4,1960,0.9571369187080145,-0.18502634059494522,2025-10-10 01:14:09
4,1961,0.9585691502079611,-0.18506902962670033,2025-10-10 01:14:09
4,1962,0.9599967674272918,-0.18510963462275068,2025-10-10 01:14:09
4,1963,0.9614197564968197,-0.18514815136576918,2025-10-10 01:14:09
4,1964,0.9628381036495097,-0.1851845755889011,2025-10-10 01:14:09
4,1965,0.9642517952194359,-0.1852189029765018,2025-10-10 01:14:09
4,1966,0.9656608176407457,-0.1852511291649043,2025-10-10 01:14:09
4,1967,0.9670651574466326,-0.1852812497432175,2025-10-10 01:14:09
4,1968,0.9684648012683172,-0.18530926025415415,2025-10-10 01:14:09
4,1969,0.9698597358340392,-0.1853351561948893,2025-10-10 01:14:09
4,1970,0.9712499479680573,-0.18535893301794876,2025-10-10 01:14:09
4,1971,0.9726354245896622,-0.18538058613212763,2025-10-10 01:14:09
4,1972,0.9740161527121994,-0.18540011090343886,2025-10-10 01:14:09
4,1973,0.9753921194421041,-0.18541750265609175,2025-10-10 01:14:09
4,1974,0.9767633119779483,-0.18543275667350032,2025-10-10 01:14:09
4,1975,0.9781297176095001,-0.18544586819932127,2025-10-10 01:14:09
4,1976,0.979491323716796,-0.1854568324385216,2025-10-10 01:14:09
4,1977,0.9808481177692262,-0.18546564455847564,2025-10-10 01:14:09
4,1978,0.9822000873246322,-0.18547229969009127,2025-10-10 01:14:09
4,1979,0.9835472200284185,-0.18547679292896516,2025-10-10 01:14:09
4,1980,0.9848895036126778,-0.18547911933656697,2025-10-10 01:14:09
4,1981,0.9862269258953279,-0.18547927394145203,2025-10-10 01:14:09
4,1982,0.9875594747792636,-0.18547725174050236,2025-10-10 01:14:09
4,1983,0.9888871382515209,-0.18547304770019585,2025-10-10 01:14:09
4,1984,0.9902099043824534,-0.18546665675790322,2025-10-10 01:14:09
4,1985,0.9915277613249235,-0.18545807382321233,2025-10-10 01:14:09
4,1986,0.992840697313504,-0.18544729377927985,2025-10-10 01:14:09
4,1987,0.9941487006636931,-0.1854343114842095,2025-10-10 01:14:09
4,1988,0.9954517597711411,-0.18541912177245687,2025-10-10 01:14:09
4,1989,0.9967498631108883,-0.18540171945626024,2025-10-10 01:14:09
4,1990,0.9980429992366144,-0.18538209932709698,2025-10-10 01:14:09
4,1991,0.9993311567798984,-0.1853602561571652,2025-10-10 01:14:09
4,1992,1.0006143244494883,-0.18533618470089006,2025-10-10 01:14:09
4,1993,1.0018924910305809,-0.1853098796964544,2025-10-10 01:14:09
4,1994,1.0031656453841105,-0.18528133586735318,2025-10-10 01:14:09
4,1995,1.0044337764460463,-0.18525054792397097,2025-10-10 01:14:09
4,1996,1.005696873226697,-0.18521751056518249,2025-10-10 01:14:09
4,1997,1.0069549248100238,-0.18518221847997496,2025-10-10 01:14:09
4,1998,1.0082079203529584,-0.18514466634909227,2025-10-10 01:14:09
4,1999,1.009455849084728,-0.18510484884670003,2025-10-10 01:14:09
4,2000,1.0106987003061858,-0.18506276064207106,2025-10-10 01:14:09
4,2001,1.011936463389145,-0.1850183964012905,2025-10-10 01:14:09
4,2002,1.013169127775717,-0.18497175078898015,2025-10-10 01:14:09
4,2003,1.0143966829776534,-0.18492281847004102,2025-10-10 01:14:09
4,2004,1.0156191185756878,-0.18487159411141374,2025-10-10 01:14:09
4,2005,1.0168364242188828,-0.18481807238385592,2025-10-10 01:14:09
4,2006,1.0180485896239748,-0.18476224796373567,2025-10-10 01:14:09
4,2007,1.0192556045747203,-0.18470411553484076,2025-10-10 01:14:09
4,2008,1.020457458921241,-0.18464366979020244,2025-10-10 01:14:09
4,2009,1.021654142579367,-0.18458090543393318,2025-10-10 01:14:09
4,2010,1.0228456455299797,-0.1845158171830776,2025-10-10 01:14:09
4,2011,1.0240319578183488,-0.1844483997694757,2025-10-10 01:14:09
4,2012,1.0252130695534687,-0.1843786479416375,2025-10-10 01:14:09
4,2013,1.0263889709073881,-0.18430655646662855,2025-10-10 01:14:09
4,2014,1.0275596521145365,-0.18423212013196488,2025-10-10 01:14:09
4,2015,1.0287251034710432,-0.184155333747517,2025-10-10 01:14:09
4,2016,1.029885315334052,-0.18407619214742188,2025-10-10 01:14:09
4,2017,1.0310402781210266,-0.18399469019200196,2025-10-10 01:14:09
4,2018,1.0321899823090506,-0.18391082276969037,2025-10-10 01:14:09
4,2019,1.0333344184341178,-0.18382458479896122,2025-10-10 01:14:09
4,2020,1.0344735770904143,-0.18373597123026433,2025-10-10 01:14:09
4,2021,1.035607448929592,-0.1836449770479632,2025-10-10 01:14:09
4,2022,1.0367360246600308,-0.18355159727227524,2025-10-10 01:14:09
4,2023,1.0378592950460925,-0.18345582696121351,2025-10-10 01:14:09
4,2024,1.0389772509073625,-0.18335766121252875,2025-10-10 01:14:09
4,2025,1.0400898831178813,-0.18325709516565084,2025-10-10 01:14:09
4,2026,1.0411971826053648,-0.18315412400362865,2025-10-10 01:14:09
4,2027,1.0422991403504118,-0.18304874295506735,2025-10-10 01:14:09
4,2028,1.043395747385701,-0.18294094729606195,2025-10-10 01:14:09
4,2029,1.0444869947951745,-0.18283073235212646,2025-10-10 01:14:09
4,2030,1.0455728737132102,-0.1827180935001172,2025-10-10 01:14:09
4,2031,1.0466533753237799,-0.18260302617014953,2025-10-10 01:14:09
4,2032,1.0477284908595963,-0.18248552584750707,2025-10-10 01:14:09
4,2033,1.0487982116012464,-0.18236558807454198,2025-10-10 01:14:09
4,2034,1.049862528876312,-0.18224320845256584,2025-10-10 01:14:09
4,2035,1.0509214340584778,-0.1821183826437296,2025-10-10 01:14:09
4,2036,1.0519749185666265,-0.181991106372892,2025-10-10 01:14:09
4,2037,1.0530229738639214,-0.18186137542947525,2025-10-10 01:14:09
4,2038,1.054065591456876,-0.18172918566930693,2025-10-10 01:14:09
4,2039,1.0551027628944114,-0.18159453301644737,2025-10-10 01:14:09
4,2040,1.0561344797669021,-0.18145741346500124,2025-10-10 01:14:09
4,2041,1.0571607337052091,-0.18131782308091263,2025-10-10 01:14:09
4,2042,1.0581815163797017,-0.18117575800374244,2025-10-10 01:14:09
4,2043,1.0591968194992682,-0.18103121444842737,2025-10-10 01:14:09
4,2044,1.0602066348103159,-0.1808841887070193,2025-10-10 01:14:09
4,2045,1.061210954095759,-0.18073467715040448,2025-10-10 01:14:09
4,2046,1.0622097691739998,-0.18058267623000124,2025-10-10 01:14:09
4,2047,1.0632030718978966,-0.1804281824794357,2025-10-10 01:14:09
4,2048,1.064190854153726,-0.18027119251619445,2025-10-10 01:14:09
4,2049,1.0651731078601336,-0.1801117030432531,2025-10-10 01:14:09
4,2050,1.0661498249670804,-0.17994971085068048,2025-10-10 01:14:09
4,2051,1.0671209974547788,-0.17978521281721707,2025-10-10 01:14:09
4,2052,1.0680866173326244,-0.17961820591182717,2025-10-10 01:14:09
4,2053,1.0690466766381213,-0.17944868719522408,2025-10-10 01:14:09
4,2054,1.0700011674358014,-0.17927665382136737,2025-10-10 01:14:09
4,2055,1.070950081816142,-0.1791021030389317,2025-10-10 01:14:09
4,2056,1.0718934118944767,-0.17892503219274647,2025-10-10 01:14:09
4,2057,1.0728311498099068,-0.17874543872520543,2025-10-10 01:14:09
4,2058,1.0737632877242083,-0.178563320177646,2025-10-10 01:14:09
4,2059,1.0746898178207398,-0.17837867419169745,2025-10-10 01:14:09
4,2060,1.0756107323033495,-0.17819149851059723,2025-10-10 01:14:09
4,2061,1.0765260233952834,-0.1780017909804754,2025-10-10 01:14:09
4,2062,1.0774356833380951,-0.17780954955160605,2025-10-10 01:14:09
4,2063,1.0783397043905587,-0.17761477227962583,2025-10-10 01:14:09
4,2064,1.079238078827585,-0.17741745732671854,2025-10-10 01:14:09
4,2065,1.0801307989391429,-0.17721760296276595,2025-10-10 01:14:09
4,2066,1.0810178570291855,-0.1770152075664641,2025-10-10 01:14:09
4,2067,1.0818992454145844,-0.17681026962640486,2025-10-10 01:14:09
4,2068,1.0827749564240705,-0.17660278774212246,2025-10-10 01:14:09
4,2069,1.0836449823971834,-0.17639276062510478,2025-10-10 01:14:09
4,2070,1.084509315683231,-0.17618018709976907,2025-10-10 01:14:09
4,2071,1.0853679486402603,-0.17596506610440193,2025-10-10 01:14:09
4,2072,1.0862208736340377,-0.1757473966920635,2025-10-10 01:14:09
4,2073,1.0870680830370452,-0.17552717803145554,2025-10-10 01:14:09
4,2074,1.0879095692274872,-0.17530440940775377,2025-10-10 01:14:09
4,2075,1.088745324588314,-0.17507909022340376,2025-10-10 01:14:09
4,2076,1.0895753415062606,-0.17485121999888098,2025-10-10 01:14:09
4,2077,1.0903996123709012,-0.1746207983734148,2025-10-10 01:14:09
4,2078,1.0912181295737227,-0.17438782510567646,2025-10-10 01:14:09
4,2079,1.0920308855072156,-0.17415230007443133,2025-10-10 01:14:09
4,2080,1.0928378725639858,-0.1739142232791554,2025-10-10 01:14:09
4,2081,1.093639083135885,-0.17367359484061634,2025-10-10 01:14:09
4,2082,1.0944345096131647,-0.17343041500141945,2025-10-10 01:14:09
4,2083,1.09522414438365,-0.17318468412651847,2025-10-10 01:14:09
4,2084,1.0960079798319384,-0.17293640270369187,2025-10-10 01:14:09
4,2085,1.0967860083386232,-0.17268557134398482,2025-10-10 01:14:09
4,2086,1.0975582222795386,-0.17243219078211727,2025-10-10 01:14:09
4,2087,1.098324614025034,-0.17217626187685853,2025-10-10 01:14:09
4,2088,1.099085175939272,-0.17191778561136883,2025-10-10 01:14:09
4,2089,1.0998399003795554,-0.17165676309350836,2025-10-10 01:14:09
4,2090,1.1005887796956813,-0.17139319555611426,2025-10-10 01:14:09
4,2091,1.1013318062293234,-0.17112708435724627,2025-10-10 01:14:09
4,2092,1.1020689723134447,-0.1708584309804013,2025-10-10 01:14:09
4,2093,1.1028002702717392,-0.17058723703469797,2025-10-10 01:14:09
4,2094,1.1035256924181038,-0.17031350425503147,2025-10-10 01:14:09
4,2095,1.1042452310561428,-0.17003723450219949,2025-10-10 01:14:09
4,2096,1.104958878478702,-0.1697584297629999,2025-10-10 01:14:09
4,2097,1.1056666269674362,-0.16947709215030113,2025-10-10 01:14:09
4,2098,1.1063684687924098,-0.16919322390308553,2025-10-10 01:14:09
4,2099,1.1070643962117286,-0.16890682738646703,2025-10-10 01:14:09
4,2100,1.1077544014712062,-0.1686179050916836,2025-10-10 01:14:09
4,2101,1.1084384768040647,-0.16832645963606527,2025-10-10 01:14:09
4,2102,1.109116614430668,-0.16803249376297882,2025-10-10 01:14:09
4,2103,1.1097888065582904,-0.16773601034174979,2025-10-10 01:14:09
4,2104,1.1104550453809208,-0.16743701236756267,2025-10-10 01:14:09
4,2105,1.1111153230790995,-0.16713550296134033,2025-10-10 01:14:09
4,2106,1.111769631819792,-0.16683148536960343,2025-10-10 01:14:09
4,2107,1.1124179637562965,-0.16652496296431085,2025-10-10 01:14:09
4,2108,1.1130603110281885,-0.16621593924268185,2025-10-10 01:14:09
4,2109,1.1136966657612988,-0.16590441782700127,2025-10-10 01:14:09
4,2110,1.1143270200677282,-0.16559040246440823,2025-10-10 01:14:09
4,2111,1.114951366045897,-0.16527389702666964,2025-10-10 01:14:09
4,2112,1.1155696957806298,-0.16495490550993933,2025-10-10 01:14:09
4,2113,1.1161820013432762,-0.16463343203450365,2025-10-10 01:14:09
4,2114,1.1167882747918654,-0.16430948084451472,2025-10-10 01:14:09
4,2115,1.1173885081712969,-0.16398305630771196,2025-10-10 01:14:09
4,2116,1.1179826935135655,-0.16365416291513313,2025-10-10 01:14:09
4,2117,1.118570822838021,-0.16332280528081553,2025-10-10 01:14:09
4,2118,1.1191528881516613,-0.16298898814148854,2025-10-10 01:14:09
4,2119,1.1197288814494615,-0.16265271635625825,2025-10-10 01:14:09
4,2120,1.1202987947147347,-0.16231399490628493,2025-10-10 01:14:09
4,2121,1.1208626199195268,-0.16197282889445472,2025-10-10 01:14:09
4,2122,1.121420349025045,-0.16162922354504575,2025-10-10 01:14:09
4,2123,1.1219719739821166,-0.16128318420339002,2025-10-10 01:14:09
4,2124,1.1225174867316834,-0.16093471633553175,2025-10-10 01:14:09
4,2125,1.1230568792053242,-0.16058382552788283,2025-10-10 01:14:09
4,2126,1.12359014332581,-0.16023051748687636,2025-10-10 01:14:09
4,2127,1.1241172710076903,-0.15987479803861893,2025-10-10 01:14:09
4,2128,1.1246382541579083,-0.15951667312854248,2025-10-10 01:14:09
4,2129,1.1251530846764453,-0.15915614882105628,2025-10-10 01:14:09
4,2130,1.1256617544569956,-0.1587932312991998,2025-10-10 01:14:09
4,2131,1.1261642553876676,-0.15842792686429732,2025-10-10 01:14:09
4,2132,1.1266605793517142,-0.1580602419356143,2025-10-10 01:14:09
4,2133,1.1271507182282883,-0.15769018305001686,2025-10-10 01:14:09
4,2134,1.1276346638932258,-0.15731775686163438,2025-10-10 01:14:09
4,2135,1.1281124082198541,-0.15694297014152586,2025-10-10 01:14:09
4,2136,1.1285839430798243,-0.15656582977735067,2025-10-10 01:14:09
4,2137,1.1290492603439686,-0.15618634277304394,2025-10-10 01:14:09
4,2138,1.1295083518831799,-0.15580451624849706,2025-10-10 01:14:09
4,2139,1.1299612095693152,-0.1554203574392438,2025-10-10 01:14:09
4,2140,1.1304078252761196,-0.15503387369615196,2025-10-10 01:14:09
4,2141,1.1308481908801713,-0.15464507248512152,2025-10-10 01:14:09
4,2142,1.1312822982618485,-0.15425396138678868,2025-10-10 01:14:09
4,2143,1.1317101393063127,-0.1538605480962368,2025-10-10 01:14:09
4,2144,1.1321317059045137,-0.15346484042271386,2025-10-10 01:14:09
4,2145,1.1325469899542102,-0.1530668462893567,2025-10-10 01:14:09
4,2146,1.1329559833610083,-0.1526665737329224,2025-10-10 01:14:09
4,2147,1.133358678039416,-0.15226403090352617,2025-10-10 01:14:09
4,2148,1.1337550659139126,-0.15185922606438665,2025-10-10 01:14:09
4,2149,1.134145138920034,-0.15145216759157767,2025-10-10 01:14:09
4,2150,1.1345288890054699,-0.15104286397378697,2025-10-10 01:14:09
4,2151,1.134906308131175,-0.1506313238120815,2025-10-10 01:14:09
4,2152,1.1352773882724927,-0.15021755581967916,2025-10-10 01:14:09
4,2153,1.135642121420289,-0.14980156882172685,2025-10-10 01:14:09
4,2154,1.1360004995820976,-0.1493833717550844,2025-10-10 01:14:09
4,2155,1.136352514783275,-0.14896297366811415,2025-10-10 01:14:09
4,2156,1.1366981590681642,-0.14854038372047598,2025-10-10 01:14:09
4,2157,1.1370374245012669,-0.14811561118292715,2025-10-10 01:14:09
4,2158,1.137370303168423,-0.14768866543712666,2025-10-10 01:14:09
4,2159,1.1376967871779975,-0.14725955597544382,2025-10-10 01:14:09
4,2160,1.1380168686620722,-0.1468282924007702,2025-10-10 01:14:09
4,2161,1.1383305397776444,-0.14639488442633472,2025-10-10 01:14:09
4,2162,1.1386377927078293,-0.1459593418755213,2025-10-10 01:14:09
4,2163,1.1389386196630669,-0.1455216746816881,2025-10-10 01:14:09
4,2164,1.1392330128823318,-0.14508189288798845,2025-10-10 01:14:09
4,2165,1.1395209646343467,-0.14464000664719187,2025-10-10 01:14:09
4,2166,1.1398024672187974,-0.14419602622150546,2025-10-10 01:14:09
4,2167,1.1400775129675498,-0.14374996198239418,2025-10-10 01:14:09
4,2168,1.1403460942458679,-0.1433018244103997,2025-10-10 01:14:09
4,2169,1.140608203453632,-0.14285162409495705,2025-10-10 01:14:09
4,2170,1.1408638330265581,-0.14239937173420786,2025-10-10 01:14:09
4,2171,1.1411129754374159,-0.14194507813481005,2025-10-10 01:14:09
4,2172,1.1413556231972461,-0.1414887542117427,2025-10-10 01:14:09
4,2173,1.1415917688565778,-0.1410304109881052,2025-10-10 01:14:09
4,2174,1.1418214050066418,-0.1405700595949102,2025-10-10 01:14:09
4,2175,1.1420445242805846,-0.14010771127086924,2025-10-10 01:14:09
4,2176,1.1422611193546783,-0.13964337736217008,2025-10-10 01:14:09
4,2177,1.142471182949529,-0.13917706932224524,2025-10-10 01:14:09
4,2178,1.142674707831282,-0.13870879871153036,2025-10-10 01:14:09
4,2179,1.1428716868128235,-0.13823857719721186,2025-10-10 01:14:09
4,2180,1.14306211275498,-0.13776641655296298,2025-10-10 01:14:09
4,2181,1.1432459785677145,-0.13729232865866697,2025-10-10 01:14:09
4,2182,1.1434232772113175,-0.13681632550012693,2025-10-10 01:14:09
4,2183,1.1435940016975965,-0.13633841916876113,2025-10-10 01:14:09
4,2184,1.14375814509106,-0.13585862186128317,2025-10-10 01:14:09
4,2185,1.1439157005101004,-0.13537694587936586,2025-10-10 01:14:09
4,2186,1.1440666611281698,-0.134893403629288,2025-10-10 01:14:09
4,2187,1.1442110201749551,-0.13440800762156355,2025-10-10 01:14:09
4,2188,1.1443487709375486,-0.13392077047055162,2025-10-10 01:14:09
4,2189,1.1444799067616152,-0.13343170489404738,2025-10-10 01:14:09
4,2190,1.144604421052556,-0.1329408237128522,2025-10-10 01:14:09
4,2191,1.1447223072766703,-0.13244813985032297,2025-10-10 01:14:09
4,2192,1.1448335589623126,-0.13195366633189926,2025-10-10 01:14:09
4,2193,1.1449381697010492,-0.13145741628460794,2025-10-10 01:14:09
4,2194,1.145036133148811,-0.13095940293654457,2025-10-10 01:14:09
4,2195,1.1451274430270462,-0.13045963961633048,2025-10-10 01:14:09
4,2196,1.145212093123869,-0.12995813975254544,2025-10-10 01:14:09
4,2197,1.1452900772952095,-0.12945491687313485,2025-10-10 01:14:09
4,2198,1.1453613894659613,-0.128949984604791,2025-10-10 01:14:09
4,2199,1.14542602363113,-0.1284433566723082,2025-10-10 01:14:09
4,2200,1.1454839738569806,-0.12793504689791038,2025-10-10 01:14:09
4,2201,1.1455352342821876,-0.12742506920055188,2025-10-10 01:14:09
4,2202,1.145579799118984,-0.12691343759518986,2025-10-10 01:14:09
4,2203,1.1456176626543142,-0.1264001661920287,2025-10-10 01:14:09
4,2204,1.1456488192509884,-0.1258852691957357,2025-10-10 01:14:09
4,2205,1.1456732633488407,-0.12536876090462767,2025-10-10 01:14:09
4,2206,1.14569098946589,-0.12485065570982855,2025-10-10 01:14:09
4,2207,1.1457019921995066,-0.12433096809439734,2025-10-10 01:14:09
4,2208,1.1457062662275832,-0.12380971263242654,2025-10-10 01:14:09
4,2209,1.145703806309712,-0.12328690398811071,2025-10-10 01:14:09
4,2210,1.1456946072883685,-0.12276255691478516,2025-10-10 01:14:09
4,2211,1.145678664090102,-0.12223668625393479,2025-10-10 01:14:09
4,2212,1.145655971726736,-0.12170930693417294,2025-10-10 01:14:09
4,2213,1.1456265252965758,-0.12118043397019039,2025-10-10 01:14:09
4,2214,1.145590319985627,-0.1206500824616746,2025-10-10 01:14:09
4,2215,1.1455473510688234,-0.12011826759219926,2025-10-10 01:14:09
4,2216,1.1454976139112685,-0.11958500462808451,2025-10-10 01:14:09
4,2217,1.1454411039694867,-0.11905030891722783,2025-10-10 01:14:09
4,2218,1.14537781679269,-0.11851419588790611,2025-10-10 01:14:09
4,2219,1.1453077480240572,-0.1179766810475491,2025-10-10 01:14:09
4,2220,1.1452308934020283,-0.11743777998148465,2025-10-10 01:14:09
4,2221,1.1451472487616152,-0.11689750835165619,2025-10-10 01:14:09
4,2222,1.1450568100357281,-0.11635588189531289,2025-10-10 01:14:09
4,2223,1.1449595732565205,-0.11581291642367306,2025-10-10 01:14:09
4,2224,1.1448555345567513,-0.11526862782056124,2025-10-10 01:14:09
4,2225,1.1447446901711666,-0.11472303204101976,2025-10-10 01:14:09
4,2226,1.1446270364379025,-0.11417614510989518,2025-10-10 01:14:09
4,2227,1.1445025697999065,-0.11362798312040061,2025-10-10 01:14:09
4,2228,1.144371286806383,-0.11307856223265421,2025-10-10 01:14:09
4,2229,1.144233184114259,-0.11252789867219509,2025-10-10 01:14:09
4,2230,1.1440882584896757,-0.11197600872847703,2025-10-10 01:14:09
4,2231,1.1439365068095013,-0.11142290875334107,2025-10-10 01:14:09
4,2232,1.1437779260628704,-0.11086861515946776,2025-10-10 01:14:09
4,2233,1.1436125133527486,-0.11031314441881,2025-10-10 01:14:09
4,2234,1.1434402658975227,-0.10975651306100735,2025-10-10 01:14:09
4,2235,1.143261181032618,-0.1091987376717828,2025-10-10 01:14:09
4,2236,1.1430752562121445,-0.108639834891323,2025-10-10 01:14:09
4,2237,1.142882489010568,-0.10807982141264294,2025-10-10 01:14:09
4,2238,1.142682877124414,-0.10751871397993604,2025-10-10 01:14:09
4,2239,1.142476418373997,-0.10695652938691087,2025-10-10 01:14:09
4,2240,1.1422631107051826,-0.1063932844751155,2025-10-10 01:14:09
4,2241,1.1420429521911775,-0.10582899613225033,2025-10-10 01:14:09
4,2242,1.1418159410343511,-0.10526368129047103,2025-10-10 01:14:09
4,2243,1.1415820755680892,-0.10469735692468213,2025-10-10 01:14:09
4,2244,1.1413413542586768,-0.1041300400508228,2025-10-10 01:14:09
4,2245,1.141093775707214,-0.10356174772414575,2025-10-10 01:14:09
4,2246,1.1408393386515634,-0.1029924970374905,2025-10-10 01:14:09
4,2247,1.1405780419683296,-0.10242230511955204,2025-10-10 01:14:09
4,2248,1.1403098846748707,-0.10185118913314618,2025-10-10 01:14:09
4,2249,1.140034865931342,-0.10127916627347264,2025-10-10 01:14:09
4,2250,1.1397529850427723,-0.10070625376637701,2025-10-10 01:14:09
4,2251,1.139464241461172,-0.10013246886661283,2025-10-10 01:14:09
4,2252,1.1391686347876737,-0.09955782885610476,2025-10-10 01:14:09
4,2253,1.1388661647747045,-0.0989823510422142,2025-10-10 01:14:09
4,2254,1.13855683132819,-0.09840605275600818,2025-10-10 01:14:09
4,2255,1.1382406345097904,-0.09782895135053285,2025-10-10 01:14:09
4,2256,1.1379175745391668,-0.09725106419909257,2025-10-10 01:14:09
4,2257,1.1375876517962789,-0.09667240869353573,2025-10-10 01:14:09
4,2258,1.1372508668237131,-0.09609300224254816,2025-10-10 01:14:09
4,2259,1.1369072203290393,-0.09551286226995542,2025-10-10 01:14:09
4,2260,1.1365567131871983,-0.09493200621303483,2025-10-10 01:14:09
4,2261,1.1361993464429165,-0.09435045152083812,2025-10-10 01:14:09
4,2262,1.135835121313149,-0.09376821565252598,2025-10-10 01:14:09
4,2263,1.1354640391895492,-0.09318531607571502,2025-10-10 01:14:09
4,2264,1.135086101640965,-0.09260177026483836,2025-10-10 01:14:09
4,2265,1.1347013104159598,-0.09201759569952053,2025-10-10 01:14:09
4,2266,1.1343096674453572,-0.09143280986296766,2025-10-10 01:14:09
4,2267,1.1339111748448105,-0.0908474302403735,2025-10-10 01:14:09
4,2268,1.1335058349173917,-0.09026147431734241,2025-10-10 01:14:09
4,2269,1.1330936501562034,-0.08967495957832959,2025-10-10 01:14:09
4,2270,1.132674623247009,-0.0890879035050997,2025-10-10 01:14:09
4,2271,1.132248757070882,-0.08850032357520406,2025-10-10 01:14:09
4,2272,1.1318160547068707,-0.08791223726047745,2025-10-10 01:14:09
4,2273,1.1313765194346803,-0.08732366202555474,2025-10-10 01:14:09
4,2274,1.1309301547373671,-0.08673461532640801,2025-10-10 01:14:09
4,2275,1.130476964304046,-0.08614511460890477,2025-10-10 01:14:09
4,2276,1.130016952032608,-0.08555517730738732,2025-10-10 01:14:09
4,2277,1.129550122032448,-0.08496482084327416,2025-10-10 01:14:09
4,2278,1.129076478627198,-0.0843740626236833,2025-10-10 01:14:09
4,2279,1.1285960263574681,-0.08378292004007813,2025-10-10 01:14:09
4,2280,1.128108769983589,-0.0831914104669359,2025-10-10 01:14:09
4,2281,1.1276147144883581,-0.08259955126043905,2025-10-10 01:14:09
4,2282,1.1271138650797843,-0.08200735975718967,2025-10-10 01:14:09
4,2283,1.1266062271938315,-0.08141485327294702,2025-10-10 01:14:09
4,2284,1.1260918064971581,-0.08082204910138832,2025-10-10 01:14:09
4,2285,1.1255706088898496,-0.08022896451289278,2025-10-10 01:14:09
4,2286,1.1250426405081444,-0.0796356167533489,2025-10-10 01:14:09
4,2287,1.1245079077271478,-0.07904202304298484,2025-10-10 01:14:09
4,2288,1.123966417163535,-0.07844820057522198,2025-10-10 01:14:09
4,2289,1.1234181756782395,-0.07785416651555127,2025-10-10 01:14:09
4,2290,1.1228631903791233,-0.07725993800043239,2025-10-10 01:14:09
4,2291,1.12230146862363,-0.07666553213621533,2025-10-10 01:14:09
4,2292,1.1217330180214158,-0.0760709659980842,2025-10-10 01:14:09
4,2293,1.121157846436958,-0.07547625662902298,2025-10-10 01:14:09
4,2294,1.1205759619921372,-0.07488142103880267,2025-10-10 01:14:09
4,2295,1.1199873730687915,-0.07428647620298977,2025-10-10 01:14:09
4,2296,1.119392088311242,-0.07369143906197533,2025-10-10 01:14:09
4,2297,1.1187901166287846,-0.07309632652002432,2025-10-10 01:14:09
4,2298,1.1181814671981478,-0.0725011554443448,2025-10-10 01:14:09
4,2299,1.1175661494659148,-0.07190594266417621,2025-10-10 01:14:09
4,2300,1.1169441731509049,-0.07131070496989647,2025-10-10 01:14:09
4,2301,1.1163155482465152,-0.07071545911214701,2025-10-10 01:14:09
4,2302,1.1156802850230187,-0.07012022180097538,2025-10-10 01:14:09
4,2303,1.1150383940298163,-0.06952500970499469,2025-10-10 01:14:09
4,2304,1.1143898860976424,-0.06892983945055907,2025-10-10 01:14:09
4,2305,1.1137347723407198,-0.06833472762095479,2025-10-10 01:14:09
4,2306,1.113073064158864,-0.06773969075560596,2025-10-10 01:14:09
4,2307,1.1124047732395328,-0.06714474534929439,2025-10-10 01:14:09
4,2308,1.111729911559821,-0.06654990785139263,2025-10-10 01:14:09
4,2309,1.1110484913883971,-0.06595519466510959,2025-10-10 01:14:09
4,2310,1.1103605252873812,-0.06536062214674788,2025-10-10 01:14:09
4,2311,1.1096660261141604,-0.06476620660497215,2025-10-10 01:14:09
4,2312,1.108965007023143,-0.06417196430008747,2025-10-10 01:14:09
4,2313,1.1082574814674457,-0.06357791144332722,2025-10-10 01:14:09
4,2314,1.1075434632005174,-0.06298406419614945,2025-10-10 01:14:09
4,2315,1.1068229662776918,-0.06239043866954096,2025-10-10 01:14:09
4,2316,1.1060960050576736,-0.06179705092332832,2025-10-10 01:14:09
4,2317,1.1053625942039516,-0.06120391696549505,2025-10-10 01:14:09
4,2318,1.1046227486861406,-0.060611052751503976,2025-10-10 01:14:09
4,2319,1.1038764837812503,-0.06001847418362418,2025-10-10 01:14:09
4,2320,1.1031238150748781,-0.05942619711026159,2025-10-10 01:14:09
4,2321,1.1023647584623282,-0.05883423732529247,2025-10-10 01:14:09
4,2322,1.1015993301496514,-0.058242610567398996,2025-10-10 01:14:09
4,2323,1.1008275466546096,-0.05765133251940617,2025-10-10 01:14:09
4,2324,1.1000494248075599,-0.05706041880761934,2025-10-10 01:14:09
4,2325,1.0992649817522602,-0.05646988500116151,2025-10-10 01:14:09
4,2326,1.0984742349465952,-0.05587974661130975,2025-10-10 01:14:09
4,2327,1.0976772021632208,-0.05529001909082999,2025-10-10 01:14:09
4,2328,1.096873901490128,-0.05470071783330958,2025-10-10 01:14:09
4,2329,1.096064351331126,-0.05411185817248677,2025-10-10 01:14:09
4,2330,1.0952485704062414,-0.053523455381576664,2025-10-10 01:14:09
4,2331,1.094426577752039,-0.052935524672592896,2025-10-10 01:14:09
4,2332,1.0935983927218578,-0.05234808119566446,2025-10-10 01:14:09
4,2333,1.0927640349859655,-0.051761140038347205,2025-10-10 01:14:09
4,2334,1.0919235245316325,-0.05117471622492928,2025-10-10 01:14:09
4,2335,1.0910768816631227,-0.050588824715730236,2025-10-10 01:14:09
4,2336,1.090224127001604,-0.05000348040639312,2025-10-10 01:14:09
4,2337,1.0893652814849777,-0.04941869812716919,2025-10-10 01:14:09
4,2338,1.0885003663676267,-0.04883449264219488,2025-10-10 01:14:09
4,2339,1.087629403220085,-0.048250878648760515,2025-10-10 01:14:09
4,2340,1.0867524139286278,-0.04766787077657053,2025-10-10 01:14:09
4,2341,1.0858694206947823,-0.04708548358699482,2025-10-10 01:14:09
4,2342,1.0849804460347632,-0.04650373157231096,2025-10-10 01:14:09
4,2343,1.0840855127788285,-0.04592262915493708,2025-10-10 01:14:09
4,2344,1.0831846440705635,-0.04534219068665508,2025-10-10 01:14:09
4,2345,1.0822778633660879,-0.04476243044782419,2025-10-10 01:14:09
4,2346,1.0813651944331908,-0.04418336264658459,2025-10-10 01:14:09
4,2347,1.0804466613503938,-0.04360500141805099,2025-10-10 01:14:09
4,2348,1.0795222885059443,-0.043027360823496286,2025-10-10 01:14:09
4,2349,1.0785921005967394,-0.04245045484952507,2025-10-10 01:14:09
4,2350,1.0776561226271817,-0.04187429740723707,2025-10-10 01:14:09
4,2351,1.076714379907971,-0.041298902331380664,2025-10-10 01:14:09
4,2352,1.075766898054831,-0.04072428337949642,2025-10-10 01:14:09
4,2353,1.074813702987173,-0.040150454231050875,2025-10-10 01:14:09
4,2354,1.0738548209267005,-0.039577428486560685,2025-10-10 01:14:09
4,2355,1.0728902783959542,-0.03900521966670737,2025-10-10 01:14:09
4,2356,1.0719201022168,-0.03843384121144285,2025-10-10 01:14:09
4,2357,1.0709443195088617,-0.037863306479086076,2025-10-10 01:14:09
4,2358,1.0699629576879028,-0.03729362874541103,2025-10-10 01:14:09
4,2359,1.068976044464155,-0.036724821202726445,2025-10-10 01:14:09
4,2360,1.0679836078405989,-0.036156896958947644,2025-10-10 01:14:09
4,2361,1.066985676111198,-0.03558986903666083,2025-10-10 01:14:09
4,2362,1.0659822778590877,-0.035023750372180334,2025-10-10 01:14:09
4,2363,1.0649734419547219,-0.034458553814599245,2025-10-10 01:14:09
4,2364,1.0639591975539782,-0.0338942921248339,2025-10-10 01:14:09
4,2365,1.0629395740962266,-0.0333309779746628,2025-10-10 01:14:09
4,2366,1.0619146013023606,-0.03276862394576048,2025-10-10 01:14:09
4,2367,1.060884309172794,-0.03220724252872688,2025-10-10 01:14:09
4,2368,1.0598487279854267,-0.03164684612211284,2025-10-10 01:14:09
4,2369,1.0588078882935807,-0.031087447031442374,2025-10-10 01:14:09
4,2370,1.0577618209239068,-0.03052905746823227,2025-10-10 01:14:09
4,2371,1.0567105569742674,-0.029971689549009802,2025-10-10 01:14:09
4,2372,1.0556541278115954,-0.029415355294329135,2025-10-10 01:14:09
4,2373,1.0545925650697303,-0.028860066627787187,2025-10-10 01:14:09
4,2374,1.053525900647236,-0.02830583537503965,2025-10-10 01:14:09
4,2375,1.0524541667052,-0.02775267326281789,2025-10-10 01:14:09
4,2376,1.0513773956650176,-0.027200591917947506,2025-10-10 01:14:09
4,2377,1.0502956202061615,-0.026649602866369256,2025-10-10 01:14:09
4,2378,1.0492088732639393,-0.026099717532163197,2025-10-10 01:14:09
4,2379,1.0481171880272406,-0.025550947236576745,2025-10-10 01:14:09
4,2380,1.047020597936276,-0.0250033031970575,2025-10-10 01:14:09
4,2381,1.0459191366803073,-0.024456796526291583,2025-10-10 01:14:09
4,2382,1.0448128381953734,-0.023911438231248347,2025-10-10 01:14:09
4,2383,1.0437017366620112,-0.023367239212232195,2025-10-10 01:14:09
4,2384,1.0425858665029741,-0.022824210261942375,2025-10-10 01:14:09
4,2385,1.0414652623809484,-0.022282362064541518,2025-10-10 01:14:09
4,2386,1.040339959196269,-0.02174170519473375,2025-10-10 01:14:09
4,2387,1.0392099920846365,-0.021202250116853154,2025-10-10 01:14:09
4,2388,1.0380753964148348,-0.020664007183963433,2025-10-10 01:14:09
4,2389,1.0369362077864528,-0.0201269866369695,2025-10-10 01:14:09
4,2390,1.035792462027607,-0.019591198603741852,2025-10-10 01:14:09
4,2391,1.0346441951926708,-0.01905665309825447,2025-10-10 01:14:09
4,2392,1.033491443560006,-0.01852336001973702,2025-10-10 01:14:09
4,2393,1.0323342436297005,-0.01799132915184215,2025-10-10 01:14:09
4,2394,1.0311726321213113,-0.017460570161828583,2025-10-10 01:14:09
4,2395,1.030006645971613,-0.016931092599760802,2025-10-10 01:14:09
4,2396,1.0288363223323516,-0.016402905897725993,2025-10-10 01:14:09
4,2397,1.0276616985680047,-0.015876019369069017,2025-10-10 01:14:09
4,2398,1.0264828122535474,-0.015350442207646054,2025-10-10 01:14:09
4,2399,1.025299701172223,-0.014826183487097626,2025-10-10 01:14:09
4,2400,1.0241124033133193,-0.01430325216014165,2025-10-10 01:14:09
4,2401,1.02292095686995,-0.013781657057887163,2025-10-10 01:14:09
4,2402,1.0217254002368392,-0.013261406889169332,2025-10-10 01:14:09
4,2403,1.0205257720081107,-0.01274251023990637,2025-10-10 01:14:09
4,2404,1.0193221109750783,-0.012224975572478909,2025-10-10 01:14:09
4,2405,1.01811445612404,-0.011708811225132416,2025-10-10 01:14:09
4,2406,1.0169028466340708,-0.011194025411403156,2025-10-10 01:14:09
4,2407,1.0156873218748164,-0.010680626219568244,2025-10-10 01:14:09
4,2408,1.0144679214042853,-0.01016862161212025,2025-10-10 01:14:09
4,2409,1.0132446849666372,-0.009658019425266822,2025-10-10 01:14:09
4,2410,1.0120176524899676,-0.009148827368455785,2025-10-10 01:14:09
4,2411,1.0107868640840858,-0.0086410530239261,2025-10-10 01:14:09
4,2412,1.0095523600382867,-0.008134703846285085,2025-10-10 01:14:09
4,2413,1.008314180819111,-0.007629787162112265,2025-10-10 01:14:09
4,2414,1.0070723670680957,-0.0071263101695901625,2025-10-10 01:14:09
4,2415,1.005826959599511,-0.006624279938162364,2025-10-10 01:14:09
4,2416,1.0045779993980826,-0.006123703408219121,2025-10-10 01:14:09
4,2417,1.0033255276166944,-0.005624587390810757,2025-10-10 01:14:09
4,2418,1.002069585574075,-0.005126938567389098,2025-10-10 01:14:09
4,2419,1.0008102147524602,-0.004630763489577129,2025-10-10 01:14:09
4,2420,0.9995474567952306,-0.004136068578967064,2025-10-10 01:14:09
4,2421,0.9982813535045252,-0.003642860126946955,2025-10-10 01:14:09
4,2422,0.9970119468388239,-0.003151144294555987,2025-10-10 01:14:09
4,2423,0.9957392789104993,-0.0026609271123685363,2025-10-10 01:14:09
4,2424,0.9944633919833338,-0.002172214480407073,2025-10-10 01:14:09
4,2425,0.9931843284700005,-0.0016850121680839494,2025-10-10 01:14:09
4,2426,0.9919021309295042,-0.0011993258141720915,2025-10-10 01:14:09
4,2427,0.9906168420645806,-0.0007151609268045935,2025-10-10 01:14:09
4,2428,0.9893285047190502,-0.00023252288350318167,2025-10-10 01:14:09
4,2429,0.9880371618751249,0.0002485830687645038,2025-10-10 01:14:09
4,2430,0.986742856650664,0.0007281518134988858,2025-10-10 01:14:09
4,2431,0.9854456322963768,0.0012061783645537867,2025-10-10 01:14:09
4,2432,0.98414553219297,0.0016826578659932452,2025-10-10 01:14:09
4,2433,0.982842599848235,0.0021575855919199567,2025-10-10 01:14:09
4,2434,0.9815368788940748,0.002630956946275505,2025-10-10 01:14:09
4,2435,0.980228413083466,0.0031027674626125648,2025-10-10 01:14:09
4,2436,0.9789172462873535,0.0035730128038392868,2025-10-10 01:14:09
4,2437,0.9776034224914761,0.004041688761936082,2025-10-10 01:14:09
4,2438,0.9762869857931185,0.004508791257645055,2025-10-10 01:14:09
4,2439,0.9749679803977888,0.004974316340132341,2025-10-10 01:14:09
4,2440,0.9736464506158182,0.005438260186623621,2025-10-10 01:14:09
4,2441,0.9723224408588802,0.0059006191020131195,2025-10-10 01:14:09
4,2442,0.970995995636426,0.006361389518446377,2025-10-10 01:14:09
4,2443,0.9696671595520364,0.006820567994877135,2025-10-10 01:14:09
4,2444,0.9683359772996839,0.007278151216598658,2025-10-10 01:14:09
4,2445,0.9670024936599061,0.007734135994749849,2025-10-10 01:14:09
4,2446,0.9656667534958864,0.008188519265796515,2025-10-10 01:14:09
4,2447,0.9643288017494399,0.008641298090988167,2025-10-10 01:14:09
4,2448,0.9629886834369035,0.009092469655790717,2025-10-10 01:14:09
4,2449,0.9616464436449264,0.009542031269295485,2025-10-10 01:14:09
4,2450,0.9603021275261615,0.009989980363604902,2025-10-10 01:14:09
4,2451,0.958955780294854,0.01043631449319534,2025-10-10 01:14:09
4,2452,0.9576074472223259,0.010881031334257465,2025-10-10 01:14:09
4,2453,0.9562571736323563,0.011324128684014534,2025-10-10 01:14:09
4,2454,0.9549050048964537,0.011765604460019098,2025-10-10 01:14:09
4,2455,0.9535509864290211,0.012205456699428513,2025-10-10 01:14:09
4,2456,0.9521951636824121,0.012643683558259707,2025-10-10 01:14:09
4,2457,0.9508375821418755,0.013080283310623646,2025-10-10 01:14:09
4,2458,0.9494782873203909,0.013515254347939962,2025-10-10 01:14:09
4,2459,0.94811732475339,0.013948595178132149,2025-10-10 01:14:09
4,2460,0.9467547399933673,0.01438030442480382,2025-10-10 01:14:09
4,2461,0.9453905786043775,0.014810380826396446,2025-10-10 01:14:09
4,2462,0.9440248861564183,0.015238823235329036,2025-10-10 01:14:09
4,2463,0.9426577082197017,0.015665630617120216,2025-10-10 01:14:09
4,2464,0.9412890903588104,0.016090802049493133,2025-10-10 01:14:09
4,2465,0.939919078126741,0.01651433672146365,2025-10-10 01:14:09
4,2466,0.9385477170588351,0.016936233932412274,2025-10-10 01:14:09
4,2467,0.9371750526665965,0.01735649309114025,2025-10-10 01:14:09
4,2468,0.9358011304313972,0.017775113714910265,2025-10-10 01:14:09
4,2469,0.9344259957980721,0.018192095428472197,2025-10-10 01:14:09
4,2470,0.9330496941684024,0.01860743796307434,2025-10-10 01:14:09
4,2471,0.9316722708944918,0.01902114115546053,2025-10-10 01:14:09
4,2472,0.9302937712720318,0.019433204946853605,2025-10-10 01:14:09
4,2473,0.9289142405334633,0.01984362938192557,2025-10-10 01:14:09
4,2474,0.9275337238410307,0.02025241460775496,2025-10-10 01:14:09
4,2475,0.9261522662797349,0.020659560872771737,2025-10-10 01:14:09
4,2476,0.9247699128501825,0.021065068525690133,2025-10-10 01:14:09
4,2477,0.9233867084613377,0.02146893801442986,2025-10-10 01:14:09
4,2478,0.9220026979231756,0.021871169885026038,2025-10-10 01:14:09
4,2479,0.9206179259392409,0.022271764780528253,2025-10-10 01:14:09
4,2480,0.9192324370991147,0.022670723439889094,2025-10-10 01:14:09
4,2481,0.9178462758707913,0.02306804669684255,2025-10-10 01:14:09
4,2482,0.9164594865929673,0.023463735478772604,2025-10-10 01:14:09
4,2483,0.9150721134672481,0.023857790805572418,2025-10-10 01:14:09
4,2484,0.9136842005502724,0.0242502137884944,2025-10-10 01:14:09
4,2485,0.912295791745759,0.024641005628991547,2025-10-10 01:14:09
4,2486,0.9109069307964799,0.025030167617550333,2025-10-10 01:14:09
4,2487,0.909517661276162,0.025417701132515538,2025-10-10 01:14:09
4,2488,0.9081280265813215,0.025803607638907256,2025-10-10 01:14:09
4,2489,0.9067380699230355,0.026187888687230463,2025-10-10 01:14:09
4,2490,0.9053478343186526,0.026570545912277397,2025-10-10 01:14:09
4,2491,0.9039573625834489,0.02695158103192307,2025-10-10 01:14:09
4,2492,0.9025666973222324,0.027330995845914197,2025-10-10 01:14:09
4,2493,0.9011758809208986,0.02770879223465182,2025-10-10 01:14:09
4,2494,0.8997849555379452,0.028084972157967927,2025-10-10 01:14:09
4,2495,0.8983939630959459,0.028459537653896274,2025-10-10 01:14:09
4,2496,0.8970029452729911,0.028832490837437774,2025-10-10 01:14:09
4,2497,0.8956119434940987,0.029203833899320616,2025-10-10 01:14:09
4,2498,0.8942209989225997,0.02957356910475542,2025-10-10 01:14:09
4,2499,0.8928301524515037,0.02994169879218567,2025-10-10 01:14:09
4,2500,0.8914394446948486,0.030308225372033665,2025-10-10 01:14:09
4,2501,0.8900489159790399,0.030673151325442218,2025-10-10 01:14:09
4,2502,0.8886586063341841,0.031036479203012342,2025-10-10 01:14:09
4,2503,0.8872685554854215,0.031398211623537176,2025-10-10 01:14:09
4,2504,0.8858788028442629,0.03175835127273234,2025-10-10 01:14:09
4,2505,0.8844893874999363,0.03211690090196298,2025-10-10 01:14:09
4,2506,0.8831003482107477,0.03247386332696768,2025-10-10 01:14:09
4,2507,0.8817117233954611,0.03282924142657951,2025-10-10 01:14:09
4,2508,0.8803235511247043,0.03318303814144438,2025-10-10 01:14:09
4,2509,0.8789358691124037,0.03353525647273695,2025-10-10 01:14:09
4,2510,0.8775487147072549,0.03388589948087425,2025-10-10 01:14:09
4,2511,0.8761621248842333,0.03423497028422728,2025-10-10 01:14:09
4,2512,0.8747761362361505,0.0345824720578308,2025-10-10 01:14:09
4,2513,0.8733907849652619,0.03492840803209143,2025-10-10 01:14:09
4,2514,0.87200610687493,0.035272781491494355,2025-10-10 01:14:09
4,2515,0.8706221373613485,0.03561559577330883,2025-10-10 01:14:09
4,2516,0.8692389114053343,0.035956854266292596,2025-10-10 01:14:09
4,2517,0.8678564635641893,0.03629656040939558,2025-10-10 01:14:09
4,2518,0.8664748279636408,0.0366347176904629,2025-10-10 01:14:09
4,2519,0.8650940382898623,0.03697132964493751,2025-10-10 01:14:09
4,2520,0.8637141277815819,0.03730639985456263,2025-10-10 01:14:09
4,2521,0.862335129222283,0.037639931946084206,2025-10-10 01:14:09
4,2522,0.8609570749325011,0.03797192958995352,2025-10-10 01:14:09
4,2523,0.8595799967622235,0.038302396499030306,2025-10-10 01:14:09
4,2524,0.8582039260833949,0.03863133642728644,2025-10-10 01:14:09
4,2525,0.8568288937825348,0.038958753168510475,2025-10-10 01:14:09
4,2526,0.8554549302534715,0.03928465055501327,2025-10-10 01:14:09
4,2527,0.854082065390197,0.039609032456334826,2025-10-10 01:14:09
4,2528,0.8527103285798473,0.03993190277795268,2025-10-10 01:14:09
4,2529,0.8513397486958129,0.04025326545999192,2025-10-10 01:14:09
4,2530,0.8499703540909836,0.040573124475937215,2025-10-10 01:14:09
4,2531,0.8486021725911336,0.0408914838313469,2025-10-10 01:14:09
4,2532,0.8472352314884473,0.04120834756256952,2025-10-10 01:14:09
4,2533,0.845869557535195,0.041523719735462886,2025-10-10 01:14:09
4,2534,0.844505176937559,0.041837604444116036,2025-10-10 01:14:09
4,2535,0.8431421153496146,0.0421500058095742,2025-10-10 01:14:09
4,2536,0.8417803978674718,0.04246092797856706,2025-10-10 01:14:09
4,2537,0.8404200490235791,0.0427703751222406,2025-10-10 01:14:09
4,2538,0.839061092781195,0.043078351434892595,2025-10-10 01:14:09
4,2539,0.8377035525290288,0.04338486113271225,2025-10-10 01:14:09
4,2540,0.836347451076057,0.04368990845252394,2025-10-10 01:14:09
4,2541,0.8349928106465152,0.043993497650535576,2025-10-10 01:14:09
4,2542,0.8336396528750721,0.04429563300109156,2025-10-10 01:14:09
4,2543,0.8322879988021862,0.04459631879543083,2025-10-10 01:14:09
4,2544,0.8309378688696492,0.04489555934045007,2025-10-10 01:14:09
4,2545,0.8295892829163198,0.045193358957472396,2025-10-10 01:14:09
4,2546,0.8282422601740494,0.04548972198102177,2025-10-10 01:14:09
4,2547,0.8268968192638027,0.04578465275760337,2025-10-10 01:14:09
4,2548,0.8255529781919757,0.046078155644490214,2025-10-10 01:14:09
4,2549,0.8242107543469153,0.04637023500851618,2025-10-10 01:14:09
4,2550,0.822870164495639,0.04666089522487581,2025-10-10 01:14:09
4,2551,0.8215312247807608,0.04695014067593108,2025-10-10 01:14:09
4,2552,0.8201939507176232,0.047237975750025314,2025-10-10 01:14:09
4,2553,0.8188583571916376,0.04752440484030464,2025-10-10 01:14:09
4,2554,0.8175244584558351,0.0478094323435471,2025-10-10 01:14:09
4,2555,0.8161922681286299,0.04809306265899978,2025-10-10 01:14:09
4,2556,0.8148617991917952,0.048375300187224045,2025-10-10 01:14:09
4,2557,0.8135330639886559,0.04865614932894932,2025-10-10 01:14:09
4,2558,0.8122060742224957,0.04893561448393545,2025-10-10 01:14:09
4,2559,0.8108808409551836,0.04921370004984403,2025-10-10 01:14:09
4,2560,0.8095573746060183,0.04949041042111889,2025-10-10 01:14:09
4,2561,0.808235684950792,0.049765749987875904,2025-10-10 01:14:09
4,2562,0.806915781121076,0.05003972313480246,2025-10-10 01:14:09
4,2563,0.805597671603726,0.05031233424006672,2025-10-10 01:14:09
4,2564,0.8042813642406106,0.0505835876742369,2025-10-10 01:14:09
4,2565,0.8029668662285615,0.05085348779921087,2025-10-10 01:14:09
4,2566,0.8016541841195469,0.05112203896715613,2025-10-10 01:14:09
4,2567,0.8003433238210677,0.05138924551946051,2025-10-10 01:14:09
4,2568,0.7990342905967769,0.0516551117856937,2025-10-10 01:14:09
4,2569,0.7977270890673228,0.05191964208257983,2025-10-10 01:14:09
4,2570,0.7964217232114149,0.05218284071298125,2025-10-10 01:14:09
4,2571,0.795118196367113,0.052444711964893795,2025-10-10 01:14:09
4,2572,0.7938165112333391,0.05270526011045351,2025-10-10 01:14:09
4,2573,0.7925166698716118,0.052964489404955226,2025-10-10 01:14:09
4,2574,0.7912186737080027,0.05322240408588293,2025-10-10 01:14:09
4,2575,0.7899225235353133,0.05347900837195222,2025-10-10 01:14:09
4,2576,0.7886282195154742,0.05373430646216496,2025-10-10 01:14:09
4,2577,0.7873357611821623,0.05398830253487616,2025-10-10 01:14:09
4,2578,0.7860451474436382,0.054241000746873325,2025-10-10 01:14:09
4,2579,0.784756376585801,0.05449240523246837,2025-10-10 01:14:09
4,2580,0.7834694462754602,0.05474252010260211,2025-10-10 01:14:09
4,2581,0.7821843535638231,0.05499134944396151,2025-10-10 01:14:09
4,2582,0.7809010948901969,0.05523889731810974,2025-10-10 01:14:09
4,2583,0.7796196660859036,0.05548516776062915,2025-10-10 01:14:09
4,2584,0.7783400623784068,0.05573016478027713,2025-10-10 01:14:09
4,2585,0.7770622783956481,0.05597389235815504,2025-10-10 01:14:09
4,2586,0.7757863081705925,0.05621635444689011,2025-10-10 01:14:09
4,2587,0.7745121451459799,0.05645755496983053,2025-10-10 01:14:09
4,2588,0.7732397821792825,0.0566974978202535,2025-10-10 01:14:09
4,2589,0.7719692115478641,0.0569361868605865,2025-10-10 01:14:09
4,2590,0.7707004249543413,0.05717362592164164,2025-10-10 01:14:09
4,2591,0.7694334135321433,0.057409818801863084,2025-10-10 01:14:09
4,2592,0.7681681678512691,0.05764476926658761,2025-10-10 01:14:09
4,2593,0.7669046779242386,0.05787848104731815,2025-10-10 01:14:09
4,2594,0.7656429332122372,0.058110957841010405,2025-10-10 01:14:09
4,2595,0.7643829226314497,0.05834220330937237,2025-10-10 01:14:09
4,2596,0.763124634559582,0.05857222107817678,2025-10-10 01:14:09
4,2597,0.7618680568425684,0.05880101473658634,2025-10-10 01:14:09
4,2598,0.760613176801461,0.059028587836491724,2025-10-10 01:14:09
4,2599,0.7593599812394991,0.059254943891862186,2025-10-10 01:14:09
4,2600,0.7581084564493561,0.05948008637810871,2025-10-10 01:14:09
4,2601,0.7568585882205608,0.05970401873145959,2025-10-10 01:14:09
4,2602,0.7556103618470903,0.05992674434834828,2025-10-10 01:14:09
4,2603,0.7543637621351309,0.060148266584813384,2025-10-10 01:14:09
4,2604,0.7531187734110061,0.06036858875591074,2025-10-10 01:14:09
4,2605,0.7518753795292659,0.06058771413513724,2025-10-10 01:14:09
4,2606,0.7506335638809364,0.06080564595386645,2025-10-10 01:14:09
4,2607,0.7493933094019255,0.061022387400795665,2025-10-10 01:14:09
4,2608,0.7481545985815815,0.061237941621404376,2025-10-10 01:14:09
4,2609,0.7469174134714021,0.06145231171742383,2025-10-10 01:14:09
4,2610,0.745681735693889,0.061665500746317575,2025-10-10 01:14:09
4,2611,0.7444475464515461,0.06187751172077272,2025-10-10 01:14:09
4,2612,0.7432148265360171,0.06208834760820177,2025-10-10 01:14:09
4,2613,0.7419835563373588,0.062298011330254706,2025-10-10 01:14:09
4,2614,0.7407537158534468,0.06250650576234124,2025-10-10 01:14:09
4,2615,0.7395252846995104,0.06271383373316279,2025-10-10 01:14:09
4,2616,0.738298242117791,0.06291999802425421,2025-10-10 01:14:09
4,2617,0.7370725669873236,0.0631250013695348,2025-10-10 01:14:09
4,2618,0.7358482378338338,0.0633288464548684,2025-10-10 01:14:09
4,2619,0.7346252328397492,0.06353153591763237,2025-10-10 01:14:09
4,2620,0.7334035298543202,0.06373307234629523,2025-10-10 01:14:09
4,2621,0.7321831064038454,0.0639334582800025,2025-10-10 01:14:09
4,2622,0.7309639397019994,0.06413269620817069,2025-10-10 01:14:09
4,2623,0.7297460066602567,0.064330788570089,2025-10-10 01:14:09
4,2624,0.7285292838984098,0.06452773775452861,2025-10-10 01:14:09
4,2625,0.7273137477551749,0.06472354609935911,2025-10-10 01:14:09
4,2626,0.7260993742988832,0.06491821589117196,2025-10-10 01:14:09
4,2627,0.7248861393382514,0.0651117493649105,2025-10-10 01:14:09
4,2628,0.723674018433229,0.06530414870350648,2025-10-10 01:14:09
4,2629,0.7224629869059156,0.06549541603752256,2025-10-10 01:14:09
4,2630,0.7212530198515466,0.06568555344480063,2025-10-10 01:14:09
4,2631,0.7200440921495398,0.06587456295011575,2025-10-10 01:14:09
4,2632,0.718836178474601,0.06606244652483514,2025-10-10 01:14:09
4,2633,0.7176292533078817,0.06624920608658233,2025-10-10 01:14:09
4,2634,0.716423290948186,0.06643484349890574,2025-10-10 01:14:09
4,2635,0.7152182655232204,0.06661936057095186,2025-10-10 01:14:09
4,2636,0.7140141510008836,0.06680275905714232,2025-10-10 01:14:09
4,2637,0.7128109212005899,0.06698504065685493,2025-10-10 01:14:09
4,2638,0.7116085498046215,0.06716620701410815,2025-10-10 01:14:09
4,2639,0.7104070103695066,0.0673462597172489,2025-10-10 01:14:09
4,2640,0.7092062763374154,0.06752520029864331,2025-10-10 01:14:09
4,2641,0.7080063210475722,0.06770303023437017,2025-10-10 01:14:09
4,2642,0.706807117747676,0.06787975094391693,2025-10-10 01:14:09
4,2643,0.7056086396053266,0.06805536378987782,2025-10-10 01:14:09
4,2644,0.7044108597194495,0.06822987007765392,2025-10-10 01:14:09
4,2645,0.703213751131716,0.06840327105515498,2025-10-10 01:14:09
4,2646,0.7020172868379524,0.06857556791250263,2025-10-10 01:14:09
4,2647,0.7008214397995334,0.06874676178173483,2025-10-10 01:14:09
4,2648,0.6996261829547549,0.0689168537365113,2025-10-10 01:14:09
4,2649,0.6984314892301808,0.06908584479181967,2025-10-10 01:14:09
4,2650,0.6972373315519587,0.06925373590368221,2025-10-10 01:14:09
4,2651,0.6960436828570988,0.06942052796886282,2025-10-10 01:14:09
4,2652,0.6948505161047123,0.06958622182457416,2025-10-10 01:14:09
4,2653,0.6936578042872017,0.06975081824818469,2025-10-10 01:14:09
4,2654,0.6924655204414009,0.06991431795692535,2025-10-10 01:14:09
4,2655,0.6912736376596562,0.07007672160759588,2025-10-10 01:14:09
4,2656,0.6900821291008469,0.0702380297962704,2025-10-10 01:14:09
4,2657,0.6888909680013368,0.07039824305800217,2025-10-10 01:14:09
4,2658,0.6877001276858539,0.07055736186652738,2025-10-10 01:14:09
4,2659,0.6865095815782922,0.07071538663396774,2025-10-10 01:14:09
4,2660,0.6853193032124301,0.07087231771053189,2025-10-10 01:14:09
4,2661,0.6841292662425601,0.07102815538421521,2025-10-10 01:14:09
4,2662,0.6829394444540265,0.07118289988049818,2025-10-10 01:14:09
4,2663,0.6817498117736637,0.07133655136204299,2025-10-10 01:14:09
4,2664,0.6805603422801307,0.07148910992838832,2025-10-10 01:14:09
4,2665,0.6793710102141381,0.07164057561564224,2025-10-10 01:14:09
4,2666,0.6781817899885608,0.07179094839617309,2025-10-10 01:14:09
4,2667,0.6769926561984321,0.07194022817829814,2025-10-10 01:14:09
4,2668,0.6758035836308148,0.07208841480597018,2025-10-10 01:14:09
4,2669,0.6746145472745442,0.07223550805846177,2025-10-10 01:14:09
4,2670,0.6734255223298367,0.0723815076500471,2025-10-10 01:14:09
4,2671,0.672236484217762,0.07252641322968151,2025-10-10 01:14:09
4,2672,0.6710474085895723,0.07267022438067852,2025-10-10 01:14:09
4,2673,0.6698582713358835,0.07281294062038435,2025-10-10 01:14:09
4,2674,0.6686690485957055,0.07295456139984982,2025-10-10 01:14:09
4,2675,0.6674797167653163,0.07309508610349982,2025-10-10 01:14:09
4,2676,0.6662902525069744,0.07323451404880008,2025-10-10 01:14:09
4,2677,0.6651006327574674,0.07337284448592124,2025-10-10 01:14:09
4,2678,0.6639108347364909,0.07351007659740051,2025-10-10 01:14:09
4,2679,0.6627208359548533,0.07364620949780047,2025-10-10 01:14:09
4,2680,0.6615306142225044,0.0737812422333654,2025-10-10 01:14:09
4,2681,0.6603401476563815,0.07391517378167485,2025-10-10 01:14:09
4,2682,0.6591494146880711,0.07404800305129479,2025-10-10 01:14:09
4,2683,0.6579583940712805,0.07417972888142596,2025-10-10 01:14:09
4,2684,0.6567670648891182,0.07431035004154986,2025-10-10 01:14:09
4,2685,0.6555754065611763,0.07443986523107207,2025-10-10 01:14:09
4,2686,0.6543833988504152,0.07456827307896326,2025-10-10 01:14:09
4,2687,0.653191021869844,0.07469557214339753,2025-10-10 01:14:09
4,2688,0.6519982560889954,0.07482176091138862,2025-10-10 01:14:09
4,2689,0.6508050823401917,0.07494683779842358,2025-10-10 01:14:09
4,2690,0.6496114818245988,0.07507080114809427,2025-10-10 01:14:09
4,2691,0.6484174361180651,0.07519364923172664,2025-10-10 01:14:09
4,2692,0.6472229271767439,0.07531538024800785,2025-10-10 01:14:09
4,2693,0.6460279373424949,0.07543599232261129,2025-10-10 01:14:09
4,2694,0.6448324493480648,0.07555548350781965,2025-10-10 01:14:09
4,2695,0.6436364463220432,0.07567385178214603,2025-10-10 01:14:09
4,2696,0.6424399117935914,0.07579109504995322,2025-10-10 01:14:09
4,2697,0.6412428296969446,0.07590721114107123,2025-10-10 01:14:09
4,2698,0.640045184375683,0.07602219781041307,2025-10-10 01:14:09
4,2699,0.6388469605867723,0.0761360527375891,2025-10-10 01:14:09
4,2700,0.6376481435043706,0.0762487735265197,2025-10-10 01:14:09
4,2701,0.6364487187234023,0.07636035770504664,2025-10-10 01:14:09
4,2702,0.6352486722628962,0.07647080272454314,2025-10-10 01:14:09
4,2703,0.6340479905690882,0.07658010595952265,2025-10-10 01:14:09
4,2704,0.6328466605182871,0.07668826470724656,2025-10-10 01:14:09
4,2705,0.6316446694195028,0.07679527618733085,2025-10-10 01:14:09
4,2706,0.6304420050168383,0.07690113754135183,2025-10-10 01:14:09
4,2707,0.6292386554916424,0.07700584583245104,2025-10-10 01:14:09
4,2708,0.6280346094644254,0.07710939804493941,2025-10-10 01:14:09
4,2709,0.6268298559965373,0.07721179108390079,2025-10-10 01:14:09
4,2710,0.6256243845916087,0.07731302177479496,2025-10-10 01:14:09
4,2711,0.6244181851967544,0.07741308686306017,2025-10-10 01:14:09
4,2712,0.6232112482035411,0.07751198301371534,2025-10-10 01:14:09
4,2713,0.6220035644487202,0.07760970681096203,2025-10-10 01:14:09
4,2714,0.6207951252147258,0.07770625475778627,2025-10-10 01:14:09
4,2715,0.61958592222994,0.07780162327556028,2025-10-10 01:14:09
4,2716,0.6183759476687263,0.07789580870364433,2025-10-10 01:14:09
4,2717,0.6171651941512326,0.07798880729898862,2025-10-10 01:14:09
4,2718,0.615953654742966,0.07808061523573544,2025-10-10 01:14:09
4,2719,0.6147413229541412,0.07817122860482169,2025-10-10 01:14:09
4,2720,0.613528192738803,0.0782606434135817,2025-10-10 01:14:09
4,2721,0.6123142584937282,0.07834885558535067,2025-10-10 01:14:09
4,2722,0.6110995150571059,0.07843586095906853,2025-10-10 01:14:09
4,2723,0.6098839577070008,0.07852165528888465,2025-10-10 01:14:09
4,2724,0.6086675821596014,0.07860623424376315,2025-10-10 01:14:09
4,2725,0.6074503845672562,0.07868959340708909,2025-10-10 01:14:09
4,2726,0.6062323615163004,0.0787717282762756,2025-10-10 01:14:09
4,2727,0.6050135100246767,0.07885263426237192,2025-10-10 01:14:09
4,2728,0.6037938275393532,0.0789323066896726,2025-10-10 01:14:09
4,2729,0.6025733119335412,0.07901074079532773,2025-10-10 01:14:09
4,2730,0.6013519615037183,0.07908793172895445,2025-10-10 01:14:09
4,2731,0.600129774966457,0.07916387455224973,2025-10-10 01:14:09
4,2732,0.598906751455067,0.07923856423860447,2025-10-10 01:14:09
4,2733,0.5976828905160505,0.07931199567271904,2025-10-10 01:14:09
4,2734,0.5964581921053784,0.07938416365022032,2025-10-10 01:14:09
4,2735,0.5952326565845888,0.07945506287728019,2025-10-10 01:14:09
4,2736,0.5940062847167126,0.07952468797023578,2025-10-10 01:14:09
4,2737,0.5927790776620321,0.07959303345521125,2025-10-10 01:14:09
4,2738,0.5915510369736745,0.07966009376774139,2025-10-10 01:14:09
4,2739,0.5903221645930465,0.07972586325239697,2025-10-10 01:14:09
4,2740,0.5890924628451143,0.07979033616241195,2025-10-10 01:14:09
4,2741,0.5878619344335321,0.07985350665931258,2025-10-10 01:14:09
4,2742,0.5866305824356268,0.07991536881254849,2025-10-10 01:14:09
4,2743,0.5853984102972408,0.07997591659912576,2025-10-10 01:14:09
4,2744,0.5841654218274387,0.08003514390324208,2025-10-10 01:14:09
4,2745,0.5829316211930833,0.08009304451592404,2025-10-10 01:14:09
4,2746,0.5816970129132858,0.08014961213466659,2025-10-10 01:14:09
4,2747,0.5804616018537339,0.08020484036307472,2025-10-10 01:14:09
4,2748,0.579225393220904,0.08025872271050748,2025-10-10 01:14:09
4,2749,0.5779883925561631,0.08031125259172424,2025-10-10 01:14:09
4,2750,0.5767506057297626,0.08036242332653348,2025-10-10 01:14:09
4,2751,0.5755120389347331,0.08041222813944393,2025-10-10 01:14:09
4,2752,0.5742726986806823,0.08046066015931823,2025-10-10 01:14:09
4,2753,0.5730325917875014,0.08050771241902918,2025-10-10 01:14:09
4,2754,0.5717917253789869,0.08055337785511865,2025-10-10 01:14:09
4,2755,0.5705501068763806,0.08059764930745907,2025-10-10 01:14:09
4,2756,0.5693077439918348,0.08064051951891772,2025-10-10 01:14:09
4,2757,0.5680646447218063,0.08068198113502387,2025-10-10 01:14:09
4,2758,0.5668208173403849,0.08072202670363868,2025-10-10 01:14:09
4,2759,0.5655762703925614,0.08076064867462816,2025-10-10 01:14:09
4,2760,0.5643310126874402,0.08079783939953904,2025-10-10 01:14:09
4,2761,0.5630850532914007,0.08083359113127772,2025-10-10 01:14:09
4,2762,0.561838401521213,0.08086789602379248,2025-10-10 01:14:09
4,2763,0.5605910669371132,0.08090074613175874,2025-10-10 01:14:09
4,2764,0.5593430593358416,0.08093213341026782,2025-10-10 01:14:09
4,2765,0.5580943887436498,0.08096204971451894,2025-10-10 01:14:09
4,2766,0.5568450654092811,0.08099048679951476,2025-10-10 01:14:09
4,2767,0.5555950997969286,0.08101743631976054,2025-10-10 01:14:09
4,2768,0.5543445025791746,0.08104288982896683,2025-10-10 01:14:09
4,2769,0.5530932846299184,0.0810668387797561,2025-10-10 01:14:09
4,2770,0.5518414570172934,0.08108927452337306,2025-10-10 01:14:09
4,2771,0.5505890309965805,0.08111018830939912,2025-10-10 01:14:09
4,2772,0.5493360180031205,0.08112957128547084,2025-10-10 01:14:09
4,2773,0.5480824296452301,0.08114741449700259,2025-10-10 01:14:09
4,2774,0.5468282776971254,0.08116370888691361,2025-10-10 01:14:09
4,2775,0.5455735740918567,0.08117844529535946,2025-10-10 01:14:09
4,2776,0.5443183309142587,0.0811916144594681,2025-10-10 01:14:09
4,2777,0.5430625603939192,0.08120320701308069,2025-10-10 01:14:09
4,2778,0.5418062748981702,0.08121321348649731,2025-10-10 01:14:09
4,2779,0.5405494869251055,0.08122162430622763,2025-10-10 01:14:09
4,2780,0.5392922090966266,0.08122842979474688,2025-10-10 01:14:09
4,2781,0.5380344541515213,0.08123362017025709,2025-10-10 01:14:09
4,2782,0.5367762349385786,0.0812371855464539,2025-10-10 01:14:09
4,2783,0.5355175644097413,0.08123911593229903,2025-10-10 01:14:09
4,2784,0.5342584556133002,0.08123940123179872,2025-10-10 01:14:09
4,2785,0.5329989216871328,0.08123803124378821,2025-10-10 01:14:09
4,2786,0.5317389758519889,0.08123499566172246,2025-10-10 01:14:09
4,2787,0.5304786314048254,0.08123028407347341,2025-10-10 01:14:09
4,2788,0.5292179017121927,0.08122388596113395,2025-10-10 01:14:09
4,2789,0.5279568002036759,0.08121579070082875,2025-10-10 01:14:09
4,2790,0.5266953403653916,0.08120598756253235,2025-10-10 01:14:09
4,2791,0.5254335357335436,0.0811944657098945,2025-10-10 01:14:09
4,2792,0.5241713998880383,0.08118121420007322,2025-10-10 01:14:09
4,2793,0.5229089464461628,0.08116622198357579,2025-10-10 01:14:09
4,2794,0.5216461890563263,0.08114947790410772,2025-10-10 01:14:09
4,2795,0.5203831413918671,0.0811309706984303,2025-10-10 01:14:09
4,2796,0.5191198171449266,0.08111068899622678,2025-10-10 01:14:09
4,2797,0.517856230020391,0.08108862131997749,2025-10-10 01:14:09
4,2798,0.5165923937299034,0.08106475608484423,2025-10-10 01:14:09
4,2799,0.5153283219859454,0.08103908159856432,2025-10-10 01:14:09
4,2800,0.514064028495991,0.0810115860613544,2025-10-10 01:14:09
4,2801,0.5127995269567331,0.08098225756582447,2025-10-10 01:14:09
4,2802,0.5115348310483836,0.08095108409690249,2025-10-10 01:14:09
4,2803,0.5102699544290462,0.08091805353176976,2025-10-10 01:14:09
4,2804,0.5090049107291663,0.08088315363980753,2025-10-10 01:14:09
4,2805,0.5077397135460541,0.08084637208255516,2025-10-10 01:14:09
4,2806,0.5064743764384846,0.08080769641368019,2025-10-10 01:14:09
4,2807,0.5052089129213735,0.08076711407896059,2025-10-10 01:14:09
4,2808,0.5039433364605291,0.08072461241627978,2025-10-10 01:14:09
4,2809,0.5026776604674816,0.08068017865563457,2025-10-10 01:14:09
4,2810,0.5014118982943879,0.08063379991915658,2025-10-10 01:14:09
4,2811,0.5001460632290142,0.08058546322114742,2025-10-10 01:14:09
4,2812,0.4988801684897949,0.0805351554681281,2025-10-10 01:14:09
4,2813,0.49761422722096776,0.08048286345890313,2025-10-10 01:14:09
4,2814,0.4963482524877863,0.08042857388463956,2025-10-10 01:14:09
4,2815,0.49508225727180755,0.0803722733289616,2025-10-10 01:14:09
4,2816,0.4938162544662563,0.08031394826806111,2025-10-10 01:14:09
4,2817,0.492550256871465,0.08025358507082445,2025-10-10 01:14:09
4,2818,0.4912842771903881,0.08019116999897612,2025-10-10 01:14:09
4,2819,0.4900183280241925,0.08012668920723971,2025-10-10 01:14:09
4,2820,0.488752421867921,0.08006012874351656,2025-10-10 01:14:09
4,2821,0.4874865711062305,0.07999147454908255,2025-10-10 01:14:09
4,2822,0.48622078800920293,0.07992071245880368,2025-10-10 01:14:09
4,2823,0.48495508472822935,0.07984782820137071,2025-10-10 01:14:09
4,2824,0.48368947329196565,0.07977280739955347,2025-10-10 01:14:09
4,2825,0.4824239656023603,0.07969563557047535,2025-10-10 01:14:09
4,2826,0.48115857343075236,0.0796162981259083,2025-10-10 01:14:09
4,2827,0.47989330841404026,0.0795347803725891,2025-10-10 01:14:09
4,2828,0.47862818205091967,0.07945106751255718,2025-10-10 01:14:09
4,2829,0.4773632056981905,0.07936514464351468,2025-10-10 01:14:09
4,2830,0.47609839056713193,0.07927699675920911,2025-10-10 01:14:09
4,2831,0.47483374771994485,0.0791866087498392,2025-10-10 01:14:09
4,2832,0.4735692880662614,0.0790939654024845,2025-10-10 01:14:09
4,2833,0.4723050223597204,0.0789990514015593,2025-10-10 01:14:09
4,2834,0.471040961194608,0.07890185132929113,2025-10-10 01:14:09
4,2835,0.46977711500256364,0.07880234966622476,2025-10-10 01:14:09
4,2836,0.46851349404934994,0.07870053079175195,2025-10-10 01:14:09
4,2837,0.4672501084316857,0.07859637898466759,2025-10-10 01:14:09
4,2838,0.46598696807414225,0.07848987842375281,2025-10-10 01:14:09
4,2839,0.46472408272610205,0.07838101318838545,2025-10-10 01:14:09
4,2840,0.4634614619587786,0.07826976725917863,2025-10-10 01:14:09
4,2841,0.46219911516229784,0.07815612451864783,2025-10-10 01:14:09
4,2842,0.46093705154284015,0.07804006875190704,2025-10-10 01:14:09
4,2843,0.45967528011984227,0.07792158364739457,2025-10-10 01:14:09
4,2844,0.45841380972325907,0.07780065279762893,2025-10-10 01:14:09
4,2845,0.4571526489908844,0.07767725969999557,2025-10-10 01:14:09
4,2846,0.455891806365731,0.07755138775756472,2025-10-10 01:14:09
4,2847,0.4546312900934684,0.07742302027994105,2025-10-10 01:14:09
4,2848,0.45337110821991944,0.07729214048414573,2025-10-10 01:14:09
4,2849,0.4521112685886142,0.07715873149553115,2025-10-10 01:14:09
4,2850,0.4508517788384019,0.07702277634872916,2025-10-10 01:14:09
4,2851,0.4495926464011195,0.0768842579886331,2025-10-10 01:14:09
4,2852,0.4483338784993182,0.07674315927141435,2025-10-10 01:14:09
4,2853,0.44707548214404635,0.07659946296557367,2025-10-10 01:14:09
4,2854,0.4458174641326895,0.07645315175302798,2025-10-10 01:14:09
4,2855,0.4445598310468674,0.07630420823023323,2025-10-10 01:14:09
4,2856,0.44330258925038746,0.07615261490934347,2025-10-10 01:14:09
4,2857,0.44204574488725523,0.07599835421940701,2025-10-10 01:14:09
4,2858,0.4407893038797419,0.0758414085075999,2025-10-10 01:14:09
4,2859,0.4395332719265083,0.07568176004049731,2025-10-10 01:14:09
4,2860,0.4382776545007865,0.07551939100538325,2025-10-10 01:14:09
4,2861,0.43702245684861807,0.0753542835115991,2025-10-10 01:14:09
4,2862,0.43576768398715043,0.07518641959193138,2025-10-10 01:14:09
4,2863,0.43451334070299025,0.07501578120403923,2025-10-10 01:14:09
4,2864,0.43325943155061514,0.07484235023192205,2025-10-10 01:14:09
4,2865,0.4320059608508435,0.07466610848742763,2025-10-10 01:14:09
4,2866,0.4307529326893629,0.07448703771180133,2025-10-10 01:14:09
4,2867,0.42950035091531746,0.07430511957727653,2025-10-10 01:14:09
4,2868,0.4282482191399545,0.07412033568870693,2025-10-10 01:14:09
4,2869,0.4269965407353308,0.07393266758524095,2025-10-10 01:14:09
4,2870,0.42574531883307937,0.0737420967420386,2025-10-10 01:14:09
4,2871,0.4244945563232368,0.07354860457203134,2025-10-10 01:14:09
4,2872,0.42324425585313136,0.07335217242772495,2025-10-10 01:14:09
4,2873,0.4219944198263334,0.07315278160304613,2025-10-10 01:14:09
4,2874,0.4207450504016674,0.07295041333523285,2025-10-10 01:14:09
4,2875,0.4194961494922871,0.07274504880676887,2025-10-10 01:14:09
4,2876,0.4182477187648139,0.07253666914736276,2025-10-10 01:14:09
4,2877,0.4169997596385392,0.07232525543597158,2025-10-10 01:14:09
4,2878,0.4157522732846908,0.07211078870286962,2025-10-10 01:14:09
4,2879,0.4145052606257651,0.07189324993176233,2025-10-10 01:14:09
4,2880,0.4132587223349245,0.07167262006194573,2025-10-10 01:14:09
4,2881,0.4120126588354612,0.07144887999051162,2025-10-10 01:14:09
4,2882,0.4107670703003278,0.07122201057459852,2025-10-10 01:14:09
4,2883,0.40952195665173585,0.07099199263368888,2025-10-10 01:14:09
4,2884,0.40827731756082203,0.07075880695195243,2025-10-10 01:14:09
4,2885,0.4070331524473834,0.07052243428063606,2025-10-10 01:14:09
4,2886,0.40578946047968195,0.0702828553405003,2025-10-10 01:14:09
4,2887,0.404546240574319,0.07004005082430238,2025-10-10 01:14:09
4,2888,0.40330349139618016,0.06979400139932632,2025-10-10 01:14:09
4,2889,0.4020612113584517,0.06954468770995981,2025-10-10 01:14:09
4,2890,0.40081939862270805,0.06929209038031822,2025-10-10 01:14:09
4,2891,0.3995780510990721,0.06903619001691569,2025-10-10 01:14:09
4,2892,0.3983371664464478,0.06877696721138335,2025-10-10 01:14:09
4,2893,0.39709674207282636,0.06851440254323486,2025-10-10 01:14:09
4,2894,0.39585677513566614,0.06824847658267912,2025-10-10 01:14:09
4,2895,0.39461726254234647,0.06797916989348023,2025-10-10 01:14:09
4,2896,0.3933782009506966,0.06770646303586486,2025-10-10 01:14:09
4,2897,0.3921395867695995,0.06743033656947678,2025-10-10 01:14:09
4,2898,0.39090141615967117,0.06715077105637868,2025-10-10 01:14:09
4,2899,0.389663685034016,0.06686774706410123,2025-10-10 01:14:09
4,2900,0.38842638905905785,0.06658124516873935,2025-10-10 01:14:09
4,2901,0.3871895236554483,0.06629124595809557,2025-10-10 01:14:09
4,2902,0.3859530839990512,0.06599773003487044,2025-10-10 01:14:09
4,2903,0.38471706502200437,0.06570067801990004,2025-10-10 01:14:09
4,2904,0.3834814614138587,0.06540007055544025,2025-10-10 01:14:09
4,2905,0.38224626762279434,0.06509588830849801,2025-10-10 01:14:09
4,2906,0.3810114778569148,0.0647881119742091,2025-10-10 01:14:09
4,2907,0.37977708608561855,0.06447672227926268,2025-10-10 01:14:09
4,2908,0.37854308604104825,0.06416169998537227,2025-10-10 01:14:09
4,2909,0.37730947121961805,0.06384302589279302,2025-10-10 01:14:09
4,2910,0.3760762348836183,0.06352068084388525,2025-10-10 01:14:09
4,2911,0.37484337006289825,0.06319464572672412,2025-10-10 01:14:09
4,2912,0.37361086955662637,0.06286490147875516,2025-10-10 01:14:09
4,2913,0.37237872593512805,0.06253142909049567,2025-10-10 01:14:09
4,2914,0.37114693154180095,0.06219420960928166,2025-10-10 01:14:09
4,2915,0.3699154784951073,0.0618532241430604,2025-10-10 01:14:09
4,2916,0.3686843586906435,0.061508453864228194,2025-10-10 01:14:09
4,2917,0.367453563803286,0.061159880013513364,2025-10-10 01:14:09
4,2918,0.36622308528941405,0.06080748390390424,2025-10-10 01:14:09
4,2919,0.36499291438920844,0.060451246924622004,2025-10-10 01:14:09
4,2920,0.36376304212902577,0.0600911505451382,2025-10-10 01:14:09
4,2921,0.3625334593238483,0.05972717631923677,2025-10-10 01:14:09
4,2922,0.36130415657980863,0.05935930588912047,2025-10-10 01:14:09
4,2923,0.36007512429678895,0.05898752098956152,2025-10-10 01:14:09
4,2924,0.35884635267109394,0.05861180345209623,2025-10-10 01:14:09
4,2925,0.35761783169819755,0.058232135209263666,2025-10-10 01:14:09
4,2926,0.35638955117556226,0.05784849829888795,2025-10-10 01:14:09
4,2927,0.35516150070553093,0.057460874868404295,2025-10-10 01:14:09
4,2928,0.3539336696982901,0.057069247179228476,2025-10-10 01:14:09
4,2929,0.35270604737490463,0.05667359761116969,2025-10-10 01:14:09
4,2930,0.3514786227704226,0.05627390866688665,2025-10-10 01:14:09
4,2931,0.35025138473704964,0.055870162976386833,2025-10-10 01:14:09
4,2932,0.349024321947393,0.05546234330156874,2025-10-10 01:14:09
4,2933,0.3477974228977732,0.0550504325408071,2025-10-10 01:14:09
4,2934,0.34657067591160357,0.05463441373358089,2025-10-10 01:14:09
4,2935,0.3453440691428365,0.05421427006514418,2025-10-10 01:14:09
4,2936,0.3441175905794758,0.05378998487123957,2025-10-10 01:14:09
4,2937,0.342891228047154,0.053361541642854386,2025-10-10 01:14:09
4,2938,0.34166496921277456,0.05292892403101932,2025-10-10 01:14:09
4,2939,0.34043880158821704,0.052492115851649715,2025-10-10 01:14:09
4,2940,0.33921271253410556,0.05205110109042929,2025-10-10 01:14:09
4,2941,0.3379866892636389,0.0516058639077364,2025-10-10 01:14:09
4,2942,0.3367607188464818,0.05115638864361271,2025-10-10 01:14:09
4,2943,0.33553478821271626,0.05070265982277437,2025-10-10 01:14:09
4,2944,0.33430888415685256,0.050244662159665665,2025-10-10 01:14:09
4,2945,0.3330829933418985,0.04978238056355517,2025-10-10 01:14:09
4,2946,0.33185710230348625,0.04931580014367436,2025-10-10 01:14:09
4,2947,0.33063119745405617,0.048844906214398826,2025-10-10 01:14:09
4,2948,0.3294052650870963,0.048369684300472074,2025-10-10 01:14:09
4,2949,0.32817929138143687,0.04789012014227193,2025-10-10 01:14:09
4,2950,0.32695326240559924,0.047406199701119665,2025-10-10 01:14:09
4,2951,0.3257271641221977,0.046917909164631864,2025-10-10 01:14:09
4,2952,0.32450098239239394,0.04642523495211512,2025-10-10 01:14:09
4,2953,0.32327470298040295,0.04592816372000358,2025-10-10 01:14:09
4,2954,0.32204831155804975,0.04542668236733953,2025-10-10 01:14:09
4,2955,0.3208217937093759,0.044920778041296926,2025-10-10 01:14:09
4,2956,0.3195951349352948,0.0444104381427481,2025-10-10 01:14:09
4,2957,0.31836832065829546,0.04389565033187363,2025-10-10 01:14:09
4,2958,0.3171413362271934,0.04337640253381545,2025-10-10 01:14:09
4,2959,0.3159141669219282,0.04285268294437335,2025-10-10 01:14:09
4,2960,0.31468679795840626,0.04232448003574479,2025-10-10 01:14:09
4,2961,0.3134592144933891,0.04179178256230819,2025-10-10 01:14:09
4,2962,0.31223140162942525,0.041254579566449796,2025-10-10 01:14:09
4,2963,0.3110033444198254,0.04071286038443393,2025-10-10 01:14:09
4,2964,0.3097750278736803,0.040166614652316954,2025-10-10 01:14:09
4,2965,0.30854643696091966,0.03961583231190469,2025-10-10 01:14:09
4,2966,0.30731755661741295,0.03906050361675351,2025-10-10 01:14:09
4,2967,0.3060883717501092,0.03850061913821488,2025-10-10 01:14:09
4,2968,0.30485886724221695,0.037936169771523434,2025-10-10 01:14:09
4,2969,0.30362902795842217,0.03736714674192854,2025-10-10 01:14:09
4,2970,0.3023988387501444,0.036793541610869084,2025-10-10 01:14:09
4,2971,0.30116828446082944,0.03621534628219153,2025-10-10 01:14:09
4,2972,0.2999373499312787,0.03563255300841107,2025-10-10 01:14:09
4,2973,0.2987060200050137,0.035045154397015534,2025-10-10 01:14:09
4,2974,0.2974742795336754,0.034453143416812056,2025-10-10 01:14:09
4,2975,0.2962421133824575,0.033856513404316016,2025-10-10 01:14:09
4,2976,0.29500950643557244,0.03325525807018211,2025-10-10 01:14:09
4,2977,0.2937764436017504,0.03264937150567711,2025-10-10 01:14:09
4,2978,0.2925429098197693,0.0320388481891939,2025-10-10 01:14:09
4,2979,0.29130889006401567,0.03142368299280645,2025-10-10 01:14:09
4,2980,0.2900743693500754,0.030803871188865056,2025-10-10 01:14:09
4,2981,0.28883933274035384,0.030179408456631397,2025-10-10 01:14:09
4,2982,0.2876037653497235,0.029550290888952745,2025-10-10 01:14:09
4,2983,0.2863676523511996,0.028916514998974636,2025-10-10 01:14:09
4,2984,0.2851309789816418,0.02827807772689125,2025-10-10 01:14:09
4,2985,0.2838937305474815,0.027634976446732674,2025-10-10 01:14:09
4,2986,0.28265589243047384,0.026987208973188126,2025-10-10 01:14:09
4,2987,0.2814174500934729,0.0263347735684642,2025-10-10 01:14:09
4,2988,0.2801783890862301,0.02567766894917704,2025-10-10 01:14:09
4,2989,0.2789386950512136,0.025015894293277306,2025-10-10 01:14:09
4,2990,0.27769835372944845,0.02434944924700674,2025-10-10 01:14:09
4,2991,0.27645735096637625,0.023678333931884968,2025-10-10 01:14:09
4,2992,0.2752156727177326,0.023002548951725144,2025-10-10 01:14:09
4,2993,0.27397330505544226,0.022322095399676972,2025-10-10 01:14:09
4,2994,0.2727302341735295,0.021636974865295443,2025-10-10 01:14:09
4,2995,0.2714864463940433,0.020947189441633624,2025-10-10 01:14:09
4,2996,0.2702419281729958,0.020252741732357683,2025-10-10 01:14:09
4,2997,0.2689966661063124,0.019553634858882243,2025-10-10 01:14:09
4,2998,0.26775064693579226,0.018849872467524027,2025-10-10 01:14:09
4,2999,0.2665038575550779,0.018141458736671678,2025-10-10 01:14:09
4,3000,0.26525628501563175,0.01742839838396951,2025-10-10 01:14:09
4,3001,0.26400791653271904,0.016710696673512798,2025-10-10 01:14:09
4,3002,0.26275873949139394,0.015988359423052167,2025-10-10 01:14:09
4,3003,0.2615087414524886,0.015261393011204438,2025-10-10 01:14:09
4,3004,0.2602579101586025,0.014529804384667248,2025-10-10 01:14:09
4,3005,0.25900623354009034,0.013793601065434551,2025-10-10 01:14:09
4,3006,0.2577536997210466,0.013052791158010071,2025-10-10 01:14:09
4,3007,0.2565002970252849,0.012307383356615572,2025-10-10 01:14:09
4,3008,0.2552460139823095,0.01155738695239073,2025-10-10 01:14:09
4,3009,0.2539908393332777,0.010802811840581262,2025-10-10 01:14:09
4,3010,0.2527347620369498,0.010043668527711798,2025-10-10 01:14:09
4,3011,0.25147777127562504,0.009279968138739898,2025-10-10 01:14:09
4,3012,0.25021985646106115,0.00851172242418745,2025-10-10 01:14:09
4,3013,0.2489610072403742,0.007738943767245589,2025-10-10 01:14:09
4,3014,0.24770121350191723,0.006961645190849086,2025-10-10 01:14:09
4,3015,0.24644046538113418,0.006179840364716111,2025-10-10 01:14:09
4,3016,0.24517875326638683,0.005393543612349048,2025-10-10 01:14:09
4,3017,0.24391606780475186,0.004602769917991991,2025-10-10 01:14:09
4,3018,0.24265239990778487,0.0038075349335403626,2025-10-10 01:14:09
4,3019,0.24138774075724861,0.003007854985398006,2025-10-10 01:14:09
4,3020,0.24012208181080247,0.0022037470812769485,2025-10-10 01:14:09
4,3021,0.23885541480764955,0.001395228916934923,2025-10-10 01:14:09
4,3022,0.23758773177413872,0.0005823188828456103,2025-10-10 01:14:09
4,3023,0.23631902502931787,-0.00023496392920356536,2025-10-10 01:14:09
4,3024,0.23504928719043508,-0.0010565997195913688,2025-10-10 01:14:09
4,3025,0.23377851117838444,-0.0018825679744258106,2025-10-10 01:14:09
4,3026,0.2325066902230926,-0.0027128474591958445,2025-10-10 01:14:09
4,3027,0.23123381786884262,-0.0035474162125173256,2025-10-10 01:14:09
4,3028,0.22995988797953157,-0.004386251539978965,2025-10-10 01:14:09
4,3029,0.22868489474385764,-0.005229330008094111,2025-10-10 01:14:09
4,3030,0.22740883268043335,-0.006076627438364301,2025-10-10 01:14:09
4,3031,0.2261316966428208,-0.006928118901460598,2025-10-10 01:14:09
4,3032,0.22485348182448475,-0.007783778711528858,2025-10-10 01:14:09
4,3033,0.22357418376365995,-0.008643580420625123,2025-10-10 01:14:09
4,3034,0.222293798348128,-0.009507496813287424,2025-10-10 01:14:09
4,3035,0.22101232181990033,-0.01037549990125039,2025-10-10 01:14:09
4,3036,0.21972975077980217,-0.011247560918309071,2025-10-10 01:14:09
4,3037,0.2184460821919542,-0.012123650315338505,2025-10-10 01:14:09
4,3038,0.21716131338814681,-0.01300373775547558,2025-10-10 01:14:09
4,3039,0.21587544207210307,-0.013887792109469816,2025-10-10 01:14:09
4,3040,0.21458846632362574,-0.014775781451209748,2025-10-10 01:14:09
4,3041,0.21330038460262413,-0.015667673053431586,2025-10-10 01:14:09
4,3042,0.21201119575301614,-0.016563433383616925,2025-10-10 01:14:09
4,3043,0.21072089900650126,-0.01746302810008627,2025-10-10 01:14:09
4,3044,0.20942949398619978,-0.018366422048295153,2025-10-10 01:14:09
4,3045,0.20813698071015382,-0.019273579257339656,2025-10-10 01:14:09
4,3046,0.2068433595946857,-0.02018446293667815,2025-10-10 01:14:09
4,3047,0.20554863145760904,-0.021099035473076056,2025-10-10 01:14:09
4,3048,0.20425279752128828,-0.022017258427780427,2025-10-10 01:14:09
4,3049,0.20295585941554167,-0.02293909253393111,2025-10-10 01:14:09
4,3050,0.20165781918038383,-0.023864497694215277,2025-10-10 01:14:09
4,3051,0.20035867926860287,-0.02479343297877203,2025-10-10 01:14:09
4,3052,0.199058442548168,-0.025725856623353728,2025-10-10 01:14:09
4,3053,0.19775711230446297,-0.026661726027750705,2025-10-10 01:14:09
4,3054,0.19645469224234105,-0.027600997754485924,2025-10-10 01:14:09
4,3055,0.1951511864879973,-0.028543627527786063,2025-10-10 01:14:09
4,3056,0.19384659959065367,-0.02948957023283546,2025-10-10 01:14:09
4,3057,0.1925409365240528,-0.030438779915319247,2025-10-10 01:14:09
4,3058,0.19123420268775637,-0.03139120978126193,2025-10-10 01:14:09
4,3059,0.18992640390824383,-0.03234681219716755,2025-10-10 01:14:09
4,3060,0.18861754643980758,-0.033305538690467394,2025-10-10 01:14:09
4,3061,0.18730763696524044,-0.0342673399502813,2025-10-10 01:14:09
4,3062,0.185996682596312,-0.035232165828498176,2025-10-10 01:14:09
4,3063,0.18468469087402944,-0.03619996534118148,2025-10-10 01:14:09
4,3064,0.18337166976867988,-0.037170686670305125,2025-10-10 01:14:09
4,3065,0.18205762767965006,-0.03814427716582511,2025-10-10 01:14:09
4,3066,0.18074257343502032,-0.03912068334809211,2025-10-10 01:14:09
4,3067,0.17942651629092946,-0.04009985091061001,2025-10-10 01:14:09
4,3068,0.17810946593070714,-0.041081724723145176,2025-10-10 01:14:09
4,3069,0.17679143246377096,-0.042066248835191125,2025-10-10 01:14:09
4,3070,0.17547242642428518,-0.04305336647979303,2025-10-10 01:14:09
4,3071,0.17415245876957824,-0.04404302007773627,2025-10-10 01:14:09
4,3072,0.17283154087831656,-0.045035151242103104,2025-10-10 01:14:09
4,3073,0.1715096845484321,-0.046029700783201184,2025-10-10 01:14:09
4,3074,0.17018690199480124,-0.04702660871386754,2025-10-10 01:14:09
4,3075,0.16886320584667305,-0.04802581425515138,2025-10-10 01:14:09
4,3076,0.1675386091448447,-0.04902725584237874,2025-10-10 01:14:09
4,3077,0.16621312533858226,-0.050030871131601956,2025-10-10 01:14:09
4,3078,0.1648867682822855,-0.05103659700643636,2025-10-10 01:14:09
4,3079,0.16355955223189478,-0.05204436958528678,2025-10-10 01:14:09
4,3080,0.16223149184103927,-0.05305412422896565,2025-10-10 01:14:09
4,3081,0.16090260215692484,-0.05406579554870479,2025-10-10 01:14:09
4,3082,0.15957289861596133,-0.055079317414562096,2025-10-10 01:14:09
4,3083,0.15824239703912812,-0.05609462296422465,2025-10-10 01:14:09
4,3084,0.15691111362707763,-0.05711164461220895,2025-10-10 01:14:09
4,3085,0.1555790649549765,-0.05813031405945912,2025-10-10 01:14:09
4,3086,0.15424626796708438,-0.059150562303343264,2025-10-10 01:14:09
4,3087,0.1529127399710704,-0.06017231964804821,2025-10-10 01:14:09
4,3088,0.15157849863206788,-0.061195515715372246,2025-10-10 01:14:09
4,3089,0.1502435619664674,-0.062220079455915366,2025-10-10 01:14:09
4,3090,0.14890794833544974,-0.06324593916066613,2025-10-10 01:14:09
4,3091,0.14757167643825891,-0.06427302247298403,2025-10-10 01:14:09
4,3092,0.1462347653052171,-0.0653012564009757,2025-10-10 01:14:09
4,3093,0.14489723429048265,-0.06633056733026339,2025-10-10 01:14:09
4,3094,0.14355910306455294,-0.06736088103714342,2025-10-10 01:14:09
4,3095,0.1422203916065138,-0.06839212270213217,2025-10-10 01:14:09
4,3096,0.1408811201960381,-0.0694242169238969,2025-10-10 01:14:09
4,3097,0.13954130940513498,-0.07045708773356829,2025-10-10 01:14:09
4,3098,0.13820098008965334,-0.07149065860943132,2025-10-10 01:14:09
4,3099,0.13686015338054147,-0.0725248524919907,2025-10-10 01:14:09
4,3100,0.1355188506748664,-0.07355959179940681,2025-10-10 01:14:09
4,3101,0.13417709362659586,-0.0745947984432979,2025-10-10 01:14:09
4,3102,0.13283490413714644,-0.07563039384490375,2025-10-10 01:14:09
4,3103,0.13149230434570167,-0.07666629895160577,2025-10-10 01:14:09
4,3104,0.13014931661930362,-0.07770243425379846,2025-10-10 01:14:09
4,3105,0.12880596354272253,-0.07873871980210626,2025-10-10 01:14:09
4,3106,0.12746226790810825,-0.07977507522494025,2025-10-10 01:14:09
4,3107,0.12611825270442836,-0.08081141974638818,2025-10-10 01:14:09
4,3108,0.12477394110669765,-0.08184767220443145,2025-10-10 01:14:09
4,3109,0.12342935646500351,-0.08288375106948223,2025-10-10 01:14:09
4,3110,0.1220845222933328,-0.0839195744632335,2025-10-10 01:14:09
4,3111,0.12073946225820514,-0.08495506017781482,2025-10-10 01:14:09
4,3112,0.1193942001671182,-0.08599012569524586,2025-10-10 01:14:09
4,3113,0.11804875995681066,-0.08702468820718008,2025-10-10 01:14:09
4,3114,0.11670316568134866,-0.08805866463493002,2025-10-10 01:14:09
4,3115,0.1153574415000417,-0.08909197164976598,2025-10-10 01:14:09
4,3116,0.11401161166519427,-0.09012452569347916,2025-10-10 01:14:09
4,3117,0.11266570050969942,-0.09115624299920033,2025-10-10 01:14:09
4,3118,0.11131973243448078,-0.09218703961246486,2025-10-10 01:14:09
4,3119,0.10997373189578984,-0.09321683141251448,2025-10-10 01:14:09
4,3120,0.10862772339236505,-0.09424553413382626,2025-10-10 01:14:09
4,3121,0.10728173145245985,-0.0952730633878587,2025-10-10 01:14:09
4,3122,0.10593578062074657,-0.09629933468500483,2025-10-10 01:14:09
4,3123,0.10458989544510348,-0.09732426345674215,2025-10-10 01:14:09
4,3124,0.10324410046329233,-0.09834776507796852,2025-10-10 01:14:09
4,3125,0.10189842018953366,-0.0993697548895136,2025-10-10 01:14:09
4,3126,0.10055287910098766,-0.10039014822081467,2025-10-10 01:14:09
4,3127,0.09920750162414801,-0.1014088604127459,2025-10-10 01:14:09
4,3128,0.09786231212115651,-0.1024258068405897,2025-10-10 01:14:09
4,3129,0.0965173348760464,-0.10344090293713883,2025-10-10 01:14:09
4,3130,0.0951725940809222,-0.10445406421591755,2025-10-10 01:14:09
4,3131,0.09382811382208407,-0.10546520629451035,2025-10-10 01:14:09
4,3132,0.09248391806610477,-0.10647424491798625,2025-10-10 01:14:09
4,3133,0.09114003064586729,-0.10748109598240674,2025-10-10 01:14:09
4,3134,0.08979647524657136,-0.10848567555840544,2025-10-10 01:14:09
4,3135,0.0884532753917171,-0.10948789991482714,2025-10-10 01:14:09
4,3136,0.08711045442907388,-0.11048768554241421,2025-10-10 01:14:09
4,3137,0.08576803551664293,-0.11148494917752781,2025-10-10 01:14:09
4,3138,0.08442604160862181,-0.11247960782589171,2025-10-10 01:14:09
4,3139,0.08308449544137919,-0.11347157878634624,2025-10-10 01:14:09
4,3140,0.08174341951944818,-0.11446077967459975,2025-10-10 01:14:09
