
You are a global Reinforcement Learning policy optimizer, helping me find the global optimal policy in the following environment.

# Environment:
     In this robot cleaning environment, the swiffer duster is connected to the UR5e robot at the end-effector. The swiffer duster is used to clean a tabletop that is covered with light balls. The trajectory of the swiffer across 2D Plane ( x, y ) should follow a smooth motion to  clean all the balls from the tabletop. The dimension ( x ∈ [-1.350, 1.350], y ∈ [-0.700, 0.700] ) of tabletop is broken down in 2x3 grid. The number of balls in each segment of the grid is  based on the motion of the swiffer.
     The policy used for generating the trajectory of the swiffer is a dynamic movement primitives (dmp) with number of basis function (n_bfs = 25) for each degree of freedom ( x, y ). The cost is calculated as total number of balls on the tabletop are 195  which is broken down spatially based on the number of balls in each segment of the grid (represented as: rows=y high→low, cols=x left→right). 
# Regarding the parameters : Weights for the dmp policy are flattened [x then y] with total length 50. You will help me find optimal weights that minimize the cost. 

# Here's how we will interact :
    1) I will provide you max steps (510) along with a couple of training examples which includes weights for the policy, cost, x-y trajectories for each example 
    2) You will provide the response in exact following format: 
        Output: STRICTLY one JSON object on a single line (no code fences). Include a brief "reason" and the "weights":
        {"reason": "one sentence explaining coverage, bounds adherence, and trajectory improvements", "weights": [exactly 50 floats]}
    3) I will then provide the cost in two representations (total ball count, grid ball count) and the x-y trajectories at that point and the current iteration.
    4) You will repeat the steps from 2-3 until we will reach a maximum number of iteration.

# Remember :
    1) XY WORKSPACE LIMITS (meters): x ∈ [-1.350, 1.350], y ∈ [-0.700, 0.700]. Any path implied by your weights must keep the 2D trajectory strictly within these bounds.
    2) When creating weights, use the trajectory feedback to understand:
      * If previous motions stayed in bounds
      * Which areas were actually covered vs missed
      * How smooth/erratic the motion was
      * Where the robot spent time vs where balls remain
    3) Balance between exploration and exploitation. 
    4) Search both the positive and the negative values.
    5) The global optimum should be at 0 balls in each grid segment (0 total balls). If you are below that, this is just a local optimum. You should explore rather than exploiting.

Next :
     You will see examples of the dmp weights and their corresponding trajectory and cost.
     weights = [84.993855, 69.885069, 55.206646, 42.306527, 32.309473, 24.273628, 12.420855, -7.368554, -24.351259, -28.730552, -34.305447, -50.96178, -73.563352, -95.873989, -116.474452, -135.129149, -149.577451, -159.238397, -166.375785, -171.873775, -173.325799, -168.103406, -154.11261, -132.871615, -110.755176, -90.821882, -71.419665, -52.33974, -35.634237, -21.18727, -7.303905, 6.098977, 19.240626, 33.455577, 50.216669, 69.857061, 91.259438, 111.596813, 129.704331, 145.486411, 157.232589, 165.402812, 170.847044, 172.445849, 169.429601, 162.092667, 149.79719, 133.344939, 116.11635, 100.117687, 34.254739, 29.930115, 24.678004, 18.37642, 11.170079, 2.594627, -11.680548, -38.735428, -61.330785, -54.551031, -39.820681, -36.935136, -39.02968, -40.045511, -39.303201, -36.18576, -29.635765, -20.488875, -9.569289, 2.788452, 14.835595, 24.992636, 31.936633, 35.02832, 35.098438, 32.884945, 28.724358, 23.129088, 16.82561, 10.515734, 4.220914, -2.627085, -10.225675, -18.073946, -25.517172, -31.15169, -34.177154, -35.122555, -33.961812, -30.347473, -23.521878, -13.65379, -2.620972, 8.878889, 20.748335, 31.418109, 38.337951, 40.379633, 39.578511, 37.560793] and [65.370776, 52.45726, 40.6369, 29.605392, 18.033523, 5.931341, -6.326353, -17.461541, -26.223187, -34.197609, -43.399004, -54.797347, -68.689981, -82.694078, -94.078938, -103.69877, -112.681819, -119.626482, -123.539309, -125.587927, -126.502001, -125.569174, -121.310892, -113.123039, -102.857885, -92.476709, -81.730354, -69.824577, -57.163148, -43.903959, -30.130638, -16.832759, -5.461248, 3.898699, 13.039037, 24.292207, 38.638945, 54.356717, 69.000578, 81.899959, 95.212694, 109.469252, 120.0602, 125.02996, 125.826018, 121.888043, 112.735371, 100.636731, 88.93199, 77.724505, 19.196539, 20.155751, 20.191332, 19.36449, 17.515903, 13.783372, 4.013372, -16.789299, -35.348693, -32.588751, -23.101339, -21.806064, -24.332201, -25.823497, -25.295929, -22.72066, -17.556588, -10.202657, -2.521874, 4.979672, 12.367861, 18.321992, 22.457555, 25.042474, 26.014404, 25.853485, 24.864491, 23.192582, 21.340527, 19.428395, 17.001096, 13.072102, 7.107368, -0.352414, -8.055547, -14.14084, -18.052256, -20.831035, -22.672769, -23.392738, -23.288176, -22.075108, -18.524282, -12.418171, -5.340101, 1.58115, 8.114919, 13.18374, 15.986256, 17.655942],
     Trajectory = 20
     Total cost = 195
     Grid cost = [[54, 36], [14, 18], [29, 44]]
     
     
# Historical Feedback Summary (last 10 iterations)
# Iteration Performance Summary (last 10 iterations):
  310th iteration: total_balls=193, waypoints_executed=1571, grid_distribution=[54, 35, 17, 16, 27, 44]
  311th iteration: total_balls=176, waypoints_executed=1384, grid_distribution=[42, 39, 12, 13, 28, 42]
  312th iteration: total_balls=193, waypoints_executed=1571, grid_distribution=[37, 39, 26, 25, 36, 30]
  313th iteration: total_balls=194, waypoints_executed=1571, grid_distribution=[52, 37, 15, 16, 27, 47]
  314th iteration: total_balls=194, waypoints_executed=1571, grid_distribution=[52, 37, 15, 16, 27, 47]
  315th iteration: total_balls=190, waypoints_executed=968, grid_distribution=[41, 35, 22, 19, 37, 36]
  316th iteration: total_balls=197, waypoints_executed=1571, grid_distribution=[42, 34, 28, 27, 25, 41]
  317th iteration: total_balls=197, waypoints_executed=1571, grid_distribution=[42, 34, 30, 25, 25, 41]
  318th iteration: total_balls=197, waypoints_executed=1571, grid_distribution=[42, 34, 31, 25, 25, 40]
  319th iteration: total_balls=165, waypoints_executed=892, grid_distribution=[44, 37, 28, 18, 34, 4]

# Trajectory Path Analysis (last 10 iterations):
  301st iteration: path_start=[(0.01, -0.172), (0.01, -0.172), (0.009, -0.171), (0.007, -0.171), (0.006, -0.17), (0.004, -0.169), (0.002, -0.168), (-0.001, -0.167), (-0.003, -0.166), (-0.006, -0.164), (-0.009, -0.163), (-0.012, -0.161), (-0.016, -0.16), (-0.019, -0.158), (-0.023, -0.156), (-0.027, -0.154), (-0.03, -0.152), (-0.035, -0.15), (-0.039, -0.148), (-0.043, -0.146), (-0.048, -0.144), (-0.052, -0.142), (-0.057, -0.139), (-0.061, -0.137), (-0.066, -0.135), (-0.071, -0.132), (-0.076, -0.13), (-0.081, -0.127), (-0.086, -0.125), (-0.091, -0.122), (-0.096, -0.12), (-0.101, -0.117), (-0.106, -0.115), (-0.111, -0.112), (-0.116, -0.109), (-0.122, -0.107), (-0.127, -0.104), (-0.132, -0.102), (-0.137, -0.099), (-0.143, -0.096), (-0.148, -0.094), (-0.153, -0.091), (-0.158, -0.088), (-0.163, -0.086), (-0.168, -0.083), (-0.174, -0.081), (-0.179, -0.078), (-0.184, -0.075), (-0.189, -0.073), (-0.194, -0.07), (-0.199, -0.068), (-0.204, -0.065), (-0.209, -0.063), (-0.214, -0.06), (-0.219, -0.057), (-0.224, -0.055), (-0.229, -0.052), (-0.233, -0.05), (-0.238, -0.048), (-0.243, -0.045), (-0.248, -0.043), (-0.252, -0.04), (-0.257, -0.038), (-0.261, -0.036), (-0.266, -0.033), (-0.27, -0.031), (-0.275, -0.029), (-0.279, -0.026), (-0.283, -0.024), (-0.288, -0.022), (-0.292, -0.02), (-0.296, -0.017), (-0.3, -0.015), (-0.304, -0.013), (-0.308, -0.011), (-0.312, -0.009), (-0.316, -0.007), (-0.32, -0.005), (-0.324, -0.003), (-0.328, -0.001), (-0.331, 0.001), (-0.335, 0.003), (-0.339, 0.005), (-0.342, 0.007), (-0.346, 0.009), (-0.349, 0.011), (-0.353, 0.013), (-0.356, 0.014), (-0.359, 0.016), (-0.362, 0.018), (-0.366, 0.02), (-0.369, 0.022), (-0.372, 0.023), (-0.375, 0.025), (-0.378, 0.027), (-0.381, 0.028), (-0.384, 0.03), (-0.387, 0.031), (-0.39, 0.033), (-0.392, 0.034), (-0.395, 0.036), (-0.398, 0.037), (-0.401, 0.039), (-0.403, 0.04), (-0.406, 0.042), (-0.408, 0.043), (-0.411, 0.045), (-0.413, 0.046), (-0.415, 0.047), (-0.418, 0.049), (-0.42, 0.05), (-0.422, 0.051), (-0.425, 0.052), (-0.427, 0.054), (-0.429, 0.055), (-0.431, 0.056), (-0.433, 0.057), (-0.435, 0.058), (-0.437, 0.06), (-0.439, 0.061), (-0.441, 0.062), (-0.443, 0.063), (-0.444, 0.064), (-0.446, 0.065), (-0.448, 0.066), (-0.45, 0.067), (-0.451, 0.068), (-0.453, 0.069), (-0.454, 0.07), (-0.456, 0.071), (-0.457, 0.072), (-0.459, 0.073), (-0.46, 0.074), (-0.462, 0.075), (-0.463, 0.075), (-0.464, 0.076), (-0.466, 0.077), (-0.467, 0.078), (-0.468, 0.079), (-0.469, 0.079), (-0.471, 0.08), (-0.472, 0.081), (-0.473, 0.082), (-0.474, 0.082), (-0.475, 0.083), (-0.476, 0.084), (-0.477, 0.085), (-0.478, 0.085), (-0.479, 0.086), (-0.48, 0.087), (-0.481, 0.087), (-0.481, 0.088), (-0.482, 0.088), (-0.483, 0.089), (-0.484, 0.09), (-0.485, 0.09), (-0.485, 0.091), (-0.486, 0.091), (-0.487, 0.092), (-0.487, 0.092), (-0.488, 0.093), (-0.488, 0.093), (-0.489, 0.094), (-0.49, 0.094), (-0.49, 0.095), (-0.491, 0.095), (-0.491, 0.096), (-0.491, 0.096), (-0.492, 0.097), (-0.492, 0.097), (-0.493, 0.097), (-0.493, 0.098), (-0.493, 0.098), (-0.494, 0.099), (-0.494, 0.099), (-0.494, 0.099), (-0.494, 0.1), (-0.495, 0.1), (-0.495, 0.1), (-0.495, 0.101), (-0.495, 0.101), (-0.495, 0.101), (-0.495, 0.102), (-0.495, 0.102), (-0.496, 0.102), (-0.496, 0.103), (-0.496, 0.103), (-0.496, 0.103), (-0.496, 0.103), (-0.496, 0.104), (-0.496, 0.104), (-0.496, 0.104), (-0.496, 0.104), (-0.495, 0.105), (-0.495, 0.105), (-0.495, 0.105), (-0.495, 0.105), (-0.495, 0.106), (-0.495, 0.106), (-0.495, 0.106), (-0.494, 0.106), (-0.494, 0.106), (-0.494, 0.107), (-0.494, 0.107), (-0.493, 0.107), (-0.493, 0.107), (-0.493, 0.107), (-0.493, 0.107), (-0.492, 0.108), (-0.492, 0.108), (-0.492, 0.108), (-0.491, 0.108), (-0.491, 0.108), (-0.49, 0.108), (-0.49, 0.108), (-0.49, 0.109), (-0.489, 0.109), (-0.489, 0.109), (-0.488, 0.109), (-0.488, 0.109), (-0.487, 0.109), (-0.487, 0.109), (-0.486, 0.109), (-0.486, 0.109), (-0.485, 0.11), (-0.485, 0.11), (-0.484, 0.11), (-0.483, 0.11), (-0.483, 0.11), (-0.482, 0.11), (-0.482, 0.11), (-0.481, 0.11), (-0.48, 0.11), (-0.48, 0.11), (-0.479, 0.11), (-0.478, 0.111), (-0.478, 0.111), (-0.477, 0.111), (-0.476, 0.111), (-0.476, 0.111), (-0.475, 0.111), (-0.474, 0.111), (-0.473, 0.111), (-0.473, 0.111), (-0.472, 0.111), (-0.471, 0.111), (-0.47, 0.111), (-0.47, 0.111), (-0.469, 0.111), (-0.468, 0.111), (-0.467, 0.111), (-0.466, 0.111), (-0.465, 0.111), (-0.465, 0.111), (-0.464, 0.111), (-0.463, 0.111), (-0.462, 0.112), (-0.461, 0.112), (-0.46, 0.112), (-0.459, 0.112), (-0.458, 0.112), (-0.457, 0.112), (-0.456, 0.112), (-0.455, 0.112), (-0.454, 0.112), (-0.454, 0.112), (-0.453, 0.112), (-0.452, 0.112), (-0.451, 0.112), (-0.45, 0.112), (-0.449, 0.112), (-0.448, 0.112), (-0.447, 0.112), (-0.446, 0.112), (-0.445, 0.112), (-0.443, 0.112), (-0.442, 0.112), (-0.441, 0.112), (-0.44, 0.112), (-0.439, 0.112), (-0.438, 0.112), (-0.437, 0.112), (-0.436, 0.112), (-0.435, 0.112), (-0.434, 0.112), (-0.433, 0.112), (-0.432, 0.112), (-0.43, 0.112), (-0.429, 0.112), (-0.428, 0.112), (-0.427, 0.112), (-0.426, 0.112), (-0.425, 0.112), (-0.423, 0.112), (-0.422, 0.112), (-0.421, 0.112), (-0.42, 0.112), (-0.419, 0.112), (-0.418, 0.112), (-0.416, 0.112), (-0.415, 0.112), (-0.414, 0.112), (-0.413, 0.112), (-0.411, 0.112), (-0.41, 0.112), (-0.409, 0.112), (-0.408, 0.112), (-0.407, 0.112), (-0.405, 0.112), (-0.404, 0.112), (-0.403, 0.111), (-0.402, 0.111), (-0.4, 0.111), (-0.399, 0.111), (-0.398, 0.111), (-0.396, 0.111), (-0.395, 0.111), (-0.394, 0.111), (-0.393, 0.111), (-0.391, 0.111), (-0.39, 0.111), (-0.389, 0.111), (-0.387, 0.111), (-0.386, 0.111), (-0.385, 0.111), (-0.383, 0.111), (-0.382, 0.111), (-0.381, 0.111), (-0.379, 0.111), (-0.378, 0.111), (-0.377, 0.111), (-0.375, 0.111), (-0.374, 0.111), (-0.373, 0.111), (-0.371, 0.111), (-0.37, 0.111), (-0.368, 0.111), (-0.367, 0.11), (-0.366, 0.11), (-0.364, 0.11), (-0.363, 0.11), (-0.362, 0.11), (-0.36, 0.11), (-0.359, 0.11), (-0.357, 0.11), (-0.356, 0.11), (-0.355, 0.11), (-0.353, 0.11), (-0.352, 0.11), (-0.35, 0.11), (-0.349, 0.11), (-0.348, 0.11), (-0.346, 0.11), (-0.345, 0.11), (-0.343, 0.109), (-0.342, 0.109), (-0.34, 0.109), (-0.339, 0.109), (-0.338, 0.109), (-0.336, 0.109), (-0.335, 0.109), (-0.333, 0.109), (-0.332, 0.109), (-0.331, 0.109), (-0.329, 0.109), (-0.328, 0.109), (-0.326, 0.108), (-0.325, 0.108), (-0.323, 0.108), (-0.322, 0.108), (-0.32, 0.108), (-0.319, 0.108), (-0.318, 0.108), (-0.316, 0.108), (-0.315, 0.108), (-0.313, 0.108), (-0.312, 0.108), (-0.31, 0.107), (-0.309, 0.107), (-0.307, 0.107), (-0.306, 0.107), (-0.305, 0.107), (-0.303, 0.107), (-0.302, 0.107), (-0.3, 0.107), (-0.299, 0.107), (-0.297, 0.106), (-0.296, 0.106), (-0.295, 0.106), (-0.293, 0.106), (-0.292, 0.106), (-0.29, 0.106), (-0.289, 0.106), (-0.287, 0.106), (-0.286, 0.105), (-0.284, 0.105), (-0.283, 0.105), (-0.282, 0.105), (-0.28, 0.105), (-0.279, 0.105), (-0.277, 0.105), (-0.276, 0.104), (-0.274, 0.104), (-0.273, 0.104), (-0.271, 0.104), (-0.27, 0.104), (-0.269, 0.104), (-0.267, 0.103), (-0.266, 0.103), (-0.264, 0.103), (-0.263, 0.103), (-0.261, 0.103), (-0.26, 0.103), (-0.259, 0.102), (-0.257, 0.102), (-0.256, 0.102), (-0.254, 0.102), (-0.253, 0.102), (-0.252, 0.102), (-0.25, 0.101), (-0.249, 0.101), (-0.247, 0.101), (-0.246, 0.101), (-0.245, 0.101), (-0.243, 0.1), (-0.242, 0.1), (-0.24, 0.1), (-0.239, 0.1), (-0.238, 0.1), (-0.236, 0.099), (-0.235, 0.099), (-0.233, 0.099), (-0.232, 0.099), (-0.231, 0.099), (-0.229, 0.098), (-0.228, 0.098), (-0.226, 0.098), (-0.225, 0.098), (-0.224, 0.097), (-0.222, 0.097), (-0.221, 0.097), (-0.22, 0.097), (-0.218, 0.097), (-0.217, 0.096), (-0.216, 0.096), (-0.214, 0.096), (-0.213, 0.096), (-0.212, 0.095), (-0.21, 0.095), (-0.209, 0.095), (-0.208, 0.095), (-0.206, 0.094), (-0.205, 0.094), (-0.204, 0.094), (-0.202, 0.093), (-0.201, 0.093), (-0.2, 0.093), (-0.198, 0.093), (-0.197, 0.092), (-0.196, 0.092), (-0.194, 0.092), (-0.193, 0.092), (-0.192, 0.091), (-0.19, 0.091), (-0.189, 0.091), (-0.188, 0.09), (-0.187, 0.09), (-0.185, 0.09), (-0.184, 0.089), (-0.183, 0.089), (-0.181, 0.089), (-0.18, 0.089), (-0.179, 0.088), (-0.178, 0.088), (-0.176, 0.088), (-0.175, 0.087), (-0.174, 0.087), (-0.173, 0.087), (-0.171, 0.086), (-0.17, 0.086), (-0.169, 0.086), (-0.168, 0.085), (-0.166, 0.085), (-0.165, 0.085), (-0.164, 0.084), (-0.163, 0.084), (-0.161, 0.084), (-0.16, 0.083), (-0.159, 0.083), (-0.158, 0.083), (-0.156, 0.082), (-0.155, 0.082), (-0.154, 0.081), (-0.153, 0.081), (-0.152, 0.081), (-0.15, 0.08), (-0.149, 0.08), (-0.148, 0.08), (-0.147, 0.079), (-0.146, 0.079)], path_end=[(0.084, -0.155), (0.082, -0.155), (0.081, -0.155), (0.08, -0.155), (0.078, -0.155), (0.077, -0.155), (0.076, -0.156), (0.074, -0.156), (0.073, -0.156), (0.072, -0.156), (0.07, -0.156), (0.069, -0.156), (0.068, -0.156), (0.066, -0.156), (0.065, -0.157), (0.064, -0.157), (0.062, -0.157), (0.061, -0.157), (0.06, -0.157), (0.058, -0.157), (0.057, -0.157), (0.056, -0.157), (0.054, -0.158), (0.053, -0.158), (0.052, -0.158), (0.05, -0.158), (0.049, -0.158), (0.048, -0.158), (0.046, -0.158), (0.045, -0.158), (0.044, -0.158), (0.042, -0.159), (0.041, -0.159), (0.04, -0.159), (0.039, -0.159), (0.037, -0.159), (0.036, -0.159), (0.035, -0.159), (0.033, -0.159), (0.032, -0.159), (0.031, -0.159), (0.03, -0.16), (0.028, -0.16), (0.027, -0.16), (0.026, -0.16), (0.025, -0.16), (0.023, -0.16), (0.022, -0.16), (0.021, -0.16), (0.02, -0.16), (0.018, -0.16), (0.017, -0.16), (0.016, -0.161), (0.015, -0.161), (0.014, -0.161), (0.012, -0.161), (0.011, -0.161), (0.01, -0.161), (0.009, -0.161), (0.008, -0.161), (0.006, -0.161), (0.005, -0.161), (0.004, -0.161), (0.003, -0.161), (0.002, -0.162), (0.001, -0.162), (-0.0, -0.162), (-0.002, -0.162), (-0.003, -0.162), (-0.004, -0.162), (-0.005, -0.162), (-0.006, -0.162), (-0.007, -0.162), (-0.008, -0.162), (-0.009, -0.162), (-0.01, -0.162), (-0.012, -0.162), (-0.013, -0.162), (-0.014, -0.162), (-0.015, -0.163), (-0.016, -0.163), (-0.017, -0.163), (-0.018, -0.163), (-0.019, -0.163), (-0.02, -0.163), (-0.021, -0.163), (-0.022, -0.163), (-0.023, -0.163), (-0.024, -0.163), (-0.025, -0.163), (-0.026, -0.163), (-0.027, -0.163), (-0.028, -0.163), (-0.029, -0.163), (-0.03, -0.163), (-0.031, -0.163), (-0.032, -0.163), (-0.033, -0.163), (-0.034, -0.164), (-0.035, -0.164), (-0.036, -0.164), (-0.037, -0.164), (-0.038, -0.164), (-0.039, -0.164), (-0.04, -0.164), (-0.041, -0.164), (-0.041, -0.164), (-0.042, -0.164), (-0.043, -0.164), (-0.044, -0.164), (-0.045, -0.164), (-0.046, -0.164), (-0.047, -0.164), (-0.048, -0.164), (-0.049, -0.164), (-0.05, -0.164), (-0.05, -0.164), (-0.051, -0.164), (-0.052, -0.164), (-0.053, -0.164), (-0.054, -0.164), (-0.055, -0.164), (-0.056, -0.164), (-0.056, -0.164), (-0.057, -0.164), (-0.058, -0.164), (-0.059, -0.164), (-0.06, -0.164), (-0.061, -0.164), (-0.062, -0.164), (-0.062, -0.164), (-0.063, -0.164), (-0.064, -0.164), (-0.065, -0.164), (-0.066, -0.164), (-0.067, -0.164), (-0.067, -0.164), (-0.068, -0.164), (-0.069, -0.164), (-0.07, -0.164), (-0.071, -0.164), (-0.071, -0.164), (-0.072, -0.164), (-0.073, -0.164), (-0.074, -0.164), (-0.075, -0.164), (-0.075, -0.164), (-0.076, -0.164), (-0.077, -0.164), (-0.078, -0.164), (-0.079, -0.164), (-0.079, -0.164), (-0.08, -0.164), (-0.081, -0.164), (-0.082, -0.164), (-0.083, -0.164), (-0.083, -0.164), (-0.084, -0.164), (-0.085, -0.164), (-0.086, -0.164), (-0.087, -0.164), (-0.088, -0.164), (-0.088, -0.164), (-0.089, -0.164), (-0.09, -0.164), (-0.091, -0.164), (-0.092, -0.164), (-0.092, -0.164), (-0.093, -0.163), (-0.094, -0.163), (-0.095, -0.163), (-0.096, -0.163), (-0.096, -0.163), (-0.097, -0.163), (-0.098, -0.163), (-0.099, -0.163), (-0.1, -0.163), (-0.101, -0.163), (-0.101, -0.163), (-0.102, -0.163), (-0.103, -0.163), (-0.104, -0.163), (-0.105, -0.163), (-0.106, -0.163), (-0.107, -0.162), (-0.107, -0.162), (-0.108, -0.162), (-0.109, -0.162), (-0.11, -0.162), (-0.111, -0.162), (-0.112, -0.162), (-0.113, -0.162), (-0.113, -0.162), (-0.114, -0.162), (-0.115, -0.162), (-0.116, -0.161), (-0.117, -0.161), (-0.118, -0.161), (-0.119, -0.161), (-0.12, -0.161), (-0.121, -0.161), (-0.122, -0.161), (-0.122, -0.161), (-0.123, -0.161), (-0.124, -0.16), (-0.125, -0.16), (-0.126, -0.16), (-0.127, -0.16), (-0.128, -0.16), (-0.129, -0.16), (-0.13, -0.16), (-0.131, -0.16), (-0.132, -0.159), (-0.133, -0.159), (-0.134, -0.159), (-0.135, -0.159), (-0.136, -0.159), (-0.137, -0.159), (-0.138, -0.158), (-0.139, -0.158), (-0.14, -0.158), (-0.141, -0.158), (-0.142, -0.158), (-0.143, -0.158), (-0.144, -0.157), (-0.145, -0.157), (-0.146, -0.157), (-0.147, -0.157), (-0.148, -0.157), (-0.149, -0.157), (-0.15, -0.156), (-0.151, -0.156), (-0.152, -0.156), (-0.153, -0.156), (-0.154, -0.156), (-0.155, -0.155), (-0.157, -0.155), (-0.158, -0.155), (-0.159, -0.155), (-0.16, -0.155), (-0.161, -0.154), (-0.162, -0.154), (-0.163, -0.154), (-0.164, -0.154), (-0.165, -0.154), (-0.167, -0.153), (-0.168, -0.153), (-0.169, -0.153), (-0.17, -0.153), (-0.171, -0.152), (-0.172, -0.152), (-0.173, -0.152), (-0.175, -0.152), (-0.176, -0.151), (-0.177, -0.151), (-0.178, -0.151), (-0.179, -0.151), (-0.181, -0.15), (-0.182, -0.15), (-0.183, -0.15), (-0.184, -0.149), (-0.185, -0.149), (-0.187, -0.149), (-0.188, -0.149), (-0.189, -0.148), (-0.19, -0.148), (-0.191, -0.148), (-0.193, -0.147), (-0.194, -0.147), (-0.195, -0.147), (-0.196, -0.146), (-0.198, -0.146), (-0.199, -0.146), (-0.2, -0.145), (-0.202, -0.145), (-0.203, -0.145), (-0.204, -0.145), (-0.205, -0.144), (-0.207, -0.144), (-0.208, -0.143), (-0.209, -0.143), (-0.211, -0.143), (-0.212, -0.142), (-0.213, -0.142), (-0.214, -0.142), (-0.216, -0.141), (-0.217, -0.141), (-0.218, -0.141), (-0.22, -0.14), (-0.221, -0.14), (-0.222, -0.139), (-0.224, -0.139), (-0.225, -0.139), (-0.226, -0.138), (-0.228, -0.138), (-0.229, -0.137), (-0.23, -0.137), (-0.232, -0.137), (-0.233, -0.136), (-0.235, -0.136), (-0.236, -0.135), (-0.237, -0.135), (-0.239, -0.134), (-0.24, -0.134), (-0.241, -0.134), (-0.243, -0.133), (-0.244, -0.133), (-0.246, -0.132), (-0.247, -0.132), (-0.248, -0.131), (-0.25, -0.131), (-0.251, -0.13), (-0.252, -0.13), (-0.254, -0.129), (-0.255, -0.129), (-0.257, -0.128), (-0.258, -0.128), (-0.259, -0.127), (-0.261, -0.127), (-0.262, -0.126), (-0.264, -0.126), (-0.265, -0.125), (-0.267, -0.125), (-0.268, -0.124), (-0.269, -0.124), (-0.271, -0.123), (-0.272, -0.123), (-0.274, -0.122), (-0.275, -0.122), (-0.276, -0.121), (-0.278, -0.12), (-0.279, -0.12), (-0.281, -0.119), (-0.282, -0.119), (-0.284, -0.118), (-0.285, -0.118), (-0.286, -0.117), (-0.288, -0.116), (-0.289, -0.116), (-0.291, -0.115), (-0.292, -0.115), (-0.294, -0.114), (-0.295, -0.113), (-0.296, -0.113), (-0.298, -0.112), (-0.299, -0.112), (-0.301, -0.111), (-0.302, -0.11), (-0.304, -0.11), (-0.305, -0.109), (-0.307, -0.108), (-0.308, -0.108), (-0.309, -0.107), (-0.311, -0.106), (-0.312, -0.106), (-0.314, -0.105), (-0.315, -0.104), (-0.317, -0.104), (-0.318, -0.103), (-0.319, -0.102), (-0.321, -0.102), (-0.322, -0.101), (-0.324, -0.1), (-0.325, -0.099), (-0.327, -0.099), (-0.328, -0.098), (-0.329, -0.097), (-0.331, -0.097), (-0.332, -0.096), (-0.334, -0.095), (-0.335, -0.094), (-0.336, -0.094), (-0.338, -0.093), (-0.339, -0.092), (-0.341, -0.091), (-0.342, -0.091), (-0.344, -0.09), (-0.345, -0.089), (-0.346, -0.088), (-0.348, -0.087), (-0.349, -0.087), (-0.351, -0.086), (-0.352, -0.085), (-0.353, -0.084), (-0.355, -0.083), (-0.356, -0.083), (-0.358, -0.082), (-0.359, -0.081), (-0.36, -0.08), (-0.362, -0.079), (-0.363, -0.079), (-0.364, -0.078), (-0.366, -0.077), (-0.367, -0.076), (-0.369, -0.075), (-0.37, -0.074), (-0.371, -0.074), (-0.373, -0.073), (-0.374, -0.072), (-0.375, -0.071), (-0.377, -0.07), (-0.378, -0.069), (-0.379, -0.068), (-0.381, -0.067), (-0.382, -0.067), (-0.383, -0.066), (-0.385, -0.065), (-0.386, -0.064), (-0.387, -0.063), (-0.389, -0.062), (-0.39, -0.061), (-0.391, -0.06), (-0.393, -0.059), (-0.394, -0.058), (-0.395, -0.058), (-0.397, -0.057), (-0.398, -0.056), (-0.399, -0.055), (-0.4, -0.054), (-0.402, -0.053), (-0.403, -0.052), (-0.404, -0.051), (-0.406, -0.05), (-0.407, -0.049), (-0.408, -0.048), (-0.409, -0.047), (-0.411, -0.046), (-0.412, -0.045), (-0.413, -0.044), (-0.414, -0.043), (-0.416, -0.042), (-0.417, -0.041), (-0.418, -0.04), (-0.419, -0.039), (-0.421, -0.039), (-0.422, -0.038), (-0.423, -0.037), (-0.424, -0.036), (-0.425, -0.035), (-0.427, -0.034), (-0.428, -0.033), (-0.429, -0.032), (-0.43, -0.031), (-0.431, -0.03), (-0.433, -0.029), (-0.434, -0.028), (-0.435, -0.027), (-0.436, -0.026), (-0.437, -0.025), (-0.438, -0.024), (-0.44, -0.023), (-0.441, -0.022), (-0.442, -0.021), (-0.443, -0.02), (-0.444, -0.019), (-0.445, -0.018), (-0.446, -0.017), (-0.447, -0.016), (-0.449, -0.015), (-0.45, -0.014), (-0.451, -0.013), (-0.452, -0.012), (-0.453, -0.011), (-0.454, -0.01), (-0.455, -0.009), (-0.456, -0.008), (-0.457, -0.007), (-0.458, -0.006), (-0.459, -0.004), (-0.46, -0.003), (-0.461, -0.002), (-0.462, -0.001), (-0.463, -0.0), (-0.465, 0.001), (-0.466, 0.002), (-0.467, 0.003), (-0.468, 0.004), (-0.469, 0.005), (-0.47, 0.006), (-0.471, 0.007), (-0.472, 0.008), (-0.473, 0.009), (-0.473, 0.01), (-0.474, 0.011), (-0.475, 0.012), (-0.476, 0.013), (-0.477, 0.014), (-0.478, 0.015), (-0.479, 0.016), (-0.48, 0.017), (-0.481, 0.018), (-0.482, 0.019), (-0.483, 0.02), (-0.484, 0.02), (-0.485, 0.021), (-0.486, 0.022), (-0.486, 0.023), (-0.487, 0.024), (-0.488, 0.025), (-0.489, 0.026)], total_steps=3141
  303rd iteration: path_start=[(0.011, -0.172), (0.01, -0.172), (0.01, -0.172), (0.01, -0.172), (0.01, -0.172), (0.01, -0.172), (0.01, -0.172), (0.01, -0.172), (0.01, -0.172), (0.01, -0.172), (0.01, -0.172), (0.009, -0.172), (0.009, -0.171), (0.009, -0.171), (0.009, -0.171), (0.009, -0.171), (0.009, -0.171), (0.008, -0.171), (0.008, -0.17), (0.008, -0.17), (0.008, -0.17), (0.008, -0.17), (0.008, -0.17), (0.007, -0.169), (0.007, -0.169), (0.007, -0.169), (0.007, -0.169), (0.007, -0.168), (0.006, -0.168), (0.006, -0.168), (0.006, -0.168), (0.006, -0.167), (0.006, -0.167), (0.006, -0.167), (0.005, -0.167), (0.005, -0.166), (0.005, -0.166), (0.005, -0.166), (0.005, -0.166), (0.004, -0.165), (0.004, -0.165), (0.004, -0.165), (0.004, -0.165), (0.004, -0.164), (0.004, -0.164), (0.004, -0.164), (0.003, -0.163), (0.003, -0.163), (0.003, -0.163), (0.003, -0.162), (0.003, -0.162), (0.003, -0.162), (0.003, -0.162), (0.003, -0.161), (0.003, -0.161), (0.002, -0.161), (0.002, -0.16), (0.002, -0.16), (0.002, -0.16), (0.002, -0.159), (0.002, -0.159), (0.002, -0.159), (0.002, -0.158), (0.002, -0.158), (0.002, -0.158), (0.002, -0.157), (0.002, -0.157), (0.002, -0.157), (0.002, -0.156), (0.002, -0.156), (0.002, -0.156), (0.002, -0.155), (0.002, -0.155), (0.002, -0.155), (0.002, -0.154), (0.002, -0.154), (0.002, -0.154), (0.002, -0.154), (0.002, -0.153), (0.002, -0.153), (0.002, -0.153), (0.002, -0.152), (0.002, -0.152), (0.002, -0.152), (0.002, -0.151), (0.002, -0.151), (0.002, -0.151), (0.002, -0.15), (0.002, -0.15), (0.002, -0.15), (0.002, -0.149), (0.002, -0.149), (0.002, -0.149), (0.003, -0.148), (0.003, -0.148), (0.003, -0.148), (0.003, -0.147), (0.003, -0.147), (0.003, -0.147), (0.003, -0.146), (0.003, -0.146), (0.004, -0.146), (0.004, -0.145), (0.004, -0.145), (0.004, -0.145), (0.004, -0.144), (0.004, -0.144), (0.004, -0.144), (0.005, -0.143), (0.005, -0.143), (0.005, -0.143), (0.005, -0.142), (0.005, -0.142), (0.005, -0.142), (0.006, -0.141), (0.006, -0.141), (0.006, -0.141), (0.006, -0.14), (0.006, -0.14), (0.007, -0.14), (0.007, -0.139), (0.007, -0.139), (0.007, -0.139), (0.007, -0.138), (0.008, -0.138), (0.008, -0.138), (0.008, -0.137), (0.008, -0.137), (0.008, -0.137), (0.009, -0.136), (0.009, -0.136), (0.009, -0.136), (0.009, -0.135), (0.01, -0.135), (0.01, -0.135), (0.01, -0.134), (0.01, -0.134), (0.011, -0.134), (0.011, -0.133), (0.011, -0.133), (0.011, -0.133), (0.012, -0.132), (0.012, -0.132), (0.012, -0.132), (0.013, -0.131), (0.013, -0.131), (0.013, -0.131), (0.013, -0.13), (0.014, -0.13), (0.014, -0.13), (0.014, -0.129), (0.015, -0.129), (0.015, -0.129), (0.015, -0.128), (0.015, -0.128), (0.016, -0.128), (0.016, -0.127), (0.016, -0.127), (0.017, -0.127), (0.017, -0.126), (0.017, -0.126), (0.018, -0.126), (0.018, -0.125), (0.018, -0.125), (0.019, -0.125), (0.019, -0.124), (0.019, -0.124), (0.019, -0.124), (0.02, -0.123), (0.02, -0.123), (0.02, -0.123), (0.021, -0.122), (0.021, -0.122), (0.021, -0.122), (0.022, -0.121), (0.022, -0.121), (0.023, -0.121), (0.023, -0.12), (0.023, -0.12), (0.024, -0.12), (0.024, -0.119), (0.024, -0.119), (0.025, -0.119), (0.025, -0.118), (0.025, -0.118), (0.026, -0.118), (0.026, -0.117), (0.026, -0.117), (0.027, -0.117), (0.027, -0.116), (0.028, -0.116), (0.028, -0.116), (0.028, -0.115), (0.029, -0.115), (0.029, -0.115), (0.029, -0.114), (0.03, -0.114), (0.03, -0.114), (0.031, -0.113), (0.031, -0.113), (0.031, -0.113), (0.032, -0.112), (0.032, -0.112), (0.033, -0.112), (0.033, -0.111), (0.033, -0.111), (0.034, -0.111), (0.034, -0.11), (0.035, -0.11), (0.035, -0.11), (0.035, -0.109), (0.036, -0.109), (0.036, -0.109), (0.037, -0.109), (0.037, -0.108), (0.037, -0.108), (0.038, -0.108), (0.038, -0.107), (0.039, -0.107), (0.039, -0.107), (0.039, -0.106), (0.04, -0.106), (0.04, -0.106), (0.041, -0.105), (0.041, -0.105), (0.042, -0.105), (0.042, -0.104), (0.042, -0.104), (0.043, -0.104), (0.043, -0.103), (0.044, -0.103), (0.044, -0.103), (0.045, -0.102), (0.045, -0.102), (0.046, -0.102), (0.046, -0.101), (0.046, -0.101), (0.047, -0.101), (0.047, -0.1), (0.048, -0.1), (0.048, -0.1), (0.049, -0.099), (0.049, -0.099), (0.05, -0.099), (0.05, -0.098), (0.051, -0.098), (0.051, -0.098), (0.051, -0.097), (0.052, -0.097), (0.052, -0.097), (0.053, -0.096), (0.053, -0.096), (0.054, -0.096), (0.054, -0.095), (0.055, -0.095), (0.055, -0.095), (0.056, -0.094), (0.056, -0.094), (0.057, -0.094), (0.057, -0.093), (0.058, -0.093), (0.058, -0.093), (0.059, -0.092), (0.059, -0.092), (0.06, -0.092), (0.06, -0.091), (0.061, -0.091), (0.061, -0.091), (0.062, -0.09), (0.062, -0.09), (0.063, -0.09), (0.063, -0.089), (0.064, -0.089), (0.064, -0.089), (0.065, -0.088), (0.065, -0.088), (0.066, -0.088), (0.066, -0.087), (0.067, -0.087), (0.067, -0.087), (0.068, -0.086), (0.068, -0.086), (0.069, -0.086), (0.069, -0.085), (0.07, -0.085), (0.07, -0.085), (0.071, -0.084), (0.072, -0.084), (0.072, -0.084), (0.073, -0.083), (0.073, -0.083), (0.074, -0.083), (0.074, -0.082), (0.075, -0.082), (0.075, -0.082), (0.076, -0.081), (0.077, -0.081), (0.077, -0.081), (0.078, -0.08), (0.078, -0.08), (0.079, -0.08), (0.079, -0.079), (0.08, -0.079), (0.08, -0.079), (0.081, -0.078), (0.082, -0.078), (0.082, -0.078), (0.083, -0.077), (0.083, -0.077), (0.084, -0.077), (0.085, -0.076), (0.085, -0.076), (0.086, -0.076), (0.086, -0.075), (0.087, -0.075), (0.088, -0.075), (0.088, -0.074), (0.089, -0.074), (0.089, -0.074), (0.09, -0.073), (0.091, -0.073), (0.091, -0.073), (0.092, -0.072), (0.092, -0.072), (0.093, -0.072), (0.094, -0.071), (0.094, -0.071), (0.095, -0.071), (0.096, -0.07), (0.096, -0.07), (0.097, -0.07), (0.097, -0.069), (0.098, -0.069), (0.099, -0.069), (0.099, -0.068), (0.1, -0.068), (0.101, -0.068), (0.101, -0.067), (0.102, -0.067), (0.103, -0.067), (0.103, -0.066), (0.104, -0.066), (0.105, -0.066), (0.105, -0.065), (0.106, -0.065), (0.107, -0.065), (0.107, -0.064), (0.108, -0.064), (0.109, -0.064), (0.109, -0.063), (0.11, -0.063), (0.111, -0.063), (0.112, -0.062), (0.112, -0.062), (0.113, -0.061), (0.114, -0.061), (0.114, -0.061), (0.115, -0.06), (0.116, -0.06), (0.116, -0.06), (0.117, -0.059), (0.118, -0.059), (0.119, -0.059), (0.119, -0.058), (0.12, -0.058), (0.121, -0.058), (0.122, -0.057), (0.122, -0.057), (0.123, -0.057), (0.124, -0.056), (0.124, -0.056), (0.125, -0.056), (0.126, -0.055), (0.127, -0.055), (0.127, -0.055), (0.128, -0.054), (0.129, -0.054), (0.13, -0.054), (0.131, -0.053), (0.131, -0.053), (0.132, -0.052), (0.133, -0.052), (0.134, -0.052), (0.134, -0.051), (0.135, -0.051), (0.136, -0.051), (0.137, -0.05), (0.138, -0.05), (0.138, -0.05), (0.139, -0.049), (0.14, -0.049), (0.141, -0.049), (0.142, -0.048), (0.142, -0.048), (0.143, -0.048), (0.144, -0.047), (0.145, -0.047), (0.146, -0.047), (0.147, -0.046), (0.147, -0.046), (0.148, -0.045), (0.149, -0.045), (0.15, -0.045), (0.151, -0.044), (0.152, -0.044), (0.152, -0.044), (0.153, -0.043), (0.154, -0.043), (0.155, -0.043), (0.156, -0.042), (0.157, -0.042), (0.158, -0.042), (0.158, -0.041), (0.159, -0.041), (0.16, -0.04), (0.161, -0.04), (0.162, -0.04), (0.163, -0.039), (0.164, -0.039), (0.165, -0.039), (0.165, -0.038), (0.166, -0.038), (0.167, -0.038), (0.168, -0.037), (0.169, -0.037), (0.17, -0.037), (0.171, -0.036), (0.172, -0.036), (0.173, -0.035), (0.174, -0.035), (0.175, -0.035), (0.175, -0.034), (0.176, -0.034), (0.177, -0.034), (0.178, -0.033), (0.179, -0.033), (0.18, -0.033), (0.181, -0.032), (0.182, -0.032), (0.183, -0.031), (0.184, -0.031), (0.185, -0.031), (0.186, -0.03), (0.187, -0.03), (0.188, -0.03), (0.189, -0.029), (0.19, -0.029), (0.191, -0.029), (0.192, -0.028), (0.193, -0.028), (0.194, -0.027), (0.195, -0.027), (0.196, -0.027), (0.196, -0.026), (0.197, -0.026), (0.198, -0.026), (0.199, -0.025), (0.2, -0.025), (0.201, -0.025), (0.202, -0.024), (0.203, -0.024), (0.204, -0.023), (0.205, -0.023), (0.206, -0.023), (0.207, -0.022), (0.208, -0.022), (0.209, -0.022), (0.211, -0.021), (0.212, -0.021), (0.213, -0.021), (0.214, -0.02), (0.215, -0.02), (0.216, -0.019), (0.217, -0.019), (0.218, -0.019), (0.219, -0.018), (0.22, -0.018), (0.221, -0.018), (0.222, -0.017), (0.223, -0.017), (0.224, -0.016), (0.225, -0.016), (0.226, -0.016), (0.227, -0.015), (0.228, -0.015), (0.229, -0.015), (0.23, -0.014), (0.231, -0.014), (0.232, -0.013), (0.233, -0.013), (0.234, -0.013), (0.235, -0.012), (0.237, -0.012), (0.238, -0.012), (0.239, -0.011), (0.24, -0.011), (0.241, -0.01), (0.242, -0.01), (0.243, -0.01), (0.244, -0.009)], path_end=[(-0.135, -0.283), (-0.135, -0.282), (-0.135, -0.282), (-0.136, -0.282), (-0.136, -0.282), (-0.136, -0.282), (-0.136, -0.282), (-0.136, -0.282), (-0.136, -0.281), (-0.136, -0.281), (-0.136, -0.281), (-0.136, -0.281), (-0.137, -0.281), (-0.137, -0.281), (-0.137, -0.281), (-0.137, -0.28), (-0.137, -0.28), (-0.137, -0.28), (-0.137, -0.28), (-0.137, -0.28), (-0.137, -0.28), (-0.138, -0.28), (-0.138, -0.279), (-0.138, -0.279), (-0.138, -0.279), (-0.138, -0.279), (-0.138, -0.279), (-0.138, -0.279), (-0.138, -0.279), (-0.138, -0.278), (-0.138, -0.278), (-0.138, -0.278), (-0.138, -0.278), (-0.139, -0.278), (-0.139, -0.278), (-0.139, -0.278), (-0.139, -0.277), (-0.139, -0.277), (-0.139, -0.277), (-0.139, -0.277), (-0.139, -0.277), (-0.139, -0.277), (-0.139, -0.276), (-0.139, -0.276), (-0.139, -0.276), (-0.139, -0.276), (-0.139, -0.276), (-0.139, -0.276), (-0.139, -0.276), (-0.139, -0.275), (-0.139, -0.275), (-0.139, -0.275), (-0.139, -0.275), (-0.139, -0.275), (-0.14, -0.275), (-0.14, -0.274), (-0.14, -0.274), (-0.14, -0.274), (-0.14, -0.274), (-0.14, -0.274), (-0.14, -0.274), (-0.14, -0.274), (-0.14, -0.273), (-0.14, -0.273), (-0.14, -0.273), (-0.14, -0.273), (-0.14, -0.273), (-0.14, -0.273), (-0.14, -0.272), (-0.14, -0.272), (-0.14, -0.272), (-0.14, -0.272), (-0.14, -0.272), (-0.14, -0.272), (-0.14, -0.272), (-0.14, -0.271), (-0.14, -0.271), (-0.139, -0.271), (-0.139, -0.271), (-0.139, -0.271), (-0.139, -0.271), (-0.139, -0.27), (-0.139, -0.27), (-0.139, -0.27), (-0.139, -0.27), (-0.139, -0.27), (-0.139, -0.27), (-0.139, -0.27), (-0.139, -0.269), (-0.139, -0.269), (-0.139, -0.269), (-0.139, -0.269), (-0.139, -0.269), (-0.139, -0.269), (-0.139, -0.268), (-0.139, -0.268), (-0.139, -0.268), (-0.138, -0.268), (-0.138, -0.268), (-0.138, -0.268), (-0.138, -0.267), (-0.138, -0.267), (-0.138, -0.267), (-0.138, -0.267), (-0.138, -0.267), (-0.138, -0.267), (-0.138, -0.267), (-0.138, -0.266), (-0.138, -0.266), (-0.137, -0.266), (-0.137, -0.266), (-0.137, -0.266), (-0.137, -0.266), (-0.137, -0.265), (-0.137, -0.265), (-0.137, -0.265), (-0.137, -0.265), (-0.137, -0.265), (-0.137, -0.265), (-0.136, -0.264), (-0.136, -0.264), (-0.136, -0.264), (-0.136, -0.264), (-0.136, -0.264), (-0.136, -0.264), (-0.136, -0.263), (-0.136, -0.263), (-0.135, -0.263), (-0.135, -0.263), (-0.135, -0.263), (-0.135, -0.263), (-0.135, -0.262), (-0.135, -0.262), (-0.135, -0.262), (-0.134, -0.262), (-0.134, -0.262), (-0.134, -0.262), (-0.134, -0.262), (-0.134, -0.261), (-0.134, -0.261), (-0.134, -0.261), (-0.133, -0.261), (-0.133, -0.261), (-0.133, -0.261), (-0.133, -0.26), (-0.133, -0.26), (-0.133, -0.26), (-0.133, -0.26), (-0.132, -0.26), (-0.132, -0.26), (-0.132, -0.259), (-0.132, -0.259), (-0.132, -0.259), (-0.132, -0.259), (-0.131, -0.259), (-0.131, -0.259), (-0.131, -0.258), (-0.131, -0.258), (-0.131, -0.258), (-0.13, -0.258), (-0.13, -0.258), (-0.13, -0.258), (-0.13, -0.257), (-0.13, -0.257), (-0.13, -0.257), (-0.129, -0.257), (-0.129, -0.257), (-0.129, -0.257), (-0.129, -0.256), (-0.129, -0.256), (-0.128, -0.256), (-0.128, -0.256), (-0.128, -0.256), (-0.128, -0.256), (-0.128, -0.255), (-0.127, -0.255), (-0.127, -0.255), (-0.127, -0.255), (-0.127, -0.255), (-0.127, -0.254), (-0.126, -0.254), (-0.126, -0.254), (-0.126, -0.254), (-0.126, -0.254), (-0.126, -0.254), (-0.125, -0.253), (-0.125, -0.253), (-0.125, -0.253), (-0.125, -0.253), (-0.125, -0.253), (-0.124, -0.253), (-0.124, -0.252), (-0.124, -0.252), (-0.124, -0.252), (-0.124, -0.252), (-0.123, -0.252), (-0.123, -0.251), (-0.123, -0.251), (-0.123, -0.251), (-0.123, -0.251), (-0.122, -0.251), (-0.122, -0.251), (-0.122, -0.25), (-0.122, -0.25), (-0.121, -0.25), (-0.121, -0.25), (-0.121, -0.25), (-0.121, -0.249), (-0.121, -0.249), (-0.12, -0.249), (-0.12, -0.249), (-0.12, -0.249), (-0.12, -0.249), (-0.119, -0.248), (-0.119, -0.248), (-0.119, -0.248), (-0.119, -0.248), (-0.119, -0.248), (-0.118, -0.247), (-0.118, -0.247), (-0.118, -0.247), (-0.118, -0.247), (-0.117, -0.247), (-0.117, -0.247), (-0.117, -0.246), (-0.117, -0.246), (-0.116, -0.246), (-0.116, -0.246), (-0.116, -0.246), (-0.116, -0.245), (-0.116, -0.245), (-0.115, -0.245), (-0.115, -0.245), (-0.115, -0.245), (-0.115, -0.244), (-0.114, -0.244), (-0.114, -0.244), (-0.114, -0.244), (-0.114, -0.244), (-0.113, -0.243), (-0.113, -0.243), (-0.113, -0.243), (-0.113, -0.243), (-0.112, -0.243), (-0.112, -0.242), (-0.112, -0.242), (-0.112, -0.242), (-0.112, -0.242), (-0.111, -0.242), (-0.111, -0.241), (-0.111, -0.241), (-0.111, -0.241), (-0.11, -0.241), (-0.11, -0.241), (-0.11, -0.24), (-0.11, -0.24), (-0.109, -0.24), (-0.109, -0.24), (-0.109, -0.24), (-0.109, -0.239), (-0.108, -0.239), (-0.108, -0.239), (-0.108, -0.239), (-0.108, -0.239), (-0.107, -0.238), (-0.107, -0.238), (-0.107, -0.238), (-0.107, -0.238), (-0.106, -0.237), (-0.106, -0.237), (-0.106, -0.237), (-0.106, -0.237), (-0.105, -0.237), (-0.105, -0.236), (-0.105, -0.236), (-0.105, -0.236), (-0.104, -0.236), (-0.104, -0.236), (-0.104, -0.235), (-0.104, -0.235), (-0.103, -0.235), (-0.103, -0.235), (-0.103, -0.234), (-0.103, -0.234), (-0.102, -0.234), (-0.102, -0.234), (-0.102, -0.234), (-0.102, -0.233), (-0.101, -0.233), (-0.101, -0.233), (-0.101, -0.233), (-0.101, -0.232), (-0.1, -0.232), (-0.1, -0.232), (-0.1, -0.232), (-0.1, -0.232), (-0.099, -0.231), (-0.099, -0.231), (-0.099, -0.231), (-0.099, -0.231), (-0.098, -0.23), (-0.098, -0.23), (-0.098, -0.23), (-0.098, -0.23), (-0.097, -0.23), (-0.097, -0.229), (-0.097, -0.229), (-0.097, -0.229), (-0.096, -0.229), (-0.096, -0.228), (-0.096, -0.228), (-0.096, -0.228), (-0.095, -0.228), (-0.095, -0.227), (-0.095, -0.227), (-0.095, -0.227), (-0.094, -0.227), (-0.094, -0.226), (-0.094, -0.226), (-0.094, -0.226), (-0.093, -0.226), (-0.093, -0.226), (-0.093, -0.225), (-0.093, -0.225), (-0.092, -0.225), (-0.092, -0.225), (-0.092, -0.224), (-0.092, -0.224), (-0.091, -0.224), (-0.091, -0.224), (-0.091, -0.223), (-0.091, -0.223), (-0.09, -0.223), (-0.09, -0.223), (-0.09, -0.222), (-0.09, -0.222), (-0.089, -0.222), (-0.089, -0.222), (-0.089, -0.221), (-0.089, -0.221), (-0.088, -0.221), (-0.088, -0.221), (-0.088, -0.22), (-0.087, -0.22), (-0.087, -0.22), (-0.087, -0.22), (-0.087, -0.219), (-0.086, -0.219), (-0.086, -0.219), (-0.086, -0.219), (-0.086, -0.218), (-0.085, -0.218), (-0.085, -0.218), (-0.085, -0.218), (-0.085, -0.217), (-0.084, -0.217), (-0.084, -0.217), (-0.084, -0.217), (-0.084, -0.216), (-0.083, -0.216), (-0.083, -0.216), (-0.083, -0.216), (-0.082, -0.215), (-0.082, -0.215), (-0.082, -0.215), (-0.082, -0.215), (-0.081, -0.214), (-0.081, -0.214), (-0.081, -0.214), (-0.081, -0.214), (-0.08, -0.213), (-0.08, -0.213), (-0.08, -0.213), (-0.08, -0.212), (-0.079, -0.212), (-0.079, -0.212), (-0.079, -0.212), (-0.078, -0.211), (-0.078, -0.211), (-0.078, -0.211), (-0.078, -0.211), (-0.077, -0.21), (-0.077, -0.21), (-0.077, -0.21), (-0.077, -0.21), (-0.076, -0.209), (-0.076, -0.209), (-0.076, -0.209), (-0.075, -0.208), (-0.075, -0.208), (-0.075, -0.208), (-0.075, -0.208), (-0.074, -0.207), (-0.074, -0.207), (-0.074, -0.207), (-0.074, -0.207), (-0.073, -0.206), (-0.073, -0.206), (-0.073, -0.206), (-0.072, -0.205), (-0.072, -0.205), (-0.072, -0.205), (-0.072, -0.205), (-0.071, -0.204), (-0.071, -0.204), (-0.071, -0.204), (-0.07, -0.204), (-0.07, -0.203), (-0.07, -0.203), (-0.07, -0.203), (-0.069, -0.202), (-0.069, -0.202), (-0.069, -0.202), (-0.069, -0.202), (-0.068, -0.201), (-0.068, -0.201), (-0.068, -0.201), (-0.067, -0.2), (-0.067, -0.2), (-0.067, -0.2), (-0.067, -0.2), (-0.066, -0.199), (-0.066, -0.199), (-0.066, -0.199), (-0.065, -0.198), (-0.065, -0.198), (-0.065, -0.198), (-0.065, -0.198), (-0.064, -0.197), (-0.064, -0.197), (-0.064, -0.197), (-0.063, -0.196), (-0.063, -0.196), (-0.063, -0.196), (-0.063, -0.196), (-0.062, -0.195), (-0.062, -0.195), (-0.062, -0.195), (-0.061, -0.194), (-0.061, -0.194), (-0.061, -0.194), (-0.061, -0.194), (-0.06, -0.193), (-0.06, -0.193), (-0.06, -0.193), (-0.059, -0.192), (-0.059, -0.192), (-0.059, -0.192), (-0.058, -0.192), (-0.058, -0.191), (-0.058, -0.191), (-0.058, -0.191), (-0.057, -0.19), (-0.057, -0.19), (-0.057, -0.19), (-0.056, -0.189), (-0.056, -0.189), (-0.056, -0.189), (-0.056, -0.189), (-0.055, -0.188), (-0.055, -0.188), (-0.055, -0.188), (-0.054, -0.187), (-0.054, -0.187), (-0.054, -0.187), (-0.053, -0.187), (-0.053, -0.186), (-0.053, -0.186), (-0.053, -0.186), (-0.052, -0.185), (-0.052, -0.185), (-0.052, -0.185), (-0.051, -0.184), (-0.051, -0.184), (-0.051, -0.184), (-0.05, -0.184), (-0.05, -0.183), (-0.05, -0.183), (-0.05, -0.183), (-0.049, -0.182), (-0.049, -0.182), (-0.049, -0.182), (-0.048, -0.181), (-0.048, -0.181), (-0.048, -0.181), (-0.047, -0.181), (-0.047, -0.18), (-0.047, -0.18), (-0.046, -0.18), (-0.046, -0.179), (-0.046, -0.179), (-0.046, -0.179), (-0.045, -0.178), (-0.045, -0.178), (-0.045, -0.178), (-0.044, -0.178), (-0.044, -0.177), (-0.044, -0.177), (-0.043, -0.177), (-0.043, -0.176)], total_steps=3141
  305th iteration: path_start=[(0.011, -0.172), (0.01, -0.172), (0.01, -0.171), (0.01, -0.17), (0.01, -0.169), (0.01, -0.168), (0.01, -0.166), (0.01, -0.165), (0.01, -0.163), (0.009, -0.161), (0.009, -0.159), (0.009, -0.157), (0.009, -0.154), (0.009, -0.152), (0.008, -0.149), (0.008, -0.147), (0.008, -0.144), (0.008, -0.141), (0.008, -0.138), (0.007, -0.135), (0.007, -0.132), (0.007, -0.129), (0.007, -0.126), (0.006, -0.122), (0.006, -0.119), (0.006, -0.115), (0.006, -0.112), (0.006, -0.108), (0.005, -0.105), (0.005, -0.101), (0.005, -0.098), (0.005, -0.094), (0.005, -0.09), (0.004, -0.087), (0.004, -0.083), (0.004, -0.079), (0.004, -0.075), (0.004, -0.071), (0.004, -0.068), (0.004, -0.064), (0.004, -0.06), (0.003, -0.056), (0.003, -0.052), (0.003, -0.049), (0.003, -0.045), (0.003, -0.041), (0.003, -0.037), (0.003, -0.033), (0.003, -0.03), (0.003, -0.026), (0.003, -0.022), (0.003, -0.018), (0.003, -0.014), (0.003, -0.011), (0.003, -0.007), (0.003, -0.003), (0.003, 0.0), (0.003, 0.004), (0.003, 0.008), (0.004, 0.011), (0.004, 0.015), (0.004, 0.019), (0.004, 0.022), (0.004, 0.026), (0.004, 0.029), (0.004, 0.033), (0.005, 0.036), (0.005, 0.04), (0.005, 0.043), (0.005, 0.047), (0.005, 0.05), (0.006, 0.054), (0.006, 0.057), (0.006, 0.06), (0.007, 0.064), (0.007, 0.067), (0.007, 0.07), (0.007, 0.073), (0.008, 0.077), (0.008, 0.08), (0.008, 0.083), (0.009, 0.086), (0.009, 0.089), (0.009, 0.092), (0.01, 0.095), (0.01, 0.098), (0.011, 0.101), (0.011, 0.104), (0.011, 0.107), (0.012, 0.11), (0.012, 0.113), (0.013, 0.116), (0.013, 0.119), (0.014, 0.121), (0.014, 0.124), (0.015, 0.127), (0.015, 0.13), (0.016, 0.132), (0.016, 0.135), (0.017, 0.138), (0.017, 0.14), (0.018, 0.143), (0.018, 0.146), (0.019, 0.148), (0.019, 0.151), (0.02, 0.153), (0.02, 0.156), (0.021, 0.158), (0.022, 0.161), (0.022, 0.163), (0.023, 0.166), (0.023, 0.168), (0.024, 0.17), (0.025, 0.173), (0.025, 0.175), (0.026, 0.177), (0.027, 0.18), (0.027, 0.182), (0.028, 0.184), (0.029, 0.186), (0.029, 0.189), (0.03, 0.191), (0.031, 0.193), (0.031, 0.195), (0.032, 0.197), (0.033, 0.199), (0.033, 0.201), (0.034, 0.203), (0.035, 0.205), (0.036, 0.208), (0.036, 0.21), (0.037, 0.212), (0.038, 0.214), (0.038, 0.216), (0.039, 0.217), (0.04, 0.219), (0.041, 0.221), (0.041, 0.223), (0.042, 0.225), (0.043, 0.227), (0.044, 0.229), (0.045, 0.231), (0.045, 0.232), (0.046, 0.234), (0.047, 0.236), (0.048, 0.238), (0.049, 0.24), (0.049, 0.241), (0.05, 0.243), (0.051, 0.245), (0.052, 0.247), (0.053, 0.248), (0.053, 0.25), (0.054, 0.252), (0.055, 0.253), (0.056, 0.255), (0.057, 0.257), (0.058, 0.258), (0.058, 0.26), (0.059, 0.261), (0.06, 0.263), (0.061, 0.265), (0.062, 0.266), (0.063, 0.268), (0.064, 0.269), (0.064, 0.271), (0.065, 0.272), (0.066, 0.274), (0.067, 0.275), (0.068, 0.277), (0.069, 0.278), (0.07, 0.28), (0.071, 0.281), (0.071, 0.283), (0.072, 0.284), (0.073, 0.286), (0.074, 0.287), (0.075, 0.289), (0.076, 0.29), (0.077, 0.291), (0.078, 0.293), (0.079, 0.294), (0.08, 0.296), (0.08, 0.297), (0.081, 0.298), (0.082, 0.3), (0.083, 0.301), (0.084, 0.302), (0.085, 0.304), (0.086, 0.305), (0.087, 0.306), (0.088, 0.308), (0.089, 0.309), (0.09, 0.31), (0.091, 0.311), (0.092, 0.313), (0.092, 0.314), (0.093, 0.315), (0.094, 0.317), (0.095, 0.318), (0.096, 0.319), (0.097, 0.32), (0.098, 0.321), (0.099, 0.323), (0.1, 0.324), (0.101, 0.325), (0.102, 0.326), (0.103, 0.328), (0.104, 0.329), (0.105, 0.33), (0.106, 0.331), (0.107, 0.332), (0.108, 0.333), (0.109, 0.335), (0.11, 0.336), (0.111, 0.337), (0.112, 0.338), (0.112, 0.339), (0.113, 0.34), (0.114, 0.341), (0.115, 0.342), (0.116, 0.344), (0.117, 0.345), (0.118, 0.346), (0.119, 0.347), (0.12, 0.348), (0.121, 0.349), (0.122, 0.35), (0.123, 0.351), (0.124, 0.352), (0.125, 0.353), (0.126, 0.354), (0.127, 0.355), (0.128, 0.356), (0.129, 0.357), (0.13, 0.358), (0.131, 0.359), (0.132, 0.36), (0.133, 0.361), (0.134, 0.362), (0.135, 0.363), (0.136, 0.364), (0.137, 0.365), (0.138, 0.366), (0.139, 0.367), (0.14, 0.368), (0.141, 0.369), (0.142, 0.37), (0.143, 0.371), (0.144, 0.372), (0.145, 0.373), (0.146, 0.374), (0.147, 0.375), (0.148, 0.376), (0.149, 0.377), (0.15, 0.378), (0.151, 0.378), (0.152, 0.379), (0.153, 0.38), (0.154, 0.381), (0.155, 0.382), (0.156, 0.383), (0.157, 0.383), (0.158, 0.384), (0.159, 0.385), (0.16, 0.386), (0.161, 0.387), (0.162, 0.388), (0.163, 0.388), (0.164, 0.389), (0.165, 0.39), (0.166, 0.391), (0.167, 0.391), (0.168, 0.392), (0.169, 0.393), (0.17, 0.394), (0.171, 0.394), (0.172, 0.395), (0.173, 0.396), (0.174, 0.396), (0.175, 0.397), (0.176, 0.398), (0.177, 0.398), (0.178, 0.399), (0.179, 0.4), (0.18, 0.4), (0.181, 0.401), (0.182, 0.401), (0.183, 0.402), (0.184, 0.403), (0.185, 0.403), (0.186, 0.404), (0.187, 0.404), (0.188, 0.405), (0.189, 0.405), (0.19, 0.406), (0.191, 0.406), (0.192, 0.407), (0.193, 0.407), (0.194, 0.408), (0.195, 0.408), (0.196, 0.409), (0.197, 0.409), (0.198, 0.409), (0.199, 0.41), (0.2, 0.41), (0.201, 0.411), (0.202, 0.411), (0.203, 0.411), (0.204, 0.412), (0.205, 0.412), (0.206, 0.412), (0.207, 0.412), (0.208, 0.413), (0.209, 0.413), (0.21, 0.413), (0.211, 0.413), (0.212, 0.413), (0.213, 0.414), (0.214, 0.414), (0.215, 0.414), (0.216, 0.414), (0.217, 0.414), (0.218, 0.414), (0.219, 0.414), (0.22, 0.414), (0.221, 0.414), (0.222, 0.414), (0.223, 0.414), (0.224, 0.414), (0.225, 0.414), (0.226, 0.414), (0.227, 0.414), (0.228, 0.414), (0.229, 0.414), (0.23, 0.414), (0.231, 0.414), (0.232, 0.414), (0.233, 0.413), (0.234, 0.413), (0.235, 0.413), (0.236, 0.413), (0.237, 0.412), (0.238, 0.412), (0.239, 0.412), (0.24, 0.411), (0.241, 0.411), (0.242, 0.411), (0.243, 0.41), (0.244, 0.41), (0.246, 0.409), (0.247, 0.409), (0.248, 0.408), (0.249, 0.408), (0.25, 0.407), (0.251, 0.406), (0.252, 0.406), (0.253, 0.405), (0.254, 0.405), (0.255, 0.404), (0.256, 0.403), (0.257, 0.402), (0.258, 0.402), (0.259, 0.401), (0.26, 0.4), (0.261, 0.399), (0.262, 0.398), (0.263, 0.397), (0.264, 0.396), (0.265, 0.395), (0.266, 0.394), (0.267, 0.393), (0.268, 0.392), (0.269, 0.391), (0.27, 0.39), (0.271, 0.389), (0.272, 0.388), (0.273, 0.387), (0.274, 0.386), (0.275, 0.384), (0.276, 0.383), (0.277, 0.382), (0.278, 0.38), (0.279, 0.379), (0.28, 0.378), (0.281, 0.376), (0.282, 0.375), (0.283, 0.373), (0.284, 0.372), (0.285, 0.37), (0.286, 0.369), (0.287, 0.367), (0.288, 0.366), (0.289, 0.364), (0.29, 0.362), (0.291, 0.361), (0.292, 0.359), (0.293, 0.357), (0.294, 0.355), (0.295, 0.353), (0.296, 0.351), (0.297, 0.35), (0.298, 0.348), (0.299, 0.346), (0.3, 0.344), (0.301, 0.342), (0.302, 0.34), (0.303, 0.337), (0.304, 0.335), (0.305, 0.333), (0.307, 0.331), (0.308, 0.329), (0.309, 0.327), (0.31, 0.324), (0.311, 0.322), (0.312, 0.32), (0.313, 0.317), (0.314, 0.315), (0.315, 0.312), (0.316, 0.31), (0.317, 0.307), (0.318, 0.305), (0.319, 0.302), (0.32, 0.3), (0.321, 0.297), (0.322, 0.294), (0.323, 0.292), (0.324, 0.289), (0.325, 0.286), (0.326, 0.284), (0.327, 0.281), (0.328, 0.278), (0.329, 0.275), (0.33, 0.272), (0.331, 0.269), (0.332, 0.266), (0.333, 0.263), (0.334, 0.26), (0.335, 0.257), (0.336, 0.254), (0.337, 0.251), (0.338, 0.248), (0.339, 0.245), (0.34, 0.242), (0.341, 0.238), (0.342, 0.235), (0.343, 0.232), (0.344, 0.229), (0.345, 0.225), (0.346, 0.222), (0.347, 0.219), (0.348, 0.215), (0.349, 0.212), (0.35, 0.208), (0.351, 0.205), (0.352, 0.201), (0.353, 0.198), (0.354, 0.194), (0.355, 0.191), (0.356, 0.187), (0.357, 0.184), (0.358, 0.18), (0.359, 0.176), (0.36, 0.173), (0.361, 0.169), (0.362, 0.165), (0.363, 0.162), (0.365, 0.158), (0.366, 0.154), (0.367, 0.15), (0.368, 0.147), (0.369, 0.143), (0.37, 0.139), (0.371, 0.135), (0.372, 0.131), (0.373, 0.127), (0.374, 0.123), (0.375, 0.119), (0.376, 0.115), (0.377, 0.111), (0.378, 0.107), (0.379, 0.103), (0.38, 0.099), (0.381, 0.095), (0.382, 0.091), (0.383, 0.087), (0.384, 0.083), (0.385, 0.079), (0.386, 0.075), (0.387, 0.071), (0.388, 0.067), (0.389, 0.063), (0.39, 0.059), (0.391, 0.055), (0.392, 0.05), (0.393, 0.046), (0.394, 0.042), (0.395, 0.038), (0.396, 0.034), (0.397, 0.03)], path_end=[(-0.409, -0.17), (-0.409, -0.17), (-0.41, -0.17), (-0.41, -0.171), (-0.41, -0.171), (-0.411, -0.172), (-0.411, -0.172), (-0.412, -0.172), (-0.412, -0.173), (-0.413, -0.173), (-0.413, -0.174), (-0.414, -0.174), (-0.414, -0.175), (-0.415, -0.175), (-0.415, -0.175), (-0.415, -0.176), (-0.416, -0.176), (-0.416, -0.177), (-0.417, -0.177), (-0.417, -0.177), (-0.418, -0.178), (-0.418, -0.178), (-0.418, -0.179), (-0.419, -0.179), (-0.419, -0.179), (-0.42, -0.18), (-0.42, -0.18), (-0.421, -0.181), (-0.421, -0.181), (-0.421, -0.181), (-0.422, -0.182), (-0.422, -0.182), (-0.423, -0.182), (-0.423, -0.183), (-0.423, -0.183), (-0.424, -0.183), (-0.424, -0.184), (-0.425, -0.184), (-0.425, -0.185), (-0.425, -0.185), (-0.426, -0.185), (-0.426, -0.186), (-0.426, -0.186), (-0.427, -0.186), (-0.427, -0.187), (-0.427, -0.187), (-0.428, -0.187), (-0.428, -0.187), (-0.428, -0.188), (-0.429, -0.188), (-0.429, -0.188), (-0.429, -0.189), (-0.43, -0.189), (-0.43, -0.189), (-0.43, -0.19), (-0.431, -0.19), (-0.431, -0.19), (-0.431, -0.19), (-0.431, -0.191), (-0.432, -0.191), (-0.432, -0.191), (-0.432, -0.191), (-0.432, -0.192), (-0.433, -0.192), (-0.433, -0.192), (-0.433, -0.192), (-0.433, -0.192), (-0.434, -0.193), (-0.434, -0.193), (-0.434, -0.193), (-0.434, -0.193), (-0.434, -0.193), (-0.435, -0.193), (-0.435, -0.194), (-0.435, -0.194), (-0.435, -0.194), (-0.435, -0.194), (-0.435, -0.194), (-0.435, -0.194), (-0.436, -0.194), (-0.436, -0.195), (-0.436, -0.195), (-0.436, -0.195), (-0.436, -0.195), (-0.436, -0.195), (-0.436, -0.195), (-0.436, -0.195), (-0.436, -0.195), (-0.436, -0.195), (-0.437, -0.195), (-0.437, -0.195), (-0.437, -0.195), (-0.437, -0.195), (-0.437, -0.195), (-0.437, -0.195), (-0.437, -0.195), (-0.437, -0.195), (-0.437, -0.195), (-0.437, -0.195), (-0.437, -0.195), (-0.437, -0.195), (-0.437, -0.195), (-0.437, -0.195), (-0.437, -0.195), (-0.436, -0.195), (-0.436, -0.195), (-0.436, -0.195), (-0.436, -0.195), (-0.436, -0.195), (-0.436, -0.195), (-0.436, -0.195), (-0.436, -0.194), (-0.436, -0.194), (-0.436, -0.194), (-0.435, -0.194), (-0.435, -0.194), (-0.435, -0.194), (-0.435, -0.194), (-0.435, -0.193), (-0.435, -0.193), (-0.434, -0.193), (-0.434, -0.193), (-0.434, -0.193), (-0.434, -0.192), (-0.434, -0.192), (-0.433, -0.192), (-0.433, -0.192), (-0.433, -0.191), (-0.433, -0.191), (-0.432, -0.191), (-0.432, -0.191), (-0.432, -0.19), (-0.432, -0.19), (-0.431, -0.19), (-0.431, -0.19), (-0.431, -0.189), (-0.43, -0.189), (-0.43, -0.189), (-0.43, -0.188), (-0.43, -0.188), (-0.429, -0.188), (-0.429, -0.187), (-0.429, -0.187), (-0.428, -0.187), (-0.428, -0.186), (-0.427, -0.186), (-0.427, -0.186), (-0.427, -0.185), (-0.426, -0.185), (-0.426, -0.184), (-0.425, -0.184), (-0.425, -0.184), (-0.425, -0.183), (-0.424, -0.183), (-0.424, -0.182), (-0.423, -0.182), (-0.423, -0.181), (-0.422, -0.181), (-0.422, -0.18), (-0.422, -0.18), (-0.421, -0.179), (-0.421, -0.179), (-0.42, -0.179), (-0.42, -0.178), (-0.419, -0.178), (-0.419, -0.177), (-0.418, -0.177), (-0.418, -0.176), (-0.417, -0.175), (-0.417, -0.175), (-0.416, -0.174), (-0.415, -0.174), (-0.415, -0.173), (-0.414, -0.173), (-0.414, -0.172), (-0.413, -0.172), (-0.413, -0.171), (-0.412, -0.171), (-0.412, -0.17), (-0.411, -0.169), (-0.41, -0.169), (-0.41, -0.168), (-0.409, -0.168), (-0.409, -0.167), (-0.408, -0.166), (-0.407, -0.166), (-0.407, -0.165), (-0.406, -0.164), (-0.405, -0.164), (-0.405, -0.163), (-0.404, -0.163), (-0.403, -0.162), (-0.403, -0.161), (-0.402, -0.161), (-0.402, -0.16), (-0.401, -0.159), (-0.4, -0.159), (-0.399, -0.158), (-0.399, -0.157), (-0.398, -0.156), (-0.397, -0.156), (-0.397, -0.155), (-0.396, -0.154), (-0.395, -0.154), (-0.395, -0.153), (-0.394, -0.152), (-0.393, -0.152), (-0.392, -0.151), (-0.392, -0.15), (-0.391, -0.149), (-0.39, -0.149), (-0.39, -0.148), (-0.389, -0.147), (-0.388, -0.146), (-0.387, -0.146), (-0.387, -0.145), (-0.386, -0.144), (-0.385, -0.143), (-0.384, -0.143), (-0.383, -0.142), (-0.383, -0.141), (-0.382, -0.14), (-0.381, -0.139), (-0.38, -0.139), (-0.38, -0.138), (-0.379, -0.137), (-0.378, -0.136), (-0.377, -0.136), (-0.376, -0.135), (-0.376, -0.134), (-0.375, -0.133), (-0.374, -0.132), (-0.373, -0.131), (-0.372, -0.131), (-0.371, -0.13), (-0.371, -0.129), (-0.37, -0.128), (-0.369, -0.127), (-0.368, -0.127), (-0.367, -0.126), (-0.366, -0.125), (-0.366, -0.124), (-0.365, -0.123), (-0.364, -0.122), (-0.363, -0.121), (-0.362, -0.121), (-0.361, -0.12), (-0.361, -0.119), (-0.36, -0.118), (-0.359, -0.117), (-0.358, -0.116), (-0.357, -0.115), (-0.356, -0.115), (-0.355, -0.114), (-0.354, -0.113), (-0.354, -0.112), (-0.353, -0.111), (-0.352, -0.11), (-0.351, -0.109), (-0.35, -0.108), (-0.349, -0.107), (-0.348, -0.107), (-0.347, -0.106), (-0.346, -0.105), (-0.346, -0.104), (-0.345, -0.103), (-0.344, -0.102), (-0.343, -0.101), (-0.342, -0.1), (-0.341, -0.099), (-0.34, -0.098), (-0.339, -0.098), (-0.338, -0.097), (-0.337, -0.096), (-0.336, -0.095), (-0.336, -0.094), (-0.335, -0.093), (-0.334, -0.092), (-0.333, -0.091), (-0.332, -0.09), (-0.331, -0.089), (-0.33, -0.088), (-0.329, -0.087), (-0.328, -0.086), (-0.327, -0.086), (-0.326, -0.085), (-0.325, -0.084), (-0.324, -0.083), (-0.323, -0.082), (-0.323, -0.081), (-0.322, -0.08), (-0.321, -0.079), (-0.32, -0.078), (-0.319, -0.077), (-0.318, -0.076), (-0.317, -0.075), (-0.316, -0.074), (-0.315, -0.073), (-0.314, -0.072), (-0.313, -0.071), (-0.312, -0.07), (-0.311, -0.069), (-0.31, -0.069), (-0.309, -0.068), (-0.308, -0.067), (-0.307, -0.066), (-0.306, -0.065), (-0.305, -0.064), (-0.304, -0.063), (-0.303, -0.062), (-0.303, -0.061), (-0.302, -0.06), (-0.301, -0.059), (-0.3, -0.058), (-0.299, -0.057), (-0.298, -0.056), (-0.297, -0.055), (-0.296, -0.054), (-0.295, -0.053), (-0.294, -0.052), (-0.293, -0.051), (-0.292, -0.05), (-0.291, -0.049), (-0.29, -0.048), (-0.289, -0.047), (-0.288, -0.046), (-0.287, -0.045), (-0.286, -0.044), (-0.285, -0.043), (-0.284, -0.042), (-0.283, -0.041), (-0.282, -0.04), (-0.281, -0.039), (-0.28, -0.038), (-0.279, -0.037), (-0.278, -0.036), (-0.277, -0.035), (-0.276, -0.034), (-0.275, -0.033), (-0.274, -0.033), (-0.273, -0.032), (-0.272, -0.031), (-0.271, -0.03), (-0.27, -0.029), (-0.269, -0.028), (-0.268, -0.027), (-0.267, -0.026), (-0.266, -0.025), (-0.265, -0.024), (-0.264, -0.023), (-0.263, -0.022), (-0.262, -0.021), (-0.261, -0.02), (-0.26, -0.019), (-0.259, -0.018), (-0.258, -0.017), (-0.257, -0.016), (-0.256, -0.015), (-0.255, -0.014), (-0.254, -0.013), (-0.253, -0.012), (-0.252, -0.011), (-0.251, -0.01), (-0.25, -0.009), (-0.249, -0.008), (-0.248, -0.007), (-0.247, -0.006), (-0.246, -0.005), (-0.245, -0.004), (-0.244, -0.003), (-0.243, -0.002), (-0.242, -0.001), (-0.241, 0.0), (-0.24, 0.001), (-0.239, 0.002), (-0.238, 0.003), (-0.237, 0.004), (-0.236, 0.005), (-0.235, 0.006), (-0.234, 0.007), (-0.233, 0.008), (-0.232, 0.009), (-0.231, 0.01), (-0.23, 0.011), (-0.229, 0.012), (-0.228, 0.013), (-0.227, 0.014), (-0.226, 0.015), (-0.225, 0.016), (-0.224, 0.017), (-0.223, 0.018), (-0.222, 0.019), (-0.221, 0.02), (-0.22, 0.021), (-0.219, 0.022), (-0.218, 0.023), (-0.217, 0.024), (-0.216, 0.025), (-0.215, 0.026), (-0.214, 0.028), (-0.213, 0.029), (-0.212, 0.03), (-0.211, 0.031), (-0.21, 0.032), (-0.209, 0.033), (-0.208, 0.034), (-0.207, 0.035), (-0.206, 0.036), (-0.205, 0.037), (-0.204, 0.038), (-0.203, 0.039), (-0.202, 0.04), (-0.201, 0.041), (-0.2, 0.042), (-0.199, 0.043), (-0.198, 0.044), (-0.197, 0.045), (-0.196, 0.046), (-0.195, 0.047), (-0.194, 0.048), (-0.193, 0.049), (-0.192, 0.05), (-0.191, 0.051), (-0.19, 0.052), (-0.189, 0.053), (-0.188, 0.054), (-0.187, 0.055), (-0.186, 0.056), (-0.185, 0.057), (-0.184, 0.058), (-0.183, 0.059), (-0.182, 0.06), (-0.181, 0.061), (-0.18, 0.062), (-0.179, 0.063), (-0.178, 0.064), (-0.177, 0.065), (-0.176, 0.066), (-0.175, 0.067), (-0.174, 0.068), (-0.173, 0.069), (-0.172, 0.07), (-0.171, 0.071), (-0.17, 0.072), (-0.169, 0.073), (-0.168, 0.074), (-0.167, 0.075), (-0.166, 0.076), (-0.165, 0.077), (-0.164, 0.078), (-0.163, 0.079), (-0.162, 0.08), (-0.16, 0.081), (-0.159, 0.082), (-0.158, 0.083), (-0.157, 0.084), (-0.156, 0.085), (-0.155, 0.086), (-0.154, 0.087), (-0.153, 0.088), (-0.152, 0.089), (-0.151, 0.09), (-0.15, 0.091), (-0.149, 0.092), (-0.148, 0.093), (-0.147, 0.094), (-0.146, 0.095), (-0.145, 0.096), (-0.144, 0.097), (-0.143, 0.098), (-0.142, 0.099), (-0.141, 0.1), (-0.14, 0.101), (-0.139, 0.103), (-0.138, 0.104), (-0.137, 0.105), (-0.136, 0.106), (-0.135, 0.107), (-0.134, 0.108), (-0.133, 0.109), (-0.132, 0.11), (-0.131, 0.111), (-0.13, 0.112), (-0.129, 0.113), (-0.128, 0.114), (-0.127, 0.115), (-0.126, 0.116), (-0.125, 0.117), (-0.124, 0.118), (-0.123, 0.119), (-0.122, 0.12), (-0.121, 0.121), (-0.12, 0.122), (-0.119, 0.123), (-0.118, 0.124), (-0.117, 0.125), (-0.116, 0.126), (-0.115, 0.127), (-0.114, 0.128), (-0.113, 0.129)], total_steps=3141
  307th iteration: path_start=[(0.01, -0.173), (0.01, -0.173), (0.009, -0.174), (0.007, -0.175), (0.006, -0.177), (0.004, -0.178), (0.002, -0.18), (-0.0, -0.182), (-0.003, -0.185), (-0.005, -0.187), (-0.008, -0.19), (-0.011, -0.192), (-0.014, -0.195), (-0.018, -0.198), (-0.021, -0.202), (-0.025, -0.205), (-0.029, -0.209), (-0.033, -0.212), (-0.037, -0.216), (-0.041, -0.22), (-0.045, -0.224), (-0.049, -0.228), (-0.054, -0.232), (-0.058, -0.236), (-0.063, -0.24), (-0.068, -0.245), (-0.072, -0.249), (-0.077, -0.254), (-0.082, -0.258), (-0.087, -0.263), (-0.092, -0.267), (-0.097, -0.272), (-0.102, -0.276), (-0.107, -0.281), (-0.112, -0.286), (-0.117, -0.29), (-0.122, -0.295), (-0.127, -0.3), (-0.132, -0.305), (-0.138, -0.309), (-0.143, -0.314), (-0.148, -0.319), (-0.153, -0.324), (-0.158, -0.328), (-0.163, -0.333), (-0.168, -0.338), (-0.173, -0.343), (-0.179, -0.347), (-0.184, -0.352), (-0.189, -0.357), (-0.194, -0.362), (-0.199, -0.366), (-0.204, -0.371), (-0.209, -0.376), (-0.214, -0.38), (-0.219, -0.385), (-0.224, -0.389), (-0.228, -0.394), (-0.233, -0.398), (-0.238, -0.403), (-0.243, -0.407), (-0.248, -0.412), (-0.252, -0.416), (-0.257, -0.42), (-0.262, -0.425), (-0.266, -0.429), (-0.271, -0.433), (-0.275, -0.437), (-0.28, -0.442), (-0.284, -0.446), (-0.289, -0.45), (-0.293, -0.454), (-0.298, -0.458), (-0.302, -0.462), (-0.306, -0.466), (-0.31, -0.47), (-0.315, -0.474), (-0.319, -0.478), (-0.323, -0.482), (-0.327, -0.485), (-0.331, -0.489), (-0.335, -0.493), (-0.339, -0.497), (-0.343, -0.5), (-0.347, -0.504), (-0.351, -0.508), (-0.354, -0.511), (-0.358, -0.515), (-0.362, -0.518), (-0.365, -0.522), (-0.369, -0.525), (-0.373, -0.528), (-0.376, -0.532), (-0.38, -0.535), (-0.383, -0.538), (-0.387, -0.541), (-0.39, -0.545), (-0.394, -0.548), (-0.397, -0.551), (-0.4, -0.554), (-0.403, -0.557), (-0.407, -0.56), (-0.41, -0.563), (-0.413, -0.566), (-0.416, -0.569), (-0.419, -0.572), (-0.422, -0.575), (-0.425, -0.578), (-0.428, -0.58), (-0.431, -0.583), (-0.434, -0.586), (-0.437, -0.589), (-0.44, -0.591), (-0.443, -0.594), (-0.446, -0.597), (-0.448, -0.599), (-0.451, -0.602), (-0.454, -0.604), (-0.456, -0.607), (-0.459, -0.609), (-0.462, -0.612), (-0.464, -0.614), (-0.467, -0.617), (-0.469, -0.619), (-0.472, -0.621), (-0.474, -0.624), (-0.477, -0.626), (-0.479, -0.628), (-0.482, -0.631), (-0.484, -0.633), (-0.486, -0.635), (-0.489, -0.637), (-0.491, -0.639), (-0.493, -0.642), (-0.495, -0.644), (-0.498, -0.646), (-0.5, -0.648), (-0.502, -0.65), (-0.504, -0.652), (-0.506, -0.654), (-0.508, -0.656), (-0.51, -0.658), (-0.512, -0.66), (-0.514, -0.662), (-0.516, -0.664), (-0.518, -0.666), (-0.52, -0.667), (-0.522, -0.669), (-0.524, -0.671), (-0.526, -0.673), (-0.528, -0.675), (-0.53, -0.677), (-0.532, -0.678), (-0.533, -0.68), (-0.535, -0.682), (-0.537, -0.683), (-0.539, -0.685), (-0.541, -0.687), (-0.542, -0.688), (-0.544, -0.69), (-0.546, -0.692), (-0.547, -0.693), (-0.549, -0.695), (-0.551, -0.697), (-0.552, -0.698), (-0.554, -0.7), (-0.556, -0.701), (-0.557, -0.703), (-0.559, -0.704), (-0.56, -0.706), (-0.562, -0.707), (-0.563, -0.709), (-0.565, -0.71), (-0.567, -0.712), (-0.568, -0.713), (-0.569, -0.715), (-0.571, -0.716), (-0.572, -0.717), (-0.574, -0.719), (-0.575, -0.72), (-0.577, -0.722), (-0.578, -0.723), (-0.58, -0.724), (-0.581, -0.726), (-0.582, -0.727), (-0.584, -0.728), (-0.585, -0.73), (-0.586, -0.731), (-0.588, -0.732), (-0.589, -0.733), (-0.59, -0.735), (-0.592, -0.736), (-0.593, -0.737), (-0.594, -0.738), (-0.595, -0.74), (-0.597, -0.741), (-0.598, -0.742), (-0.599, -0.743), (-0.6, -0.745), (-0.602, -0.746), (-0.603, -0.747), (-0.604, -0.748), (-0.605, -0.749), (-0.607, -0.75), (-0.608, -0.752), (-0.609, -0.753), (-0.61, -0.754), (-0.611, -0.755), (-0.612, -0.756), (-0.614, -0.757), (-0.615, -0.758), (-0.616, -0.76), (-0.617, -0.761), (-0.618, -0.762), (-0.619, -0.763), (-0.62, -0.764), (-0.621, -0.765), (-0.623, -0.766), (-0.624, -0.767), (-0.625, -0.768), (-0.626, -0.769), (-0.627, -0.77), (-0.628, -0.771), (-0.629, -0.772), (-0.63, -0.773), (-0.631, -0.774), (-0.632, -0.775), (-0.633, -0.777), (-0.634, -0.778), (-0.635, -0.779), (-0.636, -0.78), (-0.637, -0.781), (-0.638, -0.782), (-0.639, -0.783), (-0.64, -0.784), (-0.641, -0.785), (-0.642, -0.786), (-0.643, -0.786), (-0.644, -0.787), (-0.645, -0.788), (-0.646, -0.789), (-0.647, -0.79), (-0.648, -0.791), (-0.649, -0.792), (-0.65, -0.793), (-0.651, -0.794), (-0.652, -0.795), (-0.653, -0.796), (-0.654, -0.797), (-0.655, -0.798), (-0.656, -0.799), (-0.657, -0.8), (-0.658, -0.801), (-0.659, -0.802), (-0.66, -0.803), (-0.661, -0.803), (-0.662, -0.804), (-0.662, -0.805), (-0.663, -0.806), (-0.664, -0.807), (-0.665, -0.808), (-0.666, -0.809), (-0.667, -0.81), (-0.668, -0.811), (-0.669, -0.812), (-0.67, -0.813), (-0.671, -0.813), (-0.672, -0.814), (-0.672, -0.815), (-0.673, -0.816), (-0.674, -0.817), (-0.675, -0.818), (-0.676, -0.819), (-0.677, -0.82), (-0.678, -0.82), (-0.679, -0.821), (-0.679, -0.822), (-0.68, -0.823), (-0.681, -0.824), (-0.682, -0.825), (-0.683, -0.826), (-0.684, -0.826), (-0.685, -0.827), (-0.686, -0.828), (-0.686, -0.829), (-0.687, -0.83), (-0.688, -0.831), (-0.689, -0.832), (-0.69, -0.832), (-0.691, -0.833), (-0.692, -0.834), (-0.692, -0.835), (-0.693, -0.836), (-0.694, -0.837), (-0.695, -0.837), (-0.696, -0.838), (-0.697, -0.839), (-0.697, -0.84), (-0.698, -0.841), (-0.699, -0.842), (-0.7, -0.842), (-0.701, -0.843), (-0.702, -0.844), (-0.702, -0.845), (-0.703, -0.846), (-0.704, -0.847), (-0.705, -0.847), (-0.706, -0.848), (-0.707, -0.849), (-0.707, -0.85), (-0.708, -0.851), (-0.709, -0.851), (-0.71, -0.852), (-0.711, -0.853), (-0.711, -0.854), (-0.712, -0.855), (-0.713, -0.856), (-0.714, -0.856), (-0.715, -0.857), (-0.716, -0.858), (-0.716, -0.859), (-0.717, -0.86), (-0.718, -0.86), (-0.719, -0.861), (-0.72, -0.862), (-0.72, -0.863), (-0.721, -0.864), (-0.722, -0.864), (-0.723, -0.865), (-0.724, -0.866), (-0.724, -0.867), (-0.725, -0.868), (-0.726, -0.868), (-0.727, -0.869), (-0.728, -0.87), (-0.728, -0.871), (-0.729, -0.872), (-0.73, -0.872), (-0.731, -0.873), (-0.732, -0.874), (-0.732, -0.875), (-0.733, -0.876), (-0.734, -0.876), (-0.735, -0.877), (-0.736, -0.878), (-0.736, -0.879), (-0.737, -0.88), (-0.738, -0.88), (-0.739, -0.881), (-0.739, -0.882), (-0.74, -0.883), (-0.741, -0.883), (-0.742, -0.884), (-0.743, -0.885), (-0.743, -0.886), (-0.744, -0.887), (-0.745, -0.887), (-0.746, -0.888), (-0.747, -0.889), (-0.747, -0.89), (-0.748, -0.891), (-0.749, -0.891), (-0.75, -0.892), (-0.75, -0.893), (-0.751, -0.894), (-0.752, -0.894), (-0.753, -0.895), (-0.754, -0.896), (-0.754, -0.897), (-0.755, -0.898), (-0.756, -0.898), (-0.757, -0.899), (-0.757, -0.9), (-0.758, -0.901), (-0.759, -0.901), (-0.76, -0.902), (-0.761, -0.903), (-0.761, -0.904), (-0.762, -0.905), (-0.763, -0.905), (-0.764, -0.906), (-0.764, -0.907), (-0.765, -0.908), (-0.766, -0.908), (-0.767, -0.909), (-0.768, -0.91), (-0.768, -0.911), (-0.769, -0.911), (-0.77, -0.912), (-0.771, -0.913), (-0.771, -0.914), (-0.772, -0.915), (-0.773, -0.915), (-0.774, -0.916), (-0.775, -0.917), (-0.775, -0.918), (-0.776, -0.918), (-0.777, -0.919), (-0.778, -0.92), (-0.778, -0.921), (-0.779, -0.922), (-0.78, -0.922), (-0.781, -0.923), (-0.781, -0.924), (-0.782, -0.925), (-0.783, -0.925), (-0.784, -0.926), (-0.785, -0.927), (-0.785, -0.928), (-0.786, -0.928), (-0.787, -0.929), (-0.788, -0.93), (-0.788, -0.931), (-0.789, -0.932), (-0.79, -0.932), (-0.791, -0.933), (-0.792, -0.934), (-0.792, -0.935), (-0.793, -0.935), (-0.794, -0.936), (-0.795, -0.937), (-0.795, -0.938), (-0.796, -0.938), (-0.797, -0.939), (-0.798, -0.94), (-0.798, -0.941), (-0.799, -0.942), (-0.8, -0.942), (-0.801, -0.943), (-0.802, -0.944), (-0.802, -0.945), (-0.803, -0.945), (-0.804, -0.946), (-0.805, -0.947), (-0.805, -0.948), (-0.806, -0.948), (-0.807, -0.949), (-0.808, -0.95), (-0.808, -0.951), (-0.809, -0.952), (-0.81, -0.952), (-0.811, -0.953), (-0.812, -0.954), (-0.812, -0.955), (-0.813, -0.955), (-0.814, -0.956), (-0.815, -0.957), (-0.815, -0.958), (-0.816, -0.958), (-0.817, -0.959), (-0.818, -0.96), (-0.818, -0.961), (-0.819, -0.962), (-0.82, -0.962), (-0.821, -0.963), (-0.822, -0.964), (-0.822, -0.965), (-0.823, -0.965), (-0.824, -0.966), (-0.825, -0.967), (-0.825, -0.968), (-0.826, -0.969), (-0.827, -0.969), (-0.828, -0.97), (-0.828, -0.971), (-0.829, -0.972), (-0.83, -0.972), (-0.831, -0.973), (-0.832, -0.974), (-0.832, -0.975), (-0.833, -0.975), (-0.834, -0.976), (-0.835, -0.977), (-0.835, -0.978), (-0.836, -0.979), (-0.837, -0.979), (-0.838, -0.98), (-0.839, -0.981), (-0.839, -0.982), (-0.84, -0.982), (-0.841, -0.983), (-0.842, -0.984), (-0.842, -0.985), (-0.843, -0.986), (-0.844, -0.986), (-0.845, -0.987), (-0.845, -0.988), (-0.846, -0.989), (-0.847, -0.989), (-0.848, -0.99), (-0.849, -0.991), (-0.849, -0.992), (-0.85, -0.992), (-0.851, -0.993), (-0.852, -0.994), (-0.852, -0.995), (-0.853, -0.996), (-0.854, -0.996), (-0.855, -0.997), (-0.856, -0.998)], path_end=[(-3.447, -3.589), (-3.424, -3.566), (-3.402, -3.544), (-3.379, -3.521), (-3.356, -3.499), (-3.334, -3.476), (-3.311, -3.453), (-3.288, -3.431), (-3.265, -3.408), (-3.243, -3.385), (-3.22, -3.362), (-3.197, -3.34), (-3.175, -3.317), (-3.152, -3.294), (-3.129, -3.271), (-3.106, -3.249), (-3.084, -3.226), (-3.061, -3.203), (-3.038, -3.18), (-3.015, -3.158), (-2.993, -3.135), (-2.97, -3.112), (-2.947, -3.09), (-2.925, -3.067), (-2.902, -3.044), (-2.88, -3.022), (-2.857, -2.999), (-2.834, -2.977), (-2.812, -2.954), (-2.79, -2.932), (-2.767, -2.909), (-2.745, -2.887), (-2.722, -2.865), (-2.7, -2.842), (-2.678, -2.82), (-2.656, -2.798), (-2.634, -2.776), (-2.611, -2.754), (-2.589, -2.732), (-2.567, -2.71), (-2.546, -2.688), (-2.524, -2.666), (-2.502, -2.644), (-2.48, -2.622), (-2.458, -2.601), (-2.437, -2.579), (-2.415, -2.558), (-2.394, -2.536), (-2.372, -2.515), (-2.351, -2.493), (-2.33, -2.472), (-2.309, -2.451), (-2.288, -2.43), (-2.267, -2.409), (-2.246, -2.388), (-2.225, -2.367), (-2.204, -2.347), (-2.184, -2.326), (-2.163, -2.305), (-2.143, -2.285), (-2.122, -2.265), (-2.102, -2.244), (-2.082, -2.224), (-2.062, -2.204), (-2.042, -2.184), (-2.022, -2.164), (-2.002, -2.144), (-1.982, -2.125), (-1.963, -2.105), (-1.943, -2.086), (-1.924, -2.066), (-1.905, -2.047), (-1.886, -2.028), (-1.867, -2.009), (-1.848, -1.99), (-1.829, -1.971), (-1.81, -1.952), (-1.792, -1.934), (-1.773, -1.915), (-1.755, -1.897), (-1.736, -1.879), (-1.718, -1.861), (-1.7, -1.843), (-1.682, -1.825), (-1.665, -1.807), (-1.647, -1.789), (-1.63, -1.772), (-1.612, -1.755), (-1.595, -1.737), (-1.578, -1.72), (-1.561, -1.703), (-1.544, -1.686), (-1.527, -1.669), (-1.511, -1.653), (-1.494, -1.636), (-1.478, -1.62), (-1.461, -1.604), (-1.445, -1.588), (-1.429, -1.572), (-1.413, -1.556), (-1.398, -1.54), (-1.382, -1.524), (-1.367, -1.509), (-1.351, -1.494), (-1.336, -1.478), (-1.321, -1.463), (-1.306, -1.448), (-1.291, -1.433), (-1.276, -1.419), (-1.262, -1.404), (-1.247, -1.39), (-1.233, -1.375), (-1.219, -1.361), (-1.205, -1.347), (-1.191, -1.333), (-1.177, -1.32), (-1.164, -1.306), (-1.15, -1.292), (-1.137, -1.279), (-1.123, -1.266), (-1.11, -1.253), (-1.097, -1.24), (-1.085, -1.227), (-1.072, -1.214), (-1.059, -1.202), (-1.047, -1.189), (-1.034, -1.177), (-1.022, -1.165), (-1.01, -1.152), (-0.998, -1.141), (-0.986, -1.129), (-0.975, -1.117), (-0.963, -1.105), (-0.952, -1.094), (-0.94, -1.083), (-0.929, -1.072), (-0.918, -1.06), (-0.907, -1.05), (-0.896, -1.039), (-0.886, -1.028), (-0.875, -1.018), (-0.865, -1.007), (-0.854, -0.997), (-0.844, -0.987), (-0.834, -0.977), (-0.824, -0.967), (-0.814, -0.957), (-0.805, -0.947), (-0.795, -0.938), (-0.786, -0.928), (-0.776, -0.919), (-0.767, -0.91), (-0.758, -0.9), (-0.749, -0.891), (-0.74, -0.883), (-0.731, -0.874), (-0.723, -0.865), (-0.714, -0.857), (-0.706, -0.848), (-0.698, -0.84), (-0.689, -0.832), (-0.681, -0.824), (-0.673, -0.816), (-0.665, -0.808), (-0.658, -0.8), (-0.65, -0.792), (-0.643, -0.785), (-0.635, -0.777), (-0.628, -0.77), (-0.621, -0.763), (-0.613, -0.756), (-0.606, -0.749), (-0.6, -0.742), (-0.593, -0.735), (-0.586, -0.728), (-0.579, -0.722), (-0.573, -0.715), (-0.567, -0.709), (-0.56, -0.703), (-0.554, -0.696), (-0.548, -0.69), (-0.542, -0.684), (-0.536, -0.678), (-0.53, -0.672), (-0.524, -0.667), (-0.519, -0.661), (-0.513, -0.655), (-0.508, -0.65), (-0.502, -0.645), (-0.497, -0.639), (-0.492, -0.634), (-0.487, -0.629), (-0.482, -0.624), (-0.477, -0.619), (-0.472, -0.614), (-0.467, -0.609), (-0.462, -0.605), (-0.458, -0.6), (-0.453, -0.596), (-0.449, -0.591), (-0.444, -0.587), (-0.44, -0.582), (-0.436, -0.578), (-0.432, -0.574), (-0.428, -0.57), (-0.424, -0.566), (-0.42, -0.562), (-0.416, -0.558), (-0.412, -0.555), (-0.409, -0.551), (-0.405, -0.547), (-0.401, -0.544), (-0.398, -0.54), (-0.394, -0.537), (-0.391, -0.533), (-0.388, -0.53), (-0.385, -0.527), (-0.382, -0.524), (-0.378, -0.521), (-0.375, -0.518), (-0.372, -0.515), (-0.37, -0.512), (-0.367, -0.509), (-0.364, -0.506), (-0.361, -0.504), (-0.359, -0.501), (-0.356, -0.498), (-0.353, -0.496), (-0.351, -0.493), (-0.349, -0.491), (-0.346, -0.489), (-0.344, -0.486), (-0.342, -0.484), (-0.339, -0.482), (-0.337, -0.48), (-0.335, -0.478), (-0.333, -0.476), (-0.331, -0.474), (-0.329, -0.472), (-0.327, -0.47), (-0.326, -0.468), (-0.324, -0.466), (-0.322, -0.464), (-0.32, -0.463), (-0.319, -0.461), (-0.317, -0.459), (-0.315, -0.458), (-0.314, -0.456), (-0.312, -0.455), (-0.311, -0.453), (-0.31, -0.452), (-0.308, -0.451), (-0.307, -0.449), (-0.306, -0.448), (-0.305, -0.447), (-0.303, -0.446), (-0.302, -0.445), (-0.301, -0.443), (-0.3, -0.442), (-0.299, -0.441), (-0.298, -0.44), (-0.297, -0.439), (-0.296, -0.438), (-0.295, -0.438), (-0.294, -0.437), (-0.294, -0.436), (-0.293, -0.435), (-0.292, -0.434), (-0.291, -0.434), (-0.291, -0.433), (-0.29, -0.432), (-0.289, -0.432), (-0.289, -0.431), (-0.288, -0.431), (-0.288, -0.43), (-0.287, -0.43), (-0.287, -0.429), (-0.286, -0.429), (-0.286, -0.428), (-0.285, -0.428), (-0.285, -0.427), (-0.285, -0.427), (-0.284, -0.427), (-0.284, -0.427), (-0.284, -0.426), (-0.284, -0.426), (-0.284, -0.426), (-0.283, -0.426), (-0.283, -0.425), (-0.283, -0.425), (-0.283, -0.425), (-0.283, -0.425), (-0.283, -0.425), (-0.283, -0.425), (-0.283, -0.425), (-0.283, -0.425), (-0.283, -0.425), (-0.283, -0.425), (-0.283, -0.425), (-0.283, -0.425), (-0.283, -0.425), (-0.283, -0.425), (-0.283, -0.425), (-0.283, -0.426), (-0.283, -0.426), (-0.284, -0.426), (-0.284, -0.426), (-0.284, -0.426), (-0.284, -0.427), (-0.285, -0.427), (-0.285, -0.427), (-0.285, -0.427), (-0.285, -0.428), (-0.286, -0.428), (-0.286, -0.428), (-0.286, -0.429), (-0.287, -0.429), (-0.287, -0.429), (-0.288, -0.43), (-0.288, -0.43), (-0.288, -0.431), (-0.289, -0.431), (-0.289, -0.432), (-0.29, -0.432), (-0.29, -0.432), (-0.291, -0.433), (-0.291, -0.433), (-0.292, -0.434), (-0.292, -0.434), (-0.293, -0.435), (-0.293, -0.435), (-0.294, -0.436), (-0.294, -0.437), (-0.295, -0.437), (-0.295, -0.438), (-0.296, -0.438), (-0.297, -0.439), (-0.297, -0.44), (-0.298, -0.44), (-0.298, -0.441), (-0.299, -0.441), (-0.3, -0.442), (-0.3, -0.443), (-0.301, -0.443), (-0.302, -0.444), (-0.302, -0.445), (-0.303, -0.445), (-0.304, -0.446), (-0.304, -0.447), (-0.305, -0.447), (-0.306, -0.448), (-0.307, -0.449), (-0.307, -0.45), (-0.308, -0.45), (-0.309, -0.451), (-0.31, -0.452), (-0.31, -0.453), (-0.311, -0.453), (-0.312, -0.454), (-0.313, -0.455), (-0.313, -0.456), (-0.314, -0.457), (-0.315, -0.457), (-0.316, -0.458), (-0.317, -0.459), (-0.317, -0.46), (-0.318, -0.461), (-0.319, -0.461), (-0.32, -0.462), (-0.321, -0.463), (-0.321, -0.464), (-0.322, -0.465), (-0.323, -0.466), (-0.324, -0.466), (-0.325, -0.467), (-0.326, -0.468), (-0.327, -0.469), (-0.327, -0.47), (-0.328, -0.471), (-0.329, -0.472), (-0.33, -0.472), (-0.331, -0.473), (-0.332, -0.474), (-0.333, -0.475), (-0.334, -0.476), (-0.334, -0.477), (-0.335, -0.478), (-0.336, -0.479), (-0.337, -0.479), (-0.338, -0.48), (-0.339, -0.481), (-0.34, -0.482), (-0.341, -0.483), (-0.342, -0.484), (-0.343, -0.485), (-0.344, -0.486), (-0.344, -0.487), (-0.345, -0.488), (-0.346, -0.489), (-0.347, -0.49), (-0.348, -0.49), (-0.349, -0.491), (-0.35, -0.492), (-0.351, -0.493), (-0.352, -0.494), (-0.353, -0.495), (-0.354, -0.496), (-0.355, -0.497), (-0.356, -0.498), (-0.357, -0.499), (-0.358, -0.5), (-0.359, -0.501), (-0.359, -0.502), (-0.36, -0.503), (-0.361, -0.504), (-0.362, -0.505), (-0.363, -0.506), (-0.364, -0.507), (-0.365, -0.508), (-0.366, -0.508), (-0.367, -0.509), (-0.368, -0.51), (-0.369, -0.511), (-0.37, -0.512), (-0.371, -0.513), (-0.372, -0.514), (-0.373, -0.515), (-0.374, -0.516), (-0.375, -0.517), (-0.376, -0.518), (-0.377, -0.519), (-0.378, -0.52), (-0.379, -0.521), (-0.38, -0.522), (-0.381, -0.523), (-0.382, -0.524), (-0.383, -0.525), (-0.384, -0.526), (-0.385, -0.527), (-0.386, -0.528), (-0.386, -0.529), (-0.387, -0.53), (-0.388, -0.531), (-0.389, -0.532), (-0.39, -0.533), (-0.391, -0.534), (-0.392, -0.535), (-0.393, -0.536), (-0.394, -0.537), (-0.395, -0.538), (-0.396, -0.539), (-0.397, -0.54), (-0.398, -0.541), (-0.399, -0.541), (-0.4, -0.542), (-0.401, -0.543), (-0.402, -0.544), (-0.403, -0.545), (-0.404, -0.546), (-0.405, -0.547), (-0.406, -0.548), (-0.407, -0.549), (-0.408, -0.55), (-0.409, -0.551), (-0.41, -0.552), (-0.411, -0.553), (-0.412, -0.554), (-0.413, -0.555), (-0.414, -0.556), (-0.415, -0.557), (-0.416, -0.558), (-0.417, -0.559), (-0.418, -0.56), (-0.419, -0.561), (-0.42, -0.562), (-0.421, -0.563), (-0.422, -0.564), (-0.423, -0.565), (-0.424, -0.566), (-0.424, -0.567), (-0.425, -0.568), (-0.426, -0.569), (-0.427, -0.57), (-0.428, -0.571), (-0.429, -0.572), (-0.43, -0.573), (-0.431, -0.574), (-0.432, -0.575), (-0.433, -0.576), (-0.434, -0.576), (-0.435, -0.577), (-0.436, -0.578), (-0.437, -0.579), (-0.438, -0.58), (-0.439, -0.581), (-0.44, -0.582), (-0.441, -0.583), (-0.442, -0.584), (-0.443, -0.585), (-0.444, -0.586)], total_steps=3141
  309th iteration: path_start=[(0.011, -0.172), (0.011, -0.173), (0.011, -0.173), (0.011, -0.173), (0.011, -0.173), (0.012, -0.174), (0.012, -0.174), (0.012, -0.175), (0.013, -0.175), (0.013, -0.176), (0.014, -0.177), (0.014, -0.177), (0.015, -0.178), (0.016, -0.179), (0.016, -0.179), (0.017, -0.18), (0.017, -0.181), (0.018, -0.182), (0.019, -0.183), (0.02, -0.183), (0.02, -0.184), (0.021, -0.185), (0.022, -0.186), (0.023, -0.187), (0.023, -0.188), (0.024, -0.189), (0.025, -0.19), (0.026, -0.191), (0.027, -0.192), (0.027, -0.193), (0.028, -0.194), (0.029, -0.195), (0.03, -0.196), (0.031, -0.196), (0.032, -0.197), (0.033, -0.198), (0.033, -0.199), (0.034, -0.2), (0.035, -0.201), (0.036, -0.202), (0.037, -0.203), (0.038, -0.204), (0.039, -0.205), (0.039, -0.206), (0.04, -0.207), (0.041, -0.207), (0.042, -0.208), (0.043, -0.209), (0.044, -0.21), (0.044, -0.211), (0.045, -0.212), (0.046, -0.212), (0.047, -0.213), (0.048, -0.214), (0.048, -0.215), (0.049, -0.215), (0.05, -0.216), (0.051, -0.217), (0.052, -0.218), (0.052, -0.218), (0.053, -0.219), (0.054, -0.22), (0.055, -0.22), (0.055, -0.221), (0.056, -0.221), (0.057, -0.222), (0.057, -0.223), (0.058, -0.223), (0.059, -0.224), (0.059, -0.224), (0.06, -0.225), (0.061, -0.225), (0.061, -0.226), (0.062, -0.226), (0.063, -0.227), (0.063, -0.227), (0.064, -0.228), (0.065, -0.228), (0.065, -0.228), (0.066, -0.229), (0.066, -0.229), (0.067, -0.23), (0.068, -0.23), (0.068, -0.23), (0.069, -0.231), (0.069, -0.231), (0.07, -0.231), (0.07, -0.231), (0.071, -0.232), (0.071, -0.232), (0.072, -0.232), (0.072, -0.232), (0.073, -0.232), (0.073, -0.233), (0.074, -0.233), (0.074, -0.233), (0.074, -0.233), (0.075, -0.233), (0.075, -0.233), (0.076, -0.233), (0.076, -0.234), (0.077, -0.234), (0.077, -0.234), (0.077, -0.234), (0.078, -0.234), (0.078, -0.234), (0.078, -0.234), (0.079, -0.234), (0.079, -0.234), (0.08, -0.234), (0.08, -0.234), (0.08, -0.234), (0.08, -0.234), (0.081, -0.234), (0.081, -0.234), (0.081, -0.233), (0.082, -0.233), (0.082, -0.233), (0.082, -0.233), (0.082, -0.233), (0.083, -0.233), (0.083, -0.233), (0.083, -0.233), (0.083, -0.232), (0.084, -0.232), (0.084, -0.232), (0.084, -0.232), (0.084, -0.232), (0.085, -0.231), (0.085, -0.231), (0.085, -0.231), (0.085, -0.231), (0.085, -0.231), (0.085, -0.23), (0.086, -0.23), (0.086, -0.23), (0.086, -0.23), (0.086, -0.229), (0.086, -0.229), (0.086, -0.229), (0.087, -0.228), (0.087, -0.228), (0.087, -0.228), (0.087, -0.227), (0.087, -0.227), (0.087, -0.227), (0.087, -0.226), (0.087, -0.226), (0.087, -0.226), (0.087, -0.225), (0.088, -0.225), (0.088, -0.225), (0.088, -0.224), (0.088, -0.224), (0.088, -0.223), (0.088, -0.223), (0.088, -0.223), (0.088, -0.222), (0.088, -0.222), (0.088, -0.221), (0.088, -0.221), (0.088, -0.221), (0.088, -0.22), (0.088, -0.22), (0.088, -0.219), (0.088, -0.219), (0.088, -0.218), (0.088, -0.218), (0.088, -0.217), (0.088, -0.217), (0.088, -0.216), (0.088, -0.216), (0.088, -0.215), (0.088, -0.215), (0.088, -0.215), (0.088, -0.214), (0.088, -0.214), (0.088, -0.213), (0.088, -0.213), (0.088, -0.212), (0.087, -0.212), (0.087, -0.211), (0.087, -0.21), (0.087, -0.21), (0.087, -0.209), (0.087, -0.209), (0.087, -0.208), (0.087, -0.208), (0.087, -0.207), (0.087, -0.207), (0.087, -0.206), (0.086, -0.206), (0.086, -0.205), (0.086, -0.205), (0.086, -0.204), (0.086, -0.203), (0.086, -0.203), (0.086, -0.202), (0.086, -0.202), (0.085, -0.201), (0.085, -0.201), (0.085, -0.2), (0.085, -0.2), (0.085, -0.199), (0.085, -0.198), (0.084, -0.198), (0.084, -0.197), (0.084, -0.197), (0.084, -0.196), (0.084, -0.195), (0.084, -0.195), (0.083, -0.194), (0.083, -0.194), (0.083, -0.193), (0.083, -0.192), (0.083, -0.192), (0.082, -0.191), (0.082, -0.191), (0.082, -0.19), (0.082, -0.189), (0.081, -0.189), (0.081, -0.188), (0.081, -0.188), (0.081, -0.187), (0.081, -0.186), (0.08, -0.186), (0.08, -0.185), (0.08, -0.185), (0.08, -0.184), (0.079, -0.183), (0.079, -0.183), (0.079, -0.182), (0.078, -0.181), (0.078, -0.181), (0.078, -0.18), (0.078, -0.18), (0.077, -0.179), (0.077, -0.178), (0.077, -0.178), (0.076, -0.177), (0.076, -0.176), (0.076, -0.176), (0.076, -0.175), (0.075, -0.174), (0.075, -0.174), (0.075, -0.173), (0.074, -0.173), (0.074, -0.172), (0.074, -0.171), (0.073, -0.171), (0.073, -0.17), (0.073, -0.169), (0.072, -0.169), (0.072, -0.168), (0.072, -0.167), (0.071, -0.167), (0.071, -0.166), (0.071, -0.165), (0.07, -0.165), (0.07, -0.164), (0.069, -0.164), (0.069, -0.163), (0.069, -0.162), (0.068, -0.162), (0.068, -0.161), (0.068, -0.16), (0.067, -0.16), (0.067, -0.159), (0.066, -0.158), (0.066, -0.158), (0.066, -0.157), (0.065, -0.156), (0.065, -0.156), (0.064, -0.155), (0.064, -0.154), (0.063, -0.154), (0.063, -0.153), (0.063, -0.152), (0.062, -0.152), (0.062, -0.151), (0.061, -0.15), (0.061, -0.15), (0.06, -0.149), (0.06, -0.148), (0.06, -0.148), (0.059, -0.147), (0.059, -0.146), (0.058, -0.146), (0.058, -0.145), (0.057, -0.144), (0.057, -0.144), (0.056, -0.143), (0.056, -0.142), (0.055, -0.142), (0.055, -0.141), (0.054, -0.14), (0.054, -0.14), (0.053, -0.139), (0.053, -0.138), (0.052, -0.138), (0.052, -0.137), (0.051, -0.136), (0.051, -0.136), (0.05, -0.135), (0.05, -0.134), (0.049, -0.134), (0.049, -0.133), (0.048, -0.132), (0.048, -0.132), (0.047, -0.131), (0.046, -0.13), (0.046, -0.13), (0.045, -0.129), (0.045, -0.128), (0.044, -0.128), (0.044, -0.127), (0.043, -0.126), (0.043, -0.126), (0.042, -0.125), (0.041, -0.124), (0.041, -0.124), (0.04, -0.123), (0.04, -0.122), (0.039, -0.122), (0.038, -0.121), (0.038, -0.12), (0.037, -0.12), (0.037, -0.119), (0.036, -0.118), (0.035, -0.118), (0.035, -0.117), (0.034, -0.116), (0.034, -0.116), (0.033, -0.115), (0.032, -0.114), (0.032, -0.114), (0.031, -0.113), (0.031, -0.112), (0.03, -0.111), (0.029, -0.111), (0.029, -0.11), (0.028, -0.109), (0.027, -0.109), (0.027, -0.108), (0.026, -0.107), (0.025, -0.107), (0.025, -0.106), (0.024, -0.105), (0.023, -0.105), (0.023, -0.104), (0.022, -0.103), (0.021, -0.103), (0.021, -0.102), (0.02, -0.101), (0.019, -0.101), (0.019, -0.1), (0.018, -0.099), (0.017, -0.099), (0.017, -0.098), (0.016, -0.097), (0.015, -0.097), (0.015, -0.096), (0.014, -0.095), (0.013, -0.094), (0.012, -0.094), (0.012, -0.093), (0.011, -0.092), (0.01, -0.092), (0.01, -0.091), (0.009, -0.09), (0.008, -0.09), (0.008, -0.089), (0.007, -0.088), (0.006, -0.088), (0.005, -0.087), (0.005, -0.086), (0.004, -0.086), (0.003, -0.085), (0.002, -0.084), (0.002, -0.084), (0.001, -0.083), (0.0, -0.082), (-0.001, -0.081), (-0.001, -0.081), (-0.002, -0.08), (-0.003, -0.079), (-0.004, -0.079), (-0.004, -0.078), (-0.005, -0.077), (-0.006, -0.077), (-0.007, -0.076), (-0.007, -0.075), (-0.008, -0.075), (-0.009, -0.074), (-0.01, -0.073), (-0.01, -0.072), (-0.011, -0.072), (-0.012, -0.071), (-0.013, -0.07), (-0.013, -0.07), (-0.014, -0.069), (-0.015, -0.068), (-0.016, -0.068), (-0.016, -0.067), (-0.017, -0.066), (-0.018, -0.066), (-0.019, -0.065), (-0.02, -0.064), (-0.02, -0.063), (-0.021, -0.063), (-0.022, -0.062), (-0.023, -0.061), (-0.024, -0.061), (-0.024, -0.06), (-0.025, -0.059), (-0.026, -0.059), (-0.027, -0.058), (-0.027, -0.057), (-0.028, -0.057), (-0.029, -0.056), (-0.03, -0.055), (-0.031, -0.054), (-0.031, -0.054), (-0.032, -0.053), (-0.033, -0.052), (-0.034, -0.052), (-0.035, -0.051), (-0.035, -0.05), (-0.036, -0.05), (-0.037, -0.049), (-0.038, -0.048), (-0.039, -0.047), (-0.039, -0.047), (-0.04, -0.046), (-0.041, -0.045), (-0.042, -0.045), (-0.043, -0.044), (-0.043, -0.043), (-0.044, -0.043), (-0.045, -0.042), (-0.046, -0.041), (-0.047, -0.04), (-0.047, -0.04), (-0.048, -0.039), (-0.049, -0.038), (-0.05, -0.038), (-0.051, -0.037), (-0.051, -0.036), (-0.052, -0.035), (-0.053, -0.035), (-0.054, -0.034), (-0.055, -0.033), (-0.055, -0.033), (-0.056, -0.032), (-0.057, -0.031), (-0.058, -0.03), (-0.059, -0.03), (-0.059, -0.029), (-0.06, -0.028), (-0.061, -0.028), (-0.062, -0.027), (-0.063, -0.026), (-0.063, -0.025), (-0.064, -0.025), (-0.065, -0.024), (-0.066, -0.023), (-0.067, -0.023), (-0.067, -0.022), (-0.068, -0.021), (-0.069, -0.02), (-0.07, -0.02), (-0.071, -0.019), (-0.071, -0.018), (-0.072, -0.018), (-0.073, -0.017), (-0.074, -0.016), (-0.075, -0.015), (-0.075, -0.015), (-0.076, -0.014), (-0.077, -0.013), (-0.078, -0.013), (-0.079, -0.012), (-0.079, -0.011), (-0.08, -0.01), (-0.081, -0.01), (-0.082, -0.009), (-0.082, -0.008), (-0.083, -0.007), (-0.084, -0.007), (-0.085, -0.006), (-0.086, -0.005), (-0.086, -0.005), (-0.087, -0.004), (-0.088, -0.003), (-0.089, -0.002), (-0.089, -0.002), (-0.09, -0.001), (-0.091, -0.0), (-0.092, 0.001), (-0.092, 0.001)], path_end=[(-0.392, -0.055), (-0.389, -0.059), (-0.386, -0.064), (-0.383, -0.068), (-0.379, -0.073), (-0.376, -0.077), (-0.373, -0.081), (-0.369, -0.086), (-0.366, -0.09), (-0.363, -0.095), (-0.36, -0.099), (-0.356, -0.104), (-0.353, -0.108), (-0.35, -0.112), (-0.347, -0.117), (-0.343, -0.121), (-0.34, -0.126), (-0.337, -0.13), (-0.334, -0.134), (-0.33, -0.139), (-0.327, -0.143), (-0.324, -0.147), (-0.321, -0.152), (-0.317, -0.156), (-0.314, -0.16), (-0.311, -0.164), (-0.308, -0.169), (-0.305, -0.173), (-0.302, -0.177), (-0.298, -0.181), (-0.295, -0.186), (-0.292, -0.19), (-0.289, -0.194), (-0.286, -0.198), (-0.283, -0.202), (-0.28, -0.206), (-0.276, -0.21), (-0.273, -0.214), (-0.27, -0.219), (-0.267, -0.223), (-0.264, -0.227), (-0.261, -0.231), (-0.258, -0.235), (-0.255, -0.239), (-0.252, -0.243), (-0.249, -0.247), (-0.246, -0.25), (-0.243, -0.254), (-0.24, -0.258), (-0.237, -0.262), (-0.234, -0.266), (-0.231, -0.27), (-0.228, -0.274), (-0.225, -0.277), (-0.222, -0.281), (-0.219, -0.285), (-0.217, -0.289), (-0.214, -0.292), (-0.211, -0.296), (-0.208, -0.299), (-0.205, -0.303), (-0.202, -0.307), (-0.2, -0.31), (-0.197, -0.314), (-0.194, -0.317), (-0.191, -0.321), (-0.188, -0.324), (-0.186, -0.328), (-0.183, -0.331), (-0.18, -0.335), (-0.178, -0.338), (-0.175, -0.341), (-0.172, -0.345), (-0.17, -0.348), (-0.167, -0.351), (-0.164, -0.354), (-0.162, -0.358), (-0.159, -0.361), (-0.156, -0.364), (-0.154, -0.367), (-0.151, -0.37), (-0.149, -0.373), (-0.146, -0.376), (-0.144, -0.379), (-0.141, -0.382), (-0.139, -0.385), (-0.136, -0.388), (-0.134, -0.391), (-0.131, -0.394), (-0.129, -0.397), (-0.127, -0.4), (-0.124, -0.402), (-0.122, -0.405), (-0.12, -0.408), (-0.117, -0.411), (-0.115, -0.413), (-0.113, -0.416), (-0.11, -0.419), (-0.108, -0.421), (-0.106, -0.424), (-0.104, -0.426), (-0.101, -0.429), (-0.099, -0.431), (-0.097, -0.434), (-0.095, -0.436), (-0.093, -0.439), (-0.091, -0.441), (-0.088, -0.443), (-0.086, -0.446), (-0.084, -0.448), (-0.082, -0.45), (-0.08, -0.452), (-0.078, -0.455), (-0.076, -0.457), (-0.074, -0.459), (-0.072, -0.461), (-0.07, -0.463), (-0.068, -0.465), (-0.066, -0.467), (-0.064, -0.469), (-0.062, -0.471), (-0.06, -0.473), (-0.059, -0.475), (-0.057, -0.477), (-0.055, -0.479), (-0.053, -0.481), (-0.051, -0.482), (-0.049, -0.484), (-0.048, -0.486), (-0.046, -0.488), (-0.044, -0.489), (-0.042, -0.491), (-0.041, -0.493), (-0.039, -0.494), (-0.037, -0.496), (-0.036, -0.497), (-0.034, -0.499), (-0.032, -0.5), (-0.031, -0.502), (-0.029, -0.503), (-0.027, -0.505), (-0.026, -0.506), (-0.024, -0.508), (-0.023, -0.509), (-0.021, -0.51), (-0.02, -0.512), (-0.018, -0.513), (-0.017, -0.514), (-0.015, -0.515), (-0.014, -0.517), (-0.012, -0.518), (-0.011, -0.519), (-0.009, -0.52), (-0.008, -0.521), (-0.007, -0.522), (-0.005, -0.523), (-0.004, -0.524), (-0.002, -0.525), (-0.001, -0.526), (0.0, -0.527), (0.002, -0.528), (0.003, -0.529), (0.004, -0.53), (0.005, -0.531), (0.007, -0.532), (0.008, -0.533), (0.009, -0.534), (0.01, -0.534), (0.012, -0.535), (0.013, -0.536), (0.014, -0.537), (0.015, -0.537), (0.016, -0.538), (0.017, -0.539), (0.019, -0.539), (0.02, -0.54), (0.021, -0.54), (0.022, -0.541), (0.023, -0.542), (0.024, -0.542), (0.025, -0.543), (0.026, -0.543), (0.027, -0.544), (0.028, -0.544), (0.029, -0.545), (0.03, -0.545), (0.031, -0.545), (0.032, -0.546), (0.033, -0.546), (0.034, -0.546), (0.035, -0.547), (0.036, -0.547), (0.037, -0.547), (0.038, -0.548), (0.039, -0.548), (0.04, -0.548), (0.041, -0.548), (0.041, -0.549), (0.042, -0.549), (0.043, -0.549), (0.044, -0.549), (0.045, -0.549), (0.046, -0.55), (0.047, -0.55), (0.047, -0.55), (0.048, -0.55), (0.049, -0.55), (0.05, -0.55), (0.05, -0.55), (0.051, -0.55), (0.052, -0.55), (0.053, -0.55), (0.053, -0.55), (0.054, -0.55), (0.055, -0.55), (0.056, -0.55), (0.056, -0.55), (0.057, -0.55), (0.058, -0.55), (0.058, -0.55), (0.059, -0.549), (0.06, -0.549), (0.06, -0.549), (0.061, -0.549), (0.062, -0.549), (0.062, -0.549), (0.063, -0.549), (0.063, -0.548), (0.064, -0.548), (0.065, -0.548), (0.065, -0.548), (0.066, -0.547), (0.066, -0.547), (0.067, -0.547), (0.067, -0.547), (0.068, -0.546), (0.069, -0.546), (0.069, -0.546), (0.07, -0.545), (0.07, -0.545), (0.071, -0.545), (0.071, -0.544), (0.072, -0.544), (0.072, -0.544), (0.073, -0.543), (0.073, -0.543), (0.074, -0.543), (0.074, -0.542), (0.075, -0.542), (0.075, -0.541), (0.076, -0.541), (0.076, -0.54), (0.076, -0.54), (0.077, -0.54), (0.077, -0.539), (0.078, -0.539), (0.078, -0.538), (0.079, -0.538), (0.079, -0.537), (0.079, -0.537), (0.08, -0.536), (0.08, -0.536), (0.081, -0.535), (0.081, -0.535), (0.081, -0.534), (0.082, -0.534), (0.082, -0.533), (0.082, -0.533), (0.083, -0.532), (0.083, -0.531), (0.084, -0.531), (0.084, -0.53), (0.084, -0.53), (0.085, -0.529), (0.085, -0.529), (0.085, -0.528), (0.086, -0.527), (0.086, -0.527), (0.086, -0.526), (0.087, -0.525), (0.087, -0.525), (0.087, -0.524), (0.087, -0.524), (0.088, -0.523), (0.088, -0.522), (0.088, -0.522), (0.089, -0.521), (0.089, -0.52), (0.089, -0.52), (0.089, -0.519), (0.09, -0.518), (0.09, -0.518), (0.09, -0.517), (0.09, -0.516), (0.091, -0.516), (0.091, -0.515), (0.091, -0.514), (0.091, -0.514), (0.092, -0.513), (0.092, -0.512), (0.092, -0.512), (0.092, -0.511), (0.093, -0.51), (0.093, -0.509), (0.093, -0.509), (0.093, -0.508), (0.094, -0.507), (0.094, -0.507), (0.094, -0.506), (0.094, -0.505), (0.094, -0.504), (0.095, -0.504), (0.095, -0.503), (0.095, -0.502), (0.095, -0.501), (0.095, -0.501), (0.096, -0.5), (0.096, -0.499), (0.096, -0.498), (0.096, -0.498), (0.096, -0.497), (0.096, -0.496), (0.097, -0.495), (0.097, -0.495), (0.097, -0.494), (0.097, -0.493), (0.097, -0.492), (0.097, -0.491), (0.098, -0.491), (0.098, -0.49), (0.098, -0.489), (0.098, -0.488), (0.098, -0.488), (0.098, -0.487), (0.099, -0.486), (0.099, -0.485), (0.099, -0.484), (0.099, -0.484), (0.099, -0.483), (0.099, -0.482), (0.099, -0.481), (0.1, -0.481), (0.1, -0.48), (0.1, -0.479), (0.1, -0.478), (0.1, -0.477), (0.1, -0.477), (0.1, -0.476), (0.1, -0.475), (0.101, -0.474), (0.101, -0.473), (0.101, -0.473), (0.101, -0.472), (0.101, -0.471), (0.101, -0.47), (0.101, -0.469), (0.101, -0.469), (0.101, -0.468), (0.102, -0.467), (0.102, -0.466), (0.102, -0.465), (0.102, -0.464), (0.102, -0.464), (0.102, -0.463), (0.102, -0.462), (0.102, -0.461), (0.102, -0.46), (0.102, -0.46), (0.102, -0.459), (0.103, -0.458), (0.103, -0.457), (0.103, -0.456), (0.103, -0.456), (0.103, -0.455), (0.103, -0.454), (0.103, -0.453), (0.103, -0.452), (0.103, -0.451), (0.103, -0.451), (0.103, -0.45), (0.103, -0.449), (0.103, -0.448), (0.104, -0.447), (0.104, -0.447), (0.104, -0.446), (0.104, -0.445), (0.104, -0.444), (0.104, -0.443), (0.104, -0.442), (0.104, -0.442), (0.104, -0.441), (0.104, -0.44), (0.104, -0.439), (0.104, -0.438), (0.104, -0.438), (0.104, -0.437), (0.104, -0.436), (0.104, -0.435), (0.104, -0.434), (0.105, -0.433), (0.105, -0.433), (0.105, -0.432), (0.105, -0.431), (0.105, -0.43), (0.105, -0.429), (0.105, -0.429), (0.105, -0.428), (0.105, -0.427), (0.105, -0.426), (0.105, -0.425), (0.105, -0.425), (0.105, -0.424), (0.105, -0.423), (0.105, -0.422), (0.105, -0.421), (0.105, -0.42), (0.105, -0.42), (0.105, -0.419), (0.105, -0.418), (0.105, -0.417), (0.105, -0.416), (0.105, -0.416), (0.105, -0.415), (0.106, -0.414), (0.106, -0.413), (0.106, -0.412), (0.106, -0.412), (0.106, -0.411), (0.106, -0.41), (0.106, -0.409), (0.106, -0.408), (0.106, -0.408), (0.106, -0.407), (0.106, -0.406), (0.106, -0.405), (0.106, -0.404), (0.106, -0.404), (0.106, -0.403), (0.106, -0.402), (0.106, -0.401), (0.106, -0.4), (0.106, -0.4), (0.106, -0.399), (0.106, -0.398), (0.106, -0.397), (0.106, -0.396), (0.106, -0.396), (0.106, -0.395), (0.106, -0.394), (0.106, -0.393), (0.106, -0.392), (0.106, -0.392), (0.106, -0.391), (0.106, -0.39), (0.106, -0.389), (0.106, -0.388), (0.106, -0.388), (0.106, -0.387), (0.106, -0.386), (0.106, -0.385), (0.106, -0.384), (0.106, -0.384), (0.106, -0.383), (0.106, -0.382), (0.106, -0.381), (0.106, -0.38), (0.106, -0.38), (0.106, -0.379), (0.106, -0.378), (0.106, -0.377), (0.106, -0.376), (0.106, -0.376), (0.106, -0.375), (0.106, -0.374), (0.106, -0.373), (0.106, -0.373), (0.106, -0.372), (0.106, -0.371), (0.106, -0.37), (0.106, -0.369), (0.106, -0.369), (0.106, -0.368), (0.106, -0.367), (0.106, -0.366), (0.106, -0.366), (0.106, -0.365), (0.106, -0.364), (0.106, -0.363), (0.106, -0.362), (0.106, -0.362), (0.106, -0.361), (0.106, -0.36), (0.106, -0.359), (0.106, -0.359), (0.106, -0.358), (0.106, -0.357), (0.106, -0.356), (0.106, -0.355), (0.106, -0.355), (0.106, -0.354)], total_steps=3141
  311th iteration: path_start=[(0.011, -0.172), (0.011, -0.172), (0.011, -0.172), (0.01, -0.172), (0.01, -0.172), (0.01, -0.172), (0.01, -0.172), (0.01, -0.172), (0.01, -0.172), (0.01, -0.171), (0.01, -0.171), (0.01, -0.171), (0.01, -0.171), (0.01, -0.171), (0.01, -0.17), (0.01, -0.17), (0.01, -0.17), (0.01, -0.169), (0.01, -0.169), (0.01, -0.169), (0.01, -0.169), (0.01, -0.168), (0.01, -0.168), (0.01, -0.168), (0.01, -0.167), (0.01, -0.167), (0.01, -0.166), (0.01, -0.166), (0.01, -0.166), (0.01, -0.165), (0.011, -0.165), (0.011, -0.164), (0.011, -0.164), (0.011, -0.163), (0.011, -0.163), (0.011, -0.162), (0.011, -0.162), (0.011, -0.162), (0.011, -0.161), (0.011, -0.161), (0.011, -0.16), (0.012, -0.16), (0.012, -0.159), (0.012, -0.159), (0.012, -0.158), (0.012, -0.157), (0.012, -0.157), (0.013, -0.156), (0.013, -0.156), (0.013, -0.155), (0.013, -0.155), (0.013, -0.154), (0.014, -0.154), (0.014, -0.153), (0.014, -0.152), (0.014, -0.152), (0.014, -0.151), (0.015, -0.151), (0.015, -0.15), (0.015, -0.149), (0.016, -0.149), (0.016, -0.148), (0.016, -0.148), (0.016, -0.147), (0.017, -0.146), (0.017, -0.146), (0.017, -0.145), (0.018, -0.144), (0.018, -0.144), (0.018, -0.143), (0.019, -0.143), (0.019, -0.142), (0.019, -0.141), (0.02, -0.141), (0.02, -0.14), (0.02, -0.139), (0.021, -0.139), (0.021, -0.138), (0.022, -0.137), (0.022, -0.137), (0.022, -0.136), (0.023, -0.135), (0.023, -0.135), (0.024, -0.134), (0.024, -0.133), (0.024, -0.133), (0.025, -0.132), (0.025, -0.131), (0.026, -0.131), (0.026, -0.13), (0.027, -0.129), (0.027, -0.128), (0.028, -0.128), (0.028, -0.127), (0.029, -0.126), (0.029, -0.126), (0.029, -0.125), (0.03, -0.124), (0.03, -0.124), (0.031, -0.123), (0.031, -0.122), (0.032, -0.121), (0.032, -0.121), (0.033, -0.12), (0.034, -0.119), (0.034, -0.119), (0.035, -0.118), (0.035, -0.117), (0.036, -0.116), (0.036, -0.116), (0.037, -0.115), (0.037, -0.114), (0.038, -0.114), (0.038, -0.113), (0.039, -0.112), (0.04, -0.111), (0.04, -0.111), (0.041, -0.11), (0.041, -0.109), (0.042, -0.109), (0.042, -0.108), (0.043, -0.107), (0.044, -0.106), (0.044, -0.106), (0.045, -0.105), (0.045, -0.104), (0.046, -0.103), (0.047, -0.103), (0.047, -0.102), (0.048, -0.101), (0.048, -0.1), (0.049, -0.1), (0.05, -0.099), (0.05, -0.098), (0.051, -0.098), (0.051, -0.097), (0.052, -0.096), (0.053, -0.095), (0.053, -0.095), (0.054, -0.094), (0.055, -0.093), (0.055, -0.092), (0.056, -0.092), (0.057, -0.091), (0.057, -0.09), (0.058, -0.089), (0.059, -0.089), (0.059, -0.088), (0.06, -0.087), (0.06, -0.086), (0.061, -0.086), (0.062, -0.085), (0.062, -0.084), (0.063, -0.083), (0.064, -0.083), (0.064, -0.082), (0.065, -0.081), (0.066, -0.08), (0.066, -0.08), (0.067, -0.079), (0.068, -0.078), (0.069, -0.077), (0.069, -0.077), (0.07, -0.076), (0.071, -0.075), (0.071, -0.074), (0.072, -0.074), (0.073, -0.073), (0.073, -0.072), (0.074, -0.071), (0.075, -0.071), (0.075, -0.07), (0.076, -0.069), (0.077, -0.068), (0.077, -0.068), (0.078, -0.067), (0.079, -0.066), (0.08, -0.065), (0.08, -0.065), (0.081, -0.064), (0.082, -0.063), (0.082, -0.062), (0.083, -0.062), (0.084, -0.061), (0.085, -0.06), (0.085, -0.059), (0.086, -0.059), (0.087, -0.058), (0.087, -0.057), (0.088, -0.056), (0.089, -0.056), (0.09, -0.055), (0.09, -0.054), (0.091, -0.053), (0.092, -0.052), (0.092, -0.052), (0.093, -0.051), (0.094, -0.05), (0.095, -0.049), (0.095, -0.049), (0.096, -0.048), (0.097, -0.047), (0.097, -0.046), (0.098, -0.046), (0.099, -0.045), (0.1, -0.044), (0.1, -0.043), (0.101, -0.043), (0.102, -0.042), (0.103, -0.041), (0.103, -0.04), (0.104, -0.04), (0.105, -0.039), (0.106, -0.038), (0.106, -0.037), (0.107, -0.037), (0.108, -0.036), (0.108, -0.035), (0.109, -0.034), (0.11, -0.033), (0.111, -0.033), (0.111, -0.032), (0.112, -0.031), (0.113, -0.03), (0.114, -0.03), (0.114, -0.029), (0.115, -0.028), (0.116, -0.027), (0.117, -0.027), (0.117, -0.026), (0.118, -0.025), (0.119, -0.024), (0.12, -0.024), (0.12, -0.023), (0.121, -0.022), (0.122, -0.021), (0.123, -0.021), (0.123, -0.02), (0.124, -0.019), (0.125, -0.018), (0.126, -0.018), (0.126, -0.017), (0.127, -0.016), (0.128, -0.015), (0.129, -0.014), (0.129, -0.014), (0.13, -0.013), (0.131, -0.012), (0.132, -0.011), (0.132, -0.011), (0.133, -0.01), (0.134, -0.009), (0.135, -0.008), (0.135, -0.008), (0.136, -0.007), (0.137, -0.006), (0.138, -0.005), (0.138, -0.005), (0.139, -0.004), (0.14, -0.003), (0.141, -0.002), (0.141, -0.002), (0.142, -0.001), (0.143, 0.0), (0.144, 0.001), (0.144, 0.002), (0.145, 0.002), (0.146, 0.003), (0.147, 0.004), (0.147, 0.005), (0.148, 0.005), (0.149, 0.006), (0.15, 0.007), (0.15, 0.008), (0.151, 0.008), (0.152, 0.009), (0.153, 0.01), (0.153, 0.011), (0.154, 0.011), (0.155, 0.012), (0.156, 0.013), (0.156, 0.014), (0.157, 0.015), (0.158, 0.015), (0.159, 0.016), (0.159, 0.017), (0.16, 0.018), (0.161, 0.018), (0.162, 0.019), (0.162, 0.02), (0.163, 0.021), (0.164, 0.021), (0.165, 0.022), (0.165, 0.023), (0.166, 0.024), (0.167, 0.024), (0.168, 0.025), (0.169, 0.026), (0.169, 0.027), (0.17, 0.027), (0.171, 0.028), (0.172, 0.029), (0.172, 0.03), (0.173, 0.031), (0.174, 0.031), (0.175, 0.032), (0.175, 0.033), (0.176, 0.034), (0.177, 0.034), (0.178, 0.035), (0.178, 0.036), (0.179, 0.037), (0.18, 0.037), (0.181, 0.038), (0.181, 0.039), (0.182, 0.04), (0.183, 0.04), (0.184, 0.041), (0.184, 0.042), (0.185, 0.043), (0.186, 0.044), (0.187, 0.044), (0.188, 0.045), (0.188, 0.046), (0.189, 0.047), (0.19, 0.047), (0.191, 0.048), (0.191, 0.049), (0.192, 0.05), (0.193, 0.05), (0.194, 0.051), (0.194, 0.052), (0.195, 0.053), (0.196, 0.053), (0.197, 0.054), (0.197, 0.055), (0.198, 0.056), (0.199, 0.057), (0.2, 0.057), (0.2, 0.058), (0.201, 0.059), (0.202, 0.06), (0.203, 0.06), (0.204, 0.061), (0.204, 0.062), (0.205, 0.063), (0.206, 0.063), (0.207, 0.064), (0.207, 0.065), (0.208, 0.066), (0.209, 0.066), (0.21, 0.067), (0.21, 0.068), (0.211, 0.069), (0.212, 0.069), (0.213, 0.07), (0.213, 0.071), (0.214, 0.072), (0.215, 0.073), (0.216, 0.073), (0.216, 0.074), (0.217, 0.075), (0.218, 0.076), (0.219, 0.076), (0.22, 0.077), (0.22, 0.078), (0.221, 0.079), (0.222, 0.079), (0.223, 0.08), (0.223, 0.081), (0.224, 0.082), (0.225, 0.082), (0.226, 0.083), (0.226, 0.084), (0.227, 0.085), (0.228, 0.086), (0.229, 0.086), (0.229, 0.087), (0.23, 0.088), (0.231, 0.089), (0.232, 0.089), (0.232, 0.09), (0.233, 0.091), (0.234, 0.092), (0.235, 0.092), (0.236, 0.093), (0.236, 0.094), (0.237, 0.095), (0.238, 0.095), (0.239, 0.096), (0.239, 0.097), (0.24, 0.098), (0.241, 0.099), (0.242, 0.099), (0.242, 0.1), (0.243, 0.101), (0.244, 0.102), (0.245, 0.102), (0.245, 0.103), (0.246, 0.104), (0.247, 0.105), (0.248, 0.105), (0.249, 0.106), (0.249, 0.107), (0.25, 0.108), (0.251, 0.108), (0.252, 0.109), (0.252, 0.11), (0.253, 0.111), (0.254, 0.112), (0.255, 0.112), (0.255, 0.113), (0.256, 0.114), (0.257, 0.115), (0.258, 0.115), (0.258, 0.116), (0.259, 0.117), (0.26, 0.118), (0.261, 0.118), (0.261, 0.119), (0.262, 0.12), (0.263, 0.121), (0.264, 0.121), (0.265, 0.122), (0.265, 0.123), (0.266, 0.124), (0.267, 0.124), (0.268, 0.125), (0.268, 0.126), (0.269, 0.127), (0.27, 0.128), (0.271, 0.128), (0.271, 0.129), (0.272, 0.13), (0.273, 0.131), (0.274, 0.131), (0.274, 0.132), (0.275, 0.133), (0.276, 0.134), (0.277, 0.134), (0.278, 0.135), (0.278, 0.136), (0.279, 0.137), (0.28, 0.137), (0.281, 0.138), (0.281, 0.139), (0.282, 0.14), (0.283, 0.141), (0.284, 0.141), (0.284, 0.142), (0.285, 0.143), (0.286, 0.144), (0.287, 0.144), (0.287, 0.145), (0.288, 0.146), (0.289, 0.147), (0.29, 0.147), (0.291, 0.148), (0.291, 0.149), (0.292, 0.15), (0.293, 0.15), (0.294, 0.151), (0.294, 0.152), (0.295, 0.153), (0.296, 0.154), (0.297, 0.154), (0.297, 0.155), (0.298, 0.156), (0.299, 0.157), (0.3, 0.157), (0.3, 0.158), (0.301, 0.159), (0.302, 0.16), (0.303, 0.16), (0.303, 0.161), (0.304, 0.162), (0.305, 0.163), (0.306, 0.163), (0.307, 0.164), (0.307, 0.165), (0.308, 0.166), (0.309, 0.167), (0.31, 0.167), (0.31, 0.168), (0.311, 0.169), (0.312, 0.17), (0.313, 0.17), (0.313, 0.171), (0.314, 0.172), (0.315, 0.173), (0.316, 0.173), (0.316, 0.174), (0.317, 0.175), (0.318, 0.176), (0.319, 0.176), (0.32, 0.177), (0.32, 0.178), (0.321, 0.179), (0.322, 0.179), (0.323, 0.18)], path_end=[(0.485, 0.342), (0.479, 0.337), (0.473, 0.331), (0.467, 0.325), (0.462, 0.319), (0.456, 0.314), (0.45, 0.308), (0.444, 0.302), (0.439, 0.296), (0.433, 0.291), (0.427, 0.285), (0.421, 0.279), (0.416, 0.273), (0.41, 0.268), (0.404, 0.262), (0.399, 0.256), (0.393, 0.251), (0.387, 0.245), (0.382, 0.239), (0.376, 0.234), (0.37, 0.228), (0.365, 0.222), (0.359, 0.217), (0.354, 0.211), (0.348, 0.206), (0.342, 0.2), (0.337, 0.194), (0.331, 0.189), (0.326, 0.183), (0.32, 0.178), (0.315, 0.172), (0.309, 0.167), (0.304, 0.161), (0.298, 0.156), (0.293, 0.151), (0.287, 0.145), (0.282, 0.14), (0.277, 0.134), (0.271, 0.129), (0.266, 0.124), (0.261, 0.118), (0.255, 0.113), (0.25, 0.108), (0.245, 0.103), (0.24, 0.097), (0.234, 0.092), (0.229, 0.087), (0.224, 0.082), (0.219, 0.077), (0.214, 0.072), (0.209, 0.066), (0.204, 0.061), (0.199, 0.056), (0.194, 0.051), (0.189, 0.046), (0.184, 0.041), (0.179, 0.037), (0.174, 0.032), (0.169, 0.027), (0.164, 0.022), (0.159, 0.017), (0.155, 0.012), (0.15, 0.007), (0.145, 0.003), (0.14, -0.002), (0.136, -0.007), (0.131, -0.011), (0.126, -0.016), (0.122, -0.02), (0.117, -0.025), (0.113, -0.03), (0.108, -0.034), (0.104, -0.039), (0.099, -0.043), (0.095, -0.047), (0.091, -0.052), (0.086, -0.056), (0.082, -0.06), (0.078, -0.065), (0.073, -0.069), (0.069, -0.073), (0.065, -0.077), (0.061, -0.081), (0.057, -0.086), (0.053, -0.09), (0.049, -0.094), (0.045, -0.098), (0.041, -0.102), (0.037, -0.106), (0.033, -0.11), (0.029, -0.114), (0.025, -0.117), (0.021, -0.121), (0.017, -0.125), (0.014, -0.129), (0.01, -0.132), (0.006, -0.136), (0.003, -0.14), (-0.001, -0.143), (-0.005, -0.147), (-0.008, -0.15), (-0.012, -0.154), (-0.015, -0.157), (-0.019, -0.161), (-0.022, -0.164), (-0.025, -0.168), (-0.029, -0.171), (-0.032, -0.174), (-0.035, -0.178), (-0.038, -0.181), (-0.042, -0.184), (-0.045, -0.187), (-0.048, -0.19), (-0.051, -0.193), (-0.054, -0.196), (-0.057, -0.199), (-0.06, -0.202), (-0.063, -0.205), (-0.066, -0.208), (-0.069, -0.211), (-0.072, -0.214), (-0.075, -0.217), (-0.077, -0.22), (-0.08, -0.222), (-0.083, -0.225), (-0.086, -0.228), (-0.088, -0.231), (-0.091, -0.233), (-0.093, -0.236), (-0.096, -0.238), (-0.098, -0.241), (-0.101, -0.243), (-0.103, -0.246), (-0.106, -0.248), (-0.108, -0.251), (-0.111, -0.253), (-0.113, -0.255), (-0.115, -0.258), (-0.117, -0.26), (-0.12, -0.262), (-0.122, -0.264), (-0.124, -0.266), (-0.126, -0.269), (-0.128, -0.271), (-0.13, -0.273), (-0.132, -0.275), (-0.134, -0.277), (-0.136, -0.279), (-0.138, -0.281), (-0.14, -0.283), (-0.142, -0.285), (-0.144, -0.286), (-0.146, -0.288), (-0.148, -0.29), (-0.149, -0.292), (-0.151, -0.294), (-0.153, -0.295), (-0.155, -0.297), (-0.156, -0.299), (-0.158, -0.3), (-0.159, -0.302), (-0.161, -0.303), (-0.163, -0.305), (-0.164, -0.306), (-0.166, -0.308), (-0.167, -0.309), (-0.169, -0.311), (-0.17, -0.312), (-0.171, -0.314), (-0.173, -0.315), (-0.174, -0.316), (-0.175, -0.318), (-0.177, -0.319), (-0.178, -0.32), (-0.179, -0.321), (-0.18, -0.323), (-0.181, -0.324), (-0.183, -0.325), (-0.184, -0.326), (-0.185, -0.327), (-0.186, -0.328), (-0.187, -0.329), (-0.188, -0.33), (-0.189, -0.331), (-0.19, -0.332), (-0.191, -0.333), (-0.192, -0.334), (-0.193, -0.335), (-0.194, -0.336), (-0.195, -0.337), (-0.195, -0.338), (-0.196, -0.339), (-0.197, -0.339), (-0.198, -0.34), (-0.199, -0.341), (-0.199, -0.342), (-0.2, -0.342), (-0.201, -0.343), (-0.201, -0.344), (-0.202, -0.344), (-0.203, -0.345), (-0.203, -0.346), (-0.204, -0.346), (-0.204, -0.347), (-0.205, -0.347), (-0.206, -0.348), (-0.206, -0.348), (-0.207, -0.349), (-0.207, -0.349), (-0.208, -0.35), (-0.208, -0.35), (-0.208, -0.351), (-0.209, -0.351), (-0.209, -0.352), (-0.21, -0.352), (-0.21, -0.352), (-0.21, -0.353), (-0.211, -0.353), (-0.211, -0.353), (-0.211, -0.354), (-0.212, -0.354), (-0.212, -0.354), (-0.212, -0.354), (-0.212, -0.355), (-0.213, -0.355), (-0.213, -0.355), (-0.213, -0.355), (-0.213, -0.356), (-0.213, -0.356), (-0.214, -0.356), (-0.214, -0.356), (-0.214, -0.356), (-0.214, -0.356), (-0.214, -0.356), (-0.214, -0.356), (-0.214, -0.356), (-0.214, -0.357), (-0.214, -0.357), (-0.214, -0.357), (-0.214, -0.357), (-0.214, -0.357), (-0.214, -0.357), (-0.214, -0.357), (-0.214, -0.357), (-0.214, -0.357), (-0.214, -0.356), (-0.214, -0.356), (-0.214, -0.356), (-0.214, -0.356), (-0.214, -0.356), (-0.214, -0.356), (-0.214, -0.356), (-0.213, -0.356), (-0.213, -0.356), (-0.213, -0.355), (-0.213, -0.355), (-0.213, -0.355), (-0.213, -0.355), (-0.212, -0.355), (-0.212, -0.355), (-0.212, -0.354), (-0.212, -0.354), (-0.212, -0.354), (-0.211, -0.354), (-0.211, -0.353), (-0.211, -0.353), (-0.211, -0.353), (-0.21, -0.353), (-0.21, -0.352), (-0.21, -0.352), (-0.209, -0.352), (-0.209, -0.351), (-0.209, -0.351), (-0.209, -0.351), (-0.208, -0.351), (-0.208, -0.35), (-0.208, -0.35), (-0.207, -0.35), (-0.207, -0.349), (-0.206, -0.349), (-0.206, -0.348), (-0.206, -0.348), (-0.205, -0.348), (-0.205, -0.347), (-0.205, -0.347), (-0.204, -0.346), (-0.204, -0.346), (-0.203, -0.346), (-0.203, -0.345), (-0.202, -0.345), (-0.202, -0.344), (-0.202, -0.344), (-0.201, -0.344), (-0.201, -0.343), (-0.2, -0.343), (-0.2, -0.342), (-0.199, -0.342), (-0.199, -0.341), (-0.198, -0.341), (-0.198, -0.34), (-0.197, -0.34), (-0.197, -0.339), (-0.196, -0.339), (-0.196, -0.338), (-0.195, -0.338), (-0.195, -0.337), (-0.194, -0.337), (-0.194, -0.336), (-0.193, -0.336), (-0.193, -0.335), (-0.192, -0.335), (-0.192, -0.334), (-0.191, -0.334), (-0.191, -0.333), (-0.19, -0.332), (-0.19, -0.332), (-0.189, -0.331), (-0.188, -0.331), (-0.188, -0.33), (-0.187, -0.33), (-0.187, -0.329), (-0.186, -0.329), (-0.186, -0.328), (-0.185, -0.327), (-0.184, -0.327), (-0.184, -0.326), (-0.183, -0.326), (-0.183, -0.325), (-0.182, -0.324), (-0.181, -0.324), (-0.181, -0.323), (-0.18, -0.323), (-0.18, -0.322), (-0.179, -0.321), (-0.178, -0.321), (-0.178, -0.32), (-0.177, -0.32), (-0.177, -0.319), (-0.176, -0.318), (-0.175, -0.318), (-0.175, -0.317), (-0.174, -0.316), (-0.173, -0.316), (-0.173, -0.315), (-0.172, -0.314), (-0.171, -0.314), (-0.171, -0.313), (-0.17, -0.313), (-0.17, -0.312), (-0.169, -0.311), (-0.168, -0.311), (-0.168, -0.31), (-0.167, -0.309), (-0.166, -0.309), (-0.166, -0.308), (-0.165, -0.307), (-0.164, -0.307), (-0.164, -0.306), (-0.163, -0.305), (-0.162, -0.305), (-0.162, -0.304), (-0.161, -0.303), (-0.16, -0.303), (-0.16, -0.302), (-0.159, -0.301), (-0.158, -0.301), (-0.157, -0.3), (-0.157, -0.299), (-0.156, -0.298), (-0.155, -0.298), (-0.155, -0.297), (-0.154, -0.296), (-0.153, -0.296), (-0.153, -0.295), (-0.152, -0.294), (-0.151, -0.294), (-0.151, -0.293), (-0.15, -0.292), (-0.149, -0.292), (-0.148, -0.291), (-0.148, -0.29), (-0.147, -0.289), (-0.146, -0.289), (-0.146, -0.288), (-0.145, -0.287), (-0.144, -0.287), (-0.144, -0.286), (-0.143, -0.285), (-0.142, -0.284), (-0.141, -0.284), (-0.141, -0.283), (-0.14, -0.282), (-0.139, -0.282), (-0.139, -0.281), (-0.138, -0.28), (-0.137, -0.279), (-0.136, -0.279), (-0.136, -0.278), (-0.135, -0.277), (-0.134, -0.277), (-0.133, -0.276), (-0.133, -0.275), (-0.132, -0.274), (-0.131, -0.274), (-0.131, -0.273), (-0.13, -0.272), (-0.129, -0.271), (-0.128, -0.271), (-0.128, -0.27), (-0.127, -0.269), (-0.126, -0.269), (-0.125, -0.268), (-0.125, -0.267), (-0.124, -0.266), (-0.123, -0.266), (-0.123, -0.265), (-0.122, -0.264), (-0.121, -0.263), (-0.12, -0.263), (-0.12, -0.262), (-0.119, -0.261), (-0.118, -0.26), (-0.117, -0.26), (-0.117, -0.259), (-0.116, -0.258), (-0.115, -0.258), (-0.114, -0.257), (-0.114, -0.256), (-0.113, -0.255), (-0.112, -0.255), (-0.111, -0.254), (-0.111, -0.253), (-0.11, -0.252), (-0.109, -0.252), (-0.109, -0.251), (-0.108, -0.25), (-0.107, -0.249), (-0.106, -0.249), (-0.106, -0.248), (-0.105, -0.247), (-0.104, -0.246), (-0.103, -0.246), (-0.103, -0.245), (-0.102, -0.244), (-0.101, -0.243), (-0.1, -0.243), (-0.1, -0.242), (-0.099, -0.241), (-0.098, -0.24), (-0.097, -0.24), (-0.097, -0.239), (-0.096, -0.238), (-0.095, -0.237), (-0.094, -0.237), (-0.094, -0.236), (-0.093, -0.235), (-0.092, -0.234), (-0.091, -0.234), (-0.091, -0.233), (-0.09, -0.232), (-0.089, -0.231), (-0.088, -0.231), (-0.088, -0.23), (-0.087, -0.229), (-0.086, -0.228), (-0.085, -0.228), (-0.085, -0.227), (-0.084, -0.226), (-0.083, -0.225), (-0.082, -0.225), (-0.082, -0.224), (-0.081, -0.223), (-0.08, -0.222), (-0.079, -0.222), (-0.079, -0.221), (-0.078, -0.22), (-0.077, -0.219), (-0.076, -0.219), (-0.075, -0.218), (-0.075, -0.217), (-0.074, -0.216), (-0.073, -0.216), (-0.072, -0.215), (-0.072, -0.214), (-0.071, -0.213), (-0.07, -0.213), (-0.069, -0.212), (-0.069, -0.211), (-0.068, -0.21), (-0.067, -0.209), (-0.066, -0.209), (-0.066, -0.208), (-0.065, -0.207), (-0.064, -0.206), (-0.063, -0.206), (-0.063, -0.205), (-0.062, -0.204), (-0.061, -0.203), (-0.06, -0.203), (-0.06, -0.202)], total_steps=3141
  313th iteration: path_start=[(0.011, -0.172), (0.011, -0.172), (0.012, -0.172), (0.012, -0.172), (0.013, -0.172), (0.014, -0.173), (0.015, -0.173), (0.016, -0.173), (0.018, -0.173), (0.019, -0.173), (0.021, -0.173), (0.023, -0.173), (0.024, -0.173), (0.026, -0.173), (0.028, -0.173), (0.03, -0.173), (0.032, -0.173), (0.034, -0.173), (0.037, -0.173), (0.039, -0.173), (0.041, -0.173), (0.043, -0.173), (0.046, -0.173), (0.048, -0.173), (0.051, -0.173), (0.053, -0.173), (0.056, -0.173), (0.058, -0.173), (0.061, -0.173), (0.063, -0.173), (0.066, -0.173), (0.069, -0.173), (0.071, -0.173), (0.074, -0.173), (0.077, -0.172), (0.079, -0.172), (0.082, -0.172), (0.084, -0.172), (0.087, -0.172), (0.09, -0.172), (0.092, -0.172), (0.095, -0.172), (0.098, -0.172), (0.1, -0.172), (0.103, -0.171), (0.105, -0.171), (0.108, -0.171), (0.11, -0.171), (0.113, -0.171), (0.115, -0.171), (0.118, -0.17), (0.12, -0.17), (0.123, -0.17), (0.125, -0.17), (0.128, -0.17), (0.13, -0.169), (0.132, -0.169), (0.135, -0.169), (0.137, -0.169), (0.139, -0.169), (0.142, -0.168), (0.144, -0.168), (0.146, -0.168), (0.148, -0.168), (0.15, -0.167), (0.152, -0.167), (0.155, -0.167), (0.157, -0.166), (0.159, -0.166), (0.161, -0.166), (0.163, -0.166), (0.165, -0.165), (0.166, -0.165), (0.168, -0.165), (0.17, -0.164), (0.172, -0.164), (0.174, -0.164), (0.176, -0.163), (0.177, -0.163), (0.179, -0.163), (0.181, -0.162), (0.182, -0.162), (0.184, -0.161), (0.186, -0.161), (0.187, -0.161), (0.189, -0.16), (0.19, -0.16), (0.192, -0.159), (0.193, -0.159), (0.195, -0.159), (0.196, -0.158), (0.198, -0.158), (0.199, -0.157), (0.2, -0.157), (0.201, -0.157), (0.203, -0.156), (0.204, -0.156), (0.205, -0.155), (0.206, -0.155), (0.208, -0.154), (0.209, -0.154), (0.21, -0.153), (0.211, -0.153), (0.212, -0.152), (0.213, -0.152), (0.214, -0.151), (0.215, -0.151), (0.216, -0.15), (0.217, -0.15), (0.218, -0.149), (0.219, -0.149), (0.22, -0.148), (0.221, -0.148), (0.221, -0.147), (0.222, -0.147), (0.223, -0.146), (0.224, -0.146), (0.225, -0.145), (0.225, -0.145), (0.226, -0.144), (0.227, -0.144), (0.227, -0.143), (0.228, -0.143), (0.229, -0.142), (0.229, -0.142), (0.23, -0.141), (0.23, -0.14), (0.231, -0.14), (0.231, -0.139), (0.232, -0.139), (0.232, -0.138), (0.233, -0.138), (0.233, -0.137), (0.234, -0.137), (0.234, -0.136), (0.235, -0.135), (0.235, -0.135), (0.235, -0.134), (0.236, -0.134), (0.236, -0.133), (0.237, -0.132), (0.237, -0.132), (0.237, -0.131), (0.237, -0.131), (0.238, -0.13), (0.238, -0.13), (0.238, -0.129), (0.238, -0.128), (0.239, -0.128), (0.239, -0.127), (0.239, -0.126), (0.239, -0.126), (0.239, -0.125), (0.24, -0.125), (0.24, -0.124), (0.24, -0.123), (0.24, -0.123), (0.24, -0.122), (0.24, -0.122), (0.24, -0.121), (0.24, -0.12), (0.24, -0.12), (0.24, -0.119), (0.24, -0.118), (0.24, -0.118), (0.24, -0.117), (0.24, -0.117), (0.24, -0.116), (0.24, -0.115), (0.24, -0.115), (0.24, -0.114), (0.24, -0.113), (0.24, -0.113), (0.24, -0.112), (0.24, -0.112), (0.24, -0.111), (0.24, -0.11), (0.24, -0.11), (0.24, -0.109), (0.239, -0.108), (0.239, -0.108), (0.239, -0.107), (0.239, -0.106), (0.239, -0.106), (0.239, -0.105), (0.238, -0.104), (0.238, -0.104), (0.238, -0.103), (0.238, -0.102), (0.238, -0.102), (0.237, -0.101), (0.237, -0.1), (0.237, -0.1), (0.237, -0.099), (0.237, -0.099), (0.236, -0.098), (0.236, -0.097), (0.236, -0.097), (0.235, -0.096), (0.235, -0.095), (0.235, -0.095), (0.235, -0.094), (0.234, -0.093), (0.234, -0.093), (0.234, -0.092), (0.233, -0.091), (0.233, -0.091), (0.233, -0.09), (0.232, -0.089), (0.232, -0.089), (0.232, -0.088), (0.231, -0.087), (0.231, -0.087), (0.231, -0.086), (0.23, -0.085), (0.23, -0.085), (0.23, -0.084), (0.229, -0.083), (0.229, -0.083), (0.228, -0.082), (0.228, -0.081), (0.228, -0.081), (0.227, -0.08), (0.227, -0.079), (0.226, -0.079), (0.226, -0.078), (0.225, -0.077), (0.225, -0.077), (0.225, -0.076), (0.224, -0.075), (0.224, -0.075), (0.223, -0.074), (0.223, -0.073), (0.222, -0.073), (0.222, -0.072), (0.221, -0.071), (0.221, -0.071), (0.22, -0.07), (0.22, -0.069), (0.219, -0.068), (0.219, -0.068), (0.218, -0.067), (0.218, -0.066), (0.217, -0.066), (0.217, -0.065), (0.216, -0.064), (0.216, -0.064), (0.215, -0.063), (0.215, -0.062), (0.214, -0.062), (0.214, -0.061), (0.213, -0.06), (0.213, -0.06), (0.212, -0.059), (0.212, -0.058), (0.211, -0.058), (0.21, -0.057), (0.21, -0.056), (0.209, -0.056), (0.209, -0.055), (0.208, -0.054), (0.208, -0.054), (0.207, -0.053), (0.207, -0.052), (0.206, -0.052), (0.205, -0.051), (0.205, -0.05), (0.204, -0.05), (0.204, -0.049), (0.203, -0.048), (0.202, -0.047), (0.202, -0.047), (0.201, -0.046), (0.201, -0.045), (0.2, -0.045), (0.199, -0.044), (0.199, -0.043), (0.198, -0.043), (0.197, -0.042), (0.197, -0.041), (0.196, -0.041), (0.196, -0.04), (0.195, -0.039), (0.194, -0.039), (0.194, -0.038), (0.193, -0.037), (0.192, -0.037), (0.192, -0.036), (0.191, -0.035), (0.19, -0.035), (0.19, -0.034), (0.189, -0.033), (0.188, -0.033), (0.188, -0.032), (0.187, -0.031), (0.186, -0.03), (0.186, -0.03), (0.185, -0.029), (0.184, -0.028), (0.184, -0.028), (0.183, -0.027), (0.182, -0.026), (0.182, -0.026), (0.181, -0.025), (0.18, -0.024), (0.18, -0.024), (0.179, -0.023), (0.178, -0.022), (0.178, -0.022), (0.177, -0.021), (0.176, -0.02), (0.175, -0.02), (0.175, -0.019), (0.174, -0.018), (0.173, -0.018), (0.173, -0.017), (0.172, -0.016), (0.171, -0.015), (0.17, -0.015), (0.17, -0.014), (0.169, -0.013), (0.168, -0.013), (0.167, -0.012), (0.167, -0.011), (0.166, -0.011), (0.165, -0.01), (0.164, -0.009), (0.164, -0.009), (0.163, -0.008), (0.162, -0.007), (0.161, -0.007), (0.161, -0.006), (0.16, -0.005), (0.159, -0.005), (0.158, -0.004), (0.158, -0.003), (0.157, -0.003), (0.156, -0.002), (0.155, -0.001), (0.155, -0.0), (0.154, 0.0), (0.153, 0.001), (0.152, 0.002), (0.152, 0.002), (0.151, 0.003), (0.15, 0.004), (0.149, 0.004), (0.148, 0.005), (0.148, 0.006), (0.147, 0.006), (0.146, 0.007), (0.145, 0.008), (0.145, 0.008), (0.144, 0.009), (0.143, 0.01), (0.142, 0.01), (0.141, 0.011), (0.141, 0.012), (0.14, 0.013), (0.139, 0.013), (0.138, 0.014), (0.137, 0.015), (0.137, 0.015), (0.136, 0.016), (0.135, 0.017), (0.134, 0.017), (0.133, 0.018), (0.133, 0.019), (0.132, 0.019), (0.131, 0.02), (0.13, 0.021), (0.129, 0.021), (0.128, 0.022), (0.128, 0.023), (0.127, 0.024), (0.126, 0.024), (0.125, 0.025), (0.124, 0.026), (0.124, 0.026), (0.123, 0.027), (0.122, 0.028), (0.121, 0.028), (0.12, 0.029), (0.119, 0.03), (0.119, 0.03), (0.118, 0.031), (0.117, 0.032), (0.116, 0.032), (0.115, 0.033), (0.115, 0.034), (0.114, 0.035), (0.113, 0.035), (0.112, 0.036), (0.111, 0.037), (0.11, 0.037), (0.11, 0.038), (0.109, 0.039), (0.108, 0.039), (0.107, 0.04), (0.106, 0.041), (0.105, 0.041), (0.105, 0.042), (0.104, 0.043), (0.103, 0.044), (0.102, 0.044), (0.101, 0.045), (0.1, 0.046), (0.1, 0.046), (0.099, 0.047), (0.098, 0.048), (0.097, 0.048), (0.096, 0.049), (0.095, 0.05), (0.094, 0.051), (0.094, 0.051), (0.093, 0.052), (0.092, 0.053), (0.091, 0.053), (0.09, 0.054), (0.089, 0.055), (0.089, 0.055), (0.088, 0.056), (0.087, 0.057), (0.086, 0.058), (0.085, 0.058), (0.084, 0.059), (0.084, 0.06), (0.083, 0.06), (0.082, 0.061), (0.081, 0.062), (0.08, 0.062), (0.079, 0.063), (0.079, 0.064), (0.078, 0.065), (0.077, 0.065), (0.076, 0.066), (0.075, 0.067), (0.074, 0.067), (0.074, 0.068), (0.073, 0.069), (0.072, 0.069), (0.071, 0.07), (0.07, 0.071), (0.069, 0.072), (0.069, 0.072), (0.068, 0.073), (0.067, 0.074), (0.066, 0.074), (0.065, 0.075), (0.064, 0.076), (0.064, 0.077), (0.063, 0.077), (0.062, 0.078), (0.061, 0.079), (0.06, 0.079), (0.06, 0.08), (0.059, 0.081), (0.058, 0.082), (0.057, 0.082), (0.056, 0.083), (0.055, 0.084), (0.055, 0.084), (0.054, 0.085), (0.053, 0.086), (0.052, 0.087), (0.051, 0.087), (0.051, 0.088), (0.05, 0.089), (0.049, 0.089), (0.048, 0.09), (0.047, 0.091), (0.047, 0.092), (0.046, 0.092), (0.045, 0.093), (0.044, 0.094), (0.043, 0.094), (0.043, 0.095), (0.042, 0.096), (0.041, 0.097), (0.04, 0.097), (0.039, 0.098), (0.039, 0.099), (0.038, 0.1), (0.037, 0.1), (0.036, 0.101), (0.035, 0.102), (0.035, 0.102), (0.034, 0.103), (0.033, 0.104), (0.032, 0.105), (0.032, 0.105), (0.031, 0.106), (0.03, 0.107), (0.029, 0.108), (0.028, 0.108), (0.028, 0.109), (0.027, 0.11), (0.026, 0.11), (0.025, 0.111), (0.025, 0.112)], path_end=[(-0.077, 0.073), (-0.072, 0.068), (-0.067, 0.064), (-0.062, 0.059), (-0.057, 0.055), (-0.053, 0.05), (-0.048, 0.046), (-0.043, 0.041), (-0.038, 0.037), (-0.033, 0.032), (-0.029, 0.028), (-0.024, 0.023), (-0.019, 0.019), (-0.014, 0.014), (-0.01, 0.01), (-0.005, 0.005), (-0.0, 0.001), (0.005, -0.004), (0.009, -0.008), (0.014, -0.013), (0.019, -0.017), (0.023, -0.022), (0.028, -0.026), (0.033, -0.03), (0.037, -0.035), (0.042, -0.039), (0.046, -0.043), (0.051, -0.048), (0.056, -0.052), (0.06, -0.056), (0.065, -0.061), (0.069, -0.065), (0.074, -0.069), (0.078, -0.074), (0.083, -0.078), (0.087, -0.082), (0.092, -0.086), (0.096, -0.09), (0.1, -0.095), (0.105, -0.099), (0.109, -0.103), (0.114, -0.107), (0.118, -0.111), (0.122, -0.115), (0.127, -0.119), (0.131, -0.123), (0.135, -0.127), (0.139, -0.131), (0.144, -0.135), (0.148, -0.139), (0.152, -0.143), (0.156, -0.147), (0.16, -0.151), (0.164, -0.155), (0.168, -0.159), (0.172, -0.162), (0.176, -0.166), (0.181, -0.17), (0.185, -0.174), (0.188, -0.177), (0.192, -0.181), (0.196, -0.185), (0.2, -0.189), (0.204, -0.192), (0.208, -0.196), (0.212, -0.199), (0.216, -0.203), (0.219, -0.206), (0.223, -0.21), (0.227, -0.213), (0.23, -0.217), (0.234, -0.22), (0.238, -0.224), (0.241, -0.227), (0.245, -0.23), (0.249, -0.234), (0.252, -0.237), (0.256, -0.24), (0.259, -0.244), (0.262, -0.247), (0.266, -0.25), (0.269, -0.253), (0.273, -0.256), (0.276, -0.259), (0.279, -0.262), (0.283, -0.265), (0.286, -0.268), (0.289, -0.271), (0.292, -0.274), (0.295, -0.277), (0.299, -0.28), (0.302, -0.283), (0.305, -0.286), (0.308, -0.289), (0.311, -0.291), (0.314, -0.294), (0.317, -0.297), (0.32, -0.3), (0.323, -0.302), (0.325, -0.305), (0.328, -0.308), (0.331, -0.31), (0.334, -0.313), (0.337, -0.315), (0.339, -0.318), (0.342, -0.32), (0.345, -0.323), (0.347, -0.325), (0.35, -0.327), (0.353, -0.33), (0.355, -0.332), (0.358, -0.334), (0.36, -0.337), (0.363, -0.339), (0.365, -0.341), (0.368, -0.343), (0.37, -0.345), (0.372, -0.348), (0.375, -0.35), (0.377, -0.352), (0.379, -0.354), (0.381, -0.356), (0.384, -0.358), (0.386, -0.36), (0.388, -0.362), (0.39, -0.364), (0.392, -0.365), (0.394, -0.367), (0.396, -0.369), (0.398, -0.371), (0.4, -0.373), (0.402, -0.374), (0.404, -0.376), (0.406, -0.378), (0.408, -0.379), (0.41, -0.381), (0.412, -0.383), (0.413, -0.384), (0.415, -0.386), (0.417, -0.387), (0.419, -0.389), (0.42, -0.39), (0.422, -0.392), (0.424, -0.393), (0.425, -0.394), (0.427, -0.396), (0.428, -0.397), (0.43, -0.398), (0.431, -0.4), (0.433, -0.401), (0.434, -0.402), (0.436, -0.403), (0.437, -0.405), (0.439, -0.406), (0.44, -0.407), (0.441, -0.408), (0.443, -0.409), (0.444, -0.41), (0.445, -0.411), (0.446, -0.412), (0.448, -0.413), (0.449, -0.414), (0.45, -0.415), (0.451, -0.416), (0.452, -0.417), (0.453, -0.418), (0.454, -0.419), (0.455, -0.419), (0.457, -0.42), (0.458, -0.421), (0.459, -0.422), (0.459, -0.422), (0.46, -0.423), (0.461, -0.424), (0.462, -0.425), (0.463, -0.425), (0.464, -0.426), (0.465, -0.427), (0.466, -0.427), (0.466, -0.428), (0.467, -0.428), (0.468, -0.429), (0.469, -0.429), (0.469, -0.43), (0.47, -0.43), (0.471, -0.431), (0.472, -0.431), (0.472, -0.432), (0.473, -0.432), (0.473, -0.432), (0.474, -0.433), (0.475, -0.433), (0.475, -0.433), (0.476, -0.434), (0.476, -0.434), (0.477, -0.434), (0.477, -0.435), (0.478, -0.435), (0.478, -0.435), (0.479, -0.435), (0.479, -0.435), (0.479, -0.436), (0.48, -0.436), (0.48, -0.436), (0.481, -0.436), (0.481, -0.436), (0.481, -0.436), (0.481, -0.436), (0.482, -0.437), (0.482, -0.437), (0.482, -0.437), (0.483, -0.437), (0.483, -0.437), (0.483, -0.437), (0.483, -0.437), (0.483, -0.437), (0.484, -0.437), (0.484, -0.437), (0.484, -0.436), (0.484, -0.436), (0.484, -0.436), (0.484, -0.436), (0.484, -0.436), (0.485, -0.436), (0.485, -0.436), (0.485, -0.436), (0.485, -0.436), (0.485, -0.435), (0.485, -0.435), (0.485, -0.435), (0.485, -0.435), (0.485, -0.435), (0.485, -0.434), (0.485, -0.434), (0.485, -0.434), (0.485, -0.434), (0.485, -0.433), (0.485, -0.433), (0.485, -0.433), (0.484, -0.432), (0.484, -0.432), (0.484, -0.432), (0.484, -0.431), (0.484, -0.431), (0.484, -0.431), (0.484, -0.43), (0.484, -0.43), (0.483, -0.43), (0.483, -0.429), (0.483, -0.429), (0.483, -0.428), (0.483, -0.428), (0.483, -0.428), (0.482, -0.427), (0.482, -0.427), (0.482, -0.426), (0.482, -0.426), (0.481, -0.425), (0.481, -0.425), (0.481, -0.424), (0.481, -0.424), (0.48, -0.423), (0.48, -0.423), (0.48, -0.422), (0.479, -0.422), (0.479, -0.421), (0.479, -0.421), (0.479, -0.42), (0.478, -0.42), (0.478, -0.419), (0.478, -0.419), (0.477, -0.418), (0.477, -0.418), (0.477, -0.417), (0.476, -0.416), (0.476, -0.416), (0.475, -0.415), (0.475, -0.415), (0.475, -0.414), (0.474, -0.414), (0.474, -0.413), (0.474, -0.412), (0.473, -0.412), (0.473, -0.411), (0.472, -0.41), (0.472, -0.41), (0.471, -0.409), (0.471, -0.409), (0.471, -0.408), (0.47, -0.407), (0.47, -0.407), (0.469, -0.406), (0.469, -0.405), (0.468, -0.405), (0.468, -0.404), (0.468, -0.403), (0.467, -0.403), (0.467, -0.402), (0.466, -0.401), (0.466, -0.401), (0.465, -0.4), (0.465, -0.399), (0.464, -0.398), (0.464, -0.398), (0.463, -0.397), (0.463, -0.396), (0.462, -0.396), (0.462, -0.395), (0.461, -0.394), (0.461, -0.394), (0.46, -0.393), (0.46, -0.392), (0.459, -0.391), (0.459, -0.391), (0.458, -0.39), (0.458, -0.389), (0.457, -0.388), (0.457, -0.388), (0.456, -0.387), (0.456, -0.386), (0.455, -0.385), (0.454, -0.385), (0.454, -0.384), (0.453, -0.383), (0.453, -0.382), (0.452, -0.382), (0.452, -0.381), (0.451, -0.38), (0.451, -0.379), (0.45, -0.379), (0.45, -0.378), (0.449, -0.377), (0.448, -0.376), (0.448, -0.376), (0.447, -0.375), (0.447, -0.374), (0.446, -0.373), (0.446, -0.372), (0.445, -0.372), (0.444, -0.371), (0.444, -0.37), (0.443, -0.369), (0.443, -0.369), (0.442, -0.368), (0.442, -0.367), (0.441, -0.366), (0.44, -0.365), (0.44, -0.365), (0.439, -0.364), (0.439, -0.363), (0.438, -0.362), (0.438, -0.361), (0.437, -0.361), (0.436, -0.36), (0.436, -0.359), (0.435, -0.358), (0.435, -0.357), (0.434, -0.357), (0.433, -0.356), (0.433, -0.355), (0.432, -0.354), (0.432, -0.353), (0.431, -0.353), (0.43, -0.352), (0.43, -0.351), (0.429, -0.35), (0.429, -0.349), (0.428, -0.349), (0.428, -0.348), (0.427, -0.347), (0.426, -0.346), (0.426, -0.345), (0.425, -0.345), (0.425, -0.344), (0.424, -0.343), (0.423, -0.342), (0.423, -0.341), (0.422, -0.34), (0.422, -0.34), (0.421, -0.339), (0.42, -0.338), (0.42, -0.337), (0.419, -0.336), (0.419, -0.336), (0.418, -0.335), (0.417, -0.334), (0.417, -0.333), (0.416, -0.332), (0.416, -0.332), (0.415, -0.331), (0.414, -0.33), (0.414, -0.329), (0.413, -0.328), (0.413, -0.328), (0.412, -0.327), (0.411, -0.326), (0.411, -0.325), (0.41, -0.324), (0.41, -0.323), (0.409, -0.323), (0.408, -0.322), (0.408, -0.321), (0.407, -0.32), (0.407, -0.319), (0.406, -0.319), (0.405, -0.318), (0.405, -0.317), (0.404, -0.316), (0.404, -0.315), (0.403, -0.315), (0.402, -0.314), (0.402, -0.313), (0.401, -0.312), (0.401, -0.311), (0.4, -0.311), (0.399, -0.31), (0.399, -0.309), (0.398, -0.308), (0.398, -0.307), (0.397, -0.306), (0.396, -0.306), (0.396, -0.305), (0.395, -0.304), (0.395, -0.303), (0.394, -0.302), (0.394, -0.302), (0.393, -0.301), (0.392, -0.3), (0.392, -0.299), (0.391, -0.298), (0.391, -0.298), (0.39, -0.297), (0.389, -0.296), (0.389, -0.295), (0.388, -0.294), (0.388, -0.294), (0.387, -0.293), (0.386, -0.292), (0.386, -0.291), (0.385, -0.29), (0.385, -0.29), (0.384, -0.289), (0.384, -0.288), (0.383, -0.287), (0.382, -0.286), (0.382, -0.286), (0.381, -0.285), (0.381, -0.284), (0.38, -0.283), (0.38, -0.282), (0.379, -0.282), (0.378, -0.281), (0.378, -0.28), (0.377, -0.279), (0.377, -0.278), (0.376, -0.278), (0.376, -0.277), (0.375, -0.276), (0.374, -0.275), (0.374, -0.275), (0.373, -0.274), (0.373, -0.273), (0.372, -0.272), (0.372, -0.271), (0.371, -0.271), (0.37, -0.27), (0.37, -0.269), (0.369, -0.268), (0.369, -0.267), (0.368, -0.267), (0.368, -0.266), (0.367, -0.265), (0.366, -0.264), (0.366, -0.264), (0.365, -0.263), (0.365, -0.262), (0.364, -0.261), (0.364, -0.26), (0.363, -0.26), (0.363, -0.259), (0.362, -0.258), (0.361, -0.257), (0.361, -0.256), (0.36, -0.256), (0.36, -0.255), (0.359, -0.254), (0.359, -0.253), (0.358, -0.253), (0.358, -0.252), (0.357, -0.251), (0.357, -0.25), (0.356, -0.25), (0.355, -0.249), (0.355, -0.248), (0.354, -0.247), (0.354, -0.246), (0.353, -0.246), (0.353, -0.245), (0.352, -0.244), (0.352, -0.243)], total_steps=3141
  315th iteration: path_start=[(0.011, -0.171), (0.011, -0.169), (0.012, -0.165), (0.012, -0.161), (0.013, -0.155), (0.014, -0.149), (0.015, -0.141), (0.016, -0.133), (0.017, -0.124), (0.019, -0.115), (0.02, -0.104), (0.022, -0.094), (0.023, -0.082), (0.025, -0.07), (0.027, -0.058), (0.029, -0.045), (0.031, -0.031), (0.033, -0.017), (0.035, -0.003), (0.037, 0.011), (0.039, 0.026), (0.042, 0.041), (0.044, 0.056), (0.046, 0.071), (0.049, 0.087), (0.051, 0.103), (0.054, 0.119), (0.056, 0.135), (0.059, 0.151), (0.061, 0.167), (0.064, 0.183), (0.066, 0.199), (0.069, 0.215), (0.072, 0.231), (0.074, 0.247), (0.077, 0.264), (0.08, 0.28), (0.082, 0.296), (0.085, 0.311), (0.088, 0.327), (0.09, 0.343), (0.093, 0.359), (0.096, 0.374), (0.099, 0.389), (0.101, 0.404), (0.104, 0.419), (0.107, 0.434), (0.109, 0.449), (0.112, 0.463), (0.115, 0.478), (0.118, 0.492), (0.12, 0.506), (0.123, 0.519), (0.126, 0.533), (0.128, 0.546), (0.131, 0.559), (0.133, 0.572), (0.136, 0.584), (0.139, 0.597), (0.141, 0.609), (0.144, 0.621), (0.146, 0.632), (0.149, 0.644), (0.152, 0.655), (0.154, 0.666), (0.157, 0.677), (0.159, 0.687), (0.162, 0.697), (0.164, 0.707), (0.166, 0.717), (0.169, 0.726), (0.171, 0.735), (0.174, 0.744), (0.176, 0.753), (0.178, 0.761), (0.181, 0.769), (0.183, 0.777), (0.185, 0.785), (0.188, 0.792), (0.19, 0.799), (0.192, 0.806), (0.194, 0.813), (0.197, 0.819), (0.199, 0.826), (0.201, 0.832), (0.203, 0.837), (0.205, 0.843), (0.207, 0.848), (0.21, 0.853), (0.212, 0.858), (0.214, 0.862), (0.216, 0.867), (0.218, 0.871), (0.22, 0.874), (0.222, 0.878), (0.224, 0.881), (0.226, 0.885), (0.228, 0.888), (0.23, 0.89), (0.232, 0.893), (0.233, 0.895), (0.235, 0.897), (0.237, 0.899), (0.239, 0.901), (0.241, 0.902), (0.243, 0.904), (0.244, 0.905), (0.246, 0.906), (0.248, 0.907), (0.25, 0.907), (0.251, 0.908), (0.253, 0.908), (0.255, 0.908), (0.257, 0.908), (0.258, 0.907), (0.26, 0.907), (0.262, 0.906), (0.263, 0.906), (0.265, 0.905), (0.266, 0.903), (0.268, 0.902), (0.27, 0.901), (0.271, 0.899), (0.273, 0.897), (0.274, 0.896), (0.276, 0.894), (0.277, 0.891), (0.279, 0.889), (0.28, 0.887), (0.282, 0.884), (0.283, 0.882), (0.285, 0.879), (0.286, 0.876), (0.287, 0.873), (0.289, 0.87), (0.29, 0.866), (0.292, 0.863), (0.293, 0.86), (0.294, 0.856), (0.296, 0.852), (0.297, 0.848), (0.298, 0.845), (0.3, 0.841), (0.301, 0.837), (0.302, 0.832), (0.304, 0.828), (0.305, 0.824), (0.306, 0.819), (0.307, 0.815), (0.309, 0.81), (0.31, 0.806), (0.311, 0.801), (0.312, 0.796), (0.314, 0.791), (0.315, 0.786), (0.316, 0.781), (0.317, 0.776), (0.318, 0.771), (0.32, 0.766), (0.321, 0.761), (0.322, 0.755), (0.323, 0.75), (0.324, 0.745), (0.325, 0.739), (0.327, 0.734), (0.328, 0.728), (0.329, 0.723), (0.33, 0.717), (0.331, 0.711), (0.332, 0.706), (0.333, 0.7), (0.334, 0.694), (0.335, 0.688), (0.336, 0.682), (0.337, 0.677), (0.339, 0.671), (0.34, 0.665), (0.341, 0.659), (0.342, 0.653), (0.343, 0.647), (0.344, 0.641), (0.345, 0.635), (0.346, 0.629), (0.347, 0.623), (0.348, 0.617), (0.349, 0.611), (0.35, 0.605), (0.351, 0.599), (0.352, 0.593), (0.353, 0.587), (0.354, 0.581), (0.355, 0.575), (0.356, 0.569), (0.357, 0.563), (0.358, 0.557), (0.359, 0.551), (0.36, 0.544), (0.361, 0.538), (0.362, 0.532), (0.362, 0.526), (0.363, 0.52), (0.364, 0.514), (0.365, 0.508), (0.366, 0.502), (0.367, 0.496), (0.368, 0.49), (0.369, 0.485), (0.37, 0.479), (0.371, 0.473), (0.372, 0.467), (0.373, 0.461), (0.374, 0.455), (0.374, 0.449), (0.375, 0.444), (0.376, 0.438), (0.377, 0.432), (0.378, 0.426), (0.379, 0.421), (0.38, 0.415), (0.381, 0.409), (0.382, 0.404), (0.382, 0.398), (0.383, 0.393), (0.384, 0.387), (0.385, 0.382), (0.386, 0.376), (0.387, 0.371), (0.388, 0.365), (0.388, 0.36), (0.389, 0.355), (0.39, 0.349), (0.391, 0.344), (0.392, 0.339), (0.393, 0.334), (0.394, 0.328), (0.394, 0.323), (0.395, 0.318), (0.396, 0.313), (0.397, 0.308), (0.398, 0.303), (0.399, 0.298), (0.399, 0.293), (0.4, 0.289), (0.401, 0.284), (0.402, 0.279), (0.403, 0.274), (0.404, 0.269), (0.404, 0.265), (0.405, 0.26), (0.406, 0.256), (0.407, 0.251), (0.408, 0.247), (0.409, 0.242), (0.409, 0.238), (0.41, 0.233), (0.411, 0.229), (0.412, 0.225), (0.413, 0.22), (0.413, 0.216), (0.414, 0.212), (0.415, 0.208), (0.416, 0.204), (0.417, 0.2), (0.417, 0.196), (0.418, 0.192), (0.419, 0.188), (0.42, 0.184), (0.421, 0.18), (0.421, 0.176), (0.422, 0.173), (0.423, 0.169), (0.424, 0.165), (0.425, 0.162), (0.425, 0.158), (0.426, 0.154), (0.427, 0.151), (0.428, 0.147), (0.429, 0.144), (0.429, 0.141), (0.43, 0.137), (0.431, 0.134), (0.432, 0.131), (0.432, 0.127), (0.433, 0.124), (0.434, 0.121), (0.435, 0.118), (0.436, 0.115), (0.436, 0.112), (0.437, 0.109), (0.438, 0.106), (0.439, 0.103), (0.439, 0.1), (0.44, 0.097), (0.441, 0.095), (0.442, 0.092), (0.443, 0.089), (0.443, 0.086), (0.444, 0.084), (0.445, 0.081), (0.446, 0.079), (0.446, 0.076), (0.447, 0.074), (0.448, 0.071), (0.449, 0.069), (0.45, 0.066), (0.45, 0.064), (0.451, 0.062), (0.452, 0.059), (0.453, 0.057), (0.453, 0.055), (0.454, 0.053), (0.455, 0.051), (0.456, 0.049), (0.456, 0.047), (0.457, 0.045), (0.458, 0.043), (0.459, 0.041), (0.46, 0.039), (0.46, 0.037), (0.461, 0.035), (0.462, 0.033), (0.463, 0.031), (0.463, 0.029), (0.464, 0.028), (0.465, 0.026), (0.466, 0.024), (0.466, 0.023), (0.467, 0.021), (0.468, 0.019), (0.469, 0.018), (0.469, 0.016), (0.47, 0.015), (0.471, 0.013), (0.472, 0.012), (0.472, 0.011), (0.473, 0.009), (0.474, 0.008), (0.475, 0.007), (0.476, 0.005), (0.476, 0.004), (0.477, 0.003), (0.478, 0.001), (0.479, 0.0), (0.479, -0.001), (0.48, -0.002), (0.481, -0.003), (0.482, -0.004), (0.482, -0.005), (0.483, -0.006), (0.484, -0.007), (0.485, -0.008), (0.485, -0.009), (0.486, -0.01), (0.487, -0.011), (0.488, -0.012), (0.488, -0.013), (0.489, -0.014), (0.49, -0.015), (0.491, -0.016), (0.491, -0.016), (0.492, -0.017), (0.493, -0.018), (0.494, -0.019), (0.494, -0.019), (0.495, -0.02), (0.496, -0.021), (0.497, -0.021), (0.497, -0.022), (0.498, -0.023), (0.499, -0.023), (0.5, -0.024), (0.5, -0.024), (0.501, -0.025), (0.502, -0.025), (0.503, -0.026), (0.503, -0.026), (0.504, -0.027), (0.505, -0.027), (0.506, -0.028), (0.506, -0.028), (0.507, -0.029), (0.508, -0.029), (0.509, -0.029), (0.509, -0.03), (0.51, -0.03), (0.511, -0.03), (0.512, -0.031), (0.512, -0.031), (0.513, -0.031), (0.514, -0.031), (0.515, -0.032), (0.515, -0.032), (0.516, -0.032), (0.517, -0.032), (0.518, -0.033), (0.518, -0.033), (0.519, -0.033), (0.52, -0.033), (0.521, -0.033), (0.521, -0.033), (0.522, -0.033), (0.523, -0.034), (0.524, -0.034), (0.524, -0.034), (0.525, -0.034), (0.526, -0.034), (0.527, -0.034), (0.527, -0.034), (0.528, -0.034), (0.529, -0.034), (0.53, -0.034), (0.53, -0.034), (0.531, -0.034), (0.532, -0.034), (0.533, -0.034), (0.533, -0.034), (0.534, -0.034), (0.535, -0.034), (0.536, -0.034), (0.536, -0.034), (0.537, -0.033), (0.538, -0.033), (0.539, -0.033), (0.539, -0.033), (0.54, -0.033), (0.541, -0.033), (0.542, -0.033), (0.542, -0.032), (0.543, -0.032), (0.544, -0.032), (0.545, -0.032), (0.545, -0.032), (0.546, -0.032), (0.547, -0.031), (0.548, -0.031), (0.548, -0.031), (0.549, -0.031), (0.55, -0.03), (0.551, -0.03), (0.551, -0.03), (0.552, -0.03), (0.553, -0.029), (0.554, -0.029), (0.554, -0.029), (0.555, -0.029), (0.556, -0.028), (0.557, -0.028), (0.557, -0.028), (0.558, -0.028), (0.559, -0.027), (0.56, -0.027), (0.56, -0.027), (0.561, -0.026), (0.562, -0.026), (0.563, -0.026), (0.563, -0.025), (0.564, -0.025), (0.565, -0.025), (0.566, -0.024), (0.566, -0.024), (0.567, -0.023), (0.568, -0.023), (0.569, -0.023), (0.569, -0.022), (0.57, -0.022), (0.571, -0.022), (0.572, -0.021), (0.572, -0.021), (0.573, -0.02), (0.574, -0.02), (0.575, -0.02), (0.575, -0.019), (0.576, -0.019), (0.577, -0.018), (0.578, -0.018), (0.578, -0.017), (0.579, -0.017), (0.58, -0.017), (0.581, -0.016), (0.581, -0.016), (0.582, -0.015), (0.583, -0.015), (0.584, -0.014), (0.584, -0.014), (0.585, -0.013), (0.586, -0.013), (0.587, -0.013), (0.587, -0.012), (0.588, -0.012), (0.589, -0.011), (0.59, -0.011), (0.59, -0.01), (0.591, -0.01), (0.592, -0.009), (0.593, -0.009), (0.593, -0.008), (0.594, -0.008), (0.595, -0.007), (0.596, -0.007), (0.596, -0.006)], path_end=[(1.128, 1.653), (1.12, 1.657), (1.112, 1.66), (1.104, 1.664), (1.096, 1.667), (1.088, 1.671), (1.08, 1.674), (1.072, 1.678), (1.064, 1.681), (1.056, 1.684), (1.048, 1.688), (1.04, 1.691), (1.032, 1.695), (1.024, 1.698), (1.016, 1.702), (1.008, 1.705), (1.0, 1.709), (0.992, 1.712), (0.984, 1.716), (0.976, 1.719), (0.968, 1.722), (0.961, 1.726), (0.953, 1.729), (0.945, 1.733), (0.937, 1.736), (0.929, 1.74), (0.921, 1.743), (0.913, 1.746), (0.906, 1.75), (0.898, 1.753), (0.89, 1.757), (0.882, 1.76), (0.874, 1.763), (0.867, 1.767), (0.859, 1.77), (0.851, 1.774), (0.844, 1.777), (0.836, 1.78), (0.828, 1.784), (0.821, 1.787), (0.813, 1.79), (0.806, 1.794), (0.798, 1.797), (0.791, 1.8), (0.783, 1.804), (0.776, 1.807), (0.768, 1.81), (0.761, 1.813), (0.754, 1.817), (0.746, 1.82), (0.739, 1.823), (0.732, 1.827), (0.724, 1.83), (0.717, 1.833), (0.71, 1.836), (0.703, 1.839), (0.696, 1.843), (0.689, 1.846), (0.682, 1.849), (0.675, 1.852), (0.668, 1.855), (0.661, 1.858), (0.654, 1.862), (0.647, 1.865), (0.64, 1.868), (0.633, 1.871), (0.627, 1.874), (0.62, 1.877), (0.613, 1.88), (0.607, 1.883), (0.6, 1.886), (0.594, 1.889), (0.587, 1.892), (0.581, 1.895), (0.574, 1.898), (0.568, 1.901), (0.562, 1.904), (0.555, 1.907), (0.549, 1.91), (0.543, 1.913), (0.537, 1.916), (0.53, 1.919), (0.524, 1.922), (0.518, 1.925), (0.512, 1.927), (0.506, 1.93), (0.501, 1.933), (0.495, 1.936), (0.489, 1.939), (0.483, 1.941), (0.477, 1.944), (0.472, 1.947), (0.466, 1.95), (0.46, 1.952), (0.455, 1.955), (0.449, 1.958), (0.444, 1.961), (0.439, 1.963), (0.433, 1.966), (0.428, 1.969), (0.423, 1.971), (0.418, 1.974), (0.412, 1.976), (0.407, 1.979), (0.402, 1.982), (0.397, 1.984), (0.392, 1.987), (0.387, 1.989), (0.382, 1.992), (0.378, 1.994), (0.373, 1.997), (0.368, 1.999), (0.363, 2.002), (0.359, 2.004), (0.354, 2.006), (0.35, 2.009), (0.345, 2.011), (0.341, 2.014), (0.336, 2.016), (0.332, 2.018), (0.327, 2.021), (0.323, 2.023), (0.319, 2.025), (0.315, 2.028), (0.311, 2.03), (0.307, 2.032), (0.303, 2.034), (0.299, 2.037), (0.295, 2.039), (0.291, 2.041), (0.287, 2.043), (0.283, 2.045), (0.279, 2.048), (0.276, 2.05), (0.272, 2.052), (0.268, 2.054), (0.265, 2.056), (0.261, 2.058), (0.258, 2.06), (0.254, 2.062), (0.251, 2.064), (0.247, 2.066), (0.244, 2.068), (0.241, 2.071), (0.238, 2.073), (0.234, 2.074), (0.231, 2.076), (0.228, 2.078), (0.225, 2.08), (0.222, 2.082), (0.219, 2.084), (0.216, 2.086), (0.213, 2.088), (0.211, 2.09), (0.208, 2.092), (0.205, 2.094), (0.202, 2.095), (0.2, 2.097), (0.197, 2.099), (0.194, 2.101), (0.192, 2.103), (0.189, 2.104), (0.187, 2.106), (0.184, 2.108), (0.182, 2.11), (0.18, 2.111), (0.177, 2.113), (0.175, 2.115), (0.173, 2.117), (0.17, 2.118), (0.168, 2.12), (0.166, 2.122), (0.164, 2.123), (0.162, 2.125), (0.16, 2.127), (0.158, 2.128), (0.156, 2.13), (0.154, 2.131), (0.152, 2.133), (0.15, 2.135), (0.148, 2.136), (0.147, 2.138), (0.145, 2.139), (0.143, 2.141), (0.141, 2.142), (0.14, 2.144), (0.138, 2.145), (0.136, 2.147), (0.135, 2.148), (0.133, 2.15), (0.132, 2.151), (0.13, 2.153), (0.129, 2.154), (0.127, 2.155), (0.126, 2.157), (0.125, 2.158), (0.123, 2.16), (0.122, 2.161), (0.121, 2.162), (0.119, 2.164), (0.118, 2.165), (0.117, 2.167), (0.116, 2.168), (0.115, 2.169), (0.114, 2.171), (0.113, 2.172), (0.112, 2.173), (0.11, 2.175), (0.109, 2.176), (0.109, 2.177), (0.108, 2.178), (0.107, 2.18), (0.106, 2.181), (0.105, 2.182), (0.104, 2.184), (0.103, 2.185), (0.102, 2.186), (0.102, 2.187), (0.101, 2.188), (0.1, 2.19), (0.099, 2.191), (0.099, 2.192), (0.098, 2.193), (0.097, 2.194), (0.097, 2.196), (0.096, 2.197), (0.095, 2.198), (0.095, 2.199), (0.094, 2.2), (0.094, 2.201), (0.093, 2.203), (0.093, 2.204), (0.092, 2.205), (0.092, 2.206), (0.091, 2.207), (0.091, 2.208), (0.091, 2.209), (0.09, 2.21), (0.09, 2.212), (0.09, 2.213), (0.089, 2.214), (0.089, 2.215), (0.089, 2.216), (0.088, 2.217), (0.088, 2.218), (0.088, 2.219), (0.088, 2.22), (0.087, 2.221), (0.087, 2.222), (0.087, 2.223), (0.087, 2.224), (0.087, 2.225), (0.087, 2.226), (0.086, 2.227), (0.086, 2.228), (0.086, 2.229), (0.086, 2.23), (0.086, 2.231), (0.086, 2.232), (0.086, 2.233), (0.086, 2.234), (0.086, 2.235), (0.086, 2.236), (0.086, 2.237), (0.086, 2.238), (0.086, 2.239), (0.086, 2.24), (0.086, 2.241), (0.086, 2.242), (0.086, 2.243), (0.086, 2.244), (0.086, 2.245), (0.087, 2.246), (0.087, 2.247), (0.087, 2.248), (0.087, 2.248), (0.087, 2.249), (0.087, 2.25), (0.087, 2.251), (0.088, 2.252), (0.088, 2.253), (0.088, 2.254), (0.088, 2.255), (0.089, 2.256), (0.089, 2.257), (0.089, 2.257), (0.089, 2.258), (0.089, 2.259), (0.09, 2.26), (0.09, 2.261), (0.09, 2.262), (0.091, 2.263), (0.091, 2.263), (0.091, 2.264), (0.092, 2.265), (0.092, 2.266), (0.092, 2.267), (0.093, 2.268), (0.093, 2.268), (0.093, 2.269), (0.094, 2.27), (0.094, 2.271), (0.094, 2.272), (0.095, 2.273), (0.095, 2.273), (0.096, 2.274), (0.096, 2.275), (0.096, 2.276), (0.097, 2.277), (0.097, 2.277), (0.098, 2.278), (0.098, 2.279), (0.098, 2.28), (0.099, 2.28), (0.099, 2.281), (0.1, 2.282), (0.1, 2.283), (0.101, 2.283), (0.101, 2.284), (0.102, 2.285), (0.102, 2.286), (0.103, 2.286), (0.103, 2.287), (0.104, 2.288), (0.104, 2.289), (0.105, 2.289), (0.105, 2.29), (0.106, 2.291), (0.106, 2.292), (0.107, 2.292), (0.107, 2.293), (0.108, 2.294), (0.108, 2.294), (0.109, 2.295), (0.109, 2.296), (0.11, 2.296), (0.11, 2.297), (0.111, 2.298), (0.112, 2.298), (0.112, 2.299), (0.113, 2.3), (0.113, 2.3), (0.114, 2.301), (0.114, 2.301), (0.115, 2.302), (0.116, 2.303), (0.116, 2.303), (0.117, 2.304), (0.117, 2.305), (0.118, 2.305), (0.119, 2.306), (0.119, 2.306), (0.12, 2.307), (0.12, 2.307), (0.121, 2.308), (0.122, 2.309), (0.122, 2.309), (0.123, 2.31), (0.123, 2.31), (0.124, 2.311), (0.125, 2.311), (0.125, 2.312), (0.126, 2.312), (0.127, 2.313), (0.127, 2.313), (0.128, 2.314), (0.128, 2.314), (0.129, 2.314), (0.13, 2.315), (0.13, 2.315), (0.131, 2.316), (0.132, 2.316), (0.132, 2.317), (0.133, 2.317), (0.134, 2.317), (0.134, 2.318), (0.135, 2.318), (0.136, 2.318), (0.136, 2.319), (0.137, 2.319), (0.138, 2.319), (0.138, 2.32), (0.139, 2.32), (0.14, 2.32), (0.14, 2.321), (0.141, 2.321), (0.142, 2.321), (0.142, 2.321), (0.143, 2.322), (0.144, 2.322), (0.144, 2.322), (0.145, 2.322), (0.146, 2.322), (0.146, 2.322), (0.147, 2.323), (0.148, 2.323), (0.148, 2.323), (0.149, 2.323), (0.15, 2.323), (0.15, 2.323), (0.151, 2.323), (0.152, 2.323), (0.153, 2.323), (0.153, 2.323), (0.154, 2.323), (0.155, 2.323), (0.155, 2.323), (0.156, 2.323), (0.157, 2.323), (0.157, 2.323), (0.158, 2.322), (0.159, 2.322), (0.16, 2.322), (0.16, 2.322), (0.161, 2.322), (0.162, 2.321), (0.162, 2.321), (0.163, 2.321), (0.164, 2.321), (0.164, 2.32), (0.165, 2.32), (0.166, 2.319), (0.167, 2.319), (0.167, 2.319), (0.168, 2.318), (0.169, 2.318), (0.169, 2.317), (0.17, 2.317), (0.171, 2.316), (0.172, 2.315), (0.172, 2.315), (0.173, 2.314), (0.174, 2.314), (0.174, 2.313), (0.175, 2.312), (0.176, 2.311), (0.177, 2.311), (0.177, 2.31), (0.178, 2.309), (0.179, 2.308), (0.179, 2.307), (0.18, 2.306), (0.181, 2.305), (0.182, 2.304), (0.182, 2.303), (0.183, 2.302), (0.184, 2.301), (0.185, 2.3), (0.185, 2.299), (0.186, 2.298), (0.187, 2.296), (0.187, 2.295), (0.188, 2.294), (0.189, 2.292), (0.19, 2.291), (0.19, 2.29), (0.191, 2.288), (0.192, 2.287), (0.193, 2.285), (0.193, 2.283), (0.194, 2.282), (0.195, 2.28), (0.195, 2.278), (0.196, 2.277), (0.197, 2.275), (0.198, 2.273), (0.198, 2.271), (0.199, 2.269), (0.2, 2.267), (0.201, 2.265), (0.201, 2.263), (0.202, 2.261), (0.203, 2.259), (0.204, 2.257), (0.204, 2.255), (0.205, 2.252), (0.206, 2.25), (0.206, 2.248), (0.207, 2.245), (0.208, 2.243), (0.209, 2.24), (0.209, 2.238), (0.21, 2.235), (0.211, 2.233), (0.212, 2.23), (0.212, 2.227), (0.213, 2.224), (0.214, 2.221), (0.215, 2.219), (0.215, 2.216), (0.216, 2.213), (0.217, 2.21), (0.218, 2.206), (0.218, 2.203), (0.219, 2.2), (0.22, 2.197), (0.221, 2.193), (0.221, 2.19), (0.222, 2.187), (0.223, 2.183)], total_steps=3141
  317th iteration: path_start=[(0.011, -0.172), (0.011, -0.172), (0.011, -0.172), (0.011, -0.172), (0.011, -0.171), (0.011, -0.171), (0.011, -0.171), (0.012, -0.17), (0.012, -0.17), (0.012, -0.169), (0.013, -0.169), (0.013, -0.168), (0.013, -0.167), (0.014, -0.167), (0.014, -0.166), (0.014, -0.165), (0.015, -0.164), (0.015, -0.164), (0.016, -0.163), (0.016, -0.162), (0.017, -0.161), (0.017, -0.16), (0.018, -0.159), (0.018, -0.158), (0.019, -0.157), (0.019, -0.156), (0.02, -0.156), (0.02, -0.155), (0.021, -0.154), (0.021, -0.153), (0.022, -0.152), (0.022, -0.151), (0.023, -0.15), (0.023, -0.149), (0.024, -0.148), (0.024, -0.147), (0.025, -0.146), (0.025, -0.145), (0.026, -0.144), (0.026, -0.143), (0.027, -0.142), (0.027, -0.141), (0.028, -0.14), (0.028, -0.139), (0.029, -0.138), (0.029, -0.137), (0.03, -0.136), (0.03, -0.135), (0.031, -0.134), (0.031, -0.133), (0.032, -0.132), (0.032, -0.131), (0.033, -0.13), (0.033, -0.129), (0.034, -0.128), (0.034, -0.127), (0.035, -0.126), (0.035, -0.125), (0.036, -0.124), (0.036, -0.123), (0.037, -0.122), (0.037, -0.121), (0.037, -0.12), (0.038, -0.12), (0.038, -0.119), (0.039, -0.118), (0.039, -0.117), (0.04, -0.116), (0.04, -0.115), (0.04, -0.114), (0.041, -0.114), (0.041, -0.113), (0.042, -0.112), (0.042, -0.111), (0.042, -0.11), (0.043, -0.11), (0.043, -0.109), (0.044, -0.108), (0.044, -0.107), (0.044, -0.107), (0.045, -0.106), (0.045, -0.105), (0.045, -0.105), (0.046, -0.104), (0.046, -0.103), (0.046, -0.103), (0.047, -0.102), (0.047, -0.101), (0.047, -0.101), (0.047, -0.1), (0.048, -0.099), (0.048, -0.099), (0.048, -0.098), (0.049, -0.097), (0.049, -0.097), (0.049, -0.096), (0.049, -0.096), (0.05, -0.095), (0.05, -0.095), (0.05, -0.094), (0.05, -0.093), (0.051, -0.093), (0.051, -0.092), (0.051, -0.092), (0.051, -0.091), (0.052, -0.091), (0.052, -0.09), (0.052, -0.09), (0.052, -0.089), (0.053, -0.089), (0.053, -0.088), (0.053, -0.088), (0.053, -0.087), (0.053, -0.087), (0.054, -0.087), (0.054, -0.086), (0.054, -0.086), (0.054, -0.085), (0.054, -0.085), (0.054, -0.084), (0.055, -0.084), (0.055, -0.084), (0.055, -0.083), (0.055, -0.083), (0.055, -0.083), (0.055, -0.082), (0.056, -0.082), (0.056, -0.081), (0.056, -0.081), (0.056, -0.081), (0.056, -0.08), (0.056, -0.08), (0.056, -0.08), (0.056, -0.079), (0.057, -0.079), (0.057, -0.079), (0.057, -0.078), (0.057, -0.078), (0.057, -0.078), (0.057, -0.078), (0.057, -0.077), (0.057, -0.077), (0.057, -0.077), (0.058, -0.076), (0.058, -0.076), (0.058, -0.076), (0.058, -0.076), (0.058, -0.075), (0.058, -0.075), (0.058, -0.075), (0.058, -0.075), (0.058, -0.074), (0.058, -0.074), (0.058, -0.074), (0.059, -0.074), (0.059, -0.073), (0.059, -0.073), (0.059, -0.073), (0.059, -0.073), (0.059, -0.072), (0.059, -0.072), (0.059, -0.072), (0.059, -0.072), (0.059, -0.072), (0.059, -0.071), (0.059, -0.071), (0.059, -0.071), (0.059, -0.071), (0.059, -0.071), (0.059, -0.07), (0.059, -0.07), (0.059, -0.07), (0.06, -0.07), (0.06, -0.07), (0.06, -0.07), (0.06, -0.069), (0.06, -0.069), (0.06, -0.069), (0.06, -0.069), (0.06, -0.069), (0.06, -0.069), (0.06, -0.068), (0.06, -0.068), (0.06, -0.068), (0.06, -0.068), (0.06, -0.068), (0.06, -0.068), (0.06, -0.068), (0.06, -0.067), (0.06, -0.067), (0.06, -0.067), (0.06, -0.067), (0.06, -0.067), (0.06, -0.067), (0.06, -0.067), (0.06, -0.067), (0.06, -0.066), (0.06, -0.066), (0.06, -0.066), (0.06, -0.066), (0.06, -0.066), (0.06, -0.066), (0.06, -0.066), (0.06, -0.066), (0.06, -0.065), (0.06, -0.065), (0.06, -0.065), (0.06, -0.065), (0.06, -0.065), (0.06, -0.065), (0.06, -0.065), (0.06, -0.065), (0.06, -0.065), (0.06, -0.064), (0.06, -0.064), (0.06, -0.064), (0.06, -0.064), (0.06, -0.064), (0.06, -0.064), (0.06, -0.064), (0.06, -0.064), (0.06, -0.064), (0.06, -0.064), (0.06, -0.064), (0.06, -0.063), (0.06, -0.063), (0.06, -0.063), (0.06, -0.063), (0.06, -0.063), (0.06, -0.063), (0.06, -0.063), (0.06, -0.063), (0.06, -0.063), (0.06, -0.063), (0.06, -0.063), (0.06, -0.063), (0.06, -0.063), (0.06, -0.062), (0.06, -0.062), (0.06, -0.062), (0.06, -0.062), (0.06, -0.062), (0.06, -0.062), (0.06, -0.062), (0.06, -0.062), (0.06, -0.062), (0.06, -0.062), (0.06, -0.062), (0.06, -0.062), (0.06, -0.062), (0.06, -0.062), (0.06, -0.062), (0.06, -0.061), (0.06, -0.061), (0.06, -0.061), (0.06, -0.061), (0.06, -0.061), (0.06, -0.061), (0.06, -0.061), (0.06, -0.061), (0.06, -0.061), (0.06, -0.061), (0.06, -0.061), (0.06, -0.061), (0.06, -0.061), (0.06, -0.061), (0.06, -0.061), (0.06, -0.061), (0.06, -0.061), (0.06, -0.061), (0.06, -0.061), (0.06, -0.06), (0.06, -0.06), (0.06, -0.06), (0.06, -0.06), (0.06, -0.06), (0.06, -0.06), (0.06, -0.06), (0.06, -0.06), (0.06, -0.06), (0.06, -0.06), (0.06, -0.06), (0.06, -0.06), (0.06, -0.06), (0.06, -0.06), (0.06, -0.06), (0.06, -0.06), (0.06, -0.06), (0.06, -0.06), (0.06, -0.06), (0.06, -0.06), (0.06, -0.06), (0.06, -0.06), (0.06, -0.06), (0.06, -0.06), (0.06, -0.06), (0.06, -0.06), (0.06, -0.059), (0.06, -0.059), (0.06, -0.059), (0.06, -0.059), (0.06, -0.059), (0.06, -0.059), (0.06, -0.059), (0.06, -0.059), (0.06, -0.059), (0.06, -0.059), (0.06, -0.059), (0.06, -0.059), (0.06, -0.059), (0.06, -0.059), (0.06, -0.059), (0.06, -0.059), (0.06, -0.059), (0.061, -0.059), (0.061, -0.059), (0.061, -0.059), (0.061, -0.059), (0.061, -0.059), (0.061, -0.059), (0.061, -0.059), (0.061, -0.059), (0.061, -0.059), (0.061, -0.059), (0.061, -0.059), (0.061, -0.059), (0.061, -0.059), (0.061, -0.059), (0.061, -0.059), (0.061, -0.059), (0.061, -0.059), (0.061, -0.059), (0.061, -0.059), (0.061, -0.059), (0.061, -0.059), (0.061, -0.059), (0.061, -0.059), (0.061, -0.059), (0.061, -0.059), (0.061, -0.059), (0.061, -0.059), (0.061, -0.059), (0.062, -0.059), (0.062, -0.059), (0.062, -0.059), (0.062, -0.059), (0.062, -0.059), (0.062, -0.059), (0.062, -0.059), (0.062, -0.059), (0.062, -0.059), (0.062, -0.059), (0.062, -0.059), (0.062, -0.059), (0.062, -0.059), (0.062, -0.059), (0.062, -0.059), (0.062, -0.059), (0.062, -0.059), (0.062, -0.059), (0.062, -0.059), (0.063, -0.059), (0.063, -0.059), (0.063, -0.059), (0.063, -0.059), (0.063, -0.059), (0.063, -0.059), (0.063, -0.059), (0.063, -0.059), (0.063, -0.059), (0.063, -0.059), (0.063, -0.059), (0.063, -0.059), (0.063, -0.059), (0.063, -0.059), (0.063, -0.059), (0.064, -0.059), (0.064, -0.059), (0.064, -0.059), (0.064, -0.059), (0.064, -0.059), (0.064, -0.059), (0.064, -0.059), (0.064, -0.059), (0.064, -0.059), (0.064, -0.059), (0.064, -0.059), (0.064, -0.059), (0.064, -0.059), (0.064, -0.059), (0.064, -0.059), (0.065, -0.059), (0.065, -0.059), (0.065, -0.059), (0.065, -0.059), (0.065, -0.059), (0.065, -0.059), (0.065, -0.059), (0.065, -0.059), (0.065, -0.059), (0.065, -0.059), (0.065, -0.059), (0.065, -0.059), (0.065, -0.059), (0.066, -0.059), (0.066, -0.059), (0.066, -0.059), (0.066, -0.059), (0.066, -0.059), (0.066, -0.059), (0.066, -0.059), (0.066, -0.059), (0.066, -0.059), (0.066, -0.059), (0.066, -0.059), (0.066, -0.059), (0.066, -0.059), (0.066, -0.059), (0.067, -0.059), (0.067, -0.059), (0.067, -0.059), (0.067, -0.059), (0.067, -0.059), (0.067, -0.059), (0.067, -0.059), (0.067, -0.059), (0.067, -0.059), (0.067, -0.059), (0.067, -0.059), (0.067, -0.059), (0.067, -0.059), (0.068, -0.059), (0.068, -0.059), (0.068, -0.059), (0.068, -0.059), (0.068, -0.059), (0.068, -0.059), (0.068, -0.059), (0.068, -0.059), (0.068, -0.059), (0.068, -0.059), (0.068, -0.059), (0.068, -0.059), (0.068, -0.059), (0.068, -0.059), (0.069, -0.059), (0.069, -0.059), (0.069, -0.059), (0.069, -0.059), (0.069, -0.059), (0.069, -0.059), (0.069, -0.059), (0.069, -0.059), (0.069, -0.059), (0.069, -0.06), (0.069, -0.06), (0.069, -0.06), (0.069, -0.06), (0.069, -0.06), (0.07, -0.06), (0.07, -0.06), (0.07, -0.06), (0.07, -0.06), (0.07, -0.06), (0.07, -0.06), (0.07, -0.06), (0.07, -0.06), (0.07, -0.06), (0.07, -0.06), (0.07, -0.06), (0.07, -0.06), (0.07, -0.06), (0.07, -0.06), (0.07, -0.06), (0.07, -0.06), (0.07, -0.06), (0.071, -0.06), (0.071, -0.06), (0.071, -0.06), (0.071, -0.06), (0.071, -0.06), (0.071, -0.06), (0.071, -0.06), (0.071, -0.06), (0.071, -0.06), (0.071, -0.06), (0.071, -0.06), (0.071, -0.06), (0.071, -0.06), (0.071, -0.06), (0.071, -0.06), (0.071, -0.06), (0.071, -0.06), (0.071, -0.06), (0.071, -0.06), (0.071, -0.06), (0.072, -0.06), (0.072, -0.06), (0.072, -0.06), (0.072, -0.06)], path_end=[(0.077, -0.062), (0.077, -0.062), (0.077, -0.062), (0.077, -0.062), (0.077, -0.062), (0.077, -0.061), (0.077, -0.061), (0.077, -0.061), (0.078, -0.061), (0.078, -0.061), (0.078, -0.061), (0.078, -0.061), (0.078, -0.061), (0.078, -0.061), (0.078, -0.061), (0.078, -0.061), (0.078, -0.061), (0.078, -0.061), (0.078, -0.061), (0.078, -0.061), (0.078, -0.061), (0.078, -0.061), (0.078, -0.061), (0.078, -0.061), (0.078, -0.061), (0.078, -0.061), (0.078, -0.061), (0.078, -0.061), (0.079, -0.061), (0.079, -0.061), (0.079, -0.061), (0.079, -0.061), (0.079, -0.061), (0.079, -0.061), (0.079, -0.061), (0.079, -0.061), (0.079, -0.061), (0.079, -0.061), (0.079, -0.061), (0.079, -0.061), (0.079, -0.061), (0.079, -0.061), (0.079, -0.061), (0.08, -0.061), (0.08, -0.06), (0.08, -0.06), (0.08, -0.06), (0.08, -0.06), (0.08, -0.06), (0.08, -0.06), (0.08, -0.06), (0.08, -0.06), (0.08, -0.06), (0.08, -0.06), (0.081, -0.06), (0.081, -0.06), (0.081, -0.06), (0.081, -0.06), (0.081, -0.06), (0.081, -0.06), (0.081, -0.06), (0.081, -0.06), (0.081, -0.06), (0.081, -0.06), (0.081, -0.06), (0.082, -0.06), (0.082, -0.06), (0.082, -0.06), (0.082, -0.06), (0.082, -0.06), (0.082, -0.06), (0.082, -0.06), (0.082, -0.06), (0.082, -0.06), (0.083, -0.059), (0.083, -0.059), (0.083, -0.059), (0.083, -0.059), (0.083, -0.059), (0.083, -0.059), (0.083, -0.059), (0.083, -0.059), (0.083, -0.059), (0.084, -0.059), (0.084, -0.059), (0.084, -0.059), (0.084, -0.059), (0.084, -0.059), (0.084, -0.059), (0.084, -0.059), (0.084, -0.059), (0.085, -0.059), (0.085, -0.059), (0.085, -0.059), (0.085, -0.059), (0.085, -0.059), (0.085, -0.059), (0.085, -0.059), (0.086, -0.059), (0.086, -0.059), (0.086, -0.058), (0.086, -0.058), (0.086, -0.058), (0.086, -0.058), (0.086, -0.058), (0.086, -0.058), (0.087, -0.058), (0.087, -0.058), (0.087, -0.058), (0.087, -0.058), (0.087, -0.058), (0.087, -0.058), (0.087, -0.058), (0.088, -0.058), (0.088, -0.058), (0.088, -0.058), (0.088, -0.058), (0.088, -0.058), (0.088, -0.058), (0.088, -0.058), (0.089, -0.058), (0.089, -0.058), (0.089, -0.058), (0.089, -0.058), (0.089, -0.058), (0.089, -0.057), (0.09, -0.057), (0.09, -0.057), (0.09, -0.057), (0.09, -0.057), (0.09, -0.057), (0.09, -0.057), (0.09, -0.057), (0.091, -0.057), (0.091, -0.057), (0.091, -0.057), (0.091, -0.057), (0.091, -0.057), (0.091, -0.057), (0.092, -0.057), (0.092, -0.057), (0.092, -0.057), (0.092, -0.057), (0.092, -0.057), (0.092, -0.057), (0.092, -0.057), (0.093, -0.057), (0.093, -0.057), (0.093, -0.057), (0.093, -0.056), (0.093, -0.056), (0.093, -0.056), (0.094, -0.056), (0.094, -0.056), (0.094, -0.056), (0.094, -0.056), (0.094, -0.056), (0.094, -0.056), (0.094, -0.056), (0.095, -0.056), (0.095, -0.056), (0.095, -0.056), (0.095, -0.056), (0.095, -0.056), (0.095, -0.056), (0.095, -0.056), (0.096, -0.056), (0.096, -0.056), (0.096, -0.056), (0.096, -0.056), (0.096, -0.056), (0.096, -0.056), (0.097, -0.056), (0.097, -0.056), (0.097, -0.055), (0.097, -0.055), (0.097, -0.055), (0.097, -0.055), (0.097, -0.055), (0.098, -0.055), (0.098, -0.055), (0.098, -0.055), (0.098, -0.055), (0.098, -0.055), (0.098, -0.055), (0.098, -0.055), (0.099, -0.055), (0.099, -0.055), (0.099, -0.055), (0.099, -0.055), (0.099, -0.055), (0.099, -0.055), (0.099, -0.055), (0.1, -0.055), (0.1, -0.055), (0.1, -0.055), (0.1, -0.055), (0.1, -0.055), (0.1, -0.055), (0.1, -0.055), (0.1, -0.055), (0.101, -0.055), (0.101, -0.055), (0.101, -0.054), (0.101, -0.054), (0.101, -0.054), (0.101, -0.054), (0.101, -0.054), (0.101, -0.054), (0.102, -0.054), (0.102, -0.054), (0.102, -0.054), (0.102, -0.054), (0.102, -0.054), (0.102, -0.054), (0.102, -0.054), (0.102, -0.054), (0.102, -0.054), (0.103, -0.054), (0.103, -0.054), (0.103, -0.054), (0.103, -0.054), (0.103, -0.054), (0.103, -0.054), (0.103, -0.054), (0.103, -0.054), (0.103, -0.054), (0.104, -0.054), (0.104, -0.054), (0.104, -0.054), (0.104, -0.054), (0.104, -0.054), (0.104, -0.054), (0.104, -0.054), (0.104, -0.054), (0.104, -0.054), (0.104, -0.054), (0.104, -0.054), (0.105, -0.054), (0.105, -0.053), (0.105, -0.053), (0.105, -0.053), (0.105, -0.053), (0.105, -0.053), (0.105, -0.053), (0.105, -0.053), (0.105, -0.053), (0.105, -0.053), (0.105, -0.053), (0.105, -0.053), (0.105, -0.053), (0.106, -0.053), (0.106, -0.053), (0.106, -0.053), (0.106, -0.053), (0.106, -0.053), (0.106, -0.053), (0.106, -0.053), (0.106, -0.053), (0.106, -0.053), (0.106, -0.053), (0.106, -0.053), (0.106, -0.053), (0.106, -0.053), (0.106, -0.053), (0.106, -0.053), (0.106, -0.053), (0.106, -0.053), (0.106, -0.053), (0.107, -0.053), (0.107, -0.053), (0.107, -0.053), (0.107, -0.053), (0.107, -0.053), (0.107, -0.053), (0.107, -0.053), (0.107, -0.053), (0.107, -0.053), (0.107, -0.053), (0.107, -0.053), (0.107, -0.053), (0.107, -0.053), (0.107, -0.053), (0.107, -0.053), (0.107, -0.053), (0.107, -0.053), (0.107, -0.053), (0.107, -0.053), (0.107, -0.053), (0.107, -0.053), (0.107, -0.053), (0.107, -0.053), (0.107, -0.053), (0.107, -0.053), (0.107, -0.053), (0.107, -0.053), (0.107, -0.053), (0.107, -0.053), (0.107, -0.053), (0.107, -0.053), (0.107, -0.053), (0.107, -0.053), (0.107, -0.053), (0.107, -0.053), (0.107, -0.053), (0.107, -0.053), (0.107, -0.053), (0.107, -0.053), (0.107, -0.053), (0.107, -0.053), (0.107, -0.053), (0.107, -0.053), (0.107, -0.053), (0.107, -0.053), (0.107, -0.053), (0.107, -0.053), (0.107, -0.053), (0.107, -0.053), (0.107, -0.053), (0.107, -0.053), (0.107, -0.053), (0.106, -0.053), (0.106, -0.053), (0.106, -0.053), (0.106, -0.053), (0.106, -0.053), (0.106, -0.053), (0.106, -0.053), (0.106, -0.053), (0.106, -0.053), (0.106, -0.053), (0.106, -0.053), (0.106, -0.053), (0.106, -0.053), (0.106, -0.053), (0.106, -0.053), (0.106, -0.053), (0.106, -0.053), (0.106, -0.053), (0.105, -0.053), (0.105, -0.053), (0.105, -0.053), (0.105, -0.053), (0.105, -0.053), (0.105, -0.053), (0.105, -0.053), (0.105, -0.053), (0.105, -0.053), (0.105, -0.053), (0.105, -0.053), (0.105, -0.053), (0.105, -0.053), (0.104, -0.053), (0.104, -0.053), (0.104, -0.053), (0.104, -0.053), (0.104, -0.053), (0.104, -0.053), (0.104, -0.053), (0.104, -0.053), (0.104, -0.053), (0.104, -0.053), (0.103, -0.053), (0.103, -0.053), (0.103, -0.053), (0.103, -0.053), (0.103, -0.053), (0.103, -0.053), (0.103, -0.053), (0.103, -0.053), (0.103, -0.053), (0.103, -0.053), (0.102, -0.053), (0.102, -0.053), (0.102, -0.053), (0.102, -0.053), (0.102, -0.053), (0.102, -0.053), (0.102, -0.053), (0.102, -0.053), (0.101, -0.054), (0.101, -0.054), (0.101, -0.054), (0.101, -0.054), (0.101, -0.054), (0.101, -0.054), (0.101, -0.054), (0.101, -0.054), (0.1, -0.054), (0.1, -0.054), (0.1, -0.054), (0.1, -0.054), (0.1, -0.054), (0.1, -0.054), (0.1, -0.054), (0.099, -0.054), (0.099, -0.054), (0.099, -0.054), (0.099, -0.054), (0.099, -0.054), (0.099, -0.054), (0.099, -0.054), (0.098, -0.054), (0.098, -0.054), (0.098, -0.054), (0.098, -0.054), (0.098, -0.054), (0.098, -0.054), (0.098, -0.054), (0.097, -0.054), (0.097, -0.054), (0.097, -0.054), (0.097, -0.054), (0.097, -0.055), (0.097, -0.055), (0.097, -0.055), (0.096, -0.055), (0.096, -0.055), (0.096, -0.055), (0.096, -0.055), (0.096, -0.055), (0.096, -0.055), (0.095, -0.055), (0.095, -0.055), (0.095, -0.055), (0.095, -0.055), (0.095, -0.055), (0.095, -0.055), (0.094, -0.055), (0.094, -0.055), (0.094, -0.055), (0.094, -0.055), (0.094, -0.055), (0.094, -0.055), (0.093, -0.055), (0.093, -0.055), (0.093, -0.055), (0.093, -0.055), (0.093, -0.055), (0.093, -0.056), (0.092, -0.056), (0.092, -0.056), (0.092, -0.056), (0.092, -0.056), (0.092, -0.056), (0.092, -0.056), (0.091, -0.056), (0.091, -0.056), (0.091, -0.056), (0.091, -0.056), (0.091, -0.056), (0.091, -0.056), (0.09, -0.056), (0.09, -0.056), (0.09, -0.056), (0.09, -0.056), (0.09, -0.056), (0.09, -0.056), (0.089, -0.056), (0.089, -0.056), (0.089, -0.056), (0.089, -0.057), (0.089, -0.057), (0.088, -0.057), (0.088, -0.057), (0.088, -0.057), (0.088, -0.057), (0.088, -0.057), (0.088, -0.057), (0.087, -0.057), (0.087, -0.057), (0.087, -0.057), (0.087, -0.057), (0.087, -0.057), (0.087, -0.057), (0.086, -0.057), (0.086, -0.057), (0.086, -0.057), (0.086, -0.057), (0.086, -0.057), (0.086, -0.057), (0.085, -0.058), (0.085, -0.058), (0.085, -0.058), (0.085, -0.058), (0.085, -0.058), (0.085, -0.058), (0.084, -0.058), (0.084, -0.058), (0.084, -0.058), (0.084, -0.058), (0.084, -0.058), (0.083, -0.058), (0.083, -0.058), (0.083, -0.058), (0.083, -0.058), (0.083, -0.058), (0.083, -0.058), (0.082, -0.058), (0.082, -0.058)], total_steps=3141
  319th iteration: path_start=[(0.01, -0.172), (0.01, -0.172), (0.01, -0.171), (0.01, -0.171), (0.009, -0.17), (0.009, -0.169), (0.009, -0.168), (0.008, -0.167), (0.008, -0.166), (0.007, -0.165), (0.006, -0.163), (0.006, -0.162), (0.005, -0.16), (0.004, -0.158), (0.003, -0.157), (0.003, -0.155), (0.002, -0.153), (0.001, -0.151), (0.0, -0.149), (-0.001, -0.147), (-0.002, -0.145), (-0.003, -0.143), (-0.004, -0.141), (-0.005, -0.139), (-0.006, -0.137), (-0.007, -0.135), (-0.008, -0.132), (-0.009, -0.13), (-0.01, -0.128), (-0.011, -0.126), (-0.012, -0.123), (-0.013, -0.121), (-0.014, -0.119), (-0.015, -0.117), (-0.016, -0.114), (-0.017, -0.112), (-0.018, -0.11), (-0.019, -0.107), (-0.02, -0.105), (-0.021, -0.103), (-0.022, -0.1), (-0.023, -0.098), (-0.024, -0.096), (-0.025, -0.094), (-0.026, -0.092), (-0.027, -0.089), (-0.028, -0.087), (-0.029, -0.085), (-0.029, -0.083), (-0.03, -0.081), (-0.031, -0.079), (-0.032, -0.076), (-0.033, -0.074), (-0.034, -0.072), (-0.035, -0.07), (-0.036, -0.068), (-0.037, -0.066), (-0.037, -0.064), (-0.038, -0.062), (-0.039, -0.06), (-0.04, -0.059), (-0.041, -0.057), (-0.041, -0.055), (-0.042, -0.053), (-0.043, -0.051), (-0.044, -0.05), (-0.044, -0.048), (-0.045, -0.046), (-0.046, -0.044), (-0.046, -0.043), (-0.047, -0.041), (-0.048, -0.04), (-0.048, -0.038), (-0.049, -0.037), (-0.05, -0.035), (-0.05, -0.034), (-0.051, -0.032), (-0.051, -0.031), (-0.052, -0.029), (-0.052, -0.028), (-0.053, -0.027), (-0.053, -0.025), (-0.054, -0.024), (-0.054, -0.023), (-0.055, -0.021), (-0.055, -0.02), (-0.056, -0.019), (-0.056, -0.018), (-0.057, -0.017), (-0.057, -0.016), (-0.057, -0.015), (-0.058, -0.014), (-0.058, -0.013), (-0.058, -0.012), (-0.059, -0.011), (-0.059, -0.01), (-0.059, -0.009), (-0.06, -0.008), (-0.06, -0.007), (-0.06, -0.006), (-0.061, -0.005), (-0.061, -0.004), (-0.061, -0.004), (-0.061, -0.003), (-0.061, -0.002), (-0.062, -0.002), (-0.062, -0.001), (-0.062, -0.0), (-0.062, 0.0), (-0.062, 0.001), (-0.063, 0.002), (-0.063, 0.002), (-0.063, 0.003), (-0.063, 0.003), (-0.063, 0.004), (-0.063, 0.004), (-0.063, 0.005), (-0.063, 0.005), (-0.063, 0.006), (-0.063, 0.006), (-0.063, 0.007), (-0.063, 0.007), (-0.064, 0.007), (-0.064, 0.008), (-0.064, 0.008), (-0.064, 0.008), (-0.064, 0.009), (-0.064, 0.009), (-0.064, 0.009), (-0.063, 0.009), (-0.063, 0.01), (-0.063, 0.01), (-0.063, 0.01), (-0.063, 0.01), (-0.063, 0.01), (-0.063, 0.01), (-0.063, 0.011), (-0.063, 0.011), (-0.063, 0.011), (-0.063, 0.011), (-0.063, 0.011), (-0.062, 0.011), (-0.062, 0.011), (-0.062, 0.011), (-0.062, 0.011), (-0.062, 0.011), (-0.062, 0.011), (-0.062, 0.011), (-0.061, 0.011), (-0.061, 0.011), (-0.061, 0.011), (-0.061, 0.011), (-0.061, 0.011), (-0.06, 0.011), (-0.06, 0.011), (-0.06, 0.011), (-0.06, 0.01), (-0.059, 0.01), (-0.059, 0.01), (-0.059, 0.01), (-0.059, 0.01), (-0.058, 0.01), (-0.058, 0.009), (-0.058, 0.009), (-0.058, 0.009), (-0.057, 0.009), (-0.057, 0.009), (-0.057, 0.008), (-0.057, 0.008), (-0.056, 0.008), (-0.056, 0.008), (-0.056, 0.007), (-0.055, 0.007), (-0.055, 0.007), (-0.055, 0.007), (-0.054, 0.006), (-0.054, 0.006), (-0.054, 0.006), (-0.053, 0.005), (-0.053, 0.005), (-0.053, 0.005), (-0.052, 0.004), (-0.052, 0.004), (-0.052, 0.004), (-0.051, 0.003), (-0.051, 0.003), (-0.05, 0.003), (-0.05, 0.002), (-0.05, 0.002), (-0.049, 0.001), (-0.049, 0.001), (-0.048, 0.001), (-0.048, 0.0), (-0.048, -0.0), (-0.047, -0.001), (-0.047, -0.001), (-0.046, -0.001), (-0.046, -0.002), (-0.046, -0.002), (-0.045, -0.003), (-0.045, -0.003), (-0.044, -0.004), (-0.044, -0.004), (-0.043, -0.005), (-0.043, -0.005), (-0.042, -0.005), (-0.042, -0.006), (-0.042, -0.006), (-0.041, -0.007), (-0.041, -0.007), (-0.04, -0.008), (-0.04, -0.008), (-0.039, -0.009), (-0.039, -0.009), (-0.038, -0.01), (-0.038, -0.01), (-0.037, -0.011), (-0.037, -0.011), (-0.036, -0.012), (-0.036, -0.012), (-0.035, -0.013), (-0.035, -0.014), (-0.034, -0.014), (-0.034, -0.015), (-0.033, -0.015), (-0.033, -0.016), (-0.032, -0.016), (-0.032, -0.017), (-0.031, -0.017), (-0.031, -0.018), (-0.03, -0.018), (-0.03, -0.019), (-0.029, -0.02), (-0.029, -0.02), (-0.028, -0.021), (-0.027, -0.021), (-0.027, -0.022), (-0.026, -0.022), (-0.026, -0.023), (-0.025, -0.024), (-0.025, -0.024), (-0.024, -0.025), (-0.024, -0.025), (-0.023, -0.026), (-0.022, -0.026), (-0.022, -0.027), (-0.021, -0.028), (-0.021, -0.028), (-0.02, -0.029), (-0.02, -0.029), (-0.019, -0.03), (-0.018, -0.031), (-0.018, -0.031), (-0.017, -0.032), (-0.017, -0.032), (-0.016, -0.033), (-0.015, -0.034), (-0.015, -0.034), (-0.014, -0.035), (-0.014, -0.035), (-0.013, -0.036), (-0.012, -0.037), (-0.012, -0.037), (-0.011, -0.038), (-0.011, -0.039), (-0.01, -0.039), (-0.009, -0.04), (-0.009, -0.04), (-0.008, -0.041), (-0.007, -0.042), (-0.007, -0.042), (-0.006, -0.043), (-0.005, -0.044), (-0.005, -0.044), (-0.004, -0.045), (-0.004, -0.045), (-0.003, -0.046), (-0.002, -0.047), (-0.002, -0.047), (-0.001, -0.048), (-0.0, -0.049), (0.0, -0.049), (0.001, -0.05), (0.002, -0.051), (0.002, -0.051), (0.003, -0.052), (0.004, -0.052), (0.004, -0.053), (0.005, -0.054), (0.006, -0.054), (0.006, -0.055), (0.007, -0.056), (0.008, -0.056), (0.009, -0.057), (0.009, -0.058), (0.01, -0.058), (0.011, -0.059), (0.011, -0.06), (0.012, -0.06), (0.013, -0.061), (0.013, -0.062), (0.014, -0.062), (0.015, -0.063), (0.016, -0.064), (0.016, -0.064), (0.017, -0.065), (0.018, -0.065), (0.018, -0.066), (0.019, -0.067), (0.02, -0.067), (0.021, -0.068), (0.021, -0.069), (0.022, -0.069), (0.023, -0.07), (0.023, -0.071), (0.024, -0.071), (0.025, -0.072), (0.026, -0.073), (0.026, -0.073), (0.027, -0.074), (0.028, -0.075), (0.029, -0.075), (0.029, -0.076), (0.03, -0.077), (0.031, -0.077), (0.032, -0.078), (0.032, -0.079), (0.033, -0.079), (0.034, -0.08), (0.035, -0.081), (0.035, -0.081), (0.036, -0.082), (0.037, -0.083), (0.038, -0.083), (0.038, -0.084), (0.039, -0.085), (0.04, -0.085), (0.041, -0.086), (0.042, -0.087), (0.042, -0.087), (0.043, -0.088), (0.044, -0.089), (0.045, -0.089), (0.045, -0.09), (0.046, -0.091), (0.047, -0.091), (0.048, -0.092), (0.049, -0.093), (0.049, -0.093), (0.05, -0.094), (0.051, -0.095), (0.052, -0.095), (0.053, -0.096), (0.053, -0.097), (0.054, -0.098), (0.055, -0.098), (0.056, -0.099), (0.057, -0.1), (0.057, -0.1), (0.058, -0.101), (0.059, -0.102), (0.06, -0.102), (0.061, -0.103), (0.061, -0.104), (0.062, -0.104), (0.063, -0.105), (0.064, -0.106), (0.065, -0.106), (0.065, -0.107), (0.066, -0.108), (0.067, -0.108), (0.068, -0.109), (0.069, -0.11), (0.069, -0.11), (0.07, -0.111), (0.071, -0.112), (0.072, -0.112), (0.073, -0.113), (0.074, -0.114), (0.074, -0.115), (0.075, -0.115), (0.076, -0.116), (0.077, -0.117), (0.078, -0.117), (0.079, -0.118), (0.079, -0.119), (0.08, -0.119), (0.081, -0.12), (0.082, -0.121), (0.083, -0.121), (0.084, -0.122), (0.084, -0.123), (0.085, -0.123), (0.086, -0.124), (0.087, -0.125), (0.088, -0.126), (0.089, -0.126), (0.089, -0.127), (0.09, -0.128), (0.091, -0.128), (0.092, -0.129), (0.093, -0.13), (0.094, -0.13), (0.094, -0.131), (0.095, -0.132), (0.096, -0.132), (0.097, -0.133), (0.098, -0.134), (0.099, -0.134), (0.099, -0.135), (0.1, -0.136), (0.101, -0.137), (0.102, -0.137), (0.103, -0.138), (0.104, -0.139), (0.104, -0.139), (0.105, -0.14), (0.106, -0.141), (0.107, -0.141), (0.108, -0.142), (0.109, -0.143), (0.11, -0.144), (0.11, -0.144), (0.111, -0.145), (0.112, -0.146), (0.113, -0.146), (0.114, -0.147), (0.115, -0.148), (0.115, -0.148), (0.116, -0.149), (0.117, -0.15), (0.118, -0.151), (0.119, -0.151), (0.12, -0.152), (0.12, -0.153), (0.121, -0.153), (0.122, -0.154), (0.123, -0.155), (0.124, -0.155), (0.125, -0.156), (0.125, -0.157), (0.126, -0.158), (0.127, -0.158), (0.128, -0.159), (0.129, -0.16), (0.13, -0.16), (0.13, -0.161), (0.131, -0.162), (0.132, -0.162), (0.133, -0.163), (0.134, -0.164), (0.135, -0.165), (0.135, -0.165), (0.136, -0.166), (0.137, -0.167), (0.138, -0.167), (0.139, -0.168), (0.139, -0.169), (0.14, -0.17), (0.141, -0.17), (0.142, -0.171), (0.143, -0.172), (0.144, -0.172), (0.144, -0.173), (0.145, -0.174), (0.146, -0.175), (0.147, -0.175), (0.148, -0.176), (0.148, -0.177), (0.149, -0.177), (0.15, -0.178), (0.151, -0.179), (0.152, -0.18), (0.152, -0.18), (0.153, -0.181), (0.154, -0.182), (0.155, -0.183), (0.156, -0.183), (0.156, -0.184), (0.157, -0.185), (0.158, -0.185), (0.159, -0.186), (0.16, -0.187), (0.16, -0.188), (0.161, -0.188), (0.162, -0.189), (0.163, -0.19), (0.163, -0.19), (0.164, -0.191), (0.165, -0.192), (0.166, -0.193), (0.167, -0.193), (0.167, -0.194), (0.168, -0.195), (0.169, -0.196), (0.17, -0.196), (0.17, -0.197), (0.171, -0.198), (0.172, -0.199), (0.173, -0.199)], path_end=[(0.297, -0.16), (0.292, -0.156), (0.288, -0.151), (0.283, -0.147), (0.278, -0.142), (0.274, -0.138), (0.269, -0.133), (0.264, -0.128), (0.26, -0.124), (0.255, -0.119), (0.25, -0.115), (0.246, -0.11), (0.241, -0.106), (0.236, -0.101), (0.232, -0.097), (0.227, -0.092), (0.223, -0.088), (0.218, -0.083), (0.213, -0.079), (0.209, -0.075), (0.204, -0.07), (0.2, -0.066), (0.195, -0.061), (0.191, -0.057), (0.186, -0.053), (0.181, -0.048), (0.177, -0.044), (0.172, -0.039), (0.168, -0.035), (0.164, -0.031), (0.159, -0.027), (0.155, -0.022), (0.15, -0.018), (0.146, -0.014), (0.141, -0.009), (0.137, -0.005), (0.133, -0.001), (0.128, 0.003), (0.124, 0.007), (0.12, 0.011), (0.115, 0.016), (0.111, 0.02), (0.107, 0.024), (0.102, 0.028), (0.098, 0.032), (0.094, 0.036), (0.09, 0.04), (0.086, 0.044), (0.081, 0.048), (0.077, 0.052), (0.073, 0.056), (0.069, 0.06), (0.065, 0.064), (0.061, 0.067), (0.057, 0.071), (0.053, 0.075), (0.049, 0.079), (0.045, 0.083), (0.041, 0.086), (0.037, 0.09), (0.033, 0.094), (0.029, 0.098), (0.025, 0.101), (0.021, 0.105), (0.018, 0.108), (0.014, 0.112), (0.01, 0.116), (0.006, 0.119), (0.002, 0.123), (-0.001, 0.126), (-0.005, 0.13), (-0.009, 0.133), (-0.012, 0.136), (-0.016, 0.14), (-0.019, 0.143), (-0.023, 0.146), (-0.027, 0.15), (-0.03, 0.153), (-0.034, 0.156), (-0.037, 0.159), (-0.04, 0.163), (-0.044, 0.166), (-0.047, 0.169), (-0.051, 0.172), (-0.054, 0.175), (-0.057, 0.178), (-0.061, 0.181), (-0.064, 0.184), (-0.067, 0.187), (-0.07, 0.19), (-0.073, 0.193), (-0.077, 0.196), (-0.08, 0.199), (-0.083, 0.201), (-0.086, 0.204), (-0.089, 0.207), (-0.092, 0.21), (-0.095, 0.212), (-0.098, 0.215), (-0.101, 0.218), (-0.104, 0.22), (-0.107, 0.223), (-0.109, 0.225), (-0.112, 0.228), (-0.115, 0.23), (-0.118, 0.233), (-0.121, 0.235), (-0.123, 0.238), (-0.126, 0.24), (-0.129, 0.243), (-0.131, 0.245), (-0.134, 0.247), (-0.137, 0.249), (-0.139, 0.252), (-0.142, 0.254), (-0.144, 0.256), (-0.147, 0.258), (-0.149, 0.26), (-0.151, 0.262), (-0.154, 0.264), (-0.156, 0.266), (-0.159, 0.269), (-0.161, 0.27), (-0.163, 0.272), (-0.165, 0.274), (-0.168, 0.276), (-0.17, 0.278), (-0.172, 0.28), (-0.174, 0.282), (-0.176, 0.284), (-0.178, 0.285), (-0.18, 0.287), (-0.182, 0.289), (-0.185, 0.29), (-0.187, 0.292), (-0.188, 0.294), (-0.19, 0.295), (-0.192, 0.297), (-0.194, 0.298), (-0.196, 0.3), (-0.198, 0.301), (-0.2, 0.303), (-0.202, 0.304), (-0.203, 0.306), (-0.205, 0.307), (-0.207, 0.308), (-0.208, 0.31), (-0.21, 0.311), (-0.212, 0.312), (-0.213, 0.314), (-0.215, 0.315), (-0.217, 0.316), (-0.218, 0.317), (-0.22, 0.318), (-0.221, 0.32), (-0.223, 0.321), (-0.224, 0.322), (-0.225, 0.323), (-0.227, 0.324), (-0.228, 0.325), (-0.23, 0.326), (-0.231, 0.327), (-0.232, 0.328), (-0.233, 0.329), (-0.235, 0.33), (-0.236, 0.33), (-0.237, 0.331), (-0.238, 0.332), (-0.24, 0.333), (-0.241, 0.334), (-0.242, 0.334), (-0.243, 0.335), (-0.244, 0.336), (-0.245, 0.337), (-0.246, 0.337), (-0.247, 0.338), (-0.248, 0.339), (-0.249, 0.339), (-0.25, 0.34), (-0.251, 0.34), (-0.252, 0.341), (-0.253, 0.341), (-0.254, 0.342), (-0.255, 0.342), (-0.256, 0.343), (-0.256, 0.343), (-0.257, 0.344), (-0.258, 0.344), (-0.259, 0.345), (-0.26, 0.345), (-0.26, 0.345), (-0.261, 0.346), (-0.262, 0.346), (-0.262, 0.346), (-0.263, 0.347), (-0.264, 0.347), (-0.264, 0.347), (-0.265, 0.348), (-0.265, 0.348), (-0.266, 0.348), (-0.267, 0.348), (-0.267, 0.348), (-0.268, 0.349), (-0.268, 0.349), (-0.269, 0.349), (-0.269, 0.349), (-0.27, 0.349), (-0.27, 0.349), (-0.271, 0.349), (-0.271, 0.349), (-0.271, 0.349), (-0.272, 0.349), (-0.272, 0.349), (-0.272, 0.349), (-0.273, 0.349), (-0.273, 0.349), (-0.273, 0.349), (-0.274, 0.349), (-0.274, 0.349), (-0.274, 0.349), (-0.275, 0.349), (-0.275, 0.349), (-0.275, 0.349), (-0.275, 0.349), (-0.276, 0.349), (-0.276, 0.348), (-0.276, 0.348), (-0.276, 0.348), (-0.276, 0.348), (-0.276, 0.348), (-0.276, 0.347), (-0.277, 0.347), (-0.277, 0.347), (-0.277, 0.347), (-0.277, 0.346), (-0.277, 0.346), (-0.277, 0.346), (-0.277, 0.346), (-0.277, 0.345), (-0.277, 0.345), (-0.277, 0.345), (-0.277, 0.344), (-0.277, 0.344), (-0.277, 0.344), (-0.277, 0.343), (-0.277, 0.343), (-0.277, 0.343), (-0.277, 0.342), (-0.277, 0.342), (-0.277, 0.341), (-0.277, 0.341), (-0.277, 0.341), (-0.277, 0.34), (-0.277, 0.34), (-0.276, 0.339), (-0.276, 0.339), (-0.276, 0.338), (-0.276, 0.338), (-0.276, 0.338), (-0.276, 0.337), (-0.276, 0.337), (-0.275, 0.336), (-0.275, 0.336), (-0.275, 0.335), (-0.275, 0.335), (-0.275, 0.334), (-0.274, 0.334), (-0.274, 0.333), (-0.274, 0.332), (-0.274, 0.332), (-0.273, 0.331), (-0.273, 0.331), (-0.273, 0.33), (-0.273, 0.33), (-0.272, 0.329), (-0.272, 0.329), (-0.272, 0.328), (-0.272, 0.327), (-0.271, 0.327), (-0.271, 0.326), (-0.271, 0.326), (-0.27, 0.325), (-0.27, 0.324), (-0.27, 0.324), (-0.269, 0.323), (-0.269, 0.322), (-0.269, 0.322), (-0.268, 0.321), (-0.268, 0.321), (-0.268, 0.32), (-0.267, 0.319), (-0.267, 0.319), (-0.267, 0.318), (-0.266, 0.317), (-0.266, 0.317), (-0.265, 0.316), (-0.265, 0.315), (-0.265, 0.315), (-0.264, 0.314), (-0.264, 0.313), (-0.263, 0.313), (-0.263, 0.312), (-0.263, 0.311), (-0.262, 0.31), (-0.262, 0.31), (-0.261, 0.309), (-0.261, 0.308), (-0.26, 0.308), (-0.26, 0.307), (-0.26, 0.306), (-0.259, 0.305), (-0.259, 0.305), (-0.258, 0.304), (-0.258, 0.303), (-0.257, 0.303), (-0.257, 0.302), (-0.256, 0.301), (-0.256, 0.3), (-0.255, 0.3), (-0.255, 0.299), (-0.254, 0.298), (-0.254, 0.297), (-0.253, 0.297), (-0.253, 0.296), (-0.252, 0.295), (-0.252, 0.294), (-0.251, 0.294), (-0.251, 0.293), (-0.25, 0.292), (-0.25, 0.291), (-0.249, 0.291), (-0.249, 0.29), (-0.248, 0.289), (-0.248, 0.288), (-0.247, 0.287), (-0.247, 0.287), (-0.246, 0.286), (-0.246, 0.285), (-0.245, 0.284), (-0.245, 0.284), (-0.244, 0.283), (-0.244, 0.282), (-0.243, 0.281), (-0.243, 0.28), (-0.242, 0.28), (-0.241, 0.279), (-0.241, 0.278), (-0.24, 0.277), (-0.24, 0.276), (-0.239, 0.276), (-0.239, 0.275), (-0.238, 0.274), (-0.238, 0.273), (-0.237, 0.272), (-0.237, 0.272), (-0.236, 0.271), (-0.235, 0.27), (-0.235, 0.269), (-0.234, 0.269), (-0.234, 0.268), (-0.233, 0.267), (-0.233, 0.266), (-0.232, 0.265), (-0.232, 0.264), (-0.231, 0.264), (-0.23, 0.263), (-0.23, 0.262), (-0.229, 0.261), (-0.229, 0.26), (-0.228, 0.26), (-0.228, 0.259), (-0.227, 0.258), (-0.226, 0.257), (-0.226, 0.256), (-0.225, 0.256), (-0.225, 0.255), (-0.224, 0.254), (-0.224, 0.253), (-0.223, 0.252), (-0.222, 0.252), (-0.222, 0.251), (-0.221, 0.25), (-0.221, 0.249), (-0.22, 0.248), (-0.219, 0.248), (-0.219, 0.247), (-0.218, 0.246), (-0.218, 0.245), (-0.217, 0.244), (-0.217, 0.243), (-0.216, 0.243), (-0.215, 0.242), (-0.215, 0.241), (-0.214, 0.24), (-0.214, 0.239), (-0.213, 0.239), (-0.213, 0.238), (-0.212, 0.237), (-0.211, 0.236), (-0.211, 0.235), (-0.21, 0.235), (-0.21, 0.234), (-0.209, 0.233), (-0.208, 0.232), (-0.208, 0.231), (-0.207, 0.23), (-0.207, 0.23), (-0.206, 0.229), (-0.206, 0.228), (-0.205, 0.227), (-0.204, 0.226), (-0.204, 0.226), (-0.203, 0.225), (-0.203, 0.224), (-0.202, 0.223), (-0.201, 0.222), (-0.201, 0.222), (-0.2, 0.221), (-0.2, 0.22), (-0.199, 0.219), (-0.199, 0.218), (-0.198, 0.218), (-0.197, 0.217), (-0.197, 0.216), (-0.196, 0.215), (-0.196, 0.214), (-0.195, 0.214), (-0.194, 0.213), (-0.194, 0.212), (-0.193, 0.211), (-0.193, 0.21), (-0.192, 0.209), (-0.192, 0.209), (-0.191, 0.208), (-0.19, 0.207), (-0.19, 0.206), (-0.189, 0.205), (-0.189, 0.205), (-0.188, 0.204), (-0.188, 0.203), (-0.187, 0.202), (-0.186, 0.201), (-0.186, 0.201), (-0.185, 0.2), (-0.185, 0.199), (-0.184, 0.198), (-0.184, 0.198), (-0.183, 0.197), (-0.182, 0.196), (-0.182, 0.195), (-0.181, 0.194), (-0.181, 0.194), (-0.18, 0.193), (-0.18, 0.192), (-0.179, 0.191), (-0.178, 0.19), (-0.178, 0.19), (-0.177, 0.189), (-0.177, 0.188), (-0.176, 0.187), (-0.176, 0.186), (-0.175, 0.186), (-0.174, 0.185), (-0.174, 0.184), (-0.173, 0.183), (-0.173, 0.182), (-0.172, 0.182), (-0.172, 0.181), (-0.171, 0.18), (-0.171, 0.179), (-0.17, 0.179), (-0.169, 0.178), (-0.169, 0.177), (-0.168, 0.176), (-0.168, 0.175), (-0.167, 0.175), (-0.167, 0.174), (-0.166, 0.173), (-0.166, 0.172), (-0.165, 0.172), (-0.164, 0.171), (-0.164, 0.17), (-0.163, 0.169), (-0.163, 0.168), (-0.162, 0.168), (-0.162, 0.167), (-0.161, 0.166), (-0.161, 0.165), (-0.16, 0.165), (-0.16, 0.164), (-0.159, 0.163), (-0.158, 0.162), (-0.158, 0.161), (-0.157, 0.161), (-0.157, 0.16), (-0.156, 0.159), (-0.156, 0.158), (-0.155, 0.158), (-0.155, 0.157), (-0.154, 0.156)], total_steps=3141

# Recent Trend: IMPROVING (ball count decreasing) - Last 3 iterations: [193, 176, 193, 194, 194, 190, 197, 197, 197, 165]



Now you are at iteration 320 out of 510.  Please provide the results in the indicated format. Do not provide any additional texts.


