iter,timestamp,tag,w0,w1,w2,w3,w4,w5,w6,w7,w8,w9,w10,w11,w12,w13,w14,w15,w16,w17,w18,w19
-4,2026-02-18 03-45-56,executed,20.0,30.0,-20.0,15.0,-10.0,5.0,-5.0,5.0,-10.0,15.0,-20.0,0.0,40.0,30.0,20.0,10.0,-10.0,-20.0,-30.0,-40.0
-3,2026-02-18 03-46-14,proposed,20.0,30.0,-20.0,15.0,-10.0,5.0,-5.0,5.0,-10.0,15.0,-20.0,0.0,40.0,30.0,20.0,10.0,-10.0,-20.0,-30.0,-40.0
-3,2026-02-18 03-46-14,executed,80.0,-80.0,60.0,-60.0,40.0,-40.0,20.0,-20.0,10.0,-10.0,0.0,30.0,-30.0,60.0,-60.0,90.0,-90.0,120.0,-120.0,0.0
-2,2026-02-18 03-46-34,proposed,80.0,-80.0,60.0,-60.0,40.0,-40.0,20.0,-20.0,10.0,-10.0,0.0,30.0,-30.0,60.0,-60.0,90.0,-90.0,120.0,-120.0,0.0
-2,2026-02-18 03-46-34,executed,1.0,30.0,25.0,35.0,30.0,-20.0,-55.0,-50.0,-45.0,-70.0,45.0,-30.0,0.0,55.0,15.0,35.0,10.0,35.0,20.0,-45.0
-1,2026-02-18 03-46-52,proposed,1.0,30.0,25.0,35.0,30.0,-20.0,-55.0,-50.0,-45.0,-70.0,45.0,-30.0,0.0,55.0,15.0,35.0,10.0,35.0,20.0,-45.0
-1,2026-02-18 03-46-52,executed,20.0,50.0,-50.0,50.0,-50.0,50.0,-50.0,50.0,-50.0,50.0,-50.0,-50.0,50.0,-50.0,50.0,-50.0,50.0,-50.0,50.0,-50.0
0,2026-02-18 03-47-11,proposed,20.0,50.0,-50.0,50.0,-50.0,50.0,-50.0,50.0,-50.0,50.0,-50.0,-50.0,50.0,-50.0,50.0,-50.0,50.0,-50.0,50.0,-50.0
0,2026-02-18 03-47-11,executed,20.0,50.0,-50.0,50.0,-50.0,50.0,-50.0,50.0,-50.0,50.0,-50.0,-50.0,50.0,-50.0,50.0,-50.0,50.0,-50.0,50.0,-50.0
1,2026-02-18 03-48-37,proposed,0.0,0.0,0.0,0.0,0.0,0.0,0.0,0.0,0.0,0.0,0.0,0.0,0.0,0.0,0.0,0.0,0.0,0.0,0.0,0.0
1,2026-02-18 03-48-37,executed,0.0,0.0,0.0,0.0,0.0,0.0,0.0,0.0,0.0,0.0,0.0,0.0,0.0,0.0,0.0,0.0,0.0,0.0,0.0,0.0
2,2026-02-18 03-49-10,proposed,40.0,60.0,-40.0,30.0,-20.0,10.0,-10.0,10.0,-20.0,30.0,-40.0,0.0,80.0,60.0,40.0,20.0,-20.0,-40.0,-60.0,-80.0
2,2026-02-18 03-49-10,executed,40.0,60.0,-40.0,30.0,-20.0,10.0,-10.0,10.0,-20.0,30.0,-40.0,0.0,80.0,60.0,40.0,20.0,-20.0,-40.0,-60.0,-80.0
3,2026-02-18 03-49-38,proposed,80.0,-40.0,40.0,-40.0,40.0,-40.0,40.0,-40.0,40.0,-40.0,-80.0,80.0,-80.0,80.0,-80.0,80.0,-80.0,80.0,-80.0,80.0
3,2026-02-18 03-49-38,executed,80.0,-40.0,40.0,-40.0,40.0,-40.0,40.0,-40.0,40.0,-40.0,-80.0,80.0,-80.0,80.0,-80.0,80.0,-80.0,80.0,-80.0,80.0
4,2026-02-18 03-50-19,proposed,100.0,90.0,80.0,70.0,60.0,50.0,40.0,30.0,20.0,10.0,0.0,20.0,40.0,60.0,80.0,60.0,40.0,20.0,0.0,-20.0
4,2026-02-18 03-50-19,executed,100.0,90.0,80.0,70.0,60.0,50.0,40.0,30.0,20.0,10.0,0.0,20.0,40.0,60.0,80.0,60.0,40.0,20.0,0.0,-20.0
5,2026-02-18 03-50-51,proposed,-20.0,-15.0,-10.0,-5.0,0.0,5.0,10.0,15.0,20.0,25.0,0.0,20.0,40.0,60.0,40.0,20.0,0.0,-20.0,-40.0,-60.0
5,2026-02-18 03-50-51,executed,-20.0,-15.0,-10.0,-5.0,0.0,5.0,10.0,15.0,20.0,25.0,0.0,20.0,40.0,60.0,40.0,20.0,0.0,-20.0,-40.0,-60.0
6,2026-02-18 03-51-18,proposed,80.0,70.0,60.0,50.0,40.0,30.0,20.0,10.0,0.0,0.0,60.0,30.0,0.0,-30.0,-60.0,-30.0,0.0,30.0,60.0,30.0
6,2026-02-18 03-51-18,executed,80.0,70.0,60.0,50.0,40.0,30.0,20.0,10.0,0.0,0.0,60.0,30.0,0.0,-30.0,-60.0,-30.0,0.0,30.0,60.0,30.0
7,2026-02-18 03-51-47,proposed,20.0,30.0,40.0,50.0,60.0,70.0,80.0,90.0,100.0,110.0,0.0,30.0,-30.0,30.0,-30.0,30.0,-30.0,30.0,-30.0,30.0
7,2026-02-18 03-51-47,executed,20.0,30.0,40.0,50.0,60.0,70.0,80.0,90.0,100.0,110.0,0.0,30.0,-30.0,30.0,-30.0,30.0,-30.0,30.0,-30.0,30.0
8,2026-02-18 03-52-19,proposed,1.0,80.0,60.0,40.0,20.0,0.0,0.0,0.0,0.0,0.0,0.0,0.0,20.0,-40.0,60.0,-80.0,100.0,-80.0,60.0,-40.0
8,2026-02-18 03-52-19,executed,1.0,80.0,60.0,40.0,20.0,0.0,0.0,0.0,0.0,0.0,0.0,0.0,20.0,-40.0,60.0,-80.0,100.0,-80.0,60.0,-40.0
9,2026-02-18 03-52-52,proposed,10.0,20.0,30.0,40.0,50.0,60.0,70.0,80.0,90.0,100.0,50.0,-50.0,50.0,-50.0,50.0,-50.0,50.0,-50.0,50.0,-50.0
9,2026-02-18 03-52-52,executed,10.0,20.0,30.0,40.0,50.0,60.0,70.0,80.0,90.0,100.0,50.0,-50.0,50.0,-50.0,50.0,-50.0,50.0,-50.0,50.0,-50.0
10,2026-02-18 03-53-21,proposed,10.0,20.0,30.0,40.0,50.0,60.0,70.0,80.0,90.0,100.0,0.0,50.0,-50.0,50.0,-50.0,50.0,-50.0,50.0,-50.0,50.0
10,2026-02-18 03-53-21,executed,10.0,20.0,30.0,40.0,50.0,60.0,70.0,80.0,90.0,100.0,0.0,50.0,-50.0,50.0,-50.0,50.0,-50.0,50.0,-50.0,50.0
11,2026-02-18 03-54-00,proposed,100.0,90.0,80.0,70.0,60.0,50.0,40.0,30.0,20.0,10.0,-130.0,130.0,-130.0,130.0,-130.0,130.0,-130.0,130.0,-130.0,130.0
11,2026-02-18 03-54-00,executed,100.0,90.0,80.0,70.0,60.0,50.0,40.0,30.0,20.0,10.0,-130.0,130.0,-130.0,130.0,-130.0,130.0,-130.0,130.0,-130.0,130.0
12,2026-02-18 03-54-32,proposed,-80.0,-60.0,-40.0,-20.0,0.0,20.0,40.0,60.0,80.0,100.0,0.0,120.0,-120.0,120.0,-120.0,120.0,-120.0,120.0,-120.0,120.0
12,2026-02-18 03-54-32,executed,-80.0,-60.0,-40.0,-20.0,0.0,20.0,40.0,60.0,80.0,100.0,0.0,120.0,-120.0,120.0,-120.0,120.0,-120.0,120.0,-120.0,120.0
13,2026-02-18 03-55-06,proposed,-90.0,-70.0,-50.0,-30.0,-10.0,10.0,30.0,50.0,70.0,90.0,0.0,140.0,-140.0,140.0,-140.0,140.0,-140.0,140.0,-140.0,140.0
13,2026-02-18 03-55-06,executed,-90.0,-70.0,-50.0,-30.0,-10.0,10.0,30.0,50.0,70.0,90.0,0.0,140.0,-140.0,140.0,-140.0,140.0,-140.0,140.0,-140.0,140.0
14,2026-02-18 03-55-42,proposed,-80.0,-60.0,-40.0,-20.0,0.0,20.0,40.0,60.0,80.0,100.0,0.0,130.0,0.0,-130.0,0.0,130.0,0.0,-130.0,0.0,130.0
14,2026-02-18 03-55-42,executed,-80.0,-60.0,-40.0,-20.0,0.0,20.0,40.0,60.0,80.0,100.0,0.0,130.0,0.0,-130.0,0.0,130.0,0.0,-130.0,0.0,130.0
15,2026-02-18 03-56-14,proposed,-100.0,-80.0,-60.0,-40.0,-20.0,0.0,20.0,40.0,60.0,80.0,0.0,180.0,-180.0,180.0,-180.0,180.0,-180.0,180.0,-180.0,180.0
15,2026-02-18 03-56-14,executed,-100.0,-80.0,-60.0,-40.0,-20.0,0.0,20.0,40.0,60.0,80.0,0.0,180.0,-180.0,180.0,-180.0,180.0,-180.0,180.0,-180.0,180.0
16,2026-02-18 03-56-45,proposed,-50.0,-40.0,-30.0,-20.0,-10.0,0.0,10.0,20.0,30.0,40.0,0.0,80.0,-80.0,80.0,-80.0,80.0,-80.0,80.0,-80.0,80.0
16,2026-02-18 03-56-45,executed,-50.0,-40.0,-30.0,-20.0,-10.0,0.0,10.0,20.0,30.0,40.0,0.0,80.0,-80.0,80.0,-80.0,80.0,-80.0,80.0,-80.0,80.0
17,2026-02-18 03-57-17,proposed,-80.0,-60.0,-40.0,-20.0,0.0,20.0,40.0,60.0,80.0,100.0,-180.0,180.0,-180.0,180.0,-180.0,180.0,-180.0,180.0,-180.0,180.0
17,2026-02-18 03-57-17,executed,-80.0,-60.0,-40.0,-20.0,0.0,20.0,40.0,60.0,80.0,100.0,-180.0,180.0,-180.0,180.0,-180.0,180.0,-180.0,180.0,-180.0,180.0
18,2026-02-18 03-57-50,proposed,-40.0,-30.0,-20.0,-10.0,0.0,10.0,20.0,30.0,40.0,50.0,100.0,-100.0,100.0,-100.0,100.0,-100.0,100.0,-100.0,100.0,-100.0
18,2026-02-18 03-57-50,executed,-40.0,-30.0,-20.0,-10.0,0.0,10.0,20.0,30.0,40.0,50.0,100.0,-100.0,100.0,-100.0,100.0,-100.0,100.0,-100.0,100.0,-100.0
19,2026-02-18 03-58-23,proposed,-120.0,-100.0,-80.0,-60.0,-40.0,-20.0,0.0,20.0,40.0,60.0,0.0,200.0,-200.0,200.0,-200.0,200.0,-200.0,200.0,-200.0,200.0
19,2026-02-18 03-58-23,executed,-120.0,-100.0,-80.0,-60.0,-40.0,-20.0,0.0,20.0,40.0,60.0,0.0,200.0,-200.0,200.0,-200.0,200.0,-200.0,200.0,-200.0,200.0
20,2026-02-18 03-58-59,proposed,-100.0,-80.0,-60.0,-40.0,-20.0,0.0,20.0,40.0,60.0,80.0,0.0,150.0,-150.0,150.0,-150.0,150.0,-150.0,150.0,-150.0,150.0
20,2026-02-18 03-58-59,executed,-100.0,-80.0,-60.0,-40.0,-20.0,0.0,20.0,40.0,60.0,80.0,0.0,150.0,-150.0,150.0,-150.0,150.0,-150.0,150.0,-150.0,150.0
21,2026-02-18 03-59-36,proposed,-140.0,-120.0,-100.0,-80.0,-60.0,-40.0,-20.0,0.0,20.0,40.0,0.0,180.0,-180.0,180.0,-180.0,180.0,-180.0,180.0,-180.0,180.0
21,2026-02-18 03-59-36,executed,-140.0,-120.0,-100.0,-80.0,-60.0,-40.0,-20.0,0.0,20.0,40.0,0.0,180.0,-180.0,180.0,-180.0,180.0,-180.0,180.0,-180.0,180.0
22,2026-02-18 04-00-19,proposed,-140.0,-120.0,-100.0,-80.0,-60.0,-40.0,-20.0,0.0,20.0,160.0,0.0,200.0,-200.0,200.0,-200.0,200.0,-200.0,200.0,-200.0,200.0
22,2026-02-18 04-00-19,executed,-140.0,-120.0,-100.0,-80.0,-60.0,-40.0,-20.0,0.0,20.0,160.0,0.0,200.0,-200.0,200.0,-200.0,200.0,-200.0,200.0,-200.0,200.0
23,2026-02-18 04-00-55,proposed,-150.0,-130.0,-110.0,-90.0,-70.0,-50.0,-30.0,-10.0,10.0,30.0,0.0,250.0,-250.0,250.0,-250.0,250.0,-250.0,250.0,-250.0,250.0
23,2026-02-18 04-00-55,executed,-150.0,-130.0,-110.0,-90.0,-70.0,-50.0,-30.0,-10.0,10.0,30.0,0.0,250.0,-250.0,250.0,-250.0,250.0,-250.0,250.0,-250.0,250.0
24,2026-02-18 04-01-33,proposed,-120.0,-100.0,-80.0,-60.0,-40.0,-20.0,0.0,20.0,40.0,200.0,0.0,250.0,-250.0,250.0,-250.0,250.0,-250.0,250.0,-250.0,250.0
24,2026-02-18 04-01-33,executed,-120.0,-100.0,-80.0,-60.0,-40.0,-20.0,0.0,20.0,40.0,200.0,0.0,250.0,-250.0,250.0,-250.0,250.0,-250.0,250.0,-250.0,250.0
25,2026-02-18 04-02-12,proposed,-80.0,-60.0,-40.0,-20.0,0.0,20.0,40.0,60.0,80.0,100.0,0.0,200.0,-200.0,200.0,-200.0,200.0,-200.0,200.0,-200.0,200.0
25,2026-02-18 04-02-12,executed,-80.0,-60.0,-40.0,-20.0,0.0,20.0,40.0,60.0,80.0,100.0,0.0,200.0,-200.0,200.0,-200.0,200.0,-200.0,200.0,-200.0,200.0
26,2026-02-18 04-02-50,proposed,-150.0,-120.0,-90.0,-60.0,-30.0,0.0,30.0,60.0,90.0,120.0,0.0,200.0,-200.0,200.0,-200.0,200.0,-200.0,200.0,-200.0,200.0
26,2026-02-18 04-02-50,executed,-150.0,-120.0,-90.0,-60.0,-30.0,0.0,30.0,60.0,90.0,120.0,0.0,200.0,-200.0,200.0,-200.0,200.0,-200.0,200.0,-200.0,200.0
27,2026-02-18 04-03-27,proposed,-120.0,-100.0,-80.0,-60.0,-40.0,-20.0,0.0,20.0,40.0,80.0,0.0,200.0,-200.0,200.0,-200.0,200.0,-200.0,200.0,-200.0,200.0
27,2026-02-18 04-03-27,executed,-120.0,-100.0,-80.0,-60.0,-40.0,-20.0,0.0,20.0,40.0,80.0,0.0,200.0,-200.0,200.0,-200.0,200.0,-200.0,200.0,-200.0,200.0
28,2026-02-18 04-04-54,proposed,-120.0,-100.0,-80.0,-60.0,-40.0,-20.0,0.0,20.0,40.0,60.0,0.0,250.0,-250.0,250.0,-250.0,250.0,-250.0,250.0,-250.0,250.0
28,2026-02-18 04-04-54,executed,-120.0,-100.0,-80.0,-60.0,-40.0,-20.0,0.0,20.0,40.0,60.0,0.0,250.0,-250.0,250.0,-250.0,250.0,-250.0,250.0,-250.0,250.0
29,2026-02-18 04-06-22,proposed,-140.0,-120.0,-100.0,-80.0,-60.0,-40.0,-20.0,0.0,20.0,40.0,0.0,250.0,-250.0,250.0,-250.0,250.0,-250.0,250.0,-250.0,250.0
29,2026-02-18 04-06-22,executed,-140.0,-120.0,-100.0,-80.0,-60.0,-40.0,-20.0,0.0,20.0,40.0,0.0,250.0,-250.0,250.0,-250.0,250.0,-250.0,250.0,-250.0,250.0
30,2026-02-18 04-07-44,proposed,-120.0,-100.0,-80.0,-60.0,-40.0,-20.0,0.0,20.0,40.0,60.0,0.0,300.0,-300.0,300.0,-300.0,300.0,-300.0,300.0,-300.0,300.0
30,2026-02-18 04-07-44,executed,-120.0,-100.0,-80.0,-60.0,-40.0,-20.0,0.0,20.0,40.0,60.0,0.0,300.0,-300.0,300.0,-300.0,300.0,-300.0,300.0,-300.0,300.0
31,2026-02-18 04-09-10,proposed,-140.0,-120.0,-100.0,-80.0,-60.0,-40.0,-20.0,0.0,20.0,140.0,0.0,250.0,-250.0,250.0,-250.0,250.0,-250.0,250.0,-250.0,250.0
31,2026-02-18 04-09-10,executed,-140.0,-120.0,-100.0,-80.0,-60.0,-40.0,-20.0,0.0,20.0,140.0,0.0,250.0,-250.0,250.0,-250.0,250.0,-250.0,250.0,-250.0,250.0
32,2026-02-18 04-10-42,proposed,-100.0,-80.0,-60.0,-40.0,-20.0,0.0,20.0,40.0,60.0,80.0,0.0,200.0,-200.0,200.0,-200.0,200.0,-200.0,200.0,-200.0,200.0
32,2026-02-18 04-10-42,executed,-100.0,-80.0,-60.0,-40.0,-20.0,0.0,20.0,40.0,60.0,80.0,0.0,200.0,-200.0,200.0,-200.0,200.0,-200.0,200.0,-200.0,200.0
33,2026-02-18 04-12-13,proposed,-120.0,-100.0,-80.0,-60.0,-40.0,-20.0,0.0,20.0,40.0,100.0,0.0,200.0,-200.0,200.0,-200.0,200.0,-200.0,200.0,-200.0,200.0
33,2026-02-18 04-12-13,executed,-120.0,-100.0,-80.0,-60.0,-40.0,-20.0,0.0,20.0,40.0,100.0,0.0,200.0,-200.0,200.0,-200.0,200.0,-200.0,200.0,-200.0,200.0
34,2026-02-18 04-13-45,proposed,-150.0,-130.0,-110.0,-90.0,-70.0,-50.0,-30.0,-10.0,10.0,30.0,0.0,200.0,-200.0,200.0,-200.0,200.0,-200.0,200.0,-200.0,200.0
34,2026-02-18 04-13-45,executed,-150.0,-130.0,-110.0,-90.0,-70.0,-50.0,-30.0,-10.0,10.0,30.0,0.0,200.0,-200.0,200.0,-200.0,200.0,-200.0,200.0,-200.0,200.0
35,2026-02-18 04-15-19,proposed,-150.0,-120.0,-90.0,-60.0,-30.0,0.0,30.0,60.0,90.0,120.0,50.0,-300.0,300.0,-300.0,300.0,-300.0,300.0,-300.0,300.0,-300.0
35,2026-02-18 04-15-19,executed,-150.0,-120.0,-90.0,-60.0,-30.0,0.0,30.0,60.0,90.0,120.0,50.0,-300.0,300.0,-300.0,300.0,-300.0,300.0,-300.0,300.0,-300.0
36,2026-02-18 04-16-45,proposed,-140.0,-120.0,-100.0,-80.0,-60.0,-40.0,-20.0,0.0,20.0,100.0,0.0,250.0,-250.0,250.0,-250.0,250.0,-250.0,250.0,-250.0,250.0
36,2026-02-18 04-16-45,executed,-140.0,-120.0,-100.0,-80.0,-60.0,-40.0,-20.0,0.0,20.0,100.0,0.0,250.0,-250.0,250.0,-250.0,250.0,-250.0,250.0,-250.0,250.0
37,2026-02-18 04-18-12,proposed,-140.0,-120.0,-100.0,-80.0,-60.0,-40.0,-20.0,0.0,20.0,40.0,0.0,180.0,-180.0,180.0,-180.0,180.0,-180.0,180.0,-180.0,180.0
37,2026-02-18 04-18-12,executed,-140.0,-120.0,-100.0,-80.0,-60.0,-40.0,-20.0,0.0,20.0,40.0,0.0,180.0,-180.0,180.0,-180.0,180.0,-180.0,180.0,-180.0,180.0
38,2026-02-18 04-19-42,proposed,-160.0,-140.0,-120.0,-100.0,-80.0,-60.0,-40.0,-20.0,0.0,60.0,0.0,250.0,-250.0,250.0,-250.0,250.0,-250.0,250.0,-250.0,250.0
38,2026-02-18 04-19-42,executed,-160.0,-140.0,-120.0,-100.0,-80.0,-60.0,-40.0,-20.0,0.0,60.0,0.0,250.0,-250.0,250.0,-250.0,250.0,-250.0,250.0,-250.0,250.0
39,2026-02-18 04-21-08,proposed,-130.0,-110.0,-90.0,-70.0,-50.0,-30.0,-10.0,10.0,30.0,50.0,0.0,210.0,-210.0,210.0,-210.0,210.0,-210.0,210.0,-210.0,210.0
39,2026-02-18 04-21-08,executed,-130.0,-110.0,-90.0,-70.0,-50.0,-30.0,-10.0,10.0,30.0,50.0,0.0,210.0,-210.0,210.0,-210.0,210.0,-210.0,210.0,-210.0,210.0
40,2026-02-18 04-22-32,proposed,-120.0,-100.0,-80.0,-60.0,-40.0,-20.0,0.0,20.0,40.0,60.0,0.0,-200.0,200.0,-200.0,200.0,-200.0,200.0,-200.0,200.0,-200.0
40,2026-02-18 04-22-32,executed,-120.0,-100.0,-80.0,-60.0,-40.0,-20.0,0.0,20.0,40.0,60.0,0.0,-200.0,200.0,-200.0,200.0,-200.0,200.0,-200.0,200.0,-200.0
41,2026-02-18 04-24-00,proposed,-130.0,-110.0,-90.0,-70.0,-50.0,-30.0,-10.0,10.0,30.0,150.0,0.0,200.0,-200.0,200.0,-200.0,200.0,-200.0,200.0,-200.0,200.0
41,2026-02-18 04-24-00,executed,-130.0,-110.0,-90.0,-70.0,-50.0,-30.0,-10.0,10.0,30.0,150.0,0.0,200.0,-200.0,200.0,-200.0,200.0,-200.0,200.0,-200.0,200.0
42,2026-02-18 04-25-28,proposed,-120.0,-100.0,-80.0,-60.0,-40.0,-20.0,0.0,20.0,40.0,80.0,0.0,260.0,-260.0,260.0,-260.0,260.0,-260.0,260.0,-260.0,260.0
42,2026-02-18 04-25-28,executed,-120.0,-100.0,-80.0,-60.0,-40.0,-20.0,0.0,20.0,40.0,80.0,0.0,260.0,-260.0,260.0,-260.0,260.0,-260.0,260.0,-260.0,260.0
43,2026-02-18 04-26-54,proposed,-130.0,-110.0,-90.0,-70.0,-50.0,-30.0,-10.0,10.0,30.0,110.0,0.0,250.0,-250.0,250.0,-250.0,250.0,-250.0,250.0,-250.0,250.0
43,2026-02-18 04-26-54,executed,-130.0,-110.0,-90.0,-70.0,-50.0,-30.0,-10.0,10.0,30.0,110.0,0.0,250.0,-250.0,250.0,-250.0,250.0,-250.0,250.0,-250.0,250.0
44,2026-02-18 04-28-21,proposed,-140.0,-120.0,-100.0,-80.0,-60.0,-40.0,-20.0,0.0,20.0,100.0,0.0,250.0,-250.0,250.0,-250.0,250.0,-250.0,250.0,-250.0,250.0
44,2026-02-18 04-28-21,executed,-140.0,-120.0,-100.0,-80.0,-60.0,-40.0,-20.0,0.0,20.0,100.0,0.0,250.0,-250.0,250.0,-250.0,250.0,-250.0,250.0,-250.0,250.0
45,2026-02-18 04-30-05,proposed,-160.0,-140.0,-120.0,-100.0,-80.0,-60.0,-40.0,-20.0,0.0,80.0,-50.0,250.0,-250.0,250.0,-250.0,250.0,-250.0,250.0,-250.0,250.0
45,2026-02-18 04-30-06,executed,-160.0,-140.0,-120.0,-100.0,-80.0,-60.0,-40.0,-20.0,0.0,80.0,-50.0,250.0,-250.0,250.0,-250.0,250.0,-250.0,250.0,-250.0,250.0
46,2026-02-18 04-31-45,proposed,-140.0,-120.0,-100.0,-80.0,-60.0,-40.0,-20.0,0.0,20.0,120.0,0.0,220.0,-220.0,220.0,-220.0,220.0,-220.0,220.0,-220.0,220.0
46,2026-02-18 04-31-45,executed,-140.0,-120.0,-100.0,-80.0,-60.0,-40.0,-20.0,0.0,20.0,120.0,0.0,220.0,-220.0,220.0,-220.0,220.0,-220.0,220.0,-220.0,220.0
47,2026-02-18 04-33-15,proposed,-140.0,-120.0,-100.0,-80.0,-60.0,-40.0,-20.0,0.0,20.0,100.0,0.0,250.0,-250.0,250.0,-250.0,250.0,-250.0,250.0,-250.0,250.0
47,2026-02-18 04-33-15,executed,-140.0,-120.0,-100.0,-80.0,-60.0,-40.0,-20.0,0.0,20.0,100.0,0.0,250.0,-250.0,250.0,-250.0,250.0,-250.0,250.0,-250.0,250.0
48,2026-02-18 04-34-47,proposed,-120.0,-100.0,-80.0,-60.0,-40.0,-20.0,0.0,20.0,40.0,120.0,0.0,250.0,-250.0,250.0,-250.0,250.0,-250.0,250.0,-250.0,250.0
48,2026-02-18 04-34-47,executed,-120.0,-100.0,-80.0,-60.0,-40.0,-20.0,0.0,20.0,40.0,120.0,0.0,250.0,-250.0,250.0,-250.0,250.0,-250.0,250.0,-250.0,250.0
49,2026-02-18 04-36-17,proposed,-120.0,-100.0,-80.0,-60.0,-40.0,-20.0,0.0,20.0,40.0,100.0,0.0,200.0,-200.0,200.0,-200.0,200.0,-200.0,200.0,-200.0,200.0
49,2026-02-18 04-36-17,executed,-120.0,-100.0,-80.0,-60.0,-40.0,-20.0,0.0,20.0,40.0,100.0,0.0,200.0,-200.0,200.0,-200.0,200.0,-200.0,200.0,-200.0,200.0
50,2026-02-18 04-37-52,proposed,-120.0,-100.0,-80.0,-60.0,-40.0,-20.0,0.0,20.0,40.0,80.0,0.0,250.0,-250.0,250.0,-250.0,250.0,-250.0,250.0,-250.0,250.0
50,2026-02-18 04-37-52,executed,-120.0,-100.0,-80.0,-60.0,-40.0,-20.0,0.0,20.0,40.0,80.0,0.0,250.0,-250.0,250.0,-250.0,250.0,-250.0,250.0,-250.0,250.0
51,2026-02-18 04-39-16,proposed,-140.0,-120.0,-100.0,-80.0,-60.0,-40.0,-20.0,0.0,20.0,160.0,0.0,250.0,-250.0,250.0,-250.0,250.0,-250.0,250.0,-250.0,250.0
51,2026-02-18 04-39-16,executed,-140.0,-120.0,-100.0,-80.0,-60.0,-40.0,-20.0,0.0,20.0,160.0,0.0,250.0,-250.0,250.0,-250.0,250.0,-250.0,250.0,-250.0,250.0
52,2026-02-18 04-40-51,proposed,-70.0,-50.0,-30.0,-10.0,10.0,30.0,50.0,70.0,90.0,130.0,0.0,250.0,-250.0,250.0,-250.0,250.0,-250.0,250.0,-250.0,250.0
52,2026-02-18 04-40-51,executed,-70.0,-50.0,-30.0,-10.0,10.0,30.0,50.0,70.0,90.0,130.0,0.0,250.0,-250.0,250.0,-250.0,250.0,-250.0,250.0,-250.0,250.0
53,2026-02-18 04-42-16,proposed,-120.0,-100.0,-80.0,-60.0,-40.0,-20.0,0.0,20.0,40.0,140.0,0.0,250.0,-250.0,250.0,-250.0,250.0,-250.0,250.0,-250.0,250.0
53,2026-02-18 04-42-16,executed,-120.0,-100.0,-80.0,-60.0,-40.0,-20.0,0.0,20.0,40.0,140.0,0.0,250.0,-250.0,250.0,-250.0,250.0,-250.0,250.0,-250.0,250.0
54,2026-02-18 04-43-53,proposed,-120.0,-100.0,-80.0,-60.0,-40.0,-20.0,0.0,20.0,40.0,100.0,0.0,250.0,-250.0,250.0,-250.0,250.0,-250.0,250.0,-250.0,250.0
54,2026-02-18 04-43-53,executed,-120.0,-100.0,-80.0,-60.0,-40.0,-20.0,0.0,20.0,40.0,100.0,0.0,250.0,-250.0,250.0,-250.0,250.0,-250.0,250.0,-250.0,250.0
55,2026-02-18 04-45-30,proposed,-150.0,-130.0,-110.0,-90.0,-70.0,-50.0,-30.0,-10.0,10.0,200.0,0.0,300.0,-300.0,300.0,-300.0,300.0,-300.0,300.0,-300.0,300.0
55,2026-02-18 04-45-30,executed,-150.0,-130.0,-110.0,-90.0,-70.0,-50.0,-30.0,-10.0,10.0,200.0,0.0,300.0,-300.0,300.0,-300.0,300.0,-300.0,300.0,-300.0,300.0
56,2026-02-18 04-46-57,proposed,-120.0,-100.0,-80.0,-60.0,-40.0,-20.0,0.0,20.0,40.0,80.0,0.0,300.0,-300.0,300.0,-300.0,300.0,-300.0,300.0,-300.0,300.0
56,2026-02-18 04-46-57,executed,-120.0,-100.0,-80.0,-60.0,-40.0,-20.0,0.0,20.0,40.0,80.0,0.0,300.0,-300.0,300.0,-300.0,300.0,-300.0,300.0,-300.0,300.0
57,2026-02-18 04-48-26,proposed,-120.0,-100.0,-80.0,-60.0,-40.0,-20.0,0.0,20.0,40.0,80.0,0.0,260.0,-260.0,260.0,-260.0,260.0,-260.0,260.0,-260.0,260.0
57,2026-02-18 04-48-26,executed,-120.0,-100.0,-80.0,-60.0,-40.0,-20.0,0.0,20.0,40.0,80.0,0.0,260.0,-260.0,260.0,-260.0,260.0,-260.0,260.0,-260.0,260.0
58,2026-02-18 04-50-06,proposed,-120.0,-100.0,-80.0,-60.0,-40.0,-20.0,0.0,20.0,40.0,120.0,0.0,250.0,-250.0,250.0,-250.0,250.0,-250.0,250.0,-250.0,250.0
58,2026-02-18 04-50-06,executed,-120.0,-100.0,-80.0,-60.0,-40.0,-20.0,0.0,20.0,40.0,120.0,0.0,250.0,-250.0,250.0,-250.0,250.0,-250.0,250.0,-250.0,250.0
59,2026-02-18 04-51-48,proposed,-120.0,-100.0,-80.0,-60.0,-40.0,-20.0,0.0,20.0,40.0,80.0,0.0,0.0,250.0,-250.0,250.0,-250.0,250.0,-250.0,250.0,-250.0
59,2026-02-18 04-51-48,executed,-120.0,-100.0,-80.0,-60.0,-40.0,-20.0,0.0,20.0,40.0,80.0,0.0,0.0,250.0,-250.0,250.0,-250.0,250.0,-250.0,250.0,-250.0
60,2026-02-18 04-53-18,proposed,-150.0,-130.0,-110.0,-90.0,-70.0,-50.0,-30.0,-10.0,10.0,90.0,300.0,-300.0,300.0,-300.0,300.0,-300.0,300.0,-300.0,300.0,-300.0
60,2026-02-18 04-53-18,executed,-150.0,-130.0,-110.0,-90.0,-70.0,-50.0,-30.0,-10.0,10.0,90.0,300.0,-300.0,300.0,-300.0,300.0,-300.0,300.0,-300.0,300.0,-300.0
61,2026-02-18 04-55-15,proposed,-120.0,-100.0,-80.0,-60.0,-40.0,-20.0,0.0,20.0,40.0,80.0,0.0,240.0,-240.0,240.0,-240.0,240.0,-240.0,240.0,-240.0,240.0
61,2026-02-18 04-55-15,executed,-120.0,-100.0,-80.0,-60.0,-40.0,-20.0,0.0,20.0,40.0,80.0,0.0,240.0,-240.0,240.0,-240.0,240.0,-240.0,240.0,-240.0,240.0
62,2026-02-18 04-56-57,proposed,-140.0,-120.0,-100.0,-80.0,-60.0,-40.0,-20.0,0.0,20.0,80.0,0.0,300.0,-300.0,300.0,-300.0,300.0,-300.0,300.0,-300.0,300.0
62,2026-02-18 04-56-57,executed,-140.0,-120.0,-100.0,-80.0,-60.0,-40.0,-20.0,0.0,20.0,80.0,0.0,300.0,-300.0,300.0,-300.0,300.0,-300.0,300.0,-300.0,300.0
63,2026-02-18 04-58-24,proposed,-120.0,-100.0,-80.0,-60.0,-40.0,-20.0,0.0,20.0,40.0,80.0,280.0,-280.0,280.0,-280.0,280.0,-280.0,280.0,-280.0,280.0,-280.0
63,2026-02-18 04-58-24,executed,-120.0,-100.0,-80.0,-60.0,-40.0,-20.0,0.0,20.0,40.0,80.0,280.0,-280.0,280.0,-280.0,280.0,-280.0,280.0,-280.0,280.0,-280.0
64,2026-02-18 05-00-02,proposed,-130.0,-110.0,-90.0,-70.0,-50.0,-30.0,-10.0,10.0,30.0,100.0,-50.0,300.0,-300.0,300.0,-300.0,300.0,-300.0,300.0,-300.0,300.0
64,2026-02-18 05-00-02,executed,-130.0,-110.0,-90.0,-70.0,-50.0,-30.0,-10.0,10.0,30.0,100.0,-50.0,300.0,-300.0,300.0,-300.0,300.0,-300.0,300.0,-300.0,300.0
65,2026-02-18 05-01-38,proposed,-120.0,-100.0,-80.0,-60.0,-40.0,-20.0,0.0,20.0,40.0,100.0,0.0,0.0,300.0,-300.0,300.0,-300.0,300.0,-300.0,300.0,-300.0
65,2026-02-18 05-01-38,executed,-120.0,-100.0,-80.0,-60.0,-40.0,-20.0,0.0,20.0,40.0,100.0,0.0,0.0,300.0,-300.0,300.0,-300.0,300.0,-300.0,300.0,-300.0
66,2026-02-18 05-03-31,proposed,-130.0,-110.0,-90.0,-70.0,-50.0,-30.0,-10.0,10.0,30.0,70.0,0.0,250.0,-250.0,250.0,-250.0,250.0,-250.0,250.0,-250.0,250.0
66,2026-02-18 05-03-32,executed,-130.0,-110.0,-90.0,-70.0,-50.0,-30.0,-10.0,10.0,30.0,70.0,0.0,250.0,-250.0,250.0,-250.0,250.0,-250.0,250.0,-250.0,250.0
67,2026-02-18 05-05-16,proposed,-120.0,-100.0,-80.0,-60.0,-40.0,-20.0,0.0,20.0,40.0,80.0,260.0,-260.0,260.0,-260.0,260.0,-260.0,260.0,-260.0,260.0,-260.0
67,2026-02-18 05-05-16,executed,-120.0,-100.0,-80.0,-60.0,-40.0,-20.0,0.0,20.0,40.0,80.0,260.0,-260.0,260.0,-260.0,260.0,-260.0,260.0,-260.0,260.0,-260.0
68,2026-02-18 05-06-49,proposed,-120.0,-100.0,-80.0,-60.0,-40.0,-20.0,0.0,20.0,40.0,80.0,0.0,-250.0,250.0,-250.0,250.0,-250.0,250.0,-250.0,250.0,-250.0
68,2026-02-18 05-06-49,executed,-120.0,-100.0,-80.0,-60.0,-40.0,-20.0,0.0,20.0,40.0,80.0,0.0,-250.0,250.0,-250.0,250.0,-250.0,250.0,-250.0,250.0,-250.0
69,2026-02-18 05-08-36,proposed,-120.0,-100.0,-80.0,-60.0,-40.0,-20.0,0.0,20.0,40.0,100.0,0.0,250.0,-250.0,250.0,-250.0,250.0,-250.0,250.0,-250.0,250.0
69,2026-02-18 05-08-36,executed,-120.0,-100.0,-80.0,-60.0,-40.0,-20.0,0.0,20.0,40.0,100.0,0.0,250.0,-250.0,250.0,-250.0,250.0,-250.0,250.0,-250.0,250.0
70,2026-02-18 05-10-04,proposed,-130.0,-110.0,-90.0,-70.0,-50.0,-30.0,-10.0,10.0,30.0,90.0,-20.0,250.0,-250.0,250.0,-250.0,250.0,-250.0,250.0,-250.0,250.0
70,2026-02-18 05-10-04,executed,-130.0,-110.0,-90.0,-70.0,-50.0,-30.0,-10.0,10.0,30.0,90.0,-20.0,250.0,-250.0,250.0,-250.0,250.0,-250.0,250.0,-250.0,250.0
71,2026-02-18 05-11-49,proposed,-120.0,-100.0,-80.0,-60.0,-40.0,-20.0,0.0,20.0,40.0,130.0,0.0,250.0,-250.0,250.0,-250.0,250.0,-250.0,250.0,-250.0,250.0
71,2026-02-18 05-11-49,executed,-120.0,-100.0,-80.0,-60.0,-40.0,-20.0,0.0,20.0,40.0,130.0,0.0,250.0,-250.0,250.0,-250.0,250.0,-250.0,250.0,-250.0,250.0
72,2026-02-18 05-13-20,proposed,-120.0,-100.0,-80.0,-60.0,-40.0,-20.0,0.0,20.0,80.0,120.0,0.0,250.0,-250.0,250.0,-250.0,250.0,-250.0,250.0,-250.0,250.0
72,2026-02-18 05-13-20,executed,-120.0,-100.0,-80.0,-60.0,-40.0,-20.0,0.0,20.0,80.0,120.0,0.0,250.0,-250.0,250.0,-250.0,250.0,-250.0,250.0,-250.0,250.0
73,2026-02-18 05-14-50,proposed,-120.0,-100.0,-80.0,-60.0,-40.0,-20.0,0.0,20.0,40.0,80.0,50.0,-250.0,250.0,-250.0,250.0,-250.0,250.0,-250.0,250.0,-250.0
73,2026-02-18 05-14-50,executed,-120.0,-100.0,-80.0,-60.0,-40.0,-20.0,0.0,20.0,40.0,80.0,50.0,-250.0,250.0,-250.0,250.0,-250.0,250.0,-250.0,250.0,-250.0
74,2026-02-18 05-16-22,proposed,-120.0,-100.0,-80.0,-60.0,-40.0,-20.0,0.0,20.0,40.0,90.0,260.0,-250.0,260.0,-250.0,260.0,-250.0,260.0,-250.0,260.0,-250.0
74,2026-02-18 05-16-22,executed,-120.0,-100.0,-80.0,-60.0,-40.0,-20.0,0.0,20.0,40.0,90.0,260.0,-250.0,260.0,-250.0,260.0,-250.0,260.0,-250.0,260.0,-250.0
75,2026-02-18 05-17-51,proposed,-120.0,-100.0,-80.0,-60.0,-40.0,-20.0,0.0,20.0,40.0,100.0,0.0,260.0,-260.0,260.0,-260.0,260.0,-260.0,260.0,-260.0,260.0
75,2026-02-18 05-17-51,executed,-120.0,-100.0,-80.0,-60.0,-40.0,-20.0,0.0,20.0,40.0,100.0,0.0,260.0,-260.0,260.0,-260.0,260.0,-260.0,260.0,-260.0,260.0
76,2026-02-18 05-19-17,proposed,-120.0,-100.0,-80.0,-60.0,-40.0,-20.0,0.0,20.0,40.0,140.0,0.0,250.0,-250.0,250.0,-250.0,250.0,-250.0,250.0,-250.0,250.0
76,2026-02-18 05-19-17,executed,-120.0,-100.0,-80.0,-60.0,-40.0,-20.0,0.0,20.0,40.0,140.0,0.0,250.0,-250.0,250.0,-250.0,250.0,-250.0,250.0,-250.0,250.0
77,2026-02-18 05-20-47,proposed,-120.0,-100.0,-80.0,-60.0,-40.0,-20.0,0.0,20.0,40.0,100.0,0.0,320.0,-320.0,320.0,-320.0,320.0,-320.0,320.0,-320.0,320.0
77,2026-02-18 05-20-47,executed,-120.0,-100.0,-80.0,-60.0,-40.0,-20.0,0.0,20.0,40.0,100.0,0.0,320.0,-320.0,320.0,-320.0,320.0,-320.0,320.0,-320.0,320.0
78,2026-02-18 05-22-22,proposed,-120.0,-100.0,-80.0,-60.0,-40.0,-20.0,0.0,20.0,40.0,130.0,0.0,250.0,-250.0,250.0,-250.0,250.0,-250.0,250.0,-250.0,250.0
78,2026-02-18 05-22-22,executed,-120.0,-100.0,-80.0,-60.0,-40.0,-20.0,0.0,20.0,40.0,130.0,0.0,250.0,-250.0,250.0,-250.0,250.0,-250.0,250.0,-250.0,250.0
79,2026-02-18 05-23-57,proposed,-120.0,-100.0,-80.0,-60.0,-40.0,-20.0,0.0,20.0,40.0,120.0,20.0,250.0,-250.0,250.0,-250.0,250.0,-250.0,250.0,-250.0,250.0
79,2026-02-18 05-23-57,executed,-120.0,-100.0,-80.0,-60.0,-40.0,-20.0,0.0,20.0,40.0,120.0,20.0,250.0,-250.0,250.0,-250.0,250.0,-250.0,250.0,-250.0,250.0
80,2026-02-18 05-25-24,proposed,-120.0,-100.0,-80.0,-60.0,-40.0,-20.0,0.0,20.0,40.0,80.0,20.0,270.0,-270.0,270.0,-270.0,270.0,-270.0,270.0,-270.0,270.0
80,2026-02-18 05-25-24,executed,-120.0,-100.0,-80.0,-60.0,-40.0,-20.0,0.0,20.0,40.0,80.0,20.0,270.0,-270.0,270.0,-270.0,270.0,-270.0,270.0,-270.0,270.0
81,2026-02-18 05-26-54,proposed,-120.0,-100.0,-80.0,-60.0,-40.0,-20.0,0.0,20.0,40.0,140.0,260.0,-260.0,260.0,-260.0,260.0,-260.0,260.0,-260.0,260.0,-260.0
81,2026-02-18 05-26-55,executed,-120.0,-100.0,-80.0,-60.0,-40.0,-20.0,0.0,20.0,40.0,140.0,260.0,-260.0,260.0,-260.0,260.0,-260.0,260.0,-260.0,260.0,-260.0
82,2026-02-18 05-28-25,proposed,-120.0,-100.0,-80.0,-60.0,-40.0,-20.0,0.0,20.0,40.0,80.0,20.0,260.0,-260.0,260.0,-260.0,260.0,-260.0,260.0,-260.0,260.0
82,2026-02-18 05-28-25,executed,-120.0,-100.0,-80.0,-60.0,-40.0,-20.0,0.0,20.0,40.0,80.0,20.0,260.0,-260.0,260.0,-260.0,260.0,-260.0,260.0,-260.0,260.0
83,2026-02-18 05-29-52,proposed,-120.0,-100.0,-80.0,-60.0,-40.0,-20.0,0.0,20.0,40.0,130.0,0.0,0.0,300.0,-300.0,300.0,-300.0,300.0,-300.0,300.0,-300.0
83,2026-02-18 05-29-52,executed,-120.0,-100.0,-80.0,-60.0,-40.0,-20.0,0.0,20.0,40.0,130.0,0.0,0.0,300.0,-300.0,300.0,-300.0,300.0,-300.0,300.0,-300.0
84,2026-02-18 05-31-22,proposed,-120.0,-100.0,-80.0,-60.0,-40.0,-20.0,0.0,20.0,40.0,80.0,350.0,-350.0,350.0,-350.0,350.0,-350.0,350.0,-350.0,350.0,-350.0
84,2026-02-18 05-31-22,executed,-120.0,-100.0,-80.0,-60.0,-40.0,-20.0,0.0,20.0,40.0,80.0,350.0,-350.0,350.0,-350.0,350.0,-350.0,350.0,-350.0,350.0,-350.0
85,2026-02-18 05-32-49,proposed,-120.0,-100.0,-80.0,-60.0,-40.0,-20.0,0.0,20.0,40.0,80.0,-20.0,260.0,-260.0,260.0,-260.0,260.0,-260.0,260.0,-260.0,260.0
85,2026-02-18 05-32-50,executed,-120.0,-100.0,-80.0,-60.0,-40.0,-20.0,0.0,20.0,40.0,80.0,-20.0,260.0,-260.0,260.0,-260.0,260.0,-260.0,260.0,-260.0,260.0
86,2026-02-18 05-34-20,proposed,-130.0,-110.0,-90.0,-70.0,-50.0,-30.0,-10.0,10.0,30.0,90.0,280.0,-280.0,280.0,-280.0,280.0,-280.0,280.0,-280.0,280.0,-280.0
86,2026-02-18 05-34-20,executed,-130.0,-110.0,-90.0,-70.0,-50.0,-30.0,-10.0,10.0,30.0,90.0,280.0,-280.0,280.0,-280.0,280.0,-280.0,280.0,-280.0,280.0,-280.0
87,2026-02-18 05-35-49,proposed,-140.0,-120.0,-100.0,-80.0,-60.0,-40.0,-20.0,0.0,20.0,120.0,300.0,-300.0,300.0,-300.0,300.0,-300.0,300.0,-300.0,300.0,-300.0
87,2026-02-18 05-35-49,executed,-140.0,-120.0,-100.0,-80.0,-60.0,-40.0,-20.0,0.0,20.0,120.0,300.0,-300.0,300.0,-300.0,300.0,-300.0,300.0,-300.0,300.0,-300.0
88,2026-02-18 05-37-32,proposed,-140.0,-120.0,-100.0,-80.0,-60.0,-40.0,-20.0,0.0,20.0,100.0,0.0,240.0,-240.0,240.0,-240.0,240.0,-240.0,240.0,-240.0,240.0
88,2026-02-18 05-37-32,executed,-140.0,-120.0,-100.0,-80.0,-60.0,-40.0,-20.0,0.0,20.0,100.0,0.0,240.0,-240.0,240.0,-240.0,240.0,-240.0,240.0,-240.0,240.0
89,2026-02-18 05-39-20,proposed,-130.0,-110.0,-90.0,-70.0,-50.0,-30.0,-10.0,10.0,30.0,130.0,20.0,300.0,-300.0,300.0,-300.0,300.0,-300.0,300.0,-300.0,300.0
89,2026-02-18 05-39-20,executed,-130.0,-110.0,-90.0,-70.0,-50.0,-30.0,-10.0,10.0,30.0,130.0,20.0,300.0,-300.0,300.0,-300.0,300.0,-300.0,300.0,-300.0,300.0
90,2026-02-18 05-40-54,proposed,-120.0,-100.0,-80.0,-60.0,-40.0,-20.0,0.0,20.0,40.0,80.0,50.0,-260.0,260.0,-260.0,260.0,-260.0,260.0,-260.0,260.0,-260.0
90,2026-02-18 05-40-54,executed,-120.0,-100.0,-80.0,-60.0,-40.0,-20.0,0.0,20.0,40.0,80.0,50.0,-260.0,260.0,-260.0,260.0,-260.0,260.0,-260.0,260.0,-260.0
91,2026-02-18 05-42-37,proposed,-120.0,-100.0,-80.0,-60.0,-40.0,-20.0,0.0,20.0,40.0,120.0,0.0,-260.0,260.0,-260.0,260.0,-260.0,260.0,-260.0,260.0,-260.0
91,2026-02-18 05-42-37,executed,-120.0,-100.0,-80.0,-60.0,-40.0,-20.0,0.0,20.0,40.0,120.0,0.0,-260.0,260.0,-260.0,260.0,-260.0,260.0,-260.0,260.0,-260.0
92,2026-02-18 05-44-18,proposed,-120.0,-100.0,-80.0,-60.0,-40.0,-20.0,0.0,20.0,40.0,100.0,0.0,300.0,-300.0,300.0,-300.0,300.0,-300.0,300.0,-300.0,300.0
92,2026-02-18 05-44-18,executed,-120.0,-100.0,-80.0,-60.0,-40.0,-20.0,0.0,20.0,40.0,100.0,0.0,300.0,-300.0,300.0,-300.0,300.0,-300.0,300.0,-300.0,300.0
93,2026-02-18 05-45-57,proposed,-130.0,-110.0,-90.0,-70.0,-50.0,-30.0,-10.0,10.0,30.0,90.0,30.0,-260.0,260.0,-260.0,260.0,-260.0,260.0,-260.0,260.0,-260.0
93,2026-02-18 05-45-57,executed,-130.0,-110.0,-90.0,-70.0,-50.0,-30.0,-10.0,10.0,30.0,90.0,30.0,-260.0,260.0,-260.0,260.0,-260.0,260.0,-260.0,260.0,-260.0
94,2026-02-18 05-47-31,proposed,-150.0,-130.0,-110.0,-90.0,-70.0,-50.0,-30.0,-10.0,10.0,90.0,300.0,-300.0,300.0,-300.0,300.0,-300.0,300.0,-300.0,300.0,-300.0
94,2026-02-18 05-47-31,executed,-150.0,-130.0,-110.0,-90.0,-70.0,-50.0,-30.0,-10.0,10.0,90.0,300.0,-300.0,300.0,-300.0,300.0,-300.0,300.0,-300.0,300.0,-300.0
95,2026-02-18 05-49-03,proposed,-150.0,-130.0,-110.0,-90.0,-70.0,-50.0,-30.0,-10.0,10.0,130.0,0.0,-200.0,200.0,-200.0,200.0,-200.0,200.0,-200.0,200.0,-200.0
95,2026-02-18 05-49-03,executed,-150.0,-130.0,-110.0,-90.0,-70.0,-50.0,-30.0,-10.0,10.0,130.0,0.0,-200.0,200.0,-200.0,200.0,-200.0,200.0,-200.0,200.0,-200.0
96,2026-02-18 05-50-48,proposed,-130.0,-110.0,-90.0,-70.0,-50.0,-30.0,-10.0,10.0,30.0,90.0,60.0,-260.0,260.0,-260.0,260.0,-260.0,260.0,-260.0,260.0,-260.0
96,2026-02-18 05-50-48,executed,-130.0,-110.0,-90.0,-70.0,-50.0,-30.0,-10.0,10.0,30.0,90.0,60.0,-260.0,260.0,-260.0,260.0,-260.0,260.0,-260.0,260.0,-260.0
97,2026-02-18 05-52-18,proposed,-120.0,-100.0,-80.0,-60.0,-40.0,-20.0,0.0,20.0,40.0,80.0,100.0,-300.0,300.0,-300.0,300.0,-300.0,300.0,-300.0,300.0,-300.0
97,2026-02-18 05-52-18,executed,-120.0,-100.0,-80.0,-60.0,-40.0,-20.0,0.0,20.0,40.0,80.0,100.0,-300.0,300.0,-300.0,300.0,-300.0,300.0,-300.0,300.0,-300.0
98,2026-02-18 05-53-48,proposed,-130.0,-110.0,-90.0,-70.0,-50.0,-30.0,-10.0,10.0,30.0,110.0,0.0,-260.0,260.0,-260.0,260.0,-260.0,260.0,-260.0,260.0,-260.0
98,2026-02-18 05-53-48,executed,-130.0,-110.0,-90.0,-70.0,-50.0,-30.0,-10.0,10.0,30.0,110.0,0.0,-260.0,260.0,-260.0,260.0,-260.0,260.0,-260.0,260.0,-260.0
99,2026-02-18 05-55-21,proposed,-130.0,-110.0,-90.0,-70.0,-50.0,-30.0,-10.0,10.0,30.0,70.0,0.0,-250.0,250.0,-250.0,250.0,-250.0,250.0,-250.0,250.0,-250.0
99,2026-02-18 05-55-21,executed,-130.0,-110.0,-90.0,-70.0,-50.0,-30.0,-10.0,10.0,30.0,70.0,0.0,-250.0,250.0,-250.0,250.0,-250.0,250.0,-250.0,250.0,-250.0
100,2026-02-18 05-56-54,proposed,-120.0,-100.0,-80.0,-60.0,-40.0,-20.0,0.0,20.0,40.0,120.0,0.0,250.0,-250.0,250.0,-250.0,250.0,-250.0,250.0,-250.0,250.0
100,2026-02-18 05-56-54,executed,-120.0,-100.0,-80.0,-60.0,-40.0,-20.0,0.0,20.0,40.0,120.0,0.0,250.0,-250.0,250.0,-250.0,250.0,-250.0,250.0,-250.0,250.0
101,2026-02-18 05-58-24,proposed,-120.0,-100.0,-80.0,-60.0,-40.0,-20.0,0.0,20.0,40.0,120.0,0.0,-250.0,250.0,-250.0,250.0,-250.0,250.0,-250.0,250.0,-250.0
101,2026-02-18 05-58-24,executed,-120.0,-100.0,-80.0,-60.0,-40.0,-20.0,0.0,20.0,40.0,120.0,0.0,-250.0,250.0,-250.0,250.0,-250.0,250.0,-250.0,250.0,-250.0
102,2026-02-18 05-59-57,proposed,-150.0,-130.0,-110.0,-90.0,-70.0,-50.0,-30.0,-10.0,10.0,130.0,0.0,400.0,-400.0,400.0,-400.0,400.0,-400.0,400.0,-400.0,400.0
102,2026-02-18 05-59-57,executed,-150.0,-130.0,-110.0,-90.0,-70.0,-50.0,-30.0,-10.0,10.0,130.0,0.0,400.0,-400.0,400.0,-400.0,400.0,-400.0,400.0,-400.0,400.0
103,2026-02-18 06-01-28,proposed,-140.0,-110.0,-80.0,-50.0,-20.0,10.0,40.0,70.0,100.0,130.0,250.0,-250.0,250.0,-250.0,250.0,-250.0,250.0,-250.0,250.0,-250.0
103,2026-02-18 06-01-28,executed,-140.0,-110.0,-80.0,-50.0,-20.0,10.0,40.0,70.0,100.0,130.0,250.0,-250.0,250.0,-250.0,250.0,-250.0,250.0,-250.0,250.0,-250.0
104,2026-02-18 06-03-02,proposed,-130.0,-110.0,-90.0,-70.0,-50.0,-30.0,-10.0,10.0,30.0,150.0,20.0,280.0,-280.0,280.0,-280.0,280.0,-280.0,280.0,-280.0,280.0
104,2026-02-18 06-03-02,executed,-130.0,-110.0,-90.0,-70.0,-50.0,-30.0,-10.0,10.0,30.0,150.0,20.0,280.0,-280.0,280.0,-280.0,280.0,-280.0,280.0,-280.0,280.0
105,2026-02-18 06-04-32,proposed,-140.0,-120.0,-100.0,-80.0,-60.0,-40.0,-20.0,0.0,20.0,60.0,0.0,240.0,-240.0,240.0,-240.0,240.0,-240.0,240.0,-240.0,240.0
105,2026-02-18 06-04-32,executed,-140.0,-120.0,-100.0,-80.0,-60.0,-40.0,-20.0,0.0,20.0,60.0,0.0,240.0,-240.0,240.0,-240.0,240.0,-240.0,240.0,-240.0,240.0
106,2026-02-18 06-05-59,proposed,-150.0,-130.0,-110.0,-90.0,-70.0,-50.0,-30.0,-10.0,10.0,30.0,0.0,300.0,-300.0,300.0,-300.0,300.0,-300.0,300.0,-300.0,300.0
106,2026-02-18 06-05-59,executed,-150.0,-130.0,-110.0,-90.0,-70.0,-50.0,-30.0,-10.0,10.0,30.0,0.0,300.0,-300.0,300.0,-300.0,300.0,-300.0,300.0,-300.0,300.0
107,2026-02-18 06-07-35,proposed,-120.0,-100.0,-80.0,-60.0,-40.0,-20.0,0.0,20.0,40.0,80.0,400.0,-400.0,400.0,-400.0,400.0,-400.0,400.0,-400.0,400.0,-400.0
107,2026-02-18 06-07-35,executed,-120.0,-100.0,-80.0,-60.0,-40.0,-20.0,0.0,20.0,40.0,80.0,400.0,-400.0,400.0,-400.0,400.0,-400.0,400.0,-400.0,400.0,-400.0
108,2026-02-18 06-09-06,proposed,-140.0,-120.0,-100.0,-80.0,-60.0,-40.0,-20.0,0.0,20.0,60.0,260.0,-260.0,260.0,-260.0,260.0,-260.0,260.0,-260.0,260.0,-260.0
108,2026-02-18 06-09-06,executed,-140.0,-120.0,-100.0,-80.0,-60.0,-40.0,-20.0,0.0,20.0,60.0,260.0,-260.0,260.0,-260.0,260.0,-260.0,260.0,-260.0,260.0,-260.0
109,2026-02-18 06-10-37,proposed,-130.0,-110.0,-90.0,-70.0,-50.0,-30.0,-10.0,10.0,30.0,110.0,260.0,-260.0,260.0,-260.0,260.0,-260.0,260.0,-260.0,260.0,-260.0
109,2026-02-18 06-10-37,executed,-130.0,-110.0,-90.0,-70.0,-50.0,-30.0,-10.0,10.0,30.0,110.0,260.0,-260.0,260.0,-260.0,260.0,-260.0,260.0,-260.0,260.0,-260.0
110,2026-02-18 06-12-15,proposed,-120.0,-100.0,-80.0,-60.0,-40.0,-20.0,0.0,20.0,40.0,120.0,0.0,150.0,300.0,150.0,0.0,-150.0,-300.0,-150.0,0.0,150.0
110,2026-02-18 06-12-15,executed,-120.0,-100.0,-80.0,-60.0,-40.0,-20.0,0.0,20.0,40.0,120.0,0.0,150.0,300.0,150.0,0.0,-150.0,-300.0,-150.0,0.0,150.0
111,2026-02-18 06-13-42,proposed,-80.0,-60.0,-40.0,-20.0,0.0,20.0,40.0,60.0,80.0,120.0,300.0,-300.0,300.0,-300.0,300.0,-300.0,300.0,-300.0,300.0,-300.0
111,2026-02-18 06-13-42,executed,-80.0,-60.0,-40.0,-20.0,0.0,20.0,40.0,60.0,80.0,120.0,300.0,-300.0,300.0,-300.0,300.0,-300.0,300.0,-300.0,300.0,-300.0
112,2026-02-18 06-15-12,proposed,-130.0,-110.0,-90.0,-70.0,-50.0,-30.0,-10.0,10.0,30.0,110.0,-300.0,300.0,-300.0,300.0,-300.0,300.0,-300.0,300.0,-300.0,300.0
112,2026-02-18 06-15-12,executed,-130.0,-110.0,-90.0,-70.0,-50.0,-30.0,-10.0,10.0,30.0,110.0,-300.0,300.0,-300.0,300.0,-300.0,300.0,-300.0,300.0,-300.0,300.0
113,2026-02-18 06-16-47,proposed,-130.0,-110.0,-90.0,-70.0,-50.0,-30.0,-10.0,10.0,30.0,110.0,210.0,-210.0,210.0,-210.0,210.0,-210.0,210.0,-210.0,210.0,-210.0
113,2026-02-18 06-16-47,executed,-130.0,-110.0,-90.0,-70.0,-50.0,-30.0,-10.0,10.0,30.0,110.0,210.0,-210.0,210.0,-210.0,210.0,-210.0,210.0,-210.0,210.0,-210.0
114,2026-02-18 06-18-21,proposed,-130.0,-110.0,-90.0,-70.0,-50.0,-30.0,-10.0,10.0,30.0,110.0,240.0,-240.0,240.0,-240.0,240.0,-240.0,240.0,-240.0,240.0,-240.0
114,2026-02-18 06-18-21,executed,-130.0,-110.0,-90.0,-70.0,-50.0,-30.0,-10.0,10.0,30.0,110.0,240.0,-240.0,240.0,-240.0,240.0,-240.0,240.0,-240.0,240.0,-240.0
115,2026-02-18 06-19-52,proposed,-150.0,-130.0,-110.0,-90.0,-70.0,-50.0,-30.0,-10.0,10.0,130.0,260.0,-260.0,260.0,-260.0,260.0,-260.0,260.0,-260.0,260.0,-260.0
115,2026-02-18 06-19-52,executed,-150.0,-130.0,-110.0,-90.0,-70.0,-50.0,-30.0,-10.0,10.0,130.0,260.0,-260.0,260.0,-260.0,260.0,-260.0,260.0,-260.0,260.0,-260.0
116,2026-02-18 06-21-25,proposed,-150.0,-130.0,-110.0,-90.0,-70.0,-50.0,-30.0,-10.0,10.0,170.0,300.0,-300.0,300.0,-300.0,300.0,-300.0,300.0,-300.0,300.0,-300.0
116,2026-02-18 06-21-25,executed,-150.0,-130.0,-110.0,-90.0,-70.0,-50.0,-30.0,-10.0,10.0,170.0,300.0,-300.0,300.0,-300.0,300.0,-300.0,300.0,-300.0,300.0,-300.0
117,2026-02-18 06-23-01,proposed,-130.0,-110.0,-90.0,-70.0,-50.0,-30.0,-10.0,10.0,30.0,130.0,280.0,-280.0,280.0,-280.0,280.0,-280.0,280.0,-280.0,280.0,-280.0
117,2026-02-18 06-23-01,executed,-130.0,-110.0,-90.0,-70.0,-50.0,-30.0,-10.0,10.0,30.0,130.0,280.0,-280.0,280.0,-280.0,280.0,-280.0,280.0,-280.0,280.0,-280.0
118,2026-02-18 06-24-45,proposed,-150.0,-120.0,-90.0,-60.0,-30.0,0.0,30.0,60.0,90.0,150.0,-250.0,250.0,-250.0,250.0,-250.0,250.0,-250.0,250.0,-250.0,250.0
118,2026-02-18 06-24-45,executed,-150.0,-120.0,-90.0,-60.0,-30.0,0.0,30.0,60.0,90.0,150.0,-250.0,250.0,-250.0,250.0,-250.0,250.0,-250.0,250.0,-250.0,250.0
119,2026-02-18 06-26-23,proposed,-130.0,-110.0,-90.0,-70.0,-50.0,-30.0,-10.0,10.0,30.0,130.0,260.0,-260.0,260.0,-260.0,260.0,-260.0,260.0,-260.0,260.0,-260.0
119,2026-02-18 06-26-23,executed,-130.0,-110.0,-90.0,-70.0,-50.0,-30.0,-10.0,10.0,30.0,130.0,260.0,-260.0,260.0,-260.0,260.0,-260.0,260.0,-260.0,260.0,-260.0
120,2026-02-18 06-27-50,proposed,-130.0,-110.0,-90.0,-70.0,-50.0,-30.0,-10.0,10.0,30.0,130.0,310.0,-310.0,310.0,-310.0,310.0,-310.0,310.0,-310.0,310.0,-310.0
120,2026-02-18 06-27-50,executed,-130.0,-110.0,-90.0,-70.0,-50.0,-30.0,-10.0,10.0,30.0,130.0,310.0,-310.0,310.0,-310.0,310.0,-310.0,310.0,-310.0,310.0,-310.0
121,2026-02-18 06-29-18,proposed,-130.0,-110.0,-90.0,-70.0,-50.0,-30.0,-10.0,10.0,30.0,130.0,300.0,-300.0,300.0,-300.0,300.0,-300.0,300.0,-300.0,300.0,-300.0
121,2026-02-18 06-29-18,executed,-130.0,-110.0,-90.0,-70.0,-50.0,-30.0,-10.0,10.0,30.0,130.0,300.0,-300.0,300.0,-300.0,300.0,-300.0,300.0,-300.0,300.0,-300.0
122,2026-02-18 06-30-50,proposed,-150.0,-130.0,-110.0,-90.0,-70.0,-50.0,-30.0,-10.0,10.0,130.0,260.0,-260.0,260.0,-260.0,260.0,-260.0,260.0,-260.0,260.0,-260.0
122,2026-02-18 06-30-50,executed,-150.0,-130.0,-110.0,-90.0,-70.0,-50.0,-30.0,-10.0,10.0,130.0,260.0,-260.0,260.0,-260.0,260.0,-260.0,260.0,-260.0,260.0,-260.0
123,2026-02-18 06-32-23,proposed,-130.0,-110.0,-90.0,-70.0,-50.0,-30.0,-10.0,10.0,30.0,130.0,280.0,-240.0,280.0,-240.0,280.0,-240.0,280.0,-240.0,280.0,-240.0
123,2026-02-18 06-32-23,executed,-130.0,-110.0,-90.0,-70.0,-50.0,-30.0,-10.0,10.0,30.0,130.0,280.0,-240.0,280.0,-240.0,280.0,-240.0,280.0,-240.0,280.0,-240.0
124,2026-02-18 06-33-49,proposed,-130.0,-110.0,-90.0,-70.0,-50.0,-30.0,-10.0,10.0,30.0,150.0,260.0,-260.0,260.0,-260.0,260.0,-260.0,260.0,-260.0,260.0,-260.0
124,2026-02-18 06-33-49,executed,-130.0,-110.0,-90.0,-70.0,-50.0,-30.0,-10.0,10.0,30.0,150.0,260.0,-260.0,260.0,-260.0,260.0,-260.0,260.0,-260.0,260.0,-260.0
125,2026-02-18 06-35-26,proposed,-150.0,-110.0,-90.0,-70.0,-50.0,-30.0,-10.0,10.0,30.0,110.0,260.0,-260.0,260.0,-260.0,260.0,-260.0,260.0,-260.0,260.0,-260.0
125,2026-02-18 06-35-26,executed,-150.0,-110.0,-90.0,-70.0,-50.0,-30.0,-10.0,10.0,30.0,110.0,260.0,-260.0,260.0,-260.0,260.0,-260.0,260.0,-260.0,260.0,-260.0
126,2026-02-18 06-36-57,proposed,-130.0,-110.0,-90.0,-70.0,-50.0,-30.0,-10.0,10.0,30.0,150.0,280.0,-280.0,280.0,-280.0,280.0,-280.0,280.0,-280.0,280.0,-280.0
126,2026-02-18 06-36-57,executed,-130.0,-110.0,-90.0,-70.0,-50.0,-30.0,-10.0,10.0,30.0,150.0,280.0,-280.0,280.0,-280.0,280.0,-280.0,280.0,-280.0,280.0,-280.0
127,2026-02-18 06-38-30,proposed,-130.0,-110.0,-90.0,-70.0,-50.0,-30.0,-10.0,10.0,30.0,130.0,300.0,-300.0,300.0,-300.0,300.0,-300.0,300.0,-300.0,300.0,-300.0
127,2026-02-18 06-38-30,executed,-130.0,-110.0,-90.0,-70.0,-50.0,-30.0,-10.0,10.0,30.0,130.0,300.0,-300.0,300.0,-300.0,300.0,-300.0,300.0,-300.0,300.0,-300.0
128,2026-02-18 06-40-00,proposed,-150.0,-130.0,-110.0,-90.0,-70.0,-50.0,-30.0,-10.0,10.0,130.0,260.0,-260.0,260.0,-260.0,260.0,-260.0,260.0,-260.0,260.0,-260.0
128,2026-02-18 06-40-00,executed,-150.0,-130.0,-110.0,-90.0,-70.0,-50.0,-30.0,-10.0,10.0,130.0,260.0,-260.0,260.0,-260.0,260.0,-260.0,260.0,-260.0,260.0,-260.0
129,2026-02-18 06-41-31,proposed,-130.0,-110.0,-90.0,-70.0,-50.0,-30.0,-10.0,10.0,30.0,110.0,300.0,-300.0,300.0,-300.0,300.0,-300.0,300.0,-300.0,300.0,-300.0
129,2026-02-18 06-41-31,executed,-130.0,-110.0,-90.0,-70.0,-50.0,-30.0,-10.0,10.0,30.0,110.0,300.0,-300.0,300.0,-300.0,300.0,-300.0,300.0,-300.0,300.0,-300.0
130,2026-02-18 06-43-02,proposed,-150.0,-130.0,-110.0,-90.0,-70.0,-50.0,-30.0,-10.0,10.0,150.0,320.0,-320.0,320.0,-320.0,320.0,-320.0,320.0,-320.0,320.0,-320.0
130,2026-02-18 06-43-02,executed,-150.0,-130.0,-110.0,-90.0,-70.0,-50.0,-30.0,-10.0,10.0,150.0,320.0,-320.0,320.0,-320.0,320.0,-320.0,320.0,-320.0,320.0,-320.0
131,2026-02-18 06-44-34,proposed,-150.0,-130.0,-110.0,-90.0,-70.0,-50.0,-30.0,-10.0,10.0,110.0,300.0,-300.0,300.0,-300.0,300.0,-300.0,300.0,-300.0,300.0,-300.0
131,2026-02-18 06-44-34,executed,-150.0,-130.0,-110.0,-90.0,-70.0,-50.0,-30.0,-10.0,10.0,110.0,300.0,-300.0,300.0,-300.0,300.0,-300.0,300.0,-300.0,300.0,-300.0
132,2026-02-18 06-46-03,proposed,-130.0,-110.0,-90.0,-70.0,-50.0,-30.0,-10.0,10.0,30.0,130.0,350.0,-350.0,350.0,-350.0,350.0,-350.0,350.0,-350.0,350.0,-350.0
132,2026-02-18 06-46-03,executed,-130.0,-110.0,-90.0,-70.0,-50.0,-30.0,-10.0,10.0,30.0,130.0,350.0,-350.0,350.0,-350.0,350.0,-350.0,350.0,-350.0,350.0,-350.0
133,2026-02-18 06-47-37,proposed,-130.0,-110.0,-90.0,-70.0,-50.0,-30.0,-10.0,10.0,30.0,170.0,260.0,-260.0,260.0,-260.0,260.0,-260.0,260.0,-260.0,260.0,-260.0
133,2026-02-18 06-47-37,executed,-130.0,-110.0,-90.0,-70.0,-50.0,-30.0,-10.0,10.0,30.0,170.0,260.0,-260.0,260.0,-260.0,260.0,-260.0,260.0,-260.0,260.0,-260.0
134,2026-02-18 06-49-10,proposed,-130.0,-110.0,-90.0,-70.0,-50.0,-30.0,-10.0,10.0,30.0,130.0,280.0,-240.0,280.0,-240.0,280.0,-240.0,280.0,-240.0,280.0,-240.0
134,2026-02-18 06-49-10,executed,-130.0,-110.0,-90.0,-70.0,-50.0,-30.0,-10.0,10.0,30.0,130.0,280.0,-240.0,280.0,-240.0,280.0,-240.0,280.0,-240.0,280.0,-240.0
135,2026-02-18 06-50-42,proposed,-140.0,-120.0,-100.0,-80.0,-60.0,-40.0,-20.0,0.0,20.0,140.0,300.0,-260.0,300.0,-260.0,300.0,-260.0,300.0,-260.0,300.0,-260.0
135,2026-02-18 06-50-42,executed,-140.0,-120.0,-100.0,-80.0,-60.0,-40.0,-20.0,0.0,20.0,140.0,300.0,-260.0,300.0,-260.0,300.0,-260.0,300.0,-260.0,300.0,-260.0
136,2026-02-18 06-52-23,proposed,-150.0,-130.0,-110.0,-90.0,-70.0,-50.0,-30.0,-10.0,10.0,150.0,300.0,-300.0,300.0,-300.0,300.0,-300.0,300.0,-300.0,300.0,-300.0
136,2026-02-18 06-52-23,executed,-150.0,-130.0,-110.0,-90.0,-70.0,-50.0,-30.0,-10.0,10.0,150.0,300.0,-300.0,300.0,-300.0,300.0,-300.0,300.0,-300.0,300.0,-300.0
137,2026-02-18 06-54-00,proposed,-130.0,-110.0,-90.0,-70.0,-50.0,-30.0,-10.0,10.0,30.0,150.0,260.0,-260.0,260.0,-260.0,260.0,-260.0,260.0,-260.0,260.0,-260.0
137,2026-02-18 06-54-00,executed,-130.0,-110.0,-90.0,-70.0,-50.0,-30.0,-10.0,10.0,30.0,150.0,260.0,-260.0,260.0,-260.0,260.0,-260.0,260.0,-260.0,260.0,-260.0
138,2026-02-18 06-55-35,proposed,-130.0,-110.0,-90.0,-70.0,-50.0,-30.0,-10.0,10.0,30.0,130.0,280.0,-280.0,280.0,-280.0,280.0,-280.0,280.0,-280.0,280.0,-280.0
138,2026-02-18 06-55-35,executed,-130.0,-110.0,-90.0,-70.0,-50.0,-30.0,-10.0,10.0,30.0,130.0,280.0,-280.0,280.0,-280.0,280.0,-280.0,280.0,-280.0,280.0,-280.0
139,2026-02-18 06-57-04,proposed,-110.0,-90.0,-70.0,-50.0,-30.0,-10.0,10.0,30.0,50.0,150.0,260.0,-260.0,260.0,-260.0,260.0,-260.0,260.0,-260.0,260.0,-260.0
139,2026-02-18 06-57-04,executed,-110.0,-90.0,-70.0,-50.0,-30.0,-10.0,10.0,30.0,50.0,150.0,260.0,-260.0,260.0,-260.0,260.0,-260.0,260.0,-260.0,260.0,-260.0
140,2026-02-18 06-58-34,proposed,-110.0,-90.0,-70.0,-50.0,-30.0,-10.0,10.0,30.0,50.0,130.0,280.0,-280.0,280.0,-280.0,280.0,-280.0,280.0,-280.0,280.0,-280.0
140,2026-02-18 06-58-34,executed,-110.0,-90.0,-70.0,-50.0,-30.0,-10.0,10.0,30.0,50.0,130.0,280.0,-280.0,280.0,-280.0,280.0,-280.0,280.0,-280.0,280.0,-280.0
141,2026-02-18 07-00-01,proposed,-120.0,-100.0,-80.0,-60.0,-40.0,-20.0,0.0,20.0,40.0,140.0,260.0,-260.0,260.0,-260.0,260.0,-260.0,260.0,-260.0,260.0,-260.0
141,2026-02-18 07-00-01,executed,-120.0,-100.0,-80.0,-60.0,-40.0,-20.0,0.0,20.0,40.0,140.0,260.0,-260.0,260.0,-260.0,260.0,-260.0,260.0,-260.0,260.0,-260.0
142,2026-02-18 07-01-45,proposed,-170.0,-130.0,-90.0,-50.0,-10.0,30.0,70.0,110.0,150.0,190.0,300.0,-300.0,300.0,-300.0,300.0,-300.0,300.0,-300.0,300.0,-300.0
142,2026-02-18 07-01-45,executed,-170.0,-130.0,-90.0,-50.0,-10.0,30.0,70.0,110.0,150.0,190.0,300.0,-300.0,300.0,-300.0,300.0,-300.0,300.0,-300.0,300.0,-300.0
143,2026-02-18 07-03-15,proposed,-110.0,-90.0,-70.0,-50.0,-30.0,-10.0,10.0,30.0,50.0,150.0,300.0,-300.0,300.0,-300.0,300.0,-300.0,300.0,-300.0,300.0,-300.0
143,2026-02-18 07-03-15,executed,-110.0,-90.0,-70.0,-50.0,-30.0,-10.0,10.0,30.0,50.0,150.0,300.0,-300.0,300.0,-300.0,300.0,-300.0,300.0,-300.0,300.0,-300.0
144,2026-02-18 07-04-53,proposed,-110.0,-90.0,-70.0,-50.0,-30.0,-10.0,10.0,30.0,50.0,150.0,260.0,260.0,260.0,260.0,260.0,-260.0,-260.0,-260.0,-260.0,-260.0
144,2026-02-18 07-04-53,executed,-110.0,-90.0,-70.0,-50.0,-30.0,-10.0,10.0,30.0,50.0,150.0,260.0,260.0,260.0,260.0,260.0,-260.0,-260.0,-260.0,-260.0,-260.0
145,2026-02-18 07-06-15,proposed,-120.0,-100.0,-80.0,-60.0,-40.0,-20.0,0.0,20.0,40.0,120.0,280.0,-280.0,280.0,-280.0,280.0,-280.0,280.0,-280.0,280.0,-280.0
145,2026-02-18 07-06-15,executed,-120.0,-100.0,-80.0,-60.0,-40.0,-20.0,0.0,20.0,40.0,120.0,280.0,-280.0,280.0,-280.0,280.0,-280.0,280.0,-280.0,280.0,-280.0
146,2026-02-18 07-07-43,proposed,-110.0,-90.0,-70.0,-50.0,-30.0,-10.0,10.0,30.0,50.0,170.0,260.0,-260.0,260.0,-260.0,260.0,-260.0,260.0,-260.0,260.0,-260.0
146,2026-02-18 07-07-43,executed,-110.0,-90.0,-70.0,-50.0,-30.0,-10.0,10.0,30.0,50.0,170.0,260.0,-260.0,260.0,-260.0,260.0,-260.0,260.0,-260.0,260.0,-260.0
147,2026-02-18 07-09-09,proposed,-120.0,-100.0,-80.0,-60.0,-40.0,-20.0,0.0,20.0,40.0,120.0,240.0,-240.0,240.0,-240.0,240.0,-240.0,240.0,-240.0,240.0,-240.0
147,2026-02-18 07-09-09,executed,-120.0,-100.0,-80.0,-60.0,-40.0,-20.0,0.0,20.0,40.0,120.0,240.0,-240.0,240.0,-240.0,240.0,-240.0,240.0,-240.0,240.0,-240.0
148,2026-02-18 07-10-34,proposed,-110.0,-90.0,-70.0,-50.0,-30.0,-10.0,10.0,30.0,50.0,150.0,250.0,-250.0,250.0,-250.0,250.0,-250.0,250.0,-250.0,250.0,-250.0
148,2026-02-18 07-10-34,executed,-110.0,-90.0,-70.0,-50.0,-30.0,-10.0,10.0,30.0,50.0,150.0,250.0,-250.0,250.0,-250.0,250.0,-250.0,250.0,-250.0,250.0,-250.0
149,2026-02-18 07-12-06,proposed,-150.0,-130.0,-110.0,-90.0,-70.0,-50.0,-30.0,-10.0,10.0,170.0,350.0,-350.0,350.0,-350.0,350.0,-350.0,350.0,-350.0,350.0,-350.0
149,2026-02-18 07-12-06,executed,-150.0,-130.0,-110.0,-90.0,-70.0,-50.0,-30.0,-10.0,10.0,170.0,350.0,-350.0,350.0,-350.0,350.0,-350.0,350.0,-350.0,350.0,-350.0
150,2026-02-18 07-13-30,proposed,-110.0,-90.0,-70.0,-50.0,-30.0,-10.0,10.0,30.0,50.0,150.0,320.0,-320.0,320.0,-320.0,320.0,-320.0,320.0,-320.0,320.0,-320.0
150,2026-02-18 07-13-30,executed,-110.0,-90.0,-70.0,-50.0,-30.0,-10.0,10.0,30.0,50.0,150.0,320.0,-320.0,320.0,-320.0,320.0,-320.0,320.0,-320.0,320.0,-320.0
151,2026-02-18 07-15-00,proposed,-200.0,-180.0,-160.0,-140.0,-120.0,-100.0,-80.0,-60.0,-40.0,160.0,340.0,-340.0,340.0,-340.0,340.0,-340.0,340.0,-340.0,340.0,-340.0
151,2026-02-18 07-15-00,executed,-200.0,-180.0,-160.0,-140.0,-120.0,-100.0,-80.0,-60.0,-40.0,160.0,340.0,-340.0,340.0,-340.0,340.0,-340.0,340.0,-340.0,340.0,-340.0
152,2026-02-18 07-16-37,proposed,-115.0,-95.0,-75.0,-55.0,-35.0,-15.0,5.0,25.0,45.0,150.0,260.0,-260.0,260.0,-260.0,260.0,-260.0,260.0,-260.0,260.0,-260.0
152,2026-02-18 07-16-37,executed,-115.0,-95.0,-75.0,-55.0,-35.0,-15.0,5.0,25.0,45.0,150.0,260.0,-260.0,260.0,-260.0,260.0,-260.0,260.0,-260.0,260.0,-260.0
153,2026-02-18 07-18-10,proposed,-110.0,-90.0,-70.0,-50.0,-30.0,-10.0,10.0,30.0,50.0,150.0,310.0,-260.0,260.0,-260.0,260.0,-260.0,260.0,-260.0,260.0,-260.0
153,2026-02-18 07-18-10,executed,-110.0,-90.0,-70.0,-50.0,-30.0,-10.0,10.0,30.0,50.0,150.0,310.0,-260.0,260.0,-260.0,260.0,-260.0,260.0,-260.0,260.0,-260.0
154,2026-02-18 07-19-43,proposed,-120.0,-100.0,-80.0,-60.0,-40.0,-20.0,0.0,20.0,40.0,170.0,340.0,-340.0,340.0,-340.0,340.0,-340.0,340.0,-340.0,340.0,-340.0
154,2026-02-18 07-19-43,executed,-120.0,-100.0,-80.0,-60.0,-40.0,-20.0,0.0,20.0,40.0,170.0,340.0,-340.0,340.0,-340.0,340.0,-340.0,340.0,-340.0,340.0,-340.0
155,2026-02-18 07-21-11,proposed,-110.0,-90.0,-70.0,-50.0,-30.0,-10.0,10.0,30.0,50.0,150.0,300.0,-300.0,300.0,-300.0,300.0,-300.0,300.0,-300.0,300.0,-300.0
155,2026-02-18 07-21-11,executed,-110.0,-90.0,-70.0,-50.0,-30.0,-10.0,10.0,30.0,50.0,150.0,300.0,-300.0,300.0,-300.0,300.0,-300.0,300.0,-300.0,300.0,-300.0
156,2026-02-18 07-22-39,proposed,-110.0,-90.0,-70.0,-50.0,-30.0,-10.0,10.0,30.0,50.0,150.0,300.0,-300.0,300.0,-300.0,300.0,-300.0,300.0,-300.0,300.0,-300.0
156,2026-02-18 07-22-39,executed,-110.0,-90.0,-70.0,-50.0,-30.0,-10.0,10.0,30.0,50.0,150.0,300.0,-300.0,300.0,-300.0,300.0,-300.0,300.0,-300.0,300.0,-300.0
157,2026-02-18 07-24-13,proposed,-110.0,-90.0,-70.0,-50.0,-30.0,-10.0,10.0,30.0,50.0,150.0,350.0,-350.0,350.0,-350.0,350.0,-350.0,350.0,-350.0,350.0,-350.0
157,2026-02-18 07-24-13,executed,-110.0,-90.0,-70.0,-50.0,-30.0,-10.0,10.0,30.0,50.0,150.0,350.0,-350.0,350.0,-350.0,350.0,-350.0,350.0,-350.0,350.0,-350.0
158,2026-02-18 07-25-47,proposed,-110.0,-90.0,-70.0,-50.0,-30.0,-10.0,10.0,30.0,50.0,150.0,300.0,-300.0,300.0,-300.0,300.0,-300.0,300.0,-300.0,300.0,-300.0
158,2026-02-18 07-25-47,executed,-110.0,-90.0,-70.0,-50.0,-30.0,-10.0,10.0,30.0,50.0,150.0,300.0,-300.0,300.0,-300.0,300.0,-300.0,300.0,-300.0,300.0,-300.0
159,2026-02-18 07-27-12,proposed,-110.0,-90.0,-70.0,-50.0,-30.0,-10.0,10.0,30.0,50.0,150.0,280.0,-280.0,280.0,-280.0,280.0,-280.0,280.0,-280.0,280.0,-280.0
159,2026-02-18 07-27-12,executed,-110.0,-90.0,-70.0,-50.0,-30.0,-10.0,10.0,30.0,50.0,150.0,280.0,-280.0,280.0,-280.0,280.0,-280.0,280.0,-280.0,280.0,-280.0
160,2026-02-18 07-28-39,proposed,-110.0,-90.0,-70.0,-50.0,-30.0,-10.0,10.0,30.0,50.0,150.0,270.0,-260.0,260.0,-260.0,260.0,-260.0,260.0,-260.0,260.0,-260.0
160,2026-02-18 07-28-39,executed,-110.0,-90.0,-70.0,-50.0,-30.0,-10.0,10.0,30.0,50.0,150.0,270.0,-260.0,260.0,-260.0,260.0,-260.0,260.0,-260.0,260.0,-260.0
161,2026-02-18 07-30-19,proposed,-110.0,-90.0,-70.0,-50.0,-30.0,-10.0,10.0,30.0,50.0,150.0,310.0,-260.0,310.0,-260.0,310.0,-260.0,310.0,-260.0,310.0,-260.0
161,2026-02-18 07-30-19,executed,-110.0,-90.0,-70.0,-50.0,-30.0,-10.0,10.0,30.0,50.0,150.0,310.0,-260.0,310.0,-260.0,310.0,-260.0,310.0,-260.0,310.0,-260.0
162,2026-02-18 07-31-47,proposed,-110.0,-90.0,-70.0,-50.0,-30.0,-10.0,10.0,30.0,50.0,160.0,260.0,-260.0,260.0,-260.0,260.0,-260.0,260.0,-260.0,260.0,-260.0
162,2026-02-18 07-31-47,executed,-110.0,-90.0,-70.0,-50.0,-30.0,-10.0,10.0,30.0,50.0,160.0,260.0,-260.0,260.0,-260.0,260.0,-260.0,260.0,-260.0,260.0,-260.0
163,2026-02-18 07-33-19,proposed,-110.0,-90.0,-70.0,-50.0,-30.0,-10.0,10.0,30.0,50.0,150.0,340.0,-340.0,340.0,-340.0,340.0,-340.0,340.0,-340.0,340.0,-340.0
163,2026-02-18 07-33-19,executed,-110.0,-90.0,-70.0,-50.0,-30.0,-10.0,10.0,30.0,50.0,150.0,340.0,-340.0,340.0,-340.0,340.0,-340.0,340.0,-340.0,340.0,-340.0
164,2026-02-18 07-34-47,proposed,-110.0,-90.0,-70.0,-50.0,-30.0,-10.0,10.0,30.0,50.0,150.0,400.0,-400.0,400.0,-400.0,400.0,-400.0,400.0,-400.0,400.0,-400.0
164,2026-02-18 07-34-47,executed,-110.0,-90.0,-70.0,-50.0,-30.0,-10.0,10.0,30.0,50.0,150.0,400.0,-400.0,400.0,-400.0,400.0,-400.0,400.0,-400.0,400.0,-400.0
165,2026-02-18 07-36-33,proposed,-120.0,-100.0,-80.0,-60.0,-40.0,-20.0,0.0,20.0,40.0,180.0,300.0,-300.0,300.0,-300.0,300.0,-300.0,300.0,-300.0,300.0,-300.0
165,2026-02-18 07-36-33,executed,-120.0,-100.0,-80.0,-60.0,-40.0,-20.0,0.0,20.0,40.0,180.0,300.0,-300.0,300.0,-300.0,300.0,-300.0,300.0,-300.0,300.0,-300.0
166,2026-02-18 07-38-00,proposed,-110.0,-90.0,-70.0,-50.0,-30.0,-10.0,10.0,30.0,50.0,150.0,300.0,-260.0,260.0,-260.0,260.0,-260.0,260.0,-260.0,260.0,-260.0
166,2026-02-18 07-38-00,executed,-110.0,-90.0,-70.0,-50.0,-30.0,-10.0,10.0,30.0,50.0,150.0,300.0,-260.0,260.0,-260.0,260.0,-260.0,260.0,-260.0,260.0,-260.0
167,2026-02-18 07-39-30,proposed,-130.0,-110.0,-90.0,-70.0,-50.0,-30.0,-10.0,10.0,30.0,170.0,300.0,-300.0,300.0,-300.0,300.0,-300.0,300.0,-300.0,300.0,-300.0
167,2026-02-18 07-39-30,executed,-130.0,-110.0,-90.0,-70.0,-50.0,-30.0,-10.0,10.0,30.0,170.0,300.0,-300.0,300.0,-300.0,300.0,-300.0,300.0,-300.0,300.0,-300.0
168,2026-02-18 07-41-04,proposed,-110.0,-90.0,-70.0,-50.0,-30.0,-10.0,10.0,30.0,50.0,150.0,-260.0,260.0,-260.0,260.0,-260.0,260.0,-260.0,260.0,-260.0,260.0
168,2026-02-18 07-41-04,executed,-110.0,-90.0,-70.0,-50.0,-30.0,-10.0,10.0,30.0,50.0,150.0,-260.0,260.0,-260.0,260.0,-260.0,260.0,-260.0,260.0,-260.0,260.0
169,2026-02-18 07-42-41,proposed,-120.0,-100.0,-80.0,-60.0,-40.0,-20.0,0.0,20.0,40.0,200.0,350.0,-350.0,350.0,-350.0,350.0,-350.0,350.0,-350.0,350.0,-350.0
169,2026-02-18 07-42-41,executed,-120.0,-100.0,-80.0,-60.0,-40.0,-20.0,0.0,20.0,40.0,200.0,350.0,-350.0,350.0,-350.0,350.0,-350.0,350.0,-350.0,350.0,-350.0
170,2026-02-18 07-44-19,proposed,-130.0,-110.0,-90.0,-70.0,-50.0,-30.0,-10.0,10.0,30.0,180.0,-280.0,280.0,-280.0,280.0,-280.0,280.0,-280.0,280.0,-280.0,280.0
170,2026-02-18 07-44-19,executed,-130.0,-110.0,-90.0,-70.0,-50.0,-30.0,-10.0,10.0,30.0,180.0,-280.0,280.0,-280.0,280.0,-280.0,280.0,-280.0,280.0,-280.0,280.0
171,2026-02-18 07-45-52,proposed,-110.0,-90.0,-70.0,-50.0,-30.0,-10.0,10.0,30.0,50.0,180.0,280.0,-280.0,280.0,-280.0,280.0,-280.0,280.0,-280.0,280.0,-280.0
171,2026-02-18 07-45-52,executed,-110.0,-90.0,-70.0,-50.0,-30.0,-10.0,10.0,30.0,50.0,180.0,280.0,-280.0,280.0,-280.0,280.0,-280.0,280.0,-280.0,280.0,-280.0
172,2026-02-18 07-47-27,proposed,-110.0,-90.0,-70.0,-50.0,-30.0,-10.0,10.0,30.0,50.0,150.0,-300.0,300.0,-300.0,300.0,-300.0,300.0,-300.0,300.0,-300.0,300.0
172,2026-02-18 07-47-27,executed,-110.0,-90.0,-70.0,-50.0,-30.0,-10.0,10.0,30.0,50.0,150.0,-300.0,300.0,-300.0,300.0,-300.0,300.0,-300.0,300.0,-300.0,300.0
173,2026-02-18 07-49-06,proposed,-110.0,-90.0,-70.0,-50.0,-30.0,-10.0,10.0,30.0,50.0,170.0,-300.0,300.0,-300.0,300.0,-300.0,300.0,-300.0,300.0,-300.0,300.0
173,2026-02-18 07-49-06,executed,-110.0,-90.0,-70.0,-50.0,-30.0,-10.0,10.0,30.0,50.0,170.0,-300.0,300.0,-300.0,300.0,-300.0,300.0,-300.0,300.0,-300.0,300.0
174,2026-02-18 07-50-43,proposed,-130.0,-110.0,-90.0,-70.0,-50.0,-30.0,-10.0,10.0,30.0,170.0,-280.0,280.0,-280.0,280.0,-280.0,280.0,-280.0,280.0,-280.0,280.0
174,2026-02-18 07-50-43,executed,-130.0,-110.0,-90.0,-70.0,-50.0,-30.0,-10.0,10.0,30.0,170.0,-280.0,280.0,-280.0,280.0,-280.0,280.0,-280.0,280.0,-280.0,280.0
175,2026-02-18 07-52-17,proposed,-110.0,-90.0,-70.0,-50.0,-30.0,-10.0,10.0,30.0,50.0,150.0,20.0,-280.0,280.0,-280.0,280.0,-280.0,280.0,-280.0,280.0,-280.0
175,2026-02-18 07-52-17,executed,-110.0,-90.0,-70.0,-50.0,-30.0,-10.0,10.0,30.0,50.0,150.0,20.0,-280.0,280.0,-280.0,280.0,-280.0,280.0,-280.0,280.0,-280.0
176,2026-02-18 07-53-48,proposed,-100.0,-80.0,-60.0,-40.0,-20.0,0.0,20.0,40.0,60.0,150.0,280.0,-280.0,280.0,-280.0,280.0,-280.0,280.0,-280.0,280.0,-280.0
176,2026-02-18 07-53-48,executed,-100.0,-80.0,-60.0,-40.0,-20.0,0.0,20.0,40.0,60.0,150.0,280.0,-280.0,280.0,-280.0,280.0,-280.0,280.0,-280.0,280.0,-280.0
177,2026-02-18 07-55-21,proposed,-110.0,-90.0,-70.0,-50.0,-30.0,-10.0,10.0,30.0,50.0,150.0,340.0,-260.0,340.0,-260.0,340.0,-260.0,340.0,-260.0,340.0,-260.0
177,2026-02-18 07-55-21,executed,-110.0,-90.0,-70.0,-50.0,-30.0,-10.0,10.0,30.0,50.0,150.0,340.0,-260.0,340.0,-260.0,340.0,-260.0,340.0,-260.0,340.0,-260.0
178,2026-02-18 07-56-56,proposed,-110.0,-90.0,-70.0,-50.0,-30.0,-10.0,10.0,30.0,50.0,150.0,-340.0,300.0,-340.0,300.0,-340.0,300.0,-340.0,300.0,-340.0,300.0
178,2026-02-18 07-56-56,executed,-110.0,-90.0,-70.0,-50.0,-30.0,-10.0,10.0,30.0,50.0,150.0,-340.0,300.0,-340.0,300.0,-340.0,300.0,-340.0,300.0,-340.0,300.0
179,2026-02-18 07-58-26,proposed,-110.0,-90.0,-70.0,-50.0,-30.0,-10.0,10.0,30.0,50.0,150.0,-360.0,360.0,-360.0,360.0,-360.0,360.0,-360.0,360.0,-360.0,360.0
179,2026-02-18 07-58-26,executed,-110.0,-90.0,-70.0,-50.0,-30.0,-10.0,10.0,30.0,50.0,150.0,-360.0,360.0,-360.0,360.0,-360.0,360.0,-360.0,360.0,-360.0,360.0
180,2026-02-18 07-59-58,proposed,-110.0,-90.0,-70.0,-50.0,-30.0,-10.0,10.0,30.0,50.0,150.0,300.0,-300.0,300.0,-300.0,300.0,-300.0,300.0,-300.0,300.0,-300.0
180,2026-02-18 07-59-58,executed,-110.0,-90.0,-70.0,-50.0,-30.0,-10.0,10.0,30.0,50.0,150.0,300.0,-300.0,300.0,-300.0,300.0,-300.0,300.0,-300.0,300.0,-300.0
181,2026-02-18 08-01-34,proposed,-110.0,-90.0,-70.0,-50.0,-30.0,-10.0,10.0,30.0,50.0,150.0,100.0,-300.0,300.0,-300.0,300.0,-300.0,300.0,-300.0,300.0,-300.0
181,2026-02-18 08-01-34,executed,-110.0,-90.0,-70.0,-50.0,-30.0,-10.0,10.0,30.0,50.0,150.0,100.0,-300.0,300.0,-300.0,300.0,-300.0,300.0,-300.0,300.0,-300.0
182,2026-02-18 08-03-02,proposed,-110.0,-90.0,-70.0,-50.0,-30.0,-10.0,10.0,30.0,50.0,150.0,-320.0,320.0,-320.0,320.0,-320.0,320.0,-320.0,320.0,-320.0,320.0
182,2026-02-18 08-03-02,executed,-110.0,-90.0,-70.0,-50.0,-30.0,-10.0,10.0,30.0,50.0,150.0,-320.0,320.0,-320.0,320.0,-320.0,320.0,-320.0,320.0,-320.0,320.0
183,2026-02-18 08-04-31,proposed,-110.0,-90.0,-70.0,-50.0,-30.0,-10.0,10.0,30.0,50.0,150.0,340.0,-340.0,340.0,-340.0,340.0,-340.0,340.0,-340.0,340.0,-340.0
183,2026-02-18 08-04-31,executed,-110.0,-90.0,-70.0,-50.0,-30.0,-10.0,10.0,30.0,50.0,150.0,340.0,-340.0,340.0,-340.0,340.0,-340.0,340.0,-340.0,340.0,-340.0
184,2026-02-18 08-06-03,proposed,-130.0,-110.0,-90.0,-70.0,-50.0,-30.0,-10.0,10.0,30.0,150.0,-300.0,300.0,-300.0,300.0,-300.0,300.0,-300.0,300.0,-300.0,300.0
184,2026-02-18 08-06-03,executed,-130.0,-110.0,-90.0,-70.0,-50.0,-30.0,-10.0,10.0,30.0,150.0,-300.0,300.0,-300.0,300.0,-300.0,300.0,-300.0,300.0,-300.0,300.0
185,2026-02-18 08-07-33,proposed,-110.0,-90.0,-70.0,-50.0,-30.0,-10.0,10.0,30.0,50.0,170.0,320.0,-320.0,320.0,-320.0,320.0,-320.0,320.0,-320.0,320.0,-320.0
185,2026-02-18 08-07-33,executed,-110.0,-90.0,-70.0,-50.0,-30.0,-10.0,10.0,30.0,50.0,170.0,320.0,-320.0,320.0,-320.0,320.0,-320.0,320.0,-320.0,320.0,-320.0
186,2026-02-18 08-08-59,proposed,-110.0,-90.0,-70.0,-50.0,-30.0,-10.0,10.0,30.0,50.0,150.0,380.0,-380.0,380.0,-380.0,380.0,-380.0,380.0,-380.0,380.0,-380.0
186,2026-02-18 08-08-59,executed,-110.0,-90.0,-70.0,-50.0,-30.0,-10.0,10.0,30.0,50.0,150.0,380.0,-380.0,380.0,-380.0,380.0,-380.0,380.0,-380.0,380.0,-380.0
187,2026-02-18 08-10-32,proposed,-150.0,-130.0,-110.0,-90.0,-70.0,-50.0,-30.0,-10.0,10.0,30.0,300.0,-300.0,300.0,-300.0,300.0,-300.0,300.0,-300.0,300.0,-300.0
187,2026-02-18 08-10-32,executed,-150.0,-130.0,-110.0,-90.0,-70.0,-50.0,-30.0,-10.0,10.0,30.0,300.0,-300.0,300.0,-300.0,300.0,-300.0,300.0,-300.0,300.0,-300.0
188,2026-02-18 08-12-09,proposed,-110.0,-90.0,-70.0,-50.0,-30.0,-10.0,10.0,30.0,50.0,150.0,-350.0,350.0,-350.0,350.0,-350.0,350.0,-350.0,350.0,-350.0,350.0
188,2026-02-18 08-12-09,executed,-110.0,-90.0,-70.0,-50.0,-30.0,-10.0,10.0,30.0,50.0,150.0,-350.0,350.0,-350.0,350.0,-350.0,350.0,-350.0,350.0,-350.0,350.0
189,2026-02-18 08-13-38,proposed,-110.0,-90.0,-70.0,-50.0,-30.0,-10.0,10.0,30.0,50.0,150.0,300.0,-300.0,300.0,-300.0,300.0,-300.0,300.0,-300.0,300.0,-300.0
189,2026-02-18 08-13-38,executed,-110.0,-90.0,-70.0,-50.0,-30.0,-10.0,10.0,30.0,50.0,150.0,300.0,-300.0,300.0,-300.0,300.0,-300.0,300.0,-300.0,300.0,-300.0
190,2026-02-18 08-15-10,proposed,-150.0,-130.0,-110.0,-90.0,-70.0,-50.0,-30.0,-10.0,10.0,150.0,-300.0,300.0,-300.0,300.0,-300.0,300.0,-300.0,300.0,-300.0,300.0
190,2026-02-18 08-15-10,executed,-150.0,-130.0,-110.0,-90.0,-70.0,-50.0,-30.0,-10.0,10.0,150.0,-300.0,300.0,-300.0,300.0,-300.0,300.0,-300.0,300.0,-300.0,300.0
191,2026-02-18 08-16-46,proposed,-110.0,-90.0,-70.0,-50.0,-30.0,-10.0,10.0,30.0,50.0,170.0,350.0,-350.0,350.0,-350.0,350.0,-350.0,350.0,-350.0,350.0,-350.0
191,2026-02-18 08-16-46,executed,-110.0,-90.0,-70.0,-50.0,-30.0,-10.0,10.0,30.0,50.0,170.0,350.0,-350.0,350.0,-350.0,350.0,-350.0,350.0,-350.0,350.0,-350.0
192,2026-02-18 08-18-17,proposed,-110.0,-90.0,-70.0,-50.0,-30.0,-10.0,10.0,30.0,50.0,170.0,-350.0,350.0,-350.0,350.0,-350.0,350.0,-350.0,350.0,-350.0,350.0
192,2026-02-18 08-18-17,executed,-110.0,-90.0,-70.0,-50.0,-30.0,-10.0,10.0,30.0,50.0,170.0,-350.0,350.0,-350.0,350.0,-350.0,350.0,-350.0,350.0,-350.0,350.0
193,2026-02-18 08-19-50,proposed,-110.0,-90.0,-70.0,-50.0,-30.0,-10.0,10.0,30.0,70.0,200.0,350.0,-350.0,350.0,-350.0,350.0,-350.0,350.0,-350.0,350.0,-350.0
193,2026-02-18 08-19-50,executed,-110.0,-90.0,-70.0,-50.0,-30.0,-10.0,10.0,30.0,70.0,200.0,350.0,-350.0,350.0,-350.0,350.0,-350.0,350.0,-350.0,350.0,-350.0
194,2026-02-18 08-21-22,proposed,-120.0,-100.0,-80.0,-60.0,-40.0,-20.0,0.0,20.0,40.0,230.0,350.0,-350.0,350.0,-350.0,350.0,-350.0,350.0,-350.0,350.0,-350.0
194,2026-02-18 08-21-22,executed,-120.0,-100.0,-80.0,-60.0,-40.0,-20.0,0.0,20.0,40.0,230.0,350.0,-350.0,350.0,-350.0,350.0,-350.0,350.0,-350.0,350.0,-350.0
195,2026-02-18 08-23-00,proposed,-120.0,-100.0,-80.0,-60.0,-40.0,-20.0,0.0,20.0,40.0,230.0,350.0,-350.0,350.0,-350.0,350.0,-350.0,350.0,-350.0,350.0,-350.0
195,2026-02-18 08-23-00,executed,-120.0,-100.0,-80.0,-60.0,-40.0,-20.0,0.0,20.0,40.0,230.0,350.0,-350.0,350.0,-350.0,350.0,-350.0,350.0,-350.0,350.0,-350.0
196,2026-02-18 08-24-37,proposed,-120.0,-100.0,-80.0,-60.0,-40.0,-20.0,0.0,20.0,40.0,230.0,350.0,-350.0,350.0,-350.0,350.0,-350.0,350.0,-350.0,350.0,-350.0
196,2026-02-18 08-24-37,executed,-120.0,-100.0,-80.0,-60.0,-40.0,-20.0,0.0,20.0,40.0,230.0,350.0,-350.0,350.0,-350.0,350.0,-350.0,350.0,-350.0,350.0,-350.0
197,2026-02-18 08-25-59,proposed,-120.0,-100.0,-80.0,-60.0,-40.0,-20.0,0.0,20.0,40.0,230.0,350.0,-350.0,350.0,-350.0,350.0,-350.0,350.0,-350.0,350.0,-350.0
197,2026-02-18 08-25-59,executed,-120.0,-100.0,-80.0,-60.0,-40.0,-20.0,0.0,20.0,40.0,230.0,350.0,-350.0,350.0,-350.0,350.0,-350.0,350.0,-350.0,350.0,-350.0
198,2026-02-18 08-27-23,proposed,-120.0,-100.0,-80.0,-60.0,-40.0,-20.0,0.0,20.0,40.0,150.0,350.0,-350.0,350.0,-350.0,350.0,-350.0,350.0,-350.0,350.0,-350.0
198,2026-02-18 08-27-23,executed,-120.0,-100.0,-80.0,-60.0,-40.0,-20.0,0.0,20.0,40.0,150.0,350.0,-350.0,350.0,-350.0,350.0,-350.0,350.0,-350.0,350.0,-350.0
199,2026-02-18 08-28-45,proposed,-120.0,-100.0,-80.0,-60.0,-40.0,-20.0,0.0,20.0,40.0,230.0,350.0,-350.0,350.0,-350.0,350.0,-350.0,350.0,-350.0,350.0,-350.0
199,2026-02-18 08-28-45,executed,-120.0,-100.0,-80.0,-60.0,-40.0,-20.0,0.0,20.0,40.0,230.0,350.0,-350.0,350.0,-350.0,350.0,-350.0,350.0,-350.0,350.0,-350.0
200,2026-02-18 08-30-10,proposed,-120.0,-100.0,-80.0,-60.0,-40.0,-20.0,0.0,20.0,40.0,230.0,-300.0,300.0,-300.0,300.0,-300.0,300.0,-300.0,300.0,-300.0,300.0
200,2026-02-18 08-30-10,executed,-120.0,-100.0,-80.0,-60.0,-40.0,-20.0,0.0,20.0,40.0,230.0,-300.0,300.0,-300.0,300.0,-300.0,300.0,-300.0,300.0,-300.0,300.0
201,2026-02-18 08-31-34,proposed,-120.0,-100.0,-80.0,-60.0,-40.0,-20.0,0.0,20.0,40.0,230.0,350.0,-350.0,350.0,-350.0,350.0,-350.0,350.0,-350.0,350.0,-350.0
201,2026-02-18 08-31-34,executed,-120.0,-100.0,-80.0,-60.0,-40.0,-20.0,0.0,20.0,40.0,230.0,350.0,-350.0,350.0,-350.0,350.0,-350.0,350.0,-350.0,350.0,-350.0
202,2026-02-18 08-32-56,proposed,-120.0,-100.0,-80.0,-60.0,-40.0,-20.0,0.0,20.0,40.0,230.0,350.0,-350.0,350.0,-350.0,350.0,-350.0,350.0,-350.0,350.0,-350.0
202,2026-02-18 08-32-56,executed,-120.0,-100.0,-80.0,-60.0,-40.0,-20.0,0.0,20.0,40.0,230.0,350.0,-350.0,350.0,-350.0,350.0,-350.0,350.0,-350.0,350.0,-350.0
203,2026-02-18 08-34-22,proposed,-120.0,-100.0,-80.0,-60.0,-40.0,-20.0,0.0,20.0,40.0,230.0,350.0,-350.0,350.0,-350.0,350.0,-350.0,350.0,-350.0,350.0,-350.0
203,2026-02-18 08-34-22,executed,-120.0,-100.0,-80.0,-60.0,-40.0,-20.0,0.0,20.0,40.0,230.0,350.0,-350.0,350.0,-350.0,350.0,-350.0,350.0,-350.0,350.0,-350.0
204,2026-02-18 08-35-45,proposed,-130.0,-110.0,-90.0,-70.0,-50.0,-30.0,-10.0,10.0,30.0,150.0,-300.0,300.0,-300.0,300.0,-300.0,300.0,-300.0,300.0,-300.0,300.0
204,2026-02-18 08-35-45,executed,-130.0,-110.0,-90.0,-70.0,-50.0,-30.0,-10.0,10.0,30.0,150.0,-300.0,300.0,-300.0,300.0,-300.0,300.0,-300.0,300.0,-300.0,300.0
205,2026-02-18 08-37-09,proposed,-120.0,-100.0,-80.0,-60.0,-40.0,-20.0,0.0,20.0,40.0,150.0,-300.0,300.0,-300.0,300.0,-300.0,300.0,-300.0,300.0,-300.0,300.0
205,2026-02-18 08-37-09,executed,-120.0,-100.0,-80.0,-60.0,-40.0,-20.0,0.0,20.0,40.0,150.0,-300.0,300.0,-300.0,300.0,-300.0,300.0,-300.0,300.0,-300.0,300.0
206,2026-02-18 08-38-33,proposed,-120.0,-100.0,-80.0,-60.0,-40.0,-20.0,0.0,20.0,40.0,150.0,-300.0,300.0,-300.0,300.0,-300.0,300.0,-300.0,300.0,-300.0,300.0
206,2026-02-18 08-38-33,executed,-120.0,-100.0,-80.0,-60.0,-40.0,-20.0,0.0,20.0,40.0,150.0,-300.0,300.0,-300.0,300.0,-300.0,300.0,-300.0,300.0,-300.0,300.0
207,2026-02-18 08-40-01,proposed,-120.0,-100.0,-80.0,-60.0,-40.0,-20.0,0.0,20.0,40.0,240.0,-300.0,300.0,-300.0,300.0,-300.0,300.0,-300.0,300.0,-300.0,300.0
207,2026-02-18 08-40-01,executed,-120.0,-100.0,-80.0,-60.0,-40.0,-20.0,0.0,20.0,40.0,240.0,-300.0,300.0,-300.0,300.0,-300.0,300.0,-300.0,300.0,-300.0,300.0
208,2026-02-18 08-41-29,proposed,-120.0,-100.0,-80.0,-60.0,-40.0,-20.0,0.0,20.0,40.0,230.0,350.0,-350.0,350.0,-350.0,350.0,-350.0,350.0,-350.0,350.0,-350.0
208,2026-02-18 08-41-29,executed,-120.0,-100.0,-80.0,-60.0,-40.0,-20.0,0.0,20.0,40.0,230.0,350.0,-350.0,350.0,-350.0,350.0,-350.0,350.0,-350.0,350.0,-350.0
209,2026-02-18 08-42-51,proposed,-120.0,-100.0,-80.0,-60.0,-40.0,-20.0,0.0,20.0,40.0,230.0,350.0,-350.0,350.0,-350.0,350.0,-350.0,350.0,-350.0,350.0,-350.0
209,2026-02-18 08-42-51,executed,-120.0,-100.0,-80.0,-60.0,-40.0,-20.0,0.0,20.0,40.0,230.0,350.0,-350.0,350.0,-350.0,350.0,-350.0,350.0,-350.0,350.0,-350.0
210,2026-02-18 08-44-16,proposed,-110.0,-90.0,-70.0,-50.0,-30.0,-10.0,10.0,30.0,50.0,150.0,-350.0,350.0,-350.0,350.0,-350.0,350.0,-350.0,350.0,-350.0,350.0
210,2026-02-18 08-44-16,executed,-110.0,-90.0,-70.0,-50.0,-30.0,-10.0,10.0,30.0,50.0,150.0,-350.0,350.0,-350.0,350.0,-350.0,350.0,-350.0,350.0,-350.0,350.0
211,2026-02-18 08-45-41,proposed,-120.0,-100.0,-80.0,-60.0,-40.0,-20.0,0.0,20.0,40.0,230.0,-300.0,300.0,-300.0,300.0,-300.0,300.0,-300.0,300.0,-300.0,300.0
211,2026-02-18 08-45-41,executed,-120.0,-100.0,-80.0,-60.0,-40.0,-20.0,0.0,20.0,40.0,230.0,-300.0,300.0,-300.0,300.0,-300.0,300.0,-300.0,300.0,-300.0,300.0
212,2026-02-18 08-47-06,proposed,1.0,-120.0,-100.0,-80.0,-60.0,-40.0,-20.0,0.0,20.0,40.0,230.0,350.0,-350.0,350.0,-350.0,350.0,-350.0,350.0,-350.0,350.0
212,2026-02-18 08-47-06,executed,1.0,-120.0,-100.0,-80.0,-60.0,-40.0,-20.0,0.0,20.0,40.0,230.0,350.0,-350.0,350.0,-350.0,350.0,-350.0,350.0,-350.0,350.0
213,2026-02-18 08-48-30,proposed,-120.0,-100.0,-80.0,-60.0,-40.0,-20.0,0.0,20.0,40.0,230.0,350.0,-350.0,350.0,-350.0,350.0,-350.0,350.0,-350.0,350.0,-350.0
213,2026-02-18 08-48-30,executed,-120.0,-100.0,-80.0,-60.0,-40.0,-20.0,0.0,20.0,40.0,230.0,350.0,-350.0,350.0,-350.0,350.0,-350.0,350.0,-350.0,350.0,-350.0
214,2026-02-18 08-49-55,proposed,-120.0,-100.0,-80.0,-60.0,-40.0,-20.0,0.0,20.0,40.0,230.0,350.0,-350.0,350.0,-350.0,350.0,-350.0,350.0,-350.0,350.0,-350.0
214,2026-02-18 08-49-55,executed,-120.0,-100.0,-80.0,-60.0,-40.0,-20.0,0.0,20.0,40.0,230.0,350.0,-350.0,350.0,-350.0,350.0,-350.0,350.0,-350.0,350.0,-350.0
215,2026-02-18 08-51-18,proposed,-120.0,-100.0,-80.0,-60.0,-40.0,-20.0,0.0,20.0,40.0,230.0,350.0,-350.0,350.0,-350.0,350.0,-350.0,350.0,-350.0,350.0,-350.0
215,2026-02-18 08-51-18,executed,-120.0,-100.0,-80.0,-60.0,-40.0,-20.0,0.0,20.0,40.0,230.0,350.0,-350.0,350.0,-350.0,350.0,-350.0,350.0,-350.0,350.0,-350.0
216,2026-02-18 08-52-44,proposed,-120.0,-100.0,-80.0,-60.0,-40.0,-20.0,0.0,20.0,40.0,230.0,350.0,-350.0,350.0,-350.0,350.0,-350.0,350.0,-350.0,350.0,-350.0
216,2026-02-18 08-52-44,executed,-120.0,-100.0,-80.0,-60.0,-40.0,-20.0,0.0,20.0,40.0,230.0,350.0,-350.0,350.0,-350.0,350.0,-350.0,350.0,-350.0,350.0,-350.0
217,2026-02-18 08-54-10,proposed,-120.0,-100.0,-80.0,-60.0,-40.0,-20.0,0.0,20.0,40.0,230.0,350.0,-350.0,350.0,-350.0,350.0,-350.0,350.0,-350.0,350.0,-350.0
217,2026-02-18 08-54-10,executed,-120.0,-100.0,-80.0,-60.0,-40.0,-20.0,0.0,20.0,40.0,230.0,350.0,-350.0,350.0,-350.0,350.0,-350.0,350.0,-350.0,350.0,-350.0
218,2026-02-18 08-55-34,proposed,-120.0,-100.0,-80.0,-60.0,-40.0,-20.0,0.0,20.0,40.0,230.0,350.0,-350.0,350.0,-350.0,350.0,-350.0,350.0,-350.0,350.0,-350.0
218,2026-02-18 08-55-34,executed,-120.0,-100.0,-80.0,-60.0,-40.0,-20.0,0.0,20.0,40.0,230.0,350.0,-350.0,350.0,-350.0,350.0,-350.0,350.0,-350.0,350.0,-350.0
219,2026-02-18 08-56-59,proposed,-120.0,-100.0,-80.0,-60.0,-40.0,-20.0,0.0,20.0,40.0,230.0,350.0,-350.0,350.0,-350.0,350.0,-350.0,350.0,-350.0,350.0,-350.0
219,2026-02-18 08-56-59,executed,-120.0,-100.0,-80.0,-60.0,-40.0,-20.0,0.0,20.0,40.0,230.0,350.0,-350.0,350.0,-350.0,350.0,-350.0,350.0,-350.0,350.0,-350.0
220,2026-02-18 08-58-25,proposed,-120.0,-100.0,-80.0,-60.0,-40.0,-20.0,0.0,20.0,40.0,230.0,-300.0,300.0,-300.0,300.0,-300.0,300.0,-300.0,300.0,-300.0,300.0
220,2026-02-18 08-58-25,executed,-120.0,-100.0,-80.0,-60.0,-40.0,-20.0,0.0,20.0,40.0,230.0,-300.0,300.0,-300.0,300.0,-300.0,300.0,-300.0,300.0,-300.0,300.0
221,2026-02-18 08-59-51,proposed,-120.0,-100.0,-80.0,-60.0,-40.0,-20.0,0.0,20.0,40.0,230.0,-300.0,300.0,-300.0,300.0,-300.0,300.0,-300.0,300.0,-300.0,300.0
221,2026-02-18 08-59-51,executed,-120.0,-100.0,-80.0,-60.0,-40.0,-20.0,0.0,20.0,40.0,230.0,-300.0,300.0,-300.0,300.0,-300.0,300.0,-300.0,300.0,-300.0,300.0
222,2026-02-18 09-01-16,proposed,-120.0,-100.0,-80.0,-60.0,-40.0,-20.0,0.0,20.0,40.0,230.0,350.0,-350.0,350.0,-350.0,350.0,-350.0,350.0,-350.0,350.0,-350.0
222,2026-02-18 09-01-16,executed,-120.0,-100.0,-80.0,-60.0,-40.0,-20.0,0.0,20.0,40.0,230.0,350.0,-350.0,350.0,-350.0,350.0,-350.0,350.0,-350.0,350.0,-350.0
223,2026-02-18 09-02-41,proposed,-120.0,-100.0,-80.0,-60.0,-40.0,-20.0,0.0,20.0,40.0,230.0,350.0,-350.0,350.0,-350.0,350.0,-350.0,350.0,-350.0,350.0,-350.0
223,2026-02-18 09-02-41,executed,-120.0,-100.0,-80.0,-60.0,-40.0,-20.0,0.0,20.0,40.0,230.0,350.0,-350.0,350.0,-350.0,350.0,-350.0,350.0,-350.0,350.0,-350.0
224,2026-02-18 09-04-05,proposed,-120.0,-100.0,-80.0,-60.0,-40.0,-20.0,0.0,20.0,40.0,230.0,350.0,-350.0,350.0,-350.0,350.0,-350.0,350.0,-350.0,350.0,-350.0
224,2026-02-18 09-04-05,executed,-120.0,-100.0,-80.0,-60.0,-40.0,-20.0,0.0,20.0,40.0,230.0,350.0,-350.0,350.0,-350.0,350.0,-350.0,350.0,-350.0,350.0,-350.0
225,2026-02-18 09-05-34,proposed,-120.0,-100.0,-80.0,-60.0,-40.0,-20.0,0.0,20.0,40.0,230.0,380.0,-380.0,380.0,-380.0,380.0,-380.0,380.0,-380.0,380.0,-380.0
225,2026-02-18 09-05-34,executed,-120.0,-100.0,-80.0,-60.0,-40.0,-20.0,0.0,20.0,40.0,230.0,380.0,-380.0,380.0,-380.0,380.0,-380.0,380.0,-380.0,380.0,-380.0
226,2026-02-18 09-07-18,proposed,-100.0,-80.0,-60.0,-40.0,-20.0,0.0,20.0,40.0,60.0,200.0,-300.0,300.0,-300.0,300.0,-300.0,300.0,-300.0,300.0,-300.0,300.0
226,2026-02-18 09-07-18,executed,-100.0,-80.0,-60.0,-40.0,-20.0,0.0,20.0,40.0,60.0,200.0,-300.0,300.0,-300.0,300.0,-300.0,300.0,-300.0,300.0,-300.0,300.0
227,2026-02-18 09-08-43,proposed,-100.0,-80.0,-60.0,-40.0,-20.0,0.0,20.0,40.0,60.0,200.0,-300.0,300.0,-300.0,300.0,-300.0,300.0,-300.0,300.0,-300.0,300.0
227,2026-02-18 09-08-43,executed,-100.0,-80.0,-60.0,-40.0,-20.0,0.0,20.0,40.0,60.0,200.0,-300.0,300.0,-300.0,300.0,-300.0,300.0,-300.0,300.0,-300.0,300.0
228,2026-02-18 09-10-07,proposed,-100.0,-80.0,-60.0,-40.0,-20.0,0.0,20.0,40.0,60.0,200.0,-300.0,300.0,-300.0,300.0,-300.0,300.0,-300.0,300.0,-300.0,300.0
228,2026-02-18 09-10-07,executed,-100.0,-80.0,-60.0,-40.0,-20.0,0.0,20.0,40.0,60.0,200.0,-300.0,300.0,-300.0,300.0,-300.0,300.0,-300.0,300.0,-300.0,300.0
229,2026-02-18 09-11-43,proposed,-100.0,-80.0,-60.0,-40.0,-20.0,0.0,20.0,40.0,60.0,200.0,-300.0,300.0,-300.0,300.0,-300.0,300.0,-300.0,300.0,-300.0,300.0
229,2026-02-18 09-11-43,executed,-100.0,-80.0,-60.0,-40.0,-20.0,0.0,20.0,40.0,60.0,200.0,-300.0,300.0,-300.0,300.0,-300.0,300.0,-300.0,300.0,-300.0,300.0
230,2026-02-18 09-13-07,proposed,-100.0,-80.0,-60.0,-40.0,-20.0,0.0,20.0,40.0,60.0,200.0,-300.0,300.0,-300.0,300.0,-300.0,300.0,-300.0,300.0,-300.0,300.0
230,2026-02-18 09-13-07,executed,-100.0,-80.0,-60.0,-40.0,-20.0,0.0,20.0,40.0,60.0,200.0,-300.0,300.0,-300.0,300.0,-300.0,300.0,-300.0,300.0,-300.0,300.0
231,2026-02-18 09-14-32,proposed,-100.0,-80.0,-60.0,-40.0,-20.0,0.0,20.0,40.0,60.0,200.0,-300.0,300.0,-300.0,300.0,-300.0,300.0,-300.0,300.0,-300.0,300.0
231,2026-02-18 09-14-32,executed,-100.0,-80.0,-60.0,-40.0,-20.0,0.0,20.0,40.0,60.0,200.0,-300.0,300.0,-300.0,300.0,-300.0,300.0,-300.0,300.0,-300.0,300.0
232,2026-02-18 09-15-56,proposed,-100.0,-80.0,-60.0,-40.0,-20.0,0.0,20.0,40.0,60.0,200.0,-300.0,300.0,-300.0,300.0,-300.0,300.0,-300.0,300.0,-300.0,300.0
232,2026-02-18 09-15-56,executed,-100.0,-80.0,-60.0,-40.0,-20.0,0.0,20.0,40.0,60.0,200.0,-300.0,300.0,-300.0,300.0,-300.0,300.0,-300.0,300.0,-300.0,300.0
233,2026-02-18 09-17-19,proposed,-100.0,-80.0,-60.0,-40.0,-20.0,0.0,20.0,40.0,60.0,200.0,-300.0,300.0,-300.0,300.0,-300.0,300.0,-300.0,300.0,-300.0,300.0
233,2026-02-18 09-17-19,executed,-100.0,-80.0,-60.0,-40.0,-20.0,0.0,20.0,40.0,60.0,200.0,-300.0,300.0,-300.0,300.0,-300.0,300.0,-300.0,300.0,-300.0,300.0
234,2026-02-18 09-18-46,proposed,-100.0,-80.0,-60.0,-40.0,-20.0,0.0,20.0,40.0,60.0,200.0,-300.0,300.0,-300.0,300.0,-300.0,300.0,-300.0,300.0,-300.0,300.0
234,2026-02-18 09-18-46,executed,-100.0,-80.0,-60.0,-40.0,-20.0,0.0,20.0,40.0,60.0,200.0,-300.0,300.0,-300.0,300.0,-300.0,300.0,-300.0,300.0,-300.0,300.0
235,2026-02-18 09-20-11,proposed,-100.0,-80.0,-60.0,-40.0,-20.0,0.0,20.0,40.0,60.0,200.0,-300.0,300.0,-300.0,300.0,-300.0,300.0,-300.0,300.0,-300.0,300.0
235,2026-02-18 09-20-11,executed,-100.0,-80.0,-60.0,-40.0,-20.0,0.0,20.0,40.0,60.0,200.0,-300.0,300.0,-300.0,300.0,-300.0,300.0,-300.0,300.0,-300.0,300.0
236,2026-02-18 09-21-36,proposed,-100.0,-80.0,-60.0,-40.0,-20.0,0.0,20.0,40.0,60.0,200.0,-300.0,300.0,-300.0,300.0,-300.0,300.0,-300.0,300.0,-300.0,300.0
236,2026-02-18 09-21-36,executed,-100.0,-80.0,-60.0,-40.0,-20.0,0.0,20.0,40.0,60.0,200.0,-300.0,300.0,-300.0,300.0,-300.0,300.0,-300.0,300.0,-300.0,300.0
237,2026-02-18 09-23-02,proposed,-100.0,-80.0,-60.0,-40.0,-20.0,0.0,20.0,40.0,60.0,200.0,-300.0,300.0,-300.0,300.0,-300.0,300.0,-300.0,300.0,-300.0,300.0
237,2026-02-18 09-23-02,executed,-100.0,-80.0,-60.0,-40.0,-20.0,0.0,20.0,40.0,60.0,200.0,-300.0,300.0,-300.0,300.0,-300.0,300.0,-300.0,300.0,-300.0,300.0
238,2026-02-18 09-24-32,proposed,-100.0,-80.0,-60.0,-40.0,-20.0,0.0,20.0,40.0,60.0,200.0,300.0,-300.0,300.0,-300.0,300.0,-300.0,300.0,-300.0,300.0,-300.0
238,2026-02-18 09-24-32,executed,-100.0,-80.0,-60.0,-40.0,-20.0,0.0,20.0,40.0,60.0,200.0,300.0,-300.0,300.0,-300.0,300.0,-300.0,300.0,-300.0,300.0,-300.0
239,2026-02-18 09-25-55,proposed,-100.0,-80.0,-60.0,-40.0,-20.0,0.0,20.0,40.0,60.0,200.0,-300.0,300.0,-300.0,300.0,-300.0,300.0,-300.0,300.0,-300.0,300.0
239,2026-02-18 09-25-55,executed,-100.0,-80.0,-60.0,-40.0,-20.0,0.0,20.0,40.0,60.0,200.0,-300.0,300.0,-300.0,300.0,-300.0,300.0,-300.0,300.0,-300.0,300.0
240,2026-02-18 09-27-19,proposed,-100.0,-80.0,-60.0,-40.0,-20.0,0.0,20.0,40.0,60.0,200.0,-300.0,300.0,-300.0,300.0,-300.0,300.0,-300.0,300.0,-300.0,300.0
240,2026-02-18 09-27-19,executed,-100.0,-80.0,-60.0,-40.0,-20.0,0.0,20.0,40.0,60.0,200.0,-300.0,300.0,-300.0,300.0,-300.0,300.0,-300.0,300.0,-300.0,300.0
241,2026-02-18 09-28-44,proposed,-100.0,-80.0,-60.0,-40.0,-20.0,0.0,20.0,40.0,60.0,200.0,-300.0,300.0,-300.0,300.0,-300.0,300.0,-300.0,300.0,-300.0,300.0
241,2026-02-18 09-28-44,executed,-100.0,-80.0,-60.0,-40.0,-20.0,0.0,20.0,40.0,60.0,200.0,-300.0,300.0,-300.0,300.0,-300.0,300.0,-300.0,300.0,-300.0,300.0
242,2026-02-18 09-30-08,proposed,-100.0,-80.0,-60.0,-40.0,-20.0,0.0,20.0,40.0,60.0,200.0,-300.0,300.0,-300.0,300.0,-300.0,300.0,-300.0,300.0,-300.0,300.0
242,2026-02-18 09-30-08,executed,-100.0,-80.0,-60.0,-40.0,-20.0,0.0,20.0,40.0,60.0,200.0,-300.0,300.0,-300.0,300.0,-300.0,300.0,-300.0,300.0,-300.0,300.0
243,2026-02-18 09-31-33,proposed,-100.0,-80.0,-60.0,-40.0,-20.0,0.0,20.0,40.0,60.0,200.0,-300.0,300.0,-300.0,300.0,-300.0,300.0,-300.0,300.0,-300.0,300.0
243,2026-02-18 09-31-33,executed,-100.0,-80.0,-60.0,-40.0,-20.0,0.0,20.0,40.0,60.0,200.0,-300.0,300.0,-300.0,300.0,-300.0,300.0,-300.0,300.0,-300.0,300.0
244,2026-02-18 09-32-58,proposed,-100.0,-80.0,-60.0,-40.0,-20.0,0.0,20.0,40.0,60.0,200.0,-300.0,300.0,-300.0,300.0,-300.0,300.0,-300.0,300.0,-300.0,300.0
244,2026-02-18 09-32-58,executed,-100.0,-80.0,-60.0,-40.0,-20.0,0.0,20.0,40.0,60.0,200.0,-300.0,300.0,-300.0,300.0,-300.0,300.0,-300.0,300.0,-300.0,300.0
245,2026-02-18 09-34-21,proposed,-100.0,-80.0,-60.0,-40.0,-20.0,0.0,20.0,40.0,60.0,200.0,-300.0,300.0,-300.0,300.0,-300.0,300.0,-300.0,300.0,-300.0,300.0
245,2026-02-18 09-34-21,executed,-100.0,-80.0,-60.0,-40.0,-20.0,0.0,20.0,40.0,60.0,200.0,-300.0,300.0,-300.0,300.0,-300.0,300.0,-300.0,300.0,-300.0,300.0
246,2026-02-18 09-35-48,proposed,-100.0,-80.0,-60.0,-40.0,-20.0,0.0,20.0,40.0,60.0,200.0,-300.0,300.0,-300.0,300.0,-300.0,300.0,-300.0,300.0,-300.0,300.0
246,2026-02-18 09-35-48,executed,-100.0,-80.0,-60.0,-40.0,-20.0,0.0,20.0,40.0,60.0,200.0,-300.0,300.0,-300.0,300.0,-300.0,300.0,-300.0,300.0,-300.0,300.0
247,2026-02-18 09-37-13,proposed,-100.0,-80.0,-60.0,-40.0,-20.0,0.0,20.0,40.0,60.0,200.0,-300.0,300.0,-300.0,300.0,-300.0,300.0,-300.0,300.0,-300.0,300.0
247,2026-02-18 09-37-13,executed,-100.0,-80.0,-60.0,-40.0,-20.0,0.0,20.0,40.0,60.0,200.0,-300.0,300.0,-300.0,300.0,-300.0,300.0,-300.0,300.0,-300.0,300.0
248,2026-02-18 09-38-38,proposed,-100.0,-80.0,-60.0,-40.0,-20.0,0.0,20.0,40.0,60.0,200.0,-300.0,300.0,-300.0,300.0,-300.0,300.0,-300.0,300.0,-300.0,300.0
248,2026-02-18 09-38-38,executed,-100.0,-80.0,-60.0,-40.0,-20.0,0.0,20.0,40.0,60.0,200.0,-300.0,300.0,-300.0,300.0,-300.0,300.0,-300.0,300.0,-300.0,300.0
249,2026-02-18 09-40-05,proposed,-100.0,-80.0,-60.0,-40.0,-20.0,0.0,20.0,40.0,60.0,200.0,300.0,-300.0,300.0,-300.0,300.0,-300.0,300.0,-300.0,300.0,-300.0
249,2026-02-18 09-40-05,executed,-100.0,-80.0,-60.0,-40.0,-20.0,0.0,20.0,40.0,60.0,200.0,300.0,-300.0,300.0,-300.0,300.0,-300.0,300.0,-300.0,300.0,-300.0
250,2026-02-18 09-41-42,proposed,-100.0,-80.0,-60.0,-40.0,-20.0,0.0,20.0,40.0,60.0,200.0,-300.0,300.0,-300.0,300.0,-300.0,300.0,-300.0,300.0,-300.0,300.0
250,2026-02-18 09-41-42,executed,-100.0,-80.0,-60.0,-40.0,-20.0,0.0,20.0,40.0,60.0,200.0,-300.0,300.0,-300.0,300.0,-300.0,300.0,-300.0,300.0,-300.0,300.0
251,2026-02-18 09-43-18,proposed,-100.0,-80.0,-60.0,-40.0,-20.0,0.0,20.0,40.0,60.0,200.0,-300.0,300.0,-300.0,300.0,-300.0,300.0,-300.0,300.0,-300.0,300.0
251,2026-02-18 09-43-18,executed,-100.0,-80.0,-60.0,-40.0,-20.0,0.0,20.0,40.0,60.0,200.0,-300.0,300.0,-300.0,300.0,-300.0,300.0,-300.0,300.0,-300.0,300.0
252,2026-02-18 09-44-43,proposed,-100.0,-80.0,-60.0,-40.0,-20.0,0.0,20.0,40.0,60.0,200.0,-300.0,300.0,-300.0,300.0,-300.0,300.0,-300.0,300.0,-300.0,300.0
252,2026-02-18 09-44-43,executed,-100.0,-80.0,-60.0,-40.0,-20.0,0.0,20.0,40.0,60.0,200.0,-300.0,300.0,-300.0,300.0,-300.0,300.0,-300.0,300.0,-300.0,300.0
253,2026-02-18 09-46-06,proposed,-100.0,-80.0,-60.0,-40.0,-20.0,0.0,20.0,40.0,60.0,200.0,-300.0,300.0,-300.0,300.0,-300.0,300.0,-300.0,300.0,-300.0,300.0
253,2026-02-18 09-46-06,executed,-100.0,-80.0,-60.0,-40.0,-20.0,0.0,20.0,40.0,60.0,200.0,-300.0,300.0,-300.0,300.0,-300.0,300.0,-300.0,300.0,-300.0,300.0
254,2026-02-18 09-47-34,proposed,-100.0,-80.0,-60.0,-40.0,-20.0,0.0,20.0,40.0,60.0,200.0,-250.0,250.0,-250.0,250.0,-250.0,250.0,-250.0,250.0,-250.0,250.0
254,2026-02-18 09-47-34,executed,-100.0,-80.0,-60.0,-40.0,-20.0,0.0,20.0,40.0,60.0,200.0,-250.0,250.0,-250.0,250.0,-250.0,250.0,-250.0,250.0,-250.0,250.0
255,2026-02-18 09-48-58,proposed,-100.0,-80.0,-60.0,-40.0,-20.0,0.0,20.0,40.0,60.0,200.0,-300.0,300.0,-300.0,300.0,-300.0,300.0,-300.0,300.0,-300.0,300.0
255,2026-02-18 09-48-58,executed,-100.0,-80.0,-60.0,-40.0,-20.0,0.0,20.0,40.0,60.0,200.0,-300.0,300.0,-300.0,300.0,-300.0,300.0,-300.0,300.0,-300.0,300.0
256,2026-02-18 09-50-22,proposed,1.0,-100.0,-80.0,-60.0,-40.0,-20.0,0.0,20.0,40.0,60.0,200.0,-300.0,300.0,-300.0,300.0,-300.0,300.0,-300.0,300.0,-300.0
256,2026-02-18 09-50-22,executed,1.0,-100.0,-80.0,-60.0,-40.0,-20.0,0.0,20.0,40.0,60.0,200.0,-300.0,300.0,-300.0,300.0,-300.0,300.0,-300.0,300.0,-300.0
257,2026-02-18 09-51-50,proposed,0.0,0.0,0.0,0.0,0.0,0.0,0.0,0.0,0.0,200.0,-150.0,-100.0,-50.0,0.0,50.0,100.0,150.0,100.0,50.0,0.0
257,2026-02-18 09-51-50,executed,0.0,0.0,0.0,0.0,0.0,0.0,0.0,0.0,0.0,200.0,-150.0,-100.0,-50.0,0.0,50.0,100.0,150.0,100.0,50.0,0.0
258,2026-02-18 09-53-21,proposed,-200.0,-180.0,-160.0,-140.0,-120.0,-100.0,-80.0,-60.0,-40.0,-20.0,-150.0,150.0,-150.0,150.0,-150.0,150.0,-150.0,150.0,-150.0,150.0
258,2026-02-18 09-53-21,executed,-200.0,-180.0,-160.0,-140.0,-120.0,-100.0,-80.0,-60.0,-40.0,-20.0,-150.0,150.0,-150.0,150.0,-150.0,150.0,-150.0,150.0,-150.0,150.0
259,2026-02-18 09-54-51,proposed,-80.0,-60.0,-40.0,-20.0,0.0,20.0,40.0,60.0,80.0,100.0,-150.0,150.0,-150.0,150.0,-150.0,150.0,-150.0,150.0,-150.0,150.0
259,2026-02-18 09-54-51,executed,-80.0,-60.0,-40.0,-20.0,0.0,20.0,40.0,60.0,80.0,100.0,-150.0,150.0,-150.0,150.0,-150.0,150.0,-150.0,150.0,-150.0,150.0
260,2026-02-18 09-56-19,proposed,-150.0,-130.0,-110.0,-90.0,-70.0,-50.0,-30.0,-10.0,10.0,200.0,-350.0,350.0,-350.0,350.0,-350.0,350.0,-350.0,350.0,-350.0,350.0
260,2026-02-18 09-56-19,executed,-150.0,-130.0,-110.0,-90.0,-70.0,-50.0,-30.0,-10.0,10.0,200.0,-350.0,350.0,-350.0,350.0,-350.0,350.0,-350.0,350.0,-350.0,350.0
261,2026-02-18 09-57-50,proposed,-100.0,-80.0,-60.0,-40.0,-20.0,0.0,20.0,40.0,60.0,200.0,-250.0,-150.0,-50.0,50.0,150.0,250.0,150.0,50.0,-50.0,-150.0
261,2026-02-18 09-57-50,executed,-100.0,-80.0,-60.0,-40.0,-20.0,0.0,20.0,40.0,60.0,200.0,-250.0,-150.0,-50.0,50.0,150.0,250.0,150.0,50.0,-50.0,-150.0
262,2026-02-18 09-59-17,proposed,-100.0,-80.0,-60.0,-40.0,-20.0,0.0,20.0,40.0,60.0,200.0,-350.0,350.0,-350.0,350.0,-350.0,350.0,-350.0,350.0,-350.0,350.0
262,2026-02-18 09-59-17,executed,-100.0,-80.0,-60.0,-40.0,-20.0,0.0,20.0,40.0,60.0,200.0,-350.0,350.0,-350.0,350.0,-350.0,350.0,-350.0,350.0,-350.0,350.0
263,2026-02-18 10-00-45,proposed,-100.0,-80.0,-60.0,-40.0,-20.0,0.0,20.0,40.0,60.0,200.0,-400.0,400.0,-400.0,400.0,-400.0,400.0,-400.0,400.0,-400.0,400.0
263,2026-02-18 10-00-45,executed,-100.0,-80.0,-60.0,-40.0,-20.0,0.0,20.0,40.0,60.0,200.0,-400.0,400.0,-400.0,400.0,-400.0,400.0,-400.0,400.0,-400.0,400.0
264,2026-02-18 10-02-13,proposed,-100.0,-80.0,-60.0,-40.0,-20.0,0.0,20.0,40.0,60.0,200.0,-300.0,300.0,-300.0,300.0,-300.0,300.0,-300.0,300.0,-300.0,300.0
264,2026-02-18 10-02-13,executed,-100.0,-80.0,-60.0,-40.0,-20.0,0.0,20.0,40.0,60.0,200.0,-300.0,300.0,-300.0,300.0,-300.0,300.0,-300.0,300.0,-300.0,300.0
265,2026-02-18 10-03-39,proposed,-150.0,-120.0,-90.0,-60.0,-30.0,0.0,30.0,60.0,90.0,200.0,-300.0,300.0,-300.0,300.0,-300.0,300.0,-300.0,300.0,-300.0,300.0
265,2026-02-18 10-03-39,executed,-150.0,-120.0,-90.0,-60.0,-30.0,0.0,30.0,60.0,90.0,200.0,-300.0,300.0,-300.0,300.0,-300.0,300.0,-300.0,300.0,-300.0,300.0
266,2026-02-18 10-05-15,proposed,-300.0,-260.0,-220.0,-180.0,-140.0,-100.0,-60.0,-20.0,20.0,200.0,-350.0,350.0,-350.0,350.0,-350.0,350.0,-350.0,350.0,-350.0,350.0
266,2026-02-18 10-05-15,executed,-300.0,-260.0,-220.0,-180.0,-140.0,-100.0,-60.0,-20.0,20.0,200.0,-350.0,350.0,-350.0,350.0,-350.0,350.0,-350.0,350.0,-350.0,350.0
267,2026-02-18 10-07-20,proposed,-100.0,-80.0,-60.0,-40.0,-20.0,0.0,20.0,40.0,60.0,200.0,-300.0,-150.0,0.0,150.0,300.0,150.0,0.0,-150.0,-300.0,-150.0
267,2026-02-18 10-07-20,executed,-100.0,-80.0,-60.0,-40.0,-20.0,0.0,20.0,40.0,60.0,200.0,-300.0,-150.0,0.0,150.0,300.0,150.0,0.0,-150.0,-300.0,-150.0
268,2026-02-18 10-08-46,proposed,-150.0,-80.0,-60.0,-40.0,-20.0,0.0,20.0,40.0,60.0,200.0,-300.0,300.0,-300.0,300.0,-300.0,300.0,-300.0,300.0,-300.0,300.0
268,2026-02-18 10-08-46,executed,-150.0,-80.0,-60.0,-40.0,-20.0,0.0,20.0,40.0,60.0,200.0,-300.0,300.0,-300.0,300.0,-300.0,300.0,-300.0,300.0,-300.0,300.0
269,2026-02-18 10-10-18,proposed,-200.0,-100.0,-80.0,-60.0,-40.0,-20.0,0.0,20.0,40.0,250.0,-300.0,300.0,-300.0,300.0,-300.0,300.0,-300.0,300.0,-300.0,300.0
269,2026-02-18 10-10-18,executed,-200.0,-100.0,-80.0,-60.0,-40.0,-20.0,0.0,20.0,40.0,250.0,-300.0,300.0,-300.0,300.0,-300.0,300.0,-300.0,300.0,-300.0,300.0
270,2026-02-18 10-11-48,proposed,-100.0,-80.0,-60.0,-40.0,-20.0,0.0,20.0,40.0,60.0,200.0,-250.0,-150.0,-50.0,50.0,150.0,250.0,150.0,50.0,-50.0,-150.0
270,2026-02-18 10-11-48,executed,-100.0,-80.0,-60.0,-40.0,-20.0,0.0,20.0,40.0,60.0,200.0,-250.0,-150.0,-50.0,50.0,150.0,250.0,150.0,50.0,-50.0,-150.0
271,2026-02-18 10-13-16,proposed,-150.0,-130.0,-110.0,-90.0,-70.0,-50.0,-30.0,-10.0,10.0,200.0,-350.0,350.0,-350.0,350.0,-350.0,350.0,-350.0,350.0,-350.0,350.0
271,2026-02-18 10-13-16,executed,-150.0,-130.0,-110.0,-90.0,-70.0,-50.0,-30.0,-10.0,10.0,200.0,-350.0,350.0,-350.0,350.0,-350.0,350.0,-350.0,350.0,-350.0,350.0
272,2026-02-18 10-14-53,proposed,-50.0,-30.0,-10.0,10.0,30.0,50.0,70.0,90.0,110.0,200.0,-350.0,350.0,-350.0,350.0,-350.0,350.0,-350.0,350.0,-350.0,350.0
272,2026-02-18 10-14-53,executed,-50.0,-30.0,-10.0,10.0,30.0,50.0,70.0,90.0,110.0,200.0,-350.0,350.0,-350.0,350.0,-350.0,350.0,-350.0,350.0,-350.0,350.0
273,2026-02-18 10-16-23,proposed,-120.0,-100.0,-80.0,-60.0,-40.0,-20.0,0.0,20.0,40.0,200.0,-320.0,320.0,-320.0,320.0,-320.0,320.0,-320.0,320.0,-320.0,320.0
273,2026-02-18 10-16-23,executed,-120.0,-100.0,-80.0,-60.0,-40.0,-20.0,0.0,20.0,40.0,200.0,-320.0,320.0,-320.0,320.0,-320.0,320.0,-320.0,320.0,-320.0,320.0
274,2026-02-18 10-18-03,proposed,-120.0,-100.0,-80.0,-60.0,-40.0,-20.0,0.0,20.0,40.0,180.0,-350.0,350.0,-350.0,350.0,-350.0,350.0,-350.0,350.0,-350.0,350.0
274,2026-02-18 10-18-03,executed,-120.0,-100.0,-80.0,-60.0,-40.0,-20.0,0.0,20.0,40.0,180.0,-350.0,350.0,-350.0,350.0,-350.0,350.0,-350.0,350.0,-350.0,350.0
275,2026-02-18 10-19-34,proposed,-100.0,-80.0,-60.0,-40.0,-20.0,0.0,20.0,40.0,60.0,200.0,350.0,-350.0,350.0,-350.0,350.0,-350.0,350.0,-350.0,350.0,-350.0
275,2026-02-18 10-19-34,executed,-100.0,-80.0,-60.0,-40.0,-20.0,0.0,20.0,40.0,60.0,200.0,350.0,-350.0,350.0,-350.0,350.0,-350.0,350.0,-350.0,350.0,-350.0
276,2026-02-18 10-21-09,proposed,-140.0,-80.0,-60.0,-40.0,-20.0,0.0,20.0,40.0,60.0,200.0,-350.0,350.0,-350.0,350.0,-350.0,350.0,-350.0,350.0,-350.0,350.0
276,2026-02-18 10-21-09,executed,-140.0,-80.0,-60.0,-40.0,-20.0,0.0,20.0,40.0,60.0,200.0,-350.0,350.0,-350.0,350.0,-350.0,350.0,-350.0,350.0,-350.0,350.0
277,2026-02-18 10-22-39,proposed,-100.0,-80.0,-60.0,-40.0,-20.0,0.0,20.0,40.0,60.0,200.0,300.0,-300.0,300.0,-300.0,300.0,-300.0,300.0,-300.0,300.0,-300.0
277,2026-02-18 10-22-39,executed,-100.0,-80.0,-60.0,-40.0,-20.0,0.0,20.0,40.0,60.0,200.0,300.0,-300.0,300.0,-300.0,300.0,-300.0,300.0,-300.0,300.0,-300.0
278,2026-02-18 10-24-07,proposed,-100.0,-80.0,-60.0,-40.0,-20.0,0.0,20.0,40.0,60.0,200.0,350.0,-350.0,350.0,-350.0,350.0,-350.0,350.0,-350.0,350.0,-350.0
278,2026-02-18 10-24-07,executed,-100.0,-80.0,-60.0,-40.0,-20.0,0.0,20.0,40.0,60.0,200.0,350.0,-350.0,350.0,-350.0,350.0,-350.0,350.0,-350.0,350.0,-350.0
279,2026-02-18 10-25-45,proposed,-100.0,-80.0,-60.0,-40.0,-20.0,0.0,20.0,40.0,60.0,200.0,-500.0,500.0,-500.0,500.0,-500.0,500.0,-500.0,500.0,-500.0,500.0
279,2026-02-18 10-25-45,executed,-100.0,-80.0,-60.0,-40.0,-20.0,0.0,20.0,40.0,60.0,200.0,-500.0,500.0,-500.0,500.0,-500.0,500.0,-500.0,500.0,-500.0,500.0
280,2026-02-18 10-27-19,proposed,-100.0,-80.0,-60.0,-40.0,-20.0,0.0,20.0,40.0,60.0,200.0,-300.0,300.0,-250.0,250.0,-300.0,300.0,-250.0,250.0,-300.0,300.0
280,2026-02-18 10-27-19,executed,-100.0,-80.0,-60.0,-40.0,-20.0,0.0,20.0,40.0,60.0,200.0,-300.0,300.0,-250.0,250.0,-300.0,300.0,-250.0,250.0,-300.0,300.0
281,2026-02-18 10-28-55,proposed,-120.0,-100.0,-80.0,-60.0,-40.0,-20.0,0.0,20.0,40.0,250.0,-350.0,350.0,-350.0,350.0,-350.0,350.0,-350.0,350.0,-350.0,350.0
281,2026-02-18 10-28-55,executed,-120.0,-100.0,-80.0,-60.0,-40.0,-20.0,0.0,20.0,40.0,250.0,-350.0,350.0,-350.0,350.0,-350.0,350.0,-350.0,350.0,-350.0,350.0
282,2026-02-18 10-30-44,proposed,-120.0,-100.0,-80.0,-60.0,-40.0,-20.0,0.0,20.0,40.0,200.0,-300.0,-200.0,-100.0,0.0,100.0,200.0,300.0,200.0,100.0,0.0
282,2026-02-18 10-30-44,executed,-120.0,-100.0,-80.0,-60.0,-40.0,-20.0,0.0,20.0,40.0,200.0,-300.0,-200.0,-100.0,0.0,100.0,200.0,300.0,200.0,100.0,0.0
283,2026-02-18 10-32-15,proposed,-120.0,-80.0,-60.0,-40.0,-20.0,0.0,20.0,40.0,60.0,200.0,-350.0,350.0,-350.0,350.0,-350.0,350.0,-350.0,350.0,-350.0,350.0
283,2026-02-18 10-32-15,executed,-120.0,-80.0,-60.0,-40.0,-20.0,0.0,20.0,40.0,60.0,200.0,-350.0,350.0,-350.0,350.0,-350.0,350.0,-350.0,350.0,-350.0,350.0
284,2026-02-18 10-33-47,proposed,-100.0,-80.0,-60.0,-40.0,-20.0,0.0,20.0,40.0,60.0,200.0,-350.0,-250.0,-150.0,-50.0,50.0,150.0,250.0,350.0,-350.0,350.0
284,2026-02-18 10-33-47,executed,-100.0,-80.0,-60.0,-40.0,-20.0,0.0,20.0,40.0,60.0,200.0,-350.0,-250.0,-150.0,-50.0,50.0,150.0,250.0,350.0,-350.0,350.0
285,2026-02-18 10-35-14,proposed,-200.0,-160.0,-120.0,-80.0,-40.0,0.0,40.0,80.0,120.0,200.0,-350.0,350.0,-350.0,350.0,-350.0,350.0,-350.0,350.0,-350.0,350.0
285,2026-02-18 10-35-14,executed,-200.0,-160.0,-120.0,-80.0,-40.0,0.0,40.0,80.0,120.0,200.0,-350.0,350.0,-350.0,350.0,-350.0,350.0,-350.0,350.0,-350.0,350.0
286,2026-02-18 10-36-45,proposed,-100.0,-80.0,-60.0,-40.0,-20.0,0.0,20.0,40.0,60.0,200.0,-400.0,400.0,-400.0,400.0,-400.0,400.0,-400.0,400.0,-400.0,400.0
286,2026-02-18 10-36-45,executed,-100.0,-80.0,-60.0,-40.0,-20.0,0.0,20.0,40.0,60.0,200.0,-400.0,400.0,-400.0,400.0,-400.0,400.0,-400.0,400.0,-400.0,400.0
287,2026-02-18 10-38-18,proposed,-100.0,-80.0,-60.0,-40.0,-20.0,0.0,20.0,40.0,60.0,200.0,350.0,-350.0,350.0,-350.0,350.0,-350.0,350.0,-350.0,350.0,-350.0
287,2026-02-18 10-38-18,executed,-100.0,-80.0,-60.0,-40.0,-20.0,0.0,20.0,40.0,60.0,200.0,350.0,-350.0,350.0,-350.0,350.0,-350.0,350.0,-350.0,350.0,-350.0
288,2026-02-18 10-39-45,proposed,-100.0,-80.0,-60.0,-40.0,-20.0,0.0,20.0,40.0,60.0,200.0,-300.0,300.0,-300.0,300.0,-300.0,300.0,-300.0,300.0,-300.0,300.0
288,2026-02-18 10-39-45,executed,-100.0,-80.0,-60.0,-40.0,-20.0,0.0,20.0,40.0,60.0,200.0,-300.0,300.0,-300.0,300.0,-300.0,300.0,-300.0,300.0,-300.0,300.0
289,2026-02-18 10-41-15,proposed,-100.0,-80.0,-60.0,-40.0,-20.0,0.0,20.0,40.0,60.0,200.0,350.0,-350.0,350.0,-350.0,350.0,-350.0,350.0,-350.0,350.0,-350.0
289,2026-02-18 10-41-15,executed,-100.0,-80.0,-60.0,-40.0,-20.0,0.0,20.0,40.0,60.0,200.0,350.0,-350.0,350.0,-350.0,350.0,-350.0,350.0,-350.0,350.0,-350.0
290,2026-02-18 10-42-52,proposed,-120.0,-100.0,-80.0,-60.0,-40.0,-20.0,0.0,20.0,40.0,200.0,-380.0,380.0,-380.0,380.0,-380.0,380.0,-380.0,380.0,-380.0,380.0
290,2026-02-18 10-42-52,executed,-120.0,-100.0,-80.0,-60.0,-40.0,-20.0,0.0,20.0,40.0,200.0,-380.0,380.0,-380.0,380.0,-380.0,380.0,-380.0,380.0,-380.0,380.0
291,2026-02-18 10-44-30,proposed,-120.0,-100.0,-80.0,-60.0,-40.0,-20.0,0.0,20.0,40.0,200.0,-370.0,370.0,-370.0,370.0,-370.0,370.0,-370.0,370.0,-370.0,370.0
291,2026-02-18 10-44-30,executed,-120.0,-100.0,-80.0,-60.0,-40.0,-20.0,0.0,20.0,40.0,200.0,-370.0,370.0,-370.0,370.0,-370.0,370.0,-370.0,370.0,-370.0,370.0
292,2026-02-18 10-46-02,proposed,-120.0,-100.0,-80.0,-60.0,-40.0,-20.0,0.0,20.0,40.0,200.0,-300.0,-200.0,-100.0,0.0,100.0,200.0,300.0,200.0,100.0,0.0
292,2026-02-18 10-46-02,executed,-120.0,-100.0,-80.0,-60.0,-40.0,-20.0,0.0,20.0,40.0,200.0,-300.0,-200.0,-100.0,0.0,100.0,200.0,300.0,200.0,100.0,0.0
293,2026-02-18 10-47-30,proposed,-150.0,-120.0,-90.0,-60.0,-30.0,0.0,30.0,60.0,90.0,200.0,-350.0,350.0,-350.0,350.0,-350.0,350.0,-350.0,350.0,-350.0,350.0
293,2026-02-18 10-47-30,executed,-150.0,-120.0,-90.0,-60.0,-30.0,0.0,30.0,60.0,90.0,200.0,-350.0,350.0,-350.0,350.0,-350.0,350.0,-350.0,350.0,-350.0,350.0
294,2026-02-18 10-49-04,proposed,-100.0,-80.0,-60.0,-40.0,-20.0,0.0,20.0,40.0,60.0,250.0,-300.0,300.0,-300.0,300.0,-300.0,300.0,-300.0,300.0,-300.0,300.0
294,2026-02-18 10-49-04,executed,-100.0,-80.0,-60.0,-40.0,-20.0,0.0,20.0,40.0,60.0,250.0,-300.0,300.0,-300.0,300.0,-300.0,300.0,-300.0,300.0,-300.0,300.0
295,2026-02-18 10-50-40,proposed,-150.0,-80.0,-60.0,-40.0,-20.0,0.0,20.0,40.0,60.0,200.0,-300.0,350.0,-350.0,350.0,-350.0,350.0,-350.0,350.0,-350.0,350.0
295,2026-02-18 10-50-40,executed,-150.0,-80.0,-60.0,-40.0,-20.0,0.0,20.0,40.0,60.0,200.0,-300.0,350.0,-350.0,350.0,-350.0,350.0,-350.0,350.0,-350.0,350.0
296,2026-02-18 10-52-13,proposed,-150.0,-80.0,-60.0,-40.0,-20.0,0.0,20.0,40.0,60.0,200.0,-300.0,300.0,-300.0,300.0,-300.0,300.0,-300.0,300.0,-300.0,300.0
296,2026-02-18 10-52-13,executed,-150.0,-80.0,-60.0,-40.0,-20.0,0.0,20.0,40.0,60.0,200.0,-300.0,300.0,-300.0,300.0,-300.0,300.0,-300.0,300.0,-300.0,300.0
297,2026-02-18 10-53-44,proposed,-200.0,-150.0,-100.0,-60.0,-20.0,20.0,60.0,100.0,140.0,200.0,-350.0,350.0,-350.0,350.0,-350.0,350.0,-350.0,350.0,-350.0,350.0
297,2026-02-18 10-53-44,executed,-200.0,-150.0,-100.0,-60.0,-20.0,20.0,60.0,100.0,140.0,200.0,-350.0,350.0,-350.0,350.0,-350.0,350.0,-350.0,350.0,-350.0,350.0
298,2026-02-18 10-55-15,proposed,-150.0,-120.0,-90.0,-60.0,-30.0,0.0,30.0,60.0,90.0,200.0,-320.0,320.0,-320.0,320.0,-320.0,320.0,-320.0,320.0,-320.0,320.0
298,2026-02-18 10-55-15,executed,-150.0,-120.0,-90.0,-60.0,-30.0,0.0,30.0,60.0,90.0,200.0,-320.0,320.0,-320.0,320.0,-320.0,320.0,-320.0,320.0,-320.0,320.0
299,2026-02-18 10-56-46,proposed,-150.0,-80.0,-60.0,-40.0,-20.0,0.0,20.0,40.0,60.0,200.0,-300.0,-200.0,-100.0,0.0,100.0,200.0,300.0,200.0,100.0,0.0
299,2026-02-18 10-56-46,executed,-150.0,-80.0,-60.0,-40.0,-20.0,0.0,20.0,40.0,60.0,200.0,-300.0,-200.0,-100.0,0.0,100.0,200.0,300.0,200.0,100.0,0.0
300,2026-02-18 10-58-16,proposed,-20.0,0.0,20.0,40.0,60.0,80.0,100.0,120.0,140.0,200.0,-350.0,350.0,-350.0,350.0,-350.0,350.0,-350.0,350.0,-350.0,350.0
300,2026-02-18 10-58-16,executed,-20.0,0.0,20.0,40.0,60.0,80.0,100.0,120.0,140.0,200.0,-350.0,350.0,-350.0,350.0,-350.0,350.0,-350.0,350.0,-350.0,350.0
301,2026-02-18 10-59-52,proposed,-200.0,-120.0,-80.0,-40.0,0.0,40.0,80.0,120.0,160.0,200.0,-300.0,300.0,-300.0,300.0,-300.0,300.0,-300.0,300.0,-300.0,300.0
301,2026-02-18 10-59-52,executed,-200.0,-120.0,-80.0,-40.0,0.0,40.0,80.0,120.0,160.0,200.0,-300.0,300.0,-300.0,300.0,-300.0,300.0,-300.0,300.0,-300.0,300.0
302,2026-02-18 11-01-20,proposed,-100.0,-80.0,-60.0,-40.0,-20.0,0.0,20.0,40.0,60.0,200.0,350.0,-350.0,350.0,-350.0,350.0,-350.0,350.0,-350.0,350.0,-350.0
302,2026-02-18 11-01-20,executed,-100.0,-80.0,-60.0,-40.0,-20.0,0.0,20.0,40.0,60.0,200.0,350.0,-350.0,350.0,-350.0,350.0,-350.0,350.0,-350.0,350.0,-350.0
303,2026-02-18 11-02-57,proposed,-180.0,-100.0,-60.0,-20.0,20.0,60.0,100.0,140.0,180.0,200.0,-300.0,300.0,-300.0,300.0,-300.0,300.0,-300.0,300.0,-300.0,300.0
303,2026-02-18 11-02-57,executed,-180.0,-100.0,-60.0,-20.0,20.0,60.0,100.0,140.0,180.0,200.0,-300.0,300.0,-300.0,300.0,-300.0,300.0,-300.0,300.0,-300.0,300.0
304,2026-02-18 11-04-26,proposed,-250.0,-200.0,-150.0,-100.0,-50.0,0.0,50.0,100.0,150.0,200.0,-350.0,350.0,-350.0,350.0,-350.0,350.0,-350.0,350.0,-350.0,350.0
304,2026-02-18 11-04-26,executed,-250.0,-200.0,-150.0,-100.0,-50.0,0.0,50.0,100.0,150.0,200.0,-350.0,350.0,-350.0,350.0,-350.0,350.0,-350.0,350.0,-350.0,350.0
305,2026-02-18 11-05-59,proposed,-150.0,-80.0,-60.0,-40.0,-20.0,0.0,20.0,40.0,60.0,200.0,350.0,-350.0,350.0,-350.0,350.0,-350.0,350.0,-350.0,350.0,-350.0
305,2026-02-18 11-05-59,executed,-150.0,-80.0,-60.0,-40.0,-20.0,0.0,20.0,40.0,60.0,200.0,350.0,-350.0,350.0,-350.0,350.0,-350.0,350.0,-350.0,350.0,-350.0
306,2026-02-18 11-07-34,proposed,-180.0,-150.0,-120.0,-90.0,-60.0,-30.0,0.0,30.0,60.0,200.0,-350.0,350.0,-350.0,350.0,-350.0,350.0,-350.0,350.0,-350.0,350.0
306,2026-02-18 11-07-34,executed,-180.0,-150.0,-120.0,-90.0,-60.0,-30.0,0.0,30.0,60.0,200.0,-350.0,350.0,-350.0,350.0,-350.0,350.0,-350.0,350.0,-350.0,350.0
307,2026-02-18 11-09-16,proposed,-100.0,-80.0,-60.0,-40.0,-20.0,0.0,20.0,40.0,60.0,200.0,-340.0,340.0,-340.0,340.0,-340.0,340.0,-340.0,340.0,-340.0,340.0
307,2026-02-18 11-09-16,executed,-100.0,-80.0,-60.0,-40.0,-20.0,0.0,20.0,40.0,60.0,200.0,-340.0,340.0,-340.0,340.0,-340.0,340.0,-340.0,340.0,-340.0,340.0
308,2026-02-18 11-10-43,proposed,-100.0,-80.0,-60.0,-40.0,-20.0,0.0,20.0,40.0,60.0,200.0,-250.0,250.0,-250.0,250.0,-250.0,250.0,-250.0,250.0,-250.0,250.0
308,2026-02-18 11-10-43,executed,-100.0,-80.0,-60.0,-40.0,-20.0,0.0,20.0,40.0,60.0,200.0,-250.0,250.0,-250.0,250.0,-250.0,250.0,-250.0,250.0,-250.0,250.0
309,2026-02-18 11-12-19,proposed,-180.0,-80.0,-60.0,-40.0,-20.0,0.0,20.0,40.0,60.0,200.0,-400.0,400.0,-400.0,400.0,-400.0,400.0,-400.0,400.0,-400.0,400.0
309,2026-02-18 11-12-19,executed,-180.0,-80.0,-60.0,-40.0,-20.0,0.0,20.0,40.0,60.0,200.0,-400.0,400.0,-400.0,400.0,-400.0,400.0,-400.0,400.0,-400.0,400.0
310,2026-02-18 11-13-51,proposed,-150.0,-130.0,-110.0,-90.0,-70.0,-50.0,-30.0,-10.0,10.0,300.0,-350.0,350.0,-350.0,350.0,-350.0,350.0,-350.0,350.0,-350.0,350.0
310,2026-02-18 11-13-51,executed,-150.0,-130.0,-110.0,-90.0,-70.0,-50.0,-30.0,-10.0,10.0,300.0,-350.0,350.0,-350.0,350.0,-350.0,350.0,-350.0,350.0,-350.0,350.0
311,2026-02-18 11-15-37,proposed,-100.0,-80.0,-60.0,-40.0,-20.0,0.0,20.0,40.0,60.0,200.0,-350.0,350.0,-350.0,350.0,-350.0,350.0,-350.0,350.0,-350.0,350.0
311,2026-02-18 11-15-37,executed,-100.0,-80.0,-60.0,-40.0,-20.0,0.0,20.0,40.0,60.0,200.0,-350.0,350.0,-350.0,350.0,-350.0,350.0,-350.0,350.0,-350.0,350.0
312,2026-02-18 11-17-22,proposed,-200.0,-160.0,-120.0,-80.0,-40.0,0.0,40.0,80.0,120.0,200.0,-400.0,400.0,-400.0,400.0,-400.0,400.0,-400.0,400.0,-400.0,400.0
312,2026-02-18 11-17-22,executed,-200.0,-160.0,-120.0,-80.0,-40.0,0.0,40.0,80.0,120.0,200.0,-400.0,400.0,-400.0,400.0,-400.0,400.0,-400.0,400.0,-400.0,400.0
313,2026-02-18 11-18-56,proposed,-150.0,-80.0,-60.0,-40.0,-20.0,0.0,20.0,40.0,60.0,200.0,-340.0,340.0,-340.0,340.0,-340.0,340.0,-340.0,340.0,-340.0,340.0
313,2026-02-18 11-18-56,executed,-150.0,-80.0,-60.0,-40.0,-20.0,0.0,20.0,40.0,60.0,200.0,-340.0,340.0,-340.0,340.0,-340.0,340.0,-340.0,340.0,-340.0,340.0
314,2026-02-18 11-20-27,proposed,-200.0,-150.0,-100.0,-50.0,0.0,50.0,100.0,150.0,200.0,250.0,-300.0,300.0,-300.0,300.0,-300.0,300.0,-300.0,300.0,-300.0,300.0
314,2026-02-18 11-20-27,executed,-200.0,-150.0,-100.0,-50.0,0.0,50.0,100.0,150.0,200.0,250.0,-300.0,300.0,-300.0,300.0,-300.0,300.0,-300.0,300.0,-300.0,300.0
315,2026-02-18 11-22-00,proposed,-150.0,-120.0,-90.0,-60.0,-30.0,0.0,30.0,60.0,90.0,250.0,350.0,-350.0,350.0,-350.0,350.0,-350.0,350.0,-350.0,350.0,-350.0
315,2026-02-18 11-22-00,executed,-150.0,-120.0,-90.0,-60.0,-30.0,0.0,30.0,60.0,90.0,250.0,350.0,-350.0,350.0,-350.0,350.0,-350.0,350.0,-350.0,350.0,-350.0
316,2026-02-18 11-23-30,proposed,-130.0,-110.0,-90.0,-70.0,-50.0,-30.0,-10.0,10.0,30.0,200.0,-300.0,300.0,-300.0,300.0,-300.0,300.0,-300.0,300.0,-300.0,300.0
316,2026-02-18 11-23-30,executed,-130.0,-110.0,-90.0,-70.0,-50.0,-30.0,-10.0,10.0,30.0,200.0,-300.0,300.0,-300.0,300.0,-300.0,300.0,-300.0,300.0,-300.0,300.0
317,2026-02-18 11-25-19,proposed,-200.0,-130.0,-110.0,-90.0,-70.0,-50.0,-30.0,-10.0,10.0,150.0,-300.0,300.0,-300.0,300.0,-300.0,300.0,-300.0,300.0,-300.0,300.0
317,2026-02-18 11-25-19,executed,-200.0,-130.0,-110.0,-90.0,-70.0,-50.0,-30.0,-10.0,10.0,150.0,-300.0,300.0,-300.0,300.0,-300.0,300.0,-300.0,300.0,-300.0,300.0
318,2026-02-18 11-26-55,proposed,-150.0,-120.0,-90.0,-60.0,-30.0,0.0,30.0,60.0,90.0,200.0,-350.0,350.0,-350.0,350.0,-350.0,350.0,-350.0,350.0,-350.0,350.0
318,2026-02-18 11-26-55,executed,-150.0,-120.0,-90.0,-60.0,-30.0,0.0,30.0,60.0,90.0,200.0,-350.0,350.0,-350.0,350.0,-350.0,350.0,-350.0,350.0,-350.0,350.0
319,2026-02-18 11-28-26,proposed,-200.0,-80.0,-60.0,-40.0,-20.0,0.0,20.0,40.0,60.0,200.0,-300.0,300.0,-300.0,300.0,-300.0,300.0,-300.0,300.0,-300.0,300.0
319,2026-02-18 11-28-26,executed,-200.0,-80.0,-60.0,-40.0,-20.0,0.0,20.0,40.0,60.0,200.0,-300.0,300.0,-300.0,300.0,-300.0,300.0,-300.0,300.0,-300.0,300.0
320,2026-02-18 11-29-58,proposed,-200.0,-80.0,-60.0,-40.0,-20.0,0.0,20.0,40.0,60.0,250.0,-350.0,350.0,-350.0,350.0,-350.0,350.0,-350.0,350.0,-350.0,350.0
320,2026-02-18 11-29-58,executed,-200.0,-80.0,-60.0,-40.0,-20.0,0.0,20.0,40.0,60.0,250.0,-350.0,350.0,-350.0,350.0,-350.0,350.0,-350.0,350.0,-350.0,350.0
321,2026-02-18 11-31-33,proposed,-180.0,-120.0,-60.0,0.0,60.0,120.0,180.0,240.0,300.0,350.0,400.0,-400.0,400.0,-400.0,400.0,-400.0,400.0,-400.0,400.0,-400.0
321,2026-02-18 11-31-33,executed,-180.0,-120.0,-60.0,0.0,60.0,120.0,180.0,240.0,300.0,350.0,400.0,-400.0,400.0,-400.0,400.0,-400.0,400.0,-400.0,400.0,-400.0
322,2026-02-18 11-33-50,proposed,-200.0,-150.0,-100.0,-50.0,0.0,50.0,100.0,150.0,200.0,250.0,400.0,-400.0,400.0,-400.0,400.0,-400.0,400.0,-400.0,400.0,-400.0
322,2026-02-18 11-33-50,executed,-200.0,-150.0,-100.0,-50.0,0.0,50.0,100.0,150.0,200.0,250.0,400.0,-400.0,400.0,-400.0,400.0,-400.0,400.0,-400.0,400.0,-400.0
323,2026-02-18 11-35-22,proposed,-100.0,-80.0,-60.0,-40.0,-20.0,0.0,20.0,40.0,60.0,200.0,350.0,-350.0,350.0,-350.0,350.0,-350.0,350.0,-350.0,350.0,-350.0
323,2026-02-18 11-35-22,executed,-100.0,-80.0,-60.0,-40.0,-20.0,0.0,20.0,40.0,60.0,200.0,350.0,-350.0,350.0,-350.0,350.0,-350.0,350.0,-350.0,350.0,-350.0
324,2026-02-18 11-36-54,proposed,-150.0,-120.0,-90.0,-60.0,-30.0,0.0,30.0,60.0,90.0,150.0,-400.0,400.0,-400.0,400.0,-400.0,400.0,-400.0,400.0,-400.0,400.0
324,2026-02-18 11-36-54,executed,-150.0,-120.0,-90.0,-60.0,-30.0,0.0,30.0,60.0,90.0,150.0,-400.0,400.0,-400.0,400.0,-400.0,400.0,-400.0,400.0,-400.0,400.0
325,2026-02-18 11-38-27,proposed,-200.0,-150.0,-100.0,-50.0,0.0,50.0,100.0,150.0,200.0,250.0,-400.0,400.0,-400.0,400.0,-400.0,400.0,-400.0,400.0,-400.0,400.0
325,2026-02-18 11-38-27,executed,-200.0,-150.0,-100.0,-50.0,0.0,50.0,100.0,150.0,200.0,250.0,-400.0,400.0,-400.0,400.0,-400.0,400.0,-400.0,400.0,-400.0,400.0
326,2026-02-18 11-40-00,proposed,-150.0,-120.0,-90.0,-60.0,-30.0,0.0,30.0,60.0,90.0,120.0,-400.0,400.0,-400.0,400.0,-400.0,400.0,-400.0,400.0,-400.0,400.0
326,2026-02-18 11-40-00,executed,-150.0,-120.0,-90.0,-60.0,-30.0,0.0,30.0,60.0,90.0,120.0,-400.0,400.0,-400.0,400.0,-400.0,400.0,-400.0,400.0,-400.0,400.0
327,2026-02-18 11-41-37,proposed,-100.0,-80.0,-60.0,-40.0,-20.0,0.0,20.0,40.0,60.0,250.0,-400.0,400.0,-400.0,400.0,-400.0,400.0,-400.0,400.0,-400.0,400.0
327,2026-02-18 11-41-37,executed,-100.0,-80.0,-60.0,-40.0,-20.0,0.0,20.0,40.0,60.0,250.0,-400.0,400.0,-400.0,400.0,-400.0,400.0,-400.0,400.0,-400.0,400.0
328,2026-02-18 11-43-05,proposed,-100.0,-80.0,-60.0,-40.0,-20.0,0.0,20.0,40.0,60.0,200.0,-360.0,360.0,-360.0,360.0,-360.0,360.0,-360.0,360.0,-360.0,360.0
328,2026-02-18 11-43-05,executed,-100.0,-80.0,-60.0,-40.0,-20.0,0.0,20.0,40.0,60.0,200.0,-360.0,360.0,-360.0,360.0,-360.0,360.0,-360.0,360.0,-360.0,360.0
329,2026-02-18 11-44-39,proposed,-150.0,-120.0,-90.0,-60.0,-30.0,0.0,30.0,60.0,90.0,200.0,-400.0,400.0,-400.0,400.0,-400.0,400.0,-400.0,400.0,-400.0,400.0
329,2026-02-18 11-44-39,executed,-150.0,-120.0,-90.0,-60.0,-30.0,0.0,30.0,60.0,90.0,200.0,-400.0,400.0,-400.0,400.0,-400.0,400.0,-400.0,400.0,-400.0,400.0
330,2026-02-18 11-46-21,proposed,-100.0,-80.0,-60.0,-40.0,-20.0,0.0,20.0,40.0,60.0,200.0,-370.0,370.0,-370.0,370.0,-370.0,370.0,-370.0,370.0,-370.0,370.0
330,2026-02-18 11-46-21,executed,-100.0,-80.0,-60.0,-40.0,-20.0,0.0,20.0,40.0,60.0,200.0,-370.0,370.0,-370.0,370.0,-370.0,370.0,-370.0,370.0,-370.0,370.0
331,2026-02-18 11-47-58,proposed,-100.0,-80.0,-60.0,-40.0,-20.0,0.0,20.0,40.0,60.0,240.0,-360.0,360.0,-360.0,360.0,-360.0,360.0,-360.0,360.0,-360.0,360.0
331,2026-02-18 11-47-58,executed,-100.0,-80.0,-60.0,-40.0,-20.0,0.0,20.0,40.0,60.0,240.0,-360.0,360.0,-360.0,360.0,-360.0,360.0,-360.0,360.0,-360.0,360.0
332,2026-02-18 11-49-31,proposed,-100.0,-80.0,-60.0,-40.0,-20.0,0.0,20.0,40.0,60.0,300.0,-380.0,380.0,-380.0,380.0,-380.0,380.0,-380.0,380.0,-380.0,380.0
332,2026-02-18 11-49-31,executed,-100.0,-80.0,-60.0,-40.0,-20.0,0.0,20.0,40.0,60.0,300.0,-380.0,380.0,-380.0,380.0,-380.0,380.0,-380.0,380.0,-380.0,380.0
333,2026-02-18 11-51-07,proposed,-180.0,-140.0,-100.0,-60.0,-20.0,20.0,60.0,100.0,140.0,180.0,-400.0,400.0,-400.0,400.0,-400.0,400.0,-400.0,400.0,-400.0,400.0
333,2026-02-18 11-51-07,executed,-180.0,-140.0,-100.0,-60.0,-20.0,20.0,60.0,100.0,140.0,180.0,-400.0,400.0,-400.0,400.0,-400.0,400.0,-400.0,400.0,-400.0,400.0
334,2026-02-18 11-52-44,proposed,-130.0,-100.0,-70.0,-40.0,-10.0,20.0,50.0,80.0,110.0,140.0,-360.0,360.0,-360.0,360.0,-360.0,360.0,-360.0,360.0,-360.0,360.0
334,2026-02-18 11-52-44,executed,-130.0,-100.0,-70.0,-40.0,-10.0,20.0,50.0,80.0,110.0,140.0,-360.0,360.0,-360.0,360.0,-360.0,360.0,-360.0,360.0,-360.0,360.0
335,2026-02-18 11-54-15,proposed,-150.0,-120.0,-90.0,-60.0,-30.0,0.0,30.0,60.0,90.0,250.0,-350.0,350.0,-350.0,350.0,-350.0,350.0,-350.0,350.0,-350.0,350.0
335,2026-02-18 11-54-15,executed,-150.0,-120.0,-90.0,-60.0,-30.0,0.0,30.0,60.0,90.0,250.0,-350.0,350.0,-350.0,350.0,-350.0,350.0,-350.0,350.0,-350.0,350.0
336,2026-02-18 11-55-50,proposed,-200.0,-80.0,-60.0,-40.0,-20.0,0.0,20.0,40.0,60.0,250.0,-300.0,300.0,-300.0,300.0,-300.0,300.0,-300.0,300.0,-300.0,300.0
336,2026-02-18 11-55-50,executed,-200.0,-80.0,-60.0,-40.0,-20.0,0.0,20.0,40.0,60.0,250.0,-300.0,300.0,-300.0,300.0,-300.0,300.0,-300.0,300.0,-300.0,300.0
337,2026-02-18 11-57-38,proposed,-200.0,-80.0,-60.0,-40.0,-20.0,0.0,20.0,40.0,60.0,200.0,300.0,-300.0,300.0,-300.0,300.0,-300.0,300.0,-300.0,300.0,-300.0
337,2026-02-18 11-57-38,executed,-200.0,-80.0,-60.0,-40.0,-20.0,0.0,20.0,40.0,60.0,200.0,300.0,-300.0,300.0,-300.0,300.0,-300.0,300.0,-300.0,300.0,-300.0
338,2026-02-18 11-59-15,proposed,-250.0,-150.0,-50.0,50.0,150.0,250.0,350.0,450.0,550.0,250.0,-360.0,360.0,-360.0,360.0,-360.0,360.0,-360.0,360.0,-360.0,360.0
338,2026-02-18 11-59-15,executed,-250.0,-150.0,-50.0,50.0,150.0,250.0,350.0,450.0,550.0,250.0,-360.0,360.0,-360.0,360.0,-360.0,360.0,-360.0,360.0,-360.0,360.0
339,2026-02-18 12-02-28,proposed,-200.0,-150.0,-100.0,-50.0,0.0,50.0,100.0,150.0,200.0,240.0,-400.0,400.0,-400.0,400.0,-400.0,400.0,-400.0,400.0,-400.0,400.0
339,2026-02-18 12-02-28,executed,-200.0,-150.0,-100.0,-50.0,0.0,50.0,100.0,150.0,200.0,240.0,-400.0,400.0,-400.0,400.0,-400.0,400.0,-400.0,400.0,-400.0,400.0
340,2026-02-18 12-04-08,proposed,-200.0,-80.0,-60.0,-40.0,-20.0,0.0,20.0,40.0,60.0,200.0,-350.0,350.0,-350.0,350.0,-350.0,350.0,-350.0,350.0,-350.0,350.0
340,2026-02-18 12-04-08,executed,-200.0,-80.0,-60.0,-40.0,-20.0,0.0,20.0,40.0,60.0,200.0,-350.0,350.0,-350.0,350.0,-350.0,350.0,-350.0,350.0,-350.0,350.0
341,2026-02-18 12-05-35,proposed,-200.0,-80.0,-60.0,-40.0,-20.0,0.0,20.0,40.0,60.0,200.0,-400.0,400.0,-400.0,400.0,-400.0,400.0,-400.0,400.0,-400.0,400.0
341,2026-02-18 12-05-35,executed,-200.0,-80.0,-60.0,-40.0,-20.0,0.0,20.0,40.0,60.0,200.0,-400.0,400.0,-400.0,400.0,-400.0,400.0,-400.0,400.0,-400.0,400.0
342,2026-02-18 12-07-07,proposed,-200.0,-150.0,-100.0,-50.0,0.0,50.0,100.0,150.0,200.0,250.0,-350.0,350.0,-350.0,350.0,-350.0,350.0,-350.0,350.0,-350.0,350.0
342,2026-02-18 12-07-07,executed,-200.0,-150.0,-100.0,-50.0,0.0,50.0,100.0,150.0,200.0,250.0,-350.0,350.0,-350.0,350.0,-350.0,350.0,-350.0,350.0,-350.0,350.0
343,2026-02-18 12-08-50,proposed,-100.0,-80.0,-60.0,-40.0,-20.0,0.0,20.0,40.0,60.0,200.0,-380.0,380.0,-380.0,380.0,-380.0,380.0,-380.0,380.0,-380.0,380.0
343,2026-02-18 12-08-50,executed,-100.0,-80.0,-60.0,-40.0,-20.0,0.0,20.0,40.0,60.0,200.0,-380.0,380.0,-380.0,380.0,-380.0,380.0,-380.0,380.0,-380.0,380.0
344,2026-02-18 12-10-23,proposed,-120.0,-80.0,-40.0,0.0,40.0,80.0,120.0,160.0,200.0,240.0,-360.0,360.0,-360.0,360.0,-360.0,360.0,-360.0,360.0,-360.0,360.0
344,2026-02-18 12-10-23,executed,-120.0,-80.0,-40.0,0.0,40.0,80.0,120.0,160.0,200.0,240.0,-360.0,360.0,-360.0,360.0,-360.0,360.0,-360.0,360.0,-360.0,360.0
345,2026-02-18 12-11-54,proposed,-200.0,-160.0,-120.0,-80.0,-40.0,0.0,40.0,80.0,120.0,200.0,-350.0,350.0,-350.0,350.0,-350.0,350.0,-350.0,350.0,-350.0,350.0
345,2026-02-18 12-11-54,executed,-200.0,-160.0,-120.0,-80.0,-40.0,0.0,40.0,80.0,120.0,200.0,-350.0,350.0,-350.0,350.0,-350.0,350.0,-350.0,350.0,-350.0,350.0
346,2026-02-18 12-13-25,proposed,-100.0,-80.0,-60.0,-40.0,-20.0,0.0,20.0,40.0,60.0,210.0,-380.0,380.0,-380.0,380.0,-380.0,380.0,-380.0,380.0,-380.0,380.0
346,2026-02-18 12-13-25,executed,-100.0,-80.0,-60.0,-40.0,-20.0,0.0,20.0,40.0,60.0,210.0,-380.0,380.0,-380.0,380.0,-380.0,380.0,-380.0,380.0,-380.0,380.0
347,2026-02-18 12-14-56,proposed,-210.0,-80.0,-60.0,-40.0,-20.0,0.0,20.0,40.0,60.0,210.0,-350.0,350.0,-350.0,350.0,-350.0,350.0,-350.0,350.0,-350.0,350.0
347,2026-02-18 12-14-56,executed,-210.0,-80.0,-60.0,-40.0,-20.0,0.0,20.0,40.0,60.0,210.0,-350.0,350.0,-350.0,350.0,-350.0,350.0,-350.0,350.0,-350.0,350.0
348,2026-02-18 12-16-29,proposed,-150.0,-120.0,-90.0,-60.0,-30.0,0.0,30.0,60.0,90.0,220.0,-380.0,380.0,-380.0,380.0,-380.0,380.0,-380.0,380.0,-380.0,380.0
348,2026-02-18 12-16-29,executed,-150.0,-120.0,-90.0,-60.0,-30.0,0.0,30.0,60.0,90.0,220.0,-380.0,380.0,-380.0,380.0,-380.0,380.0,-380.0,380.0,-380.0,380.0
349,2026-02-18 12-18-09,proposed,-100.0,-80.0,-60.0,-40.0,-20.0,0.0,20.0,40.0,60.0,210.0,-360.0,360.0,-360.0,360.0,-360.0,360.0,-360.0,360.0,-360.0,360.0
349,2026-02-18 12-18-09,executed,-100.0,-80.0,-60.0,-40.0,-20.0,0.0,20.0,40.0,60.0,210.0,-360.0,360.0,-360.0,360.0,-360.0,360.0,-360.0,360.0,-360.0,360.0
350,2026-02-18 12-19-49,proposed,-200.0,-150.0,-100.0,-50.0,0.0,50.0,100.0,150.0,200.0,200.0,-380.0,380.0,-380.0,380.0,-380.0,380.0,-380.0,380.0,-380.0,380.0
350,2026-02-18 12-19-49,executed,-200.0,-150.0,-100.0,-50.0,0.0,50.0,100.0,150.0,200.0,200.0,-380.0,380.0,-380.0,380.0,-380.0,380.0,-380.0,380.0,-380.0,380.0
351,2026-02-18 12-21-40,proposed,-120.0,-100.0,-80.0,-60.0,-40.0,-20.0,0.0,20.0,40.0,250.0,-380.0,380.0,-380.0,380.0,-380.0,380.0,-380.0,380.0,-380.0,380.0
351,2026-02-18 12-21-40,executed,-120.0,-100.0,-80.0,-60.0,-40.0,-20.0,0.0,20.0,40.0,250.0,-380.0,380.0,-380.0,380.0,-380.0,380.0,-380.0,380.0,-380.0,380.0
352,2026-02-18 12-23-36,proposed,-200.0,-90.0,-60.0,-30.0,0.0,30.0,60.0,90.0,120.0,200.0,-380.0,380.0,-380.0,380.0,-380.0,380.0,-380.0,380.0,-380.0,380.0
352,2026-02-18 12-23-36,executed,-200.0,-90.0,-60.0,-30.0,0.0,30.0,60.0,90.0,120.0,200.0,-380.0,380.0,-380.0,380.0,-380.0,380.0,-380.0,380.0,-380.0,380.0
353,2026-02-18 12-25-30,proposed,-250.0,-80.0,-60.0,-40.0,-20.0,0.0,20.0,40.0,60.0,250.0,-350.0,350.0,-350.0,350.0,-350.0,350.0,-350.0,350.0,-350.0,350.0
353,2026-02-18 12-25-30,executed,-250.0,-80.0,-60.0,-40.0,-20.0,0.0,20.0,40.0,60.0,250.0,-350.0,350.0,-350.0,350.0,-350.0,350.0,-350.0,350.0,-350.0,350.0
354,2026-02-18 12-27-02,proposed,-180.0,-140.0,-100.0,-60.0,-20.0,20.0,60.0,100.0,140.0,180.0,-350.0,350.0,-350.0,350.0,-350.0,350.0,-350.0,350.0,-350.0,350.0
354,2026-02-18 12-27-02,executed,-180.0,-140.0,-100.0,-60.0,-20.0,20.0,60.0,100.0,140.0,180.0,-350.0,350.0,-350.0,350.0,-350.0,350.0,-350.0,350.0,-350.0,350.0
355,2026-02-18 12-28-44,proposed,-220.0,-150.0,-100.0,-50.0,0.0,50.0,100.0,150.0,200.0,200.0,-380.0,380.0,-380.0,380.0,-380.0,380.0,-380.0,380.0,-380.0,380.0
355,2026-02-18 12-28-44,executed,-220.0,-150.0,-100.0,-50.0,0.0,50.0,100.0,150.0,200.0,200.0,-380.0,380.0,-380.0,380.0,-380.0,380.0,-380.0,380.0,-380.0,380.0
356,2026-02-18 12-30-17,proposed,-200.0,-160.0,-120.0,-80.0,-40.0,0.0,40.0,80.0,120.0,160.0,-400.0,400.0,-400.0,400.0,-400.0,400.0,-400.0,400.0,-400.0,400.0
356,2026-02-18 12-30-17,executed,-200.0,-160.0,-120.0,-80.0,-40.0,0.0,40.0,80.0,120.0,160.0,-400.0,400.0,-400.0,400.0,-400.0,400.0,-400.0,400.0,-400.0,400.0
357,2026-02-18 12-31-44,proposed,-200.0,-160.0,-120.0,-80.0,-40.0,0.0,40.0,80.0,120.0,200.0,-350.0,350.0,-350.0,350.0,-350.0,350.0,-350.0,350.0,-350.0,350.0
357,2026-02-18 12-31-44,executed,-200.0,-160.0,-120.0,-80.0,-40.0,0.0,40.0,80.0,120.0,200.0,-350.0,350.0,-350.0,350.0,-350.0,350.0,-350.0,350.0,-350.0,350.0
358,2026-02-18 12-33-19,proposed,-150.0,-120.0,-90.0,-60.0,-30.0,0.0,30.0,60.0,90.0,150.0,380.0,-380.0,380.0,-380.0,380.0,-380.0,380.0,-380.0,380.0,-380.0
358,2026-02-18 12-33-19,executed,-150.0,-120.0,-90.0,-60.0,-30.0,0.0,30.0,60.0,90.0,150.0,380.0,-380.0,380.0,-380.0,380.0,-380.0,380.0,-380.0,380.0,-380.0
359,2026-02-18 12-34-52,proposed,-180.0,-80.0,-60.0,-40.0,-20.0,0.0,20.0,40.0,60.0,180.0,-360.0,360.0,-360.0,360.0,-360.0,360.0,-360.0,360.0,-360.0,360.0
359,2026-02-18 12-34-52,executed,-180.0,-80.0,-60.0,-40.0,-20.0,0.0,20.0,40.0,60.0,180.0,-360.0,360.0,-360.0,360.0,-360.0,360.0,-360.0,360.0,-360.0,360.0
360,2026-02-18 12-36-40,proposed,-200.0,-150.0,-100.0,-50.0,0.0,50.0,100.0,150.0,200.0,250.0,-350.0,350.0,-350.0,350.0,-350.0,350.0,-350.0,350.0,-350.0,350.0
360,2026-02-18 12-36-40,executed,-200.0,-150.0,-100.0,-50.0,0.0,50.0,100.0,150.0,200.0,250.0,-350.0,350.0,-350.0,350.0,-350.0,350.0,-350.0,350.0,-350.0,350.0
361,2026-02-18 12-38-17,proposed,-220.0,-80.0,-60.0,-40.0,-20.0,0.0,20.0,40.0,60.0,210.0,-350.0,350.0,-350.0,350.0,-350.0,350.0,-350.0,350.0,-350.0,350.0
361,2026-02-18 12-38-17,executed,-220.0,-80.0,-60.0,-40.0,-20.0,0.0,20.0,40.0,60.0,210.0,-350.0,350.0,-350.0,350.0,-350.0,350.0,-350.0,350.0,-350.0,350.0
362,2026-02-18 12-39-47,proposed,-210.0,-150.0,-100.0,-50.0,0.0,50.0,100.0,150.0,200.0,260.0,-400.0,400.0,-400.0,400.0,-400.0,400.0,-400.0,400.0,-400.0,400.0
362,2026-02-18 12-39-47,executed,-210.0,-150.0,-100.0,-50.0,0.0,50.0,100.0,150.0,200.0,260.0,-400.0,400.0,-400.0,400.0,-400.0,400.0,-400.0,400.0,-400.0,400.0
363,2026-02-18 12-42-30,proposed,-210.0,-120.0,-60.0,-30.0,0.0,30.0,60.0,120.0,180.0,210.0,-380.0,380.0,-380.0,380.0,-380.0,380.0,-380.0,380.0,-380.0,380.0
363,2026-02-18 12-42-30,executed,-210.0,-120.0,-60.0,-30.0,0.0,30.0,60.0,120.0,180.0,210.0,-380.0,380.0,-380.0,380.0,-380.0,380.0,-380.0,380.0,-380.0,380.0
364,2026-02-18 12-44-01,proposed,-210.0,-80.0,-60.0,-40.0,-20.0,0.0,20.0,40.0,60.0,210.0,-380.0,380.0,-380.0,380.0,-380.0,380.0,-380.0,380.0,-380.0,380.0
364,2026-02-18 12-44-01,executed,-210.0,-80.0,-60.0,-40.0,-20.0,0.0,20.0,40.0,60.0,210.0,-380.0,380.0,-380.0,380.0,-380.0,380.0,-380.0,380.0,-380.0,380.0
365,2026-02-18 12-45-32,proposed,-220.0,-80.0,-60.0,-40.0,-20.0,0.0,20.0,40.0,60.0,220.0,-380.0,380.0,-380.0,380.0,-380.0,380.0,-380.0,380.0,-380.0,380.0
365,2026-02-18 12-45-32,executed,-220.0,-80.0,-60.0,-40.0,-20.0,0.0,20.0,40.0,60.0,220.0,-380.0,380.0,-380.0,380.0,-380.0,380.0,-380.0,380.0,-380.0,380.0
366,2026-02-18 12-47-05,proposed,-210.0,-80.0,-60.0,-40.0,-20.0,0.0,20.0,40.0,60.0,210.0,350.0,-350.0,350.0,-350.0,350.0,-350.0,350.0,-350.0,350.0,-350.0
366,2026-02-18 12-47-05,executed,-210.0,-80.0,-60.0,-40.0,-20.0,0.0,20.0,40.0,60.0,210.0,350.0,-350.0,350.0,-350.0,350.0,-350.0,350.0,-350.0,350.0,-350.0
367,2026-02-18 12-48-39,proposed,-210.0,-80.0,-60.0,-40.0,-20.0,0.0,20.0,40.0,60.0,210.0,-380.0,380.0,-380.0,380.0,-380.0,380.0,-380.0,380.0,-380.0,380.0
367,2026-02-18 12-48-39,executed,-210.0,-80.0,-60.0,-40.0,-20.0,0.0,20.0,40.0,60.0,210.0,-380.0,380.0,-380.0,380.0,-380.0,380.0,-380.0,380.0,-380.0,380.0
368,2026-02-18 12-50-32,proposed,-210.0,-70.0,-50.0,-30.0,-10.0,10.0,30.0,50.0,70.0,210.0,-380.0,380.0,-380.0,380.0,-380.0,380.0,-380.0,380.0,-380.0,380.0
368,2026-02-18 12-50-32,executed,-210.0,-70.0,-50.0,-30.0,-10.0,10.0,30.0,50.0,70.0,210.0,-380.0,380.0,-380.0,380.0,-380.0,380.0,-380.0,380.0,-380.0,380.0
369,2026-02-18 12-52-25,proposed,-230.0,-80.0,-60.0,-40.0,-20.0,0.0,20.0,40.0,60.0,230.0,-380.0,380.0,-380.0,380.0,-380.0,380.0,-380.0,380.0,-380.0,380.0
369,2026-02-18 12-52-25,executed,-230.0,-80.0,-60.0,-40.0,-20.0,0.0,20.0,40.0,60.0,230.0,-380.0,380.0,-380.0,380.0,-380.0,380.0,-380.0,380.0,-380.0,380.0
370,2026-02-18 12-53-58,proposed,-250.0,-80.0,-60.0,-40.0,-20.0,0.0,20.0,40.0,60.0,250.0,-350.0,350.0,-350.0,350.0,-350.0,350.0,-350.0,350.0,-350.0,350.0
370,2026-02-18 12-53-58,executed,-250.0,-80.0,-60.0,-40.0,-20.0,0.0,20.0,40.0,60.0,250.0,-350.0,350.0,-350.0,350.0,-350.0,350.0,-350.0,350.0,-350.0,350.0
371,2026-02-18 12-55-29,proposed,-200.0,-70.0,-50.0,-30.0,-10.0,10.0,30.0,50.0,70.0,200.0,-340.0,340.0,-340.0,340.0,-340.0,340.0,-340.0,340.0,-340.0,340.0
371,2026-02-18 12-55-29,executed,-200.0,-70.0,-50.0,-30.0,-10.0,10.0,30.0,50.0,70.0,200.0,-340.0,340.0,-340.0,340.0,-340.0,340.0,-340.0,340.0,-340.0,340.0
372,2026-02-18 12-57-04,proposed,-200.0,-70.0,-50.0,-30.0,-10.0,10.0,30.0,50.0,70.0,200.0,340.0,-340.0,340.0,-340.0,340.0,-340.0,340.0,-340.0,340.0,-340.0
372,2026-02-18 12-57-04,executed,-200.0,-70.0,-50.0,-30.0,-10.0,10.0,30.0,50.0,70.0,200.0,340.0,-340.0,340.0,-340.0,340.0,-340.0,340.0,-340.0,340.0,-340.0
373,2026-02-18 12-58-35,proposed,-200.0,-150.0,-100.0,-50.0,0.0,50.0,100.0,150.0,200.0,250.0,-350.0,350.0,-350.0,350.0,-350.0,350.0,-350.0,350.0,-350.0,350.0
373,2026-02-18 12-58-35,executed,-200.0,-150.0,-100.0,-50.0,0.0,50.0,100.0,150.0,200.0,250.0,-350.0,350.0,-350.0,350.0,-350.0,350.0,-350.0,350.0,-350.0,350.0
374,2026-02-18 13-00-08,proposed,-200.0,-120.0,-80.0,-60.0,-40.0,-20.0,0.0,20.0,40.0,200.0,360.0,-360.0,360.0,-360.0,360.0,-360.0,360.0,-360.0,360.0,-360.0
374,2026-02-18 13-00-08,executed,-200.0,-120.0,-80.0,-60.0,-40.0,-20.0,0.0,20.0,40.0,200.0,360.0,-360.0,360.0,-360.0,360.0,-360.0,360.0,-360.0,360.0,-360.0
375,2026-02-18 13-01-50,proposed,-250.0,-200.0,-150.0,-100.0,-50.0,0.0,50.0,100.0,150.0,250.0,-350.0,350.0,-350.0,350.0,-350.0,350.0,-350.0,350.0,-350.0,350.0
375,2026-02-18 13-01-50,executed,-250.0,-200.0,-150.0,-100.0,-50.0,0.0,50.0,100.0,150.0,250.0,-350.0,350.0,-350.0,350.0,-350.0,350.0,-350.0,350.0,-350.0,350.0
376,2026-02-18 13-03-34,proposed,-210.0,-80.0,-60.0,-40.0,-20.0,0.0,20.0,40.0,60.0,210.0,-340.0,340.0,-340.0,340.0,-340.0,340.0,-340.0,340.0,-340.0,340.0
376,2026-02-18 13-03-34,executed,-210.0,-80.0,-60.0,-40.0,-20.0,0.0,20.0,40.0,60.0,210.0,-340.0,340.0,-340.0,340.0,-340.0,340.0,-340.0,340.0,-340.0,340.0
377,2026-02-18 13-05-06,proposed,-200.0,-70.0,-50.0,-30.0,-10.0,10.0,30.0,50.0,70.0,200.0,-360.0,360.0,-360.0,360.0,-360.0,360.0,-360.0,360.0,-360.0,360.0
377,2026-02-18 13-05-06,executed,-200.0,-70.0,-50.0,-30.0,-10.0,10.0,30.0,50.0,70.0,200.0,-360.0,360.0,-360.0,360.0,-360.0,360.0,-360.0,360.0,-360.0,360.0
378,2026-02-18 13-06-40,proposed,-200.0,-70.0,-50.0,-30.0,-10.0,10.0,30.0,50.0,70.0,200.0,-350.0,350.0,-350.0,350.0,-350.0,350.0,-350.0,350.0,-350.0,350.0
378,2026-02-18 13-06-40,executed,-200.0,-70.0,-50.0,-30.0,-10.0,10.0,30.0,50.0,70.0,200.0,-350.0,350.0,-350.0,350.0,-350.0,350.0,-350.0,350.0,-350.0,350.0
379,2026-02-18 13-08-16,proposed,-220.0,-80.0,-60.0,-40.0,-20.0,0.0,20.0,40.0,60.0,220.0,380.0,-380.0,380.0,-380.0,380.0,-380.0,380.0,-380.0,380.0,-380.0
379,2026-02-18 13-08-16,executed,-220.0,-80.0,-60.0,-40.0,-20.0,0.0,20.0,40.0,60.0,220.0,380.0,-380.0,380.0,-380.0,380.0,-380.0,380.0,-380.0,380.0,-380.0
380,2026-02-18 13-09-54,proposed,-200.0,-70.0,-50.0,-30.0,-10.0,10.0,30.0,50.0,70.0,200.0,380.0,-380.0,380.0,-380.0,380.0,-380.0,380.0,-380.0,380.0,-380.0
380,2026-02-18 13-09-54,executed,-200.0,-70.0,-50.0,-30.0,-10.0,10.0,30.0,50.0,70.0,200.0,380.0,-380.0,380.0,-380.0,380.0,-380.0,380.0,-380.0,380.0,-380.0
381,2026-02-18 13-11-35,proposed,-220.0,-70.0,-50.0,-30.0,-10.0,10.0,30.0,50.0,70.0,220.0,-380.0,380.0,-380.0,380.0,-380.0,380.0,-380.0,380.0,-380.0,380.0
381,2026-02-18 13-11-35,executed,-220.0,-70.0,-50.0,-30.0,-10.0,10.0,30.0,50.0,70.0,220.0,-380.0,380.0,-380.0,380.0,-380.0,380.0,-380.0,380.0,-380.0,380.0
382,2026-02-18 13-13-24,proposed,-200.0,-70.0,-50.0,-30.0,-10.0,10.0,30.0,50.0,70.0,200.0,-340.0,340.0,-340.0,340.0,-340.0,340.0,-340.0,340.0,-340.0,340.0
382,2026-02-18 13-13-24,executed,-200.0,-70.0,-50.0,-30.0,-10.0,10.0,30.0,50.0,70.0,200.0,-340.0,340.0,-340.0,340.0,-340.0,340.0,-340.0,340.0,-340.0,340.0
383,2026-02-18 13-14-57,proposed,-210.0,-80.0,-60.0,-40.0,-20.0,0.0,20.0,40.0,60.0,210.0,-340.0,340.0,-340.0,340.0,-340.0,340.0,-340.0,340.0,-340.0,340.0
383,2026-02-18 13-14-57,executed,-210.0,-80.0,-60.0,-40.0,-20.0,0.0,20.0,40.0,60.0,210.0,-340.0,340.0,-340.0,340.0,-340.0,340.0,-340.0,340.0,-340.0,340.0
384,2026-02-18 13-16-36,proposed,-250.0,-80.0,-60.0,-40.0,-20.0,0.0,20.0,40.0,60.0,250.0,-340.0,340.0,-340.0,340.0,-340.0,340.0,-340.0,340.0,-340.0,340.0
384,2026-02-18 13-16-36,executed,-250.0,-80.0,-60.0,-40.0,-20.0,0.0,20.0,40.0,60.0,250.0,-340.0,340.0,-340.0,340.0,-340.0,340.0,-340.0,340.0,-340.0,340.0
385,2026-02-18 13-18-21,proposed,-230.0,-80.0,-60.0,-40.0,-20.0,0.0,20.0,40.0,60.0,230.0,-340.0,340.0,-340.0,340.0,-340.0,340.0,-340.0,340.0,-340.0,340.0
385,2026-02-18 13-18-21,executed,-230.0,-80.0,-60.0,-40.0,-20.0,0.0,20.0,40.0,60.0,230.0,-340.0,340.0,-340.0,340.0,-340.0,340.0,-340.0,340.0,-340.0,340.0
386,2026-02-18 13-19-58,proposed,-250.0,-80.0,-50.0,-30.0,-10.0,10.0,30.0,50.0,80.0,250.0,-340.0,340.0,-340.0,340.0,-340.0,340.0,-340.0,340.0,-340.0,340.0
386,2026-02-18 13-19-58,executed,-250.0,-80.0,-50.0,-30.0,-10.0,10.0,30.0,50.0,80.0,250.0,-340.0,340.0,-340.0,340.0,-340.0,340.0,-340.0,340.0,-340.0,340.0
387,2026-02-18 13-21-34,proposed,-200.0,-70.0,-50.0,-30.0,-10.0,10.0,30.0,50.0,70.0,200.0,-340.0,-250.0,-120.0,0.0,120.0,250.0,340.0,250.0,120.0,0.0
387,2026-02-18 13-21-34,executed,-200.0,-70.0,-50.0,-30.0,-10.0,10.0,30.0,50.0,70.0,200.0,-340.0,-250.0,-120.0,0.0,120.0,250.0,340.0,250.0,120.0,0.0
388,2026-02-18 13-23-05,proposed,-200.0,-70.0,-50.0,-30.0,-10.0,10.0,30.0,50.0,70.0,200.0,-380.0,380.0,-380.0,380.0,-380.0,380.0,-380.0,380.0,-380.0,380.0
388,2026-02-18 13-23-05,executed,-200.0,-70.0,-50.0,-30.0,-10.0,10.0,30.0,50.0,70.0,200.0,-380.0,380.0,-380.0,380.0,-380.0,380.0,-380.0,380.0,-380.0,380.0
389,2026-02-18 13-24-41,proposed,-210.0,-80.0,-60.0,-40.0,-20.0,0.0,20.0,40.0,60.0,210.0,-350.0,350.0,-350.0,350.0,-350.0,350.0,-350.0,350.0,-350.0,350.0
389,2026-02-18 13-24-41,executed,-210.0,-80.0,-60.0,-40.0,-20.0,0.0,20.0,40.0,60.0,210.0,-350.0,350.0,-350.0,350.0,-350.0,350.0,-350.0,350.0,-350.0,350.0
390,2026-02-18 13-26-18,proposed,-200.0,-70.0,-50.0,-30.0,-10.0,10.0,30.0,50.0,70.0,200.0,340.0,-340.0,340.0,-340.0,340.0,-340.0,340.0,-340.0,340.0,-340.0
390,2026-02-18 13-26-18,executed,-200.0,-70.0,-50.0,-30.0,-10.0,10.0,30.0,50.0,70.0,200.0,340.0,-340.0,340.0,-340.0,340.0,-340.0,340.0,-340.0,340.0,-340.0
391,2026-02-18 13-27-51,proposed,-210.0,-120.0,-60.0,-30.0,0.0,30.0,60.0,120.0,180.0,210.0,-380.0,-300.0,-220.0,-140.0,-60.0,60.0,140.0,220.0,300.0,380.0
391,2026-02-18 13-27-51,executed,-210.0,-120.0,-60.0,-30.0,0.0,30.0,60.0,120.0,180.0,210.0,-380.0,-300.0,-220.0,-140.0,-60.0,60.0,140.0,220.0,300.0,380.0
392,2026-02-18 13-29-16,proposed,-200.0,-70.0,-50.0,-30.0,-10.0,10.0,30.0,50.0,70.0,200.0,360.0,-360.0,360.0,-360.0,360.0,-360.0,360.0,-360.0,360.0,-360.0
392,2026-02-18 13-29-16,executed,-200.0,-70.0,-50.0,-30.0,-10.0,10.0,30.0,50.0,70.0,200.0,360.0,-360.0,360.0,-360.0,360.0,-360.0,360.0,-360.0,360.0,-360.0
393,2026-02-18 13-30-48,proposed,-0.21,-0.07,-0.05,-0.03,-0.01,0.01,0.03,0.05,0.07,0.21,-0.34,0.34,-0.34,0.34,-0.34,0.34,-0.34,0.34,-0.34,0.34
393,2026-02-18 13-30-48,executed,-0.21,-0.07,-0.05,-0.03,-0.01,0.01,0.03,0.05,0.07,0.21,-0.34,0.34,-0.34,0.34,-0.34,0.34,-0.34,0.34,-0.34,0.34
394,2026-02-18 13-32-16,proposed,-200.0,-70.0,-50.0,-30.0,-10.0,10.0,30.0,50.0,70.0,200.0,-300.0,300.0,-300.0,300.0,-300.0,300.0,-300.0,300.0,-300.0,300.0
394,2026-02-18 13-32-16,executed,-200.0,-70.0,-50.0,-30.0,-10.0,10.0,30.0,50.0,70.0,200.0,-300.0,300.0,-300.0,300.0,-300.0,300.0,-300.0,300.0,-300.0,300.0
395,2026-02-18 13-33-58,proposed,-200.0,-70.0,-50.0,-30.0,-10.0,10.0,30.0,50.0,70.0,200.0,-340.0,340.0,-340.0,340.0,-340.0,340.0,-340.0,340.0,-340.0,340.0
395,2026-02-18 13-33-58,executed,-200.0,-70.0,-50.0,-30.0,-10.0,10.0,30.0,50.0,70.0,200.0,-340.0,340.0,-340.0,340.0,-340.0,340.0,-340.0,340.0,-340.0,340.0
396,2026-02-18 13-35-40,proposed,-200.0,-70.0,-50.0,-30.0,-10.0,10.0,30.0,50.0,70.0,200.0,-330.0,330.0,-330.0,330.0,-330.0,330.0,-330.0,330.0,-330.0,330.0
396,2026-02-18 13-35-40,executed,-200.0,-70.0,-50.0,-30.0,-10.0,10.0,30.0,50.0,70.0,200.0,-330.0,330.0,-330.0,330.0,-330.0,330.0,-330.0,330.0,-330.0,330.0
397,2026-02-18 13-37-34,proposed,-200.0,-70.0,-50.0,-30.0,-10.0,10.0,30.0,50.0,70.0,200.0,-380.0,380.0,-380.0,380.0,-380.0,380.0,-380.0,380.0,-380.0,380.0
397,2026-02-18 13-37-34,executed,-200.0,-70.0,-50.0,-30.0,-10.0,10.0,30.0,50.0,70.0,200.0,-380.0,380.0,-380.0,380.0,-380.0,380.0,-380.0,380.0,-380.0,380.0
398,2026-02-18 13-39-21,proposed,-210.0,-90.0,-60.0,-30.0,-10.0,10.0,30.0,60.0,90.0,210.0,340.0,-340.0,340.0,-340.0,340.0,-340.0,340.0,-340.0,340.0,-340.0
398,2026-02-18 13-39-21,executed,-210.0,-90.0,-60.0,-30.0,-10.0,10.0,30.0,60.0,90.0,210.0,340.0,-340.0,340.0,-340.0,340.0,-340.0,340.0,-340.0,340.0,-340.0
399,2026-02-18 13-41-00,proposed,-200.0,-70.0,-50.0,-30.0,-10.0,10.0,30.0,50.0,70.0,200.0,-320.0,360.0,-320.0,360.0,-320.0,360.0,-320.0,360.0,-320.0,360.0
399,2026-02-18 13-41-00,executed,-200.0,-70.0,-50.0,-30.0,-10.0,10.0,30.0,50.0,70.0,200.0,-320.0,360.0,-320.0,360.0,-320.0,360.0,-320.0,360.0,-320.0,360.0
400,2026-02-18 13-42-31,proposed,-200.0,-70.0,-50.0,-30.0,-10.0,10.0,30.0,50.0,70.0,200.0,-360.0,360.0,-360.0,360.0,-360.0,360.0,-360.0,360.0,-360.0,360.0
400,2026-02-18 13-42-31,executed,-200.0,-70.0,-50.0,-30.0,-10.0,10.0,30.0,50.0,70.0,200.0,-360.0,360.0,-360.0,360.0,-360.0,360.0,-360.0,360.0,-360.0,360.0
401,2026-02-18 13-44-10,proposed,-200.0,-70.0,-50.0,-30.0,-10.0,10.0,30.0,50.0,70.0,200.0,-340.0,340.0,-340.0,340.0,-340.0,340.0,-340.0,340.0,-340.0,340.0
