iter,timestamp,tag,w0,w1,w2,w3,w4,w5,w6,w7,w8,w9,w10,w11,w12,w13,w14,w15,w16,w17,w18,w19,w20,w21,w22,w23,w24,w25,w26,w27,w28,w29,w30,w31,w32,w33,w34,w35,w36,w37,w38,w39,w40,w41,w42,w43,w44,w45,w46,w47,w48,w49
0,2025-10-30 01:08:25,executed,84.993855,54.66914104166666,31.639819249999995,9.947178874999997,-25.081141166666665,-37.775516375,-79.14101125,-121.91540529166666,-152.79776633333333,-168.43753125,-171.14980191666666,-144.37715395833328,-100.78852900000001,-61.08470562499997,-27.206839583333373,1.0728962500000545,28.717259999999996,64.12861333333333,106.51246925000005,142.19847766666672,164.04110816666667,172.245998375,162.70407816666665,134.03044945833335,100.117687,34.254739,24.415438,10.455457999999998,-15.062408000000005,-60.200826,-39.21952579166667,-39.28363775,-38.393947375,-26.586801666666666,-4.935136124999983,19.067695416666666,33.35365620833334,33.9916915,25.69358674999999,13.144849000000018,-0.05908537500002797,-15.457855666666667,-29.508288916666665,-34.886204750000005,-31.100460291666657,-15.298471333333334,7.441406375000016,30.528961166666697,40.29456291666666,37.560793
1,2025-10-30 01:08:27,executed,84.993855,54.66914104166666,31.639819249999995,9.947178874999997,-25.081141166666665,-37.775516375,-79.14101125,-121.91540529166666,-152.79776633333333,-168.43753125,-171.14980191666666,-144.37715395833328,-100.78852900000001,-61.08470562499997,-27.206839583333373,1.0728962500000545,28.717259999999996,64.12861333333333,106.51246925000005,142.19847766666672,164.04110816666667,172.245998375,162.70407816666665,134.03044945833335,100.117687,34.254739,24.415438,10.455457999999998,-15.062408000000005,-60.200826,-39.21952579166667,-39.28363775,-38.393947375,-26.586801666666666,-4.935136124999983,19.067695416666666,33.35365620833334,33.9916915,25.69358674999999,13.144849000000018,-0.05908537500002797,-15.457855666666667,-29.508288916666665,-34.886204750000005,-31.100460291666657,-15.298471333333334,7.441406375000016,30.528961166666697,40.29456291666666,37.560793
1,2025-10-30 01:09:38,proposed,150.0,148.0673322119,142.3683693247,133.0076709849,120.2090403328,104.3032799341,85.7270222167,65.0,42.6841207605,19.4005869404,-4.2403606994,-27.2068019485,-48.6019958783,-67.6698188152,-83.7997871306,-96.539865625,-105.5395568583,-110.513793774,-111.2961502479,-107.8398363717,-100.2090403328,-88.6791999863,-73.6933583596,-55.7997871306,-35.6342370045,-13.9173993078,8.878889,31.418109,52.9378162235,72.689981,89.9999999999,104.2005869404,114.7595568583,121.2961502479,123.539865625,121.2961502479,114.7595568583,104.2005869404,89.9999999999,72.689981,52.9378162235,31.418109,8.878889,-13.9173993078,-35.6342370045,-55.7997871306,-73.6933583596,-88.6791999863,-100.2090403328,150.0
2,2025-10-30 01:10:18,executed,150.0,148.0673322119,142.3683693247,133.0076709849,120.2090403328,104.3032799341,85.7270222167,65.0,42.6841207605,19.4005869404,-4.2403606994,-27.2068019485,-48.6019958783,-67.6698188152,-83.7997871306,-96.539865625,-105.5395568583,-110.513793774,-111.2961502479,-107.8398363717,-100.2090403328,-88.6791999863,-73.6933583596,-55.7997871306,-35.6342370045,-13.9173993078,8.878889,31.418109,52.9378162235,72.689981,89.9999999999,104.2005869404,114.7595568583,121.2961502479,123.539865625,121.2961502479,114.7595568583,104.2005869404,89.9999999999,72.689981,52.9378162235,31.418109,8.878889,-13.9173993078,-35.6342370045,-55.7997871306,-73.6933583596,-88.6791999863,-100.2090403328,150.0
2,2025-10-30 01:11:23,proposed,85.0,84.32049830589139,82.29074069838023,79.0041279803892,74.57077989396342,69.1309836371813,62.80281146755498,55.73177699103554,48.05042456499636,39.89228498421466,31.39077755734842,22.68007727197026,13.89074069838023,5.161099688469956,-3.46074069838023,-11.90049830589139,-20.03077755734842,-27.73177699103554,-34.90281146755498,-41.4309836371813,-47.23077989396342,-52.2241279803892,-56.33074069838023,-59.50049830589139,-61.69077755734842,-62.86177699103554,-62.99281146755498,-62.0709836371813,-60.12077989396342,-57.1741279803892,-53.27074069838023,-48.48049830589139,-42.87077755734842,-36.52177699103554,-29.52281146755498,-21.9609836371813,-13.94077989396342,-5.5741279803892,2.96074069838023,11.53049830589139,19.99077755734842,28.24177699103554,36.16281146755498,43.6309836371813,50.55077989396342,56.8141279803892,62.31074069838023,66.96049830589139,70.67077755734842,73.36177699103554
3,2025-10-30 01:12:03,executed,85.0,84.32049830589139,82.29074069838023,79.0041279803892,74.57077989396342,69.1309836371813,62.80281146755498,55.73177699103554,48.05042456499636,39.89228498421466,31.39077755734842,22.68007727197026,13.89074069838023,5.161099688469956,-3.46074069838023,-11.90049830589139,-20.03077755734842,-27.73177699103554,-34.90281146755498,-41.4309836371813,-47.23077989396342,-52.2241279803892,-56.33074069838023,-59.50049830589139,-61.69077755734842,-62.86177699103554,-62.99281146755498,-62.0709836371813,-60.12077989396342,-57.1741279803892,-53.27074069838023,-48.48049830589139,-42.87077755734842,-36.52177699103554,-29.52281146755498,-21.9609836371813,-13.94077989396342,-5.5741279803892,2.96074069838023,11.53049830589139,19.99077755734842,28.24177699103554,36.16281146755498,43.6309836371813,50.55077989396342,56.8141279803892,62.31074069838023,66.96049830589139,70.67077755734842,73.36177699103554
3,2025-10-30 01:12:32,proposed,0.0,8.75003683838549,17.40050854406214,25.85706915000035,34.02047399818817,41.79468980830722,49.0886071871239,55.81666666666666,61.89999999999999,67.2662975971842,70.0,67.2662975971842,61.89999999999999,55.81666666666666,49.0886071871239,41.79468980830722,34.02047399818817,25.85706915000035,17.40050854406214,8.75003683838549,0.0,-8.75003683838549,-17.40050854406214,-25.85706915000035,-34.02047399818817,-41.79468980830722,-49.0886071871239,-55.81666666666666,-61.89999999999999,-67.2662975971842,-70.0,-67.2662975971842,-61.89999999999999,-55.81666666666666,-49.0886071871239,-41.79468980830722,-34.02047399818817,-25.85706915000035,-17.40050854406214,-8.75003683838549,0.0,8.75003683838549,17.40050854406214,25.85706915000035,34.02047399818817,41.79468980830722,49.0886071871239,55.81666666666666,61.89999999999999,67.2662975971842
4,2025-10-30 01:13:12,executed,0.0,8.75003683838549,17.40050854406214,25.85706915000035,34.02047399818817,41.79468980830722,49.0886071871239,55.81666666666666,61.89999999999999,67.2662975971842,70.0,67.2662975971842,61.89999999999999,55.81666666666666,49.0886071871239,41.79468980830722,34.02047399818817,25.85706915000035,17.40050854406214,8.75003683838549,0.0,-8.75003683838549,-17.40050854406214,-25.85706915000035,-34.02047399818817,-41.79468980830722,-49.0886071871239,-55.81666666666666,-61.89999999999999,-67.2662975971842,-70.0,-67.2662975971842,-61.89999999999999,-55.81666666666666,-49.0886071871239,-41.79468980830722,-34.02047399818817,-25.85706915000035,-17.40050854406214,-8.75003683838549,0.0,8.75003683838549,17.40050854406214,25.85706915000035,34.02047399818817,41.79468980830722,49.0886071871239,55.81666666666666,61.89999999999999,67.2662975971842
4,2025-10-30 01:13:51,proposed,100.0,95.91836734693877,91.83673469387755,87.75510204081633,83.6734693877551,79.59183673469389,75.51020408163265,71.42857142857143,67.3469387755102,63.26530612244898,59.18367346938775,55.10204081632653,51.02040816326531,46.93877551020408,42.857142857142854,38.77551020408163,34.69387755102041,30.612244897959183,26.53061224489796,22.44897959183673,18.36734693877551,14.285714285714285,10.20408163265306,6.122448979591837,2.040816326530619,-2.04081632653061,-6.122448979591837,-10.20408163265306,-14.285714285714285,-18.36734693877551,-22.44897959183673,-26.53061224489796,-30.612244897959183,-34.69387755102041,-38.77551020408163,-42.857142857142854,-46.93877551020408,-51.02040816326531,-55.10204081632653,-59.18367346938775,-63.26530612244898,-67.3469387755102,-71.42857142857143,-75.51020408163265,-79.59183673469389,-83.6734693877551,-87.75510204081633,-91.83673469387755,-95.91836734693877,-100.0
5,2025-10-30 01:14:31,executed,100.0,95.91836734693877,91.83673469387755,87.75510204081633,83.6734693877551,79.59183673469389,75.51020408163265,71.42857142857143,67.3469387755102,63.26530612244898,59.18367346938775,55.10204081632653,51.02040816326531,46.93877551020408,42.857142857142854,38.77551020408163,34.69387755102041,30.612244897959183,26.53061224489796,22.44897959183673,18.36734693877551,14.285714285714285,10.20408163265306,6.122448979591837,2.040816326530619,-2.04081632653061,-6.122448979591837,-10.20408163265306,-14.285714285714285,-18.36734693877551,-22.44897959183673,-26.53061224489796,-30.612244897959183,-34.69387755102041,-38.77551020408163,-42.857142857142854,-46.93877551020408,-51.02040816326531,-55.10204081632653,-59.18367346938775,-63.26530612244898,-67.3469387755102,-71.42857142857143,-75.51020408163265,-79.59183673469389,-83.6734693877551,-87.75510204081633,-91.83673469387755,-95.91836734693877,-100.0
5,2025-10-30 01:15:15,proposed,0.0,10.20573966555122,20.08906355447475,29.29634914102987,37.50290940989397,44.41743540608007,49.78453489814404,53.48680005708246,55.4414115160893,55.59473043868122,53.92348006575196,50.4377519448066,45.17646399187122,38.20451996956636,29.60431365851869,19.48425049362799,8.06456729014382,-4.56847169493134,-18.06733221941215,-31.90151108257008,-45.54924718049119,-58.49845014605156,-70.2520379207044,-80.3235639149021,-88.2494511679051,-93.6067711204044,-96.03058999999999,-95.2307844,-91.00690000000002,-83.27980000000001,-72.1098,-57.60000000000001,-40.00000000000001,-19.50000000000001,2.000000000000001,24.500000000000004,47.00000000000001,68.50000000000001,88.00000000000001,104.50000000000001,117.00000000000001,124.50000000000001,126.00000000000001,121.50000000000001,111.00000000000001,94.50000000000001,72.00000000000001,43.50000000000001,9.000000000000002,-30.500000000000004
6,2025-10-30 01:15:55,executed,0.0,10.20573966555122,20.08906355447475,29.29634914102987,37.50290940989397,44.41743540608007,49.78453489814404,53.48680005708246,55.4414115160893,55.59473043868122,53.92348006575196,50.4377519448066,45.17646399187122,38.20451996956636,29.60431365851869,19.48425049362799,8.06456729014382,-4.56847169493134,-18.06733221941215,-31.90151108257008,-45.54924718049119,-58.49845014605156,-70.2520379207044,-80.3235639149021,-88.2494511679051,-93.6067711204044,-96.03058999999999,-95.2307844,-91.00690000000002,-83.27980000000001,-72.1098,-57.60000000000001,-40.00000000000001,-19.50000000000001,2.000000000000001,24.500000000000004,47.00000000000001,68.50000000000001,88.00000000000001,104.50000000000001,117.00000000000001,124.50000000000001,126.00000000000001,121.50000000000001,111.00000000000001,94.50000000000001,72.00000000000001,43.50000000000001,9.000000000000002,-30.500000000000004
6,2025-10-30 01:16:32,proposed,0.0,10.435693,20.61051,30.43501,39.82885,48.71186,56.99999,64.62007,71.4988,77.57904,82.81909,87.1846,90.64853,93.1908,94.7997,95.4697,95.1998,93.9943,91.8617,88.8156,84.8739,80.0594,74.3999,67.9287,60.6828,80.0,79.3142,77.2662,73.9085,69.3105,63.5509,56.7276,48.9472,40.3256,30.9868,21.0635,10.6968,0.0,-10.6968,-21.0635,-30.9868,-40.3256,-48.9472,-56.7276,-63.5509,-69.3105,-73.9085,-77.2662,-79.3142,-80.0
7,2025-10-30 01:17:12,executed,0.0,10.435693,20.61051,30.43501,39.82885,48.71186,56.99999,64.62007,71.4988,77.57904,82.81909,87.1846,90.64853,93.1908,94.7997,95.4697,95.1998,93.9943,91.8617,88.8156,84.8739,80.0594,74.3999,67.9287,60.6828,80.0,79.3142,77.2662,73.9085,69.3105,63.5509,56.7276,48.9472,40.3256,30.9868,21.0635,10.6968,0.0,-10.6968,-21.0635,-30.9868,-40.3256,-48.9472,-56.7276,-63.5509,-69.3105,-73.9085,-77.2662,-79.3142,-80.0
7,2025-10-30 01:17:52,proposed,120.0,119.004168,116.030589,111.127598,104.370557,95.861787,85.727004,74.120769,61.200388,47.130198,32.083789,16.242491,-0.0,-16.242491,-32.083789,-47.130198,-61.200388,-74.120769,-85.727004,-95.861787,-104.370557,-111.127598,-116.030589,-119.004168,-119.999999,-119.004168,-116.030589,-111.127598,-104.370557,-95.861787,-85.727004,-74.120769,-61.200388,-47.130198,-32.083789,-16.242491,-0.0,16.242491,32.083789,47.130198,61.200388,74.120769,85.727004,95.861787,104.370557,111.127598,116.030589,119.004168,119.999999,120.0
8,2025-10-30 01:18:32,executed,120.0,119.004168,116.030589,111.127598,104.370557,95.861787,85.727004,74.120769,61.200388,47.130198,32.083789,16.242491,-0.0,-16.242491,-32.083789,-47.130198,-61.200388,-74.120769,-85.727004,-95.861787,-104.370557,-111.127598,-116.030589,-119.004168,-119.999999,-119.004168,-116.030589,-111.127598,-104.370557,-95.861787,-85.727004,-74.120769,-61.200388,-47.130198,-32.083789,-16.242491,-0.0,16.242491,32.083789,47.130198,61.200388,74.120769,85.727004,95.861787,104.370557,111.127598,116.030589,119.004168,119.999999,120.0
8,2025-10-30 01:19:18,proposed,95.0,94.212089,91.894371,88.106571,82.930495,76.452093,68.769977,60.0,50.267868,39.703274,28.448509,16.649694,4.454261,-7.954261,-20.149694,-31.948509,-43.173274,-53.657868,-63.249977,-71.802093,-79.170495,-85.226571,-89.854371,-93.052089,-94.819051,-94.819051,-93.052089,-89.854371,-85.226571,-79.170495,-71.802093,-63.249977,-53.657868,-43.173274,-31.948509,-20.149694,-7.954261,4.454261,16.649694,28.448509,39.703274,50.267868,60.0,68.769977,76.452093,82.930495,88.106571,91.894371,94.212089,95.0
9,2025-10-30 01:19:58,executed,95.0,94.212089,91.894371,88.106571,82.930495,76.452093,68.769977,60.0,50.267868,39.703274,28.448509,16.649694,4.454261,-7.954261,-20.149694,-31.948509,-43.173274,-53.657868,-63.249977,-71.802093,-79.170495,-85.226571,-89.854371,-93.052089,-94.819051,-94.819051,-93.052089,-89.854371,-85.226571,-79.170495,-71.802093,-63.249977,-53.657868,-43.173274,-31.948509,-20.149694,-7.954261,4.454261,16.649694,28.448509,39.703274,50.267868,60.0,68.769977,76.452093,82.930495,88.106571,91.894371,94.212089,95.0
9,2025-10-30 01:20:42,proposed,85.0,84.3205089327836,82.2907085739818,79.0041076412185,74.5708020960578,69.1310096956795,62.8028080614044,55.7318055620921,48.0504020960578,39.8923010170949,31.3908,22.6801,13.8907,5.1611,-3.4607,-11.9005,-20.0308,-27.7318,-34.9028,-41.431,-47.2308,-52.2241,-56.3307,-59.5005,-61.6908,-62.8618,-62.9928,-62.071,-60.1208,-57.1741,-53.2707,-48.4805,-42.8708,-36.5218,-29.5228,-21.961,-13.9408,-5.5741,2.9607,11.5305,19.9908,28.2418,36.1628,43.631,50.5508,56.8141,62.3107,66.9605,70.6708,73.3618
10,2025-10-30 01:21:22,executed,85.0,84.3205089327836,82.2907085739818,79.0041076412185,74.5708020960578,69.1310096956795,62.8028080614044,55.7318055620921,48.0504020960578,39.8923010170949,31.3908,22.6801,13.8907,5.1611,-3.4607,-11.9005,-20.0308,-27.7318,-34.9028,-41.431,-47.2308,-52.2241,-56.3307,-59.5005,-61.6908,-62.8618,-62.9928,-62.071,-60.1208,-57.1741,-53.2707,-48.4805,-42.8708,-36.5218,-29.5228,-21.961,-13.9408,-5.5741,2.9607,11.5305,19.9908,28.2418,36.1628,43.631,50.5508,56.8141,62.3107,66.9605,70.6708,73.3618
10,2025-10-30 01:22:10,proposed,92.2519,91.4915,89.2997,85.6983,80.783,74.6295,66.8615,58.077,48.7505,38.6181,27.6761,16.0967,4.2211,-7.5566,-19.1447,-30.5186,-41.2146,-51.0001,-60.0275,-68.0115,-75.2305,-81.0803,-85.3522,-88.1965,-89.9681,-90.0246,-89.2069,-85.397,-81.1872,-75.2319,-68.0673,-60.0894,-51.045,-41.2726,-30.5485,-19.1877,-7.5878,4.225,16.1037,27.6823,38.6186,48.7583,58.078,66.8615,74.6305,80.783,85.6983,89.2997,91.4915,92.2519
11,2025-10-30 01:22:50,executed,92.2519,91.4915,89.2997,85.6983,80.783,74.6295,66.8615,58.077,48.7505,38.6181,27.6761,16.0967,4.2211,-7.5566,-19.1447,-30.5186,-41.2146,-51.0001,-60.0275,-68.0115,-75.2305,-81.0803,-85.3522,-88.1965,-89.9681,-90.0246,-89.2069,-85.397,-81.1872,-75.2319,-68.0673,-60.0894,-51.045,-41.2726,-30.5485,-19.1877,-7.5878,4.225,16.1037,27.6823,38.6186,48.7583,58.078,66.8615,74.6305,80.783,85.6983,89.2997,91.4915,92.2519
11,2025-10-30 01:23:28,proposed,0.0,11.49390216,22.68415714,33.38871466,43.43384078,52.65860472,60.9168936,68.07923709,74.03225272,78.67055727,81.90799738,83.66870233,83.89667794,82.55589178,79.6293911,75.12053995,69.05202812,61.46513498,52.4199587,42.0031853,30.3204987,17.50604604,3.6999949,-10.94191307,-26.04692795,-41.27210217,-56.1265935,-69.9602418,-82.1691236,-92.1956041,-99.5393081,-103.784795,-104.609462,-101.802083,-95.358248,-85.474067,-72.449779,-56.682855,-38.657503,-18.857648,2.766723,25.688089,49.25597,72.69001,95.0,115.0,131.0,142.0,147.0,145.0
12,2025-10-30 01:24:08,executed,0.0,11.49390216,22.68415714,33.38871466,43.43384078,52.65860472,60.9168936,68.07923709,74.03225272,78.67055727,81.90799738,83.66870233,83.89667794,82.55589178,79.6293911,75.12053995,69.05202812,61.46513498,52.4199587,42.0031853,30.3204987,17.50604604,3.6999949,-10.94191307,-26.04692795,-41.27210217,-56.1265935,-69.9602418,-82.1691236,-92.1956041,-99.5393081,-103.784795,-104.609462,-101.802083,-95.358248,-85.474067,-72.449779,-56.682855,-38.657503,-18.857648,2.766723,25.688089,49.25597,72.69001,95.0,115.0,131.0,142.0,147.0,145.0
12,2025-10-30 01:24:48,proposed,80.0,79.34449853,77.38209869,74.15392186,69.72023592,64.15392186,57.54045237,50.0,41.65997289,32.61022417,22.95,12.7937,2.26,-8.57,-19.5,-29.99,-39.71,-48.5,-56.2,-62.6,-67.6,-71.1,-73.1,-73.6,-72.6,-70.1,-66.2,-60.9,-54.3,-46.5,-37.6,-27.8,-17.2,-6.0,5.5,17.2,28.6,39.4,49.3,58.1,65.7,71.9,76.6,79.7,80.0,79.34449853,77.38209869,74.15392186,69.72023592,64.15392186
13,2025-10-30 01:25:28,executed,80.0,79.34449853,77.38209869,74.15392186,69.72023592,64.15392186,57.54045237,50.0,41.65997289,32.61022417,22.95,12.7937,2.26,-8.57,-19.5,-29.99,-39.71,-48.5,-56.2,-62.6,-67.6,-71.1,-73.1,-73.6,-72.6,-70.1,-66.2,-60.9,-54.3,-46.5,-37.6,-27.8,-17.2,-6.0,5.5,17.2,28.6,39.4,49.3,58.1,65.7,71.9,76.6,79.7,80.0,79.34449853,77.38209869,74.15392186,69.72023592,64.15392186
13,2025-10-30 01:26:08,proposed,0.0,11.4348,22.5694,33.0902,42.7925,51.4816,59.0733,65.4947,70.6841,74.5915,77.1793,78.4222,78.3087,76.8402,74.0305,69.9056,64.5029,57.8797,50.0998,41.2335,31.3562,20.5579,8.9332,-2.3061,-13.9345,-25.7001,-37.3197,-48.5146,-59.0143,-68.5583,-76.8996,-83.8197,-89.1246,-92.6489,-94.2618,-93.8749,-91.4316,-86.9069,-80.3106,-71.6888,-61.1106,-48.6656,-34.4633,-18.6225,-1.2676,17.2001,36.6321,56.4026,75.7601,90.0
14,2025-10-30 01:26:48,executed,0.0,11.4348,22.5694,33.0902,42.7925,51.4816,59.0733,65.4947,70.6841,74.5915,77.1793,78.4222,78.3087,76.8402,74.0305,69.9056,64.5029,57.8797,50.0998,41.2335,31.3562,20.5579,8.9332,-2.3061,-13.9345,-25.7001,-37.3197,-48.5146,-59.0143,-68.5583,-76.8996,-83.8197,-89.1246,-92.6489,-94.2618,-93.8749,-91.4316,-86.9069,-80.3106,-71.6888,-61.1106,-48.6656,-34.4633,-18.6225,-1.2676,17.2001,36.6321,56.4026,75.7601,90.0
14,2025-10-30 01:27:30,proposed,75.0,74.032306,71.041697,66.126668,59.420078,51.090159,41.339239,30.395786,18.49898,5.890259,-7.000001,-19.68426,-31.908006,-43.43381,-54.049479,-63.55828,-71.790806,-78.608671,-83.896706,-87.567843,-89.550102,-89.799708,-88.290748,-85.020526,-80.000001,-73.253018,-64.81414,-54.747809,-43.149704,-30.130638,-15.820526,-0.367303,15.820526,30.130638,43.149704,54.747809,64.81414,73.253018,80.000001,85.020526,88.290748,89.799708,89.550102,87.567843,83.896706,78.608671,71.790806,63.55828,54.049479,43.43381
15,2025-10-30 01:28:10,executed,75.0,74.032306,71.041697,66.126668,59.420078,51.090159,41.339239,30.395786,18.49898,5.890259,-7.000001,-19.68426,-31.908006,-43.43381,-54.049479,-63.55828,-71.790806,-78.608671,-83.896706,-87.567843,-89.550102,-89.799708,-88.290748,-85.020526,-80.000001,-73.253018,-64.81414,-54.747809,-43.149704,-30.130638,-15.820526,-0.367303,15.820526,30.130638,43.149704,54.747809,64.81414,73.253018,80.000001,85.020526,88.290748,89.799708,89.550102,87.567843,83.896706,78.608671,71.790806,63.55828,54.049479,43.43381
15,2025-10-30 01:29:03,proposed,90.0,75.590562,61.789875,48.598062,36.015125,24.040938,12.675625,1.919188,-8.2305,-17.766938,-26.709938,-35.059625,-42.815938,-50.0,-56.570938,-62.548625,-67.933125,-72.724375,-76.922438,-80.527188,-83.53875,-85.957062,-87.782125,-89.013938,-89.6525,-89.6525,-89.013938,-87.782125,-85.957062,-83.53875,-80.527188,-76.922438,-72.724375,-67.933125,-62.548625,-56.570938,-50.0,-42.815938,-35.059625,-26.709938,-17.766938,-8.2305,1.919188,12.675625,24.040938,36.015125,48.598062,61.789875,75.590562,90.0
16,2025-10-30 01:29:43,executed,90.0,75.590562,61.789875,48.598062,36.015125,24.040938,12.675625,1.919188,-8.2305,-17.766938,-26.709938,-35.059625,-42.815938,-50.0,-56.570938,-62.548625,-67.933125,-72.724375,-76.922438,-80.527188,-83.53875,-85.957062,-87.782125,-89.013938,-89.6525,-89.6525,-89.013938,-87.782125,-85.957062,-83.53875,-80.527188,-76.922438,-72.724375,-67.933125,-62.548625,-56.570938,-50.0,-42.815938,-35.059625,-26.709938,-17.766938,-8.2305,1.919188,12.675625,24.040938,36.015125,48.598062,61.789875,75.590562,90.0
16,2025-10-30 01:30:25,proposed,0.0,11.4939,22.6842,33.3887,43.4338,52.6586,60.9169,68.0792,74.0323,78.6706,81.908,83.6687,83.8967,82.5559,79.6294,75.1205,69.052,61.4651,52.42,42.0032,30.3205,17.506,3.7,-10.9419,-26.0469,-41.2721,-56.1266,-69.9602,-82.1691,-92.1956,-99.5393,-103.7848,-104.6095,-101.8021,-95.3582,-85.4741,-72.4498,-56.6829,-38.6575,-18.8576,2.7667,25.6881,49.256,72.69,95.0,115.0,131.0,142.0,147.0,145.0
17,2025-10-30 01:31:05,executed,0.0,11.4939,22.6842,33.3887,43.4338,52.6586,60.9169,68.0792,74.0323,78.6706,81.908,83.6687,83.8967,82.5559,79.6294,75.1205,69.052,61.4651,52.42,42.0032,30.3205,17.506,3.7,-10.9419,-26.0469,-41.2721,-56.1266,-69.9602,-82.1691,-92.1956,-99.5393,-103.7848,-104.6095,-101.8021,-95.3582,-85.4741,-72.4498,-56.6829,-38.6575,-18.8576,2.7667,25.6881,49.256,72.69,95.0,115.0,131.0,142.0,147.0,145.0
17,2025-10-30 01:31:48,proposed,90.0,89.2905,87.1648,83.6702,78.8805,72.8837,65.783,57.6946,48.745,39.079,28.8509,18.2195,7.3486,-3.606,-14.456,-25.068,-35.3197,-45.0935,-54.277,-62.766,-70.469,-77.307,-83.209,-88.11,-91.954,-94.7001,-96.319,-96.7905,-96.115,-94.305,-91.382,-87.377,-82.333,-76.299,-69.336,-61.512,-52.906,-43.601,-33.687,-23.264,-12.435,-1.304,9.907,21.096,32.008,42.502,52.45,61.73,70.229,77.848
18,2025-10-30 01:32:28,executed,90.0,89.2905,87.1648,83.6702,78.8805,72.8837,65.783,57.6946,48.745,39.079,28.8509,18.2195,7.3486,-3.606,-14.456,-25.068,-35.3197,-45.0935,-54.277,-62.766,-70.469,-77.307,-83.209,-88.11,-91.954,-94.7001,-96.319,-96.7905,-96.115,-94.305,-91.382,-87.377,-82.333,-76.299,-69.336,-61.512,-52.906,-43.601,-33.687,-23.264,-12.435,-1.304,9.907,21.096,32.008,42.502,52.45,61.73,70.229,77.848
18,2025-10-30 01:33:41,proposed,56.568542,63.2,69.0,73.73,77.33,79.75,80.96,80.96,79.75,77.33,73.73,69.0,63.2,56.568542,49.19,41.11,32.4,23.15,13.45,3.39,-6.8,-17.0,-27.0,-36.6,-45.6,-53.8,-61.2,-67.6,-72.9,-77.0,-79.9,-81.5,-81.8,-80.8,-78.5,-74.9,-70.0,-63.9,-56.6,-48.2,-38.8,-28.5,-17.4,-5.6,6.7,19.4,32.0,44.0,55.0,64.8
19,2025-10-30 01:34:21,executed,56.568542,63.2,69.0,73.73,77.33,79.75,80.96,80.96,79.75,77.33,73.73,69.0,63.2,56.568542,49.19,41.11,32.4,23.15,13.45,3.39,-6.8,-17.0,-27.0,-36.6,-45.6,-53.8,-61.2,-67.6,-72.9,-77.0,-79.9,-81.5,-81.8,-80.8,-78.5,-74.9,-70.0,-63.9,-56.6,-48.2,-38.8,-28.5,-17.4,-5.6,6.7,19.4,32.0,44.0,55.0,64.8
19,2025-10-30 01:35:03,proposed,0.0,8.9009,17.4005,25.3908,32.7876,39.5165,45.5099,50.6997,55.0298,58.4526,60.9298,62.4338,62.9472,62.463,61.0039,58.5997,55.2899,51.123,46.155,40.4503,34.0805,27.123,19.6593,11.7744,0.0,-11.7743,-19.6592,-27.1229,-34.0804,-40.4502,-46.1549,-51.1229,-55.2898,-58.5996,-61.0038,-62.4629,-62.9471,-62.4337,-60.9297,-58.4525,-55.0297,-50.6996,-45.5098,-39.5164,-32.7875,-25.3907,-17.4004,-8.9008,0.0,0.0
20,2025-10-30 01:35:43,executed,0.0,8.9009,17.4005,25.3908,32.7876,39.5165,45.5099,50.6997,55.0298,58.4526,60.9298,62.4338,62.9472,62.463,61.0039,58.5997,55.2899,51.123,46.155,40.4503,34.0805,27.123,19.6593,11.7744,0.0,-11.7743,-19.6592,-27.1229,-34.0804,-40.4502,-46.1549,-51.1229,-55.2898,-58.5996,-61.0038,-62.4629,-62.9471,-62.4337,-60.9297,-58.4525,-55.0297,-50.6996,-45.5098,-39.5164,-32.7875,-25.3907,-17.4004,-8.9008,0.0,0.0
20,2025-10-30 01:36:44,proposed,0.0,12.6056,24.869,36.4678,47.2809,57.2001,66.129,73.9749,80.6528,86.089,90.2136,93.0617,94.6738,95.1009,94.3987,92.6309,89.8767,86.2223,81.761,76.5926,70.8241,64.5694,57.9472,51.079,44.088,37.098,30.231,23.606,17.348,11.569,6.376,1.868,-1.868,-6.376,-11.569,-17.348,-23.606,-30.231,-37.098,-44.088,-51.079,-57.9472,-64.5694,-70.8241,-76.5926,-81.761,-86.2223,-89.8767,-92.6309,-94.3987
21,2025-10-30 01:37:24,executed,0.0,12.6056,24.869,36.4678,47.2809,57.2001,66.129,73.9749,80.6528,86.089,90.2136,93.0617,94.6738,95.1009,94.3987,92.6309,89.8767,86.2223,81.761,76.5926,70.8241,64.5694,57.9472,51.079,44.088,37.098,30.231,23.606,17.348,11.569,6.376,1.868,-1.868,-6.376,-11.569,-17.348,-23.606,-30.231,-37.098,-44.088,-51.079,-57.9472,-64.5694,-70.8241,-76.5926,-81.761,-86.2223,-89.8767,-92.6309,-94.3987
21,2025-10-30 01:38:11,proposed,70.0,69.56475681,68.26760015,66.12648585,63.16788258,59.42621453,54.94396009,49.76997099,43.95995449,37.57597148,30.68596667,23.36496667,15.69296667,7.75496667,-0.3,-8.4,-16.39999999,-24.19999999,-31.69999999,-38.8,-45.4,-51.4,-56.7,-61.2,-64.8,-67.4,-68.9,-69.3,-68.5,-66.5,-63.3,-59.0,-53.5,-46.9,-39.3,-30.7,-21.2,-10.9,-0.0,11.4,23.2,35.2,47.2,59.0,70.4,81.2,91.2,100.2,108.0,114.4
22,2025-10-30 01:38:51,executed,70.0,69.56475681,68.26760015,66.12648585,63.16788258,59.42621453,54.94396009,49.76997099,43.95995449,37.57597148,30.68596667,23.36496667,15.69296667,7.75496667,-0.3,-8.4,-16.39999999,-24.19999999,-31.69999999,-38.8,-45.4,-51.4,-56.7,-61.2,-64.8,-67.4,-68.9,-69.3,-68.5,-66.5,-63.3,-59.0,-53.5,-46.9,-39.3,-30.7,-21.2,-10.9,-0.0,11.4,23.2,35.2,47.2,59.0,70.4,81.2,91.2,100.2,108.0,114.4
22,2025-10-30 01:39:49,proposed,70.0,69.117181,66.471018,62.133292,56.196903,48.774903,39.999999,30.013093,19.05583,7.371373,-4.729226,-16.518684,-27.674989,-37.954602,-47.13524,-55.011883,-61.40243,-66.155779,-69.15783,-70.320078,-69.585507,-66.92484,-62.34327,-55.87059,-47.552825,-37.460659,-25.68067,-12.316885,2.371373,17.95583,33.674989,48.818684,62.629226,74.371373,83.35583,89.013093,91.0,89.013093,83.35583,74.371373,62.629226,48.818684,33.674989,17.95583,2.371373,-12.316885,-25.68067,-37.460659,-47.552825,-55.87059
23,2025-10-30 01:40:29,executed,70.0,69.117181,66.471018,62.133292,56.196903,48.774903,39.999999,30.013093,19.05583,7.371373,-4.729226,-16.518684,-27.674989,-37.954602,-47.13524,-55.011883,-61.40243,-66.155779,-69.15783,-70.320078,-69.585507,-66.92484,-62.34327,-55.87059,-47.552825,-37.460659,-25.68067,-12.316885,2.371373,17.95583,33.674989,48.818684,62.629226,74.371373,83.35583,89.013093,91.0,89.013093,83.35583,74.371373,62.629226,48.818684,33.674989,17.95583,2.371373,-12.316885,-25.68067,-37.460659,-47.552825,-55.87059
23,2025-10-30 01:41:15,proposed,0.0,15.895,30.9017,44.088,54.7478,62.3611,66.5866,67.2966,64.5694,58.6533,50.0,39.018,26.2023,12.0615,-2.0408,-15.895,-29.0177,-40.6737,-50.0,-56.4026,-59.5492,-59.2982,-55.6679,-48.7851,-38.8918,-26.4194,-12.0615,2.0408,15.895,29.0177,40.6737,50.0,56.4026,59.5492,59.2982,55.6679,48.7851,38.8918,26.4194,12.0615,-2.0408,-15.895,-29.0177,-40.6737,-50.0,-56.4026,-59.5492,-59.2982,-55.6679,-48.7851
24,2025-10-30 01:41:55,executed,0.0,15.895,30.9017,44.088,54.7478,62.3611,66.5866,67.2966,64.5694,58.6533,50.0,39.018,26.2023,12.0615,-2.0408,-15.895,-29.0177,-40.6737,-50.0,-56.4026,-59.5492,-59.2982,-55.6679,-48.7851,-38.8918,-26.4194,-12.0615,2.0408,15.895,29.0177,40.6737,50.0,56.4026,59.5492,59.2982,55.6679,48.7851,38.8918,26.4194,12.0615,-2.0408,-15.895,-29.0177,-40.6737,-50.0,-56.4026,-59.5492,-59.2982,-55.6679,-48.7851
24,2025-10-30 01:43:00,proposed,100.0,99.211776,96.858315,92.999999,87.720815,81.120757,73.315104,64.420787,54.564855,43.879155,32.49197,20.534199,8.139683,-4.436666,-17.000001,-29.389262,-41.460838,-53.080508,-64.120757,-74.466066,-84.019185,-92.697486,-100.0,-100.0,-92.697486,-84.019185,-74.466066,-64.120757,-53.080508,-41.460838,-29.389262,-17.000001,-4.436666,8.139683,20.534199,32.49197,43.879155,54.564855,64.420787,73.315104,81.120757,87.720815,92.999999,96.858315,99.211776,100.0,99.211776,96.858315,92.999999,87.720815
25,2025-10-30 01:43:40,executed,100.0,99.211776,96.858315,92.999999,87.720815,81.120757,73.315104,64.420787,54.564855,43.879155,32.49197,20.534199,8.139683,-4.436666,-17.000001,-29.389262,-41.460838,-53.080508,-64.120757,-74.466066,-84.019185,-92.697486,-100.0,-100.0,-92.697486,-84.019185,-74.466066,-64.120757,-53.080508,-41.460838,-29.389262,-17.000001,-4.436666,8.139683,20.534199,32.49197,43.879155,54.564855,64.420787,73.315104,81.120757,87.720815,92.999999,96.858315,99.211776,100.0,99.211776,96.858315,92.999999,87.720815
25,2025-10-30 01:44:32,proposed,70.0,69.4265714392437,67.71263158097868,64.8967520005703,61.0305091763139,56.18706346261595,50.44903584992997,43.91039868726584,36.67504368565557,28.85764835467385,20.58220021665484,11.97298642953684,3.153922639190123,-5.700140228020624,-14.45601170796336,-22.98064953760375,-31.15006093539956,-38.84885061699979,-45.96979603092143,-52.41728135815616,-58.10097728639257,-62.94676571263158,-66.8876403063814,-69.8637170139965,-70.0,-69.8637170139965,-66.8876403063814,-62.94676571263158,-58.10097728639257,-52.41728135815616,-45.96979603092143,-38.84885061699979,-31.15006093539956,-22.98064953760375,-14.45601170796336,-5.700140228020624,3.153922639190123,11.97298642953684,20.58220021665484,28.85764835467385,36.67504368565557,43.91039868726584,50.44903584992997,56.18706346261595,61.0305091763139,64.8967520005703,67.71263158097868,69.4265714392437,70.0,70.0
26,2025-10-30 01:45:12,executed,70.0,69.4265714392437,67.71263158097868,64.8967520005703,61.0305091763139,56.18706346261595,50.44903584992997,43.91039868726584,36.67504368565557,28.85764835467385,20.58220021665484,11.97298642953684,3.153922639190123,-5.700140228020624,-14.45601170796336,-22.98064953760375,-31.15006093539956,-38.84885061699979,-45.96979603092143,-52.41728135815616,-58.10097728639257,-62.94676571263158,-66.8876403063814,-69.8637170139965,-70.0,-69.8637170139965,-66.8876403063814,-62.94676571263158,-58.10097728639257,-52.41728135815616,-45.96979603092143,-38.84885061699979,-31.15006093539956,-22.98064953760375,-14.45601170796336,-5.700140228020624,3.153922639190123,11.97298642953684,20.58220021665484,28.85764835467385,36.67504368565557,43.91039868726584,50.44903584992997,56.18706346261595,61.0305091763139,64.8967520005703,67.71263158097868,69.4265714392437,70.0,70.0
26,2025-10-30 01:46:30,proposed,0.0,14.31291845144212,28.13886561014166,40.99965154378824,52.54477817478056,62.46306698940866,70.4900593457002,76.4060604130096,79.99999999999999,81.1070502283733,79.6001047713405,75.4190799443653,68.6046036814392,59.22744793674686,47.4891007775986,33.6190479102573,17.95759145618584,0.865742784534791,-16.48450123533966,-33.00336214828139,-48.06847285149315,-61.1070502283733,-71.6966606028469,-79.59999999999998,-84.6094622081829,-86.60254037844386,-85.6088806281781,-81.7088927891823,-75.0,-65.6989189308369,-54.0298066597148,-40.2796191636173,-24.77477817478056,-7.87679809968846,9.77884809831776,27.01348877546747,43.19965154378824,57.77358702758254,70.3105001718105,80.42257949219602,87.7785203395729,92.12648508544063,93.30127018922194,91.2001047713405,85.8088806281781,77.2542508731526,65.73,51.4900593457002,34.86574278453479,16.2070502283733
27,2025-10-30 01:47:10,executed,0.0,14.31291845144212,28.13886561014166,40.99965154378824,52.54477817478056,62.46306698940866,70.4900593457002,76.4060604130096,79.99999999999999,81.1070502283733,79.6001047713405,75.4190799443653,68.6046036814392,59.22744793674686,47.4891007775986,33.6190479102573,17.95759145618584,0.865742784534791,-16.48450123533966,-33.00336214828139,-48.06847285149315,-61.1070502283733,-71.6966606028469,-79.59999999999998,-84.6094622081829,-86.60254037844386,-85.6088806281781,-81.7088927891823,-75.0,-65.6989189308369,-54.0298066597148,-40.2796191636173,-24.77477817478056,-7.87679809968846,9.77884809831776,27.01348877546747,43.19965154378824,57.77358702758254,70.3105001718105,80.42257949219602,87.7785203395729,92.12648508544063,93.30127018922194,91.2001047713405,85.8088806281781,77.2542508731526,65.73,51.4900593457002,34.86574278453479,16.2070502283733
27,2025-10-30 01:47:57,proposed,0.0,12.53332335643045,24.86898858203057,36.81246066802613,48.17536742510344,58.77852522924731,68.45471059441118,77.0402861616053,84.38539103595996,90.3540003009033,94.82500000000002,97.70000000000002,98.9,98.3540003009033,96.00000000000001,91.80000000000001,85.80000000000001,78.00000000000001,68.50000000000001,57.400000000000006,44.800000000000004,30.900000000000002,15.900000000000002,0.0,-15.900000000000002,-30.900000000000002,-44.800000000000004,-57.400000000000006,-68.50000000000001,-78.00000000000001,-85.80000000000001,-91.80000000000001,-96.00000000000001,-98.3540003009033,-98.9,-97.70000000000002,-94.82500000000002,-90.3540003009033,-84.38539103595996,-77.0402861616053,-68.45471059441118,-58.77852522924731,-48.17536742510344,-36.81246066802613,-24.86898858203057,-12.53332335643045,-0.0,12.53332335643045,24.86898858203057,36.81246066802613
28,2025-10-30 01:48:37,executed,0.0,12.53332335643045,24.86898858203057,36.81246066802613,48.17536742510344,58.77852522924731,68.45471059441118,77.0402861616053,84.38539103595996,90.3540003009033,94.82500000000002,97.70000000000002,98.9,98.3540003009033,96.00000000000001,91.80000000000001,85.80000000000001,78.00000000000001,68.50000000000001,57.400000000000006,44.800000000000004,30.900000000000002,15.900000000000002,0.0,-15.900000000000002,-30.900000000000002,-44.800000000000004,-57.400000000000006,-68.50000000000001,-78.00000000000001,-85.80000000000001,-91.80000000000001,-96.00000000000001,-98.3540003009033,-98.9,-97.70000000000002,-94.82500000000002,-90.3540003009033,-84.38539103595996,-77.0402861616053,-68.45471059441118,-58.77852522924731,-48.17536742510344,-36.81246066802613,-24.86898858203057,-12.53332335643045,-0.0,12.53332335643045,24.86898858203057,36.81246066802613
28,2025-10-30 01:49:23,proposed,80.0,79.3432,77.376,74.1311,69.6672,64.0534,57.3704,49.7107,41.1764,31.8808,21.947,11.507,0.6923,-10.208,-20.803,-30.9804,-40.638,-49.679,-58.012,-65.553,-72.223,-77.949,-82.666,-86.319,-88.86,-90.246,-90.444,-89.435,-87.21,-83.78,-79.17,-73.41,-66.54,-58.61,-49.68,-39.82,-29.11,-17.63,-5.48,7.21,19.95,32.5,44.6,56.0,66.5,75.9,84.0,90.7,95.9,99.5
29,2025-10-30 01:50:03,executed,80.0,79.3432,77.376,74.1311,69.6672,64.0534,57.3704,49.7107,41.1764,31.8808,21.947,11.507,0.6923,-10.208,-20.803,-30.9804,-40.638,-49.679,-58.012,-65.553,-72.223,-77.949,-82.666,-86.319,-88.86,-90.246,-90.444,-89.435,-87.21,-83.78,-79.17,-73.41,-66.54,-58.61,-49.68,-39.82,-29.11,-17.63,-5.48,7.21,19.95,32.5,44.6,56.0,66.5,75.9,84.0,90.7,95.9,99.5
29,2025-10-30 01:51:31,proposed,50.0,47.959184,45.918367,43.877551,41.836735,39.795918,37.755102,35.714286,33.673469,31.632653,29.591837,27.55102,25.510204,23.469388,21.428571,19.387755,17.346939,15.306122,13.265306,11.22449,9.183673,7.142857,5.102041,3.061224,1.020408,-1.020408,-3.061224,-5.102041,-7.142857,-9.183673,-11.22449,-13.265306,-15.306122,-17.346939,-19.387755,-21.428571,-23.469388,-25.510204,-27.55102,-29.591837,-31.632653,-33.673469,-35.714286,-37.755102,-39.795918,-41.836735,-43.877551,-45.918367,-47.959184,-50.0
30,2025-10-30 01:52:11,executed,50.0,47.959184,45.918367,43.877551,41.836735,39.795918,37.755102,35.714286,33.673469,31.632653,29.591837,27.55102,25.510204,23.469388,21.428571,19.387755,17.346939,15.306122,13.265306,11.22449,9.183673,7.142857,5.102041,3.061224,1.020408,-1.020408,-3.061224,-5.102041,-7.142857,-9.183673,-11.22449,-13.265306,-15.306122,-17.346939,-19.387755,-21.428571,-23.469388,-25.510204,-27.55102,-29.591837,-31.632653,-33.673469,-35.714286,-37.755102,-39.795918,-41.836735,-43.877551,-45.918367,-47.959184,-50.0
30,2025-10-30 01:52:52,proposed,100.0,99.1727,96.7028,92.6841,87.2014,80.3698,72.3242,63.2166,53.2177,42.4967,31.2299,19.5925,7.757,-4.1039,-15.8696,-27.309,-38.3015,-48.7303,-58.4899,-67.478,-75.5996,-82.766,-88.8999,-93.9286,-97.7896,-99.7093,-99.7093,-97.7896,-93.9286,-88.8999,-82.766,-75.5996,-67.478,-58.4899,-48.7303,-38.3015,-27.309,-15.8696,-4.1039,7.757,19.5925,31.2299,42.4967,53.2177,63.2166,72.3242,80.3698,87.2014,92.6841,96.7028
31,2025-10-30 01:53:32,executed,100.0,99.1727,96.7028,92.6841,87.2014,80.3698,72.3242,63.2166,53.2177,42.4967,31.2299,19.5925,7.757,-4.1039,-15.8696,-27.309,-38.3015,-48.7303,-58.4899,-67.478,-75.5996,-82.766,-88.8999,-93.9286,-97.7896,-99.7093,-99.7093,-97.7896,-93.9286,-88.8999,-82.766,-75.5996,-67.478,-58.4899,-48.7303,-38.3015,-27.309,-15.8696,-4.1039,7.757,19.5925,31.2299,42.4967,53.2177,63.2166,72.3242,80.3698,87.2014,92.6841,96.7028
31,2025-10-30 01:54:25,proposed,0.0,12.12450892015505,24.00465360408587,35.40578854407887,46.20042457813083,56.27648324430485,65.5385611413158,73.9022648792275,81.2989436402447,87.6756857949581,92.9863868677465,97.2033664720164,99.99999999999999,99.99999999999999,97.2033664720164,92.9863868677465,87.6756857949581,81.2989436402447,73.9022648792275,65.5385611413158,56.27648324430485,46.20042457813083,35.40578854407887,24.00465360408587,12.12450892015505,0.0,-12.12450892015505,-24.00465360408587,-35.40578854407887,-46.20042457813083,-56.27648324430485,-65.5385611413158,-73.9022648792275,-81.2989436402447,-87.6756857949581,-92.9863868677465,-97.2033664720164,-99.99999999999999,-99.99999999999999,-97.2033664720164,-92.9863868677465,-87.6756857949581,-81.2989436402447,-73.9022648792275,-65.5385611413158,-56.27648324430485,-46.20042457813083,-35.40578854407887,-24.00465360408587,-12.12450892015505
32,2025-10-30 01:55:05,executed,0.0,12.12450892015505,24.00465360408587,35.40578854407887,46.20042457813083,56.27648324430485,65.5385611413158,73.9022648792275,81.2989436402447,87.6756857949581,92.9863868677465,97.2033664720164,99.99999999999999,99.99999999999999,97.2033664720164,92.9863868677465,87.6756857949581,81.2989436402447,73.9022648792275,65.5385611413158,56.27648324430485,46.20042457813083,35.40578854407887,24.00465360408587,12.12450892015505,0.0,-12.12450892015505,-24.00465360408587,-35.40578854407887,-46.20042457813083,-56.27648324430485,-65.5385611413158,-73.9022648792275,-81.2989436402447,-87.6756857949581,-92.9863868677465,-97.2033664720164,-99.99999999999999,-99.99999999999999,-97.2033664720164,-92.9863868677465,-87.6756857949581,-81.2989436402447,-73.9022648792275,-65.5385611413158,-56.27648324430485,-46.20042457813083,-35.40578854407887,-24.00465360408587,-12.12450892015505
32,2025-10-30 01:56:13,proposed,80.0,79.3445,77.3821,74.1539,69.7202,64.1539,57.5405,50.0,41.66,32.6102,22.95,12.7937,2.26,-8.57,-19.5,-29.99,-39.71,-48.5,-56.2,-62.6,-67.6,-71.1,-73.1,-73.6,-72.6,-70.1,-66.2,-60.9,-54.3,-46.5,-37.6,-27.8,-17.2,-6.0,5.5,17.2,28.6,39.4,49.3,58.1,65.7,71.9,76.6,79.7,79.92,79.28,76.72,71.92,63.76,80.0
33,2025-10-30 01:56:53,executed,80.0,79.3445,77.3821,74.1539,69.7202,64.1539,57.5405,50.0,41.66,32.6102,22.95,12.7937,2.26,-8.57,-19.5,-29.99,-39.71,-48.5,-56.2,-62.6,-67.6,-71.1,-73.1,-73.6,-72.6,-70.1,-66.2,-60.9,-54.3,-46.5,-37.6,-27.8,-17.2,-6.0,5.5,17.2,28.6,39.4,49.3,58.1,65.7,71.9,76.6,79.7,79.92,79.28,76.72,71.92,63.76,80.0
33,2025-10-30 01:57:49,proposed,80.0,79.8808,79.5248,78.934,78.1107,77.0577,75.7782,74.2758,72.5542,70.6174,68.4701,66.1169,63.563,60.814,57.876,54.7554,51.459,47.994,44.3676,40.5874,36.661,32.5964,28.4018,24.0858,19.657,15.1246,10.498,5.786,0.998,-3.864,-8.788,-13.666,-18.49,-23.252,-27.944,-32.558,-37.086,-41.52,-45.852,-50.074,-54.178,-58.156,-61.999,-65.701,-69.253,-72.648,-75.878,-78.934,-80.0,-78.934
34,2025-10-30 01:58:29,executed,80.0,79.8808,79.5248,78.934,78.1107,77.0577,75.7782,74.2758,72.5542,70.6174,68.4701,66.1169,63.563,60.814,57.876,54.7554,51.459,47.994,44.3676,40.5874,36.661,32.5964,28.4018,24.0858,19.657,15.1246,10.498,5.786,0.998,-3.864,-8.788,-13.666,-18.49,-23.252,-27.944,-32.558,-37.086,-41.52,-45.852,-50.074,-54.178,-58.156,-61.999,-65.701,-69.253,-72.648,-75.878,-78.934,-80.0,-78.934
34,2025-10-30 01:59:03,proposed,0.0,3.179459037305943,6.319777977789438,9.39294065662118,12.36195708892497,15.19097486897175,17.84620027732007,20.29590407137837,22.51069502905471,24.46369062088894,26.13098375997233,27.49168936998493,28.52809022699049,29.22543900932822,29.57199433604928,29.56066708605333,29.1900213702167,28.46467385208944,27.39343940192801,25.98906963471112,24.26768307252251,22.250550503070407,19.95995206680459,17.419999999999998,14.65681766318464,11.697777977789437,8.57199433604928,5.308090226990491,1.9359040713783704,-1.5090251310282503,-4.90204291107503,-8.19394065662118,-11.355777977789439,-14.359459037305943,-17.17768307252251,-19.78467385208944,-22.1560213702167,-24.26766708605333,-26.10043900932822,-27.63709022699049,-28.86298375997233,-29.76669062088894,-30.34069502905471,-30.57920027732007,-30.48097486897175,-30.04795708892497,-29.28494065662118,-28.20077797778944,-26.807459037305943,-25.119
35,2025-10-30 01:59:43,executed,0.0,3.179459037305943,6.319777977789438,9.39294065662118,12.36195708892497,15.19097486897175,17.84620027732007,20.29590407137837,22.51069502905471,24.46369062088894,26.13098375997233,27.49168936998493,28.52809022699049,29.22543900932822,29.57199433604928,29.56066708605333,29.1900213702167,28.46467385208944,27.39343940192801,25.98906963471112,24.26768307252251,22.250550503070407,19.95995206680459,17.419999999999998,14.65681766318464,11.697777977789437,8.57199433604928,5.308090226990491,1.9359040713783704,-1.5090251310282503,-4.90204291107503,-8.19394065662118,-11.355777977789439,-14.359459037305943,-17.17768307252251,-19.78467385208944,-22.1560213702167,-24.26766708605333,-26.10043900932822,-27.63709022699049,-28.86298375997233,-29.76669062088894,-30.34069502905471,-30.57920027732007,-30.48097486897175,-30.04795708892497,-29.28494065662118,-28.20077797778944,-26.807459037305943,-25.119
35,2025-10-30 02:00:47,proposed,90.0,89.9213,89.6853,89.2934,88.7471,88.0483,87.199,86.2016,85.0589,83.7739,82.3497,80.7997,79.1373,77.376,75.5295,73.6115,71.6359,69.6167,67.5678,65.4997,63.4239,61.352,59.2954,57.2654,55.273,53.329,51.444,49.6289,47.8944,46.251,44.709,43.278,41.967,40.784,39.736,38.83,38.072,37.467,37.02,36.735,36.617,36.67,36.9,37.31,37.902,38.68,39.646,40.803,42.153,43.697
36,2025-10-30 02:01:27,executed,90.0,89.9213,89.6853,89.2934,88.7471,88.0483,87.199,86.2016,85.0589,83.7739,82.3497,80.7997,79.1373,77.376,75.5295,73.6115,71.6359,69.6167,67.5678,65.4997,63.4239,61.352,59.2954,57.2654,55.273,53.329,51.444,49.6289,47.8944,46.251,44.709,43.278,41.967,40.784,39.736,38.83,38.072,37.467,37.02,36.735,36.617,36.67,36.9,37.31,37.902,38.68,39.646,40.803,42.153,43.697
36,2025-10-30 02:03:05,proposed,0.0,5.0,10.0,15.0,20.0,25.0,30.0,35.0,40.0,45.0,50.0,55.0,60.0,55.2,50.4,45.6,40.8,36.0,31.2,26.4,21.6,16.8,12.0,7.2,2.4,-2.4,-7.2,-12.0,-16.8,-21.6,-26.4,-31.2,-36.0,-40.8,-45.6,-50.4,-55.2,-60.0,-55.0,-50.0,-45.0,-40.0,-35.0,-30.0,-25.0,-20.0,-15.0,-10.0,-5.0,0.0
37,2025-10-30 02:03:45,executed,0.0,5.0,10.0,15.0,20.0,25.0,30.0,35.0,40.0,45.0,50.0,55.0,60.0,55.2,50.4,45.6,40.8,36.0,31.2,26.4,21.6,16.8,12.0,7.2,2.4,-2.4,-7.2,-12.0,-16.8,-21.6,-26.4,-31.2,-36.0,-40.8,-45.6,-50.4,-55.2,-60.0,-55.0,-50.0,-45.0,-40.0,-35.0,-30.0,-25.0,-20.0,-15.0,-10.0,-5.0,0.0
37,2025-10-30 02:04:48,proposed,100.0,99.1802,96.7356,92.776,87.3917,80.6976,72.8228,63.8966,54.053,43.4302,32.1749,20.4394,8.3795,-3.737,-15.7001,-27.243,-38.2016,-48.4988,-58.067,-66.837,-74.747,-81.7432,-87.779,-92.8166,-96.8279,-99.7945,-100.0,-99.7945,-96.8279,-92.8166,-87.779,-81.7432,-74.747,-66.837,-58.067,-48.4988,-38.2016,-27.243,-15.7001,-3.737,8.3795,20.4394,32.1749,43.4302,54.053,63.8966,72.8228,80.6976,87.3917,92.776
38,2025-10-30 02:05:28,executed,100.0,99.1802,96.7356,92.776,87.3917,80.6976,72.8228,63.8966,54.053,43.4302,32.1749,20.4394,8.3795,-3.737,-15.7001,-27.243,-38.2016,-48.4988,-58.067,-66.837,-74.747,-81.7432,-87.779,-92.8166,-96.8279,-99.7945,-100.0,-99.7945,-96.8279,-92.8166,-87.779,-81.7432,-74.747,-66.837,-58.067,-48.4988,-38.2016,-27.243,-15.7001,-3.737,8.3795,20.4394,32.1749,43.4302,54.053,63.8966,72.8228,80.6976,87.3917,92.776
38,2025-10-30 02:06:12,proposed,0.0,13.091,25.666,36.914,46.069,52.597,56.126,56.467,53.606,47.702,39.066,28.093,15.246,1.054,-13.091,-25.666,-36.914,-46.069,-52.597,-56.126,-56.467,-53.606,-47.702,-39.066,-28.093,-15.246,-1.054,13.091,25.666,36.914,46.069,52.597,56.126,56.467,53.606,47.702,39.066,28.093,15.246,1.054,-13.091,-25.666,-36.914,-46.069,-52.597,-56.126,-56.467,-53.606,-47.702,-39.066
39,2025-10-30 02:06:52,executed,0.0,13.091,25.666,36.914,46.069,52.597,56.126,56.467,53.606,47.702,39.066,28.093,15.246,1.054,-13.091,-25.666,-36.914,-46.069,-52.597,-56.126,-56.467,-53.606,-47.702,-39.066,-28.093,-15.246,-1.054,13.091,25.666,36.914,46.069,52.597,56.126,56.467,53.606,47.702,39.066,28.093,15.246,1.054,-13.091,-25.666,-36.914,-46.069,-52.597,-56.126,-56.467,-53.606,-47.702,-39.066
39,2025-10-30 02:08:23,proposed,10.8715,10.8715,10.8715,10.8715,10.8715,10.8715,10.8715,3.4621,12.5336,21.6051,30.6766,39.7481,48.8196,57.8911,66.9626,76.0341,85.1056,94.1771,99.4184,93.1837,86.949,80.7143,74.4796,68.2449,62.0102,55.7755,49.5408,43.3061,37.0714,30.8367,24.602,18.3673,12.1327,5.898,-0.3367,-6.5714,-12.8061,-19.0408,-25.2755,-31.5102,-37.7449,-43.9796,-50.2143,-56.449,-62.6837,-68.9184,-75.1531,-81.3878,-87.6224,-93.8571
40,2025-10-30 02:09:03,executed,10.8715,10.8715,10.8715,10.8715,10.8715,10.8715,10.8715,3.4621,12.5336,21.6051,30.6766,39.7481,48.8196,57.8911,66.9626,76.0341,85.1056,94.1771,99.4184,93.1837,86.949,80.7143,74.4796,68.2449,62.0102,55.7755,49.5408,43.3061,37.0714,30.8367,24.602,18.3673,12.1327,5.898,-0.3367,-6.5714,-12.8061,-19.0408,-25.2755,-31.5102,-37.7449,-43.9796,-50.2143,-56.449,-62.6837,-68.9184,-75.1531,-81.3878,-87.6224,-93.8571
40,2025-10-30 02:09:42,proposed,0.0,7.604100000000001,15.0489,22.2559,29.1477,35.6477,41.6806,47.173,52.0538,56.254,59.7077,62.3526,64.1396,65.0242,64.9678,63.9406,61.928,58.922,54.9205,49.937,43.999,37.1408,29.401,20.822,11.449,1.332,-9.096,-19.664,-29.296,-37.928,-45.504,-51.976,-57.304,-61.456,-64.416,-66.176,-66.736,-66.104,-64.296,-61.336,-57.256,-52.104,-45.936,-38.816,-30.816,-21.992,-12.424,-2.192,8.488,19.328
41,2025-10-30 02:10:22,executed,0.0,7.604100000000001,15.0489,22.2559,29.1477,35.6477,41.6806,47.173,52.0538,56.254,59.7077,62.3526,64.1396,65.0242,64.9678,63.9406,61.928,58.922,54.9205,49.937,43.999,37.1408,29.401,20.822,11.449,1.332,-9.096,-19.664,-29.296,-37.928,-45.504,-51.976,-57.304,-61.456,-64.416,-66.176,-66.736,-66.104,-64.296,-61.336,-57.256,-52.104,-45.936,-38.816,-30.816,-21.992,-12.424,-2.192,8.488,19.328
41,2025-10-30 02:11:23,proposed,0.0,11.18967909062029,22.18967909062029,32.89893077960627,43.22026850400827,53.06,62.32967909062029,70.94693077960628,78.83493077960627,85.92293077960628,92.14493077960627,97.43967909062029,101.7596790906203,105.05967909062029,107.30967909062029,108.48967909062029,108.5896790906203,107.59967909062028,105.52967909062029,102.3996790906203,98.2296790906203,92.99967909062029,86.73967909062029,79.48967909062029,71.29967909062029,62.23967909062029,52.37967909062029,41.79967909062029,30.59967909062029,18.88967909062029,6.78967909062029,-5.67032090937971,-18.49032090937971,-31.57032090937971,-44.81032090937971,-58.11032090937971,-71.37032090937971,-84.50032090937971,-97.40032090937972,-110.00032090937971,-122.20032090937971,-133.9003209093797,-145.00032090937972,-155.4003209093797,-165.00032090937972,-173.8003209093797,-181.7003209093797,-188.60032090937972,-194.4003209093797,-199.00032090937972
42,2025-10-30 02:12:03,executed,0.0,11.18967909062029,22.18967909062029,32.89893077960627,43.22026850400827,53.06,62.32967909062029,70.94693077960628,78.83493077960627,85.92293077960628,92.14493077960627,97.43967909062029,101.7596790906203,105.05967909062029,107.30967909062029,108.48967909062029,108.5896790906203,107.59967909062028,105.52967909062029,102.3996790906203,98.2296790906203,92.99967909062029,86.73967909062029,79.48967909062029,71.29967909062029,62.23967909062029,52.37967909062029,41.79967909062029,30.59967909062029,18.88967909062029,6.78967909062029,-5.67032090937971,-18.49032090937971,-31.57032090937971,-44.81032090937971,-58.11032090937971,-71.37032090937971,-84.50032090937971,-97.40032090937972,-110.00032090937971,-122.20032090937971,-133.9003209093797,-145.00032090937972,-155.4003209093797,-165.00032090937972,-173.8003209093797,-181.7003209093797,-188.60032090937972,-194.4003209093797,-199.00032090937972
42,2025-10-30 02:13:09,proposed,50.0,49.8797,49.5191,48.9197,48.084,47.015,45.7164,44.1923,42.4475,40.4876,38.3187,35.9478,33.382,30.6302,27.6999,24.599,21.335,17.9157,14.3501,10.6473,6.8166,2.8673,-1.1712,-5.3082,-9.5303,-13.824,-18.1758,-22.572,-27.0001,-31.4473,-35.9008,-40.3478,-44.7758,-49.172,-53.5238,-57.818,-62.0423,-66.184,-70.2312,-69.9999,-69.5191,-68.7909,-67.818,-66.604,-65.153,-63.469,-61.557,-59.422,-57.07,-54.507
43,2025-10-30 02:13:49,executed,50.0,49.8797,49.5191,48.9197,48.084,47.015,45.7164,44.1923,42.4475,40.4876,38.3187,35.9478,33.382,30.6302,27.6999,24.599,21.335,17.9157,14.3501,10.6473,6.8166,2.8673,-1.1712,-5.3082,-9.5303,-13.824,-18.1758,-22.572,-27.0001,-31.4473,-35.9008,-40.3478,-44.7758,-49.172,-53.5238,-57.818,-62.0423,-66.184,-70.2312,-69.9999,-69.5191,-68.7909,-67.818,-66.604,-65.153,-63.469,-61.557,-59.422,-57.07,-54.507
43,2025-10-30 02:14:45,proposed,90.0,89.2644,87.0673,83.4754,78.5701,72.4578,65.2599,57.0984,48.099,38.3899,28.1064,17.3898,6.3846,-4.7077,-15.7001,-26.4018,-36.631,-46.219,-55.0039,-62.8398,-69.6008,-75.1788,-79.4777,-82.4137,-83.9149,-83.9149,-82.4137,-79.4777,-75.1788,-69.6008,-62.8398,-55.0039,-46.219,-36.631,-26.4018,-15.7001,-4.7077,6.3846,17.3898,28.1064,38.3899,48.099,57.0984,65.2599,72.4578,78.5701,83.4754,87.0673,89.2644,90.0
44,2025-10-30 02:15:25,executed,90.0,89.2644,87.0673,83.4754,78.5701,72.4578,65.2599,57.0984,48.099,38.3899,28.1064,17.3898,6.3846,-4.7077,-15.7001,-26.4018,-36.631,-46.219,-55.0039,-62.8398,-69.6008,-75.1788,-79.4777,-82.4137,-83.9149,-83.9149,-82.4137,-79.4777,-75.1788,-69.6008,-62.8398,-55.0039,-46.219,-36.631,-26.4018,-15.7001,-4.7077,6.3846,17.3898,28.1064,38.3899,48.099,57.0984,65.2599,72.4578,78.5701,83.4754,87.0673,89.2644,90.0
44,2025-10-30 02:16:11,proposed,0.0,8.899999999999999,17.400499999999997,25.3908,32.7876,39.5165,45.5099,50.6997,55.0298,58.4526,60.9298,62.4338,62.9472,62.463,61.0039,58.5997,55.2899,51.123,46.155,40.4503,34.0805,27.123,19.6593,11.7744,3.5599999999999996,-3.5599999999999996,-11.7744,-19.6593,-27.123,-34.0805,-40.4503,-46.155,-51.123,-55.2899,-58.5997,-61.0039,-62.463,-62.9472,-62.4338,-60.9298,-58.4526,-55.0298,-50.6997,-45.5099,-39.5165,-32.7876,-25.3908,-17.400499999999997,-8.899999999999999,0.0
45,2025-10-30 02:16:51,executed,0.0,8.899999999999999,17.400499999999997,25.3908,32.7876,39.5165,45.5099,50.6997,55.0298,58.4526,60.9298,62.4338,62.9472,62.463,61.0039,58.5997,55.2899,51.123,46.155,40.4503,34.0805,27.123,19.6593,11.7744,3.5599999999999996,-3.5599999999999996,-11.7744,-19.6593,-27.123,-34.0805,-40.4503,-46.155,-51.123,-55.2899,-58.5997,-61.0039,-62.463,-62.9472,-62.4338,-60.9298,-58.4526,-55.0298,-50.6997,-45.5099,-39.5165,-32.7876,-25.3908,-17.400499999999997,-8.899999999999999,0.0
45,2025-10-30 02:17:44,proposed,80.0,79.832,79.33,78.502,77.355,75.897,74.138,72.086,69.75,67.14,64.268,61.146,57.786,54.199,50.398,46.395,42.203,37.835,33.304,28.624,23.809,18.873,13.83,8.694,3.478,-1.815,-7.102,-12.368,-17.601,-22.787,-27.914,-32.97,-37.943,-42.822,-47.596,-52.254,-56.786,-61.182,-65.432,-69.526,-73.455,-77.209,-80.0,-77.209,-73.455,-69.526,-65.432,-61.182,-56.786,-52.254
46,2025-10-30 02:18:24,executed,80.0,79.832,79.33,78.502,77.355,75.897,74.138,72.086,69.75,67.14,64.268,61.146,57.786,54.199,50.398,46.395,42.203,37.835,33.304,28.624,23.809,18.873,13.83,8.694,3.478,-1.815,-7.102,-12.368,-17.601,-22.787,-27.914,-32.97,-37.943,-42.822,-47.596,-52.254,-56.786,-61.182,-65.432,-69.526,-73.455,-77.209,-80.0,-77.209,-73.455,-69.526,-65.432,-61.182,-56.786,-52.254
46,2025-10-30 02:19:16,proposed,0.0,10.0,19.8863,29.4938,38.7206,47.4697,55.6413,63.1419,69.8829,75.7766,80.0,75.7766,69.8829,63.1419,55.6413,47.4697,38.7206,29.4938,19.8863,10.0,0.0,-10.0,-19.8863,-29.4938,-38.7206,-47.4697,-55.6413,-63.1419,-69.8829,-75.7766,-80.0,-75.7766,-69.8829,-63.1419,-55.6413,-47.4697,-38.7206,-29.4938,-19.8863,-10.0,0.0,10.0,19.8863,29.4938,38.7206,47.4697,55.6413,63.1419,69.8829,75.7766
47,2025-10-30 02:19:56,executed,0.0,10.0,19.8863,29.4938,38.7206,47.4697,55.6413,63.1419,69.8829,75.7766,80.0,75.7766,69.8829,63.1419,55.6413,47.4697,38.7206,29.4938,19.8863,10.0,0.0,-10.0,-19.8863,-29.4938,-38.7206,-47.4697,-55.6413,-63.1419,-69.8829,-75.7766,-80.0,-75.7766,-69.8829,-63.1419,-55.6413,-47.4697,-38.7206,-29.4938,-19.8863,-10.0,0.0,10.0,19.8863,29.4938,38.7206,47.4697,55.6413,63.1419,69.8829,75.7766
47,2025-10-30 02:20:51,proposed,80.075,65.675,52.075,39.275,27.275,16.075,5.675,-3.925,-12.725,-20.725,-27.925,-34.325,-39.925,-44.725,-48.725,-51.925,-54.325,-55.925,-56.725,-56.725,-55.925,-54.325,-51.925,-48.725,-44.725,-39.925,-34.325,-27.925,-20.725,-12.725,-3.925,5.675,16.075,27.275,39.275,52.075,65.675,80.075,95.275,111.275,128.075,145.675,164.075,183.275,203.275,224.075,245.675,268.075,291.275,315.275
48,2025-10-30 02:21:31,executed,80.075,65.675,52.075,39.275,27.275,16.075,5.675,-3.925,-12.725,-20.725,-27.925,-34.325,-39.925,-44.725,-48.725,-51.925,-54.325,-55.925,-56.725,-56.725,-55.925,-54.325,-51.925,-48.725,-44.725,-39.925,-34.325,-27.925,-20.725,-12.725,-3.925,5.675,16.075,27.275,39.275,52.075,65.675,80.075,95.275,111.275,128.075,145.675,164.075,183.275,203.275,224.075,245.675,268.075,291.275,315.275
48,2025-10-30 02:22:14,proposed,85.0,84.32050304721996,82.29070940010902,79.00414440536136,74.5708174574066,69.1310092700039,62.80283084666986,55.73180860802778,48.05040489950586,39.89230537330564,31.39080649721796,22.68010626083582,13.89070868884947,5.16110998990664,-3.460706229984954,-11.90050877983636,-20.03080649721796,-27.73180860802778,-34.90283084666986,-41.4310092700039,-47.2308174574066,-52.22414440536136,-56.33070940010903,-59.50050304721996,-61.69080649721796,-62.86180860802778,-62.99283084666986,-62.0710092700039,-60.1208174574066,-57.17414440536136,-53.27070940010903,-48.48050304721996,-42.87080649721796,-36.52180860802778,-29.52283084666986,-21.9610092700039,-13.9408174574066,-5.57414440536136,2.96070940010903,11.53050304721996,19.99080649721796,28.24180860802778,36.16283084666986,43.6310092700039,50.5508174574066,56.81414440536136,62.31070940010903,66.96050304721996,70.67080649721797,73.36180860802779
49,2025-10-30 02:22:54,executed,85.0,84.32050304721996,82.29070940010902,79.00414440536136,74.5708174574066,69.1310092700039,62.80283084666986,55.73180860802778,48.05040489950586,39.89230537330564,31.39080649721796,22.68010626083582,13.89070868884947,5.16110998990664,-3.460706229984954,-11.90050877983636,-20.03080649721796,-27.73180860802778,-34.90283084666986,-41.4310092700039,-47.2308174574066,-52.22414440536136,-56.33070940010903,-59.50050304721996,-61.69080649721796,-62.86180860802778,-62.99283084666986,-62.0710092700039,-60.1208174574066,-57.17414440536136,-53.27070940010903,-48.48050304721996,-42.87080649721796,-36.52180860802778,-29.52283084666986,-21.9610092700039,-13.9408174574066,-5.57414440536136,2.96070940010903,11.53050304721996,19.99080649721796,28.24180860802778,36.16283084666986,43.6310092700039,50.5508174574066,56.81414440536136,62.31070940010903,66.96050304721996,70.67080649721797,73.36180860802779
49,2025-10-30 02:23:52,proposed,0.0,12.5333,24.869,36.8125,48.1754,58.7785,68.4547,77.0403,84.3854,90.354,94.825,97.7,98.9,98.354,96.0,91.8,85.8,78.0,68.5,57.4,44.8,30.9,15.9,0.0,-15.9,-30.9,-44.8,-57.4,-68.5,-78.0,-85.8,-91.8,-96.0,-98.354,-98.9,-97.7,-94.825,-90.354,-84.3854,-77.0403,-68.4547,-58.7785,-48.1754,-36.8125,-24.869,-12.5333,-0.0,12.5333,24.869,36.8125
50,2025-10-30 02:24:32,executed,0.0,12.5333,24.869,36.8125,48.1754,58.7785,68.4547,77.0403,84.3854,90.354,94.825,97.7,98.9,98.354,96.0,91.8,85.8,78.0,68.5,57.4,44.8,30.9,15.9,0.0,-15.9,-30.9,-44.8,-57.4,-68.5,-78.0,-85.8,-91.8,-96.0,-98.354,-98.9,-97.7,-94.825,-90.354,-84.3854,-77.0403,-68.4547,-58.7785,-48.1754,-36.8125,-24.869,-12.5333,-0.0,12.5333,24.869,36.8125
50,2025-10-30 02:25:52,proposed,80.0,78.4719,73.9515,66.6961,56.994,45.1765,31.6066,16.6667,0.7415,-14.9387,-29.994,-43.9189,-56.3307,-66.8797,-75.253,-81.1897,-84.5003,-85.0,-82.5559,-77.1793,-68.9262,-57.9472,-44.506,-28.876,-11.376,7.0,25.0,42.0,57.0,70.0,80.0,87.0,91.0,92.0,90.0,85.0,77.0,66.0,52.0,35.0,15.0,-8.0,-33.0,-59.0,-86.0,-110.0,-110.0,-86.0,-59.0,-33.0
51,2025-10-30 02:26:32,executed,80.0,78.4719,73.9515,66.6961,56.994,45.1765,31.6066,16.6667,0.7415,-14.9387,-29.994,-43.9189,-56.3307,-66.8797,-75.253,-81.1897,-84.5003,-85.0,-82.5559,-77.1793,-68.9262,-57.9472,-44.506,-28.876,-11.376,7.0,25.0,42.0,57.0,70.0,80.0,87.0,91.0,92.0,90.0,85.0,77.0,66.0,52.0,35.0,15.0,-8.0,-33.0,-59.0,-86.0,-110.0,-110.0,-86.0,-59.0,-33.0
51,2025-10-30 02:27:13,proposed,60.0,59.88047913532726,59.52220173669145,58.92723055906236,58.0988003612503,57.04033096057863,55.75533157523555,54.24758778401397,52.52109313904943,50.58000554160416,48.42867597144799,46.07153673322479,43.51310151046908,40.7580665518063,37.81120002821369,34.67735399587637,31.36156711904797,27.86906282928574,24.20519398711475,20.37537985449222,16.38519658514949,12.24039757620356,7.946894050720445,3.510600371694998,-0.9984996000000002,-5.507436000000001,-9.998499600000002,-14.456363999999999,-18.866046,-23.212686,-27.481512,-31.65786,-35.72718,-39.675078,-43.48728,-47.15003,-50.65003,-53.97408,-57.11928,-60.07308,-59.88047913532726,-59.52220173669145,-58.92723055906236,-58.0988003612503,-57.04033096057863,-55.75533157523555,-54.24758778401397,-52.52109313904943,-50.58000554160416,-48.42867597144799
52,2025-10-30 02:27:53,executed,60.0,59.88047913532726,59.52220173669145,58.92723055906236,58.0988003612503,57.04033096057863,55.75533157523555,54.24758778401397,52.52109313904943,50.58000554160416,48.42867597144799,46.07153673322479,43.51310151046908,40.7580665518063,37.81120002821369,34.67735399587637,31.36156711904797,27.86906282928574,24.20519398711475,20.37537985449222,16.38519658514949,12.24039757620356,7.946894050720445,3.510600371694998,-0.9984996000000002,-5.507436000000001,-9.998499600000002,-14.456363999999999,-18.866046,-23.212686,-27.481512,-31.65786,-35.72718,-39.675078,-43.48728,-47.15003,-50.65003,-53.97408,-57.11928,-60.07308,-59.88047913532726,-59.52220173669145,-58.92723055906236,-58.0988003612503,-57.04033096057863,-55.75533157523555,-54.24758778401397,-52.52109313904943,-50.58000554160416,-48.42867597144799
52,2025-10-30 02:28:48,proposed,100.0,99.5066562800049,98.07852804032304,95.7347900898037,92.50000000000001,88.40268590279189,83.4709848078965,77.74087596506978,71.25000000000001,64.0402809187063,56.15546510499097,47.64090008092477,38.5435008169399,28.91379454917179,18.80379073662066,8.26693895006994,-2.506656280004901,-13.616670846660705,-24.999999999999996,-36.59799454089966,-48.35848031388487,-60.22984589902633,-72.1597816008638,-84.0963079089035,-95.9870093834926,-100.0,-95.9870093834926,-84.0963079089035,-72.1597816008638,-60.22984589902633,-48.35848031388487,-36.59799454089966,-24.999999999999996,-13.616670846660705,-2.506656280004901,8.26693895006994,18.80379073662066,28.91379454917179,38.5435008169399,47.64090008092477,56.15546510499097,64.0402809187063,71.25000000000001,77.74087596506978,83.4709848078965,88.40268590279189,92.50000000000001,95.7347900898037,98.07852804032304,99.5066562800049
53,2025-10-30 02:29:28,executed,100.0,99.5066562800049,98.07852804032304,95.7347900898037,92.50000000000001,88.40268590279189,83.4709848078965,77.74087596506978,71.25000000000001,64.0402809187063,56.15546510499097,47.64090008092477,38.5435008169399,28.91379454917179,18.80379073662066,8.26693895006994,-2.506656280004901,-13.616670846660705,-24.999999999999996,-36.59799454089966,-48.35848031388487,-60.22984589902633,-72.1597816008638,-84.0963079089035,-95.9870093834926,-100.0,-95.9870093834926,-84.0963079089035,-72.1597816008638,-60.22984589902633,-48.35848031388487,-36.59799454089966,-24.999999999999996,-13.616670846660705,-2.506656280004901,8.26693895006994,18.80379073662066,28.91379454917179,38.5435008169399,47.64090008092477,56.15546510499097,64.0402809187063,71.25000000000001,77.74087596506978,83.4709848078965,88.40268590279189,92.50000000000001,95.7347900898037,98.07852804032304,99.5066562800049
53,2025-10-30 02:30:32,proposed,0.0,14.00405177260592,27.64096472487406,40.60833177893964,52.62002302324976,63.40938634563457,72.7291136453982,80.3547805179042,86.0898565737525,89.7719602495893,91.2789644342416,90.5110419266735,87.4101146755498,82.0498779836965,74.5367610664977,65.0076246328882,53.6265787688004,40.5843431674488,26.0963864498863,10.3951711854898,-5.500000000000001,-21.200000000000003,-36.00000000000001,-49.2,-60.2,-68.4,-73.20000000000002,-74.00000000000001,-70.20000000000002,-61.2,-46.400000000000006,-25.200000000000003,-1.200000000000003,25.200000000000003,46.400000000000006,61.2,70.20000000000002,74.00000000000001,73.20000000000002,68.4,60.2,49.2,36.00000000000001,21.200000000000003,5.500000000000001,-10.3951711854898,-26.0963864498863,-40.5843431674488,-53.6265787688004,-65.0076246328882
54,2025-10-30 02:31:12,executed,0.0,14.00405177260592,27.64096472487406,40.60833177893964,52.62002302324976,63.40938634563457,72.7291136453982,80.3547805179042,86.0898565737525,89.7719602495893,91.2789644342416,90.5110419266735,87.4101146755498,82.0498779836965,74.5367610664977,65.0076246328882,53.6265787688004,40.5843431674488,26.0963864498863,10.3951711854898,-5.500000000000001,-21.200000000000003,-36.00000000000001,-49.2,-60.2,-68.4,-73.20000000000002,-74.00000000000001,-70.20000000000002,-61.2,-46.400000000000006,-25.200000000000003,-1.200000000000003,25.200000000000003,46.400000000000006,61.2,70.20000000000002,74.00000000000001,73.20000000000002,68.4,60.2,49.2,36.00000000000001,21.200000000000003,5.500000000000001,-10.3951711854898,-26.0963864498863,-40.5843431674488,-53.6265787688004,-65.0076246328882
54,2025-10-30 02:31:53,proposed,80.0,79.368,77.512,74.4,70.208,64.72,58.128,50.56,42.128,32.96,23.168,12.88,2.208,-8.72,-19.92,-30.96,-41.52,-51.36,-60.24,-67.92,-74.24,-79.04,-80.0,-79.04,-74.24,-67.92,-60.24,-51.36,-41.52,-30.96,-19.92,-8.72,2.208,12.88,23.168,32.96,42.128,50.56,58.128,64.72,70.208,74.4,77.512,79.368,80.0,79.368,77.512,74.4,70.208,64.72
55,2025-10-30 02:32:33,executed,80.0,79.368,77.512,74.4,70.208,64.72,58.128,50.56,42.128,32.96,23.168,12.88,2.208,-8.72,-19.92,-30.96,-41.52,-51.36,-60.24,-67.92,-74.24,-79.04,-80.0,-79.04,-74.24,-67.92,-60.24,-51.36,-41.52,-30.96,-19.92,-8.72,2.208,12.88,23.168,32.96,42.128,50.56,58.128,64.72,70.208,74.4,77.512,79.368,80.0,79.368,77.512,74.4,70.208,64.72
55,2025-10-30 02:34:52,proposed,80.0,79.832,79.33,78.502,77.355,75.897,74.138,72.086,69.75,67.14,64.268,61.146,57.786,54.199,50.398,46.395,42.203,37.835,33.304,28.624,23.809,18.873,13.83,8.694,3.478,-1.815,-7.102,-12.368,-17.601,-22.787,-27.914,-32.97,-37.943,-42.822,-47.596,-52.254,-56.786,-61.182,-65.432,-69.526,-73.455,-77.209,-79.832,-80.0,-79.832,-77.209,-73.455,-69.526,-65.432,-61.182
56,2025-10-30 02:35:32,executed,80.0,79.832,79.33,78.502,77.355,75.897,74.138,72.086,69.75,67.14,64.268,61.146,57.786,54.199,50.398,46.395,42.203,37.835,33.304,28.624,23.809,18.873,13.83,8.694,3.478,-1.815,-7.102,-12.368,-17.601,-22.787,-27.914,-32.97,-37.943,-42.822,-47.596,-52.254,-56.786,-61.182,-65.432,-69.526,-73.455,-77.209,-79.832,-80.0,-79.832,-77.209,-73.455,-69.526,-65.432,-61.182
56,2025-10-30 02:36:18,proposed,0.0,25.2001,47.5528,65.4865,78.2088,80.0,75.099,63.6657,46.4011,24.5888,0.0,-24.5888,-46.4011,-63.6657,-75.099,-80.0,-78.2088,-65.4865,-47.5528,-25.2001,0.0,25.2001,47.5528,65.4865,78.2088,80.0,78.2088,65.4865,47.5528,25.2001,0.0,-25.2001,-47.5528,-65.4865,-78.2088,-80.0,-78.2088,-65.4865,-47.5528,-25.2001,0.0,25.2001,47.5528,65.4865,78.2088,80.0,78.2088,65.4865,47.5528,25.2001
57,2025-10-30 02:36:58,executed,0.0,25.2001,47.5528,65.4865,78.2088,80.0,75.099,63.6657,46.4011,24.5888,0.0,-24.5888,-46.4011,-63.6657,-75.099,-80.0,-78.2088,-65.4865,-47.5528,-25.2001,0.0,25.2001,47.5528,65.4865,78.2088,80.0,78.2088,65.4865,47.5528,25.2001,0.0,-25.2001,-47.5528,-65.4865,-78.2088,-80.0,-78.2088,-65.4865,-47.5528,-25.2001,0.0,25.2001,47.5528,65.4865,78.2088,80.0,78.2088,65.4865,47.5528,25.2001
57,2025-10-30 02:38:45,proposed,80.0,76.7347,73.4694,70.2041,66.9388,63.6735,60.4082,57.1429,53.8776,50.6122,47.3469,44.0816,40.8163,37.551,34.2857,31.0204,27.7551,24.4898,21.2245,17.9592,14.6939,11.4286,8.1633,4.898,1.6327,-1.6327,-4.898,-8.1633,-11.4286,-14.6939,-17.9592,-21.2245,-24.4898,-27.7551,-31.0204,-34.2857,-37.551,-40.8163,-44.0816,-47.3469,-50.6122,-53.8776,-57.1429,-60.4082,-63.6735,-66.9388,-70.2041,-73.4694,-76.7347,-80.0
58,2025-10-30 02:39:25,executed,80.0,76.7347,73.4694,70.2041,66.9388,63.6735,60.4082,57.1429,53.8776,50.6122,47.3469,44.0816,40.8163,37.551,34.2857,31.0204,27.7551,24.4898,21.2245,17.9592,14.6939,11.4286,8.1633,4.898,1.6327,-1.6327,-4.898,-8.1633,-11.4286,-14.6939,-17.9592,-21.2245,-24.4898,-27.7551,-31.0204,-34.2857,-37.551,-40.8163,-44.0816,-47.3469,-50.6122,-53.8776,-57.1429,-60.4082,-63.6735,-66.9388,-70.2041,-73.4694,-76.7347,-80.0
58,2025-10-30 02:40:10,proposed,75.0,74.403,72.6346,69.7365,65.7656,60.7915,54.8963,48.1738,40.7296,32.6788,24.1466,15.2669,6.1793,-2.9389,-12.009,-20.941,-29.6176,-37.9276,-45.7699,-53.0487,-59.6796,-65.5898,-70.7107,-75.0,-78.446,-80.9996,-82.6698,-83.4705,-83.4246,-82.556,-80.895,-78.4719,-75.323,-71.488,-66.9996,-61.8949,-56.213,-49.994,-43.2806,-36.116,-28.544,-20.6105,-12.361,-3.842,4.902,13.794,22.67,31.45,40.05,48.39
59,2025-10-30 02:40:50,executed,75.0,74.403,72.6346,69.7365,65.7656,60.7915,54.8963,48.1738,40.7296,32.6788,24.1466,15.2669,6.1793,-2.9389,-12.009,-20.941,-29.6176,-37.9276,-45.7699,-53.0487,-59.6796,-65.5898,-70.7107,-75.0,-78.446,-80.9996,-82.6698,-83.4705,-83.4246,-82.556,-80.895,-78.4719,-75.323,-71.488,-66.9996,-61.8949,-56.213,-49.994,-43.2806,-36.116,-28.544,-20.6105,-12.361,-3.842,4.902,13.794,22.67,31.45,40.05,48.39
59,2025-10-30 02:41:58,proposed,100.0,99.1802099307279,96.7356073173719,92.77600742194602,87.3917036472097,80.69760779600904,72.8228062071363,63.8966085140505,54.05300639908602,43.4302099307279,32.1749073173719,20.43940742194602,8.3795036472097,-3.73709220399096,-15.7001937928637,-27.2430914859495,-38.20169360091398,-48.4988900692721,-58.06709220399096,-66.8370937928637,-74.7470914859495,-81.74329360091399,-87.7790900692721,-92.81669220399095,-96.8279937928637,-99.7945914859495,-100.0,-99.7945914859495,-96.8279937928637,-92.81669220399095,-87.7790900692721,-81.74329360091399,-74.7470914859495,-66.8370937928637,-58.06709220399096,-48.4988900692721,-38.20169360091398,-27.2430914859495,-15.7001937928637,-3.73709220399096,8.3795036472097,20.43940742194602,32.1749073173719,43.4302099307279,54.05300639908602,63.8966085140505,72.8228062071363,80.69760779600904,87.3917036472097,92.77600742194602
60,2025-10-30 02:42:38,executed,100.0,99.1802099307279,96.7356073173719,92.77600742194602,87.3917036472097,80.69760779600904,72.8228062071363,63.8966085140505,54.05300639908602,43.4302099307279,32.1749073173719,20.43940742194602,8.3795036472097,-3.73709220399096,-15.7001937928637,-27.2430914859495,-38.20169360091398,-48.4988900692721,-58.06709220399096,-66.8370937928637,-74.7470914859495,-81.74329360091399,-87.7790900692721,-92.81669220399095,-96.8279937928637,-99.7945914859495,-100.0,-99.7945914859495,-96.8279937928637,-92.81669220399095,-87.7790900692721,-81.74329360091399,-74.7470914859495,-66.8370937928637,-58.06709220399096,-48.4988900692721,-38.20169360091398,-27.2430914859495,-15.7001937928637,-3.73709220399096,8.3795036472097,20.43940742194602,32.1749073173719,43.4302099307279,54.05300639908602,63.8966085140505,72.8228062071363,80.69760779600904,87.3917036472097,92.77600742194602
60,2025-10-30 02:43:24,proposed,0.0,7.5,14.88,21.99,28.73,35.0,40.7,45.75,50.09,53.66,56.4,58.26,59.19,59.19,58.26,56.4,53.66,50.09,45.75,40.7,35.0,28.73,21.99,14.88,7.5,0.0,-7.5,-14.88,-21.99,-28.73,-35.0,-40.7,-45.75,-50.09,-53.66,-56.4,-58.26,-59.19,-59.19,-58.26,-56.4,-53.66,-50.09,-45.75,-40.7,-35.0,-28.73,-21.99,-14.88,-7.5
61,2025-10-30 02:44:04,executed,0.0,7.5,14.88,21.99,28.73,35.0,40.7,45.75,50.09,53.66,56.4,58.26,59.19,59.19,58.26,56.4,53.66,50.09,45.75,40.7,35.0,28.73,21.99,14.88,7.5,0.0,-7.5,-14.88,-21.99,-28.73,-35.0,-40.7,-45.75,-50.09,-53.66,-56.4,-58.26,-59.19,-59.19,-58.26,-56.4,-53.66,-50.09,-45.75,-40.7,-35.0,-28.73,-21.99,-14.88,-7.5
61,2025-10-30 02:45:03,proposed,85.0,84.32050519,82.29070908,79.00411139,74.57080786,69.13100965,62.80280806,55.73180869,48.05040443,39.89230579,31.39080486,22.68010375,13.89070245,5.16110103,-3.46070081,-11.90050239,-20.03080479,-27.73180869,-34.90280806,-41.43100965,-47.23080786,-52.22410375,-56.33070245,-59.50050519,-61.69080486,-62.86180869,-62.99280806,-62.07100965,-60.12080443,-57.17411139,-53.27070908,-48.48050519,-42.87080786,-36.52180869,-29.52280806,-21.96100965,-13.94080443,-5.57411139,2.96070081,11.53050239,19.99080479,28.24180869,36.16280806,43.63100965,50.55080786,56.81410375,62.31070245,66.96050519,70.67080486,73.36180869
62,2025-10-30 02:45:43,executed,85.0,84.32050519,82.29070908,79.00411139,74.57080786,69.13100965,62.80280806,55.73180869,48.05040443,39.89230579,31.39080486,22.68010375,13.89070245,5.16110103,-3.46070081,-11.90050239,-20.03080479,-27.73180869,-34.90280806,-41.43100965,-47.23080786,-52.22410375,-56.33070245,-59.50050519,-61.69080486,-62.86180869,-62.99280806,-62.07100965,-60.12080443,-57.17411139,-53.27070908,-48.48050519,-42.87080786,-36.52180869,-29.52280806,-21.96100965,-13.94080443,-5.57411139,2.96070081,11.53050239,19.99080479,28.24180869,36.16280806,43.63100965,50.55080786,56.81410375,62.31070245,66.96050519,70.67080486,73.36180869
62,2025-10-30 02:47:00,proposed,90.0,88.85023908298704,85.4549857948281,80.0,72.69407827870002,63.70000000000002,53.190000000000005,41.39000000000001,28.520000000000003,14.860000000000001,0.6900000000000004,-13.490000000000002,-27.200000000000003,-40.10000000000001,-51.900000000000006,-62.400000000000006,-71.4,-78.70000000000002,-84.20000000000002,-87.80000000000001,-89.50000000000001,-89.20000000000002,-87.00000000000001,-82.9,-77.00000000000001,-69.4,-60.2,-49.60000000000001,-37.800000000000004,-25.0,-11.400000000000002,2.5,16.5,30.0,42.6,54.0,64.0,72.4,79.0,83.7,86.6,87.6,86.6,83.7,79.0,72.4,64.0,54.0,42.6,30.0
63,2025-10-30 02:47:40,executed,90.0,88.85023908298704,85.4549857948281,80.0,72.69407827870002,63.70000000000002,53.190000000000005,41.39000000000001,28.520000000000003,14.860000000000001,0.6900000000000004,-13.490000000000002,-27.200000000000003,-40.10000000000001,-51.900000000000006,-62.400000000000006,-71.4,-78.70000000000002,-84.20000000000002,-87.80000000000001,-89.50000000000001,-89.20000000000002,-87.00000000000001,-82.9,-77.00000000000001,-69.4,-60.2,-49.60000000000001,-37.800000000000004,-25.0,-11.400000000000002,2.5,16.5,30.0,42.6,54.0,64.0,72.4,79.0,83.7,86.6,87.6,86.6,83.7,79.0,72.4,64.0,54.0,42.6,30.0
63,2025-10-30 02:48:21,proposed,0.0,11.434800000000001,22.5694,33.0902,42.7925,51.4816,59.0733,65.4947,70.6841,74.5915,77.1793,78.4222,78.3087,76.8402,74.0305,69.9056,64.5029,57.8797,50.0998,41.2335,31.3562,20.5579,8.9332,-2.3061,-13.9345,-25.7001,-37.3197,-48.5146,-59.0143,-68.5583,-76.8996,-83.8197,-89.1246,-92.6489,-94.2618,-93.8749,-91.4316,-86.9069,-80.3106,-71.6888,-61.1106,-48.6656,-34.4633,-18.6225,-1.2676,17.2001,36.6321,56.4026,75.7601,90.0
64,2025-10-30 02:49:01,executed,0.0,11.434800000000001,22.5694,33.0902,42.7925,51.4816,59.0733,65.4947,70.6841,74.5915,77.1793,78.4222,78.3087,76.8402,74.0305,69.9056,64.5029,57.8797,50.0998,41.2335,31.3562,20.5579,8.9332,-2.3061,-13.9345,-25.7001,-37.3197,-48.5146,-59.0143,-68.5583,-76.8996,-83.8197,-89.1246,-92.6489,-94.2618,-93.8749,-91.4316,-86.9069,-80.3106,-71.6888,-61.1106,-48.6656,-34.4633,-18.6225,-1.2676,17.2001,36.6321,56.4026,75.7601,90.0
64,2025-10-30 02:50:30,proposed,20.0,32.22899450379434,44.08803169766547,55.48777176214979,66.3592187653424,76.6179646018318,86.18378527719602,94.97906103360813,102.9298495000913,110.0655760014287,116.4188981249764,121.8997387349973,126.5249190176846,130.3175806657925,133.3073993120612,135.5291497900726,136.9224424756816,137.4299940391485,137.00000000000003,135.6900059608515,133.5608502099274,130.6826006879388,127.1374193342075,122.9102612650027,118.0002059608515,112.4102059608515,106.1402612650027,99.2902059608515,91.9608502099274,84.25000000000003,76.25000000000003,68.05000000000003,59.75000000000003,51.45000000000003,43.25000000000003,35.25000000000003,27.55000000000003,20.25000000000003,13.45000000000003,7.25000000000003,1.65000000000003,-3.25000000000003,-7.45000000000003,-11.05000000000003,-14.05000000000003,-16.45000000000003,-18.25000000000003,-19.45000000000003,-20.05000000000003,-20.0
65,2025-10-30 02:51:10,executed,20.0,32.22899450379434,44.08803169766547,55.48777176214979,66.3592187653424,76.6179646018318,86.18378527719602,94.97906103360813,102.9298495000913,110.0655760014287,116.4188981249764,121.8997387349973,126.5249190176846,130.3175806657925,133.3073993120612,135.5291497900726,136.9224424756816,137.4299940391485,137.00000000000003,135.6900059608515,133.5608502099274,130.6826006879388,127.1374193342075,122.9102612650027,118.0002059608515,112.4102059608515,106.1402612650027,99.2902059608515,91.9608502099274,84.25000000000003,76.25000000000003,68.05000000000003,59.75000000000003,51.45000000000003,43.25000000000003,35.25000000000003,27.55000000000003,20.25000000000003,13.45000000000003,7.25000000000003,1.65000000000003,-3.25000000000003,-7.45000000000003,-11.05000000000003,-14.05000000000003,-16.45000000000003,-18.25000000000003,-19.45000000000003,-20.05000000000003,-20.0
65,2025-10-30 02:52:03,proposed,0.0,7.6201,15.1802,22.5903,29.7604,36.6005,43.0206,48.9307,54.2408,58.8609,62.701,65.6711,67.6812,68.6413,68.4614,67.0515,64.3216,60.2017,54.6118,47.4819,38.742,28.3221,16.1522,2.1623,-13.6778,-31.2977,-48.5176,-64.9375,-79.9674,-93.0173,-103.5072,-110.8571,-114.507,-113.9869,-108.8268,-98.6567,-83.1966,-62.2665,-35.7864,-3.7763,32.2538,72.1739,115.084,159.9941,205.9042,251.8143,296.7244,339.6345,379.5446,415.4547
66,2025-10-30 02:52:43,executed,0.0,7.6201,15.1802,22.5903,29.7604,36.6005,43.0206,48.9307,54.2408,58.8609,62.701,65.6711,67.6812,68.6413,68.4614,67.0515,64.3216,60.2017,54.6118,47.4819,38.742,28.3221,16.1522,2.1623,-13.6778,-31.2977,-48.5176,-64.9375,-79.9674,-93.0173,-103.5072,-110.8571,-114.507,-113.9869,-108.8268,-98.6567,-83.1966,-62.2665,-35.7864,-3.7763,32.2538,72.1739,115.084,159.9941,205.9042,251.8143,296.7244,339.6345,379.5446,415.4547
66,2025-10-30 02:54:00,proposed,70.0,69.419,67.682,64.821,60.871,55.881,49.907,43.016,35.281,26.786,17.621,7.882,-2.208,-12.607,-22.215,-30.949,-38.739,-45.526,-51.261,-55.909,-59.444,-61.85,-63.12,-63.259,-62.279,-60.199,-57.042,-52.836,-47.616,-41.423,-34.309,-26.331,-17.555,-8.051,1.907,12.115,21.492,29.967,37.476,43.96,49.368,53.66,56.804,58.78,59.584,59.22,57.703,55.053,51.296,70.0
67,2025-10-30 02:54:40,executed,70.0,69.419,67.682,64.821,60.871,55.881,49.907,43.016,35.281,26.786,17.621,7.882,-2.208,-12.607,-22.215,-30.949,-38.739,-45.526,-51.261,-55.909,-59.444,-61.85,-63.12,-63.259,-62.279,-60.199,-57.042,-52.836,-47.616,-41.423,-34.309,-26.331,-17.555,-8.051,1.907,12.115,21.492,29.967,37.476,43.96,49.368,53.66,56.804,58.78,59.584,59.22,57.703,55.053,51.296,70.0
67,2025-10-30 02:55:43,proposed,70.0,69.131,66.5061,62.1969,56.3137,49.0963,40.798,31.6865,21.8596,11.4326,0.528,-10.3705,-20.9796,-31.0569,-40.4079,-48.8778,-56.3407,-62.693,-67.8596,-71.7774,-74.403,-75.7196,-75.7201,-74.403,-71.7774,-67.8596,-62.693,-56.3407,-48.8778,-40.4079,-31.0569,-20.9796,-10.3705,0.528,11.4326,21.8596,31.6865,40.798,49.0963,56.3137,62.1969,66.5061,69.131,70.0,69.131,66.5061,62.1969,56.3137,49.0963,40.798
68,2025-10-30 02:56:23,executed,70.0,69.131,66.5061,62.1969,56.3137,49.0963,40.798,31.6865,21.8596,11.4326,0.528,-10.3705,-20.9796,-31.0569,-40.4079,-48.8778,-56.3407,-62.693,-67.8596,-71.7774,-74.403,-75.7196,-75.7201,-74.403,-71.7774,-67.8596,-62.693,-56.3407,-48.8778,-40.4079,-31.0569,-20.9796,-10.3705,0.528,11.4326,21.8596,31.6865,40.798,49.0963,56.3137,62.1969,66.5061,69.131,70.0,69.131,66.5061,62.1969,56.3137,49.0963,40.798
68,2025-10-30 02:57:33,proposed,0.0,8.89808388591876,17.40049400263675,25.39077227653245,32.78759616550772,39.51653896205763,45.5098939767355,50.69969649520973,55.02976757134008,58.45258607149023,60.92976757134008,62.43377227653245,62.94719649520973,62.4629939767355,61.00388591876001,58.59969649520973,55.28989400263675,51.12298388591876,46.15497227653245,40.45029616550772,34.08048896205763,27.1229839767355,19.65928607149023,11.77438388591876,3.56049400263675,-4.24040396205763,-12.3169839767355,-20.55797227653245,-28.82208388591876,-36.96999616550772,-44.86049400263675,-52.35038388591876,-59.30019649520973,-65.57008607149022,-70.9900939767355,-75.40017227653244,-78.64008388591876,-80.56009616550772,-81.0200939767355,-79.90008607149024,-77.10007227653244,-72.54004396205762,-66.14000388591876,-57.84000000000001,-47.60000000000001,-35.400000000000006,-21.200000000000003,-5.000000000000001,13.200000000000003,33.400000000000006
69,2025-10-30 02:58:13,executed,0.0,8.89808388591876,17.40049400263675,25.39077227653245,32.78759616550772,39.51653896205763,45.5098939767355,50.69969649520973,55.02976757134008,58.45258607149023,60.92976757134008,62.43377227653245,62.94719649520973,62.4629939767355,61.00388591876001,58.59969649520973,55.28989400263675,51.12298388591876,46.15497227653245,40.45029616550772,34.08048896205763,27.1229839767355,19.65928607149023,11.77438388591876,3.56049400263675,-4.24040396205763,-12.3169839767355,-20.55797227653245,-28.82208388591876,-36.96999616550772,-44.86049400263675,-52.35038388591876,-59.30019649520973,-65.57008607149022,-70.9900939767355,-75.40017227653244,-78.64008388591876,-80.56009616550772,-81.0200939767355,-79.90008607149024,-77.10007227653244,-72.54004396205762,-66.14000388591876,-57.84000000000001,-47.60000000000001,-35.400000000000006,-21.200000000000003,-5.000000000000001,13.200000000000003,33.400000000000006
69,2025-10-30 02:58:50,proposed,85.0,84.3205030064743,82.2907086884877,79.0041187747971,74.5708287752179,69.1310092709149,62.8028096205835,55.7318070967396,48.0504044196191,39.8923010731776,31.3908000490918,22.6801000216694,13.890700000000002,5.161100000000001,-3.4607000000000006,-11.900500000000001,-20.030800000000003,-27.731800000000003,-34.902800000000006,-41.431000000000004,-47.2308,-52.22410000000001,-56.33070000000001,-59.5005,-61.6908,-62.8618,-62.9928,-62.071000000000005,-60.1208,-57.1741,-53.270700000000005,-48.480500000000006,-42.8708,-36.521800000000006,-29.522800000000004,-21.961000000000002,-13.940800000000001,-5.574100000000001,2.9607000000000006,11.530500000000002,19.990800000000004,28.2418,36.162800000000004,43.63100000000001,50.5508,56.8141,62.310700000000004,66.96050000000001,70.6708,73.3618
70,2025-10-30 02:59:30,executed,85.0,84.3205030064743,82.2907086884877,79.0041187747971,74.5708287752179,69.1310092709149,62.8028096205835,55.7318070967396,48.0504044196191,39.8923010731776,31.3908000490918,22.6801000216694,13.890700000000002,5.161100000000001,-3.4607000000000006,-11.900500000000001,-20.030800000000003,-27.731800000000003,-34.902800000000006,-41.431000000000004,-47.2308,-52.22410000000001,-56.33070000000001,-59.5005,-61.6908,-62.8618,-62.9928,-62.071000000000005,-60.1208,-57.1741,-53.270700000000005,-48.480500000000006,-42.8708,-36.521800000000006,-29.522800000000004,-21.961000000000002,-13.940800000000001,-5.574100000000001,2.9607000000000006,11.530500000000002,19.990800000000004,28.2418,36.162800000000004,43.63100000000001,50.5508,56.8141,62.310700000000004,66.96050000000001,70.6708,73.3618
70,2025-10-30 03:00:44,proposed,0.0,10.16010515157124,20.10188057207436,29.69919011707019,38.85040210006764,47.50090299690373,55.50361250393291,62.79977227494537,69.34966601446733,75.1189498261884,80.0805169002237,84.2152062607996,87.4988580004071,90.00000000000001,91.6999039600742,92.5806653600984,92.6306899175402,91.8479532588102,90.2376664539659,87.81308339860608,84.59549150281254,80.6146036880053,75.9088607106096,70.5165992984955,64.48624061596608,57.8661601614946,50.70470776789726,43.0505190690076,34.9520974960717,26.45719335016416,17.61362621065793,8.479101808000001,-0.8791018080000002,-10.16010515157124,-19.28470776789726,-28.13624061596608,-36.6088607106096,-44.60361250393291,-52.03040210006764,-58.80022772505463,-64.8299039600742,-70.0405169002237,-74.36966601446733,-77.7606653600984,-80.16010515157124,-81.52062607996,-81.8005169002237,-80.9799039600742,-79.07919011707018,-76.1306899175402
71,2025-10-30 03:01:24,executed,0.0,10.16010515157124,20.10188057207436,29.69919011707019,38.85040210006764,47.50090299690373,55.50361250393291,62.79977227494537,69.34966601446733,75.1189498261884,80.0805169002237,84.2152062607996,87.4988580004071,90.00000000000001,91.6999039600742,92.5806653600984,92.6306899175402,91.8479532588102,90.2376664539659,87.81308339860608,84.59549150281254,80.6146036880053,75.9088607106096,70.5165992984955,64.48624061596608,57.8661601614946,50.70470776789726,43.0505190690076,34.9520974960717,26.45719335016416,17.61362621065793,8.479101808000001,-0.8791018080000002,-10.16010515157124,-19.28470776789726,-28.13624061596608,-36.6088607106096,-44.60361250393291,-52.03040210006764,-58.80022772505463,-64.8299039600742,-70.0405169002237,-74.36966601446733,-77.7606653600984,-80.16010515157124,-81.52062607996,-81.8005169002237,-80.9799039600742,-79.07919011707018,-76.1306899175402
71,2025-10-30 03:02:14,proposed,0.0,8.939,17.752,26.347,34.629,42.506,49.888,56.69,62.829,68.23,70.0,68.23,62.829,56.69,49.888,42.506,34.629,26.347,17.752,8.939,0.0,-8.939,-17.752,-26.347,-34.629,-42.506,-49.888,-56.69,-62.829,-68.23,-70.0,-68.23,-62.829,-56.69,-49.888,-42.506,-34.629,-26.347,-17.752,-8.939,0.0,8.939,17.752,26.347,34.629,42.506,49.888,56.69,62.829,68.23
72,2025-10-30 03:02:54,executed,0.0,8.939,17.752,26.347,34.629,42.506,49.888,56.69,62.829,68.23,70.0,68.23,62.829,56.69,49.888,42.506,34.629,26.347,17.752,8.939,0.0,-8.939,-17.752,-26.347,-34.629,-42.506,-49.888,-56.69,-62.829,-68.23,-70.0,-68.23,-62.829,-56.69,-49.888,-42.506,-34.629,-26.347,-17.752,-8.939,0.0,8.939,17.752,26.347,34.629,42.506,49.888,56.69,62.829,68.23
72,2025-10-30 03:04:18,proposed,90.0,89.2848,87.1479,83.6499,78.8703,72.9002,65.8407,57.802,48.899,39.2592,29.0142,18.2991,7.2514,-3.925,-15.0009,-25.8077,-36.179,-45.9529,-55.0,-63.1979,-70.4485,-76.6698,-81.7998,-85.7899,-90.0,-89.9999,-88.5999,-85.7899,-81.7998,-76.6698,-70.4485,-63.1979,-55.0,-45.9529,-36.179,-25.8077,-15.0009,-3.925,7.2514,18.2991,29.0142,39.2592,48.899,57.802,65.8407,72.9002,78.8703,83.6499,87.1479,89.2848
73,2025-10-30 03:04:58,executed,90.0,89.2848,87.1479,83.6499,78.8703,72.9002,65.8407,57.802,48.899,39.2592,29.0142,18.2991,7.2514,-3.925,-15.0009,-25.8077,-36.179,-45.9529,-55.0,-63.1979,-70.4485,-76.6698,-81.7998,-85.7899,-90.0,-89.9999,-88.5999,-85.7899,-81.7998,-76.6698,-70.4485,-63.1979,-55.0,-45.9529,-36.179,-25.8077,-15.0009,-3.925,7.2514,18.2991,29.0142,39.2592,48.899,57.802,65.8407,72.9002,78.8703,83.6499,87.1479,89.2848
73,2025-10-30 03:05:35,proposed,0.0,8.718,17.294,25.618,29.936,34.08,38.006,41.658,45.004,48.016,50.67,52.948,54.838,56.326,57.398,58.044,58.25,58.016,57.34,56.22,54.66,52.66,50.22,47.34,44.02,40.26,36.06,31.42,26.34,20.82,14.86,8.46,1.62,-5.66,-13.42,-21.66,-30.38,-39.58,-49.26,-59.42,-69.98,-80.92,-92.24,-103.94,-116.02,-128.48,-141.32,-154.54,-168.14,-182.12
74,2025-10-30 03:06:15,executed,0.0,8.718,17.294,25.618,29.936,34.08,38.006,41.658,45.004,48.016,50.67,52.948,54.838,56.326,57.398,58.044,58.25,58.016,57.34,56.22,54.66,52.66,50.22,47.34,44.02,40.26,36.06,31.42,26.34,20.82,14.86,8.46,1.62,-5.66,-13.42,-21.66,-30.38,-39.58,-49.26,-59.42,-69.98,-80.92,-92.24,-103.94,-116.02,-128.48,-141.32,-154.54,-168.14,-182.12
74,2025-10-30 03:07:44,proposed,90.0,89.2644267676707,87.0673322434388,83.4754366660144,78.5701046904675,72.4578491880492,65.2599026410425,57.0984180479768,48.0990367201999,38.3899015792905,28.1064096052731,17.3898492040909,6.3846399616013,-4.7077366967727,-15.7001004146039,-26.4018300249219,-36.6310390196726,-46.2190141699998,-55.0039202302396,-62.8398457062402,-69.6008107935749,-75.1788229986348,-79.4777322980993,-82.4137006859732,-83.9149,-83.9149,-82.4137006859732,-79.4777322980993,-75.1788229986348,-69.6008107935749,-62.8398457062402,-55.0039202302396,-46.2190141699998,-36.6310390196726,-26.4018300249219,-15.7001004146039,-4.7077366967727,6.3846399616013,17.3898492040909,28.1064096052731,38.3899015792905,48.0990367201999,57.0984180479768,65.2599026410425,72.4578491880492,78.5701046904675,83.4754366660144,87.0673322434388,89.2644267676707,90.0
75,2025-10-30 03:08:24,executed,90.0,89.2644267676707,87.0673322434388,83.4754366660144,78.5701046904675,72.4578491880492,65.2599026410425,57.0984180479768,48.0990367201999,38.3899015792905,28.1064096052731,17.3898492040909,6.3846399616013,-4.7077366967727,-15.7001004146039,-26.4018300249219,-36.6310390196726,-46.2190141699998,-55.0039202302396,-62.8398457062402,-69.6008107935749,-75.1788229986348,-79.4777322980993,-82.4137006859732,-83.9149,-83.9149,-82.4137006859732,-79.4777322980993,-75.1788229986348,-69.6008107935749,-62.8398457062402,-55.0039202302396,-46.2190141699998,-36.6310390196726,-26.4018300249219,-15.7001004146039,-4.7077366967727,6.3846399616013,17.3898492040909,28.1064096052731,38.3899015792905,48.0990367201999,57.0984180479768,65.2599026410425,72.4578491880492,78.5701046904675,83.4754366660144,87.0673322434388,89.2644267676707,90.0
75,2025-10-30 03:09:31,proposed,0.0,9.40051147040445,18.59976269601174,27.399999999999995,35.61904791090416,43.18000000000001,49.99999999999999,55.91904791090416,60.88000000000001,64.84095208909584,67.77999999999999,70.0,71.29999999999998,71.74095208909584,71.29999999999998,70.0,67.77999999999999,64.84095208909584,60.88000000000001,55.91904791090416,49.99999999999999,43.18000000000001,35.61904791090416,27.399999999999995,18.59976269601174,9.40051147040445,0.0,-9.40051147040445,-18.59976269601174,-27.399999999999995,-35.61904791090416,-43.18000000000001,-49.99999999999999,-55.91904791090416,-60.88000000000001,-64.84095208909584,-67.77999999999999,-70.0,-71.29999999999998,-71.74095208909584,-71.29999999999998,-70.0,-67.77999999999999,-64.84095208909584,-60.88000000000001,-55.91904791090416,-49.99999999999999,-43.18000000000001,-35.61904791090416,-27.399999999999995
76,2025-10-30 03:10:11,executed,0.0,9.40051147040445,18.59976269601174,27.399999999999995,35.61904791090416,43.18000000000001,49.99999999999999,55.91904791090416,60.88000000000001,64.84095208909584,67.77999999999999,70.0,71.29999999999998,71.74095208909584,71.29999999999998,70.0,67.77999999999999,64.84095208909584,60.88000000000001,55.91904791090416,49.99999999999999,43.18000000000001,35.61904791090416,27.399999999999995,18.59976269601174,9.40051147040445,0.0,-9.40051147040445,-18.59976269601174,-27.399999999999995,-35.61904791090416,-43.18000000000001,-49.99999999999999,-55.91904791090416,-60.88000000000001,-64.84095208909584,-67.77999999999999,-70.0,-71.29999999999998,-71.74095208909584,-71.29999999999998,-70.0,-67.77999999999999,-64.84095208909584,-60.88000000000001,-55.91904791090416,-49.99999999999999,-43.18000000000001,-35.61904791090416,-27.399999999999995
76,2025-10-30 03:11:08,proposed,0.0,12.788,25.3656,37.6258,49.4627,60.7717,71.4552,81.4227,90.5898,98.879,106.219,112.54,117.778,121.88,124.796,126.49,126.936,126.118,124.03,120.672,116.052,110.187,103.102,94.829,85.409,74.887,63.316,50.756,37.273,22.94,7.838,-7.838,-22.94,-37.273,-50.756,-63.316,-74.887,-85.409,-94.829,-103.102,-110.187,-116.052,-120.672,-124.03,-126.118,-126.936,-126.49,-124.796,-121.88,-117.778
77,2025-10-30 03:11:48,executed,0.0,12.788,25.3656,37.6258,49.4627,60.7717,71.4552,81.4227,90.5898,98.879,106.219,112.54,117.778,121.88,124.796,126.49,126.936,126.118,124.03,120.672,116.052,110.187,103.102,94.829,85.409,74.887,63.316,50.756,37.273,22.94,7.838,-7.838,-22.94,-37.273,-50.756,-63.316,-74.887,-85.409,-94.829,-103.102,-110.187,-116.052,-120.672,-124.03,-126.118,-126.936,-126.49,-124.796,-121.88,-117.778
77,2025-10-30 03:12:55,proposed,0.0,10.160105,20.240366,30.160918,39.842903,49.108573,57.881268,66.085449,73.647614,80.5,79.920556,79.920556,73.647614,66.085449,57.881268,49.108573,39.842903,30.160918,20.240366,10.160105,0.0,-10.160105,-20.240366,-30.160918,-39.842903,-49.108573,-57.881268,-66.085449,-73.647614,-80.5,-79.920556,-79.920556,-73.647614,-66.085449,-57.881268,-49.108573,-39.842903,-30.160918,-20.240366,-10.160105,0.0,10.160105,20.240366,30.160918,39.842903,49.108573,57.881268,66.085449,73.647614,80.5
78,2025-10-30 03:13:35,executed,0.0,10.160105,20.240366,30.160918,39.842903,49.108573,57.881268,66.085449,73.647614,80.5,79.920556,79.920556,73.647614,66.085449,57.881268,49.108573,39.842903,30.160918,20.240366,10.160105,0.0,-10.160105,-20.240366,-30.160918,-39.842903,-49.108573,-57.881268,-66.085449,-73.647614,-80.5,-79.920556,-79.920556,-73.647614,-66.085449,-57.881268,-49.108573,-39.842903,-30.160918,-20.240366,-10.160105,0.0,10.160105,20.240366,30.160918,39.842903,49.108573,57.881268,66.085449,73.647614,80.5
78,2025-10-30 03:14:15,proposed,90.0,89.2848,87.1479,83.6499,78.8703,72.9002,65.8407,57.802,48.899,39.2592,29.0142,18.2991,7.2514,-3.925,-15.0009,-25.8077,-36.179,-45.9529,-55.0,-63.1979,-70.4485,-76.6698,-81.7998,-85.7899,-88.5999,-90.0,-89.9999,-88.5999,-85.7899,-81.7998,-76.6698,-70.4485,-63.1979,-55.0,-45.9529,-36.179,-25.8077,-15.0009,-3.925,7.2514,18.2991,29.0142,39.2592,48.899,57.802,65.8407,72.9002,78.8703,83.6499,87.1479
79,2025-10-30 03:14:55,executed,90.0,89.2848,87.1479,83.6499,78.8703,72.9002,65.8407,57.802,48.899,39.2592,29.0142,18.2991,7.2514,-3.925,-15.0009,-25.8077,-36.179,-45.9529,-55.0,-63.1979,-70.4485,-76.6698,-81.7998,-85.7899,-88.5999,-90.0,-89.9999,-88.5999,-85.7899,-81.7998,-76.6698,-70.4485,-63.1979,-55.0,-45.9529,-36.179,-25.8077,-15.0009,-3.925,7.2514,18.2991,29.0142,39.2592,48.899,57.802,65.8407,72.9002,78.8703,83.6499,87.1479
79,2025-10-30 03:16:16,proposed,106.0847,105.2152,102.6947,98.553,92.9004,85.8239,76.8907,66.7886,56.0631,44.4108,31.8275,18.5112,4.8543,-8.6801,-22.0164,-35.1064,-47.3963,-58.6501,-69.0316,-78.2132,-86.5151,-93.2423,-98.154,-101.425,-103.4633,-103.5283,-102.588,-98.2066,-93.3653,-86.5167,-78.2774,-69.0998,-58.6998,-47.4635,-35.1308,-22.0659,-8.725,4.8587,18.5193,31.8346,44.4114,56.072,66.7897,76.8907,85.8251,92.9004,98.553,102.6947,105.2152,106.0847
80,2025-10-30 03:16:56,executed,106.0847,105.2152,102.6947,98.553,92.9004,85.8239,76.8907,66.7886,56.0631,44.4108,31.8275,18.5112,4.8543,-8.6801,-22.0164,-35.1064,-47.3963,-58.6501,-69.0316,-78.2132,-86.5151,-93.2423,-98.154,-101.425,-103.4633,-103.5283,-102.588,-98.2066,-93.3653,-86.5167,-78.2774,-69.0998,-58.6998,-47.4635,-35.1308,-22.0659,-8.725,4.8587,18.5193,31.8346,44.4114,56.072,66.7897,76.8907,85.8251,92.9004,98.553,102.6947,105.2152,106.0847
80,2025-10-30 03:17:50,proposed,80.0,79.20013098,76.81682703,72.90640398,67.55010629,60.85240256,52.93040375,43.91180004,33.93170004,23.13680004,11.68360004,0.0,-11.68360004,-23.13680004,-33.93170004,-43.91180004,-52.93040375,-60.85240256,-67.55010629,-72.90640398,-76.81682703,-79.20013098,-80.0,-79.20013098,-76.81682703,-72.90640398,-67.55010629,-60.85240256,-52.93040375,-43.91180004,-33.93170004,-23.13680004,-11.68360004,0.0,11.68360004,23.13680004,33.93170004,43.91180004,52.93040375,60.85240256,67.55010629,72.90640398,76.81682703,79.20013098,80.0,79.20013098,76.81682703,72.90640398,67.55010629,60.85240256
81,2025-10-30 03:18:30,executed,80.0,79.20013098,76.81682703,72.90640398,67.55010629,60.85240256,52.93040375,43.91180004,33.93170004,23.13680004,11.68360004,0.0,-11.68360004,-23.13680004,-33.93170004,-43.91180004,-52.93040375,-60.85240256,-67.55010629,-72.90640398,-76.81682703,-79.20013098,-80.0,-79.20013098,-76.81682703,-72.90640398,-67.55010629,-60.85240256,-52.93040375,-43.91180004,-33.93170004,-23.13680004,-11.68360004,0.0,11.68360004,23.13680004,33.93170004,43.91180004,52.93040375,60.85240256,67.55010629,72.90640398,76.81682703,79.20013098,80.0,79.20013098,76.81682703,72.90640398,67.55010629,60.85240256
81,2025-10-30 03:19:48,proposed,90.0,89.2644,87.0673,83.4754,78.5701,72.4578,65.2599,57.0984,48.099,38.3899,28.1064,17.3898,6.3846,-4.7077,-15.7001,-26.4018,-36.631,-46.219,-55.0039,-62.8398,-69.6008,-75.1788,-79.4777,-82.4137,-83.9149,-83.9149,-82.4137,-79.4777,-75.1788,-69.6008,-62.8398,-55.0039,-46.219,-36.631,-26.4018,-15.7001,-4.7077,6.3846,17.3898,28.1064,38.3899,48.099,57.0984,65.2599,72.4578,78.5701,83.4754,87.0673,89.2644,90.0
82,2025-10-30 03:20:28,executed,90.0,89.2644,87.0673,83.4754,78.5701,72.4578,65.2599,57.0984,48.099,38.3899,28.1064,17.3898,6.3846,-4.7077,-15.7001,-26.4018,-36.631,-46.219,-55.0039,-62.8398,-69.6008,-75.1788,-79.4777,-82.4137,-83.9149,-83.9149,-82.4137,-79.4777,-75.1788,-69.6008,-62.8398,-55.0039,-46.219,-36.631,-26.4018,-15.7001,-4.7077,6.3846,17.3898,28.1064,38.3899,48.099,57.0984,65.2599,72.4578,78.5701,83.4754,87.0673,89.2644,90.0
82,2025-10-30 03:22:09,proposed,28.0,27.9429,27.7729,27.4913,27.0999,26.6008,25.9964,25.2893,24.4824,23.5788,22.5817,21.4944,20.3204,19.0632,17.7265,16.314,14.8295,13.277,11.6605,9.984,8.2517,6.4678,4.6366,2.7624,0.8496,-1.0667,-2.9772,-4.876,-6.7574,-8.6156,-10.445,-12.2399,-13.9949,-15.7046,-17.3637,-18.9673,-20.5105,-21.9886,-23.397,-24.7314,-25.9876,-27.1617,-28.0,-27.1617,-25.9876,-24.7314,-23.397,-21.9886,-20.5105,-28.0
83,2025-10-30 03:22:49,executed,28.0,27.9429,27.7729,27.4913,27.0999,26.6008,25.9964,25.2893,24.4824,23.5788,22.5817,21.4944,20.3204,19.0632,17.7265,16.314,14.8295,13.277,11.6605,9.984,8.2517,6.4678,4.6366,2.7624,0.8496,-1.0667,-2.9772,-4.876,-6.7574,-8.6156,-10.445,-12.2399,-13.9949,-15.7046,-17.3637,-18.9673,-20.5105,-21.9886,-23.397,-24.7314,-25.9876,-27.1617,-28.0,-27.1617,-25.9876,-24.7314,-23.397,-21.9886,-20.5105,-28.0
83,2025-10-30 03:23:24,proposed,0.0,10.208192,20.240409,29.969292,39.266858,48.019507,56.11905,63.46305,69.957796,75.52741,79.999999,79.999999,75.52741,69.957796,63.46305,56.11905,48.019507,39.266858,29.969292,20.240409,10.208192,0.0,-10.208192,-20.240409,-29.969292,-39.266858,-48.019507,-56.11905,-63.46305,-69.957796,-75.52741,-79.999999,-79.999999,-75.52741,-69.957796,-63.46305,-56.11905,-48.019507,-39.266858,-29.969292,-20.240409,-10.208192,0.0,10.208192,20.240409,29.969292,39.266858,48.019507,56.11905,63.46305
84,2025-10-30 03:24:04,executed,0.0,10.208192,20.240409,29.969292,39.266858,48.019507,56.11905,63.46305,69.957796,75.52741,79.999999,79.999999,75.52741,69.957796,63.46305,56.11905,48.019507,39.266858,29.969292,20.240409,10.208192,0.0,-10.208192,-20.240409,-29.969292,-39.266858,-48.019507,-56.11905,-63.46305,-69.957796,-75.52741,-79.999999,-79.999999,-75.52741,-69.957796,-63.46305,-56.11905,-48.019507,-39.266858,-29.969292,-20.240409,-10.208192,0.0,10.208192,20.240409,29.969292,39.266858,48.019507,56.11905,63.46305
84,2025-10-30 03:24:49,proposed,0.0,10.216,20.2404,29.9824,39.3584,48.2872,56.6904,64.492,71.6192,78.008,80.0,78.008,71.6192,64.492,56.6904,48.2872,39.3584,29.9824,20.2404,10.216,0.0,-10.216,-20.2404,-29.9824,-39.3584,-48.2872,-56.6904,-64.492,-71.6192,-78.008,-80.0,-78.008,-71.6192,-64.492,-56.6904,-48.2872,-39.3584,-29.9824,-20.2404,-10.216,0.0,10.216,20.2404,29.9824,39.3584,48.2872,56.6904,64.492,71.6192,78.008
85,2025-10-30 03:25:29,executed,0.0,10.216,20.2404,29.9824,39.3584,48.2872,56.6904,64.492,71.6192,78.008,80.0,78.008,71.6192,64.492,56.6904,48.2872,39.3584,29.9824,20.2404,10.216,0.0,-10.216,-20.2404,-29.9824,-39.3584,-48.2872,-56.6904,-64.492,-71.6192,-78.008,-80.0,-78.008,-71.6192,-64.492,-56.6904,-48.2872,-39.3584,-29.9824,-20.2404,-10.216,0.0,10.216,20.2404,29.9824,39.3584,48.2872,56.6904,64.492,71.6192,78.008
85,2025-10-30 03:27:07,proposed,0.0,11.25,22.32,32.985,43.095,52.5,61.05,68.625,75.135,80.5,84.6,87.39,88.83,88.83,87.39,84.6,80.5,75.135,68.625,61.05,52.5,43.095,32.985,22.32,11.25,0.0,-11.25,-22.32,-32.985,-43.095,-52.5,-61.05,-68.625,-75.135,-80.5,-84.6,-87.39,-88.83,-88.83,-87.39,-84.6,-80.5,-75.135,-68.625,-61.05,-52.5,-43.095,-32.985,-22.32,-11.25
86,2025-10-30 03:27:47,executed,0.0,11.25,22.32,32.985,43.095,52.5,61.05,68.625,75.135,80.5,84.6,87.39,88.83,88.83,87.39,84.6,80.5,75.135,68.625,61.05,52.5,43.095,32.985,22.32,11.25,0.0,-11.25,-22.32,-32.985,-43.095,-52.5,-61.05,-68.625,-75.135,-80.5,-84.6,-87.39,-88.83,-88.83,-87.39,-84.6,-80.5,-75.135,-68.625,-61.05,-52.5,-43.095,-32.985,-22.32,-11.25
86,2025-10-30 03:29:20,proposed,80.0,0.0,10.2202,20.1019,29.2996,37.6966,45.1914,51.6974,57.1444,61.4789,64.6644,66.6791,67.5186,67.1979,65.749,63.2199,59.674,55.1896,49.8587,43.786,37.087,29.8876,22.3197,14.5197,6.626,-1.298,-9.144,-16.804,-24.197,-31.246,-37.879,-44.027,-49.625,-54.615,-58.949,-62.589,-65.507,-67.689,-69.13,-69.829,-69.801,-69.066,-67.65,-65.589,-62.924,-59.7,-55.968,-51.782,-47.195,-42.26
87,2025-10-30 03:30:00,executed,80.0,0.0,10.2202,20.1019,29.2996,37.6966,45.1914,51.6974,57.1444,61.4789,64.6644,66.6791,67.5186,67.1979,65.749,63.2199,59.674,55.1896,49.8587,43.786,37.087,29.8876,22.3197,14.5197,6.626,-1.298,-9.144,-16.804,-24.197,-31.246,-37.879,-44.027,-49.625,-54.615,-58.949,-62.589,-65.507,-67.689,-69.13,-69.829,-69.801,-69.066,-67.65,-65.589,-62.924,-59.7,-55.968,-51.782,-47.195,-42.26
87,2025-10-30 03:31:52,proposed,0.0,4.484433694086657,8.89814429994625,13.16688722955401,17.22019904268688,21.000000000000004,24.45007421303102,27.51700469600998,30.15078566270631,32.30472493390977,33.93608151479878,35.007000000000005,35.48443369408666,35.341897799785,34.56019808537376,33.12677445910802,31.030000000000005,28.27503710651551,24.870000000000005,20.828000000000003,16.170000000000005,10.920000000000002,5.100000000000001,-1.2200000000000002,-7.980000000000001,-15.000000000000002,-22.100000000000005,-29.100000000000005,-35.800000000000004,-42.00000000000001,-47.60000000000001,-52.50000000000001,-56.60000000000001,-59.800000000000004,-62.10000000000001,-63.400000000000006,-63.7,-63.00000000000001,-61.300000000000004,-58.60000000000001,-54.900000000000006,-50.300000000000004,-44.800000000000004,-38.50000000000001,-31.500000000000004,-23.900000000000002,-15.700000000000003,-7.000000000000001,1.9000000000000001,11.200000000000001
88,2025-10-30 03:32:32,executed,0.0,4.484433694086657,8.89814429994625,13.16688722955401,17.22019904268688,21.000000000000004,24.45007421303102,27.51700469600998,30.15078566270631,32.30472493390977,33.93608151479878,35.007000000000005,35.48443369408666,35.341897799785,34.56019808537376,33.12677445910802,31.030000000000005,28.27503710651551,24.870000000000005,20.828000000000003,16.170000000000005,10.920000000000002,5.100000000000001,-1.2200000000000002,-7.980000000000001,-15.000000000000002,-22.100000000000005,-29.100000000000005,-35.800000000000004,-42.00000000000001,-47.60000000000001,-52.50000000000001,-56.60000000000001,-59.800000000000004,-62.10000000000001,-63.400000000000006,-63.7,-63.00000000000001,-61.300000000000004,-58.60000000000001,-54.900000000000006,-50.300000000000004,-44.800000000000004,-38.50000000000001,-31.500000000000004,-23.900000000000002,-15.700000000000003,-7.000000000000001,1.9000000000000001,11.200000000000001
88,2025-10-30 03:33:17,proposed,-80.0,-79.2838930467773,-77.1479008985617,-73.6499002360811,-68.8703001887649,-62.9002000572346,-55.84070000000001,-47.80200000000001,-38.89900000000001,-29.259200000000003,-19.014200000000002,-8.299100000000003,2.751400000000001,13.925000000000002,25.0009,35.807700000000004,46.179,55.95290000000001,65.00000000000001,73.1979,79.44850000000001,83.66980000000001,85.7998,85.7899,83.6499002360811,79.2838930467773,73.6499002360811,66.5061,58.07700000000001,48.56700000000001,38.190000000000005,27.168000000000003,15.696000000000002,3.996000000000001,-7.838000000000001,-19.5925,-31.150100000000002,-42.39,-53.2,-63.470000000000006,-73.09,-81.95000000000002,-89.94000000000001,-96.95000000000002,-102.87000000000002,-107.60000000000002,-111.04000000000002,-113.09000000000002,-113.65000000000002,-112.62000000000002
89,2025-10-30 03:33:57,executed,-80.0,-79.2838930467773,-77.1479008985617,-73.6499002360811,-68.8703001887649,-62.9002000572346,-55.84070000000001,-47.80200000000001,-38.89900000000001,-29.259200000000003,-19.014200000000002,-8.299100000000003,2.751400000000001,13.925000000000002,25.0009,35.807700000000004,46.179,55.95290000000001,65.00000000000001,73.1979,79.44850000000001,83.66980000000001,85.7998,85.7899,83.6499002360811,79.2838930467773,73.6499002360811,66.5061,58.07700000000001,48.56700000000001,38.190000000000005,27.168000000000003,15.696000000000002,3.996000000000001,-7.838000000000001,-19.5925,-31.150100000000002,-42.39,-53.2,-63.470000000000006,-73.09,-81.95000000000002,-89.94000000000001,-96.95000000000002,-102.87000000000002,-107.60000000000002,-111.04000000000002,-113.09000000000002,-113.65000000000002,-112.62000000000002
89,2025-10-30 03:35:00,proposed,80.0,79.502,78.0199,75.5786,72.2132,67.9621,62.8711,57.0006,50.4158,43.1843,35.3768,27.0664,18.3276,9.2361,0.0691,-8.9959,-17.747,-26.1039,-33.978,-41.2829,-47.9351,-53.8546,-58.9649,-63.202,-66.496,-68.7801,-70.0,-70.0,-68.7801,-66.496,-63.202,-58.9649,-53.8546,-47.9351,-41.2829,-33.978,-26.1039,-17.747,-8.9959,0.0691,9.2361,18.3276,27.0664,35.3768,43.1843,50.4158,57.0006,62.8711,67.9621,72.2132
90,2025-10-30 03:35:40,executed,80.0,79.502,78.0199,75.5786,72.2132,67.9621,62.8711,57.0006,50.4158,43.1843,35.3768,27.0664,18.3276,9.2361,0.0691,-8.9959,-17.747,-26.1039,-33.978,-41.2829,-47.9351,-53.8546,-58.9649,-63.202,-66.496,-68.7801,-70.0,-70.0,-68.7801,-66.496,-63.202,-58.9649,-53.8546,-47.9351,-41.2829,-33.978,-26.1039,-17.747,-8.9959,0.0691,9.2361,18.3276,27.0664,35.3768,43.1843,50.4158,57.0006,62.8711,67.9621,72.2132
90,2025-10-30 03:36:40,proposed,0.0,6.385,12.68,18.819,24.735,30.361,35.634,40.493,44.88,48.74,52.021,54.671,56.643,57.9,58.429,58.214,57.25,55.549,53.136,50.04,46.299,41.957,37.059,31.656,25.805,19.567,13.007,6.19,-0.771,-7.797,-14.793,-21.666,-28.324,-34.676,-40.636,-46.128,-51.079,-55.419,-59.083,-62.019,-64.18,-65.529,-66.03,-65.657,-64.39,-62.22,-59.15,-55.19,-50.37,-44.72
91,2025-10-30 03:37:20,executed,0.0,6.385,12.68,18.819,24.735,30.361,35.634,40.493,44.88,48.74,52.021,54.671,56.643,57.9,58.429,58.214,57.25,55.549,53.136,50.04,46.299,41.957,37.059,31.656,25.805,19.567,13.007,6.19,-0.771,-7.797,-14.793,-21.666,-28.324,-34.676,-40.636,-46.128,-51.079,-55.419,-59.083,-62.019,-64.18,-65.529,-66.03,-65.657,-64.39,-62.22,-59.15,-55.19,-50.37,-44.72
91,2025-10-30 03:38:27,proposed,80.0,79.0216,76.096,71.3254,64.8328,56.7786,47.3552,36.784,25.304,13.176,0.672,-11.696,-23.504,-34.464,-44.304,-52.848,-59.92,-65.36,-69.088,-71.04,-71.168,-69.488,-66.016,-60.8,-53.92,-45.44,-35.44,-24.08,-11.52,1.6,14.56,26.96,38.64,49.44,59.2,67.84,75.2,80.0,79.0216,76.096,71.3254,64.8328,56.7786,47.3552,36.784,25.304,13.176,0.672,-11.696,-23.504
92,2025-10-30 03:39:07,executed,80.0,79.0216,76.096,71.3254,64.8328,56.7786,47.3552,36.784,25.304,13.176,0.672,-11.696,-23.504,-34.464,-44.304,-52.848,-59.92,-65.36,-69.088,-71.04,-71.168,-69.488,-66.016,-60.8,-53.92,-45.44,-35.44,-24.08,-11.52,1.6,14.56,26.96,38.64,49.44,59.2,67.84,75.2,80.0,79.0216,76.096,71.3254,64.8328,56.7786,47.3552,36.784,25.304,13.176,0.672,-11.696,-23.504
92,2025-10-30 03:39:37,proposed,0.0,13.8601,27.0877,39.5049,50.9507,61.2801,70.3664,68.9507,69.9301,69.9301,68.9507,61.2801,50.9507,39.5049,27.0877,9.8701,-4.0601,-17.7501,-30.8001,-43.0001,-54.1501,-64.0501,-72.5001,-69.7201,-68.3901,-68.3901,-69.7201,-72.5001,-64.0501,-54.1501,-43.0001,-5.8101,5.3201,16.3301,27.1001,37.5401,47.5601,57.0701,65.9901,68.4601,69.2301,69.2301,68.4601,65.9901,57.0701,47.5601,37.5401,27.1001,16.3301,4.2701
93,2025-10-30 03:40:17,executed,0.0,13.8601,27.0877,39.5049,50.9507,61.2801,70.3664,68.9507,69.9301,69.9301,68.9507,61.2801,50.9507,39.5049,27.0877,9.8701,-4.0601,-17.7501,-30.8001,-43.0001,-54.1501,-64.0501,-72.5001,-69.7201,-68.3901,-68.3901,-69.7201,-72.5001,-64.0501,-54.1501,-43.0001,-5.8101,5.3201,16.3301,27.1001,37.5401,47.5601,57.0701,65.9901,68.4601,69.2301,69.2301,68.4601,65.9901,57.0701,47.5601,37.5401,27.1001,16.3301,4.2701
93,2025-10-30 03:41:15,proposed,70.0,69.398076,67.613009,64.673019,60.621778,55.538459,49.497475,42.616016,35.0,26.789078,18.11604,9.05802,0.0,-9.05802,-18.11604,-26.789078,-35.0,-42.616016,-49.497475,-55.538459,-60.621778,-64.673019,-67.613009,-69.398076,-70.0,50.0,49.570054,48.295007,46.195014,43.30127,39.670328,35.355339,30.440011,25.0,19.135056,12.940029,6.470014,0.0,-6.470014,-12.940029,-19.135056,-25.0,-30.440011,-35.355339,-39.670328,-43.30127,-46.195014,-48.295007,-49.570054,-50.0
94,2025-10-30 03:41:55,executed,70.0,69.398076,67.613009,64.673019,60.621778,55.538459,49.497475,42.616016,35.0,26.789078,18.11604,9.05802,0.0,-9.05802,-18.11604,-26.789078,-35.0,-42.616016,-49.497475,-55.538459,-60.621778,-64.673019,-67.613009,-69.398076,-70.0,50.0,49.570054,48.295007,46.195014,43.30127,39.670328,35.355339,30.440011,25.0,19.135056,12.940029,6.470014,0.0,-6.470014,-12.940029,-19.135056,-25.0,-30.440011,-35.355339,-39.670328,-43.30127,-46.195014,-48.295007,-49.570054,-50.0
94,2025-10-30 03:44:06,proposed,40.0,36.6667,33.3333,30.0,26.6667,23.3333,20.0,16.6667,13.3333,10.0,6.6667,3.3333,0.0,-3.3333,-6.6667,-10.0,-13.3333,-16.6667,-20.0,-23.3333,-26.6667,-30.0,-33.3333,-36.6667,-40.0,-40.0,-36.6667,-33.3333,-30.0,-26.6667,-23.3333,-20.0,-16.6667,-13.3333,-10.0,-6.6667,-3.3333,0.0,3.3333,6.6667,10.0,13.3333,16.6667,20.0,23.3333,26.6667,30.0,33.3333,36.6667,40.0
95,2025-10-30 03:44:46,executed,40.0,36.6667,33.3333,30.0,26.6667,23.3333,20.0,16.6667,13.3333,10.0,6.6667,3.3333,0.0,-3.3333,-6.6667,-10.0,-13.3333,-16.6667,-20.0,-23.3333,-26.6667,-30.0,-33.3333,-36.6667,-40.0,-40.0,-36.6667,-33.3333,-30.0,-26.6667,-23.3333,-20.0,-16.6667,-13.3333,-10.0,-6.6667,-3.3333,0.0,3.3333,6.6667,10.0,13.3333,16.6667,20.0,23.3333,26.6667,30.0,33.3333,36.6667,40.0
95,2025-10-30 03:46:30,proposed,70.0,69.4266,67.613,64.673,60.6218,55.5385,49.4975,42.616,35.0,26.7891,18.116,9.058,0.0,-9.058,-18.116,-26.7891,-35.0,-42.616,-49.4975,-55.5385,-60.6218,-64.673,-67.613,-69.4266,-70.0,-69.4266,-67.613,-64.673,-60.6218,-55.5385,-49.4975,-42.616,-35.0,-26.7891,-18.116,-9.058,0.0,9.058,18.116,26.7891,35.0,42.616,49.4975,55.5385,60.6218,64.673,67.613,69.4266,70.0,70.0
96,2025-10-30 03:47:10,executed,70.0,69.4266,67.613,64.673,60.6218,55.5385,49.4975,42.616,35.0,26.7891,18.116,9.058,0.0,-9.058,-18.116,-26.7891,-35.0,-42.616,-49.4975,-55.5385,-60.6218,-64.673,-67.613,-69.4266,-70.0,-69.4266,-67.613,-64.673,-60.6218,-55.5385,-49.4975,-42.616,-35.0,-26.7891,-18.116,-9.058,0.0,9.058,18.116,26.7891,35.0,42.616,49.4975,55.5385,60.6218,64.673,67.613,69.4266,70.0,70.0
96,2025-10-30 03:48:00,proposed,70.0,69.85408,69.41618,68.69089,67.68413,66.40306,64.85507,63.04899,61.03058,58.76796,56.26909,53.54247,50.5969,47.44167,44.08627,40.54048,36.81439,32.91807,28.86178,24.65586,20.31067,15.83669,11.24458,6.54508,1.74906,-3.14238,-8.11804,-13.16738,-18.28167,-23.45217,-28.66998,-33.92621,-39.21208,-44.51866,-49.83709,-55.15848,-60.4739,-65.77448,-70.0,-65.77448,-60.4739,-55.15848,-49.83709,-44.51866,-39.21208,-33.92621,-28.66998,-23.45217,-18.28167,-13.16738
97,2025-10-30 03:48:40,executed,70.0,69.85408,69.41618,68.69089,67.68413,66.40306,64.85507,63.04899,61.03058,58.76796,56.26909,53.54247,50.5969,47.44167,44.08627,40.54048,36.81439,32.91807,28.86178,24.65586,20.31067,15.83669,11.24458,6.54508,1.74906,-3.14238,-8.11804,-13.16738,-18.28167,-23.45217,-28.66998,-33.92621,-39.21208,-44.51866,-49.83709,-55.15848,-60.4739,-65.77448,-70.0,-65.77448,-60.4739,-55.15848,-49.83709,-44.51866,-39.21208,-33.92621,-28.66998,-23.45217,-18.28167,-13.16738
97,2025-10-30 03:50:06,proposed,60.0,59.20456453986054,56.83736737032172,53.00331671542157,47.8309977874205,41.46467026749964,34.06208823521369,25.79469273757539,16.84589254152503,7.409748641979984,-1.980687259695662,-11.200000000000001,-19.98068725969566,-28.16467026749964,-35.60208823521369,-42.15469273757539,-47.69589254152503,-52.11974864197998,-55.3409977874205,-57.28736737032172,-57.90456453986054,-57.15469273757539,-55.00331671542157,-51.42068725969566,-46.4909977874205,-40.31068725969566,-33.00000000000001,-24.69589254152503,-15.5409977874205,-5.70456453986054,3.980687259695662,13.5409977874205,22.83736737032172,31.79469273757539,40.31068725969566,48.29456453986054,55.65208823521369,62.29469273757539,68.13736737032173,73.10456453986053,77.12068725969566,80.11974864197998,82.0456453986054,82.8409977874205,82.47068725969567,80.91974864197998,78.17469273757538,74.24589254152502,69.15469273757539,60.0
98,2025-10-30 03:50:46,executed,60.0,59.20456453986054,56.83736737032172,53.00331671542157,47.8309977874205,41.46467026749964,34.06208823521369,25.79469273757539,16.84589254152503,7.409748641979984,-1.980687259695662,-11.200000000000001,-19.98068725969566,-28.16467026749964,-35.60208823521369,-42.15469273757539,-47.69589254152503,-52.11974864197998,-55.3409977874205,-57.28736737032172,-57.90456453986054,-57.15469273757539,-55.00331671542157,-51.42068725969566,-46.4909977874205,-40.31068725969566,-33.00000000000001,-24.69589254152503,-15.5409977874205,-5.70456453986054,3.980687259695662,13.5409977874205,22.83736737032172,31.79469273757539,40.31068725969566,48.29456453986054,55.65208823521369,62.29469273757539,68.13736737032173,73.10456453986053,77.12068725969566,80.11974864197998,82.0456453986054,82.8409977874205,82.47068725969567,80.91974864197998,78.17469273757538,74.24589254152502,69.15469273757539,60.0
98,2025-10-30 03:51:48,proposed,0.0,17.752,34.0805,48.6656,61.0039,70.0,75.5274,77.7791,77.0403,73.6476,67.9621,60.2017,50.6997,39.7481,27.6761,14.793,1.332,-11.7744,-24.602,-36.631,-47.596,-57.25,-65.432,-70.0,-71.7774,-70.0,-65.432,-57.25,-47.596,-36.631,-24.602,-11.7744,1.332,14.793,27.6761,39.7481,50.6997,60.2017,67.9621,73.6476,77.0403,77.7791,75.5274,70.0,61.0039,48.6656,34.0805,17.752,0.0,-17.752
99,2025-10-30 03:52:28,executed,0.0,17.752,34.0805,48.6656,61.0039,70.0,75.5274,77.7791,77.0403,73.6476,67.9621,60.2017,50.6997,39.7481,27.6761,14.793,1.332,-11.7744,-24.602,-36.631,-47.596,-57.25,-65.432,-70.0,-71.7774,-70.0,-65.432,-57.25,-47.596,-36.631,-24.602,-11.7744,1.332,14.793,27.6761,39.7481,50.6997,60.2017,67.9621,73.6476,77.0403,77.7791,75.5274,70.0,61.0039,48.6656,34.0805,17.752,0.0,-17.752
99,2025-10-30 03:53:54,proposed,0.0,14.3106,27.8732,40.0988,50.6237,59.1026,65.2398,68.7845,69.6456,67.8,63.3039,56.2974,47.0985,36.002,23.39,9.6385,-4.5103,-18.995,-33.1118,-46.3686,-58.289,-68.4239,-76.3575,-81.7107,-84.1508,-83.4208,-79.3563,-71.916,-61.198,-47.4,-30.824,-11.879,8.448,29.8,51.1,71.2,89.0,103.4,113.4,118.0,116.2,107.0,90.4,65.4,31.0,-12.0,-65.0,-127.0,-197.0,-274.0
100,2025-10-30 03:54:34,executed,0.0,14.3106,27.8732,40.0988,50.6237,59.1026,65.2398,68.7845,69.6456,67.8,63.3039,56.2974,47.0985,36.002,23.39,9.6385,-4.5103,-18.995,-33.1118,-46.3686,-58.289,-68.4239,-76.3575,-81.7107,-84.1508,-83.4208,-79.3563,-71.916,-61.198,-47.4,-30.824,-11.879,8.448,29.8,51.1,71.2,89.0,103.4,113.4,118.0,116.2,107.0,90.4,65.4,31.0,-12.0,-65.0,-127.0,-197.0,-274.0
100,2025-10-30 03:56:12,proposed,0.0,8.939014,17.752042,26.347039,34.629014,42.506015,49.888015,56.690015,62.829015,68.230015,70.0,68.230015,62.829015,56.690015,49.888015,42.506015,34.629014,26.347039,17.752042,8.939014,0.0,-8.939014,-17.752042,-26.347039,-34.629014,-42.506015,-49.888015,-56.690015,-62.829015,-68.230015,-70.0,-68.230015,-62.829015,-56.690015,-49.888015,-42.506015,-34.629014,-26.347039,-17.752042,-8.939014,0.0,8.939014,17.752042,26.347039,34.629014,42.506015,49.888015,56.690015,62.829015,68.230015
101,2025-10-30 03:56:52,executed,0.0,8.939014,17.752042,26.347039,34.629014,42.506015,49.888015,56.690015,62.829015,68.230015,70.0,68.230015,62.829015,56.690015,49.888015,42.506015,34.629014,26.347039,17.752042,8.939014,0.0,-8.939014,-17.752042,-26.347039,-34.629014,-42.506015,-49.888015,-56.690015,-62.829015,-68.230015,-70.0,-68.230015,-62.829015,-56.690015,-49.888015,-42.506015,-34.629014,-26.347039,-17.752042,-8.939014,0.0,8.939014,17.752042,26.347039,34.629014,42.506015,49.888015,56.690015,62.829015,68.230015
101,2025-10-30 03:57:42,proposed,70.0,69.8368,69.3484,68.5379,67.4092,65.9678,64.2201,62.173,59.834,57.211,54.312,51.1459,47.721,44.0461,40.1302,35.982,31.6106,27.025,22.2344,17.2483,12.076,6.7275,1.2128,-4.4756,-10.3292,-16.3378,-22.4899,-28.773,-35.174,-41.679,-48.274,-54.945,-61.677,-68.455,-69.9999,-68.455,-61.677,-54.945,-48.274,-41.679,-35.174,-28.773,-22.4899,-16.3378,-10.3292,-4.4756,1.2128,6.7275,12.076,17.2483
102,2025-10-30 03:58:22,executed,70.0,69.8368,69.3484,68.5379,67.4092,65.9678,64.2201,62.173,59.834,57.211,54.312,51.1459,47.721,44.0461,40.1302,35.982,31.6106,27.025,22.2344,17.2483,12.076,6.7275,1.2128,-4.4756,-10.3292,-16.3378,-22.4899,-28.773,-35.174,-41.679,-48.274,-54.945,-61.677,-68.455,-69.9999,-68.455,-61.677,-54.945,-48.274,-41.679,-35.174,-28.773,-22.4899,-16.3378,-10.3292,-4.4756,1.2128,6.7275,12.076,17.2483
102,2025-10-30 03:59:40,proposed,80.0,79.3432085350901,77.3760366601445,74.13110260273766,69.6672439148013,64.0534246066228,57.37043806295595,49.71071427500589,41.17640248431958,31.88080075594046,21.94700010078043,11.507000000000001,0.6923000000000001,-10.208,-20.803000000000004,-30.980400000000003,-40.638000000000005,-49.679,-58.01200000000001,-65.55300000000001,-72.223,-77.949,-80.0,-77.949,-72.223,-65.55300000000001,-58.01200000000001,-49.679,-40.638000000000005,-30.980400000000003,-20.803000000000004,-10.208,0.6923000000000001,11.507000000000001,21.94700010078043,31.88080075594046,41.17640248431958,49.71071427500589,57.37043806295595,64.0534246066228,69.6672439148013,74.13110260273766,77.3760366601445,79.3432085350901,80.0,79.3432085350901,77.3760366601445,74.13110260273766,69.6672439148013,64.0534246066228
103,2025-10-30 04:00:20,executed,80.0,79.3432085350901,77.3760366601445,74.13110260273766,69.6672439148013,64.0534246066228,57.37043806295595,49.71071427500589,41.17640248431958,31.88080075594046,21.94700010078043,11.507000000000001,0.6923000000000001,-10.208,-20.803000000000004,-30.980400000000003,-40.638000000000005,-49.679,-58.01200000000001,-65.55300000000001,-72.223,-77.949,-80.0,-77.949,-72.223,-65.55300000000001,-58.01200000000001,-49.679,-40.638000000000005,-30.980400000000003,-20.803000000000004,-10.208,0.6923000000000001,11.507000000000001,21.94700010078043,31.88080075594046,41.17640248431958,49.71071427500589,57.37043806295595,64.0534246066228,69.6672439148013,74.13110260273766,77.3760366601445,79.3432085350901,80.0,79.3432085350901,77.3760366601445,74.13110260273766,69.6672439148013,64.0534246066228
103,2025-10-30 04:01:11,proposed,0.0,23.639704,44.974926,61.905649,72.898952,77.087713,73.951509,63.665736,47.552825,27.206809,4.43673,-18.367347,-39.748107,-58.653303,-73.647608,-83.196626,-86.828017,-84.019248,-74.466107,-58.778525,-38.389906,-14.793006,9.236102,33.978016,57.000602,76.25,80.0,76.25,57.000602,33.978016,9.236102,-14.793006,-38.389906,-58.778525,-74.466107,-84.019248,-86.828017,-83.196626,-73.647608,-58.653303,-39.748107,-18.367347,4.43673,27.206809,47.552825,63.665736,73.951509,77.087713,72.898952,61.905649
104,2025-10-30 04:01:51,executed,0.0,23.639704,44.974926,61.905649,72.898952,77.087713,73.951509,63.665736,47.552825,27.206809,4.43673,-18.367347,-39.748107,-58.653303,-73.647608,-83.196626,-86.828017,-84.019248,-74.466107,-58.778525,-38.389906,-14.793006,9.236102,33.978016,57.000602,76.25,80.0,76.25,57.000602,33.978016,9.236102,-14.793006,-38.389906,-58.778525,-74.466107,-84.019248,-86.828017,-83.196626,-73.647608,-58.653303,-39.748107,-18.367347,4.43673,27.206809,47.552825,63.665736,73.951509,77.087713,72.898952,61.905649
104,2025-10-30 04:04:13,proposed,0.0,8.9009,17.4005,25.3908,32.7876,39.5165,45.5099,50.6997,55.0298,58.4526,60.9298,62.4338,62.9472,62.463,61.0039,58.5997,55.2899,51.123,46.155,40.4503,34.0805,27.123,19.6593,11.7744,0.0,-11.7743,-19.6592,-27.1229,-34.0804,-40.4502,-46.1549,-51.1229,-55.2898,-58.5996,-61.0038,-62.4629,-62.9471,-62.4337,-60.9297,-58.4525,-55.0297,-50.6996,-45.5098,-39.5164,-32.7875,-25.3907,-17.4004,-8.9008,0.0,0.0
105,2025-10-30 04:04:53,executed,0.0,8.9009,17.4005,25.3908,32.7876,39.5165,45.5099,50.6997,55.0298,58.4526,60.9298,62.4338,62.9472,62.463,61.0039,58.5997,55.2899,51.123,46.155,40.4503,34.0805,27.123,19.6593,11.7744,0.0,-11.7743,-19.6592,-27.1229,-34.0804,-40.4502,-46.1549,-51.1229,-55.2898,-58.5996,-61.0038,-62.4629,-62.9471,-62.4337,-60.9297,-58.4525,-55.0297,-50.6996,-45.5098,-39.5164,-32.7875,-25.3907,-17.4004,-8.9008,0.0,0.0
105,2025-10-30 04:05:39,proposed,90.0,89.8143,89.2588,88.3361,87.0505,85.407,83.4111,81.068,78.384,75.366,72.022,68.36,64.389,60.118,55.558,50.718,45.609,40.243,34.632,28.788,22.724,16.453,9.989,3.346,-3.489,-10.407,-17.199,-23.856,-30.369,-36.73,-42.93,-48.961,-54.815,-60.484,-65.96,-71.236,-76.305,-81.16,-85.794,-90.0,-89.8143,-89.2588,-88.3361,-87.0505,-85.407,-83.4111,-81.068,-78.384,-75.366,-72.022
106,2025-10-30 04:06:19,executed,90.0,89.8143,89.2588,88.3361,87.0505,85.407,83.4111,81.068,78.384,75.366,72.022,68.36,64.389,60.118,55.558,50.718,45.609,40.243,34.632,28.788,22.724,16.453,9.989,3.346,-3.489,-10.407,-17.199,-23.856,-30.369,-36.73,-42.93,-48.961,-54.815,-60.484,-65.96,-71.236,-76.305,-81.16,-85.794,-90.0,-89.8143,-89.2588,-88.3361,-87.0505,-85.407,-83.4111,-81.068,-78.384,-75.366,-72.022
106,2025-10-30 04:07:28,proposed,28.0,8.52085866666667,-31.886471999999994,-58.8239,-45.10490000000001,7.844099999999971,66.0611,47.25243333333337,-97.13356666666667,-256.5,-261.38926666666674,39.66666666666667,777.0,1982.6666666666654,3654.999999999998,5794.0,8401.33333333333,11475.33333333333,15016.0,19024.999999999996,23500.666666666664,28443.0,33853.666666666664,39730.99999999999,46075.0,46758.0,53618.666666666664,60946.0,68740.0,77002.33333333333,85731.33333333333,94927.0,104591.0,114721.66666666667,125319.0,136384.66666666666,147917.0,159916.0,172383.3333333333,185317.3333333333,198718.0,212587.0,226922.66666666666,241725.0,256995.66666666666,272733.0,288937.0,305609.3333333333,322748.3333333333,340500.0
107,2025-10-30 04:08:08,executed,28.0,8.52085866666667,-31.886471999999994,-58.8239,-45.10490000000001,7.844099999999971,66.0611,47.25243333333337,-97.13356666666667,-256.5,-261.38926666666674,39.66666666666667,777.0,1982.6666666666654,3654.999999999998,5794.0,8401.33333333333,11475.33333333333,15016.0,19024.999999999996,23500.666666666664,28443.0,33853.666666666664,39730.99999999999,46075.0,46758.0,53618.666666666664,60946.0,68740.0,77002.33333333333,85731.33333333333,94927.0,104591.0,114721.66666666667,125319.0,136384.66666666666,147917.0,159916.0,172383.3333333333,185317.3333333333,198718.0,212587.0,226922.66666666666,241725.0,256995.66666666666,272733.0,288937.0,305609.3333333333,322748.3333333333,340500.0
107,2025-10-30 04:12:58,proposed,0.0,11.522295,22.846522,33.759905,44.059294,53.548773,61.948834,69.102691,74.879768,79.200109,82.000373,83.242202,82.912959,81.02324,77.60406,72.706173,66.399589,58.778525,49.95995,40.076899,29.28828,17.752002,5.63001,-6.786522,-19.659207,-32.78759,-45.952902,-58.96494,-71.602016,-83.60254,-94.700109,-104.60953,-113.0901,-119.9539,-125.0599,-128.3074,-129.6485,-129.088,-126.6791,-122.5197,-116.7432,-109.5119,-100.9926,-91.3653,-80.8168,-69.526,-57.6698,-45.4286,-32.985,-20.528
108,2025-10-30 04:13:38,executed,0.0,11.522295,22.846522,33.759905,44.059294,53.548773,61.948834,69.102691,74.879768,79.200109,82.000373,83.242202,82.912959,81.02324,77.60406,72.706173,66.399589,58.778525,49.95995,40.076899,29.28828,17.752002,5.63001,-6.786522,-19.659207,-32.78759,-45.952902,-58.96494,-71.602016,-83.60254,-94.700109,-104.60953,-113.0901,-119.9539,-125.0599,-128.3074,-129.6485,-129.088,-126.6791,-122.5197,-116.7432,-109.5119,-100.9926,-91.3653,-80.8168,-69.526,-57.6698,-45.4286,-32.985,-20.528
108,2025-10-30 04:15:10,proposed,100.0,99.2118,96.8583,93.0,87.7208,81.1208,73.3151,64.4208,54.5649,43.8792,32.492,20.5342,8.1397,-4.4367,-17.0,-29.3893,-41.4608,-53.0805,-64.1208,-74.4661,-84.0192,-92.6975,-99.2118,-99.2118,-92.6975,-84.0192,-74.4661,-64.1208,-53.0805,-41.4608,-29.3893,-17.0,-4.4367,8.1397,20.5342,32.492,43.8792,54.5649,64.4208,73.3151,81.1208,87.7208,93.0,96.8583,99.2118,100.0,99.2118,96.8583,93.0,87.7208
109,2025-10-30 04:15:50,executed,100.0,99.2118,96.8583,93.0,87.7208,81.1208,73.3151,64.4208,54.5649,43.8792,32.492,20.5342,8.1397,-4.4367,-17.0,-29.3893,-41.4608,-53.0805,-64.1208,-74.4661,-84.0192,-92.6975,-99.2118,-99.2118,-92.6975,-84.0192,-74.4661,-64.1208,-53.0805,-41.4608,-29.3893,-17.0,-4.4367,8.1397,20.5342,32.492,43.8792,54.5649,64.4208,73.3151,81.1208,87.7208,93.0,96.8583,99.2118,100.0,99.2118,96.8583,93.0,87.7208
109,2025-10-30 04:16:37,proposed,100.0,99.1802,96.7356,92.776,87.3917,80.6976,72.8228,63.8966,54.053,43.4302,32.1749,20.4394,8.3795,-3.7371,-15.7002,-27.2431,-38.2017,-48.4989,-58.0671,-66.8371,-74.7471,-81.7433,-87.7791,-92.8167,-96.828,-99.7946,-100.0,-99.7946,-96.828,-92.8167,-87.7791,-81.7433,-74.7471,-66.8371,-58.0671,-48.4989,-38.2017,-27.2431,-15.7002,-3.7371,8.3795,20.4394,32.1749,43.4302,54.053,63.8966,72.8228,80.6976,87.3917,92.776
110,2025-10-30 04:17:17,executed,100.0,99.1802,96.7356,92.776,87.3917,80.6976,72.8228,63.8966,54.053,43.4302,32.1749,20.4394,8.3795,-3.7371,-15.7002,-27.2431,-38.2017,-48.4989,-58.0671,-66.8371,-74.7471,-81.7433,-87.7791,-92.8167,-96.828,-99.7946,-100.0,-99.7946,-96.828,-92.8167,-87.7791,-81.7433,-74.7471,-66.8371,-58.0671,-48.4989,-38.2017,-27.2431,-15.7002,-3.7371,8.3795,20.4394,32.1749,43.4302,54.053,63.8966,72.8228,80.6976,87.3917,92.776
110,2025-10-30 04:18:04,proposed,70.0,69.8368,69.3484,68.5379,67.4092,65.9678,64.2201,62.173,59.834,57.211,54.312,51.1459,47.721,44.0461,40.1302,35.982,31.6106,27.025,22.2344,17.2483,12.076,6.7275,1.2128,-4.4756,-10.3292,-16.3378,-22.4899,-28.773,-35.174,-41.679,-48.274,-54.945,-61.677,-68.455,-69.9999,-68.455,-61.677,-54.945,-48.274,-41.679,-35.174,-28.773,-22.4899,-16.3378,-10.3292,-4.4756,1.2128,6.7275,12.076,17.2483
111,2025-10-30 04:18:44,executed,70.0,69.8368,69.3484,68.5379,67.4092,65.9678,64.2201,62.173,59.834,57.211,54.312,51.1459,47.721,44.0461,40.1302,35.982,31.6106,27.025,22.2344,17.2483,12.076,6.7275,1.2128,-4.4756,-10.3292,-16.3378,-22.4899,-28.773,-35.174,-41.679,-48.274,-54.945,-61.677,-68.455,-69.9999,-68.455,-61.677,-54.945,-48.274,-41.679,-35.174,-28.773,-22.4899,-16.3378,-10.3292,-4.4756,1.2128,6.7275,12.076,17.2483
111,2025-10-30 04:19:53,proposed,104.2831,95.772,99.8887,90.7933,86.836,82.2647,75.3855,63.8122,55.4859,46.225,30.654,21.0563,10.9702,-3.8166,-16.505,-30.0767,-42.1444,-53.4907,-63.1408,-73.3005,-84.144,-94.381,-99.9622,-99.9622,-94.381,-84.144,-73.3005,-63.1408,-53.4907,-42.1444,-30.0767,-16.505,-3.8166,10.9702,21.0563,30.654,46.225,55.4859,63.8122,75.3855,82.2647,86.836,90.7933,99.8887,95.772,104.2831,95.772,99.8887,90.7933,86.836
112,2025-10-30 04:20:33,executed,104.2831,95.772,99.8887,90.7933,86.836,82.2647,75.3855,63.8122,55.4859,46.225,30.654,21.0563,10.9702,-3.8166,-16.505,-30.0767,-42.1444,-53.4907,-63.1408,-73.3005,-84.144,-94.381,-99.9622,-99.9622,-94.381,-84.144,-73.3005,-63.1408,-53.4907,-42.1444,-30.0767,-16.505,-3.8166,10.9702,21.0563,30.654,46.225,55.4859,63.8122,75.3855,82.2647,86.836,90.7933,99.8887,95.772,104.2831,95.772,99.8887,90.7933,86.836
112,2025-10-30 04:22:11,proposed,98.117,95.8454,92.4278,89.289,85.0689,78.4878,70.0782,61.1687,52.0163,40.7139,30.6402,20.9329,10.9705,-4.0116,-18.0664,-29.6202,-40.5098,-50.8175,-60.0337,-70.052,-80.016,-90.009,-96.7909,-96.4883,-90.2307,-81.0116,-71.5036,-61.037,-50.2526,-40.1587,-29.566,-16.892,-4.0116,8.8787,20.8406,31.944,42.441,52.404,61.3406,70.045,79.0304,85.505,90.0192,94.0249,97.0278,97.4093,96.0827,92.8369,89.6644,85.0689
113,2025-10-30 04:22:51,executed,98.117,95.8454,92.4278,89.289,85.0689,78.4878,70.0782,61.1687,52.0163,40.7139,30.6402,20.9329,10.9705,-4.0116,-18.0664,-29.6202,-40.5098,-50.8175,-60.0337,-70.052,-80.016,-90.009,-96.7909,-96.4883,-90.2307,-81.0116,-71.5036,-61.037,-50.2526,-40.1587,-29.566,-16.892,-4.0116,8.8787,20.8406,31.944,42.441,52.404,61.3406,70.045,79.0304,85.505,90.0192,94.0249,97.0278,97.4093,96.0827,92.8369,89.6644,85.0689
113,2025-10-30 04:25:41,proposed,84.1856,79.9925,76.9922,74.4539,70.9323,67.2307,61.2181,55.1557,47.9654,39.6977,30.5959,21.9669,13.3364,4.2906,-7.0587,-15.4298,-24.0886,-31.7335,-38.6477,-44.4716,-49.6273,-53.5129,-56.5786,-59.088,-60.5975,-61.3417,-60.8432,-59.6074,-57.2917,-54.3454,-49.9772,-45.7483,-40.5235,-34.8698,-28.2037,-21.4326,-14.079,-6.6559,2.0673,10.957,19.3417,27.5367,35.1501,42.6102,49.0069,55.4057,60.912,65.6565,69.3093,72.0734
114,2025-10-30 04:26:21,executed,84.1856,79.9925,76.9922,74.4539,70.9323,67.2307,61.2181,55.1557,47.9654,39.6977,30.5959,21.9669,13.3364,4.2906,-7.0587,-15.4298,-24.0886,-31.7335,-38.6477,-44.4716,-49.6273,-53.5129,-56.5786,-59.088,-60.5975,-61.3417,-60.8432,-59.6074,-57.2917,-54.3454,-49.9772,-45.7483,-40.5235,-34.8698,-28.2037,-21.4326,-14.079,-6.6559,2.0673,10.957,19.3417,27.5367,35.1501,42.6102,49.0069,55.4057,60.912,65.6565,69.3093,72.0734
114,2025-10-30 04:27:23,proposed,93.2112,91.0531,87.8064,84.8246,80.8155,74.5634,66.5743,58.1103,49.4155,38.6782,29.1082,19.8863,10.422,-3.811,-17.1631,-28.1392,-38.4843,-48.2766,-57.032,-66.5494,-76.0152,-85.5086,-91.9514,-91.6639,-85.7192,-76.961,-67.9284,-57.9852,-47.7399,-38.1508,-28.0877,-16.0474,-3.811,8.4348,19.8086,30.3468,40.319,49.7838,58.2736,66.5428,75.0789,81.2298,85.5186,89.3237,92.1764,92.5388,91.2786,88.1951,85.1812,80.8155
115,2025-10-30 04:28:03,executed,93.2112,91.0531,87.8064,84.8246,80.8155,74.5634,66.5743,58.1103,49.4155,38.6782,29.1082,19.8863,10.422,-3.811,-17.1631,-28.1392,-38.4843,-48.2766,-57.032,-66.5494,-76.0152,-85.5086,-91.9514,-91.6639,-85.7192,-76.961,-67.9284,-57.9852,-47.7399,-38.1508,-28.0877,-16.0474,-3.811,8.4348,19.8086,30.3468,40.319,49.7838,58.2736,66.5428,75.0789,81.2298,85.5186,89.3237,92.1764,92.5388,91.2786,88.1951,85.1812,80.8155
115,2025-10-30 04:29:12,proposed,80.0,79.7397,78.9602,77.6656,75.8622,73.558,70.7629,67.4883,63.747,59.5528,54.9213,49.8706,44.4202,38.5907,32.384,25.8038,18.8546,11.542,3.8729,-4.148,-12.4005,-20.8404,-29.4202,-38.0907,-46.8038,-55.5146,-64.1729,-72.732,-81.1429,-89.358,-97.3397,-105.0528,-112.4647,-119.543,-119.9936,-119.543,-112.4647,-105.0528,-97.3397,-89.358,-81.1429,-72.732,-64.1729,-55.5146,-46.8038,-38.0907,-29.4202,-20.8404,-12.4005,-4.148
116,2025-10-30 04:29:52,executed,80.0,79.7397,78.9602,77.6656,75.8622,73.558,70.7629,67.4883,63.747,59.5528,54.9213,49.8706,44.4202,38.5907,32.384,25.8038,18.8546,11.542,3.8729,-4.148,-12.4005,-20.8404,-29.4202,-38.0907,-46.8038,-55.5146,-64.1729,-72.732,-81.1429,-89.358,-97.3397,-105.0528,-112.4647,-119.543,-119.9936,-119.543,-112.4647,-105.0528,-97.3397,-89.358,-81.1429,-72.732,-64.1729,-55.5146,-46.8038,-38.0907,-29.4202,-20.8404,-12.4005,-4.148
116,2025-10-30 04:32:06,proposed,0.0,5.8333,11.6667,17.5,23.3333,29.1667,35.0,40.8333,46.6667,52.5,58.3333,64.1667,70.0,64.6154,59.2308,53.8462,48.4615,43.0769,37.6923,32.3077,26.9231,21.5385,16.1538,10.7692,5.3846,0.0,-5.8333,-11.6667,-17.5,-23.3333,-29.1667,-35.0,-40.8333,-46.6667,-52.5,-58.3333,-64.1667,-70.0,-64.1667,-58.3333,-52.5,-46.6667,-40.8333,-35.0,-29.1667,-23.3333,-17.5,-11.6667,-5.8333,0.0
117,2025-10-30 04:32:46,executed,0.0,5.8333,11.6667,17.5,23.3333,29.1667,35.0,40.8333,46.6667,52.5,58.3333,64.1667,70.0,64.6154,59.2308,53.8462,48.4615,43.0769,37.6923,32.3077,26.9231,21.5385,16.1538,10.7692,5.3846,0.0,-5.8333,-11.6667,-17.5,-23.3333,-29.1667,-35.0,-40.8333,-46.6667,-52.5,-58.3333,-64.1667,-70.0,-64.1667,-58.3333,-52.5,-46.6667,-40.8333,-35.0,-29.1667,-23.3333,-17.5,-11.6667,-5.8333,0.0
117,2025-10-30 04:33:32,proposed,85.0,84.3025,82.8197,80.569,77.583,73.917,69.636,64.797,59.467,53.714,47.609,41.224,34.632,27.905,21.115,14.334,7.634,1.086,-5.215,-11.316,-17.119,-22.539,-27.501,-31.936,-35.782,-39.0,-41.56,-43.439,-44.62,-45.09,-44.848,-43.903,-42.269,-40.002,-37.106,-33.61,-29.547,-24.959,-19.897,-14.414,-8.566,-2.411,3.992,10.556,17.164,23.704,30.068,36.15,41.846,47.058
118,2025-10-30 04:34:12,executed,85.0,84.3025,82.8197,80.569,77.583,73.917,69.636,64.797,59.467,53.714,47.609,41.224,34.632,27.905,21.115,14.334,7.634,1.086,-5.215,-11.316,-17.119,-22.539,-27.501,-31.936,-35.782,-39.0,-41.56,-43.439,-44.62,-45.09,-44.848,-43.903,-42.269,-40.002,-37.106,-33.61,-29.547,-24.959,-19.897,-14.414,-8.566,-2.411,3.992,10.556,17.164,23.704,30.068,36.15,41.846,47.058
118,2025-10-30 04:35:20,proposed,60.0,59.563,58.269,56.1363,53.2007,49.5103,45.1276,40.1169,34.5446,28.4795,21.9922,15.1544,8.0388,6.098977,0.7188,-5.922,-12.607,-19.215,-25.649,-31.815,-37.62,-43.0,-47.88,-52.2,-55.9,-58.9,-61.1,-62.5,-63.0,-62.5,-61.1,-58.9,-55.9,-52.2,-47.88,-43.0,-37.62,-31.815,-25.649,-19.215,-12.607,-5.922,0.7188,6.098977,8.0388,15.1544,21.9922,28.4795,34.5446,40.1169
119,2025-10-30 04:36:00,executed,60.0,59.563,58.269,56.1363,53.2007,49.5103,45.1276,40.1169,34.5446,28.4795,21.9922,15.1544,8.0388,6.098977,0.7188,-5.922,-12.607,-19.215,-25.649,-31.815,-37.62,-43.0,-47.88,-52.2,-55.9,-58.9,-61.1,-62.5,-63.0,-62.5,-61.1,-58.9,-55.9,-52.2,-47.88,-43.0,-37.62,-31.815,-25.649,-19.215,-12.607,-5.922,0.7188,6.098977,8.0388,15.1544,21.9922,28.4795,34.5446,40.1169
119,2025-10-30 04:38:02,proposed,90.0,89.2069,86.8407,82.9305,77.579,72.8228,66.8615,59.834,51.8907,43.1905,33.908,24.1201,13.9999,3.6201,-6.9305,-17.579,-28.1201,-38.408,-48.2999,-57.65,-66.3385,-74.2407,-81.2407,-87.2305,-92.1069,-95.779,-98.1615,-99.1905,-98.8193,-97.0193,-93.8193,-89.2305,-83.2999,-76.1069,-67.7305,-58.2999,-47.908,-36.6905,-24.7999,-12.3905,0.408,13.4305,26.579,39.636,52.3999,64.6799,76.283,87.0201,96.7193,105.2193
120,2025-10-30 04:38:42,executed,90.0,89.2069,86.8407,82.9305,77.579,72.8228,66.8615,59.834,51.8907,43.1905,33.908,24.1201,13.9999,3.6201,-6.9305,-17.579,-28.1201,-38.408,-48.2999,-57.65,-66.3385,-74.2407,-81.2407,-87.2305,-92.1069,-95.779,-98.1615,-99.1905,-98.8193,-97.0193,-93.8193,-89.2305,-83.2999,-76.1069,-67.7305,-58.2999,-47.908,-36.6905,-24.7999,-12.3905,0.408,13.4305,26.579,39.636,52.3999,64.6799,76.283,87.0201,96.7193,105.2193
120,2025-10-30 04:39:51,proposed,66.5,66.08656,64.85422,62.820175,60.009505,56.454899,52.1968,47.2815,41.762,35.6972,29.1517,22.19675,14.90835,7.36725,-0.285,-7.98,-15.58,-22.99,-30.115,-36.86,-43.13,-48.83,-53.865,-58.14,-61.56,-64.03,-65.455,-65.835,-65.075,-63.175,-60.135,-56.05,-50.825,-44.555,-37.335,-29.165,-20.14,-10.355,-0.0,10.83,22.04,33.44,44.84,56.05,66.88,77.14,86.64,95.19,102.6,108.68
121,2025-10-30 04:40:31,executed,66.5,66.08656,64.85422,62.820175,60.009505,56.454899,52.1968,47.2815,41.762,35.6972,29.1517,22.19675,14.90835,7.36725,-0.285,-7.98,-15.58,-22.99,-30.115,-36.86,-43.13,-48.83,-53.865,-58.14,-61.56,-64.03,-65.455,-65.835,-65.075,-63.175,-60.135,-56.05,-50.825,-44.555,-37.335,-29.165,-20.14,-10.355,-0.0,10.83,22.04,33.44,44.84,56.05,66.88,77.14,86.64,95.19,102.6,108.68
121,2025-10-30 04:42:06,proposed,0.0,10.0,19.509,28.375,36.495,43.78,50.156,55.569,59.973,63.333,65.626,66.839,66.966,66.002,63.957,60.85,56.709,51.569,45.474,38.48,30.656,22.08,12.839,3.02,-6.966,-16.966,-26.839,-36.495,-45.78,-54.569,-62.78,-70.333,-77.14,-83.126,-88.216,-92.348,-95.46,-97.502,-98.43,-98.216,-96.86,-94.36,-90.72,-85.95,-80.06,-73.07,-65.0,-55.88,-45.74,-34.63
122,2025-10-30 04:42:46,executed,0.0,10.0,19.509,28.375,36.495,43.78,50.156,55.569,59.973,63.333,65.626,66.839,66.966,66.002,63.957,60.85,56.709,51.569,45.474,38.48,30.656,22.08,12.839,3.02,-6.966,-16.966,-26.839,-36.495,-45.78,-54.569,-62.78,-70.333,-77.14,-83.126,-88.216,-92.348,-95.46,-97.502,-98.43,-98.216,-96.86,-94.36,-90.72,-85.95,-80.06,-73.07,-65.0,-55.88,-45.74,-34.63
122,2025-10-30 04:43:27,proposed,80.0,79.832,79.33,78.502,77.355,75.897,74.138,72.086,69.75,67.14,64.268,61.146,57.786,54.199,50.398,46.395,42.203,37.835,33.304,28.624,23.809,18.873,13.83,8.694,3.478,-1.815,-7.102,-12.368,-17.601,-22.787,-27.914,-32.97,-37.943,-42.822,-47.596,-52.254,-56.786,-61.182,-65.432,-69.526,-73.455,-77.209,-80.0,-77.209,-73.455,-69.526,-65.432,-61.182,-56.786,-52.254
123,2025-10-30 04:44:07,executed,80.0,79.832,79.33,78.502,77.355,75.897,74.138,72.086,69.75,67.14,64.268,61.146,57.786,54.199,50.398,46.395,42.203,37.835,33.304,28.624,23.809,18.873,13.83,8.694,3.478,-1.815,-7.102,-12.368,-17.601,-22.787,-27.914,-32.97,-37.943,-42.822,-47.596,-52.254,-56.786,-61.182,-65.432,-69.526,-73.455,-77.209,-80.0,-77.209,-73.455,-69.526,-65.432,-61.182,-56.786,-52.254
123,2025-10-30 04:45:33,proposed,95.0,94.221,91.8935,88.0863,82.8936,76.4259,68.7963,60.1415,50.6036,40.3392,29.5085,18.2764,6.809,-4.7836,-16.2942,-27.604,-38.5794,-49.1009,-59.0537,-68.3297,-76.829,-84.4593,-91.136,-96.769,-99.9905,-99.9905,-96.769,-91.136,-84.4593,-76.829,-68.3297,-59.0537,-49.1009,-38.5794,-27.604,-16.2942,-4.7836,6.809,18.2764,29.5085,40.3392,50.6036,60.1415,68.7963,76.4259,82.8936,88.0863,91.8935,94.221,95.0
124,2025-10-30 04:46:13,executed,95.0,94.221,91.8935,88.0863,82.8936,76.4259,68.7963,60.1415,50.6036,40.3392,29.5085,18.2764,6.809,-4.7836,-16.2942,-27.604,-38.5794,-49.1009,-59.0537,-68.3297,-76.829,-84.4593,-91.136,-96.769,-99.9905,-99.9905,-96.769,-91.136,-84.4593,-76.829,-68.3297,-59.0537,-49.1009,-38.5794,-27.604,-16.2942,-4.7836,6.809,18.2764,29.5085,40.3392,50.6036,60.1415,68.7963,76.4259,82.8936,88.0863,91.8935,94.221,95.0
124,2025-10-30 04:47:03,proposed,0.0,13.36098715785084,26.04618218128362,37.78160249279766,48.31885994238519,57.44702008272848,65.00000000000001,70.8524450375005,74.9126388486016,77.1265814271449,77.4764923480072,75.9890696773539,72.7301037748892,67.8078772381275,61.3654471905664,53.57867623999979,44.65406561138439,34.79632709289299,24.21858880468356,13.13897746019777,1.776616056345914,-9.66014457632616,-20.80304675583465,-31.42857142857143,-41.33230870932829,-50.33400030679879,-58.2690048128224,-65.00000000000001,-70.3957813958976,-74.3590082191567,-76.8202573216828,-77.7301037748892,-77.0684825965934,-74.8398038930491,-71.1065790515647,-65.9754170364964,-59.5707760975618,-52.03040003067988,-43.49204000000001,-34.10000000000001,-23.999999999999996,-13.36098715785084,-2.3999999999999995,8.64,19.440000000000005,29.840000000000003,39.760000000000005,49.120000000000005,57.84,65.84
125,2025-10-30 04:47:43,executed,0.0,13.36098715785084,26.04618218128362,37.78160249279766,48.31885994238519,57.44702008272848,65.00000000000001,70.8524450375005,74.9126388486016,77.1265814271449,77.4764923480072,75.9890696773539,72.7301037748892,67.8078772381275,61.3654471905664,53.57867623999979,44.65406561138439,34.79632709289299,24.21858880468356,13.13897746019777,1.776616056345914,-9.66014457632616,-20.80304675583465,-31.42857142857143,-41.33230870932829,-50.33400030679879,-58.2690048128224,-65.00000000000001,-70.3957813958976,-74.3590082191567,-76.8202573216828,-77.7301037748892,-77.0684825965934,-74.8398038930491,-71.1065790515647,-65.9754170364964,-59.5707760975618,-52.03040003067988,-43.49204000000001,-34.10000000000001,-23.999999999999996,-13.36098715785084,-2.3999999999999995,8.64,19.440000000000005,29.840000000000003,39.760000000000005,49.120000000000005,57.84,65.84
125,2025-10-30 04:49:12,proposed,0.0,12.5333,24.869,36.8125,48.1754,58.7785,68.4547,77.0403,84.3854,90.354,94.825,97.7,98.9,98.354,96.0,91.8,85.8,78.0,68.5,57.4,44.8,30.9,15.9,0.0,-15.9,-30.9,-44.8,-57.4,-68.5,-78.0,-85.8,-91.8,-96.0,-98.354,-98.9,-97.7,-94.825,-90.354,-84.3854,-77.0403,-68.4547,-58.7785,-48.1754,-36.8125,-24.869,-12.5333,-0.0,12.5333,24.869,36.8125
126,2025-10-30 04:49:52,executed,0.0,12.5333,24.869,36.8125,48.1754,58.7785,68.4547,77.0403,84.3854,90.354,94.825,97.7,98.9,98.354,96.0,91.8,85.8,78.0,68.5,57.4,44.8,30.9,15.9,0.0,-15.9,-30.9,-44.8,-57.4,-68.5,-78.0,-85.8,-91.8,-96.0,-98.354,-98.9,-97.7,-94.825,-90.354,-84.3854,-77.0403,-68.4547,-58.7785,-48.1754,-36.8125,-24.869,-12.5333,-0.0,12.5333,24.869,36.8125
126,2025-10-30 04:50:44,proposed,0.0,9.5775,19.0097,28.1903,37.0097,45.3585,53.137,60.257,66.6393,72.2059,76.8893,80.6322,83.3879,85.1166,85.7893,85.388,83.9103,81.3697,77.785,73.1897,67.619,61.119,53.746,45.565,36.65,27.08,16.85,6.05,-5.25,-16.95,-28.95,-41.15,-53.45,-65.75,-77.95,-89.95,-101.65,-112.95,-123.75,-133.95,-143.45,-152.15,-159.95,-166.75,-172.45,-176.95,-180.15,-181.95,-182.25,-181.05
127,2025-10-30 04:51:24,executed,0.0,9.5775,19.0097,28.1903,37.0097,45.3585,53.137,60.257,66.6393,72.2059,76.8893,80.6322,83.3879,85.1166,85.7893,85.388,83.9103,81.3697,77.785,73.1897,67.619,61.119,53.746,45.565,36.65,27.08,16.85,6.05,-5.25,-16.95,-28.95,-41.15,-53.45,-65.75,-77.95,-89.95,-101.65,-112.95,-123.75,-133.95,-143.45,-152.15,-159.95,-166.75,-172.45,-176.95,-180.15,-181.95,-182.25,-181.05
127,2025-10-30 04:52:42,proposed,0.0,26.83785638517223,50.85171120092498,70.0935593897914,83.0298687791404,88.74088463953457,86.7323562635951,77.0142345579997,60.10860548170278,36.96788226065564,9.09643440784949,-20.08154564539665,-48.06917646199396,-72.0672005886326,-89.4449089052061,-98.2467367807096,-97.0270603738099,-85.2933405760842,-64.4440723847849,-36.19692476023348,-2.997677095034608,30.73033703666504,61.30908752203794,85.0,99.4449089052061,99.4449089052061,85.0,61.30908752203794,30.73033703666504,-2.997677095034608,-36.19692476023348,-64.4440723847849,-85.2933405760842,-97.0270603738099,-98.2467367807096,-89.4449089052061,-72.0672005886326,-48.06917646199396,-20.08154564539665,9.09643440784949,36.96788226065564,60.10860548170278,77.0142345579997,86.7323562635951,88.74088463953457,83.0298687791404,70.0935593897914,50.85171120092498,26.83785638517223,0.0
128,2025-10-30 04:53:22,executed,0.0,26.83785638517223,50.85171120092498,70.0935593897914,83.0298687791404,88.74088463953457,86.7323562635951,77.0142345579997,60.10860548170278,36.96788226065564,9.09643440784949,-20.08154564539665,-48.06917646199396,-72.0672005886326,-89.4449089052061,-98.2467367807096,-97.0270603738099,-85.2933405760842,-64.4440723847849,-36.19692476023348,-2.997677095034608,30.73033703666504,61.30908752203794,85.0,99.4449089052061,99.4449089052061,85.0,61.30908752203794,30.73033703666504,-2.997677095034608,-36.19692476023348,-64.4440723847849,-85.2933405760842,-97.0270603738099,-98.2467367807096,-89.4449089052061,-72.0672005886326,-48.06917646199396,-20.08154564539665,9.09643440784949,36.96788226065564,60.10860548170278,77.0142345579997,86.7323562635951,88.74088463953457,83.0298687791404,70.0935593897914,50.85171120092498,26.83785638517223,0.0
128,2025-10-30 04:54:58,proposed,80.0,79.47924700778702,77.9290073041267,75.37895000957904,71.8705900593784,67.4586310232491,62.20096238612198,56.16709873099902,49.43003006272906,42.06401676837966,34.14545247926955,25.75294025139046,16.96695777093256,7.86907409403882,-1.306085189736853,-10.51347648174526,-19.60096238612198,-28.43003006272906,-36.86401676837966,-44.7705900593784,-52.03096238612198,-58.53003006272906,-64.16709873099902,-68.84545247926955,-72.47924700778702,-75.0,-76.37895000957904,-76.60096238612198,-75.75294025139046,-73.8705900593784,-70.99903761387802,-67.19092590596118,-62.51347648174526,-57.04545247926955,-50.8705900593784,-44.0709926958733,-36.73096238612198,-28.93003006272906,-20.75294025139046,-12.2705900593784,-3.56907409403882,5.20096238612198,13.93003006272906,22.4705900593784,30.70096238612198,38.50096238612198,45.75294025139046,52.34545247926955,58.1709926958733,63.12096238612198
129,2025-10-30 04:55:38,executed,80.0,79.47924700778702,77.9290073041267,75.37895000957904,71.8705900593784,67.4586310232491,62.20096238612198,56.16709873099902,49.43003006272906,42.06401676837966,34.14545247926955,25.75294025139046,16.96695777093256,7.86907409403882,-1.306085189736853,-10.51347648174526,-19.60096238612198,-28.43003006272906,-36.86401676837966,-44.7705900593784,-52.03096238612198,-58.53003006272906,-64.16709873099902,-68.84545247926955,-72.47924700778702,-75.0,-76.37895000957904,-76.60096238612198,-75.75294025139046,-73.8705900593784,-70.99903761387802,-67.19092590596118,-62.51347648174526,-57.04545247926955,-50.8705900593784,-44.0709926958733,-36.73096238612198,-28.93003006272906,-20.75294025139046,-12.2705900593784,-3.56907409403882,5.20096238612198,13.93003006272906,22.4705900593784,30.70096238612198,38.50096238612198,45.75294025139046,52.34545247926955,58.1709926958733,63.12096238612198
129,2025-10-30 04:57:06,proposed,90.0,89.2644,87.0673,83.4754,78.5701,72.4578,65.2599,57.0984,48.099,38.3899,28.1064,17.3898,6.3846,-4.7077,-15.7001,-26.4018,-36.631,-46.219,-55.0039,-62.8398,-69.6008,-75.1788,-79.4777,-82.4137,-83.9149,-83.9149,-82.4137,-79.4777,-75.1788,-69.6008,-62.8398,-55.0039,-46.219,-36.631,-26.4018,-15.7001,-4.7077,6.3846,17.3898,28.1064,38.3899,48.099,57.0984,65.2599,72.4578,78.5701,83.4754,87.0673,89.2644,90.0
130,2025-10-30 04:57:46,executed,90.0,89.2644,87.0673,83.4754,78.5701,72.4578,65.2599,57.0984,48.099,38.3899,28.1064,17.3898,6.3846,-4.7077,-15.7001,-26.4018,-36.631,-46.219,-55.0039,-62.8398,-69.6008,-75.1788,-79.4777,-82.4137,-83.9149,-83.9149,-82.4137,-79.4777,-75.1788,-69.6008,-62.8398,-55.0039,-46.219,-36.631,-26.4018,-15.7001,-4.7077,6.3846,17.3898,28.1064,38.3899,48.099,57.0984,65.2599,72.4578,78.5701,83.4754,87.0673,89.2644,90.0
130,2025-10-30 04:59:48,proposed,91.7947134375496,97.2346610777931,99.78913936306563,99.3031023778553,95.7335905080064,89.1084279580436,79.5937449553754,67.39999908682854,52.87271452286989,36.39869150893081,18.40938363749764,-0.000676449171731135,-18.06173003260846,-35.29177112046835,-51.19632190393439,-65.2982823675037,-77.1593976861537,-86.38883713063532,-92.7482860888913,-96.0754859062325,-96.2946220800632,-93.4259021815127,-87.5028045617066,-78.5997970868843,-66.8286596913161,-52.3486395349581,-35.3524147748464,-16.0594364028082,4.965935939454845,27.24508404286134,50.04562095873932,72.5451874287898,93.9168051772658,113.3444002621455,129.9996053896568,143.0487570499898,151.7766858004735,155.5768532462319,153.9482594695027,146.5050895393088,132.9999557766059,113.3444002621455,87.6555997378545,56.1003946103432,18.9512429500102,-24.7766858004735,-73.0487570499898,-125.9996053896568,-182.8768532462319,-243.0487570499898
131,2025-10-30 05:00:28,executed,91.7947134375496,97.2346610777931,99.78913936306563,99.3031023778553,95.7335905080064,89.1084279580436,79.5937449553754,67.39999908682854,52.87271452286989,36.39869150893081,18.40938363749764,-0.000676449171731135,-18.06173003260846,-35.29177112046835,-51.19632190393439,-65.2982823675037,-77.1593976861537,-86.38883713063532,-92.7482860888913,-96.0754859062325,-96.2946220800632,-93.4259021815127,-87.5028045617066,-78.5997970868843,-66.8286596913161,-52.3486395349581,-35.3524147748464,-16.0594364028082,4.965935939454845,27.24508404286134,50.04562095873932,72.5451874287898,93.9168051772658,113.3444002621455,129.9996053896568,143.0487570499898,151.7766858004735,155.5768532462319,153.9482594695027,146.5050895393088,132.9999557766059,113.3444002621455,87.6555997378545,56.1003946103432,18.9512429500102,-24.7766858004735,-73.0487570499898,-125.9996053896568,-182.8768532462319,-243.0487570499898
131,2025-10-30 05:01:33,proposed,80.0,76.73469387755102,73.46938775510203,70.20408163265306,66.93877551020408,63.6734693877551,60.40816326530612,57.142857142857146,53.87755102040816,50.61224489795919,47.3469387755102,44.08163265306123,40.81632653061224,37.55102040816326,34.285714285714285,31.020408163265305,27.755102040816325,24.489795918367346,21.224489795918366,17.959183673469386,14.693877551020408,11.428571428571427,8.16326530612245,4.897959183673469,1.6326530612244898,-1.6326530612244898,-4.897959183673469,-8.16326530612245,-11.428571428571427,-14.693877551020408,-17.959183673469386,-21.224489795918366,-24.489795918367346,-27.755102040816325,-31.020408163265305,-34.285714285714285,-37.55102040816326,-40.81632653061224,-44.08163265306123,-47.3469387755102,-50.61224489795919,-53.87755102040816,-57.142857142857146,-60.40816326530612,-63.6734693877551,-66.93877551020408,-70.20408163265306,-73.46938775510203,-76.73469387755102,-80.0
132,2025-10-30 05:02:13,executed,80.0,76.73469387755102,73.46938775510203,70.20408163265306,66.93877551020408,63.6734693877551,60.40816326530612,57.142857142857146,53.87755102040816,50.61224489795919,47.3469387755102,44.08163265306123,40.81632653061224,37.55102040816326,34.285714285714285,31.020408163265305,27.755102040816325,24.489795918367346,21.224489795918366,17.959183673469386,14.693877551020408,11.428571428571427,8.16326530612245,4.897959183673469,1.6326530612244898,-1.6326530612244898,-4.897959183673469,-8.16326530612245,-11.428571428571427,-14.693877551020408,-17.959183673469386,-21.224489795918366,-24.489795918367346,-27.755102040816325,-31.020408163265305,-34.285714285714285,-37.55102040816326,-40.81632653061224,-44.08163265306123,-47.3469387755102,-50.61224489795919,-53.87755102040816,-57.142857142857146,-60.40816326530612,-63.6734693877551,-66.93877551020408,-70.20408163265306,-73.46938775510203,-76.73469387755102,-80.0
132,2025-10-30 05:03:13,proposed,50.0,49.585,48.3479,46.3129,43.5208,39.9999,35.7905,30.9409,25.5009,19.5209,13.0509,6.1409,-1.109,-8.649,-16.359,-24.119,-31.809,-39.309,-46.499,-49.9202,-49.835,-46.499,-39.309,-31.809,-24.119,-16.359,-8.649,-1.109,6.1409,13.0509,19.5209,25.5009,30.9409,35.7905,39.9999,43.5208,46.3129,48.3479,49.585,50.0,49.585,48.3479,46.3129,43.5208,39.9999,35.7905,30.9409,25.5009,19.5209,13.0509
133,2025-10-30 05:03:53,executed,50.0,49.585,48.3479,46.3129,43.5208,39.9999,35.7905,30.9409,25.5009,19.5209,13.0509,6.1409,-1.109,-8.649,-16.359,-24.119,-31.809,-39.309,-46.499,-49.9202,-49.835,-46.499,-39.309,-31.809,-24.119,-16.359,-8.649,-1.109,6.1409,13.0509,19.5209,25.5009,30.9409,35.7905,39.9999,43.5208,46.3129,48.3479,49.585,50.0,49.585,48.3479,46.3129,43.5208,39.9999,35.7905,30.9409,25.5009,19.5209,13.0509
133,2025-10-30 05:05:17,proposed,80.0,79.3445,77.3821,74.1539,69.7202,64.1539,57.5405,50.0,41.66,32.6102,22.95,12.7937,2.26,-8.57,-19.5,-29.99,-39.71,-48.5,-56.2,-62.6,-67.6,-71.1,-73.1,-73.6,-72.6,-70.1,-66.2,-60.9,-54.3,-46.5,-37.6,-27.8,-17.2,-6.0,5.5,17.2,28.6,39.4,49.3,58.1,65.7,71.9,76.6,79.7,80.0,79.7,76.6,71.9,65.7,58.1
134,2025-10-30 05:05:57,executed,80.0,79.3445,77.3821,74.1539,69.7202,64.1539,57.5405,50.0,41.66,32.6102,22.95,12.7937,2.26,-8.57,-19.5,-29.99,-39.71,-48.5,-56.2,-62.6,-67.6,-71.1,-73.1,-73.6,-72.6,-70.1,-66.2,-60.9,-54.3,-46.5,-37.6,-27.8,-17.2,-6.0,5.5,17.2,28.6,39.4,49.3,58.1,65.7,71.9,76.6,79.7,80.0,79.7,76.6,71.9,65.7,58.1
134,2025-10-30 05:07:17,proposed,0.0,3.106579213190241,6.155301070740206,9.08745507310089,11.84501289191942,14.37113948633719,16.61081308323678,18.51163625064563,20.02387498725964,21.10178450849926,21.70327680077093,21.79287680077093,21.35976218006399,20.39009949938837,18.89785834887968,16.90471189490209,14.44299863868519,11.554095,8.29037599059523,4.704207198816847,8.898100000000002e-16,-4.704207198816847,-8.29037599059523,-11.554095,-14.44299863868519,-16.90471189490209,-18.89785834887968,-20.39009949938837,-21.35976218006399,-21.79287680077093,-21.70327680077093,-21.10178450849926,-20.02387498725964,-18.51163625064563,-16.61081308323678,-14.37113948633719,-11.84501289191942,-9.08745507310089,-6.155301070740206,-3.106579213190241,-1.7796200000000003e-15,3.106579213190241,6.155301070740206,9.08745507310089,11.84501289191942,14.37113948633719,16.61081308323678,18.51163625064563,20.02387498725964,21.10178450849926
135,2025-10-30 05:07:57,executed,0.0,3.106579213190241,6.155301070740206,9.08745507310089,11.84501289191942,14.37113948633719,16.61081308323678,18.51163625064563,20.02387498725964,21.10178450849926,21.70327680077093,21.79287680077093,21.35976218006399,20.39009949938837,18.89785834887968,16.90471189490209,14.44299863868519,11.554095,8.29037599059523,4.704207198816847,8.898100000000001,-16.0,-4.704207198816847,-8.29037599059523,-11.554095,-14.44299863868519,-16.90471189490209,-18.89785834887968,-20.39009949938837,-21.35976218006399,-21.79287680077093,-21.70327680077093,-21.10178450849926,-20.02387498725964,-18.51163625064563,-16.61081308323678,-14.37113948633719,-11.84501289191942,-9.08745507310089,-6.155301070740206,-3.106579213190241,-1.7796200000000002,-15.0,3.106579213190241,6.155301070740206,9.08745507310089,11.84501289191942,14.37113948633719,16.61081308323678,18.51163625064563
135,2025-10-30 05:09:00,proposed,60.0,59.5264,58.0902,55.7196,52.4578,48.3582,43.4897,37.9287,31.7656,25.0902,17.9946,10.5702,2.9092,-4.8092,-12.6056,-20.3656,-27.9546,-35.2478,-42.1208,-48.4592,-54.1501,-59.0899,-63.1802,-66.3299,-68.4547,-69.4792,-69.4792,-68.4547,-66.3299,-63.1802,-59.0899,-54.1501,-48.4592,-42.1208,-35.2478,-27.9546,-20.3656,-12.6056,-4.8092,2.9092,10.5702,17.9946,25.0902,31.7656,37.9287,43.4897,48.3582,52.4578,55.7196,58.0902
136,2025-10-30 05:09:40,executed,60.0,59.5264,58.0902,55.7196,52.4578,48.3582,43.4897,37.9287,31.7656,25.0902,17.9946,10.5702,2.9092,-4.8092,-12.6056,-20.3656,-27.9546,-35.2478,-42.1208,-48.4592,-54.1501,-59.0899,-63.1802,-66.3299,-68.4547,-69.4792,-69.4792,-68.4547,-66.3299,-63.1802,-59.0899,-54.1501,-48.4592,-42.1208,-35.2478,-27.9546,-20.3656,-12.6056,-4.8092,2.9092,10.5702,17.9946,25.0902,31.7656,37.9287,43.4897,48.3582,52.4578,55.7196,58.0902
136,2025-10-30 05:10:38,proposed,0.0,9.49364993437153,18.60505167667825,27.15930063539958,35.09315264376484,42.35084931343753,48.8833919020487,54.64821670902888,59.60955562772591,63.73860007873634,67.0139978716279,69.41961474945197,70.94466065792905,71.5833446059178,71.3346399186644,70.2016597148003,68.1923053880097,65.32070860533003,61.6060410497576,57.0722606673511,51.74853071801878,45.66723237193268,38.86333903106778,31.37497188730309,23.24458032791845,14.51792403913028,5.24355533156165,-4.48390715764032,-14.51792403913028,-23.24458032791845,-31.37497188730309,-38.86333903106778,-45.66723237193268,-51.74853071801878,-57.0722606673511,-61.6060410497576,-65.32070860533003,-68.1923053880097,-70.2016597148003,-71.3346399186644,-71.5833446059178,-70.94466065792905,-69.41961474945197,-67.0139978716279,-63.73860007873634,-59.60955562772591,-54.64821670902888,-48.8833919020487,-42.35084931343753,-35.09315264376484
137,2025-10-30 05:11:18,executed,0.0,9.49364993437153,18.60505167667825,27.15930063539958,35.09315264376484,42.35084931343753,48.8833919020487,54.64821670902888,59.60955562772591,63.73860007873634,67.0139978716279,69.41961474945197,70.94466065792905,71.5833446059178,71.3346399186644,70.2016597148003,68.1923053880097,65.32070860533003,61.6060410497576,57.0722606673511,51.74853071801878,45.66723237193268,38.86333903106778,31.37497188730309,23.24458032791845,14.51792403913028,5.24355533156165,-4.48390715764032,-14.51792403913028,-23.24458032791845,-31.37497188730309,-38.86333903106778,-45.66723237193268,-51.74853071801878,-57.0722606673511,-61.6060410497576,-65.32070860533003,-68.1923053880097,-70.2016597148003,-71.3346399186644,-71.5833446059178,-70.94466065792905,-69.41961474945197,-67.0139978716279,-63.73860007873634,-59.60955562772591,-54.64821670902888,-48.8833919020487,-42.35084931343753,-35.09315264376484
137,2025-10-30 05:12:13,proposed,70.0,69.426,67.712,64.897,61.03,56.187,50.449,43.91,36.675,28.858,20.582,11.973,3.154,-5.7,-14.456,-22.981,-31.15,-38.849,-45.97,-52.417,-58.101,-62.947,-66.888,-69.864,-69.986,-69.734,-66.888,-62.947,-58.101,-52.417,-45.97,-38.849,-31.15,-22.981,-14.456,-5.7,3.154,11.973,20.582,28.858,36.675,43.91,50.449,56.187,61.03,64.897,67.712,69.426,70.0,70.0
138,2025-10-30 05:12:53,executed,70.0,69.426,67.712,64.897,61.03,56.187,50.449,43.91,36.675,28.858,20.582,11.973,3.154,-5.7,-14.456,-22.981,-31.15,-38.849,-45.97,-52.417,-58.101,-62.947,-66.888,-69.864,-69.986,-69.734,-66.888,-62.947,-58.101,-52.417,-45.97,-38.849,-31.15,-22.981,-14.456,-5.7,3.154,11.973,20.582,28.858,36.675,43.91,50.449,56.187,61.03,64.897,67.712,69.426,70.0,70.0
138,2025-10-30 05:13:42,proposed,53.033,45.904,37.785,28.788,19.04,8.681,-1.904,-12.317,-22.319,-31.766,-40.509,-48.428,-55.429,-61.419,-66.31,-70.0,-72.458,-73.673,-73.673,-72.458,-70.0,-66.31,-61.419,-55.429,-48.428,-40.509,-31.766,-22.319,-12.317,-1.904,8.681,19.04,28.788,37.785,45.904,53.033,59.089,63.999,67.673,70.0,70.999,70.673,69.0,65.999,61.766,56.419,49.999,42.673,34.509,25.673
139,2025-10-30 05:14:22,executed,53.033,45.904,37.785,28.788,19.04,8.681,-1.904,-12.317,-22.319,-31.766,-40.509,-48.428,-55.429,-61.419,-66.31,-70.0,-72.458,-73.673,-73.673,-72.458,-70.0,-66.31,-61.419,-55.429,-48.428,-40.509,-31.766,-22.319,-12.317,-1.904,8.681,19.04,28.788,37.785,45.904,53.033,59.089,63.999,67.673,70.0,70.999,70.673,69.0,65.999,61.766,56.419,49.999,42.673,34.509,25.673
139,2025-10-30 05:15:22,proposed,70.0,69.4504,67.8163,65.1228,61.4001,56.6833,51.0116,44.4302,36.9893,28.7504,19.7808,10.1537,0.0,-10.1537,-19.7808,-28.7504,-36.9893,-44.4302,-51.0116,-56.6833,-61.4001,-65.1228,-67.8163,-69.4504,-70.0,-69.4504,-67.8163,-65.1228,-61.4001,-56.6833,-51.0116,-44.4302,-36.9893,-28.7504,-19.7808,-10.1537,0.0,10.1537,19.7808,28.7504,36.9893,44.4302,51.0116,56.6833,61.4001,65.1228,67.8163,69.4504,70.0,69.4504
140,2025-10-30 05:16:02,executed,70.0,69.4504,67.8163,65.1228,61.4001,56.6833,51.0116,44.4302,36.9893,28.7504,19.7808,10.1537,0.0,-10.1537,-19.7808,-28.7504,-36.9893,-44.4302,-51.0116,-56.6833,-61.4001,-65.1228,-67.8163,-69.4504,-70.0,-69.4504,-67.8163,-65.1228,-61.4001,-56.6833,-51.0116,-44.4302,-36.9893,-28.7504,-19.7808,-10.1537,0.0,10.1537,19.7808,28.7504,36.9893,44.4302,51.0116,56.6833,61.4001,65.1228,67.8163,69.4504,70.0,69.4504
140,2025-10-30 05:18:07,proposed,0.0,8.333333333333334,16.666666666666668,25.0,33.333333333333336,41.66666666666667,50.0,58.333333333333336,66.66666666666667,75.0,83.33333333333334,91.66666666666667,100.0,91.66666666666667,83.33333333333334,75.0,66.66666666666667,58.333333333333336,50.0,41.66666666666667,33.333333333333336,25.0,16.666666666666668,8.333333333333334,0.0,-7.6923076923076925,-15.384615384615385,-23.076923076923077,-30.76923076923077,-38.46153846153847,-46.15384615384615,-53.84615384615385,-61.53846153846154,-69.23076923076923,-76.92307692307692,-84.61538461538461,-92.3076923076923,-100.0,-91.66666666666667,-83.33333333333334,-75.0,-66.66666666666667,-58.333333333333336,-50.0,-41.66666666666667,-33.333333333333336,-25.0,-16.666666666666668,-8.333333333333334,0.0
141,2025-10-30 05:18:47,executed,0.0,8.333333333333334,16.666666666666668,25.0,33.333333333333336,41.66666666666667,50.0,58.333333333333336,66.66666666666667,75.0,83.33333333333334,91.66666666666667,100.0,91.66666666666667,83.33333333333334,75.0,66.66666666666667,58.333333333333336,50.0,41.66666666666667,33.333333333333336,25.0,16.666666666666668,8.333333333333334,0.0,-7.6923076923076925,-15.384615384615385,-23.076923076923077,-30.76923076923077,-38.46153846153847,-46.15384615384615,-53.84615384615385,-61.53846153846154,-69.23076923076923,-76.92307692307692,-84.61538461538461,-92.3076923076923,-100.0,-91.66666666666667,-83.33333333333334,-75.0,-66.66666666666667,-58.333333333333336,-50.0,-41.66666666666667,-33.333333333333336,-25.0,-16.666666666666668,-8.333333333333334,0.0
141,2025-10-30 05:19:45,proposed,0.0,3.1901,6.3401,9.4294,12.4377,15.3456,18.1339,20.784,23.2778,25.6079,27.767,29.7487,31.547,33.156,34.5709,35.787,36.7997,37.605,38.1994,38.5802,38.746,38.696,38.4309,37.951,37.257,36.3501,35.232,33.905,32.371,30.632,28.691,26.551,24.215,21.687,18.972,16.074,12.999,9.754,6.347,2.787,-0.929,-4.787,-8.767,-12.859,-17.053,-21.339,-25.707,-30.147,-34.649,-39.203
142,2025-10-30 05:20:25,executed,0.0,3.1901,6.3401,9.4294,12.4377,15.3456,18.1339,20.784,23.2778,25.6079,27.767,29.7487,31.547,33.156,34.5709,35.787,36.7997,37.605,38.1994,38.5802,38.746,38.696,38.4309,37.951,37.257,36.3501,35.232,33.905,32.371,30.632,28.691,26.551,24.215,21.687,18.972,16.074,12.999,9.754,6.347,2.787,-0.929,-4.787,-8.767,-12.859,-17.053,-21.339,-25.707,-30.147,-34.649,-39.203
142,2025-10-30 05:21:36,proposed,0.0,18.116,35.0,49.497,60.621,67.613,70.0,67.613,60.621,49.497,35.0,18.116,0.0,-18.116,-35.0,-49.497,-60.621,-67.613,-70.0,-67.613,-60.621,-49.497,-35.0,-18.116,0.0,70.0,67.613,60.621,49.497,35.0,18.116,0.0,-18.116,-35.0,-49.497,-60.621,-67.613,-70.0,-67.613,-60.621,-49.497,-35.0,-18.116,0.0,18.116,35.0,49.497,60.621,67.613,70.0
143,2025-10-30 05:22:16,executed,0.0,18.116,35.0,49.497,60.621,67.613,70.0,67.613,60.621,49.497,35.0,18.116,0.0,-18.116,-35.0,-49.497,-60.621,-67.613,-70.0,-67.613,-60.621,-49.497,-35.0,-18.116,0.0,70.0,67.613,60.621,49.497,35.0,18.116,0.0,-18.116,-35.0,-49.497,-60.621,-67.613,-70.0,-67.613,-60.621,-49.497,-35.0,-18.116,0.0,18.116,35.0,49.497,60.621,67.613,70.0
143,2025-10-30 05:23:14,proposed,0.0,7.5562,14.9085,21.8906,28.3752,34.2406,39.3789,43.696,47.1086,49.544,50.9388,51.2407,50.407,48.4116,45.242,40.9026,35.4046,28.7752,21.0504,12.2858,2.5539,-8.0862,-19.4206,-31.2582,-43.3407,-55.4054,-67.1795,-78.4069,-88.8474,-98.2737,-106.478,-113.2737,-118.5054,-122.0582,-123.8582,-123.8582,-122.0582,-118.5054,-113.2737,-106.478,-98.2737,-88.8474,-78.4069,-67.1795,-55.4054,-43.3407,-31.2582,-19.4206,-8.0862,2.5539
144,2025-10-30 05:23:54,executed,0.0,7.5562,14.9085,21.8906,28.3752,34.2406,39.3789,43.696,47.1086,49.544,50.9388,51.2407,50.407,48.4116,45.242,40.9026,35.4046,28.7752,21.0504,12.2858,2.5539,-8.0862,-19.4206,-31.2582,-43.3407,-55.4054,-67.1795,-78.4069,-88.8474,-98.2737,-106.478,-113.2737,-118.5054,-122.0582,-123.8582,-123.8582,-122.0582,-118.5054,-113.2737,-106.478,-98.2737,-88.8474,-78.4069,-67.1795,-55.4054,-43.3407,-31.2582,-19.4206,-8.0862,2.5539
144,2025-10-30 05:24:52,proposed,0.0,8.939,17.752,26.347,34.629,42.506,49.888,56.69,62.829,68.23,69.993,69.993,68.23,62.829,56.69,49.888,42.506,34.629,26.347,17.752,8.939,0.0,-8.939,-17.752,-26.347,-34.629,-42.506,-49.888,-56.69,-62.829,-68.23,-69.993,-69.993,-68.23,-62.829,-56.69,-49.888,-42.506,-34.629,-26.347,-17.752,-8.939,0.0,8.939,17.752,26.347,34.629,42.506,49.888,56.69
145,2025-10-30 05:25:32,executed,0.0,8.939,17.752,26.347,34.629,42.506,49.888,56.69,62.829,68.23,69.993,69.993,68.23,62.829,56.69,49.888,42.506,34.629,26.347,17.752,8.939,0.0,-8.939,-17.752,-26.347,-34.629,-42.506,-49.888,-56.69,-62.829,-68.23,-69.993,-69.993,-68.23,-62.829,-56.69,-49.888,-42.506,-34.629,-26.347,-17.752,-8.939,0.0,8.939,17.752,26.347,34.629,42.506,49.888,56.69
145,2025-10-30 05:26:24,proposed,0.0,8.7507,17.3601,25.6936,33.6231,41.0257,47.7836,53.7938,59.0617,63.5011,67.0388,69.6088,70.0,69.6088,67.0388,63.5011,59.0617,53.7938,47.7836,41.0257,33.6231,25.6936,17.3601,8.7507,0.0,-0.0,-8.7507,-17.3601,-25.6936,-33.6231,-41.0257,-47.7836,-53.7938,-59.0617,-63.5011,-67.0388,-70.0,-69.6088,-67.0388,-63.5011,-59.0617,-53.7938,-47.7836,-41.0257,-33.6231,-25.6936,-17.3601,-8.7507,-0.0,-0.0
146,2025-10-30 05:27:04,executed,0.0,8.7507,17.3601,25.6936,33.6231,41.0257,47.7836,53.7938,59.0617,63.5011,67.0388,69.6088,70.0,69.6088,67.0388,63.5011,59.0617,53.7938,47.7836,41.0257,33.6231,25.6936,17.3601,8.7507,0.0,-0.0,-8.7507,-17.3601,-25.6936,-33.6231,-41.0257,-47.7836,-53.7938,-59.0617,-63.5011,-67.0388,-70.0,-69.6088,-67.0388,-63.5011,-59.0617,-53.7938,-47.7836,-41.0257,-33.6231,-25.6936,-17.3601,-8.7507,-0.0,-0.0
146,2025-10-30 05:27:55,proposed,0.0,10.1601,20.2404,30.1609,39.8429,49.1086,57.8813,66.0854,73.6476,80.5,79.9206,79.9206,73.6476,66.0854,57.8813,49.1086,39.8429,30.1609,20.2404,10.1601,0.0,-10.1601,-20.2404,-30.1609,-39.8429,-49.1086,-57.8813,-66.0854,-73.6476,-80.5,-79.9206,-79.9206,-73.6476,-66.0854,-57.8813,-49.1086,-39.8429,-30.1609,-20.2404,-10.1601,0.0,10.1601,20.2404,30.1609,39.8429,49.1086,57.8813,66.0854,73.6476,80.5
147,2025-10-30 05:28:35,executed,0.0,10.1601,20.2404,30.1609,39.8429,49.1086,57.8813,66.0854,73.6476,80.5,79.9206,79.9206,73.6476,66.0854,57.8813,49.1086,39.8429,30.1609,20.2404,10.1601,0.0,-10.1601,-20.2404,-30.1609,-39.8429,-49.1086,-57.8813,-66.0854,-73.6476,-80.5,-79.9206,-79.9206,-73.6476,-66.0854,-57.8813,-49.1086,-39.8429,-30.1609,-20.2404,-10.1601,0.0,10.1601,20.2404,30.1609,39.8429,49.1086,57.8813,66.0854,73.6476,80.5
147,2025-10-30 05:29:24,proposed,0.0,7.509903,14.88768,22.03485,28.83733,35.28418,41.36531,47.0722,52.3978,57.33576,60.0,57.33576,52.3978,47.0722,41.36531,35.28418,28.83733,22.03485,14.88768,7.509903,0.0,-7.509903,-14.88768,-22.03485,-28.83733,-35.28418,-41.36531,-47.0722,-52.3978,-57.33576,-60.0,-57.33576,-52.3978,-47.0722,-41.36531,-35.28418,-28.83733,-22.03485,-14.88768,-7.509903,0.0,7.509903,14.88768,22.03485,28.83733,35.28418,41.36531,47.0722,52.3978,57.33576
148,2025-10-30 05:30:04,executed,0.0,7.509903,14.88768,22.03485,28.83733,35.28418,41.36531,47.0722,52.3978,57.33576,60.0,57.33576,52.3978,47.0722,41.36531,35.28418,28.83733,22.03485,14.88768,7.509903,0.0,-7.509903,-14.88768,-22.03485,-28.83733,-35.28418,-41.36531,-47.0722,-52.3978,-57.33576,-60.0,-57.33576,-52.3978,-47.0722,-41.36531,-35.28418,-28.83733,-22.03485,-14.88768,-7.509903,0.0,7.509903,14.88768,22.03485,28.83733,35.28418,41.36531,47.0722,52.3978,57.33576
148,2025-10-30 05:31:45,proposed,80.0,73.3333,66.6667,60.0,53.3333,46.6667,40.0,33.3333,26.6667,20.0,13.3333,6.6667,0.0,-6.6667,-13.3333,-20.0,-26.6667,-33.3333,-40.0,-46.6667,-53.3333,-60.0,-66.6667,-73.3333,-80.0,-80.0,-73.3333,-66.6667,-60.0,-53.3333,-46.6667,-40.0,-33.3333,-26.6667,-20.0,-13.3333,-6.6667,0.0,6.6667,13.3333,20.0,26.6667,33.3333,40.0,46.6667,53.3333,60.0,66.6667,73.3333,80.0
149,2025-10-30 05:32:25,executed,80.0,73.3333,66.6667,60.0,53.3333,46.6667,40.0,33.3333,26.6667,20.0,13.3333,6.6667,0.0,-6.6667,-13.3333,-20.0,-26.6667,-33.3333,-40.0,-46.6667,-53.3333,-60.0,-66.6667,-73.3333,-80.0,-80.0,-73.3333,-66.6667,-60.0,-53.3333,-46.6667,-40.0,-33.3333,-26.6667,-20.0,-13.3333,-6.6667,0.0,6.6667,13.3333,20.0,26.6667,33.3333,40.0,46.6667,53.3333,60.0,66.6667,73.3333,80.0
149,2025-10-30 05:33:45,proposed,0.0,12.605676239169487,24.86909873099909,36.46781226752046,47.28099880290132,57.20016400305018,66.1290040339906,73.9749591465293,80.65287042835166,86.08900445654314,90.2136933580545,93.06179043208758,94.6738906915003,95.1009088686948,94.3987829705042,92.63090632688974,89.8767358742887,86.2223330384803,81.76104470200877,76.59265086888496,70.8241477708575,64.5694065600329,57.94720077850865,51.07900827259664,44.08800000000001,37.098000000000006,30.231,23.606,17.348000000000003,11.569,6.376,1.868,-1.868,-6.376,-11.569,-17.348,-23.606,-30.231,-37.098,-44.088,-51.079,-57.94720077850865,-64.5694065600329,-70.8241477708575,-76.59265086888496,-81.76104470200877,-86.2223330384803,-89.8767358742887,-92.63090632688974,-94.3987829705042
150,2025-10-30 05:34:25,executed,0.0,12.605676239169487,24.86909873099909,36.46781226752046,47.28099880290132,57.20016400305018,66.1290040339906,73.9749591465293,80.65287042835166,86.08900445654314,90.2136933580545,93.06179043208758,94.6738906915003,95.1009088686948,94.3987829705042,92.63090632688974,89.8767358742887,86.2223330384803,81.76104470200877,76.59265086888496,70.8241477708575,64.5694065600329,57.94720077850865,51.07900827259664,44.08800000000001,37.098000000000006,30.231,23.606,17.348000000000003,11.569,6.376,1.868,-1.868,-6.376,-11.569,-17.348,-23.606,-30.231,-37.098,-44.088,-51.079,-57.94720077850865,-64.5694065600329,-70.8241477708575,-76.59265086888496,-81.76104470200877,-86.2223330384803,-89.8767358742887,-92.63090632688974,-94.3987829705042
150,2025-10-30 05:35:40,proposed,0.0,10.83060613279173,21.36531980312635,31.32623321523315,40.45025752136009,48.48050969966115,55.18963507119253,60.36980644365779,63.83702117180144,65.4490710609362,65.1169002568603,62.80280094939777,58.59970031861056,52.62000000000001,44.99999999999999,35.900000000000006,25.470000000000006,13.870000000000005,1.2800000000000011,-11.900000000000006,-25.790000000000006,-39.99999999999999,-54.12,-67.8,-80.69,-85.0,-80.69,-67.8,-54.12,-39.99999999999999,-25.790000000000006,-11.900000000000006,1.2800000000000011,13.870000000000005,25.470000000000006,35.900000000000006,44.99999999999999,52.62000000000001,58.59970031861056,62.80280094939777,65.1169002568603,65.4490710609362,63.83702117180144,60.36980644365779,55.18963507119253,48.48050969966115,40.45025752136009,31.32623321523315,21.36531980312635,10.83060613279173
151,2025-10-30 05:36:20,executed,0.0,10.83060613279173,21.36531980312635,31.32623321523315,40.45025752136009,48.48050969966115,55.18963507119253,60.36980644365779,63.83702117180144,65.4490710609362,65.1169002568603,62.80280094939777,58.59970031861056,52.62000000000001,44.99999999999999,35.900000000000006,25.470000000000006,13.870000000000005,1.2800000000000011,-11.900000000000006,-25.790000000000006,-39.99999999999999,-54.12,-67.8,-80.69,-85.0,-80.69,-67.8,-54.12,-39.99999999999999,-25.790000000000006,-11.900000000000006,1.2800000000000011,13.870000000000005,25.470000000000006,35.900000000000006,44.99999999999999,52.62000000000001,58.59970031861056,62.80280094939777,65.1169002568603,65.4490710609362,63.83702117180144,60.36980644365779,55.18963507119253,48.48050969966115,40.45025752136009,31.32623321523315,21.36531980312635,10.83060613279173
151,2025-10-30 05:37:14,proposed,0.0,8.8981,17.4005,25.3908,32.7876,39.5165,45.5099,50.6997,55.0298,58.4526,60.9298,62.4338,62.9472,62.463,61.0039,58.5997,55.2899,51.123,46.155,40.4503,34.0805,27.123,19.6593,11.7744,3.5605,-4.2404,-12.317,-20.558,-28.8221,-36.97,-44.8605,-52.3504,-59.3002,-65.5701,-70.9901,-75.4002,-78.6401,-80.5601,-81.0201,-79.9001,-77.1001,-72.54,-66.14,-57.84,-47.6,-35.4,-21.2,-5.0,13.2,33.4
152,2025-10-30 05:37:54,executed,0.0,8.8981,17.4005,25.3908,32.7876,39.5165,45.5099,50.6997,55.0298,58.4526,60.9298,62.4338,62.9472,62.463,61.0039,58.5997,55.2899,51.123,46.155,40.4503,34.0805,27.123,19.6593,11.7744,3.5605,-4.2404,-12.317,-20.558,-28.8221,-36.97,-44.8605,-52.3504,-59.3002,-65.5701,-70.9901,-75.4002,-78.6401,-80.5601,-81.0201,-79.9001,-77.1001,-72.54,-66.14,-57.84,-47.6,-35.4,-21.2,-5.0,13.2,33.4
152,2025-10-30 05:38:58,proposed,120.0,119.0436,116.2086,111.5647,105.2014,97.2186,87.737,76.8836,64.797,51.612,37.484,22.5804,7.0706,-8.6836,-24.4716,-39.9999,-54.965,-69.2742,-82.8396,-95.579,-107.4199,-118.2976,-120.0,-118.2976,-107.4199,-95.579,-82.8396,-69.2742,-54.965,-39.9999,-24.4716,-8.6836,7.0706,22.5804,37.484,51.612,64.797,76.8836,87.737,97.2186,105.2014,111.5647,116.2086,119.0436,120.0,119.0436,116.2086,111.5647,105.2014,97.2186
153,2025-10-30 05:39:38,executed,120.0,119.0436,116.2086,111.5647,105.2014,97.2186,87.737,76.8836,64.797,51.612,37.484,22.5804,7.0706,-8.6836,-24.4716,-39.9999,-54.965,-69.2742,-82.8396,-95.579,-107.4199,-118.2976,-120.0,-118.2976,-107.4199,-95.579,-82.8396,-69.2742,-54.965,-39.9999,-24.4716,-8.6836,7.0706,22.5804,37.484,51.612,64.797,76.8836,87.737,97.2186,105.2014,111.5647,116.2086,119.0436,120.0,119.0436,116.2086,111.5647,105.2014,97.2186
153,2025-10-30 05:43:09,proposed,0.0,10.749,21.289,31.494,41.238,50.407,58.89,66.586,73.402,79.25,84.05,87.73,90.22,91.46,91.46,90.22,87.73,84.05,79.25,73.402,66.586,58.89,50.407,41.238,31.494,21.289,10.749,0.0,-10.749,-21.289,-31.494,-41.238,-50.407,-58.89,-66.586,-73.402,-79.25,-84.05,-87.73,-90.22,-91.46,-91.46,-90.22,-87.73,-84.05,-79.25,-73.402,-66.586,-58.89,-50.407
154,2025-10-30 05:43:49,executed,0.0,10.749,21.289,31.494,41.238,50.407,58.89,66.586,73.402,79.25,84.05,87.73,90.22,91.46,91.46,90.22,87.73,84.05,79.25,73.402,66.586,58.89,50.407,41.238,31.494,21.289,10.749,0.0,-10.749,-21.289,-31.494,-41.238,-50.407,-58.89,-66.586,-73.402,-79.25,-84.05,-87.73,-90.22,-91.46,-91.46,-90.22,-87.73,-84.05,-79.25,-73.402,-66.586,-58.89,-50.407
154,2025-10-30 05:44:53,proposed,60.0,59.46237887508316,57.85409241512349,55.20664609322699,51.56064126767936,47.00000000000001,41.62313650422998,35.54111162391009,28.87305523160391,21.74208552140685,14.27362804599557,6.594627063467664,-1.242085521406852,-9.000000000000002,-16.594627063467662,-23.92362804599557,-30.90947306767936,-37.47305523160391,-43.54111162391009,-49.04064126767936,-53.90664609322699,-58.07409241512349,-60.0,-58.07409241512349,-53.90664609322699,-49.04064126767936,-43.54111162391009,-37.47305523160391,-30.90947306767936,-23.92362804599557,-16.594627063467662,-9.000000000000002,-1.242085521406852,6.594627063467664,14.27362804599557,21.74208552140685,28.87305523160391,35.54111162391009,41.62313650422998,47.00000000000001,51.56064126767936,55.20664609322699,57.85409241512349,59.46237887508316,60.0,59.46237887508316,57.85409241512349,55.20664609322699,51.56064126767936,47.00000000000001
155,2025-10-30 05:45:33,executed,60.0,59.46237887508316,57.85409241512349,55.20664609322699,51.56064126767936,47.00000000000001,41.62313650422998,35.54111162391009,28.87305523160391,21.74208552140685,14.27362804599557,6.594627063467664,-1.242085521406852,-9.000000000000002,-16.594627063467662,-23.92362804599557,-30.90947306767936,-37.47305523160391,-43.54111162391009,-49.04064126767936,-53.90664609322699,-58.07409241512349,-60.0,-58.07409241512349,-53.90664609322699,-49.04064126767936,-43.54111162391009,-37.47305523160391,-30.90947306767936,-23.92362804599557,-16.594627063467662,-9.000000000000002,-1.242085521406852,6.594627063467664,14.27362804599557,21.74208552140685,28.87305523160391,35.54111162391009,41.62313650422998,47.00000000000001,51.56064126767936,55.20664609322699,57.85409241512349,59.46237887508316,60.0,59.46237887508316,57.85409241512349,55.20664609322699,51.56064126767936,47.00000000000001
155,2025-10-30 05:46:27,proposed,0.0,11.397099,22.569401,33.388699,43.4338,52.6586,60.916901,68.079201,74.032303,78.670601,81.908005,83.668701,83.896706,82.555901,79.629402,75.120506,69.052002,61.465103,52.420002,42.003201,30.320501,17.506001,3.7,-10.9419,-26.0469,-41.272102,-56.126602,-69.960205,-82.169106,-92.195602,-99.539307,-103.784805,-104.609505,-101.802101,-95.3582,-85.474106,-72.449806,-56.682903,-38.657501,-18.857601,2.7667,25.688101,49.256001,72.690002,95.0,115.0,131.0,142.0,147.0,145.0
156,2025-10-30 05:47:07,executed,0.0,11.397099,22.569401,33.388699,43.4338,52.6586,60.916901,68.079201,74.032303,78.670601,81.908005,83.668701,83.896706,82.555901,79.629402,75.120506,69.052002,61.465103,52.420002,42.003201,30.320501,17.506001,3.7,-10.9419,-26.0469,-41.272102,-56.126602,-69.960205,-82.169106,-92.195602,-99.539307,-103.784805,-104.609505,-101.802101,-95.3582,-85.474106,-72.449806,-56.682903,-38.657501,-18.857601,2.7667,25.688101,49.256001,72.690002,95.0,115.0,131.0,142.0,147.0,145.0
156,2025-10-30 05:48:13,proposed,0.0,31.98064958614605,50.8118029532575,57.06203525166299,54.03223038699763,44.20461875323953,30.29747970114099,14.80208466100512,-0.06178713759976606,-13.153965903264178,-23.08020586940381,-29.21360052327464,-31.25827376043229,-29.07001472856004,-22.75908851499557,-12.67384918454217,0.9926710433069176,15.68884694902409,29.20649586146051,39.99762035251663,46.78223038699763,48.70461875323953,45.09747970114099,35.40208466100512,20.938212862400235,3.019794130596189,-15.08020586940381,-32.21360052327464,-46.25827376043229,-55.07001472856004,-57.75908851499557,-54.07384918454217,-44.00732895669308,-28.01115305097591,-7.20649586146051,16.00237964748337,38.21776961300237,56.79538124676047,69.70252029885901,75.99791533899489,75.06178713759977,66.84603409673582,51.91979413059619,31.78639947672536,8.74172623956771,-14.07001472856004,-35.25908851499557,-52.67384918454217,-64.99267104330691,-71.0111530509759
157,2025-10-30 05:48:53,executed,0.0,31.98064958614605,50.8118029532575,57.06203525166299,54.03223038699763,44.20461875323953,30.29747970114099,14.80208466100512,-0.06178713759976606,-13.153965903264178,-23.08020586940381,-29.21360052327464,-31.25827376043229,-29.07001472856004,-22.75908851499557,-12.67384918454217,0.9926710433069176,15.68884694902409,29.20649586146051,39.99762035251663,46.78223038699763,48.70461875323953,45.09747970114099,35.40208466100512,20.938212862400235,3.019794130596189,-15.08020586940381,-32.21360052327464,-46.25827376043229,-55.07001472856004,-57.75908851499557,-54.07384918454217,-44.00732895669308,-28.01115305097591,-7.20649586146051,16.00237964748337,38.21776961300237,56.79538124676047,69.70252029885901,75.99791533899489,75.06178713759977,66.84603409673582,51.91979413059619,31.78639947672536,8.74172623956771,-14.07001472856004,-35.25908851499557,-52.67384918454217,-64.99267104330691,-71.0111530509759
157,2025-10-30 05:50:46,proposed,0.0,8.93901699990977,17.752000000000002,26.34701699990977,34.629000000000005,42.50601699990977,49.888000000000005,56.69001699990977,62.82900000000001,68.23001699990976,70.0,68.23001699990976,62.82900000000001,56.69001699990977,49.888000000000005,42.50601699990977,34.629000000000005,26.34701699990977,17.752000000000002,8.93901699990977,0.0,-8.93901699990977,-17.752000000000002,-26.34701699990977,-34.629000000000005,-42.50601699990977,-49.888000000000005,-56.69001699990977,-62.82900000000001,-68.23001699990976,-70.0,-68.23001699990976,-62.82900000000001,-56.69001699990977,-49.888000000000005,-42.50601699990977,-34.629000000000005,-26.34701699990977,-17.752000000000002,-8.93901699990977,0.0,8.93901699990977,17.752000000000002,26.34701699990977,34.629000000000005,42.50601699990977,49.888000000000005,56.69001699990977,62.82900000000001,68.23001699990976
158,2025-10-30 05:51:26,executed,0.0,8.93901699990977,17.752000000000002,26.34701699990977,34.629000000000005,42.50601699990977,49.888000000000005,56.69001699990977,62.82900000000001,68.23001699990976,70.0,68.23001699990976,62.82900000000001,56.69001699990977,49.888000000000005,42.50601699990977,34.629000000000005,26.34701699990977,17.752000000000002,8.93901699990977,0.0,-8.93901699990977,-17.752000000000002,-26.34701699990977,-34.629000000000005,-42.50601699990977,-49.888000000000005,-56.69001699990977,-62.82900000000001,-68.23001699990976,-70.0,-68.23001699990976,-62.82900000000001,-56.69001699990977,-49.888000000000005,-42.50601699990977,-34.629000000000005,-26.34701699990977,-17.752000000000002,-8.93901699990977,0.0,8.93901699990977,17.752000000000002,26.34701699990977,34.629000000000005,42.50601699990977,49.888000000000005,56.69001699990977,62.82900000000001,68.23001699990976
158,2025-10-30 05:53:12,proposed,0.0,10.4578,20.6105,30.1609,38.9986,47.0226,54.1412,60.273,65.3468,69.2996,72.0792,73.6476,73.989,73.1065,70.9999,67.682,63.173,57.5001,50.7047,42.8429,34.0805,24.599,14.5768,4.2004,-6.3846,-17.0,-27.4,-37.4001,-46.8038,-55.5036,-63.3999,-70.4001,-76.3999,-81.3046,-85.0,-87.3999,-88.4001,-87.9046,-85.8046,-82.0999,-76.7999,-69.9046,-61.4001,-51.3046,-39.7001,-26.7001,-12.4001,2.9046,19.0999,0.0
159,2025-10-30 05:53:52,executed,0.0,10.4578,20.6105,30.1609,38.9986,47.0226,54.1412,60.273,65.3468,69.2996,72.0792,73.6476,73.989,73.1065,70.9999,67.682,63.173,57.5001,50.7047,42.8429,34.0805,24.599,14.5768,4.2004,-6.3846,-17.0,-27.4,-37.4001,-46.8038,-55.5036,-63.3999,-70.4001,-76.3999,-81.3046,-85.0,-87.3999,-88.4001,-87.9046,-85.8046,-82.0999,-76.7999,-69.9046,-61.4001,-51.3046,-39.7001,-26.7001,-12.4001,2.9046,19.0999,0.0
159,2025-10-30 05:54:51,proposed,85.0,84.344552,82.392336,79.176088,74.796035,69.37526,63.045339,55.941916,48.199173,39.959957,31.368686,22.57962,13.746098,4.91924,-3.793796,-12.302392,-20.506728,-28.297496,-35.568323,-42.217316,-48.146035,-53.260664,-57.472736,-60.70094,-62.871912,-63.92026,-63.790339,-62.44526,-59.860664,-56.03526,-50.98094,-44.717316,-37.272736,-28.68094,-19.00026,-8.302392,2.959957,14.631314,26.57962,38.653796,50.60094,62.199173,73.206088,83.403796,84.344552,85.0,84.344552,82.392336,79.176088,74.796035
160,2025-10-30 05:55:31,executed,85.0,84.344552,82.392336,79.176088,74.796035,69.37526,63.045339,55.941916,48.199173,39.959957,31.368686,22.57962,13.746098,4.91924,-3.793796,-12.302392,-20.506728,-28.297496,-35.568323,-42.217316,-48.146035,-53.260664,-57.472736,-60.70094,-62.871912,-63.92026,-63.790339,-62.44526,-59.860664,-56.03526,-50.98094,-44.717316,-37.272736,-28.68094,-19.00026,-8.302392,2.959957,14.631314,26.57962,38.653796,50.60094,62.199173,73.206088,83.403796,84.344552,85.0,84.344552,82.392336,79.176088,74.796035
160,2025-10-30 05:56:45,proposed,0.0,20.2404,38.0422,51.9602,61.9056,68.0792,70.8907,70.8907,68.0792,61.9056,51.9602,38.0422,20.2404,0.0,-20.2404,-38.0422,-51.9602,-61.9056,-68.0792,-70.8907,-70.8907,-68.0792,-61.9056,-51.9602,-38.0422,-20.2404,0.0,20.2404,38.0422,51.9602,61.9056,68.0792,70.8907,70.8907,68.0792,61.9056,51.9602,38.0422,20.2404,0.0,-20.2404,-38.0422,-51.9602,-61.9056,-68.0792,-70.8907,-70.8907,-68.0792,-61.9056,-51.9602
161,2025-10-30 05:57:25,executed,0.0,20.2404,38.0422,51.9602,61.9056,68.0792,70.8907,70.8907,68.0792,61.9056,51.9602,38.0422,20.2404,0.0,-20.2404,-38.0422,-51.9602,-61.9056,-68.0792,-70.8907,-70.8907,-68.0792,-61.9056,-51.9602,-38.0422,-20.2404,0.0,20.2404,38.0422,51.9602,61.9056,68.0792,70.8907,70.8907,68.0792,61.9056,51.9602,38.0422,20.2404,0.0,-20.2404,-38.0422,-51.9602,-61.9056,-68.0792,-70.8907,-70.8907,-68.0792,-61.9056,-51.9602
161,2025-10-30 05:58:42,proposed,75.0,74.0323,71.0417,66.1267,59.4201,51.0902,41.3392,30.3958,18.499,5.8903,-7.0,-19.6843,-31.908,-43.4338,-54.0495,-63.5583,-71.7908,-78.6087,-83.8967,-87.5678,-89.5501,-89.7997,-88.2907,-85.0205,-80.0,-73.253,-64.8141,-54.7478,-43.1497,-30.1306,-15.8205,-0.3673,15.8205,30.1306,43.1497,54.7478,64.8141,73.253,80.0,85.0205,88.2907,89.7997,89.5501,87.5678,83.8967,78.6087,71.7908,63.5583,54.0495,43.4338
162,2025-10-30 05:59:22,executed,75.0,74.0323,71.0417,66.1267,59.4201,51.0902,41.3392,30.3958,18.499,5.8903,-7.0,-19.6843,-31.908,-43.4338,-54.0495,-63.5583,-71.7908,-78.6087,-83.8967,-87.5678,-89.5501,-89.7997,-88.2907,-85.0205,-80.0,-73.253,-64.8141,-54.7478,-43.1497,-30.1306,-15.8205,-0.3673,15.8205,30.1306,43.1497,54.7478,64.8141,73.253,80.0,85.0205,88.2907,89.7997,89.5501,87.5678,83.8967,78.6087,71.7908,63.5583,54.0495,43.4338
162,2025-10-30 06:00:04,proposed,0.0,38.304,67.3198,79.742,72.7403,48.069,10.2082,-30.1609,-63.4631,-79.9693,-75.5274,-39.2669,10.2082,56.1191,77.0403,73.6476,48.1754,12.5333,-24.869,-58.7785,-77.0403,-68.4547,-36.8125,0.0,36.8125,68.4547,77.0403,58.7785,24.869,-12.5333,-48.1754,-73.6476,-77.0403,-56.1191,-10.2082,39.2669,75.5274,79.9693,63.4631,30.1609,-10.2082,-48.069,-72.7403,-79.742,-67.3198,-38.304,0.0,38.304,67.3198,79.742
163,2025-10-30 06:00:44,executed,0.0,38.304,67.3198,79.742,72.7403,48.069,10.2082,-30.1609,-63.4631,-79.9693,-75.5274,-39.2669,10.2082,56.1191,77.0403,73.6476,48.1754,12.5333,-24.869,-58.7785,-77.0403,-68.4547,-36.8125,0.0,36.8125,68.4547,77.0403,58.7785,24.869,-12.5333,-48.1754,-73.6476,-77.0403,-56.1191,-10.2082,39.2669,75.5274,79.9693,63.4631,30.1609,-10.2082,-48.069,-72.7403,-79.742,-67.3198,-38.304,0.0,38.304,67.3198,79.742
163,2025-10-30 06:02:25,proposed,84.99999999999999,89.2045580045059,89.8327170560738,86.8402540050604,80.4578051860686,70.93230870908873,58.5997230919965,43.7920875308678,27.0664043919965,8.9959040050604,-9.2361051860686,-27.0664043919965,-43.18430870908873,-57.0006230919965,-67.9621040050604,-75.5786051860686,-79.5020875308678,-79.3302540050604,-74.7960045580045,-65.5530045580045,-51.3602540050604,-32.0838051860686,-8.0,19.0402540050604,48.0195580045059,77.04030870908873,99.4184043919965,99.99999999999999,99.99999999999999,99.99999999999999,99.99999999999999,99.99999999999999,99.99999999999999,99.99999999999999,99.99999999999999,99.99999999999999,99.99999999999999,99.99999999999999,99.99999999999999,99.99999999999999,99.99999999999999,99.99999999999999,99.99999999999999,99.99999999999999,99.99999999999999,99.99999999999999,99.99999999999999,99.99999999999999,99.99999999999999,99.99999999999999
164,2025-10-30 06:03:05,executed,84.99999999999999,89.2045580045059,89.8327170560738,86.8402540050604,80.4578051860686,70.93230870908873,58.5997230919965,43.7920875308678,27.0664043919965,8.9959040050604,-9.2361051860686,-27.0664043919965,-43.18430870908873,-57.0006230919965,-67.9621040050604,-75.5786051860686,-79.5020875308678,-79.3302540050604,-74.7960045580045,-65.5530045580045,-51.3602540050604,-32.0838051860686,-8.0,19.0402540050604,48.0195580045059,77.04030870908873,99.4184043919965,99.99999999999999,99.99999999999999,99.99999999999999,99.99999999999999,99.99999999999999,99.99999999999999,99.99999999999999,99.99999999999999,99.99999999999999,99.99999999999999,99.99999999999999,99.99999999999999,99.99999999999999,99.99999999999999,99.99999999999999,99.99999999999999,99.99999999999999,99.99999999999999,99.99999999999999,99.99999999999999,99.99999999999999,99.99999999999999,99.99999999999999
164,2025-10-30 06:03:54,proposed,0.0,8.939,17.752,26.347,34.629,42.506,49.888,56.69,62.829,68.23,69.993,68.23,62.829,56.69,49.888,42.506,34.629,26.347,17.752,8.939,0.0,-8.939,-17.752,-26.347,-34.629,-42.506,-49.888,-56.69,-62.829,-68.23,-69.993,-68.23,-62.829,-56.69,-49.888,-42.506,-34.629,-26.347,-17.752,-8.939,0.0,8.939,17.752,26.347,34.629,42.506,49.888,56.69,62.829,68.23
165,2025-10-30 06:04:34,executed,0.0,8.939,17.752,26.347,34.629,42.506,49.888,56.69,62.829,68.23,69.993,68.23,62.829,56.69,49.888,42.506,34.629,26.347,17.752,8.939,0.0,-8.939,-17.752,-26.347,-34.629,-42.506,-49.888,-56.69,-62.829,-68.23,-69.993,-68.23,-62.829,-56.69,-49.888,-42.506,-34.629,-26.347,-17.752,-8.939,0.0,8.939,17.752,26.347,34.629,42.506,49.888,56.69,62.829,68.23
165,2025-10-30 06:05:32,proposed,0.0,9.493635390772075,18.60514606708892,27.15932971295325,35.09322037998634,42.35080036129759,48.88340003780376,54.64821800636126,59.60960000000001,63.73860000000001,67.01400000000001,69.41960000000002,70.94470000000001,71.58330000000001,71.33460000000001,70.20170000000002,68.1923,65.32070000000002,61.60600000000001,57.07230000000001,51.74850000000001,45.66720000000001,38.86330000000001,31.37500000000001,23.24460000000001,14.51790000000001,5.24360000000001,-4.48390000000001,-14.51790000000001,-23.24460000000001,-31.37500000000001,-38.86330000000001,-45.66720000000001,-51.74850000000001,-57.07230000000001,-61.60600000000001,-65.32070000000002,-68.1923,-70.20170000000002,-71.33460000000001,-71.58330000000001,-70.94470000000001,-69.41960000000002,-67.01400000000001,-63.73860000000001,-59.60960000000001,-54.64821800636126,-48.88340003780376,-42.35080036129759,-35.09322037998634
166,2025-10-30 06:06:12,executed,0.0,9.493635390772075,18.60514606708892,27.15932971295325,35.09322037998634,42.35080036129759,48.88340003780376,54.64821800636126,59.60960000000001,63.73860000000001,67.01400000000001,69.41960000000002,70.94470000000001,71.58330000000001,71.33460000000001,70.20170000000002,68.1923,65.32070000000002,61.60600000000001,57.07230000000001,51.74850000000001,45.66720000000001,38.86330000000001,31.37500000000001,23.24460000000001,14.51790000000001,5.24360000000001,-4.48390000000001,-14.51790000000001,-23.24460000000001,-31.37500000000001,-38.86330000000001,-45.66720000000001,-51.74850000000001,-57.07230000000001,-61.60600000000001,-65.32070000000002,-68.1923,-70.20170000000002,-71.33460000000001,-71.58330000000001,-70.94470000000001,-69.41960000000002,-67.01400000000001,-63.73860000000001,-59.60960000000001,-54.64821800636126,-48.88340003780376,-42.35080036129759,-35.09322037998634
166,2025-10-30 06:07:29,proposed,110.0,109.49902699,108.0010079,105.5130776,102.0460934,97.6171509,92.2471597,85.9602568,78.7842247,70.7490269,61.8902096,52.2450098,41.8590079,30.7840269,19.0700934,6.7701509,-5.9102471,-19.0700934,-32.7840269,-46.9990269,-61.6171509,-76.5350079,-91.6490934,-106.8502568,-122.0302247,-137.0802096,-151.9002096,-166.3802568,-180.4202247,-193.9202096,-206.7702096,-218.8802568,-230.1402247,-240.4502096,-249.7202096,-257.8502568,-264.7502247,-270.3202096,-274.4802096,-277.1402568,-278.2202247,-277.6402096,-275.3402096,-271.2602568,-265.3402247,-257.5402096,-247.8302096,-236.2002568,-222.6602247,-207.2002096
167,2025-10-30 06:08:09,executed,110.0,109.49902699,108.0010079,105.5130776,102.0460934,97.6171509,92.2471597,85.9602568,78.7842247,70.7490269,61.8902096,52.2450098,41.8590079,30.7840269,19.0700934,6.7701509,-5.9102471,-19.0700934,-32.7840269,-46.9990269,-61.6171509,-76.5350079,-91.6490934,-106.8502568,-122.0302247,-137.0802096,-151.9002096,-166.3802568,-180.4202247,-193.9202096,-206.7702096,-218.8802568,-230.1402247,-240.4502096,-249.7202096,-257.8502568,-264.7502247,-270.3202096,-274.4802096,-277.1402568,-278.2202247,-277.6402096,-275.3402096,-271.2602568,-265.3402247,-257.5402096,-247.8302096,-236.2002568,-222.6602247,-207.2002096
167,2025-10-30 06:10:51,proposed,0.0,11.23023473954519,22.25191374538804,32.96068367988223,43.25624794025005,53.03960001099197,62.21327420556538,70.68266224168057,78.35706240292728,85.15000000000002,90.9785579997103,95.7649567439019,99.4357711449339,101.9221190477017,103.16010000000001,103.10999999999999,101.73719999999999,99.0232579997103,94.9649567439019,89.5785579997103,82.87066224168058,74.86266224168058,65.58000000000001,55.05960001099197,43.34024794025005,30.56068367988223,16.84191374538804,2.30023473954519,-12.999999999999998,-28.969999999999995,-45.47999999999999,-62.39999999999999,-79.59999999999998,-96.95999999999998,-114.35999999999999,-131.67999999999998,-148.80999999999997,-165.63999999999996,-182.05999999999995,-197.96999999999994,-213.26999999999992,-227.8599999999999,-241.63999999999987,-254.50999999999988,-266.36999999999983,-277.11999999999983,-286.6599999999998,-294.8899999999998,-301.7099999999998,-306.9999999999998
168,2025-10-30 06:11:31,executed,0.0,11.23023473954519,22.25191374538804,32.96068367988223,43.25624794025005,53.03960001099197,62.21327420556538,70.68266224168057,78.35706240292728,85.15000000000002,90.9785579997103,95.7649567439019,99.4357711449339,101.9221190477017,103.16010000000001,103.10999999999999,101.73719999999999,99.0232579997103,94.9649567439019,89.5785579997103,82.87066224168058,74.86266224168058,65.58000000000001,55.05960001099197,43.34024794025005,30.56068367988223,16.84191374538804,2.30023473954519,-12.999999999999998,-28.969999999999995,-45.47999999999999,-62.39999999999999,-79.59999999999998,-96.95999999999998,-114.35999999999999,-131.67999999999998,-148.80999999999997,-165.63999999999996,-182.05999999999995,-197.96999999999994,-213.26999999999992,-227.8599999999999,-241.63999999999987,-254.50999999999988,-266.36999999999983,-277.11999999999983,-286.6599999999998,-294.8899999999998,-301.7099999999998,-306.9999999999998
168,2025-10-30 06:13:08,proposed,0.0,11.4348,22.5694,33.0902,42.7925,51.4816,59.0733,65.4947,70.6841,74.5915,77.1793,78.4222,78.3087,76.8402,74.0305,69.9056,64.5029,57.8797,50.0998,41.2335,31.3562,20.5579,8.9332,-2.3061,-13.9345,-25.7001,-37.3197,-48.5146,-59.0143,-68.5583,-76.8996,-83.8197,-89.1246,-92.6489,-94.2618,-93.8749,-91.4316,-86.9069,-80.3106,-71.6888,-61.1106,-48.6656,-34.4633,-18.6225,-1.2676,17.2001,36.6321,56.4026,75.7601,90.0
169,2025-10-30 06:13:48,executed,0.0,11.4348,22.5694,33.0902,42.7925,51.4816,59.0733,65.4947,70.6841,74.5915,77.1793,78.4222,78.3087,76.8402,74.0305,69.9056,64.5029,57.8797,50.0998,41.2335,31.3562,20.5579,8.9332,-2.3061,-13.9345,-25.7001,-37.3197,-48.5146,-59.0143,-68.5583,-76.8996,-83.8197,-89.1246,-92.6489,-94.2618,-93.8749,-91.4316,-86.9069,-80.3106,-71.6888,-61.1106,-48.6656,-34.4633,-18.6225,-1.2676,17.2001,36.6321,56.4026,75.7601,90.0
169,2025-10-30 06:15:33,proposed,0.0,19.54908902011203,37.49308118000438,52.96409432868875,65.17600000000002,73.51000000000002,77.57000000000002,77.05000000000001,71.84000000000002,62.010000000000005,48.0,30.480000000000004,10.990000000000002,-9.990000000000002,-30.480000000000004,-48.0,-62.010000000000005,-71.84000000000002,-77.05000000000003,-77.57000000000002,-73.51000000000002,-65.17600000000002,-52.96409432868875,-37.49308118000438,-19.54908902011203,-0.0,19.54908902011203,37.49308118000438,52.96409432868875,65.17600000000002,73.51000000000002,77.57000000000002,77.05000000000001,71.84000000000002,62.010000000000005,48.0,30.480000000000004,10.990000000000002,-9.990000000000002,-30.480000000000004,-48.0,-62.010000000000005,-71.84000000000002,-77.05000000000003,-77.57000000000002,-73.51000000000002,-65.17600000000002,-52.96409432868875,-37.49308118000438,-19.54908902011203
170,2025-10-30 06:16:13,executed,0.0,19.54908902011203,37.49308118000438,52.96409432868875,65.17600000000002,73.51000000000002,77.57000000000002,77.05000000000001,71.84000000000002,62.010000000000005,48.0,30.480000000000004,10.990000000000002,-9.990000000000002,-30.480000000000004,-48.0,-62.010000000000005,-71.84000000000002,-77.05000000000003,-77.57000000000002,-73.51000000000002,-65.17600000000002,-52.96409432868875,-37.49308118000438,-19.54908902011203,-0.0,19.54908902011203,37.49308118000438,52.96409432868875,65.17600000000002,73.51000000000002,77.57000000000002,77.05000000000001,71.84000000000002,62.010000000000005,48.0,30.480000000000004,10.990000000000002,-9.990000000000002,-30.480000000000004,-48.0,-62.010000000000005,-71.84000000000002,-77.05000000000003,-77.57000000000002,-73.51000000000002,-65.17600000000002,-52.96409432868875,-37.49308118000438,-19.54908902011203
170,2025-10-30 06:16:56,proposed,80.0,79.832,79.3303,78.5021,77.355,75.897,74.138,72.086,69.75,67.14,64.268,61.146,57.786,54.199,50.398,46.395,42.203,37.835,33.304,28.624,23.809,18.873,13.83,8.694,3.478,-1.815,-7.102,-12.368,-17.601,-22.787,-27.914,-32.97,-37.943,-42.822,-47.596,-52.254,-56.786,-61.182,-65.432,-69.526,-73.455,-77.209,-80.0,-77.209,-73.455,-69.526,-65.432,-61.182,-56.786,-52.254
171,2025-10-30 06:17:36,executed,80.0,79.832,79.3303,78.5021,77.355,75.897,74.138,72.086,69.75,67.14,64.268,61.146,57.786,54.199,50.398,46.395,42.203,37.835,33.304,28.624,23.809,18.873,13.83,8.694,3.478,-1.815,-7.102,-12.368,-17.601,-22.787,-27.914,-32.97,-37.943,-42.822,-47.596,-52.254,-56.786,-61.182,-65.432,-69.526,-73.455,-77.209,-80.0,-77.209,-73.455,-69.526,-65.432,-61.182,-56.786,-52.254
171,2025-10-30 06:18:44,proposed,0.0,9.399975,18.65175,27.609375,36.129375,44.070375,51.303525,57.703125,63.153975,67.55025,70.80075,72.825,73.55025,72.825,70.80075,67.55025,63.153975,57.703125,51.303525,44.070375,36.129375,27.609375,18.65175,9.399975,0.0,-9.399975,-18.65175,-27.609375,-36.129375,-44.070375,-51.303525,-57.703125,-63.153975,-67.55025,-70.80075,-72.825,-73.55025,-72.825,-70.80075,-67.55025,-63.153975,-57.703125,-51.303525,-44.070375,-36.129375,-27.609375,-18.65175,-9.399975,-0.0,9.399975
172,2025-10-30 06:19:24,executed,0.0,9.399975,18.65175,27.609375,36.129375,44.070375,51.303525,57.703125,63.153975,67.55025,70.80075,72.825,73.55025,72.825,70.80075,67.55025,63.153975,57.703125,51.303525,44.070375,36.129375,27.609375,18.65175,9.399975,0.0,-9.399975,-18.65175,-27.609375,-36.129375,-44.070375,-51.303525,-57.703125,-63.153975,-67.55025,-70.80075,-72.825,-73.55025,-72.825,-70.80075,-67.55025,-63.153975,-57.703125,-51.303525,-44.070375,-36.129375,-27.609375,-18.65175,-9.399975,-0.0,9.399975
172,2025-10-30 06:20:16,proposed,90.0,89.2644,87.0673,83.4754,78.5701,72.4578,65.2599,57.0984,48.099,38.3899,28.1064,17.3898,6.3846,-4.7077,-15.7001,-26.4018,-36.631,-46.219,-55.0039,-62.8398,-69.6008,-75.1788,-79.4777,-82.4137,-83.9149,-83.9149,-82.4137,-79.4777,-75.1788,-69.6008,-62.8398,-55.0039,-46.219,-36.631,-26.4018,-15.7001,-4.7077,6.3846,17.3898,28.1064,38.3899,48.099,57.0984,65.2599,72.4578,78.5701,83.4754,87.0673,89.2644,90.0
173,2025-10-30 06:20:56,executed,90.0,89.2644,87.0673,83.4754,78.5701,72.4578,65.2599,57.0984,48.099,38.3899,28.1064,17.3898,6.3846,-4.7077,-15.7001,-26.4018,-36.631,-46.219,-55.0039,-62.8398,-69.6008,-75.1788,-79.4777,-82.4137,-83.9149,-83.9149,-82.4137,-79.4777,-75.1788,-69.6008,-62.8398,-55.0039,-46.219,-36.631,-26.4018,-15.7001,-4.7077,6.3846,17.3898,28.1064,38.3899,48.099,57.0984,65.2599,72.4578,78.5701,83.4754,87.0673,89.2644,90.0
173,2025-10-30 06:22:44,proposed,0.0,7.62010469275001,15.18020815147817,22.59031024623789,29.76041085710667,36.60050686416956,43.02060014749877,48.93070058715871,54.24080006309852,58.86090045500249,62.70100062270928,65.6711004860011,67.6812009247856,68.6413008775466,68.4614003058925,67.0515002798223,64.3216007093263,60.20170059458428,54.6118009955749,47.48190089808386,38.74200025988134,28.32210069875155,16.15220058729969,2.162300000000001,-13.677800000000001,-31.297700000000003,-48.5176,-64.9375,-79.9674,-93.0173,-103.5072,-110.8571,-114.507,-113.9869,-108.8268,-98.6567,-83.1966,-62.2665,-35.7864,-3.7763,32.2538,72.1739,115.084,159.9941,205.9042,251.8143,296.7244,339.6345,379.5446,415.4547
174,2025-10-30 06:23:24,executed,0.0,7.62010469275001,15.18020815147817,22.59031024623789,29.76041085710667,36.60050686416956,43.02060014749877,48.93070058715871,54.24080006309852,58.86090045500249,62.70100062270928,65.6711004860011,67.6812009247856,68.6413008775466,68.4614003058925,67.0515002798223,64.3216007093263,60.20170059458428,54.6118009955749,47.48190089808386,38.74200025988134,28.32210069875155,16.15220058729969,2.162300000000001,-13.677800000000001,-31.297700000000003,-48.5176,-64.9375,-79.9674,-93.0173,-103.5072,-110.8571,-114.507,-113.9869,-108.8268,-98.6567,-83.1966,-62.2665,-35.7864,-3.7763,32.2538,72.1739,115.084,159.9941,205.9042,251.8143,296.7244,339.6345,379.5446,415.4547
174,2025-10-30 06:25:12,proposed,0.0,10.84649,21.556363,31.99042,42.01053,51.48006,60.27581,68.28822,75.42436,81.60946,86.77918,90.88062,93.8641,95.69408,96.3503,95.8291,94.1444,91.3242,87.4048,82.4389,76.4947,69.6559,62.0116,53.6583,44.6976,35.2359,25.3846,15.2588,4.9768,-5.4055,-15.9395,-26.4959,-36.9535,-47.1929,-57.0963,-66.5471,-75.439,-83.6766,-84.9836,-81.60946,-75.42436,-68.28822,-60.27581,-51.48006,-42.01053,-31.99042,-21.556363,-10.84649,-0.0,0.0
175,2025-10-30 06:25:52,executed,0.0,10.84649,21.556363,31.99042,42.01053,51.48006,60.27581,68.28822,75.42436,81.60946,86.77918,90.88062,93.8641,95.69408,96.3503,95.8291,94.1444,91.3242,87.4048,82.4389,76.4947,69.6559,62.0116,53.6583,44.6976,35.2359,25.3846,15.2588,4.9768,-5.4055,-15.9395,-26.4959,-36.9535,-47.1929,-57.0963,-66.5471,-75.439,-83.6766,-84.9836,-81.60946,-75.42436,-68.28822,-60.27581,-51.48006,-42.01053,-31.99042,-21.556363,-10.84649,-0.0,0.0
175,2025-10-30 06:26:32,proposed,70.0,69.42662232,67.71260847,64.89684698,61.03054176,56.18712716,50.44901594,43.91040431,36.675,28.85764032,20.58223932,11.97303037,3.15392061,-5.70010825,-14.45601174,-22.98063056,-31.15010825,-38.84893202,-45.96984698,-52.4173072,-58.101,-62.94684698,-66.88764032,-69.86374698,-70.0,-69.86374698,-66.88764032,-62.94684698,-58.101,-52.4173072,-45.96984698,-38.84893202,-31.15010825,-22.98063056,-14.45601174,-5.70010825,3.15392061,11.97303037,20.58223932,28.85764032,36.675,43.91040431,50.44901594,56.18712716,61.03054176,64.89684698,67.71260847,69.42662232,70.0,69.42662232
176,2025-10-30 06:27:12,executed,70.0,69.42662232,67.71260847,64.89684698,61.03054176,56.18712716,50.44901594,43.91040431,36.675,28.85764032,20.58223932,11.97303037,3.15392061,-5.70010825,-14.45601174,-22.98063056,-31.15010825,-38.84893202,-45.96984698,-52.4173072,-58.101,-62.94684698,-66.88764032,-69.86374698,-70.0,-69.86374698,-66.88764032,-62.94684698,-58.101,-52.4173072,-45.96984698,-38.84893202,-31.15010825,-22.98063056,-14.45601174,-5.70010825,3.15392061,11.97303037,20.58223932,28.85764032,36.675,43.91040431,50.44901594,56.18712716,61.03054176,64.89684698,67.71260847,69.42662232,70.0,69.42662232
176,2025-10-30 06:29:51,proposed,0.0,18.5832,36.8009,54.2968,70.7878,86.0993,100.1607,112.9099,124.291,134.2665,142.8088,149.8996,155.5296,159.6996,162.4096,163.6696,163.4996,161.9296,159.0096,154.7996,149.3796,142.8496,135.3196,126.9096,117.7496,107.9696,97.6996,87.0696,76.2096,65.2396,54.2896,43.4796,32.9296,22.7596,13.0896,4.0396,-4.3996,-12.2096,-19.4096,-25.9996,-31.9796,-37.3496,-42.1096,-46.2596,-49.7996,-52.7296,-55.0496,-56.7596,-57.8596,-58.3496
177,2025-10-30 06:30:31,executed,0.0,18.5832,36.8009,54.2968,70.7878,86.0993,100.1607,112.9099,124.291,134.2665,142.8088,149.8996,155.5296,159.6996,162.4096,163.6696,163.4996,161.9296,159.0096,154.7996,149.3796,142.8496,135.3196,126.9096,117.7496,107.9696,97.6996,87.0696,76.2096,65.2396,54.2896,43.4796,32.9296,22.7596,13.0896,4.0396,-4.3996,-12.2096,-19.4096,-25.9996,-31.9796,-37.3496,-42.1096,-46.2596,-49.7996,-52.7296,-55.0496,-56.7596,-57.8596,-58.3496
177,2025-10-30 06:32:16,proposed,0.0,11.189745000605404,22.189745000605402,32.8989300006054,43.2203000006054,53.0600000006054,62.3297450006054,70.9469300006054,78.8349300006054,85.9229300006054,92.1449300006054,97.4397450006054,101.7597450006054,105.0597450006054,107.3097450006054,108.4897450006054,108.5897450006054,107.5997450006054,105.5297450006054,102.3997450006054,98.2297450006054,92.9997450006054,86.7397450006054,79.4897450006054,71.2997450006054,62.2397450006054,52.3797450006054,41.7997450006054,30.5997450006054,18.8897450006054,6.789745000605404,-5.670254999394596,-18.490254999394597,-31.570254999394596,-44.810254999394594,-58.1102549993946,-71.3702549993946,-84.5002549993946,-97.4002549993946,-110.0002549993946,-122.2002549993946,-133.9002549993946,-145.0002549993946,-155.4002549993946,-165.0002549993946,-173.8002549993946,-181.7002549993946,-188.6002549993946,-194.4002549993946,-199.0002549993946
178,2025-10-30 06:32:56,executed,0.0,11.189745000605404,22.189745000605402,32.8989300006054,43.2203000006054,53.0600000006054,62.3297450006054,70.9469300006054,78.8349300006054,85.9229300006054,92.1449300006054,97.4397450006054,101.7597450006054,105.0597450006054,107.3097450006054,108.4897450006054,108.5897450006054,107.5997450006054,105.5297450006054,102.3997450006054,98.2297450006054,92.9997450006054,86.7397450006054,79.4897450006054,71.2997450006054,62.2397450006054,52.3797450006054,41.7997450006054,30.5997450006054,18.8897450006054,6.789745000605404,-5.670254999394596,-18.490254999394597,-31.570254999394596,-44.810254999394594,-58.1102549993946,-71.3702549993946,-84.5002549993946,-97.4002549993946,-110.0002549993946,-122.2002549993946,-133.9002549993946,-145.0002549993946,-155.4002549993946,-165.0002549993946,-173.8002549993946,-181.7002549993946,-188.6002549993946,-194.4002549993946,-199.0002549993946
178,2025-10-30 06:34:29,proposed,0.0,10.16010170093858,20.24043016099086,30.16094290022097,39.84291120860541,49.108620800000004,57.88132080000001,66.08542080000001,73.64762080000001,79.92062080000001,80.0,79.92062080000001,73.64762080000001,66.08542080000001,57.88132080000001,49.108620800000004,39.84291120860541,30.16094290022097,20.24043016099086,10.16010170093858,0.0,-10.16010170093858,-20.24043016099086,-30.16094290022097,-39.84291120860541,-49.108620800000004,-57.88132080000001,-66.08542080000001,-73.64762080000001,-79.92062080000001,-80.0,-79.92062080000001,-73.64762080000001,-66.08542080000001,-57.88132080000001,-49.108620800000004,-39.84291120860541,-30.16094290022097,-20.24043016099086,-10.16010170093858,0.0,10.16010170093858,20.24043016099086,30.16094290022097,39.84291120860541,49.108620800000004,57.88132080000001,66.08542080000001,73.64762080000001,79.92062080000001
179,2025-10-30 06:35:09,executed,0.0,10.16010170093858,20.24043016099086,30.16094290022097,39.84291120860541,49.108620800000004,57.88132080000001,66.08542080000001,73.64762080000001,79.92062080000001,80.0,79.92062080000001,73.64762080000001,66.08542080000001,57.88132080000001,49.108620800000004,39.84291120860541,30.16094290022097,20.24043016099086,10.16010170093858,0.0,-10.16010170093858,-20.24043016099086,-30.16094290022097,-39.84291120860541,-49.108620800000004,-57.88132080000001,-66.08542080000001,-73.64762080000001,-79.92062080000001,-80.0,-79.92062080000001,-73.64762080000001,-66.08542080000001,-57.88132080000001,-49.108620800000004,-39.84291120860541,-30.16094290022097,-20.24043016099086,-10.16010170093858,0.0,10.16010170093858,20.24043016099086,30.16094290022097,39.84291120860541,49.108620800000004,57.88132080000001,66.08542080000001,73.64762080000001,79.92062080000001
179,2025-10-30 06:36:20,proposed,80.0,79.99999999999999,79.99999999999999,79.99999999999999,79.99999999999999,79.99999999999999,79.99999999999999,79.99999999999999,79.99999999999999,79.99999999999999,79.99999999999999,79.99999999999999,79.99999999999999,79.99999999999999,79.99999999999999,79.99999999999999,79.99999999999999,79.99999999999999,79.99999999999999,79.99999999999999,79.99999999999999,79.99999999999999,79.99999999999999,79.99999999999999,79.99999999999999,79.99999999999999,79.99999999999999,79.99999999999999,79.99999999999999,79.99999999999999,79.99999999999999,79.99999999999999,79.99999999999999,79.99999999999999,79.99999999999999,79.99999999999999,79.99999999999999,79.99999999999999,79.99999999999999,79.99999999999999,79.99999999999999,79.99999999999999,79.99999999999999,79.99999999999999,79.99999999999999,79.99999999999999,79.99999999999999,79.99999999999999,79.99999999999999,79.99999999999999
180,2025-10-30 06:37:00,executed,80.0,79.99999999999999,79.99999999999999,79.99999999999999,79.99999999999999,79.99999999999999,79.99999999999999,79.99999999999999,79.99999999999999,79.99999999999999,79.99999999999999,79.99999999999999,79.99999999999999,79.99999999999999,79.99999999999999,79.99999999999999,79.99999999999999,79.99999999999999,79.99999999999999,79.99999999999999,79.99999999999999,79.99999999999999,79.99999999999999,79.99999999999999,79.99999999999999,79.99999999999999,79.99999999999999,79.99999999999999,79.99999999999999,79.99999999999999,79.99999999999999,79.99999999999999,79.99999999999999,79.99999999999999,79.99999999999999,79.99999999999999,79.99999999999999,79.99999999999999,79.99999999999999,79.99999999999999,79.99999999999999,79.99999999999999,79.99999999999999,79.99999999999999,79.99999999999999,79.99999999999999,79.99999999999999,79.99999999999999,79.99999999999999,79.99999999999999
180,2025-10-30 06:38:01,proposed,80.0,79.3432095200028,77.37604812304892,74.1311497262078,69.6672007820124,64.05340176007797,57.37040188005886,49.71070188005886,41.17640176007798,31.88080188005886,21.94700188005886,11.50700188005886,0.6923018800588602,-10.20809811994114,-20.80309811994114,-30.98049811994114,-40.63809811994114,-49.67909811994114,-58.01209811994114,-65.55309811994114,-72.22309811994114,-77.94909811994114,-82.66609811994114,-86.31909811994115,-88.86009811994114,-90.24609811994114,-90.44409811994115,-89.43509811994115,-87.21009811994114,-83.78009811994114,-79.17009811994114,-73.41009811994114,-66.54009811994113,-58.61009811994114,-49.68009811994114,-39.82009811994114,-29.11009811994114,-17.63009811994114,-5.48009811994114,7.21009811994114,19.95009811994114,32.50009811994114,44.60009811994114,56.00009811994114,66.50009811994114,75.90009811994113,84.00009811994114,90.70009811994115,95.90009811994113,99.50009811994114
181,2025-10-30 06:38:41,executed,80.0,79.3432095200028,77.37604812304892,74.1311497262078,69.6672007820124,64.05340176007797,57.37040188005886,49.71070188005886,41.17640176007798,31.88080188005886,21.94700188005886,11.50700188005886,0.6923018800588602,-10.20809811994114,-20.80309811994114,-30.98049811994114,-40.63809811994114,-49.67909811994114,-58.01209811994114,-65.55309811994114,-72.22309811994114,-77.94909811994114,-82.66609811994114,-86.31909811994115,-88.86009811994114,-90.24609811994114,-90.44409811994115,-89.43509811994115,-87.21009811994114,-83.78009811994114,-79.17009811994114,-73.41009811994114,-66.54009811994113,-58.61009811994114,-49.68009811994114,-39.82009811994114,-29.11009811994114,-17.63009811994114,-5.48009811994114,7.21009811994114,19.95009811994114,32.50009811994114,44.60009811994114,56.00009811994114,66.50009811994114,75.90009811994113,84.00009811994114,90.70009811994115,95.90009811994113,99.50009811994114
181,2025-10-30 06:41:06,proposed,70.0,69.4266,67.7126,64.8968,61.0305,56.1871,50.449,43.9104,36.675,28.8576,20.5822,11.973,3.1539,-5.7001,-14.456,-22.9806,-31.1501,-38.8489,-45.9698,-52.4173,-58.101,-62.9468,-66.8876,-69.8637,-70.0,-69.8637,-66.8876,-62.9468,-58.101,-52.4173,-45.9698,-38.8489,-31.1501,-22.9806,-14.456,-5.7001,3.1539,11.973,20.5822,28.8576,36.675,43.9104,50.449,56.1871,61.0305,64.8968,67.7126,69.4266,70.0,70.0
182,2025-10-30 06:41:46,executed,70.0,69.4266,67.7126,64.8968,61.0305,56.1871,50.449,43.9104,36.675,28.8576,20.5822,11.973,3.1539,-5.7001,-14.456,-22.9806,-31.1501,-38.8489,-45.9698,-52.4173,-58.101,-62.9468,-66.8876,-69.8637,-70.0,-69.8637,-66.8876,-62.9468,-58.101,-52.4173,-45.9698,-38.8489,-31.1501,-22.9806,-14.456,-5.7001,3.1539,11.973,20.5822,28.8576,36.675,43.9104,50.449,56.1871,61.0305,64.8968,67.7126,69.4266,70.0,70.0
182,2025-10-30 06:46:21,proposed,33.25,29.8373,26.0462,21.902,17.4307,12.659,7.6143,2.325,-3.109,-8.659,-14.202,-19.629,-24.8373,-29.725,-34.194,-38.159,-41.542,-44.27,-46.27,-47.47,-47.802,-47.202,-45.614,-42.985,-39.27,-34.43,-28.43,-21.27,-12.97,-3.57,6.73,17.73,29.33,41.43,53.93,66.73,79.73,92.83,105.93,119.03,132.03,144.93,157.63,170.13,182.33,194.13,205.43,216.13,226.13,235.33
183,2025-10-30 06:47:01,executed,33.25,29.8373,26.0462,21.902,17.4307,12.659,7.6143,2.325,-3.109,-8.659,-14.202,-19.629,-24.8373,-29.725,-34.194,-38.159,-41.542,-44.27,-46.27,-47.47,-47.802,-47.202,-45.614,-42.985,-39.27,-34.43,-28.43,-21.27,-12.97,-3.57,6.73,17.73,29.33,41.43,53.93,66.73,79.73,92.83,105.93,119.03,132.03,144.93,157.63,170.13,182.33,194.13,205.43,216.13,226.13,235.33
183,2025-10-30 06:48:03,proposed,0.0,12.7709,25.2695,37.2894,48.6366,59.1339,68.6111,76.9099,83.8829,89.4079,93.3765,95.7077,98.0,95.7077,93.3765,89.4079,83.8829,76.9099,68.6111,59.1339,48.6366,37.2894,25.2695,12.7709,0.0,-12.7709,-25.2695,-37.2894,-48.6366,-59.1339,-68.6111,-76.9099,-83.8829,-89.4079,-93.3765,-95.7077,-98.0,-95.7077,-93.3765,-89.4079,-83.8829,-76.9099,-68.6111,-59.1339,-48.6366,-37.2894,-25.2695,-12.7709,-0.0,0.0
184,2025-10-30 06:48:43,executed,0.0,12.7709,25.2695,37.2894,48.6366,59.1339,68.6111,76.9099,83.8829,89.4079,93.3765,95.7077,98.0,95.7077,93.3765,89.4079,83.8829,76.9099,68.6111,59.1339,48.6366,37.2894,25.2695,12.7709,0.0,-12.7709,-25.2695,-37.2894,-48.6366,-59.1339,-68.6111,-76.9099,-83.8829,-89.4079,-93.3765,-95.7077,-98.0,-95.7077,-93.3765,-89.4079,-83.8829,-76.9099,-68.6111,-59.1339,-48.6366,-37.2894,-25.2695,-12.7709,-0.0,0.0
184,2025-10-30 06:50:51,proposed,100.0,99.2118,96.8583,93.0,87.7208,81.1208,73.3151,64.4208,54.5649,43.8792,32.492,20.5342,8.1397,-4.4367,-17.0,-29.3893,-41.4608,-53.0805,-64.1208,-74.4661,-84.0192,-92.6975,-99.2118,-100.0,-99.2118,-92.6975,-84.0192,-74.4661,-64.1208,-53.0805,-41.4608,-29.3893,-17.0,-4.4367,8.1397,20.5342,32.492,43.8792,54.5649,64.4208,73.3151,81.1208,87.7208,93.0,96.8583,99.2118,100.0,99.2118,96.8583,93.0
185,2025-10-30 06:51:31,executed,100.0,99.2118,96.8583,93.0,87.7208,81.1208,73.3151,64.4208,54.5649,43.8792,32.492,20.5342,8.1397,-4.4367,-17.0,-29.3893,-41.4608,-53.0805,-64.1208,-74.4661,-84.0192,-92.6975,-99.2118,-100.0,-99.2118,-92.6975,-84.0192,-74.4661,-64.1208,-53.0805,-41.4608,-29.3893,-17.0,-4.4367,8.1397,20.5342,32.492,43.8792,54.5649,64.4208,73.3151,81.1208,87.7208,93.0,96.8583,99.2118,100.0,99.2118,96.8583,93.0
185,2025-10-30 06:54:43,proposed,60.0,58.344,54.776,49.428,42.478,34.148,24.696,14.398,3.548,-7.61,-18.736,-29.626,-40.076,-49.904,-59.03,-67.378,-74.878,-81.47,-87.1,-91.71,-95.25,-97.67,-98.93,-98.99,-97.84,-95.46,-91.86,-87.06,-81.09,-73.99,-65.83,-56.69,-46.67,-35.89,-24.47,-12.53,-0.19,12.31,24.51,36.27,47.47,58.0,67.76,76.65,84.58,91.46,97.21,101.76,105.05,107.03
186,2025-10-30 06:55:23,executed,60.0,58.344,54.776,49.428,42.478,34.148,24.696,14.398,3.548,-7.61,-18.736,-29.626,-40.076,-49.904,-59.03,-67.378,-74.878,-81.47,-87.1,-91.71,-95.25,-97.67,-98.93,-98.99,-97.84,-95.46,-91.86,-87.06,-81.09,-73.99,-65.83,-56.69,-46.67,-35.89,-24.47,-12.53,-0.19,12.31,24.51,36.27,47.47,58.0,67.76,76.65,84.58,91.46,97.21,101.76,105.05,107.03
186,2025-10-30 06:57:44,proposed,10.0,21.493026,32.684196,43.28421,53.01188,61.59972,68.80047,74.40058,78.2201,80.1001,80.0001,77.9001,73.9001,68.1001,60.6001,51.5001,40.9001,28.9001,15.6001,1.1001,-14.5999,-31.0999,-48.1999,-65.5999,-83.0999,-90.0,-83.0999,-65.5999,-48.1999,-31.0999,-14.5999,1.1001,15.6001,28.9001,40.9001,51.5001,60.6001,68.1001,73.9001,77.9001,80.0001,80.1001,78.2201,74.40058,68.80047,61.59972,53.01188,43.28421,32.684196,21.493026
187,2025-10-30 06:58:24,executed,10.0,21.493026,32.684196,43.28421,53.01188,61.59972,68.80047,74.40058,78.2201,80.1001,80.0001,77.9001,73.9001,68.1001,60.6001,51.5001,40.9001,28.9001,15.6001,1.1001,-14.5999,-31.0999,-48.1999,-65.5999,-83.0999,-90.0,-83.0999,-65.5999,-48.1999,-31.0999,-14.5999,1.1001,15.6001,28.9001,40.9001,51.5001,60.6001,68.1001,73.9001,77.9001,80.0001,80.1001,78.2201,74.40058,68.80047,61.59972,53.01188,43.28421,32.684196,21.493026
187,2025-10-30 06:59:30,proposed,80.0,79.9348,79.7397,79.4159,78.964,78.3847,77.6791,76.8483,75.8937,74.8169,73.6198,72.2999,70.8601,69.3005,67.6224,65.827,63.9157,61.8899,59.7513,57.5018,55.1434,52.6782,50.1084,47.4363,44.6644,41.7954,38.832,35.777,32.6334,29.4042,26.0924,22.7009,19.2327,15.6908,12.0783,8.3983,4.6539,0.8483,-3.0125,-6.9189,-10.8679,-14.8565,-18.8817,-22.9396,-27.0263,-31.1378,-35.2702,-39.4196,-43.582,-47.7535
188,2025-10-30 07:00:10,executed,80.0,79.9348,79.7397,79.4159,78.964,78.3847,77.6791,76.8483,75.8937,74.8169,73.6198,72.2999,70.8601,69.3005,67.6224,65.827,63.9157,61.8899,59.7513,57.5018,55.1434,52.6782,50.1084,47.4363,44.6644,41.7954,38.832,35.777,32.6334,29.4042,26.0924,22.7009,19.2327,15.6908,12.0783,8.3983,4.6539,0.8483,-3.0125,-6.9189,-10.8679,-14.8565,-18.8817,-22.9396,-27.0263,-31.1378,-35.2702,-39.4196,-43.582,-47.7535
188,2025-10-30 07:04:01,proposed,85.0,84.3303,82.2907,79.0041,74.5708,69.131,62.8028,55.7318,48.0504,39.8923,31.3908,22.6801,13.8907,5.1611,-3.4607,-11.9005,-20.0308,-27.7318,-34.9028,-41.431,-47.2308,-52.2241,-56.3307,-59.5005,-61.6908,-62.8618,-62.9928,-62.071,-60.1208,-57.1741,-53.2707,-48.4805,-42.8708,-36.5218,-29.5228,-21.961,-13.9408,-5.5741,2.9607,11.5305,19.9908,28.2418,36.1628,43.631,50.5508,56.8141,62.3107,66.9605,70.6708,73.3618
189,2025-10-30 07:04:41,executed,85.0,84.3303,82.2907,79.0041,74.5708,69.131,62.8028,55.7318,48.0504,39.8923,31.3908,22.6801,13.8907,5.1611,-3.4607,-11.9005,-20.0308,-27.7318,-34.9028,-41.431,-47.2308,-52.2241,-56.3307,-59.5005,-61.6908,-62.8618,-62.9928,-62.071,-60.1208,-57.1741,-53.2707,-48.4805,-42.8708,-36.5218,-29.5228,-21.961,-13.9408,-5.5741,2.9607,11.5305,19.9908,28.2418,36.1628,43.631,50.5508,56.8141,62.3107,66.9605,70.6708,73.3618
189,2025-10-30 07:05:57,proposed,90.0,89.264434,87.067305,83.475444,78.570133,72.457805,65.259926,57.098402,48.099033,38.389922,28.106403,17.389809,6.384601,-4.707705,-15.70014,-26.401804,-36.631006,-46.219003,-55.003934,-62.839805,-69.600805,-75.178805,-79.477705,-82.413705,-83.914905,-83.914905,-82.413705,-79.477705,-75.178805,-69.600805,-62.839805,-55.003934,-46.219003,-36.631006,-26.401804,-15.70014,-4.707705,6.384601,17.389809,28.106403,38.389922,48.099033,57.098402,65.259926,72.457805,78.570133,83.475444,87.067305,89.264434,90.0
190,2025-10-30 07:06:37,executed,90.0,89.264434,87.067305,83.475444,78.570133,72.457805,65.259926,57.098402,48.099033,38.389922,28.106403,17.389809,6.384601,-4.707705,-15.70014,-26.401804,-36.631006,-46.219003,-55.003934,-62.839805,-69.600805,-75.178805,-79.477705,-82.413705,-83.914905,-83.914905,-82.413705,-79.477705,-75.178805,-69.600805,-62.839805,-55.003934,-46.219003,-36.631006,-26.401804,-15.70014,-4.707705,6.384601,17.389809,28.106403,38.389922,48.099033,57.098402,65.259926,72.457805,78.570133,83.475444,87.067305,89.264434,90.0
190,2025-10-30 07:07:51,proposed,80.0,77.3840049448107,69.7565780362939,57.77190013840076,42.27986047585094,24.30006798089333,4.97825049389278,-15.000000000000002,-33.56947343356828,-49.88874698068945,-63.26497741334057,-73.17519999999999,-79.2001,-80.0,-75.24000000000001,-65.20000000000002,-50.400000000000006,-31.600000000000005,-9.600000000000001,13.600000000000001,36.0,56.800000000000004,74.4,80.0,79.80000000000001,74.4,56.800000000000004,36.0,13.600000000000001,-9.600000000000001,-31.600000000000005,-50.400000000000006,-65.20000000000002,-75.24000000000001,-80.0,-79.2001,-73.17519999999999,-63.26497741334057,-49.88874698068945,-33.56947343356828,-15.000000000000002,4.97825049389278,24.30006798089333,42.27986047585094,57.77190013840076,69.7565780362939,77.3840049448107,80.0,77.3840049448107,69.7565780362939
191,2025-10-30 07:08:31,executed,80.0,77.3840049448107,69.7565780362939,57.77190013840076,42.27986047585094,24.30006798089333,4.97825049389278,-15.000000000000002,-33.56947343356828,-49.88874698068945,-63.26497741334057,-73.17519999999999,-79.2001,-80.0,-75.24000000000001,-65.20000000000002,-50.400000000000006,-31.600000000000005,-9.600000000000001,13.600000000000001,36.0,56.800000000000004,74.4,80.0,79.80000000000001,74.4,56.800000000000004,36.0,13.600000000000001,-9.600000000000001,-31.600000000000005,-50.400000000000006,-65.20000000000002,-75.24000000000001,-80.0,-79.2001,-73.17519999999999,-63.26497741334057,-49.88874698068945,-33.56947343356828,-15.000000000000002,4.97825049389278,24.30006798089333,42.27986047585094,57.77190013840076,69.7565780362939,77.3840049448107,80.0,77.3840049448107,69.7565780362939
191,2025-10-30 07:10:27,proposed,120.0,119.0526,116.2278,111.6441,105.3527,97.4259,87.9546,77.0504,64.8458,51.4816,37.1165,21.9266,6.099,-9.9999,-25.9266,-41.1165,-55.1165,-67.5165,-77.9546,-86.1165,-91.7165,-94.5165,-94.5165,-91.7165,-86.1165,-77.9546,-67.5165,-55.1165,-41.1165,-25.9266,-9.9999,6.099,21.9266,37.1165,51.4816,64.8458,77.0504,87.9546,97.4259,105.3527,111.6441,116.2278,119.0526,120.0,119.0526,116.2278,111.6441,105.3527,97.4259,87.9546
192,2025-10-30 07:11:07,executed,120.0,119.0526,116.2278,111.6441,105.3527,97.4259,87.9546,77.0504,64.8458,51.4816,37.1165,21.9266,6.099,-9.9999,-25.9266,-41.1165,-55.1165,-67.5165,-77.9546,-86.1165,-91.7165,-94.5165,-94.5165,-91.7165,-86.1165,-77.9546,-67.5165,-55.1165,-41.1165,-25.9266,-9.9999,6.099,21.9266,37.1165,51.4816,64.8458,77.0504,87.9546,97.4259,105.3527,111.6441,116.2278,119.0526,120.0,119.0526,116.2278,111.6441,105.3527,97.4259,87.9546
192,2025-10-30 07:14:17,proposed,0.0,10.16012010831633,20.10193096057393,29.69923055009841,38.85040375932029,47.50090036660613,55.50360000000001,62.79980000000001,69.34970000000001,75.11890000000001,79.99999999999999,84.21520000000001,87.4989,79.66310000000001,75.11890000000001,69.34970000000001,62.79980000000001,55.50360000000001,47.50090036660613,38.85040375932029,29.69923055009841,20.10193096057393,10.16012010831633,0.0,-10.160120108316328,-20.10193096057393,-29.69923055009841,-38.85040375932029,-47.50090036660613,-55.50360000000001,-62.79980000000001,-69.34970000000001,-75.11890000000001,-79.99999999999999,-84.21520000000001,-87.4989,-79.66310000000001,-75.11890000000001,-69.34970000000001,-62.79980000000001,-55.50360000000001,-47.50090036660613,-38.85040375932029,-29.69923055009841,-20.10193096057393,-10.160120108316328,-0.0,10.16012010831633,20.10193096057393,29.69923055009841
193,2025-10-30 07:14:57,executed,0.0,10.16012010831633,20.10193096057393,29.69923055009841,38.85040375932029,47.50090036660613,55.50360000000001,62.79980000000001,69.34970000000001,75.11890000000001,79.99999999999999,84.21520000000001,87.4989,79.66310000000001,75.11890000000001,69.34970000000001,62.79980000000001,55.50360000000001,47.50090036660613,38.85040375932029,29.69923055009841,20.10193096057393,10.16012010831633,0.0,-10.160120108316328,-20.10193096057393,-29.69923055009841,-38.85040375932029,-47.50090036660613,-55.50360000000001,-62.79980000000001,-69.34970000000001,-75.11890000000001,-79.99999999999999,-84.21520000000001,-87.4989,-79.66310000000001,-75.11890000000001,-69.34970000000001,-62.79980000000001,-55.50360000000001,-47.50090036660613,-38.85040375932029,-29.69923055009841,-20.10193096057393,-10.160120108316328,-0.0,10.16012010831633,20.10193096057393,29.69923055009841
193,2025-10-30 07:16:11,proposed,0.0,8.898144,17.400507,25.390822,32.787607,39.516504,45.509907,50.699709,55.029808,58.452601,60.929801,62.433801,62.947201,62.463001,61.003901,58.599701,55.289901,51.123001,46.155001,40.450301,34.080501,27.123001,19.659301,11.774401,3.560501,-4.240401,-12.317001,-20.558001,-28.822101,-36.970001,-44.860501,-52.350401,-59.300201,-65.570101,-70.990101,-75.400201,-78.640101,-80.560101,-81.020101,-79.900101,-77.100101,-72.540001,-66.140001,-57.840001,-47.600001,-35.400001,-21.200001,-5.000001,13.200001,33.400001
194,2025-10-30 07:16:51,executed,0.0,8.898144,17.400507,25.390822,32.787607,39.516504,45.509907,50.699709,55.029808,58.452601,60.929801,62.433801,62.947201,62.463001,61.003901,58.599701,55.289901,51.123001,46.155001,40.450301,34.080501,27.123001,19.659301,11.774401,3.560501,-4.240401,-12.317001,-20.558001,-28.822101,-36.970001,-44.860501,-52.350401,-59.300201,-65.570101,-70.990101,-75.400201,-78.640101,-80.560101,-81.020101,-79.900101,-77.100101,-72.540001,-66.140001,-57.840001,-47.600001,-35.400001,-21.200001,-5.000001,13.200001,33.400001
194,2025-10-30 07:21:01,proposed,0.0,15.895,31.3039,45.7478,58.7785,69.9999,79.0216,85.5086,89.2644,90.0,87.5086,81.8999,73.3151,62.0102,48.3585,32.7876,15.895,-2.0408,-20.2404,-38.0422,-54.2968,-68.4547,-79.742,-87.7208,-92.1069,-92.1069,-87.7208,-79.742,-68.4547,-54.2968,-38.0422,-20.2404,-2.0408,15.895,32.7876,48.3585,62.0102,73.3151,81.8999,87.5086,90.0,89.2644,85.5086,79.0216,69.9999,58.7785,45.7478,31.3039,15.895,0.0
195,2025-10-30 07:21:41,executed,0.0,15.895,31.3039,45.7478,58.7785,69.9999,79.0216,85.5086,89.2644,90.0,87.5086,81.8999,73.3151,62.0102,48.3585,32.7876,15.895,-2.0408,-20.2404,-38.0422,-54.2968,-68.4547,-79.742,-87.7208,-92.1069,-92.1069,-87.7208,-79.742,-68.4547,-54.2968,-38.0422,-20.2404,-2.0408,15.895,32.7876,48.3585,62.0102,73.3151,81.8999,87.5086,90.0,89.2644,85.5086,79.0216,69.9999,58.7785,45.7478,31.3039,15.895,0.0
195,2025-10-30 07:24:12,proposed,0.0,11.39712705079841,22.56942006798034,33.38873400275887,43.43384918715377,52.65860088899534,60.91690060937812,68.0792001662916,74.03230006798034,78.67060000000001,81.90800000000002,83.66870000000002,83.89670000000001,82.55590000000001,79.6294,75.1205,69.052,61.46510000000001,52.42000000000001,42.00320000000001,30.32050000000001,17.50600000000001,3.700000000000001,-10.9419,-26.0469,-41.2721,-56.12660000000001,-69.96020000000001,-82.16910000000001,-92.19560000000001,-99.53930000000001,-103.7848,-104.60950000000001,-101.80210000000001,-95.35820000000001,-85.4741,-72.44980000000001,-56.68290000000001,-38.65750000000001,-18.85760000000001,2.766700000000001,25.68810000000001,49.25600000000001,72.69000000000001,95.00000000000001,115.00000000000001,131.0,142.0,147.0,145.0
196,2025-10-30 07:24:52,executed,0.0,11.39712705079841,22.56942006798034,33.38873400275887,43.43384918715377,52.65860088899534,60.91690060937812,68.0792001662916,74.03230006798034,78.67060000000001,81.90800000000002,83.66870000000002,83.89670000000001,82.55590000000001,79.6294,75.1205,69.052,61.46510000000001,52.42000000000001,42.00320000000001,30.32050000000001,17.50600000000001,3.700000000000001,-10.9419,-26.0469,-41.2721,-56.12660000000001,-69.96020000000001,-82.16910000000001,-92.19560000000001,-99.53930000000001,-103.7848,-104.60950000000001,-101.80210000000001,-95.35820000000001,-85.4741,-72.44980000000001,-56.68290000000001,-38.65750000000001,-18.85760000000001,2.766700000000001,25.68810000000001,49.25600000000001,72.69000000000001,95.00000000000001,115.00000000000001,131.0,142.0,147.0,145.0
196,2025-10-30 07:29:12,proposed,80.0,79.50562,78.03681,75.61747,72.28014,68.07002,63.04419,57.26127,50.8009,43.75338,36.2198,28.30932,20.1384,11.82914,3.4988,-4.70815,-12.70997,-20.40775,-27.70783,-34.5222,-40.7672,-46.36495,-51.24353,-55.33777,-58.5888,-60.94495,-62.36294,-62.80665,-62.25916,-60.7107,-58.17094,-54.66014,-50.21008,-44.85338,-38.63353,-31.60495,-23.83294,-15.3988,-6.3888,2.94419,12.55338,22.3198,32.12932,41.87002,51.42014,60.65747,69.46294,77.71916,80.0,80.0
197,2025-10-30 07:29:52,executed,80.0,79.50562,78.03681,75.61747,72.28014,68.07002,63.04419,57.26127,50.8009,43.75338,36.2198,28.30932,20.1384,11.82914,3.4988,-4.70815,-12.70997,-20.40775,-27.70783,-34.5222,-40.7672,-46.36495,-51.24353,-55.33777,-58.5888,-60.94495,-62.36294,-62.80665,-62.25916,-60.7107,-58.17094,-54.66014,-50.21008,-44.85338,-38.63353,-31.60495,-23.83294,-15.3988,-6.3888,2.94419,12.55338,22.3198,32.12932,41.87002,51.42014,60.65747,69.46294,77.71916,80.0,80.0
197,2025-10-30 07:32:10,proposed,60.0,69.33202967664035,77.05063717596008,82.9099951676999,86.7766060150997,88.5732949753999,88.2618956973999,85.8366060150997,81.32563717596007,74.79202967664035,66.34000000000002,56.09202967664035,44.18563717596007,30.7766060150997,15.9499951676999,-0.0,-17.0500048323001,-34.05063717596007,-50.05000000000001,-64.05063717596008,-75.05000000000001,-82.05063717596008,-84.05000000000001,-80.05063717596008,-71.05000000000001,-57.05063717596007,-39.05000000000001,-18.05063717596007,4.050000000000011,27.05063717596007,50.05000000000001,71.05063717596008,89.05000000000001,103.05063717596008,112.05000000000001,115.05063717596008,111.05000000000001,100.05063717596008,82.05000000000001,58.05063717596007,29.05000000000001,-3.949362824039989,-39.9499951676999,-77.94936282404,-115.9499951676999,-150.94936282403998,-179.9499951676999,-199.94936282403998,-208.9499951676999,-206.94936282403998
198,2025-10-30 07:32:50,executed,60.0,69.33202967664035,77.05063717596008,82.9099951676999,86.7766060150997,88.5732949753999,88.2618956973999,85.8366060150997,81.32563717596007,74.79202967664035,66.34000000000002,56.09202967664035,44.18563717596007,30.7766060150997,15.9499951676999,-0.0,-17.0500048323001,-34.05063717596007,-50.05000000000001,-64.05063717596008,-75.05000000000001,-82.05063717596008,-84.05000000000001,-80.05063717596008,-71.05000000000001,-57.05063717596007,-39.05000000000001,-18.05063717596007,4.050000000000011,27.05063717596007,50.05000000000001,71.05063717596008,89.05000000000001,103.05063717596008,112.05000000000001,115.05063717596008,111.05000000000001,100.05063717596008,82.05000000000001,58.05063717596007,29.05000000000001,-3.949362824039989,-39.9499951676999,-77.94936282404,-115.9499951676999,-150.94936282403998,-179.9499951676999,-199.94936282403998,-208.9499951676999,-206.94936282403998
198,2025-10-30 07:40:37,proposed,0.0,10.1601,20.1019,29.6992,38.8504,47.5009,55.5036,62.7998,69.3497,75.1189,80.0,79.6631,77.9001,74.796,70.4504,64.975,58.4999,51.1611,43.0999,34.4504,25.3504,15.9504,6.3999,-3.2001,-12.6001,-21.6999,-30.3504,-38.4504,-45.8999,-52.5999,-58.4999,-63.5504,-67.6999,-70.9001,-73.1001,-74.2504,-74.3001,-73.2001,-70.9504,-67.5504,-63.0001,-57.3001,-50.5001,-42.7001,-33.9504,-24.4001,-14.1504,-3.3001,7.8001,0.0
199,2025-10-30 07:41:17,executed,0.0,10.1601,20.1019,29.6992,38.8504,47.5009,55.5036,62.7998,69.3497,75.1189,80.0,79.6631,77.9001,74.796,70.4504,64.975,58.4999,51.1611,43.0999,34.4504,25.3504,15.9504,6.3999,-3.2001,-12.6001,-21.6999,-30.3504,-38.4504,-45.8999,-52.5999,-58.4999,-63.5504,-67.6999,-70.9001,-73.1001,-74.2504,-74.3001,-73.2001,-70.9504,-67.5504,-63.0001,-57.3001,-50.5001,-42.7001,-33.9504,-24.4001,-14.1504,-3.3001,7.8001,0.0
199,2025-10-30 07:43:03,proposed,90.0,89.2905,87.1648,83.6702,78.8805,72.8837,65.783,57.6946,48.745,39.079,28.8509,18.2195,7.3486,-3.606,-14.456,-25.068,-35.3197,-45.0935,-54.277,-62.766,-70.469,-77.307,-83.209,-88.11,-90.0,-88.11,-83.209,-77.307,-70.469,-62.766,-54.277,-45.0935,-35.3197,-25.068,-14.456,-3.606,7.3486,18.2195,28.8509,39.079,48.745,57.6946,65.783,72.8837,78.8805,83.6702,87.1648,89.2905,90.0,89.2905
200,2025-10-30 07:43:43,executed,90.0,89.2905,87.1648,83.6702,78.8805,72.8837,65.783,57.6946,48.745,39.079,28.8509,18.2195,7.3486,-3.606,-14.456,-25.068,-35.3197,-45.0935,-54.277,-62.766,-70.469,-77.307,-83.209,-88.11,-90.0,-88.11,-83.209,-77.307,-70.469,-62.766,-54.277,-45.0935,-35.3197,-25.068,-14.456,-3.606,7.3486,18.2195,28.8509,39.079,48.745,57.6946,65.783,72.8837,78.8805,83.6702,87.1648,89.2905,90.0,89.2905
200,2025-10-30 07:44:48,proposed,0.0,7.604130000000001,15.048900000000001,22.2559,29.1477,35.6477,41.6806,47.173,52.0538,56.254,59.7077,62.3526,64.1396,65.0242,64.9678,63.9406,61.928,58.922,54.9205,49.937,43.999,37.1408,29.401,20.822,11.449,1.332,-9.096,-19.664,-29.296,-37.928,-45.504,-51.976,-57.304,-61.456,-64.416,-66.176,-66.736,-66.104,-64.296,-61.336,-57.256,-52.104,-45.936,-38.816,-30.816,-21.992,-12.424,-2.192,8.488,19.328
201,2025-10-30 07:45:28,executed,0.0,7.604130000000001,15.048900000000001,22.2559,29.1477,35.6477,41.6806,47.173,52.0538,56.254,59.7077,62.3526,64.1396,65.0242,64.9678,63.9406,61.928,58.922,54.9205,49.937,43.999,37.1408,29.401,20.822,11.449,1.332,-9.096,-19.664,-29.296,-37.928,-45.504,-51.976,-57.304,-61.456,-64.416,-66.176,-66.736,-66.104,-64.296,-61.336,-57.256,-52.104,-45.936,-38.816,-30.816,-21.992,-12.424,-2.192,8.488,19.328
201,2025-10-30 07:46:10,proposed,0.0,9.328000000000001,18.399,27.090000000000003,35.270999999999994,42.82099999999999,49.63,55.6,60.64000000000001,64.66,67.58,69.32,69.82,69.04,66.95,63.53,58.8,52.8,45.6,37.3,28.0,17.8,6.8,-4.6,-16.3,-28.0,-39.0,-49.0,-57.8,-65.2,-70.9,-74.9,-77.1,-77.5,-76.0,-72.7,-67.6,-60.9,-52.6,-42.9,-31.9,-19.9,-7.0,6.7,20.7,34.0,46.0,56.4,65.0,71.6
202,2025-10-30 07:46:50,executed,0.0,9.328000000000001,18.399,27.090000000000003,35.270999999999994,42.82099999999999,49.63,55.6,60.64000000000001,64.66,67.58,69.32,69.82,69.04,66.95,63.53,58.8,52.8,45.6,37.3,28.0,17.8,6.8,-4.6,-16.3,-28.0,-39.0,-49.0,-57.8,-65.2,-70.9,-74.9,-77.1,-77.5,-76.0,-72.7,-67.6,-60.9,-52.6,-42.9,-31.9,-19.9,-7.0,6.7,20.7,34.0,46.0,56.4,65.0,71.6
202,2025-10-30 07:49:15,proposed,0.0,8.8789,17.506,25.6881,33.3537,40.409,46.7791,52.3978,57.211,61.182,64.2797,66.48,67.766,68.1201,67.53,65.98,63.47,59.99,55.56,50.2,43.91,36.78,28.97,20.61,11.84,2.76,-6.38,-15.7,-24.86,-33.56,-41.66,-49.08,-55.74,-61.56,-66.48,-70.4,-73.21,-74.88,-75.39,-74.74,-72.96,-70.0,-65.98,-60.94,-54.9,-47.9,-39.99,-31.2,-21.6,-11.3
203,2025-10-30 07:49:55,executed,0.0,8.8789,17.506,25.6881,33.3537,40.409,46.7791,52.3978,57.211,61.182,64.2797,66.48,67.766,68.1201,67.53,65.98,63.47,59.99,55.56,50.2,43.91,36.78,28.97,20.61,11.84,2.76,-6.38,-15.7,-24.86,-33.56,-41.66,-49.08,-55.74,-61.56,-66.48,-70.4,-73.21,-74.88,-75.39,-74.74,-72.96,-70.0,-65.98,-60.94,-54.9,-47.9,-39.99,-31.2,-21.6,-11.3
203,2025-10-30 07:51:45,proposed,-25.0,-15.3413,-5.7602,3.7381,13.0487,22.0003,30.435,38.205,45.1765,51.2307,56.2691,60.2102,62.9899,64.5694,64.9388,64.1169,62.1408,59.0537,54.9102,49.7785,43.7305,36.8489,29.2231,20.9504,12.1397,2.8907,-6.6559,-16.4286,-26.2975,-36.1415,-45.8489,-55.3137,-64.4302,-73.1001,-81.2298,-88.737,-95.5449,-101.5899,-106.8163,-111.176,-114.625,-117.1299,-118.6698,-119.2298,-118.8001,-117.3821,-114.9809,-111.6122,-107.2975,-101.9602
204,2025-10-30 07:52:25,executed,-25.0,-15.3413,-5.7602,3.7381,13.0487,22.0003,30.435,38.205,45.1765,51.2307,56.2691,60.2102,62.9899,64.5694,64.9388,64.1169,62.1408,59.0537,54.9102,49.7785,43.7305,36.8489,29.2231,20.9504,12.1397,2.8907,-6.6559,-16.4286,-26.2975,-36.1415,-45.8489,-55.3137,-64.4302,-73.1001,-81.2298,-88.737,-95.5449,-101.5899,-106.8163,-111.176,-114.625,-117.1299,-118.6698,-119.2298,-118.8001,-117.3821,-114.9809,-111.6122,-107.2975,-101.9602
204,2025-10-30 07:54:27,proposed,95.0,94.25121,91.97531,88.35,83.33476,77.06476,69.649345,61.19976,51.836655,41.68524,30.8674,19.50749,7.732715,-4.214865,-16.15,-27.919835,-39.38776,-50.426475,-60.91476,-70.742895,-79.81824,-88.062625,-94.25121,-95.0,-94.25121,-88.062625,-79.81824,-70.742895,-60.91476,-50.426475,-39.38776,-27.919835,-16.15,-4.214865,7.732715,19.50749,30.8674,41.68524,51.836655,61.19976,69.649345,77.06476,83.33476,88.35,91.97531,94.25121,95.0,94.25121,91.97531,88.35
205,2025-10-30 07:55:07,executed,95.0,94.25121,91.97531,88.35,83.33476,77.06476,69.649345,61.19976,51.836655,41.68524,30.8674,19.50749,7.732715,-4.214865,-16.15,-27.919835,-39.38776,-50.426475,-60.91476,-70.742895,-79.81824,-88.062625,-94.25121,-95.0,-94.25121,-88.062625,-79.81824,-70.742895,-60.91476,-50.426475,-39.38776,-27.919835,-16.15,-4.214865,7.732715,19.50749,30.8674,41.68524,51.836655,61.19976,69.649345,77.06476,83.33476,88.35,91.97531,94.25121,95.0,94.25121,91.97531,88.35
205,2025-10-30 07:57:18,proposed,-0.607421875,2.765625,-29.984375,-29.984375,-29.984375,-29.984375,-29.984375,-29.984375,-29.984375,-29.984375,-29.984375,-29.984375,-29.984375,-29.984375,-29.984375,-29.984375,-29.984375,-29.984375,-29.984375,-29.984375,-29.984375,-29.984375,-29.984375,-29.984375,-29.984375,-29.984375,-29.984375,-29.984375,-29.984375,-29.984375,-29.984375,-29.984375,-29.984375,-29.984375,-29.984375,-29.984375,-29.984375,-29.984375,-29.984375,-29.984375,-29.984375,-29.984375,-29.984375,-29.984375,-29.984375,-29.984375,-29.984375,-29.984375,-29.984375,-29.984375
206,2025-10-30 07:57:58,executed,-0.607421875,2.765625,-29.984375,-29.984375,-29.984375,-29.984375,-29.984375,-29.984375,-29.984375,-29.984375,-29.984375,-29.984375,-29.984375,-29.984375,-29.984375,-29.984375,-29.984375,-29.984375,-29.984375,-29.984375,-29.984375,-29.984375,-29.984375,-29.984375,-29.984375,-29.984375,-29.984375,-29.984375,-29.984375,-29.984375,-29.984375,-29.984375,-29.984375,-29.984375,-29.984375,-29.984375,-29.984375,-29.984375,-29.984375,-29.984375,-29.984375,-29.984375,-29.984375,-29.984375,-29.984375,-29.984375,-29.984375,-29.984375,-29.984375,-29.984375
206,2025-10-30 08:00:01,proposed,-80.0,-76.73469,-73.46939,-70.20408,-66.93878,-63.67347,-60.40816,-57.14286,-53.87755,-50.61224,-47.34694,-44.08163,-40.81633,-37.55102,-34.28571,-31.02041,-27.7551,-24.4898,-21.22449,-17.95918,-14.69388,-11.42857,-8.16327,-4.89796,-1.63265,1.63265,4.89796,8.16327,11.42857,14.69388,17.95918,21.22449,24.4898,27.7551,31.02041,34.28571,37.55102,40.81633,44.08163,47.34694,50.61224,53.87755,57.14286,60.40816,63.67347,66.93878,70.20408,73.46939,76.73469,80.0
207,2025-10-30 08:00:41,executed,-80.0,-76.73469,-73.46939,-70.20408,-66.93878,-63.67347,-60.40816,-57.14286,-53.87755,-50.61224,-47.34694,-44.08163,-40.81633,-37.55102,-34.28571,-31.02041,-27.7551,-24.4898,-21.22449,-17.95918,-14.69388,-11.42857,-8.16327,-4.89796,-1.63265,1.63265,4.89796,8.16327,11.42857,14.69388,17.95918,21.22449,24.4898,27.7551,31.02041,34.28571,37.55102,40.81633,44.08163,47.34694,50.61224,53.87755,57.14286,60.40816,63.67347,66.93878,70.20408,73.46939,76.73469,80.0
207,2025-10-30 08:03:04,proposed,100.0,99.14448613737699,96.6009033303866,92.4410904088909,86.75000000000001,79.64380967580668,71.2676003923317,61.79600000000001,51.39667080640001,40.25840000000001,28.583000000000002,16.574,4.436700000000001,-7.737000000000001,-19.7808,-31.3908,-42.4004,-52.6607,-61.9928,-70.2707,-77.307,-83.0205,-87.3501,-90.2461,-91.6667,91.66666666666667,89.144486137377,84.6009033303866,78.4410904088909,70.75,61.64380967580668,51.2676003923317,40.19600000000001,28.59667080640001,16.600400000000004,4.466400000000001,-7.6936,-19.737,-31.347,-42.3564,-52.6167,-61.9488,-70.2267,-77.263,-82.9765,-87.3061,-90.2021,-91.6227,-91.6667,-90.2021
208,2025-10-30 08:03:44,executed,100.0,99.14448613737699,96.6009033303866,92.4410904088909,86.75000000000001,79.64380967580668,71.2676003923317,61.79600000000001,51.39667080640001,40.25840000000001,28.583000000000002,16.574,4.436700000000001,-7.737000000000001,-19.7808,-31.3908,-42.4004,-52.6607,-61.9928,-70.2707,-77.307,-83.0205,-87.3501,-90.2461,-91.6667,91.66666666666667,89.144486137377,84.6009033303866,78.4410904088909,70.75,61.64380967580668,51.2676003923317,40.19600000000001,28.59667080640001,16.600400000000004,4.466400000000001,-7.6936,-19.737,-31.347,-42.3564,-52.6167,-61.9488,-70.2267,-77.263,-82.9765,-87.3061,-90.2021,-91.6227,-91.6667,-90.2021
208,2025-10-30 08:07:13,proposed,0.0,11.39712574577889,22.56940879509015,33.38870876295556,43.43384218330752,52.65860481203008,60.91690069351093,68.07920083040368,74.0323004533969,78.6706002919376,81.9080001099196,83.66870000000002,83.89670000000001,82.55590000000001,79.6294,75.1205,69.052,61.46510000000001,52.42000000000001,42.00320000000001,30.32050000000001,17.50600000000001,3.700000000000001,-10.9419,-26.0469,-41.27210000000001,-56.12660000000001,-69.96020000000001,-82.16910000000001,-92.19560000000001,-99.53930000000001,-103.7848,-104.60950000000001,-101.80210000000001,-95.35820000000001,-85.4741,-72.44980000000001,-56.68290000000001,-38.65750000000001,-18.85760000000001,2.766700000000001,25.68810000000001,49.25600000000001,72.69000000000001,95.00000000000001,115.00000000000001,131.0,142.0,147.0,145.0
209,2025-10-30 08:07:53,executed,0.0,11.39712574577889,22.56940879509015,33.38870876295556,43.43384218330752,52.65860481203008,60.91690069351093,68.07920083040368,74.0323004533969,78.6706002919376,81.9080001099196,83.66870000000002,83.89670000000001,82.55590000000001,79.6294,75.1205,69.052,61.46510000000001,52.42000000000001,42.00320000000001,30.32050000000001,17.50600000000001,3.700000000000001,-10.9419,-26.0469,-41.27210000000001,-56.12660000000001,-69.96020000000001,-82.16910000000001,-92.19560000000001,-99.53930000000001,-103.7848,-104.60950000000001,-101.80210000000001,-95.35820000000001,-85.4741,-72.44980000000001,-56.68290000000001,-38.65750000000001,-18.85760000000001,2.766700000000001,25.68810000000001,49.25600000000001,72.69000000000001,95.00000000000001,115.00000000000001,131.0,142.0,147.0,145.0
209,2025-10-30 08:09:17,proposed,0.0,8.7713,17.4024,25.8021,33.8385,41.1394,47.915,53.9352,59.1014,63.336,66.57,68.754,69.93,69.93,68.754,66.57,63.336,59.1014,53.9352,47.915,41.1394,33.8385,25.8021,17.4024,8.7713,0.0,-8.7713,-17.4024,-25.8021,-33.8385,-41.1394,-47.915,-53.9352,-59.1014,-63.336,-66.57,-68.754,-69.93,-69.93,-68.754,-66.57,-63.336,-59.1014,-53.9352,-47.915,-41.1394,-33.8385,-25.8021,-17.4024,-8.7713
210,2025-10-30 08:09:57,executed,0.0,8.7713,17.4024,25.8021,33.8385,41.1394,47.915,53.9352,59.1014,63.336,66.57,68.754,69.93,69.93,68.754,66.57,63.336,59.1014,53.9352,47.915,41.1394,33.8385,25.8021,17.4024,8.7713,0.0,-8.7713,-17.4024,-25.8021,-33.8385,-41.1394,-47.915,-53.9352,-59.1014,-63.336,-66.57,-68.754,-69.93,-69.93,-68.754,-66.57,-63.336,-59.1014,-53.9352,-47.915,-41.1394,-33.8385,-25.8021,-17.4024,-8.7713
210,2025-10-30 08:11:11,proposed,58.857322,65.592534,66.425126,59.866895,48.067345,32.486241,14.80809,-3.766336,-21.49258,-37.28479,-50.15064,-59.39082,-64.59599,-65.75053,-63.15396,-57.26257,-48.60196,-37.89278,-25.87673,-13.20306,-0.40726,11.96962,23.08051,32.61869,39.88006,26.545701,34.020295,36.315579,33.159392,25.176467,13.411693,-0.069032,-13.784407,-26.13606,-35.969046,-42.946112,-46.904838,-47.88607,-46.01258,-41.57962,-34.99616,-26.70273,-17.15993,-6.80479,3.84432,13.565403,21.84772,28.25203,32.45789,34.257406
211,2025-10-30 08:11:51,executed,58.857322,65.592534,66.425126,59.866895,48.067345,32.486241,14.80809,-3.766336,-21.49258,-37.28479,-50.15064,-59.39082,-64.59599,-65.75053,-63.15396,-57.26257,-48.60196,-37.89278,-25.87673,-13.20306,-0.40726,11.96962,23.08051,32.61869,39.88006,26.545701,34.020295,36.315579,33.159392,25.176467,13.411693,-0.069032,-13.784407,-26.13606,-35.969046,-42.946112,-46.904838,-47.88607,-46.01258,-41.57962,-34.99616,-26.70273,-17.15993,-6.80479,3.84432,13.565403,21.84772,28.25203,32.45789,34.257406
211,2025-10-30 08:14:05,proposed,60.0,59.264407,57.098418,53.57013,48.775407,42.822837,35.84834,28.000001,19.430224,10.306423,0.0,-10.306423,-19.430224,-28.000001,-35.84834,-42.822837,-48.775407,-53.57013,-57.098418,-59.264407,-60.0,-59.264407,-57.098418,-53.57013,-48.775407,-42.822837,-35.84834,-28.000001,-19.430224,-10.306423,0.0,10.306423,19.430224,28.000001,35.84834,42.822837,48.775407,53.57013,57.098418,59.264407,60.0,59.264407,57.098418,53.57013,48.775407,42.822837,35.84834,28.000001,19.430224,10.306423
212,2025-10-30 08:14:45,executed,60.0,59.264407,57.098418,53.57013,48.775407,42.822837,35.84834,28.000001,19.430224,10.306423,0.0,-10.306423,-19.430224,-28.000001,-35.84834,-42.822837,-48.775407,-53.57013,-57.098418,-59.264407,-60.0,-59.264407,-57.098418,-53.57013,-48.775407,-42.822837,-35.84834,-28.000001,-19.430224,-10.306423,0.0,10.306423,19.430224,28.000001,35.84834,42.822837,48.775407,53.57013,57.098418,59.264407,60.0,59.264407,57.098418,53.57013,48.775407,42.822837,35.84834,28.000001,19.430224,10.306423
212,2025-10-30 08:16:19,proposed,69.940561,-29.288349,21.050406,2.553935,76.494701,-5.405527,44.697597,35.235901,25.384601,15.258801,4.976801,-5.405527,-15.939501,-26.495901,-36.953501,-47.192901,-57.096301,-66.547101,-75.439001,-83.676601,-84.983601,-81.609501,-75.424401,-68.288201,-60.275801,-51.480101,-42.010501,-31.990401,-21.556401,-10.846501,-1e-06,1e-06,10.846501,21.556401,31.990401,42.010501,51.480101,60.275801,68.288201,75.424401,81.609501,86.779201,9.088061,93.864101,95.694101,96.350301,95.829101,94.144401,91.324201,87.404801
213,2025-10-30 08:16:59,executed,69.940561,-29.288349,21.050406,2.553935,76.494701,-5.405527,44.697597,35.235901,25.384601,15.258801,4.976801,-5.405527,-15.939501,-26.495901,-36.953501,-47.192901,-57.096301,-66.547101,-75.439001,-83.676601,-84.983601,-81.609501,-75.424401,-68.288201,-60.275801,-51.480101,-42.010501,-31.990401,-21.556401,-10.846501,-1.0,-6.0,1.0,-6.0,10.846501,21.556401,31.990401,42.010501,51.480101,60.275801,68.288201,75.424401,81.609501,86.779201,9.088061,93.864101,95.694101,96.350301,95.829101,94.144401
213,2025-10-30 08:18:19,proposed,0.0,12.605706,24.869106,36.467807,47.280998,57.200185,66.129037,73.974906,80.652899,86.089009,90.21367,93.061796,94.673896,95.100902,94.398789,92.630906,89.876709,86.222303,81.761001,76.592697,70.824104,64.569405,57.947205,51.079002,44.088001,37.098001,30.231001,23.606001,17.348001,11.569001,6.376001,1.868001,-1.868001,-6.376001,-11.569001,-17.348001,-23.606001,-30.231001,-37.098001,-44.088001,-51.079002,-57.947205,-64.569405,-70.824104,-76.592697,-81.761001,-86.222303,-89.876709,-92.630906,-94.398789
214,2025-10-30 08:18:59,executed,0.0,12.605706,24.869106,36.467807,47.280998,57.200185,66.129037,73.974906,80.652899,86.089009,90.21367,93.061796,94.673896,95.100902,94.398789,92.630906,89.876709,86.222303,81.761001,76.592697,70.824104,64.569405,57.947205,51.079002,44.088001,37.098001,30.231001,23.606001,17.348001,11.569001,6.376001,1.868001,-1.868001,-6.376001,-11.569001,-17.348001,-23.606001,-30.231001,-37.098001,-44.088001,-51.079002,-57.947205,-64.569405,-70.824104,-76.592697,-81.761001,-86.222303,-89.876709,-92.630906,-94.398789
214,2025-10-30 08:22:10,proposed,0.0,10.0,19.509,28.375,36.495,43.78,50.156,55.569,59.973,63.333,65.626,66.839,66.966,66.002,63.957,60.85,56.709,51.569,45.474,38.48,30.656,22.08,12.839,3.02,-6.966,-16.966,-26.839,-36.495,-45.78,-54.569,-62.78,-70.333,-77.14,-83.126,-88.216,-92.348,-95.46,-97.502,-98.43,-98.216,-96.86,-94.36,-90.72,-85.95,-80.06,-73.07,-65.0,-55.88,-45.74,-34.63
215,2025-10-30 08:22:50,executed,0.0,10.0,19.509,28.375,36.495,43.78,50.156,55.569,59.973,63.333,65.626,66.839,66.966,66.002,63.957,60.85,56.709,51.569,45.474,38.48,30.656,22.08,12.839,3.02,-6.966,-16.966,-26.839,-36.495,-45.78,-54.569,-62.78,-70.333,-77.14,-83.126,-88.216,-92.348,-95.46,-97.502,-98.43,-98.216,-96.86,-94.36,-90.72,-85.95,-80.06,-73.07,-65.0,-55.88,-45.74,-34.63
215,2025-10-30 08:26:30,proposed,0.0,7.6201,15.0489,22.2559,29.1477,35.6477,41.6806,47.173,52.0538,56.254,59.7077,62.3526,64.1396,65.0242,64.9678,63.9406,61.928,58.922,54.9205,49.937,43.999,37.1408,29.401,20.822,11.449,1.332,-9.096,-19.664,-29.296,-37.928,-45.504,-51.976,-57.304,-61.456,-64.416,-66.176,-66.736,-66.104,-64.296,-61.336,-57.256,-52.104,-45.936,-38.816,-30.816,-21.992,-12.424,-2.192,8.488,19.328
216,2025-10-30 08:27:10,executed,0.0,7.6201,15.0489,22.2559,29.1477,35.6477,41.6806,47.173,52.0538,56.254,59.7077,62.3526,64.1396,65.0242,64.9678,63.9406,61.928,58.922,54.9205,49.937,43.999,37.1408,29.401,20.822,11.449,1.332,-9.096,-19.664,-29.296,-37.928,-45.504,-51.976,-57.304,-61.456,-64.416,-66.176,-66.736,-66.104,-64.296,-61.336,-57.256,-52.104,-45.936,-38.816,-30.816,-21.992,-12.424,-2.192,8.488,19.328
216,2025-10-30 08:32:57,proposed,70.0,69.42660416,67.71261358,64.89680374,61.03050937,56.18714088,50.44903332,43.91040854,36.675,28.85763946,20.58220803,11.97300067,3.15390509,-5.70010416,-14.45604147,-22.98060878,-31.15010937,-38.84890854,-45.96980374,-52.41730937,-58.10103332,-62.94680374,-66.88761358,-69.86370416,-69.99999999,-69.86370416,-66.88761358,-62.94680374,-58.10103332,-52.41730937,-45.96980374,-38.84890854,-31.15010937,-22.98060878,-14.45604147,-5.70010416,3.15390509,11.97300067,20.58220803,28.85763946,36.675,43.91040854,50.44903332,56.18714088,61.03050937,64.89680374,67.71261358,69.42660416,70.0,69.42660416
217,2025-10-30 08:33:37,executed,70.0,69.42660416,67.71261358,64.89680374,61.03050937,56.18714088,50.44903332,43.91040854,36.675,28.85763946,20.58220803,11.97300067,3.15390509,-5.70010416,-14.45604147,-22.98060878,-31.15010937,-38.84890854,-45.96980374,-52.41730937,-58.10103332,-62.94680374,-66.88761358,-69.86370416,-69.99999999,-69.86370416,-66.88761358,-62.94680374,-58.10103332,-52.41730937,-45.96980374,-38.84890854,-31.15010937,-22.98060878,-14.45604147,-5.70010416,3.15390509,11.97300067,20.58220803,28.85763946,36.675,43.91040854,50.44903332,56.18714088,61.03050937,64.89680374,67.71261358,69.42660416,70.0,69.42660416
217,2025-10-30 08:37:02,proposed,50.0,49.502,48.02,45.568,42.18,37.9,32.78,26.872,20.24,12.952,5.08,-3.2,-11.72,-20.392,-29.1,-37.72,-46.12,-54.16,-61.7,-68.6,-74.72,-79.92,-84.06,-87.0,-88.6,-88.74,-87.3,-84.26,-79.58,-73.22,-65.14,-55.38,-43.98,-31.02,-16.6,-0.84,15.6,32.78,50.58,68.86,87.48,106.3,125.18,143.98,162.56,180.76,198.44,215.46,231.68,247.0
218,2025-10-30 08:37:42,executed,50.0,49.502,48.02,45.568,42.18,37.9,32.78,26.872,20.24,12.952,5.08,-3.2,-11.72,-20.392,-29.1,-37.72,-46.12,-54.16,-61.7,-68.6,-74.72,-79.92,-84.06,-87.0,-88.6,-88.74,-87.3,-84.26,-79.58,-73.22,-65.14,-55.38,-43.98,-31.02,-16.6,-0.84,15.6,32.78,50.58,68.86,87.48,106.3,125.18,143.98,162.56,180.76,198.44,215.46,231.68,247.0
218,2025-10-30 08:38:28,proposed,0.0,7.6201,15.0489,22.2559,29.1477,35.6477,41.6806,47.173,52.0538,56.254,59.7077,62.3526,64.1396,65.0242,64.9678,63.9406,61.928,58.922,54.9205,49.937,43.999,37.1408,29.401,20.822,11.449,1.332,-9.096,-19.664,-29.296,-37.928,-45.504,-51.976,-57.304,-61.456,-64.416,-66.176,-66.736,-66.104,-64.296,-61.336,-57.256,-52.104,-45.936,-38.816,-30.816,-21.992,-12.424,-2.192,8.488,19.328
219,2025-10-30 08:39:08,executed,0.0,7.6201,15.0489,22.2559,29.1477,35.6477,41.6806,47.173,52.0538,56.254,59.7077,62.3526,64.1396,65.0242,64.9678,63.9406,61.928,58.922,54.9205,49.937,43.999,37.1408,29.401,20.822,11.449,1.332,-9.096,-19.664,-29.296,-37.928,-45.504,-51.976,-57.304,-61.456,-64.416,-66.176,-66.736,-66.104,-64.296,-61.336,-57.256,-52.104,-45.936,-38.816,-30.816,-21.992,-12.424,-2.192,8.488,19.328
219,2025-10-30 08:40:17,proposed,0.0,9.98076338018775,19.720287621967135,29.08207396408249,37.95189998723704,46.218975210736076,53.77846572886727,60.53427585124999,66.39800305333334,71.28959941250001,75.1369275,77.88121666666667,79.47555,79.88948333333333,79.11245833333334,77.1561875,74.04990000000001,69.83448333333334,64.569975,58.33166666666668,51.20666666666668,43.293749999999996,34.68500000000002,25.489583333333343,15.82,6.2,-3.9733333333333327,-14.306666666666665,-24.615,-34.673333333333325,-44.25666666666666,-53.165,-61.27999999999999,-68.47333333333333,-74.6325,-79.645,-83.4075,-85.81,-86.75,-86.17166666666667,-84.055,-80.4,-75.22083333333335,-68.52499999999999,-60.32833333333335,-50.67000000000001,-39.629999999999995,-27.316666666666688,-13.86166666666668,0.0
220,2025-10-30 08:40:57,executed,0.0,9.98076338018775,19.720287621967135,29.08207396408249,37.95189998723704,46.218975210736076,53.77846572886727,60.53427585124999,66.39800305333334,71.28959941250001,75.1369275,77.88121666666667,79.47555,79.88948333333333,79.11245833333334,77.1561875,74.04990000000001,69.83448333333334,64.569975,58.33166666666668,51.20666666666668,43.293749999999996,34.68500000000002,25.489583333333343,15.82,6.2,-3.9733333333333327,-14.306666666666665,-24.615,-34.673333333333325,-44.25666666666666,-53.165,-61.27999999999999,-68.47333333333333,-74.6325,-79.645,-83.4075,-85.81,-86.75,-86.17166666666667,-84.055,-80.4,-75.22083333333335,-68.52499999999999,-60.32833333333335,-50.67000000000001,-39.629999999999995,-27.316666666666688,-13.86166666666668,0.0
220,2025-10-30 08:43:04,proposed,0.0,8.715574274765817,17.29410360699042,25.61856149168987,33.62310636046091,41.02573752528701,47.78367746200293,53.79383617156977,59.06176378411075,63.50111956501246,67.0388487739501,69.6108990117004,70.0,69.6108990117004,67.0388487739501,63.50111956501246,59.06176378411075,53.79383617156977,47.78367746200293,41.02573752528701,33.62310636046091,25.61856149168987,17.29410360699042,8.715574274765817,0.0,-8.715574274765817,-17.29410360699042,-25.61856149168987,-33.62310636046091,-41.02573752528701,-47.78367746200293,-53.79383617156977,-59.06176378411075,-63.50111956501246,-67.0388487739501,-69.6108990117004,-70.0,-69.6108990117004,-67.0388487739501,-63.50111956501246,-59.06176378411075,-53.79383617156977,-47.78367746200293,-41.02573752528701,-33.62310636046091,-25.61856149168987,-17.29410360699042,-8.715574274765817,-0.0,8.715574274765817
221,2025-10-30 08:43:44,executed,0.0,8.715574274765817,17.29410360699042,25.61856149168987,33.62310636046091,41.02573752528701,47.78367746200293,53.79383617156977,59.06176378411075,63.50111956501246,67.0388487739501,69.6108990117004,70.0,69.6108990117004,67.0388487739501,63.50111956501246,59.06176378411075,53.79383617156977,47.78367746200293,41.02573752528701,33.62310636046091,25.61856149168987,17.29410360699042,8.715574274765817,0.0,-8.715574274765817,-17.29410360699042,-25.61856149168987,-33.62310636046091,-41.02573752528701,-47.78367746200293,-53.79383617156977,-59.06176378411075,-63.50111956501246,-67.0388487739501,-69.6108990117004,-70.0,-69.6108990117004,-67.0388487739501,-63.50111956501246,-59.06176378411075,-53.79383617156977,-47.78367746200293,-41.02573752528701,-33.62310636046091,-25.61856149168987,-17.29410360699042,-8.715574274765817,-0.0,8.715574274765817
221,2025-10-30 08:46:56,proposed,80.0,79.3360696342898,77.3551523424268,74.1311096739818,69.7479768673103,64.3053916912384,57.9107077659556,50.6805011037385,42.7479768673103,34.2547392687989,25.3547392687989,16.1946083087616,6.9239303657102,-2.4000000000000004,-11.599999999999998,-20.599999999999998,-29.2883040206121,-37.55102040816326,-45.2783040206121,-52.3611096739818,-58.6946083087616,-64.1907077659556,-68.7679768673103,-72.3551523424268,-74.8808903260182,-76.3053916912384,-76.60000000000001,-75.7551523424268,-73.7907077659556,-70.7360696342898,-66.6439303657102,-61.5751523424268,-55.60000000000001,-48.800000000000004,-41.2639303657102,-33.0808903260182,-24.3547392687989,-15.1946083087616,-5.755152342426801,3.8400000000000003,13.599999999999998,23.3551523424268,32.9620231326897,42.3053916912384,51.2707077659556,59.7479768673103,67.6239303657102,74.7907077659556,80.0,80.0
222,2025-10-30 08:47:36,executed,80.0,79.3360696342898,77.3551523424268,74.1311096739818,69.7479768673103,64.3053916912384,57.9107077659556,50.6805011037385,42.7479768673103,34.2547392687989,25.3547392687989,16.1946083087616,6.9239303657102,-2.4000000000000004,-11.599999999999998,-20.599999999999998,-29.2883040206121,-37.55102040816326,-45.2783040206121,-52.3611096739818,-58.6946083087616,-64.1907077659556,-68.7679768673103,-72.3551523424268,-74.8808903260182,-76.3053916912384,-76.60000000000001,-75.7551523424268,-73.7907077659556,-70.7360696342898,-66.6439303657102,-61.5751523424268,-55.60000000000001,-48.800000000000004,-41.2639303657102,-33.0808903260182,-24.3547392687989,-15.1946083087616,-5.755152342426801,3.8400000000000003,13.599999999999998,23.3551523424268,32.9620231326897,42.3053916912384,51.2707077659556,59.7479768673103,67.6239303657102,74.7907077659556,80.0,80.0
222,2025-10-30 08:53:09,proposed,0.0,24.7214,47.0226,65.176,78.5106,80.0,73.51,59.8669,40.2584,16.574,-7.737,-31.3908,-52.6607,-70.2707,-80.0,-78.5106,-65.176,-47.0226,-24.7214,-0.0,24.7214,47.0226,65.176,78.5106,80.0,73.51,59.8669,40.2584,16.574,-7.737,-31.3908,-52.6607,-70.2707,-80.0,-78.5106,-65.176,-47.0226,-24.7214,-0.0,24.7214,47.0226,65.176,78.5106,80.0,73.51,59.8669,40.2584,16.574,-7.737,-31.3908
223,2025-10-30 08:53:49,executed,0.0,24.7214,47.0226,65.176,78.5106,80.0,73.51,59.8669,40.2584,16.574,-7.737,-31.3908,-52.6607,-70.2707,-80.0,-78.5106,-65.176,-47.0226,-24.7214,-0.0,24.7214,47.0226,65.176,78.5106,80.0,73.51,59.8669,40.2584,16.574,-7.737,-31.3908,-52.6607,-70.2707,-80.0,-78.5106,-65.176,-47.0226,-24.7214,-0.0,24.7214,47.0226,65.176,78.5106,80.0,73.51,59.8669,40.2584,16.574,-7.737,-31.3908
223,2025-10-30 08:56:01,proposed,0.0,11.522300000000001,22.8465,33.7599,44.0593,53.5488,61.9488,69.1027,74.8798,79.2001,82.0004,83.2422,82.913,81.0232,77.6041,72.7062,66.3996,58.7785,49.9599,40.0769,29.2883,17.752,5.63,-6.7865,-19.6592,-32.7876,-45.9529,-58.9649,-71.602,-83.6025,-94.7001,-104.6095,-113.0901,-119.9539,-125.0599,-128.3074,-129.6485,-129.088,-126.6791,-122.5197,-116.7432,-109.5119,-100.9926,-91.3653,-80.8168,-69.526,-57.6698,-45.4286,-32.985,-20.528
224,2025-10-30 08:56:41,executed,0.0,11.522300000000001,22.8465,33.7599,44.0593,53.5488,61.9488,69.1027,74.8798,79.2001,82.0004,83.2422,82.913,81.0232,77.6041,72.7062,66.3996,58.7785,49.9599,40.0769,29.2883,17.752,5.63,-6.7865,-19.6592,-32.7876,-45.9529,-58.9649,-71.602,-83.6025,-94.7001,-104.6095,-113.0901,-119.9539,-125.0599,-128.3074,-129.6485,-129.088,-126.6791,-122.5197,-116.7432,-109.5119,-100.9926,-91.3653,-80.8168,-69.526,-57.6698,-45.4286,-32.985,-20.528
224,2025-10-30 09:02:21,proposed,60.0,59.90132363102379,59.60548192329618,59.11303861884458,58.42598380698184,57.54660421888034,56.47754024329249,55.22165030230626,53.78214156942928,52.16248443916968,50.36636730999507,48.39873966030732,46.26476538057774,43.97087707321528,41.52467140837333,38.93409162985338,36.20739988220815,33.35398287799008,30.38349887161678,27.30578160762886,24.13089408018258,20.86904586221145,17.53059468537542,14.12596480749092,10.66579848981458,7.16075900865961,3.621577977465366,0.05898870195537628,-3.473551772186786,-6.974917637841132,-10.43489833758153,-13.8436402379936,-17.19160591981742,-20.46950408018258,-23.66821839237114,-26.77879988220815,-29.79240591981742,-32.70036730999507,-35.49411556083032,-38.16523461942226,-40.70543461942226,-43.10660421888034,-45.36075900865961,-47.46,-49.39650112838322,-51.16248443916968,-52.75023461942226,-54.15214156942928,-55.36075900865961,-56.36821839237114
225,2025-10-30 09:03:01,executed,60.0,59.90132363102379,59.60548192329618,59.11303861884458,58.42598380698184,57.54660421888034,56.47754024329249,55.22165030230626,53.78214156942928,52.16248443916968,50.36636730999507,48.39873966030732,46.26476538057774,43.97087707321528,41.52467140837333,38.93409162985338,36.20739988220815,33.35398287799008,30.38349887161678,27.30578160762886,24.13089408018258,20.86904586221145,17.53059468537542,14.12596480749092,10.66579848981458,7.16075900865961,3.621577977465366,0.05898870195537628,-3.473551772186786,-6.974917637841132,-10.43489833758153,-13.8436402379936,-17.19160591981742,-20.46950408018258,-23.66821839237114,-26.77879988220815,-29.79240591981742,-32.70036730999507,-35.49411556083032,-38.16523461942226,-40.70543461942226,-43.10660421888034,-45.36075900865961,-47.46,-49.39650112838322,-51.16248443916968,-52.75023461942226,-54.15214156942928,-55.36075900865961,-56.36821839237114
225,2025-10-30 09:05:50,proposed,75.0,74.403,72.6346,69.7365,65.7656,60.7915,54.8963,48.1738,40.7296,32.6788,24.1466,15.2669,6.1793,-2.9389,-12.009,-20.941,-29.6176,-37.9276,-45.7699,-53.0487,-59.6796,-65.5898,-70.7107,-75.0,-78.446,-80.9996,-82.6698,-83.4705,-83.4246,-82.556,-80.895,-78.4719,-75.323,-71.488,-66.9996,-61.8949,-56.213,-49.994,-43.2806,-36.116,-28.544,-20.6105,-12.361,-3.842,4.902,13.794,22.67,31.45,40.05,48.39
226,2025-10-30 09:06:30,executed,75.0,74.403,72.6346,69.7365,65.7656,60.7915,54.8963,48.1738,40.7296,32.6788,24.1466,15.2669,6.1793,-2.9389,-12.009,-20.941,-29.6176,-37.9276,-45.7699,-53.0487,-59.6796,-65.5898,-70.7107,-75.0,-78.446,-80.9996,-82.6698,-83.4705,-83.4246,-82.556,-80.895,-78.4719,-75.323,-71.488,-66.9996,-61.8949,-56.213,-49.994,-43.2806,-36.116,-28.544,-20.6105,-12.361,-3.842,4.902,13.794,22.67,31.45,40.05,48.39
226,2025-10-30 09:10:45,proposed,89.70277163,76.53676118,56.63618397,31.06648719,1.04758525,-26.04603957,-50.93881475,-71.55406085,-86.91490214,-96.16156906,-98.67527637,-94.0253509,-82.26473062,-63.99999999,-40.30010977,-12.79373079,16.0,44.08163265,69.131,89.2905,99.99999999,99.99999999,90.2461,70.0,40.0,5.0,-30.0,-60.0,-85.0,-99.99999999,-99.99999999,-90.0,-65.0,-30.0,10.0,50.0,80.0,99.99999999,99.99999999,85.0,55.0,15.0,-25.0,-60.0,-85.0,-99.99999999,-99.99999999,-85.0,-50.0,-10.0
227,2025-10-30 09:11:25,executed,89.70277163,76.53676118,56.63618397,31.06648719,1.04758525,-26.04603957,-50.93881475,-71.55406085,-86.91490214,-96.16156906,-98.67527637,-94.0253509,-82.26473062,-63.99999999,-40.30010977,-12.79373079,16.0,44.08163265,69.131,89.2905,99.99999999,99.99999999,90.2461,70.0,40.0,5.0,-30.0,-60.0,-85.0,-99.99999999,-99.99999999,-90.0,-65.0,-30.0,10.0,50.0,80.0,99.99999999,99.99999999,85.0,55.0,15.0,-25.0,-60.0,-85.0,-99.99999999,-99.99999999,-85.0,-50.0,-10.0
227,2025-10-30 09:14:02,proposed,104.9972323789643,107.0315895085465,107.4109312061619,105.1764654941913,100.8242091993213,95.1481105943478,88.0863001859944,79.7925027426177,70.4302251347644,60.1998399719329,49.2974929856578,37.9486338871629,26.3701614867993,14.7801844577815,3.3957256673899,-7.6749842106096,-18.0694503774648,-27.5910398686616,-36.1415277121631,-43.6267812904005,-49.9650454687985,-55.0805361099197,-58.9001399719329,-61.3540061801269,-62.3769938198731,-61.9280673469388,-59.9998399719329,-56.6001399719329,-51.7601399719329,-45.5201399719329,-37.9301399719329,-29.0401399719329,-18.9001399719329,-7.5601399719329,4.9798600280671,18.5298600280671,32.9698600280671,48.1998600280671,64.1298600280671,80.6698600280671,97.7198600280671,115.1798600280671,120.0,120.0,120.0,120.0,120.0,120.0,120.0,120.0
228,2025-10-30 09:14:42,executed,104.9972323789643,107.0315895085465,107.4109312061619,105.1764654941913,100.8242091993213,95.1481105943478,88.0863001859944,79.7925027426177,70.4302251347644,60.1998399719329,49.2974929856578,37.9486338871629,26.3701614867993,14.7801844577815,3.3957256673899,-7.6749842106096,-18.0694503774648,-27.5910398686616,-36.1415277121631,-43.6267812904005,-49.9650454687985,-55.0805361099197,-58.9001399719329,-61.3540061801269,-62.3769938198731,-61.9280673469388,-59.9998399719329,-56.6001399719329,-51.7601399719329,-45.5201399719329,-37.9301399719329,-29.0401399719329,-18.9001399719329,-7.5601399719329,4.9798600280671,18.5298600280671,32.9698600280671,48.1998600280671,64.1298600280671,80.6698600280671,97.7198600280671,115.1798600280671,120.0,120.0,120.0,120.0,120.0,120.0,120.0,120.0
228,2025-10-30 09:16:46,proposed,70.0,66.5028,60.1873,51.4087,40.6019,28.257,14.8877,1.0069,-12.955,-26.4264,-38.9986,-50.282,-59.9284,-67.6323,-73.135,-76.2241,-76.744,-74.698,-70.1554,-63.2653,-54.2476,-43.376,-30.9693,-17.375,-3.0069,11.7744,26.0462,39.3789,51.3035,61.3999,69.3497,74.989,78.2201,78.9999,77.3348,73.2842,66.9626,58.5086,48.1189,36.0999,22.7808,8.5086,-5.9999,-20.3001,-34.0001,-46.7001,-58.0001,-67.5001,-74.9001,-79.9001
229,2025-10-30 09:17:26,executed,70.0,66.5028,60.1873,51.4087,40.6019,28.257,14.8877,1.0069,-12.955,-26.4264,-38.9986,-50.282,-59.9284,-67.6323,-73.135,-76.2241,-76.744,-74.698,-70.1554,-63.2653,-54.2476,-43.376,-30.9693,-17.375,-3.0069,11.7744,26.0462,39.3789,51.3035,61.3999,69.3497,74.989,78.2201,78.9999,77.3348,73.2842,66.9626,58.5086,48.1189,36.0999,22.7808,8.5086,-5.9999,-20.3001,-34.0001,-46.7001,-58.0001,-67.5001,-74.9001,-79.9001
229,2025-10-30 09:19:07,proposed,0.0,9.938896000000002,19.54906,28.54898,36.84834,44.37006,50.9401,56.4952,60.9806,64.3644,66.6252,67.7621,67.7885,66.7291,64.6298,61.5546,57.5768,52.7779,47.2503,41.0903,34.408,27.315,19.9238,12.3476,4.7001,-2.9389,-10.5779,-18.0902,-25.3532,-32.2568,-38.7005,-44.596,-49.8676,-54.444,-58.2616,-61.2644,-63.4045,-64.6498,-64.9806,-64.398,-62.908,-60.5343,-57.307,-53.265,-48.4636,-42.9698,-36.8702,-30.2568,-23.2201,-15.861
230,2025-10-30 09:19:47,executed,0.0,9.938896000000002,19.54906,28.54898,36.84834,44.37006,50.9401,56.4952,60.9806,64.3644,66.6252,67.7621,67.7885,66.7291,64.6298,61.5546,57.5768,52.7779,47.2503,41.0903,34.408,27.315,19.9238,12.3476,4.7001,-2.9389,-10.5779,-18.0902,-25.3532,-32.2568,-38.7005,-44.596,-49.8676,-54.444,-58.2616,-61.2644,-63.4045,-64.6498,-64.9806,-64.398,-62.908,-60.5343,-57.307,-53.265,-48.4636,-42.9698,-36.8702,-30.2568,-23.2201,-15.861
230,2025-10-30 09:23:45,proposed,75.0,75.0,74.85408,74.41624,73.68832,72.67329,71.37466,69.79679,67.94504,65.82576,63.44645,60.81596,57.94336,54.83803,51.51978,48.0,44.29029,40.4033,36.35171,32.14828,27.80582,23.33716,18.7551,14.07246,9.302,4.45648,-0.4033,-5.25,-10.07,-14.85408,-19.5925,-24.275,-28.89166,-33.4325,-37.8875,-42.24666,-46.5,-50.6375,-54.65,-58.5275,-62.26,-65.8375,-69.25,-72.4875,-75.54,-78.3975,-81.05,-83.4875,-85.7,-87.6775
231,2025-10-30 09:24:25,executed,75.0,75.0,74.85408,74.41624,73.68832,72.67329,71.37466,69.79679,67.94504,65.82576,63.44645,60.81596,57.94336,54.83803,51.51978,48.0,44.29029,40.4033,36.35171,32.14828,27.80582,23.33716,18.7551,14.07246,9.302,4.45648,-0.4033,-5.25,-10.07,-14.85408,-19.5925,-24.275,-28.89166,-33.4325,-37.8875,-42.24666,-46.5,-50.6375,-54.65,-58.5275,-62.26,-65.8375,-69.25,-72.4875,-75.54,-78.3975,-81.05,-83.4875,-85.7,-87.6775
231,2025-10-30 09:30:55,proposed,69.01166699317587,-74.1953258509893,-71.86230620857502,-73.0805096144885,33.72252726485848,48.67568128549302,6.009941935821503,76.5317282056262,-43.14449852230606,21.08985657753173,-6.652157580632314,2.502018873046772,28.98394982613148,-48.25700204768399,-43.61905470375615,6.136015570222718,77.2913070198031,-56.33535249419137,3.499432607149814,38.62534063229653,50.18731057470656,17.58156683838081,10.99967262078657,-70.97546654761005,-78.3688147822942,38.40693240801833,23.33230869186673,-77.4087113101886,19.33614138676223,10.19830865778847,-3.208845025546194,1.488665780516892,-3.619179927953285,7.393282255747127,-50.94195191392683,-29.61053075249257,43.11181284157159,75.3970634620577,72.50732386861502,2.378772322307584,-40.69740237748434,43.8967965005898,-13.04581177651031,-5.992837330768018,79.52454651703273,-79.99849206720766,-1.974868420310243,13.92131298897452,22.25471449557451,-29.09673295964826
232,2025-10-30 09:31:35,executed,69.01166699317587,-74.1953258509893,-71.86230620857502,-73.0805096144885,33.72252726485848,48.67568128549302,6.009941935821503,76.5317282056262,-43.14449852230606,21.08985657753173,-6.652157580632314,2.502018873046772,28.98394982613148,-48.25700204768399,-43.61905470375615,6.136015570222718,77.2913070198031,-56.33535249419137,3.499432607149814,38.62534063229653,50.18731057470656,17.58156683838081,10.99967262078657,-70.97546654761005,-78.3688147822942,38.40693240801833,23.33230869186673,-77.4087113101886,19.33614138676223,10.19830865778847,-3.208845025546194,1.488665780516892,-3.619179927953285,7.393282255747127,-50.94195191392683,-29.61053075249257,43.11181284157159,75.3970634620577,72.50732386861502,2.378772322307584,-40.69740237748434,43.8967965005898,-13.04581177651031,-5.992837330768018,79.52454651703273,-79.99849206720766,-1.974868420310243,13.92131298897452,22.25471449557451,-29.09673295964826
232,2025-10-30 09:32:29,proposed,100.0,99.2118485201087,96.8583162395697,93.00000000000001,87.72080076906202,81.12080076906203,73.31514331514332,64.42080076906203,54.56490076906203,43.87920076906203,32.49200076906203,20.53420076906203,8.13970076906203,-4.43670076906203,-17.0,-29.38930076906203,-41.46080076906203,-53.08050076906203,-64.12080076906203,-74.46610076906202,-84.01920076906202,-92.69750076906203,-99.2118485201087,-100.0,-99.2118485201087,-92.69750076906203,-84.01920076906202,-74.46610076906202,-64.12080076906203,-53.08050076906203,-41.46080076906203,-29.38930076906203,-17.0,-4.43670076906203,8.13970076906203,20.53420076906203,32.49200076906203,43.87920076906203,54.56490076906203,64.42080076906203,73.31514331514332,81.12080076906203,87.72080076906202,93.00000000000001,96.8583162395697,99.2118485201087,100.0,99.2118485201087,96.8583162395697,93.00000000000001
233,2025-10-30 09:33:09,executed,100.0,99.2118485201087,96.8583162395697,93.00000000000001,87.72080076906202,81.12080076906203,73.31514331514332,64.42080076906203,54.56490076906203,43.87920076906203,32.49200076906203,20.53420076906203,8.13970076906203,-4.43670076906203,-17.0,-29.38930076906203,-41.46080076906203,-53.08050076906203,-64.12080076906203,-74.46610076906202,-84.01920076906202,-92.69750076906203,-99.2118485201087,-100.0,-99.2118485201087,-92.69750076906203,-84.01920076906202,-74.46610076906202,-64.12080076906203,-53.08050076906203,-41.46080076906203,-29.38930076906203,-17.0,-4.43670076906203,8.13970076906203,20.53420076906203,32.49200076906203,43.87920076906203,54.56490076906203,64.42080076906203,73.31514331514332,81.12080076906203,87.72080076906202,93.00000000000001,96.8583162395697,99.2118485201087,100.0,99.2118485201087,96.8583162395697,93.00000000000001
233,2025-10-30 09:34:11,proposed,49.4975,55.384,60.5923,64.9999,68.5,70.9999,72.4,72.6,71.5,69.1,65.4,60.5923,54.8,48.15,40.77,32.79,24.34,15.55,6.55,-2.5,-11.5,-20.3,-28.8,-36.9,-44.5,-51.5,-57.8,-63.3,-67.9,-71.5,-74.1,-75.6,-76.0,-75.2,-73.3,-70.2,-66.0,-60.8,-54.6,-47.5,-39.6,-31.0,-21.8,-12.1,-2.0,8.2,18.4,28.4,38.0,47.0
234,2025-10-30 09:34:51,executed,49.4975,55.384,60.5923,64.9999,68.5,70.9999,72.4,72.6,71.5,69.1,65.4,60.5923,54.8,48.15,40.77,32.79,24.34,15.55,6.55,-2.5,-11.5,-20.3,-28.8,-36.9,-44.5,-51.5,-57.8,-63.3,-67.9,-71.5,-74.1,-75.6,-76.0,-75.2,-73.3,-70.2,-66.0,-60.8,-54.6,-47.5,-39.6,-31.0,-21.8,-12.1,-2.0,8.2,18.4,28.4,38.0,47.0
234,2025-10-30 09:36:27,proposed,-60.0,-57.551,-55.102,-52.6531,-50.2041,-47.7551,-45.3061,-42.8571,-40.4082,-37.9592,-35.5102,-33.0612,-30.6122,-28.1633,-25.7143,-23.2653,-20.8163,-18.3673,-15.9184,-13.4694,-11.0204,-8.5714,-6.1224,-3.6735,-1.2245,1.2245,3.6735,6.1224,8.5714,11.0204,13.4694,15.9184,18.3673,20.8163,23.2653,25.7143,28.1633,30.6122,33.0612,35.5102,37.9592,40.4082,42.8571,45.3061,47.7551,50.2041,52.6531,55.102,57.551,60.0
235,2025-10-30 09:37:07,executed,-60.0,-57.551,-55.102,-52.6531,-50.2041,-47.7551,-45.3061,-42.8571,-40.4082,-37.9592,-35.5102,-33.0612,-30.6122,-28.1633,-25.7143,-23.2653,-20.8163,-18.3673,-15.9184,-13.4694,-11.0204,-8.5714,-6.1224,-3.6735,-1.2245,1.2245,3.6735,6.1224,8.5714,11.0204,13.4694,15.9184,18.3673,20.8163,23.2653,25.7143,28.1633,30.6122,33.0612,35.5102,37.9592,40.4082,42.8571,45.3061,47.7551,50.2041,52.6531,55.102,57.551,60.0
235,2025-10-30 09:38:07,proposed,0.0,8.715574,17.294102,25.618638,33.623101,41.025736,47.783664,53.793836,59.061765,63.501101,67.038801,69.610902,70.0,69.610902,67.038801,63.501101,59.061765,53.793836,47.783664,41.025736,33.623101,25.618638,17.294102,8.715574,0.0,-8.715574,-17.294102,-25.618638,-33.623101,-41.025736,-47.783664,-53.793836,-59.061765,-63.501101,-67.038801,-69.610902,-70.0,-69.610902,-67.038801,-63.501101,-59.061765,-53.793836,-47.783664,-41.025736,-33.623101,-25.618638,-17.294102,-8.715574,-0.0,8.715574
236,2025-10-30 09:38:47,executed,0.0,8.715574,17.294102,25.618638,33.623101,41.025736,47.783664,53.793836,59.061765,63.501101,67.038801,69.610902,70.0,69.610902,67.038801,63.501101,59.061765,53.793836,47.783664,41.025736,33.623101,25.618638,17.294102,8.715574,0.0,-8.715574,-17.294102,-25.618638,-33.623101,-41.025736,-47.783664,-53.793836,-59.061765,-63.501101,-67.038801,-69.610902,-70.0,-69.610902,-67.038801,-63.501101,-59.061765,-53.793836,-47.783664,-41.025736,-33.623101,-25.618638,-17.294102,-8.715574,-0.0,8.715574
236,2025-10-30 09:40:16,proposed,70.0,60.0,0.0,17.0298,32.9006,46.5409,57.0601,63.7439,66.0827,63.7439,57.0601,46.5409,32.9006,17.0298,0.0,-17.0298,-32.9006,-46.5409,-57.0601,-63.7439,-66.0827,-63.7439,-57.0601,-46.5409,-32.9006,-17.0298,-0.0,60.0,57.0601,49.4975,37.5608,22.2559,4.2209,-14.6939,-33.3333,-49.4975,-60.0,-66.0827,-66.0827,-60.0,-49.4975,-33.3333,-14.6939,4.2209,22.2559,37.5608,49.4975,57.0601,60.0,57.0601
237,2025-10-30 09:40:56,executed,70.0,60.0,0.0,17.0298,32.9006,46.5409,57.0601,63.7439,66.0827,63.7439,57.0601,46.5409,32.9006,17.0298,0.0,-17.0298,-32.9006,-46.5409,-57.0601,-63.7439,-66.0827,-63.7439,-57.0601,-46.5409,-32.9006,-17.0298,-0.0,60.0,57.0601,49.4975,37.5608,22.2559,4.2209,-14.6939,-33.3333,-49.4975,-60.0,-66.0827,-66.0827,-60.0,-49.4975,-33.3333,-14.6939,4.2209,22.2559,37.5608,49.4975,57.0601,60.0,57.0601
237,2025-10-30 09:42:57,proposed,90.0,89.262,87.0673,83.4754,78.5701,72.4578,65.2599,57.0984,48.099,38.3899,28.1064,17.3898,6.3846,-4.7077,-15.7001,-26.4018,-36.631,-46.219,-55.0039,-62.8398,-69.6008,-75.1788,-79.4777,-82.4137,-83.9149,-84.0,-83.9149,-82.4137,-79.4777,-75.1788,-69.6008,-62.8398,-55.0039,-46.219,-36.631,-26.4018,-15.7001,-4.7077,6.3846,17.3898,28.1064,38.3899,48.099,57.0984,65.2599,72.4578,78.5701,83.4754,87.0673,89.262
238,2025-10-30 09:43:37,executed,90.0,89.262,87.0673,83.4754,78.5701,72.4578,65.2599,57.0984,48.099,38.3899,28.1064,17.3898,6.3846,-4.7077,-15.7001,-26.4018,-36.631,-46.219,-55.0039,-62.8398,-69.6008,-75.1788,-79.4777,-82.4137,-83.9149,-84.0,-83.9149,-82.4137,-79.4777,-75.1788,-69.6008,-62.8398,-55.0039,-46.219,-36.631,-26.4018,-15.7001,-4.7077,6.3846,17.3898,28.1064,38.3899,48.099,57.0984,65.2599,72.4578,78.5701,83.4754,87.0673,89.262
238,2025-10-30 09:44:49,proposed,0.0,3.4988,6.930700000000001,10.2902,13.567,16.7516,19.8344,22.806,25.657,28.3787,28.0,27.468,26.7916,25.972,25.011,23.91,22.671,21.296,19.787,18.147,16.379,14.486,12.472,10.341,8.1,5.754,3.31,0.776,-1.849,-4.568,-7.368,-10.238,-13.168,-16.148,-19.168,-22.218,-25.288,-28.3787,-28.0,-27.468,-26.7916,-25.972,-25.011,-23.91,-22.671,-21.296,-19.787,-18.147,-16.379,-14.486
239,2025-10-30 09:45:29,executed,0.0,3.4988,6.930700000000001,10.2902,13.567,16.7516,19.8344,22.806,25.657,28.3787,28.0,27.468,26.7916,25.972,25.011,23.91,22.671,21.296,19.787,18.147,16.379,14.486,12.472,10.341,8.1,5.754,3.31,0.776,-1.849,-4.568,-7.368,-10.238,-13.168,-16.148,-19.168,-22.218,-25.288,-28.3787,-28.0,-27.468,-26.7916,-25.972,-25.011,-23.91,-22.671,-21.296,-19.787,-18.147,-16.379,-14.486
239,2025-10-30 09:46:44,proposed,0.0,13.104,25.802,37.561,47.915,56.57,63.2,67.58,69.566,69.012,65.841,60.273,52.501,42.843,31.687,19.43,6.385,-6.385,-19.43,-31.687,-42.843,-52.501,-60.273,-65.841,-69.012,-69.566,-67.58,-63.2,-56.57,-47.915,-37.561,-25.802,-13.104,0.0,13.104,25.802,37.561,47.915,56.57,63.2,67.58,69.566,69.012,65.841,60.273,52.501,42.843,31.687,19.43,6.385
240,2025-10-30 09:47:24,executed,0.0,13.104,25.802,37.561,47.915,56.57,63.2,67.58,69.566,69.012,65.841,60.273,52.501,42.843,31.687,19.43,6.385,-6.385,-19.43,-31.687,-42.843,-52.501,-60.273,-65.841,-69.012,-69.566,-67.58,-63.2,-56.57,-47.915,-37.561,-25.802,-13.104,0.0,13.104,25.802,37.561,47.915,56.57,63.2,67.58,69.566,69.012,65.841,60.273,52.501,42.843,31.687,19.43,6.385
240,2025-10-30 09:48:53,proposed,0.0,10.208208753205007,20.24040685732156,29.96934090906804,39.26690425396593,48.01954308298705,56.11910688019313,63.4631388062973,69.9578036989445,75.5274431952549,79.99999999999999,83.2422340520682,85.19609653068936,85.8046039103233,85.0189874898749,82.8001710591537,79.1411500093489,74.0505193077732,67.5600676443319,59.72147395028448,50.60947761008271,40.31904239851726,29.000000000000004,16.84194723910795,4.000000000000001,-8.939000000000002,-21.605100000000004,-33.8385,-45.5099,-56.503600000000006,-66.736,-76.11650000000002,-84.55040000000001,-91.95040000000002,-98.23980000000002,-103.34060000000001,-107.18020000000001,-109.7001,-110.84800000000001,-110.57010000000001,-108.8268,-105.58990000000001,-100.84800000000001,-94.60010000000001,-86.85040000000001,-77.60010000000001,-66.85040000000001,-54.60010000000001,-40.85040000000001,-25.60010000000001
241,2025-10-30 09:49:33,executed,0.0,10.208208753205007,20.24040685732156,29.96934090906804,39.26690425396593,48.01954308298705,56.11910688019313,63.4631388062973,69.9578036989445,75.5274431952549,79.99999999999999,83.2422340520682,85.19609653068936,85.8046039103233,85.0189874898749,82.8001710591537,79.1411500093489,74.0505193077732,67.5600676443319,59.72147395028448,50.60947761008271,40.31904239851726,29.000000000000004,16.84194723910795,4.000000000000001,-8.939000000000002,-21.605100000000004,-33.8385,-45.5099,-56.503600000000006,-66.736,-76.11650000000002,-84.55040000000001,-91.95040000000002,-98.23980000000002,-103.34060000000001,-107.18020000000001,-109.7001,-110.84800000000001,-110.57010000000001,-108.8268,-105.58990000000001,-100.84800000000001,-94.60010000000001,-86.85040000000001,-77.60010000000001,-66.85040000000001,-54.60010000000001,-40.85040000000001,-25.60010000000001
241,2025-10-30 09:51:13,proposed,0.0,17.752,34.335,48.775,60.201,67.962,70.0,67.962,60.201,48.775,34.335,17.752,0.0,-17.752,-34.335,-48.775,-60.201,-67.962,-70.0,-67.962,-60.201,-48.775,-34.335,-17.752,0.0,17.752,34.335,48.775,60.201,67.962,70.0,67.962,60.201,48.775,34.335,17.752,0.0,-17.752,-34.335,-48.775,-60.201,-67.962,-70.0,-67.962,-60.201,-48.775,-34.335,-17.752,0.0,0.0
242,2025-10-30 09:51:53,executed,0.0,17.752,34.335,48.775,60.201,67.962,70.0,67.962,60.201,48.775,34.335,17.752,0.0,-17.752,-34.335,-48.775,-60.201,-67.962,-70.0,-67.962,-60.201,-48.775,-34.335,-17.752,0.0,17.752,34.335,48.775,60.201,67.962,70.0,67.962,60.201,48.775,34.335,17.752,0.0,-17.752,-34.335,-48.775,-60.201,-67.962,-70.0,-67.962,-60.201,-48.775,-34.335,-17.752,0.0,0.0
242,2025-10-30 09:54:17,proposed,0.0,19.5491,37.4931,52.9641,65.176,73.51,77.57,77.05,71.84,62.01,48.0,30.48,10.99,-9.99,-30.48,-48.0,-62.01,-71.84,-77.05,-77.57,-73.51,-65.176,-52.9641,-37.4931,-19.5491,35.3553,46.219,49.9388,46.219,35.3553,19.5491,0.0,-19.5491,-35.3553,-46.219,-49.9388,-46.219,-35.3553,-19.5491,0.0,19.5491,35.3553,46.219,49.9388,46.219,35.3553,19.5491,0.0,-19.5491,-35.3553
243,2025-10-30 09:54:57,executed,0.0,19.5491,37.4931,52.9641,65.176,73.51,77.57,77.05,71.84,62.01,48.0,30.48,10.99,-9.99,-30.48,-48.0,-62.01,-71.84,-77.05,-77.57,-73.51,-65.176,-52.9641,-37.4931,-19.5491,35.3553,46.219,49.9388,46.219,35.3553,19.5491,0.0,-19.5491,-35.3553,-46.219,-49.9388,-46.219,-35.3553,-19.5491,0.0,19.5491,35.3553,46.219,49.9388,46.219,35.3553,19.5491,0.0,-19.5491,-35.3553
243,2025-10-30 09:55:49,proposed,0.0,18.8982,36.8125,53.06,67.2966,79.0216,87.9546,93.8893,96.9999,97.5086,95.6376,91.6792,85.9229,78.6706,70.196,60.758,50.6095,39.9999,29.167,18.2991,7.5099,-3.0069,-13.104,-22.675,-31.6066,-39.7481,-47.0226,-53.2999,-58.5086,-62.501,-65.2001,-66.5028,-66.3385,-64.673,-61.5997,-57.2002,-51.6001,-44.9001,-37.2999,-28.9999,-20.1001,-10.7001,-0.9001,8.9999,18.8999,28.5999,38.0,47.0,55.5,63.4
244,2025-10-30 09:56:29,executed,0.0,18.8982,36.8125,53.06,67.2966,79.0216,87.9546,93.8893,96.9999,97.5086,95.6376,91.6792,85.9229,78.6706,70.196,60.758,50.6095,39.9999,29.167,18.2991,7.5099,-3.0069,-13.104,-22.675,-31.6066,-39.7481,-47.0226,-53.2999,-58.5086,-62.501,-65.2001,-66.5028,-66.3385,-64.673,-61.5997,-57.2002,-51.6001,-44.9001,-37.2999,-28.9999,-20.1001,-10.7001,-0.9001,8.9999,18.8999,28.5999,38.0,47.0,55.5,63.4
244,2025-10-30 09:58:04,proposed,120.0,119.0436,116.2278,111.6441,105.3527,97.4259,87.9546,77.0504,64.8458,51.4816,37.1165,21.9266,6.099,-9.9999,-25.9266,-41.1165,-55.1165,-67.5165,-77.9546,-86.1165,-91.7165,-94.5165,-94.5165,-91.7165,-86.1165,-77.9546,-67.5165,-55.1165,-41.1165,-25.9266,-9.9999,6.099,21.9266,37.1165,51.4816,64.8458,77.0504,87.9546,97.4259,105.3527,111.6441,116.2278,119.0436,120.0,119.0436,116.2278,111.6441,105.3527,97.4259,87.9546
245,2025-10-30 09:58:44,executed,120.0,119.0436,116.2278,111.6441,105.3527,97.4259,87.9546,77.0504,64.8458,51.4816,37.1165,21.9266,6.099,-9.9999,-25.9266,-41.1165,-55.1165,-67.5165,-77.9546,-86.1165,-91.7165,-94.5165,-94.5165,-91.7165,-86.1165,-77.9546,-67.5165,-55.1165,-41.1165,-25.9266,-9.9999,6.099,21.9266,37.1165,51.4816,64.8458,77.0504,87.9546,97.4259,105.3527,111.6441,116.2278,119.0436,120.0,119.0436,116.2278,111.6441,105.3527,97.4259,87.9546
245,2025-10-30 10:00:17,proposed,70.0,69.131,66.5061,62.1969,56.3137,49.0963,40.798,31.6865,21.8596,11.4326,0.528,-10.3705,-20.9796,-31.0569,-40.4079,-48.8778,-56.3407,-62.693,-67.8596,-71.7774,-74.403,-75.7196,-75.7201,-74.403,-71.7774,-67.8596,-62.693,-56.3407,-48.8778,-40.4079,-31.0569,-20.9796,-10.3705,0.528,11.4326,21.8596,31.6865,40.798,49.0963,56.3137,62.1969,66.5061,69.131,70.0,69.131,66.5061,62.1969,56.3137,49.0963,40.798
246,2025-10-30 10:00:57,executed,70.0,69.131,66.5061,62.1969,56.3137,49.0963,40.798,31.6865,21.8596,11.4326,0.528,-10.3705,-20.9796,-31.0569,-40.4079,-48.8778,-56.3407,-62.693,-67.8596,-71.7774,-74.403,-75.7196,-75.7201,-74.403,-71.7774,-67.8596,-62.693,-56.3407,-48.8778,-40.4079,-31.0569,-20.9796,-10.3705,0.528,11.4326,21.8596,31.6865,40.798,49.0963,56.3137,62.1969,66.5061,69.131,70.0,69.131,66.5061,62.1969,56.3137,49.0963,40.798
246,2025-10-30 10:01:49,proposed,0.0,11.3971,22.5694,33.3887,43.4338,52.6586,60.9169,68.0792,74.0323,78.6706,81.908,83.6687,83.8967,82.5559,79.6294,75.1205,69.052,61.4651,52.42,42.0032,30.3205,17.506,3.7,-10.9419,-26.0469,-41.2721,-56.1266,-69.9602,-82.1691,-92.1956,-99.5393,-103.7848,-104.6095,-101.8021,-95.3582,-85.4741,-72.4498,-56.6829,-38.6575,-18.8576,2.7667,25.6881,49.256,72.69,95.0,115.0,131.0,142.0,147.0,145.0
247,2025-10-30 10:02:29,executed,0.0,11.3971,22.5694,33.3887,43.4338,52.6586,60.9169,68.0792,74.0323,78.6706,81.908,83.6687,83.8967,82.5559,79.6294,75.1205,69.052,61.4651,52.42,42.0032,30.3205,17.506,3.7,-10.9419,-26.0469,-41.2721,-56.1266,-69.9602,-82.1691,-92.1956,-99.5393,-103.7848,-104.6095,-101.8021,-95.3582,-85.4741,-72.4498,-56.6829,-38.6575,-18.8576,2.7667,25.6881,49.256,72.69,95.0,115.0,131.0,142.0,147.0,145.0
247,2025-10-30 10:13:26,proposed,70.0,65.0,60.0,55.0,50.0,45.0,40.0,35.0,30.0,25.0,20.0,15.0,10.0,5.0,0.0,-5.0,-10.0,-15.0,-20.0,-25.0,-30.0,-35.0,-40.0,-45.0,-50.0,-55.0,-60.0,-65.0,-70.0,-65.0,-60.0,-55.0,-50.0,-45.0,-40.0,-35.0,-30.0,-25.0,-20.0,-15.0,-10.0,-5.0,0.0,5.0,10.0,15.0,20.0,25.0,30.0,35.0
248,2025-10-30 10:14:06,executed,70.0,65.0,60.0,55.0,50.0,45.0,40.0,35.0,30.0,25.0,20.0,15.0,10.0,5.0,0.0,-5.0,-10.0,-15.0,-20.0,-25.0,-30.0,-35.0,-40.0,-45.0,-50.0,-55.0,-60.0,-65.0,-70.0,-65.0,-60.0,-55.0,-50.0,-45.0,-40.0,-35.0,-30.0,-25.0,-20.0,-15.0,-10.0,-5.0,0.0,5.0,10.0,15.0,20.0,25.0,30.0,35.0
248,2025-10-30 10:17:29,proposed,0.0,15.2289,29.6202,42.506,53.3333,61.6667,67.1909,69.7566,69.332,66.0827,60.2017,51.9602,41.6806,29.6992,16.3378,2.0408,-12.317,-26.347,-39.6703,-51.9602,-62.829,-71.916,-78.9546,-83.737,-86.1165,-86.1165,-83.737,-78.9546,-71.916,-62.829,-51.9602,-39.6703,-26.347,-12.317,2.0408,16.3378,29.6992,41.6806,51.9602,60.2017,66.0827,69.332,69.7566,67.1909,61.6667,53.3333,42.506,29.6202,15.2289,0.0
249,2025-10-30 10:18:09,executed,0.0,15.2289,29.6202,42.506,53.3333,61.6667,67.1909,69.7566,69.332,66.0827,60.2017,51.9602,41.6806,29.6992,16.3378,2.0408,-12.317,-26.347,-39.6703,-51.9602,-62.829,-71.916,-78.9546,-83.737,-86.1165,-86.1165,-83.737,-78.9546,-71.916,-62.829,-51.9602,-39.6703,-26.347,-12.317,2.0408,16.3378,29.6992,41.6806,51.9602,60.2017,66.0827,69.332,69.7566,67.1909,61.6667,53.3333,42.506,29.6202,15.2289,0.0
249,2025-10-30 10:19:03,proposed,0.0,4.793616,9.400508,13.729606,17.697072,21.229156,24.25907,26.729016,28.590504,29.80287,30.334548,30.166708,29.284724,27.68988,25.390804,22.409124,18.77916,14.53704,9.720876,4.37922,-1.332004,-7.400508,-13.729606,-20.20907,-26.729016,-33.197072,-39.54907,-45.68916,-51.50907,-56.909016,-61.797072,-66.10916,-69.78907,-72.789016,-75.077072,-76.62916,-77.42907,-77.479016,-76.787072,-75.36916,-73.24907,-70.459016,-67.037072,-63.03916,-58.52907,-53.579016,-48.267072,-42.67916,-36.89907,-31.019016
250,2025-10-30 10:19:43,executed,0.0,4.793616,9.400508,13.729606,17.697072,21.229156,24.25907,26.729016,28.590504,29.80287,30.334548,30.166708,29.284724,27.68988,25.390804,22.409124,18.77916,14.53704,9.720876,4.37922,-1.332004,-7.400508,-13.729606,-20.20907,-26.729016,-33.197072,-39.54907,-45.68916,-51.50907,-56.909016,-61.797072,-66.10916,-69.78907,-72.789016,-75.077072,-76.62916,-77.42907,-77.479016,-76.787072,-75.36916,-73.24907,-70.459016,-67.037072,-63.03916,-58.52907,-53.579016,-48.267072,-42.67916,-36.89907,-31.019016
250,2025-10-30 10:20:25,proposed,0.0,17.506,33.6231,47.7837,59.973,69.131,74.5708,75.7196,72.6941,65.783,55.7318,43.1905,28.8509,13.8907,-0.0,-13.8907,-28.8509,-43.1905,-55.7318,-65.783,-72.6941,-75.7196,-74.5708,-69.131,-59.973,-47.7837,-33.6231,-17.506,-0.0,17.506,33.6231,47.7837,59.973,69.131,74.5708,75.7196,72.6941,65.783,55.7318,43.1905,28.8509,13.8907,-0.0,-13.8907,-28.8509,-43.1905,-55.7318,-65.783,-72.6941,-75.7196
251,2025-10-30 10:21:05,executed,0.0,17.506,33.6231,47.7837,59.973,69.131,74.5708,75.7196,72.6941,65.783,55.7318,43.1905,28.8509,13.8907,-0.0,-13.8907,-28.8509,-43.1905,-55.7318,-65.783,-72.6941,-75.7196,-74.5708,-69.131,-59.973,-47.7837,-33.6231,-17.506,-0.0,17.506,33.6231,47.7837,59.973,69.131,74.5708,75.7196,72.6941,65.783,55.7318,43.1905,28.8509,13.8907,-0.0,-13.8907,-28.8509,-43.1905,-55.7318,-65.783,-72.6941,-75.7196
251,2025-10-30 10:23:00,proposed,0.0,7.6841,15.2289,22.5759,29.6202,36.2699,42.4388,48.0403,53.0,57.245,60.707,63.3248,65.0449,65.829,65.65,64.5029,62.398,59.365,55.4428,50.6805,45.1307,38.8504,31.908,24.3789,16.347,7.9005,-0.0,-7.9005,-16.347,-24.3789,-31.908,-38.8504,-45.1307,-50.6805,-55.4428,-59.365,-62.398,-64.5029,-65.65,-65.829,-65.0449,-63.3248,-60.707,-57.245,-53.0,-48.0403,-42.4388,-36.2699,-29.6202,-22.5759
252,2025-10-30 10:23:40,executed,0.0,7.6841,15.2289,22.5759,29.6202,36.2699,42.4388,48.0403,53.0,57.245,60.707,63.3248,65.0449,65.829,65.65,64.5029,62.398,59.365,55.4428,50.6805,45.1307,38.8504,31.908,24.3789,16.347,7.9005,-0.0,-7.9005,-16.347,-24.3789,-31.908,-38.8504,-45.1307,-50.6805,-55.4428,-59.365,-62.398,-64.5029,-65.65,-65.829,-65.0449,-63.3248,-60.707,-57.245,-53.0,-48.0403,-42.4388,-36.2699,-29.6202,-22.5759
252,2025-10-30 10:24:33,proposed,0.0,10.08906960010047,20.21855799307767,29.98661730064734,39.18663806140409,47.64448530368383,55.19793134375179,61.70016921151675,66.9972332065879,70.97576566087562,73.5414594270222,74.6042125133606,74.0898595960412,71.9463953796558,68.1750868894107,62.8944589253457,56.26250228373359,48.45524673898144,39.66440263673418,30.08821953282211,19.93297379796071,9.39706346610264,-1.411651811652037,-12.35166245973952,-23.18169123846682,-33.67022851893874,-43.60670845115286,-52.80922881112676,-61.12999088523318,-68.4485501064567,-74.6622442436442,-79.6865231718876,-83.4502334814704,-85.8970894576395,-86.9892697858348,-86.7297924773254,-85.1102981329241,-82.1646271932915,-77.9409859207865,-72.5097034720974,-65.9540051189036,-58.3752528095166,-49.8806297298246,-40.5840632688008,-30.6050511904677,-20.0601955073995,-9.0739906646872,2.30239088523318,13.9892697858348,25.8970894576395
253,2025-10-30 10:25:13,executed,0.0,10.08906960010047,20.21855799307767,29.98661730064734,39.18663806140409,47.64448530368383,55.19793134375179,61.70016921151675,66.9972332065879,70.97576566087562,73.5414594270222,74.6042125133606,74.0898595960412,71.9463953796558,68.1750868894107,62.8944589253457,56.26250228373359,48.45524673898144,39.66440263673418,30.08821953282211,19.93297379796071,9.39706346610264,-1.411651811652037,-12.35166245973952,-23.18169123846682,-33.67022851893874,-43.60670845115286,-52.80922881112676,-61.12999088523318,-68.4485501064567,-74.6622442436442,-79.6865231718876,-83.4502334814704,-85.8970894576395,-86.9892697858348,-86.7297924773254,-85.1102981329241,-82.1646271932915,-77.9409859207865,-72.5097034720974,-65.9540051189036,-58.3752528095166,-49.8806297298246,-40.5840632688008,-30.6050511904677,-20.0601955073995,-9.0739906646872,2.30239088523318,13.9892697858348,25.8970894576395
253,2025-10-30 10:28:07,proposed,67.0674514526689,-3.226848777093229,-86.99264426505788,77.0863032731802,-26.37769532668508,-34.86906260271576,-7.03986064506894,25.17646549292156,17.65345719904225,-28.98444062835956,68.6111009855581,74.03230877709323,89.29050019904226,7.348606260271576,52.2241009855581,10.83060019904225,34.08050019904225,39.07900019904225,65.78300019904225,85.0,-29.52280019904225,-57.1741009855581,-48.48050019904225,2.96070019904225,-5.5741009855581,57.14285714285714,21.22448979591837,-47.3469387755102,-50.61224489795918,11.428571428571429,-4.897959183673469,-14.693877551020408,-37.55102040816327,-17.959183673469386,1.6326530612244898,-24.489795918367346,31.020408163265305,14.693877551020408,27.755102040816325,4.897959183673469,-31.020408163265305,34.285714285714285,24.489795918367346,-1.6326530612244898,-44.08163265306123,40.81632653061224,-27.755102040816325,-34.285714285714285,37.55102040816327,21.22448979591837
254,2025-10-30 10:28:47,executed,67.0674514526689,-3.226848777093229,-86.99264426505788,77.0863032731802,-26.37769532668508,-34.86906260271576,-7.03986064506894,25.17646549292156,17.65345719904225,-28.98444062835956,68.6111009855581,74.03230877709323,89.29050019904226,7.348606260271576,52.2241009855581,10.83060019904225,34.08050019904225,39.07900019904225,65.78300019904225,85.0,-29.52280019904225,-57.1741009855581,-48.48050019904225,2.96070019904225,-5.5741009855581,57.14285714285714,21.22448979591837,-47.3469387755102,-50.61224489795918,11.428571428571429,-4.897959183673469,-14.693877551020408,-37.55102040816327,-17.959183673469386,1.6326530612244898,-24.489795918367346,31.020408163265305,14.693877551020408,27.755102040816325,4.897959183673469,-31.020408163265305,34.285714285714285,24.489795918367346,-1.6326530612244898,-44.08163265306123,40.81632653061224,-27.755102040816325,-34.285714285714285,37.55102040816327,21.22448979591837
254,2025-10-30 10:29:59,proposed,0.0,16.840216,32.787605,47.783699,61.666699,74.290599,85.508601,95.100901,102.929801,108.8982,112.9099,114.9999,115.2001,113.5601,110.1501,105.0501,98.3501,90.1501,80.5501,69.6501,57.5501,44.3501,30.1501,15.0501,0.0,-15.0501,-30.1501,-44.3501,-57.5501,-69.6501,-80.5501,-90.1501,-98.3501,-105.0501,-110.1501,-113.5601,-115.2001,-114.9999,-112.9099,-108.8982,-102.929801,-95.100901,-85.508601,-74.290599,-61.666699,-47.783699,-32.787605,-16.840216,-0.0,16.840216
255,2025-10-30 10:30:39,executed,0.0,16.840216,32.787605,47.783699,61.666699,74.290599,85.508601,95.100901,102.929801,108.8982,112.9099,114.9999,115.2001,113.5601,110.1501,105.0501,98.3501,90.1501,80.5501,69.6501,57.5501,44.3501,30.1501,15.0501,0.0,-15.0501,-30.1501,-44.3501,-57.5501,-69.6501,-80.5501,-90.1501,-98.3501,-105.0501,-110.1501,-113.5601,-115.2001,-114.9999,-112.9099,-108.8982,-102.929801,-95.100901,-85.508601,-74.290599,-61.666699,-47.783699,-32.787605,-16.840216,-0.0,16.840216
255,2025-10-30 10:31:33,proposed,70.0,69.131,66.5061,62.1969,56.3137,49.0963,40.798,31.6865,21.8596,11.4326,0.528,-10.3705,-20.9796,-31.0569,-40.4079,-48.8778,-56.3407,-62.693,-67.8596,-71.7774,-74.403,-75.7196,-75.7201,-74.403,-71.7774,-67.8596,-62.693,-56.3407,-48.8778,-40.4079,-31.0569,-20.9796,-10.3705,0.528,11.4326,21.8596,31.6865,40.798,49.0963,56.3137,62.1969,66.5061,69.131,70.0,69.131,66.5061,62.1969,56.3137,49.0963,40.798
256,2025-10-30 10:32:13,executed,70.0,69.131,66.5061,62.1969,56.3137,49.0963,40.798,31.6865,21.8596,11.4326,0.528,-10.3705,-20.9796,-31.0569,-40.4079,-48.8778,-56.3407,-62.693,-67.8596,-71.7774,-74.403,-75.7196,-75.7201,-74.403,-71.7774,-67.8596,-62.693,-56.3407,-48.8778,-40.4079,-31.0569,-20.9796,-10.3705,0.528,11.4326,21.8596,31.6865,40.798,49.0963,56.3137,62.1969,66.5061,69.131,70.0,69.131,66.5061,62.1969,56.3137,49.0963,40.798
256,2025-10-30 10:33:10,proposed,53.033,67.9621,74.8798,72.7062,61.4651,42.0032,17.506,-6.7865,-29.2883,-48.0195,-62.2397,-71.2997,-74.8798,-72.7062,-61.4651,-42.0032,-17.506,6.7865,29.2883,48.0195,62.2397,71.2997,74.8798,72.7062,61.4651,42.0032,17.506,-6.7865,-29.2883,-48.0195,-62.2397,-71.2997,-74.8798,-72.7062,-61.4651,-42.0032,-17.506,6.7865,29.2883,48.0195,62.2397,71.2997,74.8798,72.7062,61.4651,42.0032,17.506,-6.7865,-29.2883,-48.0195
257,2025-10-30 10:33:50,executed,53.033,67.9621,74.8798,72.7062,61.4651,42.0032,17.506,-6.7865,-29.2883,-48.0195,-62.2397,-71.2997,-74.8798,-72.7062,-61.4651,-42.0032,-17.506,6.7865,29.2883,48.0195,62.2397,71.2997,74.8798,72.7062,61.4651,42.0032,17.506,-6.7865,-29.2883,-48.0195,-62.2397,-71.2997,-74.8798,-72.7062,-61.4651,-42.0032,-17.506,6.7865,29.2883,48.0195,62.2397,71.2997,74.8798,72.7062,61.4651,42.0032,17.506,-6.7865,-29.2883,-48.0195
257,2025-10-30 10:35:14,proposed,69.94064379412157,69.1310022350731,66.4251036353982,62.19690000000001,56.33540449442085,49.09630000000001,40.798,31.72250917643537,21.08990393674688,11.4326,0.600990886862594,-10.3705,-20.9796,-31.0569,-40.4079,-48.257000000000005,-56.33540449442085,-62.693,-67.8596,-71.8623,-74.1953,-75.7196,-75.7201,-74.403,-71.7774,-67.8596,-62.693,-56.3407,-48.8778,-40.6974,-31.0569,-20.9796,-10.3705,0.528,11.4326,21.8596,31.6865,40.798,49.09630000000001,56.3137,62.19690000000001,66.5061,69.1310022350731,70.0,69.1310022350731,66.5061,62.19690000000001,56.3137,49.09630000000001,40.798
258,2025-10-30 10:35:54,executed,69.94064379412157,69.1310022350731,66.4251036353982,62.19690000000001,56.33540449442085,49.09630000000001,40.798,31.72250917643537,21.08990393674688,11.4326,0.600990886862594,-10.3705,-20.9796,-31.0569,-40.4079,-48.257000000000005,-56.33540449442085,-62.693,-67.8596,-71.8623,-74.1953,-75.7196,-75.7201,-74.403,-71.7774,-67.8596,-62.693,-56.3407,-48.8778,-40.6974,-31.0569,-20.9796,-10.3705,0.528,11.4326,21.8596,31.6865,40.798,49.09630000000001,56.3137,62.19690000000001,66.5061,69.1310022350731,70.0,69.1310022350731,66.5061,62.19690000000001,56.3137,49.09630000000001,40.798
258,2025-10-30 10:37:19,proposed,0.0,11.2215,22.0841,32.2576,41.4243,49.3093,55.6706,60.3077,59.994,59.7001,56.9401,51.8999,44.7706,35.784,25.2001,13.2653,0.0,-13.2653,-25.2001,-35.784,-44.7706,-51.8999,-56.9401,-59.7001,-59.994,-60.3077,-55.6706,-49.3093,-41.4243,-32.2576,-22.0841,-11.2215,0.0,11.2215,22.0841,32.2576,41.4243,49.3093,55.6706,60.3077,59.994,59.7001,56.9401,51.8999,44.7706,35.784,25.2001,13.2653,0.0,-13.2653
259,2025-10-30 10:37:59,executed,0.0,11.2215,22.0841,32.2576,41.4243,49.3093,55.6706,60.3077,59.994,59.7001,56.9401,51.8999,44.7706,35.784,25.2001,13.2653,0.0,-13.2653,-25.2001,-35.784,-44.7706,-51.8999,-56.9401,-59.7001,-59.994,-60.3077,-55.6706,-49.3093,-41.4243,-32.2576,-22.0841,-11.2215,0.0,11.2215,22.0841,32.2576,41.4243,49.3093,55.6706,60.3077,59.994,59.7001,56.9401,51.8999,44.7706,35.784,25.2001,13.2653,0.0,-13.2653
259,2025-10-30 10:39:17,proposed,63.63961,70.710678,76.536686,80.901699,83.655641,84.67669,83.90097,81.301597,76.908029,70.817346,63.173043,54.106297,43.76637,32.339693,19.999999,6.946583,-6.36361,-19.0809,-30.9017,-41.6033,-51.000001,-58.9017,-65.17604,-69.749999,-72.57907,-73.655641,-72.999999,-70.617346,-66.601597,-61.00097,-53.90097,-45.499999,-35.901699,-25.236686,-13.63961,-1.270678,11.46361,23.46361,34.599999,44.76361,53.76361,61.46361,67.76361,72.57907,75.801699,77.38097,77.299999,75.536686,72.13961,67.210678
260,2025-10-30 10:39:57,executed,63.63961,70.710678,76.536686,80.901699,83.655641,84.67669,83.90097,81.301597,76.908029,70.817346,63.173043,54.106297,43.76637,32.339693,19.999999,6.946583,-6.36361,-19.0809,-30.9017,-41.6033,-51.000001,-58.9017,-65.17604,-69.749999,-72.57907,-73.655641,-72.999999,-70.617346,-66.601597,-61.00097,-53.90097,-45.499999,-35.901699,-25.236686,-13.63961,-1.270678,11.46361,23.46361,34.599999,44.76361,53.76361,61.46361,67.76361,72.57907,75.801699,77.38097,77.299999,75.536686,72.13961,67.210678
260,2025-10-30 10:41:13,proposed,1.465115,19.348837,36.348837,51.348837,63.348837,71.348837,74.348837,71.348837,61.348837,43.348837,17.348837,-18.651163,-62.651163,-99.651163,-128.651163,-148.651163,-158.651163,-157.651163,-144.651163,-118.651163,-78.651163,-23.651163,43.348837,119.348837,185.348837,239.348837,279.348837,303.348837,310.348837,300.348837,272.348837,225.348837,158.348837,70.348837,-37.651163,-164.651163,-300.651163,-444.651163,-595.651163,-752.651163,-914.651163,-1080.651163,-1249.651163,-1420.651163,-1592.651163,-1764.651163,-1936.651163,-2107.651163,-2276.651163,-2442.651163
261,2025-10-30 10:41:53,executed,1.465115,19.348837,36.348837,51.348837,63.348837,71.348837,74.348837,71.348837,61.348837,43.348837,17.348837,-18.651163,-62.651163,-99.651163,-128.651163,-148.651163,-158.651163,-157.651163,-144.651163,-118.651163,-78.651163,-23.651163,43.348837,119.348837,185.348837,239.348837,279.348837,303.348837,310.348837,300.348837,272.348837,225.348837,158.348837,70.348837,-37.651163,-164.651163,-300.651163,-444.651163,-595.651163,-752.651163,-914.651163,-1080.651163,-1249.651163,-1420.651163,-1592.651163,-1764.651163,-1936.651163,-2107.651163,-2276.651163,-2442.651163
261,2025-10-30 10:43:10,proposed,70.0,69.4266,67.7126,64.8968,61.0305,56.1871,50.449,43.9104,36.675,28.8576,20.5822,11.973,3.1539,-5.7001,-14.456,-22.9806,-31.1501,-38.8489,-45.9698,-52.4173,-58.101,-62.9468,-66.8876,-69.8637,-70.0,-69.8637,-66.8876,-62.9468,-58.101,-52.4173,-45.9698,-38.8489,-31.1501,-22.9806,-14.456,-5.7001,3.1539,11.973,20.5822,28.8576,36.675,43.9104,50.449,56.1871,61.0305,64.8968,67.7126,69.4266,70.0,70.0
262,2025-10-30 10:43:50,executed,70.0,69.4266,67.7126,64.8968,61.0305,56.1871,50.449,43.9104,36.675,28.8576,20.5822,11.973,3.1539,-5.7001,-14.456,-22.9806,-31.1501,-38.8489,-45.9698,-52.4173,-58.101,-62.9468,-66.8876,-69.8637,-70.0,-69.8637,-66.8876,-62.9468,-58.101,-52.4173,-45.9698,-38.8489,-31.1501,-22.9806,-14.456,-5.7001,3.1539,11.973,20.5822,28.8576,36.675,43.9104,50.449,56.1871,61.0305,64.8968,67.7126,69.4266,70.0,70.0
262,2025-10-30 10:44:45,proposed,80.0,79.4792,77.929,75.379,71.8706,67.4586,62.201,56.1671,49.43,42.064,34.1455,25.7529,16.967,7.8691,-1.3061,-10.5135,-19.601,-28.43,-36.864,-44.7706,-52.031,-58.53,-64.1671,-68.8455,-72.4792,-75.0,-76.379,-76.601,-75.7529,-73.8706,-70.999,-67.1909,-62.5135,-57.0455,-50.8706,-44.071,-36.731,-28.93,-20.7529,-12.2706,-3.5691,5.201,13.93,22.4706,30.701,38.501,45.7529,52.3455,58.171,63.121
263,2025-10-30 10:45:25,executed,80.0,79.4792,77.929,75.379,71.8706,67.4586,62.201,56.1671,49.43,42.064,34.1455,25.7529,16.967,7.8691,-1.3061,-10.5135,-19.601,-28.43,-36.864,-44.7706,-52.031,-58.53,-64.1671,-68.8455,-72.4792,-75.0,-76.379,-76.601,-75.7529,-73.8706,-70.999,-67.1909,-62.5135,-57.0455,-50.8706,-44.071,-36.731,-28.93,-20.7529,-12.2706,-3.5691,5.201,13.93,22.4706,30.701,38.501,45.7529,52.3455,58.171,63.121
263,2025-10-30 10:46:10,proposed,59.939023,75.608151,83.928375,83.928375,75.608151,59.939023,38.928375,14.928375,-11.608151,-38.928375,-63.928375,-83.928375,-83.928375,-75.608151,-59.939023,-38.928375,-14.928375,11.608151,38.928375,59.939023,75.608151,83.928375,83.928375,75.608151,59.939023,38.928375,14.928375,-11.608151,-38.928375,-63.928375,-83.928375,-83.928375,-75.608151,-59.939023,-38.928375,-14.928375,11.608151,38.928375,59.939023,75.608151,83.928375,83.928375,75.608151,59.939023,38.928375,14.928375,-11.608151,-38.928375,-63.928375,-83.928375
264,2025-10-30 10:46:50,executed,59.939023,75.608151,83.928375,83.928375,75.608151,59.939023,38.928375,14.928375,-11.608151,-38.928375,-63.928375,-83.928375,-83.928375,-75.608151,-59.939023,-38.928375,-14.928375,11.608151,38.928375,59.939023,75.608151,83.928375,83.928375,75.608151,59.939023,38.928375,14.928375,-11.608151,-38.928375,-63.928375,-83.928375,-83.928375,-75.608151,-59.939023,-38.928375,-14.928375,11.608151,38.928375,59.939023,75.608151,83.928375,83.928375,75.608151,59.939023,38.928375,14.928375,-11.608151,-38.928375,-63.928375,-83.928375
264,2025-10-30 10:47:27,proposed,70.0,69.5630666352934,68.2676008620436,66.1265050510523,63.1679466542151,59.42621081708899,54.9440026601449,49.7700021626021,43.9600017582528,37.5760014603688,30.686001282118998,23.3650011986872,15.6930011986872,7.755001282118999,-0.3000000000000007,-8.400000000000002,-16.400000000000002,-24.200000000000003,-31.700000000000003,-38.800000000000004,-45.400000000000006,-51.400000000000006,-56.70000000000001,-61.20000000000001,-64.80000000000001,-67.4,-68.9,-69.30000000000001,-68.50000000000001,-66.50000000000001,-63.30000000000001,-59.00000000000001,-53.50000000000001,-46.900000000000006,-39.300000000000004,-30.700000000000003,-21.200000000000003,-10.900000000000002,-0.0,11.400000000000002,23.200000000000003,35.2,47.2,59.00000000000001,70.0,59.00000000000001,47.2,35.2,23.200000000000003,11.400000000000002
265,2025-10-30 10:48:07,executed,70.0,69.5630666352934,68.2676008620436,66.1265050510523,63.1679466542151,59.42621081708899,54.9440026601449,49.7700021626021,43.9600017582528,37.5760014603688,30.686001282118998,23.3650011986872,15.6930011986872,7.755001282118999,-0.3000000000000007,-8.400000000000002,-16.400000000000002,-24.200000000000003,-31.700000000000003,-38.800000000000004,-45.400000000000006,-51.400000000000006,-56.70000000000001,-61.20000000000001,-64.80000000000001,-67.4,-68.9,-69.30000000000001,-68.50000000000001,-66.50000000000001,-63.30000000000001,-59.00000000000001,-53.50000000000001,-46.900000000000006,-39.300000000000004,-30.700000000000003,-21.200000000000003,-10.900000000000002,-0.0,11.400000000000002,23.200000000000003,35.2,47.2,59.00000000000001,70.0,59.00000000000001,47.2,35.2,23.200000000000003,11.400000000000002
265,2025-10-30 10:49:08,proposed,56.5685424949238,63.2393393902302,69.0435889745778,73.7335756811497,77.3306915152643,79.7501903061614,80.9691901037199,80.9691901037199,79.7501903061614,77.3306915152643,73.7335756811497,69.0435889745778,63.2393393902302,56.5685424949238,49.19035070081303,41.11470404746403,32.40491176275816,23.15392276949023,13.45467383568853,3.39467383568853,-6.80532616431147,-17.00532616431147,-27.00532616431147,-36.60532616431147,-45.60532616431147,-53.80532616431147,-61.20532616431147,-67.60532616431146,-72.90532616431148,-77.00532616431147,-79.90532616431148,-81.50532616431147,-81.80532616431147,-80.80532616431147,-78.50532616431147,-74.90532616431148,-70.00532616431147,-63.90532616431147,-56.60532616431147,-48.20532616431147,-38.80532616431147,-28.50532616431147,-17.40532616431147,-5.60532616431147,6.79467383568853,19.49467383568853,32.09467383568853,44.09467383568853,55.09467383568853,64.89467383568854
266,2025-10-30 10:49:48,executed,56.5685424949238,63.2393393902302,69.0435889745778,73.7335756811497,77.3306915152643,79.7501903061614,80.9691901037199,80.9691901037199,79.7501903061614,77.3306915152643,73.7335756811497,69.0435889745778,63.2393393902302,56.5685424949238,49.19035070081303,41.11470404746403,32.40491176275816,23.15392276949023,13.45467383568853,3.39467383568853,-6.80532616431147,-17.00532616431147,-27.00532616431147,-36.60532616431147,-45.60532616431147,-53.80532616431147,-61.20532616431147,-67.60532616431146,-72.90532616431148,-77.00532616431147,-79.90532616431148,-81.50532616431147,-81.80532616431147,-80.80532616431147,-78.50532616431147,-74.90532616431148,-70.00532616431147,-63.90532616431147,-56.60532616431147,-48.20532616431147,-38.80532616431147,-28.50532616431147,-17.40532616431147,-5.60532616431147,6.79467383568853,19.49467383568853,32.09467383568853,44.09467383568853,55.09467383568853,64.89467383568854
266,2025-10-30 10:50:25,proposed,80.0,79.9348,79.7397,79.4159,78.964,78.3847,77.6791,76.8483,75.8937,74.8169,73.6198,72.2999,70.8601,69.3005,67.6224,65.827,63.9157,61.8899,59.7513,57.5018,55.1434,52.6782,50.1084,47.4363,44.6644,41.7954,38.832,35.777,32.6334,29.4042,26.0924,22.7009,19.2327,15.6908,12.0783,8.3983,4.6539,0.8483,-3.0125,-6.9189,-10.8679,-14.8565,-18.8817,-22.9396,-27.0263,-31.1378,-35.2702,-39.4196,-43.582,-47.7535
267,2025-10-30 10:51:05,executed,80.0,79.9348,79.7397,79.4159,78.964,78.3847,77.6791,76.8483,75.8937,74.8169,73.6198,72.2999,70.8601,69.3005,67.6224,65.827,63.9157,61.8899,59.7513,57.5018,55.1434,52.6782,50.1084,47.4363,44.6644,41.7954,38.832,35.777,32.6334,29.4042,26.0924,22.7009,19.2327,15.6908,12.0783,8.3983,4.6539,0.8483,-3.0125,-6.9189,-10.8679,-14.8565,-18.8817,-22.9396,-27.0263,-31.1378,-35.2702,-39.4196,-43.582,-47.7535
267,2025-10-30 10:51:51,proposed,0.0,1.250917711467008,4.887258410228189,10.590518342137955,18.00627521743144,26.68007447781395,36.12648710313101,45.82361093125208,55.21639145973797,63.70425717834571,70.7495048869151,75.8906326084323,78.7891782046467,79.2483861877905,77.1650392348577,72.67131802316527,65.9388319323565,57.17066929940715,46.6041132646399,34.49658254881149,21.14441551609135,6.873289069502933,-7.869188448950854,-22.95663009363065,-37.60838128362145,-50.99999999999999,-62.3815024765798,-71.0961801267866,-76.6041132646399,-78.59051834213795,-77.1650392348577,-72.67131802316527,-65.9388319323565,-57.17066929940715,-46.6041132646399,-34.49658254881149,-21.14441551609135,-6.873289069502933,7.869188448950854,22.95663009363065,37.60838128362145,50.99999999999999,62.3815024765798,71.0961801267866,76.6041132646399,78.59051834213795,77.1650392348577,72.67131802316527,65.9388319323565,57.17066929940715
268,2025-10-30 10:52:31,executed,0.0,1.250917711467008,4.887258410228189,10.590518342137955,18.00627521743144,26.68007447781395,36.12648710313101,45.82361093125208,55.21639145973797,63.70425717834571,70.7495048869151,75.8906326084323,78.7891782046467,79.2483861877905,77.1650392348577,72.67131802316527,65.9388319323565,57.17066929940715,46.6041132646399,34.49658254881149,21.14441551609135,6.873289069502933,-7.869188448950854,-22.95663009363065,-37.60838128362145,-50.99999999999999,-62.3815024765798,-71.0961801267866,-76.6041132646399,-78.59051834213795,-77.1650392348577,-72.67131802316527,-65.9388319323565,-57.17066929940715,-46.6041132646399,-34.49658254881149,-21.14441551609135,-6.873289069502933,7.869188448950854,22.95663009363065,37.60838128362145,50.99999999999999,62.3815024765798,71.0961801267866,76.6041132646399,78.59051834213795,77.1650392348577,72.67131802316527,65.9388319323565,57.17066929940715
268,2025-10-30 10:53:33,proposed,-10.0,8.541,25.268,38.837,48.019,52.398,51.561,45.474,34.629,19.659,-10.0,-39.659,-54.629,-65.474,-71.561,-72.398,-67.019,-55.268,-37.541,-14.0,14.0,37.541,55.268,67.019,72.398,71.561,67.019,55.268,37.541,14.0,-14.0,-37.541,-55.268,-67.019,-72.398,-71.561,-67.019,-55.268,-37.541,-14.0,14.0,37.541,55.268,67.019,72.398,71.561,67.019,55.268,37.541,14.0
269,2025-10-30 10:54:13,executed,-10.0,8.541,25.268,38.837,48.019,52.398,51.561,45.474,34.629,19.659,-10.0,-39.659,-54.629,-65.474,-71.561,-72.398,-67.019,-55.268,-37.541,-14.0,14.0,37.541,55.268,67.019,72.398,71.561,67.019,55.268,37.541,14.0,-14.0,-37.541,-55.268,-67.019,-72.398,-71.561,-67.019,-55.268,-37.541,-14.0,14.0,37.541,55.268,67.019,72.398,71.561,67.019,55.268,37.541,14.0
269,2025-10-30 10:55:19,proposed,0.3013236166567118,16.035544716172605,21.03606992923055,37.95460515156499,44.97545388059635,54.34110398642732,63.8569429780287,69.4587847985474,76.5367676757657,83.2185587786196,88.0641611739818,92.0594380695078,94.6738982305886,95.0683050073539,94.0205807963474,90.9692487494499,86.1953000676781,79.9880851174621,72.5855013098553,64.2201089947847,55.1434031633516,45.6599727503837,35.8923307616239,25.9610505193979,15.999999999999998,6.099019513592784,-3.793836743261058,-13.46944690691515,-22.83730303030303,-31.7656089947847,-40.1169031633516,-47.80205807963474,-54.73706193049212,-60.84323232423423,-65.99999999999999,-70.1001017694114,-73.0553000676781,-74.8092487494499,-75.3230851174621,-74.5569429780287,-72.5855013098553,-69.5103236166567,-65.40822361665671,-60.30771638334329,-54.2476089947847,-47.34694690691515,-39.7033307616239,-31.41810515156499,-22.68010398642732,-13.61673638334329
270,2025-10-30 10:55:59,executed,0.3013236166567118,16.035544716172605,21.03606992923055,37.95460515156499,44.97545388059635,54.34110398642732,63.8569429780287,69.4587847985474,76.5367676757657,83.2185587786196,88.0641611739818,92.0594380695078,94.6738982305886,95.0683050073539,94.0205807963474,90.9692487494499,86.1953000676781,79.9880851174621,72.5855013098553,64.2201089947847,55.1434031633516,45.6599727503837,35.8923307616239,25.9610505193979,15.999999999999998,6.099019513592784,-3.793836743261058,-13.46944690691515,-22.83730303030303,-31.7656089947847,-40.1169031633516,-47.80205807963474,-54.73706193049212,-60.84323232423423,-65.99999999999999,-70.1001017694114,-73.0553000676781,-74.8092487494499,-75.3230851174621,-74.5569429780287,-72.5855013098553,-69.5103236166567,-65.40822361665671,-60.30771638334329,-54.2476089947847,-47.34694690691515,-39.7033307616239,-31.41810515156499,-22.68010398642732,-13.61673638334329
270,2025-10-30 10:56:49,proposed,70.0,69.131,66.5061,62.1969,56.3137,49.0963,40.798,31.6865,21.8596,11.4326,0.528,-10.3705,-20.9796,-31.0569,-40.4079,-48.8778,-56.3407,-62.693,-67.8596,-71.7774,-74.403,-75.7196,-75.7201,-74.403,-71.7774,-67.8596,-62.693,-56.3407,-48.8778,-40.4079,-31.0569,-20.9796,-10.3705,0.528,11.4326,21.8596,31.6865,40.798,49.0963,56.3137,62.1969,66.5061,69.131,70.0,69.131,66.5061,62.1969,56.3137,49.0963,40.798
271,2025-10-30 10:57:29,executed,70.0,69.131,66.5061,62.1969,56.3137,49.0963,40.798,31.6865,21.8596,11.4326,0.528,-10.3705,-20.9796,-31.0569,-40.4079,-48.8778,-56.3407,-62.693,-67.8596,-71.7774,-74.403,-75.7196,-75.7201,-74.403,-71.7774,-67.8596,-62.693,-56.3407,-48.8778,-40.4079,-31.0569,-20.9796,-10.3705,0.528,11.4326,21.8596,31.6865,40.798,49.0963,56.3137,62.1969,66.5061,69.131,70.0,69.131,66.5061,62.1969,56.3137,49.0963,40.798
271,2025-10-30 10:58:23,proposed,80.0,79.2001,76.8168,72.9064,67.5501,60.8524,52.9304,43.9118,33.9317,23.1368,11.6836,0.0,-11.6836,-23.1368,-33.9317,-43.9118,-52.9304,-60.8524,-67.5501,-72.9064,-76.8168,-79.2001,-80.0,-79.2001,-76.8168,-72.9064,-67.5501,-60.8524,-52.9304,-43.9118,-33.9317,-23.1368,-11.6836,0.0,11.6836,23.1368,33.9317,43.9118,52.9304,60.8524,67.5501,72.9064,76.8168,79.2001,80.0,79.2001,76.8168,72.9064,67.5501,60.8524
272,2025-10-30 10:59:03,executed,80.0,79.2001,76.8168,72.9064,67.5501,60.8524,52.9304,43.9118,33.9317,23.1368,11.6836,0.0,-11.6836,-23.1368,-33.9317,-43.9118,-52.9304,-60.8524,-67.5501,-72.9064,-76.8168,-79.2001,-80.0,-79.2001,-76.8168,-72.9064,-67.5501,-60.8524,-52.9304,-43.9118,-33.9317,-23.1368,-11.6836,0.0,11.6836,23.1368,33.9317,43.9118,52.9304,60.8524,67.5501,72.9064,76.8168,79.2001,80.0,79.2001,76.8168,72.9064,67.5501,60.8524
272,2025-10-30 10:59:48,proposed,1.442978252084534,15.69806497495574,30.64052953255157,44.13783789508927,55.7483647209355,65.1783049187901,72.23594056220819,76.84074253164964,79.0305886659778,78.96695286591702,76.8093122176465,72.7845314995403,67.1408899818815,60.15814521404176,52.12644265324546,43.34992562479425,34.13327668612143,24.78761019089025,15.42220448109919,6.14660706692991,-2.859664651347691,-11.33230678685125,-19.09848528994791,-26.06940807833058,-32.1754020953158,-37.35928815594162,-41.5741009187901,-44.7770886659778,-46.9305886659778,-48.0093122176465,-47.9945314995403,-46.9091100181185,-44.8093122176465,-41.76695286591702,-37.84074253164964,-33.1083049187901,-27.65928815594162,-21.60940807833058,-15.08230678685125,-8.19848528994791,-1.099664651347691,6.04660706692991,13.06770448109919,19.78761019089025,26.13327668612143,32.03992562479425,37.44992562479425,42.29992562479425,46.53992562479425,50.12992562479425
273,2025-10-30 11:00:28,executed,1.442978252084534,15.69806497495574,30.64052953255157,44.13783789508927,55.7483647209355,65.1783049187901,72.23594056220819,76.84074253164964,79.0305886659778,78.96695286591702,76.8093122176465,72.7845314995403,67.1408899818815,60.15814521404176,52.12644265324546,43.34992562479425,34.13327668612143,24.78761019089025,15.42220448109919,6.14660706692991,-2.859664651347691,-11.33230678685125,-19.09848528994791,-26.06940807833058,-32.1754020953158,-37.35928815594162,-41.5741009187901,-44.7770886659778,-46.9305886659778,-48.0093122176465,-47.9945314995403,-46.9091100181185,-44.8093122176465,-41.76695286591702,-37.84074253164964,-33.1083049187901,-27.65928815594162,-21.60940807833058,-15.08230678685125,-8.19848528994791,-1.099664651347691,6.04660706692991,13.06770448109919,19.78761019089025,26.13327668612143,32.03992562479425,37.44992562479425,42.29992562479425,46.53992562479425,50.12992562479425
273,2025-10-30 11:01:08,proposed,0.0,9.375,18.541,27.398,35.857,43.826,51.216,57.942,63.923,69.081,73.348,76.666,79.0,80.322,80.612,79.86,78.068,75.25,71.424,66.611,60.835,54.127,46.52,38.05,28.758,18.7,7.942,-3.375,-15.0,-26.041,-36.398,-46.057,-54.926,-62.916,-69.942,-75.923,-80.801,-84.522,-87.048,-88.35,-88.412,-87.23,-84.818,-81.19,-76.375,-70.408,-63.335,-55.208,-46.082,-36.018
274,2025-10-30 11:01:48,executed,0.0,9.375,18.541,27.398,35.857,43.826,51.216,57.942,63.923,69.081,73.348,76.666,79.0,80.322,80.612,79.86,78.068,75.25,71.424,66.611,60.835,54.127,46.52,38.05,28.758,18.7,7.942,-3.375,-15.0,-26.041,-36.398,-46.057,-54.926,-62.916,-69.942,-75.923,-80.801,-84.522,-87.048,-88.35,-88.412,-87.23,-84.818,-81.19,-76.375,-70.408,-63.335,-55.208,-46.082,-36.018
274,2025-10-30 11:03:19,proposed,99.5855720703923,99.7042578589729,92.4042294154848,90.06371717316712,84.7733051410493,79.5298018974868,71.3785642643876,62.90698188289745,50.84022064132335,43.2045558197179,30.68656683833983,17.58531980800366,6.78652431718797,-3.990499898031383,-16.89201977797734,-28.18825091720275,-41.2146,-53.47352554763364,-63.79373977114256,-74.3725526955074,-84.0192,-92.6975,-99.2118,-99.4,-99.2118,-92.6975,-84.0192,-74.4661,-64.1208,-53.0805,-41.4608,-29.3893,-17.0,-4.4367,8.1397,20.5342,32.492,43.8792,54.5649,64.4208,73.3151,81.1208,87.7208,93.0,96.8583,99.2118,100.0,99.2118,96.8583,93.0
275,2025-10-30 11:03:59,executed,99.5855720703923,99.7042578589729,92.4042294154848,90.06371717316712,84.7733051410493,79.5298018974868,71.3785642643876,62.90698188289745,50.84022064132335,43.2045558197179,30.68656683833983,17.58531980800366,6.78652431718797,-3.990499898031383,-16.89201977797734,-28.18825091720275,-41.2146,-53.47352554763364,-63.79373977114256,-74.3725526955074,-84.0192,-92.6975,-99.2118,-99.4,-99.2118,-92.6975,-84.0192,-74.4661,-64.1208,-53.0805,-41.4608,-29.3893,-17.0,-4.4367,8.1397,20.5342,32.492,43.8792,54.5649,64.4208,73.3151,81.1208,87.7208,93.0,96.8583,99.2118,100.0,99.2118,96.8583,93.0
275,2025-10-30 11:04:51,proposed,74.07540320959446,76.54141680190565,78.4357777176543,79.77196695270295,80.56942004245647,80.8525791334651,80.6472481005273,79.9818816694663,78.8879685084931,77.3995167098491,75.5516086788771,73.3808940843477,70.9254308573289,68.2238474246115,65.3155385637207,62.2399283738093,59.0328954041539,55.7303038827521,52.3601550996841,48.9599540108343,45.5663784558552,42.2155781600989,38.9431802952876,35.7842654992655,32.7725907409204,29.9413217436098,27.3229983411475,24.9486000109033,22.8479532551532,21.0494491763784,19.5800469085938,18.4652298642735,17.7299596350735,17.3976377852876,17.4909180775988,18.0309503953591,19.036982054941,20.5262706346914,22.5158656113945,25.0208226065522,28.0538053953591,31.6258053953591,35.7458053953591,40.4258053953591,45.6758053953591,51.5058053953591,57.9258053953591,64.9458053953591,72.5758053953591,80.8258053953591
276,2025-10-30 11:05:31,executed,74.07540320959446,76.54141680190565,78.4357777176543,79.77196695270295,80.56942004245647,80.8525791334651,80.6472481005273,79.9818816694663,78.8879685084931,77.3995167098491,75.5516086788771,73.3808940843477,70.9254308573289,68.2238474246115,65.3155385637207,62.2399283738093,59.0328954041539,55.7303038827521,52.3601550996841,48.9599540108343,45.5663784558552,42.2155781600989,38.9431802952876,35.7842654992655,32.7725907409204,29.9413217436098,27.3229983411475,24.9486000109033,22.8479532551532,21.0494491763784,19.5800469085938,18.4652298642735,17.7299596350735,17.3976377852876,17.4909180775988,18.0309503953591,19.036982054941,20.5262706346914,22.5158656113945,25.0208226065522,28.0538053953591,31.6258053953591,35.7458053953591,40.4258053953591,45.6758053953591,51.5058053953591,57.9258053953591,64.9458053953591,72.5758053953591,80.8258053953591
276,2025-10-30 11:06:18,proposed,0.0,8.96020551710927,17.65063065460592,25.89785869480695,33.53503923419994,40.41505374824982,46.4089304901844,51.39860088924375,55.28999088614568,57.99899088614568,59.4624024024024,59.63853065460592,58.50664646464646,56.10664646464646,52.50664646464646,47.77362838383838,41.98063065460592,35.20664646464646,27.53503923419994,19.05063065460592,9.85063065460592,0.0,-9.85063065460592,-19.05063065460592,-27.53503923419994,-35.20664646464646,-41.98063065460592,-47.77362838383838,-52.50664646464646,-56.10664646464646,-58.50664646464646,-59.63853065460592,-59.4624024024024,-57.99899088614568,-55.28999088614568,-51.39860088924375,-46.4089304901844,-40.41505374824982,-33.53503923419994,-25.89785869480695,-17.65063065460592,-8.96020551710927,-0.0,8.96020551710927,17.65063065460592,25.89785869480695,33.53503923419994,40.41505374824982,46.4089304901844,51.39860088924375
277,2025-10-30 11:06:58,executed,0.0,8.96020551710927,17.65063065460592,25.89785869480695,33.53503923419994,40.41505374824982,46.4089304901844,51.39860088924375,55.28999088614568,57.99899088614568,59.4624024024024,59.63853065460592,58.50664646464646,56.10664646464646,52.50664646464646,47.77362838383838,41.98063065460592,35.20664646464646,27.53503923419994,19.05063065460592,9.85063065460592,0.0,-9.85063065460592,-19.05063065460592,-27.53503923419994,-35.20664646464646,-41.98063065460592,-47.77362838383838,-52.50664646464646,-56.10664646464646,-58.50664646464646,-59.63853065460592,-59.4624024024024,-57.99899088614568,-55.28999088614568,-51.39860088924375,-46.4089304901844,-40.41505374824982,-33.53503923419994,-25.89785869480695,-17.65063065460592,-8.96020551710927,-0.0,8.96020551710927,17.65063065460592,25.89785869480695,33.53503923419994,40.41505374824982,46.4089304901844,51.39860088924375
277,2025-10-30 11:07:43,proposed,0.0,10.160100000000002,20.1019,29.6992,38.8504,47.5009,55.5036,62.7998,69.3497,75.1189,80.0,79.6631,77.9001,74.796,70.4504,64.975,58.4999,51.1611,43.0999,34.4504,25.3504,15.9504,6.3999,-3.2001,-12.6001,-21.6999,-30.3504,-38.4504,-45.8999,-52.5999,-58.4999,-63.5504,-67.6999,-70.9001,-73.1001,-74.2504,-74.3001,-73.2001,-70.9504,-67.5504,-63.0001,-57.3001,-50.5001,-42.7001,-33.9504,-24.4001,-14.1504,-3.3001,7.8001,0.0
278,2025-10-30 11:08:23,executed,0.0,10.160100000000002,20.1019,29.6992,38.8504,47.5009,55.5036,62.7998,69.3497,75.1189,80.0,79.6631,77.9001,74.796,70.4504,64.975,58.4999,51.1611,43.0999,34.4504,25.3504,15.9504,6.3999,-3.2001,-12.6001,-21.6999,-30.3504,-38.4504,-45.8999,-52.5999,-58.4999,-63.5504,-67.6999,-70.9001,-73.1001,-74.2504,-74.3001,-73.2001,-70.9504,-67.5504,-63.0001,-57.3001,-50.5001,-42.7001,-33.9504,-24.4001,-14.1504,-3.3001,7.8001,0.0
278,2025-10-30 11:09:25,proposed,73.5019,79.1673,81.6508,79.7925,74.5708,66.0827,55.0036,42.0032,27.6761,12.6057,-2.0408,-16.15,-29.0177,-40.4503,-50.0,-57.447,-62.501,-65.0,-64.9678,-62.501,-57.447,-50.0,-40.4503,-29.0177,-16.15,-2.0408,12.6057,27.6761,42.0032,55.0036,66.0827,74.5708,79.7925,81.6508,79.1673,73.5019,65.0,54.1412,41.6806,28.1064,13.6167,-0.0,-13.6167,-28.1064,-41.6806,-54.1412,-65.0,-73.5019,-79.1673,-81.6508
279,2025-10-30 11:10:05,executed,73.5019,79.1673,81.6508,79.7925,74.5708,66.0827,55.0036,42.0032,27.6761,12.6057,-2.0408,-16.15,-29.0177,-40.4503,-50.0,-57.447,-62.501,-65.0,-64.9678,-62.501,-57.447,-50.0,-40.4503,-29.0177,-16.15,-2.0408,12.6057,27.6761,42.0032,55.0036,66.0827,74.5708,79.7925,81.6508,79.1673,73.5019,65.0,54.1412,41.6806,28.1064,13.6167,-0.0,-13.6167,-28.1064,-41.6806,-54.1412,-65.0,-73.5019,-79.1673,-81.6508
279,2025-10-30 11:11:01,proposed,1.443006411709491,56.51659223530869,93.68930491022934,107.03160105260827,97.42590000000001,65.25990000000002,17.3898,-32.985,-75.1788,-105.3527,-119.0526,-111.6441,-87.9546,-55.1165,-17.5165,25.9266,64.8458,97.42590000000001,116.2278,119.0526,105.3527,77.0504,37.1165,-9.9999,-6.099,57.0601,87.9546,97.42590000000001,87.9546,64.8458,37.1165,6.099,-25.9266,-55.1165,-77.0504,-87.9546,-87.9546,-77.0504,-55.1165,-25.9266,6.099,37.1165,64.8458,87.9546,97.42590000000001,97.42590000000001,87.9546,64.8458,37.1165,6.099
280,2025-10-30 11:11:41,executed,1.443006411709491,56.51659223530869,93.68930491022934,107.03160105260827,97.42590000000001,65.25990000000002,17.3898,-32.985,-75.1788,-105.3527,-119.0526,-111.6441,-87.9546,-55.1165,-17.5165,25.9266,64.8458,97.42590000000001,116.2278,119.0526,105.3527,77.0504,37.1165,-9.9999,-6.099,57.0601,87.9546,97.42590000000001,87.9546,64.8458,37.1165,6.099,-25.9266,-55.1165,-77.0504,-87.9546,-87.9546,-77.0504,-55.1165,-25.9266,6.099,37.1165,64.8458,87.9546,97.42590000000001,97.42590000000001,87.9546,64.8458,37.1165,6.099
280,2025-10-30 11:12:22,proposed,80.0,79.2118,76.8583,73.0,67.7208,61.1208,53.3151,44.4208,34.5649,23.8792,12.492,0.5342,-11.8603,-23.4367,-34.0,-43.3893,-51.4608,-58.0805,-63.1208,-66.4661,-67.9808,-67.5075,-64.9808,-60.4265,-53.9148,-45.5385,-35.4208,-23.7208,-10.6849,3.0,16.8583,30.0,42.1208,53.0805,62.6975,70.8151,77.263,81.8603,84.5649,85.3151,84.1208,81.0805,76.3151,69.9808,62.2975,53.4367,43.6122,33.0,21.7208,10.0
281,2025-10-30 11:13:02,executed,80.0,79.2118,76.8583,73.0,67.7208,61.1208,53.3151,44.4208,34.5649,23.8792,12.492,0.5342,-11.8603,-23.4367,-34.0,-43.3893,-51.4608,-58.0805,-63.1208,-66.4661,-67.9808,-67.5075,-64.9808,-60.4265,-53.9148,-45.5385,-35.4208,-23.7208,-10.6849,3.0,16.8583,30.0,42.1208,53.0805,62.6975,70.8151,77.263,81.8603,84.5649,85.3151,84.1208,81.0805,76.3151,69.9808,62.2975,53.4367,43.6122,33.0,21.7208,10.0
281,2025-10-30 11:13:57,proposed,0.0,8.8981,17.4005,25.3908,32.7876,39.5165,45.5099,50.6997,55.0298,58.4526,60.9298,62.4338,62.9472,62.463,61.0039,58.5997,55.2899,51.123,46.155,40.4503,34.0805,27.123,19.6593,11.7744,3.5605,-4.2404,-12.317,-20.558,-28.8221,-36.97,-44.8605,-52.3504,-59.3002,-65.5701,-70.9901,-75.4002,-78.6401,-80.5601,-81.0201,-79.9001,-77.1001,-72.54,-66.14,-57.84,-47.6,-35.4,-21.2,-5.0,13.2,33.4
282,2025-10-30 11:14:37,executed,0.0,8.8981,17.4005,25.3908,32.7876,39.5165,45.5099,50.6997,55.0298,58.4526,60.9298,62.4338,62.9472,62.463,61.0039,58.5997,55.2899,51.123,46.155,40.4503,34.0805,27.123,19.6593,11.7744,3.5605,-4.2404,-12.317,-20.558,-28.8221,-36.97,-44.8605,-52.3504,-59.3002,-65.5701,-70.9901,-75.4002,-78.6401,-80.5601,-81.0201,-79.9001,-77.1001,-72.54,-66.14,-57.84,-47.6,-35.4,-21.2,-5.0,13.2,33.4
282,2025-10-30 11:15:18,proposed,0.0,13.294,26.262,38.799,50.801,61.979,72.239,81.301,88.903,94.819,98.835,100.771,100.463,97.809,92.748,85.275,75.44,63.385,49.336,33.569,16.338,-1.332,-19.04,-36.33,-52.801,-68.13,-81.98,-94.05,-104.13,-112.06,-117.7,-120.97,-121.84,-120.35,-116.59,-110.69,-102.8,-93.09,-81.74,-68.96,-54.99,-40.09,-24.5,-8.49,7.61,23.63,39.29,54.3,68.4,81.36
283,2025-10-30 11:15:58,executed,0.0,13.294,26.262,38.799,50.801,61.979,72.239,81.301,88.903,94.819,98.835,100.771,100.463,97.809,92.748,85.275,75.44,63.385,49.336,33.569,16.338,-1.332,-19.04,-36.33,-52.801,-68.13,-81.98,-94.05,-104.13,-112.06,-117.7,-120.97,-121.84,-120.35,-116.59,-110.69,-102.8,-93.09,-81.74,-68.96,-54.99,-40.09,-24.5,-8.49,7.61,23.63,39.29,54.3,68.4,81.36
283,2025-10-30 11:16:50,proposed,0.0,11.2302,22.2519,32.9607,43.2562,53.0396,62.2133,70.6827,78.3571,85.15,90.9786,95.765,99.4358,101.9221,103.1601,103.11,101.7372,99.0233,94.965,89.5786,82.8707,74.8627,65.58,55.0596,43.3402,30.5607,16.8419,2.3002,-13.0,-28.97,-45.48,-62.4,-79.6,-96.96,-114.36,-131.68,-148.81,-165.64,-182.06,-197.97,-213.27,-227.86,-241.64,-254.51,-266.37,-277.12,-286.66,-294.89,-301.71,-307.0
284,2025-10-30 11:17:30,executed,0.0,11.2302,22.2519,32.9607,43.2562,53.0396,62.2133,70.6827,78.3571,85.15,90.9786,95.765,99.4358,101.9221,103.1601,103.11,101.7372,99.0233,94.965,89.5786,82.8707,74.8627,65.58,55.0596,43.3402,30.5607,16.8419,2.3002,-13.0,-28.97,-45.48,-62.4,-79.6,-96.96,-114.36,-131.68,-148.81,-165.64,-182.06,-197.97,-213.27,-227.86,-241.64,-254.51,-266.37,-277.12,-286.66,-294.89,-301.71,-307.0
284,2025-10-30 11:18:57,proposed,0.0,15.01188310065961,29.07361704245648,41.09641217036495,50.29742444588924,56.08985169620306,58.15049389332269,56.40765955088264,51.04706593566121,42.4967396660601,31.299999999999997,18.06734044911736,3.460734064338791,-11.90054706593566,-27.73180295754352,-43.09641217036495,-56.08985169620306,-65.9388061066773,-72.29070000000002,-75.0,-74.03234044911736,-69.56319704245648,-61.90564830379694,-51.53926593566121,-39.07361704245648,-25.0,-9.89808310065961,6.122448979591836,21.09641217036495,34.02057555411076,44.08163265306122,50.70257555411076,53.56819704245648,52.65864830379694,-50.29742444588924,-41.09641217036495,-29.07361704245648,-15.01188310065961,0.0,15.01188310065961,29.07361704245648,41.09641217036495,50.29742444588924,56.08985169620306,58.15049389332269,56.40765955088264,51.04706593566121,42.4967396660601,31.299999999999997,18.06734044911736
285,2025-10-30 11:19:37,executed,0.0,15.01188310065961,29.07361704245648,41.09641217036495,50.29742444588924,56.08985169620306,58.15049389332269,56.40765955088264,51.04706593566121,42.4967396660601,31.299999999999997,18.06734044911736,3.460734064338791,-11.90054706593566,-27.73180295754352,-43.09641217036495,-56.08985169620306,-65.9388061066773,-72.29070000000002,-75.0,-74.03234044911736,-69.56319704245648,-61.90564830379694,-51.53926593566121,-39.07361704245648,-25.0,-9.89808310065961,6.122448979591836,21.09641217036495,34.02057555411076,44.08163265306122,50.70257555411076,53.56819704245648,52.65864830379694,-50.29742444588924,-41.09641217036495,-29.07361704245648,-15.01188310065961,0.0,15.01188310065961,29.07361704245648,41.09641217036495,50.29742444588924,56.08985169620306,58.15049389332269,56.40765955088264,51.04706593566121,42.4967396660601,31.299999999999997,18.06734044911736
285,2025-10-30 11:20:20,proposed,70.71067811865476,82.7039600065091,91.7088920956272,97.2369688463167,99.09680326095476,97.2369688463167,91.7088920956272,82.7039600065091,70.71067811865476,56.5113912170305,40.73681534062802,24.00843468789507,6.90987302484683,-10.30138902787869,-26.94657159746356,-42.49397621147589,-56.5113912170305,-68.5994086438903,-78.4390553753361,-85.8077598642738,-90.5750831620023,-92.6963973957261,-92.1963973957261,-89.2963973957261,-84.2039600065091,-77.2039600065091,-68.5994086438903,-58.6994086438903,-47.7963973957261,-36.1963973957261,-24.2039600065091,-12.1039600065091,-0.0,12.1039600065091,24.2039600065091,36.1963973957261,47.7963973957261,58.6994086438903,68.5994086438903,77.2039600065091,84.2039600065091,89.2963973957261,92.1963973957261,92.6963973957261,90.5750831620023,85.8077598642738,78.4390553753361,68.5994086438903,56.5113912170305,40.73681534062802
286,2025-10-30 11:21:00,executed,70.71067811865476,82.7039600065091,91.7088920956272,97.2369688463167,99.09680326095476,97.2369688463167,91.7088920956272,82.7039600065091,70.71067811865476,56.5113912170305,40.73681534062802,24.00843468789507,6.90987302484683,-10.30138902787869,-26.94657159746356,-42.49397621147589,-56.5113912170305,-68.5994086438903,-78.4390553753361,-85.8077598642738,-90.5750831620023,-92.6963973957261,-92.1963973957261,-89.2963973957261,-84.2039600065091,-77.2039600065091,-68.5994086438903,-58.6994086438903,-47.7963973957261,-36.1963973957261,-24.2039600065091,-12.1039600065091,-0.0,12.1039600065091,24.2039600065091,36.1963973957261,47.7963973957261,58.6994086438903,68.5994086438903,77.2039600065091,84.2039600065091,89.2963973957261,92.1963973957261,92.6963973957261,90.5750831620023,85.8077598642738,78.4390553753361,68.5994086438903,56.5113912170305,40.73681534062802
286,2025-10-30 11:23:08,proposed,70.710678,79.33533,86.812413,92.946359,97.60009,100.686008,102.144199,101.956799,100.158316,96.809072,91.996162,85.836055,78.460029,70.010787,60.640609,50.510668,39.787133,28.640068,17.234699,5.748946,-5.748946,-17.234699,-28.640068,-39.787133,-50.510668,-60.640609,-70.010787,-78.460029,-85.836055,-91.996162,-96.809072,-100.158316,-102.144199,-102.570189,-101.45903,-98.86877,-94.898516,-89.670685,-83.310118,-75.95068,-67.732959,-58.799015,-49.299049,-39.387133,-29.223847,-18.966399,-8.77312,1.250917,11.050917,20.450917
287,2025-10-30 11:23:48,executed,70.710678,79.33533,86.812413,92.946359,97.60009,100.686008,102.144199,101.956799,100.158316,96.809072,91.996162,85.836055,78.460029,70.010787,60.640609,50.510668,39.787133,28.640068,17.234699,5.748946,-5.748946,-17.234699,-28.640068,-39.787133,-50.510668,-60.640609,-70.010787,-78.460029,-85.836055,-91.996162,-96.809072,-100.158316,-102.144199,-102.570189,-101.45903,-98.86877,-94.898516,-89.670685,-83.310118,-75.95068,-67.732959,-58.799015,-49.299049,-39.387133,-29.223847,-18.966399,-8.77312,1.250917,11.050917,20.450917
287,2025-10-30 11:24:46,proposed,0.0,10.04616851608679,19.89437190209869,29.54426569145695,38.80904576391007,47.50000000000001,55.53982927255909,62.85420063994309,69.37397750794503,74.94000000000001,79.4,82.61000000000001,84.44000000000003,84.77000000000001,83.50000000000001,80.55000000000001,75.85000000000001,69.45000000000002,61.400000000000006,51.760000000000005,40.60000000000001,28.000000000000004,14.030000000000001,-0.0,-14.030000000000001,-28.000000000000004,-40.60000000000001,-51.760000000000005,-61.400000000000006,-69.45000000000002,-75.85000000000001,-80.55000000000001,-83.50000000000001,-84.77000000000001,-84.44000000000003,-82.61000000000001,-79.4,-74.94000000000001,-69.37397750794503,-62.85420063994309,-55.53982927255909,-47.50000000000001,-38.80904576391007,-29.54426569145695,-19.89437190209869,-10.04616851608679,-0.0,10.04616851608679,19.89437190209869,29.54426569145695
288,2025-10-30 11:25:26,executed,0.0,10.04616851608679,19.89437190209869,29.54426569145695,38.80904576391007,47.50000000000001,55.53982927255909,62.85420063994309,69.37397750794503,74.94000000000001,79.4,82.61000000000001,84.44000000000003,84.77000000000001,83.50000000000001,80.55000000000001,75.85000000000001,69.45000000000002,61.400000000000006,51.760000000000005,40.60000000000001,28.000000000000004,14.030000000000001,-0.0,-14.030000000000001,-28.000000000000004,-40.60000000000001,-51.760000000000005,-61.400000000000006,-69.45000000000002,-75.85000000000001,-80.55000000000001,-83.50000000000001,-84.77000000000001,-84.44000000000003,-82.61000000000001,-79.4,-74.94000000000001,-69.37397750794503,-62.85420063994309,-55.53982927255909,-47.50000000000001,-38.80904576391007,-29.54426569145695,-19.89437190209869,-10.04616851608679,-0.0,10.04616851608679,19.89437190209869,29.54426569145695
288,2025-10-30 11:26:12,proposed,0.0,11.2302,22.2519,32.9607,43.2562,53.0396,62.2133,70.6827,78.3571,85.15,90.9786,95.765,99.4358,101.9221,103.1601,103.11,101.7372,99.0233,94.965,89.5786,82.8707,74.8627,65.58,55.0596,43.3402,30.5607,16.8419,2.3002,-13.0,-28.97,-45.48,-62.4,-79.6,-96.96,-114.36,-131.68,-148.81,-165.64,-182.06,-197.97,-213.27,-227.86,-241.64,-254.51,-266.37,-277.12,-286.66,-294.89,-301.71,-307.0
289,2025-10-30 11:26:52,executed,0.0,11.2302,22.2519,32.9607,43.2562,53.0396,62.2133,70.6827,78.3571,85.15,90.9786,95.765,99.4358,101.9221,103.1601,103.11,101.7372,99.0233,94.965,89.5786,82.8707,74.8627,65.58,55.0596,43.3402,30.5607,16.8419,2.3002,-13.0,-28.97,-45.48,-62.4,-79.6,-96.96,-114.36,-131.68,-148.81,-165.64,-182.06,-197.97,-213.27,-227.86,-241.64,-254.51,-266.37,-277.12,-286.66,-294.89,-301.71,-307.0
289,2025-10-30 11:28:20,proposed,100.0,99.809232,99.237845,98.290211,96.974005,95.300599,93.284704,90.942004,88.290211,85.346995,82.130704,78.659004,74.951005,71.026005,66.903005,62.602004,58.143005,53.546005,48.832004,44.022004,39.136004,34.196004,29.224004,24.241004,19.268004,14.326004,9.436004,4.619004,-0.109004,-4.759004,-9.317004,-13.763004,-18.077004,-22.240004,-26.232004,-30.035004,-33.630004,-37.000004,-40.126004,-42.990004,-45.578004,-47.876004,-49.870004,-51.548004,-52.901004,-53.920004,-54.596004,-54.923004,-54.896004,100.0
290,2025-10-30 11:29:00,executed,100.0,99.809232,99.237845,98.290211,96.974005,95.300599,93.284704,90.942004,88.290211,85.346995,82.130704,78.659004,74.951005,71.026005,66.903005,62.602004,58.143005,53.546005,48.832004,44.022004,39.136004,34.196004,29.224004,24.241004,19.268004,14.326004,9.436004,4.619004,-0.109004,-4.759004,-9.317004,-13.763004,-18.077004,-22.240004,-26.232004,-30.035004,-33.630004,-37.000004,-40.126004,-42.990004,-45.578004,-47.876004,-49.870004,-51.548004,-52.901004,-53.920004,-54.596004,-54.923004,-54.896004,100.0
290,2025-10-30 11:29:36,proposed,0.0,5.0,10.0,15.0,20.0,25.0,30.0,35.0,40.0,45.0,50.0,55.0,60.0,55.38461538461539,50.76923076923077,46.15384615384615,41.53846153846154,36.92307692307692,32.30769230769231,27.692307692307693,23.076923076923077,18.46153846153846,13.846153846153847,9.23076923076923,4.615384615384615,0.0,-5.0,-10.0,-15.0,-20.0,-25.0,-30.0,-35.0,-40.0,-45.0,-50.0,-55.0,-60.0,-55.0,-50.0,-45.0,-40.0,-35.0,-30.0,-25.0,-20.0,-15.0,-10.0,-5.0,0.0
291,2025-10-30 11:30:16,executed,0.0,5.0,10.0,15.0,20.0,25.0,30.0,35.0,40.0,45.0,50.0,55.0,60.0,55.38461538461539,50.76923076923077,46.15384615384615,41.53846153846154,36.92307692307692,32.30769230769231,27.692307692307693,23.076923076923077,18.46153846153846,13.846153846153847,9.23076923076923,4.615384615384615,0.0,-5.0,-10.0,-15.0,-20.0,-25.0,-30.0,-35.0,-40.0,-45.0,-50.0,-55.0,-60.0,-55.0,-50.0,-45.0,-40.0,-35.0,-30.0,-25.0,-20.0,-15.0,-10.0,-5.0,0.0
292,2025-10-30 11:34:08,executed,0.0,5.0,10.0,15.0,20.0,25.0,30.0,35.0,40.0,45.0,50.0,55.0,60.0,55.38461538461539,50.76923076923077,46.15384615384615,41.53846153846154,36.92307692307692,32.30769230769231,27.692307692307693,23.076923076923077,18.46153846153846,13.846153846153847,9.23076923076923,4.615384615384615,0.0,-5.0,-10.0,-15.0,-20.0,-25.0,-30.0,-35.0,-40.0,-45.0,-50.0,-55.0,-60.0,-55.0,-50.0,-45.0,-40.0,-35.0,-30.0,-25.0,-20.0,-15.0,-10.0,-5.0,0.0
292,2025-10-30 11:35:07,proposed,7.319520268597375,50.81230193494793,80.00000000000001,90.00000000000001,80.00000000000001,50.81230193494793,7.319520268597375,-40.64010170560824,-80.00000000000001,-90.00000000000001,-80.00000000000001,-40.64010170560824,7.319520268597375,50.81230193494793,80.00000000000001,90.00000000000001,80.00000000000001,50.81230193494793,7.319520268597375,-40.64010170560824,-80.00000000000001,-90.00000000000001,-80.00000000000001,-40.64010170560824,7.319520268597375,50.81230193494793,80.00000000000001,90.00000000000001,80.00000000000001,50.81230193494793,7.319520268597375,-40.64010170560824,-80.00000000000001,-90.00000000000001,-80.00000000000001,-40.64010170560824,7.319520268597375,50.81230193494793,80.00000000000001,90.00000000000001,80.00000000000001,50.81230193494793,7.319520268597375,-40.64010170560824,-80.00000000000001,-90.00000000000001,-80.00000000000001,-40.64010170560824,7.319520268597375,50.81230193494793
293,2025-10-30 11:35:47,executed,7.319520268597375,50.81230193494793,80.00000000000001,90.00000000000001,80.00000000000001,50.81230193494793,7.319520268597375,-40.64010170560824,-80.00000000000001,-90.00000000000001,-80.00000000000001,-40.64010170560824,7.319520268597375,50.81230193494793,80.00000000000001,90.00000000000001,80.00000000000001,50.81230193494793,7.319520268597375,-40.64010170560824,-80.00000000000001,-90.00000000000001,-80.00000000000001,-40.64010170560824,7.319520268597375,50.81230193494793,80.00000000000001,90.00000000000001,80.00000000000001,50.81230193494793,7.319520268597375,-40.64010170560824,-80.00000000000001,-90.00000000000001,-80.00000000000001,-40.64010170560824,7.319520268597375,50.81230193494793,80.00000000000001,90.00000000000001,80.00000000000001,50.81230193494793,7.319520268597375,-40.64010170560824,-80.00000000000001,-90.00000000000001,-80.00000000000001,-40.64010170560824,7.319520268597375,50.81230193494793
293,2025-10-30 11:36:26,proposed,0.0,9.3746,18.541,27.398,35.857,43.826,51.216,57.942,63.923,69.081,73.348,76.666,79.0,80.322,80.612,79.86,78.068,75.25,71.424,66.611,60.835,54.127,46.52,38.05,28.758,18.7,7.942,-3.375,-15.0,-26.041,-36.398,-46.057,-54.926,-62.916,-69.942,-75.923,-80.801,-84.522,-87.048,-88.35,-88.412,-87.23,-84.818,-81.19,-76.375,-70.408,-63.335,-55.208,-46.082,-36.018
294,2025-10-30 11:37:06,executed,0.0,9.3746,18.541,27.398,35.857,43.826,51.216,57.942,63.923,69.081,73.348,76.666,79.0,80.322,80.612,79.86,78.068,75.25,71.424,66.611,60.835,54.127,46.52,38.05,28.758,18.7,7.942,-3.375,-15.0,-26.041,-36.398,-46.057,-54.926,-62.916,-69.942,-75.923,-80.801,-84.522,-87.048,-88.35,-88.412,-87.23,-84.818,-81.19,-76.375,-70.408,-63.335,-55.208,-46.082,-36.018
294,2025-10-30 11:38:01,proposed,0.0,10.046241,19.894379,29.544342,38.809045,47.5,55.539803,62.854245,69.374008,74.94,79.4,82.61,84.44,84.77,83.5,80.55,75.85,69.45,61.4,51.76,40.6,28.0,14.03,0.0,-14.03,-28.0,-40.6,-51.76,-61.4,-69.45,-75.85,-80.55,-83.5,-84.77,-84.44,-82.61,-79.4,-74.94,-69.374008,-62.854245,-55.539803,-47.5,-38.809045,-29.544342,-19.894379,-10.046241,0.0,10.046241,19.894379,29.544342
295,2025-10-30 11:38:41,executed,0.0,10.046241,19.894379,29.544342,38.809045,47.5,55.539803,62.854245,69.374008,74.94,79.4,82.61,84.44,84.77,83.5,80.55,75.85,69.45,61.4,51.76,40.6,28.0,14.03,0.0,-14.03,-28.0,-40.6,-51.76,-61.4,-69.45,-75.85,-80.55,-83.5,-84.77,-84.44,-82.61,-79.4,-74.94,-69.374008,-62.854245,-55.539803,-47.5,-38.809045,-29.544342,-19.894379,-10.046241,0.0,10.046241,19.894379,29.544342
295,2025-10-30 11:39:42,proposed,30.0,75.09901699437495,89.99999999999999,75.09901699437495,30.0,-30.0,-75.09901699437495,-89.99999999999999,-75.09901699437495,-30.0,30.0,75.09901699437495,89.99999999999999,75.09901699437495,30.0,-30.0,-75.09901699437495,-89.99999999999999,-75.09901699437495,-30.0,30.0,75.09901699437495,89.99999999999999,75.09901699437495,30.0,-30.0,-75.09901699437495,-89.99999999999999,-75.09901699437495,-30.0,30.0,75.09901699437495,89.99999999999999,75.09901699437495,30.0,-30.0,-75.09901699437495,-89.99999999999999,-75.09901699437495,-30.0,30.0,75.09901699437495,89.99999999999999,75.09901699437495,30.0,-30.0,-75.09901699437495,-89.99999999999999,-75.09901699437495,-30.0
296,2025-10-30 11:40:22,executed,30.0,75.09901699437495,89.99999999999999,75.09901699437495,30.0,-30.0,-75.09901699437495,-89.99999999999999,-75.09901699437495,-30.0,30.0,75.09901699437495,89.99999999999999,75.09901699437495,30.0,-30.0,-75.09901699437495,-89.99999999999999,-75.09901699437495,-30.0,30.0,75.09901699437495,89.99999999999999,75.09901699437495,30.0,-30.0,-75.09901699437495,-89.99999999999999,-75.09901699437495,-30.0,30.0,75.09901699437495,89.99999999999999,75.09901699437495,30.0,-30.0,-75.09901699437495,-89.99999999999999,-75.09901699437495,-30.0,30.0,75.09901699437495,89.99999999999999,75.09901699437495,30.0,-30.0,-75.09901699437495,-89.99999999999999,-75.09901699437495,-30.0
296,2025-10-30 11:41:03,proposed,0.0,24.869,48.209,68.47,84.385,95.708,102.09,103.325,99.451,90.793,77.839,61.201,41.795,20.408,-2.041,-24.869,-48.209,-68.47,-84.385,-95.708,-102.09,-103.325,-99.451,-90.793,-77.839,-61.201,-41.795,-20.408,2.041,24.869,48.209,68.47,84.385,95.708,102.09,103.325,99.451,90.793,77.839,61.201,41.795,20.408,-2.041,-24.869,-48.209,-68.47,-84.385,-95.708,-102.09,-103.325
297,2025-10-30 11:41:43,executed,0.0,24.869,48.209,68.47,84.385,95.708,102.09,103.325,99.451,90.793,77.839,61.201,41.795,20.408,-2.041,-24.869,-48.209,-68.47,-84.385,-95.708,-102.09,-103.325,-99.451,-90.793,-77.839,-61.201,-41.795,-20.408,2.041,24.869,48.209,68.47,84.385,95.708,102.09,103.325,99.451,90.793,77.839,61.201,41.795,20.408,-2.041,-24.869,-48.209,-68.47,-84.385,-95.708,-102.09,-103.325
297,2025-10-30 11:43:05,proposed,0.0,10.6071,21.1077,31.3071,41.2071,50.7071,59.5071,67.7071,74.9071,81.4071,85.0,81.4071,74.9071,67.7071,59.5071,50.7071,41.2071,31.3071,21.1077,10.6071,0.0,-10.6071,-21.1077,-31.3071,-41.2071,-50.7071,-59.5071,-67.7071,-74.9071,-81.4071,-85.0,-81.4071,-74.9071,-67.7071,-59.5071,-50.7071,-41.2071,-31.3071,-21.1077,-10.6071,0.0,10.6071,21.1077,31.3071,41.2071,50.7071,59.5071,67.7071,74.9071,81.4071
298,2025-10-30 11:43:45,executed,0.0,10.6071,21.1077,31.3071,41.2071,50.7071,59.5071,67.7071,74.9071,81.4071,85.0,81.4071,74.9071,67.7071,59.5071,50.7071,41.2071,31.3071,21.1077,10.6071,0.0,-10.6071,-21.1077,-31.3071,-41.2071,-50.7071,-59.5071,-67.7071,-74.9071,-81.4071,-85.0,-81.4071,-74.9071,-67.7071,-59.5071,-50.7071,-41.2071,-31.3071,-21.1077,-10.6071,0.0,10.6071,21.1077,31.3071,41.2071,50.7071,59.5071,67.7071,74.9071,81.4071
298,2025-10-30 11:44:21,proposed,70.0,69.5631,68.2676,66.1265,63.1679,59.4262,54.944,49.77,43.96,37.576,30.686,23.365,15.693,7.755,-0.3,-8.4,-16.4,-24.2,-31.7,-38.8,-45.4,-51.4,-56.7,-61.2,-64.8,-67.4,-68.9,-69.3,-68.5,-66.5,-63.3,-59.0,-53.5,-46.9,-39.3,-30.7,-21.2,-10.9,-0.0,11.4,23.2,35.2,47.2,59.0,70.0,59.0,47.2,35.2,23.2,11.4
299,2025-10-30 11:45:01,executed,70.0,69.5631,68.2676,66.1265,63.1679,59.4262,54.944,49.77,43.96,37.576,30.686,23.365,15.693,7.755,-0.3,-8.4,-16.4,-24.2,-31.7,-38.8,-45.4,-51.4,-56.7,-61.2,-64.8,-67.4,-68.9,-69.3,-68.5,-66.5,-63.3,-59.0,-53.5,-46.9,-39.3,-30.7,-21.2,-10.9,-0.0,11.4,23.2,35.2,47.2,59.0,70.0,59.0,47.2,35.2,23.2,11.4
299,2025-10-30 11:46:02,proposed,80.0,79.3432039007604,77.3760010500138,74.1311016834164,69.6672017006856,64.0534017006856,57.3704017006856,49.7107017006856,41.1764017006856,31.8808017006856,21.9470017006856,11.5070017006856,0.6923017006856,-10.2080017006856,-20.8030017006856,-30.9804017006856,-40.6380017006856,-49.6790017006856,-58.0120017006856,-65.5530017006856,-72.2230017006856,-77.9490017006856,-82.6660017006856,-86.3190017006856,-88.8600017006856,-90.2460017006856,-90.4440017006856,-89.4350017006856,-87.2100017006856,-83.7800017006856,-79.1700017006856,-73.4100017006856,-66.5400017006856,-58.6100017006856,-49.6800017006856,-39.8200017006856,-29.1100017006856,-17.6300017006856,-5.4800017006856,7.2100017006856,19.9500017006856,32.5000017006856,44.6000017006856,56.0000017006856,66.5000017006856,75.9000017006856,84.0000017006856,90.7000017006856,95.9000017006856,99.5000017006856
300,2025-10-30 11:46:42,executed,80.0,79.3432039007604,77.3760010500138,74.1311016834164,69.6672017006856,64.0534017006856,57.3704017006856,49.7107017006856,41.1764017006856,31.8808017006856,21.9470017006856,11.5070017006856,0.6923017006856,-10.2080017006856,-20.8030017006856,-30.9804017006856,-40.6380017006856,-49.6790017006856,-58.0120017006856,-65.5530017006856,-72.2230017006856,-77.9490017006856,-82.6660017006856,-86.3190017006856,-88.8600017006856,-90.2460017006856,-90.4440017006856,-89.4350017006856,-87.2100017006856,-83.7800017006856,-79.1700017006856,-73.4100017006856,-66.5400017006856,-58.6100017006856,-49.6800017006856,-39.8200017006856,-29.1100017006856,-17.6300017006856,-5.4800017006856,7.2100017006856,19.9500017006856,32.5000017006856,44.6000017006856,56.0000017006856,66.5000017006856,75.9000017006856,84.0000017006856,90.7000017006856,95.9000017006856,99.5000017006856
300,2025-10-30 11:47:33,proposed,0.0,10.165231,19.89736,28.988225,37.227221,44.421379,50.395726,55.094503,58.487053,60.573919,61.378036,60.949704,59.351659,56.671569,53.01026,48.47953,43.199859,37.299623,30.914216,24.185616,17.251475,10.256873,3.344445,-3.328001,-9.697855,-15.602075,-20.916738,-25.535805,-29.37684,-32.379207,-34.498867,-35.717013,-35.99965,-35.340059,-33.75058,-31.263595,-27.929871,-23.817551,-19.00676,-13.587848,-7.653457,-1.30907,5.433896,12.428704,19.501596,26.46736,33.138768,39.32924,44.856917,49.540194
301,2025-10-30 11:48:13,executed,0.0,10.165231,19.89736,28.988225,37.227221,44.421379,50.395726,55.094503,58.487053,60.573919,61.378036,60.949704,59.351659,56.671569,53.01026,48.47953,43.199859,37.299623,30.914216,24.185616,17.251475,10.256873,3.344445,-3.328001,-9.697855,-15.602075,-20.916738,-25.535805,-29.37684,-32.379207,-34.498867,-35.717013,-35.99965,-35.340059,-33.75058,-31.263595,-27.929871,-23.817551,-19.00676,-13.587848,-7.653457,-1.30907,5.433896,12.428704,19.501596,26.46736,33.138768,39.32924,44.856917,49.540194
301,2025-10-30 11:48:57,proposed,0.0,8.715578,17.294116,25.618638,33.623101,41.025736,47.783679,53.793847,59.061779,63.501103,67.03882,69.610909,70.0,69.610909,67.03882,63.501103,59.061779,53.793847,47.783679,41.025736,33.623101,25.618638,17.294116,8.715578,0.0,-8.715578,-17.294116,-25.618638,-33.623101,-41.025736,-47.783679,-53.793847,-59.061779,-63.501103,-67.03882,-69.610909,-70.0,-69.610909,-67.03882,-63.501103,-59.061779,-53.793847,-47.783679,-41.025736,-33.623101,-25.618638,-17.294116,-8.715578,-0.0,8.715578
302,2025-10-30 11:49:37,executed,0.0,8.715578,17.294116,25.618638,33.623101,41.025736,47.783679,53.793847,59.061779,63.501103,67.03882,69.610909,70.0,69.610909,67.03882,63.501103,59.061779,53.793847,47.783679,41.025736,33.623101,25.618638,17.294116,8.715578,0.0,-8.715578,-17.294116,-25.618638,-33.623101,-41.025736,-47.783679,-53.793847,-59.061779,-63.501103,-67.03882,-69.610909,-70.0,-69.610909,-67.03882,-63.501103,-59.061779,-53.793847,-47.783679,-41.025736,-33.623101,-25.618638,-17.294116,-8.715578,-0.0,8.715578
302,2025-10-30 11:51:00,proposed,5.0,13.19790317180479,21.09635048994038,28.60410710606395,35.63423730006935,42.099999999999994,47.92053648008899,53.02418579737966,57.34020502109675,60.80618037307005,63.3685542710313,64.9850694086601,65.6233520108873,65.2572600213193,63.8707761040854,61.46514999999999,58.05044754707033,53.64993855013063,48.30652709192949,42.17362837307005,35.31947309192949,27.8257850213193,19.77362837307005,11.259999999999998,2.37618037307005,-6.73055245292967,-15.90053648008899,-24.9850694086601,-33.8707761040854,-42.4572600213193,-50.636900000000004,-58.30320144986935,-65.35125900000001,-71.67839730006935,-77.18727002109675,-81.7872700213193,-85.399004,-87.95125900000001,-89.37377502109675,-89.60340648008899,-88.5968131718048,-86.325799,-82.7888750213193,-77.99263648008899,-71.95755502109675,-64.7043311718048,-56.26530612244898,-46.681819000000004,-36.0005780213193,-24.27362837307005
303,2025-10-30 11:51:40,executed,5.0,13.19790317180479,21.09635048994038,28.60410710606395,35.63423730006935,42.099999999999994,47.92053648008899,53.02418579737966,57.34020502109675,60.80618037307005,63.3685542710313,64.9850694086601,65.6233520108873,65.2572600213193,63.8707761040854,61.46514999999999,58.05044754707033,53.64993855013063,48.30652709192949,42.17362837307005,35.31947309192949,27.8257850213193,19.77362837307005,11.259999999999998,2.37618037307005,-6.73055245292967,-15.90053648008899,-24.9850694086601,-33.8707761040854,-42.4572600213193,-50.636900000000004,-58.30320144986935,-65.35125900000001,-71.67839730006935,-77.18727002109675,-81.7872700213193,-85.399004,-87.95125900000001,-89.37377502109675,-89.60340648008899,-88.5968131718048,-86.325799,-82.7888750213193,-77.99263648008899,-71.95755502109675,-64.7043311718048,-56.26530612244898,-46.681819000000004,-36.0005780213193,-24.27362837307005
303,2025-10-30 11:52:24,proposed,80.0,77.272,69.28,56.568,40.0,20.704,0.0,-20.704,-40.0,-56.568,-69.28,-77.272,-80.0,-77.272,-69.28,-56.568,-40.0,-20.704,0.0,20.704,40.0,56.568,69.28,77.272,80.0,0.0,-18.116,-35.0,-49.497,-60.621,-67.613,-70.0,-67.613,-60.621,-49.497,-35.0,-18.116,0.0,18.116,35.0,49.497,60.621,67.613,70.0,67.613,60.621,49.497,35.0,18.116,0.0
304,2025-10-30 11:53:04,executed,80.0,77.272,69.28,56.568,40.0,20.704,0.0,-20.704,-40.0,-56.568,-69.28,-77.272,-80.0,-77.272,-69.28,-56.568,-40.0,-20.704,0.0,20.704,40.0,56.568,69.28,77.272,80.0,0.0,-18.116,-35.0,-49.497,-60.621,-67.613,-70.0,-67.613,-60.621,-49.497,-35.0,-18.116,0.0,18.116,35.0,49.497,60.621,67.613,70.0,67.613,60.621,49.497,35.0,18.116,0.0
304,2025-10-30 11:53:55,proposed,0.0,11.4939,22.6842,33.3887,43.4338,52.6586,60.9169,68.0792,74.0323,78.6706,81.908,83.6687,83.8967,82.5559,79.6294,75.1205,69.052,61.4651,52.42,42.0032,30.3205,17.506,3.7,-10.9419,-26.0469,-41.2721,-56.1266,-69.9602,-82.1691,-92.1956,-99.5393,-103.7848,-104.6095,-101.8021,-95.3582,-85.4741,-72.4498,-56.6829,-38.6575,-18.8576,2.7667,25.6881,49.256,72.69,95.0,89.9999,80.0,65.0,45.0,20.0
305,2025-10-30 11:54:35,executed,0.0,11.4939,22.6842,33.3887,43.4338,52.6586,60.9169,68.0792,74.0323,78.6706,81.908,83.6687,83.8967,82.5559,79.6294,75.1205,69.052,61.4651,52.42,42.0032,30.3205,17.506,3.7,-10.9419,-26.0469,-41.2721,-56.1266,-69.9602,-82.1691,-92.1956,-99.5393,-103.7848,-104.6095,-101.8021,-95.3582,-85.4741,-72.4498,-56.6829,-38.6575,-18.8576,2.7667,25.6881,49.256,72.69,95.0,89.9999,80.0,65.0,45.0,20.0
305,2025-10-30 11:56:20,proposed,97.027595,96.082775,93.840795,90.083215,84.82215,78.360975,70.301575,61.05585,51.190025,40.598905,29.099905,16.901535,4.43215,-7.93443,-20.098935,-32.04453,-43.27533,-53.550105,-63.028875,-71.412075,-79.006075,-85.134315,-89.61981,-92.606325,-94.466505,-94.52583,-93.667245,-89.66685,-85.24606,-79.008495,-71.470665,-63.09387,-53.59725,-43.33623,-32.075925,-20.147085,-7.96719,4.43625,16.908885,29.099415,40.60953,51.200215,61.0569,70.301575,78.361025,84.82215,90.083215,93.840795,96.082775,97.027595
306,2025-10-30 11:57:00,executed,97.027595,96.082775,93.840795,90.083215,84.82215,78.360975,70.301575,61.05585,51.190025,40.598905,29.099905,16.901535,4.43215,-7.93443,-20.098935,-32.04453,-43.27533,-53.550105,-63.028875,-71.412075,-79.006075,-85.134315,-89.61981,-92.606325,-94.466505,-94.52583,-93.667245,-89.66685,-85.24606,-79.008495,-71.470665,-63.09387,-53.59725,-43.33623,-32.075925,-20.147085,-7.96719,4.43625,16.908885,29.099415,40.60953,51.200215,61.0569,70.301575,78.361025,84.82215,90.083215,93.840795,96.082775,97.027595
306,2025-10-30 11:57:56,proposed,0.0,8.6596,17.1009,25.1098,32.5086,39.1292,44.8252,49.4795,53.0033,55.3354,56.4388,56.2997,54.9205,52.3297,48.5701,43.7064,37.8168,30.9805,23.3908,15.1009,6.2001,-3.1001,-12.6001,-21.9999,-30.9805,-39.2905,-46.7791,-53.3151,-58.7785,-63.0612,-66.0827,-67.766,-68.0792,-66.9999,-64.5694,-60.8524,-55.9419,-49.9599,-43.0206,-35.2842,-26.8379,-17.752,-8.1397,1.7001,11.7744,21.8596,31.7225,41.1394,49.888,57.8813
307,2025-10-30 11:58:36,executed,0.0,8.6596,17.1009,25.1098,32.5086,39.1292,44.8252,49.4795,53.0033,55.3354,56.4388,56.2997,54.9205,52.3297,48.5701,43.7064,37.8168,30.9805,23.3908,15.1009,6.2001,-3.1001,-12.6001,-21.9999,-30.9805,-39.2905,-46.7791,-53.3151,-58.7785,-63.0612,-66.0827,-67.766,-68.0792,-66.9999,-64.5694,-60.8524,-55.9419,-49.9599,-43.0206,-35.2842,-26.8379,-17.752,-8.1397,1.7001,11.7744,21.8596,31.7225,41.1394,49.888,57.8813
307,2025-10-30 11:59:28,proposed,-11.2384,1.9566,14.8872,27.2415,38.8953,49.7397,59.6782,68.6256,76.5057,83.2536,88.8078,93.1118,96.1146,97.7738,99.0354,98.7562,97.0016,93.8408,89.3584,83.6499,76.8483,69.0963,60.5541,51.3805,41.7738,31.9118,21.9738,12.0963,2.4118,-6.9001,-15.8602,-24.3602,-32.3397,-39.7202,-46.4385,-52.4385,-57.6602,-62.0397,-65.5057,-68.0001,-69.4602,-69.8397,-69.0963,-67.2001,-64.1001,-59.7901,-54.2901,-47.6001,-39.7001,-30.6001
308,2025-10-30 12:00:08,executed,-11.2384,1.9566,14.8872,27.2415,38.8953,49.7397,59.6782,68.6256,76.5057,83.2536,88.8078,93.1118,96.1146,97.7738,99.0354,98.7562,97.0016,93.8408,89.3584,83.6499,76.8483,69.0963,60.5541,51.3805,41.7738,31.9118,21.9738,12.0963,2.4118,-6.9001,-15.8602,-24.3602,-32.3397,-39.7202,-46.4385,-52.4385,-57.6602,-62.0397,-65.5057,-68.0001,-69.4602,-69.8397,-69.0963,-67.2001,-64.1001,-59.7901,-54.2901,-47.6001,-39.7001,-30.6001
308,2025-10-30 12:00:52,proposed,0.0,6.9608,13.5072,19.2064,23.7048,26.6088,27.6992,26.8688,24.2016,19.9936,14.656,8.6128,2.296,-4.0048,-10.088,-15.6096,-20.3088,-23.904,-26.2464,-27.2288,-26.7488,-24.8464,-21.664,-17.3888,-12.2464,-6.5824,-0.672,5.2608,10.9504,16.2016,20.784,24.472,27.0912,28.5088,28.6088,27.3216,24.7072,20.896,16.0992,10.5376,4.4752,-1.7136,-7.8016,-13.5296,-18.6672,-23.0192,-26.4288,-28.784,-29.968,-29.9024
309,2025-10-30 12:01:32,executed,0.0,6.9608,13.5072,19.2064,23.7048,26.6088,27.6992,26.8688,24.2016,19.9936,14.656,8.6128,2.296,-4.0048,-10.088,-15.6096,-20.3088,-23.904,-26.2464,-27.2288,-26.7488,-24.8464,-21.664,-17.3888,-12.2464,-6.5824,-0.672,5.2608,10.9504,16.2016,20.784,24.472,27.0912,28.5088,28.6088,27.3216,24.7072,20.896,16.0992,10.5376,4.4752,-1.7136,-7.8016,-13.5296,-18.6672,-23.0192,-26.4288,-28.784,-29.968,-29.9024
309,2025-10-30 12:02:44,proposed,0.0,26.26644452187053,49.96174644486021,68.76644452187054,80.83980388508705,85.0,80.83980388508705,68.76644452187054,49.96174644486021,26.26644452187053,0.0,-26.26644452187053,-49.96174644486021,-68.76644452187054,-80.83980388508705,-85.0,-80.83980388508705,-68.76644452187054,-49.96174644486021,-26.26644452187053,0.0,26.26644452187053,49.96174644486021,68.76644452187054,80.83980388508705,85.0,80.83980388508705,68.76644452187054,49.96174644486021,26.26644452187053,0.0,-26.26644452187053,-49.96174644486021,-68.76644452187054,-80.83980388508705,-85.0,-80.83980388508705,-68.76644452187054,-49.96174644486021,-26.26644452187053,0.0,26.26644452187053,49.96174644486021,68.76644452187054,80.83980388508705,85.0,80.83980388508705,68.76644452187054,49.96174644486021,26.26644452187053
310,2025-10-30 12:03:24,executed,0.0,26.26644452187053,49.96174644486021,68.76644452187054,80.83980388508705,85.0,80.83980388508705,68.76644452187054,49.96174644486021,26.26644452187053,0.0,-26.26644452187053,-49.96174644486021,-68.76644452187054,-80.83980388508705,-85.0,-80.83980388508705,-68.76644452187054,-49.96174644486021,-26.26644452187053,0.0,26.26644452187053,49.96174644486021,68.76644452187054,80.83980388508705,85.0,80.83980388508705,68.76644452187054,49.96174644486021,26.26644452187053,0.0,-26.26644452187053,-49.96174644486021,-68.76644452187054,-80.83980388508705,-85.0,-80.83980388508705,-68.76644452187054,-49.96174644486021,-26.26644452187053,0.0,26.26644452187053,49.96174644486021,68.76644452187054,80.83980388508705,85.0,80.83980388508705,68.76644452187054,49.96174644486021,26.26644452187053
310,2025-10-30 12:04:29,proposed,100.0,99.2116,96.8583,93.0001,87.7208,81.1208,73.3151,64.4208,54.5649,43.8792,32.492,20.5342,8.1397,-4.4367,-17.0,-29.3893,-41.4608,-53.0805,-64.1208,-74.4661,-84.0192,-92.6975,-99.2116,-100.0,-99.2116,-92.6975,-84.0192,-74.4661,-64.1208,-53.0805,-41.4608,-29.3893,-17.0,-4.4367,8.1397,20.5342,32.492,43.8792,54.5649,64.4208,73.3151,81.1208,87.7208,93.0001,96.8583,99.2116,100.0,99.2116,96.8583,93.0001
311,2025-10-30 12:05:09,executed,100.0,99.2116,96.8583,93.0001,87.7208,81.1208,73.3151,64.4208,54.5649,43.8792,32.492,20.5342,8.1397,-4.4367,-17.0,-29.3893,-41.4608,-53.0805,-64.1208,-74.4661,-84.0192,-92.6975,-99.2116,-100.0,-99.2116,-92.6975,-84.0192,-74.4661,-64.1208,-53.0805,-41.4608,-29.3893,-17.0,-4.4367,8.1397,20.5342,32.492,43.8792,54.5649,64.4208,73.3151,81.1208,87.7208,93.0001,96.8583,99.2116,100.0,99.2116,96.8583,93.0001
311,2025-10-30 12:06:04,proposed,0.0,10.0462,19.8944,29.5443,38.809,47.5,55.5398,62.8542,69.374,74.94,79.4,82.61,84.44,84.77,83.5,80.55,75.85,69.45,61.4,51.76,40.6,28.0,14.03,0.0,-14.03,-28.0,-40.6,-51.76,-61.4,-69.45,-75.85,-80.55,-83.5,-84.77,-84.44,-82.61,-79.4,-74.94,-69.374,-62.8542,-55.5398,-47.5,-38.809,-29.5443,-19.8944,-10.0462,0.0,10.0462,19.8944,29.5443
312,2025-10-30 12:06:44,executed,0.0,10.0462,19.8944,29.5443,38.809,47.5,55.5398,62.8542,69.374,74.94,79.4,82.61,84.44,84.77,83.5,80.55,75.85,69.45,61.4,51.76,40.6,28.0,14.03,0.0,-14.03,-28.0,-40.6,-51.76,-61.4,-69.45,-75.85,-80.55,-83.5,-84.77,-84.44,-82.61,-79.4,-74.94,-69.374,-62.8542,-55.5398,-47.5,-38.809,-29.5443,-19.8944,-10.0462,0.0,10.0462,19.8944,29.5443
312,2025-10-30 12:07:28,proposed,0.0,9.944,19.296,27.76,34.908,40.352,43.768,45.008,44.024,40.896,35.788,28.98,20.784,11.516,1.516,-8.788,-18.88,-28.28,-36.52,-43.12,-47.72,-50.12,-50.24,-48.08,-43.8,17.6777,21.5025,23.9925,24.9975,24.4725,22.4925,19.2625,15.0125,9.9925,4.4725,-1.3325,-7.2875,-13.1275,-18.6075,-23.5075,-27.6325,-30.8125,-32.9025,-33.7775,-33.3525,-31.5775,-28.4475,-24.0175,-18.3725,-11.6325
313,2025-10-30 12:08:08,executed,0.0,9.944,19.296,27.76,34.908,40.352,43.768,45.008,44.024,40.896,35.788,28.98,20.784,11.516,1.516,-8.788,-18.88,-28.28,-36.52,-43.12,-47.72,-50.12,-50.24,-48.08,-43.8,17.6777,21.5025,23.9925,24.9975,24.4725,22.4925,19.2625,15.0125,9.9925,4.4725,-1.3325,-7.2875,-13.1275,-18.6075,-23.5075,-27.6325,-30.8125,-32.9025,-33.7775,-33.3525,-31.5775,-28.4475,-24.0175,-18.3725,-11.6325
313,2025-10-30 12:08:57,proposed,10.0,30.8409,50.4578,68.0494,82.7845,93.9458,101.0772,103.9507,102.5936,97.2798,88.5201,77.0272,63.5001,48.6366,33.1594,17.7791,3.129,-9.9999,-21.6051,-31.5102,-39.5165,-45.474,-49.2999,-50.9799,-50.5999,-48.3585,-44.4302,-39.079,-32.5075,-25.0,-16.8402,-8.2907,0.0,8.2907,16.8402,25.0,32.5075,39.079,44.4302,48.3585,50.5999,50.9799,49.2999,45.474,39.5165,31.5102,21.6051,9.9999,-3.129,-17.7791
314,2025-10-30 12:09:37,executed,10.0,30.8409,50.4578,68.0494,82.7845,93.9458,101.0772,103.9507,102.5936,97.2798,88.5201,77.0272,63.5001,48.6366,33.1594,17.7791,3.129,-9.9999,-21.6051,-31.5102,-39.5165,-45.474,-49.2999,-50.9799,-50.5999,-48.3585,-44.4302,-39.079,-32.5075,-25.0,-16.8402,-8.2907,0.0,8.2907,16.8402,25.0,32.5075,39.079,44.4302,48.3585,50.5999,50.9799,49.2999,45.474,39.5165,31.5102,21.6051,9.9999,-3.129,-17.7791
314,2025-10-30 12:10:26,proposed,0.0,12.5333,24.869,36.8125,48.1754,58.7785,68.4547,77.0403,84.3854,90.354,94.825,97.7,98.9,98.354,96.0,91.8,85.8,78.0,68.5,57.4,44.8,30.9,15.9,0.0,-15.9,-30.9,-44.8,-57.4,-68.5,-78.0,-85.8,-91.8,-96.0,-98.354,-98.9,-97.7,-94.825,-90.354,-84.3854,-77.0403,-68.4547,-58.7785,-48.1754,-36.8125,-24.869,-12.5333,-0.0,12.5333,24.869,36.8125
315,2025-10-30 12:11:06,executed,0.0,12.5333,24.869,36.8125,48.1754,58.7785,68.4547,77.0403,84.3854,90.354,94.825,97.7,98.9,98.354,96.0,91.8,85.8,78.0,68.5,57.4,44.8,30.9,15.9,0.0,-15.9,-30.9,-44.8,-57.4,-68.5,-78.0,-85.8,-91.8,-96.0,-98.354,-98.9,-97.7,-94.825,-90.354,-84.3854,-77.0403,-68.4547,-58.7785,-48.1754,-36.8125,-24.869,-12.5333,-0.0,12.5333,24.869,36.8125
315,2025-10-30 12:12:02,proposed,1.4883,10.3707,19.1673,27.2348,34.6186,41.0776,46.515,50.8402,53.9799,55.8706,56.4792,55.7785,53.7656,50.4504,45.8605,40.0305,33.0205,24.9001,15.7744,5.8001,-4.7077,-15.7001,-26.4018,-36.631,-46.219,-55.0039,-62.8398,-69.6008,-69.9999,-69.9999,-69.9999,-69.9999,-69.9999,-69.9999,-69.9999,-69.9999,-69.9999,-69.9999,-69.9999,-69.9999,-69.9999,-69.9999,-69.9999,-69.9999,-69.9999,-69.9999,-69.9999,-69.9999,-69.9999,-69.9999
316,2025-10-30 12:12:42,executed,1.4883,10.3707,19.1673,27.2348,34.6186,41.0776,46.515,50.8402,53.9799,55.8706,56.4792,55.7785,53.7656,50.4504,45.8605,40.0305,33.0205,24.9001,15.7744,5.8001,-4.7077,-15.7001,-26.4018,-36.631,-46.219,-55.0039,-62.8398,-69.6008,-69.9999,-69.9999,-69.9999,-69.9999,-69.9999,-69.9999,-69.9999,-69.9999,-69.9999,-69.9999,-69.9999,-69.9999,-69.9999,-69.9999,-69.9999,-69.9999,-69.9999,-69.9999,-69.9999,-69.9999,-69.9999,-69.9999
316,2025-10-30 12:13:28,proposed,0.0,5.05096,9.98034,14.7062,19.1492,23.232,26.8804,30.024,32.6063,34.575,35.884,36.5097,36.4357,35.6669,34.2198,32.1134,29.3798,26.0538,22.1718,17.772,12.9934,7.8762,2.4606,-3.109,-8.8078,-14.5066,-20.0938,-25.4608,-30.501,-35.109,-39.182,-42.624,-45.349,-47.282,-48.369,-48.575,-47.884,-46.3063,-43.869,-40.6063,-36.5669,-31.8134,-26.4198,-20.4608,-14.0192,-7.182,-0.0,7.182,14.0192,20.4608
317,2025-10-30 12:14:08,executed,0.0,5.05096,9.98034,14.7062,19.1492,23.232,26.8804,30.024,32.6063,34.575,35.884,36.5097,36.4357,35.6669,34.2198,32.1134,29.3798,26.0538,22.1718,17.772,12.9934,7.8762,2.4606,-3.109,-8.8078,-14.5066,-20.0938,-25.4608,-30.501,-35.109,-39.182,-42.624,-45.349,-47.282,-48.369,-48.575,-47.884,-46.3063,-43.869,-40.6063,-36.5669,-31.8134,-26.4198,-20.4608,-14.0192,-7.182,-0.0,7.182,14.0192,20.4608
318,2025-10-30 12:17:50,executed,0.0,5.05096,9.98034,14.7062,19.1492,23.232,26.8804,30.024,32.6063,34.575,35.884,36.5097,36.4357,35.6669,34.2198,32.1134,29.3798,26.0538,22.1718,17.772,12.9934,7.8762,2.4606,-3.109,-8.8078,-14.5066,-20.0938,-25.4608,-30.501,-35.109,-39.182,-42.624,-45.349,-47.282,-48.369,-48.575,-47.884,-46.3063,-43.869,-40.6063,-36.5669,-31.8134,-26.4198,-20.4608,-14.0192,-7.182,-0.0,7.182,14.0192,20.4608
318,2025-10-30 12:18:52,proposed,0.0,8.89814408119003,17.40050893049105,25.39083333333333,32.78757008103333,39.5165045045045,45.50990893049105,50.69970893049105,55.02983333333333,58.45264408119003,60.92983333333333,62.43383333333333,62.94724408119003,62.4630045045045,61.00390893049105,58.59970893049105,55.28993333333333,51.12304408119003,46.1550045045045,40.45030893049105,34.08053333333333,27.12304408119003,19.65933333333333,11.77444408119003,3.56050893049105,-4.24044408119003,-12.3170045045045,-20.55800893049105,-28.82213333333333,-36.97004408119003,-44.8605045045045,-52.35040893049105,-59.30020893049105,-65.57013333333333,-70.99014408119002,-75.4002045045045,-78.64010893049105,-80.56010893049105,-81.02013333333333,-79.90014408119004,-77.1001045045045,-72.54010893049104,-66.14013333333332,-57.84014408119003,-47.6001045045045,-35.40010893049105,-21.20013333333333,-5.00014408119003,13.2001045045045,33.40010893049105
319,2025-10-30 12:19:32,executed,0.0,8.89814408119003,17.40050893049105,25.39083333333333,32.78757008103333,39.5165045045045,45.50990893049105,50.69970893049105,55.02983333333333,58.45264408119003,60.92983333333333,62.43383333333333,62.94724408119003,62.4630045045045,61.00390893049105,58.59970893049105,55.28993333333333,51.12304408119003,46.1550045045045,40.45030893049105,34.08053333333333,27.12304408119003,19.65933333333333,11.77444408119003,3.56050893049105,-4.24044408119003,-12.3170045045045,-20.55800893049105,-28.82213333333333,-36.97004408119003,-44.8605045045045,-52.35040893049105,-59.30020893049105,-65.57013333333333,-70.99014408119002,-75.4002045045045,-78.64010893049105,-80.56010893049105,-81.02013333333333,-79.90014408119004,-77.1001045045045,-72.54010893049104,-66.14013333333332,-57.84014408119003,-47.6001045045045,-35.40010893049105,-21.20013333333333,-5.00014408119003,13.2001045045045,33.40010893049105
319,2025-10-30 12:20:19,proposed,80.0,79.9348395383569,79.7397026938928,79.4158580209424,78.9640391696229,78.3847055722421,77.6791384025977,76.8483485012526,75.8937004652234,74.8169110290135,73.6198425269553,72.2999042079075,70.8601006509503,69.3005086884394,67.6224097486241,65.8270381665476,63.9157297072896,61.8899039600139,59.7513021873132,57.5018443906386,55.1434395383569,52.6781501021469,50.1083891696229,47.4362895383569,44.6643602079075,41.7953955722421,38.8320097486241,35.7770381665476,32.6334395383569,29.4042055722421,26.0924097486241,22.7009039600139,19.2327297072896,15.6908580209424,12.0783384025977,8.3983395383569,4.6539391696229,0.8483485012526,-3.0125004652234,-6.9189110290135,-10.8679042079075,-14.8565086884394,-18.8817297072896,-22.9396381665476,-27.0263395383569,-31.1378055722421,-35.2702395383569,-39.4196391696229,-43.5820004652234,-47.7535004652234
320,2025-10-30 12:20:59,executed,80.0,79.9348395383569,79.7397026938928,79.4158580209424,78.9640391696229,78.3847055722421,77.6791384025977,76.8483485012526,75.8937004652234,74.8169110290135,73.6198425269553,72.2999042079075,70.8601006509503,69.3005086884394,67.6224097486241,65.8270381665476,63.9157297072896,61.8899039600139,59.7513021873132,57.5018443906386,55.1434395383569,52.6781501021469,50.1083891696229,47.4362895383569,44.6643602079075,41.7953955722421,38.8320097486241,35.7770381665476,32.6334395383569,29.4042055722421,26.0924097486241,22.7009039600139,19.2327297072896,15.6908580209424,12.0783384025977,8.3983395383569,4.6539391696229,0.8483485012526,-3.0125004652234,-6.9189110290135,-10.8679042079075,-14.8565086884394,-18.8817297072896,-22.9396381665476,-27.0263395383569,-31.1378055722421,-35.2702395383569,-39.4196391696229,-43.5820004652234,-47.7535004652234
320,2025-10-30 12:21:54,proposed,0.0,7.645,15.13,22.37,29.27,35.74,41.7,47.07,51.78,55.77,59.0,61.4,62.9,63.5,63.2,61.9,59.7,56.6,52.6,47.8,42.2,35.9,28.9,21.4,13.4,5.0,-3.4,-11.8,-20.0,-27.7,-34.9,-41.4,-47.2,-52.2,-56.3,-59.5,-61.6,-62.8,-62.9,-62.0,-59.9,-56.8,-52.6,-47.4,-41.2,-34.1,-26.2,-17.6,-8.5,0.0
321,2025-10-30 12:22:34,executed,0.0,7.645,15.13,22.37,29.27,35.74,41.7,47.07,51.78,55.77,59.0,61.4,62.9,63.5,63.2,61.9,59.7,56.6,52.6,47.8,42.2,35.9,28.9,21.4,13.4,5.0,-3.4,-11.8,-20.0,-27.7,-34.9,-41.4,-47.2,-52.2,-56.3,-59.5,-61.6,-62.8,-62.9,-62.0,-59.9,-56.8,-52.6,-47.4,-41.2,-34.1,-26.2,-17.6,-8.5,0.0
321,2025-10-30 12:23:29,proposed,90.0,89.2644078839849,87.0673059885913,83.4754060875968,78.5701049386766,72.4578050064566,65.2599050064566,57.0984060875968,48.0990059885913,38.3899078839849,28.1064078839849,17.3898059885913,6.3846060875968,-4.7077049386766,-15.7001050064566,-26.4018050064566,-36.6310060875968,-46.2190059885913,-55.0039078839849,-62.8398078839849,-69.6008059885913,-75.1788060875968,-79.4777049386766,-82.4137050064566,-83.9149050064566,-83.9149050064566,-82.4137050064566,-79.4777049386766,-75.1788060875968,-69.6008059885913,-62.8398078839849,-55.0039078839849,-46.2190059885913,-36.6310060875968,-26.4018050064566,-15.7001050064566,-4.7077049386766,6.3846060875968,17.3898059885913,28.1064078839849,38.3899078839849,48.0990059885913,57.0984060875968,65.2599050064566,72.4578050064566,78.5701049386766,83.4754060875968,87.0673059885913,89.2644078839849,90.0
322,2025-10-30 12:24:09,executed,90.0,89.2644078839849,87.0673059885913,83.4754060875968,78.5701049386766,72.4578050064566,65.2599050064566,57.0984060875968,48.0990059885913,38.3899078839849,28.1064078839849,17.3898059885913,6.3846060875968,-4.7077049386766,-15.7001050064566,-26.4018050064566,-36.6310060875968,-46.2190059885913,-55.0039078839849,-62.8398078839849,-69.6008059885913,-75.1788060875968,-79.4777049386766,-82.4137050064566,-83.9149050064566,-83.9149050064566,-82.4137050064566,-79.4777049386766,-75.1788060875968,-69.6008059885913,-62.8398078839849,-55.0039078839849,-46.2190059885913,-36.6310060875968,-26.4018050064566,-15.7001050064566,-4.7077049386766,6.3846060875968,17.3898059885913,28.1064078839849,38.3899078839849,48.0990059885913,57.0984060875968,65.2599050064566,72.4578050064566,78.5701049386766,83.4754060875968,87.0673059885913,89.2644078839849,90.0
322,2025-10-30 12:24:50,proposed,0.0,15.2289,29.6202,42.506,53.3333,61.6667,67.1909,69.7566,69.332,66.0827,60.2017,51.9602,41.6806,29.6992,16.3378,2.0408,-12.317,-26.347,-39.6703,-51.9602,-62.829,-71.916,-78.9546,-83.737,-86.1165,-86.1165,-83.737,-78.9546,-71.916,-62.829,-51.9602,-39.6703,-26.347,-12.317,2.0408,16.3378,29.6992,41.6806,51.9602,60.2017,66.0827,69.332,69.7566,67.1909,61.6667,53.3333,42.506,29.6202,15.2289,0.0
323,2025-10-30 12:25:30,executed,0.0,15.2289,29.6202,42.506,53.3333,61.6667,67.1909,69.7566,69.332,66.0827,60.2017,51.9602,41.6806,29.6992,16.3378,2.0408,-12.317,-26.347,-39.6703,-51.9602,-62.829,-71.916,-78.9546,-83.737,-86.1165,-86.1165,-83.737,-78.9546,-71.916,-62.829,-51.9602,-39.6703,-26.347,-12.317,2.0408,16.3378,29.6992,41.6806,51.9602,60.2017,66.0827,69.332,69.7566,67.1909,61.6667,53.3333,42.506,29.6202,15.2289,0.0
323,2025-10-30 12:26:18,proposed,6.969188285579296,23.36423455171738,38.65074291845892,51.98822080345034,62.7758774786444,70.52848962386997,74.8872082034873,75.6429219495477,72.7663366367373,66.5960098939414,57.4087132043644,45.6963405786199,32.0620865561008,17.1118182255767,1.48866504221706,-13.9315352617652,-28.3496350352721,-41.2291410141384,-52.0963388673898,-60.5286595568162,-66.1952329388371,-68.8687790518788,-68.5992984958102,-65.5900593455958,-60.1985390403362,-52.7936102604609,-43.7665486580544,-33.5114777978252,-22.4243685600373,-10.8997230491795,0.725902120002138,11.9682531649646,22.3995646046648,31.6962359409849,39.5583094892019,45.7208945903061,50.0526012759904,52.4646197992795,52.909949666993,51.407980203597,47.9547070381655,42.5994464501254,35.4379965004666,26.6133177708573,16.3262580436214,4.8398490693529,-6.9388151593026,-18.6659858607147,-29.9806499313264,-40.5286595568162
324,2025-10-30 12:26:58,executed,6.969188285579296,23.36423455171738,38.65074291845892,51.98822080345034,62.7758774786444,70.52848962386997,74.8872082034873,75.6429219495477,72.7663366367373,66.5960098939414,57.4087132043644,45.6963405786199,32.0620865561008,17.1118182255767,1.48866504221706,-13.9315352617652,-28.3496350352721,-41.2291410141384,-52.0963388673898,-60.5286595568162,-66.1952329388371,-68.8687790518788,-68.5992984958102,-65.5900593455958,-60.1985390403362,-52.7936102604609,-43.7665486580544,-33.5114777978252,-22.4243685600373,-10.8997230491795,0.725902120002138,11.9682531649646,22.3995646046648,31.6962359409849,39.5583094892019,45.7208945903061,50.0526012759904,52.4646197992795,52.909949666993,51.407980203597,47.9547070381655,42.5994464501254,35.4379965004666,26.6133177708573,16.3262580436214,4.8398490693529,-6.9388151593026,-18.6659858607147,-29.9806499313264,-40.5286595568162
324,2025-10-30 12:27:46,proposed,-10.0,-10.0,-9.999999,-9.999999,-9.999999,-9.999999,-9.999999,-9.999999,-9.999999,-9.999999,-9.999999,-9.999999,-9.999999,-9.999999,-9.999999,-9.999999,-9.999999,-9.999999,-9.999999,-9.999999,-9.999999,-9.999999,-9.999999,-9.999999,-9.999999,-9.999999,-9.999999,-9.999999,-9.999999,-9.999999,-9.999999,-9.999999,-9.999999,-9.999999,-9.999999,-9.999999,-9.999999,-9.999999,-9.999999,-9.999999,-9.999999,-9.999999,-9.999999,-9.999999,-9.999999,-9.999999,-9.999999,-9.999999,-9.999999,-10.0
325,2025-10-30 12:28:26,executed,-10.0,-10.0,-9.999999,-9.999999,-9.999999,-9.999999,-9.999999,-9.999999,-9.999999,-9.999999,-9.999999,-9.999999,-9.999999,-9.999999,-9.999999,-9.999999,-9.999999,-9.999999,-9.999999,-9.999999,-9.999999,-9.999999,-9.999999,-9.999999,-9.999999,-9.999999,-9.999999,-9.999999,-9.999999,-9.999999,-9.999999,-9.999999,-9.999999,-9.999999,-9.999999,-9.999999,-9.999999,-9.999999,-9.999999,-9.999999,-9.999999,-9.999999,-9.999999,-9.999999,-9.999999,-9.999999,-9.999999,-9.999999,-9.999999,-10.0
325,2025-10-30 12:29:08,proposed,0.0,10.16010515159188,20.10193091717215,29.69920199589837,38.85040333256193,47.50090333256193,55.50360333256193,62.79980333256193,69.34970333256193,75.11890333256193,80.0,79.66310333256193,77.90010333256193,74.79600333256192,70.45040333256193,64.97500333256193,58.49990333256193,51.16110333256193,43.09990333256193,34.45040333256193,25.35040333256193,15.95040333256193,6.39990333256193,-3.20010333256193,-12.60010333256193,-21.69990333256193,-30.35040333256193,-38.45040333256193,-45.89990333256193,-52.59990333256193,-58.49990333256193,-63.55040333256193,-67.69990333256193,-70.90010333256193,-73.10010333256193,-74.25040333256193,-74.30010333256193,-73.20010333256192,-70.95040333256193,-67.55040333256193,-63.00010333256193,-57.30010333256193,-50.50010333256193,-42.70010333256193,-33.95040333256193,-24.40010333256193,-14.15040333256193,-3.30010333256193,7.80010333256193,0.0
326,2025-10-30 12:29:48,executed,0.0,10.16010515159188,20.10193091717215,29.69920199589837,38.85040333256193,47.50090333256193,55.50360333256193,62.79980333256193,69.34970333256193,75.11890333256193,80.0,79.66310333256193,77.90010333256193,74.79600333256192,70.45040333256193,64.97500333256193,58.49990333256193,51.16110333256193,43.09990333256193,34.45040333256193,25.35040333256193,15.95040333256193,6.39990333256193,-3.20010333256193,-12.60010333256193,-21.69990333256193,-30.35040333256193,-38.45040333256193,-45.89990333256193,-52.59990333256193,-58.49990333256193,-63.55040333256193,-67.69990333256193,-70.90010333256193,-73.10010333256193,-74.25040333256193,-74.30010333256193,-73.20010333256192,-70.95040333256193,-67.55040333256193,-63.00010333256193,-57.30010333256193,-50.50010333256193,-42.70010333256193,-33.95040333256193,-24.40010333256193,-14.15040333256193,-3.30010333256193,7.80010333256193,0.0
326,2025-10-30 12:30:58,proposed,73.5752395637257,76.54148408034507,78.43588998810793,79.7720272094364,80.5694272094364,80.8526480188728,80.6472480188728,79.9819272094364,78.8880272094364,77.3995272094364,75.5516272094364,73.3809272094364,70.9254272094364,68.2238272094364,65.3155272094364,62.2399272094364,59.0329272094364,55.7303272094364,52.3602272094364,48.9600272094364,45.5664272094364,42.2156272094364,38.9432272094364,35.7843272094364,32.7726272094364,29.9413272094364,27.3230272094364,24.9486272094364,22.8480272094364,21.0494272094364,19.5800272094364,18.4652272094364,17.7300272094364,17.3976272094364,17.4909272094364,18.0310272094364,19.0370272094364,20.5263272094364,22.5159272094364,25.0208272094364,28.0538272094364,31.6258272094364,35.7458272094364,40.4258272094364,45.6758272094364,51.5058272094364,57.9258272094364,64.9458272094364,72.5758272094364,80.8258272094364
327,2025-10-30 12:31:38,executed,73.5752395637257,76.54148408034507,78.43588998810793,79.7720272094364,80.5694272094364,80.8526480188728,80.6472480188728,79.9819272094364,78.8880272094364,77.3995272094364,75.5516272094364,73.3809272094364,70.9254272094364,68.2238272094364,65.3155272094364,62.2399272094364,59.0329272094364,55.7303272094364,52.3602272094364,48.9600272094364,45.5664272094364,42.2156272094364,38.9432272094364,35.7843272094364,32.7726272094364,29.9413272094364,27.3230272094364,24.9486272094364,22.8480272094364,21.0494272094364,19.5800272094364,18.4652272094364,17.7300272094364,17.3976272094364,17.4909272094364,18.0310272094364,19.0370272094364,20.5263272094364,22.5159272094364,25.0208272094364,28.0538272094364,31.6258272094364,35.7458272094364,40.4258272094364,45.6758272094364,51.5058272094364,57.9258272094364,64.9458272094364,72.5758272094364,80.8258272094364
327,2025-10-30 12:32:26,proposed,10.0,20.0001,29.8884,39.4975,48.6502,57.179,64.9254,71.7483,77.5259,82.1583,85.5606,87.6687,88.4357,87.8288,85.8361,82.5001,77.915,72.2133,65.5501,58.0805,49.9617,41.3594,32.4497,23.3908,14.3487,5.4936,-3.0001,-11.0001,-18.3501,-24.9501,-30.7501,-35.7001,-39.7501,-42.8501,-44.9501,-46.0001,-45.9501,-44.7501,-42.4501,-39.1001,-34.7501,-29.4501,-23.2501,-16.2501,-8.5501,-0.2501,8.5501,17.5501,26.5501,35.4501
328,2025-10-30 12:33:06,executed,10.0,20.0001,29.8884,39.4975,48.6502,57.179,64.9254,71.7483,77.5259,82.1583,85.5606,87.6687,88.4357,87.8288,85.8361,82.5001,77.915,72.2133,65.5501,58.0805,49.9617,41.3594,32.4497,23.3908,14.3487,5.4936,-3.0001,-11.0001,-18.3501,-24.9501,-30.7501,-35.7001,-39.7501,-42.8501,-44.9501,-46.0001,-45.9501,-44.7501,-42.4501,-39.1001,-34.7501,-29.4501,-23.2501,-16.2501,-8.5501,-0.2501,8.5501,17.5501,26.5501,35.4501
328,2025-10-30 12:33:59,proposed,0.38000557,12.16432422,23.36427387,34.19532822,44.0792167,53.05703998,60.8756002,67.81881518,73.28421376,77.4087402,79.99852858,81.25091518,81.0805002,79.52452858,76.64291518,72.50732858,67.21071376,60.8756002,53.64291518,45.69632858,37.11651518,28.06211376,18.65172858,9.00991518,-1e-08,-9.00991518,-18.65172858,-28.06211376,-37.11651518,-45.69632858,-53.64291518,-60.8756002,-67.21071376,-72.50732858,-76.64291518,-79.52452858,-81.0805002,-81.25091518,-79.99852858,-77.4087402,-73.28421376,-67.81881518,-60.8756002,-53.05703998,-44.0792167,-34.19532822,-23.36427387,-12.16432422,-0.38000557,0.38000557
329,2025-10-30 12:34:39,executed,0.38000557,12.16432422,23.36427387,34.19532822,44.0792167,53.05703998,60.8756002,67.81881518,73.28421376,77.4087402,79.99852858,81.25091518,81.0805002,79.52452858,76.64291518,72.50732858,67.21071376,60.8756002,53.64291518,45.69632858,37.11651518,28.06211376,18.65172858,9.00991518,-1.0,-8.0,-9.00991518,-18.65172858,-28.06211376,-37.11651518,-45.69632858,-53.64291518,-60.8756002,-67.21071376,-72.50732858,-76.64291518,-79.52452858,-81.0805002,-81.25091518,-79.99852858,-77.4087402,-73.28421376,-67.81881518,-60.8756002,-53.05703998,-44.0792167,-34.19532822,-23.36427387,-12.16432422,-0.38000557
329,2025-10-30 12:35:26,proposed,1.4429999999999998,1.9566000000000001,1.8597,2.72415,3.88953,4.97397,5.96782,6.86256,7.65057,8.32536,8.88078,9.31118,9.61146,9.77738,9.90354,9.87562,9.70016,9.38408,8.93584,8.36499,7.68483,6.90963,6.05541,5.13805,4.17738,3.19118,2.19738,1.20963,0.4118,-0.9001,-2.1602,-3.2397,-4.0397,-4.4385,-4.3385,-3.6602,-2.3803,-0.5901,1.7099,4.4099,7.4999,10.9099,14.5999,18.5099,22.5099,26.5099,30.3999,34.0099,37.2099,39.8099
330,2025-10-30 12:36:06,executed,1.4429999999999998,1.9566000000000001,1.8597,2.72415,3.88953,4.97397,5.96782,6.86256,7.65057,8.32536,8.88078,9.31118,9.61146,9.77738,9.90354,9.87562,9.70016,9.38408,8.93584,8.36499,7.68483,6.90963,6.05541,5.13805,4.17738,3.19118,2.19738,1.20963,0.4118,-0.9001,-2.1602,-3.2397,-4.0397,-4.4385,-4.3385,-3.6602,-2.3803,-0.5901,1.7099,4.4099,7.4999,10.9099,14.5999,18.5099,22.5099,26.5099,30.3999,34.0099,37.2099,39.8099
330,2025-10-30 12:37:28,proposed,-30.0,-17.5099,-5.123,7.086,18.386,28.914,38.5205,47.1001,54.5205,60.6905,65.5205,68.9305,70.8001,71.0905,69.7601,66.8801,62.5305,56.8105,49.8205,41.6801,32.5205,22.4801,11.7001,0.3001,-11.2001,-22.4801,-33.2001,-43.2001,-52.3001,-60.3001,-67.0001,-72.2001,-75.7001,-77.3001,-76.8001,-74.2001,-69.5001,-62.8001,-54.2001,-43.9001,-32.1001,-19.0001,-4.8001,10.2001,25.0001,39.3001,52.9001,65.6001,70.0,70.0
331,2025-10-30 12:38:08,executed,-30.0,-17.5099,-5.123,7.086,18.386,28.914,38.5205,47.1001,54.5205,60.6905,65.5205,68.9305,70.8001,71.0905,69.7601,66.8801,62.5305,56.8105,49.8205,41.6801,32.5205,22.4801,11.7001,0.3001,-11.2001,-22.4801,-33.2001,-43.2001,-52.3001,-60.3001,-67.0001,-72.2001,-75.7001,-77.3001,-76.8001,-74.2001,-69.5001,-62.8001,-54.2001,-43.9001,-32.1001,-19.0001,-4.8001,10.2001,25.0001,39.3001,52.9001,65.6001,70.0,70.0
331,2025-10-30 12:38:50,proposed,0.0,15.0119,29.0736,41.0964,50.2974,56.0899,58.1505,56.4077,51.0471,42.4967,31.3,18.0673,3.4607,-11.9005,-27.7318,-43.0964,-56.0899,-60.0,-56.0899,-43.0964,-27.7318,-11.9005,3.4607,18.0673,31.3,42.4967,51.0471,56.4077,58.1505,56.0899,50.2974,41.0964,29.0736,15.0119,0.0,-15.0119,-29.0736,-41.0964,-50.2974,-56.0899,-58.1505,-56.4077,-51.0471,-42.4967,-31.3,-18.0673,-3.4607,11.9005,27.7318,43.0964
332,2025-10-30 12:39:30,executed,0.0,15.0119,29.0736,41.0964,50.2974,56.0899,58.1505,56.4077,51.0471,42.4967,31.3,18.0673,3.4607,-11.9005,-27.7318,-43.0964,-56.0899,-60.0,-56.0899,-43.0964,-27.7318,-11.9005,3.4607,18.0673,31.3,42.4967,51.0471,56.4077,58.1505,56.0899,50.2974,41.0964,29.0736,15.0119,0.0,-15.0119,-29.0736,-41.0964,-50.2974,-56.0899,-58.1505,-56.4077,-51.0471,-42.4967,-31.3,-18.0673,-3.4607,11.9005,27.7318,43.0964
332,2025-10-30 12:40:14,proposed,0.0,8.89009008272905,17.40053912627917,25.39082390020188,32.78762707255107,39.5165045097405,45.50993855018698,50.69973004068305,55.02982390020188,58.4526087372082,60.92982390020188,62.4338045097405,62.94720000000001,62.46300000000001,61.00390000000001,58.59970000000001,55.28990000000001,51.12300000000001,46.15500000000001,40.45030000000001,34.08050000000001,27.12300000000001,19.65930000000001,11.77440000000001,3.56050000000001,-4.24040000000001,-12.31700000000001,-20.55800000000001,-28.82210000000001,-36.97000000000001,-44.86050000000001,-52.35040000000001,-59.30020000000001,-65.57010000000001,-70.99010000000001,-75.40020000000001,-78.6401,-80.5601,-81.02010000000001,-79.90010000000001,-77.10010000000001,-72.54010000000001,-66.1401,-57.84010000000001,-47.60010000000001,-35.40010000000001,-21.20010000000001,-5.00010000000001,13.20010000000001,33.40010000000001
333,2025-10-30 12:40:54,executed,0.0,8.89009008272905,17.40053912627917,25.39082390020188,32.78762707255107,39.5165045097405,45.50993855018698,50.69973004068305,55.02982390020188,58.4526087372082,60.92982390020188,62.4338045097405,62.94720000000001,62.46300000000001,61.00390000000001,58.59970000000001,55.28990000000001,51.12300000000001,46.15500000000001,40.45030000000001,34.08050000000001,27.12300000000001,19.65930000000001,11.77440000000001,3.56050000000001,-4.24040000000001,-12.31700000000001,-20.55800000000001,-28.82210000000001,-36.97000000000001,-44.86050000000001,-52.35040000000001,-59.30020000000001,-65.57010000000001,-70.99010000000001,-75.40020000000001,-78.6401,-80.5601,-81.02010000000001,-79.90010000000001,-77.10010000000001,-72.54010000000001,-66.1401,-57.84010000000001,-47.60010000000001,-35.40010000000001,-21.20010000000001,-5.00010000000001,13.20010000000001,33.40010000000001
333,2025-10-30 12:41:44,proposed,0.0,8.1633,16.1538,23.8373,31.1208,37.915,44.1394,49.7107,54.5649,58.6385,61.8709,64.2041,65.5805,65.9592,65.3061,63.6082,60.8756,57.137,52.4306,46.8038,40.3151,33.0333,25.0333,16.3947,7.2041,-1.904,-11.0204,-19.9592,-28.544,-36.675,-44.2783,-51.2805,-57.6082,-63.1873,-67.945,-71.8205,-74.7566,-76.7041,-77.6163,-77.4586,-76.1905,-73.7848,-70.2231,-65.5205,-59.7001,-52.8092,-44.898,-36.0462,-26.347,-15.9184
334,2025-10-30 12:42:24,executed,0.0,8.1633,16.1538,23.8373,31.1208,37.915,44.1394,49.7107,54.5649,58.6385,61.8709,64.2041,65.5805,65.9592,65.3061,63.6082,60.8756,57.137,52.4306,46.8038,40.3151,33.0333,25.0333,16.3947,7.2041,-1.904,-11.0204,-19.9592,-28.544,-36.675,-44.2783,-51.2805,-57.6082,-63.1873,-67.945,-71.8205,-74.7566,-76.7041,-77.6163,-77.4586,-76.1905,-73.7848,-70.2231,-65.5205,-59.7001,-52.8092,-44.898,-36.0462,-26.347,-15.9184
334,2025-10-30 12:43:49,proposed,130.0,128.9245,125.7247,120.487,113.3101,104.3986,93.9665,82.2201,69.3901,55.7001,41.3792,26.6501,11.7327,-3.0001,-17.506,-31.5908,-45.1445,-58.0671,-70.2707,-81.6791,-92.2116,-101.7945,-110.3601,-117.8438,-124.186,-129.3345,-130.0,-129.3345,-124.186,-117.8438,-110.3601,-101.7945,-92.2116,-81.6791,-70.2707,-58.0671,-45.1445,-31.5908,-17.506,-3.0001,11.7327,26.6501,41.3792,55.7001,69.3901,82.2201,93.9665,104.3986,113.3101,120.487
335,2025-10-30 12:44:29,executed,130.0,128.9245,125.7247,120.487,113.3101,104.3986,93.9665,82.2201,69.3901,55.7001,41.3792,26.6501,11.7327,-3.0001,-17.506,-31.5908,-45.1445,-58.0671,-70.2707,-81.6791,-92.2116,-101.7945,-110.3601,-117.8438,-124.186,-129.3345,-130.0,-129.3345,-124.186,-117.8438,-110.3601,-101.7945,-92.2116,-81.6791,-70.2707,-58.0671,-45.1445,-31.5908,-17.506,-3.0001,11.7327,26.6501,41.3792,55.7001,69.3901,82.2201,93.9665,104.3986,113.3101,120.487
335,2025-10-30 12:45:26,proposed,-80.0,80.0,0.0,31.78539255768853,56.60254037844386,68.2019808383321,62.90987595350727,41.22360435679526,7.346101968593457,-29.099189918991897,-63.7439389383321,-80.0,-74.57080500000001,-49.0991899189919,-10.0,31.78539255768853,62.90987595350727,80.0,74.57080500000001,49.0991899189919,10.0,-31.78539255768853,-62.90987595350727,-80.0,-74.57080500000001,-49.0991899189919,-10.0,31.78539255768853,62.90987595350727,80.0,74.57080500000001,49.0991899189919,10.0,-31.78539255768853,-62.90987595350727,-80.0,-74.57080500000001,-49.0991899189919,-10.0,31.78539255768853,62.90987595350727,80.0,74.57080500000001,49.0991899189919,10.0,-31.78539255768853,-62.90987595350727,-80.0,-74.57080500000001,-49.0991899189919
336,2025-10-30 12:46:06,executed,-80.0,80.0,0.0,31.78539255768853,56.60254037844386,68.2019808383321,62.90987595350727,41.22360435679526,7.346101968593457,-29.099189918991897,-63.7439389383321,-80.0,-74.57080500000001,-49.0991899189919,-10.0,31.78539255768853,62.90987595350727,80.0,74.57080500000001,49.0991899189919,10.0,-31.78539255768853,-62.90987595350727,-80.0,-74.57080500000001,-49.0991899189919,-10.0,31.78539255768853,62.90987595350727,80.0,74.57080500000001,49.0991899189919,10.0,-31.78539255768853,-62.90987595350727,-80.0,-74.57080500000001,-49.0991899189919,-10.0,31.78539255768853,62.90987595350727,80.0,74.57080500000001,49.0991899189919,10.0,-31.78539255768853,-62.90987595350727,-80.0,-74.57080500000001,-49.0991899189919
336,2025-10-30 12:46:58,proposed,56.5685,69.0436,77.3307,80.9692,79.7502,73.7336,63.2393,49.1904,32.4049,13.4547,-6.8053,-27.0053,-45.6053,-61.2053,-72.9053,-79.9053,-81.8053,-78.5053,-70.0053,-56.6053,-38.8053,-17.4053,6.7947,32.0947,55.0947,73.7336,80.9692,77.3307,69.0436,56.5685,40.0,20.0,-0.0,-20.0,-40.0,-56.5685,-69.0436,-77.3307,-80.9692,-79.7502,-73.7336,-63.2393,-49.1904,-32.4049,-13.4547,6.8053,27.0053,45.6053,61.2053,72.9053
337,2025-10-30 12:47:38,executed,56.5685,69.0436,77.3307,80.9692,79.7502,73.7336,63.2393,49.1904,32.4049,13.4547,-6.8053,-27.0053,-45.6053,-61.2053,-72.9053,-79.9053,-81.8053,-78.5053,-70.0053,-56.6053,-38.8053,-17.4053,6.7947,32.0947,55.0947,73.7336,80.9692,77.3307,69.0436,56.5685,40.0,20.0,-0.0,-20.0,-40.0,-56.5685,-69.0436,-77.3307,-80.9692,-79.7502,-73.7336,-63.2393,-49.1904,-32.4049,-13.4547,6.8053,27.0053,45.6053,61.2053,72.9053
337,2025-10-30 12:48:25,proposed,0.0,14.312942,27.873231,40.098805,50.623719,59.102604,65.239803,68.784504,69.64562,67.800001,63.303901,56.297401,47.098501,36.002001,23.390001,9.638501,-4.5103,-18.995,-33.1118,-46.3686,-58.289,-68.4239,-76.3575,-81.7107,-84.1508,-83.4208,-79.3563,-71.916,-61.198,-47.4,-30.824,-11.879,8.448,29.8,51.1,71.2,89.0,103.4,113.4,118.0,116.2,107.0,90.4,65.4,31.0,-12.0,-65.0,-127.0,-197.0,-274.0
338,2025-10-30 12:49:05,executed,0.0,14.312942,27.873231,40.098805,50.623719,59.102604,65.239803,68.784504,69.64562,67.800001,63.303901,56.297401,47.098501,36.002001,23.390001,9.638501,-4.5103,-18.995,-33.1118,-46.3686,-58.289,-68.4239,-76.3575,-81.7107,-84.1508,-83.4208,-79.3563,-71.916,-61.198,-47.4,-30.824,-11.879,8.448,29.8,51.1,71.2,89.0,103.4,113.4,118.0,116.2,107.0,90.4,65.4,31.0,-12.0,-65.0,-127.0,-197.0,-274.0
338,2025-10-30 12:50:08,proposed,15.0,24.31686656758414,32.84656641882424,40.40428886369062,46.81177651817757,51.90564610996841,55.54015694205565,57.60888981665427,58.0287514800216,56.75888981665427,53.79203613008034,49.15564610996841,42.90428886369062,35.11686656758414,25.8887514800216,15.30564610996841,3.480021600000001,-9.0287514800216,-22.09435389003159,-35.54015694205565,-49.18822348182243,-62.84656641882424,-70.0,-70.0,-69.31686656758414,-66.90564610996842,-62.84656641882424,-57.20564610996841,-50.0,-41.31686656758414,-31.20564610996841,-19.70564610996841,-6.90564610996841,7.20564610996841,22.50564610996841,38.81686656758414,55.90564610996841,70.0,70.0,69.31686656758414,66.90564610996842,62.84656641882424,57.20564610996841,50.0,41.31686656758414,31.20564610996841,19.70564610996841,6.90564610996841,-7.20564610996841,-22.50564610996841
339,2025-10-30 12:50:48,executed,15.0,24.31686656758414,32.84656641882424,40.40428886369062,46.81177651817757,51.90564610996841,55.54015694205565,57.60888981665427,58.0287514800216,56.75888981665427,53.79203613008034,49.15564610996841,42.90428886369062,35.11686656758414,25.8887514800216,15.30564610996841,3.480021600000001,-9.0287514800216,-22.09435389003159,-35.54015694205565,-49.18822348182243,-62.84656641882424,-70.0,-70.0,-69.31686656758414,-66.90564610996842,-62.84656641882424,-57.20564610996841,-50.0,-41.31686656758414,-31.20564610996841,-19.70564610996841,-6.90564610996841,7.20564610996841,22.50564610996841,38.81686656758414,55.90564610996841,70.0,70.0,69.31686656758414,66.90564610996842,62.84656641882424,57.20564610996841,50.0,41.31686656758414,31.20564610996841,19.70564610996841,6.90564610996841,-7.20564610996841,-22.50564610996841
339,2025-10-30 12:52:10,proposed,1.956608920199741,14.88724734893701,27.24151740925562,38.89530466488344,49.7397127993086,59.67822989255011,68.62560892019974,76.50570466488344,83.25363102019973,88.80780011344135,93.11184000000002,96.11460892019974,97.77380011344135,98.03540892019974,97.77380011344135,96.11460892019974,93.11184000000002,88.80780011344135,83.25363102019973,76.50570466488344,68.62560892019974,59.67822989255011,49.7397127993086,38.89530466488344,27.24151740925562,14.88724734893701,1.956608920199741,-11.23840011344135,-24.36020892019974,-36.89530466488344,-48.7397127993086,-59.67822989255011,-69.62560892019974,-78.50570466488344,-86.25363102019973,-92.80780011344135,-98.11184000000002,-100.0,-100.0,-98.11184000000002,-92.80780011344135,-86.25363102019973,-78.50570466488344,-69.62560892019974,-59.67822989255011,-48.7397127993086,-36.89530466488344,-24.36020892019974,-11.23840011344135,1.956608920199741
340,2025-10-30 12:52:50,executed,1.956608920199741,14.88724734893701,27.24151740925562,38.89530466488344,49.7397127993086,59.67822989255011,68.62560892019974,76.50570466488344,83.25363102019973,88.80780011344135,93.11184000000002,96.11460892019974,97.77380011344135,98.03540892019974,97.77380011344135,96.11460892019974,93.11184000000002,88.80780011344135,83.25363102019973,76.50570466488344,68.62560892019974,59.67822989255011,49.7397127993086,38.89530466488344,27.24151740925562,14.88724734893701,1.956608920199741,-11.23840011344135,-24.36020892019974,-36.89530466488344,-48.7397127993086,-59.67822989255011,-69.62560892019974,-78.50570466488344,-86.25363102019973,-92.80780011344135,-98.11184000000002,-100.0,-100.0,-98.11184000000002,-92.80780011344135,-86.25363102019973,-78.50570466488344,-69.62560892019974,-59.67822989255011,-48.7397127993086,-36.89530466488344,-24.36020892019974,-11.23840011344135,1.956608920199741
340,2025-10-30 12:53:30,proposed,0.0,7.6841,15.2289,22.5759,29.6202,36.2699,42.4388,48.0403,53.0,57.245,60.0,57.245,53.0,48.0403,42.4388,36.2699,29.6202,22.5759,15.2289,7.6841,0.0,-7.6841,-15.2289,-22.5759,-29.6202,-36.2699,-42.4388,-48.0403,-53.0,-57.245,-60.0,-57.245,-53.0,-48.0403,-42.4388,-36.2699,-29.6202,-22.5759,-15.2289,-7.6841,0.0,7.6841,15.2289,22.5759,29.6202,36.2699,42.4388,48.0403,53.0,57.245
341,2025-10-30 12:54:10,executed,0.0,7.6841,15.2289,22.5759,29.6202,36.2699,42.4388,48.0403,53.0,57.245,60.0,57.245,53.0,48.0403,42.4388,36.2699,29.6202,22.5759,15.2289,7.6841,0.0,-7.6841,-15.2289,-22.5759,-29.6202,-36.2699,-42.4388,-48.0403,-53.0,-57.245,-60.0,-57.245,-53.0,-48.0403,-42.4388,-36.2699,-29.6202,-22.5759,-15.2289,-7.6841,0.0,7.6841,15.2289,22.5759,29.6202,36.2699,42.4388,48.0403,53.0,57.245
341,2025-10-30 12:55:43,proposed,53.63961030678928,60.9300062400925,66.8876061144673,71.4147672535099,74.4305886678536,76.07106781186548,76.4851214051052,75.8118881478586,74.19530064506502,71.7820790400844,68.6256005085449,64.7876005085449,60.33961030678928,55.3505886678536,49.9000062400925,44.07106781186548,37.94530064506502,31.6118881478586,25.16106781186548,18.6820790400844,12.2656005085449,6.000006240092502,0.0,-5.63961030678928,-10.9300062400925,-15.8876061144673,-20.4147672535099,-24.4305886678536,-27.60710678118655,-29.9851214051052,-31.5118881478586,-32.19530064506502,-32.0820790400844,-31.2656005085449,-29.8000062400925,-27.73106781186548,-25.1000062400925,-21.9656005085449,-18.3820790400844,-14.4147672535099,-10.107106781186548,-5.500006240092502,-0.6396103067892805,4.430588667853603,9.07106781186548,13.19530064506502,16.7820790400844,19.7656005085449,22.0820790400844,23.63961030678928
342,2025-10-30 12:56:23,executed,53.63961030678928,60.9300062400925,66.8876061144673,71.4147672535099,74.4305886678536,76.07106781186548,76.4851214051052,75.8118881478586,74.19530064506502,71.7820790400844,68.6256005085449,64.7876005085449,60.33961030678928,55.3505886678536,49.9000062400925,44.07106781186548,37.94530064506502,31.6118881478586,25.16106781186548,18.6820790400844,12.2656005085449,6.000006240092502,0.0,-5.63961030678928,-10.9300062400925,-15.8876061144673,-20.4147672535099,-24.4305886678536,-27.60710678118655,-29.9851214051052,-31.5118881478586,-32.19530064506502,-32.0820790400844,-31.2656005085449,-29.8000062400925,-27.73106781186548,-25.1000062400925,-21.9656005085449,-18.3820790400844,-14.4147672535099,-10.107106781186548,-5.500006240092502,-0.6396103067892805,4.430588667853603,9.07106781186548,13.19530064506502,16.7820790400844,19.7656005085449,22.0820790400844,23.63961030678928
342,2025-10-30 12:57:56,proposed,65.0,64.9348,64.7397,64.4159,63.964,63.3847,62.6791,61.8483,60.8937,59.8169,58.6198,57.2999,55.8601,54.3005,52.6224,50.827,48.9157,46.8899,44.7513,42.5018,40.1434,37.6782,35.1084,32.4363,29.6644,26.7954,23.832,20.777,17.6334,14.4042,11.0924,7.7009,4.2327,0.6908,-2.9125,-6.5811,-10.3061,-14.0792,-17.892,-21.7353,-25.6001,-29.4766,-33.3549,-37.2253,-41.078,-44.9035,-48.692,-52.4338,-56.1191,-59.7397
343,2025-10-30 12:58:36,executed,65.0,64.9348,64.7397,64.4159,63.964,63.3847,62.6791,61.8483,60.8937,59.8169,58.6198,57.2999,55.8601,54.3005,52.6224,50.827,48.9157,46.8899,44.7513,42.5018,40.1434,37.6782,35.1084,32.4363,29.6644,26.7954,23.832,20.777,17.6334,14.4042,11.0924,7.7009,4.2327,0.6908,-2.9125,-6.5811,-10.3061,-14.0792,-17.892,-21.7353,-25.6001,-29.4766,-33.3549,-37.2253,-41.078,-44.9035,-48.692,-52.4338,-56.1191,-59.7397
343,2025-10-30 12:59:23,proposed,100.0,99.2118,96.8583,93.0001,87.7208,81.1208,73.3151,64.4208,54.5649,43.8792,32.492,20.5342,8.1397,-4.4367,-17.0,-29.3893,-41.4608,-53.0805,-64.1208,-74.4661,-84.0192,-92.6975,-99.2116,-100.0,-99.2116,-92.6975,-84.0192,-74.4661,-64.1208,-53.0805,-41.4608,-29.3893,-17.0,-4.4367,8.1397,20.5342,32.492,43.8792,54.5649,64.4208,73.3151,81.1208,87.7208,93.0001,96.8583,99.2116,100.0,99.2116,96.8583,93.0001
344,2025-10-30 13:00:03,executed,100.0,99.2118,96.8583,93.0001,87.7208,81.1208,73.3151,64.4208,54.5649,43.8792,32.492,20.5342,8.1397,-4.4367,-17.0,-29.3893,-41.4608,-53.0805,-64.1208,-74.4661,-84.0192,-92.6975,-99.2116,-100.0,-99.2116,-92.6975,-84.0192,-74.4661,-64.1208,-53.0805,-41.4608,-29.3893,-17.0,-4.4367,8.1397,20.5342,32.492,43.8792,54.5649,64.4208,73.3151,81.1208,87.7208,93.0001,96.8583,99.2116,100.0,99.2116,96.8583,93.0001
344,2025-10-30 13:00:54,proposed,119.99999999999999,117.8407817454215,111.6441314352707,101.61205389146205,88.1165440621647,71.60205389146206,52.65860538914621,31.83730538914621,9.7425914352707,-13.61673594950661,-36.26993594950661,-56.5685440621647,-73.7336053891462,-87.0504789886367,-95.92893594950661,-100.0,-98.92893594950661,-92.92893594950661,-82.42893594950661,-67.92893594950661,-50.0,-29.28830538914621,-6.7865440621647,16.5740914352707,39.07904310431043,59.30020431043104,76.6041314352707,90.5606053891462,100.70260538914621,106.88010538914621,109.00010538914621,107.00010538914621,101.00010538914621,91.00010538914621,77.00010538914621,59.00010538914621,38.00010538914621,15.00010538914621,-9.00010538914621,-33.00010538914621,-55.00010538914621,-74.00010538914621,-89.00010538914621,-99.00010538914621,-104.00010538914621,-104.00010538914621,-99.00010538914621,-89.00010538914621,-74.00010538914621,-55.00010538914621
345,2025-10-30 13:01:34,executed,119.99999999999999,117.8407817454215,111.6441314352707,101.61205389146205,88.1165440621647,71.60205389146206,52.65860538914621,31.83730538914621,9.7425914352707,-13.61673594950661,-36.26993594950661,-56.5685440621647,-73.7336053891462,-87.0504789886367,-95.92893594950661,-100.0,-98.92893594950661,-92.92893594950661,-82.42893594950661,-67.92893594950661,-50.0,-29.28830538914621,-6.7865440621647,16.5740914352707,39.07904310431043,59.30020431043104,76.6041314352707,90.5606053891462,100.70260538914621,106.88010538914621,109.00010538914621,107.00010538914621,101.00010538914621,91.00010538914621,77.00010538914621,59.00010538914621,38.00010538914621,15.00010538914621,-9.00010538914621,-33.00010538914621,-55.00010538914621,-74.00010538914621,-89.00010538914621,-99.00010538914621,-104.00010538914621,-104.00010538914621,-99.00010538914621,-89.00010538914621,-74.00010538914621,-55.00010538914621
345,2025-10-30 13:03:07,proposed,105.8197,98.7909,94.6293,94.1481,86.8207,79.6468,74.3475,65.0441,55.4326,47.9624,39.8153,22.8687,10.9631,-1.8213,-16.4868,-27.8689,-41.3473,-53.4839,-63.7431,-74.0041,-82.6868,-91.5432,-99.9868,-99.6698,-96.3907,-91.6033,-83.6536,-75.3213,-65.4213,-53.5132,-41.8033,-29.8393,-17.8468,-4.7367,10.2707,20.9327,33.7841,45.4741,55.3326,64.9213,73.0893,81.2507,88.0893,93.9909,97.0583,99.7118,99.4909,99.2618,96.6783,93.3039
346,2025-10-30 13:03:47,executed,105.8197,98.7909,94.6293,94.1481,86.8207,79.6468,74.3475,65.0441,55.4326,47.9624,39.8153,22.8687,10.9631,-1.8213,-16.4868,-27.8689,-41.3473,-53.4839,-63.7431,-74.0041,-82.6868,-91.5432,-99.9868,-99.6698,-96.3907,-91.6033,-83.6536,-75.3213,-65.4213,-53.5132,-41.8033,-29.8393,-17.8468,-4.7367,10.2707,20.9327,33.7841,45.4741,55.3326,64.9213,73.0893,81.2507,88.0893,93.9909,97.0583,99.7118,99.4909,99.2618,96.6783,93.3039
346,2025-10-30 13:04:29,proposed,0.0,10.2163,20.2404,29.9824,39.3584,48.2872,56.6904,64.492,71.6192,78.008,83.5973,88.3039,92.0504,94.7749,96.429,96.988,96.429,94.7749,92.0504,88.3039,83.5973,78.008,71.6192,64.492,56.6904,48.2872,39.3584,29.9824,20.2404,10.2163,0.0,-10.2163,-20.2404,-29.9824,-39.3584,-48.2872,-56.6904,-64.492,-71.6192,-78.008,-83.5973,-88.3039,-92.0504,-94.7749,-96.429,-96.988,-96.429,-94.7749,-92.0504,-88.3039
347,2025-10-30 13:05:09,executed,0.0,10.2163,20.2404,29.9824,39.3584,48.2872,56.6904,64.492,71.6192,78.008,83.5973,88.3039,92.0504,94.7749,96.429,96.988,96.429,94.7749,92.0504,88.3039,83.5973,78.008,71.6192,64.492,56.6904,48.2872,39.3584,29.9824,20.2404,10.2163,0.0,-10.2163,-20.2404,-29.9824,-39.3584,-48.2872,-56.6904,-64.492,-71.6192,-78.008,-83.5973,-88.3039,-92.0504,-94.7749,-96.429,-96.988,-96.429,-94.7749,-92.0504,-88.3039
347,2025-10-30 13:06:00,proposed,77.587214,88.016087,88.337039,78.435422,60.672051,37.896944,13.064563,-12.923485,-37.195034,-57.868725,-73.344465,-82.493922,-84.974359,-80.852922,-70.730303,-55.513348,-36.273155,-14.249495,9.176461,33.00392,55.452627,75.14324,90.046187,94.999999,88.756182,72.84655,49.336159,20.916891,-9.999999,-40.000001,-66.000001,-85.000001,-94.999999,-94.999999,-87.000001,-72.000001,-51.000001,-25.000001,4.000001,35.000001,64.000001,87.000001,94.999999,94.999999,88.000001,74.000001,54.000001,30.000001,4.000001,-22.000001
348,2025-10-30 13:06:40,executed,77.587214,88.016087,88.337039,78.435422,60.672051,37.896944,13.064563,-12.923485,-37.195034,-57.868725,-73.344465,-82.493922,-84.974359,-80.852922,-70.730303,-55.513348,-36.273155,-14.249495,9.176461,33.00392,55.452627,75.14324,90.046187,94.999999,88.756182,72.84655,49.336159,20.916891,-9.999999,-40.000001,-66.000001,-85.000001,-94.999999,-94.999999,-87.000001,-72.000001,-51.000001,-25.000001,4.000001,35.000001,64.000001,87.000001,94.999999,94.999999,88.000001,74.000001,54.000001,30.000001,4.000001,-22.000001
348,2025-10-30 13:07:29,proposed,1.4429999999999998,10.3707,19.1673,27.2348,34.6186,41.0776,46.515,50.8402,53.9799,55.8706,56.4792,55.7785,53.7656,50.4504,45.8605,40.0305,33.0205,24.9001,15.7744,5.8001,-4.7077,-15.7001,-26.4018,-36.631,-46.219,-55.0039,-62.8398,-69.6008,-75.1788,-79.4777,-80.0,-79.4777,-75.1788,-69.6008,-62.8398,-55.0039,-46.219,-36.631,-26.4018,-15.7001,-4.7077,6.3846,17.3898,28.1064,38.3899,48.099,57.0984,65.2599,72.4578,78.5701
349,2025-10-30 13:08:09,executed,1.4429999999999998,10.3707,19.1673,27.2348,34.6186,41.0776,46.515,50.8402,53.9799,55.8706,56.4792,55.7785,53.7656,50.4504,45.8605,40.0305,33.0205,24.9001,15.7744,5.8001,-4.7077,-15.7001,-26.4018,-36.631,-46.219,-55.0039,-62.8398,-69.6008,-75.1788,-79.4777,-80.0,-79.4777,-75.1788,-69.6008,-62.8398,-55.0039,-46.219,-36.631,-26.4018,-15.7001,-4.7077,6.3846,17.3898,28.1064,38.3899,48.099,57.0984,65.2599,72.4578,78.5701
349,2025-10-30 13:09:03,proposed,0.0,10.16013697669528,20.10193026850025,29.69920199575971,38.85040348704043,47.50090038838328,55.50360098494868,62.79980008499252,69.34970008499252,75.11890008499252,80.0,79.66310008499252,77.90010008499252,74.79600008499251,70.45040008499252,64.97500008499252,58.49990008499252,51.16110008499252,43.09990008499252,34.45040008499252,25.35040008499252,15.95040008499252,6.39990008499252,-3.20010008499252,-12.60010008499252,-21.69990008499252,-30.35040008499252,-38.45040008499252,-45.89990008499252,-52.59990008499252,-58.49990008499252,-63.55040008499252,-67.69990008499252,-70.90010008499252,-73.10010008499252,-74.25040008499252,-74.30010008499252,-73.20010008499251,-70.95040008499252,-67.55040008499252,-63.00010008499252,-57.30010008499252,-50.50010008499252,-42.70010008499252,-33.95040008499252,-24.40010008499252,-14.15040008499252,-3.30010008499252,7.80010008499252,0.0
350,2025-10-30 13:09:43,executed,0.0,10.16013697669528,20.10193026850025,29.69920199575971,38.85040348704043,47.50090038838328,55.50360098494868,62.79980008499252,69.34970008499252,75.11890008499252,80.0,79.66310008499252,77.90010008499252,74.79600008499251,70.45040008499252,64.97500008499252,58.49990008499252,51.16110008499252,43.09990008499252,34.45040008499252,25.35040008499252,15.95040008499252,6.39990008499252,-3.20010008499252,-12.60010008499252,-21.69990008499252,-30.35040008499252,-38.45040008499252,-45.89990008499252,-52.59990008499252,-58.49990008499252,-63.55040008499252,-67.69990008499252,-70.90010008499252,-73.10010008499252,-74.25040008499252,-74.30010008499252,-73.20010008499251,-70.95040008499252,-67.55040008499252,-63.00010008499252,-57.30010008499252,-50.50010008499252,-42.70010008499252,-33.95040008499252,-24.40010008499252,-14.15040008499252,-3.30010008499252,7.80010008499252,0.0
350,2025-10-30 13:10:48,proposed,18.84752528768097,26.50508688461413,31.95679505527181,35.03362141517409,35.66699317589999,33.91698751512198,29.98064998797992,24.11693875323204,16.60275817812165,7.74752528768097,-2.2524747123190303,-13.04320494472819,-24.09320494472819,-34.95679505527181,-45.25247471231903,-54.60247471231903,-62.69320494472819,-69.25247471231903,-73.95679505527181,-76.60247471231904,-77.04320494472819,-75.11693875323203,-70.75247471231903,-63.95679505527181,-54.95679505527181,-44.04320494472819,-31.69320494472819,-18.35247471231903,-4.45247471231903,9.14752528768097,22.04320494472819,33.89320494472819,44.34752528768097,53.04752528768097,59.79320494472819,64.3932049447282,66.74752528768097,66.79320494472819,64.64752528768096,60.29320494472819,53.94752528768097,45.99320494472819,36.84752528768097,26.89320494472819,16.54752528768097,6.29320494472819,-3.2524747123190303,-12.04320494472819,-20.09320494472819,-27.25247471231903
351,2025-10-30 13:11:28,executed,18.84752528768097,26.50508688461413,31.95679505527181,35.03362141517409,35.66699317589999,33.91698751512198,29.98064998797992,24.11693875323204,16.60275817812165,7.74752528768097,-2.2524747123190303,-13.04320494472819,-24.09320494472819,-34.95679505527181,-45.25247471231903,-54.60247471231903,-62.69320494472819,-69.25247471231903,-73.95679505527181,-76.60247471231904,-77.04320494472819,-75.11693875323203,-70.75247471231903,-63.95679505527181,-54.95679505527181,-44.04320494472819,-31.69320494472819,-18.35247471231903,-4.45247471231903,9.14752528768097,22.04320494472819,33.89320494472819,44.34752528768097,53.04752528768097,59.79320494472819,64.3932049447282,66.74752528768097,66.79320494472819,64.64752528768096,60.29320494472819,53.94752528768097,45.99320494472819,36.84752528768097,26.89320494472819,16.54752528768097,6.29320494472819,-3.2524747123190303,-12.04320494472819,-20.09320494472819,-27.25247471231903
351,2025-10-30 13:12:24,proposed,89.9198,84.15025721864114,77.0673,69.00649999999999,60.1873,50.7501,40.8524,30.654,20.2404,9.7426,-0.737,-11.0204,-21.0964,-30.8674,-40.2584,-49.1905,-57.579,-65.3497,-72.4578,-78.7925,-84.2512,-88.737,-92.1069,-94.2512,-95.0,-94.2512,-92.1069,-88.737,-84.2512,-78.7925,-72.4578,-65.3497,-57.579,-49.1905,-40.2584,-30.8674,-21.0964,-11.0204,-0.737,9.7426,20.2404,30.654,40.8524,50.7501,60.1873,69.00649999999999,77.0673,84.15025721864114,89.9198,95.0
352,2025-10-30 13:13:04,executed,89.9198,84.15025721864114,77.0673,69.00649999999999,60.1873,50.7501,40.8524,30.654,20.2404,9.7426,-0.737,-11.0204,-21.0964,-30.8674,-40.2584,-49.1905,-57.579,-65.3497,-72.4578,-78.7925,-84.2512,-88.737,-92.1069,-94.2512,-95.0,-94.2512,-92.1069,-88.737,-84.2512,-78.7925,-72.4578,-65.3497,-57.579,-49.1905,-40.2584,-30.8674,-21.0964,-11.0204,-0.737,9.7426,20.2404,30.654,40.8524,50.7501,60.1873,69.00649999999999,77.0673,84.15025721864114,89.9198,95.0
352,2025-10-30 13:14:14,proposed,-0.0,3.250482813134262,6.398006834015694,9.34005872714247,11.968032737604448,14.17887309489243,15.87440407770808,16.96349974533036,17.37583626297387,17.04944985223368,15.95544485542036,14.07689531742918,11.424161864506306,8.02029767664656,3.909062061021421,-0.730303975005995,-5.908051797825319,-11.50361301048803,-17.38883515082161,-23.42858172985161,-29.48972580790885,-35.43851558231223,-41.14238516518179,-46.4693766721021,-51.29063851651818,-55.4823298153066,-58.92723657753066,-61.51448516518179,-63.14078888516518,-63.71040397453303,-63.14078888516518,-61.35418172985161,-58.29063851651818,-53.89020206102142,-48.10808045542036,-40.90906206102142,-32.27887309489243,-22.24944985223368,-10.91887309489243,1.730303975005995,15.87440407770808,31.35418172985161,47.96349974533036,65.46803273760445,83.64005872714247,102.25048281313425,121.06800683401569,139.86005872714247,158.3980068340157,176.43851558231222
353,2025-10-30 13:14:54,executed,-0.0,3.250482813134262,6.398006834015694,9.34005872714247,11.968032737604448,14.17887309489243,15.87440407770808,16.96349974533036,17.37583626297387,17.04944985223368,15.95544485542036,14.07689531742918,11.424161864506306,8.02029767664656,3.909062061021421,-0.730303975005995,-5.908051797825319,-11.50361301048803,-17.38883515082161,-23.42858172985161,-29.48972580790885,-35.43851558231223,-41.14238516518179,-46.4693766721021,-51.29063851651818,-55.4823298153066,-58.92723657753066,-61.51448516518179,-63.14078888516518,-63.71040397453303,-63.14078888516518,-61.35418172985161,-58.29063851651818,-53.89020206102142,-48.10808045542036,-40.90906206102142,-32.27887309489243,-22.24944985223368,-10.91887309489243,1.730303975005995,15.87440407770808,31.35418172985161,47.96349974533036,65.46803273760445,83.64005872714247,102.25048281313425,121.06800683401569,139.86005872714247,158.3980068340157,176.43851558231222
353,2025-10-30 13:15:41,proposed,0.0,3.141075907812746,6.180339887498949,9.010968860959006,11.543419088607141,13.69614065600079,15.409803300000002,16.643946255000003,17.375000000000004,17.59098033,17.29406085,16.494750000000003,15.216090650000002,13.48623285,11.345,8.835,6.000000000000001,2.9000000000000004,-0.30000000000000004,-3.6999999999999997,-7.200000000000001,-10.700000000000001,-14.000000000000002,-17.000000000000004,-19.600000000000005,-21.700000000000003,-23.300000000000004,-24.400000000000002,-24.900000000000002,-24.800000000000004,-24.100000000000005,-22.800000000000004,-20.900000000000002,-18.500000000000004,-15.700000000000003,-12.500000000000002,-9.000000000000002,-5.300000000000001,-1.5000000000000004,2.3000000000000007,6.000000000000001,9.500000000000002,12.700000000000003,15.500000000000002,17.800000000000004,19.600000000000005,20.900000000000002,21.700000000000003,22.000000000000004,21.800000000000004
354,2025-10-30 13:16:21,executed,0.0,3.141075907812746,6.180339887498949,9.010968860959006,11.543419088607141,13.69614065600079,15.409803300000002,16.643946255000003,17.375000000000004,17.59098033,17.29406085,16.494750000000003,15.216090650000002,13.48623285,11.345,8.835,6.000000000000001,2.9000000000000004,-0.30000000000000004,-3.6999999999999997,-7.200000000000001,-10.700000000000001,-14.000000000000002,-17.000000000000004,-19.600000000000005,-21.700000000000003,-23.300000000000004,-24.400000000000002,-24.900000000000002,-24.800000000000004,-24.100000000000005,-22.800000000000004,-20.900000000000002,-18.500000000000004,-15.700000000000003,-12.500000000000002,-9.000000000000002,-5.300000000000001,-1.5000000000000004,2.3000000000000007,6.000000000000001,9.500000000000002,12.700000000000003,15.500000000000002,17.800000000000004,19.600000000000005,20.900000000000002,21.700000000000003,22.000000000000004,21.800000000000004
354,2025-10-30 13:17:27,proposed,0.0,10.04624701893976,19.89440625409395,29.54430752538965,38.80900085433732,47.50000000000001,55.53980088920953,62.85420000000001,69.37400000000001,74.94000000000001,79.4,82.61000000000001,84.44000000000001,84.77000000000001,83.50000000000001,80.55000000000001,75.85000000000001,69.45000000000002,61.40000000000001,51.760000000000005,40.60000000000001,28.0,14.030000000000001,0.0,-14.030000000000001,-28.0,-40.60000000000001,-51.760000000000005,-61.40000000000001,-69.45000000000002,-75.85000000000001,-80.55000000000001,-83.50000000000001,-84.77000000000001,-84.44000000000001,-82.61000000000001,-79.4,-74.94000000000001,-69.37400000000001,-62.85420000000001,-55.53980088920953,-47.50000000000001,-38.80900085433732,-29.54430752538965,-19.89440625409395,-10.04624701893976,-0.0,10.04624701893976,19.89440625409395,29.54430752538965
355,2025-10-30 13:18:07,executed,0.0,10.04624701893976,19.89440625409395,29.54430752538965,38.80900085433732,47.50000000000001,55.53980088920953,62.85420000000001,69.37400000000001,74.94000000000001,79.4,82.61000000000001,84.44000000000001,84.77000000000001,83.50000000000001,80.55000000000001,75.85000000000001,69.45000000000002,61.40000000000001,51.760000000000005,40.60000000000001,28.0,14.030000000000001,0.0,-14.030000000000001,-28.0,-40.60000000000001,-51.760000000000005,-61.40000000000001,-69.45000000000002,-75.85000000000001,-80.55000000000001,-83.50000000000001,-84.77000000000001,-84.44000000000001,-82.61000000000001,-79.4,-74.94000000000001,-69.37400000000001,-62.85420000000001,-55.53980088920953,-47.50000000000001,-38.80900085433732,-29.54430752538965,-19.89440625409395,-10.04624701893976,-0.0,10.04624701893976,19.89440625409395,29.54430752538965
355,2025-10-30 13:19:12,proposed,80.0,93.3854655474373,104.9936881954302,115.0068867375263,123.0441584067986,128.8504386873155,132.299866082713,133.3039450306122,131.8407925019889,127.9305416852075,121.622399602001,113.0001,102.1633470246066,89.2905416852075,74.5708386873155,58.29990000000001,40.798,22.3205416852075,3.153945030612245,-15.8205416852075,-34.0805416852075,-51.39990000000001,-67.55010000000001,-82.2907416852075,-95.40990000000001,-106.79990000000001,-116.3205416852075,-123.8905416852075,-129.4305416852075,-132.8999,-134.2501,-133.4705416852075,-130.5905416852075,-125.69990000000001,-118.9405416852075,-110.49990000000001,-100.5001,-89.10010000000001,-76.49990000000001,-62.90010000000001,-48.50010000000001,-33.50010000000001,-18.09990000000001,-2.4001000000000006,13.4999,29.5001,45.4999,61.2001,76.4999,91.2001
356,2025-10-30 13:19:52,executed,80.0,93.3854655474373,104.9936881954302,115.0068867375263,123.0441584067986,128.8504386873155,132.299866082713,133.3039450306122,131.8407925019889,127.9305416852075,121.622399602001,113.0001,102.1633470246066,89.2905416852075,74.5708386873155,58.29990000000001,40.798,22.3205416852075,3.153945030612245,-15.8205416852075,-34.0805416852075,-51.39990000000001,-67.55010000000001,-82.2907416852075,-95.40990000000001,-106.79990000000001,-116.3205416852075,-123.8905416852075,-129.4305416852075,-132.8999,-134.2501,-133.4705416852075,-130.5905416852075,-125.69990000000001,-118.9405416852075,-110.49990000000001,-100.5001,-89.10010000000001,-76.49990000000001,-62.90010000000001,-48.50010000000001,-33.50010000000001,-18.09990000000001,-2.4001000000000006,13.4999,29.5001,45.4999,61.2001,76.4999,91.2001
356,2025-10-30 13:21:07,proposed,10.0,17.40050810935876,24.500000000000004,31.109,37.00000000000001,42.090999999999994,46.20050810935876,49.19099999999999,51.0,51.50000000000001,50.609,48.309000000000005,44.70050810935876,39.90050810935876,34.0,27.109,19.309000000000005,10.70050810935876,1.400508109358759,-8.5,-18.090999999999994,-27.190999999999995,-35.60050810935876,-43.19099999999999,-49.80050810935876,-55.309000000000005,-59.60050810935876,-62.5,-63.909000000000006,-63.70050810935876,-61.80050810935876,-58.20050810935876,-53.00050810935876,-46.309000000000005,-38.20050810935876,-28.8,-18.290999999999993,-7.0,4.909000000000001,17.40050810935876,30.0,42.090999999999994,53.40050810935876,63.60900000000001,70.0,63.60900000000001,53.40050810935876,42.090999999999994,30.0,17.40050810935876
357,2025-10-30 13:21:47,executed,10.0,17.40050810935876,24.500000000000004,31.109,37.00000000000001,42.090999999999994,46.20050810935876,49.19099999999999,51.0,51.50000000000001,50.609,48.309000000000005,44.70050810935876,39.90050810935876,34.0,27.109,19.309000000000005,10.70050810935876,1.400508109358759,-8.5,-18.090999999999994,-27.190999999999995,-35.60050810935876,-43.19099999999999,-49.80050810935876,-55.309000000000005,-59.60050810935876,-62.5,-63.909000000000006,-63.70050810935876,-61.80050810935876,-58.20050810935876,-53.00050810935876,-46.309000000000005,-38.20050810935876,-28.8,-18.290999999999993,-7.0,4.909000000000001,17.40050810935876,30.0,42.090999999999994,53.40050810935876,63.60900000000001,70.0,63.60900000000001,53.40050810935876,42.090999999999994,30.0,17.40050810935876
357,2025-10-30 13:22:41,proposed,73.53526154382622,77.0142340578857,80.0519398835847,82.5590928965824,84.4560032070183,85.6961448060856,86.2307849928618,86.0120828707018,85.00040805040805,83.2530612244898,80.80526154382622,77.6142340578857,73.7119398835847,69.1590928965824,64.0060032070183,58.3061448060856,52.1107849928618,45.4820828707018,38.47040805040806,31.1330612244898,23.51526154382622,15.6642340578857,7.6319398835847,-0.5090928965823999,-8.7019967929817,-16.8061448060856,-24.7107849928618,-32.3120828707018,-39.50040805040806,-46.1669387755102,-52.20526154382622,-57.5042340578857,-62.0519398835847,-65.7490928965824,-68.5019967929817,-70.2161448060856,-70.80526154382622,-70.1842340578857,-68.2619398835847,-64.9790928965824,-60.2819967929817,-54.1261448060856,-46.50526154382622,-37.4142340578857,-26.8619398835847,-14.8590928965824,-1.4119967929817,13.5061448060856,29.8207849928618,47.23040805040806
358,2025-10-30 13:23:21,executed,73.53526154382622,77.0142340578857,80.0519398835847,82.5590928965824,84.4560032070183,85.6961448060856,86.2307849928618,86.0120828707018,85.00040805040805,83.2530612244898,80.80526154382622,77.6142340578857,73.7119398835847,69.1590928965824,64.0060032070183,58.3061448060856,52.1107849928618,45.4820828707018,38.47040805040806,31.1330612244898,23.51526154382622,15.6642340578857,7.6319398835847,-0.5090928965823999,-8.7019967929817,-16.8061448060856,-24.7107849928618,-32.3120828707018,-39.50040805040806,-46.1669387755102,-52.20526154382622,-57.5042340578857,-62.0519398835847,-65.7490928965824,-68.5019967929817,-70.2161448060856,-70.80526154382622,-70.1842340578857,-68.2619398835847,-64.9790928965824,-60.2819967929817,-54.1261448060856,-46.50526154382622,-37.4142340578857,-26.8619398835847,-14.8590928965824,-1.4119967929817,13.5061448060856,29.8207849928618,47.23040805040806
358,2025-10-30 13:24:23,proposed,10.0,20.0001,30.0001,39.4975,48.6502,57.179,64.9254,71.7483,77.5259,82.1583,85.5606,87.6687,88.4357,87.8288,85.8361,82.5001,77.915,72.2133,65.5501,58.0805,49.9617,41.3594,32.4497,23.3908,14.3487,5.4936,-3.0001,-11.0001,-18.3501,-24.9501,-30.7501,-35.7001,-39.7501,-42.8501,-44.9501,-46.0001,-45.9501,-44.7501,-42.4501,-39.1001,-34.7501,-29.4501,-23.2501,-16.2501,-8.5501,-0.2501,8.5501,17.5501,26.5501,35.4501
359,2025-10-30 13:25:03,executed,10.0,20.0001,30.0001,39.4975,48.6502,57.179,64.9254,71.7483,77.5259,82.1583,85.5606,87.6687,88.4357,87.8288,85.8361,82.5001,77.915,72.2133,65.5501,58.0805,49.9617,41.3594,32.4497,23.3908,14.3487,5.4936,-3.0001,-11.0001,-18.3501,-24.9501,-30.7501,-35.7001,-39.7501,-42.8501,-44.9501,-46.0001,-45.9501,-44.7501,-42.4501,-39.1001,-34.7501,-29.4501,-23.2501,-16.2501,-8.5501,-0.2501,8.5501,17.5501,26.5501,35.4501
359,2025-10-30 13:26:19,proposed,68.0494870535319,58.74972986427339,44.97505676332158,27.60940507204996,7.620100000000001,-13.4547,-34.0805,-51.9602,-65.176,-72.825,-74.403,-69.6008,-58.922,-43.999,-26.4018,-7.620100000000001,12.317,31.1501,47.7837,61.4,70.0,72.825,69.6008,58.922,43.999,26.4018,7.620100000000001,-12.317,-31.1501,-47.7837,-61.4,-70.0,-72.825,-69.6008,-58.922,-43.999,-26.4018,-7.620100000000001,12.317,31.1501,47.7837,61.4,70.0,72.825,69.6008,58.922,43.999,26.4018,7.620100000000001,-12.317
360,2025-10-30 13:26:59,executed,68.0494870535319,58.74972986427339,44.97505676332158,27.60940507204996,7.620100000000001,-13.4547,-34.0805,-51.9602,-65.176,-72.825,-74.403,-69.6008,-58.922,-43.999,-26.4018,-7.620100000000001,12.317,31.1501,47.7837,61.4,70.0,72.825,69.6008,58.922,43.999,26.4018,7.620100000000001,-12.317,-31.1501,-47.7837,-61.4,-70.0,-72.825,-69.6008,-58.922,-43.999,-26.4018,-7.620100000000001,12.317,31.1501,47.7837,61.4,70.0,72.825,69.6008,58.922,43.999,26.4018,7.620100000000001,-12.317
360,2025-10-30 13:27:50,proposed,0.0,7.502857,14.887756,22.034898,28.837347,35.284286,41.365306,47.072245,52.397857,57.335816,61.880816,66.028571,69.77502,73.116939,76.05102,78.574286,80.684286,82.379184,83.65702,84.516735,84.957143,84.977551,84.577551,83.757143,82.517551,80.859184,78.783265,76.29102,73.384286,70.064082,66.332245,62.19102,57.642041,52.687347,47.329184,41.569184,35.409184,28.85102,21.896735,14.54898,6.809184,-1.32898,-9.869184,-18.800816,-28.115816,-37.799184,-47.837959,-58.219184,-68.930816,-80.0
361,2025-10-30 13:28:30,executed,0.0,7.502857,14.887756,22.034898,28.837347,35.284286,41.365306,47.072245,52.397857,57.335816,61.880816,66.028571,69.77502,73.116939,76.05102,78.574286,80.684286,82.379184,83.65702,84.516735,84.957143,84.977551,84.577551,83.757143,82.517551,80.859184,78.783265,76.29102,73.384286,70.064082,66.332245,62.19102,57.642041,52.687347,47.329184,41.569184,35.409184,28.85102,21.896735,14.54898,6.809184,-1.32898,-9.869184,-18.800816,-28.115816,-37.799184,-47.837959,-58.219184,-68.930816,-80.0
361,2025-10-30 13:29:17,proposed,0.0,12.60567152063806,24.86909873918073,36.4678121655909,47.28090011536761,57.20010168478443,66.1290075727931,73.9749008985906,80.6528004739433,86.08900000000001,90.21360000000001,92.96170000000001,94.3987,94.50090000000002,93.30130000000001,90.83090000000001,87.161,82.38230000000001,76.601,69.93010000000001,62.49010000000001,54.4155,45.8402,36.8923,27.6761,18.3673,9.0964,-0.0,-9.0964,-18.3673,-27.6761,-36.8923,-45.8402,-54.4155,-62.49010000000001,-69.93010000000001,-76.601,-82.38230000000001,-87.161,-90.83090000000001,-93.30130000000001,-94.50090000000002,-94.3987,-92.96170000000001,-90.21360000000001,-86.08900000000001,-80.6528004739433,-73.9749008985906,-66.1290075727931,-57.20010168478443
362,2025-10-30 13:29:57,executed,0.0,12.60567152063806,24.86909873918073,36.4678121655909,47.28090011536761,57.20010168478443,66.1290075727931,73.9749008985906,80.6528004739433,86.08900000000001,90.21360000000001,92.96170000000001,94.3987,94.50090000000002,93.30130000000001,90.83090000000001,87.161,82.38230000000001,76.601,69.93010000000001,62.49010000000001,54.4155,45.8402,36.8923,27.6761,18.3673,9.0964,-0.0,-9.0964,-18.3673,-27.6761,-36.8923,-45.8402,-54.4155,-62.49010000000001,-69.93010000000001,-76.601,-82.38230000000001,-87.161,-90.83090000000001,-93.30130000000001,-94.50090000000002,-94.3987,-92.96170000000001,-90.21360000000001,-86.08900000000001,-80.6528004739433,-73.9749008985906,-66.1290075727931,-57.20010168478443
362,2025-10-30 13:30:57,proposed,70.0,69.4470295627681,67.80005776606015,65.0977870932267,61.39003882772557,56.73007693215266,51.18306071870198,44.8170068830141,37.70188094769062,29.91000781707567,21.52604815417387,12.63608779930908,3.337000000000001,-5.990000000000001,-15.190000000000001,-24.13608779930908,-32.71604815417387,-40.82000781707567,-48.34007693215266,-55.16306071870198,-61.18306071870198,-66.29003882772557,-69.99000781707566,-69.67800000000001,-69.67800000000001,-70.0,-69.67800000000001,-66.29003882772557,-61.18306071870198,-55.16306071870198,-48.34007693215266,-40.82000781707567,-32.71604815417387,-24.13608779930908,-15.190000000000001,-5.990000000000001,3.337000000000001,12.63608779930908,21.52604815417387,29.91000781707567,37.70188094769062,44.8170068830141,51.18306071870198,56.73007693215266,61.39003882772557,65.0977870932267,67.80005776606015,69.4470295627681,70.0,69.4470295627681
363,2025-10-30 13:31:37,executed,70.0,69.4470295627681,67.80005776606015,65.0977870932267,61.39003882772557,56.73007693215266,51.18306071870198,44.8170068830141,37.70188094769062,29.91000781707567,21.52604815417387,12.63608779930908,3.337000000000001,-5.990000000000001,-15.190000000000001,-24.13608779930908,-32.71604815417387,-40.82000781707567,-48.34007693215266,-55.16306071870198,-61.18306071870198,-66.29003882772557,-69.99000781707566,-69.67800000000001,-69.67800000000001,-70.0,-69.67800000000001,-66.29003882772557,-61.18306071870198,-55.16306071870198,-48.34007693215266,-40.82000781707567,-32.71604815417387,-24.13608779930908,-15.190000000000001,-5.990000000000001,3.337000000000001,12.63608779930908,21.52604815417387,29.91000781707567,37.70188094769062,44.8170068830141,51.18306071870198,56.73007693215266,61.39003882772557,65.0977870932267,67.80005776606015,69.4470295627681,70.0,69.4470295627681
363,2025-10-30 13:32:32,proposed,8.9301,23.3643,37.1165,49.7397,60.8756,70.057,76.9985,81.6429,83.9284,83.837,81.4707,76.908,70.3016,61.8188,51.6963,40.2584,27.6761,14.2495,0.3013,-13.0458,-25.268,-36.2732,-45.8402,-53.837,-60.1985,-64.8458,-67.733,-68.8688,-68.2238,-65.8407,-61.8188,-56.2653,-49.3362,-41.1953,-32.0621,-22.1611,-11.6964,-0.8737,10.1983,20.9169,31.0665,40.4069,48.7754,56.0099,61.979,66.6429,69.888,71.6021,71.6909,70.2107
364,2025-10-30 13:33:12,executed,8.9301,23.3643,37.1165,49.7397,60.8756,70.057,76.9985,81.6429,83.9284,83.837,81.4707,76.908,70.3016,61.8188,51.6963,40.2584,27.6761,14.2495,0.3013,-13.0458,-25.268,-36.2732,-45.8402,-53.837,-60.1985,-64.8458,-67.733,-68.8688,-68.2238,-65.8407,-61.8188,-56.2653,-49.3362,-41.1953,-32.0621,-22.1611,-11.6964,-0.8737,10.1983,20.9169,31.0665,40.4069,48.7754,56.0099,61.979,66.6429,69.888,71.6021,71.6909,70.2107
364,2025-10-30 13:34:01,proposed,0.0,12.3807,24.3001,35.5402,45.8999,55.2001,63.2653,69.8851,74.9939,78.566,80.5601,80.9504,79.7397,77.0065,72.8228,67.2663,60.4082,52.3297,43.1905,33.1594,22.4801,11.3594,0.0,-11.3594,-22.4801,-33.1594,-43.1905,-52.3297,-60.4082,-67.2663,-72.8228,-77.0065,-79.7397,-80.9504,-80.5601,-78.566,-74.9939,-69.8851,-63.2653,-55.2001,-45.8999,-35.5402,-24.3001,-12.3807,-0.0,12.3807,24.3001,35.5402,45.8999,55.2001
365,2025-10-30 13:34:41,executed,0.0,12.3807,24.3001,35.5402,45.8999,55.2001,63.2653,69.8851,74.9939,78.566,80.5601,80.9504,79.7397,77.0065,72.8228,67.2663,60.4082,52.3297,43.1905,33.1594,22.4801,11.3594,0.0,-11.3594,-22.4801,-33.1594,-43.1905,-52.3297,-60.4082,-67.2663,-72.8228,-77.0065,-79.7397,-80.9504,-80.5601,-78.566,-74.9939,-69.8851,-63.2653,-55.2001,-45.8999,-35.5402,-24.3001,-12.3807,-0.0,12.3807,24.3001,35.5402,45.8999,55.2001
366,2025-10-30 13:38:19,executed,0.0,12.3807,24.3001,35.5402,45.8999,55.2001,63.2653,69.8851,74.9939,78.566,80.5601,80.9504,79.7397,77.0065,72.8228,67.2663,60.4082,52.3297,43.1905,33.1594,22.4801,11.3594,0.0,-11.3594,-22.4801,-33.1594,-43.1905,-52.3297,-60.4082,-67.2663,-72.8228,-77.0065,-79.7397,-80.9504,-80.5601,-78.566,-74.9939,-69.8851,-63.2653,-55.2001,-45.8999,-35.5402,-24.3001,-12.3807,-0.0,12.3807,24.3001,35.5402,45.8999,55.2001
366,2025-10-30 13:39:08,proposed,99.70428578,99.99999999,99.99999999,99.99999999,99.99999999,99.99999999,99.99999999,99.99999999,99.99999999,99.99999999,99.99999999,99.99999999,99.99999999,99.99999999,99.99999999,99.99999999,99.99999999,99.99999999,99.99999999,99.99999999,99.99999999,99.99999999,99.99999999,99.99999999,99.99999999,79.99999999,79.99999999,79.99999999,79.99999999,79.99999999,79.99999999,79.99999999,79.99999999,79.99999999,79.99999999,79.99999999,79.99999999,79.99999999,79.99999999,79.99999999,79.99999999,79.99999999,79.99999999,79.99999999,79.99999999,79.99999999,79.99999999,79.99999999,79.99999999,79.99999999
367,2025-10-30 13:39:48,executed,99.70428578,99.99999999,99.99999999,99.99999999,99.99999999,99.99999999,99.99999999,99.99999999,99.99999999,99.99999999,99.99999999,99.99999999,99.99999999,99.99999999,99.99999999,99.99999999,99.99999999,99.99999999,99.99999999,99.99999999,99.99999999,99.99999999,99.99999999,99.99999999,99.99999999,79.99999999,79.99999999,79.99999999,79.99999999,79.99999999,79.99999999,79.99999999,79.99999999,79.99999999,79.99999999,79.99999999,79.99999999,79.99999999,79.99999999,79.99999999,79.99999999,79.99999999,79.99999999,79.99999999,79.99999999,79.99999999,79.99999999,79.99999999,79.99999999,79.99999999
367,2025-10-30 13:40:51,proposed,84.1804364024845,87.7335606497405,90.0385750059952,90.9654153096696,90.5054170889246,88.6015555416045,85.3429813292415,80.8808169622998,75.3090888636181,68.7208752945209,61.2186714099516,52.9038234320986,43.8890060416999,34.2798835940026,24.1837837016259,13.7088737305928,2.9638421835702,-7.9048154823933,-18.9189334589999,-29.957595350438,-40.8988636453181,-51.6198642730689,-62.0076735105295,-71.950293673007,-81.335967008779,-90.0543666030584,-97.9999,-99.9,-99.9,-99.9,-99.9,-99.9,-99.9,-99.9,-99.9,-99.9,-99.9,-99.9,-99.9,-99.9,-99.9,-99.9,-99.9,-99.9,-99.9,-99.9,-99.9,-99.9,-99.9,-99.9
368,2025-10-30 13:41:31,executed,84.1804364024845,87.7335606497405,90.0385750059952,90.9654153096696,90.5054170889246,88.6015555416045,85.3429813292415,80.8808169622998,75.3090888636181,68.7208752945209,61.2186714099516,52.9038234320986,43.8890060416999,34.2798835940026,24.1837837016259,13.7088737305928,2.9638421835702,-7.9048154823933,-18.9189334589999,-29.957595350438,-40.8988636453181,-51.6198642730689,-62.0076735105295,-71.950293673007,-81.335967008779,-90.0543666030584,-97.9999,-99.9,-99.9,-99.9,-99.9,-99.9,-99.9,-99.9,-99.9,-99.9,-99.9,-99.9,-99.9,-99.9,-99.9,-99.9,-99.9,-99.9,-99.9,-99.9,-99.9,-99.9,-99.9,-99.9
368,2025-10-30 13:42:36,proposed,0.0,11.35941009187373,22.48009968434827,33.15941009187373,43.19050480749006,52.32970031565173,60.40823009187373,67.26630031565173,72.82280031565173,76.99391009187373,79.73970031565173,81.08050480749006,81.08050480749006,79.73970031565173,76.99391009187373,72.82280031565173,67.26630031565173,60.40823009187373,52.32970031565173,43.19050480749006,33.15941009187373,22.48009968434827,11.35941009187373,0.0,-11.35941009187373,-22.48009968434827,-33.15941009187373,-43.19050480749006,-52.32970031565173,-60.40823009187373,-67.26630031565173,-72.82280031565173,-76.99391009187373,-79.73970031565173,-81.08050480749006,-81.08050480749006,-79.73970031565173,-76.99391009187373,-72.82280031565173,-67.26630031565173,-60.40823009187373,-52.32970031565173,-43.19050480749006,-33.15941009187373,-22.48009968434827,-11.35941009187373,-0.0,11.35941009187373,22.48009968434827,33.15941009187373
369,2025-10-30 13:43:16,executed,0.0,11.35941009187373,22.48009968434827,33.15941009187373,43.19050480749006,52.32970031565173,60.40823009187373,67.26630031565173,72.82280031565173,76.99391009187373,79.73970031565173,81.08050480749006,81.08050480749006,79.73970031565173,76.99391009187373,72.82280031565173,67.26630031565173,60.40823009187373,52.32970031565173,43.19050480749006,33.15941009187373,22.48009968434827,11.35941009187373,0.0,-11.35941009187373,-22.48009968434827,-33.15941009187373,-43.19050480749006,-52.32970031565173,-60.40823009187373,-67.26630031565173,-72.82280031565173,-76.99391009187373,-79.73970031565173,-81.08050480749006,-81.08050480749006,-79.73970031565173,-76.99391009187373,-72.82280031565173,-67.26630031565173,-60.40823009187373,-52.32970031565173,-43.19050480749006,-33.15941009187373,-22.48009968434827,-11.35941009187373,-0.0,11.35941009187373,22.48009968434827,33.15941009187373
369,2025-10-30 13:44:25,proposed,0.0,6.666666666666667,13.333333333333334,20.0,26.666666666666668,33.333333333333336,40.0,46.66666666666667,53.333333333333336,60.0,66.66666666666667,73.33333333333334,80.0,73.84615384615385,67.6923076923077,61.53846153846154,55.38461538461539,49.23076923076923,43.07692307692308,36.92307692307692,30.76923076923077,24.615384615384617,18.46153846153846,12.307692307692308,6.153846153846154,0.0,-6.153846153846154,-12.307692307692308,-18.46153846153846,-24.615384615384617,-30.76923076923077,-36.92307692307692,-43.07692307692308,-49.23076923076923,-55.38461538461539,-61.53846153846154,-67.6923076923077,-73.84615384615385,-80.0,-72.72727272727273,-65.45454545454545,-58.18181818181818,-50.90909090909091,-43.63636363636363,-36.36363636363637,-29.09090909090909,-21.818181818181817,-14.545454545454545,-7.2727272727272725,0.0
370,2025-10-30 13:45:05,executed,0.0,6.666666666666667,13.333333333333334,20.0,26.666666666666668,33.333333333333336,40.0,46.66666666666667,53.333333333333336,60.0,66.66666666666667,73.33333333333334,80.0,73.84615384615385,67.6923076923077,61.53846153846154,55.38461538461539,49.23076923076923,43.07692307692308,36.92307692307692,30.76923076923077,24.615384615384617,18.46153846153846,12.307692307692308,6.153846153846154,0.0,-6.153846153846154,-12.307692307692308,-18.46153846153846,-24.615384615384617,-30.76923076923077,-36.92307692307692,-43.07692307692308,-49.23076923076923,-55.38461538461539,-61.53846153846154,-67.6923076923077,-73.84615384615385,-80.0,-72.72727272727273,-65.45454545454545,-58.18181818181818,-50.90909090909091,-43.63636363636363,-36.36363636363637,-29.09090909090909,-21.818181818181817,-14.545454545454545,-7.2727272727272725,0.0
370,2025-10-30 13:46:05,proposed,56.5685,60.0,63.0876,65.8,68.1,69.95,71.325,72.2,72.55,72.35,71.5876,70.25,68.35,65.9,62.9,59.3876,55.35,50.8,45.75,40.2,34.15,27.6,20.55,13.0,4.95,-3.6,-12.65,-22.1,-31.85,-41.8,-51.85,-61.9,-71.85,-81.6,-91.05,-99.9,-108.05,-115.4,-121.85,-127.3,-131.65,-134.8,-136.65,-137.1,-136.05,-133.4,-129.05,-122.9,-114.85,-104.8
371,2025-10-30 13:46:45,executed,56.5685,60.0,63.0876,65.8,68.1,69.95,71.325,72.2,72.55,72.35,71.5876,70.25,68.35,65.9,62.9,59.3876,55.35,50.8,45.75,40.2,34.15,27.6,20.55,13.0,4.95,-3.6,-12.65,-22.1,-31.85,-41.8,-51.85,-61.9,-71.85,-81.6,-91.05,-99.9,-108.05,-115.4,-121.85,-127.3,-131.65,-134.8,-136.65,-137.1,-136.05,-133.4,-129.05,-122.9,-114.85,-104.8
371,2025-10-30 13:47:35,proposed,75.6174,73.1979,66.8623,57.199,44.7554,30.0768,13.8893,-3.078,-20.0805,-36.0805,-50.8805,-64.2805,-76.0805,-86.0805,-94.0805,-99.8805,-100.0,-97.6805,-92.8805,-85.6805,-76.0805,-64.0805,-49.6805,-32.8805,-13.6805,7.9195,31.9195,57.5195,84.0195,100.0,100.0,96.2195,88.0195,75.4195,58.4195,37.0195,11.2195,-18.2805,-49.2805,-81.4805,-100.0,-100.0,-96.7805,-88.7805,-76.1805,-58.9805,-37.1805,-10.7805,19.8195,53.0195
372,2025-10-30 13:48:15,executed,75.6174,73.1979,66.8623,57.199,44.7554,30.0768,13.8893,-3.078,-20.0805,-36.0805,-50.8805,-64.2805,-76.0805,-86.0805,-94.0805,-99.8805,-100.0,-97.6805,-92.8805,-85.6805,-76.0805,-64.0805,-49.6805,-32.8805,-13.6805,7.9195,31.9195,57.5195,84.0195,100.0,100.0,96.2195,88.0195,75.4195,58.4195,37.0195,11.2195,-18.2805,-49.2805,-81.4805,-100.0,-100.0,-96.7805,-88.7805,-76.1805,-58.9805,-37.1805,-10.7805,19.8195,53.0195
372,2025-10-30 13:49:08,proposed,87.970176,87.039485,84.86971,81.363385,76.74385,71.077025,63.528425,55.33415,46.317975,36.687195,26.292295,15.291865,4.009045,-7.17877,-18.187465,-29.00267,-39.15337,-48.450095,-57.026125,-64.610925,-71.468975,-76.926285,-81.08469,-83.886675,-85.669795,-85.72337,-84.906555,-81.12715,-77.12784,-71.470305,-64.663935,-57.08493,-48.49275,-39.20907,-29.021075,-18.228815,-7.20891,4.01175,15.298515,26.300185,36.68743,46.321385,55.33421,63.528425,71.077975,76.74385,81.363385,84.86971,87.039485,87.970176
373,2025-10-30 13:49:48,executed,87.970176,87.039485,84.86971,81.363385,76.74385,71.077025,63.528425,55.33415,46.317975,36.687195,26.292295,15.291865,4.009045,-7.17877,-18.187465,-29.00267,-39.15337,-48.450095,-57.026125,-64.610925,-71.468975,-76.926285,-81.08469,-83.886675,-85.669795,-85.72337,-84.906555,-81.12715,-77.12784,-71.470305,-64.663935,-57.08493,-48.49275,-39.20907,-29.021075,-18.228815,-7.20891,4.01175,15.298515,26.300185,36.68743,46.321385,55.33421,63.528425,71.077975,76.74385,81.363385,84.86971,87.039485,87.970176
373,2025-10-30 13:50:42,proposed,75.0,74.0323,71.0417,66.1267,59.4201,51.0902,41.3392,30.3958,18.499,5.8903,-7.0,-19.6843,-31.908,-43.4338,-54.0495,-63.5583,-71.7908,-78.6087,-83.8967,-87.5678,-89.5501,-89.7997,-88.2907,-85.0205,-80.0,-73.253,-64.8141,-54.7478,-43.1497,-30.1306,-15.8205,-0.3673,15.8205,30.1306,43.1497,54.7478,64.8141,73.253,80.0,85.0205,88.2907,89.7997,89.5501,87.5678,83.8967,78.6087,71.7908,63.5583,54.0495,43.4338
374,2025-10-30 13:51:22,executed,75.0,74.0323,71.0417,66.1267,59.4201,51.0902,41.3392,30.3958,18.499,5.8903,-7.0,-19.6843,-31.908,-43.4338,-54.0495,-63.5583,-71.7908,-78.6087,-83.8967,-87.5678,-89.5501,-89.7997,-88.2907,-85.0205,-80.0,-73.253,-64.8141,-54.7478,-43.1497,-30.1306,-15.8205,-0.3673,15.8205,30.1306,43.1497,54.7478,64.8141,73.253,80.0,85.0205,88.2907,89.7997,89.5501,87.5678,83.8967,78.6087,71.7908,63.5583,54.0495,43.4338
374,2025-10-30 13:52:10,proposed,5.0,10.99849508933251,16.89679624503728,22.59011709210214,27.98634994781449,33.00030062767098,37.55106516080927,41.56947098902573,45.00030062767098,47.78634994781449,49.89679624503728,51.29849508933251,51.99999999999999,51.99849508933251,51.29679624503728,49.89011709210214,47.78634994781449,45.00030062767098,41.56947098902573,37.55106516080927,33.00030062767098,27.98634994781449,22.59011709210214,16.89679624503728,10.99849508933251,5.0,-0.9984950893325102,-6.89679624503728,-12.59011709210214,-17.98634994781449,-23.00030062767098,-27.55106516080927,-31.56947098902573,-35.00030062767098,-37.78634994781449,-39.89679624503728,-41.29849508933251,-41.99999999999999,-41.99849508933251,-41.29679624503728,-39.89011709210214,-37.78634994781449,-35.00030062767098,-31.56947098902573,-27.55106516080927,-23.00030062767098,-17.98634994781449,-12.59011709210214,-6.89679624503728,-0.9984950893325102
375,2025-10-30 13:52:50,executed,5.0,10.99849508933251,16.89679624503728,22.59011709210214,27.98634994781449,33.00030062767098,37.55106516080927,41.56947098902573,45.00030062767098,47.78634994781449,49.89679624503728,51.29849508933251,51.99999999999999,51.99849508933251,51.29679624503728,49.89011709210214,47.78634994781449,45.00030062767098,41.56947098902573,37.55106516080927,33.00030062767098,27.98634994781449,22.59011709210214,16.89679624503728,10.99849508933251,5.0,-0.9984950893325102,-6.89679624503728,-12.59011709210214,-17.98634994781449,-23.00030062767098,-27.55106516080927,-31.56947098902573,-35.00030062767098,-37.78634994781449,-39.89679624503728,-41.29849508933251,-41.99999999999999,-41.99849508933251,-41.29679624503728,-39.89011709210214,-37.78634994781449,-35.00030062767098,-31.56947098902573,-27.55106516080927,-23.00030062767098,-17.98634994781449,-12.59011709210214,-6.89679624503728,-0.9984950893325102
375,2025-10-30 13:54:30,proposed,-0.0,-13.0646,-25.268,-36.2732,-45.8402,-53.837,-60.1985,-64.8458,-67.733,-68.8688,-68.2238,-65.8407,-61.8188,-56.2653,-49.3362,-41.1953,-32.0621,-22.1611,-11.6964,-0.8737,10.1983,20.9169,31.0665,40.4069,48.7754,56.0099,61.979,66.6429,69.888,71.6021,71.6909,70.2107,67.2107,62.7759,56.979,49.9617,41.8953,32.9006,23.1643,12.8099,2.0408,-8.0621,-18.4707,-28.9844,-39.4069,-49.5402,-59.1821,-68.1272,-76.1673,-83.0999
376,2025-10-30 13:55:10,executed,-0.0,-13.0646,-25.268,-36.2732,-45.8402,-53.837,-60.1985,-64.8458,-67.733,-68.8688,-68.2238,-65.8407,-61.8188,-56.2653,-49.3362,-41.1953,-32.0621,-22.1611,-11.6964,-0.8737,10.1983,20.9169,31.0665,40.4069,48.7754,56.0099,61.979,66.6429,69.888,71.6021,71.6909,70.2107,67.2107,62.7759,56.979,49.9617,41.8953,32.9006,23.1643,12.8099,2.0408,-8.0621,-18.4707,-28.9844,-39.4069,-49.5402,-59.1821,-68.1272,-76.1673,-83.0999
376,2025-10-30 13:56:11,proposed,80.0,79.3432,77.376,74.1311,69.6672,64.0534,57.3704,49.7107,41.1764,31.8808,21.947,11.507,0.6923,-10.208,-20.803,-30.9804,-40.638,-49.679,-58.012,-65.553,-72.223,-77.949,-82.666,-86.319,-88.86,-90.0,-88.86,-86.319,-82.666,-77.949,-72.223,-65.553,-58.012,-49.679,-40.638,-30.9804,-20.803,-10.208,0.6923,11.507,21.947,31.8808,41.1764,49.7107,57.3704,64.0534,69.6672,74.1311,77.376,79.3432
377,2025-10-30 13:56:51,executed,80.0,79.3432,77.376,74.1311,69.6672,64.0534,57.3704,49.7107,41.1764,31.8808,21.947,11.507,0.6923,-10.208,-20.803,-30.9804,-40.638,-49.679,-58.012,-65.553,-72.223,-77.949,-82.666,-86.319,-88.86,-90.0,-88.86,-86.319,-82.666,-77.949,-72.223,-65.553,-58.012,-49.679,-40.638,-30.9804,-20.803,-10.208,0.6923,11.507,21.947,31.8808,41.1764,49.7107,57.3704,64.0534,69.6672,74.1311,77.376,79.3432
377,2025-10-30 13:57:30,proposed,0.0,10.0462,19.8944,29.5443,38.809,47.5,55.5398,62.8542,69.374,74.94,79.4,82.61,84.44,84.77,83.5,80.55,75.85,69.45,61.4,51.76,40.6,28.0,14.03,0.0,-14.03,-28.0,-40.6,-51.76,-61.4,-69.45,-75.85,-80.55,-83.5,-84.77,-84.44,-82.61,-79.4,-74.94,-69.374,-62.8542,-55.5398,-47.5,-38.809,-29.5443,-19.8944,-10.0462,0.0,10.0462,19.8944,29.5443
378,2025-10-30 13:58:10,executed,0.0,10.0462,19.8944,29.5443,38.809,47.5,55.5398,62.8542,69.374,74.94,79.4,82.61,84.44,84.77,83.5,80.55,75.85,69.45,61.4,51.76,40.6,28.0,14.03,0.0,-14.03,-28.0,-40.6,-51.76,-61.4,-69.45,-75.85,-80.55,-83.5,-84.77,-84.44,-82.61,-79.4,-74.94,-69.374,-62.8542,-55.5398,-47.5,-38.809,-29.5443,-19.8944,-10.0462,0.0,10.0462,19.8944,29.5443
378,2025-10-30 13:59:03,proposed,-9.43989390230553,-13.06730704940502,-17.65345718712368,-22.95662700344579,-28.74955708890989,-34.81053704940502,-40.92383704940502,-46.87955708890989,-52.47044281287632,-57.50044281287632,-61.78955708890989,-65.17044281287632,-67.48989390230552,-68.61053704940502,-68.42383704940502,-66.84955708890989,-63.84053704940502,-59.38989390230553,-53.53053704940502,-46.33053704940502,-37.90989390230553,-28.40044281287632,-17.96989390230553,-6.79053704940502,4.97955708890989,16.90044281287632,28.74955708890989,40.25044281287632,51.18989390230553,61.33053704940502,70.42383704940502,78.21053704940502,84.45662700344579,89.06730704940502,91.96010609769446,93.16010609769447,92.78955708890989,90.97044281287631,87.82044281287632,83.47955708890989,78.08053704940502,71.75044281287632,64.60989390230553,56.77044281287632,48.34955708890989,39.46053704940502,30.21053704940502,20.70044281287632,11.04989390230553,1.35955708890989
379,2025-10-30 13:59:43,executed,-9.43989390230553,-13.06730704940502,-17.65345718712368,-22.95662700344579,-28.74955708890989,-34.81053704940502,-40.92383704940502,-46.87955708890989,-52.47044281287632,-57.50044281287632,-61.78955708890989,-65.17044281287632,-67.48989390230552,-68.61053704940502,-68.42383704940502,-66.84955708890989,-63.84053704940502,-59.38989390230553,-53.53053704940502,-46.33053704940502,-37.90989390230553,-28.40044281287632,-17.96989390230553,-6.79053704940502,4.97955708890989,16.90044281287632,28.74955708890989,40.25044281287632,51.18989390230553,61.33053704940502,70.42383704940502,78.21053704940502,84.45662700344579,89.06730704940502,91.96010609769446,93.16010609769447,92.78955708890989,90.97044281287631,87.82044281287632,83.47955708890989,78.08053704940502,71.75044281287632,64.60989390230553,56.77044281287632,48.34955708890989,39.46053704940502,30.21053704940502,20.70044281287632,11.04989390230553,1.35955708890989
379,2025-10-30 14:00:28,proposed,0.0,11.4939,22.6842,33.3887,43.4338,52.6586,60.9169,59.1997,56.5685,53.033,48.6208,43.376,37.3551,30.6122,23.2133,15.2289,6.7347,-2.208,-11.4286,-20.8163,-30.2041,-39.4082,-48.2041,-56.4082,-63.8776,-59.1997,-56.5685,-53.033,-48.6208,-43.376,-37.3551,-30.6122,-23.2133,-15.2289,-6.7347,2.208,11.4286,20.8163,30.2041,39.4082,48.2041,56.4082,63.8776,60.9169,52.6586,43.4338,33.3887,22.6842,11.4939,0.0
380,2025-10-30 14:01:08,executed,0.0,11.4939,22.6842,33.3887,43.4338,52.6586,60.9169,59.1997,56.5685,53.033,48.6208,43.376,37.3551,30.6122,23.2133,15.2289,6.7347,-2.208,-11.4286,-20.8163,-30.2041,-39.4082,-48.2041,-56.4082,-63.8776,-59.1997,-56.5685,-53.033,-48.6208,-43.376,-37.3551,-30.6122,-23.2133,-15.2289,-6.7347,2.208,11.4286,20.8163,30.2041,39.4082,48.2041,56.4082,63.8776,60.9169,52.6586,43.4338,33.3887,22.6842,11.4939,0.0
380,2025-10-30 14:02:01,proposed,107.037,108.9772,100.9167,102.6685,106.879,104.5954,103.3283,102.7562,102.0464,104.9912,105.7876,100.1983,99.4217,99.6465,96.947,96.0682,97.4587,97.587,98.4907,98.4619,97.3518,97.2662,98.4116,99.1172,98.6631,98.1343,98.4411,98.8893,98.9001,98.0504,96.5001,94.7501,93.1001,91.8501,91.0501,90.6501,90.5501,90.6501,90.8501,91.0501,91.1501,91.0501,90.6501,90.0501,89.1501,87.9501,86.4501,84.6501,82.5501,80.1501
381,2025-10-30 14:02:41,executed,107.037,108.9772,100.9167,102.6685,106.879,104.5954,103.3283,102.7562,102.0464,104.9912,105.7876,100.1983,99.4217,99.6465,96.947,96.0682,97.4587,97.587,98.4907,98.4619,97.3518,97.2662,98.4116,99.1172,98.6631,98.1343,98.4411,98.8893,98.9001,98.0504,96.5001,94.7501,93.1001,91.8501,91.0501,90.6501,90.5501,90.6501,90.8501,91.0501,91.1501,91.0501,90.6501,90.0501,89.1501,87.9501,86.4501,84.6501,82.5501,80.1501
381,2025-10-30 14:03:25,proposed,0.0,8.8981,17.4005,25.3908,32.7876,39.5165,45.5099,50.6997,55.0298,58.4526,60.9298,62.4338,62.9472,62.463,61.0039,58.5997,55.2899,51.123,46.155,40.4503,34.0805,27.123,19.6593,11.7744,3.5605,-4.2404,-12.317,-20.558,-28.8221,-36.97,-44.8605,-52.3504,-59.3002,-65.5701,-70.9901,-75.4002,-78.6401,-80.5601,-81.0201,-79.9001,-77.1001,-72.5401,-66.1401,-57.8401,-47.6001,-35.4001,-21.2001,-5.0001,13.2001,33.4001
382,2025-10-30 14:04:05,executed,0.0,8.8981,17.4005,25.3908,32.7876,39.5165,45.5099,50.6997,55.0298,58.4526,60.9298,62.4338,62.9472,62.463,61.0039,58.5997,55.2899,51.123,46.155,40.4503,34.0805,27.123,19.6593,11.7744,3.5605,-4.2404,-12.317,-20.558,-28.8221,-36.97,-44.8605,-52.3504,-59.3002,-65.5701,-70.9901,-75.4002,-78.6401,-80.5601,-81.0201,-79.9001,-77.1001,-72.5401,-66.1401,-57.8401,-47.6001,-35.4001,-21.2001,-5.0001,13.2001,33.4001
382,2025-10-30 14:04:47,proposed,-75.0,-73.8814,-70.3957,-64.6946,-56.994,-47.5999,-36.805,-25.0,-12.5,0.0,12.5,25.0,36.805,47.5999,56.994,64.6946,70.3957,73.8814,75.0,73.8814,70.3957,64.6946,56.994,47.5999,36.805,25.0,12.5,0.0,-12.5,-25.0,-36.805,-47.5999,-56.994,-64.6946,-70.3957,-73.8814,-75.0,-73.8814,-70.3957,-64.6946,-56.994,-47.5999,-36.805,-25.0,-12.5,0.0,12.5,25.0,36.805,47.5999
383,2025-10-30 14:05:27,executed,-75.0,-73.8814,-70.3957,-64.6946,-56.994,-47.5999,-36.805,-25.0,-12.5,0.0,12.5,25.0,36.805,47.5999,56.994,64.6946,70.3957,73.8814,75.0,73.8814,70.3957,64.6946,56.994,47.5999,36.805,25.0,12.5,0.0,-12.5,-25.0,-36.805,-47.5999,-56.994,-64.6946,-70.3957,-73.8814,-75.0,-73.8814,-70.3957,-64.6946,-56.994,-47.5999,-36.805,-25.0,-12.5,0.0,12.5,25.0,36.805,47.5999
383,2025-10-30 14:06:46,proposed,17.7031,28.5369,37.6975,45.109,50.723,54.5126,56.4673,56.5925,54.912,51.503,46.4646,40.0039,32.3556,23.7744,14.5262,4.898,-4.9082,-14.5262,-23.7744,-32.3556,-40.0039,-46.4646,-51.503,-54.912,-56.5925,-56.4673,-54.5126,-50.723,-45.109,-37.6975,-28.5369,-17.7031,-5.5097,6.9466,19.0809,30.202,39.8002,47.6002,53.4002,57.0002,58.2002,56.8002,52.8002,46.2002,37.0002,25.2002,10.8002,-5.2002,-22.8002,-41.6002
384,2025-10-30 14:07:26,executed,17.7031,28.5369,37.6975,45.109,50.723,54.5126,56.4673,56.5925,54.912,51.503,46.4646,40.0039,32.3556,23.7744,14.5262,4.898,-4.9082,-14.5262,-23.7744,-32.3556,-40.0039,-46.4646,-51.503,-54.912,-56.5925,-56.4673,-54.5126,-50.723,-45.109,-37.6975,-28.5369,-17.7031,-5.5097,6.9466,19.0809,30.202,39.8002,47.6002,53.4002,57.0002,58.2002,56.8002,52.8002,46.2002,37.0002,25.2002,10.8002,-5.2002,-22.8002,-41.6002
384,2025-10-30 14:08:29,proposed,86.1368,83.176,82.3855,79.9198,73.7144,69.2618,62.0776,55.6791,48.9755,39.0201,31.9566,23.4907,14.3546,5.0611,-3.8329,-11.666,-20.9169,-27.086,-34.9698,-41.3473,-47.4592,-52.0241,-56.099,-59.5405,-61.6449,-62.9034,-62.9928,-62.071,-60.1208,-57.1741,-53.2707,-48.4805,-42.8708,-36.5218,-29.5228,-21.961,-13.9408,-5.5741,2.9607,11.5305,19.9908,28.2418,36.1628,43.631,50.5508,56.8141,62.3107,66.9605,70.6708,73.3618
385,2025-10-30 14:09:09,executed,86.1368,83.176,82.3855,79.9198,73.7144,69.2618,62.0776,55.6791,48.9755,39.0201,31.9566,23.4907,14.3546,5.0611,-3.8329,-11.666,-20.9169,-27.086,-34.9698,-41.3473,-47.4592,-52.0241,-56.099,-59.5405,-61.6449,-62.9034,-62.9928,-62.071,-60.1208,-57.1741,-53.2707,-48.4805,-42.8708,-36.5218,-29.5228,-21.961,-13.9408,-5.5741,2.9607,11.5305,19.9908,28.2418,36.1628,43.631,50.5508,56.8141,62.3107,66.9605,70.6708,73.3618
385,2025-10-30 14:10:09,proposed,0.003507455850122905,17.56847849187313,33.64259837912445,47.01416960810484,56.66698642735749,61.73719811462057,61.54719266150244,55.67910931557053,44.02011739023605,26.96348821945536,5.097095204423002,-19.38753233860431,-45.02492576083832,-70.1873302251025,-92.0526017120613,-108.7904033285747,-118.8927092126233,-121.3686885375545,-115.7725916301297,-102.2612053123533,-81.4287813204369,-54.34305891460368,-22.42880775902046,13.91420790892287,52.88047913361715,90.1348123281057,118.6656754024345,133.5658092804369,131.6253245465552,112.1818222883074,76.8407887340055,29.56942080351323,-25.26388487979624,-80.6010534240751,-130.3444268600122,-170.0,-170.0,-170.0,-170.0,-170.0,-170.0,-170.0,-170.0,-170.0,-170.0,-170.0,-170.0,-170.0,-170.0,-170.0
386,2025-10-30 14:10:49,executed,0.003507455850122905,17.56847849187313,33.64259837912445,47.01416960810484,56.66698642735749,61.73719811462057,61.54719266150244,55.67910931557053,44.02011739023605,26.96348821945536,5.097095204423002,-19.38753233860431,-45.02492576083832,-70.1873302251025,-92.0526017120613,-108.7904033285747,-118.8927092126233,-121.3686885375545,-115.7725916301297,-102.2612053123533,-81.4287813204369,-54.34305891460368,-22.42880775902046,13.91420790892287,52.88047913361715,90.1348123281057,118.6656754024345,133.5658092804369,131.6253245465552,112.1818222883074,76.8407887340055,29.56942080351323,-25.26388487979624,-80.6010534240751,-130.3444268600122,-170.0,-170.0,-170.0,-170.0,-170.0,-170.0,-170.0,-170.0,-170.0,-170.0,-170.0,-170.0,-170.0,-170.0,-170.0
386,2025-10-30 14:12:36,proposed,85.0,84.3025,82.8197,80.569,77.583,73.917,69.636,64.797,59.467,53.714,47.609,41.224,34.632,27.905,21.115,14.334,7.634,1.086,-5.215,-11.316,-17.119,-22.539,-27.501,-31.936,-35.782,-39.0,-41.56,-43.439,-44.62,-45.09,-44.848,-43.903,-42.269,-40.002,-37.106,-33.61,-29.547,-24.959,-19.897,-14.414,-8.566,-2.411,3.992,10.556,17.164,23.704,30.068,36.15,41.846,47.058
387,2025-10-30 14:13:16,executed,85.0,84.3025,82.8197,80.569,77.583,73.917,69.636,64.797,59.467,53.714,47.609,41.224,34.632,27.905,21.115,14.334,7.634,1.086,-5.215,-11.316,-17.119,-22.539,-27.501,-31.936,-35.782,-39.0,-41.56,-43.439,-44.62,-45.09,-44.848,-43.903,-42.269,-40.002,-37.106,-33.61,-29.547,-24.959,-19.897,-14.414,-8.566,-2.411,3.992,10.556,17.164,23.704,30.068,36.15,41.846,47.058
387,2025-10-30 14:17:32,proposed,0.0,7.6201,15.0489,22.2559,29.1477,35.6477,41.6806,47.173,52.0538,56.254,59.7077,62.3526,64.1396,65.0242,64.9678,63.9406,61.928,58.922,54.9205,49.937,43.999,37.1408,29.401,20.822,11.449,1.332,-9.096,-19.664,-29.296,-37.928,-45.504,-51.976,-57.304,-61.456,-64.416,-66.176,-66.736,-66.104,-64.296,-61.336,-57.256,-52.104,-45.936,-38.816,-30.816,-21.992,-12.424,-2.192,8.488,19.328
388,2025-10-30 14:18:12,executed,0.0,7.6201,15.0489,22.2559,29.1477,35.6477,41.6806,47.173,52.0538,56.254,59.7077,62.3526,64.1396,65.0242,64.9678,63.9406,61.928,58.922,54.9205,49.937,43.999,37.1408,29.401,20.822,11.449,1.332,-9.096,-19.664,-29.296,-37.928,-45.504,-51.976,-57.304,-61.456,-64.416,-66.176,-66.736,-66.104,-64.296,-61.336,-57.256,-52.104,-45.936,-38.816,-30.816,-21.992,-12.424,-2.192,8.488,19.328
388,2025-10-30 14:19:01,proposed,0.0,13.3607,26.0462,37.7816,48.3189,57.447,65.0,70.8524,74.9126,77.1266,77.4765,75.9891,72.7301,67.8079,61.3654,53.5787,44.6541,34.7963,24.2186,13.139,1.7766,-9.6601,-20.803,-31.4286,-41.3323,-50.334,-58.269,-65.0,-70.3958,-74.359,-76.8203,-77.7301,-77.0685,-74.8398,-71.1066,-65.9754,-59.5708,-52.0304,-43.492,-34.1,-24.0,-13.3607,-2.6046,7.7782,17.1645,25.7143,33.3333,39.9301,45.4286,49.7551
389,2025-10-30 14:19:41,executed,0.0,13.3607,26.0462,37.7816,48.3189,57.447,65.0,70.8524,74.9126,77.1266,77.4765,75.9891,72.7301,67.8079,61.3654,53.5787,44.6541,34.7963,24.2186,13.139,1.7766,-9.6601,-20.803,-31.4286,-41.3323,-50.334,-58.269,-65.0,-70.3958,-74.359,-76.8203,-77.7301,-77.0685,-74.8398,-71.1066,-65.9754,-59.5708,-52.0304,-43.492,-34.1,-24.0,-13.3607,-2.6046,7.7782,17.1645,25.7143,33.3333,39.9301,45.4286,49.7551
389,2025-10-30 14:20:56,proposed,0.0,11.13988640778844,22.04944007802868,32.54900762194605,42.54900762194605,51.96020000000001,60.67210000000001,68.59970000000001,75.6175,81.6508,86.6209,90.4503,93.0768,94.443,94.5001,93.2001,90.5001,86.5001,81.3001,74.9001,67.4001,58.9001,49.5001,39.3001,28.4001,17.0001,5.2001,-6.9001,-19.3001,-31.6001,-43.5001,-54.7001,-65.0001,-74.2001,-82.2001,-88.9001,-94.2001,-98.0001,-100.2001,-100.8001,-99.8001,-97.2001,-93.0001,-87.3001,-80.2001,-71.8001,-62.2001,-51.5001,-39.8001,-27.2001
390,2025-10-30 14:21:36,executed,0.0,11.13988640778844,22.04944007802868,32.54900762194605,42.54900762194605,51.96020000000001,60.67210000000001,68.59970000000001,75.6175,81.6508,86.6209,90.4503,93.0768,94.443,94.5001,93.2001,90.5001,86.5001,81.3001,74.9001,67.4001,58.9001,49.5001,39.3001,28.4001,17.0001,5.2001,-6.9001,-19.3001,-31.6001,-43.5001,-54.7001,-65.0001,-74.2001,-82.2001,-88.9001,-94.2001,-98.0001,-100.2001,-100.8001,-99.8001,-97.2001,-93.0001,-87.3001,-80.2001,-71.8001,-62.2001,-51.5001,-39.8001,-27.2001
390,2025-10-30 14:22:55,proposed,100.0,99.2512,96.0154,93.35,88.3348,82.0648,74.6493,66.1998,56.8367,46.6852,35.8674,24.5075,12.7327,0.7802,-11.15,-22.9198,-34.3878,-45.4265,-56.0148,-66.0429,-75.4182,-84.0626,-91.2512,-90.0,-89.2512,-82.0626,-75.4182,-66.0429,-56.0148,-45.4265,-34.3878,-22.9198,-11.15,0.7802,12.7327,24.5075,35.8674,46.6852,56.8367,66.1998,74.6493,82.0648,88.3348,93.35,96.0154,99.2512,100.0,99.2512,96.0154,93.35
391,2025-10-30 14:23:35,executed,100.0,99.2512,96.0154,93.35,88.3348,82.0648,74.6493,66.1998,56.8367,46.6852,35.8674,24.5075,12.7327,0.7802,-11.15,-22.9198,-34.3878,-45.4265,-56.0148,-66.0429,-75.4182,-84.0626,-91.2512,-90.0,-89.2512,-82.0626,-75.4182,-66.0429,-56.0148,-45.4265,-34.3878,-22.9198,-11.15,0.7802,12.7327,24.5075,35.8674,46.6852,56.8367,66.1998,74.6493,82.0648,88.3348,93.35,96.0154,99.2512,100.0,99.2512,96.0154,93.35
391,2025-10-30 14:24:24,proposed,0.0,5.0935,10.354,15.1957,19.4673,23.3614,26.6801,29.3533,31.3908,32.6788,33.2003,32.8901,31.8808,30.1306,27.7551,24.869,21.5822,17.9946,14.1905,10.2569,6.2736,2.3195,-1.5402,-5.2001,-8.6596,-11.8205,-14.6939,-17.2941,-19.6385,-21.7421,-23.5999,-25.2245,-26.631,-27.8373,-28.8509,-29.6852,-30.3504,-30.8504,-31.2001,-31.4001,-31.4504,-31.3504,-31.1005,-30.7005,-30.1504,-29.4504,-28.6005,-27.6005,-26.4504,-25.1504
392,2025-10-30 14:25:04,executed,0.0,5.0935,10.354,15.1957,19.4673,23.3614,26.6801,29.3533,31.3908,32.6788,33.2003,32.8901,31.8808,30.1306,27.7551,24.869,21.5822,17.9946,14.1905,10.2569,6.2736,2.3195,-1.5402,-5.2001,-8.6596,-11.8205,-14.6939,-17.2941,-19.6385,-21.7421,-23.5999,-25.2245,-26.631,-27.8373,-28.8509,-29.6852,-30.3504,-30.8504,-31.2001,-31.4001,-31.4504,-31.3504,-31.1005,-30.7005,-30.1504,-29.4504,-28.6005,-27.6005,-26.4504,-25.1504
392,2025-10-30 14:26:28,proposed,67.6859,75.4314,76.3889,68.8469,55.2774,37.3591,17.0293,-4.3312,-24.7165,-42.8775,-57.6732,-68.3094,-74.2854,-75.6131,-72.6271,-65.851,-55.8923,-43.5767,-29.7582,-15.1836,-0.4684,13.765,26.5426,37.5115,45.8621,30.5276,39.1233,41.7629,38.1333,28.9539,15.4235,-0.0794,-15.8521,-30.0565,-41.3644,-49.387,-53.9405,-55.079,-52.9145,-47.8165,-40.2456,-30.7081,-19.7339,-7.8255,4.4219,15.6007,25.1249,32.4898,37.3266,39.395
393,2025-10-30 14:27:08,executed,67.6859,75.4314,76.3889,68.8469,55.2774,37.3591,17.0293,-4.3312,-24.7165,-42.8775,-57.6732,-68.3094,-74.2854,-75.6131,-72.6271,-65.851,-55.8923,-43.5767,-29.7582,-15.1836,-0.4684,13.765,26.5426,37.5115,45.8621,30.5276,39.1233,41.7629,38.1333,28.9539,15.4235,-0.0794,-15.8521,-30.0565,-41.3644,-49.387,-53.9405,-55.079,-52.9145,-47.8165,-40.2456,-30.7081,-19.7339,-7.8255,4.4219,15.6007,25.1249,32.4898,37.3266,39.395
393,2025-10-30 14:27:54,proposed,0.0,19.8669,38.9418,56.4642,71.7356,84.1471,93.2039,98.545,99.9574,97.3848,90.9297,80.8496,67.5946,51.6847,33.7107,14.3347,-5.0585,-24.4999,-43.0805,-60.0007,-74.5946,-86.2435,-94.4999,-99.0984,-99.9999,-97.2999,-91.1999,-81.9999,-70.0999,-55.9999,-40.2999,-23.6999,-6.8999,9.5999,25.4999,40.0999,52.9999,63.8999,72.5999,78.9999,83.0999,84.9999,84.7999,82.6999,78.7999,73.2999,66.3999,58.2999,49.1999,39.2999
394,2025-10-30 14:28:34,executed,0.0,19.8669,38.9418,56.4642,71.7356,84.1471,93.2039,98.545,99.9574,97.3848,90.9297,80.8496,67.5946,51.6847,33.7107,14.3347,-5.0585,-24.4999,-43.0805,-60.0007,-74.5946,-86.2435,-94.4999,-99.0984,-99.9999,-97.2999,-91.1999,-81.9999,-70.0999,-55.9999,-40.2999,-23.6999,-6.8999,9.5999,25.4999,40.0999,52.9999,63.8999,72.5999,78.9999,83.0999,84.9999,84.7999,82.6999,78.7999,73.2999,66.3999,58.2999,49.1999,39.2999
394,2025-10-30 14:29:26,proposed,5.922112467367807,43.12386127161868,67.5750868840742,69.34971718305036,50.36906233074813,14.80814099275988,-24.71650683790012,-57.67323861271618,-75.61310708688407,-74.28543735919988,-55.27740683790012,-25.2680131159258,13.06460281708688,43.5767068840742,68.84693735919988,76.38890281708689,68.84693735919988,43.5767068840742,13.06460281708688,-25.2680131159258,-55.27740683790012,-74.28543735919988,-75.61310708688407,-57.67323861271618,-24.71650683790012,14.80814099275988,50.36906233074813,69.34971718305036,67.5750868840742,43.12386127161868,5.922112467367807,-31.21650683790012,-60.27740683790012,-77.61310708688407,-75.28543735919988,-55.27740683790012,-24.71650683790012,14.80814099275988,50.36906233074813,69.34971718305036,67.5750868840742,43.12386127161868,5.922112467367807,-31.21650683790012,-60.27740683790012,-77.61310708688407,-75.28543735919988,-55.27740683790012,-24.71650683790012,14.80814099275988
395,2025-10-30 14:30:06,executed,5.922112467367807,43.12386127161868,67.5750868840742,69.34971718305036,50.36906233074813,14.80814099275988,-24.71650683790012,-57.67323861271618,-75.61310708688407,-74.28543735919988,-55.27740683790012,-25.2680131159258,13.06460281708688,43.5767068840742,68.84693735919988,76.38890281708689,68.84693735919988,43.5767068840742,13.06460281708688,-25.2680131159258,-55.27740683790012,-74.28543735919988,-75.61310708688407,-57.67323861271618,-24.71650683790012,14.80814099275988,50.36906233074813,69.34971718305036,67.5750868840742,43.12386127161868,5.922112467367807,-31.21650683790012,-60.27740683790012,-77.61310708688407,-75.28543735919988,-55.27740683790012,-24.71650683790012,14.80814099275988,50.36906233074813,69.34971718305036,67.5750868840742,43.12386127161868,5.922112467367807,-31.21650683790012,-60.27740683790012,-77.61310708688407,-75.28543735919988,-55.27740683790012,-24.71650683790012,14.80814099275988
395,2025-10-30 14:31:10,proposed,89.9655,87.4116,84.974,80.9996,76.5395,70.8258,64.0869,55.9754,47.6067,38.0772,27.6749,17.027,6.0097,-4.8967,-15.6596,-26.0694,-36.0125,-45.092,-53.6038,-60.9168,-67.4328,-72.6833,-76.6974,-79.5985,-80.996,-81.0805,-79.7997,-76.9922,-73.0854,-68.0838,-62.0838,-55.0838,-47.0838,-38.0838,-28.0838,-17.0838,-5.0838,7.0838,18.0838,29.0838,40.0838,51.0838,62.0838,73.0838,84.0838,87.4116,84.974,80.9996,76.5395,70.8258
396,2025-10-30 14:31:50,executed,89.9655,87.4116,84.974,80.9996,76.5395,70.8258,64.0869,55.9754,47.6067,38.0772,27.6749,17.027,6.0097,-4.8967,-15.6596,-26.0694,-36.0125,-45.092,-53.6038,-60.9168,-67.4328,-72.6833,-76.6974,-79.5985,-80.996,-81.0805,-79.7997,-76.9922,-73.0854,-68.0838,-62.0838,-55.0838,-47.0838,-38.0838,-28.0838,-17.0838,-5.0838,7.0838,18.0838,29.0838,40.0838,51.0838,62.0838,73.0838,84.0838,87.4116,84.974,80.9996,76.5395,70.8258
396,2025-10-30 14:32:34,proposed,0.0,10.5921,20.8973,30.7001,39.809,48.1402,55.5997,62.0102,67.2966,71.3999,74.2792,75.9305,76.3686,75.6175,73.7144,70.7107,66.6667,61.6501,55.7318,48.9805,41.4608,33.2406,24.4004,15.0305,5.2436,-4.9768,-15.4298,-25.8021,-35.982,-45.8489,-55.2001,-63.8776,-71.7774,-78.7925,-84.7999,-89.6905,-93.3765,-95.779,-96.8407,-96.5001,-94.7001,-91.4001,-86.5001,-79.9001,-71.5001,-61.2001,-49.0001,-34.8001,-18.6001,-0.3001
397,2025-10-30 14:33:14,executed,0.0,10.5921,20.8973,30.7001,39.809,48.1402,55.5997,62.0102,67.2966,71.3999,74.2792,75.9305,76.3686,75.6175,73.7144,70.7107,66.6667,61.6501,55.7318,48.9805,41.4608,33.2406,24.4004,15.0305,5.2436,-4.9768,-15.4298,-25.8021,-35.982,-45.8489,-55.2001,-63.8776,-71.7774,-78.7925,-84.7999,-89.6905,-93.3765,-95.779,-96.8407,-96.5001,-94.7001,-91.4001,-86.5001,-79.9001,-71.5001,-61.2001,-49.0001,-34.8001,-18.6001,-0.3001
397,2025-10-30 14:33:55,proposed,70.0,69.4402688828989,67.7126505080076,64.8968951239103,61.0305886962089,56.18711909778179,50.44900000000001,43.91040000000001,36.67500000000001,28.857600000000005,20.582200000000004,11.973,3.153900000000001,-5.700100000000001,-14.456000000000001,-22.9806,-31.1501,-38.8489,-45.9698,-52.4173,-58.101,-62.9468,-66.8876,-69.8637,-70.0,-69.8637,-66.8876,-62.9468,-58.101,-52.4173,-45.9698,-38.8489,-31.1501,-22.9806,-14.456000000000001,-5.700100000000001,3.153900000000001,11.973,20.582200000000004,28.857600000000005,36.67500000000001,43.91040000000001,50.44900000000001,56.18711909778179,61.0305886962089,64.8968951239103,67.7126505080076,69.4402688828989,70.0,69.4402688828989
398,2025-10-30 14:34:35,executed,70.0,69.4402688828989,67.7126505080076,64.8968951239103,61.0305886962089,56.18711909778179,50.44900000000001,43.91040000000001,36.67500000000001,28.857600000000005,20.582200000000004,11.973,3.153900000000001,-5.700100000000001,-14.456000000000001,-22.9806,-31.1501,-38.8489,-45.9698,-52.4173,-58.101,-62.9468,-66.8876,-69.8637,-70.0,-69.8637,-66.8876,-62.9468,-58.101,-52.4173,-45.9698,-38.8489,-31.1501,-22.9806,-14.456000000000001,-5.700100000000001,3.153900000000001,11.973,20.582200000000004,28.857600000000005,36.67500000000001,43.91040000000001,50.44900000000001,56.18711909778179,61.0305886962089,64.8968951239103,67.7126505080076,69.4402688828989,70.0,69.4402688828989
398,2025-10-30 14:36:21,proposed,76.9724,74.92928,72.9792,69.79968,66.2316,61.66064,56.26952,49.78032,43.08536,35.46176,27.13992,18.6216,9.80776,1.08264,-7.52768,-15.85552,-23.81,-31.0736,-37.88304,-43.73344,-48.94624,-53.14664,-56.35792,-58.6788,-59.7968,-59.8644,-58.83976,-56.59376,-53.46832,-49.46704,-44.66704,-39.06704,-32.66704,-25.46704,-17.46704,-8.66704,0.93296,10.66704,19.46704,28.26704,37.06704,45.86704,54.66704,63.46704,72.26704,74.92928,72.9792,69.79968,66.2316,61.66064
399,2025-10-30 14:37:01,executed,76.9724,74.92928,72.9792,69.79968,66.2316,61.66064,56.26952,49.78032,43.08536,35.46176,27.13992,18.6216,9.80776,1.08264,-7.52768,-15.85552,-23.81,-31.0736,-37.88304,-43.73344,-48.94624,-53.14664,-56.35792,-58.6788,-59.7968,-59.8644,-58.83976,-56.59376,-53.46832,-49.46704,-44.66704,-39.06704,-32.66704,-25.46704,-17.46704,-8.66704,0.93296,10.66704,19.46704,28.26704,37.06704,45.86704,54.66704,63.46704,72.26704,74.92928,72.9792,69.79968,66.2316,61.66064
399,2025-10-30 14:37:55,proposed,0.0,52.880516,68.30944,57.673238,28.95393,-12.317,-47.78367,-70.0,-68.30944,-47.78367,-12.317,28.95393,57.673238,68.30944,52.880516,0.0,-52.880516,-68.30944,-57.673238,-28.95393,12.317,47.78367,70.0,68.30944,52.880516,0.0,-52.880516,-68.30944,-57.673238,-28.95393,12.317,47.78367,70.0,68.30944,52.880516,0.0,-52.880516,-68.30944,-57.673238,-28.95393,12.317,47.78367,70.0,68.30944,52.880516,0.0,-52.880516,-68.30944,-57.673238,-28.95393
400,2025-10-30 14:38:35,executed,0.0,52.880516,68.30944,57.673238,28.95393,-12.317,-47.78367,-70.0,-68.30944,-47.78367,-12.317,28.95393,57.673238,68.30944,52.880516,0.0,-52.880516,-68.30944,-57.673238,-28.95393,12.317,47.78367,70.0,68.30944,52.880516,0.0,-52.880516,-68.30944,-57.673238,-28.95393,12.317,47.78367,70.0,68.30944,52.880516,0.0,-52.880516,-68.30944,-57.673238,-28.95393,12.317,47.78367,70.0,68.30944,52.880516,0.0,-52.880516,-68.30944,-57.673238,-28.95393
400,2025-10-30 14:40:58,proposed,0.0,9.40050812373053,18.59983960787399,27.400000000000002,35.619048896,43.18000000000001,50.0,55.91904889600001,60.88000000000001,64.84100000000001,67.78000000000002,69.60889600000002,70.0,69.60889600000002,67.78000000000002,64.84100000000001,60.88000000000001,55.91904889600001,50.0,43.18000000000001,35.619048896,27.400000000000002,18.59983960787399,9.40050812373053,0.0,-9.40050812373053,-18.59983960787399,-27.400000000000002,-35.619048896,-43.18000000000001,-50.0,-55.91904889600001,-60.88000000000001,-64.84100000000001,-67.78000000000002,-69.60889600000002,-70.0,-69.60889600000002,-67.78000000000002,-64.84100000000001,-60.88000000000001,-55.91904889600001,-50.0,-43.18000000000001,-35.619048896,-27.400000000000002,-18.59983960787399,-9.40050812373053,-0.0,0.0
