iter,step,x,y,z,error_m,timestamp
47,211,0.6736809627865687,-0.6736809627865687,0.51,0.0019270812272024782,2025-12-23 22:13:06
47,212,0.6762145311880411,-0.6762145311880411,0.51,0.005374267123062673,2025-12-23 22:13:06
47,213,0.6787291329501123,-0.6787291329501123,0.51,0.008796824206114896,2025-12-23 22:13:06
47,288,0.8161518711892255,-0.8161518711892255,0.51,0.0027073034495047844,2025-12-23 22:13:08
47,289,0.8174542237063226,-0.8174542237063226,0.51,0.002593469757403163,2025-12-23 22:13:08
47,290,0.8187472611555571,-0.8187472611555571,0.51,0.004369988914262343,2025-12-23 22:13:08
47,291,0.820031102679564,-0.820031102679564,0.51,0.006133952045377056,2025-12-23 22:13:08
47,292,0.8213058610401558,-0.8213058610401558,0.51,0.007885495589484287,2025-12-23 22:13:08
47,293,0.8225716425263943,-0.8225716425263943,0.51,0.009624763627723108,2025-12-23 22:13:08
47,294,0.8238285468731918,-0.8238285468731918,0.51,0.011351892000068288,2025-12-23 22:13:08
47,295,0.8250766671904832,-0.8250766671904832,0.51,0.013067008464078456,2025-12-23 22:13:08
47,296,0.8263160899029882,-0.8263160899029882,0.51,0.014770232241778158,2025-12-23 22:13:08
47,297,0.8275468947005697,-0.8275468947005697,0.51,0.016461673696088655,2025-12-23 22:13:08
47,298,0.828769154499166,-0.828769154499166,0.51,0.018141434072884665,2025-12-23 22:13:08
47,299,0.8299829354122578,-0.8299829354122578,0.51,0.01980960528901704,2025-12-23 22:13:08
47,300,0.8311882967328094,-0.8311882967328094,0.51,0.021466269763658435,2025-12-23 22:13:09
47,301,0.8323852909255998,-0.8323852909255998,0.51,0.02311150029422058,2025-12-23 22:13:09
47,302,0.8335739636298392,-0.8335739636298392,0.51,0.024745359977862667,2025-12-23 22:13:09
47,303,0.8347543536719448,-0.8347543536719448,0.51,0.026367902178001536,2025-12-23 22:13:09
47,304,0.8359264930883264,-0.8359264930883264,0.51,0.027979170533403205,2025-12-23 22:13:09
47,305,0.8370904071580121,-0.8370904071580121,0.51,0.029579199005927037,2025-12-23 22:13:09
47,306,0.8382461144449223,-0.8382461144449223,0.51,0.0155839937777112,2025-12-23 22:13:09
47,307,0.8393936268495792,-0.8393936268495792,0.51,0.01637296895674666,2025-12-23 22:13:09
47,308,0.8405329496700187,-0.8405329496700187,0.51,0.017156353003318976,2025-12-23 22:13:09
47,309,0.8416640816716501,-0.8416640816716501,0.51,0.017934143513450816,2025-12-23 22:13:09
47,310,0.8427870151657911,-0.8427870151657911,0.51,0.0187063328043557,2025-12-23 22:13:09
47,311,0.8439017360965864,-0.8439017360965864,0.51,0.019472909278798977,2025-12-23 22:13:09
47,312,0.8450082241359984,-0.8450082241359984,0.51,0.02023385749125779,2025-12-23 22:13:09
47,313,0.8461064527865451,-0.8461064527865451,0.51,0.020989158046377656,2025-12-23 22:13:09
47,314,0.847196389491439,-0.847196389491439,0.51,0.02173878754217096,2025-12-23 22:13:09
47,315,0.8482779957517722,-0.8482779957517722,0.51,0.02248271857132179,2025-12-23 22:13:09
47,316,0.8493512272503708,-0.8493512272503708,0.51,0.023220919762788526,2025-12-23 22:13:09
47,317,0.8504160339819388,-0.8504160339819388,0.51,0.0239533558481429,2025-12-23 22:13:09
47,318,0.8514723603890899,-0.8514723603890899,0.51,0.02467998774298588,2025-12-23 22:13:09
47,319,0.8525201455038646,-0.8525201455038646,0.51,0.02540077263802977,2025-12-23 22:13:10
47,320,0.8535593230943138,-0.8535593230943138,0.51,0.026115664096730763,2025-12-23 22:13:10
47,321,0.854589821815729,-0.854589821815729,0.51,0.02682461215783674,2025-12-23 22:13:10
47,322,0.8556115653660874,-0.8556115653660874,0.51,0.027527563441729908,2025-12-23 22:13:10
47,323,0.8566244726452813,-0.8566244726452813,0.51,0.028224461259919086,2025-12-23 22:13:10
47,324,0.8576284579176933,-0.8576284579176933,0.51,0.028915245727135466,2025-12-23 22:13:10
47,325,0.8586234309776808,-0.8586234309776808,0.51,0.029599853875598263,2025-12-23 22:13:10
47,326,0.8596092973175319,-0.8596092973175319,0.51,0.02018547280182829,2025-12-23 22:13:10
47,327,0.8605859582974555,-0.8605859582974555,0.51,0.020633566835668936,2025-12-23 22:13:10
47,328,0.8615533113171739,-0.8615533113171739,0.51,0.021077409133858728,2025-12-23 22:13:10
47,329,0.8625112499886868,-0.8625112499886868,0.51,0.021516949887690855,2025-12-23 22:13:10
47,330,0.8634596643097854,-0.8634596643097854,0.51,0.021952137481461565,2025-12-23 22:13:10
47,331,0.8643984408379003,-0.8643984408379003,0.51,0.022382918782013442,2025-12-23 22:13:10
47,332,0.8653274628638749,-0.8653274628638749,0.51,0.022809239268001467,2025-12-23 22:13:10
47,333,0.8662466105852678,-0.8662466105852678,0.51,0.02323104310248341,2025-12-23 22:13:10
47,334,0.8671557612787977,-0.8671557612787977,0.51,0.023648273189845765,2025-12-23 22:13:10
47,335,0.8680547894715565,-0.8680547894715565,0.51,0.024060871231887816,2025-12-23 22:13:10
47,336,0.8689435671106297,-0.8689435671106297,0.51,0.024468777787395517,2025-12-23 22:13:10
47,337,0.8698219637307782,-0.8698219637307782,0.51,0.024871932335543287,2025-12-23 22:13:11
47,338,0.870689846619851,-0.870689846619851,0.51,0.0252702733422487,2025-12-23 22:13:11
47,339,0.8715470809816135,-0.8715470809816135,0.51,0.02566373832837524,2025-12-23 22:13:11
47,340,0.8723935300956946,-0.8723935300956946,0.51,0.026052263938787408,2025-12-23 22:13:11
47,341,0.8732290554743742,-0.8732290554743742,0.51,0.02643578601148842,2025-12-23 22:13:11
47,342,0.8740535170159479,-0.8740535170159479,0.51,0.02681423964622205,2025-12-23 22:13:11
47,343,0.8748667731544304,-0.8748667731544304,0.51,0.027187559272112933,2025-12-23 22:13:11
47,344,0.8756686810053732,-0.8756686810053732,0.51,0.027555678714003523,2025-12-23 22:13:11
47,345,0.8764590965075961,-0.8764590965075961,0.51,0.027918531257252483,2025-12-23 22:13:11
47,346,0.8772378745606514,-0.8772378745606514,0.51,0.028276049710765916,2025-12-23 22:13:11
47,347,0.8780048691578586,-0.8780048691578586,0.51,0.028628166468190285,2025-12-23 22:13:11
47,348,0.8787599335147721,-0.8787599335147721,0.51,0.028974813567074438,2025-12-23 22:13:11
47,349,0.8795029201929614,-0.8795029201929614,0.51,0.029315922745967327,2025-12-23 22:13:11
47,350,0.8802336812190067,-0.8802336812190067,0.51,0.029651425499363435,2025-12-23 22:13:11
47,351,0.8809520681986334,-0.8809520681986334,0.51,0.029981253130450122,2025-12-23 22:13:11
47,352,0.881657932425929,-0.881657932425929,0.51,0.02272899963387197,2025-12-23 22:13:11
47,353,0.8823511249876079,-0.8823511249876079,0.51,0.022967733296724923,2025-12-23 22:13:11
47,354,0.8830314968623078,-0.8830314968623078,0.51,0.023202056824402125,2025-12-23 22:13:11
47,355,0.8836988990149246,-0.8836988990149246,0.51,0.023431918300155938,2025-12-23 22:13:11
47,356,0.8843531824860097,-0.8843531824860097,0.51,0.023657265829654963,2025-12-23 22:13:12
47,357,0.8849941984762739,-0.8849941984762739,0.51,0.02387804759663073,2025-12-23 22:13:12
47,358,0.8856217984262611,-0.8856217984262611,0.51,0.024094211898912827,2025-12-23 22:13:12
47,359,0.8862358340912724,-0.8862358340912724,0.51,0.02430570717451355,2025-12-23 22:13:12
47,360,0.8868361576116404,-0.8868361576116404,0.51,0.024512482022751848,2025-12-23 22:13:12
47,361,0.8874226215784686,-0.8874226215784686,0.51,0.024714485222818276,2025-12-23 22:13:12
47,362,0.887995079094969,-0.887995079094969,0.51,0.024911665750975975,2025-12-23 22:13:12
47,363,0.8885533838335444,-0.8885533838335444,0.51,0.025103972796827405,2025-12-23 22:13:12
47,364,0.8890973900887803,-0.8890973900887803,0.51,0.025291355778870404,2025-12-23 22:13:12
47,365,0.8896269528265217,-0.8896269528265217,0.51,0.025473764359321402,2025-12-23 22:13:12
47,366,0.8901419277292263,-0.8901419277292263,0.51,0.025651148458206992,2025-12-23 22:13:12
47,367,0.8906421712377967,-0.8906421712377967,0.51,0.025824448339429276,2025-12-23 22:13:12
47,368,0.8911275405901066,-0.8911275405901066,0.51,0.02599074659008944,2025-12-23 22:13:12
47,369,0.8915978938564473,-0.8915978938564473,0.51,0.02615276324181647,2025-12-23 22:13:12
47,370,0.892053089972129,-0.892053089972129,0.51,0.02630955668401411,2025-12-23 22:13:12
47,371,0.8924929887674841,-0.8924929887674841,0.51,0.026462061269626906,2025-12-23 22:13:12
47,372,0.8929174509955237,-0.8929174509955237,0.51,0.02660738637154029,2025-12-23 22:13:12
47,373,0.89332633835751,-0.89332633835751,0.51,0.026748225561277494,2025-12-23 22:13:12
47,374,0.893719513526711,-0.893719513526711,0.51,0.02688462304705637,2025-12-23 22:13:12
47,375,0.8940968401706104,-0.8940968401706104,0.51,0.02701371613866036,2025-12-23 22:13:13
47,376,0.8944581829718515,-0.8944581829718515,0.51,0.027138171137469334,2025-12-23 22:13:13
47,377,0.8948034076481953,-0.8948034076481953,0.51,0.027257988304537104,2025-12-23 22:13:13
47,378,0.8951323809717783,-0.8951323809717783,0.51,0.027370474482401548,2025-12-23 22:13:13
47,379,0.8954449707879559,-0.8954449707879559,0.51,0.02747906510888586,2025-12-23 22:13:13
47,380,0.8957410460340193,-0.8957410460340193,0.51,0.027580192824719504,2025-12-23 22:13:13
47,381,0.8960204767580725,-0.8960204767580725,0.51,0.0276773436068736,2025-12-23 22:13:13
47,382,0.8962831341383579,-0.8962831341383579,0.51,0.027766964047628004,2025-12-23 22:13:13
47,383,0.8965288905033137,-0.8965288905033137,0.51,0.027852473851240803,2025-12-23 22:13:13
47,384,0.8967576193526473,-0.8967576193526473,0.51,0.02793142919035658,2025-12-23 22:13:13
47,385,0.8969691953797023,-0.8969691953797023,0.51,0.028003373611461813,2025-12-23 22:13:13
47,386,0.8971634944953949,-0.8971634944953949,0.51,0.028071155144028657,2025-12-23 22:13:13
47,387,0.8973403938539873,-0.8973403938539873,0.51,0.028132220237175466,2025-12-23 22:13:13
47,388,0.8974997718809627,-0.8974997718809627,0.51,0.02818618474207095,2025-12-23 22:13:13
47,389,0.8976415083032557,-0.8976415083032557,0.51,0.02823579860706408,2025-12-23 22:13:13
47,390,0.8977654841820878,-0.8977654841820878,0.51,0.028278591774088,2025-12-23 22:13:13
47,391,0.8978715819486445,-0.8978715819486445,0.51,0.028315216417483424,2025-12-23 22:13:13
47,392,0.8979596854428241,-0.8979596854428241,0.51,0.028345631252122264,2025-12-23 22:13:13
47,393,0.8980296799552763,-0.8980296799552763,0.51,0.02836876841190704,2025-12-23 22:13:14
47,394,0.8980814522729352,-0.8980814522729352,0.51,0.02838731381344124,2025-12-23 22:13:14
47,395,0.8981148907282429,-0.8981148907282429,0.51,0.02839885481018221,2025-12-23 22:13:14
47,396,0.898129885252242,-0.898129885252242,0.51,0.02840403011697934,2025-12-23 22:13:14
47,397,0.8981263274317041,-0.8981263274317041,0.51,0.02840280214362692,2025-12-23 22:13:14
47,398,0.8981041105704453,-0.8981041105704453,0.51,0.028395134105677195,2025-12-23 22:13:14
47,399,0.8980631297549637,-0.8980631297549637,0.51,0.028380990051336485,2025-12-23 22:13:14
47,400,0.8980032819245173,-0.8980032819245173,0.51,0.028360334890562337,2025-12-23 22:13:14
47,401,0.8979244659457425,-0.8979244659457425,0.51,0.028333134426421422,2025-12-23 22:13:14
47,402,0.8978265826918969,-0.8978265826918969,0.51,0.028299355388767513,2025-12-23 22:13:14
47,403,0.8977095351267884,-0.8977095351267884,0.51,0.02825896547029893,2025-12-23 22:13:14
47,404,0.8975732283934366,-0.8975732283934366,0.51,0.02821193336504669,2025-12-23 22:13:14
47,405,0.8974175699074858,-0.8974175699074858,0.51,0.02815822880934952,2025-12-23 22:13:14
47,406,0.8972424694553762,-0.8972424694553762,0.51,0.028097822625363873,2025-12-23 22:13:14
47,407,0.8970478392972503,-0.8970478392972503,0.51,0.028030686767158204,2025-12-23 22:13:14
47,408,0.8968335942745538,-0.8968335942745538,0.51,0.027956794369441505,2025-12-23 22:13:14
47,409,0.8965996519222662,-0.8965996519222662,0.51,0.0278761197989681,2025-12-23 22:13:14
47,410,0.8963459325856726,-0.8963459325856726,0.51,0.02778863870867155,2025-12-23 22:13:14
47,411,0.896072359541565,-0.896072359541565,0.51,0.02769432809456705,2025-12-23 22:13:14
47,412,0.8957788591237362,-0.8957788591237362,0.51,0.02759316635547809,2025-12-23 22:13:14
47,413,0.895465360852609,-0.895465360852609,0.51,0.027485133355630315,2025-12-23 22:13:15
47,414,0.8951317975688101,-0.8951317975688101,0.51,0.027370210490171642,2025-12-23 22:13:15
47,415,0.8947781055704854,-0.8947781055704854,0.51,0.02724838075367297,2025-12-23 22:13:15
47,416,0.8944042247541167,-0.8944042247541167,0.51,0.02711962881167629,2025-12-23 22:13:15
47,417,0.8940100987585838,-0.8940100987585838,0.51,0.026982835808841085,2025-12-23 22:13:15
47,418,0.8935956751121866,-0.8935956751121866,0.51,0.02683986088485419,2025-12-23 22:13:15
47,419,0.8931609053823187,-0.8931609053823187,0.51,0.0266908118326491,2025-12-23 22:13:15
47,420,0.8927057453274599,-0.8927057453274599,0.51,0.026532961105216878,2025-12-23 22:13:15
47,421,0.8922301550511316,-0.8922301550511316,0.51,0.02636891176899494,2025-12-23 22:13:15
47,422,0.8917340991574343,-0.8917340991574343,0.51,0.026197810275839544,2025-12-23 22:13:15
47,423,0.8912175469077662,-0.8912175469077662,0.51,0.026020641325045068,2025-12-23 22:13:15
47,424,0.8906804723782977,-0.8906804723782977,0.51,0.02583451097800306,2025-12-23 22:13:15
47,425,0.8901228546177569,-0.8901228546177569,0.51,0.02564220648171912,2025-12-23 22:13:15
47,426,0.8895446778050607,-0.8895446778050607,0.51,0.025442819842718435,2025-12-23 22:13:15
47,427,0.8889459314063086,-0.8889459314063086,0.51,0.02523634858543335,2025-12-23 22:13:15
47,428,0.8883266103306346,-0.8883266103306346,0.51,0.025022791913821125,2025-12-23 22:13:15
47,429,0.8876867150844021,-0.8876867150844021,0.51,0.0248021508520138,2025-12-23 22:13:15
47,430,0.8870262519232058,-0.8870262519232058,0.51,0.0245744283470072,2025-12-23 22:13:15
47,431,0.8863452330011358,-0.8863452330011358,0.51,0.024339629349493984,2025-12-23 22:13:16
47,432,0.8856436765167444,-0.8856436765167444,0.51,0.02409776088164023,2025-12-23 22:13:16
47,433,0.8849216068551489,-0.8849216068551489,0.51,0.023848832096663802,2025-12-23 22:13:16
47,434,0.8841790547256916,-0.8841790547256916,0.51,0.02359285433285793,2025-12-23 22:13:16
47,435,0.8834160572945773,-0.8834160572945773,0.51,0.02332984116345118,2025-12-23 22:13:16
47,436,0.8826326583119001,-0.8826326583119001,0.51,0.02305980844302837,2025-12-23 22:13:16
47,437,0.8818289082324726,-0.8818289082324726,0.51,0.022782774350877187,2025-12-23 22:13:16
47,438,0.8810048643298694,-0.8810048643298694,0.51,0.022498759431333764,2025-12-23 22:13:16
47,439,0.8801605908030994,-0.8801605908030994,0.51,0.02961039018000453,2025-12-23 22:13:16
47,440,0.8792961588753286,-0.8792961588753286,0.51,0.02921315168116383,2025-12-23 22:13:16
47,441,0.8784116468840798,-0.8784116468840798,0.51,0.02880670422196936,2025-12-23 22:13:16
47,442,0.8775071403623472,-0.8775071403623472,0.51,0.028391089664160454,2025-12-23 22:13:16
47,443,0.8765827321100771,-0.8765827321100771,0.51,0.0279663526229552,2025-12-23 22:13:16
47,444,0.8756385222554782,-0.8756385222554782,0.51,0.027532540779523936,2025-12-23 22:13:16
47,445,0.8746746183056455,-0.8746746183056455,0.51,0.027089705045977637,2025-12-23 22:13:16
47,446,0.8736911351859992,-0.8736911351859992,0.51,0.026637899657378408,2025-12-23 22:13:16
47,447,0.8726881952680636,-0.8726881952680636,0.51,0.026177182224822754,2025-12-23 22:13:16
47,448,0.871665928385136,-0.871665928385136,0.51,0.02570761376554176,2025-12-23 22:13:16
47,449,0.8706244718354202,-0.8706244718354202,0.51,0.025229258717750905,2025-12-23 22:13:17
47,450,0.8695639703722325,-0.8695639703722325,0.51,0.024742184944109014,2025-12-23 22:13:17
47,451,0.8684845761809149,-0.8684845761809149,0.51,0.024246463725798494,2025-12-23 22:13:17
47,452,0.8673864488421271,-0.8673864488421271,0.51,0.023742169748326526,2025-12-23 22:13:17
47,453,0.8662697552812236,-0.8662697552812236,0.51,0.02322938107961511,2025-12-23 22:13:17
47,454,0.8651346697034568,-0.8651346697034568,0.51,0.02270817914073687,2025-12-23 22:13:17
47,455,0.8639813735147895,-0.8639813735147895,0.51,0.02217864866947532,2025-12-23 22:13:17
47,456,0.8628100552281396,-0.8628100552281396,0.51,0.021640877676808078,2025-12-23 22:13:17
47,457,0.8616209103549171,-0.8616209103549171,0.51,0.021094957396388742,2025-12-23 22:13:17
47,458,0.8604141412817647,-0.8604141412817647,0.51,0.020540982227063267,2025-12-23 22:13:17
47,459,0.859189957132449,-0.859189957132449,0.51,0.02996860726507215,2025-12-23 22:13:17
47,460,0.8579485736148976,-0.8579485736148976,0.51,0.02911386694190943,2025-12-23 22:13:17
47,461,0.8566902128534248,-0.8566902128534248,0.51,0.028247483001039016,2025-12-23 22:13:17
47,462,0.8554151032062275,-0.8554151032062275,0.51,0.02736962450054911,2025-12-23 22:13:17
47,463,0.8541234790682859,-0.8541234790682859,0.51,0.026480458767967355,2025-12-23 22:13:17
47,464,0.852815580659845,-0.852815580659845,0.51,0.02558015504437259,2025-12-23 22:13:17
47,465,0.8514916538006984,-0.8514916538006984,0.51,0.024668885583027482,2025-12-23 22:13:17
47,466,0.8501519496705432,-0.8501519496705432,0.51,0.023746825954944557,2025-12-23 22:13:17
47,467,0.8487967245557171,-0.8487967245557171,0.51,0.02281415507146657,2025-12-23 22:13:17
47,468,0.8474262395826723,-0.8474262395826723,0.51,0.021871055089685794,2025-12-23 22:13:18
47,469,0.8460407604385841,-0.8460407604385841,0.51,0.02091771126192107,2025-12-23 22:13:18
47,470,0.8446405570795331,-0.8446405570795331,0.51,0.01995431175485608,2025-12-23 22:13:18
47,471,0.8432259034267373,-0.8432259034267373,0.51,0.01898104745005519,2025-12-23 22:13:18
47,472,0.8417970770513519,-0.8417970770513519,0.51,0.017998111731678996,2025-12-23 22:13:18
47,473,0.8403543588483876,-0.8403543588483876,0.51,0.01700570026451575,2025-12-23 22:13:18
47,474,0.8388980327003344,-0.8388980327003344,0.51,0.016004010764125085,2025-12-23 22:13:18
47,475,0.8374283851311076,-0.8374283851311076,0.51,0.014993242760362077,2025-12-23 22:13:18
47,476,0.835945704950967,-0.835945704950967,0.51,0.027947339861082103,2025-12-23 22:13:18
47,477,0.8344502828930807,-0.8344502828930807,0.51,0.02589043652260826,2025-12-23 22:13:18
47,478,0.8329424112424376,-0.8329424112424376,0.51,0.02381661263686614,2025-12-23 22:13:18
47,479,0.8314223834578294,-0.8314223834578294,0.51,0.02172627289742879,2025-12-23 22:13:18
47,480,0.8298904937876449,-0.8298904937876449,0.51,0.019619826418544605,2025-12-23 22:13:18
47,481,0.8283470368802378,-0.8283470368802378,0.51,0.017497683079384308,2025-12-23 22:13:18
47,482,0.8267923073896402,-0.8267923073896402,0.51,0.015360252941600563,2025-12-23 22:13:18
47,483,0.8252265995774086,-0.8252265995774086,0.51,0.01320794573219765,2025-12-23 22:13:18
47,484,0.8236502069113985,-0.8236502069113985,0.51,0.01104117037180055,2025-12-23 22:13:18
47,485,0.8220634216622651,-0.8220634216622651,0.51,0.008860334611145495,2025-12-23 22:13:18
47,486,0.8204665344984989,-0.8204665344984989,0.51,0.006665845006674303,2025-12-23 22:13:18
47,487,0.8188598340807979,-0.8188598340807979,0.51,0.004458108379353729,2025-12-23 22:13:19
47,488,0.8172436066565811,-0.8172436066565811,0.51,0.00223754500591958,2025-12-23 22:13:19
47,490,0.8139837012863415,-0.8139837012863415,0.51,0.002240809337082117,2025-12-23 22:13:19
47,491,0.8123405801372955,-0.8123405801372955,0.51,0.004497572137799105,2025-12-23 22:13:19
47,492,0.810689044778378,-0.810689044778378,0.51,0.0067656552785901845,2025-12-23 22:13:19
47,493,0.8090293633687462,-0.8090293633687462,0.51,0.009044658726426218,2025-12-23 22:13:19
47,494,0.8073617992684603,-0.8073617992684603,0.51,0.011334203693493283,2025-12-23 22:13:19
47,495,0.8056866106558124,-0.8056866106558124,0.51,0.013633918732206858,2025-12-23 22:13:19
47,496,0.80400405015087,-0.80400405015087,0.51,0.015943437425113012,2025-12-23 22:13:19
47,497,0.8023143644459176,-0.8023143644459176,0.51,0.0182623972261465,2025-12-23 22:13:19
47,498,0.800617793943459,-0.800617793943459,0.51,0.020590438177154783,2025-12-23 22:13:19
47,1860,0.8177194864737412,-0.8177194864737412,0.51,0.0027848764770160447,2025-12-23 22:13:23
47,1861,0.819010595359531,-0.819010595359531,0.51,0.004558706079595711,2025-12-23 22:13:24
47,1862,0.8202925336514103,-0.8202925336514103,0.51,0.006320040391557175,2025-12-23 22:13:24
47,1863,0.8215654127263127,-0.8215654127263127,0.51,0.008069027344929728,2025-12-23 22:13:24
47,1864,0.8228293374739275,-0.8228293374739275,0.51,0.009805808099158184,2025-12-23 22:13:24
47,1865,0.824084406217334,-0.824084406217334,0.51,0.011530515685943729,2025-12-23 22:13:24
47,1866,0.8253307106442158,-0.8253307106442158,0.51,0.013243274196045747,2025-12-23 22:13:24
47,1867,0.826568335748675,-0.826568335748675,0.51,0.014944198463445482,2025-12-23 22:13:24
47,1868,0.8277973597836418,-0.8277973597836418,0.51,0.016633393915236376,2025-12-23 22:13:24
47,1869,0.8290178542238564,-0.8290178542238564,0.51,0.018310956496261105,2025-12-23 22:13:24
47,1870,0.8302298837393803,-0.8302298837393803,0.51,0.01997697263836907,2025-12-23 22:13:24
47,1871,0.8314335061795683,-0.8314335061795683,0.51,0.02163151926119143,2025-12-23 22:13:24
47,1872,0.8326287725674161,-0.8326287725674161,0.51,0.02327466379700776,2025-12-23 22:13:24
47,1873,0.8338157271041716,-0.8338157271041716,0.51,0.024906464234473995,2025-12-23 22:13:24
47,1874,0.8349944071840817,-0.8349944071840817,0.51,0.02652696917715675,2025-12-23 22:13:24
47,1875,0.8361648434191176,-0.8361648434191176,0.51,0.028136217913653998,2025-12-23 22:13:24
47,1876,0.8373270596735075,-0.8373270596735075,0.51,0.029734240496842135,2025-12-23 22:13:24
47,1877,0.8384810731078783,-0.8384810731078783,0.51,0.015660517372482547,2025-12-23 22:13:24
47,1878,0.8396268942327896,-0.8396268942327896,0.51,0.016448410428609214,2025-12-23 22:13:24
47,1879,0.8407645269714225,-0.8407645269714225,0.51,0.017230717620744476,2025-12-23 22:13:24
47,1880,0.8418939687311662,-0.8418939687311662,0.51,0.01800743510565934,2025-12-23 22:13:25
47,1881,0.843015210483823,-0.843015210483823,0.51,0.018778553866425088,2025-12-23 22:13:25
47,1882,0.844128236854138,-0.844128236854138,0.51,0.01954406103792071,2025-12-23 22:13:25
47,1883,0.8452330262163386,-0.8452330262163386,0.51,0.020303939960567483,2025-12-23 22:13:25
47,1884,0.8463295507983537,-0.8463295507983537,0.51,0.021058170074821057,2025-12-23 22:13:25
47,1885,0.8474177767933656,-0.8474177767933656,0.51,0.021806726863313437,2025-12-23 22:13:25
47,1886,0.8484976644783336,-0.8484976644783336,0.51,0.022549581852026403,2025-12-23 22:13:25
47,1887,0.8495691683391139,-0.8495691683391139,0.51,0.023286702651803794,2025-12-23 22:13:25
47,1888,0.8506322372017883,-0.8506322372017883,0.51,0.024018053024365254,2025-12-23 22:13:25
47,1889,0.8516868143698031,-0.8516868143698031,0.51,0.0247435929629771,2025-12-23 22:13:25
47,1890,0.852732837766509,-0.852732837766509,0.51,0.025463278782396206,2025-12-23 22:13:25
47,1891,0.8537702400826855,-0.8537702400826855,0.51,0.02617706321501941,2025-12-23 22:13:25
47,1892,0.854798948928625,-0.854798948928625,0.51,0.026884895511666607,2025-12-23 22:13:25
47,1893,0.8558188869903463,-0.8558188869903463,0.51,0.027586721545977595,2025-12-23 22:13:25
47,1894,0.856829972189505,-0.856829972189505,0.51,0.02828248392183051,2025-12-23 22:13:25
47,1895,0.8578321178465621,-0.8578321178465621,0.51,0.028972122083349185,2025-12-23 22:13:25
47,1896,0.8588252328467745,-0.8588252328467745,0.51,0.029655572427090757,2025-12-23 22:13:25
47,1897,0.8598092218085679,-0.8598092218085679,0.51,0.020221838695395088,2025-12-23 22:13:25
47,1898,0.8607839852538584,-0.8607839852538584,0.51,0.020669118207445523,2025-12-23 22:13:25
47,1899,0.861749419779888,-0.861749419779888,0.51,0.02111213726928128,2025-12-23 22:13:26
47,1900,0.8627054182321483,-0.8627054182321483,0.51,0.021550845657157366,2025-12-23 22:13:26
47,1901,0.8636518698779684,-0.8636518698779684,0.51,0.02198519137128371,2025-12-23 22:13:26
47,1902,0.8645886605803541,-0.8645886605803541,0.51,0.022415120919695216,2025-12-23 22:13:26
47,1903,0.8655156729716726,-0.8655156729716726,0.51,0.02284057944468368,2025-12-23 22:13:26
47,1904,0.8664327866267875,-0.8664327866267875,0.51,0.023261510793821372,2025-12-23 22:13:26
47,1905,0.8673398782352589,-0.8673398782352589,0.51,0.02367785757586417,2025-12-23 22:13:26
47,1906,0.8682368217722395,-0.8682368217722395,0.51,0.024089561216100383,2025-12-23 22:13:26
47,1907,0.8691234886677061,-0.8691234886677061,0.51,0.024496562015251737,2025-12-23 22:13:26
47,1908,0.8699997479736854,-0.8699997479736854,0.51,0.024898799212303955,2025-12-23 22:13:26
47,1909,0.8708654665291458,-0.8708654665291458,0.51,0.02529621105028528,2025-12-23 22:13:26
47,1910,0.8717205091222431,-0.8717205091222431,0.51,0.025688734843910276,2025-12-23 22:13:26
47,1911,0.8725647386496289,-0.8725647386496289,0.51,0.026076307048090178,2025-12-23 22:13:26
47,1912,0.8733980162725434,-0.8733980162725434,0.51,0.026458863326503844,2025-12-23 22:13:26
47,1913,0.8742202015694374,-0.8742202015694374,0.51,0.02683633861966871,2025-12-23 22:13:26
47,1914,0.8750311526848848,-0.8750311526848848,0.51,0.027208667212017586,2025-12-23 22:13:26
47,1915,0.8758307264745696,-0.8758307264745696,0.51,0.027575782797700364,2025-12-23 22:13:26
47,1916,0.8766187786461466,-0.8766187786461466,0.51,0.027937618544828603,2025-12-23 22:13:26
47,1917,0.8773951638958017,-0.8773951638958017,0.51,0.02829410715798562,2025-12-23 22:13:27
47,1918,0.8781597360403546,-0.8781597360403546,0.51,0.028645180938868735,2025-12-23 22:13:27
47,1919,0.8789123481447662,-0.8789123481447662,0.51,0.028990771844929365,2025-12-23 22:13:27
47,1920,0.8796528526449401,-0.8796528526449401,0.51,0.02933081154595299,2025-12-23 22:13:27
47,1921,0.8803811014657215,-0.8803811014657215,0.51,0.029665231478483226,2025-12-23 22:13:27
47,1922,0.8810969461340219,-0.8810969461340219,0.51,0.029993962898064882,2025-12-23 22:13:27
47,1923,0.8818002378870193,-0.8818002378870193,0.51,0.022738592734529873,2025-12-23 22:13:27
47,1924,0.8824908277754004,-0.8824908277754004,0.51,0.02297562872310574,2025-12-23 22:13:27
47,1925,0.8831685667616355,-0.8831685667616355,0.51,0.023209090478362348,2025-12-23 22:13:27
47,1926,0.8838333058132952,-0.8838333058132952,0.51,0.023438079105010286,2025-12-23 22:13:27
47,1927,0.8844848959914376,-0.8844848959914376,0.51,0.02366254288135997,2025-12-23 22:13:27
47,1928,0.8851231885341136,-0.8851231885341136,0.51,0.023882430153241218,2025-12-23 22:13:27
47,1929,0.8857480349350573,-0.8857480349350573,0.51,0.024097689360440003,2025-12-23 22:13:27
47,1930,0.8863592870176462,-0.8863592870176462,0.51,0.02430826906175353,2025-12-23 22:13:27
47,1931,0.8869567970042344,-0.8869567970042344,0.51,0.024514117958647302,2025-12-23 22:13:27
47,1932,0.8875404175809757,-0.8875404175809757,0.51,0.02471518491747829,2025-12-23 22:13:27
47,1933,0.8881100019582753,-0.8881100019582753,0.51,0.02491240462179813,2025-12-23 22:13:27
47,1934,0.8886654039270182,-0.8886654039270182,0.51,0.025102823293502653,2025-12-23 22:13:27
47,1935,0.8892064779107419,-0.8892064779107419,0.51,0.025289244508412138,2025-12-23 22:13:27
47,1936,0.8897330790139326,-0.8897330790139326,0.51,0.025470679710535692,2025-12-23 22:13:28
47,1937,0.890245063066638,-0.890245063066638,0.51,0.0256480658722704,2025-12-23 22:13:28
47,1938,0.8907422866656024,-0.8907422866656024,0.51,0.02581844984970789,2025-12-23 22:13:28
47,1939,0.8912246072121414,-0.8912246072121414,0.51,0.025984635559281388,2025-12-23 22:13:28
47,1940,0.8916918829469836,-0.8916918829469836,0.51,0.026146624782687884,2025-12-23 22:13:28
47,1941,0.892143972982318,-0.892143972982318,0.51,0.02630146092103347,2025-12-23 22:13:28
47,1942,0.8925807373312921,-0.8925807373312921,0.51,0.026451952680645343,2025-12-23 22:13:28
47,1943,0.8930020369352192,-0.8930020369352192,0.51,0.026598041346224132,2025-12-23 22:13:28
47,1944,0.8934077336887528,-0.8934077336887528,0.51,0.02673695568951838,2025-12-23 22:13:28
47,1945,0.8937976904633007,-0.8937976904633007,0.51,0.02687229008416617,2025-12-23 22:13:28
47,1946,0.8941717711289494,-0.8941717711289494,0.51,0.027000266715924454,2025-12-23 22:13:28
47,1947,0.8945298405751804,-0.8945298405751804,0.51,0.02712461463542077,2025-12-23 22:13:28
47,1948,0.8948717647306585,-0.8948717647306585,0.51,0.027241509066499463,2025-12-23 22:13:28
47,1949,0.8951974105823786,-0.8951974105823786,0.51,0.02735465231348001,2025-12-23 22:13:28
47,1950,0.8955066461944552,-0.8955066461944552,0.51,0.027460311885152026,2025-12-23 22:13:28
47,1951,0.8957993407268461,-0.8957993407268461,0.51,0.027562045443809562,2025-12-23 22:13:28
47,1952,0.8960753644542937,-0.8960753644542937,0.51,0.027656310476923306,2025-12-23 22:13:28
47,1953,0.8963345887857733,-0.8963345887857733,0.51,0.027746440879501438,2025-12-23 22:13:28
47,1954,0.8965768862847319,-0.8965768862847319,0.51,0.027830092009237292,2025-12-23 22:13:28
47,1955,0.8968021306903989,-0.8968021306903989,0.51,0.027906799214539046,2025-12-23 22:13:29
47,1956,0.8970101969404487,-0.8970101969404487,0.51,0.02797929049174459,2025-12-23 22:13:29
47,1957,0.8972009611952859,-0.8972009611952859,0.51,0.028045150044598354,2025-12-23 22:13:29
47,1958,0.8973743008642235,-0.8973743008642235,0.51,0.02810399722640134,2025-12-23 22:13:29
47,1959,0.8975300946338146,-0.8975300946338146,0.51,0.028158405073239447,2025-12-23 22:13:29
47,1960,0.897668222498591,-0.897668222498591,0.51,0.028206088611906682,2025-12-23 22:13:29
47,1961,0.8977885657944561,-0.8977885657944561,0.51,0.028247635894431983,2025-12-23 22:13:29
47,1962,0.8978910072349672,-0.8978910072349672,0.51,0.028283005089860223,2025-12-23 22:13:29
47,1963,0.8979754309507348,-0.8979754309507348,0.51,0.02831215505343978,2025-12-23 22:13:29
47,1964,0.8980417225321548,-0.8980417225321548,0.51,0.028334038462557786,2025-12-23 22:13:29
47,1965,0.8980897690756753,-0.8980897690756753,0.51,0.028351256129240048,2025-12-23 22:13:29
47,1966,0.8981194592337927,-0.8981194592337927,0.51,0.028361504802680727,2025-12-23 22:13:29
47,1967,0.898130683268951,-0.898130683268951,0.51,0.028365379247385827,2025-12-23 22:13:29
47,1968,0.8981233331115097,-0.8981233331115097,0.51,0.028362842030503106,2025-12-23 22:13:29
47,1969,0.8980973024219278,-0.8980973024219278,0.51,0.028353856529497484,2025-12-23 22:13:29
47,1970,0.8980524866572942,-0.8980524866572942,0.51,0.02833838695947777,2025-12-23 22:13:29
47,1971,0.8979887831423221,-0.8979887831423221,0.51,0.0283163984027328,2025-12-23 22:13:29
47,1972,0.8979060911449013,-0.8979060911449013,0.51,0.02828785684054046,2025-12-23 22:13:29
47,1973,0.8978043119562895,-0.8978043119562895,0.51,0.028252729187308534,2025-12-23 22:13:29
47,1974,0.8976833489760015,-0.8976833489760015,0.51,0.028210983327102254,2025-12-23 22:13:30
47,1975,0.897543107801435,-0.897543107801435,0.51,0.028162588152614604,2025-12-23 22:13:30
47,1976,0.8973834963222527,-0.8973834963222527,0.51,0.028107513606630875,2025-12-23 22:13:30
47,1977,0.8972044248195188,-0.8972044248195188,0.51,0.02804573072603731,2025-12-23 22:13:30
47,1978,0.8970058060695643,-0.8970058060695643,0.51,0.02797721168842287,2025-12-23 22:13:30
47,1979,0.896787555452536,-0.896787555452536,0.51,0.0279019298613213,2025-12-23 22:13:30
47,1980,0.8965495910655586,-0.8965495910655586,0.51,0.02781985985413959,2025-12-23 22:13:30
47,1981,0.896291833840418,-0.896291833840418,0.51,0.027730977572821714,2025-12-23 22:13:30
47,1982,0.8960142076656468,-0.8960142076656468,0.51,0.02763526027729005,2025-12-23 22:13:30
47,1983,0.8957166395128745,-0.8957166395128745,0.51,0.02753268664171729,2025-12-23 22:13:30
47,1984,0.8953990595672738,-0.8953990595672738,0.51,0.027423236817677044,2025-12-23 22:13:30
47,1985,0.8950614013619146,-0.8950614013619146,0.51,0.02730689250022773,2025-12-23 22:13:30
47,1986,0.8947036019158101,-0.8947036019158101,0.51,0.027183636996990602,2025-12-23 22:13:30
47,1987,0.894325601875417,-0.894325601875417,0.51,0.027053455300283472,2025-12-23 22:13:30
47,1988,0.8939273456593224,-0.8939273456593224,0.51,0.02691633416238973,2025-12-23 22:13:30
47,1989,0.8935087816058317,-0.8935087816058317,0.51,0.026771170646622097,2025-12-23 22:13:30
47,1990,0.893069862123141,-0.893069862123141,0.51,0.02662074972396898,2025-12-23 22:13:30
47,1991,0.8926105438417588,-0.8926105438417588,0.51,0.026461451136002467,2025-12-23 22:13:30
47,1992,0.8921307877688142,-0.8921307877688142,0.51,0.026296011323081875,2025-12-23 22:13:30
47,1993,0.8916305594438679,-0.8916305594438679,0.51,0.026124484487778127,2025-12-23 22:13:31
47,1994,0.8911098290958193,-0.8911098290958193,0.51,0.02594400722424572,2025-12-23 22:13:31
47,1995,0.8905685718004799,-0.8905685718004799,0.51,0.02575738064395773,2025-12-23 22:13:31
47,1996,0.8900067676383661,-0.8900067676383661,0.51,0.025563674310383526,2025-12-23 22:13:31
47,1997,0.8894244018522393,-0.8894244018522393,0.51,0.025362884648631855,2025-12-23 22:13:31
47,1998,0.8888214650039077,-0.8888214650039077,0.51,0.025155009561841718,2025-12-23 22:13:31
47,1999,0.8881979531297831,-0.8881979531297831,0.51,0.024940048640688276,2025-12-23 22:13:31
47,2000,0.8875538678946723,-0.8875538678946723,0.51,0.024718003305000465,2025-12-23 22:13:31
47,2001,0.8868892167432653,-0.8868892167432653,0.51,0.024488876906972913,2025-12-23 22:13:31
47,2002,0.8862040130487736,-0.8862040130487736,0.51,0.024252674812187496,2025-12-23 22:13:31
47,2003,0.8854982762581557,-0.8854982762581557,0.51,0.024009404467421083,2025-12-23 22:13:31
47,2004,0.8847720320333613,-0.8847720320333613,0.51,0.02375907546009007,2025-12-23 22:13:31
47,2005,0.8840253123880158,-0.8840253123880158,0.51,0.023501699572031663,2025-12-23 22:13:31
47,2006,0.883258155818962,-0.883258155818962,0.51,0.023237290829057577,2025-12-23 22:13:31
47,2007,0.8824706074320721,-0.8824706074320721,0.51,0.022965865546985466,2025-12-23 22:13:31
47,2008,0.881662719061742,-0.881662719061742,0.51,0.022687442374547603,2025-12-23 22:13:31
47,2009,0.8808345493834805,-0.8808345493834805,0.51,0.029869397454814702,2025-12-23 22:13:31
47,2010,0.8799861640190092,-0.8799861640190092,0.51,0.02947957633184936,2025-12-23 22:13:31
47,2011,0.8791176356332948,-0.8791176356332948,0.51,0.029080515563853257,2025-12-23 22:13:31
47,2012,0.8782290440229436,-0.8782290440229436,0.51,0.028672254289828645,2025-12-23 22:13:32
47,2013,0.8773204761953975,-0.8773204761953975,0.51,0.02825483440159479,2025-12-23 22:13:32
47,2014,0.8763920264383864,-0.8763920264383864,0.51,0.02782830084824294,2025-12-23 22:13:32
47,2015,0.8754437963791026,-0.8754437963791026,0.51,0.027392701799351372,2025-12-23 22:13:32
47,2016,0.8744758950325859,-0.8744758950325859,0.51,0.02694808873820416,2025-12-23 22:13:32
47,2017,0.8734884388388259,-0.8734884388388259,0.51,0.02649451651760264,2025-12-23 22:13:32
47,2018,0.872481551688109,-0.872481551688109,0.51,0.026032043393539196,2025-12-23 22:13:32
47,2019,0.8714553649341683,-0.8714553649341683,0.51,0.025560731044145028,2025-12-23 22:13:32
47,2020,0.8704100173947141,-0.8704100173947141,0.51,0.025080644577580115,2025-12-23 22:13:32
47,2021,0.869345655338961,-0.869345655338961,0.51,0.02459185253081266,2025-12-23 22:13:32
47,2022,0.8682624324617925,-0.8682624324617925,0.51,0.024094426860287083,2025-12-23 22:13:32
47,2023,0.8671605098442411,-0.8671605098442411,0.51,0.02358844292504599,2025-12-23 22:13:32
47,2024,0.8660400558999979,-0.8660400558999979,0.51,0.02307397946261016,2025-12-23 22:13:32
47,2025,0.8649012463077013,-0.8649012463077013,0.51,0.02255111855778042,2025-12-23 22:13:32
47,2026,0.8637442639287951,-0.8637442639287951,0.51,0.022019945604427233,2025-12-23 22:13:32
47,2027,0.862569298710787,-0.862569298710787,0.51,0.021480549260334107,2025-12-23 22:13:32
47,2028,0.8613765475757786,-0.8613765475757786,0.51,0.020933021395109937,2025-12-23 22:13:32
47,2029,0.8601662142941834,-0.8601662142941834,0.51,0.02037745703118086,2025-12-23 22:13:32
47,2030,0.8589385093435912,-0.8589385093435912,0.51,0.029720964376765628,2025-12-23 22:13:33
47,2031,0.8576936497527848,-0.8576936497527848,0.51,0.02886392975505448,2025-12-23 22:13:33
47,2032,0.856431858930956,-0.856431858930956,0.51,0.02799528066539933,2025-12-23 22:13:33
47,2033,0.8551533664822168,-0.8551533664822168,0.51,0.027115187060737858,2025-12-23 22:13:33
47,2034,0.8538584080055479,-0.8538584080055479,0.51,0.026223817112755215,2025-12-23 22:13:33
47,2035,0.8525472248803679,-0.8525472248803679,0.51,0.025321340861046114,2025-12-23 22:13:33
47,2036,0.851220064037958,-0.851220064037958,0.51,0.024407931315869005,2025-12-23 22:13:33
47,2037,0.8498771777190158,-0.8498771777190158,0.51,0.02348376476522109,2025-12-23 22:13:33
47,2038,0.8485188232176608,-0.8485188232176608,0.51,0.022549020797393633,2025-12-23 22:13:33
47,2039,0.8471452626122544,-0.8471452626122544,0.51,0.021603882205528807,2025-12-23 22:13:33
47,2040,0.8457567624834411,-0.8457567624834411,0.51,0.020648534835854705,2025-12-23 22:13:33
47,2041,0.8443535936198557,-0.8443535936198557,0.51,0.019683167405404343,2025-12-23 22:13:33
47,2042,0.8429360307119848,-0.8429360307119848,0.51,0.018707971301033785,2025-12-23 22:13:33
47,2043,0.8415043520347034,-0.8415043520347034,0.51,0.017723140365638577,2025-12-23 22:13:33
47,2044,0.8400588391190489,-0.8400588391190489,0.51,0.01672887067470275,2025-12-23 22:13:33
47,2045,0.8385997764138213,-0.8385997764138213,0.51,0.015725360305026574,2025-12-23 22:13:33
47,2046,0.8371274509376386,-0.8371274509376386,0.51,0.029425760532107423,2025-12-23 22:13:33
47,2047,0.835642151922097,-0.835642151922097,0.51,0.027382796315180532,2025-12-23 22:13:33
47,2048,0.8341441704467198,-0.8341441704467198,0.51,0.02532257382450101,2025-12-23 22:13:33
47,2049,0.8326337990663986,-0.8326337990663986,0.51,0.023245496919784066,2025-12-23 22:13:34
47,2050,0.831111331432054,-0.831111331432054,0.51,0.021151973869359443,2025-12-23 22:13:34
47,2051,0.8295770619052628,-0.8295770619052628,0.51,0.019042414078758164,2025-12-23 22:13:34
47,2052,0.8280312851676145,-0.8280312851676145,0.51,0.016917227513625944,2025-12-23 22:13:34
47,2053,0.8264742958255726,-0.8264742958255726,0.51,0.014776824171108198,2025-12-23 22:13:34
47,2054,0.824906388011631,-0.824906388011631,0.51,0.012621613575592343,2025-12-23 22:13:34
47,2055,0.8233278549825593,-0.8233278549825593,0.51,0.010452004327194953,2025-12-23 22:13:34
47,2056,0.8217389887155412,-0.8217389887155412,0.51,0.008268403793166568,2025-12-23 22:13:34
47,2057,0.820140079503008,-0.820140079503008,0.51,0.006071218291594475,2025-12-23 22:13:34
47,2058,0.8185314155469758,-0.8185314155469758,0.51,0.0038608557180719164,2025-12-23 22:13:34
47,2059,0.8169132825536854,-0.8169132825536854,0.51,0.0016377538131228523,2025-12-23 22:13:34
47,2061,0.8136497373777701,-0.8136497373777701,0.51,0.002845551236321904,2025-12-23 22:13:34
47,2062,0.8120048805006831,-0.8120048805006831,0.51,0.005104699324921763,2025-12-23 22:13:34
47,2063,0.8103516644014738,-0.8103516644014738,0.51,0.007375098225872373,2025-12-23 22:13:34
47,2064,0.8086903562931426,-0.8086903562931426,0.51,0.009656358263498279,2025-12-23 22:13:34
47,2065,0.8070212185111837,-0.8070212185111837,0.51,0.011948104470892954,2025-12-23 22:13:34
47,2066,0.8053445081321234,-0.8053445081321234,0.51,0.014249968942149537,2025-12-23 22:13:34
47,2067,0.8036604765984139,-0.8036604765984139,0.51,0.01656158931414634,2025-12-23 22:13:34
47,2068,0.8019693693503614,-0.8019693693503614,0.51,0.018882607956965503,2025-12-23 22:13:34
47,2069,0.800271425465747,-0.800271425465747,0.51,0.021212671042222766,2025-12-23 22:13:35
47,2070,0.7985668773077691,-0.7985668773077691,0.51,0.02355142718630967,2025-12-23 22:13:35
48,233,0.6741558543254451,-0.6741558543254451,0.51,0.002514930434045264,2025-12-23 22:14:04
48,234,0.6762434230642117,-0.6762434230642117,0.51,0.005356447820854122,2025-12-23 22:14:04
48,235,0.6783119694982368,-0.6783119694982368,0.51,0.00817248920290815,2025-12-23 22:14:04
48,334,0.815971507669753,-0.815971507669753,0.51,0.0022111273171746782,2025-12-23 22:14:05
48,335,0.8168699948816655,-0.8168699948816655,0.51,0.0034448218871096616,2025-12-23 22:14:06
48,336,0.8177582497899948,-0.8177582497899948,0.51,0.003007487035046511,2025-12-23 22:14:06
48,337,0.8186361413329962,-0.8186361413329962,0.51,0.004213104325311062,2025-12-23 22:14:06
48,338,0.8195035362209054,-0.8195035362209054,0.51,0.005404382866340364,2025-12-23 22:14:06
48,339,0.820360299098198,-0.820360299098198,0.51,0.006580970307498472,2025-12-23 22:14:06
48,340,0.8212062927029837,-0.8212062927029837,0.51,0.007443472756473346,2025-12-23 22:14:06
48,341,0.8220413780232568,-0.8220413780232568,0.51,0.008590781153538509,2025-12-23 22:14:06
48,342,0.8228654144497396,-0.8228654144497396,0.51,0.009722953200744408,2025-12-23 22:14:06
48,343,0.8236782599250787,-0.8236782599250787,0.51,0.0108397761204284,2025-12-23 22:14:06
48,344,0.8244797710891714,-0.8244797710891714,0.51,0.01194105596072687,2025-12-23 22:14:06
48,345,0.8252698034204191,-0.8252698034204191,0.51,0.01302659672569738,2025-12-23 22:14:06
48,346,0.8260482113727278,-0.8260482113727278,0.51,0.014096200529787653,2025-12-23 22:14:06
48,347,0.8268148485080925,-0.8268148485080925,0.51,0.015149667686932967,2025-12-23 22:14:06
48,348,0.8275695676246281,-0.8275695676246281,0.51,0.016186796830125437,2025-12-23 22:14:06
48,349,0.8283122208799245,-0.8283122208799245,0.51,0.0172073850615394,2025-12-23 22:14:06
48,350,0.8290426599096314,-0.8290426599096314,0.51,0.01821122812881612,2025-12-23 22:14:06
48,351,0.8297607359411925,-0.8297607359411925,0.51,0.01919812062180007,2025-12-23 22:14:06
48,352,0.8304662999026744,-0.8304662999026744,0.51,0.020167856183309702,2025-12-23 22:14:06
48,353,0.8311592025266555,-0.8311592025266555,0.51,0.02112022772732317,2025-12-23 22:14:07
48,354,0.8318392944491574,-0.8318392944491574,0.51,0.022055027658265672,2025-12-23 22:14:07
48,355,0.8325064263036249,-0.8325064263036249,0.51,0.022972048085738696,2025-12-23 22:14:07
48,356,0.8331604488099804,-0.8331604488099804,0.51,0.02387108102998733,2025-12-23 22:14:07
48,357,0.8338012128587939,-0.8338012128587939,0.51,0.024751918614464997,2025-12-23 22:14:07
48,358,0.8344285695906339,-0.8344285695906339,0.51,0.02561435324301649,2025-12-23 22:14:07
48,359,0.835042370470678,-0.835042370470678,0.51,0.026458177760223533,2025-12-23 22:14:07
48,360,0.8356424673586829,-0.8356424673586829,0.51,0.02728416999561262,2025-12-23 22:14:07
48,361,0.8362287125744294,-0.8362287125744294,0.51,0.02808941247825716,2025-12-23 22:14:07
48,362,0.836800958958774,-0.836800958958774,0.51,0.028877065760264144,2025-12-23 22:14:07
48,363,0.8373590599304548,-0.8373590599304548,0.51,0.029643725925868548,2025-12-23 22:14:07
48,364,0.8379028695388141,-0.8379028695388141,0.51,0.015196108342973582,2025-12-23 22:14:07
48,365,0.8384322425126158,-0.8384322425126158,0.51,0.015559738080627699,2025-12-23 22:14:07
48,366,0.8389470343051462,-0.8389470343051462,0.51,0.015913702399483892,2025-12-23 22:14:07
48,367,0.8394471011358017,-0.8394471011358017,0.51,0.016257548241755314,2025-12-23 22:14:07
48,368,0.8399323000283787,-0.8399323000283787,0.51,0.016592143450768128,2025-12-23 22:14:07
48,369,0.8404024888462908,-0.8404024888462908,0.51,0.016914546034222724,2025-12-23 22:14:07
48,370,0.8408575263249477,-0.8408575263249477,0.51,0.017227448704716875,2025-12-23 22:14:07
48,371,0.8412972721015441,-0.8412972721015441,0.51,0.017530821367373904,2025-12-23 22:14:07
48,372,0.8417215867425076,-0.8417215867425076,0.51,0.01782167620269237,2025-12-23 22:14:08
48,373,0.8421303317688698,-0.8421303317688698,0.51,0.01810275615018007,2025-12-23 22:14:08
48,374,0.8425233696798254,-0.8425233696798254,0.51,0.018373873627348138,2025-12-23 22:14:08
48,375,0.8429005639747542,-0.8429005639747542,0.51,0.018632479786889547,2025-12-23 22:14:08
48,376,0.8432617791739815,-0.8432617791739815,0.51,0.018881799982346074,2025-12-23 22:14:08
48,377,0.8436068808385598,-0.8436068808385598,0.51,0.019118258815367634,2025-12-23 22:14:08
48,378,0.843935735589356,-0.843935735589356,0.51,0.019345289456849823,2025-12-23 22:14:08
48,379,0.8442482111257288,-0.8442482111257288,0.51,0.019559350543433416,2025-12-23 22:14:08
48,380,0.8445441762440862,-0.8445441762440862,0.51,0.019763670885628228,2025-12-23 22:14:08
48,381,0.8448235008566083,-0.8448235008566083,0.51,0.019955024883457087,2025-12-23 22:14:08
48,382,0.8450860560104231,-0.8450860560104231,0.51,0.020136257277299483,2025-12-23 22:14:08
48,383,0.84533171390752,-0.84533171390752,0.51,0.020304564836654156,2025-12-23 22:14:08
48,384,0.845560347925684,-0.845560347925684,0.51,0.020462356249560963,2025-12-23 22:14:08
48,385,0.8457718326407281,-0.8457718326407281,0.51,0.020608089108033207,2025-12-23 22:14:08
48,386,0.8459660438502996,-0.8459660438502996,0.51,0.020740872206648484,2025-12-23 22:14:08
48,387,0.8461428585995292,-0.8461428585995292,0.51,0.020862994871659744,2025-12-23 22:14:08
48,388,0.8463021552087843,-0.8463021552087843,0.51,0.020972756289979615,2025-12-23 22:14:08
48,389,0.8464438133037835,-0.8464438133037835,0.51,0.021070389622671066,2025-12-23 22:14:08
48,390,0.8465677138483196,-0.8465677138483196,0.51,0.021154723584079164,2025-12-23 22:14:08
48,391,0.846673739179829,-0.846673739179829,0.51,0.021228076564949353,2025-12-23 22:14:09
48,392,0.8467617730480363,-0.8467617730480363,0.51,0.021288724007211764,2025-12-23 22:14:09
48,393,0.8468317006568924,-0.8468317006568924,0.51,0.021336904435451946,2025-12-23 22:14:09
48,394,0.8468834087100118,-0.8468834087100118,0.51,0.021372535228815683,2025-12-23 22:14:09
48,395,0.8469167854598031,-0.8469167854598031,0.51,0.02139553602638466,2025-12-23 22:14:09
48,396,0.8469317207604731,-0.8469317207604731,0.51,0.02140582875865869,2025-12-23 22:14:09
48,397,0.8469281061250697,-0.8469281061250697,0.51,0.021403337691812196,2025-12-23 22:14:09
48,398,0.8469058347867161,-0.8469058347867161,0.51,0.021387989484943044,2025-12-23 22:14:09
48,399,0.846864801764169,-0.846864801764169,0.51,0.02135971326067547,2025-12-23 22:14:09
48,400,0.8468049039318221,-0.8468049039318221,0.51,0.02131844068963799,2025-12-23 22:14:09
48,401,0.8467260400942526,-0.8467260400942526,0.51,0.021264106089503503,2025-12-23 22:14:09
48,402,0.8466281110653955,-0.8466281110653955,0.51,0.021196646539462675,2025-12-23 22:14:09
48,403,0.846511019752408,-0.846511019752408,0.51,0.021116002011207696,2025-12-23 22:14:09
48,404,0.8463746712442667,-0.8463746712442667,0.51,0.02102211551773634,2025-12-23 22:14:09
48,405,0.8462189729051237,-0.8462189729051237,0.51,0.020914933281559748,2025-12-23 22:14:09
48,406,0.8460438344724197,-0.8460438344724197,0.51,0.02079440492420404,2025-12-23 22:14:09
48,407,0.8458491681597377,-0.8458491681597377,0.51,0.02066048367927715,2025-12-23 22:14:09
48,408,0.845634888764353,-0.845634888764353,0.51,0.020513126631802655,2025-12-23 22:14:09
48,409,0.8454009137794168,-0.8454009137794168,0.51,0.02035229498705494,2025-12-23 22:14:09
48,410,0.8451471635106824,-0.8451471635106824,0.51,0.02017795437276036,2025-12-23 22:14:09
48,411,0.8448735611976642,-0.8448735611976642,0.51,0.019990075179295564,2025-12-23 22:14:10
48,412,0.8445800331390932,-0.8445800331390932,0.51,0.019787222692693077,2025-12-23 22:14:10
48,413,0.8442665088225079,-0.8442665088225079,0.51,0.01957231209890569,2025-12-23 22:14:10
48,414,0.8439329210577949,-0.8439329210577949,0.51,0.01934200235483795,2025-12-23 22:14:10
48,415,0.8435792061144726,-0.8435792061144726,0.51,0.019099498695486133,2025-12-23 22:14:10
48,416,0.8432053038624782,-0.8432053038624782,0.51,0.018841420261153867,2025-12-23 22:14:10
48,417,0.8428111579162042,-0.8428111579162042,0.51,0.0185702429884378,2025-12-23 22:14:10
48,418,0.8423967157814961,-0.8423967157814961,0.51,0.018285923779330047,2025-12-23 22:14:10
48,419,0.8419619290053043,-0.8419619290053043,0.51,0.017986041289198396,2025-12-23 22:14:10
48,420,0.8415067533276581,-0.8415067533276581,0.51,0.017672907448065222,2025-12-23 22:14:10
48,421,0.8410311488356043,-0.8410311488356043,0.51,0.017346720534896637,2025-12-23 22:14:10
48,422,0.8405350801187308,-0.8405350801187308,0.51,0.017004532036621757,2025-12-23 22:14:10
48,423,0.8400185164258734,-0.8400185164258734,0.51,0.016649206049582907,2025-12-23 22:14:10
48,424,0.8394814318225815,-0.8394814318225815,0.51,0.01627977411742032,2025-12-23 22:14:10
48,425,0.8389238053488963,-0.8389238053488963,0.51,0.015896225200700796,2025-12-23 22:14:10
48,426,0.8383456211769786,-0.8383456211769786,0.51,0.015498550471154017,2025-12-23 22:14:10
48,427,0.8377468687680996,-0.8377468687680996,0.51,0.015086744310300475,2025-12-23 22:14:10
48,428,0.8371275430284942,-0.8371275430284942,0.51,0.02932163440839704,2025-12-23 22:14:10
48,429,0.8364876444635587,-0.8364876444635587,0.51,0.028441391362496956,2025-12-23 22:14:10
48,430,0.8358271793298581,-0.8358271793298581,0.51,0.027532900364059625,2025-12-23 22:14:11
48,431,0.8351461597843982,-0.8351461597843982,0.51,0.026596180593762266,2025-12-23 22:14:11
48,432,0.8344446040306036,-0.8344446040306036,0.51,0.025631260171108373,2025-12-23 22:14:11
48,433,0.8337225364604322,-0.8337225364604322,0.51,0.024638175843792506,2025-12-23 22:14:11
48,434,0.8329799877920514,-0.8329799877920514,0.51,0.023616973167081782,2025-12-23 22:14:11
48,435,0.8322169952024939,-0.8322169952024939,0.51,0.022567706683205735,2025-12-23 22:14:11
48,436,0.831433602454705,-0.831433602454705,0.51,0.021490440093751846,2025-12-23 22:14:11
48,437,0.8306298600183946,-0.8306298600183946,0.51,0.020385246424007977,2025-12-23 22:14:11
48,438,0.8298058251841072,-0.8298058251841072,0.51,0.01925220817840629,2025-12-23 22:14:11
48,439,0.8289615621699226,-0.8289615621699226,0.51,0.018091417486250344,2025-12-23 22:14:11
48,440,0.8280971422202101,-0.8280971422202101,0.51,0.016902976237014068,2025-12-23 22:14:11
48,441,0.8272126436958623,-0.8272126436958623,0.51,0.015686996204528937,2025-12-23 22:14:11
48,442,0.8263081521554467,-0.8263081521554467,0.51,0.014443599159610642,2025-12-23 22:14:11
48,443,0.8253837604267263,-0.8253837604267263,0.51,0.013172916970825734,2025-12-23 22:14:11
48,444,0.8244395686680128,-0.8244395686680128,0.51,0.011875091693674818,2025-12-23 22:14:11
48,445,0.8234756844188362,-0.8234756844188362,0.51,0.010550275649404032,2025-12-23 22:14:11
48,446,0.8224922226394326,-0.8224922226394326,0.51,0.009198631497115473,2025-12-23 22:14:11
48,447,0.8214893057385755,-0.8214893057385755,0.51,0.007820332309104666,2025-12-23 22:14:11
48,448,0.8204670635892996,-0.8204670635892996,0.51,0.006415561678654743,2025-12-23 22:14:11
48,449,0.8194256335320933,-0.8194256335320933,0.51,0.0049845139601710576,2025-12-23 22:14:12
48,450,0.8183651603651666,-0.8183651603651666,0.51,0.003527395082516588,2025-12-23 22:14:12
48,451,0.8172857963214295,-0.8172857963214295,0.51,0.002044426987513319,2025-12-23 22:14:12
48,454,0.8139359919119109,-0.8139359919119109,0.51,0.002557474742943282,2025-12-23 22:14:12
48,455,0.8127827338077765,-0.8127827338077765,0.51,0.004141539815057344,2025-12-23 22:14:12
48,456,0.8116114557374916,-0.8116114557374916,0.51,0.005750247285729918,2025-12-23 22:14:12
48,457,0.810422353277668,-0.810422353277668,0.51,0.007383317269318591,2025-12-23 22:14:12
48,458,0.8092156288833902,-0.8092156288833902,0.51,0.009040463429789843,2025-12-23 22:14:12
48,459,0.8079914917502046,-0.8079914917502046,0.51,0.010721390564885806,2025-12-23 22:14:12
48,460,0.8067501576612592,-0.8067501576612592,0.51,0.01242579416474316,2025-12-23 22:14:12
48,461,0.8054918488196353,-0.8054918488196353,0.51,0.014153360334175866,2025-12-23 22:14:12
48,462,0.8042167936659558,-0.8042167936659558,0.51,0.015903765793132525,2025-12-23 22:14:12
48,463,0.8029252266814031,-0.8029252266814031,0.51,0.017676677871164902,2025-12-23 22:14:12
48,464,0.8016173881763221,-0.8016173881763221,0.51,0.019471754452368827,2025-12-23 22:14:12
48,465,0.8002935240646323,-0.8002935240646323,0.51,0.021288643832063938,2025-12-23 22:14:12
48,466,0.7989538856243156,-0.7989538856243156,0.51,0.023126984438687638,2025-12-23 22:14:12
48,467,0.7975987292442928,-0.7975987292442928,0.51,0.02498640435822005,2025-12-23 22:14:12
48,468,0.7962283161580426,-0.7962283161580426,0.51,0.0268665205732565,2025-12-23 22:14:12
48,469,0.7948429121643619,-0.7948429121643619,0.51,0.028766937790992562,2025-12-23 22:14:12
48,470,0.7934427873357055,-0.7934427873357055,0.51,0.015343651698318994,2025-12-23 22:14:13
48,471,0.7920282157145837,-0.7920282157145837,0.51,0.016313805256422554,2025-12-23 22:14:13
48,472,0.7905994749985332,-0.7905994749985332,0.51,0.017293542327990175,2025-12-23 22:14:13
48,473,0.7891568462142151,-0.7891568462142151,0.51,0.018282659553926165,2025-12-23 22:14:13
48,474,0.7877006133812245,-0.7877006133812245,0.51,0.019280951304053783,2025-12-23 22:14:13
48,1906,0.8170519346091126,-0.8170519346091126,0.51,0.0016285191846865709,2025-12-23 22:14:17
48,1907,0.8179380818030205,-0.8179380818030205,0.51,0.0028459870980160704,2025-12-23 22:14:17
48,1908,0.8188138389664453,-0.8188138389664453,0.51,0.0040492143899230415,2025-12-23 22:14:17
48,1909,0.8196790723635371,-0.8196790723635371,0.51,0.0052380283106252395,2025-12-23 22:14:17
48,1910,0.8205336462258823,-0.8205336462258823,0.51,0.00641224111038017,2025-12-23 22:14:17
48,1911,0.8213774229112608,-0.8213774229112608,0.51,0.0075716621262964775,2025-12-23 22:14:17
48,1912,0.8222102630592035,-0.8222102630592035,0.51,0.008716098645232385,2025-12-23 22:14:17
48,1913,0.8230320257430943,-0.8230320257430943,0.51,0.009845355891978326,2025-12-23 22:14:17
48,1914,0.8238425686185782,-0.8238425686185782,0.51,0.010959237121256194,2025-12-23 22:14:17
48,1915,0.8246417480680569,-0.8246417480680569,0.51,0.012057543755051086,2025-12-23 22:14:17
48,1916,0.8254294193410744,-0.8254294193410744,0.51,0.013140075540059406,2025-12-23 22:14:17
48,1917,0.8262054366904147,-0.8262054366904147,0.51,0.014206630715950994,2025-12-23 22:14:17
48,1918,0.8269696535037552,-0.8269696535037552,0.51,0.01525700619007242,2025-12-23 22:14:18
48,1919,0.8277219224307396,-0.8277219224307396,0.51,0.016290997715771128,2025-12-23 22:14:18
48,1920,0.8284620955053558,-0.8284620955053558,0.51,0.017308400071971975,2025-12-23 22:14:18
48,1921,0.8291900242635242,-0.8291900242635242,0.51,0.018309007241823327,2025-12-23 22:14:18
48,1922,0.8299055598558251,-0.8299055598558251,0.51,0.019292612588305665,2025-12-23 22:14:18
48,1923,0.8306085531553118,-0.8306085531553118,0.51,0.020259009024951417,2025-12-23 22:14:18
48,1924,0.8312988548603776,-0.8312988548603776,0.51,0.021207989179993097,2025-12-23 22:14:18
48,1925,0.8319763155926676,-0.8319763155926676,0.51,0.022139345552648203,2025-12-23 22:14:18
48,1926,0.8326407859900424,-0.8326407859900424,0.51,0.02305287066056407,2025-12-23 22:14:18
48,1927,0.8332921167946227,-0.8332921167946227,0.51,0.023948357177794137,2025-12-23 22:14:18
48,1928,0.8339301589359623,-0.8339301589359623,0.51,0.024825598063036,2025-12-23 22:14:18
48,1929,0.8345547636094175,-0.8345547636094175,0.51,0.02568535515221632,2025-12-23 22:14:18
48,1930,0.8351657823497941,-0.8351657823497941,0.51,0.026524635941298894,2025-12-23 22:14:18
48,1931,0.8357630671003783,-0.8357630671003783,0.51,0.02734677940836472,2025-12-23 22:14:18
48,1932,0.8363464702774663,-0.8363464702774663,0.51,0.028148221592484212,2025-12-23 22:14:18
48,1933,0.8369158448305313,-0.8369158448305313,0.51,0.02893191880758081,2025-12-23 22:14:18
48,1934,0.8374710442981759,-0.8374710442981759,0.51,0.02969472149357323,2025-12-23 22:14:18
48,1935,0.8380119228600379,-0.8380119228600379,0.51,0.015219587524691993,2025-12-23 22:14:18
48,1936,0.838538335384827,-0.838538335384827,0.51,0.015581247532060903,2025-12-23 22:14:18
48,1937,0.839050137474687,-0.839050137474687,0.51,0.015933187052947478,2025-12-23 22:14:19
48,1938,0.8395471855060875,-0.8395471855060875,0.51,0.016275946899442353,2025-12-23 22:14:19
48,1939,0.8400293366674626,-0.8400293366674626,0.51,0.016606577690292293,2025-12-23 22:14:19
48,1940,0.8404964489938248,-0.8404964489938248,0.51,0.016927810339803107,2025-12-23 22:14:19
48,1941,0.840948381398591,-0.840948381398591,0.51,0.017239587560034454,2025-12-23 22:14:19
48,1942,0.8413849937028673,-0.8413849937028673,0.51,0.017538897704151055,2025-12-23 22:14:19
48,1943,0.8418061466624482,-0.8418061466624482,0.51,0.017828538929610685,2025-12-23 22:14:19
48,1944,0.842211701992791,-0.842211701992791,0.51,0.0181082832989054,2025-12-23 22:14:19
48,1945,0.842601522392235,-0.842601522392235,0.51,0.01837557961710673,2025-12-23 22:14:19
48,1946,0.8429754715637388,-0.8429754715637388,0.51,0.018633686035113724,2025-12-23 22:14:19
48,1947,0.8433334142354143,-0.8433334142354143,0.51,0.018878975061016687,2025-12-23 22:14:19
48,1948,0.8436752161801395,-0.8436752161801395,0.51,0.019114940033405473,2025-12-23 22:14:19
48,1949,0.8440007442345344,-0.8440007442345344,0.51,0.01933797765467331,2025-12-23 22:14:19
48,1950,0.8443098663175872,-0.8443098663175872,0.51,0.019551373561988845,2025-12-23 22:14:19
48,1951,0.844602451449218,-0.844602451449218,0.51,0.019751852244101545,2025-12-23 22:14:19
48,1952,0.8448783697690667,-0.8448783697690667,0.51,0.01994229702393391,2025-12-23 22:14:19
48,1953,0.8451374925557933,-0.8451374925557933,0.51,0.02011987661558524,2025-12-23 22:14:19
48,1954,0.8453796922471721,-0.8453796922471721,0.51,0.02028701399498946,2025-12-23 22:14:19
48,1955,0.8456048424612654,-0.8456048424612654,0.51,0.020442177574697525,2025-12-23 22:14:19
48,1956,0.8458128180189508,-0.8458128180189508,0.51,0.020584414931256102,2025-12-23 22:14:20
48,1957,0.8460034949680785,-0.8460034949680785,0.51,0.020716094103205355,2025-12-23 22:14:20
48,1958,0.8461767506095244,-0.8461767506095244,0.51,0.020835485841421086,2025-12-23 22:14:20
48,1959,0.8463324635254018,-0.8463324635254018,0.51,0.02094281949267627,2025-12-23 22:14:20
48,1960,0.8464705136096844,-0.8464705136096844,0.51,0.021036839724270687,2025-12-23 22:14:20
48,1961,0.8465907821014873,-0.8465907821014873,0.51,0.021120017253905683,2025-12-23 22:14:20
48,1962,0.8466931516212424,-0.8466931516212424,0.51,0.02119054902645937,2025-12-23 22:14:20
48,1963,0.8467775062099937,-0.8467775062099937,0.51,0.021248678030433236,2025-12-23 22:14:20
48,1964,0.8468437313720302,-0.8468437313720302,0.51,0.02129431987710302,2025-12-23 22:14:20
48,1965,0.8468917141210571,-0.8468917141210571,0.51,0.02132739241379962,2025-12-23 22:14:20
48,1966,0.8469213430301,-0.8469213430301,0.51,0.02134781574526875,2025-12-23 22:14:20
48,1967,0.8469325082853156,-0.8469325082853156,0.51,0.021355512267700216,2025-12-23 22:14:20
48,1968,0.8469251017438753,-0.8469251017438753,0.51,0.02135040671552456,2025-12-23 22:14:20
48,1969,0.8468990169960671,-0.8468990169960671,0.51,0.02133242622122038,2025-12-23 22:14:20
48,1970,0.8468541494317495,-0.8468541494317495,0.51,0.0213015003885249,2025-12-23 22:14:20
48,1971,0.8467903963112702,-0.8467903963112702,0.51,0.021257561379600214,2025-12-23 22:14:20
48,1972,0.8467076568409475,-0.8467076568409475,0.51,0.0212005440168753,2025-12-23 22:14:20
48,1973,0.846605832253194,-0.846605832253194,0.51,0.021130385900473853,2025-12-23 22:14:20
48,1974,0.8464848258913403,-0.8464848258913403,0.51,0.02104702754234698,2025-12-23 22:14:20
48,1975,0.8463445432991994,-0.8463445432991994,0.51,0.020950412518470237,2025-12-23 22:14:21
48,1976,0.84618489231539,-0.84618489231539,0.51,0.020840487640743543,2025-12-23 22:14:21
48,1977,0.8460057831724165,-0.8460057831724165,0.51,0.020717203150555887,2025-12-23 22:14:21
48,1978,0.8458071286004825,-0.8458071286004825,0.51,0.02058051293636185,2025-12-23 22:14:21
48,1979,0.8455888439359889,-0.8455888439359889,0.51,0.020430374778071917,2025-12-23 22:14:21
48,1980,0.8453508472346491,-0.8453508472346491,0.51,0.020266750621605916,2025-12-23 22:14:21
48,1981,0.8450930593891276,-0.8450930593891276,0.51,0.020089606887617552,2025-12-23 22:14:21
48,1982,0.8448154042510841,-0.8448154042510841,0.51,0.01989891481919564,2025-12-23 22:14:21
48,1983,0.8445178087574847,-0.8445178087574847,0.51,0.019693441121772553,2025-12-23 22:14:21
48,1984,0.8442002030610112,-0.8442002030610112,0.51,0.01947564693458327,2025-12-23 22:14:21
48,1985,0.8438625206643818,-0.8438625206643818,0.51,0.019242625905161258,2025-12-23 22:14:21
48,1986,0.8435046985583666,-0.8435046985583666,0.51,0.0189972560318437,2025-12-23 22:14:21
48,1987,0.8431266773632581,-0.8431266773632581,0.51,0.01873641444582191,2025-12-23 22:14:21
48,1988,0.8427284014735328,-0.8427284014735328,0.51,0.018463378353270114,2025-12-23 22:14:21
48,1989,0.8423098192054154,-0.8423098192054154,0.51,0.018174497369871263,2025-12-23 22:14:21
48,1990,0.8418708829470303,-0.8418708829470303,0.51,0.017872554120774875,2025-12-23 22:14:21
48,1991,0.8414115493108045,-0.8414115493108045,0.51,0.017557526719458993,2025-12-23 22:14:21
48,1992,0.8409317792877601,-0.8409317792877601,0.51,0.017226591405443845,2025-12-23 22:14:21
48,1993,0.8404315384033113,-0.8404315384033113,0.51,0.01688250732518361,2025-12-23 22:14:21
48,1994,0.8399107968741606,-0.8399107968741606,0.51,0.016524329637905618,2025-12-23 22:14:22
48,1995,0.8393695297658637,-0.8393695297658637,0.51,0.016152044582569074,2025-12-23 22:14:22
48,1996,0.8388077171506153,-0.8388077171506153,0.51,0.015765640473728575,2025-12-23 22:14:22
48,1997,0.8382253442647863,-0.8382253442647863,0.51,0.015365108737363279,2025-12-23 22:14:22
48,1998,0.8376224016657235,-0.8376224016657235,0.51,0.02990091219382931,2025-12-23 22:14:22
48,1999,0.8369988853873079,-0.8369988853873079,0.51,0.029044131369683524,2025-12-23 22:14:22
48,2000,0.8363547970937492,-0.8363547970937492,0.51,0.028157456926421656,2025-12-23 22:14:22
48,2001,0.8356901442310802,-0.8356901442310802,0.51,0.027243290728418468,2025-12-23 22:14:22
48,2002,0.835004940175804,-0.835004940175804,0.51,0.026300898801388244,2025-12-23 22:14:22
48,2003,0.8342992043801294,-0.8342992043801294,0.51,0.025330310231369384,2025-12-23 22:14:22
48,2004,0.8335729625132295,-0.8335729625132295,0.51,0.024331563457099723,2025-12-23 22:14:22
48,2005,0.8328262465979418,-0.8328262465979418,0.51,0.023304705768641836,2025-12-23 22:14:22
48,2006,0.8320590951423283,-0.8320590951423283,0.51,0.022249793476938357,2025-12-23 22:14:22
48,2007,0.8312715532655093,-0.8312715532655093,0.51,0.021166892084803723,2025-12-23 22:14:22
48,2008,0.8304636728171807,-0.8304636728171807,0.51,0.020056076449668985,2025-12-23 22:14:22
48,2009,0.8296355124902302,-0.8296355124902302,0.51,0.01891743093707761,2025-12-23 22:14:22
48,2010,0.8287871379258659,-0.8287871379258659,0.51,0.017751049564186355,2025-12-23 22:14:22
48,2011,0.827918621810681,-0.827918621810681,0.51,0.01655703613256461,2025-12-23 22:14:22
48,2012,0.8270300439650825,-0.8270300439650825,0.51,0.015335504349694006,2025-12-23 22:14:22
48,2013,0.8261214914225256,-0.8261214914225256,0.51,0.014086577938713367,2025-12-23 22:14:23
48,2014,0.8251930584990049,-0.8251930584990049,0.51,0.01281039073627771,2025-12-23 22:14:23
48,2015,0.8242448468522742,-0.8242448468522742,0.51,0.011507086778941614,2025-12-23 22:14:23
48,2016,0.8232769655302765,-0.8232769655302765,0.51,0.010176820379844348,2025-12-23 22:14:23
48,2017,0.8222895310082967,-0.8222895310082967,0.51,0.008819756200566966,2025-12-23 22:14:23
48,2018,0.8212826672143613,-0.8212826672143613,0.51,0.00743606933176706,2025-12-23 22:14:23
48,2019,0.8202565055424433,-0.8202565055424433,0.51,0.006025945423849646,2025-12-23 22:14:23
48,2020,0.8192111848530537,-0.8192111848530537,0.51,0.004589581017310969,2025-12-23 22:14:23
48,2021,0.8181468514608295,-0.8181468514608295,0.51,0.0031271847987806704,2025-12-23 22:14:23
48,2022,0.817063659108766,-0.817063659108766,0.51,0.001638985878986136,2025-12-23 22:14:23
48,2024,0.8148413493882231,-0.8148413493882231,0.51,0.001414132016981437,2025-12-23 22:14:23
48,2025,0.813702576222388,-0.813702576222388,0.51,0.002978383918228738,2025-12-23 22:14:23
48,2026,0.812545632352308,-0.812545632352308,0.51,0.004567512491034853,2025-12-23 22:14:23
48,2027,0.8113707077881709,-0.8113707077881709,0.51,0.006181232821186305,2025-12-23 22:14:23
48,2028,0.8101779995179242,-0.8101779995179242,0.51,0.007819264882938914,2025-12-23 22:14:23
48,2029,0.808967711381088,-0.808967711381088,0.51,0.009481321254415797,2025-12-23 22:14:23
48,2030,0.8077400539277173,-0.8077400539277173,0.51,0.011167105607608347,2025-12-23 22:14:23
48,2031,0.8064952442625218,-0.8064952442625218,0.51,0.012876312449455274,2025-12-23 22:14:23
48,2032,0.8052335058741898,-0.8052335058741898,0.51,0.014608627127924288,2025-12-23 22:14:23
48,2033,0.8039550684500129,-0.8039550684500129,0.51,0.016363725905174514,2025-12-23 22:14:24
48,2034,0.8026601676759513,-0.8026601676759513,0.51,0.01814127603554748,2025-12-23 22:14:24
48,2035,0.8013490450223275,-0.8013490450223275,0.51,0.019940935815513847,2025-12-23 22:14:24
48,2036,0.8000219475153791,-0.8000219475153791,0.51,0.02176235457637657,2025-12-23 22:14:24
48,2037,0.7986791274949472,-0.7986791274949472,0.51,0.02360517258450601,2025-12-23 22:14:24
48,2038,0.7973208423586222,-0.7973208423586222,0.51,0.025469020801112588,2025-12-23 22:14:24
48,2039,0.7959473542927108,-0.7959473542927108,0.51,0.02735352043295547,2025-12-23 22:14:24
48,2040,0.7945589299904291,-0.7945589299904291,0.51,0.02925828217372658,2025-12-23 22:14:24
48,2041,0.79315584035777,-0.79315584035777,0.51,0.015591478397917958,2025-12-23 22:14:24
48,2042,0.7917383602075301,-0.7917383602075301,0.51,0.016563707231400555,2025-12-23 22:14:24
48,2043,0.7903067679420206,-0.7903067679420206,0.51,0.017545494166736997,2025-12-23 22:14:24
48,2044,0.7888613452250205,-0.7888613452250205,0.51,0.01853663787986571,2025-12-23 22:14:24
48,2045,0.7874023766435662,-0.7874023766435662,0.51,0.019536935377827424,2025-12-23 22:14:24
48,2046,0.7859301493602017,-0.7859301493602017,0.51,0.020546179260809257,2025-12-23 22:14:24
48,2047,0.7844449527563438,-0.7844449527563438,0.51,0.021564157305910176,2025-12-23 22:14:24
49,189,0.6752033783490298,-0.6752033783490298,0.51,0.003773877098398338,2025-12-23 22:15:14
49,244,0.8177063936529098,-0.8177063936529098,0.51,0.003743042470584949,2025-12-23 22:15:15
49,245,0.8197181302505347,-0.8197181302505347,0.51,0.0065066902248103985,2025-12-23 22:15:15
49,246,0.8217102771024294,-0.8217102771024294,0.51,0.009243496545369346,2025-12-23 22:15:15
49,247,0.8236830244808185,-0.8236830244808185,0.51,0.010946015667197866,2025-12-23 22:15:15
49,248,0.8256365682315109,-0.8256365682315109,0.51,0.01361971088853249,2025-12-23 22:15:15
49,249,0.8275711094193896,-0.8275711094193896,0.51,0.01627864195068411,2025-12-23 22:15:15
49,250,0.8294868539728777,-0.8294868539728777,0.51,0.018911968761734205,2025-12-23 22:15:15
49,251,0.8313840123277854,-0.8313840123277854,0.51,0.021519983271059476,2025-12-23 22:15:15
49,252,0.8332627990709381,-0.8332627990709381,0.51,0.024102973278876852,2025-12-23 22:15:15
49,253,0.8351234325839745,-0.8351234325839745,0.51,0.026661230845764137,2025-12-23 22:15:15
49,254,0.8369661346876953,-0.8369661346876953,0.51,0.029195052291856514,2025-12-23 22:15:15
49,255,0.8387911302873401,-0.8387911302873401,0.51,0.015852339747782006,2025-12-23 22:15:15
49,256,0.8405986470191557,-0.8405986470191557,0.51,0.0170953231159485,2025-12-23 22:15:15
49,257,0.8423889148986193,-0.8423889148986193,0.51,0.018326561429493928,2025-12-23 22:15:16
49,258,0.8441621659706701,-0.8441621659706701,0.51,0.0195462081155036,2025-12-23 22:15:16
49,259,0.8459186339622958,-0.8459186339622958,0.51,0.020754415926099522,2025-12-23 22:15:16
49,260,0.8476585539378204,-0.8476585539378204,0.51,0.021951339929258448,2025-12-23 22:15:16
49,261,0.8493821619572268,-0.8493821619572268,0.51,0.023137137256690043,2025-12-23 22:15:16
49,262,0.8510896947378508,-0.8510896947378508,0.51,0.024311966426685004,2025-12-23 22:15:16
49,263,0.8527813893197714,-0.8527813893197714,0.51,0.025475986773683023,2025-12-23 22:15:16
49,264,0.8544574827352239,-0.8544574827352239,0.51,0.026629358016528666,2025-12-23 22:15:16
49,265,0.8561182116823532,-0.8561182116823532,0.51,0.027772239919402694,2025-12-23 22:15:16
49,266,0.8577638122036247,-0.8577638122036247,0.51,0.028904792006142245,2025-12-23 22:15:16
49,267,0.8593945193692032,-0.8593945193692032,0.51,0.020018096431243082,2025-12-23 22:15:16
49,268,0.8610105669656084,-0.8610105669656084,0.51,0.020759686744305707,2025-12-23 22:15:16
49,269,0.8626121871899505,-0.8626121871899505,0.51,0.021494715690932087,2025-12-23 22:15:16
49,270,0.8641996103500456,-0.8641996103500456,0.51,0.02222328603184499,2025-12-23 22:15:16
49,271,0.8657730645707074,-0.8657730645707074,0.51,0.022945499238602375,2025-12-23 22:15:16
49,272,0.8673327755065062,-0.8673327755065062,0.51,0.02366145591868724,2025-12-23 22:15:16
49,273,0.868878966061282,-0.868878966061282,0.51,0.024371255810890138,2025-12-23 22:15:16
49,274,0.8704118561146943,-0.8704118561146943,0.51,0.02507499763169036,2025-12-23 22:15:16
49,275,0.8719316622560851,-0.8719316622560851,0.51,0.025772778884579513,2025-12-23 22:15:16
49,276,0.8734385975259268,-0.8734385975259268,0.51,0.026464695673187936,2025-12-23 22:15:17
49,277,0.8749328711651199,-0.8749328711651199,0.51,0.027150842530365073,2025-12-23 22:15:17
49,278,0.8764146883723981,-0.8764146883723981,0.51,0.027831312264635415,2025-12-23 22:15:17
49,279,0.8778842500700945,-0.8778842500700945,0.51,0.0285061958219726,2025-12-23 22:15:17
49,280,0.8793417526785092,-0.8793417526785092,0.51,0.029175582160273508,2025-12-23 22:15:17
49,281,0.8807873878991154,-0.8807873878991154,0.51,0.02983955813422377,2025-12-23 22:15:17
49,282,0.882221342506829,-0.882221342506829,0.51,0.02287364456882458,2025-12-23 22:15:17
49,283,0.8836437981515577,-0.8836437981515577,0.51,0.02336370326554542,2025-12-23 22:15:17
49,284,0.8850549311692326,-0.8850549311692326,0.51,0.0238498937074072,2025-12-23 22:15:17
49,285,0.8864549124025193,-0.8864549124025193,0.51,0.024332273318398927,2025-12-23 22:15:17
49,286,0.887843907031386,-0.887843907031386,0.51,0.02481089755856285,2025-12-23 22:15:17
49,287,0.8892220744136989,-0.8892220744136989,0.51,0.025285819972025062,2025-12-23 22:15:17
49,288,0.8905895679359975,-0.8905895679359975,0.51,0.02575709216934667,2025-12-23 22:15:17
49,289,0.8919465348745893,-0.8919465348745893,0.51,0.026224763780851944,2025-12-23 22:15:17
49,290,0.8932931162670881,-0.8932931162670881,0.51,0.026688882399864937,2025-12-23 22:15:17
49,291,0.8946294467945023,-0.8946294467945023,0.51,0.027149493525293035,2025-12-23 22:15:17
49,292,0.8959556546739637,-0.8959556546739637,0.51,0.027606640507964318,2025-12-23 22:15:17
49,293,0.8972718615621686,-0.8972718615621686,0.51,0.02806036450251862,2025-12-23 22:15:17
49,294,0.8985781824695867,-0.8985781824695867,0.51,0.02851070442543771,2025-12-23 22:15:18
49,295,0.8998747256854683,-0.8998747256854683,0.51,0.02895769691912915,2025-12-23 22:15:18
49,296,0.901161592713671,-0.901161592713671,0.51,0.029401376321805547,2025-12-23 22:15:18
49,297,0.9024388782192936,-0.9024388782192936,0.51,0.029841774642773558,2025-12-23 22:15:18
49,298,0.9037066699860961,-0.9037066699860961,0.51,0.024223129862459992,2025-12-23 22:15:18
49,299,0.9049650488846568,-0.9049650488846568,0.51,0.024570269237152977,2025-12-23 22:15:18
49,300,0.9062140888511976,-0.9062140888511976,0.51,0.02491485163593106,2025-12-23 22:15:18
49,301,0.9074538568769878,-0.9074538568769878,0.51,0.025256894760887084,2025-12-23 22:15:18
49,302,0.9086844130082146,-0.9086844130082146,0.51,0.025596414413256604,2025-12-23 22:15:18
49,303,0.9099058103561867,-0.9099058103561867,0.51,0.02593342451947329,2025-12-23 22:15:18
49,304,0.9111180951177147,-0.9111180951177147,0.51,0.026267937145462567,2025-12-23 22:15:18
49,305,0.9123213066054923,-0.9123213066054923,0.51,0.026599962505822947,2025-12-23 22:15:18
49,306,0.9135154772882796,-0.9135154772882796,0.51,0.026929508971647087,2025-12-23 22:15:18
49,307,0.9147006328406692,-0.9147006328406692,0.51,0.02725658307925612,2025-12-23 22:15:18
49,308,0.9158767922021943,-0.9158767922021943,0.51,0.02758118954098762,2025-12-23 22:15:18
49,309,0.9170439676455213,-0.9170439676455213,0.51,0.027903331258674998,2025-12-23 22:15:18
49,310,0.9182021648534439,-0.9182021648534439,0.51,0.028223009340018076,2025-12-23 22:15:18
49,311,0.9193513830043842,-0.9193513830043842,0.51,0.0285402231179247,2025-12-23 22:15:18
49,312,0.9204916148660834,-0.9204916148660834,0.51,0.028854970172721435,2025-12-23 22:15:18
49,313,0.9216228468971482,-0.9216228468971482,0.51,0.029167246357104746,2025-12-23 22:15:19
49,314,0.9227450593561065,-0.9227450593561065,0.51,0.029477045823683882,2025-12-23 22:15:19
49,315,0.9238582264176068,-0.9238582264176068,0.51,0.029784361054935017,2025-12-23 22:15:19
49,316,0.924962316295385,-0.924962316295385,0.51,0.025074314472360183,2025-12-23 22:15:19
49,317,0.9260572913716071,-0.9260572913716071,0.51,0.02532624676999636,2025-12-23 22:15:19
49,318,0.9271431083321896,-0.9271431083321896,0.51,0.02557608337073716,2025-12-23 22:15:19
49,319,0.9282197183076819,-0.9282197183076819,0.51,0.02582381255218723,2025-12-23 22:15:19
49,320,0.9292870670192946,-0.9292870670192946,0.51,0.026069421358356364,2025-12-23 22:15:19
49,321,0.9303450949296452,-0.9303450949296452,0.51,0.026312895640155456,2025-12-23 22:15:19
49,322,0.9313937373977876,-0.9313937373977876,0.51,0.02655422009329832,2025-12-23 22:15:19
49,323,0.9324329248380899,-0.9324329248380899,0.51,0.026793378294924935,2025-12-23 22:15:19
49,324,0.9334625828825195,-0.9334625828825195,0.51,0.027030352739811726,2025-12-23 22:15:19
49,325,0.9344826325458939,-0.9344826325458939,0.51,0.027265124876669593,2025-12-23 22:15:19
49,326,0.9354929903936576,-0.9354929903936576,0.51,0.027497675144782217,2025-12-23 22:15:19
49,327,0.9364935687117438,-0.9364935687117438,0.51,0.02772798301110659,2025-12-23 22:15:19
49,328,0.9374842756780862,-0.9374842756780862,0.51,0.027956027007875923,2025-12-23 22:15:19
49,329,0.9384650155353477,-0.9384650155353477,0.51,0.02818178477063723,2025-12-23 22:15:19
49,330,0.9394356887644413,-0.9394356887644413,0.51,0.028405233076692675,2025-12-23 22:15:19
49,331,0.9403961922584242,-0.9403961922584242,0.51,0.028626347883804276,2025-12-23 22:15:19
49,332,0.9413464194963553,-0.9413464194963553,0.51,0.0288451043691017,2025-12-23 22:15:20
49,333,0.9422862607167167,-0.9422862607167167,0.51,0.0290614769680572,2025-12-23 22:15:20
49,334,0.94321560309001,-0.94321560309001,0.51,0.02927543941343506,2025-12-23 22:15:20
49,335,0.944134330890152,-0.944134330890152,0.51,0.0294869647740916,2025-12-23 22:15:20
49,336,0.9450423256643072,-0.9450423256643072,0.51,0.029696025493550503,2025-12-23 22:15:20
49,337,0.9459394664008082,-0.9459394664008082,0.51,0.02990259342823437,2025-12-23 22:15:20
49,338,0.9468256296948313,-0.9468256296948313,0.51,0.025805688772102268,2025-12-23 22:15:20
49,339,0.9477006899115135,-0.9477006899115135,0.51,0.025978401090773637,2025-12-23 22:15:20
49,340,0.9485645193462088,-0.9485645193462088,0.51,0.02614890240943391,2025-12-23 22:15:20
49,341,0.9494169883816056,-0.9494169883816056,0.51,0.026317166820313195,2025-12-23 22:15:20
49,342,0.9502579656414413,-0.9502579656414413,0.51,0.026483168075701367,2025-12-23 22:15:20
49,343,0.9510873181405718,-0.9510873181405718,0.51,0.026646879618915254,2025-12-23 22:15:20
49,344,0.9519049114311734,-0.9519049114311734,0.51,0.02680827461361794,2025-12-23 22:15:20
49,345,0.9527106097448723,-0.9527106097448723,0.51,0.026967325971785316,2025-12-23 22:15:20
49,346,0.9535042761306212,-0.9535042761306212,0.51,0.027124006380489583,2025-12-23 22:15:20
49,347,0.9542857725881592,-0.9542857725881592,0.51,0.027278288327669018,2025-12-23 22:15:20
49,348,0.9550549601969158,-0.9550549601969158,0.51,0.027430144126910586,2025-12-23 22:15:20
49,349,0.9558116992402381,-0.9558116992402381,0.51,0.02757954594131438,2025-12-23 22:15:20
49,350,0.9565558493248423,-0.9565558493248423,0.51,0.027726465806446554,2025-12-23 22:15:21
49,351,0.9572872694954121,-0.9572872694954121,0.51,0.027870875652393767,2025-12-23 22:15:21
49,352,0.9580058183442872,-0.9580058183442872,0.51,0.02801274732490682,2025-12-23 22:15:21
49,353,0.9587113541162043,-0.9587113541162043,0.51,0.028152052605654062,2025-12-23 22:15:21
49,354,0.9594037348080763,-0.9594037348080763,0.51,0.028288763231543484,2025-12-23 22:15:21
49,355,0.9600828182638117,-0.9600828182638117,0.51,0.02842384429798966,2025-12-23 22:15:21
49,356,0.9607484622642006,-0.9607484622642006,0.51,0.02855430275075273,2025-12-23 22:15:21
49,357,0.9614005246119081,-0.9614005246119081,0.51,0.028683063595685187,2025-12-23 22:15:21
49,358,0.9620388632116373,-0.9620388632116373,0.51,0.028809115902688233,2025-12-23 22:15:21
49,359,0.9626633361455444,-0.9626633361455444,0.51,0.028932431583606574,2025-12-23 22:15:21
49,360,0.9632738017439988,-0.9632738017439988,0.51,0.02905395349815817,2025-12-23 22:15:21
49,361,0.9638701186518079,-0.9638701186518079,0.51,0.029170757502331852,2025-12-23 22:15:21
49,362,0.964452145890035,-0.964452145890035,0.51,0.029285699166188794,2025-12-23 22:15:21
49,363,0.9650197429135571,-0.9650197429135571,0.51,0.029398788914511725,2025-12-23 22:15:21
49,364,0.9655727696645251,-0.9655727696645251,0.51,0.02950702295838583,2025-12-23 22:15:21
49,365,0.9661110866219024,-0.9661110866219024,0.51,0.02961333808415583,2025-12-23 22:15:21
49,366,0.96663455484727,-0.96663455484727,0.51,0.029717701475318138,2025-12-23 22:15:21
49,367,0.9671430360271017,-0.9671430360271017,0.51,0.02981715924612136,2025-12-23 22:15:21
49,368,0.9676363925117211,-0.9676363925117211,0.51,0.02991459839039733,2025-12-23 22:15:21
49,369,0.9681144873511666,-0.9681144873511666,0.51,0.026258713096219025,2025-12-23 22:15:22
49,370,0.9685771843281985,-0.9685771843281985,0.51,0.02633880482803339,2025-12-23 22:15:22
49,371,0.969024347988692,-0.969024347988692,0.51,0.026415159070961043,2025-12-23 22:15:22
49,372,0.9694558436696677,-0.9694558436696677,0.51,0.026490696347670557,2025-12-23 22:15:22
49,373,0.9698715375252207,-0.9698715375252207,0.51,0.026561587355731102,2025-12-23 22:15:22
49,374,0.9702712965506125,-0.9702712965506125,0.51,0.026631647391383115,2025-12-23 22:15:22
49,375,0.9706549886047995,-0.9706549886047995,0.51,0.026697002652390122,2025-12-23 22:15:22
49,376,0.971022482431673,-0.971022482431673,0.51,0.026761475872932625,2025-12-23 22:15:22
49,377,0.9713736476802916,-0.9713736476802916,0.51,0.02682122161724019,2025-12-23 22:15:22
49,378,0.9717083549243892,-0.9717083549243892,0.51,0.026880002407103563,2025-12-23 22:15:22
49,379,0.9720264756814443,-0.9720264756814443,0.51,0.02693406344609877,2025-12-23 22:15:22
49,380,0.9723278824315951,-0.9723278824315951,0.51,0.02698705025116717,2025-12-23 22:15:22
49,381,0.9726124486366894,-0.9726124486366894,0.51,0.02703631624099811,2025-12-23 22:15:22
49,382,0.9728800487597526,-0.9728800487597526,0.51,0.02708161016619541,2025-12-23 22:15:22
49,383,0.973130558285159,-0.973130558285159,0.51,0.02712580522089615,2025-12-23 22:15:22
49,384,0.973363853739787,-0.973363853739787,0.51,0.02716619570241885,2025-12-23 22:15:22
49,385,0.9735798127154371,-0.9735798127154371,0.51,0.027202571774769042,2025-12-23 22:15:22
49,386,0.9737783138927852,-0.9737783138927852,0.51,0.027237745343000077,2025-12-23 22:15:22
49,387,0.9739592370671393,-0.9739592370671393,0.51,0.027269067997222025,2025-12-23 22:15:22
49,388,0.9741224631762614,-0.9741224631762614,0.51,0.027297328128831413,2025-12-23 22:15:23
49,389,0.9742678743305108,-0.9742678743305108,0.51,0.02732250491707891,2025-12-23 22:15:23
49,390,0.9743953538455528,-0.9743953538455528,0.51,0.027343551539934553,2025-12-23 22:15:23
49,391,0.9745047862778726,-0.9745047862778726,0.51,0.027363314695435646,2025-12-23 22:15:23
49,392,0.9745960574633217,-0.9745960574633217,0.51,0.02737911611132721,2025-12-23 22:15:23
49,393,0.9746690545589131,-0.9746690545589131,0.51,0.027391754086606473,2025-12-23 22:15:23
49,394,0.9747236660880729,-0.9747236660880729,0.51,0.0274012091340306,2025-12-23 22:15:23
49,395,0.9747597819895389,-0.9747597819895389,0.51,0.027407462057703967,2025-12-23 22:15:23
49,396,0.9747772936700876,-0.9747772936700876,0.51,0.027410493962926007,2025-12-23 22:15:23
49,397,0.9747760940612545,-0.9747760940612545,0.51,0.027410286266797732,2025-12-23 22:15:23
49,398,0.9747560776801993,-0.9747560776801993,0.51,0.02740682070961552,2025-12-23 22:15:23
49,399,0.9747171406948483,-0.9747171406948483,0.51,0.027400079367073844,2025-12-23 22:15:23
49,400,0.9746591809934343,-0.9746591809934343,0.51,0.02739004466330383,2025-12-23 22:15:23
49,401,0.974582098258534,-0.974582098258534,0.51,0.027376699384763496,2025-12-23 22:15:23
49,402,0.9744857940456841,-0.9744857940456841,0.51,0.027360026694998495,2025-12-23 22:15:23
49,403,0.9743701718666407,-0.9743701718666407,0.51,0.02734001015028523,2025-12-23 22:15:23
49,404,0.9742351372773244,-0.9742351372773244,0.51,0.02731663371616704,2025-12-23 22:15:23
49,405,0.9740805979704759,-0.9740805979704759,0.51,0.02728988178488995,2025-12-23 22:15:23
49,406,0.9739064638730222,-0.9739064638730222,0.51,0.02725973919374133,2025-12-23 22:15:23
49,407,0.9737126472481359,-0.9737126472481359,0.51,0.027226191244290262,2025-12-23 22:15:24
49,408,0.973499062801944,-0.973499062801944,0.51,0.027189223722526534,2025-12-23 22:15:24
49,409,0.973265627794823,-0.973265627794823,0.51,0.027148822919889536,2025-12-23 22:15:24
49,410,0.973012262157192,-0.973012262157192,0.51,0.027104975655175625,2025-12-23 22:15:24
49,411,0.9727388886096926,-0.9727388886096926,0.51,0.027057669297308597,2025-12-23 22:15:24
49,412,0.9724454327876189,-0.9724454327876189,0.51,0.02700689178895289,2025-12-23 22:15:24
49,413,0.9721318233694398,-0.9721318233694398,0.51,0.026952631670947535,2025-12-23 22:15:24
49,414,0.9717979922092284,-0.9717979922092284,0.51,0.026894878107531533,2025-12-23 22:15:24
49,415,0.9714438744727876,-0.9714438744727876,0.51,0.026833620912330918,2025-12-23 22:15:24
49,416,0.9710694087772421,-0.9710694087772421,0.51,0.026768850575070877,2025-12-23 22:15:24
49,417,0.9706745373338347,-0.9706745373338347,0.51,0.0267005582889742,2025-12-23 22:15:24
49,418,0.9702592060936445,-0.9702592060936445,0.51,0.026628735978802904,2025-12-23 22:15:24
49,419,0.9698233648959214,-0.9698233648959214,0.51,0.02655337632949577,2025-12-23 22:15:24
49,420,0.9693669676187027,-0.9693669676187027,0.51,0.026474472815351324,2025-12-23 22:15:24
49,421,0.9688899723313579,-0.9688899723313579,0.51,0.026392019729701576,2025-12-23 22:15:24
49,422,0.9683923414486824,-0.9683923414486824,0.51,0.026306012215019346,2025-12-23 22:15:24
49,423,0.9678740418861389,-0.9678740418861389,0.51,0.029961652906739925,2025-12-23 22:15:24
49,424,0.9673350452158247,-0.9673350452158247,0.51,0.029855221596955996,2025-12-23 22:15:24
49,425,0.9667753278227184,-0.9667753278227184,0.51,0.029744717600883774,2025-12-23 22:15:24
49,426,0.9661948710607445,-0.9661948710607445,0.51,0.02963013960032099,2025-12-23 22:15:25
49,427,0.9655936614081719,-0.9655936614081719,0.51,0.029511487424419267,2025-12-23 22:15:25
49,428,0.9649716906218445,-0.9649716906218445,0.51,0.029388762085483553,2025-12-23 22:15:25
49,429,0.964328955889729,-0.964328955889729,0.51,0.02926087774682321,2025-12-23 22:15:25
49,430,0.963665459981246,-0.963665459981246,0.51,0.029129782399234624,2025-12-23 22:15:25
49,431,0.9629812113948397,-0.9629812113948397,0.51,0.028994589349829257,2025-12-23 22:15:25
49,432,0.9622762245022293,-0.9622762245022293,0.51,0.028856287612998247,2025-12-23 22:15:25
49,433,0.9615505196887735,-0.9615505196887735,0.51,0.028711936880949637,2025-12-23 22:15:25
49,434,0.9608041234893749,-0.9608041234893749,0.51,0.028564480743884266,2025-12-23 22:15:25
49,435,0.9600370687193414,-0.9600370687193414,0.51,0.028412946975317262,2025-12-23 22:15:25
49,436,0.9592493945996192,-0.9592493945996192,0.51,0.028257344005115932,2025-12-23 22:15:25
49,437,0.9584411468758121,-0.9584411468758121,0.51,0.02809768148117885,2025-12-23 22:15:25
49,438,0.9576123779303966,-0.9576123779303966,0.51,0.02793397031289162,2025-12-23 22:15:25
49,439,0.956763146887553,-0.956763146887553,0.51,0.027766222707093117,2025-12-23 22:15:25
49,440,0.9558935197100298,-0.9558935197100298,0.51,0.02759445219814409,2025-12-23 22:15:25
49,441,0.9550035692874705,-0.9550035692874705,0.51,0.02741867367325111,2025-12-23 22:15:25
49,442,0.9540933755156429,-0.9540933755156429,0.51,0.027238903393758628,2025-12-23 22:15:25
49,443,0.953163025366018,-0.953163025366018,0.51,0.02705515901296602,2025-12-23 22:15:25
49,444,0.9522126129451672,-0.9522126129451672,0.51,0.026867459590766748,2025-12-23 22:15:25
49,445,0.9512422395434571,-0.9512422395434571,0.51,0.02667582560534882,2025-12-23 22:15:26
49,446,0.9502520136725469,-0.9502520136725469,0.51,0.026480278962068657,2025-12-23 22:15:26
49,447,0.9492420510912111,-0.9492420510912111,0.51,0.026280842999575033,2025-12-23 22:15:26
49,448,0.9482124748190376,-0.9482124748190376,0.51,0.026077542493201586,2025-12-23 22:15:26
49,449,0.9471634151375761,-0.9471634151375761,0.51,0.025870403655628937,2025-12-23 22:15:26
49,450,0.9460950095785419,-0.9460950095785419,0.51,0.029936034062391054,2025-12-23 22:15:26
49,451,0.9450074028987121,-0.9450074028987121,0.51,0.029685515311963614,2025-12-23 22:15:26
49,452,0.9439007470411825,-0.9439007470411825,0.51,0.02943061928774869,2025-12-23 22:15:26
49,453,0.9427752010826908,-0.9427752010826908,0.51,0.029171383449021714,2025-12-23 22:15:26
49,454,0.941630931166747,-0.941630931166747,0.51,0.028907846833616763,2025-12-23 22:15:26
49,455,0.9404681104223529,-0.9404681104223529,0.51,0.028640050053074288,2025-12-23 22:15:26
49,456,0.9392869188681288,-0.9392869188681288,0.51,0.028368035280265998,2025-12-23 22:15:26
49,457,0.9380875433017124,-0.9380875433017124,0.51,0.02809184623072114,2025-12-23 22:15:26
49,458,0.9368701771743336,-0.9368701771743336,0.51,0.02781152813854598,2025-12-23 22:15:26
49,459,0.9356350204505127,-0.9356350204505127,0.51,0.02752712772747824,2025-12-23 22:15:26
49,460,0.9343822794528772,-0.9343822794528772,0.51,0.027238693177537205,2025-12-23 22:15:26
49,461,0.9331121666921339,-0.9331121666921339,0.51,0.026946274087500808,2025-12-23 22:15:26
49,462,0.9318249006822811,-0.9318249006822811,0.51,0.026649921433495784,2025-12-23 22:15:26
49,463,0.9305207057411885,-0.9305207057411885,0.51,0.026349687523805954,2025-12-23 22:15:26
49,464,0.9291998117767224,-0.9291998117767224,0.51,0.026045625950081926,2025-12-23 22:15:27
49,465,0.9278624540586337,-0.9278624540586337,0.51,0.02573779153504857,2025-12-23 22:15:27
49,466,0.9265088729764762,-0.9265088729764762,0.51,0.025426240276846993,2025-12-23 22:15:27
49,467,0.9251393137838644,-0.9251393137838644,0.51,0.025111029290096225,2025-12-23 22:15:27
49,468,0.9237540263294222,-0.9237540263294222,0.51,0.02975067019212403,2025-12-23 22:15:27
49,469,0.92235326477482,-0.92235326477482,0.51,0.029363851480785852,2025-12-23 22:15:27
49,470,0.9209372873003364,-0.9209372873003364,0.51,0.02897285089618563,2025-12-23 22:15:27
49,471,0.9195063557984187,-0.9195063557984187,0.51,0.02857774235803807,2025-12-23 22:15:27
49,472,0.9180607355557588,-0.9180607355557588,0.51,0.028178600496937135,2025-12-23 22:15:27
49,473,0.9166006949244342,-0.9166006949244342,0.51,0.02777550063034197,2025-12-23 22:15:27
49,474,0.9151265049826974,-0.9151265049826974,0.51,0.02736851871337815,2025-12-23 22:15:27
49,475,0.9136384391860334,-0.9136384391860334,0.51,0.026957731272555567,2025-12-23 22:15:27
49,476,0.9121367730091295,-0.9121367730091295,0.51,0.026543215327532458,2025-12-23 22:15:27
49,477,0.9106217835794345,-0.9106217835794345,0.51,0.02612504830429638,2025-12-23 22:15:27
49,478,0.9090937493030046,-0.9090937493030046,0.51,0.02570330794200488,2025-12-23 22:15:27
49,479,0.9075529494833611,-0.9075529494833611,0.51,0.025278072195034553,2025-12-23 22:15:27
49,480,0.9059996639341005,-0.9059996639341005,0.51,0.02484941913129776,2025-12-23 22:15:27
49,481,0.9044341725860188,-0.9044341725860188,0.51,0.024417426827660883,2025-12-23 22:15:27
49,482,0.9028567550895227,-0.9028567550895227,0.51,0.02997773588860448,2025-12-23 22:15:27
49,483,0.9012676904131172,-0.9012676904131172,0.51,0.02942970398503785,2025-12-23 22:15:28
49,484,0.8996672564387631,-0.8996672564387631,0.51,0.02887778215158911,2025-12-23 22:15:28
49,485,0.8980557295549098,-0.8980557295549098,0.51,0.02832206907931291,2025-12-23 22:15:28
49,486,0.896433384248007,-0.896433384248007,0.51,0.027762661960814988,2025-12-23 22:15:28
49,487,0.8948004926933069,-0.8948004926933069,0.51,0.027199656656025806,2025-12-23 22:15:28
49,488,0.8931573243457595,-0.8931573243457595,0.51,0.026633147735828627,2025-12-23 22:15:28
49,489,0.8915041455318069,-0.8915041455318069,0.51,0.02606322845521427,2025-12-23 22:15:28
49,490,0.8898412190428712,-0.8898412190428712,0.51,0.025489990685172388,2025-12-23 22:15:28
49,491,0.8881688037313232,-0.8881688037313232,0.51,0.024913524820221213,2025-12-23 22:15:28
49,492,0.8864871541097104,-0.8864871541097104,0.51,0.024333919671461212,2025-12-23 22:15:28
49,493,0.8847965199540052,-0.8847965199540052,0.51,0.023751262351134988,2025-12-23 22:15:28
49,494,0.8830971459116241,-0.8830971459116241,0.51,0.023165638152439785,2025-12-23 22:15:28
49,495,0.8813892711149468,-0.8813892711149468,0.51,0.022577130426981014,2025-12-23 22:15:28
49,496,0.879673128801049,-0.879673128801049,0.51,0.029314463480910657,2025-12-23 22:15:28
49,497,0.8779489459383403,-0.8779489459383403,0.51,0.02852244139842284,2025-12-23 22:15:28
49,498,0.8762169428607774,-0.8762169428607774,0.51,0.02772687430206376,2025-12-23 22:15:28
49,499,0.8744773329102992,-0.8744773329102992,0.51,0.026927868443940618,2025-12-23 22:15:28
49,500,0.8727303220881046,-0.8727303220881046,0.51,0.026125523530933538,2025-12-23 22:15:28
49,501,0.8709761087153739,-0.8709761087153739,0.51,0.025319934059527874,2025-12-23 22:15:28
49,502,0.8692148831039986,-0.8692148831039986,0.51,0.024511189911370017,2025-12-23 22:15:29
49,503,0.8674468272378684,-0.8674468272378684,0.51,0.02369937659846068,2025-12-23 22:15:29
49,504,0.8656721144652271,-0.8656721144652271,0.51,0.02288457533723145,2025-12-23 22:15:29
49,505,0.8638909092025886,-0.8638909092025886,0.51,0.022066863036660285,2025-12-23 22:15:29
49,506,0.8621033666506704,-0.8621033666506704,0.51,0.02124631224245192,2025-12-23 22:15:29
49,507,0.8603096325227768,-0.8603096325227768,0.51,0.02042299105893682,2025-12-23 22:15:29
49,508,0.8585098427860345,-0.8585098427860345,0.51,0.02939551826813466,2025-12-23 22:15:29
49,509,0.8567041234158557,-0.8567041234158557,0.51,0.028152519081072407,2025-12-23 22:15:29
49,510,0.8548925901639748,-0.8548925901639748,0.51,0.026905594277582393,2025-12-23 22:15:29
49,511,0.8530753483403783,-0.8530753483403783,0.51,0.02565484020502836,2025-12-23 22:15:29
49,512,0.8512524926094203,-0.8512524926094203,0.51,0.02440033204254263,2025-12-23 22:15:29
49,513,0.8494241068003878,-0.8494241068003878,0.51,0.02314213261270542,2025-12-23 22:15:29
49,514,0.8475902637327583,-0.8475902637327583,0.51,0.02188029522024636,2025-12-23 22:15:29
49,515,0.8457510250563612,-0.8457510250563612,0.51,0.02061486465166428,2025-12-23 22:15:29
49,516,0.8439064411066369,-0.8439064411066369,0.51,0.0193458775415206,2025-12-23 22:15:29
49,517,0.8420565507751582,-0.8420565507751582,0.51,0.018073362497151354,2025-12-23 22:15:29
49,518,0.8402013813955603,-0.8402013813955603,0.51,0.01679734012575272,2025-12-23 22:15:29
49,519,0.838340948645004,-0.838340948645004,0.51,0.015517823023395336,2025-12-23 22:15:29
49,520,0.8364752564612726,-0.8364752564612726,0.51,0.028469862579559566,2025-12-23 22:15:30
49,521,0.8346042969755902,-0.8346042969755902,0.51,0.025896682695295832,2025-12-23 22:15:30
49,522,0.8327280504612246,-0.8327280504612246,0.51,0.023316513194401516,2025-12-23 22:15:30
49,523,0.8308464852979248,-0.8308464852979248,0.51,0.020729308007245473,2025-12-23 22:15:30
49,524,0.8289595579522275,-0.8289595579522275,0.51,0.018135010434877818,2025-12-23 22:15:30
49,525,0.8270672129736474,-0.8270672129736474,0.51,0.015533548056181163,2025-12-23 22:15:30
49,526,0.8251693830067589,-0.8251693830067589,0.51,0.012924832746239229,2025-12-23 22:15:30
49,527,0.8232659888191588,-0.8232659888191588,0.51,0.01030876095261275,2025-12-23 22:15:30
49,528,0.8213569393452901,-0.8213569393452901,0.51,0.0076852144767803705,2025-12-23 22:15:30
49,529,0.8194421317460958,-0.8194421317460958,0.51,0.0050540634152203895,2025-12-23 22:15:30
49,530,0.8175214514844614,-0.8175214514844614,0.51,0.00241518742468946,2025-12-23 22:15:30
49,532,0.8136619568978886,-0.8136619568978886,0.51,0.002886857702086438,2025-12-23 22:15:30
49,533,0.8117228559073901,-0.8117228559073901,0.51,0.005550095434582192,2025-12-23 22:15:30
49,534,0.8097773091838181,-0.8097773091838181,0.51,0.008221876791769622,2025-12-23 22:15:30
49,535,0.8078251453800337,-0.8078251453800337,0.51,0.010902401962897754,2025-12-23 22:15:30
49,536,0.8058661822316885,-0.8058661822316885,0.51,0.013591899798501164,2025-12-23 22:15:30
49,537,0.8039002267413533,-0.8039002267413533,0.51,0.016290612892437564,2025-12-23 22:15:30
49,538,0.8019270753778333,-0.8019270753778333,0.51,0.01899879388380324,2025-12-23 22:15:30
49,539,0.7999465142905655,-0.7999465142905655,0.51,0.021716702787556653,2025-12-23 22:15:30
49,1815,0.8181263794212991,-0.8181263794212991,0.51,0.0031154803836132244,2025-12-23 22:15:35
49,1816,0.8201337654619162,-0.8201337654619162,0.51,0.0058735922638985,2025-12-23 22:15:35
49,1817,0.8221216138269423,-0.8221216138269423,0.51,0.008605067882624575,2025-12-23 22:15:35
49,1818,0.8240901154031757,-0.8240901154031757,0.51,0.011310211632665657,2025-12-23 22:15:35
49,1819,0.8260394666007363,-0.8260394666007363,0.51,0.013989291730808224,2025-12-23 22:15:35
49,1820,0.8279698689974487,-0.8279698689974487,0.51,0.016642583453776425,2025-12-23 22:15:35
49,1821,0.8298815289823176,-0.8298815289823176,0.51,0.019270368608266312,2025-12-23 22:15:35
49,1822,0.8317746573985005,-0.8317746573985005,0.51,0.021872933966149075,2025-12-23 22:15:35
49,1823,0.8336494691861721,-0.8336494691861721,0.51,0.02445057030706471,2025-12-23 22:15:35
49,1824,0.8355061830256668,-0.8355061830256668,0.51,0.027003571848906213,2025-12-23 22:15:35
49,1825,0.8373450209812794,-0.8373450209812794,0.51,0.029532235946722957,2025-12-23 22:15:35
49,1826,0.8391662081460951,-0.8391662081460951,0.51,0.016018401690770928,2025-12-23 22:15:35
49,1827,0.8409699722882137,-0.8409699722882137,0.51,0.017258867856269823,2025-12-23 22:15:35
49,1828,0.8427565434987259,-0.8427565434987259,0.51,0.01848763069832479,2025-12-23 22:15:35
49,1829,0.8445261538417941,-0.8445261538417941,0.51,0.01970484380504466,2025-12-23 22:15:35
49,1830,0.8462790370071835,-0.8462790370071835,0.51,0.02091066002028309,2025-12-23 22:15:35
49,1831,0.8480154279655846,-0.8480154279655846,0.51,0.0221052343876999,2025-12-23 22:15:35
49,1832,0.8497355626270624,-0.8497355626270624,0.51,0.02328872391454594,2025-12-23 22:15:35
49,1833,0.851439677502964,-0.851439677502964,0.51,0.024461286914515087,2025-12-23 22:15:35
49,1834,0.85312800937161,-0.85312800937161,0.51,0.02562308245263998,2025-12-23 22:15:36
49,1835,0.8548007949480931,-0.8548007949480931,0.51,0.026774269924701628,2025-12-23 22:15:36
49,1836,0.8564582705585003,-0.8564582705585003,0.51,0.027915008726352847,2025-12-23 22:15:36
49,1837,0.8581006718188746,-0.8581006718188746,0.51,0.029045457973574693,2025-12-23 22:15:36
49,1838,0.8597282333192249,-0.8597282333192249,0.51,0.02011049845882343,2025-12-23 22:15:36
49,1839,0.861341188312891,-0.861341188312891,0.51,0.02085072065263798,2025-12-23 22:15:36
49,1840,0.8629397684115667,-0.8629397684115667,0.51,0.02158440665043976,2025-12-23 22:15:36
49,1841,0.8645242032862782,-0.8645242032862782,0.51,0.022311658923103796,2025-12-23 22:15:36
49,1842,0.8660947203746132,-0.8660947203746132,0.51,0.02303257863229425,2025-12-23 22:15:36
49,1843,0.86765154459449,-0.86765154459449,0.51,0.02374726604644255,2025-12-23 22:15:36
49,1844,0.8691948980647529,-0.8691948980647529,0.51,0.02445582053545534,2025-12-23 22:15:36
49,1845,0.8707249998328735,-0.8707249998328735,0.51,0.025158340419085715,2025-12-23 22:15:36
49,1846,0.8722420656100339,-0.8722420656100339,0.51,0.025854922778743385,2025-12-23 22:15:36
49,1847,0.8737463075138606,-0.8737463075138606,0.51,0.026545663272948924,2025-12-23 22:15:36
49,1848,0.8752379338190737,-0.8752379338190737,0.51,0.027230655968366758,2025-12-23 22:15:36
49,1849,0.8767171487163062,-0.8767171487163062,0.51,0.027909993187895145,2025-12-23 22:15:36
49,1850,0.8781841520793452,-0.8781841520793452,0.51,0.028583765373832108,2025-12-23 22:15:36
49,1851,0.8796391392410329,-0.8796391392410329,0.51,0.0292520609635148,2025-12-23 22:15:36
49,1852,0.8810823007780637,-0.8810823007780637,0.51,0.029914966275227113,2025-12-23 22:15:36
49,1853,0.882513822304898,-0.882513822304898,0.51,0.022929412389729925,2025-12-23 22:15:37
49,1854,0.8839338842770073,-0.8839338842770073,0.51,0.023418686150916954,2025-12-23 22:15:37
49,1855,0.8853426618036514,-0.8853426618036514,0.51,0.023904105304617305,2025-12-23 22:15:37
49,1856,0.8867403244703813,-0.8867403244703813,0.51,0.024385726835086115,2025-12-23 22:15:37
49,1857,0.8881270361714417,-0.8881270361714417,0.51,0.024863605754737447,2025-12-23 22:15:37
49,1858,0.8895029549522419,-0.8895029549522419,0.51,0.025337795150683944,2025-12-23 22:15:37
49,1859,0.8908682328620426,-0.8908682328620426,0.51,0.025808346167034504,2025-12-23 22:15:37
49,1860,0.8922230158169975,-0.8922230158169975,0.51,0.026275307958888775,2025-12-23 22:15:37
49,1861,0.8935674434736659,-0.8935674434736659,0.51,0.026738727636465676,2025-12-23 22:15:37
49,1862,0.8949016491131039,-0.8949016491131039,0.51,0.02719865020866695,2025-12-23 22:15:37
49,1863,0.8962257595356173,-0.8962257595356173,0.51,0.027655118530354184,2025-12-23 22:15:37
49,1864,0.8975398949662463,-0.8975398949662463,0.51,0.028108173255165327,2025-12-23 22:15:37
49,1865,0.8988441689710307,-0.8988441689710307,0.51,0.02855785279438583,2025-12-23 22:15:37
49,1866,0.9001386883840865,-0.9001386883840865,0.51,0.02900419328184123,2025-12-23 22:15:37
49,1867,0.9014235532455043,-0.9014235532455043,0.51,0.02944722854453818,2025-12-23 22:15:37
49,1868,0.9026988567500597,-0.9026988567500597,0.51,0.029886990078683996,2025-12-23 22:15:37
49,1869,0.9039646852067053,-0.9039646852067053,0.51,0.024258798290447338,2025-12-23 22:15:37
49,1870,0.9052211180087918,-0.9052211180087918,0.51,0.024605432090724067,2025-12-23 22:15:37
49,1871,0.9064682276149467,-0.9064682276149467,0.51,0.024949513513611583,2025-12-23 22:15:37
49,1872,0.9077060795405137,-0.9077060795405137,0.51,0.025291059849309978,2025-12-23 22:15:38
49,1873,0.9089347323594383,-0.9089347323594383,0.51,0.025630086488995212,2025-12-23 22:15:38
49,1874,0.9101542377164598,-0.9101542377164598,0.51,0.025966606950773026,2025-12-23 22:15:38
49,1875,0.9113646403494503,-0.9113646403494503,0.51,0.02630063289427508,2025-12-23 22:15:38
49,1876,0.9125659781217199,-0.9125659781217199,0.51,0.026632174130253074,2025-12-23 22:15:38
49,1877,0.9137582820640835,-0.9137582820640835,0.51,0.02696123862895258,2025-12-23 22:15:38
49,1878,0.9149415764264671,-0.9149415764264671,0.51,0.027287832529377307,2025-12-23 22:15:38
49,1879,0.9161158787388091,-0.9161158787388091,0.51,0.02761196015064401,2025-12-23 22:15:38
49,1880,0.9172811998809914,-0.9172811998809914,0.51,0.027933624005966464,2025-12-23 22:15:38
49,1881,0.9184375441615193,-0.9184375441615193,0.51,0.028252824819559767,2025-12-23 22:15:38
49,1882,0.9195849094046452,-0.9195849094046452,0.51,0.02856956154643422,2025-12-23 22:15:38
49,1883,0.9207232870456197,-0.9207232870456197,0.51,0.02888383139506572,2025-12-23 22:15:38
49,1884,0.9218526622337317,-0.9218526622337317,0.51,0.029195629852769134,2025-12-23 22:15:38
49,1885,0.9229730139427867,-0.9229730139427867,0.51,0.029504950713630608,2025-12-23 22:15:38
49,1886,0.9240843150886558,-0.9240843150886558,0.51,0.02981178610883308,2025-12-23 22:15:38
49,1887,0.9251865326535157,-0.9251865326535157,0.51,0.025096767533984526,2025-12-23 22:15:38
49,1888,0.9262796278163871,-0.9262796278163871,0.51,0.02534829259698861,2025-12-23 22:15:38
49,1889,0.9273635560895681,-0.9273635560895681,0.51,0.025597720078068233,2025-12-23 22:15:38
49,1890,0.9284382674605489,-0.9284382674605489,0.51,0.025845037988204575,2025-12-23 22:15:38
49,1891,0.9295037065389866,-0.9295037065389866,0.51,0.026090233112352295,2025-12-23 22:15:39
49,1892,0.930559812708312,-0.930559812708312,0.51,0.026333291049936935,2025-12-23 22:15:39
49,1893,0.9316065202815336,-0.9316065202815336,0.51,0.026574196252824474,2025-12-23 22:15:39
49,1894,0.9326437586608018,-0.9326437586608018,0.51,0.026812932062061447,2025-12-23 22:15:39
49,1895,0.9336714525002928,-0.9336714525002928,0.51,0.027049480744214156,2025-12-23 22:15:39
49,1896,0.9346895218719695,-0.9346895218719695,0.51,0.027283823527781335,2025-12-23 22:15:39
49,1897,0.9356978824337807,-0.9356978824337807,0.51,0.02751594063995498,2025-12-23 22:15:39
49,1898,0.9366964455998572,-0.9366964455998572,0.51,0.027745811343803925,2025-12-23 22:15:39
49,1899,0.9376851187122714,-0.9376851187122714,0.51,0.027973413975953255,2025-12-23 22:15:39
49,1900,0.9386638052139278,-0.9386638052139278,0.51,0.02819872598466459,2025-12-23 22:15:39
49,1901,0.939632404822161,-0.939632404822161,0.51,0.02842172396830916,2025-12-23 22:15:39
49,1902,0.9405908137026244,-0.9405908137026244,0.51,0.028642383714075226,2025-12-23 22:15:39
49,1903,0.9415389246430609,-0.9415389246430609,0.51,0.028860680236858588,2025-12-23 22:15:39
49,1904,0.9424766272265586,-0.9424766272265586,0.51,0.029076587818204814,2025-12-23 22:15:39
49,1905,0.9434038080039056,-0.9434038080039056,0.51,0.029290080045195184,2025-12-23 22:15:39
49,1906,0.9443203506646696,-0.9443203506646696,0.51,0.029501129849180727,2025-12-23 22:15:39
49,1907,0.9452261362066428,-0.9452261362066428,0.51,0.029709709544263517,2025-12-23 22:15:39
49,1908,0.9461210431033076,-0.9461210431033076,0.51,0.02991579086541782,2025-12-23 22:15:39
49,1909,0.9470049474689932,-0.9470049474689932,0.51,0.025816578894751193,2025-12-23 22:15:39
49,1910,0.9478777232214103,-0.9478777232214103,0.51,0.02598886107656579,2025-12-23 22:15:40
49,1911,0.948739242241269,-0.948739242241269,0.51,0.026158927187293447,2025-12-23 22:15:40
49,1912,0.9495893745287034,-0.9495893745287034,0.51,0.026326751240961045,2025-12-23 22:15:40
49,1913,0.9504279883562423,-0.9504279883562423,0.51,0.02649230691799971,2025-12-23 22:15:40
49,1914,0.9512549504180903,-0.9512549504180903,0.51,0.02665556759599116,2025-12-23 22:15:40
49,1915,0.9520701259754966,-0.9520701259754966,0.51,0.026816506378774658,2025-12-23 22:15:40
49,1916,0.9528733789980156,-0.9528733789980156,0.51,0.02697509612422392,2025-12-23 22:15:40
49,1917,0.9536645723004794,-0.9536645723004794,0.51,0.027131309470849685,2025-12-23 22:15:40
49,1918,0.9544435676755242,-0.9544435676755242,0.51,0.027285118863377186,2025-12-23 22:15:40
49,1919,0.955210226021535,-0.955210226021535,0.51,0.02743649657734701,2025-12-23 22:15:40
49,1920,0.955964407465893,-0.955964407465893,0.51,0.027585414742786123,2025-12-23 22:15:40
49,1921,0.9567059714834292,-0.9567059714834292,0.51,0.02773282083163127,2025-12-23 22:15:40
49,1922,0.9574347770100139,-0.9574347770100139,0.51,0.027875751438555252,2025-12-23 22:15:40
49,1923,0.9581506825512258,-0.9581506825512258,0.51,0.02801712715055617,2025-12-23 22:15:40
49,1924,0.9588535462860709,-0.9588535462860709,0.51,0.02815592999920989,2025-12-23 22:15:40
49,1925,0.9595432261657377,-0.9595432261657377,0.51,0.028292131861950374,2025-12-23 22:15:40
49,1926,0.9602195800073984,-0.9602195800073984,0.51,0.028426676240118295,2025-12-23 22:15:40
49,1927,0.960882465583082,-0.960882465583082,0.51,0.028556611192136393,2025-12-23 22:15:40
49,1928,0.9615317407036685,-0.9615317407036685,0.51,0.028684845796638027,2025-12-23 22:15:40
49,1929,0.9621672632980671,-0.9621672632980671,0.51,0.02881036567801932,2025-12-23 22:15:41
49,1930,0.9627888914876641,-0.9627888914876641,0.51,0.028934087122350922,2025-12-23 22:15:41
49,1931,0.9633964836561408,-0.9633964836561408,0.51,0.02905314158676009,2025-12-23 22:15:41
49,1932,0.9639898985147803,-0.9639898985147803,0.51,0.02917035439540718,2025-12-23 22:15:41
49,1933,0.9645689951633959,-0.9645689951633959,0.51,0.02928568518145881,2025-12-23 22:15:41
49,1934,0.9651336331470327,-0.9651336331470327,0.51,0.029396262119970498,2025-12-23 22:15:41
49,1935,0.9656836725086066,-0.9656836725086066,0.51,0.029504914672200393,2025-12-23 22:15:41
49,1936,0.9662189738376583,-0.9662189738376583,0.51,0.02961156484758646,2025-12-23 22:15:41
49,1937,0.9667393983154157,-0.9667393983154157,0.51,0.02971345209227724,2025-12-23 22:15:41
49,1938,0.9672448077563677,-0.9672448077563677,0.51,0.02981424352460472,2025-12-23 22:15:41
49,1939,0.9677350646465671,-0.9677350646465671,0.51,0.029910134670132624,2025-12-23 22:15:41
49,1940,0.9682100321788867,-0.9682100321788867,0.51,0.026254316563463966,2025-12-23 22:15:41
49,1941,0.9686695742854678,-0.9686695742854678,0.51,0.026333874851885482,2025-12-23 22:15:41
49,1942,0.9691135556676054,-0.9691135556676054,0.51,0.026409638752059865,2025-12-23 22:15:41
49,1943,0.969541841823323,-0.969541841823323,0.51,0.026484656653018194,2025-12-23 22:15:41
49,1944,0.969954299072901,-0.969954299072901,0.51,0.02655497274539169,2025-12-23 22:15:41
49,1945,0.970350794582622,-0.970350794582622,0.51,0.026624480698837466,2025-12-23 22:15:41
49,1946,0.970731196387009,-0.970731196387009,0.51,0.02668927489114775,2025-12-23 22:15:41
49,1947,0.9710953734098329,-0.9710953734098329,0.51,0.0267531655382967,2025-12-23 22:15:41
49,1948,0.971443195484169,-0.971443195484169,0.51,0.026812362044208025,2025-12-23 22:15:42
49,1949,0.9717745333717884,-0.9717745333717884,0.51,0.026870532198147626,2025-12-23 22:15:42
49,1950,0.9720892587821678,-0.9720892587821678,0.51,0.02692502528046854,2025-12-23 22:15:42
49,1951,0.9723872443914049,-0.9723872443914049,0.51,0.026975565003553262,2025-12-23 22:15:42
49,1952,0.9726683638613262,-0.9726683638613262,0.51,0.02702506658563971,2025-12-23 22:15:42
49,1953,0.9729324918590713,-0.9729324918590713,0.51,0.027070800229089056,2025-12-23 22:15:42
49,1954,0.9731795040774383,-0.9731795040774383,0.51,0.027112533955621916,2025-12-23 22:15:42
49,1955,0.9734092772562702,-0.9734092772562702,0.51,0.027153130307374578,2025-12-23 22:15:42
49,1956,0.9736216892051603,-0.9736216892051603,0.51,0.02718990887006097,2025-12-23 22:15:42
49,1957,0.9738166188277474,-0.9738166188277474,0.51,0.027223662266652016,2025-12-23 22:15:42
49,1958,0.9739939461478692,-0.9739939461478692,0.51,0.027253341283862153,2025-12-23 22:15:42
49,1959,0.9741535523378341,-0.9741535523378341,0.51,0.027281780596381783,2025-12-23 22:15:42
49,1960,0.9742953197490636,-0.9742953197490636,0.51,0.02730632691354213,2025-12-23 22:15:42
49,1961,0.9744191319453508,-0.9744191319453508,0.51,0.02732776513971969,2025-12-23 22:15:42
49,1962,0.9745248737389712,-0.9745248737389712,0.51,0.02734607501766402,2025-12-23 22:15:42
49,1963,0.974612431229871,-0.974612431229871,0.51,0.027361236557366775,2025-12-23 22:15:42
49,1964,0.9746816918481475,-0.9746816918481475,0.51,0.02737323004395449,2025-12-23 22:15:42
49,1965,0.9747325444000254,-0.9747325444000254,0.51,0.027382036046248042,2025-12-23 22:15:42
49,1966,0.9747648791175196,-0.9747648791175196,0.51,0.02738663064659426,2025-12-23 22:15:42
49,1967,0.9747785877119597,-0.9747785877119597,0.51,0.027389791674249524,2025-12-23 22:15:42
49,1968,0.974773563431541,-0.974773563431541,0.51,0.02738892179176016,2025-12-23 22:15:43
49,1969,0.974749701123048,-0.974749701123048,0.51,0.027384790389444583,2025-12-23 22:15:43
49,1970,0.9747068972978824,-0.9747068972978824,0.51,0.027377379612829992,2025-12-23 22:15:43
49,1971,0.9746450502025086,-0.9746450502025086,0.51,0.02736667195869459,2025-12-23 22:15:43
49,1972,0.9745640598934162,-0.9745640598934162,0.51,0.0273526502891363,2025-12-23 22:15:43
49,1973,0.9744638283166759,-0.9744638283166759,0.51,0.027335297846512216,2025-12-23 22:15:43
49,1974,0.9743442593921482,-0.9743442593921482,0.51,0.027314598269264873,2025-12-23 22:15:43
49,1975,0.9742052591023854,-0.9742052591023854,0.51,0.02729053560864203,2025-12-23 22:15:43
49,1976,0.9740467355862455,-0.9740467355862455,0.51,0.02726309434631804,2025-12-23 22:15:43
49,1977,0.9738685992372154,-0.9738685992372154,0.51,0.027232259412917625,2025-12-23 22:15:43
49,1978,0.9736707628064192,-0.9736707628064192,0.51,0.02719801620744254,2025-12-23 22:15:43
49,1979,0.9734531415102666,-0.9734531415102666,0.51,0.02716035061759347,2025-12-23 22:15:43
49,1980,0.9732156531426703,-0.9732156531426703,0.51,0.027119249040982136,2025-12-23 22:15:43
49,1981,0.9729582181917411,-0.9729582181917411,0.51,0.027074698407218246,2025-12-23 22:15:43
49,1982,0.9726807599608437,-0.9726807599608437,0.51,0.027026686200855757,2025-12-23 22:15:43
49,1983,0.9723832046938737,-0.9723832046938737,0.51,0.026975200485178874,2025-12-23 22:15:43
49,1984,0.9720654817045897,-0.9720654817045897,0.51,0.02692022992680235,2025-12-23 22:15:43
49,1985,0.9717275235098118,-0.9717275235098118,0.51,0.026861763821058805,2025-12-23 22:15:43
49,1986,0.9713692659662734,-0.9713692659662734,0.51,0.026799792118139733,2025-12-23 22:15:43
49,1987,0.9709906484108849,-0.9709906484108849,0.51,0.02673430544995559,2025-12-23 22:15:44
49,1988,0.970591613804149,-0.970591613804149,0.51,0.026665295157673047,2025-12-23 22:15:44
49,1989,0.9701721088764366,-0.9701721088764366,0.51,0.026592753319887027,2025-12-23 22:15:44
49,1990,0.9697320842768123,-0.9697320842768123,0.51,0.02651667278137861,2025-12-23 22:15:44
49,1991,0.9692714947240734,-0.9692714947240734,0.51,0.026437047182408305,2025-12-23 22:15:44
49,1992,0.9687902991596395,-0.9687902991596395,0.51,0.026353870988489562,2025-12-23 22:15:44
49,1993,0.9682884609019139,-0.9682884609019139,0.51,0.02626713952058283,2025-12-23 22:15:44
49,1994,0.9677659478017062,-0.9677659478017062,0.51,0.029916398840743402,2025-12-23 22:15:44
49,1995,0.9672227323982927,-0.9672227323982927,0.51,0.029809138865721993,2025-12-23 22:15:44
49,1996,0.9666587920756637,-0.9666587920756637,0.51,0.029697805894737393,2025-12-23 22:15:44
49,1997,0.9660741092184917,-0.9660741092184917,0.51,0.02958239884311216,2025-12-23 22:15:44
49,1998,0.9654686713673318,-0.9654686713673318,0.51,0.029462917781008128,2025-12-23 22:15:44
49,1999,0.9648424713725525,-0.9648424713725525,0.51,0.029339363969230918,2025-12-23 22:15:44
49,2000,0.9641955075464742,-0.9641955075464742,0.51,0.02921173989496183,2025-12-23 22:15:44
49,2001,0.9635277838131825,-0.9635277838131825,0.51,0.02907882483054618,2025-12-23 22:15:44
49,2002,0.9628393098554668,-0.9628393098554668,0.51,0.028942823343057863,2025-12-23 22:15:44
49,2003,0.9621301012583258,-0.9621301012583258,0.51,0.028802727097405938,2025-12-23 22:15:44
49,2004,0.9614001796484699,-0.9614001796484699,0.51,0.028658541282251777,2025-12-23 22:15:44
49,2005,0.9606495728292459,-0.9606495728292459,0.51,0.028511267623571014,2025-12-23 22:15:44
49,2006,0.9598783149103983,-0.9598783149103983,0.51,0.028357914020396786,2025-12-23 22:15:44
49,2007,0.9590864464320848,-0.9590864464320848,0.51,0.028201506811410197,2025-12-23 22:15:45
49,2008,0.9582740144825561,-0.9582740144825561,0.51,0.028041041155791775,2025-12-23 22:15:45
49,2009,0.9574410728089147,-0.9574410728089147,0.51,0.027876528421142067,2025-12-23 22:15:45
49,2010,0.956587681920369,-0.956587681920369,0.51,0.027707981227803553,2025-12-23 22:15:45
49,2011,0.9557139091834052,-0.9557139091834052,0.51,0.02753541349199008,2025-12-23 22:15:45
49,2012,0.9548198289083056,-0.9548198289083056,0.51,0.027358840460313495,2025-12-23 22:15:45
49,2013,0.9539055224264565,-0.9539055224264565,0.51,0.02717827873758714,2025-12-23 22:15:45
49,2014,0.9529710781578958,-0.9529710781578958,0.51,0.026993746309185333,2025-12-23 22:15:45
49,2015,0.9520165916685709,-0.9520165916685709,0.51,0.026805262558834437,2025-12-23 22:15:45
49,2016,0.9510421657167929,-0.9510421657167929,0.51,0.026612848282466274,2025-12-23 22:15:45
49,2017,0.9500479102883937,-0.9500479102883937,0.51,0.02641652569851126,2025-12-23 22:15:45
49,2018,0.9490339426201145,-0.9490339426201145,0.51,0.02621631845493338,2025-12-23 22:15:45
49,2019,0.9480003872107811,-0.9480003872107811,0.51,0.02601225163313509,2025-12-23 22:15:45
49,2020,0.9469473758198462,-0.9469473758198462,0.51,0.025804351748871874,2025-12-23 22:15:45
49,2021,0.945875047452912,-0.945875047452912,0.51,0.0298580922218968,2025-12-23 22:15:45
49,2022,0.944783548333873,-0.944783548333873,0.51,0.029606702614373655,2025-12-23 22:15:45
49,2023,0.943673031863358,-0.943673031863358,0.51,0.029350942829663607,2025-12-23 22:15:45
49,2024,0.9425436585631821,-0.9425436585631821,0.51,0.02909085067972098,2025-12-23 22:15:45
49,2025,0.9413955960065579,-0.9413955960065579,0.51,0.028826465546378056,2025-12-23 22:15:45
49,2026,0.9402290187338559,-0.9402290187338559,0.51,0.028557828377164203,2025-12-23 22:15:46
49,2027,0.939044108153742,-0.939044108153742,0.51,0.02828498167318339,2025-12-23 22:15:46
49,2028,0.9378410524295622,-0.9378410524295622,0.51,0.028007969470448698,2025-12-23 22:15:46
49,2029,0.9366200463508904,-0.9366200463508904,0.51,0.02772683731558514,2025-12-23 22:15:46
49,2030,0.9353812911901945,-0.9353812911901945,0.51,0.027441632236566486,2025-12-23 22:15:46
49,2031,0.9341249945446255,-0.9341249945446255,0.51,0.027152402708919693,2025-12-23 22:15:46
49,2032,0.9328513701629741,-0.9328513701629741,0.51,0.02685919861772563,2025-12-23 22:15:46
49,2033,0.9315606377578913,-0.9315606377578913,0.51,0.026562071215659212,2025-12-23 22:15:46
49,2034,0.9302530228035081,-0.9302530228035081,0.51,0.02626107307723826,2025-12-23 22:15:46
49,2035,0.9289287563186414,-0.9289287563186414,0.51,0.02595625804944165,2025-12-23 22:15:46
49,2036,0.9275880746358139,-0.9275880746358139,0.51,0.025647681198846525,2025-12-23 22:15:46
49,2037,0.9262312191563639,-0.9262312191563639,0.51,0.025335398755348695,2025-12-23 22:15:46
49,2038,0.9248584360919607,-0.9248584360919607,0.51,0.0250194680526696,2025-12-23 22:15:46
49,2039,0.9234699761928918,-0.9234699761928918,0.51,0.0296399471163779,2025-12-23 22:15:46
49,2040,0.9220660944635214,-0.9220660944635214,0.51,0.02925229801649933,2025-12-23 22:15:46
49,2041,0.9206470498653675,-0.9206470498653675,0.51,0.028860481393350304,2025-12-23 22:15:46
49,2042,0.9192131050082811,-0.9192131050082811,0.51,0.02846457136635202,2025-12-23 22:15:46
49,2043,0.9177645258302487,-0.9177645258302487,0.51,0.028064642747399168,2025-12-23 22:15:46
49,2044,0.9163015812663758,-0.9163015812663758,0.51,0.02766077101583089,2025-12-23 22:15:47
49,2045,0.9148245429076441,-0.9148245429076441,0.51,0.027253032268562,2025-12-23 22:15:47
49,2046,0.9133336846500639,-0.9133336846500639,0.51,0.026841503153261413,2025-12-23 22:15:47
49,2047,0.9118292823348753,-0.9118292823348753,0.51,0.026426260789689727,2025-12-23 22:15:47
49,2048,0.9103116133804786,-0.9103116133804786,0.51,0.026007382682495733,2025-12-23 22:15:47
49,2049,0.9087809564067983,-0.9087809564067983,0.51,0.025584946627741155,2025-12-23 22:15:47
49,2050,0.9072375908528069,-0.9072375908528069,0.51,0.025159030614625,2025-12-23 22:15:47
49,2051,0.9056817965879551,-0.9056817965879551,0.51,0.024729712723560917,2025-12-23 22:15:47
49,2052,0.9041138535182734,-0.9041138535182734,0.51,0.024297071021341286,2025-12-23 22:15:47
49,2053,0.90253404118792,-0.90253404118792,0.51,0.02982649870366952,2025-12-23 22:15:47
49,2054,0.9009426383769655,-0.9009426383769655,0.51,0.029277701084731877,2025-12-23 22:15:47
49,2055,0.899339922696212,-0.899339922696212,0.51,0.028725032405775664,2025-12-23 22:15:47
49,2056,0.8977261701798501,-0.8977261701798501,0.51,0.028168591239094903,2025-12-23 22:15:47
49,2057,0.8961016548767614,-0.8961016548767614,0.51,0.02760847463111963,2025-12-23 22:15:47
49,2058,0.8944666484412732,-0.8944666484412732,0.51,0.027044778266087723,2025-12-23 22:15:47
49,2059,0.8928214197241728,-0.8928214197241728,0.51,0.026477596509052674,2025-12-23 22:15:47
49,2060,0.8911662343647819,-0.8911662343647819,0.51,0.02590702237904803,2025-12-23 22:15:47
49,2061,0.8895013543848862,-0.8895013543848862,0.51,0.025333147481304105,2025-12-23 22:15:47
49,2062,0.8878270377853056,-0.8878270377853056,0.51,0.024756061915187724,2025-12-23 22:15:47
49,2063,0.8861435381458791,-0.8861435381458791,0.51,0.02417585416771698,2025-12-23 22:15:47
49,2064,0.8844511042296251,-0.8844511042296251,0.51,0.023592610998602184,2025-12-23 22:15:48
49,2065,0.8827499795918216,-0.8827499795918216,0.51,0.023006417320564864,2025-12-23 22:15:48
49,2066,0.8810404021947333,-0.8810404021947333,0.51,0.029889843906097266,2025-12-23 22:15:48
49,2067,0.8793226040286967,-0.8793226040286967,0.51,0.029100746999014465,2025-12-23 22:15:48
49,2068,0.8775968107402456,-0.8775968107402456,0.51,0.028308022552715896,2025-12-23 22:15:48
49,2069,0.8758632412679487,-0.8758632412679487,0.51,0.02751177935439476,2025-12-23 22:15:48
49,2070,0.8741221074865945,-0.8741221074865945,0.51,0.026712119801009963,2025-12-23 22:15:48
49,2071,0.8723736138603465,-0.8723736138603465,0.51,0.025909141213359632,2025-12-23 22:15:48
49,2072,0.8706179571054563,-0.8706179571054563,0.51,0.025102936420749674,2025-12-23 22:15:48
49,2073,0.8688553258631013,-0.8688553258631013,0.51,0.024293593999153304,2025-12-23 22:15:48
49,2074,0.8670859003828846,-0.8670859003828846,0.51,0.02348119833978614,2025-12-23 22:15:48
49,2075,0.8653098522175071,-0.8653098522175071,0.51,0.022665829632235637,2025-12-23 22:15:48
49,2076,0.8635273439290947,-0.8635273439290947,0.51,0.02184756380376089,2025-12-23 22:15:48
49,2077,0.861738528807633,-0.861738528807633,0.51,0.021026472436310686,2025-12-23 22:15:48
49,2078,0.859943550601937,-0.859943550601937,0.51,0.020202622672870724,2025-12-23 22:15:48
49,2079,0.8581425432635507,-0.8581425432635507,0.51,0.029064189417454693,2025-12-23 22:15:48
49,2080,0.8563356307039482,-0.8563356307039482,0.51,0.02782045459666013,2025-12-23 22:15:48
49,2081,0.8545229265653747,-0.8545229265653747,0.51,0.02657280650026065,2025-12-23 22:15:48
49,2082,0.8527045340056424,-0.8527045340056424,0.51,0.02532133994872119,2025-12-23 22:15:48
49,2083,0.850880545497169,-0.850880545497169,0.51,0.02406612865207734,2025-12-23 22:15:49
49,2084,0.8490510426405166,-0.8490510426405166,0.51,0.022807233937309802,2025-12-23 22:15:49
49,2085,0.8472160959926678,-0.8472160959926678,0.51,0.021544707576740683,2025-12-23 22:15:49
49,2086,0.8453757649102479,-0.8453757649102479,0.51,0.020278592790335972,2025-12-23 22:15:49
49,2087,0.8435300974078793,-0.8435300974078793,0.51,0.019008924616063447,2025-12-23 22:15:49
49,2088,0.8416791300318304,-0.8416791300318304,0.51,0.017735730038169754,2025-12-23 22:15:49
49,2089,0.8398228877490997,-0.8398228877490997,0.51,0.016459028017296862,2025-12-23 22:15:49
49,2090,0.8379613838520557,-0.8379613838520557,0.51,0.015178829482112606,2025-12-23 22:15:49
49,2091,0.8360946198787291,-0.8360946198787291,0.51,0.027790506055765954,2025-12-23 22:15:49
49,2092,0.834222585548842,-0.834222585548842,0.51,0.025216023217860595,2025-12-23 22:15:49
49,2093,0.8323452587156316,-0.8323452587156316,0.51,0.022634530631496008,2025-12-23 22:15:49
49,2094,0.8304626053335182,-0.8304626053335182,0.51,0.020045978181962354,2025-12-23 22:15:49
49,2095,0.8285745794416454,-0.8285745794416454,0.51,0.017450306051146686,2025-12-23 22:15:49
49,2096,0.8266811231633071,-0.8266811231633071,0.51,0.014847438594783447,2025-12-23 22:15:49
49,2097,0.8247821667212655,-0.8247821667212655,0.51,0.01223728438736382,2025-12-23 22:15:49
49,2098,0.8228776284689454,-0.8228776284689454,0.51,0.009619736588991123,2025-12-23 22:15:49
49,2099,0.8209674149374857,-0.8209674149374857,0.51,0.006994674041836515,2025-12-23 22:15:49
49,2100,0.8190514208986119,-0.8190514208986119,0.51,0.004361966011687162,2025-12-23 22:15:49
49,2101,0.8171295294432889,-0.8171295294432889,0.51,0.0017215193701325812,2025-12-23 22:15:50
49,2103,0.8132675288252915,-0.8132675288252915,0.51,0.0035839531177915807,2025-12-23 22:15:50
49,2104,0.8113271283684205,-0.8113271283684205,0.51,0.006248987073896531,2025-12-23 22:15:50
49,2105,0.8093802481735201,-0.8093802481735201,0.51,0.008922623639334033,2025-12-23 22:15:50
49,2106,0.8074267146557128,-0.8074267146557128,0.51,0.011605076411282847,2025-12-23 22:15:50
49,2107,0.8054663433491775,-0.8054663433491775,0.51,0.014296582297125554,2025-12-23 22:15:50
49,2108,0.8034989390943796,-0.8034989390943796,0.51,0.01699739249745703,2025-12-23 22:15:50
49,2109,0.801524296240466,-0.801524296240466,0.51,0.01970776992225688,2025-12-23 22:15:50
49,2110,0.7995421988627222,-0.7995421988627222,0.51,0.022427987363080985,2025-12-23 22:15:50
49,2111,0.7975524209949826,-0.7975524209949826,0.51,0.025158325485272463,2025-12-23 22:15:50
49,2112,0.7955547268768802,-0.7955547268768802,0.51,0.02789907026480358,2025-12-23 22:15:50
49,2113,0.793548871215818,-0.793548871215818,0.51,0.015325304994295299,2025-12-23 22:15:50
49,2114,0.7915345994635357,-0.7915345994635357,0.51,0.016706828110792337,2025-12-23 22:15:50
49,2115,0.789511648107144,-0.789511648107144,0.51,0.018094062280081723,2025-12-23 22:15:50
49,2116,0.7874797449744878,-0.7874797449744878,0.51,0.019487180640694147,2025-12-23 22:15:50
52,189,0.6749557791717551,-0.674456465037259,0.51,0.0029645010370827527,2025-12-23 22:17:59
52,242,0.8174393278505082,-0.8173351607259884,0.51,0.003865702200484658,2025-12-23 22:18:00
52,243,0.8195633794139623,-0.8194624260312017,0.51,0.005337306351401595,2025-12-23 22:18:00
52,244,0.8216673908992174,-0.8215695575160656,0.51,0.008231031516863097,2025-12-23 22:18:01
52,245,0.8237515479338553,-0.8236567433184399,0.51,0.011097628949368915,2025-12-23 22:18:01
52,246,0.8258160425637602,-0.8257241779366044,0.51,0.013937387639936802,2025-12-23 22:18:01
52,247,0.8278610728851574,-0.8277720618622455,0.51,0.01675057402583834,2025-12-23 22:18:01
52,248,0.8298868426745563,-0.8298006012113471,0.51,0.01953746207302526,2025-12-23 22:18:01
52,249,0.831893561017037,-0.831810007353425,0.51,0.02229833327902714,2025-12-23 22:18:01
52,250,0.8338814419333143,-0.8338004965395376,0.51,0.025033475850112164,2025-12-23 22:18:01
52,251,0.835850704005999,-0.8357722895294937,0.51,0.02774318407129103,2025-12-23 22:18:01
52,252,0.8378015700054753,-0.8377256112186717,0.51,0.01521384562423644,2025-12-23 22:18:01
52,253,0.8397342665157966,-0.839660690264857,0.51,0.016543819546972045,2025-12-23 22:18:01
52,254,0.8416490235610032,-0.8415777587154946,0.51,0.017861555960488544,2025-12-23 22:18:01
52,255,0.8435460742322508,-0.8434770516357508,0.51,0.019167209320105492,2025-12-23 22:18:01
52,256,0.8454256543161383,-0.8453588067377678,0.51,0.020460933772946707,2025-12-23 22:18:01
52,257,0.8472880019246127,-0.8472232640114901,0.51,0.021742886618702488,2025-12-23 22:18:01
52,258,0.8491333571268272,-0.8490706653574382,0.51,0.023013228045935873,2025-12-23 22:18:01
52,259,0.8509619615833186,-0.8509012542217955,0.51,0.024272120372102038,2025-12-23 22:18:01
52,260,0.8527740581828701,-0.8527152752341726,0.51,0.025519727401921787,2025-12-23 22:18:01
52,261,0.8545698906824184,-0.8545129738484092,0.51,0.026756213943542606,2025-12-23 22:18:01
52,262,0.8563497033503591,-0.8562945959867664,0.51,0.027981745430709134,2025-12-23 22:18:01
52,263,0.8581137406136031,-0.858060387687861,0.51,0.029196487606112414,2025-12-23 22:18:02
52,264,0.8598622467087302,-0.8598105947586888,0.51,0.02026704890103759,2025-12-23 22:18:02
52,265,0.8615954653375844,-0.861545462431081,0.51,0.021062852168810663,2025-12-23 22:18:02
52,266,0.8633136393276508,-0.8632652350229318,0.51,0.02185180373507227,2025-12-23 22:18:02
52,267,0.8650170102975523,-0.864970155604537,0.51,0.02263401162665659,2025-12-23 22:18:02
52,268,0.8667058183279978,-0.8666604656703741,0.51,0.023409582813417373,2025-12-23 22:18:02
52,269,0.8683803016385147,-0.8683364048166559,0.51,0.024178623704565833,2025-12-23 22:18:02
52,270,0.8700406962702903,-0.8699982104249833,0.51,0.024941240147330825,2025-12-23 22:18:02
52,271,0.871687235775447,-0.8716461173524207,0.51,0.02569753725253391,2025-12-23 22:18:02
52,272,0.8733201509130686,-0.8732803576283125,0.51,0.026447619176560848,2025-12-23 22:18:02
52,273,0.8749396693522946,-0.8749011601581553,0.51,0.027191588906933246,2025-12-23 22:18:02
52,274,0.8765460153827918,-0.8765087504348379,0.51,0.027929548065587107,2025-12-23 22:18:02
52,275,0.878139409632908,-0.8781033502575507,0.51,0.02866159673142499,2025-12-23 22:18:02
52,276,0.8797200687958094,-0.8796851774586678,0.51,0.02938783327985959,2025-12-23 22:18:02
52,277,0.8812882053638927,-0.8812544456388929,0.51,0.02258125164506266,2025-12-23 22:18:02
52,278,0.8828440273717612,-0.882811363910957,0.51,0.023117437868837597,2025-12-23 22:18:02
52,279,0.8843877381480426,-0.884356136652147,0.51,0.02364948293382348,2025-12-23 22:18:02
52,280,0.8859195360763221,-0.8858889632659356,0.51,0.02417745370676301,2025-12-23 22:18:02
52,281,0.88743961436545,-0.8874100379529775,0.51,0.02470141524850126,2025-12-23 22:18:02
52,282,0.88894816082948,-0.8889195494917214,0.51,0.025221430863614176,2025-12-23 22:18:03
52,283,0.8904453576774777,-0.8904176810288823,0.51,0.025737562069482186,2025-12-23 22:18:03
52,284,0.8919313813134323,-0.8919046098800043,0.51,0.02624986852923934,2025-12-23 22:18:03
52,285,0.8934064021464884,-0.893380507340332,0.51,0.02675840797159413,2025-12-23 22:18:03
52,286,0.8948705844117034,-0.8948455385061961,0.51,0.02726323610900537,2025-12-23 22:18:03
52,287,0.8963240860015229,-0.8962998621071043,0.51,0.027764406559604264,2025-12-23 22:18:03
52,288,0.8977670583081477,-0.8977436303487135,0.51,0.02826197077513365,2025-12-23 22:18:03
52,289,0.8991996460769546,-0.899176988766843,0.51,0.028755977975601338,2025-12-23 22:18:03
52,290,0.9006219872711124,-0.9006000760926722,0.51,0.029246475090611932,2025-12-23 22:18:03
52,291,0.9020342129475201,-0.9020130241292479,0.51,0.029733506707117382,2025-12-23 22:18:03
52,292,0.903436447144171,-0.9034159576394076,0.51,0.02417368301025345,2025-12-23 22:18:03
52,293,0.9048288067790333,-0.9048089942452067,0.51,0.024557868476433018,2025-12-23 22:18:03
52,294,0.9062114015605107,-0.9061922443389148,0.51,0.024939379907511102,2025-12-23 22:18:03
52,295,0.9075843339095312,-0.9075658110056296,0.51,0.025318244748188685,2025-12-23 22:18:03
52,296,0.9089476988932867,-0.90892978995753,0.51,0.025694488430055236,2025-12-23 22:18:03
52,297,0.9103015841706265,-0.9102842694797719,0.51,0.02606813438557278,2025-12-23 22:18:03
52,298,0.9116460699490824,-0.911629330388006,0.51,0.026439204047231008,2025-12-23 22:18:03
52,299,0.9129812289534833,-0.9129650459974727,0.51,0.02680771684000542,2025-12-23 22:18:03
52,300,0.9143071264060901,-0.9142914821036082,0.51,0.027173690172026057,2025-12-23 22:18:04
52,301,0.9156238200181596,-0.9156086969740684,0.51,0.02753713942613718,2025-12-23 22:18:04
52,302,0.9169313599928229,-0.9169167413520577,0.51,0.02789807795397643,2025-12-23 22:18:04
52,303,0.9182297890391392,-0.9182156584708212,0.51,0.028256517073308788,2025-12-23 22:18:04
52,304,0.919519142397159,-0.9195054840791392,0.51,0.028612466069000222,2025-12-23 22:18:04
52,305,0.9207994478738133,-0.9207862464776352,0.51,0.02896593219769772,2025-12-23 22:18:04
52,306,0.9220707258894144,-0.9220579665656868,0.51,0.02931692069621863,2025-12-23 22:18:04
52,307,0.923332989534537,-0.9233206578987077,0.51,0.029665434793491288,2025-12-23 22:18:04
52,308,0.9245862446370205,-0.9245743267555402,0.51,0.02500955720782011,2025-12-23 22:18:04
52,309,0.9258304898388151,-0.9258189722156839,0.51,0.025295866545984556,2025-12-23 22:18:04
52,310,0.9270657166823703,-0.9270545862460561,0.51,0.0255801137997323,2025-12-23 22:18:04
52,311,0.9282919097062451,-0.9282811537969657,0.51,0.02586229490483776,2025-12-23 22:18:04
52,312,0.9295090465495983,-0.9294986529069584,0.51,0.026142404221781816,2025-12-23 22:18:04
52,313,0.9307170980651996,-0.9307070548161732,0.51,0.026420434569602514,2025-12-23 22:18:04
52,314,0.9319160284405831,-0.9319063240878337,0.51,0.026696377256837708,2025-12-23 22:18:04
52,315,0.9331057953269495,-0.9330964187374797,0.51,0.026970222111400516,2025-12-23 22:18:04
52,316,0.934286349975408,-0.9342772903695294,0.51,0.027241957510539438,2025-12-23 22:18:04
52,317,0.9354576373801328,-0.9354488843207488,0.51,0.02751157041155755,2025-12-23 22:18:04
52,318,0.936619596427999,-0.9366111398101924,0.51,0.027779046383716272,2025-12-23 22:18:04
52,319,0.937772160054251,-0.9377639900951688,0.51,0.02804436964146617,2025-12-23 22:18:05
52,320,0.9389152554037452,-0.9389073626327725,0.51,0.02830752307910949,2025-12-23 22:18:05
52,321,0.9400488039973018,-0.9400411792465185,0.51,0.028568488306839782,2025-12-23 22:18:05
52,322,0.9411727219026961,-0.9411653562976072,0.51,0.028827245688107846,2025-12-23 22:18:05
52,323,0.9422869199098094,-0.9422798048603436,0.51,0.02908377437820245,2025-12-23 22:18:05
52,324,0.9433913037094626,-0.943384430901231,0.51,0.029338052363912338,2025-12-23 22:18:05
52,325,0.9444857740754489,-0.9444791354612577,0.51,0.029590056504171968,2025-12-23 22:18:05
52,326,0.9455702270492851,-0.9455638148408948,0.51,0.02983976257151155,2025-12-23 22:18:05
52,327,0.9466445541272012,-0.9466383607873267,0.51,0.025788978007846717,2025-12-23 22:18:05
52,328,0.9477086424488914,-0.9477026606834354,0.51,0.025999009522478973,2025-12-23 22:18:05
52,329,0.9487623749875556,-0.9487565977380705,0.51,0.026207004764481536,2025-12-23 22:18:05
52,330,0.9498056307407641,-0.9498000511771346,0.51,0.026412939487491727,2025-12-23 22:18:05
52,331,0.9508382849216904,-0.9508328964350323,0.51,0.02661678870547837,2025-12-23 22:18:05
52,332,0.9518602091502624,-0.9518550053460305,0.51,0.026818526732608212,2025-12-23 22:18:05
52,333,0.9528712716437945,-0.9528662463350951,0.51,0.02701812722165696,2025-12-23 22:18:05
52,334,0.9538713374066774,-0.9538664846077785,0.51,0.027215563201396197,2025-12-23 22:18:05
52,335,0.9548602684187121,-0.9548555823387469,0.51,0.02741080711322482,2025-12-23 22:18:05
52,336,0.9558379238216926,-0.9558333988585506,0.51,0.02760383084717787,2025-12-23 22:18:05
52,337,0.956804160103856,-0.9567997908382563,0.51,0.027794605777404197,2025-12-23 22:18:05
52,338,0.9577588312818361,-0.9577546124715781,0.51,0.027983102797122662,2025-12-23 22:18:06
52,339,0.9587017890797749,-0.9586977156541613,0.51,0.02816929235306573,2025-12-23 22:18:06
52,340,0.9596328831052642,-0.9596289501596917,0.51,0.028353144479359046,2025-12-23 22:18:06
52,341,0.9605519610218117,-0.9605481638125243,0.51,0.028534628830821994,2025-12-23 22:18:06
52,342,0.9614588687175428,-0.9614552026565433,0.51,0.02871371471559561,2025-12-23 22:18:06
52,343,0.9623534504698735,-0.9623499111199889,0.51,0.028890371127101636,2025-12-23 22:18:06
52,344,0.9632355491059106,-0.963232132176007,0.51,0.029064566775228562,2025-12-23 22:18:06
52,345,0.9641050061583558,-0.9641017074986983,0.51,0.029236270116723757,2025-12-23 22:18:06
52,346,0.9649616620167166,-0.9649584776144698,0.51,0.029405449384740625,2025-12-23 22:18:06
52,347,0.9658053560736445,-0.9658022820485109,0.51,0.029572072617482237,2025-12-23 22:18:06
52,348,0.9666359268662493,-0.9666329594662398,0.51,0.02973610768592164,2025-12-23 22:18:06
52,349,0.9674532122122576,-0.9674503478095916,0.51,0.029897522320566687,2025-12-23 22:18:06
52,350,0.9682570493409074,-0.9682542844280387,0.51,0.02629924675219607,2025-12-23 22:18:06
52,351,0.9690472750184967,-0.9690446062042608,0.51,0.02643581737229655,2025-12-23 22:18:06
52,352,0.969823725668522,-0.9698211496744015,0.51,0.026570010420938716,2025-12-23 22:18:06
52,353,0.9705862374863689,-0.9705837511428744,0.51,0.02670179732444362,2025-12-23 22:18:06
52,354,0.9713346465485387,-0.9713322467917013,0.51,0.026831149494741576,2025-12-23 22:18:06
52,355,0.9720687889164172,-0.9720664727843881,0.51,0.02695803834778269,2025-12-23 22:18:06
52,356,0.9727885007346109,-0.9727862653643674,0.51,0.027082435320654515,2025-12-23 22:18:06
52,357,0.9734936183239016,-0.9734914609480548,0.51,0.027204311887576455,2025-12-23 22:18:07
52,358,0.9741839782688875,-0.9741818962125887,0.51,0.02732363957483832,2025-12-23 22:18:07
52,359,0.9748594175003998,-0.974857408178343,0.51,0.02744038997478293,2025-12-23 22:18:07
52,360,0.9755197733728046,-0.9755178342863225,0.51,0.027554534758872307,2025-12-23 22:18:07
52,361,0.9761648837363157,-0.9761630124705664,0.51,0.02766604568989214,2025-12-23 22:18:07
52,362,0.9767945870044662,-0.976792781225707,0.51,0.027774894633339278,2025-12-23 22:18:07
52,363,0.9774087222168991,-0.9774069796698466,0.51,0.027881053568034147,2025-12-23 22:18:07
52,364,0.9780071290976585,-0.9780054476029302,0.51,0.027985476490773743,2025-12-23 22:18:07
52,365,0.978589648109174,-0.9785880255608108,0.51,0.02808522142744021,2025-12-23 22:18:07
52,366,0.9791561205021491,-0.9791545548652156,0.51,0.028183146299906293,2025-12-23 22:18:07
52,367,0.9797063883615764,-0.9797048776698368,0.51,0.02827826992256477,2025-12-23 22:18:07
52,368,0.9802402946491173,-0.9802388370027838,0.51,0.028371548328048692,2025-12-23 22:18:07
52,369,0.980757683242092,-0.9807562768056449,0.51,0.028460036603940097,2025-12-23 22:18:07
52,370,0.9812583989693419,-0.9812570419694185,0.51,0.02854659664197293,2025-12-23 22:18:07
52,371,0.9817422876442324,-0.9817409783675826,0.51,0.028631231705960863,2025-12-23 22:18:07
52,372,0.982209196095076,-0.9822079328865823,0.51,0.028710993069751643,2025-12-23 22:18:07
52,373,0.9826589721932609,-0.9826577534540221,0.51,0.028788747421147638,2025-12-23 22:18:07
52,374,0.983091464879382,-0.9830902890648571,0.51,0.028864467147976882,2025-12-23 22:18:07
52,375,0.9835065241876715,-0.9835053898058828,0.51,0.02893529553688225,2025-12-23 22:18:07
52,376,0.9839040012690367,-0.9839029068788306,0.51,0.02900497828845315,2025-12-23 22:18:08
52,377,0.9842837484130148,-0.9842826926223777,0.51,0.029069685029395328,2025-12-23 22:18:08
52,378,0.9846456190689561,-0.9846446005333839,0.51,0.029133210376883645,2025-12-23 22:18:08
52,379,0.9849894678667515,-0.984988485287672,0.51,0.029191711144508505,2025-12-23 22:18:08
52,380,0.9853151506374211,-0.9853142027606666,0.51,0.029248962686546406,2025-12-23 22:18:08
52,381,0.9856225244338797,-0.9856216100482083,0.51,0.029301172410935224,2025-12-23 22:18:08
52,382,0.9859114475521936,-0.9859105654878587,0.51,0.029352038064019936,2025-12-23 22:18:08
52,383,0.9861817795536449,-0.9861809286810106,0.51,0.02939885530693821,2025-12-23 22:18:08
52,384,0.9864333812879118,-0.9864325605161123,0.51,0.029441389483383606,2025-12-23 22:18:08
52,385,0.9866661149176723,-0.9866653231933153,0.51,0.029482540983900702,2025-12-23 22:18:08
52,386,0.9868798439449341,-0.9868790802508461,0.51,0.029519556456735187,2025-12-23 22:18:08
52,387,0.9870744332393858,-0.9870736965933975,0.51,0.029552240387457466,2025-12-23 22:18:08
52,388,0.9872497490690587,-0.9872490385228302,0.51,0.029583430443145087,2025-12-23 22:18:08
52,389,0.987405659133581,-0.9874049737714652,0.51,0.029610432201133356,2025-12-23 22:18:08
52,390,0.9875420326002963,-0.9875413715382388,0.51,0.029634051537526122,2025-12-23 22:18:08
52,391,0.9876587401435085,-0.9876581025279839,0.51,0.029654265716501572,2025-12-23 22:18:08
52,392,0.9877556539871061,-0.9877550389940883,0.51,0.029670044853889986,2025-12-23 22:18:08
52,393,0.9878326479508035,-0.9878320547847704,0.51,0.029684200119785138,2025-12-23 22:18:08
52,394,0.9878895975002283,-0.9878890253931986,0.51,0.029694064069499128,2025-12-23 22:18:08
52,395,0.9879263798010668,-0.987925828011668,0.51,0.02970043571914317,2025-12-23 22:18:09
52,396,0.9879428737774658,-0.9879423415900334,0.51,0.029703294010086752,2025-12-23 22:18:09
52,397,0.987938960174874,-0.9879384468985799,0.51,0.029702618251012794,2025-12-23 22:18:09
52,398,0.9879145216274893,-0.987914026595499,0.51,0.029698388130562865,2025-12-23 22:18:09
52,399,0.9878694427304596,-0.987868965299117,0.51,0.029690583730881372,2025-12-23 22:18:09
52,400,0.9878036101169686,-0.9878031496650078,0.51,0.029679185542083823,2025-12-23 22:18:09
52,401,0.9877169125403163,-0.9877164684680992,0.51,0.029664174477668753,2025-12-23 22:18:09
52,402,0.9876092409610862,-0.9876088126898654,0.51,0.029645531890894732,2025-12-23 22:18:09
52,403,0.9874804886394669,-0.9874800756106735,0.51,0.02962323959213433,2025-12-23 22:18:09
52,404,0.9873305512327799,-0.9873301529073337,0.51,0.029597279867216792,2025-12-23 22:18:09
52,405,0.987159326898234,-0.9871589427558777,0.51,0.029567635496768625,2025-12-23 22:18:09
52,406,0.9869667164009135,-0.9869663459395684,0.51,0.029534289776552272,2025-12-23 22:18:09
52,407,0.986752623226975,-0.9867522659621187,0.51,0.029497226538805387,2025-12-23 22:18:09
52,408,0.9865169537020089,-0.9865166091660729,0.51,0.029456430174573976,2025-12-23 22:18:09
52,409,0.9862596171144926,-0.9862592848562806,0.51,0.02941188565703222,2025-12-23 22:18:09
52,410,0.9859805258442397,-0.9859802054283652,0.51,0.029363578565775022,2025-12-23 22:18:09
52,411,0.9856795954957212,-0.9856792865020637,0.51,0.0293114951120656,2025-12-23 22:18:09
52,412,0.9853567450361096,-0.9853564470592895,0.51,0.029255622165018473,2025-12-23 22:18:09
52,413,0.9850118969378696,-0.9850116095867398,0.51,0.029195947278689682,2025-12-23 22:18:09
52,414,0.9846449773256909,-0.9846447002228466,0.51,0.029132458720044812,2025-12-23 22:18:09
52,415,0.9842559161275337,-0.9842556489088375,0.51,0.029065145497770218,2025-12-23 22:18:10
52,416,0.9838446472295281,-0.9838443895436522,0.51,0.028993997391887533,2025-12-23 22:18:10
52,417,0.983411108634442,-0.9834108601424245,0.51,0.028919004984129727,2025-12-23 22:18:10
52,418,0.9829552426234052,-0.9829550029982228,0.51,0.028840159689027645,2025-12-23 22:18:10
52,419,0.9824769959205505,-0.9824767648467047,0.51,0.02875745378565933,2025-12-23 22:18:10
52,420,0.9819763198602058,-0.9819760970333232,0.51,0.028670880450002118,2025-12-23 22:18:10
52,421,0.9814531705562447,-0.981452955682691,0.51,0.02858043378782972,2025-12-23 22:18:10
52,422,0.9809075090731777,-0.9809073018696848,0.51,0.028486108868090134,2025-12-23 22:18:10
52,423,0.9803393015985429,-0.9803391017918484,0.51,0.028387901756696175,2025-12-23 22:18:10
52,424,0.9797485196161275,-0.9797483269426268,0.51,0.028285809550657803,2025-12-23 22:18:10
52,425,0.9791351400795325,-0.9791349542849423,0.51,0.028179830412483037,2025-12-23 22:18:10
52,426,0.9784991455855667,-0.9784989664246003,0.51,0.028069963604768794,2025-12-23 22:18:10
52,427,0.9778405245469394,-0.9778403517829927,0.51,0.02795511469984759,2025-12-23 22:18:10
52,428,0.9771592713636981,-0.9771591047685467,0.51,0.027837264601192634,2025-12-23 22:18:10
52,429,0.9764553865928424,-0.976455225946349,0.51,0.02771550281372302,2025-12-23 22:18:10
52,430,0.9757288771155264,-0.9757287222053581,0.51,0.027589831053323258,2025-12-23 22:18:10
52,431,0.9749797563012492,-0.9749796069226042,0.51,0.02746025211684977,2025-12-23 22:18:10
52,432,0.9742080441684188,-0.9742079001237626,0.51,0.027326769922441662,2025-12-23 22:18:10
52,433,0.9734137675406638,-0.9734136286394749,0.51,0.027189389545837894,2025-12-23 22:18:10
52,434,0.9725969601982608,-0.9725968262567848,0.51,0.02704811725346178,2025-12-23 22:18:11
52,435,0.971757663024035,-0.9717575338650468,0.51,0.02690296053275775,2025-12-23 22:18:11
52,436,0.97089592414309,-0.9708957995956649,0.51,0.026753928120123102,2025-12-23 22:18:11
52,437,0.9700117990557198,-0.9700116789550116,0.51,0.026601030026686887,2025-12-23 22:18:11
52,438,0.9691053507628562,-0.969105234949884,0.51,0.026444277562039823,2025-12-23 22:18:11
52,439,0.9681766498834092,-0.9681765382048506,0.51,0.02628368335600993,2025-12-23 22:18:11
52,440,0.9672257747628614,-0.9672256670708533,0.51,0.029850586962867093,2025-12-23 22:18:11
52,441,0.9662528115724877,-0.9662527077244342,0.51,0.029658316299869147,2025-12-23 22:18:11
52,442,0.9652578543985818,-0.9652577542569681,0.51,0.029461707208599773,2025-12-23 22:18:11
52,443,0.9642410053210847,-0.964240908753298,0.51,0.02926078046749273,2025-12-23 22:18:11
52,444,0.963202374481026,-0.9632022813591825,0.51,0.029055558431762607,2025-12-23 22:18:11
52,445,0.9621420801362099,-0.9621419903369878,0.51,0.028846065050137867,2025-12-23 22:18:11
52,446,0.9610602487045989,-0.9610601621090765,0.51,0.028632325877506706,2025-12-23 22:18:11
52,447,0.9599570147948698,-0.9599569312883707,0.51,0.028414368083882337,2025-12-23 22:18:11
52,448,0.9588325212236494,-0.9588324406955918,0.51,0.028192220459831555,2025-12-23 22:18:11
52,449,0.9576869190189621,-0.957686841362714,0.51,0.02796591341858822,2025-12-23 22:18:11
52,450,0.9565203674094557,-0.9565202925221947,0.51,0.027735478994882667,2025-12-23 22:18:11
52,451,0.9553330337990062,-0.9553329615815849,0.51,0.027500950840534538,2025-12-23 22:18:11
52,452,0.9541250937263397,-0.9541250240831546,0.51,0.027262364216839575,2025-12-23 22:18:11
52,453,0.9528967308093458,-0.9528966636482121,0.51,0.027019755983725455,2025-12-23 22:18:12
52,454,0.9516481366738022,-0.9516480719058323,0.51,0.026773164585688597,2025-12-23 22:18:12
52,455,0.9503795108662683,-0.9503794484057546,0.51,0.026522630034471723,2025-12-23 22:18:12
52,456,0.9490910607509533,-0.9490910005152552,0.51,0.026268193888499956,2025-12-23 22:18:12
52,457,0.9477830013904086,-0.9477829432998431,0.51,0.026009899229030877,2025-12-23 22:18:12
52,458,0.9464555554099411,-0.9464554993876783,0.51,0.02574779063304437,2025-12-23 22:18:12
52,459,0.9451089528456937,-0.9451088988176545,0.51,0.02972890667373844,2025-12-23 22:18:12
52,460,0.9437434309763872,-0.9437433788711458,0.51,0.029414378910017934,2025-12-23 22:18:12
52,461,0.9423592341387671,-0.9423591838874562,0.51,0.029095566050802553,2025-12-23 22:18:12
52,462,0.94095661352685,-0.9409565650630698,0.51,0.028772527054476978,2025-12-23 22:18:12
52,463,0.9395358269751143,-0.9395357802348443,0.51,0.028445322324856075,2025-12-23 22:18:12
52,464,0.9380971387258292,-0.9380970936473436,0.51,0.028114013678918803,2025-12-23 22:18:12
52,465,0.9366408191807679,-0.9366407757045534,0.51,0.02777866430460785,2025-12-23 22:18:12
52,466,0.9351671446375972,-0.9351671027062741,0.51,0.027439338710727443,2025-12-23 22:18:12
52,467,0.9336763970112885,-0.9336763565695346,0.51,0.02709610267034479,2025-12-23 22:18:12
52,468,0.9321688635409391,-0.9321688245354163,0.51,0.026749023158667846,2025-12-23 22:18:12
52,469,0.9306448364824421,-0.9306447988617251,0.51,0.026398168286160168,2025-12-23 22:18:12
52,470,0.929104612787486,-0.9291045765019942,0.51,0.026043607227411888,2025-12-23 22:18:12
52,471,0.9275484937694106,-0.927548458771342,0.51,0.025685410146180546,2025-12-23 22:18:12
52,472,0.9259767847564867,-0.9259767509997542,0.51,0.025323648116980495,2025-12-23 22:18:13
52,473,0.924389794733226,-0.9243897621733963,0.51,0.02995008514849813,2025-12-23 22:18:13
52,474,0.9227878359703674,-0.9227878045646016,0.51,0.029507682363269155,2025-12-23 22:18:13
52,475,0.921171223644218,-0.9211711933512146,0.51,0.029061258897725872,2025-12-23 22:18:13
52,476,0.9195402754460633,-0.9195402462260028,0.51,0.028610904513460544,2025-12-23 22:18:13
52,477,0.9178953111823884,-0.9178952829968807,0.51,0.028156709231783397,2025-12-23 22:18:13
52,478,0.9162366523666811,-0.9162366251787138,0.51,0.02769876331671481,2025-12-23 22:18:13
52,479,0.914564621803612,-0.9145645955775015,0.51,0.02723715722377587,2025-12-23 22:18:13
52,480,0.9128795431664091,-0.9128795178677525,0.51,0.026771981526196434,2025-12-23 22:18:13
52,481,0.9111817405682613,-0.9111817161638908,0.51,0.02630332682598139,2025-12-23 22:18:13
52,482,0.9094715381286039,-0.9094715145865422,0.51,0.025831283654662338,2025-12-23 22:18:13
52,483,0.9077492595351493,-0.907749236824567,0.51,0.025355942366875838,2025-12-23 22:18:13
52,484,0.906015227602538,-0.9060152056937126,0.51,0.02487739302895705,2025-12-23 22:18:13
52,485,0.9042697638284913,-0.9042697426927673,0.51,0.024395725304033413,2025-12-23 22:18:13
52,486,0.9025131879483486,-0.902513167558099,0.51,0.029888809624047254,2025-12-23 22:18:13
52,487,0.9007458174888774,-0.9007457978174671,0.51,0.029279276904752353,2025-12-23 22:18:13
52,488,0.898967967322239,-0.8989679483439891,0.51,0.028666168715525086,2025-12-23 22:18:13
52,489,0.8971799492209876,-0.8971799309111408,0.51,0.028049596695009085,2025-12-23 22:18:13
52,490,0.8953820714149754,-0.8953820537496633,0.51,0.02742967017679826,2025-12-23 22:18:13
52,491,0.8935746381510248,-0.8935746211072357,0.51,0.02680649643361349,2025-12-23 22:18:14
52,492,0.8917579492562157,-0.8917579328117637,0.51,0.02618018076449909,2025-12-23 22:18:14
52,493,0.8899322997056207,-0.8899322838391166,0.51,0.02555082649210967,2025-12-23 22:18:14
52,494,0.8880979791953062,-0.8880979638861282,0.51,0.02491853490794675,2025-12-23 22:18:14
52,495,0.8862552717213935,-0.8862552569496598,0.51,0.024283405187240047,2025-12-23 22:18:14
52,496,0.8844044551659568,-0.8844044409124991,0.51,0.02364553428619988,2025-12-23 22:18:14
52,497,0.8825458008905093,-0.8825457871368473,0.51,0.023005016829252184,2025-12-23 22:18:14
52,498,0.8806795733378048,-0.8806795600661211,0.51,0.02981596964638039,2025-12-23 22:18:14
52,499,0.8788060296426554,-0.878806016835772,0.51,0.028955272362341942,2025-12-23 22:18:14
52,500,0.8769254192524385,-0.8769254068937934,0.51,0.028091385174297174,2025-12-23 22:18:14
52,501,0.8750379835579373,-0.8750379716315628,0.51,0.02722442874082207,2025-12-23 22:18:14
52,502,0.87314395553513,-0.8731439440256312,0.51,0.02635451600860842,2025-12-23 22:18:14
52,503,0.8712435593985112,-0.8712435482910453,0.51,0.02548175386827733,2025-12-23 22:18:14
52,504,0.8693370102664989,-0.8693369995467554,0.51,0.024606243906076804,2025-12-23 22:18:14
52,505,0.8674245138394483,-0.8674245034936298,0.51,0.023728082728806776,2025-12-23 22:18:14
52,506,0.8655062660907623,-0.865506256105566,0.51,0.022847362081094152,2025-12-23 22:18:14
52,507,0.8635824529715554,-0.8635824433341555,0.51,0.021964168858628695,2025-12-23 22:18:14
52,508,0.8616532501292975,-0.8616532408273279,0.51,0.02107858506831557,2025-12-23 22:18:14
52,509,0.8597188226408302,-0.8597188136623681,0.51,0.020190687761464807,2025-12-23 22:18:14
52,510,0.8577793247601185,-0.8577793160936683,0.51,0.028950909334886164,2025-12-23 22:18:15
52,511,0.8558348996810677,-0.8558348913155458,0.51,0.0276124415931863,2025-12-23 22:18:15
52,512,0.8538856793157072,-0.8538856712404269,0.51,0.026270764369613463,2025-12-23 22:18:15
52,513,0.85193178408801,-0.8519317762926676,0.51,0.024925988152374207,2025-12-23 22:18:15
52,514,0.8499733227435898,-0.8499733152182506,0.51,0.02357819921241511,2025-12-23 22:18:15
52,515,0.848010392175489,-0.848010384910574,0.51,0.022227469953427736,2025-12-23 22:18:15
52,516,0.8460430772662413,-0.8460430702525145,0.51,0.020873862260461607,2025-12-23 22:18:15
52,517,0.8440714507463691,-0.8440714439749252,0.51,0.019517428697147798,2025-12-23 22:18:15
52,518,0.84209557306945,-0.8420955665317024,0.51,0.01815821296348973,2025-12-23 22:18:15
52,519,0.8401154923038591,-0.8401154859915284,0.51,0.016796250072109265,2025-12-23 22:18:15
52,520,0.8381312440412763,-0.8381312379463796,0.51,0.015431566411237356,2025-12-23 22:18:15
52,521,0.8361428513220216,-0.8361428454368616,0.51,0.028128622635445123,2025-12-23 22:18:15
52,522,0.8341503245772627,-0.8341503188944172,0.51,0.02538821052437164,2025-12-23 22:18:15
52,523,0.8321536615881181,-0.8321536561004306,0.51,0.02264244168193085,2025-12-23 22:18:15
52,524,0.8301528474616644,-0.8301528421622341,0.51,0.019891292030753658,2025-12-23 22:18:15
52,525,0.8281478546238342,-0.8281478495060071,0.51,0.017134726697753472,2025-12-23 22:18:15
52,526,0.8261386428291804,-0.8261386378865402,0.51,0.014372694344997699,2025-12-23 22:18:15
52,527,0.8241251591874639,-0.8241251544138237,0.51,0.01160512728355874,2025-12-23 22:18:15
52,528,0.8221073382070118,-0.8221073335964058,0.51,0.008831942075967438,2025-12-23 22:18:16
52,529,0.8200851018547778,-0.8200850974014532,0.51,0.006053041614834155,2025-12-23 22:18:16
52,530,0.8180583596330275,-0.8180583553314371,0.51,0.0032683270501665976,2025-12-23 22:18:16
52,532,0.8139909338423647,-0.8139909298283861,0.51,0.0023194678466985866,2025-12-23 22:18:16
52,533,0.8119500078756159,-0.81195000399789,0.51,0.005122535361655648,2025-12-23 22:18:16
52,534,0.8099040915118768,-0.809904087765607,0.51,0.00793211449567433,2025-12-23 22:18:16
52,535,0.8078530336554044,-0.8078530300359651,0.51,0.010748357734578147,2025-12-23 22:18:16
52,536,0.8057966715494204,-0.8057966680523511,0.51,0.013571460957457059,2025-12-23 22:18:16
52,537,0.803734830966216,-0.8037348275872153,0.51,0.016401634664791512,2025-12-23 22:18:16
52,538,0.8016673264129515,-0.8016673231478713,0.51,0.019239098419954602,2025-12-23 22:18:16
52,1813,0.8178822051835121,-0.8177765097588122,0.51,0.0039138250544577405,2025-12-23 22:18:20
52,1814,0.8200018157382838,-0.8198994022902519,0.51,0.006828488548216904,2025-12-23 22:18:20
52,1815,0.8221014372332973,-0.8220022090400033,0.51,0.009715699254209984,2025-12-23 22:18:20
52,1816,0.8241812560854155,-0.8240851190628251,0.51,0.011613151959777105,2025-12-23 22:18:20
52,1817,0.826241465076815,-0.8261483277155431,0.51,0.01444667919884904,2025-12-23 22:18:20
52,1818,0.8282822629857004,-0.828192036288933,0.51,0.017253746601859275,2025-12-23 22:18:20
52,1819,0.8303038542150469,-0.8302164516376225,0.51,0.02003460147965696,2025-12-23 22:18:20
52,1820,0.832306448419808,-0.8322217858084514,0.51,0.022789544225741483,2025-12-23 22:18:21
52,1821,0.834290260133018,-0.8342082556677163,0.51,0.025518877015455393,2025-12-23 22:18:21
52,1822,0.8362555083912085,-0.83617608252772,0.51,0.028222903353028277,2025-12-23 22:18:21
52,1823,0.8382024163595515,-0.8381254917730381,0.51,0.015450925872527105,2025-12-23 22:18:21
52,1824,0.8401312109571323,-0.8400567124869042,0.51,0.01677821416147975,2025-12-23 22:18:21
52,1825,0.8420421224827503,-0.8419699770781129,0.51,0.018093311675342307,2025-12-23 22:18:21
52,1826,0.8439353842416364,-0.8438655209088283,0.51,0.019396373235066947,2025-12-23 22:18:21
52,1827,0.8458112321734709,-0.8457435819236813,0.51,0.020687553077480037,2025-12-23 22:18:21
52,1828,0.8476699044820802,-0.8476044002805342,0.51,0.021967008324929146,2025-12-23 22:18:21
52,1829,0.8495116412671837,-0.8494482179832836,0.51,0.023234898763879845,2025-12-23 22:18:21
52,1830,0.851336684158557,-0.8512752785170674,0.51,0.02449138613468359,2025-12-23 22:18:21
52,1831,0.8531452759529756,-0.8530858264862392,0.51,0.025736633538384436,2025-12-23 22:18:21
52,1832,0.8549376602542945,-0.8548801072554664,0.51,0.02697080499640183,2025-12-23 22:18:21
52,1833,0.8567140811170185,-0.8566583665943059,0.51,0.028194065109547087,2025-12-23 22:18:21
52,1834,0.8584747826937124,-0.8584208503256067,0.51,0.029406578770737216,2025-12-23 22:18:21
52,1835,0.8602200088865966,-0.8601678039780839,0.51,0.020405651681146282,2025-12-23 22:18:21
52,1836,0.8619500030036719,-0.8618994724434094,0.51,0.021200014640459952,2025-12-23 22:18:21
52,1837,0.8636650074197111,-0.8636160996381546,0.51,0.021987552072700756,2025-12-23 22:18:21
52,1838,0.8653652632424536,-0.8653179281709233,0.51,0.022768371643005447,2025-12-23 22:18:21
52,1839,0.8670510099843359,-0.8670051990150065,0.51,0.023542579952170642,2025-12-23 22:18:22
52,1840,0.8687224852400867,-0.8686781511868864,0.51,0.024310283027924394,2025-12-23 22:18:22
52,1841,0.8703799243705109,-0.8703370214309182,0.51,0.025071586322252978,2025-12-23 22:18:22
52,1842,0.8720235601927875,-0.8719820439105079,0.51,0.02582659453687861,2025-12-23 22:18:22
52,1843,0.873653622677595,-0.873613449906107,0.51,0.026575411405387103,2025-12-23 22:18:22
52,1844,0.8752703386533818,-0.875231467520335,0.51,0.027318139478851165,2025-12-23 22:18:22
52,1845,0.8768739315180867,-0.8768363213905404,0.51,0.028054879928985973,2025-12-23 22:18:22
52,1846,0.878464620958617,-0.8784282324091027,0.51,0.028785732370453173,2025-12-23 22:18:22
52,1847,0.8800426226783795,-0.8800074174517749,0.51,0.0295107947000293,2025-12-23 22:18:22
52,1848,0.8816081481331572,-0.8815740891143563,0.51,0.022672608231907445,2025-12-23 22:18:22
52,1849,0.8831614042756171,-0.8831284554579827,0.51,0.023207939745598614,2025-12-23 22:18:22
52,1850,0.8847025933087257,-0.8846707197633102,0.51,0.02373914537887826,2025-12-23 22:18:22
52,1851,0.8862319124483431,-0.8862010802938631,0.51,0.02426629159150746,2025-12-23 22:18:22
52,1852,0.8877495536952533,-0.8877197300688044,0.51,0.024789443026802513,2025-12-23 22:18:22
52,1853,0.889255703616884,-0.8892268566453815,0.51,0.02530866256034652,2025-12-23 22:18:22
52,1854,0.8907505431389529,-0.8907226419112843,0.51,0.025824011268895455,2025-12-23 22:18:22
52,1855,0.8922342473472703,-0.8922072618871467,0.51,0.026335548363565088,2025-12-23 22:18:22
52,1856,0.8937069852999132,-0.8936808865394048,0.51,0.026843331110106512,2025-12-23 22:18:22
52,1857,0.8951689198499719,-0.8951436796037145,0.51,0.027347414747625826,2025-12-23 22:18:22
52,1858,0.8966202074790587,-0.8965957984191176,0.51,0.02784785241112149,2025-12-23 22:18:23
52,1859,0.8980609981417493,-0.8980373937731272,0.51,0.02834469506006439,2025-12-23 22:18:23
52,1860,0.8994914351211153,-0.8994686097578906,0.51,0.028837991413696938,2025-12-23 22:18:23
52,1861,0.9009116548954842,-0.9008895836375674,0.51,0.029327787893074293,2025-12-23 22:18:23
52,1862,0.9023217870165514,-0.9023004457270459,0.51,0.02981412856947407,2025-12-23 22:18:23
52,1863,0.9037219539989441,-0.9037013192820982,0.51,0.024237635129741288,2025-12-23 22:18:23
52,1864,0.9051122712213204,-0.9050923204010589,0.51,0.0246212784492889,2025-12-23 22:18:23
52,1865,0.9064928468390675,-0.9064735579380891,0.51,0.025002254183946988,2025-12-23 22:18:23
52,1866,0.9078637817086375,-0.9078451334280664,0.51,0.025380589348759162,2025-12-23 22:18:23
52,1867,0.9092251693235426,-0.9092071410231216,0.51,0.02575630894339673,2025-12-23 22:18:23
52,1868,0.910577095762006,-0.9105596674408194,0.51,0.0261294359664396,2025-12-23 22:18:23
52,1869,0.911919639646242,-0.9119027919239558,0.51,0.0264999914149901,2025-12-23 22:18:23
52,1870,0.9132528721133183,-0.9132365862119264,0.51,0.026867994277696046,2025-12-23 22:18:23
52,1871,0.9145768567975251,-0.9145611145235895,0.51,0.027233461525997132,2025-12-23 22:18:23
52,1872,0.9158916498241576,-0.9158764335515314,0.51,0.027596408106327366,2025-12-23 22:18:23
52,1873,0.9171972998145888,-0.917182592467611,0.51,0.02795684693480404,2025-12-23 22:18:23
52,1874,0.9184938479024898,-0.9184796329396405,0.51,0.028314788895191657,2025-12-23 22:18:23
52,1875,0.9197813277610293,-0.9197675891590336,0.51,0.028670242840470896,2025-12-23 22:18:23
52,1876,0.9210597656408582,-0.9210464878792297,0.51,0.029023215598135223,2025-12-23 22:18:24
52,1877,0.9223291804186661,-0.9223163484646784,0.51,0.029373711979143725,2025-12-23 22:18:24
52,1878,0.9235895836560684,-0.923577182950144,0.51,0.029721734790441715,2025-12-23 22:18:24
52,1879,0.9248409796685646,-0.9248289961100723,0.51,0.025056064839743326,2025-12-23 22:18:24
52,1880,0.9260833656042826,-0.9260717855377317,0.51,0.02534196267941031,2025-12-23 22:18:24
52,1881,0.9273167315322051,-0.9273055417338276,0.51,0.02562579807677936,2025-12-23 22:18:24
52,1882,0.9285410605395515,-0.9285302482042628,0.51,0.025907566633726273,2025-12-23 22:18:24
52,1883,0.9297563288379722,-0.9297458815666996,0.51,0.026187262382307893,2025-12-23 22:18:24
52,1884,0.9309625058781889,-0.9309524116655605,0.51,0.02646487781890736,2025-12-23 22:18:24
52,1885,0.9321595544727019,-0.9321498016950854,0.51,0.026740403935485206,2025-12-23 22:18:24
52,1886,0.9333474309261667,-0.933338008330049,0.51,0.027013830249784997,2025-12-23 22:18:24
52,1887,0.9345260851730249,-0.9345169818637248,0.51,0.027285144835604774,2025-12-23 22:18:24
52,1888,0.9356954609219668,-0.9356866663526713,0.51,0.027554334353840772,2025-12-23 22:18:24
52,1889,0.9368554958067831,-0.9368469997678999,0.51,0.02782138408466502,2025-12-23 22:18:24
52,1890,0.9380061215431597,-0.9379979141519765,0.51,0.028086277961044293,2025-12-23 22:18:24
52,1891,0.939147264090954,-0.9391393357815974,0.51,0.028348998603645086,2025-12-23 22:18:24
52,1892,0.9402788438214873,-0.9402711853351728,0.51,0.02860952735710536,2025-12-23 22:18:24
52,1893,0.9414007756893807,-0.9413933780649466,0.51,0.028867844327604874,2025-12-23 22:18:24
52,1894,0.9425129694084553,-0.9425058239731725,0.51,0.029123928421625866,2025-12-23 22:18:24
52,1895,0.9436153296312182,-0.9436084279918695,0.51,0.029377757385773504,2025-12-23 22:18:25
52,1896,0.9447077561314519,-0.9447010901656719,0.51,0.029629307847558933,2025-12-23 22:18:25
52,1897,0.9457901439894246,-0.945783705837295,0.51,0.029878555356957905,2025-12-23 22:18:25
52,1898,0.9468623837792441,-0.9468561658351355,0.51,0.025821831572104888,2025-12-23 22:18:25
52,1899,0.9479243617578768,-0.9479183566625327,0.51,0.026031459395123198,2025-12-23 22:18:25
52,1900,0.9489759600553631,-0.948970160688217,0.51,0.02623904622810577,2025-12-23 22:18:25
52,1901,0.9500170568657652,-0.9500114563374866,0.51,0.026444567665184555,2025-12-23 22:18:25
52,1902,0.9510475266383895,-0.9510421182836505,0.51,0.02664799856867446,2025-12-23 22:18:25
52,1903,0.9520672402688399,-0.9520620176392982,0.51,0.02684931310887024,2025-12-23 22:18:25
52,1904,0.9530760652894663,-0.9530710221469569,0.51,0.027048484802413637,2025-12-23 22:18:25
52,1905,0.9540738660587849,-0.9540689963687163,0.51,0.027245486549624123,2025-12-23 22:18:25
52,1906,0.9550605039494635,-0.9550558018744113,0.51,0.02744029067105304,2025-12-23 22:18:25
52,1907,0.9560358375344767,-0.9560312974279696,0.51,0.02763286894342326,2025-12-23 22:18:25
52,1908,0.956999722771054,-0.956995339171547,0.51,0.027823192634998307,2025-12-23 22:18:25
52,1909,0.9579520131820605,-0.9579477808070901,0.51,0.02801123254044995,2025-12-23 22:18:25
52,1910,0.9588925600344675,-0.9588884737749833,0.51,0.028196959015160183,2025-12-23 22:18:25
52,1911,0.959821212514592,-0.9598172674294594,0.51,0.028380342008988417,2025-12-23 22:18:25
52,1912,0.960737817899798,-0.9607340092104686,0.51,0.028561351099406558,2025-12-23 22:18:25
52,1913,0.9616422217263813,-0.9616385448117245,0.51,0.02873995552398553,2025-12-23 22:18:25
52,1914,0.9625342679533735,-0.9625307183446655,0.51,0.028916124212178977,2025-12-23 22:18:26
52,1915,0.9634137991220267,-0.9634103724980927,0.51,0.029089825816329882,2025-12-23 22:18:26
52,1916,0.9642806565107613,-0.9642773486932655,0.51,0.029261028741886196,2025-12-23 22:18:26
52,1917,0.9651346802853821,-0.9651314872342625,0.51,0.029429701176741926,2025-12-23 22:18:26
52,1918,0.9659757096443902,-0.9659726274534326,0.51,0.029595811119687957,2025-12-23 22:18:26
52,1919,0.966803582959243,-0.9668006078517914,0.51,0.029759326407928954,2025-12-23 22:18:26
52,1920,0.9676181379094343,-0.9676152662342333,0.51,0.02992021474362317,2025-12-23 22:18:26
52,1921,0.9684192116122938,-0.9684164398394585,0.51,0.026318636402697784,2025-12-23 22:18:26
52,1922,0.9692066407474244,-0.969203965464535,0.51,0.02645473377404568,2025-12-23 22:18:26
52,1923,0.9699802616757216,-0.9699776795840391,0.51,0.026588447818554718,2025-12-23 22:18:26
52,1924,0.9707399105529408,-0.9707374184637391,0.51,0.02671974995507693,2025-12-23 22:18:26
52,1925,0.9714854234377994,-0.9714830182688112,0.51,0.026848611591886708,2025-12-23 22:18:26
52,1926,0.9722166363946251,-0.9722143151665991,0.51,0.026975004144873208,2025-12-23 22:18:26
52,1927,0.9729333855905817,-0.9729311454239457,0.51,0.027098899054471985,2025-12-23 22:18:26
52,1928,0.9736355073875254,-0.9736333454991536,0.51,0.02722026780146159,2025-12-23 22:18:26
52,1929,0.9743228384285634,-0.9743207521286454,0.51,0.027339081921713256,2025-12-23 22:18:26
52,1930,0.9749952157194113,-0.9749932024084178,0.51,0.027455313019999764,2025-12-23 22:18:26
52,1931,0.9756524767046583,-0.9756505338704022,0.51,0.027569926914543373,2025-12-23 22:18:26
52,1932,0.9762944593390737,-0.9762925845538638,0.51,0.027679932086570772,2025-12-23 22:18:26
52,1933,0.9769210021541033,-0.9769191930719862,0.51,0.027788247810977575,2025-12-23 22:18:27
52,1934,0.9775319443197205,-0.9775301986738101,0.51,0.027893867344332662,2025-12-23 22:18:27
52,1935,0.9781271257018165,-0.9781254413017073,0.51,0.027996762897925433,2025-12-23 22:18:27
52,1936,0.9787063869153262,-0.9787047616445881,0.51,0.02809787882363498,2025-12-23 22:18:27
52,1937,0.979269569373302,-0.979268001187054,0.51,0.028194291847010753,2025-12-23 22:18:27
52,1938,0.9798165153321629,-0.9798150022547238,0.51,0.02828885327908732,2025-12-23 22:18:27
52,1939,0.9803470679333558,-0.9803456080559693,0.51,0.02838156717928735,2025-12-23 22:18:27
52,1940,0.9808610712416823,-0.9808596627203137,0.51,0.028469466133538093,2025-12-23 22:18:27
52,1941,0.98135837028055,-0.9813570113337535,0.51,0.028555447032306124,2025-12-23 22:18:27
52,1942,0.9818388110644215,-0.981837499971275,0.51,0.02863947695836243,2025-12-23 22:18:27
52,1943,0.9823022406287413,-0.9823009757268468,0.51,0.028718656865952,2025-12-23 22:18:27
52,1944,0.9827485070576283,-0.9827472867411764,0.51,0.02879680729912216,2025-12-23 22:18:27
52,1945,0.983177459509631,-0.9831762822275267,0.51,0.028869999721319456,2025-12-23 22:18:27
52,1946,0.9835889482418445,-0.9835878124958937,0.51,0.028942145498199942,2025-12-23 22:18:27
52,1947,0.9839828246326986,-0.9839817289758516,0.51,0.02900926638973772,2025-12-23 22:18:27
52,1948,0.9843589412037246,-0.9843578842383769,0.51,0.029075286305393497,2025-12-23 22:18:27
52,1949,0.9847171516406166,-0.9847161320169638,0.51,0.02913625075832027,2025-12-23 22:28:59
52,1950,0.9850573108139009,-0.9850563272283465,0.51,0.029196027945745037,2025-12-23 22:28:59
52,1951,0.9853792747995309,-0.985378325993145,0.51,0.029250749971882952,2025-12-23 22:28:59
52,1952,0.9856829008997233,-0.985681985656752,0.51,0.029304172047002464,2025-12-23 22:28:59
52,1953,0.985968047664351,-0.9859671648107728,0.51,0.029353558615292864,2025-12-23 22:28:59
52,1954,0.9862345749132054,-0.9862337233153351,0.51,0.0293986640940882,2025-12-23 22:28:59
52,1955,0.9864823437594392,-0.9864815223225762,0.51,0.029442427582495413,2025-12-23 22:28:59
52,1956,0.986711216634494,-0.9867104243016153,0.51,0.02948206863098658,2025-12-23 22:29:00
52,1957,0.9869210573148149,-0.9869202930653096,0.51,0.02951738361526317,2025-12-23 22:29:00
52,1958,0.9871117309506463,-0.9871109937990921,0.51,0.029551237586544484,2025-12-23 22:29:00
52,1959,0.9872831040971964,-0.9872823930921752,0.51,0.02958091938340866,2025-12-23 22:29:00
52,1960,0.9874350447484505,-0.987434358971403,0.51,0.029607236730186705,2025-12-23 22:29:00
52,1961,0.987567422373902,-0.9875667609380195,0.51,0.029630166644187883,2025-12-23 22:29:00
52,1962,0.9876801079584642,-0.9876794700076167,0.51,0.029648660904763778,2025-12-23 22:29:00
52,1963,0.9877729740458087,-0.987772358753508,0.51,0.02966557184257443,2025-12-23 22:29:00
52,1964,0.9878458947853705,-0.9878453013537675,0.51,0.029678202566089478,2025-12-23 22:29:00
52,1965,0.9878987459832431,-0.9878981736421574,0.51,0.029687357694982503,2025-12-23 22:29:00
52,1966,0.9879314051571723,-0.9879308531631542,0.51,0.029693015885000344,2025-12-23 22:29:00
52,1967,0.9879437515958464,-0.9879432192312699,0.51,0.02969515614958097,2025-12-23 22:29:00
52,1968,0.987935666422661,-0.987935152994846,0.51,0.029693757871800255,2025-12-23 22:29:00
52,1969,0.9879070326641207,-0.9879065375044849,0.51,0.02968880081719502,2025-12-23 22:29:00
52,1970,0.9878577353230238,-0.9878572577862615,0.51,0.029680265147490066,2025-12-23 22:29:00
52,1971,0.9877876614565545,-0.987787200919844,0.51,0.029668131435253167,2025-12-23 22:29:00
52,1972,0.9876967002593916,-0.9876962561216276,0.51,0.02965238067949872,2025-12-23 22:29:00
52,1973,0.9875847431519187,-0.987584314832971,0.51,0.029632994322258407,2025-12-23 22:29:00
52,1974,0.9874516838736019,-0.9874512708135982,0.51,0.029609954266131347,2025-12-23 22:29:00
52,1975,0.9872974185815787,-0.9872970202402112,0.51,0.029583242892825632,2025-12-23 22:29:01
52,1976,0.9871218459544783,-0.9871214618103334,0.51,0.029552843082696657,2025-12-23 22:29:01
52,1977,0.986924867301471,-0.9869244968513822,0.51,0.029518738235285485,2025-12-23 22:29:01
52,1978,0.986706386676521,-0.9867060294349417,0.51,0.02948091229085505,2025-12-23 22:29:01
52,1979,0.9864663109977898,-0.9864659664961886,0.51,0.029439349752920542,2025-12-23 22:29:01
52,1980,0.9862045501721147,-0.9862042179583899,0.51,0.02939403571176189,2025-12-23 22:29:01
52,1981,0.9859210172244599,-0.985920696862374,0.51,0.029344955868906664,2025-12-23 22:29:01
52,1982,0.9856156284322116,-0.9856153195008451,0.51,0.029292096562564165,2025-12-23 22:29:01
52,1983,0.9852883034641621,-0.985288005557385,0.51,0.02923544479398789,2025-12-23 22:29:01
52,1984,0.9849389655240013,-0.9849386782499627,0.51,0.02917498825474056,2025-12-23 22:29:01
52,1985,0.9845675414981061,-0.9845672644787408,0.51,0.029110715354829498,2025-12-23 22:29:01
52,1986,0.9841739621073912,-0.9841736949779429,0.51,0.029042615251676982,2025-12-23 22:29:01
52,1987,0.9837581620629587,-0.9837579044715198,0.51,0.028970677879885214,2025-12-23 22:29:01
52,1988,0.9833200802252547,-0.9833198318323206,0.51,0.028894893981752524,2025-12-23 22:29:01
52,1989,0.982859659766415,-0.9828594202444545,0.51,0.028815255138490682,2025-12-23 22:29:01
52,1990,0.9823768483354551,-0.982376617368495,0.51,0.028731753802091246,2025-12-23 22:29:01
52,1991,0.9818715982259346,-0.9818713755091579,0.51,0.02864438332778455,2025-12-23 22:29:01
52,1992,0.9813438665456955,-0.9813436517850538,0.51,0.028553138007029525,2025-12-23 22:29:01
52,1993,0.9807936153882546,-0.9807934083000933,0.51,0.028458013100969796,2025-12-23 22:29:01
52,1994,0.9802208120054011,-0.9802206123160977,0.51,0.02835900487428807,2025-12-23 22:29:02
52,1995,0.9796254289805278,-0.9796252364261423,0.51,0.028256110629387845,2025-12-23 22:29:02
52,1996,0.9790074444022027,-0.9790072587281397,0.51,0.02814932874082549,2025-12-23 22:29:02
52,1997,0.9783668420374633,-0.978366662998146,0.51,0.028038658689917707,2025-12-23 22:29:02
52,1998,0.9777036115042985,-0.9777034388628538,0.51,0.027924101099441163,2025-12-23 22:29:02
52,1999,0.9770177484427616,-0.9770175819707154,0.51,0.027804526083728503,2025-12-23 22:29:02
52,2000,0.9763092546841396,-0.9763090941611234,0.51,0.027681979006546627,2025-12-23 22:29:02
52,2001,0.975578138417592,-0.9755779836310587,0.51,0.02755552190108509,2025-12-23 22:29:02
52,2002,0.9748244143536511,-0.9748242650986014,0.51,0.027425157890930807,2025-12-23 22:29:02
52,2003,0.9740481038839715,-0.9740479599626888,0.51,0.027290891204156016,2025-12-23 22:29:02
52,2004,0.9732492352366977,-0.9732490964584928,0.51,0.027152727215108193,2025-12-23 22:29:02
52,2005,0.9724278436268177,-0.9724277098077818,0.51,0.027010672481450105,2025-12-23 22:29:02
52,2006,0.9715839714008584,-0.9715838423636252,0.51,0.02686473477740432,2025-12-23 22:29:02
52,2007,0.9707176681752794,-0.9707175437487945,0.51,0.026714923123751694,2025-12-23 22:29:02
52,2008,0.9698289909679162,-0.9698288709872155,0.51,0.026561247815077748,2025-12-23 22:29:02
52,2009,0.9689180043218285,-0.9689178886278234,0.51,0.02640372044450538,2025-12-23 22:29:02
52,2010,0.9679847804209101,-0.9679846688601803,0.51,0.029991264158879642,2025-12-23 22:29:02
52,2011,0.9670293991966242,-0.9670292916212184,0.51,0.029802472542385026,2025-12-23 22:29:02
52,2012,0.9660519484252378,-0.9660518446924803,0.51,0.029609326979080697,2025-12-23 22:29:02
52,2013,0.9650525238149371,-0.9650524237872417,0.51,0.029411847003072193,2025-12-23 22:29:03
52,2014,0.9640312290822249,-0.9640311326269148,0.51,0.02921005370942669,2025-12-23 22:29:03
52,2015,0.9629881760170127,-0.9629880830061471,0.51,0.029003969774276144,2025-12-23 22:29:03
52,2016,0.9619234845358444,-0.9619233948460513,0.51,0.028793619470543725,2025-12-23 22:29:03
52,2017,0.9608372827227083,-0.9608371962350223,0.51,0.0285790286796882,2025-12-23 22:29:03
52,2018,0.9597297068569198,-0.9597296234566264,0.51,0.028360224899869085,2025-12-23 22:29:03
52,2019,0.958600901427585,-0.9586008210040696,0.51,0.028137237250646145,2025-12-23 22:29:03
52,2020,0.9574510191341854,-0.9574509415807883,0.51,0.02791009647437122,2025-12-23 22:29:03
52,2021,0.956280220872857,-0.9562801460867328,0.51,0.027678834934341725,2025-12-23 22:29:03
52,2022,0.9550886757079716,-0.9550886035899542,0.51,0.027443486609724697,2025-12-23 22:29:03
52,2023,0.9538765608286651,-0.9538764912831365,0.51,0.027204087087262806,2025-12-23 22:29:03
52,2024,0.9526440614899976,-0.9526439944247622,0.51,0.026960673549783785,2025-12-23 22:29:03
52,2025,0.9513913709384713,-0.9513913062646342,0.51,0.026713284761451062,2025-12-23 22:29:03
52,2026,0.9501186903216745,-0.950118627953524,0.51,0.026461961049794022,2025-12-23 22:29:03
52,2027,0.9488262285818657,-0.9488261684367599,0.51,0.026206744284460022,2025-12-23 22:29:03
52,2028,0.9475142023333565,-0.9475141443316144,0.51,0.025947677852706446,2025-12-23 22:29:03
52,2029,0.9461828357236016,-0.9461827797883973,0.51,0.029965614387002543,2025-12-23 22:29:03
52,2030,0.9448323602779503,-0.9448323063352111,0.51,0.02965454981269618,2025-12-23 22:29:03
52,2031,0.9434630147280633,-0.9434629627063722,0.51,0.029339154502465676,2025-12-23 22:29:03
52,2032,0.9420750448240516,-0.9420749946545518,0.51,0.0290194861493173,2025-12-23 22:29:04
52,2033,0.9406687031304385,-0.9406686547467427,0.51,0.02869560393451449,2025-12-23 22:29:04
52,2034,0.9392442488061027,-0.9392442021442043,0.51,0.02836756849765988,2025-12-23 22:29:04
52,2035,0.9378019473684048,-0.9378019023665934,0.51,0.028035441896934445,2025-12-23 22:29:04
52,2036,0.936342070441754,-0.9363420270405333,0.51,0.027699287561516017,2025-12-23 22:29:04
52,2037,0.9348648954909176,-0.9348648536329259,0.51,0.027359170237495286,2025-12-23 22:29:04
52,2038,0.933370705539427,-0.9333706651693614,0.51,0.027015155928266858,2025-12-23 22:29:04
52,2039,0.9318597888734801,-0.9318597499380223,0.51,0.026667311830107406,2025-12-23 22:29:04
52,2040,0.9303324387317854,-0.9303324011795314,0.51,0.02631570626344181,2025-12-23 22:29:04
52,2041,0.9287889529818415,-0.9287889167632324,0.51,0.025960408600205574,2025-12-23 22:29:04
52,2042,0.9272296337831833,-0.9272295988504397,0.51,0.025601489187661544,2025-12-23 22:29:04
52,2043,0.9256547872381738,-0.9256547535452316,0.51,0.025239019268911082,2025-12-23 22:29:04
52,2044,0.9240647230309538,-0.9240646905334033,0.51,0.02984769860488605,2025-12-23 22:29:04
52,2045,0.9224597540552035,-0.9224597227102299,0.51,0.029404484127440015,2025-12-23 22:29:04
52,2046,0.9208401960314025,-0.9208401657977285,0.51,0.028957266739303943,2025-12-23 22:29:04
52,2047,0.9192063671143068,-0.9192063379521377,0.51,0.028506136320094945,2025-12-23 22:29:04
52,2048,0.9175585874913919,-0.9175585593623624,0.51,0.028051182989287368,2025-12-23 22:29:04
52,2049,0.9158971789730385,-0.9158971518401616,0.51,0.027592497087507467,2025-12-23 22:29:04
52,2050,0.9142224645752594,-0.9142224384028766,0.51,0.027130169124203633,2025-12-23 22:29:05
52,2051,0.9125347680957892,-0.912534742849523,0.51,0.026664289703082315,2025-12-23 22:29:05
52,2052,0.910834413684376,-0.9108343893310838,0.51,0.02619494943261841,2025-12-23 22:29:05
52,2053,0.90912172540813,-0.90912170191586,0.51,0.02572223882641034,2025-12-23 22:29:05
52,2054,0.9073970268127942,-0.9073970041507423,0.51,0.025246248196464448,2025-12-23 22:29:05
52,2055,0.9056606404808154,-0.9056606186192844,0.51,0.024767067541594304,2025-12-23 22:29:05
52,2056,0.9039128875870954,-0.9039128664974548,0.51,0.024284786432374635,2025-12-23 22:29:05
52,2057,0.9021540874533089,-0.902154067107957,0.51,0.02974939166102296,2025-12-23 22:29:05
52,2058,0.9003845571016734,-0.9003845374739998,0.51,0.02913914045887909,2025-12-23 22:29:05
52,2059,0.8986046108090541,-0.8986045918734045,0.51,0.0285253355331879,2025-12-23 22:29:05
52,2060,0.8968145596622807,-0.8968145413939225,0.51,0.027908088293725996,2025-12-23 22:29:05
52,2061,0.8950147111155473,-0.8950146934906361,0.51,0.02728750781187772,2025-12-23 22:29:05
52,2062,0.8932053685507515,-0.8932053515462997,0.51,0.026663701065233348,2025-12-23 22:29:05
52,2063,0.8913868308416213,-0.8913868144354667,0.51,0.026036773025478466,2025-12-23 22:29:05
52,2064,0.8895593919224569,-0.8895593760932337,0.51,0.025406826656425848,2025-12-23 22:29:05
52,2065,0.8877233403623022,-0.8877233250894115,0.51,0.024773962859980368,2025-12-23 22:29:05
52,2066,0.885878958945336,-0.8858789442089191,0.51,0.02413828039177041,2025-12-23 22:29:05
52,2067,0.8840265242582555,-0.8840265100391665,0.51,0.023499875759096164,2025-12-23 22:29:05
52,2068,0.8821663062853977,-0.8821662925651786,0.51,0.02285884310890864,2025-12-23 22:29:06
52,2069,0.8802985680123219,-0.8802985547731771,0.51,0.0296204085969638,2025-12-23 22:29:06
52,2070,0.8784235650385461,-0.8784235522633191,0.51,0.02875907817283334,2025-12-23 22:29:06
52,2071,0.8765415452001084,-0.8765415328722586,0.51,0.027894580158660538,2025-12-23 22:29:06
52,2072,0.8746527482025879,-0.8746527363061684,0.51,0.027027034460544348,2025-12-23 22:29:06
52,2073,0.8727574052651966,-0.8727573937848329,0.51,0.026156553234084414,2025-12-23 22:29:06
52,2074,0.8708557387765185,-0.8708557276973877,0.51,0.02528324254165772,2025-12-23 22:29:06
52,2075,0.8689479619624425,-0.8689479512702539,0.51,0.024407203106624278,2025-12-23 22:29:06
52,2076,0.8670342785668057,-0.8670342682477814,0.51,0.023528530640685982,2025-12-23 22:29:06
52,2077,0.8651148825452278,-0.865114872586084,0.51,0.022647315963322426,2025-12-23 22:29:06
52,2078,0.863189957772589,-0.8631899481605186,0.51,0.021763645016988416,2025-12-23 22:29:06
52,2079,0.8612596777645701,-0.8612596684872253,0.51,0.02087759882902116,2025-12-23 22:29:06
52,2080,0.8593242054136419,-0.8593241964591178,0.51,0.02998396540788968,2025-12-23 22:29:06
52,2081,0.8573836927398588,-0.8573836840966775,0.51,0.028648116759560156,2025-12-23 22:29:06
52,2082,0.8554382806567832,-0.8554382723138781,0.51,0.02730898422153874,2025-12-23 22:29:06
52,2083,0.8534880987528317,-0.8534880906995332,0.51,0.02596668449086023,2025-12-23 22:29:06
52,2084,0.8515332650883108,-0.8515332573143316,0.51,0.024621310194748457,2025-12-23 22:29:06
52,2085,0.8495738860083745,-0.849573878503796,0.51,0.02327294020597613,2025-12-23 22:29:06
52,2086,0.8476100559721124,-0.8476100487273713,0.51,0.02192164296906123,2025-12-23 22:29:06
52,2087,0.8456418573979484,-0.8456418504038243,0.51,0.02056747768150492,2025-12-23 22:29:07
52,2088,0.8436693605255023,-0.843669353773105,0.51,0.019210494738313936,2025-12-23 22:29:07
52,2089,0.8416926232940445,-0.8416926167748022,0.51,0.017850735895956753,2025-12-23 22:29:07
52,2090,0.8397116912376468,-0.8397116849432947,0.51,0.016488234323092914,2025-12-23 22:29:07
52,2091,0.8377265973971126,-0.8377265913196819,0.51,0.015123014607271223,2025-12-23 22:29:07
52,2092,0.8357373622487456,-0.8357373563805525,0.51,0.027510449148342813,2025-12-23 22:29:07
52,2093,0.8337439936499971,-0.8337439879836329,0.51,0.02476900414115828,2025-12-23 22:29:07
52,2094,0.8317464868020121,-0.8317464813303335,0.51,0.022022193560237997,2025-12-23 22:29:07
52,2095,0.8297448242290785,-0.8297448189451974,0.51,0.01926998949668216,2025-12-23 22:29:07
52,2096,0.8277389757749622,-0.8277389706722372,0.51,0.016512353749416564,2025-12-23 22:29:07
52,2097,0.8257288986161025,-0.8257288936881296,0.51,0.013749231636720408,2025-12-23 22:29:07
52,2098,0.8237145372916197,-0.8237145325322239,0.51,0.010980552164893591,2025-12-23 22:29:07
52,2099,0.821695823750081,-0.8216958191533082,0.51,0.008206228808851473,2025-12-23 22:29:07
52,2100,0.8196726774129539,-0.8196726729730628,0.51,0.005426162435298631,2025-12-23 22:29:07
52,2101,0.8176450052546667,-0.817645000966121,0.51,0.002640261699607218,2025-12-23 22:29:07
52,2103,0.8135756497330096,-0.8135756457313302,0.51,0.002950048704117868,2025-12-23 22:29:07
52,2104,0.8115337190344724,-0.8115337151686886,0.51,0.00575445967485544,2025-12-23 22:29:07
52,2105,0.8094867681192396,-0.8094867643845646,0.51,0.008565412875893387,2025-12-23 22:29:07
52,2106,0.807434643501874,-0.8074346398936921,0.51,0.011383078913438401,2025-12-23 22:29:07
52,2107,0.8053771800733429,-0.8053771765872032,0.51,0.014207658997904262,2025-12-23 22:29:08
52,2108,0.8033142012943313,-0.8033141979259415,0.51,0.017039367883832788,2025-12-23 22:29:08
52,2109,0.8012455194042194,-0.8012455161494404,0.51,0.019878429383016642,2025-12-23 22:29:08
54,210,0.6739644365139864,-0.673953321263908,0.51,0.0022759060430665393,2025-12-23 22:30:37
54,211,0.6766610632067143,-0.6766495091303859,0.51,0.005946516669681131,2025-12-23 22:30:37
54,212,0.6793380699957337,-0.6793260600337001,0.51,0.009590884038865143,2025-12-23 22:30:37
54,281,0.816907979784087,-0.8167461614779388,0.51,0.0029436428031582268,2025-12-23 22:30:39
54,282,0.8183379858962178,-0.8181702250189183,0.51,0.004902718815062592,2025-12-23 22:30:39
54,283,0.8197566180149971,-0.8195827091070036,0.51,0.005519133907786595,2025-12-23 22:30:39
54,284,0.8211640486972557,-0.8209837799290555,0.51,0.007447676711724159,2025-12-23 22:30:39
54,285,0.822560445113544,-0.8223735981251954,0.51,0.009360973260622059,2025-12-23 22:30:39
54,286,0.8239459688759895,-0.8237523186141417,0.51,0.01125925016529812,2025-12-23 22:30:39
54,287,0.8253207758762349,-0.8251200904286291,0.51,0.013142712390483818,2025-12-23 22:30:39
54,288,0.8266850161336109,-0.8264770565610671,0.51,0.015011556271582205,2025-12-23 22:30:39
54,289,0.828038833653682,-0.8278233538195724,0.51,0.016865969949510666,2025-12-23 22:30:39
54,290,0.8293823662972888,-0.8291591126945024,0.51,0.018706133151585046,2025-12-23 22:30:39
54,291,0.8307157456601924,-0.8304844572355916,0.51,0.020532217006607848,2025-12-23 22:30:39
54,292,0.8320390969634126,-0.831799504939784,0.51,0.02234438388714402,2025-12-23 22:30:39
54,293,0.833352538954329,-0.8331043666498291,0.51,0.02414278727009536,2025-12-23 22:30:39
54,294,0.8346561838186001,-0.834399146463696,0.51,0.025927571611697512,2025-12-23 22:30:39
54,295,0.835950137102933,-0.8356839416548376,0.51,0.0276988722352823,2025-12-23 22:30:39
54,296,0.8372344976487195,-0.836958842603319,0.51,0.029456815231266222,2025-12-23 22:30:39
54,297,0.8385093575365304,-0.838223932737801,0.51,0.015600744569220695,2025-12-23 22:30:39
54,298,0.839774802041444,-0.8394792884883533,0.51,0.016466637221524912,2025-12-23 22:30:39
54,299,0.8410309095991574,-0.840724979250045,0.51,0.01732602431926426,2025-12-23 22:30:40
54,300,0.8422777517828156,-0.8419610673572447,0.51,0.018178948835325476,2025-12-23 22:30:40
54,301,0.8435153932904635,-0.8431876080685355,0.51,0.019025447982131783,2025-12-23 22:30:40
54,302,0.844743891943011,-0.8444046495621311,0.51,0.01986555480616735,2025-12-23 22:30:40
54,303,0.845963298692575,-0.8456122329416573,0.51,0.02069929818207782,2025-12-23 22:30:40
54,304,0.8471736576410438,-0.8468103922521405,0.51,0.021526702603452415,2025-12-23 22:30:40
54,305,0.8483750060686847,-0.8479991545060233,0.51,0.02234778803198451,2025-12-23 22:30:40
54,306,0.8495673744725962,-0.8491785397190065,0.51,0.023162569820635436,2025-12-23 22:30:40
54,307,0.8507507866147858,-0.8503485609554957,0.51,0.02397105868814341,2025-12-23 22:30:40
54,308,0.8519252595796305,-0.851509224383409,0.51,0.024773260725434298,2025-12-23 22:30:40
54,309,0.853090803840462,-0.8526605293380837,0.51,0.025569177421967043,2025-12-23 22:30:40
54,310,0.8542474233349938,-0.8538024683949996,0.51,0.026358805705367014,2025-12-23 22:30:40
54,311,0.8553951155492941,-0.8549350274510193,0.51,0.02714213799077015,2025-12-23 22:30:40
54,312,0.8565338716099861,-0.8560581858138253,0.51,0.02791916223793538,2025-12-23 22:30:40
54,313,0.8576636763843422,-0.8571719162992197,0.51,0.02868986201501289,2025-12-23 22:30:40
54,314,0.8587845085879242,-0.8582761853359352,0.51,0.029454216568298337,2025-12-23 22:30:40
54,315,0.8598963408994036,-0.8593709530775909,0.51,0.020141458048642386,2025-12-23 22:30:40
54,316,0.8609991400821835,-0.8604561735214146,0.51,0.020642554991255425,2025-12-23 22:30:40
54,317,0.8620928671124332,-0.861531794633337,0.51,0.02113936789489578,2025-12-23 22:30:40
54,318,0.8631774773131318,-0.8625977584790583,0.51,0.021631871354979335,2025-12-23 22:30:41
54,319,0.8642529204937098,-0.8636540013606712,0.51,0.02212003718269415,2025-12-23 22:30:41
54,320,0.8653191410948676,-0.8647004539584209,0.51,0.022603834744491732,2025-12-23 22:30:41
54,321,0.8663760783381432,-0.8657370414771736,0.51,0.023083231093971455,2025-12-23 22:30:41
54,322,0.8674236663797958,-0.8667636837971593,0.51,0.023558191031673163,2025-12-23 22:30:41
54,323,0.8684618344685677,-0.8677802956285526,0.51,0.02402867714657915,2025-12-23 22:30:41
54,324,0.8694905071068831,-0.86878678666945,0.51,0.024494649858819516,2025-12-23 22:30:41
54,325,0.8705096042150428,-0.8697830617668034,0.51,0.024956067469269427,2025-12-23 22:30:41
54,326,0.871519041297972,-0.8707690210798705,0.51,0.02541288621655112,2025-12-23 22:30:41
54,327,0.8725187296140826,-0.8717445602457411,0.51,0.02586506034027173,2025-12-23 22:30:41
54,328,0.8735085763458114,-0.8727095705465066,0.51,0.026312542149055963,2025-12-23 22:30:41
54,329,0.8744884847714022,-0.8736639390776423,0.51,0.026755282092035582,2025-12-23 22:30:41
54,330,0.8754583544375067,-0.8746075489171788,0.51,0.027193228832756648,2025-12-23 22:30:41
54,331,0.8764180813321836,-0.8755402792952477,0.51,0.027626329324668946,2025-12-23 22:30:41
54,332,0.877367558057885,-0.8764620057635938,0.51,0.028054528887579592,2025-12-23 22:30:41
54,333,0.8783066740040328,-0.8773726003646606,0.51,0.028477771284577225,2025-12-23 22:30:41
54,334,0.8792353155187924,-0.8782719317998623,0.51,0.028895998799051175,2025-12-23 22:30:41
54,335,0.8801533660796688,-0.8791598655966737,0.51,0.029309152311469154,2025-12-23 22:30:41
54,336,0.8810607064625618,-0.8800362642741792,0.51,0.029717171375691305,2025-12-23 22:30:41
54,337,0.8819572149089322,-0.8809009875067413,0.51,0.022589990584237836,2025-12-23 22:30:42
54,338,0.8828427672907434,-0.8817538922854604,0.51,0.02288818421756218,2025-12-23 22:30:42
54,339,0.8837172372728656,-0.882594833077121,0.51,0.02318238758553572,2025-12-23 22:30:42
54,340,0.8845804964726397,-0.8834236619803304,0.51,0.023472551652307178,2025-12-23 22:30:42
54,341,0.8854324146163222,-0.8842402288785799,0.51,0.02375862664409778,2025-12-23 22:30:42
54,342,0.8862728596921461,-0.8850443815899764,0.51,0.024040562147576248,2025-12-23 22:30:42
54,343,0.8871016980997566,-0.8858359660134109,0.51,0.024318307176473004,2025-12-23 22:30:42
54,344,0.8879187947957958,-0.8866148262709518,0.51,0.024591810222488568,2025-12-23 22:30:42
54,345,0.8887240134354352,-0.8873808048462741,0.51,0.02486101929878579,2025-12-23 22:30:42
54,346,0.8895172165096699,-0.8881337427189511,0.51,0.025125881980117202,2025-12-23 22:30:42
54,347,0.8902982654782157,-0.888873479494463,0.51,0.02538634544144994,2025-12-23 22:30:42
54,348,0.8910670208978649,-0.8895998535297954,0.51,0.025642356495857332,2025-12-23 22:30:42
54,349,0.8918233425461825,-0.8903127020545211,0.51,0.025893861631831733,2025-12-23 22:30:42
54,350,0.8925670895404413,-0.8910118612872839,0.51,0.02614080705001482,2025-12-23 22:30:42
54,351,0.8932981204517206,-0.8916971665476231,0.51,0.026383138699157996,2025-12-23 22:30:42
54,352,0.8940162934141082,-0.8923684523630969,0.51,0.026620802311159868,2025-12-23 22:30:42
54,353,0.8947214662289702,-0.8930255525716895,0.51,0.026853743435022625,2025-12-23 22:30:42
54,354,0.895413496464273,-0.8936683004195021,0.51,0.02708190746960883,2025-12-23 22:30:42
54,355,0.8960922415489596,-0.8942965286537536,0.51,0.02730523969507598,2025-12-23 22:30:42
54,356,0.8967575588624042,-0.8949100696111342,0.51,0.027523685302943184,2025-12-23 22:30:43
54,357,0.8974093058189886,-0.895508755301576,0.51,0.027737189424733442,2025-12-23 22:30:43
54,358,0.8980473399478611,-0.8960924174875261,0.51,0.02794569715916937,2025-12-23 22:30:43
54,359,0.8986715189679577,-0.8966608877588221,0.51,0.02814915359790194,2025-12-23 22:30:43
54,360,0.8992817008583827,-0.8972139976032949,0.51,0.02834750384983038,2025-12-23 22:30:43
54,361,0.8998777439242637,-0.8977515784732344,0.51,0.02854069306396546,2025-12-23 22:30:43
54,362,0.900459506858212,-0.8982734618478762,0.51,0.028728666450934075,2025-12-23 22:30:43
54,363,0.9010268487975331,-0.898779479292081,0.51,0.028911369303131044,2025-12-23 22:30:43
54,364,0.9015796293773517,-0.8992694625113952,0.51,0.02908874701358433,2025-12-23 22:30:43
54,365,0.9021177087798233,-0.8997432434036943,0.51,0.029260745093598328,2025-12-23 22:30:43
54,366,0.9026409477796246,-0.9002006541076278,0.51,0.029427309189221075,2025-12-23 22:30:43
54,367,0.9031492077859216,-0.9006415270480943,0.51,0.029588385096632308,2025-12-23 22:30:43
54,368,0.9036423508810316,-0.9010656949789891,0.51,0.029743918776506652,2025-12-23 22:30:43
54,369,0.9041202398560004,-0.9014729910234794,0.51,0.029893856367456246,2025-12-23 22:30:43
54,370,0.9045827382433315,-0.9018632487120699,0.51,0.024031304669516817,2025-12-23 22:30:43
54,371,0.9050297103471093,-0.9022363020187335,0.51,0.024141451656410563,2025-12-23 22:30:43
54,372,0.9054610212707702,-0.9025919853953898,0.51,0.02424773145709917,2025-12-23 22:30:43
54,373,0.9058765369427779,-0.9029301338050209,0.51,0.02435033663548463,2025-12-23 22:30:43
54,374,0.906276124140472,-0.9032505827537233,0.51,0.02444635853629179,2025-12-23 22:30:44
54,375,0.9066596505123596,-0.903553168321997,0.51,0.024538572728902554,2025-12-23 22:30:44
54,376,0.9070269845991269,-0.9038377271955804,0.51,0.024626012230328162,2025-12-23 22:30:44
54,377,0.9073779958536498,-0.9041040966961429,0.51,0.024709625199141872,2025-12-23 22:30:44
54,378,0.9077125546602883,-0.9043521148121489,0.51,0.024786454832155882,2025-12-23 22:30:44
54,379,0.9080305323537485,-0.9045816202302105,0.51,0.024859326568166,2025-12-23 22:30:44
54,380,0.9083318012377982,-0.9047924523672441,0.51,0.024927257975452023,2025-12-23 22:30:44
54,381,0.9086162346041224,-0.9049844514037511,0.51,0.02499113769245667,2025-12-23 22:30:44
54,382,0.9088837067516052,-0.9051574583185342,0.51,0.025048193815224492,2025-12-23 22:30:44
54,383,0.9091340930063201,-0.9053113149251671,0.51,0.02510106651793705,2025-12-23 22:30:44
54,384,0.909367269742511,-0.9054458639105243,0.51,0.02514974773070453,2025-12-23 22:30:44
54,385,0.9095831144048421,-0.9055609488756788,0.51,0.02519152353258646,2025-12-23 22:30:44
54,386,0.9097815055321881,-0.9056564143794688,0.51,0.025229931552646752,2025-12-23 22:30:44
54,387,0.9099623227832342,-0.9057321059850247,0.51,0.025261265837172406,2025-12-23 22:30:44
54,388,0.9101254469641478,-0.9057878703095479,0.51,0.025289214578475838,2025-12-23 22:30:44
54,389,0.9102707600585744,-0.9058235550776141,0.51,0.025309981583157656,2025-12-23 22:30:44
54,390,0.910398145260207,-0.9058390091782754,0.51,0.02532729281244398,2025-12-23 22:30:44
54,391,0.9105074870081642,-0.9058340827262147,0.51,0.025337363973113557,2025-12-23 22:30:44
54,392,0.9105986710254063,-0.9058086271272021,0.51,0.025343867707033917,2025-12-23 22:30:44
54,393,0.9106715843604054,-0.9057624951480862,0.51,0.025343111769962786,2025-12-23 22:30:45
54,394,0.9107261154322761,-0.9056955409915393,0.51,0.02533864609527759,2025-12-23 22:30:45
54,395,0.9107621540795584,-0.9056076203757637,0.51,0.02532792806102473,2025-12-23 22:30:45
54,396,0.9107795916128333,-0.9054985906193477,0.51,0.025310551702373788,2025-12-23 22:30:45
54,397,0.9107783208713365,-0.9053683107314431,0.51,0.025289443601057306,2025-12-23 22:30:45
54,398,0.9107582362837207,-0.9052166415074209,0.51,0.02526093868218503,2025-12-23 22:30:45
54,399,0.9107192339331003,-0.9050434456301393,0.51,0.025228463374291167,2025-12-23 22:30:45
54,400,0.9106612116264973,-0.904848587776941,0.51,0.02518959201010729,2025-12-23 22:30:45
54,401,0.9105840689687884,-0.9046319347324744,0.51,0.02514499386841253,2025-12-23 22:30:45
54,402,0.9104877074412356,-0.9043933555074124,0.51,0.025093588006393032,2025-12-23 22:30:45
54,403,0.9103720304846636,-0.904132721463119,0.51,0.025038155030034707,2025-12-23 22:30:45
54,404,0.910236943587327,-0.9038499064422906,0.51,0.02497616548410241,2025-12-23 22:30:45
54,405,0.9100823543774912,-0.903544786905575,0.51,0.024908320346838937,2025-12-23 22:30:45
54,406,0.9099081727207285,-0.9032172420741451,0.51,0.024834589049783994,2025-12-23 22:30:45
54,407,0.9097143108219105,-0.9028671540781767,0.51,0.024753901667709168,2025-12-23 22:30:45
54,408,0.9095006833318531,-0.902494408111158,0.51,0.024669027896832466,2025-12-23 22:30:45
54,409,0.9092672074585525,-0.9020988925899236,0.51,0.024577455618250078,2025-12-23 22:30:45
54,410,0.9090138030829218,-0.9016804993202853,0.51,0.024479884702858414,2025-12-23 22:30:45
54,411,0.9087403928789175,-0.9012391236680966,0.51,0.02437628916916858,2025-12-23 22:30:45
54,412,0.9084469024379209,-0.9007746647355648,0.51,0.024266644082801332,2025-12-23 22:30:46
54,413,0.9081332603972138,-0.9002870255425897,0.51,0.024150925603875696,2025-12-23 22:30:46
54,414,0.9077993985723645,-0.8997761132128822,0.51,0.024029111036052368,2025-12-23 22:30:46
54,415,0.9074452520933152,-0.8992418391645847,0.51,0.029875266147875282,2025-12-23 22:30:46
54,416,0.9070707595439363,-0.8986841193050839,0.51,0.029708437576276947,2025-12-23 22:30:46
54,417,0.90667586310479,-0.8981028742296793,0.51,0.02953315020539382,2025-12-23 22:30:46
54,418,0.9062605086988186,-0.8974980294237385,0.51,0.02935014611778882,2025-12-23 22:30:46
54,419,0.9058246461396517,-0.8968695154679412,0.51,0.02915940510152086,2025-12-23 22:30:46
54,420,0.9053682292821997,-0.8962172682461862,0.51,0.02896090878513708,2025-12-23 22:30:46
54,421,0.9048912161751769,-0.8955412291557032,0.51,0.02875464071217073,2025-12-23 22:30:46
54,422,0.9043935692151781,-0.8948413453188888,0.51,0.028540586417291833,2025-12-23 22:30:46
54,423,0.9038752553019059,-0.8941175697963516,0.51,0.028317723669276065,2025-12-23 22:30:46
54,424,0.9033362459941254,-0.893369861800631,0.51,0.028088694884284747,2025-12-23 22:30:46
54,425,0.9027765176659035,-0.8925981869100258,0.51,0.027851203374440983,2025-12-23 22:30:46
54,426,0.9021960516626675,-0.8918025172819439,0.51,0.027605889181101902,2025-12-23 22:30:46
54,427,0.9015948344566009,-0.8909828318651646,0.51,0.02735274897747788,2025-12-23 22:30:46
54,428,0.9009728578008759,-0.8901391166103795,0.51,0.0270907147543671,2025-12-23 22:30:46
54,429,0.9003301188822036,-0.8892713646783622,0.51,0.026822564988321154,2025-12-23 22:30:46
54,430,0.8996666204711729,-0.8883795766450961,0.51,0.026545918388717515,2025-12-23 22:30:46
54,431,0.8989823710698294,-0.8874637607031751,0.51,0.026260329801377994,2025-12-23 22:30:47
54,432,0.8982773850559403,-0.8865239328587778,0.51,0.025968722170824063,2025-12-23 22:30:47
54,433,0.8975516828233753,-0.8855601171235044,0.51,0.02566751127648803,2025-12-23 22:30:47
54,434,0.8968052909180295,-0.8845723457003538,0.51,0.025360259272264173,2025-12-23 22:30:47
54,435,0.896038242168708,-0.8835606591631174,0.51,0.025043409567653347,2025-12-23 22:30:47
54,436,0.8952505758123845,-0.8825251066284527,0.51,0.02472060995251753,2025-12-23 22:30:47
54,437,0.8944423376132496,-0.8814657459199077,0.51,0.024388142160359172,2025-12-23 22:30:47
54,438,0.8936135799749587,-0.8803826437231613,0.51,0.02404883901513817,2025-12-23 22:30:47
54,439,0.8927643620454979,-0.8792758757317533,0.51,0.02370276744391965,2025-12-23 22:30:47
54,440,0.8918947498140883,-0.8781455267825802,0.51,0.023347135931686715,2025-12-23 22:30:47
54,441,0.8910048161995555,-0.8769916909804493,0.51,0.022984734756560803,2025-12-23 22:30:47
54,442,0.8900946411296046,-0.8758144718109895,0.51,0.022614694123473614,2025-12-23 22:30:47
54,443,0.8891643116104493,-0.8746139822412384,0.51,0.029649405267322713,2025-12-23 22:30:47
54,444,0.8882139217862622,-0.8733903448072431,0.51,0.02913576772382579,2025-12-23 22:30:47
54,445,0.8872435729879276,-0.8721436916880325,0.51,0.028612100257043586,2025-12-23 22:30:47
54,446,0.886253373770599,-0.8708741647653474,0.51,0.028079446666797365,2025-12-23 22:30:47
54,447,0.885243439939588,-0.8695819156685407,0.51,0.02753503410227523,2025-12-23 22:30:47
54,448,0.8842138945641306,-0.8682671058040915,0.51,0.02698166367653474,2025-12-23 22:30:47
54,449,0.8831648679786093,-0.8669299063692124,0.51,0.02641852694524249,2025-12-23 22:30:48
54,450,0.8820964977708343,-0.8655704983490647,0.51,0.025845701144615686,2025-12-23 22:30:48
54,451,0.8810089287570219,-0.864189072497137,0.51,0.02526326697737434,2025-12-23 22:30:48
54,452,0.8799023129431371,-0.862785829298383,0.51,0.024671308884349746,2025-12-23 22:30:48
54,453,0.8787768094723089,-0.861360978914763,0.51,0.024069915157401218,2025-12-23 22:30:48
54,454,0.8776325845580554,-0.8599147411128736,0.51,0.023459177975339623,2025-12-23 22:30:48
54,455,0.8764698114031045,-0.8584473451734055,0.51,0.022839193399400565,2025-12-23 22:30:48
54,456,0.8752886701036268,-0.8569590297822174,0.51,0.02221006134480315,2025-12-23 22:30:48
54,457,0.8740893475387446,-0.8554500429028637,0.51,0.02157188553618823,2025-12-23 22:30:48
54,458,0.8728720372452234,-0.8539206416304728,0.51,0.0209247734506975,2025-12-23 22:30:48
54,459,0.8716369392772927,-0.852371092026922,0.51,0.020268836250589655,2025-12-23 22:30:48
54,460,0.8703842600515894,-0.8508016689373161,0.51,0.029406294992547093,2025-12-23 22:30:48
54,461,0.8691142121772646,-0.8492126557878291,0.51,0.028396380264616036,2025-12-23 22:30:48
54,462,0.8678270142713345,-0.8476043443650269,0.51,0.027373756605185946,2025-12-23 22:30:48
54,463,0.8665228907594076,-0.8459770345768476,0.51,0.02633861502222533,2025-12-23 22:30:48
54,464,0.8652020716619616,-0.8443310341954708,0.51,0.0252911492259878,2025-12-23 22:30:48
54,465,0.8638647923663918,-0.8426666585823644,0.51,0.024231556821189177,2025-12-23 22:30:48
54,466,0.8625112933850958,-0.8409842303958547,0.51,0.023160039570238603,2025-12-23 22:30:48
54,467,0.8611418200999045,-0.8392840792816191,0.51,0.022076803363713555,2025-12-23 22:30:48
54,468,0.8597566224932134,-0.8375665415465565,0.51,0.020982058082232382,2025-12-23 22:30:49
54,469,0.8583559548662086,-0.8358319598165419,0.51,0.0198760174094651,2025-12-23 22:30:49
54,470,0.8569400755446257,-0.8340806826786218,0.51,0.01875889861848787,2025-12-23 22:30:49
54,471,0.8555092465725167,-0.8323130643082594,0.51,0.017630922340952912,2025-12-23 22:30:49
54,472,0.8540637333945407,-0.8305294640822818,0.51,0.016492312323617902,2025-12-23 22:30:49
54,473,0.8526038045273278,-0.8287302461782291,0.51,0.01534329517472262,2025-12-23 22:30:49
54,474,0.851129731220503,-0.8269157791608445,0.51,0.028368255129062363,2025-12-23 22:30:49
54,475,0.8496417871079854,-0.8250864355564879,0.51,0.026029773000155593,2025-12-23 22:30:49
54,476,0.8481402478502122,-0.8232425914162882,0.51,0.023671882591685487,2025-12-23 22:30:49
54,477,0.8466253907679602,-0.8213846258688863,0.51,0.021295053367371145,2025-12-23 22:30:49
54,478,0.8450974944684672,-0.8195129206636487,0.51,0.018899758787265165,2025-12-23 22:30:49
54,479,0.843556838464575,-0.8176278597052615,0.51,0.016486474762034846,2025-12-23 22:30:49
54,480,0.842003702787637,-0.8157298285806369,0.51,0.01405567904750732,2025-12-23 22:30:49
54,481,0.840438367594952,-0.8138192140790843,0.51,0.011607850667981378,2025-12-23 22:30:49
54,482,0.8388611127724979,-0.8118964037067181,0.51,0.009143469388916588,2025-12-23 22:30:49
54,483,0.8372722175337538,-0.8099617851960853,0.51,0.006663015369404347,2025-12-23 22:30:49
54,484,0.8356719600154074,-0.8080157460120061,0.51,0.00416696974680698,2025-12-23 22:30:49
54,485,0.8340606168707495,-0.8060586728546305,0.51,0.0016558260447639343,2025-12-23 22:30:49
54,487,0.8308057704493214,-0.8021129646041143,0.51,0.003410025977664478,2025-12-23 22:30:50
54,488,0.8291628093864835,-0.8001250945965183,0.51,0.005963692409829876,2025-12-23 22:30:50
54,489,0.8275098463087208,-0.7981277197893795,0.51,0.008530593528965175,2025-12-23 22:30:50
54,490,0.8258471443288422,-0.7961212155780644,0.51,0.011110261947424302,2025-12-23 22:30:50
54,491,0.8241749626332217,-0.7941059536091708,0.51,0.01370223710168255,2025-12-23 22:30:50
54,492,0.8224935560815028,-0.7920823012919773,0.51,0.016306063339943378,2025-12-23 22:30:50
54,493,0.820803174810342,-0.7900506213149608,0.51,0.01892128961339487,2025-12-23 22:30:50
54,494,0.819104063841942,-0.7880112711682993,0.51,0.021547469235238474,2025-12-23 22:30:50
54,495,0.8173964626981052,-0.7859646026732517,0.51,0.024184159405887702,2025-12-23 22:30:50
54,496,0.8156806050205213,-0.7839109615192851,0.51,0.026830920325644735,2025-12-23 22:30:50
54,1852,0.8172022928239814,-0.8170392805330216,0.51,0.0017682457875982116,2025-12-23 22:30:54
54,1853,0.8186298830330941,-0.8184608868332539,0.51,0.0037246039461353306,2025-12-23 22:30:54
54,1854,0.8200461382220441,-0.8198709513692781,0.51,0.005665304685978754,2025-12-23 22:30:54
54,1855,0.8214512297292679,-0.8212696390770844,0.51,0.007590598537905134,2025-12-23 22:30:54
54,1856,0.822845323476471,-0.822657109314959,0.51,0.009500704964067769,2025-12-23 22:30:55
54,1857,0.8242285797983091,-0.8240335156906448,0.51,0.011395838005336419,2025-12-23 22:30:55
54,1858,0.8256011532821914,-0.825399005898627,0.51,0.013276205020028992,2025-12-23 22:30:55
54,1859,0.8269631926183559,-0.8267537215676946,0.51,0.015142005623405078,2025-12-23 22:30:55
54,1860,0.8283148404603528,-0.8280977981189105,0.51,0.01699343100201934,2025-12-23 22:30:55
54,1861,0.8296562332960538,-0.8294313646341133,0.51,0.018830663400606386,2025-12-23 22:30:55
54,1862,0.8309875013292924,-0.8307545437350491,0.51,0.020653875731029395,2025-12-23 22:30:55
54,1863,0.8323087683722191,-0.8320674514732217,0.51,0.022463231288940372,2025-12-23 22:30:55
54,1864,0.8336201517484396,-0.8333701972305255,0.51,0.024258883568704336,2025-12-23 22:30:55
54,1865,0.8349217622069859,-0.8346628836307118,0.51,0.02604097616431526,2025-12-23 22:30:55
54,1866,0.8362137038471487,-0.8359456064617153,0.51,0.027809642740504455,2025-12-23 22:30:55
54,1867,0.837496074054182,-0.8372184546088505,0.51,0.02956500705614869,2025-12-23 22:30:55
54,1868,0.8387689634458696,-0.8384815099988657,0.51,0.01565357658709391,2025-12-23 22:30:55
54,1869,0.8400324558299203,-0.8397348475548239,0.51,0.016518173641258887,2025-12-23 22:30:55
54,1870,0.8412866281721422,-0.8409785351617528,0.51,0.017376280108060686,2025-12-23 22:30:55
54,1871,0.8425315505753207,-0.8422126336429935,0.51,0.01822793805231171,2025-12-23 22:30:55
54,1872,0.8437672862687042,-0.843437196747146,0.51,0.019073183743986612,2025-12-23 22:30:55
54,1873,0.8449938916079816,-0.8446522711454962,0.51,0.019912049234589196,2025-12-23 22:30:55
54,1874,0.8462114160856111,-0.8458578964397813,0.51,0.020744562362712365,2025-12-23 22:30:55
54,1875,0.8474199023513419,-0.8470541051801316,0.51,0.02157074655739151,2025-12-23 22:30:56
54,1876,0.8486193862427432,-0.848240922893005,0.51,0.022390620697236418,2025-12-23 22:30:56
54,1877,0.8498098968255403,-0.8494183681189083,0.51,0.02320419904149769,2025-12-23 22:30:56
54,1878,0.8509914564435309,-0.8505864524596777,0.51,0.02401149121115049,2025-12-23 22:30:56
54,1879,0.8521640807778379,-0.8517451806350743,0.51,0.02481250220094386,2025-12-23 22:30:56
54,1880,0.8533277789152336,-0.8528945505484249,0.51,0.025607232410647288,2025-12-23 22:30:56
54,1881,0.8544825534252514,-0.8540345533610234,0.51,0.026395677688936317,2025-12-23 22:30:56
54,1882,0.8556284004457815,-0.855165173574989,0.51,0.027177829386363667,2025-12-23 22:30:56
54,1883,0.8567653097768323,-0.8562863891242569,0.51,0.027953674415511963,2025-12-23 22:30:56
54,1884,0.8578932649821182,-0.8573981714733653,0.51,0.028723195317253595,2025-12-23 22:30:56
54,1885,0.8590122434981223,-0.858500485723682,0.51,0.02948637033250212,2025-12-23 22:30:56
54,1886,0.8601222167502675,-0.8595932907267038,0.51,0.02016210646375899,2025-12-23 22:30:56
54,1887,0.861223150275812,-0.860676539204044,0.51,0.020662384685328158,2025-12-23 22:30:56
54,1888,0.8623150038530804,-0.8617501778737158,0.51,0.021158375834550994,2025-12-23 22:30:56
54,1889,0.8633977316366214,-0.8628141475823048,0.51,0.02165005393806025,2025-12-23 22:30:56
54,1890,0.8644712822978823,-0.8638683834426167,0.51,0.022137390254995643,2025-12-23 22:30:56
54,1891,0.8655355991709752,-0.8649128149763767,0.51,0.022620353611872684,2025-12-23 22:30:56
54,1892,0.8665906204031072,-0.8659473662615519,0.51,0.02309891053402386,2025-12-23 22:30:56
54,1893,0.8676362791092394,-0.8669719560838614,0.51,0.023573025306255838,2025-12-23 22:30:56
54,1894,0.8686725035305366,-0.8679864980920367,0.51,0.02404266001541495,2025-12-23 22:30:57
54,1895,0.8696992171961664,-0.8689909009563908,0.51,0.024507774594074556,2025-12-23 22:30:57
54,1896,0.8707163390880049,-0.8699850685302559,0.51,0.024968326870885713,2025-12-23 22:30:57
54,1897,0.8717237838078091,-0.8709689000138494,0.51,0.025424272628163127,2025-12-23 22:30:57
54,1898,0.8727214617464141,-0.8719422901201291,0.51,0.025875565665546482,2025-12-23 22:30:57
54,1899,0.8737092792545211,-0.8729051292422056,0.51,0.02632215786831217,2025-12-23 22:30:57
54,1900,0.8746871388146432,-0.8738573036218817,0.51,0.026763999279047067,2025-12-23 22:30:57
54,1901,0.8756549392137845,-0.8747986955188974,0.51,0.02720103817165741,2025-12-23 22:30:57
54,1902,0.8766125757164348,-0.8757291833804666,0.51,0.02763322112687004,2025-12-23 22:30:57
54,1903,0.8775599402374726,-0.876648642010701,0.51,0.028060493108644342,2025-12-23 22:30:57
54,1904,0.8784969215145758,-0.8775569427395289,0.51,0.028482797541005626,2025-12-23 22:30:57
54,1905,0.8794234052797557,-0.8784539535907251,0.51,0.028900076384903876,2025-12-23 22:30:57
54,1906,0.880339274429639,-0.8793395394486861,0.51,0.029312270214823053,2025-12-23 22:30:57
54,1907,0.8812444091941375,-0.8802135622235954,0.51,0.02971931829484705,2025-12-23 22:30:57
54,1908,0.8821386873031603,-0.88107588101464,0.51,0.02259086389562528,2025-12-23 22:30:57
54,1909,0.8830219841510384,-0.8819263522709578,0.51,0.022888295622117676,2025-12-23 22:30:57
54,1910,0.8838941729583487,-0.882764829950009,0.51,0.023181727888394277,2025-12-23 22:30:57
54,1911,0.8847551249308409,-0.8835911656730858,0.51,0.023471111489167234,2025-12-23 22:30:57
54,1912,0.8856047094151904,-0.8844052088776924,0.51,0.02375639649363727,2025-12-23 22:30:57
54,1913,0.8864427940513189,-0.8852068069665464,0.51,0.024037532342401493,2025-12-23 22:30:58
54,1914,0.8872692449210409,-0.8859958054529743,0.51,0.024314467913333897,2025-12-23 22:30:58
54,1915,0.8880839266928191,-0.8867720481024918,0.51,0.0245871515721009,2025-12-23 22:30:58
54,1916,0.888886702762428,-0.887535377070383,0.51,0.024855531215386938,2025-12-23 22:30:58
54,1917,0.8896774353893466,-0.8882856330351133,0.51,0.02511955431079631,2025-12-23 22:30:58
54,1918,0.890455985828723,-0.8890226553274309,0.51,0.02537916793523667,2025-12-23 22:30:58
54,1919,0.8912222144587728,-0.8897462820550354,0.51,0.02563431881256008,2025-12-23 22:30:58
54,1920,0.8919759809034965,-0.8904563502227133,0.51,0.025884953350599402,2025-12-23 22:30:58
54,1921,0.8927171441506195,-0.8911526958478607,0.51,0.026131017677589834,2025-12-23 22:30:58
54,1922,0.8934455626646817,-0.8918351540713374,0.51,0.026372457677819854,2025-12-23 22:30:58
54,1923,0.8941610944952225,-0.892503559263616,0.51,0.026609219026331347,2025-12-23 22:30:58
54,1924,0.8948635973800303,-0.8931577451262135,0.51,0.026841247222544752,2025-12-23 22:30:58
54,1925,0.8955529288434414,-0.8937975447884103,0.51,0.02706848762266111,2025-12-23 22:30:58
54,1926,0.896228946289699,-0.894422790899288,0.51,0.027290885470762086,2025-12-23 22:30:58
54,1927,0.8968915070913978,-0.8950333157151303,0.51,0.027508385928523744,2025-12-23 22:30:58
54,1928,0.8975404686730614,-0.895628951182259,0.51,0.02772093410352383,2025-12-23 22:30:58
54,1929,0.8981756885899176,-0.8962095290153901,0.51,0.027928475076094906,2025-12-23 22:30:58
54,1930,0.898797024601955,-0.8967748807716184,0.51,0.02813095392474146,2025-12-23 22:30:58
54,1931,0.8994043347433615,-0.8973248379201546,0.51,0.028328315750117006,2025-12-23 22:30:58
54,1932,0.8999974773874628,-0.8978592319079576,0.51,0.02852050569760071,2025-12-23 22:30:59
54,1933,0.9005763113072953,-0.8983778942214213,0.51,0.02870843689386375,2025-12-23 22:30:59
54,1934,0.9011406957319611,-0.8988806564442919,0.51,0.02888917186239272,2025-12-23 22:30:59
54,1935,0.9016904903989325,-0.8993673503120063,0.51,0.029065524317263784,2025-12-23 22:30:59
54,1936,0.9022255556024812,-0.8998378077626578,0.51,0.029236484270620595,2025-12-23 22:30:59
54,1937,0.9027457522384263,-0.9002918609848082,0.51,0.029401998048949985,2025-12-23 22:30:59
54,1938,0.9032509418454038,-0.9007293424623798,0.51,0.029562944764590145,2025-12-23 22:30:59
54,1939,0.9037409866428731,-0.9011500850168709,0.51,0.02971649488396998,2025-12-23 22:30:59
54,1940,0.9042157495660882,-0.9015539218471514,0.51,0.029865354321029373,2025-12-23 22:30:59
54,1941,0.9046750942982691,-0.9019406865671052,0.51,0.024007629121379333,2025-12-23 22:30:59
54,1942,0.9051188853002182,-0.902310213241394,0.51,0.02411683954095215,2025-12-23 22:30:59
54,1943,0.9055469878376365,-0.9026623364196282,0.51,0.02422320120467719,2025-12-23 22:30:59
54,1944,0.9059592680063996,-0.9029968911692358,0.51,0.02432294884027961,2025-12-23 22:30:59
54,1945,0.9063555927560601,-0.9033137131073273,0.51,0.0244189771507432,2025-12-23 22:30:59
54,1946,0.9067358299118512,-0.9036126384318626,0.51,0.024510263300007076,2025-12-23 22:30:59
54,1947,0.9070998481954649,-0.9038935039524247,0.51,0.024597672435489867,2025-12-23 22:30:59
54,1948,0.9074475172448895,-0.9041561471209176,0.51,0.024678454574699957,2025-12-23 22:30:59
54,1949,0.907778707633587,-0.9044004060624983,0.51,0.024755271529671607,2025-12-23 22:30:59
54,1950,0.9080932908892975,-0.9046261196070624,0.51,0.024828069798314596,2025-12-23 22:30:59
54,1951,0.9083911395127549,-0.9048331273216004,0.51,0.024894151906593633,2025-12-23 22:31:00
54,1952,0.9086721269966024,-0.9050212695437393,0.51,0.024957083737413017,2025-12-23 22:31:00
54,1953,0.9089361278447907,-0.9051903874167875,0.51,0.025013083977154398,2025-12-23 22:31:00
54,1954,0.9091830175927439,-0.9053403229265943,0.51,0.025065950356293245,2025-12-23 22:31:00
54,1955,0.9094126728285719,-0.9054709189405333,0.51,0.025111745009903028,2025-12-23 22:31:00
54,1956,0.9096249712156084,-0.9055820192489165,0.51,0.025154355317843696,2025-12-23 22:31:00
54,1957,0.9098197915165448,-0.9056734686091351,0.51,0.025189816466977853,2025-12-23 22:31:00
54,1958,0.9099970136194275,-0.905745112792824,0.51,0.02522198893910201,2025-12-23 22:31:00
54,1959,0.9101565185657786,-0.9057967986363314,0.51,0.025246984405565373,2025-12-23 22:31:00
54,1960,0.910298188581094,-0.9058283740947722,0.51,0.025268545838394642,2025-12-23 22:31:00
54,1961,0.9104219071079618,-0.9058396882999307,0.51,0.025282939880001274,2025-12-23 22:31:00
54,1962,0.9105275588420387,-0.9058305916222692,0.51,0.02529372504372155,2025-12-23 22:31:00
54,1963,0.9106150297711085,-0.9058009357372869,0.51,0.025297379373414062,2025-12-23 22:31:00
54,1964,0.910684207217438,-0.9057505736964586,0.51,0.025297230379641406,2025-12-23 22:31:00
54,1965,0.9107349798836336,-0.905679360002972,0.51,0.025290923615184494,2025-12-23 22:31:00
54,1966,0.9107672379021883,-0.9055871506924653,0.51,0.025278052219807445,2025-12-23 22:31:00
54,1967,0.9107808728888961,-0.9054738034189511,0.51,0.025261337145421652,2025-12-23 22:31:00
54,1968,0.910775778000297,-0.9053391775460958,0.51,0.02523832784865065,2025-12-23 22:31:00
54,1969,0.910751847995298,-0.9051831342440052,0.51,0.025208673140040688,2025-12-23 22:31:00
54,1970,0.9107089793011038,-0.9050055365916486,0.51,0.02517502710960688,2025-12-23 22:31:01
54,1971,0.9106470700835699,-0.9048062496850336,0.51,0.025134999960257594,2025-12-23 22:31:01
54,1972,0.9105660203220747,-0.9045851407512209,0.51,0.025089238587224512,2025-12-23 22:31:01
54,1973,0.9104657318889902,-0.9043420792682489,0.51,0.02503669499118124,2025-12-23 22:31:01
54,1974,0.91034610863381,-0.9040769370910149,0.51,0.02498003175988019,2025-12-23 22:31:01
54,1975,0.9102070564719739,-0.903789588583132,0.51,0.024916856318088175,2025-12-23 22:31:01
54,1976,0.9100484834784074,-0.9034799107547622,0.51,0.024847818550358787,2025-12-23 22:31:01
54,1977,0.9098702999857754,-0.9031477834063955,0.51,0.024772888051862726,2025-12-23 22:31:01
54,1978,0.9096724186874244,-0.9027930892785214,0.51,0.024692035259680657,2025-12-23 22:31:01
54,1979,0.9094547547449678,-0.9024157142071119,0.51,0.024604219883275085,2025-12-23 22:31:01
54,1980,0.9092172259004442,-0.9020155472848054,0.51,0.024512107623982596,2025-12-23 22:31:01
54,1981,0.9089597525929566,-0.9015924810276569,0.51,0.024413312352888825,2025-12-23 22:31:01
54,1982,0.9086822580796766,-0.9011464115472863,0.51,0.024308486935914652,2025-12-23 22:31:01
54,1983,0.9083846685610717,-0.9006772387282314,0.51,0.02419760665243286,2025-12-23 22:31:01
54,1984,0.9080669133101918,-0.9001848664102804,0.51,0.02408064788577071,2025-12-23 22:31:01
54,1985,0.9077289248058265,-0.8996692025755295,0.51,0.029945947558924702,2025-12-23 22:31:01
54,1986,0.907370638869316,-0.8991301595398821,0.51,0.029785090221473756,2025-12-23 22:31:01
54,1987,0.9069919948047809,-0.8985676541486742,0.51,0.029615931337449337,2025-12-23 22:31:01
54,1988,0.9065929355425033,-0.8979816079760831,0.51,0.029439072781037256,2025-12-23 22:31:01
54,1989,0.9061734077851741,-0.8973719475279432,0.51,0.029254492921486564,2025-12-23 22:31:02
54,1990,0.9057333621566919,-0.8967386044475683,0.51,0.029062171910159987,2025-12-23 22:31:02
54,1991,0.9052727533531781,-0.8960815157241431,0.51,0.02886209175367242,2025-12-23 22:31:02
54,1992,0.904791540295848,-0.895400623903227,0.51,0.028654236388724018,2025-12-23 22:31:02
54,1993,0.9042896862853528,-0.8946958772988768,0.51,0.028438591758576836,2025-12-23 22:31:02
54,1994,0.9037671591571903,-0.8939672302068727,0.51,0.0282151458911237,2025-12-23 22:31:02
54,1995,0.903223931437753,-0.8932146431185062,0.51,0.027983888978509754,2025-12-23 22:31:02
54,1996,0.9026599805005681,-0.8924380829343573,0.51,0.027744813458272226,2025-12-23 22:31:02
54,1997,0.9020752887222601,-0.8916375231774737,0.51,0.027496895436819282,2025-12-23 22:31:02
54,1998,0.9014698436377506,-0.8908129442053324,0.51,0.027242753875930285,2025-12-23 22:31:02
54,1999,0.9008436380941894,-0.8899643334199517,0.51,0.02698017570459003,2025-12-23 22:31:02
54,2000,0.9001966704030975,-0.8890916854754946,0.51,0.026709771893986874,2025-12-23 22:31:02
54,2001,0.8995289444901878,-0.8881950024826931,0.51,0.026430485407248096,2025-12-23 22:31:02
54,2002,0.8988404700423144,-0.8872742942094045,0.51,0.026145036046390818,2025-12-23 22:31:02
54,2003,0.8981312626509914,-0.8863295782765961,0.51,0.02585114969734602,2025-12-23 22:31:02
54,2004,0.8974013439519127,-0.8853608803490469,0.51,0.025548308414877274,2025-12-23 22:31:02
54,2005,0.8966507417598957,-0.8843682343200431,0.51,0.025239483020266885,2025-12-23 22:31:02
54,2006,0.8958794901986663,-0.8833516824893387,0.51,0.024921075680433363,2025-12-23 22:31:02
54,2007,0.8950876298249009,-0.8823112757336499,0.51,0.024596667041342078,2025-12-23 22:31:02
54,2008,0.8942752077459353,-0.8812470736689484,0.51,0.02426268850140671,2025-12-23 22:31:03
54,2009,0.8934422777305573,-0.880159144803824,0.51,0.023922825795241805,2025-12-23 22:31:03
54,2010,0.8925889003122968,-0.8790475666831871,0.51,0.023573312515290493,2025-12-23 22:31:03
54,2011,0.891715142884637,-0.8779124260215936,0.51,0.02321706333091712,2025-12-23 22:31:03
54,2012,0.8908210797875773,-0.8767538188254829,0.51,0.022854084733464133,2025-12-23 22:31:03
54,2013,0.8899067923849865,-0.8755718505036331,0.51,0.029975487577773578,2025-12-23 22:31:03
54,2014,0.888972369132202,-0.874366635965156,0.51,0.029469959867738697,2025-12-23 22:31:03
54,2015,0.8880179056333419,-0.8731382997043728,0.51,0.02895435070168107,2025-12-23 22:31:03
54,2016,0.8870435046878169,-0.8718869758719346,0.51,0.02842960284604811,2025-12-23 22:31:03
54,2017,0.8860492763255491,-0.8706128083315782,0.51,0.027893168228743683,2025-12-23 22:31:03
54,2018,0.8850353378304269,-0.8693159507019358,0.51,0.027347694911642233,2025-12-23 22:31:03
54,2019,0.8840018137515495,-0.867996566382851,0.51,0.0267923950542917,2025-12-23 22:31:03
54,2020,0.8829488359018445,-0.866654828565685,0.51,0.026228281300393202,2025-12-23 22:31:03
54,2021,0.8818765433436675,-0.8652909202271364,0.51,0.02565264775592465,2025-12-23 22:31:03
54,2022,0.8807850823610286,-0.8639050341061403,0.51,0.025068335921928364,2025-12-23 22:31:03
54,2023,0.8796746064181213,-0.8624973726634492,0.51,0.024474513230748375,2025-12-23 22:31:03
54,2024,0.8785452761038666,-0.8610681480235491,0.51,0.023871270051683317,2025-12-23 22:31:03
54,2025,0.877397259062221,-0.8596175818986088,0.51,0.02325870002117125,2025-12-23 22:31:03
54,2026,0.8762307299080386,-0.8581459054942078,0.51,0.022636900346283056,2025-12-23 22:31:03
54,2027,0.8750458701283151,-0.856653359396644,0.51,0.022005971920842863,2025-12-23 22:31:04
54,2028,0.8738428679686852,-0.8551401934416699,0.51,0.02136601935077264,2025-12-23 22:31:04
54,2029,0.8726219183050868,-0.8536066665645635,0.51,0.020717150932094034,2025-12-23 22:31:04
54,2030,0.8713832225005517,-0.852053046631493,0.51,0.02005947860152673,2025-12-23 22:31:04
54,2031,0.8701269882471216,-0.8504796102521923,0.51,0.029089688924583183,2025-12-23 22:31:04
54,2032,0.868853429392942,-0.8488866425740196,0.51,0.028077276786777388,2025-12-23 22:31:04
54,2033,0.8675627657546213,-0.8472744370575279,0.51,0.02705218922535587,2025-12-23 22:31:04
54,2034,0.866255222915,-0.8456432952337357,0.51,0.02601461829776745,2025-12-23 22:31:04
54,2035,0.8649310320065097,-0.8439935264433409,0.51,0.024964758680213413,2025-12-23 22:31:04
54,2036,0.8635904294803541,-0.8423254475581782,0.51,0.023902808886207234,2025-12-23 22:31:04
54,2037,0.8622336568617868,-0.8406393826852764,0.51,0.02282897153834639,2025-12-23 22:31:04
54,2038,0.8608609604918025,-0.8389356628539273,0.51,0.02174345334093802,2025-12-23 22:31:04
54,2039,0.8594725912556069,-0.8372146256862306,0.51,0.020646464941610106,2025-12-23 22:31:04
54,2040,0.8580688042982665,-0.8354766150516324,0.51,0.0195382207430886,2025-12-23 22:31:04
54,2041,0.8566498587279846,-0.833721980706025,0.51,0.018418938687907626,2025-12-23 22:31:04
54,2042,0.8552160173074884,-0.8319510779160252,0.51,0.017288840025771874,2025-12-23 22:31:04
54,2043,0.8537675461340478,-0.8301642670690937,0.51,0.016148149068231164,2025-12-23 22:31:04
54,2044,0.852304714308685,-0.8283619132702037,0.51,0.01499709293321578,2025-12-23 22:31:04
54,2045,0.8508277935951664,-0.8265443859258068,0.51,0.027671857746070793,2025-12-23 22:31:04
54,2046,0.8493370580693997,-0.8247120583158856,0.51,0.025329579866700726,2025-12-23 22:31:05
54,2047,0.8478327837598912,-0.8228653071549152,0.51,0.022967970922038457,2025-12-23 22:31:05
54,2048,0.8463152482799414,-0.8210045121425938,0.51,0.020587500765831365,2025-12-23 22:31:05
54,2049,0.8447847304522853,-0.8191300555052252,0.51,0.01818864333521195,2025-12-23 22:31:05
54,2050,0.8432415099269046,-0.8172423215286712,0.51,0.015771874867267766,2025-12-23 22:31:05
54,2051,0.8416858667927585,-0.8153416960838077,0.51,0.013337673293573452,2025-12-23 22:31:05
54,2052,0.8401180811841961,-0.8134285661454436,0.51,0.010886517672263877,2025-12-23 22:31:05
54,2053,0.8385384328828299,-0.8115033193056742,0.51,0.008418887691472997,2025-12-23 22:31:05
54,2054,0.8369472009156586,-0.8095663432826564,0.51,0.005935263462572478,2025-12-23 22:31:05
54,2055,0.835344663150237,-0.8076180254258012,0.51,0.003436127093687227,2025-12-23 22:31:05
54,2057,0.8321067734544433,-0.8036889087785891,0.51,0.0016068786187818926,2025-12-23 22:31:05
54,2058,0.8304719677932765,-0.8017088783599556,0.51,0.004149694969803875,2025-12-23 22:31:05
54,2059,0.8288269480548464,-0.7997190418522855,0.51,0.006706156695752678,2025-12-23 22:31:05
54,2060,0.8271719801901399,-0.7977197772839457,0.51,0.009275780374604681,2025-12-23 22:31:05
54,2061,0.8255073265448585,-0.795711459326582,0.51,0.011858102124812133,2025-12-23 22:31:05
54,2062,0.8238332454564495,-0.7936944588032027,0.51,0.014452664440617245,2025-12-23 22:31:05
54,2063,0.8221499908545723,-0.7916691422005839,0.51,0.017059015287582278,2025-12-23 22:31:05
54,2064,0.8204578118657562,-0.7896358711869336,0.51,0.019676708137891907,2025-12-23 22:31:05
54,2065,0.8187569524229997,-0.7875950021357222,0.51,0.022305302083818934,2025-12-23 22:31:05
54,2066,0.8170476508810367,-0.785546885656572,0.51,0.02494436184473236,2025-12-23 22:31:06
54,2067,0.815330139637979,-0.7834918661340644,0.51,0.027593457570668493,2025-12-23 22:31:06
54,2068,0.8136046447640244,-0.7814302812753003,0.51,0.015126099534518106,2025-12-23 22:31:06
54,2069,0.8118713856378958,-0.7793624616670178,0.51,0.01646019505105843,2025-12-23 22:31:06
54,2070,0.8101305745916537,-0.7772887303430385,0.51,0.01779871161617627,2025-12-23 22:31:06
54,2071,0.8083824165644998,-0.7752094023627821,0.51,0.019141456060799204,2025-12-23 22:31:06
54,2072,0.8066271087661652,-0.7731247844015554,0.51,0.020488240849810598,2025-12-23 22:31:06
54,2073,0.8048648403504478,-0.7710351743532818,0.51,0.02183888233040226,2025-12-23 22:31:06
54,2074,0.8030957920994385,-0.7689408609463085,0.51,0.023193200532482576,2025-12-23 22:31:06
54,2075,0.8013201361189463,-0.766842123372884,0.51,0.024551019107403264,2025-12-23 22:31:06
55,212,0.6740921837900877,-0.6740921837900877,0.51,0.0024945142502782332,2025-12-23 22:31:35
55,213,0.6765488868175247,-0.6765488868175247,0.51,0.0058388646448449474,2025-12-23 22:31:35
55,214,0.6789851326537881,-0.6789851326537881,0.51,0.009155772581813687,2025-12-23 22:31:35
55,300,0.8162570417857122,-0.8162570417857122,0.51,0.002259239057132235,2025-12-23 22:31:36
55,301,0.8172042108364593,-0.8172042108364593,0.51,0.003560017800800092,2025-12-23 22:31:36
55,302,0.8181411741622113,-0.8181411741622113,0.51,0.004846647668410781,2025-12-23 22:31:36
55,303,0.8190680254853019,-0.8190680254853019,0.51,0.00472406084760073,2025-12-23 22:31:36
55,304,0.8199848536467161,-0.8199848536467161,0.51,0.005983626200333249,2025-12-23 22:31:36
55,305,0.8208917426096558,-0.8208917426096558,0.51,0.007229555281726613,2025-12-23 22:31:36
55,306,0.8217887714697806,-0.8217887714697806,0.51,0.008461962992810206,2025-12-23 22:31:37
55,307,0.8226760144719601,-0.8226760144719601,0.51,0.009680953195839016,2025-12-23 22:31:37
55,308,0.8235535410333589,-0.8235535410333589,0.51,0.010886622948569503,2025-12-23 22:31:37
55,309,0.8244214157726625,-0.8244214157726625,0.51,0.012079062649830427,2025-12-23 22:31:37
55,310,0.8252796985452485,-0.8252796985452485,0.51,0.01325835596625526,2025-12-23 22:31:37
55,311,0.8261284444840874,-0.8261284444840874,0.51,0.014424579792187902,2025-12-23 22:31:37
55,312,0.8269677040461558,-0.8269677040461558,0.51,0.0155778042448518,2025-12-23 22:31:37
55,313,0.8277975230641316,-0.8277975230641316,0.51,0.016718092692685132,2025-12-23 22:31:37
55,314,0.828617942803131,-0.828617942803131,0.51,0.017845501814588133,2025-12-23 22:31:37
55,315,0.8294290000222443,-0.8294290000222443,0.51,0.018960081687235602,2025-12-23 22:31:37
55,316,0.8302307270406137,-0.8302307270406137,0.51,0.020061875896901935,2025-12-23 22:31:37
55,317,0.8310231518077951,-0.8310231518077951,0.51,0.02115092167174188,2025-12-23 22:31:37
55,318,0.8318062979781371,-0.8318062979781371,0.51,0.02222725003021109,2025-12-23 22:31:37
55,319,0.8325801849889081,-0.8325801849889081,0.51,0.0232908859413019,2025-12-23 22:31:37
55,320,0.8333448281418947,-0.8333448281418947,0.51,0.024341848492543606,2025-12-23 22:31:37
55,321,0.8341002386881958,-0.8341002386881958,0.51,0.025380151062104436,2025-12-23 22:31:37
55,322,0.8348464239159308,-0.8348464239159308,0.51,0.026405801491965586,2025-12-23 22:31:37
55,323,0.8355833872405808,-0.8355833872405808,0.51,0.02741880225971078,2025-12-23 22:31:37
55,324,0.836311128297682,-0.836311128297682,0.51,0.028419150647160562,2025-12-23 22:31:37
55,325,0.837029643037587,-0.837029643037587,0.51,0.029406838904712462,2025-12-23 22:31:38
55,326,0.8377389238220166,-0.8377389238220166,0.51,0.015191625535984112,2025-12-23 22:31:38
55,327,0.8384389595221217,-0.8384389595221217,0.51,0.015672313804065845,2025-12-23 22:31:38
55,328,0.8391297356177805,-0.8391297356177805,0.51,0.0161472419784455,2025-12-23 22:31:38
55,329,0.8398112342978613,-0.8398112342978613,0.51,0.01661580316668646,2025-12-23 22:31:38
55,330,0.8404834345611819,-0.8404834345611819,0.51,0.017077982184178123,2025-12-23 22:31:38
55,331,0.8411463123179057,-0.8411463123179057,0.51,0.017533761764677133,2025-12-23 22:31:38
55,332,0.8417998404911203,-0.8417998404911203,0.51,0.017983122615618012,2025-12-23 22:31:38
55,333,0.8424439891183501,-0.8424439891183501,0.51,0.01842604348034536,2025-12-23 22:31:38
55,334,0.8430787254527626,-0.8430787254527626,0.51,0.01886250120378878,2025-12-23 22:31:38
55,335,0.8437040140638394,-0.8437040140638394,0.51,0.01929247079958923,2025-12-23 22:31:38
55,336,0.8443198169372864,-0.8443198169372864,0.51,0.019715925517607223,2025-12-23 22:31:38
55,337,0.8449260935739733,-0.8449260935739733,0.51,0.02013283691121025,2025-12-23 22:31:38
55,338,0.8455228010876992,-0.8455228010876992,0.51,0.020543174903932405,2025-12-23 22:31:38
55,339,0.8461098943015936,-0.8461098943015936,0.51,0.020946907855296716,2025-12-23 22:31:38
55,340,0.8466873258429718,-0.8466873258429718,0.51,0.021344002625623384,2025-12-23 22:31:38
55,341,0.8472550462364781,-0.8472550462364781,0.51,0.0217344246396613,2025-12-23 22:31:38
55,342,0.8478130039953582,-0.8478130039953582,0.51,0.02211813794897037,2025-12-23 22:31:38
55,343,0.8483611457107204,-0.8483611457107204,0.51,0.022495105292923093,2025-12-23 22:31:38
55,344,0.8488994161386515,-0.8488994161386515,0.51,0.02286528815825534,2025-12-23 22:31:39
55,345,0.849427758285071,-0.849427758285071,0.51,0.023228646837099406,2025-12-23 22:31:39
55,346,0.8499461134882185,-0.8499461134882185,0.51,0.023586124987086347,2025-12-23 22:31:39
55,347,0.8504544214986823,-0.8504544214986823,0.51,0.023934894189534664,2025-12-23 22:31:39
55,348,0.8509526205568911,-0.8509526205568911,0.51,0.024277536471309542,2025-12-23 22:31:39
55,349,0.8514406474680033,-0.8514406474680033,0.51,0.02461318137097374,2025-12-23 22:31:39
55,350,0.851918437674143,-0.851918437674143,0.51,0.024942735513650994,2025-12-23 22:31:39
55,351,0.8523859253239442,-0.8523859253239442,0.51,0.025263482928258685,2025-12-23 22:31:39
55,352,0.8528430433393777,-0.8528430433393777,0.51,0.02557787648566114,2025-12-23 22:31:39
55,353,0.8532897234798484,-0.8532897234798484,0.51,0.025886038174592403,2025-12-23 22:31:39
55,354,0.8537258964035657,-0.8537258964035657,0.51,0.026185255508558703,2025-12-23 22:31:39
55,355,0.8541514917261976,-0.8541514917261976,0.51,0.026477968361841547,2025-12-23 22:31:39
55,356,0.8545664380768377,-0.8545664380768377,0.51,0.026764240920561552,2025-12-23 22:31:39
55,357,0.8549706631513205,-0.8549706631513205,0.51,0.027041551184032467,2025-12-23 22:31:39
55,358,0.855364093762937,-0.855364093762937,0.51,0.02731311700740652,2025-12-23 22:31:39
55,359,0.8557466558906112,-0.8557466558906112,0.51,0.02757543608804821,2025-12-23 22:31:39
55,360,0.8561182747246104,-0.8561182747246104,0.51,0.027832007174099102,2025-12-23 22:31:39
55,361,0.8564788747098732,-0.8564788747098732,0.51,0.02807920906058296,2025-12-23 22:31:39
55,362,0.856828379587047,-0.856828379587047,0.51,0.028320534101881997,2025-12-23 22:31:39
55,363,0.857166712431343,-0.857166712431343,0.51,0.02855244834283522,2025-12-23 22:31:40
55,364,0.857493795689316,-0.857493795689316,0.51,0.02877829620560566,2025-12-23 22:31:40
55,365,0.8578095512136967,-0.8578095512136967,0.51,0.028994725392359564,2025-12-23 22:31:40
55,366,0.8581139002964029,-0.8581139002964029,0.51,0.02920487382086185,2025-12-23 22:31:40
55,367,0.8584067636998707,-0.8584067636998707,0.51,0.02940560552959572,2025-12-23 22:31:40
55,368,0.8586880616868501,-0.8586880616868501,0.51,0.029599835143442336,2025-12-23 22:31:40
55,369,0.8589577140488194,-0.8589577140488194,0.51,0.02978464853564924,2025-12-23 22:31:40
55,370,0.8592156401331759,-0.8592156401331759,0.51,0.02996273998941782,2025-12-23 22:31:40
55,371,0.8594617588693692,-0.8594617588693692,0.51,0.02008824504930724,2025-12-23 22:31:40
55,372,0.8596959887941472,-0.8596959887941472,0.51,0.020195898447627675,2025-12-23 22:31:40
55,373,0.85991824807609,-0.85991824807609,0.51,0.02029807752446317,2025-12-23 22:31:40
55,374,0.8601284545396092,-0.8601284545396092,0.51,0.020393563856867546,2025-12-23 22:31:40
55,375,0.8603265256885977,-0.8603265256885977,0.51,0.020485205861461398,2025-12-23 22:31:40
55,376,0.8605123787299136,-0.8605123787299136,0.51,0.020570650454527818,2025-12-23 22:31:40
55,377,0.8606859305968866,-0.8606859305968866,0.51,0.020649319188778242,2025-12-23 22:31:40
55,378,0.8608470979730365,-0.8608470979730365,0.51,0.020723978689164913,2025-12-23 22:31:40
55,379,0.8609957973161946,-0.8609957973161946,0.51,0.0207923363714936,2025-12-23 22:31:40
55,380,0.8611319448832182,-0.8611319448832182,0.51,0.020853924740057896,2025-12-23 22:31:40
55,381,0.8612554567554908,-0.8612554567554908,0.51,0.02091121269772344,2025-12-23 22:31:40
55,382,0.8613662488653961,-0.8613662488653961,0.51,0.02096213611645326,2025-12-23 22:31:40
55,383,0.8614642370239577,-0.8614642370239577,0.51,0.02100717978804084,2025-12-23 22:31:41
55,384,0.861549336949827,-0.861549336949827,0.51,0.021046302973521072,2025-12-23 22:31:41
55,385,0.8616214642998086,-0.8616214642998086,0.51,0.021079465170237333,2025-12-23 22:31:41
55,386,0.8616805347010994,-0.8616805347010994,0.51,0.021105610330767743,2025-12-23 22:31:41
55,387,0.8617264637854224,-0.8617264637854224,0.51,0.021127246780518062,2025-12-23 22:31:41
55,388,0.8617591672252246,-0.8617591672252246,0.51,0.02114227655236836,2025-12-23 22:31:41
55,389,0.861778560772108,-0.861778560772108,0.51,0.02115118965713566,2025-12-23 22:31:41
55,390,0.861784560297655,-0.861784560297655,0.51,0.021153947026281116,2025-12-23 22:31:41
55,391,0.8617770818368018,-0.8617770818368018,0.51,0.021150509944497242,2025-12-23 22:31:41
55,392,0.8617560416339093,-0.8617560416339093,0.51,0.021140840076206573,2025-12-23 22:31:41
55,393,0.86172135619167,-0.86172135619167,0.51,0.021124899494626082,2025-12-23 22:31:41
55,394,0.8616729423229833,-0.8616729423229833,0.51,0.021102650713510467,2025-12-23 22:31:41
55,395,0.8616107172059208,-0.8616107172059208,0.51,0.02107405672169505,2025-12-23 22:31:41
55,396,0.8615345984418942,-0.8615345984418942,0.51,0.021039081020563545,2025-12-23 22:31:41
55,397,0.8614445041171293,-0.8614445041171293,0.51,0.020997687664576648,2025-12-23 22:31:41
55,398,0.8613403528675347,-0.8613403528675347,0.51,0.020949841305003793,2025-12-23 22:31:41
55,399,0.861222063947047,-0.861222063947047,0.51,0.020895507237011574,2025-12-23 22:31:41
55,400,0.8610895572995177,-0.8610895572995177,0.51,0.020834651450272426,2025-12-23 22:31:41
55,401,0.8609427536341977,-0.8609427536341977,0.51,0.020767240683271196,2025-12-23 22:31:41
55,402,0.8607815745048584,-0.8607815745048584,0.51,0.02069324248150009,2025-12-23 22:31:42
55,403,0.8606059423925765,-0.8606059423925765,0.51,0.020612625259750654,2025-12-23 22:31:42
55,404,0.8604157807921954,-0.8604157807921954,0.51,0.020525358368730512,2025-12-23 22:31:42
55,405,0.8602110143024573,-0.8602110143024573,0.51,0.02043141216625594,2025-12-23 22:31:42
55,406,0.8599915687197894,-0.8599915687197894,0.51,0.020330758093296663,2025-12-23 22:31:42
55,407,0.8597573711357074,-0.8597573711357074,0.51,0.020223368755181947,2025-12-23 22:31:42
55,408,0.8595083500377839,-0.8595083500377839,0.51,0.02010921800831104,2025-12-23 22:31:42
55,409,0.8592444354141139,-0.8592444354141139,0.51,0.029981186768724164,2025-12-23 22:31:42
55,410,0.8589655588611887,-0.8589655588611887,0.51,0.029789831490326574,2025-12-23 22:31:42
55,411,0.8586716536950755,-0.8586716536950755,0.51,0.029586680174050257,2025-12-23 22:31:42
55,412,0.8583626550657778,-0.8583626550657778,0.51,0.029374573242664258,2025-12-23 22:31:42
55,413,0.8580385000746373,-0.8580385000746373,0.51,0.02915062902157381,2025-12-23 22:31:42
55,414,0.8576991278946161,-0.8576991278946161,0.51,0.02891765041833321,2025-12-23 22:31:42
55,415,0.8573444798932809,-0.8573444798932809,0.51,0.028672698070409515,2025-12-23 22:31:42
55,416,0.8569744997582922,-0.8569744997582922,0.51,0.028418719316723465,2025-12-23 22:31:42
55,417,0.8565891336251814,-0.8565891336251814,0.51,0.028152575901195544,2025-12-23 22:31:42
55,418,0.8561883302071813,-0.8561883302071813,0.51,0.027877473797472473,2025-12-23 22:31:42
55,419,0.8557720409268561,-0.8557720409268561,0.51,0.0275899782281391,2025-12-23 22:31:42
55,420,0.8553402200492589,-0.8553402200492589,0.51,0.027292581100850748,2025-12-23 22:31:42
55,421,0.854892824816326,-0.854892824816326,0.51,0.026985373768826877,2025-12-23 22:31:42
55,422,0.8544298155822008,-0.8544298155822008,0.51,0.02666580036030797,2025-12-23 22:31:43
55,423,0.8539511559491609,-0.8539511559491609,0.51,0.026336193531974087,2025-12-23 22:31:43
55,424,0.8534568129038083,-0.8534568129038083,0.51,0.02599678340929883,2025-12-23 22:31:43
55,425,0.8529467569531615,-0.8529467569531615,0.51,0.02564477531630187,2025-12-23 22:31:43
55,426,0.8524209622602805,-0.8524209622602805,0.51,0.025282764019324853,2025-12-23 22:31:43
55,427,0.8518794067790326,-0.8518794067790326,0.51,0.024909914787354492,2025-12-23 22:31:43
55,428,0.8513220723876004,-0.8513220723876004,0.51,0.024526218600140485,2025-12-23 22:31:43
55,429,0.8507489450203171,-0.8507489450203171,0.51,0.024131667669801217,2025-12-23 22:31:43
55,430,0.8501600147974037,-0.8501600147974037,0.51,0.023726256573447707,2025-12-23 22:31:43
55,431,0.8495552761521735,-0.8495552761521735,0.51,0.023309982672876838,2025-12-23 22:31:43
55,432,0.8489347279552584,-0.8489347279552584,0.51,0.02288284631987356,2025-12-23 22:31:43
55,433,0.8482983736354055,-0.8482983736354055,0.51,0.022444850988137536,2025-12-23 22:31:43
55,434,0.847646221296387,-0.847646221296387,0.51,0.021996003375519064,2025-12-23 22:31:43
55,435,0.8469782838295599,-0.8469782838295599,0.51,0.021536313491726033,2025-12-23 22:31:43
55,436,0.8462945790216105,-0.8462945790216105,0.51,0.02106579473734365,2025-12-23 22:31:43
55,437,0.8455951296570189,-0.8455951296570189,0.51,0.020584463976602043,2025-12-23 22:31:43
55,438,0.8448799636147746,-0.8448799636147746,0.51,0.020092341604835803,2025-12-23 22:31:43
55,439,0.8441491139588837,-0.8441491139588837,0.51,0.01958945161101194,2025-12-23 22:31:43
55,440,0.8434026190222054,-0.8434026190222054,0.51,0.01907582163526356,2025-12-23 22:31:43
55,441,0.842640522483167,-0.842640522483167,0.51,0.018551483021359682,2025-12-23 22:31:44
55,442,0.8418628734349121,-0.8418628734349121,0.51,0.018016470863822284,2025-12-23 22:31:44
55,443,0.841069726446446,-0.841069726446446,0.51,0.017470824049497027,2025-12-23 22:31:44
55,444,0.8402611416153579,-0.8402611416153579,0.51,0.016914585293266584,2025-12-23 22:31:44
55,445,0.8394371846117094,-0.8394371846117094,0.51,0.016347801167670956,2025-12-23 22:31:44
55,446,0.8385979267126957,-0.8385979267126957,0.51,0.015770522126173782,2025-12-23 22:31:44
55,447,0.8377434448277075,-0.8377434448277075,0.51,0.015182802519810823,2025-12-23 22:31:44
55,448,0.8368738215134336,-0.8368738215134336,0.51,0.02916945044581969,2025-12-23 22:31:44
55,449,0.8359891449786747,-0.8359891449786747,0.51,0.027952394199293278,2025-12-23 22:31:44
55,450,0.8350895090785542,-0.8350895090785542,0.51,0.026714839877073862,2025-12-23 22:31:44
55,451,0.834175013297842,-0.834175013297842,0.51,0.025456926425699876,2025-12-23 22:31:44
55,452,0.8332457627231324,-0.8332457627231324,0.51,0.024178801499365233,2025-12-23 22:31:44
55,453,0.8323018680036435,-0.8323018680036435,0.51,0.022880620471439288,2025-12-23 22:31:44
55,454,0.8313434453004381,-0.8313434453004381,0.51,0.0215625463491722,2025-12-23 22:31:44
55,455,0.8303706162238954,-0.8303706162238954,0.51,0.020224749684727334,2025-12-23 22:31:44
55,456,0.8293835077592938,-0.8293835077592938,0.51,0.01886740847125467,2025-12-23 22:31:44
55,457,0.8283822521804013,-0.8283822521804013,0.51,0.017490708023692573,2025-12-23 22:31:44
55,458,0.827366986951,-0.827366986951,0.51,0.01609484084440437,2025-12-23 22:31:44
55,459,0.8263378546143104,-0.8263378546143104,0.51,0.01468000647402069,2025-12-23 22:31:44
55,460,0.8252950026703133,-0.8252950026703133,0.51,0.013246411328286344,2025-12-23 22:31:45
55,461,0.8242385834410038,-0.8242385834410038,0.51,0.011794268522582307,2025-12-23 22:31:45
55,462,0.82316875392365,-0.82316875392365,0.51,0.010323797687547867,2025-12-23 22:31:45
55,463,0.8220856756321633,-0.8220856756321633,0.51,0.008835224783755076,2025-12-23 22:31:45
55,464,0.8209895144267237,-0.8209895144267237,0.51,0.007328781936177374,2025-12-23 22:31:45
55,465,0.8198804403318415,-0.8198804403318415,0.51,0.005804707352741299,2025-12-23 22:31:45
55,466,0.8187586273430696,-0.8187586273430696,0.51,0.004263245578866314,2025-12-23 22:31:45
55,467,0.8176242532226207,-0.8176242532226207,0.51,0.00270464951355103,2025-12-23 22:31:45
55,468,0.8164774992841716,-0.8164774992841716,0.51,0.0011292016540744004,2025-12-23 22:31:45
55,470,0.8141475936010476,-0.8141475936010476,0.51,0.0020715447006251528,2025-12-23 22:31:45
55,471,0.8129648201595651,-0.8129648201595651,0.51,0.0036961163950781097,2025-12-23 22:31:45
55,472,0.8117704230059687,-0.8117704230059687,0.51,0.005336528880027268,2025-12-23 22:31:45
55,473,0.8105645976291367,-0.8105645976291367,0.51,0.006992499177992433,2025-12-23 22:31:45
55,474,0.809347541571346,-0.809347541571346,0.51,0.008663747350327248,2025-12-23 22:31:45
55,475,0.8081194541481025,-0.8081194541481025,0.51,0.01034999163155607,2025-12-23 22:31:45
55,476,0.8068805361605629,-0.8068805361605629,0.51,0.012050947723223989,2025-12-23 22:31:45
55,477,0.8056309896010917,-0.8056309896010917,0.51,0.013766328687905787,2025-12-23 22:31:45
55,478,0.8043710173525157,-0.8043710173525157,0.51,0.015495844929680966,2025-12-23 22:31:45
55,479,0.8031008228816575,-0.8031008228816575,0.51,0.017239204122171833,2025-12-23 22:31:46
55,480,0.8018206099277458,-0.8018206099277458,0.51,0.018996111012042148,2025-12-23 22:31:46
55,481,0.8005305821863131,-0.8005305821863131,0.51,0.020766267031523778,2025-12-23 22:31:46
55,482,0.7992309429892049,-0.7992309429892049,0.51,0.022549369638960738,2025-12-23 22:31:46
55,1872,0.8173965771371522,-0.8173965771371522,0.51,0.002298180750191861,2025-12-23 22:31:50
55,1873,0.8183314451906645,-0.8183314451906645,0.51,0.003582606254482098,2025-12-23 22:31:50
55,1874,0.8192562208626045,-0.8192562208626045,0.51,0.004853219591470767,2025-12-23 22:31:50
55,1875,0.8201709919547925,-0.8201709919547925,0.51,0.006110137378148397,2025-12-23 22:31:50
55,1876,0.821075841394619,-0.821075841394619,0.51,0.0073534703631457105,2025-12-23 22:31:50
55,1877,0.8219708472465548,-0.8219708472465548,0.51,0.0085833232453043,2025-12-23 22:31:50
55,1878,0.8228560827301381,-0.8228560827301381,0.51,0.009799794328915822,2025-12-23 22:31:50
55,1879,0.8237316162442595,-0.8237316162442595,0.51,0.011002975435298441,2025-12-23 22:31:50
55,1880,0.8245975113975526,-0.8245975113975526,0.51,0.01219295190067952,2025-12-23 22:31:50
55,1881,0.8254538270446868,-0.8254538270446868,0.51,0.013369802609106442,2025-12-23 22:31:51
55,1882,0.8263006173283519,-0.8263006173283519,0.51,0.014533600043391336,2025-12-23 22:31:51
55,1883,0.8271379317267086,-0.8271379317267086,0.51,0.015684410347490158,2025-12-23 22:31:51
55,1884,0.827965815106076,-0.827965815106076,0.51,0.01682229339730496,2025-12-23 22:31:51
55,1885,0.8287843077786152,-0.8287843077786152,0.51,0.0179473028783857,2025-12-23 22:31:51
55,1886,0.82959344556476,-0.82959344556476,0.51,0.019059486369652656,2025-12-23 22:31:51
55,1887,0.8303932598601408,-0.8303932598601408,0.51,0.020158885432594278,2025-12-23 22:31:51
55,1888,0.8311837777067406,-0.8311837777067406,0.51,0.02124553570555587,2025-12-23 22:31:51
55,1889,0.8319650218680151,-0.8319650218680151,0.51,0.02231946700285143,2025-12-23 22:31:51
55,1890,0.8327370109077068,-0.8327370109077068,0.51,0.023380703418455426,2025-12-23 22:31:51
55,1891,0.8334997592720762,-0.8334997592720762,0.51,0.024429263434091186,2025-12-23 22:31:51
55,1892,0.8342532773752728,-0.8342532773752728,0.51,0.025465160031473883,2025-12-23 22:31:51
55,1893,0.8349975716875653,-0.8349975716875653,0.51,0.026488400808526023,2025-12-23 22:31:51
55,1894,0.8357326448261486,-0.8357326448261486,0.51,0.02749898809930307,2025-12-23 22:31:51
55,1895,0.8364584956482463,-0.8364584956482463,0.51,0.028496919097376942,2025-12-23 22:31:51
55,1896,0.8371751193462263,-0.8371751193462263,0.51,0.029482185982374485,2025-12-23 22:31:51
55,1897,0.837882507544451,-0.837882507544451,0.51,0.01522800066370979,2025-12-23 22:31:51
55,1898,0.8385806483975818,-0.8385806483975818,0.51,0.015707480665993655,2025-12-23 22:31:51
55,1899,0.8392695266900662,-0.8392695266900662,0.51,0.016181152931149335,2025-12-23 22:31:52
55,1900,0.8399491239365346,-0.8399491239365346,0.51,0.016648455888092113,2025-12-23 22:31:52
55,1901,0.8406194184828437,-0.8406194184828437,0.51,0.017109373945999182,2025-12-23 22:31:52
55,1902,0.8412803856075033,-0.8412803856075033,0.51,0.017563889447630775,2025-12-23 22:31:52
55,1903,0.8419319976232367,-0.8419319976232367,0.51,0.01801198272366647,2025-12-23 22:31:52
55,1904,0.8425742239784261,-0.8425742239784261,0.51,0.018453632154053507,2025-12-23 22:31:52
55,1905,0.8432070313582054,-0.8432070313582054,0.51,0.018888814232889815,2025-12-23 22:31:52
55,1906,0.8438303837849713,-0.8438303837849713,0.51,0.019317503634861052,2025-12-23 22:31:52
55,1907,0.8444442427180922,-0.8444442427180922,0.51,0.019739673282163216,2025-12-23 22:31:52
55,1908,0.8450485671526037,-0.8450485671526037,0.51,0.020155294411273006,2025-12-23 22:31:52
55,1909,0.8456433137166923,-0.8456433137166923,0.51,0.020564336639197246,2025-12-23 22:31:52
55,1910,0.8462284367677767,-0.8462284367677767,0.51,0.020966768028942873,2025-12-23 22:31:52
55,1911,0.8468038884870097,-0.8468038884870097,0.51,0.021362555154030332,2025-12-23 22:31:52
55,1912,0.8473696189720354,-0.8473696189720354,0.51,0.021751663161890582,2025-12-23 22:31:52
55,1913,0.847925576327847,-0.847925576327847,0.51,0.02213405583604376,2025-12-23 22:31:52
55,1914,0.8484717067556043,-0.8484717067556043,0.51,0.022510665434420044,2025-12-23 22:31:52
55,1915,0.8490079546392837,-0.8490079546392837,0.51,0.022878649708170683,2025-12-23 22:31:52
55,1916,0.8495342626300433,-0.8495342626300433,0.51,0.023240672559674228,2025-12-23 22:31:52
55,1917,0.8500505717282025,-0.8500505717282025,0.51,0.023595818880031004,2025-12-23 22:31:52
55,1918,0.8505568213627464,-0.8505568213627464,0.51,0.023944972444840697,2025-12-23 22:31:53
55,1919,0.8510529494682786,-0.8510529494682786,0.51,0.024285433558602302,2025-12-23 22:31:53
55,1920,0.8515388925593623,-0.8515388925593623,0.51,0.024619708377995535,2025-12-23 22:31:53
55,1921,0.8520145858021985,-0.8520145858021985,0.51,0.024947854033531048,2025-12-23 22:31:53
55,1922,0.852479963083606,-0.852479963083606,0.51,0.025267179371659895,2025-12-23 22:31:53
55,1923,0.8529349570772827,-0.8529349570772827,0.51,0.025580173820115317,2025-12-23 22:31:53
55,1924,0.8533794993073365,-0.8533794993073365,0.51,0.025886824461808844,2025-12-23 22:31:53
55,1925,0.85381352020909,-0.85381352020909,0.51,0.02618466588035856,2025-12-23 22:31:53
55,1926,0.8542369491871756,-0.8542369491871756,0.51,0.02647690773297382,2025-12-23 22:31:53
55,1927,0.8546497146709494,-0.8546497146709494,0.51,0.026760023616754218,2025-12-23 22:31:53
55,1928,0.8550517441672635,-0.8550517441672635,0.51,0.027037561003790685,2025-12-23 22:31:53
55,1929,0.8554429643106505,-0.8554429643106505,0.51,0.027305845767057028,2025-12-23 22:31:53
55,1930,0.8558233009109831,-0.8558233009109831,0.51,0.027568425817297494,2025-12-23 22:31:53
55,1931,0.8561926789986841,-0.8561926789986841,0.51,0.027821721936027496,2025-12-23 22:31:53
55,1932,0.8565510228675721,-0.8565510228675721,0.51,0.0280691153620429,2025-12-23 22:31:53
55,1933,0.8568982561154389,-0.8568982561154389,0.51,0.02830723371985279,2025-12-23 22:31:53
55,1934,0.8572343016824647,-0.8572343016824647,0.51,0.028539221620464156,2025-12-23 22:31:53
55,1935,0.8575590818875848,-0.8575590818875848,0.51,0.028761955468952417,2025-12-23 22:31:53
55,1936,0.8578725184629332,-0.8578725184629332,0.51,0.028978322293663455,2025-12-23 22:31:53
55,1937,0.8581745325864942,-0.8581745325864942,0.51,0.029185454987323986,2025-12-23 22:31:54
55,1938,0.8584650449131027,-0.8584650449131027,0.51,0.029385985192456485,2025-12-23 22:31:54
55,1939,0.85874397560394,-0.85874397560394,0.51,0.02957825186042028,2025-12-23 22:31:54
55,1940,0.8590112443546803,-0.8590112443546803,0.51,0.02976127185225539,2025-12-23 22:31:54
55,1941,0.8592667704224475,-0.8592667704224475,0.51,0.029937767783663707,2025-12-23 22:31:54
55,1942,0.8595104726517482,-0.8595104726517482,0.51,0.020070506962903526,2025-12-23 22:31:54
55,1943,0.8597422694995539,-0.8597422694995539,0.51,0.020177060991282164,2025-12-23 22:31:54
55,1944,0.8599620790597062,-0.8599620790597062,0.51,0.020277109376843065,2025-12-23 22:31:54
55,1945,0.8601698190868262,-0.8601698190868262,0.51,0.0203731014585007,2025-12-23 22:31:54
55,1946,0.8603654070199104,-0.8603654070199104,0.51,0.020463018844223694,2025-12-23 22:31:54
55,1947,0.8605487600057998,-0.8605487600057998,0.51,0.020546297973810794,2025-12-23 22:31:54
55,1948,0.8607197949227106,-0.8607197949227106,0.51,0.020625424703935358,2025-12-23 22:31:54
55,1949,0.8608784284040149,-0.8608784284040149,0.51,0.020698349792433488,2025-12-23 22:31:54
55,1950,0.8610245768624637,-0.8610245768624637,0.51,0.020765547096064662,2025-12-23 22:31:54
55,1951,0.8611581565150432,-0.8611581565150432,0.51,0.020825918518456225,2025-12-23 22:31:54
55,1952,0.8612790834086536,-0.8612790834086536,0.51,0.02088202668594031,2025-12-23 22:31:54
55,1953,0.8613872734468025,-0.8613872734468025,0.51,0.020931759826333038,2025-12-23 22:31:54
55,1954,0.8614826424175008,-0.8614826424175008,0.51,0.020975604388059576,2025-12-23 22:31:54
55,1955,0.8615651060225462,-0.8615651060225462,0.51,0.021013519678046183,2025-12-23 22:31:54
55,1956,0.8616345799083798,-0.8616345799083798,0.51,0.021045465241711823,2025-12-23 22:31:55
55,1957,0.8616909796986945,-0.8616909796986945,0.51,0.021071400876539005,2025-12-23 22:31:55
55,1958,0.8617342210289722,-0.8617342210289722,0.51,0.021090248388733777,2025-12-23 22:31:55
55,1959,0.8617642195831214,-0.8617642195831214,0.51,0.021104555207034206,2025-12-23 22:31:55
55,1960,0.8617808911323799,-0.8617808911323799,0.51,0.02111221764432334,2025-12-23 22:31:55
55,1961,0.8617841515766443,-0.8617841515766443,0.51,0.021113716199198194,2025-12-23 22:31:55
55,1962,0.8617739169883799,-0.8617739169883799,0.51,0.02110901222931101,2025-12-23 22:31:55
55,1963,0.8617501036592545,-0.8617501036592545,0.51,0.021098067477879845,2025-12-23 22:31:55
55,1964,0.8617126281496388,-0.8617126281496388,0.51,0.021080844103293167,2025-12-23 22:31:55
55,1965,0.8616614073410982,-0.8616614073410982,0.51,0.02105730471142165,2025-12-23 22:31:55
55,1966,0.8615963584920008,-0.8615963584920008,0.51,0.02102741239075655,2025-12-23 22:31:55
55,1967,0.8615173992963483,-0.8615173992963483,0.51,0.020991130750504357,2025-12-23 22:31:55
55,1968,0.8614244479459324,-0.8614244479459324,0.51,0.020948423961774265,2025-12-23 22:31:55
55,1969,0.8613174231959045,-0.8613174231959045,0.51,0.02089925680200355,2025-12-23 22:31:55
55,1970,0.8611962444338351,-0.8611962444338351,0.51,0.020843594702776882,2025-12-23 22:31:55
55,1971,0.8610608317523281,-0.8610608317523281,0.51,0.020781403801205956,2025-12-23 22:31:55
55,1972,0.8609111060252415,-0.8609111060252415,0.51,0.020712650995050725,2025-12-23 22:31:55
55,1973,0.8607469889875516,-0.8607469889875516,0.51,0.02063730400177676,2025-12-23 22:31:55
55,1974,0.8605684033188854,-0.8605684033188854,0.51,0.02055533142176192,2025-12-23 22:31:55
55,1975,0.8603752727307278,-0.8603752727307278,0.51,0.020466702805885657,2025-12-23 22:31:56
55,1976,0.8601675220572997,-0.8601675220572997,0.51,0.020371388727757424,2025-12-23 22:31:56
55,1977,0.8599450773500833,-0.8599450773500833,0.51,0.020269360860869626,2025-12-23 22:31:56
55,1978,0.8597078659759543,-0.8597078659759543,0.51,0.02016059206099059,2025-12-23 22:31:56
55,1979,0.8594558167188686,-0.8594558167188686,0.51,0.020045056454152905,2025-12-23 22:31:56
55,1980,0.859188859885028,-0.859188859885028,0.51,0.029882968458961955,2025-12-23 22:31:56
55,1981,0.8589069274114356,-0.8589069274114356,0.51,0.02968945474104975,2025-12-23 22:31:56
55,1982,0.8586099529777327,-0.8586099529777327,0.51,0.029485308091629324,2025-12-23 22:31:56
55,1983,0.8582978721211898,-0.8582978721211898,0.51,0.029269480342502388,2025-12-23 22:31:56
55,1984,0.8579706223547081,-0.8579706223547081,0.51,0.02904491865397436,2025-12-23 22:31:56
55,1985,0.8576281432876658,-0.8576281432876658,0.51,0.028808331253749788,2025-12-23 22:31:56
55,1986,0.8572703767494284,-0.8572703767494284,0.51,0.028562744786408654,2025-12-23 22:31:56
55,1987,0.8568972669153214,-0.8568972669153214,0.51,0.028305108475897164,2025-12-23 22:31:56
55,1988,0.8565087604348444,-0.8565087604348444,0.51,0.028038410358580314,2025-12-23 22:31:56
55,1989,0.8561048065618884,-0.8561048065618884,0.51,0.027759517717173072,2025-12-23 22:31:56
55,1990,0.855685357286699,-0.855685357286699,0.51,0.02747160935114185,2025-12-23 22:31:56
55,1991,0.8552503674693095,-0.8552503674693095,0.51,0.027171292873584423,2025-12-23 22:31:56
55,1992,0.8547997949741488,-0.8547997949741488,0.51,0.02686106223357193,2025-12-23 22:31:56
55,1993,0.8543336008055151,-0.8543336008055151,0.51,0.026540923563983312,2025-12-23 22:31:56
55,1994,0.8538517492435839,-0.8538517492435839,0.51,0.026208453487195353,2025-12-23 22:31:57
55,1995,0.8533542079806067,-0.8533542079806067,0.51,0.025865923768463514,2025-12-23 22:31:57
55,1996,0.8528409482569395,-0.8528409482569395,0.51,0.02551350926570188,2025-12-23 22:31:57
55,1997,0.8523119449965226,-0.8523119449965226,0.51,0.025148527261907378,2025-12-23 22:31:57
55,1998,0.851767176941424,-0.851767176941424,0.51,0.024773530459858,2025-12-23 22:31:57
55,1999,0.8512066267850391,-0.8512066267850391,0.51,0.024387680886764098,2025-12-23 22:31:57
55,2000,0.8506302813035338,-0.8506302813035338,0.51,0.023990973108607847,2025-12-23 22:31:57
55,2001,0.8500381314851009,-0.8500381314851009,0.51,0.023583402903198106,2025-12-23 22:31:57
55,2002,0.8494301726565934,-0.8494301726565934,0.51,0.02316496847371702,2025-12-23 22:31:57
55,2003,0.8488064046070889,-0.8488064046070889,0.51,0.02273567089303177,2025-12-23 22:31:57
55,2004,0.8481668317079321,-0.8481668317079321,0.51,0.022295514316045012,2025-12-23 22:31:57
55,2005,0.847511463028795,-0.847511463028795,0.51,0.021844506112379754,2025-12-23 22:31:57
55,2006,0.8468403124492939,-0.8468403124492939,0.51,0.021382656966764908,2025-12-23 22:31:57
55,2007,0.8461533987656958,-0.8461533987656958,0.51,0.020909980963503425,2025-12-23 22:31:57
55,2008,0.845450745792249,-0.845450745792249,0.51,0.020426495661451976,2025-12-23 22:31:57
55,2009,0.8447323824566719,-0.8447323824566719,0.51,0.019932222162128525,2025-12-23 22:31:57
55,2010,0.8439983428893382,-0.8439983428893382,0.51,0.019427185172034636,2025-12-23 22:31:57
55,2011,0.8432486665056986,-0.8432486665056986,0.51,0.018911413059601465,2025-12-23 22:31:57
55,2012,0.8424833980814911,-0.8424833980814911,0.51,0.018384937906760265,2025-12-23 22:31:57
55,2013,0.8417025878202925,-0.8417025878202925,0.51,0.01784779555504243,2025-12-23 22:31:58
55,2014,0.8409062914129833,-0.8409062914129833,0.51,0.017300025645999396,2025-12-23 22:31:58
55,2015,0.8400945700887021,-0.8400945700887021,0.51,0.016741671655691334,2025-12-23 22:31:58
55,2016,0.839267490656886,-0.839267490656886,0.51,0.016172780923016362,2025-12-23 22:31:58
55,2017,0.8384251255400066,-0.8384251255400066,0.51,0.01559340467160327,2025-12-23 22:31:58
55,2018,0.837567552796631,-0.837567552796631,0.51,0.015003598025064235,2025-12-23 22:31:58
55,2019,0.8366948561344553,-0.8366948561344553,0.51,0.028806889621952114,2025-12-23 22:31:58
55,2020,0.8358071249129826,-0.8358071249129826,0.51,0.027585772422376982,2025-12-23 22:31:58
55,2021,0.834904454135539,-0.834904454135539,0.51,0.026344179249015217,2025-12-23 22:31:58
55,2022,0.8339869444303472,-0.8339869444303472,0.51,0.025082250495632615,2025-12-23 22:31:58
55,2023,0.8330547020204039,-0.8330547020204039,0.51,0.023800135342652576,2025-12-23 22:31:58
55,2024,0.8321078386819368,-0.8321078386819368,0.51,0.022497990671520623,2025-12-23 22:31:58
55,2025,0.8311464716912452,-0.8311464716912452,0.51,0.02117598097571441,2025-12-23 22:31:58
55,2026,0.8301707237597594,-0.8301707237597594,0.51,0.019834278269230222,2025-12-23 22:31:58
55,2027,0.8291807229571894,-0.8291807229571894,0.51,0.01847306197987287,2025-12-23 22:31:58
55,2028,0.8281766026226611,-0.8281766026226611,0.51,0.01709251882707437,2025-12-23 22:31:58
55,2029,0.8271585012637792,-0.8271585012637792,0.51,0.015692842684426996,2025-12-23 22:31:58
55,2030,0.8261265624435845,-0.8261265624435845,0.51,0.014274234427394965,2025-12-23 22:31:58
55,2031,0.8250809346554139,-0.8250809346554139,0.51,0.012836901767198716,2025-12-23 22:31:58
55,2032,0.8240217711857043,-0.8240217711857043,0.51,0.011381059072878348,2025-12-23 22:31:59
55,2033,0.8229492299648203,-0.8229492299648203,0.51,0.009906927185865281,2025-12-23 22:31:59
55,2034,0.8218634734060186,-0.8218634734060186,0.51,0.008414733237373007,2025-12-23 22:31:59
55,2035,0.8207646682327026,-0.8207646682327026,0.51,0.006904710496905596,2025-12-23 22:31:59
55,2036,0.8196529852941536,-0.8196529852941536,0.51,0.005377098344762128,2025-12-23 22:31:59
55,2037,0.8185285993699625,-0.8185285993699625,0.51,0.0038321427645402624,2025-12-23 22:31:59
55,2038,0.8173916889634187,-0.8173916889634187,0.51,0.0022700999548476435,2025-12-23 22:31:59
55,2041,0.8139076471009278,-0.8139076471009278,0.51,0.0025161773177954727,2025-12-23 22:31:59
55,2042,0.81272249044798,-0.81272249044798,0.51,0.00414402261394176,2025-12-23 22:31:59
55,2043,0.8115257497200472,-0.8115257497200472,0.51,0.005787658058459527,2025-12-23 22:31:59
55,2044,0.8103176208465271,-0.8103176208465271,0.51,0.007446803387721397,2025-12-23 22:31:59
55,2045,0.8090983017537814,-0.8090983017537814,0.51,0.009121179085930176,2025-12-23 22:31:59
55,2046,0.8078679920834135,-0.8078679920834135,0.51,0.010810503624136224,2025-12-23 22:31:59
55,2047,0.8066268929032483,-0.8066268929032483,0.51,0.0125144930651997,2025-12-23 22:31:59
55,2048,0.8053752064115585,-0.8053752064115585,0.51,0.014232861064346182,2025-12-23 22:31:59
55,2049,0.8041131356351063,-0.8041131356351063,0.51,0.015965318927145544,2025-12-23 22:31:59
55,2050,0.8028408841215848,-0.8028408841215848,0.51,0.01771157562303692,2025-12-23 22:31:59
55,2051,0.8015586556270585,-0.8015586556270585,0.51,0.019471337697623423,2025-12-23 22:31:59
55,2052,0.8002666537990187,-0.8002666537990187,0.51,0.021244309030029652,2025-12-23 22:32:00
55,2053,0.7989650818556777,-0.7989650818556777,0.51,0.02303019036955308,2025-12-23 22:32:00
55,2054,0.7976541422621377,-0.7976541422621377,0.51,0.02482867856331786,2025-12-23 22:32:00
56,309,0.6733312653373202,-0.6733312653373202,0.51,0.0013595696383339355,2025-12-23 22:32:41
57,317,0.6735477280895011,-0.6735477280895011,0.51,0.0023320619990936254,2025-12-23 22:33:12
57,318,0.67454459142776,-0.67454459142776,0.51,0.0026336517914199407,2025-12-23 22:33:12
