
You are a global Reinforcement Learning policy optimizer, helping me find the global optimal policy in the following environment.

# Environment:
     In this robot cleaning environment, the swiffer duster is connected to the UR5e robot at the end-effector. The swiffer duster is used to clean a tabletop that is covered with light balls. The trajectory of the swiffer across 2D Plane ( x, y ) should follow a smooth motion to  clean all the balls from the tabletop. The dimension ( x ∈ [-1.350, 1.350], y ∈ [-0.700, 0.700] ) of tabletop is broken down in 2x3 grid. The number of balls in each segment of the grid is  based on the motion of the swiffer.
     The policy used for generating the trajectory of the swiffer is a dynamic movement primitives (dmp) with number of basis function (n_bfs = 25) for each degree of freedom ( x, y ). The cost is calculated as total number of balls on the tabletop are 98  which is broken down spatially based on the number of balls in each segment of the grid (represented as: rows=y high→low, cols=x left→right). 
# Regarding the parameters : Weights for the dmp policy are flattened [x then y] with total length 50. You will help me find optimal weights that minimize the cost. 

# Here's how we will interact :
    1) I will provide you max steps (510) along with a couple of training examples which includes weights for the policy, cost, x-y trajectories for each example 
    2) You will provide the response in exact following format: 
        Output: STRICTLY one JSON object on a single line (no code fences). Include a brief "reason" and the "weights":
        {"reason": "one sentence explaining coverage, bounds adherence, and trajectory improvements", "weights": [exactly 50 floats]}
    3) I will then provide the cost in two representations (total ball count, grid ball count) and the x-y trajectories at that point and the current iteration.
    4) You will repeat the steps from 2-3 until we will reach a maximum number of iteration.

# Remember :
    1) XY WORKSPACE LIMITS (meters): x ∈ [-1.350, 1.350], y ∈ [-0.700, 0.700]. Any path implied by your weights must keep the 2D trajectory strictly within these bounds.
    2) When creating weights, use the trajectory feedback to understand:
      * If previous motions stayed in bounds
      * Which areas were actually covered vs missed
      * How smooth/erratic the motion was
      * Where the robot spent time vs where balls remain
    3) Balance between exploration and exploitation. 
    4) Search both the positive and the negative values.
    5) The global optimum should be at 50 balls in each grid segment (50 total balls). If you are below that, this is just a local optimum. You should explore rather than exploiting.

Next :
     You will see examples of the dmp weights and their corresponding trajectory and cost.
     weights = [84.993855, 69.885069, 55.206646, 42.306527, 32.309473, 24.273628, 12.420855, -7.368554, -24.351259, -28.730552, -34.305447, -50.96178, -73.563352, -95.873989, -116.474452, -135.129149, -149.577451, -159.238397, -166.375785, -171.873775, -173.325799, -168.103406, -154.11261, -132.871615, -110.755176, -90.821882, -71.419665, -52.33974, -35.634237, -21.18727, -7.303905, 6.098977, 19.240626, 33.455577, 50.216669, 69.857061, 91.259438, 111.596813, 129.704331, 145.486411, 157.232589, 165.402812, 170.847044, 172.445849, 169.429601, 162.092667, 149.79719, 133.344939, 116.11635, 100.117687, 34.254739, 29.930115, 24.678004, 18.37642, 11.170079, 2.594627, -11.680548, -38.735428, -61.330785, -54.551031, -39.820681, -36.935136, -39.02968, -40.045511, -39.303201, -36.18576, -29.635765, -20.488875, -9.569289, 2.788452, 14.835595, 24.992636, 31.936633, 35.02832, 35.098438, 32.884945, 28.724358, 23.129088, 16.82561, 10.515734, 4.220914, -2.627085, -10.225675, -18.073946, -25.517172, -31.15169, -34.177154, -35.122555, -33.961812, -30.347473, -23.521878, -13.65379, -2.620972, 8.878889, 20.748335, 31.418109, 38.337951, 40.379633, 39.578511, 37.560793] and [65.370776, 52.45726, 40.6369, 29.605392, 18.033523, 5.931341, -6.326353, -17.461541, -26.223187, -34.197609, -43.399004, -54.797347, -68.689981, -82.694078, -94.078938, -103.69877, -112.681819, -119.626482, -123.539309, -125.587927, -126.502001, -125.569174, -121.310892, -113.123039, -102.857885, -92.476709, -81.730354, -69.824577, -57.163148, -43.903959, -30.130638, -16.832759, -5.461248, 3.898699, 13.039037, 24.292207, 38.638945, 54.356717, 69.000578, 81.899959, 95.212694, 109.469252, 120.0602, 125.02996, 125.826018, 121.888043, 112.735371, 100.636731, 88.93199, 77.724505, 19.196539, 20.155751, 20.191332, 19.36449, 17.515903, 13.783372, 4.013372, -16.789299, -35.348693, -32.588751, -23.101339, -21.806064, -24.332201, -25.823497, -25.295929, -22.72066, -17.556588, -10.202657, -2.521874, 4.979672, 12.367861, 18.321992, 22.457555, 25.042474, 26.014404, 25.853485, 24.864491, 23.192582, 21.340527, 19.428395, 17.001096, 13.072102, 7.107368, -0.352414, -8.055547, -14.14084, -18.052256, -20.831035, -22.672769, -23.392738, -23.288176, -22.075108, -18.524282, -12.418171, -5.340101, 1.58115, 8.114919, 13.18374, 15.986256, 17.655942],
     Trajectory = 20
     Total cost = 98
     Grid cost = 98
     
     
# Historical Feedback Summary (last 10 iterations)
# Iteration Performance Summary (last 10 iterations):
  174th iteration: total_balls=92, waypoints_executed=1571, grid_distribution=[11, 14, 18, 13, 9, 27]
  175th iteration: total_balls=92, waypoints_executed=855, grid_distribution=[21, 16, 22, 7, 10, 16]
  176th iteration: total_balls=97, waypoints_executed=1571, grid_distribution=[14, 11, 25, 22, 7, 18]
  177th iteration: total_balls=87, waypoints_executed=1571, grid_distribution=[16, 20, 14, 11, 9, 17]
  178th iteration: total_balls=99, waypoints_executed=1571, grid_distribution=[16, 13, 18, 18, 11, 23]
  179th iteration: total_balls=98, waypoints_executed=1571, grid_distribution=[18, 10, 26, 20, 12, 12]
  180th iteration: total_balls=96, waypoints_executed=1039, grid_distribution=[17, 13, 19, 15, 22, 10]
  181st iteration: total_balls=100, waypoints_executed=1571, grid_distribution=[18, 13, 18, 16, 11, 24]
  182nd iteration: total_balls=86, waypoints_executed=689, grid_distribution=[16, 16, 14, 10, 9, 21]
  183rd iteration: total_balls=95, waypoints_executed=1570, grid_distribution=[19, 11, 16, 21, 9, 19]

# Trajectory Path Analysis (last 10 iterations):
  165th iteration: path_start=[(0.011, -0.172), (0.011, -0.172), (0.012, -0.172), (0.012, -0.172), (0.013, -0.172), (0.014, -0.172), (0.015, -0.172), (0.017, -0.172), (0.018, -0.172), (0.019, -0.173), (0.021, -0.173), (0.023, -0.173), (0.025, -0.173), (0.026, -0.173), (0.028, -0.173), (0.03, -0.173), (0.033, -0.172), (0.035, -0.172), (0.037, -0.172), (0.039, -0.172), (0.042, -0.172), (0.044, -0.172), (0.046, -0.172), (0.049, -0.172), (0.051, -0.172), (0.054, -0.172), (0.056, -0.172), (0.059, -0.172), (0.062, -0.172), (0.064, -0.172), (0.067, -0.172), (0.07, -0.172), (0.072, -0.172), (0.075, -0.172), (0.078, -0.171), (0.08, -0.171), (0.083, -0.171), (0.086, -0.171), (0.088, -0.171), (0.091, -0.171), (0.094, -0.171), (0.096, -0.171), (0.099, -0.17), (0.102, -0.17), (0.104, -0.17), (0.107, -0.17), (0.109, -0.17), (0.112, -0.169), (0.115, -0.169), (0.117, -0.169), (0.12, -0.169), (0.122, -0.169), (0.125, -0.168), (0.127, -0.168), (0.13, -0.168), (0.132, -0.168), (0.134, -0.167), (0.137, -0.167), (0.139, -0.167), (0.141, -0.167), (0.144, -0.166), (0.146, -0.166), (0.148, -0.166), (0.15, -0.165), (0.153, -0.165), (0.155, -0.165), (0.157, -0.164), (0.159, -0.164), (0.161, -0.164), (0.163, -0.164), (0.165, -0.163), (0.167, -0.163), (0.169, -0.162), (0.171, -0.162), (0.173, -0.162), (0.175, -0.161), (0.176, -0.161), (0.178, -0.161), (0.18, -0.16), (0.182, -0.16), (0.184, -0.159), (0.185, -0.159), (0.187, -0.159), (0.189, -0.158), (0.19, -0.158), (0.192, -0.157), (0.193, -0.157), (0.195, -0.157), (0.196, -0.156), (0.198, -0.156), (0.199, -0.155), (0.201, -0.155), (0.202, -0.154), (0.203, -0.154), (0.205, -0.153), (0.206, -0.153), (0.207, -0.152), (0.208, -0.152), (0.21, -0.152), (0.211, -0.151), (0.212, -0.151), (0.213, -0.15), (0.214, -0.15), (0.215, -0.149), (0.216, -0.149), (0.217, -0.148), (0.218, -0.148), (0.219, -0.147), (0.22, -0.147), (0.221, -0.146), (0.222, -0.146), (0.223, -0.145), (0.224, -0.144), (0.225, -0.144), (0.226, -0.143), (0.227, -0.143), (0.227, -0.142), (0.228, -0.142), (0.229, -0.141), (0.23, -0.141), (0.23, -0.14), (0.231, -0.14), (0.232, -0.139), (0.232, -0.138), (0.233, -0.138), (0.234, -0.137), (0.234, -0.137), (0.235, -0.136), (0.235, -0.136), (0.236, -0.135), (0.236, -0.134), (0.237, -0.134), (0.237, -0.133), (0.238, -0.133), (0.238, -0.132), (0.239, -0.132), (0.239, -0.131), (0.239, -0.13), (0.24, -0.13), (0.24, -0.129), (0.24, -0.129), (0.241, -0.128), (0.241, -0.127), (0.241, -0.127), (0.242, -0.126), (0.242, -0.126), (0.242, -0.125), (0.242, -0.124), (0.243, -0.124), (0.243, -0.123), (0.243, -0.123), (0.243, -0.122), (0.243, -0.121), (0.244, -0.121), (0.244, -0.12), (0.244, -0.119), (0.244, -0.119), (0.244, -0.118), (0.244, -0.118), (0.244, -0.117), (0.244, -0.116), (0.244, -0.116), (0.244, -0.115), (0.244, -0.114), (0.244, -0.114), (0.244, -0.113), (0.244, -0.112), (0.244, -0.112), (0.244, -0.111), (0.244, -0.111), (0.244, -0.11), (0.244, -0.109), (0.244, -0.109), (0.244, -0.108), (0.244, -0.107), (0.244, -0.107), (0.244, -0.106), (0.244, -0.105), (0.244, -0.105), (0.244, -0.104), (0.244, -0.103), (0.243, -0.103), (0.243, -0.102), (0.243, -0.101), (0.243, -0.101), (0.243, -0.1), (0.243, -0.1), (0.242, -0.099), (0.242, -0.098), (0.242, -0.098), (0.242, -0.097), (0.242, -0.096), (0.241, -0.096), (0.241, -0.095), (0.241, -0.094), (0.241, -0.094), (0.24, -0.093), (0.24, -0.092), (0.24, -0.092), (0.24, -0.091), (0.239, -0.09), (0.239, -0.09), (0.239, -0.089), (0.238, -0.088), (0.238, -0.088), (0.238, -0.087), (0.237, -0.086), (0.237, -0.086), (0.237, -0.085), (0.236, -0.084), (0.236, -0.084), (0.236, -0.083), (0.235, -0.082), (0.235, -0.082), (0.235, -0.081), (0.234, -0.08), (0.234, -0.08), (0.233, -0.079), (0.233, -0.078), (0.233, -0.078), (0.232, -0.077), (0.232, -0.076), (0.231, -0.076), (0.231, -0.075), (0.231, -0.074), (0.23, -0.074), (0.23, -0.073), (0.229, -0.072), (0.229, -0.072), (0.228, -0.071), (0.228, -0.07), (0.228, -0.069), (0.227, -0.069), (0.227, -0.068), (0.226, -0.067), (0.226, -0.067), (0.225, -0.066), (0.225, -0.065), (0.224, -0.065), (0.224, -0.064), (0.223, -0.063), (0.223, -0.063), (0.222, -0.062), (0.222, -0.061), (0.221, -0.061), (0.221, -0.06), (0.22, -0.059), (0.22, -0.059), (0.219, -0.058), (0.219, -0.057), (0.218, -0.057), (0.218, -0.056), (0.217, -0.055), (0.217, -0.055), (0.216, -0.054), (0.215, -0.053), (0.215, -0.053), (0.214, -0.052), (0.214, -0.051), (0.213, -0.051), (0.213, -0.05), (0.212, -0.049), (0.212, -0.048), (0.211, -0.048), (0.21, -0.047), (0.21, -0.046), (0.209, -0.046), (0.209, -0.045), (0.208, -0.044), (0.207, -0.044), (0.207, -0.043), (0.206, -0.042), (0.206, -0.042), (0.205, -0.041), (0.204, -0.04), (0.204, -0.04), (0.203, -0.039), (0.203, -0.038), (0.202, -0.038), (0.201, -0.037), (0.201, -0.036), (0.2, -0.036), (0.199, -0.035), (0.199, -0.034), (0.198, -0.034), (0.197, -0.033), (0.197, -0.032), (0.196, -0.031), (0.196, -0.031), (0.195, -0.03), (0.194, -0.029), (0.194, -0.029), (0.193, -0.028), (0.192, -0.027), (0.192, -0.027), (0.191, -0.026), (0.19, -0.025), (0.19, -0.025), (0.189, -0.024), (0.188, -0.023), (0.188, -0.023), (0.187, -0.022), (0.186, -0.021), (0.185, -0.021), (0.185, -0.02), (0.184, -0.019), (0.183, -0.019), (0.183, -0.018), (0.182, -0.017), (0.181, -0.016), (0.181, -0.016), (0.18, -0.015), (0.179, -0.014), (0.178, -0.014), (0.178, -0.013), (0.177, -0.012), (0.176, -0.012), (0.176, -0.011), (0.175, -0.01), (0.174, -0.01), (0.173, -0.009), (0.173, -0.008), (0.172, -0.008), (0.171, -0.007), (0.17, -0.006), (0.17, -0.006), (0.169, -0.005), (0.168, -0.004), (0.167, -0.004), (0.167, -0.003), (0.166, -0.002), (0.165, -0.001), (0.164, -0.001), (0.164, -0.0), (0.163, 0.001), (0.162, 0.001), (0.161, 0.002), (0.161, 0.003), (0.16, 0.003), (0.159, 0.004), (0.158, 0.005), (0.158, 0.005), (0.157, 0.006), (0.156, 0.007), (0.155, 0.007), (0.155, 0.008), (0.154, 0.009), (0.153, 0.009), (0.152, 0.01), (0.151, 0.011), (0.151, 0.012), (0.15, 0.012), (0.149, 0.013), (0.148, 0.014), (0.147, 0.014), (0.147, 0.015), (0.146, 0.016), (0.145, 0.016), (0.144, 0.017), (0.143, 0.018), (0.143, 0.018), (0.142, 0.019), (0.141, 0.02), (0.14, 0.02), (0.139, 0.021), (0.139, 0.022), (0.138, 0.023), (0.137, 0.023), (0.136, 0.024), (0.135, 0.025), (0.135, 0.025), (0.134, 0.026), (0.133, 0.027), (0.132, 0.027), (0.131, 0.028), (0.131, 0.029), (0.13, 0.029), (0.129, 0.03), (0.128, 0.031), (0.127, 0.031), (0.126, 0.032), (0.126, 0.033), (0.125, 0.034), (0.124, 0.034), (0.123, 0.035), (0.122, 0.036), (0.121, 0.036), (0.121, 0.037), (0.12, 0.038), (0.119, 0.038), (0.118, 0.039), (0.117, 0.04), (0.117, 0.04), (0.116, 0.041), (0.115, 0.042), (0.114, 0.042), (0.113, 0.043), (0.112, 0.044), (0.112, 0.045), (0.111, 0.045), (0.11, 0.046), (0.109, 0.047), (0.108, 0.047), (0.107, 0.048), (0.106, 0.049), (0.106, 0.049), (0.105, 0.05), (0.104, 0.051), (0.103, 0.052), (0.102, 0.052), (0.101, 0.053), (0.101, 0.054), (0.1, 0.054), (0.099, 0.055), (0.098, 0.056), (0.097, 0.056), (0.096, 0.057), (0.096, 0.058), (0.095, 0.058), (0.094, 0.059), (0.093, 0.06), (0.092, 0.061), (0.091, 0.061), (0.091, 0.062), (0.09, 0.063), (0.089, 0.063), (0.088, 0.064), (0.087, 0.065), (0.086, 0.065), (0.086, 0.066), (0.085, 0.067), (0.084, 0.068), (0.083, 0.068), (0.082, 0.069), (0.081, 0.07), (0.081, 0.07), (0.08, 0.071), (0.079, 0.072), (0.078, 0.073), (0.077, 0.073), (0.076, 0.074), (0.076, 0.075), (0.075, 0.075), (0.074, 0.076), (0.073, 0.077), (0.072, 0.077), (0.071, 0.078), (0.071, 0.079), (0.07, 0.08), (0.069, 0.08), (0.068, 0.081), (0.067, 0.082), (0.066, 0.082), (0.066, 0.083), (0.065, 0.084), (0.064, 0.085), (0.063, 0.085), (0.062, 0.086), (0.062, 0.087), (0.061, 0.087), (0.06, 0.088), (0.059, 0.089), (0.058, 0.09), (0.057, 0.09), (0.057, 0.091), (0.056, 0.092), (0.055, 0.092), (0.054, 0.093), (0.053, 0.094), (0.053, 0.095), (0.052, 0.095), (0.051, 0.096), (0.05, 0.097), (0.049, 0.097), (0.049, 0.098), (0.048, 0.099), (0.047, 0.1), (0.046, 0.1), (0.045, 0.101), (0.045, 0.102), (0.044, 0.103), (0.043, 0.103), (0.042, 0.104), (0.041, 0.105), (0.041, 0.105), (0.04, 0.106), (0.039, 0.107), (0.038, 0.108), (0.038, 0.108), (0.037, 0.109), (0.036, 0.11), (0.035, 0.111), (0.035, 0.111), (0.034, 0.112), (0.033, 0.113), (0.032, 0.113), (0.031, 0.114), (0.031, 0.115), (0.03, 0.116), (0.029, 0.116)], path_end=[(-0.072, 0.078), (-0.067, 0.073), (-0.063, 0.068), (-0.058, 0.064), (-0.053, 0.059), (-0.048, 0.055), (-0.043, 0.05), (-0.039, 0.046), (-0.034, 0.041), (-0.029, 0.037), (-0.024, 0.032), (-0.019, 0.028), (-0.015, 0.023), (-0.01, 0.019), (-0.005, 0.014), (-0.0, 0.01), (0.004, 0.005), (0.009, 0.001), (0.014, -0.004), (0.018, -0.008), (0.023, -0.013), (0.028, -0.017), (0.032, -0.022), (0.037, -0.026), (0.042, -0.03), (0.046, -0.035), (0.051, -0.039), (0.055, -0.043), (0.06, -0.048), (0.065, -0.052), (0.069, -0.056), (0.074, -0.061), (0.078, -0.065), (0.083, -0.069), (0.087, -0.073), (0.092, -0.078), (0.096, -0.082), (0.101, -0.086), (0.105, -0.09), (0.109, -0.094), (0.114, -0.098), (0.118, -0.103), (0.122, -0.107), (0.127, -0.111), (0.131, -0.115), (0.135, -0.119), (0.14, -0.123), (0.144, -0.127), (0.148, -0.131), (0.152, -0.135), (0.156, -0.139), (0.161, -0.143), (0.165, -0.146), (0.169, -0.15), (0.173, -0.154), (0.177, -0.158), (0.181, -0.162), (0.185, -0.166), (0.189, -0.169), (0.193, -0.173), (0.197, -0.177), (0.201, -0.18), (0.205, -0.184), (0.209, -0.188), (0.212, -0.191), (0.216, -0.195), (0.22, -0.198), (0.224, -0.202), (0.228, -0.205), (0.231, -0.209), (0.235, -0.212), (0.239, -0.216), (0.242, -0.219), (0.246, -0.223), (0.249, -0.226), (0.253, -0.229), (0.257, -0.233), (0.26, -0.236), (0.264, -0.239), (0.267, -0.242), (0.27, -0.245), (0.274, -0.249), (0.277, -0.252), (0.28, -0.255), (0.284, -0.258), (0.287, -0.261), (0.29, -0.264), (0.294, -0.267), (0.297, -0.27), (0.3, -0.273), (0.303, -0.276), (0.306, -0.279), (0.309, -0.281), (0.312, -0.284), (0.315, -0.287), (0.318, -0.29), (0.321, -0.293), (0.324, -0.295), (0.327, -0.298), (0.33, -0.301), (0.333, -0.303), (0.336, -0.306), (0.338, -0.308), (0.341, -0.311), (0.344, -0.313), (0.347, -0.316), (0.349, -0.318), (0.352, -0.321), (0.355, -0.323), (0.357, -0.325), (0.36, -0.328), (0.362, -0.33), (0.365, -0.332), (0.367, -0.334), (0.37, -0.337), (0.372, -0.339), (0.374, -0.341), (0.377, -0.343), (0.379, -0.345), (0.381, -0.347), (0.384, -0.349), (0.386, -0.351), (0.388, -0.353), (0.39, -0.355), (0.392, -0.357), (0.395, -0.359), (0.397, -0.361), (0.399, -0.363), (0.401, -0.365), (0.403, -0.366), (0.405, -0.368), (0.407, -0.37), (0.409, -0.372), (0.411, -0.373), (0.412, -0.375), (0.414, -0.377), (0.416, -0.378), (0.418, -0.38), (0.42, -0.381), (0.421, -0.383), (0.423, -0.384), (0.425, -0.386), (0.426, -0.387), (0.428, -0.389), (0.43, -0.39), (0.431, -0.391), (0.433, -0.393), (0.434, -0.394), (0.436, -0.395), (0.437, -0.396), (0.439, -0.398), (0.44, -0.399), (0.442, -0.4), (0.443, -0.401), (0.444, -0.402), (0.446, -0.403), (0.447, -0.405), (0.448, -0.406), (0.45, -0.407), (0.451, -0.408), (0.452, -0.409), (0.453, -0.41), (0.454, -0.411), (0.456, -0.411), (0.457, -0.412), (0.458, -0.413), (0.459, -0.414), (0.46, -0.415), (0.461, -0.416), (0.462, -0.417), (0.463, -0.417), (0.464, -0.418), (0.465, -0.419), (0.466, -0.419), (0.467, -0.42), (0.468, -0.421), (0.468, -0.421), (0.469, -0.422), (0.47, -0.423), (0.471, -0.423), (0.472, -0.424), (0.472, -0.424), (0.473, -0.425), (0.474, -0.425), (0.475, -0.426), (0.475, -0.426), (0.476, -0.427), (0.477, -0.427), (0.477, -0.428), (0.478, -0.428), (0.478, -0.428), (0.479, -0.429), (0.48, -0.429), (0.48, -0.429), (0.481, -0.43), (0.481, -0.43), (0.482, -0.43), (0.482, -0.43), (0.483, -0.431), (0.483, -0.431), (0.483, -0.431), (0.484, -0.431), (0.484, -0.431), (0.485, -0.432), (0.485, -0.432), (0.485, -0.432), (0.486, -0.432), (0.486, -0.432), (0.486, -0.432), (0.487, -0.432), (0.487, -0.432), (0.487, -0.432), (0.487, -0.432), (0.488, -0.432), (0.488, -0.432), (0.488, -0.432), (0.488, -0.432), (0.488, -0.432), (0.488, -0.432), (0.489, -0.432), (0.489, -0.432), (0.489, -0.432), (0.489, -0.432), (0.489, -0.431), (0.489, -0.431), (0.489, -0.431), (0.489, -0.431), (0.489, -0.431), (0.489, -0.431), (0.489, -0.43), (0.489, -0.43), (0.489, -0.43), (0.489, -0.43), (0.489, -0.43), (0.489, -0.429), (0.489, -0.429), (0.489, -0.429), (0.489, -0.428), (0.489, -0.428), (0.489, -0.428), (0.489, -0.428), (0.489, -0.427), (0.489, -0.427), (0.489, -0.427), (0.488, -0.426), (0.488, -0.426), (0.488, -0.425), (0.488, -0.425), (0.488, -0.425), (0.488, -0.424), (0.487, -0.424), (0.487, -0.424), (0.487, -0.423), (0.487, -0.423), (0.487, -0.422), (0.486, -0.422), (0.486, -0.421), (0.486, -0.421), (0.486, -0.42), (0.485, -0.42), (0.485, -0.419), (0.485, -0.419), (0.485, -0.418), (0.484, -0.418), (0.484, -0.417), (0.484, -0.417), (0.483, -0.416), (0.483, -0.416), (0.483, -0.415), (0.482, -0.415), (0.482, -0.414), (0.482, -0.414), (0.481, -0.413), (0.481, -0.413), (0.481, -0.412), (0.48, -0.411), (0.48, -0.411), (0.48, -0.41), (0.479, -0.41), (0.479, -0.409), (0.478, -0.408), (0.478, -0.408), (0.478, -0.407), (0.477, -0.407), (0.477, -0.406), (0.476, -0.405), (0.476, -0.405), (0.476, -0.404), (0.475, -0.403), (0.475, -0.403), (0.474, -0.402), (0.474, -0.401), (0.473, -0.401), (0.473, -0.4), (0.472, -0.399), (0.472, -0.399), (0.472, -0.398), (0.471, -0.397), (0.471, -0.397), (0.47, -0.396), (0.47, -0.395), (0.469, -0.395), (0.469, -0.394), (0.468, -0.393), (0.468, -0.393), (0.467, -0.392), (0.467, -0.391), (0.466, -0.39), (0.466, -0.39), (0.465, -0.389), (0.465, -0.388), (0.464, -0.388), (0.464, -0.387), (0.463, -0.386), (0.463, -0.385), (0.462, -0.385), (0.462, -0.384), (0.461, -0.383), (0.461, -0.382), (0.46, -0.382), (0.459, -0.381), (0.459, -0.38), (0.458, -0.379), (0.458, -0.379), (0.457, -0.378), (0.457, -0.377), (0.456, -0.376), (0.456, -0.376), (0.455, -0.375), (0.455, -0.374), (0.454, -0.373), (0.453, -0.373), (0.453, -0.372), (0.452, -0.371), (0.452, -0.37), (0.451, -0.369), (0.451, -0.369), (0.45, -0.368), (0.45, -0.367), (0.449, -0.366), (0.448, -0.366), (0.448, -0.365), (0.447, -0.364), (0.447, -0.363), (0.446, -0.362), (0.446, -0.362), (0.445, -0.361), (0.444, -0.36), (0.444, -0.359), (0.443, -0.359), (0.443, -0.358), (0.442, -0.357), (0.441, -0.356), (0.441, -0.355), (0.44, -0.355), (0.44, -0.354), (0.439, -0.353), (0.439, -0.352), (0.438, -0.351), (0.437, -0.351), (0.437, -0.35), (0.436, -0.349), (0.436, -0.348), (0.435, -0.347), (0.434, -0.347), (0.434, -0.346), (0.433, -0.345), (0.433, -0.344), (0.432, -0.343), (0.431, -0.342), (0.431, -0.342), (0.43, -0.341), (0.43, -0.34), (0.429, -0.339), (0.428, -0.338), (0.428, -0.338), (0.427, -0.337), (0.427, -0.336), (0.426, -0.335), (0.425, -0.334), (0.425, -0.334), (0.424, -0.333), (0.424, -0.332), (0.423, -0.331), (0.422, -0.33), (0.422, -0.33), (0.421, -0.329), (0.421, -0.328), (0.42, -0.327), (0.419, -0.326), (0.419, -0.325), (0.418, -0.325), (0.418, -0.324), (0.417, -0.323), (0.416, -0.322), (0.416, -0.321), (0.415, -0.321), (0.415, -0.32), (0.414, -0.319), (0.413, -0.318), (0.413, -0.317), (0.412, -0.317), (0.412, -0.316), (0.411, -0.315), (0.41, -0.314), (0.41, -0.313), (0.409, -0.312), (0.409, -0.312), (0.408, -0.311), (0.407, -0.31), (0.407, -0.309), (0.406, -0.308), (0.406, -0.308), (0.405, -0.307), (0.404, -0.306), (0.404, -0.305), (0.403, -0.304), (0.403, -0.304), (0.402, -0.303), (0.402, -0.302), (0.401, -0.301), (0.4, -0.3), (0.4, -0.3), (0.399, -0.299), (0.399, -0.298), (0.398, -0.297), (0.397, -0.296), (0.397, -0.296), (0.396, -0.295), (0.396, -0.294), (0.395, -0.293), (0.394, -0.292), (0.394, -0.292), (0.393, -0.291), (0.393, -0.29), (0.392, -0.289), (0.392, -0.288), (0.391, -0.288), (0.39, -0.287), (0.39, -0.286), (0.389, -0.285), (0.389, -0.284), (0.388, -0.284), (0.387, -0.283), (0.387, -0.282), (0.386, -0.281), (0.386, -0.28), (0.385, -0.28), (0.385, -0.279), (0.384, -0.278), (0.383, -0.277), (0.383, -0.276), (0.382, -0.276), (0.382, -0.275), (0.381, -0.274), (0.381, -0.273), (0.38, -0.272), (0.379, -0.272), (0.379, -0.271), (0.378, -0.27), (0.378, -0.269), (0.377, -0.268), (0.377, -0.268), (0.376, -0.267), (0.375, -0.266), (0.375, -0.265), (0.374, -0.265), (0.374, -0.264), (0.373, -0.263), (0.373, -0.262), (0.372, -0.261), (0.372, -0.261), (0.371, -0.26), (0.37, -0.259), (0.37, -0.258), (0.369, -0.257), (0.369, -0.257), (0.368, -0.256), (0.368, -0.255), (0.367, -0.254), (0.367, -0.254), (0.366, -0.253), (0.365, -0.252), (0.365, -0.251), (0.364, -0.25), (0.364, -0.25), (0.363, -0.249), (0.363, -0.248), (0.362, -0.247), (0.362, -0.247), (0.361, -0.246), (0.36, -0.245), (0.36, -0.244), (0.359, -0.243), (0.359, -0.243), (0.358, -0.242), (0.358, -0.241), (0.357, -0.24), (0.357, -0.24), (0.356, -0.239)], total_steps=3141
  167th iteration: path_start=[(0.011, -0.172), (0.011, -0.172), (0.011, -0.172), (0.01, -0.171), (0.01, -0.17), (0.01, -0.17), (0.01, -0.169), (0.01, -0.168), (0.01, -0.167), (0.01, -0.166), (0.01, -0.165), (0.01, -0.164), (0.01, -0.162), (0.01, -0.161), (0.01, -0.159), (0.01, -0.158), (0.01, -0.156), (0.01, -0.155), (0.01, -0.153), (0.01, -0.151), (0.01, -0.15), (0.01, -0.148), (0.01, -0.146), (0.009, -0.144), (0.009, -0.142), (0.009, -0.141), (0.009, -0.139), (0.009, -0.137), (0.009, -0.135), (0.009, -0.133), (0.009, -0.131), (0.009, -0.129), (0.009, -0.127), (0.009, -0.125), (0.009, -0.123), (0.009, -0.121), (0.009, -0.119), (0.009, -0.117), (0.009, -0.115), (0.009, -0.113), (0.009, -0.111), (0.009, -0.109), (0.009, -0.107), (0.009, -0.105), (0.009, -0.103), (0.01, -0.101), (0.01, -0.099), (0.01, -0.097), (0.01, -0.095), (0.01, -0.093), (0.01, -0.091), (0.01, -0.089), (0.01, -0.087), (0.01, -0.085), (0.01, -0.083), (0.01, -0.081), (0.01, -0.08), (0.011, -0.078), (0.011, -0.076), (0.011, -0.074), (0.011, -0.072), (0.011, -0.07), (0.011, -0.069), (0.011, -0.067), (0.011, -0.065), (0.012, -0.064), (0.012, -0.062), (0.012, -0.06), (0.012, -0.059), (0.012, -0.057), (0.012, -0.055), (0.013, -0.054), (0.013, -0.052), (0.013, -0.051), (0.013, -0.049), (0.013, -0.047), (0.014, -0.046), (0.014, -0.044), (0.014, -0.043), (0.014, -0.042), (0.014, -0.04), (0.015, -0.039), (0.015, -0.037), (0.015, -0.036), (0.015, -0.035), (0.015, -0.033), (0.016, -0.032), (0.016, -0.031), (0.016, -0.029), (0.016, -0.028), (0.017, -0.027), (0.017, -0.026), (0.017, -0.025), (0.018, -0.023), (0.018, -0.022), (0.018, -0.021), (0.018, -0.02), (0.019, -0.019), (0.019, -0.018), (0.019, -0.017), (0.019, -0.016), (0.02, -0.015), (0.02, -0.014), (0.02, -0.013), (0.021, -0.012), (0.021, -0.011), (0.021, -0.01), (0.022, -0.009), (0.022, -0.008), (0.022, -0.007), (0.022, -0.006), (0.023, -0.005), (0.023, -0.004), (0.023, -0.003), (0.024, -0.003), (0.024, -0.002), (0.024, -0.001), (0.025, -0.0), (0.025, 0.001), (0.025, 0.001), (0.026, 0.002), (0.026, 0.003), (0.026, 0.004), (0.027, 0.004), (0.027, 0.005), (0.027, 0.006), (0.028, 0.006), (0.028, 0.007), (0.028, 0.008), (0.029, 0.008), (0.029, 0.009), (0.03, 0.009), (0.03, 0.01), (0.03, 0.011), (0.031, 0.011), (0.031, 0.012), (0.031, 0.012), (0.032, 0.013), (0.032, 0.013), (0.032, 0.014), (0.033, 0.014), (0.033, 0.015), (0.034, 0.015), (0.034, 0.016), (0.034, 0.016), (0.035, 0.017), (0.035, 0.017), (0.035, 0.018), (0.036, 0.018), (0.036, 0.018), (0.037, 0.019), (0.037, 0.019), (0.037, 0.02), (0.038, 0.02), (0.038, 0.02), (0.038, 0.021), (0.039, 0.021), (0.039, 0.021), (0.04, 0.022), (0.04, 0.022), (0.04, 0.022), (0.041, 0.023), (0.041, 0.023), (0.041, 0.023), (0.042, 0.024), (0.042, 0.024), (0.043, 0.024), (0.043, 0.024), (0.043, 0.025), (0.044, 0.025), (0.044, 0.025), (0.045, 0.025), (0.045, 0.026), (0.045, 0.026), (0.046, 0.026), (0.046, 0.026), (0.046, 0.027), (0.047, 0.027), (0.047, 0.027), (0.048, 0.027), (0.048, 0.027), (0.048, 0.027), (0.049, 0.028), (0.049, 0.028), (0.05, 0.028), (0.05, 0.028), (0.05, 0.028), (0.051, 0.028), (0.051, 0.029), (0.052, 0.029), (0.052, 0.029), (0.052, 0.029), (0.053, 0.029), (0.053, 0.029), (0.053, 0.029), (0.054, 0.03), (0.054, 0.03), (0.055, 0.03), (0.055, 0.03), (0.055, 0.03), (0.056, 0.03), (0.056, 0.03), (0.057, 0.03), (0.057, 0.03), (0.057, 0.03), (0.058, 0.03), (0.058, 0.031), (0.059, 0.031), (0.059, 0.031), (0.059, 0.031), (0.06, 0.031), (0.06, 0.031), (0.06, 0.031), (0.061, 0.031), (0.061, 0.031), (0.062, 0.031), (0.062, 0.031), (0.062, 0.031), (0.063, 0.031), (0.063, 0.031), (0.064, 0.031), (0.064, 0.031), (0.064, 0.031), (0.065, 0.031), (0.065, 0.031), (0.065, 0.031), (0.066, 0.031), (0.066, 0.031), (0.067, 0.031), (0.067, 0.031), (0.067, 0.031), (0.068, 0.031), (0.068, 0.031), (0.068, 0.031), (0.069, 0.031), (0.069, 0.031), (0.07, 0.031), (0.07, 0.031), (0.07, 0.031), (0.071, 0.031), (0.071, 0.031), (0.071, 0.031), (0.072, 0.031), (0.072, 0.031), (0.072, 0.031), (0.073, 0.031), (0.073, 0.031), (0.074, 0.031), (0.074, 0.031), (0.074, 0.031), (0.075, 0.031), (0.075, 0.031), (0.075, 0.031), (0.076, 0.031), (0.076, 0.031), (0.076, 0.031), (0.077, 0.031), (0.077, 0.031), (0.078, 0.031), (0.078, 0.031), (0.078, 0.031), (0.079, 0.031), (0.079, 0.03), (0.079, 0.03), (0.08, 0.03), (0.08, 0.03), (0.08, 0.03), (0.081, 0.03), (0.081, 0.03), (0.081, 0.03), (0.082, 0.03), (0.082, 0.03), (0.083, 0.03), (0.083, 0.03), (0.083, 0.03), (0.084, 0.03), (0.084, 0.03), (0.084, 0.03), (0.085, 0.029), (0.085, 0.029), (0.085, 0.029), (0.086, 0.029), (0.086, 0.029), (0.086, 0.029), (0.087, 0.029), (0.087, 0.029), (0.087, 0.029), (0.088, 0.029), (0.088, 0.029), (0.088, 0.029), (0.089, 0.029), (0.089, 0.028), (0.089, 0.028), (0.09, 0.028), (0.09, 0.028), (0.09, 0.028), (0.091, 0.028), (0.091, 0.028), (0.091, 0.028), (0.092, 0.028), (0.092, 0.028), (0.092, 0.028), (0.093, 0.027), (0.093, 0.027), (0.093, 0.027), (0.094, 0.027), (0.094, 0.027), (0.094, 0.027), (0.095, 0.027), (0.095, 0.027), (0.095, 0.027), (0.095, 0.027), (0.096, 0.026), (0.096, 0.026), (0.096, 0.026), (0.097, 0.026), (0.097, 0.026), (0.097, 0.026), (0.098, 0.026), (0.098, 0.026), (0.098, 0.026), (0.099, 0.026), (0.099, 0.025), (0.099, 0.025), (0.1, 0.025), (0.1, 0.025), (0.1, 0.025), (0.1, 0.025), (0.101, 0.025), (0.101, 0.025), (0.101, 0.025), (0.102, 0.024), (0.102, 0.024), (0.102, 0.024), (0.103, 0.024), (0.103, 0.024), (0.103, 0.024), (0.103, 0.024), (0.104, 0.024), (0.104, 0.024), (0.104, 0.023), (0.105, 0.023), (0.105, 0.023), (0.105, 0.023), (0.105, 0.023), (0.106, 0.023), (0.106, 0.023), (0.106, 0.023), (0.107, 0.023), (0.107, 0.022), (0.107, 0.022), (0.107, 0.022), (0.108, 0.022), (0.108, 0.022), (0.108, 0.022), (0.108, 0.022), (0.109, 0.022), (0.109, 0.021), (0.109, 0.021), (0.11, 0.021), (0.11, 0.021), (0.11, 0.021), (0.11, 0.021), (0.111, 0.021), (0.111, 0.021), (0.111, 0.021), (0.111, 0.02), (0.112, 0.02), (0.112, 0.02), (0.112, 0.02), (0.112, 0.02), (0.113, 0.02), (0.113, 0.02), (0.113, 0.02), (0.114, 0.019), (0.114, 0.019), (0.114, 0.019), (0.114, 0.019), (0.115, 0.019), (0.115, 0.019), (0.115, 0.019), (0.115, 0.019), (0.116, 0.018), (0.116, 0.018), (0.116, 0.018), (0.116, 0.018), (0.117, 0.018), (0.117, 0.018), (0.117, 0.018), (0.117, 0.017), (0.117, 0.017), (0.118, 0.017), (0.118, 0.017), (0.118, 0.017), (0.118, 0.017), (0.119, 0.017), (0.119, 0.017), (0.119, 0.016), (0.119, 0.016), (0.12, 0.016), (0.12, 0.016), (0.12, 0.016), (0.12, 0.016), (0.12, 0.016), (0.121, 0.016), (0.121, 0.015), (0.121, 0.015), (0.121, 0.015), (0.122, 0.015), (0.122, 0.015), (0.122, 0.015), (0.122, 0.015), (0.122, 0.014), (0.123, 0.014), (0.123, 0.014), (0.123, 0.014), (0.123, 0.014), (0.123, 0.014), (0.124, 0.014), (0.124, 0.014), (0.124, 0.013), (0.124, 0.013), (0.125, 0.013), (0.125, 0.013), (0.125, 0.013), (0.125, 0.013), (0.125, 0.013), (0.126, 0.012), (0.126, 0.012), (0.126, 0.012), (0.126, 0.012), (0.126, 0.012), (0.126, 0.012), (0.127, 0.012), (0.127, 0.011), (0.127, 0.011), (0.127, 0.011), (0.127, 0.011), (0.128, 0.011), (0.128, 0.011), (0.128, 0.011), (0.128, 0.011), (0.128, 0.01), (0.128, 0.01), (0.129, 0.01), (0.129, 0.01), (0.129, 0.01), (0.129, 0.01), (0.129, 0.01), (0.13, 0.009), (0.13, 0.009), (0.13, 0.009), (0.13, 0.009), (0.13, 0.009), (0.13, 0.009), (0.131, 0.009), (0.131, 0.008), (0.131, 0.008), (0.131, 0.008), (0.131, 0.008), (0.131, 0.008), (0.131, 0.008), (0.132, 0.008), (0.132, 0.007), (0.132, 0.007), (0.132, 0.007), (0.132, 0.007), (0.132, 0.007), (0.133, 0.007), (0.133, 0.007), (0.133, 0.006), (0.133, 0.006), (0.133, 0.006), (0.133, 0.006), (0.133, 0.006), (0.134, 0.006), (0.134, 0.006), (0.134, 0.005), (0.134, 0.005), (0.134, 0.005), (0.134, 0.005), (0.134, 0.005), (0.134, 0.005), (0.135, 0.005), (0.135, 0.004), (0.135, 0.004), (0.135, 0.004), (0.135, 0.004), (0.135, 0.004), (0.135, 0.004), (0.135, 0.004), (0.136, 0.003), (0.136, 0.003), (0.136, 0.003), (0.136, 0.003), (0.136, 0.003), (0.136, 0.003), (0.136, 0.003), (0.136, 0.002), (0.136, 0.002)], path_end=[(0.292, -0.124), (0.293, -0.123), (0.294, -0.122), (0.295, -0.122), (0.296, -0.121), (0.297, -0.12), (0.297, -0.119), (0.298, -0.118), (0.299, -0.117), (0.3, -0.116), (0.3, -0.115), (0.301, -0.114), (0.302, -0.114), (0.302, -0.113), (0.303, -0.112), (0.304, -0.111), (0.304, -0.11), (0.305, -0.109), (0.305, -0.108), (0.306, -0.107), (0.306, -0.106), (0.307, -0.105), (0.307, -0.105), (0.308, -0.104), (0.308, -0.103), (0.308, -0.102), (0.309, -0.101), (0.309, -0.1), (0.309, -0.099), (0.31, -0.098), (0.31, -0.097), (0.31, -0.096), (0.31, -0.096), (0.31, -0.095), (0.311, -0.094), (0.311, -0.093), (0.311, -0.092), (0.311, -0.091), (0.311, -0.09), (0.311, -0.089), (0.311, -0.088), (0.311, -0.088), (0.311, -0.087), (0.31, -0.086), (0.31, -0.085), (0.31, -0.084), (0.31, -0.083), (0.31, -0.082), (0.309, -0.081), (0.309, -0.08), (0.309, -0.08), (0.308, -0.079), (0.308, -0.078), (0.308, -0.077), (0.307, -0.076), (0.307, -0.075), (0.306, -0.074), (0.306, -0.074), (0.305, -0.073), (0.304, -0.072), (0.304, -0.071), (0.303, -0.07), (0.302, -0.069), (0.302, -0.069), (0.301, -0.068), (0.3, -0.067), (0.299, -0.066), (0.299, -0.065), (0.298, -0.064), (0.297, -0.064), (0.296, -0.063), (0.295, -0.062), (0.294, -0.061), (0.293, -0.06), (0.292, -0.059), (0.291, -0.059), (0.29, -0.058), (0.289, -0.057), (0.288, -0.056), (0.287, -0.056), (0.285, -0.055), (0.284, -0.054), (0.283, -0.053), (0.282, -0.052), (0.28, -0.052), (0.279, -0.051), (0.278, -0.05), (0.276, -0.049), (0.275, -0.049), (0.274, -0.048), (0.272, -0.047), (0.271, -0.046), (0.269, -0.046), (0.268, -0.045), (0.266, -0.044), (0.265, -0.043), (0.263, -0.043), (0.261, -0.042), (0.26, -0.041), (0.258, -0.04), (0.256, -0.04), (0.255, -0.039), (0.253, -0.038), (0.251, -0.038), (0.25, -0.037), (0.248, -0.036), (0.246, -0.036), (0.244, -0.035), (0.242, -0.034), (0.24, -0.033), (0.239, -0.033), (0.237, -0.032), (0.235, -0.031), (0.233, -0.031), (0.231, -0.03), (0.229, -0.03), (0.227, -0.029), (0.225, -0.028), (0.223, -0.028), (0.221, -0.027), (0.219, -0.026), (0.217, -0.026), (0.215, -0.025), (0.213, -0.024), (0.21, -0.024), (0.208, -0.023), (0.206, -0.023), (0.204, -0.022), (0.202, -0.021), (0.2, -0.021), (0.197, -0.02), (0.195, -0.02), (0.193, -0.019), (0.191, -0.018), (0.189, -0.018), (0.186, -0.017), (0.184, -0.017), (0.182, -0.016), (0.18, -0.016), (0.177, -0.015), (0.175, -0.014), (0.173, -0.014), (0.17, -0.013), (0.168, -0.013), (0.166, -0.012), (0.163, -0.012), (0.161, -0.011), (0.159, -0.011), (0.156, -0.01), (0.154, -0.01), (0.152, -0.009), (0.149, -0.009), (0.147, -0.008), (0.145, -0.008), (0.142, -0.007), (0.14, -0.007), (0.138, -0.006), (0.135, -0.006), (0.133, -0.005), (0.131, -0.005), (0.128, -0.004), (0.126, -0.004), (0.123, -0.003), (0.121, -0.003), (0.119, -0.002), (0.116, -0.002), (0.114, -0.001), (0.112, -0.001), (0.109, -0.0), (0.107, -0.0), (0.105, 0.0), (0.102, 0.001), (0.1, 0.001), (0.098, 0.002), (0.095, 0.002), (0.093, 0.003), (0.091, 0.003), (0.088, 0.003), (0.086, 0.004), (0.084, 0.004), (0.081, 0.005), (0.079, 0.005), (0.077, 0.005), (0.074, 0.006), (0.072, 0.006), (0.07, 0.007), (0.068, 0.007), (0.065, 0.007), (0.063, 0.008), (0.061, 0.008), (0.059, 0.009), (0.057, 0.009), (0.054, 0.009), (0.052, 0.01), (0.05, 0.01), (0.048, 0.01), (0.046, 0.011), (0.043, 0.011), (0.041, 0.011), (0.039, 0.012), (0.037, 0.012), (0.035, 0.012), (0.033, 0.013), (0.031, 0.013), (0.029, 0.014), (0.027, 0.014), (0.025, 0.014), (0.023, 0.015), (0.021, 0.015), (0.019, 0.015), (0.017, 0.015), (0.015, 0.016), (0.013, 0.016), (0.011, 0.016), (0.009, 0.017), (0.007, 0.017), (0.005, 0.017), (0.003, 0.018), (0.001, 0.018), (-0.001, 0.018), (-0.002, 0.019), (-0.004, 0.019), (-0.006, 0.019), (-0.008, 0.019), (-0.01, 0.02), (-0.011, 0.02), (-0.013, 0.02), (-0.015, 0.021), (-0.017, 0.021), (-0.018, 0.021), (-0.02, 0.021), (-0.022, 0.022), (-0.023, 0.022), (-0.025, 0.022), (-0.027, 0.022), (-0.028, 0.023), (-0.03, 0.023), (-0.031, 0.023), (-0.033, 0.023), (-0.034, 0.024), (-0.036, 0.024), (-0.037, 0.024), (-0.039, 0.024), (-0.04, 0.025), (-0.042, 0.025), (-0.043, 0.025), (-0.045, 0.025), (-0.046, 0.026), (-0.047, 0.026), (-0.049, 0.026), (-0.05, 0.026), (-0.051, 0.027), (-0.053, 0.027), (-0.054, 0.027), (-0.055, 0.027), (-0.057, 0.027), (-0.058, 0.028), (-0.059, 0.028), (-0.06, 0.028), (-0.061, 0.028), (-0.063, 0.028), (-0.064, 0.029), (-0.065, 0.029), (-0.066, 0.029), (-0.067, 0.029), (-0.068, 0.03), (-0.069, 0.03), (-0.07, 0.03), (-0.071, 0.03), (-0.072, 0.03), (-0.073, 0.031), (-0.074, 0.031), (-0.075, 0.031), (-0.076, 0.031), (-0.077, 0.031), (-0.078, 0.031), (-0.079, 0.032), (-0.08, 0.032), (-0.081, 0.032), (-0.082, 0.032), (-0.083, 0.032), (-0.083, 0.033), (-0.084, 0.033), (-0.085, 0.033), (-0.086, 0.033), (-0.087, 0.033), (-0.087, 0.033), (-0.088, 0.034), (-0.089, 0.034), (-0.089, 0.034), (-0.09, 0.034), (-0.091, 0.034), (-0.091, 0.034), (-0.092, 0.035), (-0.093, 0.035), (-0.093, 0.035), (-0.094, 0.035), (-0.095, 0.035), (-0.095, 0.035), (-0.096, 0.036), (-0.096, 0.036), (-0.097, 0.036), (-0.097, 0.036), (-0.098, 0.036), (-0.098, 0.036), (-0.099, 0.036), (-0.099, 0.037), (-0.1, 0.037), (-0.1, 0.037), (-0.1, 0.037), (-0.101, 0.037), (-0.101, 0.037), (-0.102, 0.037), (-0.102, 0.038), (-0.102, 0.038), (-0.103, 0.038), (-0.103, 0.038), (-0.103, 0.038), (-0.104, 0.038), (-0.104, 0.038), (-0.104, 0.038), (-0.104, 0.039), (-0.105, 0.039), (-0.105, 0.039), (-0.105, 0.039), (-0.105, 0.039), (-0.105, 0.039), (-0.106, 0.039), (-0.106, 0.039), (-0.106, 0.04), (-0.106, 0.04), (-0.106, 0.04), (-0.106, 0.04), (-0.107, 0.04), (-0.107, 0.04), (-0.107, 0.04), (-0.107, 0.04), (-0.107, 0.04), (-0.107, 0.041), (-0.107, 0.041), (-0.107, 0.041), (-0.107, 0.041), (-0.107, 0.041), (-0.107, 0.041), (-0.107, 0.041), (-0.107, 0.041), (-0.107, 0.041), (-0.107, 0.042), (-0.107, 0.042), (-0.107, 0.042), (-0.107, 0.042), (-0.107, 0.042), (-0.107, 0.042), (-0.107, 0.042), (-0.107, 0.042), (-0.107, 0.042), (-0.107, 0.042), (-0.107, 0.043), (-0.106, 0.043), (-0.106, 0.043), (-0.106, 0.043), (-0.106, 0.043), (-0.106, 0.043), (-0.106, 0.043), (-0.106, 0.043), (-0.105, 0.043), (-0.105, 0.043), (-0.105, 0.043), (-0.105, 0.044), (-0.105, 0.044), (-0.105, 0.044), (-0.104, 0.044), (-0.104, 0.044), (-0.104, 0.044), (-0.104, 0.044), (-0.103, 0.044), (-0.103, 0.044), (-0.103, 0.044), (-0.103, 0.044), (-0.102, 0.044), (-0.102, 0.044), (-0.102, 0.045), (-0.102, 0.045), (-0.101, 0.045), (-0.101, 0.045), (-0.101, 0.045), (-0.101, 0.045), (-0.1, 0.045), (-0.1, 0.045), (-0.1, 0.045), (-0.099, 0.045), (-0.099, 0.045), (-0.099, 0.045), (-0.098, 0.045), (-0.098, 0.045), (-0.098, 0.045), (-0.097, 0.046), (-0.097, 0.046), (-0.097, 0.046), (-0.096, 0.046), (-0.096, 0.046), (-0.095, 0.046), (-0.095, 0.046), (-0.095, 0.046), (-0.094, 0.046), (-0.094, 0.046), (-0.094, 0.046), (-0.093, 0.046), (-0.093, 0.046), (-0.092, 0.046), (-0.092, 0.046), (-0.092, 0.046), (-0.091, 0.046), (-0.091, 0.047), (-0.09, 0.047), (-0.09, 0.047), (-0.089, 0.047), (-0.089, 0.047), (-0.089, 0.047), (-0.088, 0.047), (-0.088, 0.047), (-0.087, 0.047), (-0.087, 0.047), (-0.086, 0.047), (-0.086, 0.047), (-0.085, 0.047), (-0.085, 0.047), (-0.084, 0.047), (-0.084, 0.047), (-0.084, 0.047), (-0.083, 0.047), (-0.083, 0.047), (-0.082, 0.047), (-0.082, 0.047), (-0.081, 0.047), (-0.081, 0.047), (-0.08, 0.048), (-0.08, 0.048), (-0.079, 0.048), (-0.079, 0.048), (-0.078, 0.048), (-0.078, 0.048), (-0.077, 0.048), (-0.077, 0.048), (-0.076, 0.048), (-0.076, 0.048), (-0.075, 0.048), (-0.075, 0.048), (-0.074, 0.048), (-0.074, 0.048), (-0.073, 0.048), (-0.073, 0.048), (-0.072, 0.048), (-0.072, 0.048), (-0.071, 0.048), (-0.071, 0.048), (-0.07, 0.048), (-0.07, 0.048), (-0.069, 0.048), (-0.069, 0.048), (-0.068, 0.048), (-0.068, 0.048), (-0.067, 0.048), (-0.066, 0.048), (-0.066, 0.048), (-0.065, 0.048), (-0.065, 0.048), (-0.064, 0.048), (-0.064, 0.048), (-0.063, 0.048), (-0.063, 0.048), (-0.062, 0.048), (-0.062, 0.048), (-0.061, 0.048), (-0.061, 0.048), (-0.06, 0.048), (-0.06, 0.048), (-0.059, 0.048), (-0.058, 0.048), (-0.058, 0.049), (-0.057, 0.049), (-0.057, 0.049), (-0.056, 0.049), (-0.056, 0.049), (-0.055, 0.049), (-0.055, 0.049), (-0.054, 0.049), (-0.054, 0.049), (-0.053, 0.049), (-0.052, 0.049), (-0.052, 0.049), (-0.051, 0.049), (-0.051, 0.049), (-0.05, 0.049), (-0.05, 0.049), (-0.049, 0.049), (-0.049, 0.049), (-0.048, 0.049), (-0.047, 0.049), (-0.047, 0.049)], total_steps=3141
  169th iteration: path_start=[(0.011, -0.171), (0.011, -0.169), (0.011, -0.166), (0.01, -0.162), (0.01, -0.157), (0.01, -0.152), (0.01, -0.145), (0.01, -0.138), (0.01, -0.131), (0.01, -0.122), (0.01, -0.113), (0.01, -0.104), (0.01, -0.094), (0.01, -0.084), (0.01, -0.073), (0.01, -0.062), (0.01, -0.05), (0.01, -0.038), (0.01, -0.026), (0.01, -0.013), (0.01, -0.001), (0.01, 0.012), (0.01, 0.025), (0.01, 0.038), (0.01, 0.052), (0.01, 0.065), (0.01, 0.079), (0.01, 0.093), (0.01, 0.106), (0.01, 0.12), (0.011, 0.134), (0.011, 0.148), (0.011, 0.161), (0.011, 0.175), (0.011, 0.189), (0.011, 0.203), (0.011, 0.216), (0.011, 0.23), (0.011, 0.243), (0.011, 0.257), (0.011, 0.27), (0.012, 0.283), (0.012, 0.296), (0.012, 0.309), (0.012, 0.321), (0.012, 0.334), (0.012, 0.346), (0.013, 0.359), (0.013, 0.371), (0.013, 0.382), (0.013, 0.394), (0.013, 0.406), (0.014, 0.417), (0.014, 0.428), (0.014, 0.439), (0.014, 0.45), (0.014, 0.46), (0.015, 0.47), (0.015, 0.48), (0.015, 0.49), (0.016, 0.5), (0.016, 0.509), (0.016, 0.518), (0.016, 0.527), (0.017, 0.536), (0.017, 0.544), (0.017, 0.553), (0.018, 0.561), (0.018, 0.568), (0.018, 0.576), (0.019, 0.583), (0.019, 0.59), (0.019, 0.597), (0.02, 0.604), (0.02, 0.61), (0.02, 0.616), (0.021, 0.622), (0.021, 0.628), (0.022, 0.633), (0.022, 0.638), (0.022, 0.643), (0.023, 0.648), (0.023, 0.653), (0.024, 0.657), (0.024, 0.661), (0.024, 0.665), (0.025, 0.669), (0.025, 0.672), (0.026, 0.675), (0.026, 0.678), (0.027, 0.681), (0.027, 0.684), (0.028, 0.686), (0.028, 0.688), (0.029, 0.69), (0.029, 0.692), (0.029, 0.693), (0.03, 0.695), (0.03, 0.696), (0.031, 0.697), (0.031, 0.698), (0.032, 0.698), (0.032, 0.699), (0.033, 0.699), (0.034, 0.699), (0.034, 0.699), (0.035, 0.698), (0.035, 0.698), (0.036, 0.697), (0.036, 0.696), (0.037, 0.695), (0.037, 0.694), (0.038, 0.693), (0.038, 0.691), (0.039, 0.69), (0.04, 0.688), (0.04, 0.686), (0.041, 0.684), (0.041, 0.682), (0.042, 0.679), (0.042, 0.677), (0.043, 0.674), (0.044, 0.671), (0.044, 0.669), (0.045, 0.665), (0.045, 0.662), (0.046, 0.659), (0.047, 0.656), (0.047, 0.652), (0.048, 0.648), (0.048, 0.645), (0.049, 0.641), (0.05, 0.637), (0.05, 0.633), (0.051, 0.628), (0.051, 0.624), (0.052, 0.62), (0.053, 0.615), (0.053, 0.611), (0.054, 0.606), (0.055, 0.601), (0.055, 0.596), (0.056, 0.591), (0.057, 0.586), (0.057, 0.581), (0.058, 0.576), (0.059, 0.571), (0.059, 0.566), (0.06, 0.56), (0.06, 0.555), (0.061, 0.549), (0.062, 0.544), (0.062, 0.538), (0.063, 0.532), (0.064, 0.527), (0.064, 0.521), (0.065, 0.515), (0.066, 0.509), (0.067, 0.503), (0.067, 0.497), (0.068, 0.491), (0.069, 0.485), (0.069, 0.479), (0.07, 0.473), (0.071, 0.466), (0.071, 0.46), (0.072, 0.454), (0.073, 0.447), (0.073, 0.441), (0.074, 0.435), (0.075, 0.428), (0.075, 0.422), (0.076, 0.415), (0.077, 0.409), (0.078, 0.403), (0.078, 0.396), (0.079, 0.39), (0.08, 0.383), (0.08, 0.376), (0.081, 0.37), (0.082, 0.363), (0.082, 0.357), (0.083, 0.35), (0.084, 0.344), (0.085, 0.337), (0.085, 0.33), (0.086, 0.324), (0.087, 0.317), (0.087, 0.311), (0.088, 0.304), (0.089, 0.298), (0.09, 0.291), (0.09, 0.284), (0.091, 0.278), (0.092, 0.271), (0.092, 0.265), (0.093, 0.258), (0.094, 0.252), (0.095, 0.245), (0.095, 0.239), (0.096, 0.232), (0.097, 0.226), (0.098, 0.219), (0.098, 0.213), (0.099, 0.207), (0.1, 0.2), (0.1, 0.194), (0.101, 0.188), (0.102, 0.181), (0.103, 0.175), (0.103, 0.169), (0.104, 0.163), (0.105, 0.157), (0.106, 0.15), (0.106, 0.144), (0.107, 0.138), (0.108, 0.132), (0.109, 0.126), (0.109, 0.12), (0.11, 0.114), (0.111, 0.108), (0.111, 0.102), (0.112, 0.096), (0.113, 0.091), (0.114, 0.085), (0.114, 0.079), (0.115, 0.073), (0.116, 0.068), (0.117, 0.062), (0.117, 0.056), (0.118, 0.051), (0.119, 0.045), (0.12, 0.04), (0.12, 0.034), (0.121, 0.029), (0.122, 0.023), (0.123, 0.018), (0.123, 0.013), (0.124, 0.008), (0.125, 0.002), (0.126, -0.003), (0.126, -0.008), (0.127, -0.013), (0.128, -0.018), (0.129, -0.023), (0.129, -0.028), (0.13, -0.033), (0.131, -0.038), (0.132, -0.043), (0.132, -0.047), (0.133, -0.052), (0.134, -0.057), (0.135, -0.061), (0.135, -0.066), (0.136, -0.07), (0.137, -0.075), (0.138, -0.079), (0.138, -0.084), (0.139, -0.088), (0.14, -0.093), (0.141, -0.097), (0.141, -0.101), (0.142, -0.105), (0.143, -0.109), (0.144, -0.113), (0.144, -0.118), (0.145, -0.122), (0.146, -0.125), (0.147, -0.129), (0.147, -0.133), (0.148, -0.137), (0.149, -0.141), (0.15, -0.145), (0.15, -0.148), (0.151, -0.152), (0.152, -0.156), (0.153, -0.159), (0.153, -0.163), (0.154, -0.166), (0.155, -0.169), (0.156, -0.173), (0.156, -0.176), (0.157, -0.179), (0.158, -0.183), (0.159, -0.186), (0.159, -0.189), (0.16, -0.192), (0.161, -0.195), (0.162, -0.198), (0.163, -0.201), (0.163, -0.204), (0.164, -0.207), (0.165, -0.21), (0.166, -0.213), (0.166, -0.216), (0.167, -0.218), (0.168, -0.221), (0.169, -0.224), (0.169, -0.226), (0.17, -0.229), (0.171, -0.232), (0.172, -0.234), (0.172, -0.237), (0.173, -0.239), (0.174, -0.241), (0.175, -0.244), (0.175, -0.246), (0.176, -0.248), (0.177, -0.25), (0.178, -0.253), (0.178, -0.255), (0.179, -0.257), (0.18, -0.259), (0.181, -0.261), (0.182, -0.263), (0.182, -0.265), (0.183, -0.267), (0.184, -0.269), (0.185, -0.271), (0.185, -0.273), (0.186, -0.274), (0.187, -0.276), (0.188, -0.278), (0.188, -0.28), (0.189, -0.281), (0.19, -0.283), (0.191, -0.285), (0.191, -0.286), (0.192, -0.288), (0.193, -0.289), (0.194, -0.291), (0.194, -0.292), (0.195, -0.294), (0.196, -0.295), (0.197, -0.296), (0.197, -0.298), (0.198, -0.299), (0.199, -0.3), (0.2, -0.301), (0.201, -0.303), (0.201, -0.304), (0.202, -0.305), (0.203, -0.306), (0.204, -0.307), (0.204, -0.308), (0.205, -0.309), (0.206, -0.31), (0.207, -0.311), (0.207, -0.312), (0.208, -0.313), (0.209, -0.314), (0.21, -0.315), (0.21, -0.316), (0.211, -0.317), (0.212, -0.318), (0.213, -0.319), (0.213, -0.319), (0.214, -0.32), (0.215, -0.321), (0.216, -0.322), (0.217, -0.322), (0.217, -0.323), (0.218, -0.324), (0.219, -0.324), (0.22, -0.325), (0.22, -0.325), (0.221, -0.326), (0.222, -0.326), (0.223, -0.327), (0.223, -0.327), (0.224, -0.328), (0.225, -0.328), (0.226, -0.329), (0.226, -0.329), (0.227, -0.33), (0.228, -0.33), (0.229, -0.33), (0.23, -0.331), (0.23, -0.331), (0.231, -0.331), (0.232, -0.332), (0.233, -0.332), (0.233, -0.332), (0.234, -0.332), (0.235, -0.333), (0.236, -0.333), (0.236, -0.333), (0.237, -0.333), (0.238, -0.333), (0.239, -0.334), (0.239, -0.334), (0.24, -0.334), (0.241, -0.334), (0.242, -0.334), (0.242, -0.334), (0.243, -0.334), (0.244, -0.334), (0.245, -0.334), (0.246, -0.334), (0.246, -0.334), (0.247, -0.334), (0.248, -0.334), (0.249, -0.334), (0.249, -0.334), (0.25, -0.334), (0.251, -0.334), (0.252, -0.334), (0.252, -0.334), (0.253, -0.334), (0.254, -0.334), (0.255, -0.334), (0.255, -0.333), (0.256, -0.333), (0.257, -0.333), (0.258, -0.333), (0.259, -0.333), (0.259, -0.333), (0.26, -0.332), (0.261, -0.332), (0.262, -0.332), (0.262, -0.332), (0.263, -0.332), (0.264, -0.331), (0.265, -0.331), (0.265, -0.331), (0.266, -0.331), (0.267, -0.33), (0.268, -0.33), (0.268, -0.33), (0.269, -0.329), (0.27, -0.329), (0.271, -0.329), (0.271, -0.328), (0.272, -0.328), (0.273, -0.328), (0.274, -0.327), (0.275, -0.327), (0.275, -0.327), (0.276, -0.326), (0.277, -0.326), (0.278, -0.325), (0.278, -0.325), (0.279, -0.325), (0.28, -0.324), (0.281, -0.324), (0.281, -0.323), (0.282, -0.323), (0.283, -0.323), (0.284, -0.322), (0.284, -0.322), (0.285, -0.321), (0.286, -0.321), (0.287, -0.32), (0.288, -0.32), (0.288, -0.319), (0.289, -0.319), (0.29, -0.318), (0.291, -0.318), (0.291, -0.317), (0.292, -0.317), (0.293, -0.316), (0.294, -0.316), (0.294, -0.315), (0.295, -0.315), (0.296, -0.314), (0.297, -0.314), (0.297, -0.313), (0.298, -0.313), (0.299, -0.312), (0.3, -0.312), (0.301, -0.311), (0.301, -0.311), (0.302, -0.31), (0.303, -0.309), (0.304, -0.309), (0.304, -0.308), (0.305, -0.308), (0.306, -0.307), (0.307, -0.307), (0.307, -0.306), (0.308, -0.305), (0.309, -0.305), (0.31, -0.304), (0.31, -0.304), (0.311, -0.303), (0.312, -0.302), (0.313, -0.302), (0.314, -0.301), (0.314, -0.301), (0.315, -0.3), (0.316, -0.299), (0.317, -0.299), (0.317, -0.298), (0.318, -0.298), (0.319, -0.297), (0.32, -0.296), (0.32, -0.296), (0.321, -0.295), (0.322, -0.294), (0.323, -0.294)], path_end=[(0.87, 1.555), (0.862, 1.557), (0.854, 1.56), (0.845, 1.562), (0.837, 1.565), (0.829, 1.567), (0.821, 1.57), (0.813, 1.572), (0.805, 1.575), (0.796, 1.577), (0.788, 1.58), (0.78, 1.583), (0.772, 1.585), (0.764, 1.588), (0.756, 1.59), (0.748, 1.593), (0.739, 1.595), (0.731, 1.598), (0.723, 1.6), (0.715, 1.603), (0.707, 1.605), (0.699, 1.608), (0.691, 1.61), (0.683, 1.613), (0.675, 1.616), (0.667, 1.618), (0.659, 1.621), (0.651, 1.623), (0.643, 1.626), (0.635, 1.628), (0.627, 1.631), (0.619, 1.633), (0.611, 1.636), (0.603, 1.638), (0.595, 1.641), (0.587, 1.643), (0.58, 1.646), (0.572, 1.648), (0.564, 1.651), (0.556, 1.653), (0.548, 1.655), (0.541, 1.658), (0.533, 1.66), (0.525, 1.663), (0.518, 1.665), (0.51, 1.668), (0.503, 1.67), (0.495, 1.673), (0.488, 1.675), (0.48, 1.677), (0.473, 1.68), (0.465, 1.682), (0.458, 1.685), (0.45, 1.687), (0.443, 1.689), (0.436, 1.692), (0.428, 1.694), (0.421, 1.696), (0.414, 1.699), (0.407, 1.701), (0.4, 1.704), (0.393, 1.706), (0.386, 1.708), (0.379, 1.711), (0.372, 1.713), (0.365, 1.715), (0.358, 1.717), (0.351, 1.72), (0.344, 1.722), (0.337, 1.724), (0.331, 1.727), (0.324, 1.729), (0.317, 1.731), (0.311, 1.733), (0.304, 1.735), (0.298, 1.738), (0.291, 1.74), (0.285, 1.742), (0.278, 1.744), (0.272, 1.747), (0.266, 1.749), (0.259, 1.751), (0.253, 1.753), (0.247, 1.755), (0.241, 1.757), (0.235, 1.759), (0.229, 1.762), (0.223, 1.764), (0.217, 1.766), (0.211, 1.768), (0.205, 1.77), (0.199, 1.772), (0.194, 1.774), (0.188, 1.776), (0.182, 1.778), (0.176, 1.78), (0.171, 1.782), (0.165, 1.784), (0.16, 1.786), (0.154, 1.788), (0.149, 1.79), (0.144, 1.792), (0.138, 1.794), (0.133, 1.796), (0.128, 1.798), (0.123, 1.8), (0.118, 1.802), (0.113, 1.804), (0.108, 1.806), (0.103, 1.808), (0.098, 1.81), (0.093, 1.812), (0.088, 1.814), (0.083, 1.815), (0.079, 1.817), (0.074, 1.819), (0.069, 1.821), (0.065, 1.823), (0.06, 1.825), (0.056, 1.826), (0.051, 1.828), (0.047, 1.83), (0.043, 1.832), (0.038, 1.834), (0.034, 1.835), (0.03, 1.837), (0.026, 1.839), (0.022, 1.841), (0.018, 1.842), (0.014, 1.844), (0.01, 1.846), (0.006, 1.847), (0.002, 1.849), (-0.002, 1.851), (-0.006, 1.852), (-0.009, 1.854), (-0.013, 1.856), (-0.017, 1.857), (-0.02, 1.859), (-0.024, 1.861), (-0.027, 1.862), (-0.031, 1.864), (-0.034, 1.865), (-0.037, 1.867), (-0.041, 1.869), (-0.044, 1.87), (-0.047, 1.872), (-0.051, 1.873), (-0.054, 1.875), (-0.057, 1.876), (-0.06, 1.878), (-0.063, 1.879), (-0.066, 1.881), (-0.069, 1.882), (-0.072, 1.884), (-0.074, 1.885), (-0.077, 1.887), (-0.08, 1.888), (-0.083, 1.89), (-0.085, 1.891), (-0.088, 1.893), (-0.091, 1.894), (-0.093, 1.896), (-0.096, 1.897), (-0.098, 1.898), (-0.101, 1.9), (-0.103, 1.901), (-0.106, 1.903), (-0.108, 1.904), (-0.11, 1.905), (-0.112, 1.907), (-0.115, 1.908), (-0.117, 1.91), (-0.119, 1.911), (-0.121, 1.912), (-0.123, 1.914), (-0.125, 1.915), (-0.127, 1.916), (-0.129, 1.917), (-0.131, 1.919), (-0.133, 1.92), (-0.135, 1.921), (-0.137, 1.923), (-0.138, 1.924), (-0.14, 1.925), (-0.142, 1.926), (-0.144, 1.928), (-0.145, 1.929), (-0.147, 1.93), (-0.149, 1.931), (-0.15, 1.933), (-0.152, 1.934), (-0.153, 1.935), (-0.155, 1.936), (-0.156, 1.938), (-0.157, 1.939), (-0.159, 1.94), (-0.16, 1.941), (-0.162, 1.942), (-0.163, 1.943), (-0.164, 1.945), (-0.165, 1.946), (-0.167, 1.947), (-0.168, 1.948), (-0.169, 1.949), (-0.17, 1.95), (-0.171, 1.952), (-0.172, 1.953), (-0.173, 1.954), (-0.174, 1.955), (-0.175, 1.956), (-0.176, 1.957), (-0.177, 1.958), (-0.178, 1.959), (-0.179, 1.96), (-0.18, 1.961), (-0.181, 1.963), (-0.182, 1.964), (-0.182, 1.965), (-0.183, 1.966), (-0.184, 1.967), (-0.185, 1.968), (-0.185, 1.969), (-0.186, 1.97), (-0.187, 1.971), (-0.187, 1.972), (-0.188, 1.973), (-0.189, 1.974), (-0.189, 1.975), (-0.19, 1.976), (-0.19, 1.977), (-0.191, 1.978), (-0.191, 1.979), (-0.192, 1.98), (-0.192, 1.981), (-0.193, 1.982), (-0.193, 1.983), (-0.194, 1.984), (-0.194, 1.985), (-0.194, 1.986), (-0.195, 1.987), (-0.195, 1.988), (-0.195, 1.989), (-0.196, 1.99), (-0.196, 1.991), (-0.196, 1.992), (-0.196, 1.993), (-0.197, 1.994), (-0.197, 1.995), (-0.197, 1.996), (-0.197, 1.997), (-0.197, 1.998), (-0.198, 1.999), (-0.198, 2.0), (-0.198, 2.001), (-0.198, 2.002), (-0.198, 2.002), (-0.198, 2.003), (-0.198, 2.004), (-0.198, 2.005), (-0.198, 2.006), (-0.198, 2.007), (-0.198, 2.008), (-0.198, 2.009), (-0.198, 2.01), (-0.198, 2.011), (-0.198, 2.011), (-0.198, 2.012), (-0.198, 2.013), (-0.198, 2.014), (-0.198, 2.015), (-0.198, 2.016), (-0.198, 2.017), (-0.198, 2.018), (-0.198, 2.019), (-0.197, 2.019), (-0.197, 2.02), (-0.197, 2.021), (-0.197, 2.022), (-0.197, 2.023), (-0.197, 2.024), (-0.196, 2.025), (-0.196, 2.025), (-0.196, 2.026), (-0.196, 2.027), (-0.196, 2.028), (-0.195, 2.029), (-0.195, 2.03), (-0.195, 2.03), (-0.194, 2.031), (-0.194, 2.032), (-0.194, 2.033), (-0.194, 2.034), (-0.193, 2.034), (-0.193, 2.035), (-0.193, 2.036), (-0.192, 2.037), (-0.192, 2.038), (-0.192, 2.038), (-0.191, 2.039), (-0.191, 2.04), (-0.191, 2.041), (-0.19, 2.042), (-0.19, 2.042), (-0.189, 2.043), (-0.189, 2.044), (-0.189, 2.045), (-0.188, 2.046), (-0.188, 2.046), (-0.187, 2.047), (-0.187, 2.048), (-0.187, 2.049), (-0.186, 2.049), (-0.186, 2.05), (-0.185, 2.051), (-0.185, 2.052), (-0.184, 2.052), (-0.184, 2.053), (-0.183, 2.054), (-0.183, 2.055), (-0.182, 2.055), (-0.182, 2.056), (-0.181, 2.057), (-0.181, 2.057), (-0.18, 2.058), (-0.18, 2.059), (-0.179, 2.06), (-0.179, 2.06), (-0.178, 2.061), (-0.178, 2.062), (-0.177, 2.062), (-0.177, 2.063), (-0.176, 2.064), (-0.176, 2.064), (-0.175, 2.065), (-0.175, 2.066), (-0.174, 2.066), (-0.173, 2.067), (-0.173, 2.068), (-0.172, 2.068), (-0.172, 2.069), (-0.171, 2.069), (-0.171, 2.07), (-0.17, 2.071), (-0.169, 2.071), (-0.169, 2.072), (-0.168, 2.073), (-0.168, 2.073), (-0.167, 2.074), (-0.166, 2.074), (-0.166, 2.075), (-0.165, 2.075), (-0.165, 2.076), (-0.164, 2.077), (-0.163, 2.077), (-0.163, 2.078), (-0.162, 2.078), (-0.161, 2.079), (-0.161, 2.079), (-0.16, 2.08), (-0.16, 2.08), (-0.159, 2.081), (-0.158, 2.081), (-0.158, 2.082), (-0.157, 2.082), (-0.156, 2.083), (-0.156, 2.083), (-0.155, 2.084), (-0.154, 2.084), (-0.154, 2.084), (-0.153, 2.085), (-0.152, 2.085), (-0.152, 2.086), (-0.151, 2.086), (-0.151, 2.086), (-0.15, 2.087), (-0.149, 2.087), (-0.148, 2.087), (-0.148, 2.088), (-0.147, 2.088), (-0.146, 2.088), (-0.146, 2.089), (-0.145, 2.089), (-0.144, 2.089), (-0.144, 2.089), (-0.143, 2.09), (-0.142, 2.09), (-0.142, 2.09), (-0.141, 2.09), (-0.14, 2.091), (-0.14, 2.091), (-0.139, 2.091), (-0.138, 2.091), (-0.138, 2.091), (-0.137, 2.091), (-0.136, 2.091), (-0.135, 2.091), (-0.135, 2.092), (-0.134, 2.092), (-0.133, 2.092), (-0.133, 2.092), (-0.132, 2.092), (-0.131, 2.092), (-0.131, 2.092), (-0.13, 2.092), (-0.129, 2.091), (-0.128, 2.091), (-0.128, 2.091), (-0.127, 2.091), (-0.126, 2.091), (-0.126, 2.091), (-0.125, 2.091), (-0.124, 2.09), (-0.123, 2.09), (-0.123, 2.09), (-0.122, 2.09), (-0.121, 2.089), (-0.121, 2.089), (-0.12, 2.089), (-0.119, 2.088), (-0.118, 2.088), (-0.118, 2.087), (-0.117, 2.087), (-0.116, 2.087), (-0.115, 2.086), (-0.115, 2.086), (-0.114, 2.085), (-0.113, 2.084), (-0.113, 2.084), (-0.112, 2.083), (-0.111, 2.083), (-0.11, 2.082), (-0.11, 2.081), (-0.109, 2.08), (-0.108, 2.08), (-0.107, 2.079), (-0.107, 2.078), (-0.106, 2.077), (-0.105, 2.076), (-0.104, 2.075), (-0.104, 2.074), (-0.103, 2.073), (-0.102, 2.072), (-0.101, 2.071), (-0.101, 2.07), (-0.1, 2.069), (-0.099, 2.068), (-0.099, 2.067), (-0.098, 2.066), (-0.097, 2.064), (-0.096, 2.063), (-0.096, 2.062), (-0.095, 2.06), (-0.094, 2.059), (-0.093, 2.057), (-0.093, 2.056), (-0.092, 2.054), (-0.091, 2.053), (-0.09, 2.051), (-0.09, 2.049), (-0.089, 2.048), (-0.088, 2.046), (-0.087, 2.044), (-0.087, 2.042), (-0.086, 2.041), (-0.085, 2.039), (-0.084, 2.037), (-0.084, 2.035), (-0.083, 2.033), (-0.082, 2.031), (-0.081, 2.028), (-0.081, 2.026), (-0.08, 2.024), (-0.079, 2.022), (-0.078, 2.019), (-0.078, 2.017), (-0.077, 2.015), (-0.076, 2.012), (-0.075, 2.01), (-0.075, 2.007), (-0.074, 2.004), (-0.073, 2.002), (-0.072, 1.999), (-0.072, 1.996), (-0.071, 1.993), (-0.07, 1.991), (-0.069, 1.988), (-0.069, 1.985), (-0.068, 1.982), (-0.067, 1.979), (-0.066, 1.975), (-0.066, 1.972), (-0.065, 1.969), (-0.064, 1.966), (-0.063, 1.962), (-0.063, 1.959), (-0.062, 1.955), (-0.061, 1.952), (-0.06, 1.948), (-0.06, 1.945)], total_steps=3141
  171st iteration: path_start=[(0.011, -0.172), (0.011, -0.172), (0.012, -0.173), (0.012, -0.173), (0.013, -0.173), (0.014, -0.173), (0.015, -0.173), (0.016, -0.173), (0.017, -0.173), (0.018, -0.174), (0.02, -0.174), (0.021, -0.174), (0.023, -0.174), (0.025, -0.174), (0.026, -0.175), (0.028, -0.175), (0.03, -0.175), (0.032, -0.175), (0.034, -0.176), (0.036, -0.176), (0.038, -0.176), (0.04, -0.176), (0.042, -0.177), (0.044, -0.177), (0.046, -0.177), (0.049, -0.177), (0.051, -0.178), (0.053, -0.178), (0.055, -0.178), (0.058, -0.178), (0.06, -0.179), (0.062, -0.179), (0.065, -0.179), (0.067, -0.179), (0.069, -0.18), (0.072, -0.18), (0.074, -0.18), (0.077, -0.18), (0.079, -0.18), (0.081, -0.181), (0.084, -0.181), (0.086, -0.181), (0.088, -0.181), (0.091, -0.181), (0.093, -0.181), (0.095, -0.182), (0.097, -0.182), (0.1, -0.182), (0.102, -0.182), (0.104, -0.182), (0.106, -0.182), (0.108, -0.182), (0.111, -0.182), (0.113, -0.182), (0.115, -0.182), (0.117, -0.183), (0.119, -0.183), (0.121, -0.183), (0.123, -0.183), (0.125, -0.183), (0.127, -0.183), (0.129, -0.183), (0.131, -0.183), (0.133, -0.183), (0.135, -0.183), (0.137, -0.183), (0.139, -0.183), (0.14, -0.183), (0.142, -0.183), (0.144, -0.182), (0.146, -0.182), (0.148, -0.182), (0.149, -0.182), (0.151, -0.182), (0.153, -0.182), (0.154, -0.182), (0.156, -0.182), (0.157, -0.182), (0.159, -0.181), (0.16, -0.181), (0.162, -0.181), (0.163, -0.181), (0.165, -0.181), (0.166, -0.181), (0.167, -0.18), (0.169, -0.18), (0.17, -0.18), (0.171, -0.18), (0.173, -0.18), (0.174, -0.179), (0.175, -0.179), (0.176, -0.179), (0.178, -0.179), (0.179, -0.178), (0.18, -0.178), (0.181, -0.178), (0.182, -0.178), (0.183, -0.177), (0.184, -0.177), (0.185, -0.177), (0.186, -0.176), (0.187, -0.176), (0.188, -0.176), (0.189, -0.175), (0.19, -0.175), (0.191, -0.175), (0.192, -0.174), (0.192, -0.174), (0.193, -0.174), (0.194, -0.173), (0.195, -0.173), (0.196, -0.173), (0.196, -0.172), (0.197, -0.172), (0.198, -0.171), (0.198, -0.171), (0.199, -0.171), (0.2, -0.17), (0.2, -0.17), (0.201, -0.169), (0.201, -0.169), (0.202, -0.169), (0.202, -0.168), (0.203, -0.168), (0.204, -0.167), (0.204, -0.167), (0.204, -0.166), (0.205, -0.166), (0.205, -0.165), (0.206, -0.165), (0.206, -0.165), (0.207, -0.164), (0.207, -0.164), (0.207, -0.163), (0.208, -0.163), (0.208, -0.162), (0.208, -0.162), (0.209, -0.161), (0.209, -0.161), (0.209, -0.16), (0.209, -0.16), (0.21, -0.159), (0.21, -0.159), (0.21, -0.158), (0.21, -0.158), (0.21, -0.157), (0.211, -0.157), (0.211, -0.156), (0.211, -0.155), (0.211, -0.155), (0.211, -0.154), (0.211, -0.154), (0.211, -0.153), (0.211, -0.153), (0.211, -0.152), (0.212, -0.152), (0.212, -0.151), (0.212, -0.151), (0.212, -0.15), (0.212, -0.149), (0.212, -0.149), (0.212, -0.148), (0.212, -0.148), (0.212, -0.147), (0.212, -0.147), (0.212, -0.146), (0.212, -0.145), (0.211, -0.145), (0.211, -0.144), (0.211, -0.144), (0.211, -0.143), (0.211, -0.143), (0.211, -0.142), (0.211, -0.141), (0.211, -0.141), (0.211, -0.14), (0.21, -0.14), (0.21, -0.139), (0.21, -0.138), (0.21, -0.138), (0.21, -0.137), (0.21, -0.137), (0.209, -0.136), (0.209, -0.135), (0.209, -0.135), (0.209, -0.134), (0.209, -0.133), (0.208, -0.133), (0.208, -0.132), (0.208, -0.132), (0.208, -0.131), (0.207, -0.13), (0.207, -0.13), (0.207, -0.129), (0.207, -0.128), (0.206, -0.128), (0.206, -0.127), (0.206, -0.127), (0.205, -0.126), (0.205, -0.125), (0.205, -0.125), (0.205, -0.124), (0.204, -0.123), (0.204, -0.123), (0.204, -0.122), (0.203, -0.121), (0.203, -0.121), (0.202, -0.12), (0.202, -0.12), (0.202, -0.119), (0.201, -0.118), (0.201, -0.118), (0.201, -0.117), (0.2, -0.116), (0.2, -0.116), (0.199, -0.115), (0.199, -0.114), (0.199, -0.114), (0.198, -0.113), (0.198, -0.112), (0.197, -0.112), (0.197, -0.111), (0.197, -0.11), (0.196, -0.11), (0.196, -0.109), (0.195, -0.109), (0.195, -0.108), (0.194, -0.107), (0.194, -0.107), (0.193, -0.106), (0.193, -0.105), (0.193, -0.105), (0.192, -0.104), (0.192, -0.103), (0.191, -0.103), (0.191, -0.102), (0.19, -0.101), (0.19, -0.101), (0.189, -0.1), (0.189, -0.099), (0.188, -0.099), (0.188, -0.098), (0.187, -0.097), (0.187, -0.097), (0.186, -0.096), (0.186, -0.095), (0.185, -0.095), (0.184, -0.094), (0.184, -0.093), (0.183, -0.093), (0.183, -0.092), (0.182, -0.091), (0.182, -0.091), (0.181, -0.09), (0.181, -0.089), (0.18, -0.089), (0.18, -0.088), (0.179, -0.087), (0.178, -0.087), (0.178, -0.086), (0.177, -0.085), (0.177, -0.085), (0.176, -0.084), (0.176, -0.083), (0.175, -0.083), (0.174, -0.082), (0.174, -0.081), (0.173, -0.081), (0.173, -0.08), (0.172, -0.079), (0.171, -0.079), (0.171, -0.078), (0.17, -0.077), (0.17, -0.077), (0.169, -0.076), (0.168, -0.075), (0.168, -0.075), (0.167, -0.074), (0.166, -0.073), (0.166, -0.072), (0.165, -0.072), (0.164, -0.071), (0.164, -0.07), (0.163, -0.07), (0.163, -0.069), (0.162, -0.068), (0.161, -0.068), (0.161, -0.067), (0.16, -0.066), (0.159, -0.066), (0.159, -0.065), (0.158, -0.064), (0.157, -0.064), (0.157, -0.063), (0.156, -0.062), (0.155, -0.062), (0.155, -0.061), (0.154, -0.06), (0.153, -0.06), (0.153, -0.059), (0.152, -0.058), (0.151, -0.058), (0.15, -0.057), (0.15, -0.056), (0.149, -0.056), (0.148, -0.055), (0.148, -0.054), (0.147, -0.054), (0.146, -0.053), (0.146, -0.052), (0.145, -0.051), (0.144, -0.051), (0.143, -0.05), (0.143, -0.049), (0.142, -0.049), (0.141, -0.048), (0.141, -0.047), (0.14, -0.047), (0.139, -0.046), (0.138, -0.045), (0.138, -0.045), (0.137, -0.044), (0.136, -0.043), (0.135, -0.043), (0.135, -0.042), (0.134, -0.041), (0.133, -0.041), (0.132, -0.04), (0.132, -0.039), (0.131, -0.039), (0.13, -0.038), (0.129, -0.037), (0.129, -0.037), (0.128, -0.036), (0.127, -0.035), (0.126, -0.034), (0.126, -0.034), (0.125, -0.033), (0.124, -0.032), (0.123, -0.032), (0.123, -0.031), (0.122, -0.03), (0.121, -0.03), (0.12, -0.029), (0.12, -0.028), (0.119, -0.028), (0.118, -0.027), (0.117, -0.026), (0.116, -0.026), (0.116, -0.025), (0.115, -0.024), (0.114, -0.024), (0.113, -0.023), (0.112, -0.022), (0.112, -0.022), (0.111, -0.021), (0.11, -0.02), (0.109, -0.019), (0.108, -0.019), (0.108, -0.018), (0.107, -0.017), (0.106, -0.017), (0.105, -0.016), (0.104, -0.015), (0.104, -0.015), (0.103, -0.014), (0.102, -0.013), (0.101, -0.013), (0.1, -0.012), (0.1, -0.011), (0.099, -0.011), (0.098, -0.01), (0.097, -0.009), (0.096, -0.008), (0.096, -0.008), (0.095, -0.007), (0.094, -0.006), (0.093, -0.006), (0.092, -0.005), (0.091, -0.004), (0.091, -0.004), (0.09, -0.003), (0.089, -0.002), (0.088, -0.002), (0.087, -0.001), (0.086, -0.0), (0.086, 0.0), (0.085, 0.001), (0.084, 0.002), (0.083, 0.003), (0.082, 0.003), (0.082, 0.004), (0.081, 0.005), (0.08, 0.005), (0.079, 0.006), (0.078, 0.007), (0.077, 0.007), (0.077, 0.008), (0.076, 0.009), (0.075, 0.009), (0.074, 0.01), (0.073, 0.011), (0.072, 0.012), (0.072, 0.012), (0.071, 0.013), (0.07, 0.014), (0.069, 0.014), (0.068, 0.015), (0.067, 0.016), (0.066, 0.016), (0.066, 0.017), (0.065, 0.018), (0.064, 0.018), (0.063, 0.019), (0.062, 0.02), (0.061, 0.021), (0.061, 0.021), (0.06, 0.022), (0.059, 0.023), (0.058, 0.023), (0.057, 0.024), (0.056, 0.025), (0.056, 0.025), (0.055, 0.026), (0.054, 0.027), (0.053, 0.028), (0.052, 0.028), (0.051, 0.029), (0.051, 0.03), (0.05, 0.03), (0.049, 0.031), (0.048, 0.032), (0.047, 0.032), (0.046, 0.033), (0.046, 0.034), (0.045, 0.035), (0.044, 0.035), (0.043, 0.036), (0.042, 0.037), (0.041, 0.037), (0.041, 0.038), (0.04, 0.039), (0.039, 0.04), (0.038, 0.04), (0.037, 0.041), (0.036, 0.042), (0.036, 0.042), (0.035, 0.043), (0.034, 0.044), (0.033, 0.044), (0.032, 0.045), (0.031, 0.046), (0.031, 0.047), (0.03, 0.047), (0.029, 0.048), (0.028, 0.049), (0.027, 0.049), (0.027, 0.05), (0.026, 0.051), (0.025, 0.052), (0.024, 0.052), (0.023, 0.053), (0.022, 0.054), (0.022, 0.054), (0.021, 0.055), (0.02, 0.056), (0.019, 0.057), (0.018, 0.057), (0.018, 0.058), (0.017, 0.059), (0.016, 0.059), (0.015, 0.06), (0.014, 0.061), (0.014, 0.062), (0.013, 0.062), (0.012, 0.063), (0.011, 0.064), (0.01, 0.065), (0.01, 0.065), (0.009, 0.066), (0.008, 0.067), (0.007, 0.067), (0.006, 0.068), (0.006, 0.069), (0.005, 0.07), (0.004, 0.07), (0.003, 0.071), (0.003, 0.072), (0.002, 0.073), (0.001, 0.073), (0.0, 0.074), (-0.001, 0.075), (-0.001, 0.075), (-0.002, 0.076), (-0.003, 0.077), (-0.004, 0.078), (-0.004, 0.078), (-0.005, 0.079), (-0.006, 0.08), (-0.007, 0.081)], path_end=[(-0.108, 0.042), (-0.103, 0.037), (-0.098, 0.033), (-0.094, 0.028), (-0.089, 0.023), (-0.084, 0.019), (-0.079, 0.014), (-0.074, 0.01), (-0.07, 0.005), (-0.065, 0.001), (-0.06, -0.004), (-0.055, -0.008), (-0.05, -0.013), (-0.046, -0.017), (-0.041, -0.022), (-0.036, -0.026), (-0.032, -0.031), (-0.027, -0.035), (-0.022, -0.04), (-0.017, -0.044), (-0.013, -0.049), (-0.008, -0.053), (-0.003, -0.057), (0.001, -0.062), (0.006, -0.066), (0.01, -0.07), (0.015, -0.075), (0.02, -0.079), (0.024, -0.084), (0.029, -0.088), (0.033, -0.092), (0.038, -0.096), (0.042, -0.101), (0.047, -0.105), (0.051, -0.109), (0.056, -0.113), (0.06, -0.118), (0.065, -0.122), (0.069, -0.126), (0.074, -0.13), (0.078, -0.134), (0.082, -0.138), (0.087, -0.142), (0.091, -0.147), (0.095, -0.151), (0.099, -0.155), (0.104, -0.159), (0.108, -0.163), (0.112, -0.167), (0.116, -0.171), (0.121, -0.174), (0.125, -0.178), (0.129, -0.182), (0.133, -0.186), (0.137, -0.19), (0.141, -0.194), (0.145, -0.198), (0.149, -0.201), (0.153, -0.205), (0.157, -0.209), (0.161, -0.213), (0.165, -0.216), (0.169, -0.22), (0.173, -0.224), (0.177, -0.227), (0.18, -0.231), (0.184, -0.234), (0.188, -0.238), (0.192, -0.241), (0.195, -0.245), (0.199, -0.248), (0.203, -0.252), (0.206, -0.255), (0.21, -0.258), (0.214, -0.262), (0.217, -0.265), (0.221, -0.268), (0.224, -0.272), (0.228, -0.275), (0.231, -0.278), (0.235, -0.281), (0.238, -0.284), (0.241, -0.288), (0.245, -0.291), (0.248, -0.294), (0.251, -0.297), (0.254, -0.3), (0.258, -0.303), (0.261, -0.306), (0.264, -0.309), (0.267, -0.312), (0.27, -0.314), (0.273, -0.317), (0.276, -0.32), (0.279, -0.323), (0.282, -0.326), (0.285, -0.328), (0.288, -0.331), (0.291, -0.334), (0.294, -0.336), (0.297, -0.339), (0.3, -0.342), (0.303, -0.344), (0.305, -0.347), (0.308, -0.349), (0.311, -0.352), (0.313, -0.354), (0.316, -0.356), (0.319, -0.359), (0.321, -0.361), (0.324, -0.364), (0.326, -0.366), (0.329, -0.368), (0.331, -0.37), (0.334, -0.373), (0.336, -0.375), (0.339, -0.377), (0.341, -0.379), (0.343, -0.381), (0.346, -0.383), (0.348, -0.385), (0.35, -0.387), (0.352, -0.389), (0.354, -0.391), (0.357, -0.393), (0.359, -0.395), (0.361, -0.397), (0.363, -0.399), (0.365, -0.4), (0.367, -0.402), (0.369, -0.404), (0.371, -0.406), (0.373, -0.407), (0.375, -0.409), (0.377, -0.411), (0.378, -0.412), (0.38, -0.414), (0.382, -0.416), (0.384, -0.417), (0.386, -0.419), (0.387, -0.42), (0.389, -0.422), (0.391, -0.423), (0.392, -0.424), (0.394, -0.426), (0.395, -0.427), (0.397, -0.428), (0.399, -0.43), (0.4, -0.431), (0.402, -0.432), (0.403, -0.434), (0.404, -0.435), (0.406, -0.436), (0.407, -0.437), (0.409, -0.438), (0.41, -0.439), (0.411, -0.44), (0.413, -0.441), (0.414, -0.442), (0.415, -0.443), (0.416, -0.444), (0.417, -0.445), (0.419, -0.446), (0.42, -0.447), (0.421, -0.448), (0.422, -0.449), (0.423, -0.45), (0.424, -0.451), (0.425, -0.452), (0.426, -0.452), (0.427, -0.453), (0.428, -0.454), (0.429, -0.455), (0.43, -0.455), (0.431, -0.456), (0.432, -0.457), (0.433, -0.457), (0.433, -0.458), (0.434, -0.458), (0.435, -0.459), (0.436, -0.46), (0.437, -0.46), (0.437, -0.461), (0.438, -0.461), (0.439, -0.462), (0.44, -0.462), (0.44, -0.463), (0.441, -0.463), (0.441, -0.463), (0.442, -0.464), (0.443, -0.464), (0.443, -0.464), (0.444, -0.465), (0.444, -0.465), (0.445, -0.465), (0.445, -0.466), (0.446, -0.466), (0.446, -0.466), (0.447, -0.466), (0.447, -0.467), (0.448, -0.467), (0.448, -0.467), (0.448, -0.467), (0.449, -0.467), (0.449, -0.467), (0.449, -0.468), (0.45, -0.468), (0.45, -0.468), (0.45, -0.468), (0.451, -0.468), (0.451, -0.468), (0.451, -0.468), (0.451, -0.468), (0.452, -0.468), (0.452, -0.468), (0.452, -0.468), (0.452, -0.468), (0.452, -0.468), (0.453, -0.468), (0.453, -0.468), (0.453, -0.468), (0.453, -0.468), (0.453, -0.467), (0.453, -0.467), (0.453, -0.467), (0.453, -0.467), (0.453, -0.467), (0.453, -0.467), (0.453, -0.467), (0.453, -0.466), (0.454, -0.466), (0.454, -0.466), (0.453, -0.466), (0.453, -0.465), (0.453, -0.465), (0.453, -0.465), (0.453, -0.465), (0.453, -0.464), (0.453, -0.464), (0.453, -0.464), (0.453, -0.463), (0.453, -0.463), (0.453, -0.463), (0.453, -0.462), (0.453, -0.462), (0.452, -0.462), (0.452, -0.461), (0.452, -0.461), (0.452, -0.461), (0.452, -0.46), (0.452, -0.46), (0.451, -0.459), (0.451, -0.459), (0.451, -0.458), (0.451, -0.458), (0.45, -0.458), (0.45, -0.457), (0.45, -0.457), (0.45, -0.456), (0.449, -0.456), (0.449, -0.455), (0.449, -0.455), (0.449, -0.454), (0.448, -0.454), (0.448, -0.453), (0.448, -0.453), (0.447, -0.452), (0.447, -0.452), (0.447, -0.451), (0.447, -0.451), (0.446, -0.45), (0.446, -0.45), (0.446, -0.449), (0.445, -0.448), (0.445, -0.448), (0.444, -0.447), (0.444, -0.447), (0.444, -0.446), (0.443, -0.445), (0.443, -0.445), (0.443, -0.444), (0.442, -0.444), (0.442, -0.443), (0.441, -0.442), (0.441, -0.442), (0.441, -0.441), (0.44, -0.441), (0.44, -0.44), (0.439, -0.439), (0.439, -0.439), (0.438, -0.438), (0.438, -0.437), (0.438, -0.437), (0.437, -0.436), (0.437, -0.435), (0.436, -0.435), (0.436, -0.434), (0.435, -0.433), (0.435, -0.433), (0.434, -0.432), (0.434, -0.431), (0.433, -0.431), (0.433, -0.43), (0.432, -0.429), (0.432, -0.428), (0.431, -0.428), (0.431, -0.427), (0.43, -0.426), (0.43, -0.426), (0.429, -0.425), (0.429, -0.424), (0.428, -0.423), (0.428, -0.423), (0.427, -0.422), (0.427, -0.421), (0.426, -0.42), (0.426, -0.42), (0.425, -0.419), (0.425, -0.418), (0.424, -0.418), (0.424, -0.417), (0.423, -0.416), (0.423, -0.415), (0.422, -0.415), (0.421, -0.414), (0.421, -0.413), (0.42, -0.412), (0.42, -0.411), (0.419, -0.411), (0.419, -0.41), (0.418, -0.409), (0.418, -0.408), (0.417, -0.408), (0.417, -0.407), (0.416, -0.406), (0.415, -0.405), (0.415, -0.405), (0.414, -0.404), (0.414, -0.403), (0.413, -0.402), (0.413, -0.401), (0.412, -0.401), (0.411, -0.4), (0.411, -0.399), (0.41, -0.398), (0.41, -0.398), (0.409, -0.397), (0.409, -0.396), (0.408, -0.395), (0.407, -0.394), (0.407, -0.394), (0.406, -0.393), (0.406, -0.392), (0.405, -0.391), (0.404, -0.39), (0.404, -0.39), (0.403, -0.389), (0.403, -0.388), (0.402, -0.387), (0.401, -0.386), (0.401, -0.386), (0.4, -0.385), (0.4, -0.384), (0.399, -0.383), (0.399, -0.382), (0.398, -0.382), (0.397, -0.381), (0.397, -0.38), (0.396, -0.379), (0.396, -0.378), (0.395, -0.378), (0.394, -0.377), (0.394, -0.376), (0.393, -0.375), (0.393, -0.374), (0.392, -0.373), (0.391, -0.373), (0.391, -0.372), (0.39, -0.371), (0.39, -0.37), (0.389, -0.369), (0.388, -0.369), (0.388, -0.368), (0.387, -0.367), (0.387, -0.366), (0.386, -0.365), (0.385, -0.365), (0.385, -0.364), (0.384, -0.363), (0.384, -0.362), (0.383, -0.361), (0.382, -0.361), (0.382, -0.36), (0.381, -0.359), (0.381, -0.358), (0.38, -0.357), (0.379, -0.356), (0.379, -0.356), (0.378, -0.355), (0.378, -0.354), (0.377, -0.353), (0.376, -0.352), (0.376, -0.352), (0.375, -0.351), (0.375, -0.35), (0.374, -0.349), (0.373, -0.348), (0.373, -0.348), (0.372, -0.347), (0.372, -0.346), (0.371, -0.345), (0.37, -0.344), (0.37, -0.343), (0.369, -0.343), (0.369, -0.342), (0.368, -0.341), (0.367, -0.34), (0.367, -0.339), (0.366, -0.339), (0.366, -0.338), (0.365, -0.337), (0.365, -0.336), (0.364, -0.335), (0.363, -0.335), (0.363, -0.334), (0.362, -0.333), (0.362, -0.332), (0.361, -0.331), (0.36, -0.331), (0.36, -0.33), (0.359, -0.329), (0.359, -0.328), (0.358, -0.327), (0.357, -0.327), (0.357, -0.326), (0.356, -0.325), (0.356, -0.324), (0.355, -0.323), (0.355, -0.323), (0.354, -0.322), (0.353, -0.321), (0.353, -0.32), (0.352, -0.319), (0.352, -0.319), (0.351, -0.318), (0.35, -0.317), (0.35, -0.316), (0.349, -0.315), (0.349, -0.315), (0.348, -0.314), (0.348, -0.313), (0.347, -0.312), (0.346, -0.311), (0.346, -0.311), (0.345, -0.31), (0.345, -0.309), (0.344, -0.308), (0.344, -0.307), (0.343, -0.307), (0.342, -0.306), (0.342, -0.305), (0.341, -0.304), (0.341, -0.304), (0.34, -0.303), (0.34, -0.302), (0.339, -0.301), (0.338, -0.3), (0.338, -0.3), (0.337, -0.299), (0.337, -0.298), (0.336, -0.297), (0.336, -0.296), (0.335, -0.296), (0.335, -0.295), (0.334, -0.294), (0.333, -0.293), (0.333, -0.293), (0.332, -0.292), (0.332, -0.291), (0.331, -0.29), (0.331, -0.289), (0.33, -0.289), (0.33, -0.288), (0.329, -0.287), (0.328, -0.286), (0.328, -0.286), (0.327, -0.285), (0.327, -0.284), (0.326, -0.283), (0.326, -0.282), (0.325, -0.282), (0.325, -0.281), (0.324, -0.28), (0.324, -0.279), (0.323, -0.279), (0.322, -0.278), (0.322, -0.277), (0.321, -0.276), (0.321, -0.275), (0.32, -0.275)], total_steps=3141
  173rd iteration: path_start=[(0.011, -0.172), (0.011, -0.172), (0.012, -0.172), (0.012, -0.172), (0.013, -0.172), (0.014, -0.173), (0.015, -0.173), (0.017, -0.173), (0.018, -0.173), (0.019, -0.173), (0.021, -0.173), (0.023, -0.173), (0.024, -0.173), (0.026, -0.173), (0.028, -0.173), (0.03, -0.173), (0.032, -0.173), (0.034, -0.173), (0.037, -0.173), (0.039, -0.173), (0.041, -0.173), (0.044, -0.173), (0.046, -0.173), (0.048, -0.173), (0.051, -0.173), (0.053, -0.173), (0.056, -0.173), (0.058, -0.173), (0.061, -0.173), (0.064, -0.173), (0.066, -0.173), (0.069, -0.173), (0.071, -0.172), (0.074, -0.172), (0.077, -0.172), (0.079, -0.172), (0.082, -0.172), (0.085, -0.172), (0.087, -0.172), (0.09, -0.172), (0.093, -0.172), (0.095, -0.172), (0.098, -0.171), (0.1, -0.171), (0.103, -0.171), (0.106, -0.171), (0.108, -0.171), (0.111, -0.171), (0.113, -0.171), (0.116, -0.17), (0.118, -0.17), (0.121, -0.17), (0.123, -0.17), (0.126, -0.17), (0.128, -0.169), (0.13, -0.169), (0.133, -0.169), (0.135, -0.169), (0.137, -0.169), (0.14, -0.168), (0.142, -0.168), (0.144, -0.168), (0.146, -0.168), (0.148, -0.167), (0.151, -0.167), (0.153, -0.167), (0.155, -0.166), (0.157, -0.166), (0.159, -0.166), (0.161, -0.166), (0.163, -0.165), (0.165, -0.165), (0.167, -0.165), (0.169, -0.164), (0.171, -0.164), (0.172, -0.164), (0.174, -0.163), (0.176, -0.163), (0.178, -0.163), (0.179, -0.162), (0.181, -0.162), (0.183, -0.161), (0.184, -0.161), (0.186, -0.161), (0.188, -0.16), (0.189, -0.16), (0.191, -0.159), (0.192, -0.159), (0.194, -0.159), (0.195, -0.158), (0.197, -0.158), (0.198, -0.157), (0.199, -0.157), (0.201, -0.157), (0.202, -0.156), (0.203, -0.156), (0.204, -0.155), (0.206, -0.155), (0.207, -0.154), (0.208, -0.154), (0.209, -0.153), (0.21, -0.153), (0.211, -0.152), (0.212, -0.152), (0.214, -0.151), (0.215, -0.151), (0.216, -0.15), (0.217, -0.15), (0.217, -0.149), (0.218, -0.149), (0.219, -0.148), (0.22, -0.148), (0.221, -0.147), (0.222, -0.147), (0.223, -0.146), (0.224, -0.146), (0.224, -0.145), (0.225, -0.145), (0.226, -0.144), (0.226, -0.144), (0.227, -0.143), (0.228, -0.143), (0.229, -0.142), (0.229, -0.142), (0.23, -0.141), (0.23, -0.14), (0.231, -0.14), (0.231, -0.139), (0.232, -0.139), (0.233, -0.138), (0.233, -0.138), (0.234, -0.137), (0.234, -0.137), (0.234, -0.136), (0.235, -0.135), (0.235, -0.135), (0.236, -0.134), (0.236, -0.134), (0.236, -0.133), (0.237, -0.133), (0.237, -0.132), (0.237, -0.131), (0.238, -0.131), (0.238, -0.13), (0.238, -0.13), (0.239, -0.129), (0.239, -0.128), (0.239, -0.128), (0.239, -0.127), (0.239, -0.127), (0.24, -0.126), (0.24, -0.125), (0.24, -0.125), (0.24, -0.124), (0.24, -0.123), (0.24, -0.123), (0.24, -0.122), (0.241, -0.122), (0.241, -0.121), (0.241, -0.12), (0.241, -0.12), (0.241, -0.119), (0.241, -0.119), (0.241, -0.118), (0.241, -0.117), (0.241, -0.117), (0.241, -0.116), (0.241, -0.115), (0.241, -0.115), (0.241, -0.114), (0.241, -0.113), (0.241, -0.113), (0.241, -0.112), (0.241, -0.112), (0.241, -0.111), (0.24, -0.11), (0.24, -0.11), (0.24, -0.109), (0.24, -0.108), (0.24, -0.108), (0.24, -0.107), (0.24, -0.106), (0.24, -0.106), (0.239, -0.105), (0.239, -0.104), (0.239, -0.104), (0.239, -0.103), (0.239, -0.103), (0.239, -0.102), (0.238, -0.101), (0.238, -0.101), (0.238, -0.1), (0.238, -0.099), (0.237, -0.099), (0.237, -0.098), (0.237, -0.097), (0.237, -0.097), (0.236, -0.096), (0.236, -0.095), (0.236, -0.095), (0.236, -0.094), (0.235, -0.093), (0.235, -0.093), (0.235, -0.092), (0.234, -0.091), (0.234, -0.091), (0.234, -0.09), (0.233, -0.089), (0.233, -0.089), (0.233, -0.088), (0.232, -0.087), (0.232, -0.087), (0.232, -0.086), (0.231, -0.085), (0.231, -0.085), (0.231, -0.084), (0.23, -0.083), (0.23, -0.083), (0.229, -0.082), (0.229, -0.081), (0.229, -0.081), (0.228, -0.08), (0.228, -0.079), (0.227, -0.079), (0.227, -0.078), (0.226, -0.077), (0.226, -0.077), (0.226, -0.076), (0.225, -0.075), (0.225, -0.075), (0.224, -0.074), (0.224, -0.073), (0.223, -0.073), (0.223, -0.072), (0.222, -0.071), (0.222, -0.071), (0.221, -0.07), (0.221, -0.069), (0.221, -0.069), (0.22, -0.068), (0.22, -0.067), (0.219, -0.067), (0.219, -0.066), (0.218, -0.065), (0.218, -0.064), (0.217, -0.064), (0.216, -0.063), (0.216, -0.062), (0.215, -0.062), (0.215, -0.061), (0.214, -0.06), (0.214, -0.06), (0.213, -0.059), (0.213, -0.058), (0.212, -0.058), (0.212, -0.057), (0.211, -0.056), (0.211, -0.056), (0.21, -0.055), (0.209, -0.054), (0.209, -0.054), (0.208, -0.053), (0.208, -0.052), (0.207, -0.052), (0.207, -0.051), (0.206, -0.05), (0.205, -0.05), (0.205, -0.049), (0.204, -0.048), (0.204, -0.048), (0.203, -0.047), (0.202, -0.046), (0.202, -0.045), (0.201, -0.045), (0.201, -0.044), (0.2, -0.043), (0.199, -0.043), (0.199, -0.042), (0.198, -0.041), (0.198, -0.041), (0.197, -0.04), (0.196, -0.039), (0.196, -0.039), (0.195, -0.038), (0.194, -0.037), (0.194, -0.037), (0.193, -0.036), (0.192, -0.035), (0.192, -0.035), (0.191, -0.034), (0.19, -0.033), (0.19, -0.033), (0.189, -0.032), (0.188, -0.031), (0.188, -0.031), (0.187, -0.03), (0.186, -0.029), (0.186, -0.028), (0.185, -0.028), (0.184, -0.027), (0.184, -0.026), (0.183, -0.026), (0.182, -0.025), (0.182, -0.024), (0.181, -0.024), (0.18, -0.023), (0.18, -0.022), (0.179, -0.022), (0.178, -0.021), (0.177, -0.02), (0.177, -0.02), (0.176, -0.019), (0.175, -0.018), (0.175, -0.018), (0.174, -0.017), (0.173, -0.016), (0.172, -0.016), (0.172, -0.015), (0.171, -0.014), (0.17, -0.013), (0.17, -0.013), (0.169, -0.012), (0.168, -0.011), (0.167, -0.011), (0.167, -0.01), (0.166, -0.009), (0.165, -0.009), (0.164, -0.008), (0.164, -0.007), (0.163, -0.007), (0.162, -0.006), (0.161, -0.005), (0.161, -0.005), (0.16, -0.004), (0.159, -0.003), (0.158, -0.003), (0.158, -0.002), (0.157, -0.001), (0.156, -0.001), (0.155, 0.0), (0.155, 0.001), (0.154, 0.002), (0.153, 0.002), (0.152, 0.003), (0.151, 0.004), (0.151, 0.004), (0.15, 0.005), (0.149, 0.006), (0.148, 0.006), (0.148, 0.007), (0.147, 0.008), (0.146, 0.008), (0.145, 0.009), (0.144, 0.01), (0.144, 0.01), (0.143, 0.011), (0.142, 0.012), (0.141, 0.012), (0.14, 0.013), (0.14, 0.014), (0.139, 0.015), (0.138, 0.015), (0.137, 0.016), (0.136, 0.017), (0.136, 0.017), (0.135, 0.018), (0.134, 0.019), (0.133, 0.019), (0.132, 0.02), (0.132, 0.021), (0.131, 0.021), (0.13, 0.022), (0.129, 0.023), (0.128, 0.023), (0.128, 0.024), (0.127, 0.025), (0.126, 0.026), (0.125, 0.026), (0.124, 0.027), (0.123, 0.028), (0.123, 0.028), (0.122, 0.029), (0.121, 0.03), (0.12, 0.03), (0.119, 0.031), (0.118, 0.032), (0.118, 0.032), (0.117, 0.033), (0.116, 0.034), (0.115, 0.035), (0.114, 0.035), (0.113, 0.036), (0.113, 0.037), (0.112, 0.037), (0.111, 0.038), (0.11, 0.039), (0.109, 0.039), (0.109, 0.04), (0.108, 0.041), (0.107, 0.041), (0.106, 0.042), (0.105, 0.043), (0.104, 0.044), (0.103, 0.044), (0.103, 0.045), (0.102, 0.046), (0.101, 0.046), (0.1, 0.047), (0.099, 0.048), (0.098, 0.048), (0.098, 0.049), (0.097, 0.05), (0.096, 0.05), (0.095, 0.051), (0.094, 0.052), (0.093, 0.053), (0.093, 0.053), (0.092, 0.054), (0.091, 0.055), (0.09, 0.055), (0.089, 0.056), (0.088, 0.057), (0.088, 0.057), (0.087, 0.058), (0.086, 0.059), (0.085, 0.06), (0.084, 0.06), (0.083, 0.061), (0.083, 0.062), (0.082, 0.062), (0.081, 0.063), (0.08, 0.064), (0.079, 0.064), (0.078, 0.065), (0.078, 0.066), (0.077, 0.067), (0.076, 0.067), (0.075, 0.068), (0.074, 0.069), (0.073, 0.069), (0.073, 0.07), (0.072, 0.071), (0.071, 0.072), (0.07, 0.072), (0.069, 0.073), (0.068, 0.074), (0.068, 0.074), (0.067, 0.075), (0.066, 0.076), (0.065, 0.076), (0.064, 0.077), (0.063, 0.078), (0.063, 0.079), (0.062, 0.079), (0.061, 0.08), (0.06, 0.081), (0.059, 0.081), (0.059, 0.082), (0.058, 0.083), (0.057, 0.084), (0.056, 0.084), (0.055, 0.085), (0.054, 0.086), (0.054, 0.086), (0.053, 0.087), (0.052, 0.088), (0.051, 0.089), (0.05, 0.089), (0.05, 0.09), (0.049, 0.091), (0.048, 0.091), (0.047, 0.092), (0.046, 0.093), (0.046, 0.094), (0.045, 0.094), (0.044, 0.095), (0.043, 0.096), (0.042, 0.097), (0.042, 0.097), (0.041, 0.098), (0.04, 0.099), (0.039, 0.099), (0.038, 0.1), (0.038, 0.101), (0.037, 0.102), (0.036, 0.102), (0.035, 0.103), (0.035, 0.104), (0.034, 0.105), (0.033, 0.105), (0.032, 0.106), (0.031, 0.107), (0.031, 0.107), (0.03, 0.108), (0.029, 0.109), (0.028, 0.11), (0.028, 0.11), (0.027, 0.111), (0.026, 0.112), (0.025, 0.113)], path_end=[(-0.076, 0.074), (-0.071, 0.069), (-0.066, 0.065), (-0.062, 0.06), (-0.057, 0.055), (-0.052, 0.051), (-0.047, 0.046), (-0.042, 0.042), (-0.038, 0.037), (-0.033, 0.033), (-0.028, 0.028), (-0.023, 0.024), (-0.018, 0.019), (-0.014, 0.015), (-0.009, 0.01), (-0.004, 0.006), (0.0, 0.001), (0.005, -0.003), (0.01, -0.008), (0.015, -0.012), (0.019, -0.017), (0.024, -0.021), (0.029, -0.025), (0.033, -0.03), (0.038, -0.034), (0.042, -0.038), (0.047, -0.043), (0.052, -0.047), (0.056, -0.052), (0.061, -0.056), (0.065, -0.06), (0.07, -0.064), (0.074, -0.069), (0.079, -0.073), (0.083, -0.077), (0.088, -0.081), (0.092, -0.086), (0.097, -0.09), (0.101, -0.094), (0.106, -0.098), (0.11, -0.102), (0.114, -0.106), (0.119, -0.11), (0.123, -0.115), (0.127, -0.119), (0.131, -0.123), (0.136, -0.127), (0.14, -0.131), (0.144, -0.135), (0.148, -0.139), (0.153, -0.142), (0.157, -0.146), (0.161, -0.15), (0.165, -0.154), (0.169, -0.158), (0.173, -0.162), (0.177, -0.166), (0.181, -0.169), (0.185, -0.173), (0.189, -0.177), (0.193, -0.181), (0.197, -0.184), (0.201, -0.188), (0.205, -0.192), (0.209, -0.195), (0.212, -0.199), (0.216, -0.202), (0.22, -0.206), (0.224, -0.209), (0.227, -0.213), (0.231, -0.216), (0.235, -0.22), (0.238, -0.223), (0.242, -0.226), (0.246, -0.23), (0.249, -0.233), (0.253, -0.236), (0.256, -0.24), (0.26, -0.243), (0.263, -0.246), (0.267, -0.249), (0.27, -0.252), (0.273, -0.256), (0.277, -0.259), (0.28, -0.262), (0.283, -0.265), (0.286, -0.268), (0.29, -0.271), (0.293, -0.274), (0.296, -0.277), (0.299, -0.28), (0.302, -0.282), (0.305, -0.285), (0.308, -0.288), (0.311, -0.291), (0.314, -0.294), (0.317, -0.296), (0.32, -0.299), (0.323, -0.302), (0.326, -0.304), (0.329, -0.307), (0.332, -0.31), (0.335, -0.312), (0.337, -0.315), (0.34, -0.317), (0.343, -0.32), (0.345, -0.322), (0.348, -0.324), (0.351, -0.327), (0.353, -0.329), (0.356, -0.332), (0.358, -0.334), (0.361, -0.336), (0.363, -0.338), (0.366, -0.341), (0.368, -0.343), (0.371, -0.345), (0.373, -0.347), (0.375, -0.349), (0.378, -0.351), (0.38, -0.353), (0.382, -0.355), (0.384, -0.357), (0.386, -0.359), (0.389, -0.361), (0.391, -0.363), (0.393, -0.365), (0.395, -0.367), (0.397, -0.368), (0.399, -0.37), (0.401, -0.372), (0.403, -0.374), (0.405, -0.375), (0.407, -0.377), (0.409, -0.379), (0.41, -0.38), (0.412, -0.382), (0.414, -0.384), (0.416, -0.385), (0.418, -0.387), (0.419, -0.388), (0.421, -0.39), (0.423, -0.391), (0.424, -0.392), (0.426, -0.394), (0.427, -0.395), (0.429, -0.396), (0.431, -0.398), (0.432, -0.399), (0.434, -0.4), (0.435, -0.402), (0.436, -0.403), (0.438, -0.404), (0.439, -0.405), (0.441, -0.406), (0.442, -0.407), (0.443, -0.408), (0.445, -0.409), (0.446, -0.41), (0.447, -0.411), (0.448, -0.412), (0.449, -0.413), (0.451, -0.414), (0.452, -0.415), (0.453, -0.416), (0.454, -0.417), (0.455, -0.418), (0.456, -0.419), (0.457, -0.42), (0.458, -0.42), (0.459, -0.421), (0.46, -0.422), (0.461, -0.423), (0.462, -0.423), (0.463, -0.424), (0.464, -0.425), (0.465, -0.425), (0.465, -0.426), (0.466, -0.426), (0.467, -0.427), (0.468, -0.428), (0.469, -0.428), (0.469, -0.429), (0.47, -0.429), (0.471, -0.43), (0.472, -0.43), (0.472, -0.431), (0.473, -0.431), (0.473, -0.431), (0.474, -0.432), (0.475, -0.432), (0.475, -0.432), (0.476, -0.433), (0.476, -0.433), (0.477, -0.433), (0.477, -0.434), (0.478, -0.434), (0.478, -0.434), (0.479, -0.434), (0.479, -0.435), (0.48, -0.435), (0.48, -0.435), (0.48, -0.435), (0.481, -0.435), (0.481, -0.435), (0.481, -0.436), (0.482, -0.436), (0.482, -0.436), (0.482, -0.436), (0.483, -0.436), (0.483, -0.436), (0.483, -0.436), (0.483, -0.436), (0.484, -0.436), (0.484, -0.436), (0.484, -0.436), (0.484, -0.436), (0.484, -0.436), (0.485, -0.436), (0.485, -0.436), (0.485, -0.436), (0.485, -0.436), (0.485, -0.435), (0.485, -0.435), (0.485, -0.435), (0.485, -0.435), (0.485, -0.435), (0.485, -0.435), (0.485, -0.435), (0.485, -0.434), (0.486, -0.434), (0.486, -0.434), (0.485, -0.434), (0.485, -0.433), (0.485, -0.433), (0.485, -0.433), (0.485, -0.433), (0.485, -0.432), (0.485, -0.432), (0.485, -0.432), (0.485, -0.431), (0.485, -0.431), (0.485, -0.431), (0.485, -0.43), (0.485, -0.43), (0.484, -0.43), (0.484, -0.429), (0.484, -0.429), (0.484, -0.429), (0.484, -0.428), (0.484, -0.428), (0.483, -0.427), (0.483, -0.427), (0.483, -0.426), (0.483, -0.426), (0.482, -0.426), (0.482, -0.425), (0.482, -0.425), (0.482, -0.424), (0.481, -0.424), (0.481, -0.423), (0.481, -0.423), (0.481, -0.422), (0.48, -0.422), (0.48, -0.421), (0.48, -0.421), (0.479, -0.42), (0.479, -0.42), (0.479, -0.419), (0.479, -0.419), (0.478, -0.418), (0.478, -0.418), (0.478, -0.417), (0.477, -0.416), (0.477, -0.416), (0.476, -0.415), (0.476, -0.415), (0.476, -0.414), (0.475, -0.413), (0.475, -0.413), (0.475, -0.412), (0.474, -0.412), (0.474, -0.411), (0.473, -0.41), (0.473, -0.41), (0.473, -0.409), (0.472, -0.409), (0.472, -0.408), (0.471, -0.407), (0.471, -0.407), (0.47, -0.406), (0.47, -0.405), (0.47, -0.405), (0.469, -0.404), (0.469, -0.403), (0.468, -0.403), (0.468, -0.402), (0.467, -0.401), (0.467, -0.401), (0.466, -0.4), (0.466, -0.399), (0.465, -0.399), (0.465, -0.398), (0.464, -0.397), (0.464, -0.396), (0.463, -0.396), (0.463, -0.395), (0.462, -0.394), (0.462, -0.394), (0.461, -0.393), (0.461, -0.392), (0.46, -0.391), (0.46, -0.391), (0.459, -0.39), (0.459, -0.389), (0.458, -0.388), (0.458, -0.388), (0.457, -0.387), (0.457, -0.386), (0.456, -0.386), (0.456, -0.385), (0.455, -0.384), (0.455, -0.383), (0.454, -0.383), (0.453, -0.382), (0.453, -0.381), (0.452, -0.38), (0.452, -0.379), (0.451, -0.379), (0.451, -0.378), (0.45, -0.377), (0.45, -0.376), (0.449, -0.376), (0.449, -0.375), (0.448, -0.374), (0.447, -0.373), (0.447, -0.373), (0.446, -0.372), (0.446, -0.371), (0.445, -0.37), (0.445, -0.369), (0.444, -0.369), (0.443, -0.368), (0.443, -0.367), (0.442, -0.366), (0.442, -0.366), (0.441, -0.365), (0.441, -0.364), (0.44, -0.363), (0.439, -0.362), (0.439, -0.362), (0.438, -0.361), (0.438, -0.36), (0.437, -0.359), (0.436, -0.358), (0.436, -0.358), (0.435, -0.357), (0.435, -0.356), (0.434, -0.355), (0.433, -0.354), (0.433, -0.354), (0.432, -0.353), (0.432, -0.352), (0.431, -0.351), (0.431, -0.35), (0.43, -0.35), (0.429, -0.349), (0.429, -0.348), (0.428, -0.347), (0.428, -0.346), (0.427, -0.346), (0.426, -0.345), (0.426, -0.344), (0.425, -0.343), (0.425, -0.342), (0.424, -0.341), (0.423, -0.341), (0.423, -0.34), (0.422, -0.339), (0.422, -0.338), (0.421, -0.337), (0.42, -0.337), (0.42, -0.336), (0.419, -0.335), (0.419, -0.334), (0.418, -0.333), (0.417, -0.333), (0.417, -0.332), (0.416, -0.331), (0.416, -0.33), (0.415, -0.329), (0.414, -0.329), (0.414, -0.328), (0.413, -0.327), (0.413, -0.326), (0.412, -0.325), (0.411, -0.324), (0.411, -0.324), (0.41, -0.323), (0.41, -0.322), (0.409, -0.321), (0.408, -0.32), (0.408, -0.32), (0.407, -0.319), (0.407, -0.318), (0.406, -0.317), (0.405, -0.316), (0.405, -0.316), (0.404, -0.315), (0.404, -0.314), (0.403, -0.313), (0.402, -0.312), (0.402, -0.311), (0.401, -0.311), (0.401, -0.31), (0.4, -0.309), (0.399, -0.308), (0.399, -0.307), (0.398, -0.307), (0.398, -0.306), (0.397, -0.305), (0.397, -0.304), (0.396, -0.303), (0.395, -0.303), (0.395, -0.302), (0.394, -0.301), (0.394, -0.3), (0.393, -0.299), (0.392, -0.299), (0.392, -0.298), (0.391, -0.297), (0.391, -0.296), (0.39, -0.295), (0.389, -0.295), (0.389, -0.294), (0.388, -0.293), (0.388, -0.292), (0.387, -0.291), (0.387, -0.291), (0.386, -0.29), (0.385, -0.289), (0.385, -0.288), (0.384, -0.287), (0.384, -0.287), (0.383, -0.286), (0.382, -0.285), (0.382, -0.284), (0.381, -0.283), (0.381, -0.283), (0.38, -0.282), (0.38, -0.281), (0.379, -0.28), (0.378, -0.279), (0.378, -0.279), (0.377, -0.278), (0.377, -0.277), (0.376, -0.276), (0.376, -0.275), (0.375, -0.275), (0.374, -0.274), (0.374, -0.273), (0.373, -0.272), (0.373, -0.272), (0.372, -0.271), (0.372, -0.27), (0.371, -0.269), (0.37, -0.268), (0.37, -0.268), (0.369, -0.267), (0.369, -0.266), (0.368, -0.265), (0.368, -0.264), (0.367, -0.264), (0.367, -0.263), (0.366, -0.262), (0.365, -0.261), (0.365, -0.261), (0.364, -0.26), (0.364, -0.259), (0.363, -0.258), (0.363, -0.257), (0.362, -0.257), (0.362, -0.256), (0.361, -0.255), (0.36, -0.254), (0.36, -0.254), (0.359, -0.253), (0.359, -0.252), (0.358, -0.251), (0.358, -0.25), (0.357, -0.25), (0.357, -0.249), (0.356, -0.248), (0.356, -0.247), (0.355, -0.247), (0.354, -0.246), (0.354, -0.245), (0.353, -0.244), (0.353, -0.243), (0.352, -0.243)], total_steps=3141
  175th iteration: path_start=[(0.011, -0.172), (0.011, -0.173), (0.012, -0.173), (0.013, -0.173), (0.014, -0.173), (0.016, -0.173), (0.017, -0.173), (0.019, -0.174), (0.021, -0.174), (0.023, -0.174), (0.025, -0.174), (0.027, -0.175), (0.03, -0.175), (0.033, -0.175), (0.035, -0.176), (0.038, -0.176), (0.041, -0.177), (0.044, -0.177), (0.047, -0.178), (0.051, -0.178), (0.054, -0.178), (0.058, -0.179), (0.061, -0.179), (0.065, -0.18), (0.068, -0.18), (0.072, -0.181), (0.076, -0.182), (0.079, -0.182), (0.083, -0.183), (0.087, -0.183), (0.091, -0.184), (0.095, -0.184), (0.099, -0.185), (0.103, -0.186), (0.107, -0.186), (0.111, -0.187), (0.115, -0.187), (0.119, -0.188), (0.123, -0.189), (0.127, -0.189), (0.131, -0.19), (0.135, -0.19), (0.139, -0.191), (0.143, -0.192), (0.147, -0.192), (0.152, -0.193), (0.156, -0.193), (0.16, -0.194), (0.164, -0.195), (0.168, -0.195), (0.172, -0.196), (0.176, -0.197), (0.18, -0.197), (0.184, -0.198), (0.188, -0.198), (0.192, -0.199), (0.196, -0.2), (0.2, -0.2), (0.203, -0.201), (0.207, -0.202), (0.211, -0.202), (0.215, -0.203), (0.219, -0.204), (0.223, -0.204), (0.226, -0.205), (0.23, -0.205), (0.234, -0.206), (0.237, -0.207), (0.241, -0.207), (0.245, -0.208), (0.248, -0.208), (0.252, -0.209), (0.255, -0.21), (0.259, -0.21), (0.262, -0.211), (0.266, -0.212), (0.269, -0.212), (0.273, -0.213), (0.276, -0.213), (0.279, -0.214), (0.283, -0.215), (0.286, -0.215), (0.289, -0.216), (0.293, -0.216), (0.296, -0.217), (0.299, -0.217), (0.302, -0.218), (0.305, -0.219), (0.308, -0.219), (0.311, -0.22), (0.314, -0.22), (0.317, -0.221), (0.32, -0.222), (0.323, -0.222), (0.326, -0.223), (0.329, -0.223), (0.332, -0.224), (0.335, -0.224), (0.338, -0.225), (0.34, -0.226), (0.343, -0.226), (0.346, -0.227), (0.349, -0.227), (0.351, -0.228), (0.354, -0.228), (0.357, -0.229), (0.359, -0.229), (0.362, -0.23), (0.364, -0.231), (0.367, -0.231), (0.369, -0.232), (0.372, -0.232), (0.374, -0.233), (0.377, -0.233), (0.379, -0.234), (0.382, -0.234), (0.384, -0.235), (0.386, -0.236), (0.389, -0.236), (0.391, -0.237), (0.393, -0.237), (0.396, -0.238), (0.398, -0.238), (0.4, -0.239), (0.402, -0.239), (0.404, -0.24), (0.407, -0.24), (0.409, -0.241), (0.411, -0.241), (0.413, -0.242), (0.415, -0.243), (0.417, -0.243), (0.419, -0.244), (0.421, -0.244), (0.423, -0.245), (0.425, -0.245), (0.427, -0.246), (0.429, -0.246), (0.431, -0.247), (0.433, -0.247), (0.435, -0.248), (0.437, -0.249), (0.439, -0.249), (0.441, -0.25), (0.443, -0.25), (0.444, -0.251), (0.446, -0.251), (0.448, -0.252), (0.45, -0.252), (0.452, -0.253), (0.453, -0.253), (0.455, -0.254), (0.457, -0.254), (0.459, -0.255), (0.46, -0.256), (0.462, -0.256), (0.464, -0.257), (0.465, -0.257), (0.467, -0.258), (0.469, -0.258), (0.47, -0.259), (0.472, -0.259), (0.474, -0.26), (0.475, -0.261), (0.477, -0.261), (0.479, -0.262), (0.48, -0.262), (0.482, -0.263), (0.483, -0.263), (0.485, -0.264), (0.486, -0.264), (0.488, -0.265), (0.489, -0.266), (0.491, -0.266), (0.492, -0.267), (0.494, -0.267), (0.495, -0.268), (0.497, -0.269), (0.498, -0.269), (0.5, -0.27), (0.501, -0.27), (0.503, -0.271), (0.504, -0.271), (0.506, -0.272), (0.507, -0.273), (0.509, -0.273), (0.51, -0.274), (0.511, -0.274), (0.513, -0.275), (0.514, -0.276), (0.516, -0.276), (0.517, -0.277), (0.518, -0.277), (0.52, -0.278), (0.521, -0.279), (0.522, -0.279), (0.524, -0.28), (0.525, -0.28), (0.526, -0.281), (0.528, -0.282), (0.529, -0.282), (0.53, -0.283), (0.532, -0.284), (0.533, -0.284), (0.534, -0.285), (0.536, -0.285), (0.537, -0.286), (0.538, -0.287), (0.539, -0.287), (0.541, -0.288), (0.542, -0.289), (0.543, -0.289), (0.545, -0.29), (0.546, -0.291), (0.547, -0.291), (0.548, -0.292), (0.55, -0.292), (0.551, -0.293), (0.552, -0.294), (0.553, -0.294), (0.555, -0.295), (0.556, -0.296), (0.557, -0.296), (0.558, -0.297), (0.559, -0.298), (0.561, -0.298), (0.562, -0.299), (0.563, -0.3), (0.564, -0.301), (0.566, -0.301), (0.567, -0.302), (0.568, -0.303), (0.569, -0.303), (0.57, -0.304), (0.571, -0.305), (0.573, -0.305), (0.574, -0.306), (0.575, -0.307), (0.576, -0.308), (0.577, -0.308), (0.579, -0.309), (0.58, -0.31), (0.581, -0.31), (0.582, -0.311), (0.583, -0.312), (0.584, -0.313), (0.586, -0.313), (0.587, -0.314), (0.588, -0.315), (0.589, -0.316), (0.59, -0.316), (0.591, -0.317), (0.592, -0.318), (0.594, -0.318), (0.595, -0.319), (0.596, -0.32), (0.597, -0.321), (0.598, -0.322), (0.599, -0.322), (0.6, -0.323), (0.602, -0.324), (0.603, -0.325), (0.604, -0.325), (0.605, -0.326), (0.606, -0.327), (0.607, -0.328), (0.608, -0.328), (0.609, -0.329), (0.611, -0.33), (0.612, -0.331), (0.613, -0.332), (0.614, -0.332), (0.615, -0.333), (0.616, -0.334), (0.617, -0.335), (0.618, -0.336), (0.62, -0.336), (0.621, -0.337), (0.622, -0.338), (0.623, -0.339), (0.624, -0.34), (0.625, -0.341), (0.626, -0.341), (0.627, -0.342), (0.628, -0.343), (0.629, -0.344), (0.631, -0.345), (0.632, -0.345), (0.633, -0.346), (0.634, -0.347), (0.635, -0.348), (0.636, -0.349), (0.637, -0.35), (0.638, -0.351), (0.639, -0.351), (0.64, -0.352), (0.641, -0.353), (0.643, -0.354), (0.644, -0.355), (0.645, -0.356), (0.646, -0.357), (0.647, -0.357), (0.648, -0.358), (0.649, -0.359), (0.65, -0.36), (0.651, -0.361), (0.652, -0.362), (0.653, -0.363), (0.654, -0.364), (0.655, -0.364), (0.657, -0.365), (0.658, -0.366), (0.659, -0.367), (0.66, -0.368), (0.661, -0.369), (0.662, -0.37), (0.663, -0.371), (0.664, -0.372), (0.665, -0.373), (0.666, -0.374), (0.667, -0.374), (0.668, -0.375), (0.669, -0.376), (0.67, -0.377), (0.672, -0.378), (0.673, -0.379), (0.674, -0.38), (0.675, -0.381), (0.676, -0.382), (0.677, -0.383), (0.678, -0.384), (0.679, -0.385), (0.68, -0.386), (0.681, -0.387), (0.682, -0.387), (0.683, -0.388), (0.684, -0.389), (0.685, -0.39), (0.686, -0.391), (0.687, -0.392), (0.688, -0.393), (0.689, -0.394), (0.691, -0.395), (0.692, -0.396), (0.693, -0.397), (0.694, -0.398), (0.695, -0.399), (0.696, -0.4), (0.697, -0.401), (0.698, -0.402), (0.699, -0.403), (0.7, -0.404), (0.701, -0.405), (0.702, -0.406), (0.703, -0.407), (0.704, -0.408), (0.705, -0.409), (0.706, -0.41), (0.707, -0.411), (0.708, -0.412), (0.709, -0.413), (0.71, -0.414), (0.711, -0.415), (0.712, -0.416), (0.714, -0.417), (0.715, -0.418), (0.716, -0.419), (0.717, -0.42), (0.718, -0.421), (0.719, -0.422), (0.72, -0.423), (0.721, -0.424), (0.722, -0.425), (0.723, -0.426), (0.724, -0.427), (0.725, -0.428), (0.726, -0.429), (0.727, -0.43), (0.728, -0.431), (0.729, -0.432), (0.73, -0.433), (0.731, -0.434), (0.732, -0.435), (0.733, -0.436), (0.734, -0.437), (0.735, -0.438), (0.736, -0.439), (0.737, -0.44), (0.738, -0.441), (0.739, -0.442), (0.74, -0.443), (0.741, -0.444), (0.742, -0.445), (0.743, -0.446), (0.744, -0.447), (0.745, -0.448), (0.746, -0.449), (0.747, -0.45), (0.748, -0.451), (0.749, -0.453), (0.75, -0.454), (0.751, -0.455), (0.752, -0.456), (0.753, -0.457), (0.754, -0.458), (0.755, -0.459), (0.756, -0.46), (0.757, -0.461), (0.758, -0.462), (0.759, -0.463), (0.76, -0.464), (0.761, -0.465), (0.762, -0.466), (0.764, -0.467), (0.765, -0.468), (0.766, -0.469), (0.767, -0.47), (0.768, -0.472), (0.769, -0.473), (0.77, -0.474), (0.771, -0.475), (0.772, -0.476), (0.773, -0.477), (0.774, -0.478), (0.774, -0.479), (0.775, -0.48), (0.776, -0.481), (0.777, -0.482), (0.778, -0.483), (0.779, -0.484), (0.78, -0.485), (0.781, -0.487), (0.782, -0.488), (0.783, -0.489), (0.784, -0.49), (0.785, -0.491), (0.786, -0.492), (0.787, -0.493), (0.788, -0.494), (0.789, -0.495), (0.79, -0.496), (0.791, -0.497), (0.792, -0.498), (0.793, -0.5), (0.794, -0.501), (0.795, -0.502), (0.796, -0.503), (0.797, -0.504), (0.798, -0.505), (0.799, -0.506), (0.8, -0.507), (0.801, -0.508), (0.802, -0.509), (0.803, -0.51), (0.804, -0.512), (0.805, -0.513), (0.806, -0.514), (0.807, -0.515), (0.808, -0.516), (0.809, -0.517), (0.81, -0.518), (0.811, -0.519), (0.812, -0.52), (0.813, -0.521), (0.814, -0.522), (0.815, -0.524), (0.816, -0.525), (0.817, -0.526), (0.818, -0.527), (0.819, -0.528), (0.819, -0.529), (0.82, -0.53), (0.821, -0.531), (0.822, -0.532), (0.823, -0.533), (0.824, -0.534), (0.825, -0.536), (0.826, -0.537), (0.827, -0.538), (0.828, -0.539), (0.829, -0.54), (0.83, -0.541), (0.831, -0.542), (0.832, -0.543), (0.833, -0.544), (0.834, -0.545), (0.835, -0.547), (0.836, -0.548), (0.837, -0.549), (0.838, -0.55), (0.839, -0.551), (0.839, -0.552), (0.84, -0.553), (0.841, -0.554), (0.842, -0.555), (0.843, -0.556), (0.844, -0.558), (0.845, -0.559), (0.846, -0.56), (0.847, -0.561)], path_end=[(0.211, -0.072), (0.21, -0.07), (0.209, -0.069), (0.208, -0.068), (0.207, -0.067), (0.206, -0.066), (0.205, -0.065), (0.205, -0.064), (0.204, -0.062), (0.203, -0.061), (0.202, -0.06), (0.201, -0.059), (0.2, -0.058), (0.199, -0.057), (0.198, -0.056), (0.197, -0.055), (0.196, -0.053), (0.195, -0.052), (0.195, -0.051), (0.194, -0.05), (0.193, -0.049), (0.192, -0.048), (0.191, -0.047), (0.19, -0.046), (0.189, -0.045), (0.189, -0.044), (0.188, -0.043), (0.187, -0.042), (0.186, -0.041), (0.185, -0.04), (0.184, -0.039), (0.184, -0.038), (0.183, -0.037), (0.182, -0.036), (0.181, -0.035), (0.18, -0.034), (0.18, -0.033), (0.179, -0.032), (0.178, -0.031), (0.177, -0.03), (0.177, -0.029), (0.176, -0.028), (0.175, -0.027), (0.174, -0.026), (0.174, -0.025), (0.173, -0.024), (0.172, -0.024), (0.172, -0.023), (0.171, -0.022), (0.17, -0.021), (0.169, -0.02), (0.169, -0.019), (0.168, -0.018), (0.167, -0.018), (0.167, -0.017), (0.166, -0.016), (0.165, -0.015), (0.165, -0.014), (0.164, -0.013), (0.164, -0.013), (0.163, -0.012), (0.162, -0.011), (0.162, -0.01), (0.161, -0.01), (0.161, -0.009), (0.16, -0.008), (0.159, -0.008), (0.159, -0.007), (0.158, -0.006), (0.158, -0.005), (0.157, -0.005), (0.157, -0.004), (0.156, -0.003), (0.156, -0.003), (0.155, -0.002), (0.155, -0.001), (0.154, -0.001), (0.154, -0.0), (0.153, 0.0), (0.153, 0.001), (0.152, 0.002), (0.152, 0.002), (0.151, 0.003), (0.151, 0.003), (0.151, 0.004), (0.15, 0.004), (0.15, 0.005), (0.149, 0.005), (0.149, 0.006), (0.149, 0.006), (0.148, 0.007), (0.148, 0.007), (0.148, 0.008), (0.147, 0.008), (0.147, 0.009), (0.147, 0.009), (0.146, 0.01), (0.146, 0.01), (0.146, 0.01), (0.145, 0.011), (0.145, 0.011), (0.145, 0.012), (0.145, 0.012), (0.144, 0.012), (0.144, 0.013), (0.144, 0.013), (0.144, 0.013), (0.143, 0.014), (0.143, 0.014), (0.143, 0.014), (0.143, 0.015), (0.142, 0.015), (0.142, 0.015), (0.142, 0.015), (0.142, 0.016), (0.142, 0.016), (0.142, 0.016), (0.141, 0.016), (0.141, 0.016), (0.141, 0.017), (0.141, 0.017), (0.141, 0.017), (0.141, 0.017), (0.141, 0.017), (0.141, 0.018), (0.141, 0.018), (0.14, 0.018), (0.14, 0.018), (0.14, 0.018), (0.14, 0.018), (0.14, 0.018), (0.14, 0.018), (0.14, 0.018), (0.14, 0.018), (0.14, 0.019), (0.14, 0.019), (0.14, 0.019), (0.14, 0.019), (0.14, 0.019), (0.14, 0.019), (0.14, 0.019), (0.14, 0.019), (0.14, 0.019), (0.14, 0.019), (0.14, 0.019), (0.14, 0.019), (0.14, 0.018), (0.141, 0.018), (0.141, 0.018), (0.141, 0.018), (0.141, 0.018), (0.141, 0.018), (0.141, 0.018), (0.141, 0.018), (0.141, 0.018), (0.141, 0.018), (0.142, 0.017), (0.142, 0.017), (0.142, 0.017), (0.142, 0.017), (0.142, 0.017), (0.142, 0.017), (0.142, 0.016), (0.143, 0.016), (0.143, 0.016), (0.143, 0.016), (0.143, 0.016), (0.143, 0.015), (0.144, 0.015), (0.144, 0.015), (0.144, 0.015), (0.144, 0.014), (0.145, 0.014), (0.145, 0.014), (0.145, 0.014), (0.145, 0.013), (0.146, 0.013), (0.146, 0.013), (0.146, 0.012), (0.146, 0.012), (0.147, 0.012), (0.147, 0.011), (0.147, 0.011), (0.148, 0.011), (0.148, 0.01), (0.148, 0.01), (0.148, 0.01), (0.149, 0.009), (0.149, 0.009), (0.149, 0.008), (0.15, 0.008), (0.15, 0.008), (0.15, 0.007), (0.151, 0.007), (0.151, 0.006), (0.151, 0.006), (0.152, 0.006), (0.152, 0.005), (0.153, 0.005), (0.153, 0.004), (0.153, 0.004), (0.154, 0.003), (0.154, 0.003), (0.154, 0.002), (0.155, 0.002), (0.155, 0.001), (0.156, 0.001), (0.156, 0.0), (0.156, -0.0), (0.157, -0.001), (0.157, -0.001), (0.158, -0.002), (0.158, -0.002), (0.159, -0.003), (0.159, -0.003), (0.159, -0.004), (0.16, -0.004), (0.16, -0.005), (0.161, -0.005), (0.161, -0.006), (0.162, -0.007), (0.162, -0.007), (0.163, -0.008), (0.163, -0.008), (0.164, -0.009), (0.164, -0.009), (0.165, -0.01), (0.165, -0.011), (0.166, -0.011), (0.166, -0.012), (0.166, -0.012), (0.167, -0.013), (0.167, -0.014), (0.168, -0.014), (0.168, -0.015), (0.169, -0.016), (0.169, -0.016), (0.17, -0.017), (0.171, -0.017), (0.171, -0.018), (0.172, -0.019), (0.172, -0.019), (0.173, -0.02), (0.173, -0.021), (0.174, -0.021), (0.174, -0.022), (0.175, -0.023), (0.175, -0.023), (0.176, -0.024), (0.176, -0.025), (0.177, -0.025), (0.177, -0.026), (0.178, -0.027), (0.179, -0.028), (0.179, -0.028), (0.18, -0.029), (0.18, -0.03), (0.181, -0.03), (0.181, -0.031), (0.182, -0.032), (0.183, -0.032), (0.183, -0.033), (0.184, -0.034), (0.184, -0.035), (0.185, -0.035), (0.185, -0.036), (0.186, -0.037), (0.187, -0.037), (0.187, -0.038), (0.188, -0.039), (0.188, -0.04), (0.189, -0.04), (0.19, -0.041), (0.19, -0.042), (0.191, -0.043), (0.191, -0.043), (0.192, -0.044), (0.193, -0.045), (0.193, -0.046), (0.194, -0.046), (0.194, -0.047), (0.195, -0.048), (0.196, -0.049), (0.196, -0.049), (0.197, -0.05), (0.197, -0.051), (0.198, -0.052), (0.199, -0.053), (0.199, -0.053), (0.2, -0.054), (0.201, -0.055), (0.201, -0.056), (0.202, -0.056), (0.202, -0.057), (0.203, -0.058), (0.204, -0.059), (0.204, -0.059), (0.205, -0.06), (0.206, -0.061), (0.206, -0.062), (0.207, -0.063), (0.208, -0.063), (0.208, -0.064), (0.209, -0.065), (0.209, -0.066), (0.21, -0.066), (0.211, -0.067), (0.211, -0.068), (0.212, -0.069), (0.213, -0.07), (0.213, -0.07), (0.214, -0.071), (0.215, -0.072), (0.215, -0.073), (0.216, -0.074), (0.217, -0.074), (0.217, -0.075), (0.218, -0.076), (0.219, -0.077), (0.219, -0.077), (0.22, -0.078), (0.221, -0.079), (0.221, -0.08), (0.222, -0.081), (0.223, -0.081), (0.223, -0.082), (0.224, -0.083), (0.225, -0.084), (0.225, -0.085), (0.226, -0.085), (0.227, -0.086), (0.227, -0.087), (0.228, -0.088), (0.229, -0.088), (0.229, -0.089), (0.23, -0.09), (0.231, -0.091), (0.232, -0.092), (0.232, -0.092), (0.233, -0.093), (0.234, -0.094), (0.234, -0.095), (0.235, -0.095), (0.236, -0.096), (0.236, -0.097), (0.237, -0.098), (0.238, -0.099), (0.238, -0.099), (0.239, -0.1), (0.24, -0.101), (0.241, -0.102), (0.241, -0.102), (0.242, -0.103), (0.243, -0.104), (0.243, -0.105), (0.244, -0.105), (0.245, -0.106), (0.245, -0.107), (0.246, -0.108), (0.247, -0.109), (0.248, -0.109), (0.248, -0.11), (0.249, -0.111), (0.25, -0.112), (0.25, -0.112), (0.251, -0.113), (0.252, -0.114), (0.253, -0.115), (0.253, -0.115), (0.254, -0.116), (0.255, -0.117), (0.255, -0.118), (0.256, -0.118), (0.257, -0.119), (0.258, -0.12), (0.258, -0.12), (0.259, -0.121), (0.26, -0.122), (0.261, -0.123), (0.261, -0.123), (0.262, -0.124), (0.263, -0.125), (0.263, -0.126), (0.264, -0.126), (0.265, -0.127), (0.266, -0.128), (0.266, -0.128), (0.267, -0.129), (0.268, -0.13), (0.269, -0.131), (0.269, -0.131), (0.27, -0.132), (0.271, -0.133), (0.272, -0.133), (0.272, -0.134), (0.273, -0.135), (0.274, -0.135), (0.275, -0.136), (0.275, -0.137), (0.276, -0.138), (0.277, -0.138), (0.278, -0.139), (0.278, -0.14), (0.279, -0.14), (0.28, -0.141), (0.281, -0.142), (0.281, -0.142), (0.282, -0.143), (0.283, -0.144), (0.284, -0.144), (0.284, -0.145), (0.285, -0.146), (0.286, -0.146), (0.287, -0.147), (0.287, -0.148), (0.288, -0.148), (0.289, -0.149), (0.29, -0.15), (0.29, -0.15), (0.291, -0.151), (0.292, -0.151), (0.293, -0.152), (0.293, -0.153), (0.294, -0.153), (0.295, -0.154), (0.296, -0.155), (0.296, -0.155), (0.297, -0.156), (0.298, -0.157), (0.299, -0.157), (0.3, -0.158), (0.3, -0.158), (0.301, -0.159), (0.302, -0.16), (0.303, -0.16), (0.303, -0.161), (0.304, -0.161), (0.305, -0.162), (0.306, -0.163), (0.307, -0.163), (0.307, -0.164), (0.308, -0.164), (0.309, -0.165), (0.31, -0.166), (0.31, -0.166), (0.311, -0.167), (0.312, -0.167), (0.313, -0.168), (0.314, -0.168), (0.314, -0.169), (0.315, -0.17), (0.316, -0.17), (0.317, -0.171), (0.318, -0.171), (0.318, -0.172), (0.319, -0.172), (0.32, -0.173), (0.321, -0.173), (0.322, -0.174), (0.322, -0.175), (0.323, -0.175), (0.324, -0.176), (0.325, -0.176), (0.326, -0.177), (0.326, -0.177), (0.327, -0.178), (0.328, -0.178), (0.329, -0.179), (0.33, -0.179), (0.33, -0.18), (0.331, -0.18), (0.332, -0.181), (0.333, -0.181), (0.334, -0.182), (0.335, -0.182), (0.335, -0.183), (0.336, -0.183), (0.337, -0.184), (0.338, -0.184), (0.339, -0.185), (0.339, -0.185), (0.34, -0.186), (0.341, -0.186), (0.342, -0.187), (0.343, -0.187), (0.344, -0.188), (0.344, -0.188), (0.345, -0.189), (0.346, -0.189), (0.347, -0.19), (0.348, -0.19), (0.349, -0.191), (0.349, -0.191), (0.35, -0.192), (0.351, -0.192), (0.352, -0.193), (0.353, -0.193), (0.354, -0.194), (0.354, -0.194), (0.355, -0.195)], total_steps=3141
  177th iteration: path_start=[(0.01, -0.172), (0.01, -0.171), (0.009, -0.171), (0.008, -0.169), (0.007, -0.168), (0.005, -0.166), (0.004, -0.164), (0.002, -0.162), (-0.0, -0.16), (-0.003, -0.157), (-0.005, -0.155), (-0.008, -0.152), (-0.01, -0.149), (-0.013, -0.145), (-0.016, -0.142), (-0.019, -0.139), (-0.023, -0.135), (-0.026, -0.131), (-0.03, -0.127), (-0.033, -0.123), (-0.037, -0.119), (-0.041, -0.115), (-0.045, -0.11), (-0.049, -0.106), (-0.053, -0.102), (-0.057, -0.097), (-0.061, -0.092), (-0.065, -0.088), (-0.07, -0.083), (-0.074, -0.078), (-0.078, -0.073), (-0.083, -0.068), (-0.087, -0.063), (-0.092, -0.058), (-0.097, -0.053), (-0.101, -0.048), (-0.106, -0.043), (-0.111, -0.038), (-0.115, -0.033), (-0.12, -0.028), (-0.125, -0.023), (-0.13, -0.017), (-0.134, -0.012), (-0.139, -0.007), (-0.144, -0.002), (-0.149, 0.003), (-0.154, 0.009), (-0.159, 0.014), (-0.164, 0.019), (-0.168, 0.024), (-0.173, 0.03), (-0.178, 0.035), (-0.183, 0.04), (-0.188, 0.045), (-0.193, 0.05), (-0.198, 0.055), (-0.202, 0.06), (-0.207, 0.066), (-0.212, 0.071), (-0.217, 0.076), (-0.222, 0.081), (-0.227, 0.086), (-0.231, 0.091), (-0.236, 0.096), (-0.241, 0.101), (-0.246, 0.106), (-0.25, 0.11), (-0.255, 0.115), (-0.26, 0.12), (-0.265, 0.125), (-0.269, 0.13), (-0.274, 0.135), (-0.279, 0.139), (-0.283, 0.144), (-0.288, 0.149), (-0.292, 0.153), (-0.297, 0.158), (-0.301, 0.163), (-0.306, 0.167), (-0.31, 0.172), (-0.315, 0.176), (-0.319, 0.181), (-0.324, 0.185), (-0.328, 0.19), (-0.333, 0.194), (-0.337, 0.198), (-0.341, 0.203), (-0.346, 0.207), (-0.35, 0.211), (-0.354, 0.215), (-0.358, 0.22), (-0.363, 0.224), (-0.367, 0.228), (-0.371, 0.232), (-0.375, 0.236), (-0.379, 0.24), (-0.384, 0.244), (-0.388, 0.248), (-0.392, 0.252), (-0.396, 0.256), (-0.4, 0.26), (-0.404, 0.264), (-0.408, 0.267), (-0.412, 0.271), (-0.416, 0.275), (-0.42, 0.279), (-0.424, 0.283), (-0.427, 0.286), (-0.431, 0.29), (-0.435, 0.293), (-0.439, 0.297), (-0.443, 0.301), (-0.446, 0.304), (-0.45, 0.308), (-0.454, 0.311), (-0.458, 0.315), (-0.461, 0.318), (-0.465, 0.321), (-0.469, 0.325), (-0.472, 0.328), (-0.476, 0.332), (-0.479, 0.335), (-0.483, 0.338), (-0.487, 0.341), (-0.49, 0.345), (-0.494, 0.348), (-0.497, 0.351), (-0.5, 0.354), (-0.504, 0.357), (-0.507, 0.36), (-0.511, 0.363), (-0.514, 0.366), (-0.517, 0.369), (-0.521, 0.372), (-0.524, 0.375), (-0.527, 0.378), (-0.531, 0.381), (-0.534, 0.384), (-0.537, 0.387), (-0.54, 0.39), (-0.544, 0.393), (-0.547, 0.396), (-0.55, 0.398), (-0.553, 0.401), (-0.556, 0.404), (-0.559, 0.407), (-0.563, 0.409), (-0.566, 0.412), (-0.569, 0.415), (-0.572, 0.417), (-0.575, 0.42), (-0.578, 0.423), (-0.581, 0.425), (-0.584, 0.428), (-0.587, 0.43), (-0.59, 0.433), (-0.593, 0.435), (-0.596, 0.438), (-0.598, 0.44), (-0.601, 0.443), (-0.604, 0.445), (-0.607, 0.448), (-0.61, 0.45), (-0.613, 0.453), (-0.615, 0.455), (-0.618, 0.457), (-0.621, 0.46), (-0.624, 0.462), (-0.627, 0.464), (-0.629, 0.466), (-0.632, 0.469), (-0.635, 0.471), (-0.637, 0.473), (-0.64, 0.475), (-0.643, 0.478), (-0.645, 0.48), (-0.648, 0.482), (-0.65, 0.484), (-0.653, 0.486), (-0.656, 0.488), (-0.658, 0.491), (-0.661, 0.493), (-0.663, 0.495), (-0.666, 0.497), (-0.668, 0.499), (-0.671, 0.501), (-0.673, 0.503), (-0.676, 0.505), (-0.678, 0.507), (-0.68, 0.509), (-0.683, 0.511), (-0.685, 0.513), (-0.688, 0.515), (-0.69, 0.516), (-0.692, 0.518), (-0.695, 0.52), (-0.697, 0.522), (-0.699, 0.524), (-0.702, 0.526), (-0.704, 0.528), (-0.706, 0.529), (-0.708, 0.531), (-0.711, 0.533), (-0.713, 0.535), (-0.715, 0.537), (-0.717, 0.538), (-0.719, 0.54), (-0.722, 0.542), (-0.724, 0.543), (-0.726, 0.545), (-0.728, 0.547), (-0.73, 0.548), (-0.732, 0.55), (-0.734, 0.552), (-0.736, 0.553), (-0.738, 0.555), (-0.741, 0.556), (-0.743, 0.558), (-0.745, 0.56), (-0.747, 0.561), (-0.749, 0.563), (-0.751, 0.564), (-0.752, 0.566), (-0.754, 0.567), (-0.756, 0.569), (-0.758, 0.57), (-0.76, 0.572), (-0.762, 0.573), (-0.764, 0.574), (-0.766, 0.576), (-0.768, 0.577), (-0.769, 0.579), (-0.771, 0.58), (-0.773, 0.581), (-0.775, 0.583), (-0.777, 0.584), (-0.778, 0.585), (-0.78, 0.587), (-0.782, 0.588), (-0.784, 0.589), (-0.785, 0.59), (-0.787, 0.592), (-0.789, 0.593), (-0.79, 0.594), (-0.792, 0.595), (-0.794, 0.597), (-0.795, 0.598), (-0.797, 0.599), (-0.799, 0.6), (-0.8, 0.601), (-0.802, 0.602), (-0.803, 0.604), (-0.805, 0.605), (-0.806, 0.606), (-0.808, 0.607), (-0.809, 0.608), (-0.811, 0.609), (-0.812, 0.61), (-0.814, 0.611), (-0.815, 0.612), (-0.817, 0.613), (-0.818, 0.614), (-0.819, 0.615), (-0.821, 0.616), (-0.822, 0.617), (-0.824, 0.618), (-0.825, 0.619), (-0.826, 0.62), (-0.828, 0.62), (-0.829, 0.621), (-0.83, 0.622), (-0.831, 0.623), (-0.833, 0.624), (-0.834, 0.625), (-0.835, 0.626), (-0.836, 0.626), (-0.838, 0.627), (-0.839, 0.628), (-0.84, 0.629), (-0.841, 0.629), (-0.842, 0.63), (-0.843, 0.631), (-0.844, 0.632), (-0.846, 0.632), (-0.847, 0.633), (-0.848, 0.634), (-0.849, 0.634), (-0.85, 0.635), (-0.851, 0.635), (-0.852, 0.636), (-0.853, 0.637), (-0.854, 0.637), (-0.855, 0.638), (-0.856, 0.638), (-0.857, 0.639), (-0.858, 0.639), (-0.859, 0.64), (-0.859, 0.64), (-0.86, 0.641), (-0.861, 0.641), (-0.862, 0.642), (-0.863, 0.642), (-0.864, 0.642), (-0.865, 0.643), (-0.865, 0.643), (-0.866, 0.644), (-0.867, 0.644), (-0.868, 0.644), (-0.868, 0.645), (-0.869, 0.645), (-0.87, 0.645), (-0.87, 0.646), (-0.871, 0.646), (-0.872, 0.646), (-0.872, 0.646), (-0.873, 0.647), (-0.874, 0.647), (-0.874, 0.647), (-0.875, 0.647), (-0.875, 0.647), (-0.876, 0.647), (-0.877, 0.648), (-0.877, 0.648), (-0.878, 0.648), (-0.878, 0.648), (-0.879, 0.648), (-0.879, 0.648), (-0.879, 0.648), (-0.88, 0.648), (-0.88, 0.648), (-0.881, 0.648), (-0.881, 0.648), (-0.881, 0.648), (-0.882, 0.648), (-0.882, 0.648), (-0.882, 0.648), (-0.883, 0.648), (-0.883, 0.648), (-0.883, 0.648), (-0.884, 0.647), (-0.884, 0.647), (-0.884, 0.647), (-0.884, 0.647), (-0.884, 0.647), (-0.885, 0.647), (-0.885, 0.646), (-0.885, 0.646), (-0.885, 0.646), (-0.885, 0.646), (-0.885, 0.645), (-0.885, 0.645), (-0.885, 0.645), (-0.885, 0.644), (-0.885, 0.644), (-0.885, 0.644), (-0.885, 0.643), (-0.885, 0.643), (-0.885, 0.642), (-0.885, 0.642), (-0.885, 0.642), (-0.885, 0.641), (-0.885, 0.641), (-0.885, 0.64), (-0.885, 0.64), (-0.885, 0.639), (-0.885, 0.639), (-0.884, 0.638), (-0.884, 0.638), (-0.884, 0.637), (-0.884, 0.636), (-0.884, 0.636), (-0.883, 0.635), (-0.883, 0.635), (-0.883, 0.634), (-0.882, 0.633), (-0.882, 0.633), (-0.882, 0.632), (-0.881, 0.631), (-0.881, 0.63), (-0.881, 0.63), (-0.88, 0.629), (-0.88, 0.628), (-0.88, 0.627), (-0.879, 0.627), (-0.879, 0.626), (-0.878, 0.625), (-0.878, 0.624), (-0.877, 0.623), (-0.877, 0.622), (-0.876, 0.622), (-0.875, 0.621), (-0.875, 0.62), (-0.874, 0.619), (-0.874, 0.618), (-0.873, 0.617), (-0.872, 0.616), (-0.872, 0.615), (-0.871, 0.614), (-0.87, 0.613), (-0.87, 0.612), (-0.869, 0.611), (-0.868, 0.61), (-0.868, 0.609), (-0.867, 0.608), (-0.866, 0.607), (-0.865, 0.606), (-0.864, 0.604), (-0.864, 0.603), (-0.863, 0.602), (-0.862, 0.601), (-0.861, 0.6), (-0.86, 0.599), (-0.859, 0.597), (-0.858, 0.596), (-0.857, 0.595), (-0.856, 0.594), (-0.855, 0.593), (-0.854, 0.591), (-0.853, 0.59), (-0.852, 0.589), (-0.851, 0.587), (-0.85, 0.586), (-0.849, 0.585), (-0.848, 0.583), (-0.847, 0.582), (-0.846, 0.581), (-0.845, 0.579), (-0.844, 0.578), (-0.842, 0.577), (-0.841, 0.575), (-0.84, 0.574), (-0.839, 0.572), (-0.838, 0.571), (-0.836, 0.569), (-0.835, 0.568), (-0.834, 0.566), (-0.833, 0.565), (-0.831, 0.563), (-0.83, 0.562), (-0.829, 0.56), (-0.827, 0.559), (-0.826, 0.557), (-0.825, 0.556), (-0.823, 0.554), (-0.822, 0.553), (-0.82, 0.551), (-0.819, 0.549), (-0.818, 0.548), (-0.816, 0.546), (-0.815, 0.544), (-0.813, 0.543), (-0.812, 0.541), (-0.81, 0.54), (-0.809, 0.538), (-0.807, 0.536), (-0.805, 0.534), (-0.804, 0.533), (-0.802, 0.531), (-0.801, 0.529), (-0.799, 0.528), (-0.797, 0.526), (-0.796, 0.524), (-0.794, 0.522), (-0.793, 0.521), (-0.791, 0.519), (-0.789, 0.517), (-0.787, 0.515), (-0.786, 0.514), (-0.784, 0.512), (-0.782, 0.51), (-0.781, 0.508), (-0.779, 0.506), (-0.777, 0.504), (-0.775, 0.503), (-0.773, 0.501), (-0.772, 0.499), (-0.77, 0.497), (-0.768, 0.495), (-0.766, 0.493), (-0.764, 0.491), (-0.762, 0.49), (-0.76, 0.488), (-0.758, 0.486), (-0.757, 0.484), (-0.755, 0.482), (-0.753, 0.48), (-0.751, 0.478), (-0.749, 0.476), (-0.747, 0.474), (-0.745, 0.472), (-0.743, 0.47), (-0.741, 0.469), (-0.739, 0.467), (-0.737, 0.465), (-0.735, 0.463), (-0.733, 0.461), (-0.731, 0.459), (-0.728, 0.457), (-0.726, 0.455), (-0.724, 0.453)], path_end=[(-0.064, -0.24), (-0.059, -0.242), (-0.055, -0.245), (-0.051, -0.247), (-0.047, -0.249), (-0.042, -0.251), (-0.038, -0.253), (-0.034, -0.254), (-0.03, -0.256), (-0.026, -0.258), (-0.021, -0.26), (-0.017, -0.262), (-0.013, -0.264), (-0.009, -0.266), (-0.005, -0.268), (-0.001, -0.27), (0.003, -0.272), (0.008, -0.274), (0.012, -0.276), (0.016, -0.278), (0.02, -0.28), (0.024, -0.282), (0.028, -0.284), (0.032, -0.286), (0.036, -0.287), (0.04, -0.289), (0.044, -0.291), (0.048, -0.293), (0.052, -0.295), (0.055, -0.297), (0.059, -0.299), (0.063, -0.3), (0.067, -0.302), (0.071, -0.304), (0.075, -0.306), (0.078, -0.307), (0.082, -0.309), (0.086, -0.311), (0.09, -0.313), (0.093, -0.314), (0.097, -0.316), (0.101, -0.318), (0.104, -0.319), (0.108, -0.321), (0.111, -0.323), (0.115, -0.324), (0.119, -0.326), (0.122, -0.328), (0.126, -0.329), (0.129, -0.331), (0.132, -0.332), (0.136, -0.334), (0.139, -0.335), (0.143, -0.337), (0.146, -0.338), (0.149, -0.34), (0.152, -0.341), (0.156, -0.343), (0.159, -0.344), (0.162, -0.346), (0.165, -0.347), (0.168, -0.348), (0.172, -0.35), (0.175, -0.351), (0.178, -0.353), (0.181, -0.354), (0.184, -0.355), (0.187, -0.356), (0.19, -0.358), (0.192, -0.359), (0.195, -0.36), (0.198, -0.361), (0.201, -0.363), (0.204, -0.364), (0.207, -0.365), (0.209, -0.366), (0.212, -0.367), (0.215, -0.368), (0.217, -0.369), (0.22, -0.37), (0.222, -0.371), (0.225, -0.372), (0.227, -0.373), (0.23, -0.374), (0.232, -0.375), (0.235, -0.376), (0.237, -0.377), (0.239, -0.378), (0.242, -0.379), (0.244, -0.38), (0.246, -0.38), (0.248, -0.381), (0.251, -0.382), (0.253, -0.383), (0.255, -0.384), (0.257, -0.384), (0.259, -0.385), (0.261, -0.386), (0.263, -0.386), (0.265, -0.387), (0.267, -0.388), (0.269, -0.388), (0.271, -0.389), (0.273, -0.389), (0.274, -0.39), (0.276, -0.39), (0.278, -0.391), (0.28, -0.391), (0.281, -0.392), (0.283, -0.392), (0.284, -0.393), (0.286, -0.393), (0.288, -0.393), (0.289, -0.394), (0.291, -0.394), (0.292, -0.394), (0.293, -0.395), (0.295, -0.395), (0.296, -0.395), (0.297, -0.396), (0.299, -0.396), (0.3, -0.396), (0.301, -0.396), (0.302, -0.396), (0.304, -0.396), (0.305, -0.396), (0.306, -0.397), (0.307, -0.397), (0.308, -0.397), (0.309, -0.397), (0.31, -0.397), (0.311, -0.397), (0.312, -0.397), (0.313, -0.397), (0.314, -0.397), (0.314, -0.396), (0.315, -0.396), (0.316, -0.396), (0.317, -0.396), (0.317, -0.396), (0.318, -0.396), (0.319, -0.396), (0.319, -0.395), (0.32, -0.395), (0.321, -0.395), (0.321, -0.395), (0.322, -0.394), (0.322, -0.394), (0.323, -0.394), (0.323, -0.393), (0.324, -0.393), (0.324, -0.392), (0.324, -0.392), (0.325, -0.392), (0.325, -0.391), (0.325, -0.391), (0.326, -0.39), (0.326, -0.39), (0.326, -0.389), (0.326, -0.389), (0.326, -0.388), (0.326, -0.388), (0.327, -0.387), (0.327, -0.386), (0.327, -0.386), (0.327, -0.385), (0.327, -0.385), (0.327, -0.384), (0.327, -0.383), (0.327, -0.383), (0.327, -0.382), (0.327, -0.381), (0.326, -0.38), (0.326, -0.38), (0.326, -0.379), (0.326, -0.378), (0.326, -0.377), (0.325, -0.377), (0.325, -0.376), (0.325, -0.375), (0.325, -0.374), (0.324, -0.373), (0.324, -0.372), (0.324, -0.371), (0.323, -0.37), (0.323, -0.37), (0.322, -0.369), (0.322, -0.368), (0.322, -0.367), (0.321, -0.366), (0.321, -0.365), (0.32, -0.364), (0.32, -0.363), (0.319, -0.362), (0.318, -0.361), (0.318, -0.36), (0.317, -0.359), (0.317, -0.357), (0.316, -0.356), (0.315, -0.355), (0.315, -0.354), (0.314, -0.353), (0.313, -0.352), (0.313, -0.351), (0.312, -0.35), (0.311, -0.348), (0.31, -0.347), (0.31, -0.346), (0.309, -0.345), (0.308, -0.344), (0.307, -0.342), (0.306, -0.341), (0.305, -0.34), (0.304, -0.339), (0.304, -0.337), (0.303, -0.336), (0.302, -0.335), (0.301, -0.334), (0.3, -0.332), (0.299, -0.331), (0.298, -0.33), (0.297, -0.328), (0.296, -0.327), (0.295, -0.326), (0.294, -0.324), (0.293, -0.323), (0.292, -0.322), (0.291, -0.32), (0.29, -0.319), (0.289, -0.317), (0.288, -0.316), (0.286, -0.315), (0.285, -0.313), (0.284, -0.312), (0.283, -0.31), (0.282, -0.309), (0.281, -0.307), (0.279, -0.306), (0.278, -0.304), (0.277, -0.303), (0.276, -0.302), (0.275, -0.3), (0.273, -0.299), (0.272, -0.297), (0.271, -0.296), (0.27, -0.294), (0.268, -0.293), (0.267, -0.291), (0.266, -0.289), (0.265, -0.288), (0.263, -0.286), (0.262, -0.285), (0.261, -0.283), (0.259, -0.282), (0.258, -0.28), (0.257, -0.279), (0.255, -0.277), (0.254, -0.276), (0.252, -0.274), (0.251, -0.272), (0.25, -0.271), (0.248, -0.269), (0.247, -0.268), (0.245, -0.266), (0.244, -0.264), (0.243, -0.263), (0.241, -0.261), (0.24, -0.26), (0.238, -0.258), (0.237, -0.256), (0.235, -0.255), (0.234, -0.253), (0.232, -0.251), (0.231, -0.25), (0.229, -0.248), (0.228, -0.246), (0.226, -0.245), (0.225, -0.243), (0.223, -0.241), (0.222, -0.24), (0.22, -0.238), (0.218, -0.236), (0.217, -0.235), (0.215, -0.233), (0.214, -0.231), (0.212, -0.23), (0.211, -0.228), (0.209, -0.226), (0.207, -0.225), (0.206, -0.223), (0.204, -0.221), (0.203, -0.22), (0.201, -0.218), (0.199, -0.216), (0.198, -0.214), (0.196, -0.213), (0.194, -0.211), (0.193, -0.209), (0.191, -0.208), (0.189, -0.206), (0.188, -0.204), (0.186, -0.202), (0.184, -0.201), (0.183, -0.199), (0.181, -0.197), (0.179, -0.195), (0.178, -0.194), (0.176, -0.192), (0.174, -0.19), (0.173, -0.189), (0.171, -0.187), (0.169, -0.185), (0.167, -0.183), (0.166, -0.182), (0.164, -0.18), (0.162, -0.178), (0.16, -0.176), (0.159, -0.175), (0.157, -0.173), (0.155, -0.171), (0.153, -0.169), (0.152, -0.167), (0.15, -0.166), (0.148, -0.164), (0.146, -0.162), (0.145, -0.16), (0.143, -0.159), (0.141, -0.157), (0.139, -0.155), (0.137, -0.153), (0.136, -0.152), (0.134, -0.15), (0.132, -0.148), (0.13, -0.146), (0.128, -0.144), (0.126, -0.143), (0.125, -0.141), (0.123, -0.139), (0.121, -0.137), (0.119, -0.136), (0.117, -0.134), (0.115, -0.132), (0.113, -0.13), (0.112, -0.128), (0.11, -0.127), (0.108, -0.125), (0.106, -0.123), (0.104, -0.121), (0.102, -0.119), (0.1, -0.118), (0.098, -0.116), (0.097, -0.114), (0.095, -0.112), (0.093, -0.111), (0.091, -0.109), (0.089, -0.107), (0.087, -0.105), (0.085, -0.103), (0.083, -0.102), (0.081, -0.1), (0.079, -0.098), (0.077, -0.096), (0.075, -0.094), (0.073, -0.092), (0.072, -0.091), (0.07, -0.089), (0.068, -0.087), (0.066, -0.085), (0.064, -0.083), (0.062, -0.082), (0.06, -0.08), (0.058, -0.078), (0.056, -0.076), (0.054, -0.074), (0.052, -0.073), (0.05, -0.071), (0.048, -0.069), (0.046, -0.067), (0.044, -0.065), (0.042, -0.063), (0.04, -0.062), (0.038, -0.06), (0.036, -0.058), (0.034, -0.056), (0.032, -0.054), (0.03, -0.052), (0.028, -0.051), (0.026, -0.049), (0.024, -0.047), (0.021, -0.045), (0.019, -0.043), (0.017, -0.041), (0.015, -0.04), (0.013, -0.038), (0.011, -0.036), (0.009, -0.034), (0.007, -0.032), (0.005, -0.03), (0.003, -0.029), (0.001, -0.027), (-0.001, -0.025), (-0.003, -0.023), (-0.005, -0.021), (-0.008, -0.019), (-0.01, -0.017), (-0.012, -0.016), (-0.014, -0.014), (-0.016, -0.012), (-0.018, -0.01), (-0.02, -0.008), (-0.022, -0.006), (-0.025, -0.004), (-0.027, -0.003), (-0.029, -0.001), (-0.031, 0.001), (-0.033, 0.003), (-0.035, 0.005), (-0.037, 0.007), (-0.04, 0.009), (-0.042, 0.011), (-0.044, 0.012), (-0.046, 0.014), (-0.048, 0.016), (-0.05, 0.018), (-0.053, 0.02), (-0.055, 0.022), (-0.057, 0.024), (-0.059, 0.026), (-0.061, 0.028), (-0.064, 0.029), (-0.066, 0.031), (-0.068, 0.033), (-0.07, 0.035), (-0.072, 0.037), (-0.075, 0.039), (-0.077, 0.041), (-0.079, 0.043), (-0.081, 0.045), (-0.083, 0.047), (-0.086, 0.048), (-0.088, 0.05), (-0.09, 0.052), (-0.092, 0.054), (-0.095, 0.056), (-0.097, 0.058), (-0.099, 0.06), (-0.101, 0.062), (-0.104, 0.064), (-0.106, 0.066), (-0.108, 0.068), (-0.111, 0.069), (-0.113, 0.071), (-0.115, 0.073), (-0.117, 0.075), (-0.12, 0.077), (-0.122, 0.079), (-0.124, 0.081), (-0.127, 0.083), (-0.129, 0.085), (-0.131, 0.087), (-0.134, 0.089), (-0.136, 0.091), (-0.138, 0.093), (-0.141, 0.095), (-0.143, 0.097), (-0.145, 0.099), (-0.148, 0.1), (-0.15, 0.102), (-0.152, 0.104), (-0.155, 0.106), (-0.157, 0.108), (-0.159, 0.11), (-0.162, 0.112), (-0.164, 0.114), (-0.166, 0.116), (-0.169, 0.118), (-0.171, 0.12), (-0.173, 0.122), (-0.176, 0.124), (-0.178, 0.126), (-0.181, 0.128), (-0.183, 0.13), (-0.185, 0.132), (-0.188, 0.134), (-0.19, 0.136), (-0.193, 0.138), (-0.195, 0.14), (-0.197, 0.142), (-0.2, 0.144), (-0.202, 0.146), (-0.205, 0.148), (-0.207, 0.15), (-0.209, 0.152), (-0.212, 0.154), (-0.214, 0.156), (-0.217, 0.158), (-0.219, 0.16), (-0.222, 0.162), (-0.224, 0.164), (-0.227, 0.166)], total_steps=3141
  179th iteration: path_start=[(0.011, -0.172), (0.01, -0.172), (0.01, -0.172), (0.01, -0.173), (0.01, -0.173), (0.01, -0.173), (0.01, -0.173), (0.01, -0.173), (0.01, -0.173), (0.009, -0.173), (0.009, -0.173), (0.009, -0.173), (0.009, -0.173), (0.008, -0.173), (0.008, -0.173), (0.008, -0.174), (0.007, -0.174), (0.007, -0.174), (0.006, -0.174), (0.006, -0.174), (0.006, -0.174), (0.005, -0.174), (0.005, -0.175), (0.004, -0.175), (0.004, -0.175), (0.003, -0.175), (0.003, -0.175), (0.002, -0.176), (0.002, -0.176), (0.001, -0.176), (0.001, -0.176), (0.0, -0.176), (-0.001, -0.177), (-0.001, -0.177), (-0.002, -0.177), (-0.002, -0.177), (-0.003, -0.178), (-0.004, -0.178), (-0.004, -0.178), (-0.005, -0.178), (-0.006, -0.179), (-0.006, -0.179), (-0.007, -0.179), (-0.008, -0.179), (-0.009, -0.18), (-0.009, -0.18), (-0.01, -0.18), (-0.011, -0.181), (-0.012, -0.181), (-0.012, -0.181), (-0.013, -0.181), (-0.014, -0.182), (-0.015, -0.182), (-0.016, -0.182), (-0.016, -0.183), (-0.017, -0.183), (-0.018, -0.183), (-0.019, -0.183), (-0.02, -0.184), (-0.021, -0.184), (-0.021, -0.184), (-0.022, -0.185), (-0.023, -0.185), (-0.024, -0.185), (-0.025, -0.185), (-0.026, -0.186), (-0.027, -0.186), (-0.028, -0.186), (-0.029, -0.187), (-0.03, -0.187), (-0.031, -0.187), (-0.032, -0.187), (-0.032, -0.188), (-0.033, -0.188), (-0.034, -0.188), (-0.035, -0.189), (-0.036, -0.189), (-0.037, -0.189), (-0.038, -0.189), (-0.039, -0.19), (-0.04, -0.19), (-0.041, -0.19), (-0.042, -0.191), (-0.043, -0.191), (-0.044, -0.191), (-0.045, -0.191), (-0.046, -0.192), (-0.047, -0.192), (-0.048, -0.192), (-0.049, -0.192), (-0.05, -0.193), (-0.051, -0.193), (-0.053, -0.193), (-0.054, -0.193), (-0.055, -0.194), (-0.056, -0.194), (-0.057, -0.194), (-0.058, -0.194), (-0.059, -0.195), (-0.06, -0.195), (-0.061, -0.195), (-0.062, -0.195), (-0.063, -0.196), (-0.064, -0.196), (-0.065, -0.196), (-0.067, -0.196), (-0.068, -0.196), (-0.069, -0.197), (-0.07, -0.197), (-0.071, -0.197), (-0.072, -0.197), (-0.073, -0.197), (-0.074, -0.198), (-0.075, -0.198), (-0.077, -0.198), (-0.078, -0.198), (-0.079, -0.198), (-0.08, -0.198), (-0.081, -0.199), (-0.082, -0.199), (-0.083, -0.199), (-0.085, -0.199), (-0.086, -0.199), (-0.087, -0.199), (-0.088, -0.2), (-0.089, -0.2), (-0.09, -0.2), (-0.092, -0.2), (-0.093, -0.2), (-0.094, -0.2), (-0.095, -0.201), (-0.096, -0.201), (-0.098, -0.201), (-0.099, -0.201), (-0.1, -0.201), (-0.101, -0.201), (-0.102, -0.201), (-0.104, -0.201), (-0.105, -0.202), (-0.106, -0.202), (-0.107, -0.202), (-0.109, -0.202), (-0.11, -0.202), (-0.111, -0.202), (-0.112, -0.202), (-0.113, -0.202), (-0.115, -0.202), (-0.116, -0.202), (-0.117, -0.202), (-0.118, -0.203), (-0.12, -0.203), (-0.121, -0.203), (-0.122, -0.203), (-0.124, -0.203), (-0.125, -0.203), (-0.126, -0.203), (-0.127, -0.203), (-0.129, -0.203), (-0.13, -0.203), (-0.131, -0.203), (-0.133, -0.203), (-0.134, -0.203), (-0.135, -0.203), (-0.136, -0.203), (-0.138, -0.203), (-0.139, -0.204), (-0.14, -0.204), (-0.142, -0.204), (-0.143, -0.204), (-0.144, -0.204), (-0.146, -0.204), (-0.147, -0.204), (-0.148, -0.204), (-0.15, -0.204), (-0.151, -0.204), (-0.153, -0.204), (-0.154, -0.204), (-0.155, -0.204), (-0.157, -0.204), (-0.158, -0.204), (-0.159, -0.204), (-0.161, -0.204), (-0.162, -0.204), (-0.164, -0.204), (-0.165, -0.204), (-0.166, -0.204), (-0.168, -0.204), (-0.169, -0.204), (-0.171, -0.204), (-0.172, -0.204), (-0.173, -0.204), (-0.175, -0.204), (-0.176, -0.204), (-0.178, -0.204), (-0.179, -0.204), (-0.181, -0.204), (-0.182, -0.204), (-0.184, -0.204), (-0.185, -0.204), (-0.187, -0.204), (-0.188, -0.204), (-0.189, -0.204), (-0.191, -0.204), (-0.192, -0.204), (-0.194, -0.204), (-0.195, -0.204), (-0.197, -0.204), (-0.198, -0.204), (-0.2, -0.204), (-0.201, -0.204), (-0.203, -0.204), (-0.204, -0.204), (-0.206, -0.204), (-0.208, -0.204), (-0.209, -0.204), (-0.211, -0.204), (-0.212, -0.204), (-0.214, -0.204), (-0.215, -0.203), (-0.217, -0.203), (-0.218, -0.203), (-0.22, -0.203), (-0.221, -0.203), (-0.223, -0.203), (-0.225, -0.203), (-0.226, -0.203), (-0.228, -0.203), (-0.229, -0.203), (-0.231, -0.203), (-0.233, -0.203), (-0.234, -0.203), (-0.236, -0.203), (-0.237, -0.203), (-0.239, -0.203), (-0.241, -0.203), (-0.242, -0.203), (-0.244, -0.203), (-0.246, -0.203), (-0.247, -0.203), (-0.249, -0.203), (-0.25, -0.203), (-0.252, -0.203), (-0.254, -0.203), (-0.255, -0.203), (-0.257, -0.203), (-0.259, -0.203), (-0.26, -0.203), (-0.262, -0.202), (-0.264, -0.202), (-0.266, -0.202), (-0.267, -0.202), (-0.269, -0.202), (-0.271, -0.202), (-0.272, -0.202), (-0.274, -0.202), (-0.276, -0.202), (-0.277, -0.202), (-0.279, -0.202), (-0.281, -0.202), (-0.283, -0.202), (-0.284, -0.202), (-0.286, -0.202), (-0.288, -0.202), (-0.29, -0.202), (-0.291, -0.202), (-0.293, -0.202), (-0.295, -0.202), (-0.297, -0.202), (-0.298, -0.202), (-0.3, -0.202), (-0.302, -0.202), (-0.304, -0.202), (-0.305, -0.201), (-0.307, -0.201), (-0.309, -0.201), (-0.311, -0.201), (-0.313, -0.201), (-0.314, -0.201), (-0.316, -0.201), (-0.318, -0.201), (-0.32, -0.201), (-0.322, -0.201), (-0.323, -0.201), (-0.325, -0.201), (-0.327, -0.201), (-0.329, -0.201), (-0.331, -0.201), (-0.332, -0.201), (-0.334, -0.201), (-0.336, -0.201), (-0.338, -0.201), (-0.34, -0.201), (-0.342, -0.201), (-0.343, -0.201), (-0.345, -0.201), (-0.347, -0.201), (-0.349, -0.2), (-0.351, -0.2), (-0.353, -0.2), (-0.355, -0.2), (-0.356, -0.2), (-0.358, -0.2), (-0.36, -0.2), (-0.362, -0.2), (-0.364, -0.2), (-0.366, -0.2), (-0.368, -0.2), (-0.37, -0.2), (-0.371, -0.2), (-0.373, -0.2), (-0.375, -0.2), (-0.377, -0.2), (-0.379, -0.2), (-0.381, -0.2), (-0.383, -0.2), (-0.385, -0.2), (-0.387, -0.2), (-0.388, -0.2), (-0.39, -0.199), (-0.392, -0.199), (-0.394, -0.199), (-0.396, -0.199), (-0.398, -0.199), (-0.4, -0.199), (-0.402, -0.199), (-0.404, -0.199), (-0.406, -0.199), (-0.408, -0.199), (-0.409, -0.199), (-0.411, -0.199), (-0.413, -0.199), (-0.415, -0.199), (-0.417, -0.199), (-0.419, -0.199), (-0.421, -0.199), (-0.423, -0.199), (-0.425, -0.198), (-0.427, -0.198), (-0.429, -0.198), (-0.431, -0.198), (-0.433, -0.198), (-0.434, -0.198), (-0.436, -0.198), (-0.438, -0.198), (-0.44, -0.198), (-0.442, -0.198), (-0.444, -0.198), (-0.446, -0.198), (-0.448, -0.198), (-0.45, -0.198), (-0.452, -0.197), (-0.454, -0.197), (-0.456, -0.197), (-0.458, -0.197), (-0.46, -0.197), (-0.462, -0.197), (-0.464, -0.197), (-0.465, -0.197), (-0.467, -0.197), (-0.469, -0.197), (-0.471, -0.197), (-0.473, -0.197), (-0.475, -0.196), (-0.477, -0.196), (-0.479, -0.196), (-0.481, -0.196), (-0.483, -0.196), (-0.485, -0.196), (-0.487, -0.196), (-0.489, -0.196), (-0.491, -0.196), (-0.493, -0.196), (-0.495, -0.196), (-0.497, -0.195), (-0.498, -0.195), (-0.5, -0.195), (-0.502, -0.195), (-0.504, -0.195), (-0.506, -0.195), (-0.508, -0.195), (-0.51, -0.195), (-0.512, -0.195), (-0.514, -0.194), (-0.516, -0.194), (-0.518, -0.194), (-0.52, -0.194), (-0.522, -0.194), (-0.524, -0.194), (-0.525, -0.194), (-0.527, -0.194), (-0.529, -0.193), (-0.531, -0.193), (-0.533, -0.193), (-0.535, -0.193), (-0.537, -0.193), (-0.539, -0.193), (-0.541, -0.193), (-0.543, -0.192), (-0.545, -0.192), (-0.547, -0.192), (-0.548, -0.192), (-0.55, -0.192), (-0.552, -0.192), (-0.554, -0.192), (-0.556, -0.191), (-0.558, -0.191), (-0.56, -0.191), (-0.562, -0.191), (-0.564, -0.191), (-0.566, -0.191), (-0.567, -0.19), (-0.569, -0.19), (-0.571, -0.19), (-0.573, -0.19), (-0.575, -0.19), (-0.577, -0.19), (-0.579, -0.189), (-0.581, -0.189), (-0.582, -0.189), (-0.584, -0.189), (-0.586, -0.189), (-0.588, -0.188), (-0.59, -0.188), (-0.592, -0.188), (-0.594, -0.188), (-0.595, -0.188), (-0.597, -0.187), (-0.599, -0.187), (-0.601, -0.187), (-0.603, -0.187), (-0.605, -0.187), (-0.607, -0.186), (-0.608, -0.186), (-0.61, -0.186), (-0.612, -0.186), (-0.614, -0.186), (-0.616, -0.185), (-0.618, -0.185), (-0.619, -0.185), (-0.621, -0.185), (-0.623, -0.184), (-0.625, -0.184), (-0.627, -0.184), (-0.628, -0.184), (-0.63, -0.183), (-0.632, -0.183), (-0.634, -0.183), (-0.636, -0.183), (-0.637, -0.182), (-0.639, -0.182), (-0.641, -0.182), (-0.643, -0.182), (-0.644, -0.181), (-0.646, -0.181), (-0.648, -0.181), (-0.65, -0.181), (-0.652, -0.18), (-0.653, -0.18), (-0.655, -0.18), (-0.657, -0.179), (-0.659, -0.179), (-0.66, -0.179), (-0.662, -0.179), (-0.664, -0.178), (-0.666, -0.178), (-0.667, -0.178), (-0.669, -0.177), (-0.671, -0.177), (-0.672, -0.177), (-0.674, -0.176), (-0.676, -0.176), (-0.678, -0.176), (-0.679, -0.176), (-0.681, -0.175), (-0.683, -0.175), (-0.684, -0.175), (-0.686, -0.174), (-0.688, -0.174), (-0.689, -0.174), (-0.691, -0.173), (-0.693, -0.173), (-0.694, -0.173), (-0.696, -0.172), (-0.698, -0.172), (-0.699, -0.172), (-0.701, -0.171), (-0.703, -0.171), (-0.704, -0.171), (-0.706, -0.17), (-0.708, -0.17), (-0.709, -0.169), (-0.711, -0.169), (-0.712, -0.169), (-0.714, -0.168), (-0.716, -0.168), (-0.717, -0.168), (-0.719, -0.167), (-0.721, -0.167), (-0.722, -0.167), (-0.724, -0.166)], path_end=[(0.714, 0.067), (0.713, 0.068), (0.711, 0.068), (0.71, 0.068), (0.709, 0.068), (0.708, 0.068), (0.707, 0.068), (0.705, 0.068), (0.704, 0.069), (0.703, 0.069), (0.702, 0.069), (0.701, 0.069), (0.699, 0.069), (0.698, 0.069), (0.697, 0.069), (0.696, 0.069), (0.695, 0.07), (0.693, 0.07), (0.692, 0.07), (0.691, 0.07), (0.69, 0.07), (0.689, 0.07), (0.687, 0.07), (0.686, 0.07), (0.685, 0.07), (0.684, 0.071), (0.682, 0.071), (0.681, 0.071), (0.68, 0.071), (0.679, 0.071), (0.678, 0.071), (0.676, 0.071), (0.675, 0.071), (0.674, 0.071), (0.673, 0.072), (0.672, 0.072), (0.67, 0.072), (0.669, 0.072), (0.668, 0.072), (0.667, 0.072), (0.666, 0.072), (0.664, 0.072), (0.663, 0.072), (0.662, 0.072), (0.661, 0.073), (0.66, 0.073), (0.658, 0.073), (0.657, 0.073), (0.656, 0.073), (0.655, 0.073), (0.654, 0.073), (0.652, 0.073), (0.651, 0.073), (0.65, 0.073), (0.649, 0.073), (0.647, 0.074), (0.646, 0.074), (0.645, 0.074), (0.644, 0.074), (0.643, 0.074), (0.641, 0.074), (0.64, 0.074), (0.639, 0.074), (0.638, 0.074), (0.636, 0.074), (0.635, 0.074), (0.634, 0.074), (0.633, 0.074), (0.632, 0.075), (0.63, 0.075), (0.629, 0.075), (0.628, 0.075), (0.627, 0.075), (0.625, 0.075), (0.624, 0.075), (0.623, 0.075), (0.622, 0.075), (0.621, 0.075), (0.619, 0.075), (0.618, 0.075), (0.617, 0.075), (0.616, 0.075), (0.614, 0.075), (0.613, 0.075), (0.612, 0.076), (0.611, 0.076), (0.609, 0.076), (0.608, 0.076), (0.607, 0.076), (0.606, 0.076), (0.604, 0.076), (0.603, 0.076), (0.602, 0.076), (0.601, 0.076), (0.6, 0.076), (0.598, 0.076), (0.597, 0.076), (0.596, 0.076), (0.595, 0.076), (0.593, 0.076), (0.592, 0.076), (0.591, 0.076), (0.59, 0.076), (0.588, 0.076), (0.587, 0.076), (0.586, 0.076), (0.585, 0.077), (0.583, 0.077), (0.582, 0.077), (0.581, 0.077), (0.579, 0.077), (0.578, 0.077), (0.577, 0.077), (0.576, 0.077), (0.574, 0.077), (0.573, 0.077), (0.572, 0.077), (0.571, 0.077), (0.569, 0.077), (0.568, 0.077), (0.567, 0.077), (0.566, 0.077), (0.564, 0.077), (0.563, 0.077), (0.562, 0.077), (0.561, 0.077), (0.559, 0.077), (0.558, 0.077), (0.557, 0.077), (0.555, 0.077), (0.554, 0.077), (0.553, 0.077), (0.552, 0.077), (0.55, 0.077), (0.549, 0.077), (0.548, 0.077), (0.547, 0.077), (0.545, 0.077), (0.544, 0.077), (0.543, 0.077), (0.541, 0.077), (0.54, 0.077), (0.539, 0.077), (0.538, 0.077), (0.536, 0.077), (0.535, 0.077), (0.534, 0.077), (0.532, 0.077), (0.531, 0.077), (0.53, 0.077), (0.529, 0.077), (0.527, 0.077), (0.526, 0.077), (0.525, 0.077), (0.523, 0.077), (0.522, 0.077), (0.521, 0.077), (0.52, 0.077), (0.518, 0.077), (0.517, 0.077), (0.516, 0.077), (0.515, 0.076), (0.513, 0.076), (0.512, 0.076), (0.511, 0.076), (0.509, 0.076), (0.508, 0.076), (0.507, 0.076), (0.506, 0.076), (0.504, 0.076), (0.503, 0.076), (0.502, 0.076), (0.5, 0.076), (0.499, 0.076), (0.498, 0.076), (0.497, 0.076), (0.495, 0.076), (0.494, 0.076), (0.493, 0.076), (0.491, 0.076), (0.49, 0.075), (0.489, 0.075), (0.488, 0.075), (0.486, 0.075), (0.485, 0.075), (0.484, 0.075), (0.482, 0.075), (0.481, 0.075), (0.48, 0.075), (0.479, 0.075), (0.477, 0.075), (0.476, 0.075), (0.475, 0.074), (0.473, 0.074), (0.472, 0.074), (0.471, 0.074), (0.47, 0.074), (0.468, 0.074), (0.467, 0.074), (0.466, 0.074), (0.465, 0.074), (0.463, 0.073), (0.462, 0.073), (0.461, 0.073), (0.459, 0.073), (0.458, 0.073), (0.457, 0.073), (0.456, 0.073), (0.454, 0.073), (0.453, 0.072), (0.452, 0.072), (0.451, 0.072), (0.449, 0.072), (0.448, 0.072), (0.447, 0.072), (0.445, 0.072), (0.444, 0.071), (0.443, 0.071), (0.442, 0.071), (0.44, 0.071), (0.439, 0.071), (0.438, 0.071), (0.437, 0.071), (0.435, 0.07), (0.434, 0.07), (0.433, 0.07), (0.432, 0.07), (0.43, 0.07), (0.429, 0.069), (0.428, 0.069), (0.426, 0.069), (0.425, 0.069), (0.424, 0.069), (0.423, 0.069), (0.421, 0.068), (0.42, 0.068), (0.419, 0.068), (0.418, 0.068), (0.416, 0.068), (0.415, 0.067), (0.414, 0.067), (0.413, 0.067), (0.411, 0.067), (0.41, 0.066), (0.409, 0.066), (0.408, 0.066), (0.406, 0.066), (0.405, 0.065), (0.404, 0.065), (0.403, 0.065), (0.401, 0.065), (0.4, 0.065), (0.399, 0.064), (0.398, 0.064), (0.396, 0.064), (0.395, 0.063), (0.394, 0.063), (0.393, 0.063), (0.391, 0.063), (0.39, 0.062), (0.389, 0.062), (0.388, 0.062), (0.386, 0.062), (0.385, 0.061), (0.384, 0.061), (0.383, 0.061), (0.381, 0.06), (0.38, 0.06), (0.379, 0.06), (0.378, 0.059), (0.376, 0.059), (0.375, 0.059), (0.374, 0.059), (0.373, 0.058), (0.372, 0.058), (0.37, 0.058), (0.369, 0.057), (0.368, 0.057), (0.367, 0.057), (0.365, 0.056), (0.364, 0.056), (0.363, 0.055), (0.362, 0.055), (0.36, 0.055), (0.359, 0.054), (0.358, 0.054), (0.357, 0.054), (0.355, 0.053), (0.354, 0.053), (0.353, 0.052), (0.352, 0.052), (0.35, 0.052), (0.349, 0.051), (0.348, 0.051), (0.347, 0.051), (0.346, 0.05), (0.344, 0.05), (0.343, 0.049), (0.342, 0.049), (0.341, 0.048), (0.339, 0.048), (0.338, 0.048), (0.337, 0.047), (0.336, 0.047), (0.334, 0.046), (0.333, 0.046), (0.332, 0.045), (0.331, 0.045), (0.33, 0.044), (0.328, 0.044), (0.327, 0.043), (0.326, 0.043), (0.325, 0.043), (0.323, 0.042), (0.322, 0.042), (0.321, 0.041), (0.32, 0.041), (0.318, 0.04), (0.317, 0.04), (0.316, 0.039), (0.315, 0.039), (0.314, 0.038), (0.312, 0.037), (0.311, 0.037), (0.31, 0.036), (0.309, 0.036), (0.307, 0.035), (0.306, 0.035), (0.305, 0.034), (0.304, 0.034), (0.302, 0.033), (0.301, 0.033), (0.3, 0.032), (0.299, 0.031), (0.297, 0.031), (0.296, 0.03), (0.295, 0.03), (0.294, 0.029), (0.293, 0.028), (0.291, 0.028), (0.29, 0.027), (0.289, 0.027), (0.288, 0.026), (0.286, 0.025), (0.285, 0.025), (0.284, 0.024), (0.283, 0.024), (0.281, 0.023), (0.28, 0.022), (0.279, 0.022), (0.278, 0.021), (0.276, 0.02), (0.275, 0.02), (0.274, 0.019), (0.273, 0.018), (0.271, 0.018), (0.27, 0.017), (0.269, 0.016), (0.268, 0.016), (0.266, 0.015), (0.265, 0.014), (0.264, 0.014), (0.263, 0.013), (0.261, 0.012), (0.26, 0.011), (0.259, 0.011), (0.258, 0.01), (0.256, 0.009), (0.255, 0.008), (0.254, 0.008), (0.252, 0.007), (0.251, 0.006), (0.25, 0.006), (0.249, 0.005), (0.247, 0.004), (0.246, 0.003), (0.245, 0.002), (0.244, 0.002), (0.242, 0.001), (0.241, 0.0), (0.24, -0.001), (0.239, -0.001), (0.237, -0.002), (0.236, -0.003), (0.235, -0.004), (0.233, -0.005), (0.232, -0.005), (0.231, -0.006), (0.23, -0.007), (0.228, -0.008), (0.227, -0.009), (0.226, -0.01), (0.224, -0.01), (0.223, -0.011), (0.222, -0.012), (0.221, -0.013), (0.219, -0.014), (0.218, -0.015), (0.217, -0.016), (0.215, -0.016), (0.214, -0.017), (0.213, -0.018), (0.211, -0.019), (0.21, -0.02), (0.209, -0.021), (0.208, -0.022), (0.206, -0.023), (0.205, -0.023), (0.204, -0.024), (0.202, -0.025), (0.201, -0.026), (0.2, -0.027), (0.198, -0.028), (0.197, -0.029), (0.196, -0.03), (0.194, -0.031), (0.193, -0.032), (0.192, -0.033), (0.19, -0.034), (0.189, -0.034), (0.188, -0.035), (0.187, -0.036), (0.185, -0.037), (0.184, -0.038), (0.183, -0.039), (0.181, -0.04), (0.18, -0.041), (0.179, -0.042), (0.177, -0.043), (0.176, -0.044), (0.175, -0.045), (0.173, -0.046), (0.172, -0.047), (0.171, -0.048), (0.169, -0.049), (0.168, -0.05), (0.167, -0.051), (0.165, -0.052), (0.164, -0.053), (0.163, -0.054), (0.161, -0.055), (0.16, -0.056), (0.159, -0.057), (0.157, -0.058), (0.156, -0.059), (0.154, -0.06), (0.153, -0.061), (0.152, -0.062), (0.15, -0.063), (0.149, -0.064), (0.148, -0.065), (0.146, -0.066), (0.145, -0.067), (0.144, -0.068), (0.142, -0.069), (0.141, -0.07), (0.14, -0.071), (0.138, -0.072), (0.137, -0.073), (0.136, -0.074), (0.134, -0.075), (0.133, -0.076), (0.131, -0.077), (0.13, -0.078), (0.129, -0.079), (0.127, -0.08), (0.126, -0.081), (0.125, -0.082), (0.123, -0.083), (0.122, -0.084), (0.121, -0.085), (0.119, -0.086), (0.118, -0.087), (0.117, -0.088), (0.115, -0.089), (0.114, -0.09), (0.112, -0.091), (0.111, -0.092), (0.11, -0.093), (0.108, -0.094), (0.107, -0.095), (0.106, -0.096), (0.104, -0.097), (0.103, -0.098), (0.102, -0.099), (0.1, -0.1), (0.099, -0.101), (0.097, -0.102), (0.096, -0.103), (0.095, -0.104), (0.093, -0.105), (0.092, -0.106), (0.091, -0.107), (0.089, -0.108), (0.088, -0.109), (0.087, -0.11), (0.085, -0.111), (0.084, -0.112), (0.083, -0.113), (0.081, -0.114)], total_steps=3141
  181st iteration: path_start=[(0.011, -0.172), (0.011, -0.172), (0.012, -0.172), (0.012, -0.172), (0.013, -0.172), (0.014, -0.173), (0.015, -0.173), (0.016, -0.173), (0.018, -0.173), (0.019, -0.173), (0.021, -0.173), (0.023, -0.173), (0.024, -0.173), (0.026, -0.173), (0.028, -0.173), (0.03, -0.173), (0.032, -0.173), (0.034, -0.173), (0.037, -0.173), (0.039, -0.173), (0.041, -0.173), (0.043, -0.173), (0.046, -0.173), (0.048, -0.173), (0.051, -0.173), (0.053, -0.173), (0.056, -0.173), (0.058, -0.173), (0.061, -0.173), (0.063, -0.173), (0.066, -0.173), (0.069, -0.173), (0.071, -0.173), (0.074, -0.173), (0.077, -0.172), (0.079, -0.172), (0.082, -0.172), (0.084, -0.172), (0.087, -0.172), (0.09, -0.172), (0.092, -0.172), (0.095, -0.172), (0.098, -0.172), (0.1, -0.172), (0.103, -0.171), (0.105, -0.171), (0.108, -0.171), (0.11, -0.171), (0.113, -0.171), (0.115, -0.171), (0.118, -0.17), (0.12, -0.17), (0.123, -0.17), (0.125, -0.17), (0.128, -0.17), (0.13, -0.169), (0.132, -0.169), (0.135, -0.169), (0.137, -0.169), (0.139, -0.169), (0.142, -0.168), (0.144, -0.168), (0.146, -0.168), (0.148, -0.168), (0.15, -0.167), (0.152, -0.167), (0.155, -0.167), (0.157, -0.166), (0.159, -0.166), (0.161, -0.166), (0.163, -0.166), (0.165, -0.165), (0.166, -0.165), (0.168, -0.165), (0.17, -0.164), (0.172, -0.164), (0.174, -0.164), (0.176, -0.163), (0.177, -0.163), (0.179, -0.163), (0.181, -0.162), (0.182, -0.162), (0.184, -0.161), (0.186, -0.161), (0.187, -0.161), (0.189, -0.16), (0.19, -0.16), (0.192, -0.159), (0.193, -0.159), (0.195, -0.159), (0.196, -0.158), (0.198, -0.158), (0.199, -0.157), (0.2, -0.157), (0.201, -0.157), (0.203, -0.156), (0.204, -0.156), (0.205, -0.155), (0.206, -0.155), (0.208, -0.154), (0.209, -0.154), (0.21, -0.153), (0.211, -0.153), (0.212, -0.152), (0.213, -0.152), (0.214, -0.151), (0.215, -0.151), (0.216, -0.15), (0.217, -0.15), (0.218, -0.149), (0.219, -0.149), (0.22, -0.148), (0.221, -0.148), (0.221, -0.147), (0.222, -0.147), (0.223, -0.146), (0.224, -0.146), (0.225, -0.145), (0.225, -0.145), (0.226, -0.144), (0.227, -0.144), (0.227, -0.143), (0.228, -0.143), (0.229, -0.142), (0.229, -0.142), (0.23, -0.141), (0.23, -0.14), (0.231, -0.14), (0.231, -0.139), (0.232, -0.139), (0.232, -0.138), (0.233, -0.138), (0.233, -0.137), (0.234, -0.137), (0.234, -0.136), (0.235, -0.135), (0.235, -0.135), (0.235, -0.134), (0.236, -0.134), (0.236, -0.133), (0.237, -0.132), (0.237, -0.132), (0.237, -0.131), (0.237, -0.131), (0.238, -0.13), (0.238, -0.13), (0.238, -0.129), (0.238, -0.128), (0.239, -0.128), (0.239, -0.127), (0.239, -0.126), (0.239, -0.126), (0.239, -0.125), (0.24, -0.125), (0.24, -0.124), (0.24, -0.123), (0.24, -0.123), (0.24, -0.122), (0.24, -0.122), (0.24, -0.121), (0.24, -0.12), (0.24, -0.12), (0.24, -0.119), (0.24, -0.118), (0.24, -0.118), (0.24, -0.117), (0.24, -0.117), (0.24, -0.116), (0.24, -0.115), (0.24, -0.115), (0.24, -0.114), (0.24, -0.113), (0.24, -0.113), (0.24, -0.112), (0.24, -0.112), (0.24, -0.111), (0.24, -0.11), (0.24, -0.11), (0.24, -0.109), (0.239, -0.108), (0.239, -0.108), (0.239, -0.107), (0.239, -0.106), (0.239, -0.106), (0.239, -0.105), (0.238, -0.104), (0.238, -0.104), (0.238, -0.103), (0.238, -0.102), (0.238, -0.102), (0.237, -0.101), (0.237, -0.1), (0.237, -0.1), (0.237, -0.099), (0.237, -0.099), (0.236, -0.098), (0.236, -0.097), (0.236, -0.097), (0.235, -0.096), (0.235, -0.095), (0.235, -0.095), (0.235, -0.094), (0.234, -0.093), (0.234, -0.093), (0.234, -0.092), (0.233, -0.091), (0.233, -0.091), (0.233, -0.09), (0.232, -0.089), (0.232, -0.089), (0.232, -0.088), (0.231, -0.087), (0.231, -0.087), (0.231, -0.086), (0.23, -0.085), (0.23, -0.085), (0.23, -0.084), (0.229, -0.083), (0.229, -0.083), (0.228, -0.082), (0.228, -0.081), (0.228, -0.081), (0.227, -0.08), (0.227, -0.079), (0.226, -0.079), (0.226, -0.078), (0.225, -0.077), (0.225, -0.077), (0.225, -0.076), (0.224, -0.075), (0.224, -0.075), (0.223, -0.074), (0.223, -0.073), (0.222, -0.073), (0.222, -0.072), (0.221, -0.071), (0.221, -0.071), (0.22, -0.07), (0.22, -0.069), (0.219, -0.068), (0.219, -0.068), (0.218, -0.067), (0.218, -0.066), (0.217, -0.066), (0.217, -0.065), (0.216, -0.064), (0.216, -0.064), (0.215, -0.063), (0.215, -0.062), (0.214, -0.062), (0.214, -0.061), (0.213, -0.06), (0.213, -0.06), (0.212, -0.059), (0.212, -0.058), (0.211, -0.058), (0.21, -0.057), (0.21, -0.056), (0.209, -0.056), (0.209, -0.055), (0.208, -0.054), (0.208, -0.054), (0.207, -0.053), (0.207, -0.052), (0.206, -0.052), (0.205, -0.051), (0.205, -0.05), (0.204, -0.05), (0.204, -0.049), (0.203, -0.048), (0.202, -0.047), (0.202, -0.047), (0.201, -0.046), (0.201, -0.045), (0.2, -0.045), (0.199, -0.044), (0.199, -0.043), (0.198, -0.043), (0.197, -0.042), (0.197, -0.041), (0.196, -0.041), (0.196, -0.04), (0.195, -0.039), (0.194, -0.039), (0.194, -0.038), (0.193, -0.037), (0.192, -0.037), (0.192, -0.036), (0.191, -0.035), (0.19, -0.035), (0.19, -0.034), (0.189, -0.033), (0.188, -0.033), (0.188, -0.032), (0.187, -0.031), (0.186, -0.03), (0.186, -0.03), (0.185, -0.029), (0.184, -0.028), (0.184, -0.028), (0.183, -0.027), (0.182, -0.026), (0.182, -0.026), (0.181, -0.025), (0.18, -0.024), (0.18, -0.024), (0.179, -0.023), (0.178, -0.022), (0.178, -0.022), (0.177, -0.021), (0.176, -0.02), (0.175, -0.02), (0.175, -0.019), (0.174, -0.018), (0.173, -0.018), (0.173, -0.017), (0.172, -0.016), (0.171, -0.015), (0.17, -0.015), (0.17, -0.014), (0.169, -0.013), (0.168, -0.013), (0.167, -0.012), (0.167, -0.011), (0.166, -0.011), (0.165, -0.01), (0.164, -0.009), (0.164, -0.009), (0.163, -0.008), (0.162, -0.007), (0.161, -0.007), (0.161, -0.006), (0.16, -0.005), (0.159, -0.005), (0.158, -0.004), (0.158, -0.003), (0.157, -0.003), (0.156, -0.002), (0.155, -0.001), (0.155, -0.0), (0.154, 0.0), (0.153, 0.001), (0.152, 0.002), (0.152, 0.002), (0.151, 0.003), (0.15, 0.004), (0.149, 0.004), (0.148, 0.005), (0.148, 0.006), (0.147, 0.006), (0.146, 0.007), (0.145, 0.008), (0.145, 0.008), (0.144, 0.009), (0.143, 0.01), (0.142, 0.01), (0.141, 0.011), (0.141, 0.012), (0.14, 0.013), (0.139, 0.013), (0.138, 0.014), (0.137, 0.015), (0.137, 0.015), (0.136, 0.016), (0.135, 0.017), (0.134, 0.017), (0.133, 0.018), (0.133, 0.019), (0.132, 0.019), (0.131, 0.02), (0.13, 0.021), (0.129, 0.021), (0.128, 0.022), (0.128, 0.023), (0.127, 0.024), (0.126, 0.024), (0.125, 0.025), (0.124, 0.026), (0.124, 0.026), (0.123, 0.027), (0.122, 0.028), (0.121, 0.028), (0.12, 0.029), (0.119, 0.03), (0.119, 0.03), (0.118, 0.031), (0.117, 0.032), (0.116, 0.032), (0.115, 0.033), (0.115, 0.034), (0.114, 0.035), (0.113, 0.035), (0.112, 0.036), (0.111, 0.037), (0.11, 0.037), (0.11, 0.038), (0.109, 0.039), (0.108, 0.039), (0.107, 0.04), (0.106, 0.041), (0.105, 0.041), (0.105, 0.042), (0.104, 0.043), (0.103, 0.044), (0.102, 0.044), (0.101, 0.045), (0.1, 0.046), (0.1, 0.046), (0.099, 0.047), (0.098, 0.048), (0.097, 0.048), (0.096, 0.049), (0.095, 0.05), (0.094, 0.051), (0.094, 0.051), (0.093, 0.052), (0.092, 0.053), (0.091, 0.053), (0.09, 0.054), (0.089, 0.055), (0.089, 0.055), (0.088, 0.056), (0.087, 0.057), (0.086, 0.058), (0.085, 0.058), (0.084, 0.059), (0.084, 0.06), (0.083, 0.06), (0.082, 0.061), (0.081, 0.062), (0.08, 0.062), (0.079, 0.063), (0.079, 0.064), (0.078, 0.065), (0.077, 0.065), (0.076, 0.066), (0.075, 0.067), (0.074, 0.067), (0.074, 0.068), (0.073, 0.069), (0.072, 0.069), (0.071, 0.07), (0.07, 0.071), (0.069, 0.072), (0.069, 0.072), (0.068, 0.073), (0.067, 0.074), (0.066, 0.074), (0.065, 0.075), (0.064, 0.076), (0.064, 0.077), (0.063, 0.077), (0.062, 0.078), (0.061, 0.079), (0.06, 0.079), (0.06, 0.08), (0.059, 0.081), (0.058, 0.082), (0.057, 0.082), (0.056, 0.083), (0.055, 0.084), (0.055, 0.084), (0.054, 0.085), (0.053, 0.086), (0.052, 0.087), (0.051, 0.087), (0.051, 0.088), (0.05, 0.089), (0.049, 0.089), (0.048, 0.09), (0.047, 0.091), (0.047, 0.092), (0.046, 0.092), (0.045, 0.093), (0.044, 0.094), (0.043, 0.094), (0.043, 0.095), (0.042, 0.096), (0.041, 0.097), (0.04, 0.097), (0.039, 0.098), (0.039, 0.099), (0.038, 0.1), (0.037, 0.1), (0.036, 0.101), (0.035, 0.102), (0.035, 0.102), (0.034, 0.103), (0.033, 0.104), (0.032, 0.105), (0.032, 0.105), (0.031, 0.106), (0.03, 0.107), (0.029, 0.108), (0.028, 0.108), (0.028, 0.109), (0.027, 0.11), (0.026, 0.11), (0.025, 0.111), (0.025, 0.112)], path_end=[(-0.077, 0.073), (-0.072, 0.068), (-0.067, 0.064), (-0.062, 0.059), (-0.057, 0.055), (-0.053, 0.05), (-0.048, 0.046), (-0.043, 0.041), (-0.038, 0.037), (-0.033, 0.032), (-0.029, 0.028), (-0.024, 0.023), (-0.019, 0.019), (-0.014, 0.014), (-0.01, 0.01), (-0.005, 0.005), (-0.0, 0.001), (0.005, -0.004), (0.009, -0.008), (0.014, -0.013), (0.019, -0.017), (0.023, -0.022), (0.028, -0.026), (0.033, -0.03), (0.037, -0.035), (0.042, -0.039), (0.046, -0.043), (0.051, -0.048), (0.056, -0.052), (0.06, -0.056), (0.065, -0.061), (0.069, -0.065), (0.074, -0.069), (0.078, -0.074), (0.083, -0.078), (0.087, -0.082), (0.092, -0.086), (0.096, -0.09), (0.1, -0.095), (0.105, -0.099), (0.109, -0.103), (0.114, -0.107), (0.118, -0.111), (0.122, -0.115), (0.127, -0.119), (0.131, -0.123), (0.135, -0.127), (0.139, -0.131), (0.144, -0.135), (0.148, -0.139), (0.152, -0.143), (0.156, -0.147), (0.16, -0.151), (0.164, -0.155), (0.168, -0.159), (0.172, -0.162), (0.176, -0.166), (0.181, -0.17), (0.185, -0.174), (0.188, -0.177), (0.192, -0.181), (0.196, -0.185), (0.2, -0.189), (0.204, -0.192), (0.208, -0.196), (0.212, -0.199), (0.216, -0.203), (0.219, -0.206), (0.223, -0.21), (0.227, -0.213), (0.23, -0.217), (0.234, -0.22), (0.238, -0.224), (0.241, -0.227), (0.245, -0.23), (0.249, -0.234), (0.252, -0.237), (0.256, -0.24), (0.259, -0.244), (0.262, -0.247), (0.266, -0.25), (0.269, -0.253), (0.273, -0.256), (0.276, -0.259), (0.279, -0.262), (0.283, -0.265), (0.286, -0.268), (0.289, -0.271), (0.292, -0.274), (0.295, -0.277), (0.299, -0.28), (0.302, -0.283), (0.305, -0.286), (0.308, -0.289), (0.311, -0.291), (0.314, -0.294), (0.317, -0.297), (0.32, -0.3), (0.323, -0.302), (0.325, -0.305), (0.328, -0.308), (0.331, -0.31), (0.334, -0.313), (0.337, -0.315), (0.339, -0.318), (0.342, -0.32), (0.345, -0.323), (0.347, -0.325), (0.35, -0.327), (0.353, -0.33), (0.355, -0.332), (0.358, -0.334), (0.36, -0.337), (0.363, -0.339), (0.365, -0.341), (0.368, -0.343), (0.37, -0.345), (0.372, -0.348), (0.375, -0.35), (0.377, -0.352), (0.379, -0.354), (0.381, -0.356), (0.384, -0.358), (0.386, -0.36), (0.388, -0.362), (0.39, -0.364), (0.392, -0.365), (0.394, -0.367), (0.396, -0.369), (0.398, -0.371), (0.4, -0.373), (0.402, -0.374), (0.404, -0.376), (0.406, -0.378), (0.408, -0.379), (0.41, -0.381), (0.412, -0.383), (0.413, -0.384), (0.415, -0.386), (0.417, -0.387), (0.419, -0.389), (0.42, -0.39), (0.422, -0.392), (0.424, -0.393), (0.425, -0.394), (0.427, -0.396), (0.428, -0.397), (0.43, -0.398), (0.431, -0.4), (0.433, -0.401), (0.434, -0.402), (0.436, -0.403), (0.437, -0.405), (0.439, -0.406), (0.44, -0.407), (0.441, -0.408), (0.443, -0.409), (0.444, -0.41), (0.445, -0.411), (0.446, -0.412), (0.448, -0.413), (0.449, -0.414), (0.45, -0.415), (0.451, -0.416), (0.452, -0.417), (0.453, -0.418), (0.454, -0.419), (0.455, -0.419), (0.457, -0.42), (0.458, -0.421), (0.459, -0.422), (0.459, -0.422), (0.46, -0.423), (0.461, -0.424), (0.462, -0.425), (0.463, -0.425), (0.464, -0.426), (0.465, -0.427), (0.466, -0.427), (0.466, -0.428), (0.467, -0.428), (0.468, -0.429), (0.469, -0.429), (0.469, -0.43), (0.47, -0.43), (0.471, -0.431), (0.472, -0.431), (0.472, -0.432), (0.473, -0.432), (0.473, -0.432), (0.474, -0.433), (0.475, -0.433), (0.475, -0.433), (0.476, -0.434), (0.476, -0.434), (0.477, -0.434), (0.477, -0.435), (0.478, -0.435), (0.478, -0.435), (0.479, -0.435), (0.479, -0.435), (0.479, -0.436), (0.48, -0.436), (0.48, -0.436), (0.481, -0.436), (0.481, -0.436), (0.481, -0.436), (0.481, -0.436), (0.482, -0.437), (0.482, -0.437), (0.482, -0.437), (0.483, -0.437), (0.483, -0.437), (0.483, -0.437), (0.483, -0.437), (0.483, -0.437), (0.484, -0.437), (0.484, -0.437), (0.484, -0.436), (0.484, -0.436), (0.484, -0.436), (0.484, -0.436), (0.484, -0.436), (0.485, -0.436), (0.485, -0.436), (0.485, -0.436), (0.485, -0.436), (0.485, -0.435), (0.485, -0.435), (0.485, -0.435), (0.485, -0.435), (0.485, -0.435), (0.485, -0.434), (0.485, -0.434), (0.485, -0.434), (0.485, -0.434), (0.485, -0.433), (0.485, -0.433), (0.485, -0.433), (0.484, -0.432), (0.484, -0.432), (0.484, -0.432), (0.484, -0.431), (0.484, -0.431), (0.484, -0.431), (0.484, -0.43), (0.484, -0.43), (0.483, -0.43), (0.483, -0.429), (0.483, -0.429), (0.483, -0.428), (0.483, -0.428), (0.483, -0.428), (0.482, -0.427), (0.482, -0.427), (0.482, -0.426), (0.482, -0.426), (0.481, -0.425), (0.481, -0.425), (0.481, -0.424), (0.481, -0.424), (0.48, -0.423), (0.48, -0.423), (0.48, -0.422), (0.479, -0.422), (0.479, -0.421), (0.479, -0.421), (0.479, -0.42), (0.478, -0.42), (0.478, -0.419), (0.478, -0.419), (0.477, -0.418), (0.477, -0.418), (0.477, -0.417), (0.476, -0.416), (0.476, -0.416), (0.475, -0.415), (0.475, -0.415), (0.475, -0.414), (0.474, -0.414), (0.474, -0.413), (0.474, -0.412), (0.473, -0.412), (0.473, -0.411), (0.472, -0.41), (0.472, -0.41), (0.471, -0.409), (0.471, -0.409), (0.471, -0.408), (0.47, -0.407), (0.47, -0.407), (0.469, -0.406), (0.469, -0.405), (0.468, -0.405), (0.468, -0.404), (0.468, -0.403), (0.467, -0.403), (0.467, -0.402), (0.466, -0.401), (0.466, -0.401), (0.465, -0.4), (0.465, -0.399), (0.464, -0.398), (0.464, -0.398), (0.463, -0.397), (0.463, -0.396), (0.462, -0.396), (0.462, -0.395), (0.461, -0.394), (0.461, -0.394), (0.46, -0.393), (0.46, -0.392), (0.459, -0.391), (0.459, -0.391), (0.458, -0.39), (0.458, -0.389), (0.457, -0.388), (0.457, -0.388), (0.456, -0.387), (0.456, -0.386), (0.455, -0.385), (0.454, -0.385), (0.454, -0.384), (0.453, -0.383), (0.453, -0.382), (0.452, -0.382), (0.452, -0.381), (0.451, -0.38), (0.451, -0.379), (0.45, -0.379), (0.45, -0.378), (0.449, -0.377), (0.448, -0.376), (0.448, -0.376), (0.447, -0.375), (0.447, -0.374), (0.446, -0.373), (0.446, -0.372), (0.445, -0.372), (0.444, -0.371), (0.444, -0.37), (0.443, -0.369), (0.443, -0.369), (0.442, -0.368), (0.442, -0.367), (0.441, -0.366), (0.44, -0.365), (0.44, -0.365), (0.439, -0.364), (0.439, -0.363), (0.438, -0.362), (0.438, -0.361), (0.437, -0.361), (0.436, -0.36), (0.436, -0.359), (0.435, -0.358), (0.435, -0.357), (0.434, -0.357), (0.433, -0.356), (0.433, -0.355), (0.432, -0.354), (0.432, -0.353), (0.431, -0.353), (0.43, -0.352), (0.43, -0.351), (0.429, -0.35), (0.429, -0.349), (0.428, -0.349), (0.428, -0.348), (0.427, -0.347), (0.426, -0.346), (0.426, -0.345), (0.425, -0.345), (0.425, -0.344), (0.424, -0.343), (0.423, -0.342), (0.423, -0.341), (0.422, -0.34), (0.422, -0.34), (0.421, -0.339), (0.42, -0.338), (0.42, -0.337), (0.419, -0.336), (0.419, -0.336), (0.418, -0.335), (0.417, -0.334), (0.417, -0.333), (0.416, -0.332), (0.416, -0.332), (0.415, -0.331), (0.414, -0.33), (0.414, -0.329), (0.413, -0.328), (0.413, -0.328), (0.412, -0.327), (0.411, -0.326), (0.411, -0.325), (0.41, -0.324), (0.41, -0.323), (0.409, -0.323), (0.408, -0.322), (0.408, -0.321), (0.407, -0.32), (0.407, -0.319), (0.406, -0.319), (0.405, -0.318), (0.405, -0.317), (0.404, -0.316), (0.404, -0.315), (0.403, -0.315), (0.402, -0.314), (0.402, -0.313), (0.401, -0.312), (0.401, -0.311), (0.4, -0.311), (0.399, -0.31), (0.399, -0.309), (0.398, -0.308), (0.398, -0.307), (0.397, -0.306), (0.396, -0.306), (0.396, -0.305), (0.395, -0.304), (0.395, -0.303), (0.394, -0.302), (0.394, -0.302), (0.393, -0.301), (0.392, -0.3), (0.392, -0.299), (0.391, -0.298), (0.391, -0.298), (0.39, -0.297), (0.389, -0.296), (0.389, -0.295), (0.388, -0.294), (0.388, -0.294), (0.387, -0.293), (0.386, -0.292), (0.386, -0.291), (0.385, -0.29), (0.385, -0.29), (0.384, -0.289), (0.384, -0.288), (0.383, -0.287), (0.382, -0.286), (0.382, -0.286), (0.381, -0.285), (0.381, -0.284), (0.38, -0.283), (0.38, -0.282), (0.379, -0.282), (0.378, -0.281), (0.378, -0.28), (0.377, -0.279), (0.377, -0.278), (0.376, -0.278), (0.376, -0.277), (0.375, -0.276), (0.374, -0.275), (0.374, -0.275), (0.373, -0.274), (0.373, -0.273), (0.372, -0.272), (0.372, -0.271), (0.371, -0.271), (0.37, -0.27), (0.37, -0.269), (0.369, -0.268), (0.369, -0.267), (0.368, -0.267), (0.368, -0.266), (0.367, -0.265), (0.366, -0.264), (0.366, -0.264), (0.365, -0.263), (0.365, -0.262), (0.364, -0.261), (0.364, -0.26), (0.363, -0.26), (0.363, -0.259), (0.362, -0.258), (0.361, -0.257), (0.361, -0.256), (0.36, -0.256), (0.36, -0.255), (0.359, -0.254), (0.359, -0.253), (0.358, -0.253), (0.358, -0.252), (0.357, -0.251), (0.357, -0.25), (0.356, -0.25), (0.355, -0.249), (0.355, -0.248), (0.354, -0.247), (0.354, -0.246), (0.353, -0.246), (0.353, -0.245), (0.352, -0.244), (0.352, -0.243)], total_steps=3141
  183rd iteration: path_start=[(0.011, -0.172), (0.01, -0.172), (0.01, -0.171), (0.01, -0.17), (0.01, -0.169), (0.01, -0.168), (0.01, -0.166), (0.009, -0.165), (0.009, -0.163), (0.009, -0.161), (0.008, -0.159), (0.008, -0.157), (0.008, -0.155), (0.007, -0.153), (0.007, -0.15), (0.006, -0.148), (0.006, -0.145), (0.006, -0.142), (0.005, -0.139), (0.005, -0.137), (0.004, -0.134), (0.004, -0.131), (0.003, -0.128), (0.003, -0.125), (0.002, -0.122), (0.002, -0.118), (0.001, -0.115), (0.001, -0.112), (0.0, -0.109), (-0.0, -0.105), (-0.001, -0.102), (-0.001, -0.099), (-0.002, -0.096), (-0.002, -0.092), (-0.002, -0.089), (-0.003, -0.086), (-0.003, -0.082), (-0.004, -0.079), (-0.004, -0.076), (-0.005, -0.072), (-0.005, -0.069), (-0.006, -0.066), (-0.006, -0.062), (-0.007, -0.059), (-0.007, -0.056), (-0.007, -0.053), (-0.008, -0.049), (-0.008, -0.046), (-0.008, -0.043), (-0.009, -0.04), (-0.009, -0.037), (-0.01, -0.034), (-0.01, -0.031), (-0.01, -0.027), (-0.011, -0.024), (-0.011, -0.021), (-0.011, -0.019), (-0.012, -0.016), (-0.012, -0.013), (-0.012, -0.01), (-0.012, -0.007), (-0.013, -0.004), (-0.013, -0.001), (-0.013, 0.001), (-0.013, 0.004), (-0.014, 0.007), (-0.014, 0.009), (-0.014, 0.012), (-0.014, 0.014), (-0.014, 0.017), (-0.015, 0.019), (-0.015, 0.022), (-0.015, 0.024), (-0.015, 0.026), (-0.015, 0.029), (-0.015, 0.031), (-0.015, 0.033), (-0.015, 0.036), (-0.016, 0.038), (-0.016, 0.04), (-0.016, 0.042), (-0.016, 0.044), (-0.016, 0.046), (-0.016, 0.048), (-0.016, 0.05), (-0.016, 0.052), (-0.016, 0.054), (-0.016, 0.056), (-0.016, 0.057), (-0.016, 0.059), (-0.016, 0.061), (-0.016, 0.063), (-0.016, 0.064), (-0.016, 0.066), (-0.016, 0.068), (-0.016, 0.069), (-0.016, 0.071), (-0.015, 0.072), (-0.015, 0.074), (-0.015, 0.075), (-0.015, 0.076), (-0.015, 0.078), (-0.015, 0.079), (-0.015, 0.08), (-0.015, 0.082), (-0.014, 0.083), (-0.014, 0.084), (-0.014, 0.085), (-0.014, 0.087), (-0.014, 0.088), (-0.014, 0.089), (-0.013, 0.09), (-0.013, 0.091), (-0.013, 0.092), (-0.013, 0.093), (-0.013, 0.094), (-0.012, 0.095), (-0.012, 0.096), (-0.012, 0.097), (-0.012, 0.097), (-0.011, 0.098), (-0.011, 0.099), (-0.011, 0.1), (-0.011, 0.1), (-0.01, 0.101), (-0.01, 0.102), (-0.01, 0.103), (-0.009, 0.103), (-0.009, 0.104), (-0.009, 0.104), (-0.009, 0.105), (-0.008, 0.106), (-0.008, 0.106), (-0.008, 0.107), (-0.007, 0.107), (-0.007, 0.108), (-0.007, 0.108), (-0.006, 0.109), (-0.006, 0.109), (-0.005, 0.109), (-0.005, 0.11), (-0.005, 0.11), (-0.004, 0.11), (-0.004, 0.111), (-0.004, 0.111), (-0.003, 0.111), (-0.003, 0.112), (-0.002, 0.112), (-0.002, 0.112), (-0.002, 0.112), (-0.001, 0.113), (-0.001, 0.113), (-0.0, 0.113), (-0.0, 0.113), (0.0, 0.113), (0.001, 0.113), (0.001, 0.113), (0.002, 0.114), (0.002, 0.114), (0.003, 0.114), (0.003, 0.114), (0.003, 0.114), (0.004, 0.114), (0.004, 0.114), (0.005, 0.114), (0.005, 0.114), (0.006, 0.114), (0.006, 0.114), (0.007, 0.114), (0.007, 0.114), (0.008, 0.114), (0.008, 0.114), (0.009, 0.113), (0.009, 0.113), (0.01, 0.113), (0.01, 0.113), (0.01, 0.113), (0.011, 0.113), (0.011, 0.113), (0.012, 0.112), (0.012, 0.112), (0.013, 0.112), (0.013, 0.112), (0.014, 0.112), (0.014, 0.111), (0.015, 0.111), (0.016, 0.111), (0.016, 0.111), (0.017, 0.111), (0.017, 0.11), (0.018, 0.11), (0.018, 0.11), (0.019, 0.109), (0.019, 0.109), (0.02, 0.109), (0.02, 0.109), (0.021, 0.108), (0.021, 0.108), (0.022, 0.108), (0.022, 0.107), (0.023, 0.107), (0.023, 0.107), (0.024, 0.106), (0.024, 0.106), (0.025, 0.106), (0.026, 0.105), (0.026, 0.105), (0.027, 0.104), (0.027, 0.104), (0.028, 0.104), (0.028, 0.103), (0.029, 0.103), (0.029, 0.102), (0.03, 0.102), (0.031, 0.102), (0.031, 0.101), (0.032, 0.101), (0.032, 0.1), (0.033, 0.1), (0.033, 0.099), (0.034, 0.099), (0.034, 0.098), (0.035, 0.098), (0.036, 0.098), (0.036, 0.097), (0.037, 0.097), (0.037, 0.096), (0.038, 0.096), (0.038, 0.095), (0.039, 0.095), (0.04, 0.094), (0.04, 0.094), (0.041, 0.093), (0.041, 0.093), (0.042, 0.092), (0.043, 0.092), (0.043, 0.091), (0.044, 0.091), (0.044, 0.09), (0.045, 0.09), (0.045, 0.089), (0.046, 0.089), (0.047, 0.088), (0.047, 0.088), (0.048, 0.087), (0.048, 0.087), (0.049, 0.086), (0.05, 0.085), (0.05, 0.085), (0.051, 0.084), (0.051, 0.084), (0.052, 0.083), (0.052, 0.083), (0.053, 0.082), (0.054, 0.082), (0.054, 0.081), (0.055, 0.08), (0.055, 0.08), (0.056, 0.079), (0.057, 0.079), (0.057, 0.078), (0.058, 0.078), (0.058, 0.077), (0.059, 0.076), (0.06, 0.076), (0.06, 0.075), (0.061, 0.075), (0.061, 0.074), (0.062, 0.074), (0.063, 0.073), (0.063, 0.072), (0.064, 0.072), (0.064, 0.071), (0.065, 0.071), (0.066, 0.07), (0.066, 0.069), (0.067, 0.069), (0.067, 0.068), (0.068, 0.068), (0.069, 0.067), (0.069, 0.067), (0.07, 0.066), (0.07, 0.065), (0.071, 0.065), (0.072, 0.064), (0.072, 0.064), (0.073, 0.063), (0.073, 0.062), (0.074, 0.062), (0.075, 0.061), (0.075, 0.06), (0.076, 0.06), (0.076, 0.059), (0.077, 0.059), (0.078, 0.058), (0.078, 0.057), (0.079, 0.057), (0.079, 0.056), (0.08, 0.056), (0.081, 0.055), (0.081, 0.054), (0.082, 0.054), (0.082, 0.053), (0.083, 0.052), (0.084, 0.052), (0.084, 0.051), (0.085, 0.051), (0.085, 0.05), (0.086, 0.049), (0.087, 0.049), (0.087, 0.048), (0.088, 0.048), (0.088, 0.047), (0.089, 0.046), (0.09, 0.046), (0.09, 0.045), (0.091, 0.044), (0.091, 0.044), (0.092, 0.043), (0.093, 0.043), (0.093, 0.042), (0.094, 0.041), (0.094, 0.041), (0.095, 0.04), (0.096, 0.039), (0.096, 0.039), (0.097, 0.038), (0.097, 0.038), (0.098, 0.037), (0.099, 0.036), (0.099, 0.036), (0.1, 0.035), (0.1, 0.034), (0.101, 0.034), (0.102, 0.033), (0.102, 0.033), (0.103, 0.032), (0.103, 0.031), (0.104, 0.031), (0.105, 0.03), (0.105, 0.029), (0.106, 0.029), (0.106, 0.028), (0.107, 0.027), (0.108, 0.027), (0.108, 0.026), (0.109, 0.026), (0.109, 0.025), (0.11, 0.024), (0.11, 0.024), (0.111, 0.023), (0.112, 0.022), (0.112, 0.022), (0.113, 0.021), (0.113, 0.021), (0.114, 0.02), (0.115, 0.019), (0.115, 0.019), (0.116, 0.018), (0.116, 0.017), (0.117, 0.017), (0.118, 0.016), (0.118, 0.015), (0.119, 0.015), (0.119, 0.014), (0.12, 0.014), (0.121, 0.013), (0.121, 0.012), (0.122, 0.012), (0.122, 0.011), (0.123, 0.01), (0.123, 0.01), (0.124, 0.009), (0.125, 0.009), (0.125, 0.008), (0.126, 0.007), (0.126, 0.007), (0.127, 0.006), (0.128, 0.005), (0.128, 0.005), (0.129, 0.004), (0.129, 0.004), (0.13, 0.003), (0.13, 0.002), (0.131, 0.002), (0.132, 0.001), (0.132, 0.0), (0.133, -0.0), (0.133, -0.001), (0.134, -0.001), (0.134, -0.002), (0.135, -0.003), (0.136, -0.003), (0.136, -0.004), (0.137, -0.005), (0.137, -0.005), (0.138, -0.006), (0.138, -0.006), (0.139, -0.007), (0.14, -0.008), (0.14, -0.008), (0.141, -0.009), (0.141, -0.01), (0.142, -0.01), (0.142, -0.011), (0.143, -0.011), (0.144, -0.012), (0.144, -0.013), (0.145, -0.013), (0.145, -0.014), (0.146, -0.015), (0.146, -0.015), (0.147, -0.016), (0.148, -0.016), (0.148, -0.017), (0.149, -0.018), (0.149, -0.018), (0.15, -0.019), (0.15, -0.02), (0.151, -0.02), (0.151, -0.021), (0.152, -0.021), (0.153, -0.022), (0.153, -0.023), (0.154, -0.023), (0.154, -0.024), (0.155, -0.024), (0.155, -0.025), (0.156, -0.026), (0.156, -0.026), (0.157, -0.027), (0.158, -0.028), (0.158, -0.028), (0.159, -0.029), (0.159, -0.029), (0.16, -0.03), (0.16, -0.031), (0.161, -0.031), (0.161, -0.032), (0.162, -0.032), (0.162, -0.033), (0.163, -0.034), (0.164, -0.034), (0.164, -0.035), (0.165, -0.036), (0.165, -0.036), (0.166, -0.037), (0.166, -0.037), (0.167, -0.038), (0.167, -0.039), (0.168, -0.039), (0.168, -0.04), (0.169, -0.04), (0.169, -0.041), (0.17, -0.042), (0.17, -0.042), (0.171, -0.043), (0.172, -0.044), (0.172, -0.044), (0.173, -0.045), (0.173, -0.045), (0.174, -0.046), (0.174, -0.047), (0.175, -0.047), (0.175, -0.048), (0.176, -0.048), (0.176, -0.049), (0.177, -0.05), (0.177, -0.05), (0.178, -0.051), (0.178, -0.051), (0.179, -0.052), (0.179, -0.053), (0.18, -0.053), (0.18, -0.054), (0.181, -0.054), (0.181, -0.055), (0.182, -0.056), (0.182, -0.056), (0.183, -0.057), (0.183, -0.057), (0.184, -0.058), (0.184, -0.059), (0.185, -0.059), (0.186, -0.06), (0.186, -0.06), (0.187, -0.061), (0.187, -0.062), (0.188, -0.062), (0.188, -0.063), (0.189, -0.063), (0.189, -0.064), (0.19, -0.065), (0.19, -0.065), (0.191, -0.066), (0.191, -0.066), (0.192, -0.067), (0.192, -0.068), (0.193, -0.068), (0.193, -0.069)], path_end=[(0.254, -0.046), (0.249, -0.042), (0.245, -0.038), (0.241, -0.034), (0.237, -0.031), (0.233, -0.027), (0.229, -0.023), (0.225, -0.019), (0.221, -0.016), (0.217, -0.012), (0.213, -0.008), (0.209, -0.005), (0.205, -0.001), (0.201, 0.003), (0.197, 0.007), (0.193, 0.01), (0.189, 0.014), (0.185, 0.018), (0.181, 0.021), (0.178, 0.025), (0.174, 0.029), (0.17, 0.032), (0.166, 0.036), (0.162, 0.04), (0.158, 0.043), (0.154, 0.047), (0.15, 0.05), (0.146, 0.054), (0.142, 0.057), (0.139, 0.061), (0.135, 0.065), (0.131, 0.068), (0.127, 0.072), (0.123, 0.075), (0.12, 0.079), (0.116, 0.082), (0.112, 0.086), (0.108, 0.089), (0.105, 0.093), (0.101, 0.096), (0.097, 0.1), (0.093, 0.103), (0.09, 0.106), (0.086, 0.11), (0.082, 0.113), (0.079, 0.116), (0.075, 0.12), (0.072, 0.123), (0.068, 0.126), (0.064, 0.13), (0.061, 0.133), (0.057, 0.136), (0.054, 0.14), (0.05, 0.143), (0.047, 0.146), (0.044, 0.149), (0.04, 0.152), (0.037, 0.155), (0.033, 0.159), (0.03, 0.162), (0.027, 0.165), (0.023, 0.168), (0.02, 0.171), (0.017, 0.174), (0.013, 0.177), (0.01, 0.18), (0.007, 0.183), (0.004, 0.186), (0.0, 0.189), (-0.003, 0.192), (-0.006, 0.195), (-0.009, 0.198), (-0.012, 0.201), (-0.015, 0.203), (-0.018, 0.206), (-0.021, 0.209), (-0.024, 0.212), (-0.027, 0.215), (-0.03, 0.217), (-0.033, 0.22), (-0.036, 0.223), (-0.039, 0.225), (-0.042, 0.228), (-0.045, 0.231), (-0.047, 0.233), (-0.05, 0.236), (-0.053, 0.239), (-0.056, 0.241), (-0.058, 0.244), (-0.061, 0.246), (-0.064, 0.249), (-0.067, 0.251), (-0.069, 0.254), (-0.072, 0.256), (-0.074, 0.258), (-0.077, 0.261), (-0.079, 0.263), (-0.082, 0.265), (-0.084, 0.268), (-0.087, 0.27), (-0.089, 0.272), (-0.092, 0.274), (-0.094, 0.277), (-0.096, 0.279), (-0.099, 0.281), (-0.101, 0.283), (-0.103, 0.285), (-0.106, 0.287), (-0.108, 0.289), (-0.11, 0.292), (-0.112, 0.294), (-0.115, 0.296), (-0.117, 0.298), (-0.119, 0.3), (-0.121, 0.301), (-0.123, 0.303), (-0.125, 0.305), (-0.127, 0.307), (-0.129, 0.309), (-0.131, 0.311), (-0.133, 0.313), (-0.135, 0.314), (-0.137, 0.316), (-0.139, 0.318), (-0.14, 0.32), (-0.142, 0.321), (-0.144, 0.323), (-0.146, 0.325), (-0.148, 0.326), (-0.149, 0.328), (-0.151, 0.329), (-0.153, 0.331), (-0.154, 0.333), (-0.156, 0.334), (-0.158, 0.336), (-0.159, 0.337), (-0.161, 0.339), (-0.162, 0.34), (-0.164, 0.341), (-0.165, 0.343), (-0.167, 0.344), (-0.168, 0.345), (-0.17, 0.347), (-0.171, 0.348), (-0.173, 0.349), (-0.174, 0.351), (-0.175, 0.352), (-0.177, 0.353), (-0.178, 0.354), (-0.179, 0.356), (-0.18, 0.357), (-0.182, 0.358), (-0.183, 0.359), (-0.184, 0.36), (-0.185, 0.361), (-0.186, 0.362), (-0.188, 0.363), (-0.189, 0.364), (-0.19, 0.365), (-0.191, 0.366), (-0.192, 0.367), (-0.193, 0.368), (-0.194, 0.369), (-0.195, 0.37), (-0.196, 0.371), (-0.197, 0.372), (-0.198, 0.373), (-0.199, 0.374), (-0.2, 0.374), (-0.201, 0.375), (-0.201, 0.376), (-0.202, 0.377), (-0.203, 0.378), (-0.204, 0.378), (-0.205, 0.379), (-0.205, 0.38), (-0.206, 0.38), (-0.207, 0.381), (-0.208, 0.382), (-0.208, 0.382), (-0.209, 0.383), (-0.21, 0.384), (-0.21, 0.384), (-0.211, 0.385), (-0.212, 0.385), (-0.212, 0.386), (-0.213, 0.386), (-0.213, 0.387), (-0.214, 0.387), (-0.215, 0.388), (-0.215, 0.388), (-0.216, 0.389), (-0.216, 0.389), (-0.217, 0.39), (-0.217, 0.39), (-0.217, 0.391), (-0.218, 0.391), (-0.218, 0.391), (-0.219, 0.392), (-0.219, 0.392), (-0.219, 0.392), (-0.22, 0.393), (-0.22, 0.393), (-0.221, 0.393), (-0.221, 0.394), (-0.221, 0.394), (-0.221, 0.394), (-0.222, 0.394), (-0.222, 0.395), (-0.222, 0.395), (-0.223, 0.395), (-0.223, 0.395), (-0.223, 0.395), (-0.223, 0.396), (-0.223, 0.396), (-0.224, 0.396), (-0.224, 0.396), (-0.224, 0.396), (-0.224, 0.396), (-0.224, 0.396), (-0.224, 0.397), (-0.224, 0.397), (-0.225, 0.397), (-0.225, 0.397), (-0.225, 0.397), (-0.225, 0.397), (-0.225, 0.397), (-0.225, 0.397), (-0.225, 0.397), (-0.225, 0.397), (-0.225, 0.397), (-0.225, 0.397), (-0.225, 0.397), (-0.225, 0.397), (-0.225, 0.397), (-0.225, 0.397), (-0.225, 0.397), (-0.225, 0.397), (-0.225, 0.397), (-0.225, 0.397), (-0.225, 0.396), (-0.225, 0.396), (-0.225, 0.396), (-0.225, 0.396), (-0.224, 0.396), (-0.224, 0.396), (-0.224, 0.396), (-0.224, 0.396), (-0.224, 0.395), (-0.224, 0.395), (-0.224, 0.395), (-0.224, 0.395), (-0.223, 0.395), (-0.223, 0.395), (-0.223, 0.394), (-0.223, 0.394), (-0.223, 0.394), (-0.223, 0.394), (-0.222, 0.393), (-0.222, 0.393), (-0.222, 0.393), (-0.222, 0.393), (-0.221, 0.393), (-0.221, 0.392), (-0.221, 0.392), (-0.221, 0.392), (-0.221, 0.391), (-0.22, 0.391), (-0.22, 0.391), (-0.22, 0.391), (-0.219, 0.39), (-0.219, 0.39), (-0.219, 0.39), (-0.219, 0.389), (-0.218, 0.389), (-0.218, 0.389), (-0.218, 0.388), (-0.217, 0.388), (-0.217, 0.388), (-0.217, 0.387), (-0.217, 0.387), (-0.216, 0.387), (-0.216, 0.386), (-0.216, 0.386), (-0.215, 0.386), (-0.215, 0.385), (-0.214, 0.385), (-0.214, 0.384), (-0.214, 0.384), (-0.213, 0.384), (-0.213, 0.383), (-0.213, 0.383), (-0.212, 0.382), (-0.212, 0.382), (-0.212, 0.382), (-0.211, 0.381), (-0.211, 0.381), (-0.21, 0.38), (-0.21, 0.38), (-0.21, 0.38), (-0.209, 0.379), (-0.209, 0.379), (-0.208, 0.378), (-0.208, 0.378), (-0.208, 0.377), (-0.207, 0.377), (-0.207, 0.376), (-0.206, 0.376), (-0.206, 0.376), (-0.206, 0.375), (-0.205, 0.375), (-0.205, 0.374), (-0.204, 0.374), (-0.204, 0.373), (-0.203, 0.373), (-0.203, 0.372), (-0.202, 0.372), (-0.202, 0.371), (-0.202, 0.371), (-0.201, 0.37), (-0.201, 0.37), (-0.2, 0.369), (-0.2, 0.369), (-0.199, 0.368), (-0.199, 0.368), (-0.198, 0.367), (-0.198, 0.367), (-0.197, 0.366), (-0.197, 0.366), (-0.196, 0.365), (-0.196, 0.365), (-0.195, 0.364), (-0.195, 0.364), (-0.195, 0.363), (-0.194, 0.363), (-0.194, 0.362), (-0.193, 0.362), (-0.193, 0.361), (-0.192, 0.361), (-0.192, 0.36), (-0.191, 0.359), (-0.191, 0.359), (-0.19, 0.358), (-0.19, 0.358), (-0.189, 0.357), (-0.189, 0.357), (-0.188, 0.356), (-0.188, 0.356), (-0.187, 0.355), (-0.187, 0.354), (-0.186, 0.354), (-0.186, 0.353), (-0.185, 0.353), (-0.185, 0.352), (-0.184, 0.352), (-0.184, 0.351), (-0.183, 0.351), (-0.182, 0.35), (-0.182, 0.349), (-0.181, 0.349), (-0.181, 0.348), (-0.18, 0.348), (-0.18, 0.347), (-0.179, 0.347), (-0.179, 0.346), (-0.178, 0.345), (-0.178, 0.345), (-0.177, 0.344), (-0.177, 0.344), (-0.176, 0.343), (-0.176, 0.342), (-0.175, 0.342), (-0.175, 0.341), (-0.174, 0.341), (-0.174, 0.34), (-0.173, 0.34), (-0.172, 0.339), (-0.172, 0.338), (-0.171, 0.338), (-0.171, 0.337), (-0.17, 0.337), (-0.17, 0.336), (-0.169, 0.335), (-0.169, 0.335), (-0.168, 0.334), (-0.168, 0.334), (-0.167, 0.333), (-0.166, 0.332), (-0.166, 0.332), (-0.165, 0.331), (-0.165, 0.33), (-0.164, 0.33), (-0.164, 0.329), (-0.163, 0.329), (-0.163, 0.328), (-0.162, 0.327), (-0.162, 0.327), (-0.161, 0.326), (-0.16, 0.326), (-0.16, 0.325), (-0.159, 0.324), (-0.159, 0.324), (-0.158, 0.323), (-0.158, 0.323), (-0.157, 0.322), (-0.157, 0.321), (-0.156, 0.321), (-0.155, 0.32), (-0.155, 0.319), (-0.154, 0.319), (-0.154, 0.318), (-0.153, 0.318), (-0.153, 0.317), (-0.152, 0.316), (-0.152, 0.316), (-0.151, 0.315), (-0.15, 0.314), (-0.15, 0.314), (-0.149, 0.313), (-0.149, 0.313), (-0.148, 0.312), (-0.148, 0.311), (-0.147, 0.311), (-0.146, 0.31), (-0.146, 0.309), (-0.145, 0.309), (-0.145, 0.308), (-0.144, 0.307), (-0.144, 0.307), (-0.143, 0.306), (-0.143, 0.306), (-0.142, 0.305), (-0.141, 0.304), (-0.141, 0.304), (-0.14, 0.303), (-0.14, 0.302), (-0.139, 0.302), (-0.139, 0.301), (-0.138, 0.3), (-0.137, 0.3), (-0.137, 0.299), (-0.136, 0.299), (-0.136, 0.298), (-0.135, 0.297), (-0.135, 0.297), (-0.134, 0.296), (-0.133, 0.295), (-0.133, 0.295), (-0.132, 0.294), (-0.132, 0.293), (-0.131, 0.293), (-0.131, 0.292), (-0.13, 0.291), (-0.129, 0.291), (-0.129, 0.29), (-0.128, 0.289), (-0.128, 0.289), (-0.127, 0.288), (-0.127, 0.288), (-0.126, 0.287), (-0.125, 0.286), (-0.125, 0.286), (-0.124, 0.285), (-0.124, 0.284), (-0.123, 0.284), (-0.122, 0.283), (-0.122, 0.282), (-0.121, 0.282), (-0.121, 0.281), (-0.12, 0.28), (-0.12, 0.28), (-0.119, 0.279), (-0.118, 0.278), (-0.118, 0.278), (-0.117, 0.277), (-0.117, 0.276), (-0.116, 0.276), (-0.116, 0.275), (-0.115, 0.274), (-0.114, 0.274), (-0.114, 0.273), (-0.113, 0.272), (-0.113, 0.272), (-0.112, 0.271), (-0.111, 0.27), (-0.111, 0.27), (-0.11, 0.269), (-0.11, 0.268), (-0.109, 0.268), (-0.109, 0.267), (-0.108, 0.267), (-0.107, 0.266), (-0.107, 0.265), (-0.106, 0.265), (-0.106, 0.264), (-0.105, 0.263), (-0.104, 0.263), (-0.104, 0.262), (-0.103, 0.261), (-0.103, 0.261)], total_steps=3141

# Recent Trend: WORSENING (ball count increasing) - Last 3 iterations: [92, 92, 97, 87, 99, 98, 96, 100, 86, 95]

# Historical Weight Performance Feedback:

# Best Historical Policy (Iteration 101):
  Total balls remaining: 84 | Waypoints executed: 1571 | # Weight Range Insight:
  Weight range = [-128.248, 156.209] (Δ = 284.457) → Suggested MAX_STEP = 23.705



Now you are at iteration 184 out of 510.  Please provide the results in the indicated format. Do not provide any additional texts.


