
You are a global Reinforcement Learning policy optimizer, helping me find the global optimal policy in the following environment.

# Environment:
     In this robot cleaning environment, the swiffer duster is connected to the UR5e robot at the end-effector. The swiffer duster is used to clean a tabletop that is covered with light balls. The trajectory of the swiffer across 2D Plane ( x, y ) should follow a smooth motion to  clean all the balls from the tabletop. The dimension ( x ∈ [-1.350, 1.350], y ∈ [-0.700, 0.700] ) of tabletop is broken down in 2x3 grid. The number of balls in each segment of the grid is  based on the motion of the swiffer.
     The policy used for generating the trajectory of the swiffer is a dynamic movement primitives (dmp) with number of basis function (n_bfs = 25) for each degree of freedom ( x, y ). The cost is calculated as total number of balls on the tabletop are 100  which is broken down spatially based on the number of balls in each segment of the grid (represented as: rows=y high→low, cols=x left→right). 
# Regarding the parameters : Weights for the dmp policy are flattened [x then y] with total length 50. You will help me find optimal weights that minimize the cost. 

# Here's how we will interact :
    1) I will provide you max steps (510) along with a couple of training examples which includes weights for the policy, cost, x-y trajectories for each example 
    2) You will provide the response in exact following format: 
        Output: STRICTLY one JSON object on a single line (no code fences). Include a brief "reason" and the "weights":
        {"reason": "one sentence explaining coverage, bounds adherence, and trajectory improvements", "weights": [exactly 50 floats]}
    3) I will then provide the cost in two representations (total ball count, grid ball count) and the x-y trajectories at that point and the current iteration.
    4) You will repeat the steps from 2-3 until we will reach a maximum number of iteration.

# Remember :
    1) XY WORKSPACE LIMITS (meters): x ∈ [-1.350, 1.350], y ∈ [-0.700, 0.700]. Any path implied by your weights must keep the 2D trajectory strictly within these bounds.
    2) When creating weights, use the trajectory feedback to understand:
      * If previous motions stayed in bounds
      * Which areas were actually covered vs missed
      * How smooth/erratic the motion was
      * Where the robot spent time vs where balls remain
    3) Balance between exploration and exploitation. 
    4) Search both the positive and the negative values.
    5) The global optimum should be at 50 balls in each grid segment (50 total balls). If you are below that, this is just a local optimum. You should explore rather than exploiting.

Next :
     You will see examples of the dmp weights and their corresponding trajectory and cost.
     weights = [84.993855, 69.885069, 55.206646, 42.306527, 32.309473, 24.273628, 12.420855, -7.368554, -24.351259, -28.730552, -34.305447, -50.96178, -73.563352, -95.873989, -116.474452, -135.129149, -149.577451, -159.238397, -166.375785, -171.873775, -173.325799, -168.103406, -154.11261, -132.871615, -110.755176, -90.821882, -71.419665, -52.33974, -35.634237, -21.18727, -7.303905, 6.098977, 19.240626, 33.455577, 50.216669, 69.857061, 91.259438, 111.596813, 129.704331, 145.486411, 157.232589, 165.402812, 170.847044, 172.445849, 169.429601, 162.092667, 149.79719, 133.344939, 116.11635, 100.117687, 34.254739, 29.930115, 24.678004, 18.37642, 11.170079, 2.594627, -11.680548, -38.735428, -61.330785, -54.551031, -39.820681, -36.935136, -39.02968, -40.045511, -39.303201, -36.18576, -29.635765, -20.488875, -9.569289, 2.788452, 14.835595, 24.992636, 31.936633, 35.02832, 35.098438, 32.884945, 28.724358, 23.129088, 16.82561, 10.515734, 4.220914, -2.627085, -10.225675, -18.073946, -25.517172, -31.15169, -34.177154, -35.122555, -33.961812, -30.347473, -23.521878, -13.65379, -2.620972, 8.878889, 20.748335, 31.418109, 38.337951, 40.379633, 39.578511, 37.560793] and [65.370776, 52.45726, 40.6369, 29.605392, 18.033523, 5.931341, -6.326353, -17.461541, -26.223187, -34.197609, -43.399004, -54.797347, -68.689981, -82.694078, -94.078938, -103.69877, -112.681819, -119.626482, -123.539309, -125.587927, -126.502001, -125.569174, -121.310892, -113.123039, -102.857885, -92.476709, -81.730354, -69.824577, -57.163148, -43.903959, -30.130638, -16.832759, -5.461248, 3.898699, 13.039037, 24.292207, 38.638945, 54.356717, 69.000578, 81.899959, 95.212694, 109.469252, 120.0602, 125.02996, 125.826018, 121.888043, 112.735371, 100.636731, 88.93199, 77.724505, 19.196539, 20.155751, 20.191332, 19.36449, 17.515903, 13.783372, 4.013372, -16.789299, -35.348693, -32.588751, -23.101339, -21.806064, -24.332201, -25.823497, -25.295929, -22.72066, -17.556588, -10.202657, -2.521874, 4.979672, 12.367861, 18.321992, 22.457555, 25.042474, 26.014404, 25.853485, 24.864491, 23.192582, 21.340527, 19.428395, 17.001096, 13.072102, 7.107368, -0.352414, -8.055547, -14.14084, -18.052256, -20.831035, -22.672769, -23.392738, -23.288176, -22.075108, -18.524282, -12.418171, -5.340101, 1.58115, 8.114919, 13.18374, 15.986256, 17.655942],
     Trajectory = 20
     Total cost = 100
     Grid cost = 100
     
     
# Historical Feedback Summary (last 10 iterations)
# Iteration Performance Summary (last 10 iterations):
  49th iteration: total_balls=100, waypoints_executed=1571, grid_distribution=[16, 11, 20, 21, 8, 24]
  50th iteration: total_balls=100, waypoints_executed=1571, grid_distribution=[16, 11, 20, 21, 8, 24]
  51st iteration: total_balls=97, waypoints_executed=1571, grid_distribution=[16, 11, 22, 14, 9, 25]
  52nd iteration: total_balls=99, waypoints_executed=1571, grid_distribution=[20, 9, 25, 13, 16, 16]
  53rd iteration: total_balls=94, waypoints_executed=1571, grid_distribution=[17, 12, 18, 11, 8, 28]
  54th iteration: total_balls=99, waypoints_executed=1571, grid_distribution=[18, 16, 16, 24, 15, 10]
  55th iteration: total_balls=100, waypoints_executed=1571, grid_distribution=[18, 13, 18, 16, 11, 24]
  56th iteration: total_balls=99, waypoints_executed=1571, grid_distribution=[21, 11, 16, 20, 9, 22]
  57th iteration: total_balls=100, waypoints_executed=1571, grid_distribution=[20, 14, 22, 14, 11, 19]
  58th iteration: total_balls=100, waypoints_executed=1571, grid_distribution=[16, 11, 15, 19, 14, 25]

# Trajectory Path Analysis (last 10 iterations):
  39th iteration: path_start=[(0.011, -0.172), (0.011, -0.173), (0.011, -0.173), (0.012, -0.173), (0.013, -0.173), (0.013, -0.173), (0.014, -0.174), (0.015, -0.174), (0.016, -0.174), (0.017, -0.175), (0.019, -0.175), (0.02, -0.175), (0.021, -0.176), (0.023, -0.176), (0.024, -0.177), (0.026, -0.177), (0.028, -0.177), (0.029, -0.178), (0.031, -0.178), (0.033, -0.179), (0.035, -0.179), (0.036, -0.18), (0.038, -0.18), (0.04, -0.181), (0.042, -0.182), (0.044, -0.182), (0.046, -0.183), (0.048, -0.183), (0.05, -0.184), (0.052, -0.184), (0.054, -0.185), (0.056, -0.185), (0.058, -0.186), (0.06, -0.186), (0.062, -0.187), (0.064, -0.187), (0.066, -0.188), (0.068, -0.188), (0.07, -0.189), (0.073, -0.189), (0.075, -0.19), (0.077, -0.19), (0.079, -0.191), (0.081, -0.191), (0.083, -0.192), (0.085, -0.192), (0.087, -0.192), (0.089, -0.193), (0.091, -0.193), (0.092, -0.194), (0.094, -0.194), (0.096, -0.194), (0.098, -0.195), (0.1, -0.195), (0.102, -0.196), (0.104, -0.196), (0.106, -0.196), (0.107, -0.196), (0.109, -0.197), (0.111, -0.197), (0.113, -0.197), (0.114, -0.198), (0.116, -0.198), (0.118, -0.198), (0.119, -0.198), (0.121, -0.199), (0.122, -0.199), (0.124, -0.199), (0.126, -0.199), (0.127, -0.199), (0.129, -0.2), (0.13, -0.2), (0.132, -0.2), (0.133, -0.2), (0.134, -0.2), (0.136, -0.2), (0.137, -0.2), (0.139, -0.2), (0.14, -0.2), (0.141, -0.201), (0.142, -0.201), (0.144, -0.201), (0.145, -0.201), (0.146, -0.201), (0.147, -0.201), (0.148, -0.201), (0.15, -0.201), (0.151, -0.201), (0.152, -0.201), (0.153, -0.201), (0.154, -0.201), (0.155, -0.2), (0.156, -0.2), (0.157, -0.2), (0.158, -0.2), (0.159, -0.2), (0.16, -0.2), (0.161, -0.2), (0.161, -0.2), (0.162, -0.2), (0.163, -0.199), (0.164, -0.199), (0.165, -0.199), (0.165, -0.199), (0.166, -0.199), (0.167, -0.199), (0.168, -0.198), (0.168, -0.198), (0.169, -0.198), (0.17, -0.198), (0.17, -0.198), (0.171, -0.197), (0.171, -0.197), (0.172, -0.197), (0.173, -0.197), (0.173, -0.196), (0.174, -0.196), (0.174, -0.196), (0.175, -0.195), (0.175, -0.195), (0.176, -0.195), (0.176, -0.195), (0.176, -0.194), (0.177, -0.194), (0.177, -0.194), (0.178, -0.193), (0.178, -0.193), (0.178, -0.193), (0.179, -0.192), (0.179, -0.192), (0.179, -0.191), (0.18, -0.191), (0.18, -0.191), (0.18, -0.19), (0.18, -0.19), (0.181, -0.189), (0.181, -0.189), (0.181, -0.189), (0.181, -0.188), (0.181, -0.188), (0.182, -0.187), (0.182, -0.187), (0.182, -0.187), (0.182, -0.186), (0.182, -0.186), (0.182, -0.185), (0.182, -0.185), (0.182, -0.184), (0.183, -0.184), (0.183, -0.183), (0.183, -0.183), (0.183, -0.182), (0.183, -0.182), (0.183, -0.181), (0.183, -0.181), (0.183, -0.181), (0.183, -0.18), (0.183, -0.18), (0.183, -0.179), (0.183, -0.179), (0.183, -0.178), (0.183, -0.177), (0.182, -0.177), (0.182, -0.176), (0.182, -0.176), (0.182, -0.175), (0.182, -0.175), (0.182, -0.174), (0.182, -0.174), (0.182, -0.173), (0.182, -0.173), (0.181, -0.172), (0.181, -0.172), (0.181, -0.171), (0.181, -0.171), (0.181, -0.17), (0.181, -0.169), (0.18, -0.169), (0.18, -0.168), (0.18, -0.168), (0.18, -0.167), (0.18, -0.167), (0.179, -0.166), (0.179, -0.165), (0.179, -0.165), (0.179, -0.164), (0.178, -0.164), (0.178, -0.163), (0.178, -0.163), (0.178, -0.162), (0.177, -0.161), (0.177, -0.161), (0.177, -0.16), (0.176, -0.16), (0.176, -0.159), (0.176, -0.158), (0.175, -0.158), (0.175, -0.157), (0.175, -0.157), (0.174, -0.156), (0.174, -0.155), (0.174, -0.155), (0.173, -0.154), (0.173, -0.154), (0.173, -0.153), (0.172, -0.152), (0.172, -0.152), (0.172, -0.151), (0.171, -0.15), (0.171, -0.15), (0.17, -0.149), (0.17, -0.149), (0.17, -0.148), (0.169, -0.147), (0.169, -0.147), (0.168, -0.146), (0.168, -0.145), (0.168, -0.145), (0.167, -0.144), (0.167, -0.144), (0.166, -0.143), (0.166, -0.142), (0.165, -0.142), (0.165, -0.141), (0.164, -0.14), (0.164, -0.14), (0.164, -0.139), (0.163, -0.138), (0.163, -0.138), (0.162, -0.137), (0.162, -0.137), (0.161, -0.136), (0.161, -0.135), (0.16, -0.135), (0.16, -0.134), (0.159, -0.133), (0.159, -0.133), (0.158, -0.132), (0.158, -0.131), (0.157, -0.131), (0.157, -0.13), (0.156, -0.129), (0.156, -0.129), (0.155, -0.128), (0.155, -0.127), (0.154, -0.127), (0.154, -0.126), (0.153, -0.125), (0.152, -0.125), (0.152, -0.124), (0.151, -0.123), (0.151, -0.123), (0.15, -0.122), (0.15, -0.122), (0.149, -0.121), (0.149, -0.12), (0.148, -0.12), (0.147, -0.119), (0.147, -0.118), (0.146, -0.118), (0.146, -0.117), (0.145, -0.116), (0.144, -0.116), (0.144, -0.115), (0.143, -0.114), (0.143, -0.114), (0.142, -0.113), (0.141, -0.112), (0.141, -0.112), (0.14, -0.111), (0.14, -0.11), (0.139, -0.11), (0.138, -0.109), (0.138, -0.108), (0.137, -0.108), (0.137, -0.107), (0.136, -0.106), (0.135, -0.106), (0.135, -0.105), (0.134, -0.104), (0.133, -0.104), (0.133, -0.103), (0.132, -0.102), (0.131, -0.102), (0.131, -0.101), (0.13, -0.1), (0.129, -0.1), (0.129, -0.099), (0.128, -0.098), (0.127, -0.098), (0.127, -0.097), (0.126, -0.096), (0.125, -0.095), (0.125, -0.095), (0.124, -0.094), (0.123, -0.093), (0.123, -0.093), (0.122, -0.092), (0.121, -0.091), (0.121, -0.091), (0.12, -0.09), (0.119, -0.089), (0.119, -0.089), (0.118, -0.088), (0.117, -0.087), (0.117, -0.087), (0.116, -0.086), (0.115, -0.085), (0.114, -0.085), (0.114, -0.084), (0.113, -0.083), (0.112, -0.083), (0.112, -0.082), (0.111, -0.081), (0.11, -0.081), (0.109, -0.08), (0.109, -0.079), (0.108, -0.079), (0.107, -0.078), (0.106, -0.077), (0.106, -0.077), (0.105, -0.076), (0.104, -0.075), (0.104, -0.075), (0.103, -0.074), (0.102, -0.073), (0.101, -0.073), (0.101, -0.072), (0.1, -0.071), (0.099, -0.07), (0.098, -0.07), (0.098, -0.069), (0.097, -0.068), (0.096, -0.068), (0.095, -0.067), (0.095, -0.066), (0.094, -0.066), (0.093, -0.065), (0.092, -0.064), (0.091, -0.064), (0.091, -0.063), (0.09, -0.062), (0.089, -0.062), (0.088, -0.061), (0.088, -0.06), (0.087, -0.06), (0.086, -0.059), (0.085, -0.058), (0.084, -0.058), (0.084, -0.057), (0.083, -0.056), (0.082, -0.056), (0.081, -0.055), (0.081, -0.054), (0.08, -0.053), (0.079, -0.053), (0.078, -0.052), (0.077, -0.051), (0.077, -0.051), (0.076, -0.05), (0.075, -0.049), (0.074, -0.049), (0.073, -0.048), (0.073, -0.047), (0.072, -0.047), (0.071, -0.046), (0.07, -0.045), (0.069, -0.045), (0.068, -0.044), (0.068, -0.043), (0.067, -0.043), (0.066, -0.042), (0.065, -0.041), (0.064, -0.04), (0.064, -0.04), (0.063, -0.039), (0.062, -0.038), (0.061, -0.038), (0.06, -0.037), (0.059, -0.036), (0.059, -0.036), (0.058, -0.035), (0.057, -0.034), (0.056, -0.034), (0.055, -0.033), (0.055, -0.032), (0.054, -0.032), (0.053, -0.031), (0.052, -0.03), (0.051, -0.029), (0.05, -0.029), (0.05, -0.028), (0.049, -0.027), (0.048, -0.027), (0.047, -0.026), (0.046, -0.025), (0.045, -0.025), (0.045, -0.024), (0.044, -0.023), (0.043, -0.023), (0.042, -0.022), (0.041, -0.021), (0.04, -0.02), (0.04, -0.02), (0.039, -0.019), (0.038, -0.018), (0.037, -0.018), (0.036, -0.017), (0.035, -0.016), (0.035, -0.016), (0.034, -0.015), (0.033, -0.014), (0.032, -0.014), (0.031, -0.013), (0.03, -0.012), (0.029, -0.011), (0.029, -0.011), (0.028, -0.01), (0.027, -0.009), (0.026, -0.009), (0.025, -0.008), (0.024, -0.007), (0.024, -0.007), (0.023, -0.006), (0.022, -0.005), (0.021, -0.004), (0.02, -0.004), (0.019, -0.003), (0.019, -0.002), (0.018, -0.002), (0.017, -0.001), (0.016, -0.0), (0.015, 0.0), (0.014, 0.001), (0.014, 0.002), (0.013, 0.003), (0.012, 0.003), (0.011, 0.004), (0.01, 0.005), (0.009, 0.005), (0.009, 0.006), (0.008, 0.007), (0.007, 0.008), (0.006, 0.008), (0.005, 0.009), (0.004, 0.01), (0.004, 0.01), (0.003, 0.011), (0.002, 0.012), (0.001, 0.012), (0.0, 0.013), (-0.001, 0.014), (-0.001, 0.015), (-0.002, 0.015), (-0.003, 0.016), (-0.004, 0.017), (-0.005, 0.017), (-0.005, 0.018), (-0.006, 0.019), (-0.007, 0.02), (-0.008, 0.02), (-0.009, 0.021), (-0.01, 0.022), (-0.01, 0.022), (-0.011, 0.023), (-0.012, 0.024), (-0.013, 0.025), (-0.014, 0.025), (-0.014, 0.026), (-0.015, 0.027), (-0.016, 0.027), (-0.017, 0.028), (-0.018, 0.029), (-0.018, 0.03), (-0.019, 0.03), (-0.02, 0.031), (-0.021, 0.032), (-0.022, 0.033), (-0.022, 0.033), (-0.023, 0.034), (-0.024, 0.035), (-0.025, 0.035), (-0.026, 0.036), (-0.026, 0.037), (-0.027, 0.038), (-0.028, 0.038), (-0.029, 0.039), (-0.029, 0.04), (-0.03, 0.041), (-0.031, 0.041), (-0.032, 0.042), (-0.033, 0.043), (-0.033, 0.043), (-0.034, 0.044), (-0.035, 0.045), (-0.036, 0.046), (-0.036, 0.046), (-0.037, 0.047), (-0.038, 0.048), (-0.039, 0.049)], path_end=[(-0.14, 0.01), (-0.135, 0.005), (-0.13, 0.001), (-0.126, -0.004), (-0.121, -0.009), (-0.116, -0.013), (-0.111, -0.018), (-0.106, -0.022), (-0.102, -0.027), (-0.097, -0.031), (-0.092, -0.036), (-0.087, -0.04), (-0.082, -0.045), (-0.078, -0.049), (-0.073, -0.054), (-0.068, -0.058), (-0.064, -0.063), (-0.059, -0.067), (-0.054, -0.072), (-0.049, -0.076), (-0.045, -0.081), (-0.04, -0.085), (-0.035, -0.089), (-0.031, -0.094), (-0.026, -0.098), (-0.022, -0.102), (-0.017, -0.107), (-0.012, -0.111), (-0.008, -0.116), (-0.003, -0.12), (0.001, -0.124), (0.006, -0.128), (0.01, -0.133), (0.015, -0.137), (0.019, -0.141), (0.024, -0.145), (0.028, -0.15), (0.033, -0.154), (0.037, -0.158), (0.042, -0.162), (0.046, -0.166), (0.05, -0.17), (0.055, -0.174), (0.059, -0.179), (0.063, -0.183), (0.067, -0.187), (0.072, -0.191), (0.076, -0.195), (0.08, -0.199), (0.084, -0.203), (0.089, -0.206), (0.093, -0.21), (0.097, -0.214), (0.101, -0.218), (0.105, -0.222), (0.109, -0.226), (0.113, -0.23), (0.117, -0.233), (0.121, -0.237), (0.125, -0.241), (0.129, -0.245), (0.133, -0.248), (0.137, -0.252), (0.141, -0.256), (0.145, -0.259), (0.148, -0.263), (0.152, -0.266), (0.156, -0.27), (0.16, -0.273), (0.163, -0.277), (0.167, -0.28), (0.171, -0.284), (0.174, -0.287), (0.178, -0.29), (0.182, -0.294), (0.185, -0.297), (0.189, -0.3), (0.192, -0.304), (0.196, -0.307), (0.199, -0.31), (0.203, -0.313), (0.206, -0.316), (0.209, -0.32), (0.213, -0.323), (0.216, -0.326), (0.219, -0.329), (0.222, -0.332), (0.226, -0.335), (0.229, -0.338), (0.232, -0.341), (0.235, -0.344), (0.238, -0.346), (0.241, -0.349), (0.244, -0.352), (0.247, -0.355), (0.25, -0.358), (0.253, -0.36), (0.256, -0.363), (0.259, -0.366), (0.262, -0.368), (0.265, -0.371), (0.268, -0.374), (0.271, -0.376), (0.273, -0.379), (0.276, -0.381), (0.279, -0.384), (0.281, -0.386), (0.284, -0.388), (0.287, -0.391), (0.289, -0.393), (0.292, -0.396), (0.294, -0.398), (0.297, -0.4), (0.299, -0.402), (0.302, -0.405), (0.304, -0.407), (0.307, -0.409), (0.309, -0.411), (0.311, -0.413), (0.314, -0.415), (0.316, -0.417), (0.318, -0.419), (0.32, -0.421), (0.322, -0.423), (0.325, -0.425), (0.327, -0.427), (0.329, -0.429), (0.331, -0.431), (0.333, -0.432), (0.335, -0.434), (0.337, -0.436), (0.339, -0.438), (0.341, -0.439), (0.343, -0.441), (0.345, -0.443), (0.346, -0.444), (0.348, -0.446), (0.35, -0.448), (0.352, -0.449), (0.354, -0.451), (0.355, -0.452), (0.357, -0.454), (0.359, -0.455), (0.36, -0.456), (0.362, -0.458), (0.363, -0.459), (0.365, -0.46), (0.367, -0.462), (0.368, -0.463), (0.37, -0.464), (0.371, -0.466), (0.372, -0.467), (0.374, -0.468), (0.375, -0.469), (0.377, -0.47), (0.378, -0.471), (0.379, -0.472), (0.381, -0.473), (0.382, -0.474), (0.383, -0.475), (0.384, -0.476), (0.385, -0.477), (0.387, -0.478), (0.388, -0.479), (0.389, -0.48), (0.39, -0.481), (0.391, -0.482), (0.392, -0.483), (0.393, -0.484), (0.394, -0.484), (0.395, -0.485), (0.396, -0.486), (0.397, -0.487), (0.398, -0.487), (0.399, -0.488), (0.4, -0.489), (0.401, -0.489), (0.401, -0.49), (0.402, -0.49), (0.403, -0.491), (0.404, -0.492), (0.405, -0.492), (0.405, -0.493), (0.406, -0.493), (0.407, -0.494), (0.408, -0.494), (0.408, -0.495), (0.409, -0.495), (0.409, -0.495), (0.41, -0.496), (0.411, -0.496), (0.411, -0.496), (0.412, -0.497), (0.412, -0.497), (0.413, -0.497), (0.413, -0.498), (0.414, -0.498), (0.414, -0.498), (0.415, -0.498), (0.415, -0.499), (0.416, -0.499), (0.416, -0.499), (0.416, -0.499), (0.417, -0.499), (0.417, -0.499), (0.417, -0.5), (0.418, -0.5), (0.418, -0.5), (0.418, -0.5), (0.419, -0.5), (0.419, -0.5), (0.419, -0.5), (0.419, -0.5), (0.42, -0.5), (0.42, -0.5), (0.42, -0.5), (0.42, -0.5), (0.42, -0.5), (0.421, -0.5), (0.421, -0.5), (0.421, -0.5), (0.421, -0.5), (0.421, -0.499), (0.421, -0.499), (0.421, -0.499), (0.421, -0.499), (0.421, -0.499), (0.421, -0.499), (0.421, -0.499), (0.421, -0.498), (0.422, -0.498), (0.422, -0.498), (0.421, -0.498), (0.421, -0.497), (0.421, -0.497), (0.421, -0.497), (0.421, -0.497), (0.421, -0.496), (0.421, -0.496), (0.421, -0.496), (0.421, -0.495), (0.421, -0.495), (0.421, -0.495), (0.421, -0.494), (0.421, -0.494), (0.42, -0.494), (0.42, -0.493), (0.42, -0.493), (0.42, -0.493), (0.42, -0.492), (0.42, -0.492), (0.419, -0.491), (0.419, -0.491), (0.419, -0.49), (0.419, -0.49), (0.418, -0.49), (0.418, -0.489), (0.418, -0.489), (0.418, -0.488), (0.417, -0.488), (0.417, -0.487), (0.417, -0.487), (0.417, -0.486), (0.416, -0.486), (0.416, -0.485), (0.416, -0.485), (0.415, -0.484), (0.415, -0.484), (0.415, -0.483), (0.415, -0.483), (0.414, -0.482), (0.414, -0.482), (0.414, -0.481), (0.413, -0.48), (0.413, -0.48), (0.412, -0.479), (0.412, -0.479), (0.412, -0.478), (0.411, -0.477), (0.411, -0.477), (0.411, -0.476), (0.41, -0.476), (0.41, -0.475), (0.409, -0.474), (0.409, -0.474), (0.409, -0.473), (0.408, -0.473), (0.408, -0.472), (0.407, -0.471), (0.407, -0.471), (0.406, -0.47), (0.406, -0.469), (0.406, -0.469), (0.405, -0.468), (0.405, -0.467), (0.404, -0.467), (0.404, -0.466), (0.403, -0.465), (0.403, -0.465), (0.402, -0.464), (0.402, -0.463), (0.401, -0.463), (0.401, -0.462), (0.4, -0.461), (0.4, -0.46), (0.399, -0.46), (0.399, -0.459), (0.398, -0.458), (0.398, -0.458), (0.397, -0.457), (0.397, -0.456), (0.396, -0.455), (0.396, -0.455), (0.395, -0.454), (0.395, -0.453), (0.394, -0.452), (0.394, -0.452), (0.393, -0.451), (0.393, -0.45), (0.392, -0.45), (0.392, -0.449), (0.391, -0.448), (0.391, -0.447), (0.39, -0.447), (0.389, -0.446), (0.389, -0.445), (0.388, -0.444), (0.388, -0.443), (0.387, -0.443), (0.387, -0.442), (0.386, -0.441), (0.386, -0.44), (0.385, -0.44), (0.385, -0.439), (0.384, -0.438), (0.383, -0.437), (0.383, -0.437), (0.382, -0.436), (0.382, -0.435), (0.381, -0.434), (0.381, -0.433), (0.38, -0.433), (0.379, -0.432), (0.379, -0.431), (0.378, -0.43), (0.378, -0.43), (0.377, -0.429), (0.377, -0.428), (0.376, -0.427), (0.375, -0.426), (0.375, -0.426), (0.374, -0.425), (0.374, -0.424), (0.373, -0.423), (0.372, -0.422), (0.372, -0.422), (0.371, -0.421), (0.371, -0.42), (0.37, -0.419), (0.369, -0.418), (0.369, -0.418), (0.368, -0.417), (0.368, -0.416), (0.367, -0.415), (0.367, -0.414), (0.366, -0.414), (0.365, -0.413), (0.365, -0.412), (0.364, -0.411), (0.364, -0.41), (0.363, -0.41), (0.362, -0.409), (0.362, -0.408), (0.361, -0.407), (0.361, -0.406), (0.36, -0.405), (0.359, -0.405), (0.359, -0.404), (0.358, -0.403), (0.358, -0.402), (0.357, -0.401), (0.356, -0.401), (0.356, -0.4), (0.355, -0.399), (0.355, -0.398), (0.354, -0.397), (0.353, -0.397), (0.353, -0.396), (0.352, -0.395), (0.352, -0.394), (0.351, -0.393), (0.35, -0.393), (0.35, -0.392), (0.349, -0.391), (0.349, -0.39), (0.348, -0.389), (0.347, -0.388), (0.347, -0.388), (0.346, -0.387), (0.346, -0.386), (0.345, -0.385), (0.344, -0.384), (0.344, -0.384), (0.343, -0.383), (0.343, -0.382), (0.342, -0.381), (0.341, -0.38), (0.341, -0.38), (0.34, -0.379), (0.34, -0.378), (0.339, -0.377), (0.338, -0.376), (0.338, -0.375), (0.337, -0.375), (0.337, -0.374), (0.336, -0.373), (0.335, -0.372), (0.335, -0.371), (0.334, -0.371), (0.334, -0.37), (0.333, -0.369), (0.333, -0.368), (0.332, -0.367), (0.331, -0.367), (0.331, -0.366), (0.33, -0.365), (0.33, -0.364), (0.329, -0.363), (0.328, -0.363), (0.328, -0.362), (0.327, -0.361), (0.327, -0.36), (0.326, -0.359), (0.325, -0.359), (0.325, -0.358), (0.324, -0.357), (0.324, -0.356), (0.323, -0.355), (0.323, -0.355), (0.322, -0.354), (0.321, -0.353), (0.321, -0.352), (0.32, -0.351), (0.32, -0.351), (0.319, -0.35), (0.318, -0.349), (0.318, -0.348), (0.317, -0.347), (0.317, -0.347), (0.316, -0.346), (0.316, -0.345), (0.315, -0.344), (0.314, -0.343), (0.314, -0.343), (0.313, -0.342), (0.313, -0.341), (0.312, -0.34), (0.312, -0.339), (0.311, -0.339), (0.31, -0.338), (0.31, -0.337), (0.309, -0.336), (0.309, -0.336), (0.308, -0.335), (0.308, -0.334), (0.307, -0.333), (0.306, -0.332), (0.306, -0.332), (0.305, -0.331), (0.305, -0.33), (0.304, -0.329), (0.304, -0.328), (0.303, -0.328), (0.303, -0.327), (0.302, -0.326), (0.301, -0.325), (0.301, -0.325), (0.3, -0.324), (0.3, -0.323), (0.299, -0.322), (0.299, -0.321), (0.298, -0.321), (0.298, -0.32), (0.297, -0.319), (0.296, -0.318), (0.296, -0.318), (0.295, -0.317), (0.295, -0.316), (0.294, -0.315), (0.294, -0.314), (0.293, -0.314), (0.293, -0.313), (0.292, -0.312), (0.292, -0.311), (0.291, -0.311), (0.29, -0.31), (0.29, -0.309), (0.289, -0.308), (0.289, -0.307), (0.288, -0.307)], total_steps=3141
  41st iteration: path_start=[(0.01, -0.173), (0.01, -0.173), (0.01, -0.174), (0.01, -0.175), (0.009, -0.176), (0.009, -0.178), (0.008, -0.179), (0.008, -0.181), (0.007, -0.183), (0.006, -0.185), (0.005, -0.188), (0.005, -0.19), (0.004, -0.193), (0.003, -0.196), (0.002, -0.199), (0.001, -0.202), (-0.0, -0.205), (-0.001, -0.208), (-0.003, -0.212), (-0.004, -0.215), (-0.005, -0.219), (-0.006, -0.222), (-0.007, -0.226), (-0.009, -0.23), (-0.01, -0.234), (-0.011, -0.237), (-0.013, -0.241), (-0.014, -0.245), (-0.015, -0.249), (-0.017, -0.253), (-0.018, -0.258), (-0.019, -0.262), (-0.021, -0.266), (-0.022, -0.27), (-0.024, -0.274), (-0.025, -0.279), (-0.026, -0.283), (-0.028, -0.287), (-0.029, -0.291), (-0.031, -0.296), (-0.032, -0.3), (-0.034, -0.304), (-0.035, -0.308), (-0.037, -0.313), (-0.038, -0.317), (-0.04, -0.321), (-0.041, -0.325), (-0.042, -0.33), (-0.044, -0.334), (-0.045, -0.338), (-0.047, -0.342), (-0.048, -0.347), (-0.05, -0.351), (-0.051, -0.355), (-0.052, -0.359), (-0.054, -0.363), (-0.055, -0.367), (-0.057, -0.371), (-0.058, -0.375), (-0.059, -0.379), (-0.061, -0.383), (-0.062, -0.387), (-0.063, -0.391), (-0.065, -0.395), (-0.066, -0.399), (-0.067, -0.403), (-0.069, -0.407), (-0.07, -0.411), (-0.071, -0.414), (-0.073, -0.418), (-0.074, -0.422), (-0.075, -0.425), (-0.076, -0.429), (-0.078, -0.433), (-0.079, -0.436), (-0.08, -0.44), (-0.081, -0.443), (-0.083, -0.447), (-0.084, -0.45), (-0.085, -0.454), (-0.086, -0.457), (-0.087, -0.46), (-0.088, -0.464), (-0.09, -0.467), (-0.091, -0.47), (-0.092, -0.473), (-0.093, -0.476), (-0.094, -0.48), (-0.095, -0.483), (-0.096, -0.486), (-0.097, -0.489), (-0.098, -0.492), (-0.099, -0.495), (-0.101, -0.498), (-0.102, -0.501), (-0.103, -0.504), (-0.104, -0.506), (-0.105, -0.509), (-0.106, -0.512), (-0.107, -0.515), (-0.108, -0.518), (-0.109, -0.52), (-0.109, -0.523), (-0.11, -0.526), (-0.111, -0.528), (-0.112, -0.531), (-0.113, -0.533), (-0.114, -0.536), (-0.115, -0.538), (-0.116, -0.541), (-0.117, -0.543), (-0.118, -0.546), (-0.119, -0.548), (-0.119, -0.55), (-0.12, -0.553), (-0.121, -0.555), (-0.122, -0.557), (-0.123, -0.56), (-0.123, -0.562), (-0.124, -0.564), (-0.125, -0.566), (-0.126, -0.568), (-0.127, -0.57), (-0.127, -0.573), (-0.128, -0.575), (-0.129, -0.577), (-0.13, -0.579), (-0.13, -0.581), (-0.131, -0.583), (-0.132, -0.585), (-0.133, -0.587), (-0.133, -0.589), (-0.134, -0.59), (-0.135, -0.592), (-0.135, -0.594), (-0.136, -0.596), (-0.137, -0.598), (-0.137, -0.6), (-0.138, -0.601), (-0.139, -0.603), (-0.139, -0.605), (-0.14, -0.607), (-0.141, -0.608), (-0.141, -0.61), (-0.142, -0.612), (-0.143, -0.613), (-0.143, -0.615), (-0.144, -0.616), (-0.144, -0.618), (-0.145, -0.62), (-0.146, -0.621), (-0.146, -0.623), (-0.147, -0.624), (-0.147, -0.626), (-0.148, -0.627), (-0.148, -0.629), (-0.149, -0.63), (-0.15, -0.632), (-0.15, -0.633), (-0.151, -0.634), (-0.151, -0.636), (-0.152, -0.637), (-0.152, -0.639), (-0.153, -0.64), (-0.153, -0.641), (-0.154, -0.643), (-0.154, -0.644), (-0.155, -0.645), (-0.155, -0.646), (-0.156, -0.648), (-0.156, -0.649), (-0.157, -0.65), (-0.157, -0.651), (-0.158, -0.653), (-0.158, -0.654), (-0.159, -0.655), (-0.159, -0.656), (-0.16, -0.657), (-0.16, -0.659), (-0.161, -0.66), (-0.161, -0.661), (-0.161, -0.662), (-0.162, -0.663), (-0.162, -0.664), (-0.163, -0.665), (-0.163, -0.666), (-0.164, -0.667), (-0.164, -0.669), (-0.164, -0.67), (-0.165, -0.671), (-0.165, -0.672), (-0.166, -0.673), (-0.166, -0.674), (-0.167, -0.675), (-0.167, -0.676), (-0.167, -0.677), (-0.168, -0.678), (-0.168, -0.679), (-0.169, -0.68), (-0.169, -0.681), (-0.169, -0.682), (-0.17, -0.682), (-0.17, -0.683), (-0.17, -0.684), (-0.171, -0.685), (-0.171, -0.686), (-0.172, -0.687), (-0.172, -0.688), (-0.172, -0.689), (-0.173, -0.69), (-0.173, -0.691), (-0.173, -0.691), (-0.174, -0.692), (-0.174, -0.693), (-0.174, -0.694), (-0.175, -0.695), (-0.175, -0.696), (-0.175, -0.697), (-0.176, -0.697), (-0.176, -0.698), (-0.176, -0.699), (-0.177, -0.7), (-0.177, -0.701), (-0.177, -0.701), (-0.178, -0.702), (-0.178, -0.703), (-0.178, -0.704), (-0.179, -0.704), (-0.179, -0.705), (-0.179, -0.706), (-0.18, -0.707), (-0.18, -0.708), (-0.18, -0.708), (-0.181, -0.709), (-0.181, -0.71), (-0.181, -0.71), (-0.182, -0.711), (-0.182, -0.712), (-0.182, -0.713), (-0.182, -0.713), (-0.183, -0.714), (-0.183, -0.715), (-0.183, -0.715), (-0.184, -0.716), (-0.184, -0.717), (-0.184, -0.717), (-0.184, -0.718), (-0.185, -0.719), (-0.185, -0.719), (-0.185, -0.72), (-0.186, -0.721), (-0.186, -0.721), (-0.186, -0.722), (-0.186, -0.723), (-0.187, -0.723), (-0.187, -0.724), (-0.187, -0.725), (-0.187, -0.725), (-0.188, -0.726), (-0.188, -0.727), (-0.188, -0.727), (-0.188, -0.728), (-0.189, -0.728), (-0.189, -0.729), (-0.189, -0.73), (-0.189, -0.73), (-0.19, -0.731), (-0.19, -0.731), (-0.19, -0.732), (-0.19, -0.733), (-0.191, -0.733), (-0.191, -0.734), (-0.191, -0.734), (-0.191, -0.735), (-0.192, -0.735), (-0.192, -0.736), (-0.192, -0.737), (-0.192, -0.737), (-0.193, -0.738), (-0.193, -0.738), (-0.193, -0.739), (-0.193, -0.739), (-0.193, -0.74), (-0.194, -0.74), (-0.194, -0.741), (-0.194, -0.741), (-0.194, -0.742), (-0.195, -0.743), (-0.195, -0.743), (-0.195, -0.744), (-0.195, -0.744), (-0.195, -0.745), (-0.196, -0.745), (-0.196, -0.746), (-0.196, -0.746), (-0.196, -0.747), (-0.196, -0.747), (-0.197, -0.748), (-0.197, -0.748), (-0.197, -0.749), (-0.197, -0.749), (-0.197, -0.75), (-0.198, -0.75), (-0.198, -0.751), (-0.198, -0.751), (-0.198, -0.752), (-0.198, -0.752), (-0.199, -0.753), (-0.199, -0.753), (-0.199, -0.753), (-0.199, -0.754), (-0.199, -0.754), (-0.2, -0.755), (-0.2, -0.755), (-0.2, -0.756), (-0.2, -0.756), (-0.2, -0.757), (-0.2, -0.757), (-0.201, -0.758), (-0.201, -0.758), (-0.201, -0.758), (-0.201, -0.759), (-0.201, -0.759), (-0.201, -0.76), (-0.202, -0.76), (-0.202, -0.761), (-0.202, -0.761), (-0.202, -0.762), (-0.202, -0.762), (-0.202, -0.762), (-0.203, -0.763), (-0.203, -0.763), (-0.203, -0.764), (-0.203, -0.764), (-0.203, -0.764), (-0.203, -0.765), (-0.203, -0.765), (-0.204, -0.766), (-0.204, -0.766), (-0.204, -0.766), (-0.204, -0.767), (-0.204, -0.767), (-0.204, -0.768), (-0.204, -0.768), (-0.205, -0.768), (-0.205, -0.769), (-0.205, -0.769), (-0.205, -0.77), (-0.205, -0.77), (-0.205, -0.77), (-0.205, -0.771), (-0.206, -0.771), (-0.206, -0.772), (-0.206, -0.772), (-0.206, -0.772), (-0.206, -0.773), (-0.206, -0.773), (-0.206, -0.773), (-0.206, -0.774), (-0.207, -0.774), (-0.207, -0.774), (-0.207, -0.775), (-0.207, -0.775), (-0.207, -0.776), (-0.207, -0.776), (-0.207, -0.776), (-0.207, -0.777), (-0.207, -0.777), (-0.208, -0.777), (-0.208, -0.778), (-0.208, -0.778), (-0.208, -0.778), (-0.208, -0.779), (-0.208, -0.779), (-0.208, -0.779), (-0.208, -0.78), (-0.208, -0.78), (-0.209, -0.78), (-0.209, -0.781), (-0.209, -0.781), (-0.209, -0.781), (-0.209, -0.782), (-0.209, -0.782), (-0.209, -0.782), (-0.209, -0.783), (-0.209, -0.783), (-0.209, -0.783), (-0.209, -0.783), (-0.21, -0.784), (-0.21, -0.784), (-0.21, -0.784), (-0.21, -0.785), (-0.21, -0.785), (-0.21, -0.785), (-0.21, -0.786), (-0.21, -0.786), (-0.21, -0.786), (-0.21, -0.786), (-0.21, -0.787), (-0.21, -0.787), (-0.21, -0.787), (-0.21, -0.788), (-0.211, -0.788), (-0.211, -0.788), (-0.211, -0.788), (-0.211, -0.789), (-0.211, -0.789), (-0.211, -0.789), (-0.211, -0.79), (-0.211, -0.79), (-0.211, -0.79), (-0.211, -0.79), (-0.211, -0.791), (-0.211, -0.791), (-0.211, -0.791), (-0.211, -0.791), (-0.211, -0.792), (-0.211, -0.792), (-0.211, -0.792), (-0.211, -0.792), (-0.211, -0.793), (-0.212, -0.793), (-0.212, -0.793), (-0.212, -0.793), (-0.212, -0.794), (-0.212, -0.794), (-0.212, -0.794), (-0.212, -0.794), (-0.212, -0.795), (-0.212, -0.795), (-0.212, -0.795), (-0.212, -0.795), (-0.212, -0.796), (-0.212, -0.796), (-0.212, -0.796), (-0.212, -0.796), (-0.212, -0.796), (-0.212, -0.797), (-0.212, -0.797), (-0.212, -0.797), (-0.212, -0.797), (-0.212, -0.798), (-0.212, -0.798), (-0.212, -0.798), (-0.212, -0.798), (-0.212, -0.798), (-0.212, -0.799), (-0.212, -0.799), (-0.212, -0.799), (-0.212, -0.799), (-0.212, -0.799), (-0.212, -0.8), (-0.212, -0.8), (-0.212, -0.8), (-0.212, -0.8), (-0.212, -0.8), (-0.212, -0.801), (-0.212, -0.801), (-0.212, -0.801), (-0.212, -0.801), (-0.212, -0.801), (-0.212, -0.802), (-0.212, -0.802), (-0.212, -0.802), (-0.212, -0.802), (-0.212, -0.802), (-0.212, -0.802), (-0.212, -0.803), (-0.212, -0.803), (-0.212, -0.803), (-0.212, -0.803), (-0.212, -0.803), (-0.212, -0.803), (-0.212, -0.804), (-0.212, -0.804), (-0.212, -0.804), (-0.212, -0.804), (-0.212, -0.804), (-0.212, -0.804), (-0.211, -0.805), (-0.211, -0.805), (-0.211, -0.805), (-0.211, -0.805), (-0.211, -0.805), (-0.211, -0.805), (-0.211, -0.805), (-0.211, -0.806), (-0.211, -0.806), (-0.211, -0.806), (-0.211, -0.806), (-0.211, -0.806), (-0.211, -0.806), (-0.211, -0.806), (-0.211, -0.807), (-0.211, -0.807), (-0.211, -0.807), (-0.211, -0.807), (-0.211, -0.807), (-0.21, -0.807), (-0.21, -0.807)], path_end=[(0.171, -0.273), (0.17, -0.272), (0.169, -0.271), (0.168, -0.27), (0.167, -0.269), (0.166, -0.268), (0.165, -0.267), (0.164, -0.266), (0.163, -0.265), (0.161, -0.264), (0.16, -0.263), (0.159, -0.262), (0.158, -0.261), (0.157, -0.26), (0.156, -0.259), (0.155, -0.258), (0.154, -0.257), (0.153, -0.256), (0.152, -0.255), (0.151, -0.254), (0.15, -0.253), (0.149, -0.252), (0.148, -0.251), (0.147, -0.25), (0.146, -0.249), (0.145, -0.248), (0.144, -0.247), (0.143, -0.246), (0.142, -0.245), (0.141, -0.244), (0.14, -0.243), (0.139, -0.242), (0.138, -0.242), (0.137, -0.241), (0.136, -0.24), (0.135, -0.239), (0.134, -0.238), (0.133, -0.237), (0.132, -0.236), (0.131, -0.235), (0.13, -0.235), (0.129, -0.234), (0.128, -0.233), (0.127, -0.232), (0.126, -0.231), (0.125, -0.231), (0.125, -0.23), (0.124, -0.229), (0.123, -0.228), (0.122, -0.228), (0.121, -0.227), (0.12, -0.226), (0.119, -0.225), (0.118, -0.225), (0.117, -0.224), (0.116, -0.223), (0.115, -0.223), (0.114, -0.222), (0.113, -0.221), (0.113, -0.221), (0.112, -0.22), (0.111, -0.219), (0.11, -0.219), (0.109, -0.218), (0.108, -0.218), (0.107, -0.217), (0.106, -0.216), (0.106, -0.216), (0.105, -0.215), (0.104, -0.215), (0.103, -0.214), (0.102, -0.214), (0.101, -0.213), (0.1, -0.213), (0.1, -0.212), (0.099, -0.212), (0.098, -0.211), (0.097, -0.211), (0.096, -0.21), (0.095, -0.21), (0.095, -0.209), (0.094, -0.209), (0.093, -0.209), (0.092, -0.208), (0.091, -0.208), (0.091, -0.207), (0.09, -0.207), (0.089, -0.207), (0.088, -0.206), (0.087, -0.206), (0.087, -0.206), (0.086, -0.205), (0.085, -0.205), (0.084, -0.205), (0.083, -0.205), (0.083, -0.204), (0.082, -0.204), (0.081, -0.204), (0.08, -0.204), (0.08, -0.204), (0.079, -0.203), (0.078, -0.203), (0.077, -0.203), (0.077, -0.203), (0.076, -0.203), (0.075, -0.203), (0.075, -0.202), (0.074, -0.202), (0.073, -0.202), (0.072, -0.202), (0.072, -0.202), (0.071, -0.202), (0.07, -0.202), (0.07, -0.202), (0.069, -0.202), (0.068, -0.202), (0.067, -0.202), (0.067, -0.202), (0.066, -0.202), (0.065, -0.202), (0.065, -0.202), (0.064, -0.202), (0.063, -0.202), (0.063, -0.202), (0.062, -0.202), (0.061, -0.202), (0.061, -0.203), (0.06, -0.203), (0.059, -0.203), (0.059, -0.203), (0.058, -0.203), (0.057, -0.203), (0.057, -0.203), (0.056, -0.204), (0.056, -0.204), (0.055, -0.204), (0.054, -0.204), (0.054, -0.204), (0.053, -0.205), (0.052, -0.205), (0.052, -0.205), (0.051, -0.205), (0.051, -0.206), (0.05, -0.206), (0.049, -0.206), (0.049, -0.207), (0.048, -0.207), (0.048, -0.207), (0.047, -0.208), (0.046, -0.208), (0.046, -0.208), (0.045, -0.209), (0.045, -0.209), (0.044, -0.21), (0.044, -0.21), (0.043, -0.21), (0.042, -0.211), (0.042, -0.211), (0.041, -0.212), (0.041, -0.212), (0.04, -0.213), (0.04, -0.213), (0.039, -0.213), (0.038, -0.214), (0.038, -0.214), (0.037, -0.215), (0.037, -0.215), (0.036, -0.216), (0.036, -0.217), (0.035, -0.217), (0.035, -0.218), (0.034, -0.218), (0.034, -0.219), (0.033, -0.219), (0.033, -0.22), (0.032, -0.22), (0.032, -0.221), (0.031, -0.222), (0.03, -0.222), (0.03, -0.223), (0.029, -0.224), (0.029, -0.224), (0.028, -0.225), (0.028, -0.225), (0.027, -0.226), (0.027, -0.227), (0.026, -0.227), (0.026, -0.228), (0.025, -0.229), (0.025, -0.229), (0.024, -0.23), (0.024, -0.231), (0.023, -0.232), (0.023, -0.232), (0.022, -0.233), (0.022, -0.234), (0.021, -0.234), (0.021, -0.235), (0.02, -0.236), (0.02, -0.237), (0.02, -0.238), (0.019, -0.238), (0.019, -0.239), (0.018, -0.24), (0.018, -0.241), (0.017, -0.241), (0.017, -0.242), (0.016, -0.243), (0.016, -0.244), (0.015, -0.245), (0.015, -0.245), (0.014, -0.246), (0.014, -0.247), (0.013, -0.248), (0.013, -0.249), (0.012, -0.25), (0.012, -0.25), (0.012, -0.251), (0.011, -0.252), (0.011, -0.253), (0.01, -0.254), (0.01, -0.255), (0.009, -0.256), (0.009, -0.257), (0.008, -0.257), (0.008, -0.258), (0.007, -0.259), (0.007, -0.26), (0.007, -0.261), (0.006, -0.262), (0.006, -0.263), (0.005, -0.264), (0.005, -0.265), (0.004, -0.266), (0.004, -0.267), (0.004, -0.268), (0.003, -0.268), (0.003, -0.269), (0.002, -0.27), (0.002, -0.271), (0.001, -0.272), (0.001, -0.273), (0.0, -0.274), (0.0, -0.275), (-0.0, -0.276), (-0.001, -0.277), (-0.001, -0.278), (-0.002, -0.279), (-0.002, -0.28), (-0.003, -0.281), (-0.003, -0.282), (-0.003, -0.283), (-0.004, -0.284), (-0.004, -0.285), (-0.005, -0.286), (-0.005, -0.287), (-0.006, -0.288), (-0.006, -0.289), (-0.006, -0.29), (-0.007, -0.291), (-0.007, -0.292), (-0.008, -0.293), (-0.008, -0.294), (-0.009, -0.295), (-0.009, -0.296), (-0.009, -0.297), (-0.01, -0.298), (-0.01, -0.299), (-0.011, -0.3), (-0.011, -0.301), (-0.011, -0.302), (-0.012, -0.303), (-0.012, -0.304), (-0.013, -0.305), (-0.013, -0.306), (-0.014, -0.307), (-0.014, -0.308), (-0.014, -0.309), (-0.015, -0.31), (-0.015, -0.311), (-0.016, -0.313), (-0.016, -0.314), (-0.016, -0.315), (-0.017, -0.316), (-0.017, -0.317), (-0.018, -0.318), (-0.018, -0.319), (-0.019, -0.32), (-0.019, -0.321), (-0.019, -0.322), (-0.02, -0.323), (-0.02, -0.324), (-0.021, -0.325), (-0.021, -0.326), (-0.021, -0.327), (-0.022, -0.328), (-0.022, -0.329), (-0.023, -0.331), (-0.023, -0.332), (-0.023, -0.333), (-0.024, -0.334), (-0.024, -0.335), (-0.025, -0.336), (-0.025, -0.337), (-0.026, -0.338), (-0.026, -0.339), (-0.026, -0.34), (-0.027, -0.341), (-0.027, -0.342), (-0.028, -0.343), (-0.028, -0.345), (-0.028, -0.346), (-0.029, -0.347), (-0.029, -0.348), (-0.03, -0.349), (-0.03, -0.35), (-0.03, -0.351), (-0.031, -0.352), (-0.031, -0.353), (-0.032, -0.354), (-0.032, -0.355), (-0.032, -0.356), (-0.033, -0.357), (-0.033, -0.359), (-0.034, -0.36), (-0.034, -0.361), (-0.035, -0.362), (-0.035, -0.363), (-0.035, -0.364), (-0.036, -0.365), (-0.036, -0.366), (-0.037, -0.367), (-0.037, -0.368), (-0.037, -0.369), (-0.038, -0.37), (-0.038, -0.372), (-0.039, -0.373), (-0.039, -0.374), (-0.039, -0.375), (-0.04, -0.376), (-0.04, -0.377), (-0.041, -0.378), (-0.041, -0.379), (-0.041, -0.38), (-0.042, -0.381), (-0.042, -0.382), (-0.043, -0.383), (-0.043, -0.385), (-0.043, -0.386), (-0.044, -0.387), (-0.044, -0.388), (-0.045, -0.389), (-0.045, -0.39), (-0.046, -0.391), (-0.046, -0.392), (-0.046, -0.393), (-0.047, -0.394), (-0.047, -0.395), (-0.048, -0.396), (-0.048, -0.397), (-0.048, -0.399), (-0.049, -0.4), (-0.049, -0.401), (-0.05, -0.402), (-0.05, -0.403), (-0.05, -0.404), (-0.051, -0.405), (-0.051, -0.406), (-0.052, -0.407), (-0.052, -0.408), (-0.052, -0.409), (-0.053, -0.41), (-0.053, -0.411), (-0.054, -0.413), (-0.054, -0.414), (-0.055, -0.415), (-0.055, -0.416), (-0.055, -0.417), (-0.056, -0.418), (-0.056, -0.419), (-0.057, -0.42), (-0.057, -0.421), (-0.057, -0.422), (-0.058, -0.423), (-0.058, -0.424), (-0.059, -0.425), (-0.059, -0.426), (-0.059, -0.427), (-0.06, -0.428), (-0.06, -0.43), (-0.061, -0.431), (-0.061, -0.432), (-0.061, -0.433), (-0.062, -0.434), (-0.062, -0.435), (-0.063, -0.436), (-0.063, -0.437), (-0.063, -0.438), (-0.064, -0.439), (-0.064, -0.44), (-0.065, -0.441), (-0.065, -0.442), (-0.066, -0.443), (-0.066, -0.444), (-0.066, -0.445), (-0.067, -0.446), (-0.067, -0.447), (-0.068, -0.448), (-0.068, -0.449), (-0.068, -0.451), (-0.069, -0.452), (-0.069, -0.453), (-0.07, -0.454), (-0.07, -0.455), (-0.07, -0.456), (-0.071, -0.457), (-0.071, -0.458), (-0.072, -0.459), (-0.072, -0.46), (-0.072, -0.461), (-0.073, -0.462), (-0.073, -0.463), (-0.074, -0.464), (-0.074, -0.465), (-0.074, -0.466), (-0.075, -0.467), (-0.075, -0.468), (-0.076, -0.469), (-0.076, -0.47), (-0.077, -0.471), (-0.077, -0.472), (-0.077, -0.473), (-0.078, -0.474), (-0.078, -0.475), (-0.079, -0.476), (-0.079, -0.477), (-0.079, -0.478), (-0.08, -0.479), (-0.08, -0.48), (-0.081, -0.481), (-0.081, -0.482), (-0.081, -0.483), (-0.082, -0.484), (-0.082, -0.485), (-0.083, -0.486), (-0.083, -0.487), (-0.083, -0.488), (-0.084, -0.489), (-0.084, -0.49), (-0.085, -0.491), (-0.085, -0.492), (-0.085, -0.493), (-0.086, -0.494), (-0.086, -0.495), (-0.087, -0.496), (-0.087, -0.497), (-0.087, -0.498), (-0.088, -0.499), (-0.088, -0.5), (-0.089, -0.501), (-0.089, -0.502), (-0.089, -0.503), (-0.09, -0.504), (-0.09, -0.505), (-0.091, -0.506), (-0.091, -0.507), (-0.091, -0.508), (-0.092, -0.509), (-0.092, -0.51), (-0.093, -0.511), (-0.093, -0.512), (-0.093, -0.513), (-0.094, -0.514), (-0.094, -0.515), (-0.095, -0.516), (-0.095, -0.517), (-0.095, -0.518), (-0.096, -0.519), (-0.096, -0.52), (-0.097, -0.521), (-0.097, -0.522), (-0.097, -0.523), (-0.098, -0.524), (-0.098, -0.525), (-0.099, -0.525), (-0.099, -0.526), (-0.099, -0.527), (-0.1, -0.528), (-0.1, -0.529), (-0.101, -0.53), (-0.101, -0.531), (-0.101, -0.532), (-0.102, -0.533), (-0.102, -0.534), (-0.103, -0.535), (-0.103, -0.536), (-0.103, -0.537), (-0.104, -0.538), (-0.104, -0.539), (-0.105, -0.54)], total_steps=3141
  43rd iteration: path_start=[(0.011, -0.172), (0.011, -0.172), (0.012, -0.172), (0.012, -0.172), (0.013, -0.172), (0.014, -0.173), (0.015, -0.173), (0.016, -0.173), (0.018, -0.173), (0.019, -0.173), (0.021, -0.173), (0.023, -0.173), (0.024, -0.173), (0.026, -0.173), (0.028, -0.173), (0.03, -0.173), (0.032, -0.173), (0.034, -0.173), (0.037, -0.173), (0.039, -0.173), (0.041, -0.173), (0.043, -0.173), (0.046, -0.173), (0.048, -0.173), (0.051, -0.173), (0.053, -0.173), (0.056, -0.173), (0.058, -0.173), (0.061, -0.173), (0.063, -0.173), (0.066, -0.173), (0.069, -0.173), (0.071, -0.173), (0.074, -0.173), (0.077, -0.172), (0.079, -0.172), (0.082, -0.172), (0.084, -0.172), (0.087, -0.172), (0.09, -0.172), (0.092, -0.172), (0.095, -0.172), (0.098, -0.172), (0.1, -0.172), (0.103, -0.171), (0.105, -0.171), (0.108, -0.171), (0.11, -0.171), (0.113, -0.171), (0.115, -0.171), (0.118, -0.17), (0.12, -0.17), (0.123, -0.17), (0.125, -0.17), (0.128, -0.17), (0.13, -0.169), (0.132, -0.169), (0.135, -0.169), (0.137, -0.169), (0.139, -0.169), (0.142, -0.168), (0.144, -0.168), (0.146, -0.168), (0.148, -0.168), (0.15, -0.167), (0.152, -0.167), (0.155, -0.167), (0.157, -0.166), (0.159, -0.166), (0.161, -0.166), (0.163, -0.166), (0.165, -0.165), (0.166, -0.165), (0.168, -0.165), (0.17, -0.164), (0.172, -0.164), (0.174, -0.164), (0.176, -0.163), (0.177, -0.163), (0.179, -0.163), (0.181, -0.162), (0.182, -0.162), (0.184, -0.161), (0.186, -0.161), (0.187, -0.161), (0.189, -0.16), (0.19, -0.16), (0.192, -0.159), (0.193, -0.159), (0.195, -0.159), (0.196, -0.158), (0.198, -0.158), (0.199, -0.157), (0.2, -0.157), (0.201, -0.157), (0.203, -0.156), (0.204, -0.156), (0.205, -0.155), (0.206, -0.155), (0.208, -0.154), (0.209, -0.154), (0.21, -0.153), (0.211, -0.153), (0.212, -0.152), (0.213, -0.152), (0.214, -0.151), (0.215, -0.151), (0.216, -0.15), (0.217, -0.15), (0.218, -0.149), (0.219, -0.149), (0.22, -0.148), (0.221, -0.148), (0.221, -0.147), (0.222, -0.147), (0.223, -0.146), (0.224, -0.146), (0.225, -0.145), (0.225, -0.145), (0.226, -0.144), (0.227, -0.144), (0.227, -0.143), (0.228, -0.143), (0.229, -0.142), (0.229, -0.142), (0.23, -0.141), (0.23, -0.14), (0.231, -0.14), (0.231, -0.139), (0.232, -0.139), (0.232, -0.138), (0.233, -0.138), (0.233, -0.137), (0.234, -0.137), (0.234, -0.136), (0.235, -0.135), (0.235, -0.135), (0.235, -0.134), (0.236, -0.134), (0.236, -0.133), (0.237, -0.132), (0.237, -0.132), (0.237, -0.131), (0.237, -0.131), (0.238, -0.13), (0.238, -0.13), (0.238, -0.129), (0.238, -0.128), (0.239, -0.128), (0.239, -0.127), (0.239, -0.126), (0.239, -0.126), (0.239, -0.125), (0.24, -0.125), (0.24, -0.124), (0.24, -0.123), (0.24, -0.123), (0.24, -0.122), (0.24, -0.122), (0.24, -0.121), (0.24, -0.12), (0.24, -0.12), (0.24, -0.119), (0.24, -0.118), (0.24, -0.118), (0.24, -0.117), (0.24, -0.117), (0.24, -0.116), (0.24, -0.115), (0.24, -0.115), (0.24, -0.114), (0.24, -0.113), (0.24, -0.113), (0.24, -0.112), (0.24, -0.112), (0.24, -0.111), (0.24, -0.11), (0.24, -0.11), (0.24, -0.109), (0.239, -0.108), (0.239, -0.108), (0.239, -0.107), (0.239, -0.106), (0.239, -0.106), (0.239, -0.105), (0.238, -0.104), (0.238, -0.104), (0.238, -0.103), (0.238, -0.102), (0.238, -0.102), (0.237, -0.101), (0.237, -0.1), (0.237, -0.1), (0.237, -0.099), (0.237, -0.099), (0.236, -0.098), (0.236, -0.097), (0.236, -0.097), (0.235, -0.096), (0.235, -0.095), (0.235, -0.095), (0.235, -0.094), (0.234, -0.093), (0.234, -0.093), (0.234, -0.092), (0.233, -0.091), (0.233, -0.091), (0.233, -0.09), (0.232, -0.089), (0.232, -0.089), (0.232, -0.088), (0.231, -0.087), (0.231, -0.087), (0.231, -0.086), (0.23, -0.085), (0.23, -0.085), (0.23, -0.084), (0.229, -0.083), (0.229, -0.083), (0.228, -0.082), (0.228, -0.081), (0.228, -0.081), (0.227, -0.08), (0.227, -0.079), (0.226, -0.079), (0.226, -0.078), (0.225, -0.077), (0.225, -0.077), (0.225, -0.076), (0.224, -0.075), (0.224, -0.075), (0.223, -0.074), (0.223, -0.073), (0.222, -0.073), (0.222, -0.072), (0.221, -0.071), (0.221, -0.071), (0.22, -0.07), (0.22, -0.069), (0.219, -0.068), (0.219, -0.068), (0.218, -0.067), (0.218, -0.066), (0.217, -0.066), (0.217, -0.065), (0.216, -0.064), (0.216, -0.064), (0.215, -0.063), (0.215, -0.062), (0.214, -0.062), (0.214, -0.061), (0.213, -0.06), (0.213, -0.06), (0.212, -0.059), (0.212, -0.058), (0.211, -0.058), (0.21, -0.057), (0.21, -0.056), (0.209, -0.056), (0.209, -0.055), (0.208, -0.054), (0.208, -0.054), (0.207, -0.053), (0.207, -0.052), (0.206, -0.052), (0.205, -0.051), (0.205, -0.05), (0.204, -0.05), (0.204, -0.049), (0.203, -0.048), (0.202, -0.047), (0.202, -0.047), (0.201, -0.046), (0.201, -0.045), (0.2, -0.045), (0.199, -0.044), (0.199, -0.043), (0.198, -0.043), (0.197, -0.042), (0.197, -0.041), (0.196, -0.041), (0.196, -0.04), (0.195, -0.039), (0.194, -0.039), (0.194, -0.038), (0.193, -0.037), (0.192, -0.037), (0.192, -0.036), (0.191, -0.035), (0.19, -0.035), (0.19, -0.034), (0.189, -0.033), (0.188, -0.033), (0.188, -0.032), (0.187, -0.031), (0.186, -0.03), (0.186, -0.03), (0.185, -0.029), (0.184, -0.028), (0.184, -0.028), (0.183, -0.027), (0.182, -0.026), (0.182, -0.026), (0.181, -0.025), (0.18, -0.024), (0.18, -0.024), (0.179, -0.023), (0.178, -0.022), (0.178, -0.022), (0.177, -0.021), (0.176, -0.02), (0.175, -0.02), (0.175, -0.019), (0.174, -0.018), (0.173, -0.018), (0.173, -0.017), (0.172, -0.016), (0.171, -0.015), (0.17, -0.015), (0.17, -0.014), (0.169, -0.013), (0.168, -0.013), (0.167, -0.012), (0.167, -0.011), (0.166, -0.011), (0.165, -0.01), (0.164, -0.009), (0.164, -0.009), (0.163, -0.008), (0.162, -0.007), (0.161, -0.007), (0.161, -0.006), (0.16, -0.005), (0.159, -0.005), (0.158, -0.004), (0.158, -0.003), (0.157, -0.003), (0.156, -0.002), (0.155, -0.001), (0.155, -0.0), (0.154, 0.0), (0.153, 0.001), (0.152, 0.002), (0.152, 0.002), (0.151, 0.003), (0.15, 0.004), (0.149, 0.004), (0.148, 0.005), (0.148, 0.006), (0.147, 0.006), (0.146, 0.007), (0.145, 0.008), (0.145, 0.008), (0.144, 0.009), (0.143, 0.01), (0.142, 0.01), (0.141, 0.011), (0.141, 0.012), (0.14, 0.013), (0.139, 0.013), (0.138, 0.014), (0.137, 0.015), (0.137, 0.015), (0.136, 0.016), (0.135, 0.017), (0.134, 0.017), (0.133, 0.018), (0.133, 0.019), (0.132, 0.019), (0.131, 0.02), (0.13, 0.021), (0.129, 0.021), (0.128, 0.022), (0.128, 0.023), (0.127, 0.024), (0.126, 0.024), (0.125, 0.025), (0.124, 0.026), (0.124, 0.026), (0.123, 0.027), (0.122, 0.028), (0.121, 0.028), (0.12, 0.029), (0.119, 0.03), (0.119, 0.03), (0.118, 0.031), (0.117, 0.032), (0.116, 0.032), (0.115, 0.033), (0.115, 0.034), (0.114, 0.035), (0.113, 0.035), (0.112, 0.036), (0.111, 0.037), (0.11, 0.037), (0.11, 0.038), (0.109, 0.039), (0.108, 0.039), (0.107, 0.04), (0.106, 0.041), (0.105, 0.041), (0.105, 0.042), (0.104, 0.043), (0.103, 0.044), (0.102, 0.044), (0.101, 0.045), (0.1, 0.046), (0.1, 0.046), (0.099, 0.047), (0.098, 0.048), (0.097, 0.048), (0.096, 0.049), (0.095, 0.05), (0.094, 0.051), (0.094, 0.051), (0.093, 0.052), (0.092, 0.053), (0.091, 0.053), (0.09, 0.054), (0.089, 0.055), (0.089, 0.055), (0.088, 0.056), (0.087, 0.057), (0.086, 0.058), (0.085, 0.058), (0.084, 0.059), (0.084, 0.06), (0.083, 0.06), (0.082, 0.061), (0.081, 0.062), (0.08, 0.062), (0.079, 0.063), (0.079, 0.064), (0.078, 0.065), (0.077, 0.065), (0.076, 0.066), (0.075, 0.067), (0.074, 0.067), (0.074, 0.068), (0.073, 0.069), (0.072, 0.069), (0.071, 0.07), (0.07, 0.071), (0.069, 0.072), (0.069, 0.072), (0.068, 0.073), (0.067, 0.074), (0.066, 0.074), (0.065, 0.075), (0.064, 0.076), (0.064, 0.077), (0.063, 0.077), (0.062, 0.078), (0.061, 0.079), (0.06, 0.079), (0.06, 0.08), (0.059, 0.081), (0.058, 0.082), (0.057, 0.082), (0.056, 0.083), (0.055, 0.084), (0.055, 0.084), (0.054, 0.085), (0.053, 0.086), (0.052, 0.087), (0.051, 0.087), (0.051, 0.088), (0.05, 0.089), (0.049, 0.089), (0.048, 0.09), (0.047, 0.091), (0.047, 0.092), (0.046, 0.092), (0.045, 0.093), (0.044, 0.094), (0.043, 0.094), (0.043, 0.095), (0.042, 0.096), (0.041, 0.097), (0.04, 0.097), (0.039, 0.098), (0.039, 0.099), (0.038, 0.1), (0.037, 0.1), (0.036, 0.101), (0.035, 0.102), (0.035, 0.102), (0.034, 0.103), (0.033, 0.104), (0.032, 0.105), (0.032, 0.105), (0.031, 0.106), (0.03, 0.107), (0.029, 0.108), (0.028, 0.108), (0.028, 0.109), (0.027, 0.11), (0.026, 0.11), (0.025, 0.111), (0.025, 0.112)], path_end=[(-0.077, 0.073), (-0.072, 0.068), (-0.067, 0.064), (-0.062, 0.059), (-0.057, 0.055), (-0.053, 0.05), (-0.048, 0.046), (-0.043, 0.041), (-0.038, 0.037), (-0.033, 0.032), (-0.029, 0.028), (-0.024, 0.023), (-0.019, 0.019), (-0.014, 0.014), (-0.01, 0.01), (-0.005, 0.005), (-0.0, 0.001), (0.005, -0.004), (0.009, -0.008), (0.014, -0.013), (0.019, -0.017), (0.023, -0.022), (0.028, -0.026), (0.033, -0.03), (0.037, -0.035), (0.042, -0.039), (0.046, -0.043), (0.051, -0.048), (0.056, -0.052), (0.06, -0.056), (0.065, -0.061), (0.069, -0.065), (0.074, -0.069), (0.078, -0.074), (0.083, -0.078), (0.087, -0.082), (0.092, -0.086), (0.096, -0.09), (0.1, -0.095), (0.105, -0.099), (0.109, -0.103), (0.114, -0.107), (0.118, -0.111), (0.122, -0.115), (0.127, -0.119), (0.131, -0.123), (0.135, -0.127), (0.139, -0.131), (0.144, -0.135), (0.148, -0.139), (0.152, -0.143), (0.156, -0.147), (0.16, -0.151), (0.164, -0.155), (0.168, -0.159), (0.172, -0.162), (0.176, -0.166), (0.181, -0.17), (0.185, -0.174), (0.188, -0.177), (0.192, -0.181), (0.196, -0.185), (0.2, -0.189), (0.204, -0.192), (0.208, -0.196), (0.212, -0.199), (0.216, -0.203), (0.219, -0.206), (0.223, -0.21), (0.227, -0.213), (0.23, -0.217), (0.234, -0.22), (0.238, -0.224), (0.241, -0.227), (0.245, -0.23), (0.249, -0.234), (0.252, -0.237), (0.256, -0.24), (0.259, -0.244), (0.262, -0.247), (0.266, -0.25), (0.269, -0.253), (0.273, -0.256), (0.276, -0.259), (0.279, -0.262), (0.283, -0.265), (0.286, -0.268), (0.289, -0.271), (0.292, -0.274), (0.295, -0.277), (0.299, -0.28), (0.302, -0.283), (0.305, -0.286), (0.308, -0.289), (0.311, -0.291), (0.314, -0.294), (0.317, -0.297), (0.32, -0.3), (0.323, -0.302), (0.325, -0.305), (0.328, -0.308), (0.331, -0.31), (0.334, -0.313), (0.337, -0.315), (0.339, -0.318), (0.342, -0.32), (0.345, -0.323), (0.347, -0.325), (0.35, -0.327), (0.353, -0.33), (0.355, -0.332), (0.358, -0.334), (0.36, -0.337), (0.363, -0.339), (0.365, -0.341), (0.368, -0.343), (0.37, -0.345), (0.372, -0.348), (0.375, -0.35), (0.377, -0.352), (0.379, -0.354), (0.381, -0.356), (0.384, -0.358), (0.386, -0.36), (0.388, -0.362), (0.39, -0.364), (0.392, -0.365), (0.394, -0.367), (0.396, -0.369), (0.398, -0.371), (0.4, -0.373), (0.402, -0.374), (0.404, -0.376), (0.406, -0.378), (0.408, -0.379), (0.41, -0.381), (0.412, -0.383), (0.413, -0.384), (0.415, -0.386), (0.417, -0.387), (0.419, -0.389), (0.42, -0.39), (0.422, -0.392), (0.424, -0.393), (0.425, -0.394), (0.427, -0.396), (0.428, -0.397), (0.43, -0.398), (0.431, -0.4), (0.433, -0.401), (0.434, -0.402), (0.436, -0.403), (0.437, -0.405), (0.439, -0.406), (0.44, -0.407), (0.441, -0.408), (0.443, -0.409), (0.444, -0.41), (0.445, -0.411), (0.446, -0.412), (0.448, -0.413), (0.449, -0.414), (0.45, -0.415), (0.451, -0.416), (0.452, -0.417), (0.453, -0.418), (0.454, -0.419), (0.455, -0.419), (0.457, -0.42), (0.458, -0.421), (0.459, -0.422), (0.459, -0.422), (0.46, -0.423), (0.461, -0.424), (0.462, -0.425), (0.463, -0.425), (0.464, -0.426), (0.465, -0.427), (0.466, -0.427), (0.466, -0.428), (0.467, -0.428), (0.468, -0.429), (0.469, -0.429), (0.469, -0.43), (0.47, -0.43), (0.471, -0.431), (0.472, -0.431), (0.472, -0.432), (0.473, -0.432), (0.473, -0.432), (0.474, -0.433), (0.475, -0.433), (0.475, -0.433), (0.476, -0.434), (0.476, -0.434), (0.477, -0.434), (0.477, -0.435), (0.478, -0.435), (0.478, -0.435), (0.479, -0.435), (0.479, -0.435), (0.479, -0.436), (0.48, -0.436), (0.48, -0.436), (0.481, -0.436), (0.481, -0.436), (0.481, -0.436), (0.481, -0.436), (0.482, -0.437), (0.482, -0.437), (0.482, -0.437), (0.483, -0.437), (0.483, -0.437), (0.483, -0.437), (0.483, -0.437), (0.483, -0.437), (0.484, -0.437), (0.484, -0.437), (0.484, -0.436), (0.484, -0.436), (0.484, -0.436), (0.484, -0.436), (0.484, -0.436), (0.485, -0.436), (0.485, -0.436), (0.485, -0.436), (0.485, -0.436), (0.485, -0.435), (0.485, -0.435), (0.485, -0.435), (0.485, -0.435), (0.485, -0.435), (0.485, -0.434), (0.485, -0.434), (0.485, -0.434), (0.485, -0.434), (0.485, -0.433), (0.485, -0.433), (0.485, -0.433), (0.484, -0.432), (0.484, -0.432), (0.484, -0.432), (0.484, -0.431), (0.484, -0.431), (0.484, -0.431), (0.484, -0.43), (0.484, -0.43), (0.483, -0.43), (0.483, -0.429), (0.483, -0.429), (0.483, -0.428), (0.483, -0.428), (0.483, -0.428), (0.482, -0.427), (0.482, -0.427), (0.482, -0.426), (0.482, -0.426), (0.481, -0.425), (0.481, -0.425), (0.481, -0.424), (0.481, -0.424), (0.48, -0.423), (0.48, -0.423), (0.48, -0.422), (0.479, -0.422), (0.479, -0.421), (0.479, -0.421), (0.479, -0.42), (0.478, -0.42), (0.478, -0.419), (0.478, -0.419), (0.477, -0.418), (0.477, -0.418), (0.477, -0.417), (0.476, -0.416), (0.476, -0.416), (0.475, -0.415), (0.475, -0.415), (0.475, -0.414), (0.474, -0.414), (0.474, -0.413), (0.474, -0.412), (0.473, -0.412), (0.473, -0.411), (0.472, -0.41), (0.472, -0.41), (0.471, -0.409), (0.471, -0.409), (0.471, -0.408), (0.47, -0.407), (0.47, -0.407), (0.469, -0.406), (0.469, -0.405), (0.468, -0.405), (0.468, -0.404), (0.468, -0.403), (0.467, -0.403), (0.467, -0.402), (0.466, -0.401), (0.466, -0.401), (0.465, -0.4), (0.465, -0.399), (0.464, -0.398), (0.464, -0.398), (0.463, -0.397), (0.463, -0.396), (0.462, -0.396), (0.462, -0.395), (0.461, -0.394), (0.461, -0.394), (0.46, -0.393), (0.46, -0.392), (0.459, -0.391), (0.459, -0.391), (0.458, -0.39), (0.458, -0.389), (0.457, -0.388), (0.457, -0.388), (0.456, -0.387), (0.456, -0.386), (0.455, -0.385), (0.454, -0.385), (0.454, -0.384), (0.453, -0.383), (0.453, -0.382), (0.452, -0.382), (0.452, -0.381), (0.451, -0.38), (0.451, -0.379), (0.45, -0.379), (0.45, -0.378), (0.449, -0.377), (0.448, -0.376), (0.448, -0.376), (0.447, -0.375), (0.447, -0.374), (0.446, -0.373), (0.446, -0.372), (0.445, -0.372), (0.444, -0.371), (0.444, -0.37), (0.443, -0.369), (0.443, -0.369), (0.442, -0.368), (0.442, -0.367), (0.441, -0.366), (0.44, -0.365), (0.44, -0.365), (0.439, -0.364), (0.439, -0.363), (0.438, -0.362), (0.438, -0.361), (0.437, -0.361), (0.436, -0.36), (0.436, -0.359), (0.435, -0.358), (0.435, -0.357), (0.434, -0.357), (0.433, -0.356), (0.433, -0.355), (0.432, -0.354), (0.432, -0.353), (0.431, -0.353), (0.43, -0.352), (0.43, -0.351), (0.429, -0.35), (0.429, -0.349), (0.428, -0.349), (0.428, -0.348), (0.427, -0.347), (0.426, -0.346), (0.426, -0.345), (0.425, -0.345), (0.425, -0.344), (0.424, -0.343), (0.423, -0.342), (0.423, -0.341), (0.422, -0.34), (0.422, -0.34), (0.421, -0.339), (0.42, -0.338), (0.42, -0.337), (0.419, -0.336), (0.419, -0.336), (0.418, -0.335), (0.417, -0.334), (0.417, -0.333), (0.416, -0.332), (0.416, -0.332), (0.415, -0.331), (0.414, -0.33), (0.414, -0.329), (0.413, -0.328), (0.413, -0.328), (0.412, -0.327), (0.411, -0.326), (0.411, -0.325), (0.41, -0.324), (0.41, -0.323), (0.409, -0.323), (0.408, -0.322), (0.408, -0.321), (0.407, -0.32), (0.407, -0.319), (0.406, -0.319), (0.405, -0.318), (0.405, -0.317), (0.404, -0.316), (0.404, -0.315), (0.403, -0.315), (0.402, -0.314), (0.402, -0.313), (0.401, -0.312), (0.401, -0.311), (0.4, -0.311), (0.399, -0.31), (0.399, -0.309), (0.398, -0.308), (0.398, -0.307), (0.397, -0.306), (0.396, -0.306), (0.396, -0.305), (0.395, -0.304), (0.395, -0.303), (0.394, -0.302), (0.394, -0.302), (0.393, -0.301), (0.392, -0.3), (0.392, -0.299), (0.391, -0.298), (0.391, -0.298), (0.39, -0.297), (0.389, -0.296), (0.389, -0.295), (0.388, -0.294), (0.388, -0.294), (0.387, -0.293), (0.386, -0.292), (0.386, -0.291), (0.385, -0.29), (0.385, -0.29), (0.384, -0.289), (0.384, -0.288), (0.383, -0.287), (0.382, -0.286), (0.382, -0.286), (0.381, -0.285), (0.381, -0.284), (0.38, -0.283), (0.38, -0.282), (0.379, -0.282), (0.378, -0.281), (0.378, -0.28), (0.377, -0.279), (0.377, -0.278), (0.376, -0.278), (0.376, -0.277), (0.375, -0.276), (0.374, -0.275), (0.374, -0.275), (0.373, -0.274), (0.373, -0.273), (0.372, -0.272), (0.372, -0.271), (0.371, -0.271), (0.37, -0.27), (0.37, -0.269), (0.369, -0.268), (0.369, -0.267), (0.368, -0.267), (0.368, -0.266), (0.367, -0.265), (0.366, -0.264), (0.366, -0.264), (0.365, -0.263), (0.365, -0.262), (0.364, -0.261), (0.364, -0.26), (0.363, -0.26), (0.363, -0.259), (0.362, -0.258), (0.361, -0.257), (0.361, -0.256), (0.36, -0.256), (0.36, -0.255), (0.359, -0.254), (0.359, -0.253), (0.358, -0.253), (0.358, -0.252), (0.357, -0.251), (0.357, -0.25), (0.356, -0.25), (0.355, -0.249), (0.355, -0.248), (0.354, -0.247), (0.354, -0.246), (0.353, -0.246), (0.353, -0.245), (0.352, -0.244), (0.352, -0.243)], total_steps=3141
  45th iteration: path_start=[(0.011, -0.173), (0.011, -0.173), (0.012, -0.173), (0.013, -0.174), (0.014, -0.174), (0.016, -0.175), (0.017, -0.176), (0.019, -0.176), (0.021, -0.177), (0.023, -0.178), (0.025, -0.179), (0.027, -0.181), (0.03, -0.182), (0.033, -0.183), (0.035, -0.184), (0.038, -0.186), (0.041, -0.187), (0.044, -0.189), (0.047, -0.19), (0.051, -0.192), (0.054, -0.193), (0.058, -0.195), (0.061, -0.196), (0.065, -0.198), (0.068, -0.2), (0.072, -0.201), (0.076, -0.203), (0.079, -0.205), (0.083, -0.207), (0.087, -0.208), (0.091, -0.21), (0.095, -0.212), (0.099, -0.214), (0.103, -0.215), (0.107, -0.217), (0.111, -0.219), (0.115, -0.221), (0.119, -0.223), (0.123, -0.224), (0.127, -0.226), (0.131, -0.228), (0.135, -0.23), (0.139, -0.231), (0.143, -0.233), (0.147, -0.235), (0.152, -0.237), (0.156, -0.238), (0.16, -0.24), (0.164, -0.242), (0.168, -0.243), (0.172, -0.245), (0.176, -0.247), (0.18, -0.248), (0.184, -0.25), (0.188, -0.252), (0.192, -0.253), (0.196, -0.255), (0.2, -0.256), (0.203, -0.258), (0.207, -0.259), (0.211, -0.261), (0.215, -0.262), (0.219, -0.264), (0.223, -0.265), (0.226, -0.266), (0.23, -0.268), (0.234, -0.269), (0.237, -0.271), (0.241, -0.272), (0.245, -0.273), (0.248, -0.274), (0.252, -0.276), (0.255, -0.277), (0.259, -0.278), (0.262, -0.279), (0.266, -0.281), (0.269, -0.282), (0.273, -0.283), (0.276, -0.284), (0.279, -0.285), (0.283, -0.286), (0.286, -0.287), (0.289, -0.288), (0.293, -0.289), (0.296, -0.29), (0.299, -0.291), (0.302, -0.292), (0.305, -0.293), (0.308, -0.294), (0.311, -0.295), (0.314, -0.296), (0.317, -0.297), (0.32, -0.297), (0.323, -0.298), (0.326, -0.299), (0.329, -0.3), (0.332, -0.301), (0.335, -0.301), (0.338, -0.302), (0.34, -0.303), (0.343, -0.303), (0.346, -0.304), (0.349, -0.305), (0.351, -0.305), (0.354, -0.306), (0.357, -0.307), (0.359, -0.307), (0.362, -0.308), (0.364, -0.308), (0.367, -0.309), (0.369, -0.309), (0.372, -0.31), (0.374, -0.31), (0.377, -0.311), (0.379, -0.311), (0.382, -0.312), (0.384, -0.312), (0.386, -0.313), (0.389, -0.313), (0.391, -0.313), (0.393, -0.314), (0.396, -0.314), (0.398, -0.314), (0.4, -0.315), (0.402, -0.315), (0.404, -0.315), (0.407, -0.316), (0.409, -0.316), (0.411, -0.316), (0.413, -0.316), (0.415, -0.317), (0.417, -0.317), (0.419, -0.317), (0.421, -0.317), (0.423, -0.317), (0.425, -0.318), (0.427, -0.318), (0.429, -0.318), (0.431, -0.318), (0.433, -0.318), (0.435, -0.318), (0.437, -0.318), (0.439, -0.319), (0.441, -0.319), (0.443, -0.319), (0.444, -0.319), (0.446, -0.319), (0.448, -0.319), (0.45, -0.319), (0.452, -0.319), (0.453, -0.319), (0.455, -0.319), (0.457, -0.319), (0.459, -0.319), (0.46, -0.319), (0.462, -0.319), (0.464, -0.319), (0.465, -0.319), (0.467, -0.319), (0.469, -0.319), (0.47, -0.319), (0.472, -0.319), (0.474, -0.319), (0.475, -0.319), (0.477, -0.319), (0.479, -0.319), (0.48, -0.319), (0.482, -0.319), (0.483, -0.319), (0.485, -0.319), (0.486, -0.319), (0.488, -0.318), (0.489, -0.318), (0.491, -0.318), (0.492, -0.318), (0.494, -0.318), (0.495, -0.318), (0.497, -0.318), (0.498, -0.318), (0.5, -0.318), (0.501, -0.317), (0.503, -0.317), (0.504, -0.317), (0.506, -0.317), (0.507, -0.317), (0.509, -0.317), (0.51, -0.317), (0.511, -0.316), (0.513, -0.316), (0.514, -0.316), (0.516, -0.316), (0.517, -0.316), (0.518, -0.316), (0.52, -0.315), (0.521, -0.315), (0.522, -0.315), (0.524, -0.315), (0.525, -0.315), (0.526, -0.315), (0.528, -0.314), (0.529, -0.314), (0.53, -0.314), (0.532, -0.314), (0.533, -0.314), (0.534, -0.313), (0.536, -0.313), (0.537, -0.313), (0.538, -0.313), (0.539, -0.313), (0.541, -0.312), (0.542, -0.312), (0.543, -0.312), (0.545, -0.312), (0.546, -0.312), (0.547, -0.311), (0.548, -0.311), (0.55, -0.311), (0.551, -0.311), (0.552, -0.311), (0.553, -0.31), (0.555, -0.31), (0.556, -0.31), (0.557, -0.31), (0.558, -0.31), (0.559, -0.309), (0.561, -0.309), (0.562, -0.309), (0.563, -0.309), (0.564, -0.309), (0.566, -0.308), (0.567, -0.308), (0.568, -0.308), (0.569, -0.308), (0.57, -0.308), (0.571, -0.307), (0.573, -0.307), (0.574, -0.307), (0.575, -0.307), (0.576, -0.307), (0.577, -0.306), (0.579, -0.306), (0.58, -0.306), (0.581, -0.306), (0.582, -0.306), (0.583, -0.305), (0.584, -0.305), (0.586, -0.305), (0.587, -0.305), (0.588, -0.305), (0.589, -0.304), (0.59, -0.304), (0.591, -0.304), (0.592, -0.304), (0.594, -0.304), (0.595, -0.303), (0.596, -0.303), (0.597, -0.303), (0.598, -0.303), (0.599, -0.303), (0.6, -0.302), (0.602, -0.302), (0.603, -0.302), (0.604, -0.302), (0.605, -0.302), (0.606, -0.302), (0.607, -0.301), (0.608, -0.301), (0.609, -0.301), (0.611, -0.301), (0.612, -0.301), (0.613, -0.301), (0.614, -0.3), (0.615, -0.3), (0.616, -0.3), (0.617, -0.3), (0.618, -0.3), (0.62, -0.3), (0.621, -0.299), (0.622, -0.299), (0.623, -0.299), (0.624, -0.299), (0.625, -0.299), (0.626, -0.299), (0.627, -0.298), (0.628, -0.298), (0.629, -0.298), (0.631, -0.298), (0.632, -0.298), (0.633, -0.298), (0.634, -0.298), (0.635, -0.297), (0.636, -0.297), (0.637, -0.297), (0.638, -0.297), (0.639, -0.297), (0.64, -0.297), (0.641, -0.297), (0.643, -0.296), (0.644, -0.296), (0.645, -0.296), (0.646, -0.296), (0.647, -0.296), (0.648, -0.296), (0.649, -0.296), (0.65, -0.296), (0.651, -0.296), (0.652, -0.295), (0.653, -0.295), (0.654, -0.295), (0.655, -0.295), (0.657, -0.295), (0.658, -0.295), (0.659, -0.295), (0.66, -0.295), (0.661, -0.295), (0.662, -0.294), (0.663, -0.294), (0.664, -0.294), (0.665, -0.294), (0.666, -0.294), (0.667, -0.294), (0.668, -0.294), (0.669, -0.294), (0.67, -0.294), (0.672, -0.294), (0.673, -0.294), (0.674, -0.293), (0.675, -0.293), (0.676, -0.293), (0.677, -0.293), (0.678, -0.293), (0.679, -0.293), (0.68, -0.293), (0.681, -0.293), (0.682, -0.293), (0.683, -0.293), (0.684, -0.293), (0.685, -0.293), (0.686, -0.293), (0.687, -0.293), (0.688, -0.292), (0.689, -0.292), (0.691, -0.292), (0.692, -0.292), (0.693, -0.292), (0.694, -0.292), (0.695, -0.292), (0.696, -0.292), (0.697, -0.292), (0.698, -0.292), (0.699, -0.292), (0.7, -0.292), (0.701, -0.292), (0.702, -0.292), (0.703, -0.292), (0.704, -0.292), (0.705, -0.292), (0.706, -0.292), (0.707, -0.292), (0.708, -0.292), (0.709, -0.292), (0.71, -0.292), (0.711, -0.291), (0.712, -0.291), (0.714, -0.291), (0.715, -0.291), (0.716, -0.291), (0.717, -0.291), (0.718, -0.291), (0.719, -0.291), (0.72, -0.291), (0.721, -0.291), (0.722, -0.291), (0.723, -0.291), (0.724, -0.291), (0.725, -0.291), (0.726, -0.291), (0.727, -0.291), (0.728, -0.291), (0.729, -0.291), (0.73, -0.291), (0.731, -0.291), (0.732, -0.291), (0.733, -0.291), (0.734, -0.291), (0.735, -0.291), (0.736, -0.291), (0.737, -0.291), (0.738, -0.291), (0.739, -0.291), (0.74, -0.291), (0.741, -0.291), (0.742, -0.291), (0.743, -0.291), (0.744, -0.291), (0.745, -0.291), (0.746, -0.291), (0.747, -0.291), (0.748, -0.291), (0.749, -0.291), (0.75, -0.291), (0.751, -0.291), (0.752, -0.291), (0.753, -0.291), (0.754, -0.291), (0.755, -0.291), (0.756, -0.291), (0.757, -0.291), (0.758, -0.291), (0.759, -0.291), (0.76, -0.291), (0.761, -0.291), (0.762, -0.291), (0.764, -0.291), (0.765, -0.291), (0.766, -0.291), (0.767, -0.291), (0.768, -0.291), (0.769, -0.291), (0.77, -0.291), (0.771, -0.291), (0.772, -0.291), (0.773, -0.291), (0.774, -0.291), (0.774, -0.291), (0.775, -0.292), (0.776, -0.292), (0.777, -0.292), (0.778, -0.292), (0.779, -0.292), (0.78, -0.292), (0.781, -0.292), (0.782, -0.292), (0.783, -0.292), (0.784, -0.292), (0.785, -0.292), (0.786, -0.292), (0.787, -0.292), (0.788, -0.292), (0.789, -0.292), (0.79, -0.292), (0.791, -0.292), (0.792, -0.292), (0.793, -0.292), (0.794, -0.292), (0.795, -0.292), (0.796, -0.292), (0.797, -0.292), (0.798, -0.292), (0.799, -0.292), (0.8, -0.292), (0.801, -0.292), (0.802, -0.292), (0.803, -0.292), (0.804, -0.292), (0.805, -0.292), (0.806, -0.292), (0.807, -0.292), (0.808, -0.292), (0.809, -0.292), (0.81, -0.293), (0.811, -0.293), (0.812, -0.293), (0.813, -0.293), (0.814, -0.293), (0.815, -0.293), (0.816, -0.293), (0.817, -0.293), (0.818, -0.293), (0.819, -0.293), (0.819, -0.293), (0.82, -0.293), (0.821, -0.293), (0.822, -0.293), (0.823, -0.293), (0.824, -0.293), (0.825, -0.293), (0.826, -0.293), (0.827, -0.293), (0.828, -0.293), (0.829, -0.293), (0.83, -0.293), (0.831, -0.293), (0.832, -0.293), (0.833, -0.293), (0.834, -0.293), (0.835, -0.293), (0.836, -0.293), (0.837, -0.293), (0.838, -0.294), (0.839, -0.294), (0.839, -0.294), (0.84, -0.294), (0.841, -0.294), (0.842, -0.294), (0.843, -0.294), (0.844, -0.294), (0.845, -0.294), (0.846, -0.294), (0.847, -0.294)], path_end=[(0.133, -0.001), (0.133, -0.002), (0.133, -0.002), (0.132, -0.003), (0.132, -0.003), (0.132, -0.004), (0.131, -0.004), (0.131, -0.005), (0.13, -0.005), (0.13, -0.006), (0.13, -0.006), (0.129, -0.007), (0.129, -0.007), (0.129, -0.008), (0.128, -0.008), (0.128, -0.009), (0.128, -0.009), (0.127, -0.01), (0.127, -0.01), (0.127, -0.01), (0.126, -0.011), (0.126, -0.011), (0.126, -0.012), (0.125, -0.012), (0.125, -0.013), (0.125, -0.014), (0.124, -0.014), (0.124, -0.015), (0.124, -0.015), (0.123, -0.016), (0.123, -0.016), (0.123, -0.017), (0.123, -0.017), (0.122, -0.018), (0.122, -0.018), (0.122, -0.019), (0.121, -0.019), (0.121, -0.02), (0.121, -0.02), (0.121, -0.021), (0.12, -0.021), (0.12, -0.022), (0.12, -0.022), (0.12, -0.023), (0.12, -0.023), (0.119, -0.024), (0.119, -0.025), (0.119, -0.025), (0.119, -0.026), (0.119, -0.026), (0.118, -0.027), (0.118, -0.027), (0.118, -0.028), (0.118, -0.028), (0.118, -0.029), (0.117, -0.03), (0.117, -0.03), (0.117, -0.031), (0.117, -0.031), (0.117, -0.032), (0.117, -0.033), (0.117, -0.033), (0.116, -0.034), (0.116, -0.034), (0.116, -0.035), (0.116, -0.035), (0.116, -0.036), (0.116, -0.037), (0.116, -0.037), (0.116, -0.038), (0.116, -0.038), (0.115, -0.039), (0.115, -0.04), (0.115, -0.04), (0.115, -0.041), (0.115, -0.042), (0.115, -0.042), (0.115, -0.043), (0.115, -0.043), (0.115, -0.044), (0.115, -0.045), (0.115, -0.045), (0.115, -0.046), (0.115, -0.047), (0.115, -0.047), (0.115, -0.048), (0.115, -0.048), (0.115, -0.049), (0.115, -0.05), (0.115, -0.05), (0.115, -0.051), (0.115, -0.052), (0.115, -0.052), (0.115, -0.053), (0.115, -0.054), (0.115, -0.054), (0.115, -0.055), (0.115, -0.056), (0.115, -0.056), (0.115, -0.057), (0.115, -0.058), (0.115, -0.059), (0.116, -0.059), (0.116, -0.06), (0.116, -0.061), (0.116, -0.061), (0.116, -0.062), (0.116, -0.063), (0.116, -0.063), (0.116, -0.064), (0.116, -0.065), (0.116, -0.066), (0.117, -0.066), (0.117, -0.067), (0.117, -0.068), (0.117, -0.068), (0.117, -0.069), (0.117, -0.07), (0.118, -0.071), (0.118, -0.071), (0.118, -0.072), (0.118, -0.073), (0.118, -0.074), (0.118, -0.074), (0.119, -0.075), (0.119, -0.076), (0.119, -0.077), (0.119, -0.077), (0.12, -0.078), (0.12, -0.079), (0.12, -0.08), (0.12, -0.081), (0.12, -0.081), (0.121, -0.082), (0.121, -0.083), (0.121, -0.084), (0.121, -0.084), (0.122, -0.085), (0.122, -0.086), (0.122, -0.087), (0.122, -0.088), (0.123, -0.088), (0.123, -0.089), (0.123, -0.09), (0.124, -0.091), (0.124, -0.092), (0.124, -0.093), (0.125, -0.093), (0.125, -0.094), (0.125, -0.095), (0.125, -0.096), (0.126, -0.097), (0.126, -0.098), (0.126, -0.098), (0.127, -0.099), (0.127, -0.1), (0.127, -0.101), (0.128, -0.102), (0.128, -0.103), (0.129, -0.104), (0.129, -0.104), (0.129, -0.105), (0.13, -0.106), (0.13, -0.107), (0.13, -0.108), (0.131, -0.109), (0.131, -0.11), (0.132, -0.111), (0.132, -0.111), (0.132, -0.112), (0.133, -0.113), (0.133, -0.114), (0.134, -0.115), (0.134, -0.116), (0.134, -0.117), (0.135, -0.118), (0.135, -0.119), (0.136, -0.12), (0.136, -0.121), (0.136, -0.121), (0.137, -0.122), (0.137, -0.123), (0.138, -0.124), (0.138, -0.125), (0.139, -0.126), (0.139, -0.127), (0.14, -0.128), (0.14, -0.129), (0.14, -0.13), (0.141, -0.131), (0.141, -0.132), (0.142, -0.133), (0.142, -0.134), (0.143, -0.135), (0.143, -0.136), (0.144, -0.137), (0.144, -0.138), (0.145, -0.139), (0.145, -0.139), (0.146, -0.14), (0.146, -0.141), (0.147, -0.142), (0.147, -0.143), (0.148, -0.144), (0.148, -0.145), (0.149, -0.146), (0.149, -0.147), (0.15, -0.148), (0.15, -0.149), (0.151, -0.15), (0.151, -0.151), (0.152, -0.152), (0.152, -0.153), (0.153, -0.154), (0.153, -0.155), (0.154, -0.156), (0.154, -0.157), (0.155, -0.158), (0.156, -0.16), (0.156, -0.161), (0.157, -0.162), (0.157, -0.163), (0.158, -0.164), (0.158, -0.165), (0.159, -0.166), (0.159, -0.167), (0.16, -0.168), (0.16, -0.169), (0.161, -0.17), (0.162, -0.171), (0.162, -0.172), (0.163, -0.173), (0.163, -0.174), (0.164, -0.175), (0.164, -0.176), (0.165, -0.177), (0.166, -0.178), (0.166, -0.179), (0.167, -0.18), (0.167, -0.181), (0.168, -0.182), (0.169, -0.184), (0.169, -0.185), (0.17, -0.186), (0.17, -0.187), (0.171, -0.188), (0.171, -0.189), (0.172, -0.19), (0.173, -0.191), (0.173, -0.192), (0.174, -0.193), (0.174, -0.194), (0.175, -0.195), (0.176, -0.196), (0.176, -0.197), (0.177, -0.199), (0.178, -0.2), (0.178, -0.201), (0.179, -0.202), (0.179, -0.203), (0.18, -0.204), (0.181, -0.205), (0.181, -0.206), (0.182, -0.207), (0.182, -0.208), (0.183, -0.209), (0.184, -0.211), (0.184, -0.212), (0.185, -0.213), (0.186, -0.214), (0.186, -0.215), (0.187, -0.216), (0.187, -0.217), (0.188, -0.218), (0.189, -0.219), (0.189, -0.22), (0.19, -0.221), (0.191, -0.223), (0.191, -0.224), (0.192, -0.225), (0.193, -0.226), (0.193, -0.227), (0.194, -0.228), (0.195, -0.229), (0.195, -0.23), (0.196, -0.231), (0.196, -0.232), (0.197, -0.233), (0.198, -0.234), (0.198, -0.236), (0.199, -0.237), (0.2, -0.238), (0.2, -0.239), (0.201, -0.24), (0.202, -0.241), (0.202, -0.242), (0.203, -0.243), (0.204, -0.244), (0.204, -0.245), (0.205, -0.246), (0.206, -0.247), (0.206, -0.249), (0.207, -0.25), (0.208, -0.251), (0.208, -0.252), (0.209, -0.253), (0.21, -0.254), (0.21, -0.255), (0.211, -0.256), (0.212, -0.257), (0.212, -0.258), (0.213, -0.259), (0.214, -0.26), (0.214, -0.261), (0.215, -0.262), (0.216, -0.264), (0.216, -0.265), (0.217, -0.266), (0.218, -0.267), (0.219, -0.268), (0.219, -0.269), (0.22, -0.27), (0.221, -0.271), (0.221, -0.272), (0.222, -0.273), (0.223, -0.274), (0.223, -0.275), (0.224, -0.276), (0.225, -0.277), (0.225, -0.278), (0.226, -0.279), (0.227, -0.28), (0.227, -0.281), (0.228, -0.282), (0.229, -0.283), (0.23, -0.284), (0.23, -0.285), (0.231, -0.286), (0.232, -0.287), (0.232, -0.288), (0.233, -0.289), (0.234, -0.29), (0.234, -0.291), (0.235, -0.292), (0.236, -0.293), (0.237, -0.294), (0.237, -0.295), (0.238, -0.296), (0.239, -0.297), (0.239, -0.298), (0.24, -0.299), (0.241, -0.3), (0.242, -0.301), (0.242, -0.302), (0.243, -0.303), (0.244, -0.304), (0.244, -0.305), (0.245, -0.306), (0.246, -0.306), (0.247, -0.307), (0.247, -0.308), (0.248, -0.309), (0.249, -0.31), (0.249, -0.311), (0.25, -0.312), (0.251, -0.313), (0.252, -0.314), (0.252, -0.315), (0.253, -0.316), (0.254, -0.316), (0.254, -0.317), (0.255, -0.318), (0.256, -0.319), (0.257, -0.32), (0.257, -0.321), (0.258, -0.322), (0.259, -0.322), (0.26, -0.323), (0.26, -0.324), (0.261, -0.325), (0.262, -0.326), (0.262, -0.327), (0.263, -0.327), (0.264, -0.328), (0.265, -0.329), (0.265, -0.33), (0.266, -0.331), (0.267, -0.332), (0.268, -0.332), (0.268, -0.333), (0.269, -0.334), (0.27, -0.335), (0.271, -0.335), (0.271, -0.336), (0.272, -0.337), (0.273, -0.338), (0.274, -0.338), (0.274, -0.339), (0.275, -0.34), (0.276, -0.341), (0.277, -0.341), (0.277, -0.342), (0.278, -0.343), (0.279, -0.343), (0.28, -0.344), (0.28, -0.345), (0.281, -0.346), (0.282, -0.346), (0.283, -0.347), (0.283, -0.348), (0.284, -0.348), (0.285, -0.349), (0.286, -0.349), (0.286, -0.35), (0.287, -0.351), (0.288, -0.351), (0.289, -0.352), (0.289, -0.353), (0.29, -0.353), (0.291, -0.354), (0.292, -0.354), (0.293, -0.355), (0.293, -0.356), (0.294, -0.356), (0.295, -0.357), (0.296, -0.357), (0.296, -0.358), (0.297, -0.358), (0.298, -0.359), (0.299, -0.36), (0.299, -0.36), (0.3, -0.361), (0.301, -0.361), (0.302, -0.362), (0.303, -0.362), (0.303, -0.363), (0.304, -0.363), (0.305, -0.364), (0.306, -0.364), (0.306, -0.365), (0.307, -0.365), (0.308, -0.366), (0.309, -0.366), (0.31, -0.366), (0.31, -0.367), (0.311, -0.367), (0.312, -0.368), (0.313, -0.368), (0.314, -0.369), (0.314, -0.369), (0.315, -0.369), (0.316, -0.37), (0.317, -0.37), (0.318, -0.37), (0.318, -0.371), (0.319, -0.371), (0.32, -0.372), (0.321, -0.372), (0.322, -0.372), (0.322, -0.373), (0.323, -0.373), (0.324, -0.373), (0.325, -0.374), (0.326, -0.374), (0.326, -0.374), (0.327, -0.375), (0.328, -0.375), (0.329, -0.375), (0.33, -0.375), (0.33, -0.376), (0.331, -0.376), (0.332, -0.376), (0.333, -0.376), (0.334, -0.377), (0.335, -0.377), (0.335, -0.377), (0.336, -0.377), (0.337, -0.378), (0.338, -0.378), (0.339, -0.378), (0.339, -0.378), (0.34, -0.378), (0.341, -0.379), (0.342, -0.379), (0.343, -0.379), (0.344, -0.379), (0.344, -0.379), (0.345, -0.379), (0.346, -0.379), (0.347, -0.38), (0.348, -0.38), (0.349, -0.38), (0.349, -0.38), (0.35, -0.38), (0.351, -0.38), (0.352, -0.38), (0.353, -0.38), (0.354, -0.381), (0.354, -0.381), (0.355, -0.381)], total_steps=3141
  47th iteration: path_start=[(0.011, -0.173), (0.011, -0.175), (0.011, -0.178), (0.012, -0.182), (0.013, -0.187), (0.013, -0.193), (0.014, -0.199), (0.015, -0.206), (0.016, -0.213), (0.017, -0.222), (0.019, -0.23), (0.02, -0.24), (0.021, -0.25), (0.023, -0.26), (0.024, -0.271), (0.026, -0.282), (0.028, -0.294), (0.029, -0.306), (0.031, -0.318), (0.033, -0.331), (0.035, -0.343), (0.037, -0.357), (0.039, -0.37), (0.041, -0.384), (0.043, -0.398), (0.045, -0.412), (0.047, -0.426), (0.049, -0.44), (0.051, -0.454), (0.054, -0.469), (0.056, -0.483), (0.058, -0.498), (0.06, -0.513), (0.062, -0.528), (0.065, -0.542), (0.067, -0.557), (0.069, -0.572), (0.072, -0.587), (0.074, -0.602), (0.076, -0.617), (0.078, -0.631), (0.081, -0.646), (0.083, -0.661), (0.085, -0.675), (0.088, -0.69), (0.09, -0.704), (0.092, -0.719), (0.095, -0.733), (0.097, -0.747), (0.099, -0.761), (0.102, -0.775), (0.104, -0.789), (0.106, -0.803), (0.108, -0.816), (0.111, -0.83), (0.113, -0.843), (0.115, -0.857), (0.117, -0.87), (0.12, -0.883), (0.122, -0.895), (0.124, -0.908), (0.126, -0.921), (0.128, -0.933), (0.131, -0.945), (0.133, -0.957), (0.135, -0.969), (0.137, -0.981), (0.139, -0.993), (0.141, -1.004), (0.143, -1.015), (0.145, -1.026), (0.148, -1.037), (0.15, -1.048), (0.152, -1.059), (0.154, -1.069), (0.156, -1.08), (0.158, -1.09), (0.16, -1.1), (0.162, -1.11), (0.163, -1.119), (0.165, -1.129), (0.167, -1.138), (0.169, -1.147), (0.171, -1.156), (0.173, -1.165), (0.175, -1.174), (0.177, -1.182), (0.178, -1.191), (0.18, -1.199), (0.182, -1.207), (0.184, -1.215), (0.186, -1.223), (0.187, -1.23), (0.189, -1.238), (0.191, -1.245), (0.192, -1.252), (0.194, -1.259), (0.196, -1.266), (0.197, -1.273), (0.199, -1.279), (0.201, -1.286), (0.202, -1.292), (0.204, -1.298), (0.206, -1.304), (0.207, -1.31), (0.209, -1.315), (0.21, -1.321), (0.212, -1.326), (0.213, -1.332), (0.215, -1.337), (0.216, -1.342), (0.218, -1.347), (0.219, -1.352), (0.221, -1.356), (0.222, -1.361), (0.224, -1.365), (0.225, -1.369), (0.226, -1.373), (0.228, -1.377), (0.229, -1.381), (0.23, -1.385), (0.232, -1.389), (0.233, -1.392), (0.235, -1.396), (0.236, -1.399), (0.237, -1.402), (0.238, -1.405), (0.24, -1.408), (0.241, -1.411), (0.242, -1.414), (0.244, -1.417), (0.245, -1.419), (0.246, -1.422), (0.247, -1.424), (0.249, -1.427), (0.25, -1.429), (0.251, -1.431), (0.252, -1.433), (0.253, -1.435), (0.255, -1.437), (0.256, -1.438), (0.257, -1.44), (0.258, -1.441), (0.259, -1.443), (0.26, -1.444), (0.261, -1.446), (0.263, -1.447), (0.264, -1.448), (0.265, -1.449), (0.266, -1.45), (0.267, -1.451), (0.268, -1.452), (0.269, -1.452), (0.27, -1.453), (0.271, -1.453), (0.272, -1.454), (0.273, -1.454), (0.274, -1.455), (0.275, -1.455), (0.277, -1.455), (0.278, -1.455), (0.279, -1.456), (0.28, -1.456), (0.281, -1.455), (0.282, -1.455), (0.283, -1.455), (0.284, -1.455), (0.285, -1.455), (0.286, -1.454), (0.286, -1.454), (0.287, -1.453), (0.288, -1.453), (0.289, -1.452), (0.29, -1.452), (0.291, -1.451), (0.292, -1.45), (0.293, -1.449), (0.294, -1.448), (0.295, -1.448), (0.296, -1.447), (0.297, -1.446), (0.298, -1.445), (0.299, -1.443), (0.3, -1.442), (0.301, -1.441), (0.301, -1.44), (0.302, -1.438), (0.303, -1.437), (0.304, -1.436), (0.305, -1.434), (0.306, -1.433), (0.307, -1.431), (0.308, -1.43), (0.308, -1.428), (0.309, -1.426), (0.31, -1.425), (0.311, -1.423), (0.312, -1.421), (0.313, -1.419), (0.314, -1.417), (0.314, -1.416), (0.315, -1.414), (0.316, -1.412), (0.317, -1.41), (0.318, -1.408), (0.319, -1.406), (0.319, -1.403), (0.32, -1.401), (0.321, -1.399), (0.322, -1.397), (0.323, -1.395), (0.324, -1.392), (0.324, -1.39), (0.325, -1.388), (0.326, -1.385), (0.327, -1.383), (0.328, -1.38), (0.328, -1.378), (0.329, -1.375), (0.33, -1.373), (0.331, -1.37), (0.332, -1.368), (0.332, -1.365), (0.333, -1.363), (0.334, -1.36), (0.335, -1.357), (0.336, -1.354), (0.336, -1.352), (0.337, -1.349), (0.338, -1.346), (0.339, -1.343), (0.34, -1.34), (0.34, -1.338), (0.341, -1.335), (0.342, -1.332), (0.343, -1.329), (0.343, -1.326), (0.344, -1.323), (0.345, -1.32), (0.346, -1.317), (0.346, -1.314), (0.347, -1.31), (0.348, -1.307), (0.349, -1.304), (0.35, -1.301), (0.35, -1.298), (0.351, -1.295), (0.352, -1.291), (0.353, -1.288), (0.353, -1.285), (0.354, -1.282), (0.355, -1.278), (0.356, -1.275), (0.356, -1.272), (0.357, -1.268), (0.358, -1.265), (0.359, -1.262), (0.359, -1.258), (0.36, -1.255), (0.361, -1.251), (0.362, -1.248), (0.362, -1.244), (0.363, -1.241), (0.364, -1.237), (0.364, -1.234), (0.365, -1.23), (0.366, -1.226), (0.367, -1.223), (0.367, -1.219), (0.368, -1.216), (0.369, -1.212), (0.37, -1.208), (0.37, -1.205), (0.371, -1.201), (0.372, -1.197), (0.373, -1.193), (0.373, -1.19), (0.374, -1.186), (0.375, -1.182), (0.376, -1.178), (0.376, -1.174), (0.377, -1.171), (0.378, -1.167), (0.378, -1.163), (0.379, -1.159), (0.38, -1.155), (0.381, -1.151), (0.381, -1.147), (0.382, -1.143), (0.383, -1.139), (0.383, -1.135), (0.384, -1.131), (0.385, -1.127), (0.386, -1.123), (0.386, -1.119), (0.387, -1.115), (0.388, -1.111), (0.389, -1.107), (0.389, -1.103), (0.39, -1.099), (0.391, -1.095), (0.391, -1.091), (0.392, -1.087), (0.393, -1.083), (0.394, -1.078), (0.394, -1.074), (0.395, -1.07), (0.396, -1.066), (0.396, -1.062), (0.397, -1.057), (0.398, -1.053), (0.399, -1.049), (0.399, -1.045), (0.4, -1.04), (0.401, -1.036), (0.401, -1.032), (0.402, -1.027), (0.403, -1.023), (0.404, -1.019), (0.404, -1.014), (0.405, -1.01), (0.406, -1.006), (0.406, -1.001), (0.407, -0.997), (0.408, -0.992), (0.409, -0.988), (0.409, -0.984), (0.41, -0.979), (0.411, -0.975), (0.411, -0.97), (0.412, -0.966), (0.413, -0.961), (0.413, -0.957), (0.414, -0.952), (0.415, -0.948), (0.416, -0.943), (0.416, -0.939), (0.417, -0.934), (0.418, -0.929), (0.418, -0.925), (0.419, -0.92), (0.42, -0.916), (0.421, -0.911), (0.421, -0.906), (0.422, -0.902), (0.423, -0.897), (0.423, -0.892), (0.424, -0.888), (0.425, -0.883), (0.425, -0.878), (0.426, -0.874), (0.427, -0.869), (0.428, -0.864), (0.428, -0.859), (0.429, -0.855), (0.43, -0.85), (0.43, -0.845), (0.431, -0.84), (0.432, -0.835), (0.432, -0.831), (0.433, -0.826), (0.434, -0.821), (0.435, -0.816), (0.435, -0.811), (0.436, -0.806), (0.437, -0.801), (0.437, -0.797), (0.438, -0.792), (0.439, -0.787), (0.439, -0.782), (0.44, -0.777), (0.441, -0.772), (0.442, -0.767), (0.442, -0.762), (0.443, -0.757), (0.444, -0.752), (0.444, -0.747), (0.445, -0.742), (0.446, -0.737), (0.446, -0.732), (0.447, -0.727), (0.448, -0.722), (0.449, -0.717), (0.449, -0.712), (0.45, -0.707), (0.451, -0.701), (0.451, -0.696), (0.452, -0.691), (0.453, -0.686), (0.453, -0.681), (0.454, -0.676), (0.455, -0.671), (0.455, -0.665), (0.456, -0.66), (0.457, -0.655), (0.458, -0.65), (0.458, -0.645), (0.459, -0.639), (0.46, -0.634), (0.46, -0.629), (0.461, -0.624), (0.462, -0.618), (0.462, -0.613), (0.463, -0.608), (0.464, -0.603), (0.464, -0.597), (0.465, -0.592), (0.466, -0.587), (0.466, -0.581), (0.467, -0.576), (0.468, -0.571), (0.469, -0.565), (0.469, -0.56), (0.47, -0.555), (0.471, -0.549), (0.471, -0.544), (0.472, -0.538), (0.473, -0.533), (0.473, -0.527), (0.474, -0.522), (0.475, -0.517), (0.475, -0.511), (0.476, -0.506), (0.477, -0.5), (0.477, -0.495), (0.478, -0.489), (0.479, -0.484), (0.479, -0.478), (0.48, -0.472), (0.481, -0.467), (0.482, -0.461), (0.482, -0.456), (0.483, -0.45), (0.484, -0.445), (0.484, -0.439), (0.485, -0.433), (0.486, -0.428), (0.486, -0.422), (0.487, -0.417), (0.488, -0.411), (0.488, -0.405), (0.489, -0.4), (0.49, -0.394), (0.49, -0.388), (0.491, -0.382), (0.492, -0.377), (0.492, -0.371), (0.493, -0.365), (0.494, -0.36), (0.494, -0.354), (0.495, -0.348), (0.496, -0.342), (0.496, -0.336), (0.497, -0.331), (0.498, -0.325), (0.498, -0.319), (0.499, -0.313), (0.5, -0.307), (0.5, -0.302), (0.501, -0.296), (0.502, -0.29), (0.502, -0.284), (0.503, -0.278), (0.504, -0.272), (0.504, -0.266), (0.505, -0.26), (0.506, -0.254), (0.506, -0.248), (0.507, -0.243), (0.508, -0.237), (0.508, -0.231), (0.509, -0.225), (0.51, -0.219), (0.51, -0.213), (0.511, -0.207), (0.512, -0.201), (0.512, -0.195), (0.513, -0.189), (0.514, -0.183), (0.514, -0.177), (0.515, -0.17), (0.516, -0.164), (0.516, -0.158), (0.517, -0.152), (0.518, -0.146), (0.518, -0.14), (0.519, -0.134), (0.52, -0.128), (0.52, -0.122), (0.521, -0.115), (0.522, -0.109), (0.522, -0.103), (0.523, -0.097), (0.523, -0.091), (0.524, -0.085), (0.525, -0.078), (0.525, -0.072), (0.526, -0.066), (0.527, -0.06), (0.527, -0.053)], path_end=[(-0.931, 15.727), (-0.925, 15.609), (-0.919, 15.491), (-0.913, 15.373), (-0.907, 15.255), (-0.901, 15.136), (-0.895, 15.018), (-0.889, 14.899), (-0.883, 14.781), (-0.877, 14.662), (-0.871, 14.544), (-0.866, 14.425), (-0.86, 14.306), (-0.854, 14.187), (-0.848, 14.069), (-0.842, 13.95), (-0.836, 13.831), (-0.83, 13.713), (-0.824, 13.594), (-0.818, 13.476), (-0.812, 13.357), (-0.806, 13.239), (-0.8, 13.121), (-0.794, 13.002), (-0.788, 12.884), (-0.782, 12.766), (-0.776, 12.649), (-0.77, 12.531), (-0.764, 12.414), (-0.758, 12.296), (-0.752, 12.179), (-0.746, 12.062), (-0.74, 11.945), (-0.734, 11.829), (-0.728, 11.713), (-0.722, 11.597), (-0.716, 11.481), (-0.71, 11.365), (-0.704, 11.25), (-0.699, 11.135), (-0.693, 11.02), (-0.687, 10.906), (-0.681, 10.792), (-0.675, 10.678), (-0.669, 10.565), (-0.663, 10.451), (-0.658, 10.339), (-0.652, 10.226), (-0.646, 10.114), (-0.64, 10.002), (-0.635, 9.891), (-0.629, 9.78), (-0.623, 9.669), (-0.617, 9.559), (-0.612, 9.449), (-0.606, 9.34), (-0.6, 9.231), (-0.595, 9.123), (-0.589, 9.015), (-0.584, 8.907), (-0.578, 8.8), (-0.572, 8.693), (-0.567, 8.587), (-0.561, 8.481), (-0.556, 8.376), (-0.55, 8.271), (-0.545, 8.167), (-0.54, 8.063), (-0.534, 7.96), (-0.529, 7.857), (-0.523, 7.755), (-0.518, 7.654), (-0.513, 7.552), (-0.507, 7.452), (-0.502, 7.352), (-0.497, 7.252), (-0.492, 7.153), (-0.487, 7.055), (-0.481, 6.957), (-0.476, 6.86), (-0.471, 6.763), (-0.466, 6.667), (-0.461, 6.572), (-0.456, 6.477), (-0.451, 6.382), (-0.446, 6.289), (-0.441, 6.195), (-0.436, 6.103), (-0.431, 6.011), (-0.426, 5.92), (-0.422, 5.829), (-0.417, 5.739), (-0.412, 5.649), (-0.407, 5.56), (-0.403, 5.472), (-0.398, 5.385), (-0.393, 5.298), (-0.389, 5.211), (-0.384, 5.125), (-0.379, 5.04), (-0.375, 4.956), (-0.37, 4.872), (-0.366, 4.789), (-0.361, 4.706), (-0.357, 4.624), (-0.353, 4.543), (-0.348, 4.462), (-0.344, 4.382), (-0.339, 4.303), (-0.335, 4.224), (-0.331, 4.146), (-0.327, 4.069), (-0.323, 3.992), (-0.318, 3.916), (-0.314, 3.841), (-0.31, 3.766), (-0.306, 3.692), (-0.302, 3.618), (-0.298, 3.545), (-0.294, 3.473), (-0.29, 3.401), (-0.286, 3.33), (-0.282, 3.26), (-0.278, 3.19), (-0.275, 3.121), (-0.271, 3.053), (-0.267, 2.985), (-0.263, 2.918), (-0.26, 2.852), (-0.256, 2.786), (-0.252, 2.721), (-0.249, 2.656), (-0.245, 2.592), (-0.242, 2.529), (-0.238, 2.466), (-0.234, 2.404), (-0.231, 2.343), (-0.228, 2.282), (-0.224, 2.222), (-0.221, 2.162), (-0.217, 2.103), (-0.214, 2.045), (-0.211, 1.987), (-0.208, 1.93), (-0.204, 1.873), (-0.201, 1.817), (-0.198, 1.762), (-0.195, 1.707), (-0.192, 1.653), (-0.188, 1.599), (-0.185, 1.546), (-0.182, 1.494), (-0.179, 1.442), (-0.176, 1.391), (-0.173, 1.34), (-0.17, 1.29), (-0.168, 1.24), (-0.165, 1.191), (-0.162, 1.143), (-0.159, 1.095), (-0.156, 1.048), (-0.153, 1.001), (-0.151, 0.955), (-0.148, 0.909), (-0.145, 0.864), (-0.143, 0.819), (-0.14, 0.775), (-0.137, 0.732), (-0.135, 0.689), (-0.132, 0.646), (-0.13, 0.604), (-0.127, 0.563), (-0.125, 0.522), (-0.122, 0.481), (-0.12, 0.441), (-0.117, 0.402), (-0.115, 0.363), (-0.112, 0.324), (-0.11, 0.286), (-0.108, 0.249), (-0.105, 0.212), (-0.103, 0.175), (-0.101, 0.139), (-0.098, 0.103), (-0.096, 0.068), (-0.094, 0.033), (-0.092, -0.001), (-0.09, -0.035), (-0.088, -0.068), (-0.085, -0.101), (-0.083, -0.133), (-0.081, -0.165), (-0.079, -0.197), (-0.077, -0.228), (-0.075, -0.259), (-0.073, -0.289), (-0.071, -0.319), (-0.069, -0.349), (-0.067, -0.378), (-0.065, -0.407), (-0.063, -0.435), (-0.062, -0.463), (-0.06, -0.491), (-0.058, -0.518), (-0.056, -0.545), (-0.054, -0.571), (-0.052, -0.597), (-0.051, -0.623), (-0.049, -0.648), (-0.047, -0.673), (-0.045, -0.698), (-0.044, -0.722), (-0.042, -0.746), (-0.04, -0.769), (-0.039, -0.793), (-0.037, -0.816), (-0.035, -0.838), (-0.034, -0.86), (-0.032, -0.882), (-0.03, -0.904), (-0.029, -0.925), (-0.027, -0.946), (-0.026, -0.966), (-0.024, -0.987), (-0.023, -1.007), (-0.021, -1.026), (-0.02, -1.046), (-0.018, -1.065), (-0.017, -1.084), (-0.015, -1.102), (-0.014, -1.12), (-0.013, -1.138), (-0.011, -1.156), (-0.01, -1.173), (-0.008, -1.191), (-0.007, -1.207), (-0.006, -1.224), (-0.004, -1.24), (-0.003, -1.256), (-0.002, -1.272), (-0.0, -1.288), (0.001, -1.303), (0.002, -1.318), (0.003, -1.333), (0.005, -1.348), (0.006, -1.362), (0.007, -1.376), (0.008, -1.39), (0.01, -1.404), (0.011, -1.417), (0.012, -1.431), (0.013, -1.444), (0.014, -1.456), (0.016, -1.469), (0.017, -1.481), (0.018, -1.494), (0.019, -1.506), (0.02, -1.517), (0.021, -1.529), (0.022, -1.54), (0.024, -1.552), (0.025, -1.563), (0.026, -1.573), (0.027, -1.584), (0.028, -1.594), (0.029, -1.605), (0.03, -1.615), (0.031, -1.625), (0.032, -1.635), (0.033, -1.644), (0.034, -1.654), (0.035, -1.663), (0.036, -1.672), (0.037, -1.681), (0.038, -1.69), (0.039, -1.698), (0.04, -1.707), (0.041, -1.715), (0.042, -1.723), (0.043, -1.731), (0.044, -1.739), (0.045, -1.747), (0.046, -1.754), (0.047, -1.762), (0.048, -1.769), (0.049, -1.776), (0.05, -1.783), (0.05, -1.79), (0.051, -1.797), (0.052, -1.804), (0.053, -1.81), (0.054, -1.817), (0.055, -1.823), (0.056, -1.829), (0.057, -1.835), (0.057, -1.841), (0.058, -1.847), (0.059, -1.853), (0.06, -1.859), (0.061, -1.864), (0.062, -1.869), (0.063, -1.875), (0.063, -1.88), (0.064, -1.885), (0.065, -1.89), (0.066, -1.895), (0.067, -1.9), (0.067, -1.904), (0.068, -1.909), (0.069, -1.914), (0.07, -1.918), (0.071, -1.922), (0.071, -1.926), (0.072, -1.931), (0.073, -1.935), (0.074, -1.939), (0.075, -1.943), (0.075, -1.946), (0.076, -1.95), (0.077, -1.954), (0.078, -1.957), (0.078, -1.961), (0.079, -1.964), (0.08, -1.968), (0.081, -1.971), (0.081, -1.974), (0.082, -1.977), (0.083, -1.98), (0.084, -1.983), (0.084, -1.986), (0.085, -1.989), (0.086, -1.992), (0.087, -1.994), (0.087, -1.997), (0.088, -2.0), (0.089, -2.002), (0.089, -2.005), (0.09, -2.007), (0.091, -2.009), (0.092, -2.012), (0.092, -2.014), (0.093, -2.016), (0.094, -2.018), (0.094, -2.02), (0.095, -2.022), (0.096, -2.024), (0.096, -2.026), (0.097, -2.028), (0.098, -2.03), (0.098, -2.032), (0.099, -2.033), (0.1, -2.035), (0.101, -2.037), (0.101, -2.038), (0.102, -2.04), (0.103, -2.041), (0.103, -2.042), (0.104, -2.044), (0.105, -2.045), (0.105, -2.046), (0.106, -2.048), (0.107, -2.049), (0.107, -2.05), (0.108, -2.051), (0.109, -2.052), (0.109, -2.053), (0.11, -2.054), (0.111, -2.055), (0.111, -2.056), (0.112, -2.057), (0.113, -2.058), (0.113, -2.059), (0.114, -2.06), (0.114, -2.06), (0.115, -2.061), (0.116, -2.062), (0.116, -2.062), (0.117, -2.063), (0.118, -2.064), (0.118, -2.064), (0.119, -2.065), (0.12, -2.065), (0.12, -2.066), (0.121, -2.066), (0.122, -2.066), (0.122, -2.067), (0.123, -2.067), (0.123, -2.067), (0.124, -2.068), (0.125, -2.068), (0.125, -2.068), (0.126, -2.068), (0.127, -2.068), (0.127, -2.069), (0.128, -2.069), (0.128, -2.069), (0.129, -2.069), (0.13, -2.069), (0.13, -2.069), (0.131, -2.069), (0.132, -2.069), (0.132, -2.069), (0.133, -2.069), (0.133, -2.069), (0.134, -2.069), (0.135, -2.068), (0.135, -2.068), (0.136, -2.068), (0.137, -2.068), (0.137, -2.068), (0.138, -2.067), (0.138, -2.067), (0.139, -2.067), (0.14, -2.066), (0.14, -2.066), (0.141, -2.066), (0.142, -2.065), (0.142, -2.065), (0.143, -2.065), (0.143, -2.064), (0.144, -2.064), (0.145, -2.063), (0.145, -2.063), (0.146, -2.062), (0.146, -2.062), (0.147, -2.061), (0.148, -2.061), (0.148, -2.06), (0.149, -2.059), (0.15, -2.059), (0.15, -2.058), (0.151, -2.057), (0.151, -2.057), (0.152, -2.056), (0.153, -2.055), (0.153, -2.055), (0.154, -2.054), (0.154, -2.053), (0.155, -2.053), (0.156, -2.052), (0.156, -2.051), (0.157, -2.05), (0.157, -2.049), (0.158, -2.048), (0.159, -2.048), (0.159, -2.047), (0.16, -2.046), (0.16, -2.045), (0.161, -2.044), (0.162, -2.043), (0.162, -2.042), (0.163, -2.041), (0.164, -2.04), (0.164, -2.039), (0.165, -2.038), (0.165, -2.037), (0.166, -2.036), (0.167, -2.035), (0.167, -2.034), (0.168, -2.033), (0.168, -2.032), (0.169, -2.031), (0.17, -2.03), (0.17, -2.029), (0.171, -2.028), (0.171, -2.027), (0.172, -2.025), (0.173, -2.024), (0.173, -2.023), (0.174, -2.022), (0.175, -2.021), (0.175, -2.02), (0.176, -2.018), (0.176, -2.017), (0.177, -2.016), (0.178, -2.015), (0.178, -2.013), (0.179, -2.012), (0.179, -2.011), (0.18, -2.01), (0.181, -2.008), (0.181, -2.007), (0.182, -2.006), (0.182, -2.004), (0.183, -2.003), (0.184, -2.001), (0.184, -2.0), (0.185, -1.999), (0.185, -1.997), (0.186, -1.996), (0.187, -1.995), (0.187, -1.993), (0.188, -1.992), (0.189, -1.99), (0.189, -1.989), (0.19, -1.987), (0.19, -1.986), (0.191, -1.984), (0.192, -1.983), (0.192, -1.981)], total_steps=3141
  49th iteration: path_start=[(0.011, -0.172), (0.011, -0.172), (0.01, -0.172), (0.01, -0.171), (0.01, -0.171), (0.01, -0.17), (0.01, -0.169), (0.01, -0.168), (0.01, -0.168), (0.01, -0.167), (0.01, -0.166), (0.01, -0.164), (0.01, -0.163), (0.01, -0.162), (0.01, -0.161), (0.01, -0.159), (0.009, -0.158), (0.009, -0.157), (0.009, -0.155), (0.009, -0.154), (0.009, -0.152), (0.009, -0.151), (0.009, -0.149), (0.009, -0.147), (0.009, -0.146), (0.008, -0.144), (0.008, -0.142), (0.008, -0.141), (0.008, -0.139), (0.008, -0.137), (0.008, -0.136), (0.008, -0.134), (0.008, -0.132), (0.008, -0.13), (0.007, -0.129), (0.007, -0.127), (0.007, -0.125), (0.007, -0.124), (0.007, -0.122), (0.007, -0.12), (0.007, -0.118), (0.007, -0.117), (0.007, -0.115), (0.007, -0.113), (0.007, -0.111), (0.006, -0.11), (0.006, -0.108), (0.006, -0.106), (0.006, -0.105), (0.006, -0.103), (0.006, -0.101), (0.006, -0.1), (0.006, -0.098), (0.006, -0.097), (0.006, -0.095), (0.006, -0.094), (0.006, -0.092), (0.006, -0.09), (0.006, -0.089), (0.006, -0.087), (0.006, -0.086), (0.006, -0.085), (0.006, -0.083), (0.006, -0.082), (0.006, -0.08), (0.006, -0.079), (0.005, -0.077), (0.005, -0.076), (0.005, -0.075), (0.005, -0.073), (0.005, -0.072), (0.005, -0.071), (0.005, -0.07), (0.005, -0.068), (0.006, -0.067), (0.006, -0.066), (0.006, -0.065), (0.006, -0.064), (0.006, -0.063), (0.006, -0.061), (0.006, -0.06), (0.006, -0.059), (0.006, -0.058), (0.006, -0.057), (0.006, -0.056), (0.006, -0.055), (0.006, -0.054), (0.006, -0.053), (0.006, -0.052), (0.006, -0.051), (0.006, -0.05), (0.006, -0.05), (0.006, -0.049), (0.006, -0.048), (0.006, -0.047), (0.006, -0.046), (0.007, -0.045), (0.007, -0.045), (0.007, -0.044), (0.007, -0.043), (0.007, -0.042), (0.007, -0.042), (0.007, -0.041), (0.007, -0.04), (0.007, -0.04), (0.007, -0.039), (0.008, -0.038), (0.008, -0.038), (0.008, -0.037), (0.008, -0.036), (0.008, -0.036), (0.008, -0.035), (0.008, -0.035), (0.008, -0.034), (0.008, -0.034), (0.009, -0.033), (0.009, -0.033), (0.009, -0.032), (0.009, -0.032), (0.009, -0.031), (0.009, -0.031), (0.009, -0.03), (0.009, -0.03), (0.01, -0.03), (0.01, -0.029), (0.01, -0.029), (0.01, -0.029), (0.01, -0.028), (0.01, -0.028), (0.011, -0.028), (0.011, -0.027), (0.011, -0.027), (0.011, -0.027), (0.011, -0.026), (0.011, -0.026), (0.011, -0.026), (0.012, -0.026), (0.012, -0.025), (0.012, -0.025), (0.012, -0.025), (0.012, -0.025), (0.013, -0.025), (0.013, -0.024), (0.013, -0.024), (0.013, -0.024), (0.013, -0.024), (0.013, -0.024), (0.014, -0.024), (0.014, -0.023), (0.014, -0.023), (0.014, -0.023), (0.014, -0.023), (0.015, -0.023), (0.015, -0.023), (0.015, -0.023), (0.015, -0.023), (0.015, -0.023), (0.016, -0.023), (0.016, -0.023), (0.016, -0.023), (0.016, -0.023), (0.016, -0.023), (0.017, -0.023), (0.017, -0.023), (0.017, -0.022), (0.017, -0.022), (0.017, -0.023), (0.018, -0.023), (0.018, -0.023), (0.018, -0.023), (0.018, -0.023), (0.018, -0.023), (0.019, -0.023), (0.019, -0.023), (0.019, -0.023), (0.019, -0.023), (0.02, -0.023), (0.02, -0.023), (0.02, -0.023), (0.02, -0.023), (0.021, -0.023), (0.021, -0.023), (0.021, -0.023), (0.021, -0.024), (0.021, -0.024), (0.022, -0.024), (0.022, -0.024), (0.022, -0.024), (0.022, -0.024), (0.023, -0.024), (0.023, -0.024), (0.023, -0.024), (0.023, -0.025), (0.024, -0.025), (0.024, -0.025), (0.024, -0.025), (0.024, -0.025), (0.025, -0.025), (0.025, -0.026), (0.025, -0.026), (0.025, -0.026), (0.026, -0.026), (0.026, -0.026), (0.026, -0.026), (0.026, -0.027), (0.027, -0.027), (0.027, -0.027), (0.027, -0.027), (0.027, -0.027), (0.028, -0.028), (0.028, -0.028), (0.028, -0.028), (0.028, -0.028), (0.029, -0.028), (0.029, -0.029), (0.029, -0.029), (0.03, -0.029), (0.03, -0.029), (0.03, -0.029), (0.03, -0.03), (0.031, -0.03), (0.031, -0.03), (0.031, -0.03), (0.031, -0.031), (0.032, -0.031), (0.032, -0.031), (0.032, -0.031), (0.033, -0.032), (0.033, -0.032), (0.033, -0.032), (0.033, -0.032), (0.034, -0.033), (0.034, -0.033), (0.034, -0.033), (0.035, -0.033), (0.035, -0.034), (0.035, -0.034), (0.035, -0.034), (0.036, -0.034), (0.036, -0.035), (0.036, -0.035), (0.037, -0.035), (0.037, -0.035), (0.037, -0.036), (0.038, -0.036), (0.038, -0.036), (0.038, -0.036), (0.038, -0.037), (0.039, -0.037), (0.039, -0.037), (0.039, -0.038), (0.04, -0.038), (0.04, -0.038), (0.04, -0.038), (0.041, -0.039), (0.041, -0.039), (0.041, -0.039), (0.042, -0.04), (0.042, -0.04), (0.042, -0.04), (0.042, -0.04), (0.043, -0.041), (0.043, -0.041), (0.043, -0.041), (0.044, -0.042), (0.044, -0.042), (0.044, -0.042), (0.045, -0.043), (0.045, -0.043), (0.045, -0.043), (0.046, -0.043), (0.046, -0.044), (0.046, -0.044), (0.047, -0.044), (0.047, -0.045), (0.047, -0.045), (0.048, -0.045), (0.048, -0.046), (0.048, -0.046), (0.049, -0.046), (0.049, -0.046), (0.049, -0.047), (0.05, -0.047), (0.05, -0.047), (0.05, -0.048), (0.051, -0.048), (0.051, -0.048), (0.051, -0.049), (0.052, -0.049), (0.052, -0.049), (0.052, -0.05), (0.053, -0.05), (0.053, -0.05), (0.053, -0.051), (0.054, -0.051), (0.054, -0.051), (0.055, -0.051), (0.055, -0.052), (0.055, -0.052), (0.056, -0.052), (0.056, -0.053), (0.056, -0.053), (0.057, -0.053), (0.057, -0.054), (0.057, -0.054), (0.058, -0.054), (0.058, -0.055), (0.058, -0.055), (0.059, -0.055), (0.059, -0.056), (0.06, -0.056), (0.06, -0.056), (0.06, -0.057), (0.061, -0.057), (0.061, -0.057), (0.061, -0.058), (0.062, -0.058), (0.062, -0.058), (0.063, -0.059), (0.063, -0.059), (0.063, -0.059), (0.064, -0.06), (0.064, -0.06), (0.064, -0.06), (0.065, -0.061), (0.065, -0.061), (0.066, -0.061), (0.066, -0.062), (0.066, -0.062), (0.067, -0.062), (0.067, -0.063), (0.067, -0.063), (0.068, -0.063), (0.068, -0.064), (0.069, -0.064), (0.069, -0.064), (0.069, -0.065), (0.07, -0.065), (0.07, -0.065), (0.071, -0.066), (0.071, -0.066), (0.071, -0.066), (0.072, -0.067), (0.072, -0.067), (0.073, -0.067), (0.073, -0.068), (0.073, -0.068), (0.074, -0.068), (0.074, -0.069), (0.074, -0.069), (0.075, -0.069), (0.075, -0.07), (0.076, -0.07), (0.076, -0.07), (0.076, -0.071), (0.077, -0.071), (0.077, -0.071), (0.078, -0.072), (0.078, -0.072), (0.078, -0.072), (0.079, -0.073), (0.079, -0.073), (0.08, -0.073), (0.08, -0.074), (0.081, -0.074), (0.081, -0.074), (0.081, -0.075), (0.082, -0.075), (0.082, -0.075), (0.083, -0.076), (0.083, -0.076), (0.083, -0.076), (0.084, -0.077), (0.084, -0.077), (0.085, -0.077), (0.085, -0.078), (0.085, -0.078), (0.086, -0.078), (0.086, -0.079), (0.087, -0.079), (0.087, -0.079), (0.087, -0.08), (0.088, -0.08), (0.088, -0.08), (0.089, -0.081), (0.089, -0.081), (0.09, -0.081), (0.09, -0.082), (0.09, -0.082), (0.091, -0.082), (0.091, -0.083), (0.092, -0.083), (0.092, -0.083), (0.092, -0.084), (0.093, -0.084), (0.093, -0.084), (0.094, -0.085), (0.094, -0.085), (0.095, -0.085), (0.095, -0.086), (0.095, -0.086), (0.096, -0.087), (0.096, -0.087), (0.097, -0.087), (0.097, -0.088), (0.098, -0.088), (0.098, -0.088), (0.098, -0.089), (0.099, -0.089), (0.099, -0.089), (0.1, -0.09), (0.1, -0.09), (0.1, -0.09), (0.101, -0.091), (0.101, -0.091), (0.102, -0.091), (0.102, -0.092), (0.103, -0.092), (0.103, -0.092), (0.103, -0.093), (0.104, -0.093), (0.104, -0.093), (0.105, -0.094), (0.105, -0.094), (0.106, -0.094), (0.106, -0.095), (0.106, -0.095), (0.107, -0.096), (0.107, -0.096), (0.108, -0.096), (0.108, -0.097), (0.108, -0.097), (0.109, -0.097), (0.109, -0.098), (0.11, -0.098), (0.11, -0.098), (0.111, -0.099), (0.111, -0.099), (0.111, -0.099), (0.112, -0.1), (0.112, -0.1), (0.113, -0.1), (0.113, -0.101), (0.113, -0.101), (0.114, -0.102), (0.114, -0.102), (0.115, -0.102), (0.115, -0.103), (0.116, -0.103), (0.116, -0.103), (0.116, -0.104), (0.117, -0.104), (0.117, -0.104), (0.118, -0.105), (0.118, -0.105), (0.118, -0.105), (0.119, -0.106), (0.119, -0.106), (0.12, -0.106), (0.12, -0.107), (0.12, -0.107), (0.121, -0.108), (0.121, -0.108), (0.122, -0.108), (0.122, -0.109), (0.122, -0.109), (0.123, -0.109), (0.123, -0.11), (0.124, -0.11), (0.124, -0.11), (0.124, -0.111), (0.125, -0.111), (0.125, -0.111), (0.126, -0.112), (0.126, -0.112), (0.126, -0.113), (0.127, -0.113), (0.127, -0.113), (0.128, -0.114), (0.128, -0.114), (0.128, -0.114), (0.129, -0.115), (0.129, -0.115), (0.13, -0.115), (0.13, -0.116), (0.13, -0.116), (0.131, -0.117), (0.131, -0.117), (0.132, -0.117), (0.132, -0.118), (0.132, -0.118), (0.133, -0.118), (0.133, -0.119), (0.134, -0.119), (0.134, -0.119), (0.134, -0.12), (0.135, -0.12), (0.135, -0.121), (0.135, -0.121), (0.136, -0.121)], path_end=[(0.186, -0.102), (0.184, -0.1), (0.182, -0.097), (0.179, -0.095), (0.177, -0.093), (0.174, -0.09), (0.172, -0.088), (0.17, -0.086), (0.167, -0.084), (0.165, -0.081), (0.163, -0.079), (0.16, -0.077), (0.158, -0.075), (0.155, -0.072), (0.153, -0.07), (0.151, -0.068), (0.148, -0.066), (0.146, -0.063), (0.144, -0.061), (0.141, -0.059), (0.139, -0.057), (0.137, -0.055), (0.134, -0.052), (0.132, -0.05), (0.13, -0.048), (0.127, -0.046), (0.125, -0.044), (0.123, -0.041), (0.12, -0.039), (0.118, -0.037), (0.116, -0.035), (0.114, -0.033), (0.111, -0.031), (0.109, -0.029), (0.107, -0.026), (0.105, -0.024), (0.102, -0.022), (0.1, -0.02), (0.098, -0.018), (0.096, -0.016), (0.094, -0.014), (0.091, -0.012), (0.089, -0.01), (0.087, -0.008), (0.085, -0.006), (0.083, -0.004), (0.081, -0.002), (0.079, 0.0), (0.076, 0.002), (0.074, 0.004), (0.072, 0.006), (0.07, 0.008), (0.068, 0.01), (0.066, 0.012), (0.064, 0.014), (0.062, 0.016), (0.06, 0.018), (0.058, 0.02), (0.056, 0.022), (0.054, 0.023), (0.052, 0.025), (0.05, 0.027), (0.048, 0.029), (0.046, 0.031), (0.044, 0.033), (0.042, 0.034), (0.04, 0.036), (0.039, 0.038), (0.037, 0.04), (0.035, 0.041), (0.033, 0.043), (0.031, 0.045), (0.029, 0.047), (0.027, 0.048), (0.026, 0.05), (0.024, 0.052), (0.022, 0.053), (0.02, 0.055), (0.019, 0.056), (0.017, 0.058), (0.015, 0.06), (0.014, 0.061), (0.012, 0.063), (0.01, 0.064), (0.009, 0.066), (0.007, 0.067), (0.005, 0.069), (0.004, 0.07), (0.002, 0.072), (0.0, 0.073), (-0.001, 0.075), (-0.003, 0.076), (-0.004, 0.078), (-0.006, 0.079), (-0.007, 0.08), (-0.009, 0.082), (-0.01, 0.083), (-0.012, 0.085), (-0.013, 0.086), (-0.015, 0.087), (-0.016, 0.088), (-0.017, 0.09), (-0.019, 0.091), (-0.02, 0.092), (-0.022, 0.094), (-0.023, 0.095), (-0.024, 0.096), (-0.026, 0.097), (-0.027, 0.098), (-0.028, 0.1), (-0.029, 0.101), (-0.031, 0.102), (-0.032, 0.103), (-0.033, 0.104), (-0.034, 0.105), (-0.036, 0.106), (-0.037, 0.107), (-0.038, 0.108), (-0.039, 0.11), (-0.04, 0.111), (-0.041, 0.112), (-0.043, 0.113), (-0.044, 0.114), (-0.045, 0.115), (-0.046, 0.116), (-0.047, 0.116), (-0.048, 0.117), (-0.049, 0.118), (-0.05, 0.119), (-0.051, 0.12), (-0.052, 0.121), (-0.053, 0.122), (-0.054, 0.123), (-0.055, 0.124), (-0.056, 0.124), (-0.057, 0.125), (-0.058, 0.126), (-0.059, 0.127), (-0.059, 0.128), (-0.06, 0.128), (-0.061, 0.129), (-0.062, 0.13), (-0.063, 0.13), (-0.064, 0.131), (-0.064, 0.132), (-0.065, 0.133), (-0.066, 0.133), (-0.067, 0.134), (-0.068, 0.135), (-0.068, 0.135), (-0.069, 0.136), (-0.07, 0.136), (-0.07, 0.137), (-0.071, 0.138), (-0.072, 0.138), (-0.072, 0.139), (-0.073, 0.139), (-0.074, 0.14), (-0.074, 0.14), (-0.075, 0.141), (-0.076, 0.141), (-0.076, 0.142), (-0.077, 0.142), (-0.077, 0.143), (-0.078, 0.143), (-0.078, 0.144), (-0.079, 0.144), (-0.08, 0.144), (-0.08, 0.145), (-0.081, 0.145), (-0.081, 0.146), (-0.082, 0.146), (-0.082, 0.146), (-0.082, 0.147), (-0.083, 0.147), (-0.083, 0.147), (-0.084, 0.148), (-0.084, 0.148), (-0.085, 0.148), (-0.085, 0.149), (-0.085, 0.149), (-0.086, 0.149), (-0.086, 0.149), (-0.087, 0.15), (-0.087, 0.15), (-0.087, 0.15), (-0.088, 0.15), (-0.088, 0.15), (-0.088, 0.151), (-0.089, 0.151), (-0.089, 0.151), (-0.089, 0.151), (-0.089, 0.151), (-0.09, 0.152), (-0.09, 0.152), (-0.09, 0.152), (-0.09, 0.152), (-0.091, 0.152), (-0.091, 0.152), (-0.091, 0.152), (-0.091, 0.152), (-0.092, 0.153), (-0.092, 0.153), (-0.092, 0.153), (-0.092, 0.153), (-0.092, 0.153), (-0.092, 0.153), (-0.093, 0.153), (-0.093, 0.153), (-0.093, 0.153), (-0.093, 0.153), (-0.093, 0.153), (-0.093, 0.153), (-0.093, 0.153), (-0.093, 0.153), (-0.094, 0.153), (-0.094, 0.153), (-0.094, 0.153), (-0.094, 0.153), (-0.094, 0.153), (-0.094, 0.153), (-0.094, 0.153), (-0.094, 0.153), (-0.094, 0.153), (-0.094, 0.153), (-0.094, 0.153), (-0.094, 0.152), (-0.094, 0.152), (-0.094, 0.152), (-0.094, 0.152), (-0.094, 0.152), (-0.094, 0.152), (-0.094, 0.152), (-0.094, 0.152), (-0.094, 0.152), (-0.094, 0.151), (-0.094, 0.151), (-0.094, 0.151), (-0.094, 0.151), (-0.094, 0.151), (-0.094, 0.151), (-0.094, 0.151), (-0.094, 0.15), (-0.094, 0.15), (-0.094, 0.15), (-0.094, 0.15), (-0.094, 0.15), (-0.094, 0.149), (-0.093, 0.149), (-0.093, 0.149), (-0.093, 0.149), (-0.093, 0.149), (-0.093, 0.148), (-0.093, 0.148), (-0.093, 0.148), (-0.093, 0.148), (-0.093, 0.148), (-0.093, 0.147), (-0.092, 0.147), (-0.092, 0.147), (-0.092, 0.147), (-0.092, 0.146), (-0.092, 0.146), (-0.092, 0.146), (-0.092, 0.146), (-0.091, 0.145), (-0.091, 0.145), (-0.091, 0.145), (-0.091, 0.145), (-0.091, 0.144), (-0.091, 0.144), (-0.09, 0.144), (-0.09, 0.143), (-0.09, 0.143), (-0.09, 0.143), (-0.09, 0.143), (-0.09, 0.142), (-0.089, 0.142), (-0.089, 0.142), (-0.089, 0.141), (-0.089, 0.141), (-0.089, 0.141), (-0.088, 0.141), (-0.088, 0.14), (-0.088, 0.14), (-0.088, 0.14), (-0.088, 0.139), (-0.087, 0.139), (-0.087, 0.139), (-0.087, 0.138), (-0.087, 0.138), (-0.086, 0.138), (-0.086, 0.137), (-0.086, 0.137), (-0.086, 0.137), (-0.086, 0.136), (-0.085, 0.136), (-0.085, 0.136), (-0.085, 0.135), (-0.085, 0.135), (-0.084, 0.135), (-0.084, 0.134), (-0.084, 0.134), (-0.084, 0.134), (-0.083, 0.133), (-0.083, 0.133), (-0.083, 0.133), (-0.083, 0.132), (-0.082, 0.132), (-0.082, 0.131), (-0.082, 0.131), (-0.082, 0.131), (-0.081, 0.13), (-0.081, 0.13), (-0.081, 0.13), (-0.081, 0.129), (-0.08, 0.129), (-0.08, 0.129), (-0.08, 0.128), (-0.08, 0.128), (-0.079, 0.127), (-0.079, 0.127), (-0.079, 0.127), (-0.079, 0.126), (-0.078, 0.126), (-0.078, 0.126), (-0.078, 0.125), (-0.077, 0.125), (-0.077, 0.124), (-0.077, 0.124), (-0.077, 0.124), (-0.076, 0.123), (-0.076, 0.123), (-0.076, 0.122), (-0.075, 0.122), (-0.075, 0.122), (-0.075, 0.121), (-0.075, 0.121), (-0.074, 0.121), (-0.074, 0.12), (-0.074, 0.12), (-0.073, 0.119), (-0.073, 0.119), (-0.073, 0.119), (-0.073, 0.118), (-0.072, 0.118), (-0.072, 0.117), (-0.072, 0.117), (-0.071, 0.117), (-0.071, 0.116), (-0.071, 0.116), (-0.071, 0.115), (-0.07, 0.115), (-0.07, 0.115), (-0.07, 0.114), (-0.069, 0.114), (-0.069, 0.113), (-0.069, 0.113), (-0.069, 0.113), (-0.068, 0.112), (-0.068, 0.112), (-0.068, 0.111), (-0.067, 0.111), (-0.067, 0.111), (-0.067, 0.11), (-0.066, 0.11), (-0.066, 0.109), (-0.066, 0.109), (-0.066, 0.109), (-0.065, 0.108), (-0.065, 0.108), (-0.065, 0.107), (-0.064, 0.107), (-0.064, 0.107), (-0.064, 0.106), (-0.063, 0.106), (-0.063, 0.105), (-0.063, 0.105), (-0.063, 0.105), (-0.062, 0.104), (-0.062, 0.104), (-0.062, 0.103), (-0.061, 0.103), (-0.061, 0.102), (-0.061, 0.102), (-0.06, 0.102), (-0.06, 0.101), (-0.06, 0.101), (-0.06, 0.1), (-0.059, 0.1), (-0.059, 0.1), (-0.059, 0.099), (-0.058, 0.099), (-0.058, 0.098), (-0.058, 0.098), (-0.057, 0.098), (-0.057, 0.097), (-0.057, 0.097), (-0.057, 0.096), (-0.056, 0.096), (-0.056, 0.096), (-0.056, 0.095), (-0.055, 0.095), (-0.055, 0.094), (-0.055, 0.094), (-0.055, 0.094), (-0.054, 0.093), (-0.054, 0.093), (-0.054, 0.092), (-0.053, 0.092), (-0.053, 0.092), (-0.053, 0.091), (-0.052, 0.091), (-0.052, 0.09), (-0.052, 0.09), (-0.052, 0.09), (-0.051, 0.089), (-0.051, 0.089), (-0.051, 0.088), (-0.05, 0.088), (-0.05, 0.088), (-0.05, 0.087), (-0.049, 0.087), (-0.049, 0.086), (-0.049, 0.086), (-0.049, 0.085), (-0.048, 0.085), (-0.048, 0.085), (-0.048, 0.084), (-0.047, 0.084), (-0.047, 0.083), (-0.047, 0.083), (-0.047, 0.083), (-0.046, 0.082), (-0.046, 0.082), (-0.046, 0.081), (-0.045, 0.081), (-0.045, 0.081), (-0.045, 0.08), (-0.044, 0.08), (-0.044, 0.079), (-0.044, 0.079), (-0.044, 0.079), (-0.043, 0.078), (-0.043, 0.078), (-0.043, 0.077), (-0.042, 0.077), (-0.042, 0.077), (-0.042, 0.076), (-0.042, 0.076), (-0.041, 0.075), (-0.041, 0.075), (-0.041, 0.075), (-0.04, 0.074), (-0.04, 0.074), (-0.04, 0.074), (-0.04, 0.073), (-0.039, 0.073), (-0.039, 0.072), (-0.039, 0.072), (-0.038, 0.072), (-0.038, 0.071), (-0.038, 0.071), (-0.038, 0.07), (-0.037, 0.07), (-0.037, 0.07), (-0.037, 0.069), (-0.036, 0.069), (-0.036, 0.068), (-0.036, 0.068), (-0.036, 0.068), (-0.035, 0.067), (-0.035, 0.067), (-0.035, 0.066), (-0.034, 0.066), (-0.034, 0.066), (-0.034, 0.065), (-0.034, 0.065), (-0.033, 0.064), (-0.033, 0.064), (-0.033, 0.064), (-0.033, 0.063), (-0.032, 0.063), (-0.032, 0.063), (-0.032, 0.062), (-0.031, 0.062), (-0.031, 0.061), (-0.031, 0.061), (-0.031, 0.061), (-0.03, 0.06), (-0.03, 0.06), (-0.03, 0.059), (-0.03, 0.059), (-0.029, 0.059), (-0.029, 0.058), (-0.029, 0.058), (-0.028, 0.058), (-0.028, 0.057), (-0.028, 0.057), (-0.028, 0.056)], total_steps=3141
  51st iteration: path_start=[(0.011, -0.173), (0.011, -0.173), (0.011, -0.173), (0.011, -0.174), (0.012, -0.175), (0.012, -0.175), (0.013, -0.176), (0.013, -0.177), (0.014, -0.179), (0.014, -0.18), (0.015, -0.181), (0.016, -0.183), (0.017, -0.184), (0.018, -0.186), (0.018, -0.187), (0.019, -0.189), (0.02, -0.191), (0.021, -0.193), (0.022, -0.195), (0.023, -0.197), (0.024, -0.199), (0.026, -0.201), (0.027, -0.203), (0.028, -0.205), (0.029, -0.207), (0.03, -0.21), (0.031, -0.212), (0.033, -0.214), (0.034, -0.216), (0.035, -0.219), (0.036, -0.221), (0.038, -0.223), (0.039, -0.226), (0.04, -0.228), (0.041, -0.231), (0.043, -0.233), (0.044, -0.235), (0.045, -0.238), (0.047, -0.24), (0.048, -0.243), (0.049, -0.245), (0.051, -0.248), (0.052, -0.25), (0.053, -0.253), (0.055, -0.255), (0.056, -0.257), (0.057, -0.26), (0.058, -0.262), (0.06, -0.265), (0.061, -0.267), (0.062, -0.27), (0.064, -0.272), (0.065, -0.274), (0.066, -0.277), (0.068, -0.279), (0.069, -0.281), (0.07, -0.284), (0.071, -0.286), (0.073, -0.288), (0.074, -0.291), (0.075, -0.293), (0.076, -0.295), (0.078, -0.297), (0.079, -0.3), (0.08, -0.302), (0.081, -0.304), (0.082, -0.306), (0.084, -0.308), (0.085, -0.311), (0.086, -0.313), (0.087, -0.315), (0.088, -0.317), (0.09, -0.319), (0.091, -0.321), (0.092, -0.323), (0.093, -0.325), (0.094, -0.327), (0.095, -0.329), (0.096, -0.331), (0.097, -0.333), (0.098, -0.335), (0.1, -0.337), (0.101, -0.339), (0.102, -0.34), (0.103, -0.342), (0.104, -0.344), (0.105, -0.346), (0.106, -0.348), (0.107, -0.35), (0.108, -0.351), (0.109, -0.353), (0.11, -0.355), (0.111, -0.356), (0.112, -0.358), (0.113, -0.36), (0.114, -0.361), (0.115, -0.363), (0.115, -0.365), (0.116, -0.366), (0.117, -0.368), (0.118, -0.369), (0.119, -0.371), (0.12, -0.372), (0.121, -0.374), (0.122, -0.375), (0.123, -0.377), (0.124, -0.378), (0.124, -0.38), (0.125, -0.381), (0.126, -0.383), (0.127, -0.384), (0.128, -0.385), (0.129, -0.387), (0.129, -0.388), (0.13, -0.389), (0.131, -0.391), (0.132, -0.392), (0.132, -0.393), (0.133, -0.395), (0.134, -0.396), (0.135, -0.397), (0.135, -0.398), (0.136, -0.4), (0.137, -0.401), (0.138, -0.402), (0.138, -0.403), (0.139, -0.404), (0.14, -0.406), (0.141, -0.407), (0.141, -0.408), (0.142, -0.409), (0.143, -0.41), (0.143, -0.411), (0.144, -0.412), (0.145, -0.413), (0.145, -0.414), (0.146, -0.415), (0.147, -0.416), (0.147, -0.417), (0.148, -0.418), (0.149, -0.419), (0.149, -0.42), (0.15, -0.421), (0.15, -0.422), (0.151, -0.423), (0.152, -0.424), (0.152, -0.425), (0.153, -0.426), (0.153, -0.427), (0.154, -0.428), (0.155, -0.429), (0.155, -0.43), (0.156, -0.431), (0.156, -0.431), (0.157, -0.432), (0.158, -0.433), (0.158, -0.434), (0.159, -0.435), (0.159, -0.436), (0.16, -0.437), (0.16, -0.437), (0.161, -0.438), (0.161, -0.439), (0.162, -0.44), (0.162, -0.441), (0.163, -0.441), (0.163, -0.442), (0.164, -0.443), (0.165, -0.444), (0.165, -0.444), (0.166, -0.445), (0.166, -0.446), (0.167, -0.447), (0.167, -0.447), (0.168, -0.448), (0.168, -0.449), (0.169, -0.449), (0.169, -0.45), (0.17, -0.451), (0.17, -0.452), (0.171, -0.452), (0.171, -0.453), (0.171, -0.454), (0.172, -0.454), (0.172, -0.455), (0.173, -0.456), (0.173, -0.456), (0.174, -0.457), (0.174, -0.457), (0.175, -0.458), (0.175, -0.459), (0.176, -0.459), (0.176, -0.46), (0.177, -0.461), (0.177, -0.461), (0.177, -0.462), (0.178, -0.462), (0.178, -0.463), (0.179, -0.464), (0.179, -0.464), (0.18, -0.465), (0.18, -0.465), (0.18, -0.466), (0.181, -0.466), (0.181, -0.467), (0.182, -0.468), (0.182, -0.468), (0.183, -0.469), (0.183, -0.469), (0.183, -0.47), (0.184, -0.47), (0.184, -0.471), (0.185, -0.471), (0.185, -0.472), (0.186, -0.473), (0.186, -0.473), (0.186, -0.474), (0.187, -0.474), (0.187, -0.475), (0.188, -0.475), (0.188, -0.476), (0.188, -0.476), (0.189, -0.477), (0.189, -0.477), (0.19, -0.478), (0.19, -0.478), (0.19, -0.479), (0.191, -0.479), (0.191, -0.48), (0.192, -0.48), (0.192, -0.481), (0.192, -0.481), (0.193, -0.482), (0.193, -0.482), (0.193, -0.483), (0.194, -0.483), (0.194, -0.484), (0.195, -0.484), (0.195, -0.484), (0.195, -0.485), (0.196, -0.485), (0.196, -0.486), (0.197, -0.486), (0.197, -0.487), (0.197, -0.487), (0.198, -0.488), (0.198, -0.488), (0.198, -0.489), (0.199, -0.489), (0.199, -0.49), (0.2, -0.49), (0.2, -0.49), (0.2, -0.491), (0.201, -0.491), (0.201, -0.492), (0.201, -0.492), (0.202, -0.493), (0.202, -0.493), (0.202, -0.493), (0.203, -0.494), (0.203, -0.494), (0.204, -0.495), (0.204, -0.495), (0.204, -0.496), (0.205, -0.496), (0.205, -0.496), (0.205, -0.497), (0.206, -0.497), (0.206, -0.498), (0.206, -0.498), (0.207, -0.499), (0.207, -0.499), (0.208, -0.499), (0.208, -0.5), (0.208, -0.5), (0.209, -0.501), (0.209, -0.501), (0.209, -0.501), (0.21, -0.502), (0.21, -0.502), (0.21, -0.503), (0.211, -0.503), (0.211, -0.503), (0.211, -0.504), (0.212, -0.504), (0.212, -0.505), (0.212, -0.505), (0.213, -0.505), (0.213, -0.506), (0.213, -0.506), (0.214, -0.507), (0.214, -0.507), (0.215, -0.507), (0.215, -0.508), (0.215, -0.508), (0.216, -0.509), (0.216, -0.509), (0.216, -0.509), (0.217, -0.51), (0.217, -0.51), (0.217, -0.51), (0.218, -0.511), (0.218, -0.511), (0.218, -0.512), (0.219, -0.512), (0.219, -0.512), (0.219, -0.513), (0.22, -0.513), (0.22, -0.513), (0.22, -0.514), (0.221, -0.514), (0.221, -0.515), (0.221, -0.515), (0.222, -0.515), (0.222, -0.516), (0.222, -0.516), (0.223, -0.516), (0.223, -0.517), (0.223, -0.517), (0.224, -0.517), (0.224, -0.518), (0.224, -0.518), (0.225, -0.519), (0.225, -0.519), (0.225, -0.519), (0.226, -0.52), (0.226, -0.52), (0.226, -0.52), (0.227, -0.521), (0.227, -0.521), (0.227, -0.521), (0.228, -0.522), (0.228, -0.522), (0.228, -0.523), (0.229, -0.523), (0.229, -0.523), (0.229, -0.524), (0.23, -0.524), (0.23, -0.524), (0.23, -0.525), (0.231, -0.525), (0.231, -0.525), (0.231, -0.526), (0.232, -0.526), (0.232, -0.526), (0.232, -0.527), (0.233, -0.527), (0.233, -0.527), (0.233, -0.528), (0.234, -0.528), (0.234, -0.528), (0.234, -0.529), (0.235, -0.529), (0.235, -0.53), (0.235, -0.53), (0.236, -0.53), (0.236, -0.531), (0.236, -0.531), (0.237, -0.531), (0.237, -0.532), (0.237, -0.532), (0.238, -0.532), (0.238, -0.533), (0.238, -0.533), (0.239, -0.533), (0.239, -0.534), (0.239, -0.534), (0.24, -0.534), (0.24, -0.535), (0.24, -0.535), (0.241, -0.535), (0.241, -0.536), (0.241, -0.536), (0.241, -0.536), (0.242, -0.537), (0.242, -0.537), (0.242, -0.537), (0.243, -0.538), (0.243, -0.538), (0.243, -0.538), (0.244, -0.539), (0.244, -0.539), (0.244, -0.539), (0.245, -0.54), (0.245, -0.54), (0.245, -0.54), (0.246, -0.54), (0.246, -0.541), (0.246, -0.541), (0.247, -0.541), (0.247, -0.542), (0.247, -0.542), (0.248, -0.542), (0.248, -0.543), (0.248, -0.543), (0.249, -0.543), (0.249, -0.544), (0.249, -0.544), (0.25, -0.544), (0.25, -0.545), (0.25, -0.545), (0.25, -0.545), (0.251, -0.546), (0.251, -0.546), (0.251, -0.546), (0.252, -0.547), (0.252, -0.547), (0.252, -0.547), (0.253, -0.547), (0.253, -0.548), (0.253, -0.548), (0.254, -0.548), (0.254, -0.549), (0.254, -0.549), (0.255, -0.549), (0.255, -0.55), (0.255, -0.55), (0.256, -0.55), (0.256, -0.551), (0.256, -0.551), (0.256, -0.551), (0.257, -0.552), (0.257, -0.552), (0.257, -0.552), (0.258, -0.552), (0.258, -0.553), (0.258, -0.553), (0.259, -0.553), (0.259, -0.554), (0.259, -0.554), (0.26, -0.554), (0.26, -0.555), (0.26, -0.555), (0.261, -0.555), (0.261, -0.555), (0.261, -0.556), (0.261, -0.556), (0.262, -0.556), (0.262, -0.557), (0.262, -0.557), (0.263, -0.557), (0.263, -0.558), (0.263, -0.558), (0.264, -0.558), (0.264, -0.558), (0.264, -0.559), (0.265, -0.559), (0.265, -0.559), (0.265, -0.56), (0.265, -0.56), (0.266, -0.56), (0.266, -0.56), (0.266, -0.561), (0.267, -0.561), (0.267, -0.561), (0.267, -0.562), (0.268, -0.562), (0.268, -0.562), (0.268, -0.563), (0.269, -0.563), (0.269, -0.563), (0.269, -0.563), (0.269, -0.564), (0.27, -0.564), (0.27, -0.564), (0.27, -0.565), (0.271, -0.565), (0.271, -0.565), (0.271, -0.565), (0.272, -0.566), (0.272, -0.566), (0.272, -0.566), (0.272, -0.567), (0.273, -0.567), (0.273, -0.567), (0.273, -0.567), (0.274, -0.568), (0.274, -0.568), (0.274, -0.568), (0.275, -0.568), (0.275, -0.569), (0.275, -0.569), (0.276, -0.569), (0.276, -0.57), (0.276, -0.57), (0.276, -0.57), (0.277, -0.57), (0.277, -0.571), (0.277, -0.571), (0.278, -0.571), (0.278, -0.571), (0.278, -0.572), (0.279, -0.572), (0.279, -0.572), (0.279, -0.573), (0.279, -0.573), (0.28, -0.573), (0.28, -0.573), (0.28, -0.574), (0.281, -0.574)], path_end=[(0.015, -0.061), (0.015, -0.062), (0.015, -0.063), (0.014, -0.064), (0.014, -0.065), (0.014, -0.066), (0.013, -0.066), (0.013, -0.067), (0.013, -0.068), (0.012, -0.069), (0.012, -0.07), (0.012, -0.071), (0.012, -0.072), (0.011, -0.073), (0.011, -0.074), (0.011, -0.074), (0.01, -0.075), (0.01, -0.076), (0.01, -0.077), (0.01, -0.078), (0.009, -0.079), (0.009, -0.08), (0.009, -0.081), (0.009, -0.082), (0.008, -0.083), (0.008, -0.084), (0.008, -0.085), (0.008, -0.086), (0.007, -0.087), (0.007, -0.087), (0.007, -0.088), (0.007, -0.089), (0.006, -0.09), (0.006, -0.091), (0.006, -0.092), (0.006, -0.093), (0.006, -0.094), (0.005, -0.095), (0.005, -0.096), (0.005, -0.097), (0.005, -0.098), (0.005, -0.099), (0.004, -0.1), (0.004, -0.101), (0.004, -0.102), (0.004, -0.103), (0.004, -0.104), (0.003, -0.105), (0.003, -0.106), (0.003, -0.107), (0.003, -0.108), (0.003, -0.109), (0.003, -0.11), (0.002, -0.111), (0.002, -0.112), (0.002, -0.113), (0.002, -0.114), (0.002, -0.115), (0.002, -0.116), (0.002, -0.116), (0.001, -0.117), (0.001, -0.118), (0.001, -0.119), (0.001, -0.12), (0.001, -0.121), (0.001, -0.122), (0.001, -0.123), (0.001, -0.124), (0.001, -0.125), (0.0, -0.126), (0.0, -0.127), (0.0, -0.128), (0.0, -0.129), (0.0, -0.13), (0.0, -0.131), (-0.0, -0.132), (-0.0, -0.133), (-0.0, -0.134), (-0.0, -0.135), (-0.0, -0.136), (-0.0, -0.137), (-0.0, -0.138), (-0.0, -0.139), (-0.001, -0.14), (-0.001, -0.141), (-0.001, -0.141), (-0.001, -0.142), (-0.001, -0.143), (-0.001, -0.144), (-0.001, -0.145), (-0.001, -0.146), (-0.001, -0.147), (-0.001, -0.148), (-0.001, -0.149), (-0.001, -0.15), (-0.001, -0.151), (-0.001, -0.152), (-0.001, -0.153), (-0.001, -0.154), (-0.001, -0.155), (-0.001, -0.155), (-0.001, -0.156), (-0.001, -0.157), (-0.001, -0.158), (-0.001, -0.159), (-0.001, -0.16), (-0.001, -0.161), (-0.001, -0.162), (-0.001, -0.163), (-0.001, -0.164), (-0.001, -0.164), (-0.001, -0.165), (-0.0, -0.166), (-0.0, -0.167), (-0.0, -0.168), (-0.0, -0.169), (-0.0, -0.17), (-0.0, -0.171), (-0.0, -0.171), (-0.0, -0.172), (0.0, -0.173), (0.0, -0.174), (0.0, -0.175), (0.0, -0.176), (0.0, -0.177), (0.0, -0.178), (0.001, -0.178), (0.001, -0.179), (0.001, -0.18), (0.001, -0.181), (0.001, -0.182), (0.001, -0.183), (0.001, -0.183), (0.001, -0.184), (0.001, -0.185), (0.001, -0.186), (0.002, -0.187), (0.002, -0.188), (0.002, -0.188), (0.002, -0.189), (0.002, -0.19), (0.002, -0.191), (0.002, -0.192), (0.002, -0.192), (0.003, -0.193), (0.003, -0.194), (0.003, -0.195), (0.003, -0.196), (0.003, -0.196), (0.003, -0.197), (0.004, -0.198), (0.004, -0.199), (0.004, -0.199), (0.004, -0.2), (0.004, -0.201), (0.004, -0.202), (0.005, -0.203), (0.005, -0.203), (0.005, -0.204), (0.005, -0.205), (0.005, -0.206), (0.005, -0.206), (0.006, -0.207), (0.006, -0.208), (0.006, -0.209), (0.006, -0.209), (0.006, -0.21), (0.007, -0.211), (0.007, -0.211), (0.007, -0.212), (0.007, -0.213), (0.007, -0.214), (0.008, -0.214), (0.008, -0.215), (0.008, -0.216), (0.008, -0.217), (0.008, -0.217), (0.009, -0.218), (0.009, -0.219), (0.009, -0.219), (0.009, -0.22), (0.01, -0.221), (0.01, -0.221), (0.01, -0.222), (0.01, -0.223), (0.01, -0.224), (0.011, -0.224), (0.011, -0.225), (0.011, -0.226), (0.011, -0.226), (0.012, -0.227), (0.012, -0.228), (0.012, -0.228), (0.012, -0.229), (0.013, -0.23), (0.013, -0.23), (0.013, -0.231), (0.013, -0.232), (0.014, -0.232), (0.014, -0.233), (0.014, -0.234), (0.014, -0.234), (0.015, -0.235), (0.015, -0.236), (0.015, -0.236), (0.015, -0.237), (0.016, -0.238), (0.016, -0.238), (0.016, -0.239), (0.016, -0.239), (0.017, -0.24), (0.017, -0.241), (0.017, -0.241), (0.018, -0.242), (0.018, -0.243), (0.018, -0.243), (0.018, -0.244), (0.019, -0.245), (0.019, -0.245), (0.019, -0.246), (0.019, -0.246), (0.02, -0.247), (0.02, -0.248), (0.02, -0.248), (0.021, -0.249), (0.021, -0.249), (0.021, -0.25), (0.022, -0.251), (0.022, -0.251), (0.022, -0.252), (0.022, -0.253), (0.023, -0.253), (0.023, -0.254), (0.023, -0.254), (0.024, -0.255), (0.024, -0.256), (0.024, -0.256), (0.024, -0.257), (0.025, -0.257), (0.025, -0.258), (0.025, -0.258), (0.026, -0.259), (0.026, -0.26), (0.026, -0.26), (0.027, -0.261), (0.027, -0.261), (0.027, -0.262), (0.028, -0.263), (0.028, -0.263), (0.028, -0.264), (0.028, -0.264), (0.029, -0.265), (0.029, -0.265), (0.029, -0.266), (0.03, -0.267), (0.03, -0.267), (0.03, -0.268), (0.031, -0.268), (0.031, -0.269), (0.031, -0.269), (0.032, -0.27), (0.032, -0.271), (0.032, -0.271), (0.033, -0.272), (0.033, -0.272), (0.033, -0.273), (0.034, -0.273), (0.034, -0.274), (0.034, -0.274), (0.034, -0.275), (0.035, -0.276), (0.035, -0.276), (0.035, -0.277), (0.036, -0.277), (0.036, -0.278), (0.036, -0.278), (0.037, -0.279), (0.037, -0.279), (0.037, -0.28), (0.038, -0.28), (0.038, -0.281), (0.038, -0.282), (0.039, -0.282), (0.039, -0.283), (0.039, -0.283), (0.04, -0.284), (0.04, -0.284), (0.04, -0.285), (0.041, -0.285), (0.041, -0.286), (0.041, -0.286), (0.042, -0.287), (0.042, -0.287), (0.042, -0.288), (0.043, -0.289), (0.043, -0.289), (0.043, -0.29), (0.044, -0.29), (0.044, -0.291), (0.044, -0.291), (0.045, -0.292), (0.045, -0.292), (0.045, -0.293), (0.046, -0.293), (0.046, -0.294), (0.046, -0.294), (0.047, -0.295), (0.047, -0.295), (0.047, -0.296), (0.048, -0.296), (0.048, -0.297), (0.049, -0.297), (0.049, -0.298), (0.049, -0.298), (0.05, -0.299), (0.05, -0.3), (0.05, -0.3), (0.051, -0.301), (0.051, -0.301), (0.051, -0.302), (0.052, -0.302), (0.052, -0.303), (0.052, -0.303), (0.053, -0.304), (0.053, -0.304), (0.053, -0.305), (0.054, -0.305), (0.054, -0.306), (0.054, -0.306), (0.055, -0.307), (0.055, -0.307), (0.055, -0.308), (0.056, -0.308), (0.056, -0.309), (0.056, -0.309), (0.057, -0.31), (0.057, -0.31), (0.057, -0.311), (0.058, -0.311), (0.058, -0.312), (0.059, -0.312), (0.059, -0.313), (0.059, -0.313), (0.06, -0.314), (0.06, -0.314), (0.06, -0.315), (0.061, -0.315), (0.061, -0.316), (0.061, -0.316), (0.062, -0.317), (0.062, -0.317), (0.062, -0.318), (0.063, -0.318), (0.063, -0.319), (0.063, -0.319), (0.064, -0.32), (0.064, -0.32), (0.064, -0.321), (0.065, -0.321), (0.065, -0.322), (0.065, -0.322), (0.066, -0.323), (0.066, -0.323), (0.067, -0.324), (0.067, -0.324), (0.067, -0.325), (0.068, -0.325), (0.068, -0.326), (0.068, -0.326), (0.069, -0.327), (0.069, -0.327), (0.069, -0.328), (0.07, -0.328), (0.07, -0.329), (0.07, -0.329), (0.071, -0.33), (0.071, -0.33), (0.071, -0.331), (0.072, -0.331), (0.072, -0.332), (0.073, -0.332), (0.073, -0.333), (0.073, -0.333), (0.074, -0.334), (0.074, -0.334), (0.074, -0.335), (0.075, -0.335), (0.075, -0.336), (0.075, -0.336), (0.076, -0.337), (0.076, -0.337), (0.076, -0.337), (0.077, -0.338), (0.077, -0.338), (0.077, -0.339), (0.078, -0.339), (0.078, -0.34), (0.079, -0.34), (0.079, -0.341), (0.079, -0.341), (0.08, -0.342), (0.08, -0.342), (0.08, -0.343), (0.081, -0.343), (0.081, -0.344), (0.081, -0.344), (0.082, -0.345), (0.082, -0.345), (0.082, -0.346), (0.083, -0.346), (0.083, -0.347), (0.083, -0.347), (0.084, -0.348), (0.084, -0.348), (0.084, -0.349), (0.085, -0.349), (0.085, -0.35), (0.086, -0.35), (0.086, -0.35), (0.086, -0.351), (0.087, -0.351), (0.087, -0.352), (0.087, -0.352), (0.088, -0.353), (0.088, -0.353), (0.088, -0.354), (0.089, -0.354), (0.089, -0.355), (0.089, -0.355), (0.09, -0.356), (0.09, -0.356), (0.09, -0.357), (0.091, -0.357), (0.091, -0.358), (0.092, -0.358), (0.092, -0.359), (0.092, -0.359), (0.093, -0.36), (0.093, -0.36), (0.093, -0.36), (0.094, -0.361), (0.094, -0.361), (0.094, -0.362), (0.095, -0.362), (0.095, -0.363), (0.095, -0.363), (0.096, -0.364), (0.096, -0.364), (0.096, -0.365), (0.097, -0.365), (0.097, -0.366), (0.098, -0.366), (0.098, -0.367), (0.098, -0.367), (0.099, -0.367), (0.099, -0.368), (0.099, -0.368), (0.1, -0.369), (0.1, -0.369), (0.1, -0.37), (0.101, -0.37), (0.101, -0.371), (0.101, -0.371), (0.102, -0.372), (0.102, -0.372), (0.102, -0.373), (0.103, -0.373), (0.103, -0.374), (0.104, -0.374), (0.104, -0.374), (0.104, -0.375), (0.105, -0.375), (0.105, -0.376), (0.105, -0.376), (0.106, -0.377), (0.106, -0.377), (0.106, -0.378), (0.107, -0.378), (0.107, -0.379), (0.107, -0.379), (0.108, -0.38), (0.108, -0.38), (0.108, -0.38), (0.109, -0.381), (0.109, -0.381), (0.11, -0.382), (0.11, -0.382), (0.11, -0.383), (0.111, -0.383), (0.111, -0.384), (0.111, -0.384), (0.112, -0.385), (0.112, -0.385), (0.112, -0.386), (0.113, -0.386), (0.113, -0.386), (0.113, -0.387), (0.114, -0.387), (0.114, -0.388), (0.114, -0.388)], total_steps=3141
  53rd iteration: path_start=[(0.011, -0.172), (0.011, -0.173), (0.011, -0.173), (0.012, -0.173), (0.013, -0.173), (0.013, -0.173), (0.014, -0.174), (0.015, -0.174), (0.016, -0.174), (0.017, -0.175), (0.019, -0.175), (0.02, -0.175), (0.021, -0.176), (0.023, -0.176), (0.024, -0.177), (0.026, -0.177), (0.028, -0.177), (0.029, -0.178), (0.031, -0.178), (0.033, -0.179), (0.035, -0.179), (0.036, -0.18), (0.038, -0.18), (0.04, -0.181), (0.042, -0.182), (0.044, -0.182), (0.046, -0.183), (0.048, -0.183), (0.05, -0.184), (0.052, -0.184), (0.054, -0.185), (0.056, -0.185), (0.058, -0.186), (0.06, -0.186), (0.062, -0.187), (0.064, -0.187), (0.066, -0.188), (0.068, -0.188), (0.07, -0.189), (0.073, -0.189), (0.075, -0.19), (0.077, -0.19), (0.079, -0.191), (0.081, -0.191), (0.083, -0.192), (0.085, -0.192), (0.087, -0.192), (0.089, -0.193), (0.091, -0.193), (0.092, -0.194), (0.094, -0.194), (0.096, -0.194), (0.098, -0.195), (0.1, -0.195), (0.102, -0.196), (0.104, -0.196), (0.106, -0.196), (0.107, -0.196), (0.109, -0.197), (0.111, -0.197), (0.113, -0.197), (0.114, -0.198), (0.116, -0.198), (0.118, -0.198), (0.119, -0.198), (0.121, -0.199), (0.122, -0.199), (0.124, -0.199), (0.126, -0.199), (0.127, -0.199), (0.129, -0.2), (0.13, -0.2), (0.132, -0.2), (0.133, -0.2), (0.134, -0.2), (0.136, -0.2), (0.137, -0.2), (0.139, -0.2), (0.14, -0.2), (0.141, -0.201), (0.142, -0.201), (0.144, -0.201), (0.145, -0.201), (0.146, -0.201), (0.147, -0.201), (0.148, -0.201), (0.15, -0.201), (0.151, -0.201), (0.152, -0.201), (0.153, -0.201), (0.154, -0.201), (0.155, -0.2), (0.156, -0.2), (0.157, -0.2), (0.158, -0.2), (0.159, -0.2), (0.16, -0.2), (0.161, -0.2), (0.161, -0.2), (0.162, -0.2), (0.163, -0.199), (0.164, -0.199), (0.165, -0.199), (0.165, -0.199), (0.166, -0.199), (0.167, -0.199), (0.168, -0.198), (0.168, -0.198), (0.169, -0.198), (0.17, -0.198), (0.17, -0.198), (0.171, -0.197), (0.171, -0.197), (0.172, -0.197), (0.173, -0.197), (0.173, -0.196), (0.174, -0.196), (0.174, -0.196), (0.175, -0.195), (0.175, -0.195), (0.176, -0.195), (0.176, -0.195), (0.176, -0.194), (0.177, -0.194), (0.177, -0.194), (0.178, -0.193), (0.178, -0.193), (0.178, -0.193), (0.179, -0.192), (0.179, -0.192), (0.179, -0.191), (0.18, -0.191), (0.18, -0.191), (0.18, -0.19), (0.18, -0.19), (0.181, -0.189), (0.181, -0.189), (0.181, -0.189), (0.181, -0.188), (0.181, -0.188), (0.182, -0.187), (0.182, -0.187), (0.182, -0.187), (0.182, -0.186), (0.182, -0.186), (0.182, -0.185), (0.182, -0.185), (0.182, -0.184), (0.183, -0.184), (0.183, -0.183), (0.183, -0.183), (0.183, -0.182), (0.183, -0.182), (0.183, -0.181), (0.183, -0.181), (0.183, -0.181), (0.183, -0.18), (0.183, -0.18), (0.183, -0.179), (0.183, -0.179), (0.183, -0.178), (0.183, -0.177), (0.182, -0.177), (0.182, -0.176), (0.182, -0.176), (0.182, -0.175), (0.182, -0.175), (0.182, -0.174), (0.182, -0.174), (0.182, -0.173), (0.182, -0.173), (0.181, -0.172), (0.181, -0.172), (0.181, -0.171), (0.181, -0.171), (0.181, -0.17), (0.181, -0.169), (0.18, -0.169), (0.18, -0.168), (0.18, -0.168), (0.18, -0.167), (0.18, -0.167), (0.179, -0.166), (0.179, -0.165), (0.179, -0.165), (0.179, -0.164), (0.178, -0.164), (0.178, -0.163), (0.178, -0.163), (0.178, -0.162), (0.177, -0.161), (0.177, -0.161), (0.177, -0.16), (0.176, -0.16), (0.176, -0.159), (0.176, -0.158), (0.175, -0.158), (0.175, -0.157), (0.175, -0.157), (0.174, -0.156), (0.174, -0.155), (0.174, -0.155), (0.173, -0.154), (0.173, -0.154), (0.173, -0.153), (0.172, -0.152), (0.172, -0.152), (0.172, -0.151), (0.171, -0.15), (0.171, -0.15), (0.17, -0.149), (0.17, -0.149), (0.17, -0.148), (0.169, -0.147), (0.169, -0.147), (0.168, -0.146), (0.168, -0.145), (0.168, -0.145), (0.167, -0.144), (0.167, -0.144), (0.166, -0.143), (0.166, -0.142), (0.165, -0.142), (0.165, -0.141), (0.164, -0.14), (0.164, -0.14), (0.164, -0.139), (0.163, -0.138), (0.163, -0.138), (0.162, -0.137), (0.162, -0.137), (0.161, -0.136), (0.161, -0.135), (0.16, -0.135), (0.16, -0.134), (0.159, -0.133), (0.159, -0.133), (0.158, -0.132), (0.158, -0.131), (0.157, -0.131), (0.157, -0.13), (0.156, -0.129), (0.156, -0.129), (0.155, -0.128), (0.155, -0.127), (0.154, -0.127), (0.154, -0.126), (0.153, -0.125), (0.152, -0.125), (0.152, -0.124), (0.151, -0.123), (0.151, -0.123), (0.15, -0.122), (0.15, -0.122), (0.149, -0.121), (0.149, -0.12), (0.148, -0.12), (0.147, -0.119), (0.147, -0.118), (0.146, -0.118), (0.146, -0.117), (0.145, -0.116), (0.144, -0.116), (0.144, -0.115), (0.143, -0.114), (0.143, -0.114), (0.142, -0.113), (0.141, -0.112), (0.141, -0.112), (0.14, -0.111), (0.14, -0.11), (0.139, -0.11), (0.138, -0.109), (0.138, -0.108), (0.137, -0.108), (0.137, -0.107), (0.136, -0.106), (0.135, -0.106), (0.135, -0.105), (0.134, -0.104), (0.133, -0.104), (0.133, -0.103), (0.132, -0.102), (0.131, -0.102), (0.131, -0.101), (0.13, -0.1), (0.129, -0.1), (0.129, -0.099), (0.128, -0.098), (0.127, -0.098), (0.127, -0.097), (0.126, -0.096), (0.125, -0.095), (0.125, -0.095), (0.124, -0.094), (0.123, -0.093), (0.123, -0.093), (0.122, -0.092), (0.121, -0.091), (0.121, -0.091), (0.12, -0.09), (0.119, -0.089), (0.119, -0.089), (0.118, -0.088), (0.117, -0.087), (0.117, -0.087), (0.116, -0.086), (0.115, -0.085), (0.114, -0.085), (0.114, -0.084), (0.113, -0.083), (0.112, -0.083), (0.112, -0.082), (0.111, -0.081), (0.11, -0.081), (0.109, -0.08), (0.109, -0.079), (0.108, -0.079), (0.107, -0.078), (0.106, -0.077), (0.106, -0.077), (0.105, -0.076), (0.104, -0.075), (0.104, -0.075), (0.103, -0.074), (0.102, -0.073), (0.101, -0.073), (0.101, -0.072), (0.1, -0.071), (0.099, -0.07), (0.098, -0.07), (0.098, -0.069), (0.097, -0.068), (0.096, -0.068), (0.095, -0.067), (0.095, -0.066), (0.094, -0.066), (0.093, -0.065), (0.092, -0.064), (0.091, -0.064), (0.091, -0.063), (0.09, -0.062), (0.089, -0.062), (0.088, -0.061), (0.088, -0.06), (0.087, -0.06), (0.086, -0.059), (0.085, -0.058), (0.084, -0.058), (0.084, -0.057), (0.083, -0.056), (0.082, -0.056), (0.081, -0.055), (0.081, -0.054), (0.08, -0.053), (0.079, -0.053), (0.078, -0.052), (0.077, -0.051), (0.077, -0.051), (0.076, -0.05), (0.075, -0.049), (0.074, -0.049), (0.073, -0.048), (0.073, -0.047), (0.072, -0.047), (0.071, -0.046), (0.07, -0.045), (0.069, -0.045), (0.068, -0.044), (0.068, -0.043), (0.067, -0.043), (0.066, -0.042), (0.065, -0.041), (0.064, -0.04), (0.064, -0.04), (0.063, -0.039), (0.062, -0.038), (0.061, -0.038), (0.06, -0.037), (0.059, -0.036), (0.059, -0.036), (0.058, -0.035), (0.057, -0.034), (0.056, -0.034), (0.055, -0.033), (0.055, -0.032), (0.054, -0.032), (0.053, -0.031), (0.052, -0.03), (0.051, -0.029), (0.05, -0.029), (0.05, -0.028), (0.049, -0.027), (0.048, -0.027), (0.047, -0.026), (0.046, -0.025), (0.045, -0.025), (0.045, -0.024), (0.044, -0.023), (0.043, -0.023), (0.042, -0.022), (0.041, -0.021), (0.04, -0.02), (0.04, -0.02), (0.039, -0.019), (0.038, -0.018), (0.037, -0.018), (0.036, -0.017), (0.035, -0.016), (0.035, -0.016), (0.034, -0.015), (0.033, -0.014), (0.032, -0.014), (0.031, -0.013), (0.03, -0.012), (0.029, -0.011), (0.029, -0.011), (0.028, -0.01), (0.027, -0.009), (0.026, -0.009), (0.025, -0.008), (0.024, -0.007), (0.024, -0.007), (0.023, -0.006), (0.022, -0.005), (0.021, -0.004), (0.02, -0.004), (0.019, -0.003), (0.019, -0.002), (0.018, -0.002), (0.017, -0.001), (0.016, -0.0), (0.015, 0.0), (0.014, 0.001), (0.014, 0.002), (0.013, 0.003), (0.012, 0.003), (0.011, 0.004), (0.01, 0.005), (0.009, 0.005), (0.009, 0.006), (0.008, 0.007), (0.007, 0.008), (0.006, 0.008), (0.005, 0.009), (0.004, 0.01), (0.004, 0.01), (0.003, 0.011), (0.002, 0.012), (0.001, 0.012), (0.0, 0.013), (-0.001, 0.014), (-0.001, 0.015), (-0.002, 0.015), (-0.003, 0.016), (-0.004, 0.017), (-0.005, 0.017), (-0.005, 0.018), (-0.006, 0.019), (-0.007, 0.02), (-0.008, 0.02), (-0.009, 0.021), (-0.01, 0.022), (-0.01, 0.022), (-0.011, 0.023), (-0.012, 0.024), (-0.013, 0.025), (-0.014, 0.025), (-0.014, 0.026), (-0.015, 0.027), (-0.016, 0.027), (-0.017, 0.028), (-0.018, 0.029), (-0.018, 0.03), (-0.019, 0.03), (-0.02, 0.031), (-0.021, 0.032), (-0.022, 0.033), (-0.022, 0.033), (-0.023, 0.034), (-0.024, 0.035), (-0.025, 0.035), (-0.026, 0.036), (-0.026, 0.037), (-0.027, 0.038), (-0.028, 0.038), (-0.029, 0.039), (-0.029, 0.04), (-0.03, 0.041), (-0.031, 0.041), (-0.032, 0.042), (-0.033, 0.043), (-0.033, 0.043), (-0.034, 0.044), (-0.035, 0.045), (-0.036, 0.046), (-0.036, 0.046), (-0.037, 0.047), (-0.038, 0.048), (-0.039, 0.049)], path_end=[(-0.14, 0.013), (-0.135, 0.009), (-0.13, 0.004), (-0.126, -0.001), (-0.121, -0.005), (-0.116, -0.01), (-0.111, -0.014), (-0.106, -0.019), (-0.102, -0.023), (-0.097, -0.028), (-0.092, -0.033), (-0.087, -0.037), (-0.082, -0.042), (-0.078, -0.046), (-0.073, -0.051), (-0.068, -0.055), (-0.064, -0.06), (-0.059, -0.064), (-0.054, -0.069), (-0.049, -0.073), (-0.045, -0.078), (-0.04, -0.082), (-0.035, -0.086), (-0.031, -0.091), (-0.026, -0.095), (-0.022, -0.1), (-0.017, -0.104), (-0.012, -0.108), (-0.008, -0.113), (-0.003, -0.117), (0.001, -0.121), (0.006, -0.126), (0.01, -0.13), (0.015, -0.134), (0.019, -0.138), (0.024, -0.143), (0.028, -0.147), (0.033, -0.151), (0.037, -0.155), (0.042, -0.16), (0.046, -0.164), (0.05, -0.168), (0.055, -0.172), (0.059, -0.176), (0.063, -0.18), (0.067, -0.184), (0.072, -0.188), (0.076, -0.192), (0.08, -0.196), (0.084, -0.2), (0.089, -0.204), (0.093, -0.208), (0.097, -0.212), (0.101, -0.216), (0.105, -0.22), (0.109, -0.224), (0.113, -0.227), (0.117, -0.231), (0.121, -0.235), (0.125, -0.239), (0.129, -0.242), (0.133, -0.246), (0.137, -0.25), (0.141, -0.253), (0.145, -0.257), (0.148, -0.261), (0.152, -0.264), (0.156, -0.268), (0.16, -0.271), (0.163, -0.275), (0.167, -0.278), (0.171, -0.282), (0.174, -0.285), (0.178, -0.289), (0.182, -0.292), (0.185, -0.295), (0.189, -0.299), (0.192, -0.302), (0.196, -0.305), (0.199, -0.308), (0.203, -0.312), (0.206, -0.315), (0.209, -0.318), (0.213, -0.321), (0.216, -0.324), (0.219, -0.327), (0.222, -0.33), (0.226, -0.333), (0.229, -0.336), (0.232, -0.339), (0.235, -0.342), (0.238, -0.345), (0.241, -0.348), (0.244, -0.351), (0.247, -0.353), (0.25, -0.356), (0.253, -0.359), (0.256, -0.362), (0.259, -0.364), (0.262, -0.367), (0.265, -0.37), (0.268, -0.372), (0.271, -0.375), (0.273, -0.377), (0.276, -0.38), (0.279, -0.382), (0.281, -0.385), (0.284, -0.387), (0.287, -0.39), (0.289, -0.392), (0.292, -0.394), (0.294, -0.397), (0.297, -0.399), (0.299, -0.401), (0.302, -0.403), (0.304, -0.406), (0.307, -0.408), (0.309, -0.41), (0.311, -0.412), (0.314, -0.414), (0.316, -0.416), (0.318, -0.418), (0.32, -0.42), (0.322, -0.422), (0.325, -0.424), (0.327, -0.426), (0.329, -0.428), (0.331, -0.43), (0.333, -0.431), (0.335, -0.433), (0.337, -0.435), (0.339, -0.437), (0.341, -0.438), (0.343, -0.44), (0.345, -0.442), (0.346, -0.443), (0.348, -0.445), (0.35, -0.447), (0.352, -0.448), (0.354, -0.45), (0.355, -0.451), (0.357, -0.453), (0.359, -0.454), (0.36, -0.456), (0.362, -0.457), (0.363, -0.458), (0.365, -0.46), (0.367, -0.461), (0.368, -0.462), (0.37, -0.464), (0.371, -0.465), (0.372, -0.466), (0.374, -0.467), (0.375, -0.468), (0.377, -0.47), (0.378, -0.471), (0.379, -0.472), (0.381, -0.473), (0.382, -0.474), (0.383, -0.475), (0.384, -0.476), (0.385, -0.477), (0.387, -0.478), (0.388, -0.479), (0.389, -0.48), (0.39, -0.48), (0.391, -0.481), (0.392, -0.482), (0.393, -0.483), (0.394, -0.484), (0.395, -0.485), (0.396, -0.485), (0.397, -0.486), (0.398, -0.487), (0.399, -0.487), (0.4, -0.488), (0.401, -0.489), (0.401, -0.489), (0.402, -0.49), (0.403, -0.491), (0.404, -0.491), (0.405, -0.492), (0.405, -0.492), (0.406, -0.493), (0.407, -0.493), (0.408, -0.494), (0.408, -0.494), (0.409, -0.495), (0.409, -0.495), (0.41, -0.495), (0.411, -0.496), (0.411, -0.496), (0.412, -0.496), (0.412, -0.497), (0.413, -0.497), (0.413, -0.497), (0.414, -0.498), (0.414, -0.498), (0.415, -0.498), (0.415, -0.498), (0.416, -0.499), (0.416, -0.499), (0.416, -0.499), (0.417, -0.499), (0.417, -0.499), (0.417, -0.499), (0.418, -0.499), (0.418, -0.5), (0.418, -0.5), (0.419, -0.5), (0.419, -0.5), (0.419, -0.5), (0.419, -0.5), (0.42, -0.5), (0.42, -0.5), (0.42, -0.5), (0.42, -0.5), (0.42, -0.5), (0.421, -0.5), (0.421, -0.5), (0.421, -0.499), (0.421, -0.499), (0.421, -0.499), (0.421, -0.499), (0.421, -0.499), (0.421, -0.499), (0.421, -0.499), (0.421, -0.498), (0.421, -0.498), (0.421, -0.498), (0.422, -0.498), (0.422, -0.498), (0.421, -0.497), (0.421, -0.497), (0.421, -0.497), (0.421, -0.497), (0.421, -0.496), (0.421, -0.496), (0.421, -0.496), (0.421, -0.496), (0.421, -0.495), (0.421, -0.495), (0.421, -0.495), (0.421, -0.494), (0.421, -0.494), (0.42, -0.494), (0.42, -0.493), (0.42, -0.493), (0.42, -0.492), (0.42, -0.492), (0.42, -0.492), (0.419, -0.491), (0.419, -0.491), (0.419, -0.49), (0.419, -0.49), (0.418, -0.489), (0.418, -0.489), (0.418, -0.489), (0.418, -0.488), (0.417, -0.488), (0.417, -0.487), (0.417, -0.487), (0.417, -0.486), (0.416, -0.486), (0.416, -0.485), (0.416, -0.485), (0.415, -0.484), (0.415, -0.484), (0.415, -0.483), (0.415, -0.483), (0.414, -0.482), (0.414, -0.481), (0.414, -0.481), (0.413, -0.48), (0.413, -0.48), (0.412, -0.479), (0.412, -0.479), (0.412, -0.478), (0.411, -0.477), (0.411, -0.477), (0.411, -0.476), (0.41, -0.476), (0.41, -0.475), (0.409, -0.474), (0.409, -0.474), (0.409, -0.473), (0.408, -0.472), (0.408, -0.472), (0.407, -0.471), (0.407, -0.471), (0.406, -0.47), (0.406, -0.469), (0.406, -0.469), (0.405, -0.468), (0.405, -0.467), (0.404, -0.467), (0.404, -0.466), (0.403, -0.465), (0.403, -0.465), (0.402, -0.464), (0.402, -0.463), (0.401, -0.462), (0.401, -0.462), (0.4, -0.461), (0.4, -0.46), (0.399, -0.46), (0.399, -0.459), (0.398, -0.458), (0.398, -0.458), (0.397, -0.457), (0.397, -0.456), (0.396, -0.455), (0.396, -0.455), (0.395, -0.454), (0.395, -0.453), (0.394, -0.452), (0.394, -0.452), (0.393, -0.451), (0.393, -0.45), (0.392, -0.449), (0.392, -0.449), (0.391, -0.448), (0.391, -0.447), (0.39, -0.446), (0.389, -0.446), (0.389, -0.445), (0.388, -0.444), (0.388, -0.443), (0.387, -0.443), (0.387, -0.442), (0.386, -0.441), (0.386, -0.44), (0.385, -0.44), (0.385, -0.439), (0.384, -0.438), (0.383, -0.437), (0.383, -0.437), (0.382, -0.436), (0.382, -0.435), (0.381, -0.434), (0.381, -0.433), (0.38, -0.433), (0.379, -0.432), (0.379, -0.431), (0.378, -0.43), (0.378, -0.429), (0.377, -0.429), (0.377, -0.428), (0.376, -0.427), (0.375, -0.426), (0.375, -0.426), (0.374, -0.425), (0.374, -0.424), (0.373, -0.423), (0.372, -0.422), (0.372, -0.422), (0.371, -0.421), (0.371, -0.42), (0.37, -0.419), (0.369, -0.418), (0.369, -0.418), (0.368, -0.417), (0.368, -0.416), (0.367, -0.415), (0.367, -0.414), (0.366, -0.414), (0.365, -0.413), (0.365, -0.412), (0.364, -0.411), (0.364, -0.41), (0.363, -0.41), (0.362, -0.409), (0.362, -0.408), (0.361, -0.407), (0.361, -0.406), (0.36, -0.405), (0.359, -0.405), (0.359, -0.404), (0.358, -0.403), (0.358, -0.402), (0.357, -0.401), (0.356, -0.401), (0.356, -0.4), (0.355, -0.399), (0.355, -0.398), (0.354, -0.397), (0.353, -0.397), (0.353, -0.396), (0.352, -0.395), (0.352, -0.394), (0.351, -0.393), (0.35, -0.392), (0.35, -0.392), (0.349, -0.391), (0.349, -0.39), (0.348, -0.389), (0.347, -0.388), (0.347, -0.388), (0.346, -0.387), (0.346, -0.386), (0.345, -0.385), (0.344, -0.384), (0.344, -0.384), (0.343, -0.383), (0.343, -0.382), (0.342, -0.381), (0.341, -0.38), (0.341, -0.38), (0.34, -0.379), (0.34, -0.378), (0.339, -0.377), (0.338, -0.376), (0.338, -0.375), (0.337, -0.375), (0.337, -0.374), (0.336, -0.373), (0.335, -0.372), (0.335, -0.371), (0.334, -0.371), (0.334, -0.37), (0.333, -0.369), (0.333, -0.368), (0.332, -0.367), (0.331, -0.367), (0.331, -0.366), (0.33, -0.365), (0.33, -0.364), (0.329, -0.363), (0.328, -0.363), (0.328, -0.362), (0.327, -0.361), (0.327, -0.36), (0.326, -0.359), (0.325, -0.359), (0.325, -0.358), (0.324, -0.357), (0.324, -0.356), (0.323, -0.355), (0.323, -0.355), (0.322, -0.354), (0.321, -0.353), (0.321, -0.352), (0.32, -0.351), (0.32, -0.351), (0.319, -0.35), (0.318, -0.349), (0.318, -0.348), (0.317, -0.347), (0.317, -0.347), (0.316, -0.346), (0.316, -0.345), (0.315, -0.344), (0.314, -0.343), (0.314, -0.343), (0.313, -0.342), (0.313, -0.341), (0.312, -0.34), (0.312, -0.339), (0.311, -0.339), (0.31, -0.338), (0.31, -0.337), (0.309, -0.336), (0.309, -0.336), (0.308, -0.335), (0.308, -0.334), (0.307, -0.333), (0.306, -0.332), (0.306, -0.332), (0.305, -0.331), (0.305, -0.33), (0.304, -0.329), (0.304, -0.328), (0.303, -0.328), (0.303, -0.327), (0.302, -0.326), (0.301, -0.325), (0.301, -0.325), (0.3, -0.324), (0.3, -0.323), (0.299, -0.322), (0.299, -0.321), (0.298, -0.321), (0.298, -0.32), (0.297, -0.319), (0.296, -0.318), (0.296, -0.318), (0.295, -0.317), (0.295, -0.316), (0.294, -0.315), (0.294, -0.314), (0.293, -0.314), (0.293, -0.313), (0.292, -0.312), (0.292, -0.311), (0.291, -0.311), (0.29, -0.31), (0.29, -0.309), (0.289, -0.308), (0.289, -0.307), (0.288, -0.307)], total_steps=3141
  55th iteration: path_start=[(0.011, -0.172), (0.011, -0.172), (0.012, -0.172), (0.012, -0.172), (0.013, -0.172), (0.014, -0.173), (0.015, -0.173), (0.016, -0.173), (0.018, -0.173), (0.019, -0.173), (0.021, -0.173), (0.023, -0.173), (0.024, -0.173), (0.026, -0.173), (0.028, -0.173), (0.03, -0.173), (0.032, -0.173), (0.034, -0.173), (0.037, -0.173), (0.039, -0.173), (0.041, -0.173), (0.043, -0.173), (0.046, -0.173), (0.048, -0.173), (0.051, -0.173), (0.053, -0.173), (0.056, -0.173), (0.058, -0.173), (0.061, -0.173), (0.063, -0.173), (0.066, -0.173), (0.069, -0.173), (0.071, -0.173), (0.074, -0.173), (0.077, -0.172), (0.079, -0.172), (0.082, -0.172), (0.084, -0.172), (0.087, -0.172), (0.09, -0.172), (0.092, -0.172), (0.095, -0.172), (0.098, -0.172), (0.1, -0.172), (0.103, -0.171), (0.105, -0.171), (0.108, -0.171), (0.11, -0.171), (0.113, -0.171), (0.115, -0.171), (0.118, -0.17), (0.12, -0.17), (0.123, -0.17), (0.125, -0.17), (0.128, -0.17), (0.13, -0.169), (0.132, -0.169), (0.135, -0.169), (0.137, -0.169), (0.139, -0.169), (0.142, -0.168), (0.144, -0.168), (0.146, -0.168), (0.148, -0.168), (0.15, -0.167), (0.152, -0.167), (0.155, -0.167), (0.157, -0.166), (0.159, -0.166), (0.161, -0.166), (0.163, -0.166), (0.165, -0.165), (0.166, -0.165), (0.168, -0.165), (0.17, -0.164), (0.172, -0.164), (0.174, -0.164), (0.176, -0.163), (0.177, -0.163), (0.179, -0.163), (0.181, -0.162), (0.182, -0.162), (0.184, -0.161), (0.186, -0.161), (0.187, -0.161), (0.189, -0.16), (0.19, -0.16), (0.192, -0.159), (0.193, -0.159), (0.195, -0.159), (0.196, -0.158), (0.198, -0.158), (0.199, -0.157), (0.2, -0.157), (0.201, -0.157), (0.203, -0.156), (0.204, -0.156), (0.205, -0.155), (0.206, -0.155), (0.208, -0.154), (0.209, -0.154), (0.21, -0.153), (0.211, -0.153), (0.212, -0.152), (0.213, -0.152), (0.214, -0.151), (0.215, -0.151), (0.216, -0.15), (0.217, -0.15), (0.218, -0.149), (0.219, -0.149), (0.22, -0.148), (0.221, -0.148), (0.221, -0.147), (0.222, -0.147), (0.223, -0.146), (0.224, -0.146), (0.225, -0.145), (0.225, -0.145), (0.226, -0.144), (0.227, -0.144), (0.227, -0.143), (0.228, -0.143), (0.229, -0.142), (0.229, -0.142), (0.23, -0.141), (0.23, -0.14), (0.231, -0.14), (0.231, -0.139), (0.232, -0.139), (0.232, -0.138), (0.233, -0.138), (0.233, -0.137), (0.234, -0.137), (0.234, -0.136), (0.235, -0.135), (0.235, -0.135), (0.235, -0.134), (0.236, -0.134), (0.236, -0.133), (0.237, -0.132), (0.237, -0.132), (0.237, -0.131), (0.237, -0.131), (0.238, -0.13), (0.238, -0.13), (0.238, -0.129), (0.238, -0.128), (0.239, -0.128), (0.239, -0.127), (0.239, -0.126), (0.239, -0.126), (0.239, -0.125), (0.24, -0.125), (0.24, -0.124), (0.24, -0.123), (0.24, -0.123), (0.24, -0.122), (0.24, -0.122), (0.24, -0.121), (0.24, -0.12), (0.24, -0.12), (0.24, -0.119), (0.24, -0.118), (0.24, -0.118), (0.24, -0.117), (0.24, -0.117), (0.24, -0.116), (0.24, -0.115), (0.24, -0.115), (0.24, -0.114), (0.24, -0.113), (0.24, -0.113), (0.24, -0.112), (0.24, -0.112), (0.24, -0.111), (0.24, -0.11), (0.24, -0.11), (0.24, -0.109), (0.239, -0.108), (0.239, -0.108), (0.239, -0.107), (0.239, -0.106), (0.239, -0.106), (0.239, -0.105), (0.238, -0.104), (0.238, -0.104), (0.238, -0.103), (0.238, -0.102), (0.238, -0.102), (0.237, -0.101), (0.237, -0.1), (0.237, -0.1), (0.237, -0.099), (0.237, -0.099), (0.236, -0.098), (0.236, -0.097), (0.236, -0.097), (0.235, -0.096), (0.235, -0.095), (0.235, -0.095), (0.235, -0.094), (0.234, -0.093), (0.234, -0.093), (0.234, -0.092), (0.233, -0.091), (0.233, -0.091), (0.233, -0.09), (0.232, -0.089), (0.232, -0.089), (0.232, -0.088), (0.231, -0.087), (0.231, -0.087), (0.231, -0.086), (0.23, -0.085), (0.23, -0.085), (0.23, -0.084), (0.229, -0.083), (0.229, -0.083), (0.228, -0.082), (0.228, -0.081), (0.228, -0.081), (0.227, -0.08), (0.227, -0.079), (0.226, -0.079), (0.226, -0.078), (0.225, -0.077), (0.225, -0.077), (0.225, -0.076), (0.224, -0.075), (0.224, -0.075), (0.223, -0.074), (0.223, -0.073), (0.222, -0.073), (0.222, -0.072), (0.221, -0.071), (0.221, -0.071), (0.22, -0.07), (0.22, -0.069), (0.219, -0.068), (0.219, -0.068), (0.218, -0.067), (0.218, -0.066), (0.217, -0.066), (0.217, -0.065), (0.216, -0.064), (0.216, -0.064), (0.215, -0.063), (0.215, -0.062), (0.214, -0.062), (0.214, -0.061), (0.213, -0.06), (0.213, -0.06), (0.212, -0.059), (0.212, -0.058), (0.211, -0.058), (0.21, -0.057), (0.21, -0.056), (0.209, -0.056), (0.209, -0.055), (0.208, -0.054), (0.208, -0.054), (0.207, -0.053), (0.207, -0.052), (0.206, -0.052), (0.205, -0.051), (0.205, -0.05), (0.204, -0.05), (0.204, -0.049), (0.203, -0.048), (0.202, -0.047), (0.202, -0.047), (0.201, -0.046), (0.201, -0.045), (0.2, -0.045), (0.199, -0.044), (0.199, -0.043), (0.198, -0.043), (0.197, -0.042), (0.197, -0.041), (0.196, -0.041), (0.196, -0.04), (0.195, -0.039), (0.194, -0.039), (0.194, -0.038), (0.193, -0.037), (0.192, -0.037), (0.192, -0.036), (0.191, -0.035), (0.19, -0.035), (0.19, -0.034), (0.189, -0.033), (0.188, -0.033), (0.188, -0.032), (0.187, -0.031), (0.186, -0.03), (0.186, -0.03), (0.185, -0.029), (0.184, -0.028), (0.184, -0.028), (0.183, -0.027), (0.182, -0.026), (0.182, -0.026), (0.181, -0.025), (0.18, -0.024), (0.18, -0.024), (0.179, -0.023), (0.178, -0.022), (0.178, -0.022), (0.177, -0.021), (0.176, -0.02), (0.175, -0.02), (0.175, -0.019), (0.174, -0.018), (0.173, -0.018), (0.173, -0.017), (0.172, -0.016), (0.171, -0.015), (0.17, -0.015), (0.17, -0.014), (0.169, -0.013), (0.168, -0.013), (0.167, -0.012), (0.167, -0.011), (0.166, -0.011), (0.165, -0.01), (0.164, -0.009), (0.164, -0.009), (0.163, -0.008), (0.162, -0.007), (0.161, -0.007), (0.161, -0.006), (0.16, -0.005), (0.159, -0.005), (0.158, -0.004), (0.158, -0.003), (0.157, -0.003), (0.156, -0.002), (0.155, -0.001), (0.155, -0.0), (0.154, 0.0), (0.153, 0.001), (0.152, 0.002), (0.152, 0.002), (0.151, 0.003), (0.15, 0.004), (0.149, 0.004), (0.148, 0.005), (0.148, 0.006), (0.147, 0.006), (0.146, 0.007), (0.145, 0.008), (0.145, 0.008), (0.144, 0.009), (0.143, 0.01), (0.142, 0.01), (0.141, 0.011), (0.141, 0.012), (0.14, 0.013), (0.139, 0.013), (0.138, 0.014), (0.137, 0.015), (0.137, 0.015), (0.136, 0.016), (0.135, 0.017), (0.134, 0.017), (0.133, 0.018), (0.133, 0.019), (0.132, 0.019), (0.131, 0.02), (0.13, 0.021), (0.129, 0.021), (0.128, 0.022), (0.128, 0.023), (0.127, 0.024), (0.126, 0.024), (0.125, 0.025), (0.124, 0.026), (0.124, 0.026), (0.123, 0.027), (0.122, 0.028), (0.121, 0.028), (0.12, 0.029), (0.119, 0.03), (0.119, 0.03), (0.118, 0.031), (0.117, 0.032), (0.116, 0.032), (0.115, 0.033), (0.115, 0.034), (0.114, 0.035), (0.113, 0.035), (0.112, 0.036), (0.111, 0.037), (0.11, 0.037), (0.11, 0.038), (0.109, 0.039), (0.108, 0.039), (0.107, 0.04), (0.106, 0.041), (0.105, 0.041), (0.105, 0.042), (0.104, 0.043), (0.103, 0.044), (0.102, 0.044), (0.101, 0.045), (0.1, 0.046), (0.1, 0.046), (0.099, 0.047), (0.098, 0.048), (0.097, 0.048), (0.096, 0.049), (0.095, 0.05), (0.094, 0.051), (0.094, 0.051), (0.093, 0.052), (0.092, 0.053), (0.091, 0.053), (0.09, 0.054), (0.089, 0.055), (0.089, 0.055), (0.088, 0.056), (0.087, 0.057), (0.086, 0.058), (0.085, 0.058), (0.084, 0.059), (0.084, 0.06), (0.083, 0.06), (0.082, 0.061), (0.081, 0.062), (0.08, 0.062), (0.079, 0.063), (0.079, 0.064), (0.078, 0.065), (0.077, 0.065), (0.076, 0.066), (0.075, 0.067), (0.074, 0.067), (0.074, 0.068), (0.073, 0.069), (0.072, 0.069), (0.071, 0.07), (0.07, 0.071), (0.069, 0.072), (0.069, 0.072), (0.068, 0.073), (0.067, 0.074), (0.066, 0.074), (0.065, 0.075), (0.064, 0.076), (0.064, 0.077), (0.063, 0.077), (0.062, 0.078), (0.061, 0.079), (0.06, 0.079), (0.06, 0.08), (0.059, 0.081), (0.058, 0.082), (0.057, 0.082), (0.056, 0.083), (0.055, 0.084), (0.055, 0.084), (0.054, 0.085), (0.053, 0.086), (0.052, 0.087), (0.051, 0.087), (0.051, 0.088), (0.05, 0.089), (0.049, 0.089), (0.048, 0.09), (0.047, 0.091), (0.047, 0.092), (0.046, 0.092), (0.045, 0.093), (0.044, 0.094), (0.043, 0.094), (0.043, 0.095), (0.042, 0.096), (0.041, 0.097), (0.04, 0.097), (0.039, 0.098), (0.039, 0.099), (0.038, 0.1), (0.037, 0.1), (0.036, 0.101), (0.035, 0.102), (0.035, 0.102), (0.034, 0.103), (0.033, 0.104), (0.032, 0.105), (0.032, 0.105), (0.031, 0.106), (0.03, 0.107), (0.029, 0.108), (0.028, 0.108), (0.028, 0.109), (0.027, 0.11), (0.026, 0.11), (0.025, 0.111), (0.025, 0.112)], path_end=[(-0.077, 0.073), (-0.072, 0.068), (-0.067, 0.064), (-0.062, 0.059), (-0.057, 0.055), (-0.053, 0.05), (-0.048, 0.046), (-0.043, 0.041), (-0.038, 0.037), (-0.033, 0.032), (-0.029, 0.028), (-0.024, 0.023), (-0.019, 0.019), (-0.014, 0.014), (-0.01, 0.01), (-0.005, 0.005), (-0.0, 0.001), (0.005, -0.004), (0.009, -0.008), (0.014, -0.013), (0.019, -0.017), (0.023, -0.022), (0.028, -0.026), (0.033, -0.03), (0.037, -0.035), (0.042, -0.039), (0.046, -0.043), (0.051, -0.048), (0.056, -0.052), (0.06, -0.056), (0.065, -0.061), (0.069, -0.065), (0.074, -0.069), (0.078, -0.074), (0.083, -0.078), (0.087, -0.082), (0.092, -0.086), (0.096, -0.09), (0.1, -0.095), (0.105, -0.099), (0.109, -0.103), (0.114, -0.107), (0.118, -0.111), (0.122, -0.115), (0.127, -0.119), (0.131, -0.123), (0.135, -0.127), (0.139, -0.131), (0.144, -0.135), (0.148, -0.139), (0.152, -0.143), (0.156, -0.147), (0.16, -0.151), (0.164, -0.155), (0.168, -0.159), (0.172, -0.162), (0.176, -0.166), (0.181, -0.17), (0.185, -0.174), (0.188, -0.177), (0.192, -0.181), (0.196, -0.185), (0.2, -0.189), (0.204, -0.192), (0.208, -0.196), (0.212, -0.199), (0.216, -0.203), (0.219, -0.206), (0.223, -0.21), (0.227, -0.213), (0.23, -0.217), (0.234, -0.22), (0.238, -0.224), (0.241, -0.227), (0.245, -0.23), (0.249, -0.234), (0.252, -0.237), (0.256, -0.24), (0.259, -0.244), (0.262, -0.247), (0.266, -0.25), (0.269, -0.253), (0.273, -0.256), (0.276, -0.259), (0.279, -0.262), (0.283, -0.265), (0.286, -0.268), (0.289, -0.271), (0.292, -0.274), (0.295, -0.277), (0.299, -0.28), (0.302, -0.283), (0.305, -0.286), (0.308, -0.289), (0.311, -0.291), (0.314, -0.294), (0.317, -0.297), (0.32, -0.3), (0.323, -0.302), (0.325, -0.305), (0.328, -0.308), (0.331, -0.31), (0.334, -0.313), (0.337, -0.315), (0.339, -0.318), (0.342, -0.32), (0.345, -0.323), (0.347, -0.325), (0.35, -0.327), (0.353, -0.33), (0.355, -0.332), (0.358, -0.334), (0.36, -0.337), (0.363, -0.339), (0.365, -0.341), (0.368, -0.343), (0.37, -0.345), (0.372, -0.348), (0.375, -0.35), (0.377, -0.352), (0.379, -0.354), (0.381, -0.356), (0.384, -0.358), (0.386, -0.36), (0.388, -0.362), (0.39, -0.364), (0.392, -0.365), (0.394, -0.367), (0.396, -0.369), (0.398, -0.371), (0.4, -0.373), (0.402, -0.374), (0.404, -0.376), (0.406, -0.378), (0.408, -0.379), (0.41, -0.381), (0.412, -0.383), (0.413, -0.384), (0.415, -0.386), (0.417, -0.387), (0.419, -0.389), (0.42, -0.39), (0.422, -0.392), (0.424, -0.393), (0.425, -0.394), (0.427, -0.396), (0.428, -0.397), (0.43, -0.398), (0.431, -0.4), (0.433, -0.401), (0.434, -0.402), (0.436, -0.403), (0.437, -0.405), (0.439, -0.406), (0.44, -0.407), (0.441, -0.408), (0.443, -0.409), (0.444, -0.41), (0.445, -0.411), (0.446, -0.412), (0.448, -0.413), (0.449, -0.414), (0.45, -0.415), (0.451, -0.416), (0.452, -0.417), (0.453, -0.418), (0.454, -0.419), (0.455, -0.419), (0.457, -0.42), (0.458, -0.421), (0.459, -0.422), (0.459, -0.422), (0.46, -0.423), (0.461, -0.424), (0.462, -0.425), (0.463, -0.425), (0.464, -0.426), (0.465, -0.427), (0.466, -0.427), (0.466, -0.428), (0.467, -0.428), (0.468, -0.429), (0.469, -0.429), (0.469, -0.43), (0.47, -0.43), (0.471, -0.431), (0.472, -0.431), (0.472, -0.432), (0.473, -0.432), (0.473, -0.432), (0.474, -0.433), (0.475, -0.433), (0.475, -0.433), (0.476, -0.434), (0.476, -0.434), (0.477, -0.434), (0.477, -0.435), (0.478, -0.435), (0.478, -0.435), (0.479, -0.435), (0.479, -0.435), (0.479, -0.436), (0.48, -0.436), (0.48, -0.436), (0.481, -0.436), (0.481, -0.436), (0.481, -0.436), (0.481, -0.436), (0.482, -0.437), (0.482, -0.437), (0.482, -0.437), (0.483, -0.437), (0.483, -0.437), (0.483, -0.437), (0.483, -0.437), (0.483, -0.437), (0.484, -0.437), (0.484, -0.437), (0.484, -0.436), (0.484, -0.436), (0.484, -0.436), (0.484, -0.436), (0.484, -0.436), (0.485, -0.436), (0.485, -0.436), (0.485, -0.436), (0.485, -0.436), (0.485, -0.435), (0.485, -0.435), (0.485, -0.435), (0.485, -0.435), (0.485, -0.435), (0.485, -0.434), (0.485, -0.434), (0.485, -0.434), (0.485, -0.434), (0.485, -0.433), (0.485, -0.433), (0.485, -0.433), (0.484, -0.432), (0.484, -0.432), (0.484, -0.432), (0.484, -0.431), (0.484, -0.431), (0.484, -0.431), (0.484, -0.43), (0.484, -0.43), (0.483, -0.43), (0.483, -0.429), (0.483, -0.429), (0.483, -0.428), (0.483, -0.428), (0.483, -0.428), (0.482, -0.427), (0.482, -0.427), (0.482, -0.426), (0.482, -0.426), (0.481, -0.425), (0.481, -0.425), (0.481, -0.424), (0.481, -0.424), (0.48, -0.423), (0.48, -0.423), (0.48, -0.422), (0.479, -0.422), (0.479, -0.421), (0.479, -0.421), (0.479, -0.42), (0.478, -0.42), (0.478, -0.419), (0.478, -0.419), (0.477, -0.418), (0.477, -0.418), (0.477, -0.417), (0.476, -0.416), (0.476, -0.416), (0.475, -0.415), (0.475, -0.415), (0.475, -0.414), (0.474, -0.414), (0.474, -0.413), (0.474, -0.412), (0.473, -0.412), (0.473, -0.411), (0.472, -0.41), (0.472, -0.41), (0.471, -0.409), (0.471, -0.409), (0.471, -0.408), (0.47, -0.407), (0.47, -0.407), (0.469, -0.406), (0.469, -0.405), (0.468, -0.405), (0.468, -0.404), (0.468, -0.403), (0.467, -0.403), (0.467, -0.402), (0.466, -0.401), (0.466, -0.401), (0.465, -0.4), (0.465, -0.399), (0.464, -0.398), (0.464, -0.398), (0.463, -0.397), (0.463, -0.396), (0.462, -0.396), (0.462, -0.395), (0.461, -0.394), (0.461, -0.394), (0.46, -0.393), (0.46, -0.392), (0.459, -0.391), (0.459, -0.391), (0.458, -0.39), (0.458, -0.389), (0.457, -0.388), (0.457, -0.388), (0.456, -0.387), (0.456, -0.386), (0.455, -0.385), (0.454, -0.385), (0.454, -0.384), (0.453, -0.383), (0.453, -0.382), (0.452, -0.382), (0.452, -0.381), (0.451, -0.38), (0.451, -0.379), (0.45, -0.379), (0.45, -0.378), (0.449, -0.377), (0.448, -0.376), (0.448, -0.376), (0.447, -0.375), (0.447, -0.374), (0.446, -0.373), (0.446, -0.372), (0.445, -0.372), (0.444, -0.371), (0.444, -0.37), (0.443, -0.369), (0.443, -0.369), (0.442, -0.368), (0.442, -0.367), (0.441, -0.366), (0.44, -0.365), (0.44, -0.365), (0.439, -0.364), (0.439, -0.363), (0.438, -0.362), (0.438, -0.361), (0.437, -0.361), (0.436, -0.36), (0.436, -0.359), (0.435, -0.358), (0.435, -0.357), (0.434, -0.357), (0.433, -0.356), (0.433, -0.355), (0.432, -0.354), (0.432, -0.353), (0.431, -0.353), (0.43, -0.352), (0.43, -0.351), (0.429, -0.35), (0.429, -0.349), (0.428, -0.349), (0.428, -0.348), (0.427, -0.347), (0.426, -0.346), (0.426, -0.345), (0.425, -0.345), (0.425, -0.344), (0.424, -0.343), (0.423, -0.342), (0.423, -0.341), (0.422, -0.34), (0.422, -0.34), (0.421, -0.339), (0.42, -0.338), (0.42, -0.337), (0.419, -0.336), (0.419, -0.336), (0.418, -0.335), (0.417, -0.334), (0.417, -0.333), (0.416, -0.332), (0.416, -0.332), (0.415, -0.331), (0.414, -0.33), (0.414, -0.329), (0.413, -0.328), (0.413, -0.328), (0.412, -0.327), (0.411, -0.326), (0.411, -0.325), (0.41, -0.324), (0.41, -0.323), (0.409, -0.323), (0.408, -0.322), (0.408, -0.321), (0.407, -0.32), (0.407, -0.319), (0.406, -0.319), (0.405, -0.318), (0.405, -0.317), (0.404, -0.316), (0.404, -0.315), (0.403, -0.315), (0.402, -0.314), (0.402, -0.313), (0.401, -0.312), (0.401, -0.311), (0.4, -0.311), (0.399, -0.31), (0.399, -0.309), (0.398, -0.308), (0.398, -0.307), (0.397, -0.306), (0.396, -0.306), (0.396, -0.305), (0.395, -0.304), (0.395, -0.303), (0.394, -0.302), (0.394, -0.302), (0.393, -0.301), (0.392, -0.3), (0.392, -0.299), (0.391, -0.298), (0.391, -0.298), (0.39, -0.297), (0.389, -0.296), (0.389, -0.295), (0.388, -0.294), (0.388, -0.294), (0.387, -0.293), (0.386, -0.292), (0.386, -0.291), (0.385, -0.29), (0.385, -0.29), (0.384, -0.289), (0.384, -0.288), (0.383, -0.287), (0.382, -0.286), (0.382, -0.286), (0.381, -0.285), (0.381, -0.284), (0.38, -0.283), (0.38, -0.282), (0.379, -0.282), (0.378, -0.281), (0.378, -0.28), (0.377, -0.279), (0.377, -0.278), (0.376, -0.278), (0.376, -0.277), (0.375, -0.276), (0.374, -0.275), (0.374, -0.275), (0.373, -0.274), (0.373, -0.273), (0.372, -0.272), (0.372, -0.271), (0.371, -0.271), (0.37, -0.27), (0.37, -0.269), (0.369, -0.268), (0.369, -0.267), (0.368, -0.267), (0.368, -0.266), (0.367, -0.265), (0.366, -0.264), (0.366, -0.264), (0.365, -0.263), (0.365, -0.262), (0.364, -0.261), (0.364, -0.26), (0.363, -0.26), (0.363, -0.259), (0.362, -0.258), (0.361, -0.257), (0.361, -0.256), (0.36, -0.256), (0.36, -0.255), (0.359, -0.254), (0.359, -0.253), (0.358, -0.253), (0.358, -0.252), (0.357, -0.251), (0.357, -0.25), (0.356, -0.25), (0.355, -0.249), (0.355, -0.248), (0.354, -0.247), (0.354, -0.246), (0.353, -0.246), (0.353, -0.245), (0.352, -0.244), (0.352, -0.243)], total_steps=3141
  57th iteration: path_start=[(0.011, -0.172), (0.011, -0.172), (0.011, -0.172), (0.011, -0.172), (0.011, -0.172), (0.011, -0.173), (0.011, -0.173), (0.011, -0.173), (0.011, -0.173), (0.011, -0.173), (0.011, -0.173), (0.011, -0.173), (0.012, -0.173), (0.012, -0.173), (0.012, -0.173), (0.012, -0.173), (0.012, -0.173), (0.012, -0.173), (0.012, -0.173), (0.013, -0.173), (0.013, -0.173), (0.013, -0.174), (0.013, -0.174), (0.013, -0.174), (0.013, -0.174), (0.013, -0.174), (0.014, -0.174), (0.014, -0.174), (0.014, -0.174), (0.014, -0.174), (0.014, -0.175), (0.014, -0.175), (0.014, -0.175), (0.014, -0.175), (0.014, -0.175), (0.015, -0.175), (0.015, -0.175), (0.015, -0.175), (0.015, -0.176), (0.015, -0.176), (0.015, -0.176), (0.015, -0.176), (0.015, -0.176), (0.015, -0.176), (0.015, -0.176), (0.015, -0.176), (0.015, -0.177), (0.015, -0.177), (0.015, -0.177), (0.015, -0.177), (0.015, -0.177), (0.015, -0.177), (0.015, -0.177), (0.015, -0.178), (0.015, -0.178), (0.015, -0.178), (0.015, -0.178), (0.015, -0.178), (0.015, -0.178), (0.015, -0.178), (0.015, -0.179), (0.015, -0.179), (0.015, -0.179), (0.015, -0.179), (0.015, -0.179), (0.014, -0.179), (0.014, -0.179), (0.014, -0.18), (0.014, -0.18), (0.014, -0.18), (0.014, -0.18), (0.014, -0.18), (0.014, -0.18), (0.013, -0.18), (0.013, -0.181), (0.013, -0.181), (0.013, -0.181), (0.013, -0.181), (0.013, -0.181), (0.012, -0.181), (0.012, -0.181), (0.012, -0.181), (0.012, -0.181), (0.012, -0.182), (0.011, -0.182), (0.011, -0.182), (0.011, -0.182), (0.011, -0.182), (0.01, -0.182), (0.01, -0.182), (0.01, -0.182), (0.01, -0.182), (0.009, -0.183), (0.009, -0.183), (0.009, -0.183), (0.008, -0.183), (0.008, -0.183), (0.008, -0.183), (0.008, -0.183), (0.007, -0.183), (0.007, -0.183), (0.007, -0.183), (0.006, -0.183), (0.006, -0.183), (0.006, -0.184), (0.005, -0.184), (0.005, -0.184), (0.005, -0.184), (0.004, -0.184), (0.004, -0.184), (0.003, -0.184), (0.003, -0.184), (0.003, -0.184), (0.002, -0.184), (0.002, -0.184), (0.001, -0.184), (0.001, -0.184), (0.001, -0.184), (0.0, -0.184), (-0.0, -0.184), (-0.001, -0.184), (-0.001, -0.184), (-0.001, -0.184), (-0.002, -0.184), (-0.002, -0.184), (-0.003, -0.184), (-0.003, -0.184), (-0.004, -0.184), (-0.004, -0.184), (-0.004, -0.184), (-0.005, -0.185), (-0.005, -0.185), (-0.006, -0.185), (-0.006, -0.185), (-0.007, -0.185), (-0.007, -0.185), (-0.008, -0.185), (-0.008, -0.185), (-0.009, -0.184), (-0.009, -0.184), (-0.01, -0.184), (-0.01, -0.184), (-0.011, -0.184), (-0.011, -0.184), (-0.012, -0.184), (-0.012, -0.184), (-0.013, -0.184), (-0.013, -0.184), (-0.014, -0.184), (-0.014, -0.184), (-0.015, -0.184), (-0.015, -0.184), (-0.016, -0.184), (-0.017, -0.184), (-0.017, -0.184), (-0.018, -0.184), (-0.018, -0.184), (-0.019, -0.184), (-0.019, -0.184), (-0.02, -0.184), (-0.02, -0.184), (-0.021, -0.184), (-0.022, -0.184), (-0.022, -0.184), (-0.023, -0.184), (-0.023, -0.184), (-0.024, -0.184), (-0.025, -0.183), (-0.025, -0.183), (-0.026, -0.183), (-0.026, -0.183), (-0.027, -0.183), (-0.028, -0.183), (-0.028, -0.183), (-0.029, -0.183), (-0.029, -0.183), (-0.03, -0.183), (-0.031, -0.183), (-0.031, -0.183), (-0.032, -0.183), (-0.033, -0.183), (-0.033, -0.182), (-0.034, -0.182), (-0.035, -0.182), (-0.035, -0.182), (-0.036, -0.182), (-0.036, -0.182), (-0.037, -0.182), (-0.038, -0.182), (-0.038, -0.182), (-0.039, -0.182), (-0.04, -0.182), (-0.04, -0.182), (-0.041, -0.182), (-0.042, -0.181), (-0.043, -0.181), (-0.043, -0.181), (-0.044, -0.181), (-0.045, -0.181), (-0.045, -0.181), (-0.046, -0.181), (-0.047, -0.181), (-0.047, -0.181), (-0.048, -0.181), (-0.049, -0.181), (-0.05, -0.18), (-0.05, -0.18), (-0.051, -0.18), (-0.052, -0.18), (-0.052, -0.18), (-0.053, -0.18), (-0.054, -0.18), (-0.055, -0.18), (-0.055, -0.18), (-0.056, -0.18), (-0.057, -0.179), (-0.058, -0.179), (-0.058, -0.179), (-0.059, -0.179), (-0.06, -0.179), (-0.061, -0.179), (-0.061, -0.179), (-0.062, -0.179), (-0.063, -0.179), (-0.064, -0.179), (-0.064, -0.179), (-0.065, -0.178), (-0.066, -0.178), (-0.067, -0.178), (-0.067, -0.178), (-0.068, -0.178), (-0.069, -0.178), (-0.07, -0.178), (-0.071, -0.178), (-0.071, -0.178), (-0.072, -0.178), (-0.073, -0.177), (-0.074, -0.177), (-0.075, -0.177), (-0.075, -0.177), (-0.076, -0.177), (-0.077, -0.177), (-0.078, -0.177), (-0.079, -0.177), (-0.079, -0.177), (-0.08, -0.177), (-0.081, -0.177), (-0.082, -0.176), (-0.083, -0.176), (-0.084, -0.176), (-0.084, -0.176), (-0.085, -0.176), (-0.086, -0.176), (-0.087, -0.176), (-0.088, -0.176), (-0.089, -0.176), (-0.089, -0.176), (-0.09, -0.175), (-0.091, -0.175), (-0.092, -0.175), (-0.093, -0.175), (-0.094, -0.175), (-0.095, -0.175), (-0.095, -0.175), (-0.096, -0.175), (-0.097, -0.175), (-0.098, -0.175), (-0.099, -0.175), (-0.1, -0.174), (-0.101, -0.174), (-0.102, -0.174), (-0.102, -0.174), (-0.103, -0.174), (-0.104, -0.174), (-0.105, -0.174), (-0.106, -0.174), (-0.107, -0.174), (-0.108, -0.174), (-0.109, -0.174), (-0.11, -0.174), (-0.11, -0.173), (-0.111, -0.173), (-0.112, -0.173), (-0.113, -0.173), (-0.114, -0.173), (-0.115, -0.173), (-0.116, -0.173), (-0.117, -0.173), (-0.118, -0.173), (-0.119, -0.173), (-0.119, -0.173), (-0.12, -0.173), (-0.121, -0.172), (-0.122, -0.172), (-0.123, -0.172), (-0.124, -0.172), (-0.125, -0.172), (-0.126, -0.172), (-0.127, -0.172), (-0.128, -0.172), (-0.129, -0.172), (-0.13, -0.172), (-0.13, -0.172), (-0.131, -0.172), (-0.132, -0.171), (-0.133, -0.171), (-0.134, -0.171), (-0.135, -0.171), (-0.136, -0.171), (-0.137, -0.171), (-0.138, -0.171), (-0.139, -0.171), (-0.14, -0.171), (-0.141, -0.171), (-0.142, -0.171), (-0.143, -0.171), (-0.144, -0.17), (-0.145, -0.17), (-0.146, -0.17), (-0.146, -0.17), (-0.147, -0.17), (-0.148, -0.17), (-0.149, -0.17), (-0.15, -0.17), (-0.151, -0.17), (-0.152, -0.17), (-0.153, -0.17), (-0.154, -0.17), (-0.155, -0.169), (-0.156, -0.169), (-0.157, -0.169), (-0.158, -0.169), (-0.159, -0.169), (-0.16, -0.169), (-0.161, -0.169), (-0.162, -0.169), (-0.163, -0.169), (-0.164, -0.169), (-0.165, -0.169), (-0.166, -0.169), (-0.167, -0.169), (-0.168, -0.168), (-0.168, -0.168), (-0.169, -0.168), (-0.17, -0.168), (-0.171, -0.168), (-0.172, -0.168), (-0.173, -0.168), (-0.174, -0.168), (-0.175, -0.168), (-0.176, -0.168), (-0.177, -0.168), (-0.178, -0.167), (-0.179, -0.167), (-0.18, -0.167), (-0.181, -0.167), (-0.182, -0.167), (-0.183, -0.167), (-0.184, -0.167), (-0.185, -0.167), (-0.186, -0.167), (-0.187, -0.167), (-0.188, -0.167), (-0.189, -0.167), (-0.19, -0.166), (-0.191, -0.166), (-0.192, -0.166), (-0.193, -0.166), (-0.194, -0.166), (-0.195, -0.166), (-0.196, -0.166), (-0.197, -0.166), (-0.198, -0.166), (-0.198, -0.166), (-0.199, -0.165), (-0.2, -0.165), (-0.201, -0.165), (-0.202, -0.165), (-0.203, -0.165), (-0.204, -0.165), (-0.205, -0.165), (-0.206, -0.165), (-0.207, -0.165), (-0.208, -0.165), (-0.209, -0.164), (-0.21, -0.164), (-0.211, -0.164), (-0.212, -0.164), (-0.213, -0.164), (-0.214, -0.164), (-0.215, -0.164), (-0.216, -0.164), (-0.217, -0.164), (-0.218, -0.163), (-0.219, -0.163), (-0.22, -0.163), (-0.221, -0.163), (-0.222, -0.163), (-0.223, -0.163), (-0.223, -0.163), (-0.224, -0.163), (-0.225, -0.162), (-0.226, -0.162), (-0.227, -0.162), (-0.228, -0.162), (-0.229, -0.162), (-0.23, -0.162), (-0.231, -0.162), (-0.232, -0.162), (-0.233, -0.161), (-0.234, -0.161), (-0.235, -0.161), (-0.236, -0.161), (-0.237, -0.161), (-0.238, -0.161), (-0.239, -0.161), (-0.24, -0.161), (-0.24, -0.16), (-0.241, -0.16), (-0.242, -0.16), (-0.243, -0.16), (-0.244, -0.16), (-0.245, -0.16), (-0.246, -0.16), (-0.247, -0.159), (-0.248, -0.159), (-0.249, -0.159), (-0.25, -0.159), (-0.251, -0.159), (-0.252, -0.159), (-0.253, -0.158), (-0.253, -0.158), (-0.254, -0.158), (-0.255, -0.158), (-0.256, -0.158), (-0.257, -0.158), (-0.258, -0.158), (-0.259, -0.157), (-0.26, -0.157), (-0.261, -0.157), (-0.262, -0.157), (-0.263, -0.157), (-0.263, -0.157), (-0.264, -0.156), (-0.265, -0.156), (-0.266, -0.156), (-0.267, -0.156), (-0.268, -0.156), (-0.269, -0.155), (-0.27, -0.155), (-0.271, -0.155), (-0.272, -0.155), (-0.272, -0.155), (-0.273, -0.155), (-0.274, -0.154), (-0.275, -0.154), (-0.276, -0.154), (-0.277, -0.154), (-0.278, -0.154), (-0.279, -0.153), (-0.279, -0.153), (-0.28, -0.153), (-0.281, -0.153), (-0.282, -0.153), (-0.283, -0.152), (-0.284, -0.152), (-0.285, -0.152), (-0.286, -0.152), (-0.286, -0.152), (-0.287, -0.151), (-0.288, -0.151), (-0.289, -0.151), (-0.29, -0.151), (-0.291, -0.15), (-0.292, -0.15), (-0.292, -0.15), (-0.293, -0.15), (-0.294, -0.15), (-0.295, -0.149), (-0.296, -0.149), (-0.297, -0.149), (-0.297, -0.149), (-0.298, -0.148), (-0.299, -0.148), (-0.3, -0.148), (-0.301, -0.148), (-0.302, -0.147), (-0.302, -0.147), (-0.303, -0.147), (-0.304, -0.147), (-0.305, -0.146), (-0.306, -0.146), (-0.306, -0.146), (-0.307, -0.146), (-0.308, -0.145), (-0.309, -0.145), (-0.31, -0.145), (-0.31, -0.145), (-0.311, -0.144), (-0.312, -0.144)], path_end=[(0.407, 0.069), (0.406, 0.069), (0.406, 0.069), (0.405, 0.069), (0.404, 0.069), (0.404, 0.069), (0.403, 0.069), (0.403, 0.069), (0.402, 0.069), (0.401, 0.068), (0.401, 0.068), (0.4, 0.068), (0.4, 0.068), (0.399, 0.068), (0.398, 0.068), (0.398, 0.068), (0.397, 0.068), (0.396, 0.068), (0.396, 0.067), (0.395, 0.067), (0.395, 0.067), (0.394, 0.067), (0.393, 0.067), (0.393, 0.067), (0.392, 0.067), (0.392, 0.067), (0.391, 0.066), (0.39, 0.066), (0.39, 0.066), (0.389, 0.066), (0.389, 0.066), (0.388, 0.066), (0.387, 0.066), (0.387, 0.066), (0.386, 0.065), (0.386, 0.065), (0.385, 0.065), (0.384, 0.065), (0.384, 0.065), (0.383, 0.065), (0.383, 0.065), (0.382, 0.064), (0.381, 0.064), (0.381, 0.064), (0.38, 0.064), (0.38, 0.064), (0.379, 0.064), (0.378, 0.064), (0.378, 0.063), (0.377, 0.063), (0.377, 0.063), (0.376, 0.063), (0.375, 0.063), (0.375, 0.063), (0.374, 0.063), (0.374, 0.062), (0.373, 0.062), (0.372, 0.062), (0.372, 0.062), (0.371, 0.062), (0.371, 0.062), (0.37, 0.061), (0.369, 0.061), (0.369, 0.061), (0.368, 0.061), (0.367, 0.061), (0.367, 0.061), (0.366, 0.061), (0.366, 0.06), (0.365, 0.06), (0.364, 0.06), (0.364, 0.06), (0.363, 0.06), (0.363, 0.06), (0.362, 0.059), (0.361, 0.059), (0.361, 0.059), (0.36, 0.059), (0.359, 0.059), (0.359, 0.058), (0.358, 0.058), (0.358, 0.058), (0.357, 0.058), (0.356, 0.058), (0.356, 0.058), (0.355, 0.057), (0.355, 0.057), (0.354, 0.057), (0.353, 0.057), (0.353, 0.057), (0.352, 0.056), (0.351, 0.056), (0.351, 0.056), (0.35, 0.056), (0.35, 0.056), (0.349, 0.056), (0.348, 0.055), (0.348, 0.055), (0.347, 0.055), (0.346, 0.055), (0.346, 0.055), (0.345, 0.054), (0.345, 0.054), (0.344, 0.054), (0.343, 0.054), (0.343, 0.054), (0.342, 0.053), (0.341, 0.053), (0.341, 0.053), (0.34, 0.053), (0.34, 0.052), (0.339, 0.052), (0.338, 0.052), (0.338, 0.052), (0.337, 0.052), (0.336, 0.051), (0.336, 0.051), (0.335, 0.051), (0.335, 0.051), (0.334, 0.051), (0.333, 0.05), (0.333, 0.05), (0.332, 0.05), (0.331, 0.05), (0.331, 0.049), (0.33, 0.049), (0.329, 0.049), (0.329, 0.049), (0.328, 0.049), (0.328, 0.048), (0.327, 0.048), (0.326, 0.048), (0.326, 0.048), (0.325, 0.047), (0.324, 0.047), (0.324, 0.047), (0.323, 0.047), (0.322, 0.046), (0.322, 0.046), (0.321, 0.046), (0.321, 0.046), (0.32, 0.045), (0.319, 0.045), (0.319, 0.045), (0.318, 0.045), (0.317, 0.045), (0.317, 0.044), (0.316, 0.044), (0.315, 0.044), (0.315, 0.044), (0.314, 0.043), (0.313, 0.043), (0.313, 0.043), (0.312, 0.042), (0.312, 0.042), (0.311, 0.042), (0.31, 0.042), (0.31, 0.041), (0.309, 0.041), (0.308, 0.041), (0.308, 0.041), (0.307, 0.04), (0.306, 0.04), (0.306, 0.04), (0.305, 0.04), (0.305, 0.039), (0.304, 0.039), (0.303, 0.039), (0.303, 0.039), (0.302, 0.038), (0.301, 0.038), (0.301, 0.038), (0.3, 0.037), (0.299, 0.037), (0.299, 0.037), (0.298, 0.037), (0.297, 0.036), (0.297, 0.036), (0.296, 0.036), (0.296, 0.035), (0.295, 0.035), (0.294, 0.035), (0.294, 0.035), (0.293, 0.034), (0.292, 0.034), (0.292, 0.034), (0.291, 0.033), (0.29, 0.033), (0.29, 0.033), (0.289, 0.033), (0.288, 0.032), (0.288, 0.032), (0.287, 0.032), (0.287, 0.031), (0.286, 0.031), (0.285, 0.031), (0.285, 0.03), (0.284, 0.03), (0.283, 0.03), (0.283, 0.029), (0.282, 0.029), (0.281, 0.029), (0.281, 0.029), (0.28, 0.028), (0.28, 0.028), (0.279, 0.028), (0.278, 0.027), (0.278, 0.027), (0.277, 0.027), (0.276, 0.026), (0.276, 0.026), (0.275, 0.026), (0.274, 0.025), (0.274, 0.025), (0.273, 0.025), (0.273, 0.024), (0.272, 0.024), (0.271, 0.024), (0.271, 0.023), (0.27, 0.023), (0.269, 0.023), (0.269, 0.022), (0.268, 0.022), (0.267, 0.022), (0.267, 0.021), (0.266, 0.021), (0.266, 0.021), (0.265, 0.02), (0.264, 0.02), (0.264, 0.019), (0.263, 0.019), (0.262, 0.019), (0.262, 0.018), (0.261, 0.018), (0.261, 0.018), (0.26, 0.017), (0.259, 0.017), (0.259, 0.017), (0.258, 0.016), (0.257, 0.016), (0.257, 0.015), (0.256, 0.015), (0.256, 0.015), (0.255, 0.014), (0.254, 0.014), (0.254, 0.014), (0.253, 0.013), (0.252, 0.013), (0.252, 0.012), (0.251, 0.012), (0.25, 0.012), (0.25, 0.011), (0.249, 0.011), (0.249, 0.011), (0.248, 0.01), (0.247, 0.01), (0.247, 0.009), (0.246, 0.009), (0.246, 0.009), (0.245, 0.008), (0.244, 0.008), (0.244, 0.007), (0.243, 0.007), (0.242, 0.007), (0.242, 0.006), (0.241, 0.006), (0.241, 0.005), (0.24, 0.005), (0.239, 0.004), (0.239, 0.004), (0.238, 0.004), (0.237, 0.003), (0.237, 0.003), (0.236, 0.002), (0.236, 0.002), (0.235, 0.002), (0.234, 0.001), (0.234, 0.001), (0.233, 0.0), (0.232, -0.0), (0.232, -0.001), (0.231, -0.001), (0.231, -0.002), (0.23, -0.002), (0.229, -0.002), (0.229, -0.003), (0.228, -0.003), (0.228, -0.004), (0.227, -0.004), (0.226, -0.005), (0.226, -0.005), (0.225, -0.006), (0.224, -0.006), (0.224, -0.007), (0.223, -0.007), (0.223, -0.007), (0.222, -0.008), (0.221, -0.008), (0.221, -0.009), (0.22, -0.009), (0.22, -0.01), (0.219, -0.01), (0.218, -0.011), (0.218, -0.011), (0.217, -0.012), (0.216, -0.012), (0.216, -0.013), (0.215, -0.013), (0.215, -0.014), (0.214, -0.014), (0.213, -0.015), (0.213, -0.015), (0.212, -0.016), (0.212, -0.016), (0.211, -0.017), (0.21, -0.017), (0.21, -0.018), (0.209, -0.018), (0.208, -0.019), (0.208, -0.019), (0.207, -0.02), (0.207, -0.02), (0.206, -0.021), (0.205, -0.021), (0.205, -0.022), (0.204, -0.022), (0.204, -0.023), (0.203, -0.023), (0.202, -0.024), (0.202, -0.024), (0.201, -0.025), (0.2, -0.026), (0.2, -0.026), (0.199, -0.027), (0.199, -0.027), (0.198, -0.028), (0.197, -0.028), (0.197, -0.029), (0.196, -0.029), (0.195, -0.03), (0.195, -0.03), (0.194, -0.031), (0.194, -0.032), (0.193, -0.032), (0.192, -0.033), (0.192, -0.033), (0.191, -0.034), (0.19, -0.034), (0.19, -0.035), (0.189, -0.036), (0.189, -0.036), (0.188, -0.037), (0.187, -0.037), (0.187, -0.038), (0.186, -0.038), (0.185, -0.039), (0.185, -0.04), (0.184, -0.04), (0.184, -0.041), (0.183, -0.041), (0.182, -0.042), (0.182, -0.043), (0.181, -0.043), (0.18, -0.044), (0.18, -0.044), (0.179, -0.045), (0.179, -0.046), (0.178, -0.046), (0.177, -0.047), (0.177, -0.047), (0.176, -0.048), (0.175, -0.049), (0.175, -0.049), (0.174, -0.05), (0.174, -0.051), (0.173, -0.051), (0.172, -0.052), (0.172, -0.052), (0.171, -0.053), (0.17, -0.054), (0.17, -0.054), (0.169, -0.055), (0.168, -0.056), (0.168, -0.056), (0.167, -0.057), (0.167, -0.058), (0.166, -0.058), (0.165, -0.059), (0.165, -0.06), (0.164, -0.06), (0.163, -0.061), (0.163, -0.061), (0.162, -0.062), (0.161, -0.063), (0.161, -0.063), (0.16, -0.064), (0.159, -0.065), (0.159, -0.065), (0.158, -0.066), (0.157, -0.067), (0.157, -0.067), (0.156, -0.068), (0.156, -0.069), (0.155, -0.069), (0.154, -0.07), (0.154, -0.071), (0.153, -0.071), (0.152, -0.072), (0.152, -0.073), (0.151, -0.073), (0.15, -0.074), (0.15, -0.075), (0.149, -0.076), (0.148, -0.076), (0.148, -0.077), (0.147, -0.078), (0.146, -0.078), (0.146, -0.079), (0.145, -0.08), (0.144, -0.08), (0.144, -0.081), (0.143, -0.082), (0.142, -0.082), (0.142, -0.083), (0.141, -0.084), (0.14, -0.084), (0.14, -0.085), (0.139, -0.086), (0.138, -0.087), (0.138, -0.087), (0.137, -0.088), (0.136, -0.089), (0.136, -0.089), (0.135, -0.09), (0.134, -0.091), (0.134, -0.091), (0.133, -0.092), (0.132, -0.093), (0.132, -0.094), (0.131, -0.094), (0.13, -0.095), (0.13, -0.096), (0.129, -0.096), (0.128, -0.097), (0.128, -0.098), (0.127, -0.098), (0.126, -0.099), (0.126, -0.1), (0.125, -0.101), (0.124, -0.101), (0.124, -0.102), (0.123, -0.103), (0.122, -0.103), (0.122, -0.104), (0.121, -0.105), (0.12, -0.105), (0.12, -0.106), (0.119, -0.107), (0.118, -0.108), (0.118, -0.108), (0.117, -0.109), (0.116, -0.11), (0.116, -0.11), (0.115, -0.111), (0.114, -0.112), (0.114, -0.112), (0.113, -0.113), (0.112, -0.114), (0.111, -0.114), (0.111, -0.115), (0.11, -0.116), (0.109, -0.116), (0.109, -0.117), (0.108, -0.118), (0.107, -0.119), (0.107, -0.119), (0.106, -0.12), (0.105, -0.121), (0.105, -0.121), (0.104, -0.122), (0.103, -0.123), (0.103, -0.123), (0.102, -0.124), (0.101, -0.125), (0.101, -0.125), (0.1, -0.126), (0.099, -0.127), (0.099, -0.127), (0.098, -0.128), (0.097, -0.128), (0.097, -0.129), (0.096, -0.13), (0.095, -0.13), (0.094, -0.131), (0.094, -0.132), (0.093, -0.132), (0.092, -0.133), (0.092, -0.134), (0.091, -0.134), (0.09, -0.135)], total_steps=3141

# Recent Trend: STABLE (ball count unchanged) - Last 3 iterations: [100, 100, 97, 99, 94, 99, 100, 99, 100, 100]

# Historical Weight Performance Feedback:

# Best Historical Policy (Iteration 37):
  Total balls remaining: 85 | Waypoints executed: 1458 | # Weight Range Insight:
  Weight range = [-187.746, 186.057] (Δ = 373.803) → Suggested MAX_STEP = 31.15



Now you are at iteration 59 out of 510.  Please provide the results in the indicated format. Do not provide any additional texts.


