
You are a global Reinforcement Learning policy optimizer, helping me find the global optimal policy in the following environment.

# Environment:
     In this robot cleaning environment, the swiffer duster is connected to the UR5e robot at the end-effector. The swiffer duster is used to clean a tabletop that is covered with light balls. The trajectory of the swiffer across 2D Plane ( x, y ) should follow a smooth motion to  clean all the balls from the tabletop. The dimension ( x ∈ [-1.350, 1.350], y ∈ [-0.700, 0.700] ) of tabletop is broken down in 2x3 grid. The number of balls in each segment of the grid is  based on the motion of the swiffer.
     The policy used for generating the trajectory of the swiffer is a dynamic movement primitives (dmp) with number of basis function (n_bfs = 25) for each degree of freedom ( x, y ). The cost is calculated as total number of balls on the tabletop are 95  which is broken down spatially based on the number of balls in each segment of the grid (represented as: rows=y high→low, cols=x left→right). 
# Regarding the parameters : Weights for the dmp policy are flattened [x then y] with total length 50. You will help me find optimal weights that minimize the cost. 

# Here's how we will interact :
    1) I will provide you max steps (510) along with a couple of training examples which includes weights for the policy, cost, x-y trajectories for each example 
    2) You will provide the response in exact following format: 
        Output: STRICTLY one JSON object on a single line (no code fences). Include a brief "reason" and the "weights":
        {"reason": "one sentence explaining coverage, bounds adherence, and trajectory improvements", "weights": [exactly 50 floats]}
    3) I will then provide the cost in two representations (total ball count, grid ball count) and the x-y trajectories at that point and the current iteration.
    4) You will repeat the steps from 2-3 until we will reach a maximum number of iteration.

# Remember :
    1) XY WORKSPACE LIMITS (meters): x ∈ [-1.350, 1.350], y ∈ [-0.700, 0.700]. Any path implied by your weights must keep the 2D trajectory strictly within these bounds.
    2) When creating weights, use the trajectory feedback to understand:
      * If previous motions stayed in bounds
      * Which areas were actually covered vs missed
      * How smooth/erratic the motion was
      * Where the robot spent time vs where balls remain
    3) Balance between exploration and exploitation. 
    4) Search both the positive and the negative values.
    5) The global optimum should be at 50 balls in each grid segment (50 total balls). If you are below that, this is just a local optimum. You should explore rather than exploiting.

Next :
     You will see examples of the dmp weights and their corresponding trajectory and cost.
     weights = [84.993855, 69.885069, 55.206646, 42.306527, 32.309473, 24.273628, 12.420855, -7.368554, -24.351259, -28.730552, -34.305447, -50.96178, -73.563352, -95.873989, -116.474452, -135.129149, -149.577451, -159.238397, -166.375785, -171.873775, -173.325799, -168.103406, -154.11261, -132.871615, -110.755176, -90.821882, -71.419665, -52.33974, -35.634237, -21.18727, -7.303905, 6.098977, 19.240626, 33.455577, 50.216669, 69.857061, 91.259438, 111.596813, 129.704331, 145.486411, 157.232589, 165.402812, 170.847044, 172.445849, 169.429601, 162.092667, 149.79719, 133.344939, 116.11635, 100.117687, 34.254739, 29.930115, 24.678004, 18.37642, 11.170079, 2.594627, -11.680548, -38.735428, -61.330785, -54.551031, -39.820681, -36.935136, -39.02968, -40.045511, -39.303201, -36.18576, -29.635765, -20.488875, -9.569289, 2.788452, 14.835595, 24.992636, 31.936633, 35.02832, 35.098438, 32.884945, 28.724358, 23.129088, 16.82561, 10.515734, 4.220914, -2.627085, -10.225675, -18.073946, -25.517172, -31.15169, -34.177154, -35.122555, -33.961812, -30.347473, -23.521878, -13.65379, -2.620972, 8.878889, 20.748335, 31.418109, 38.337951, 40.379633, 39.578511, 37.560793] and [65.370776, 52.45726, 40.6369, 29.605392, 18.033523, 5.931341, -6.326353, -17.461541, -26.223187, -34.197609, -43.399004, -54.797347, -68.689981, -82.694078, -94.078938, -103.69877, -112.681819, -119.626482, -123.539309, -125.587927, -126.502001, -125.569174, -121.310892, -113.123039, -102.857885, -92.476709, -81.730354, -69.824577, -57.163148, -43.903959, -30.130638, -16.832759, -5.461248, 3.898699, 13.039037, 24.292207, 38.638945, 54.356717, 69.000578, 81.899959, 95.212694, 109.469252, 120.0602, 125.02996, 125.826018, 121.888043, 112.735371, 100.636731, 88.93199, 77.724505, 19.196539, 20.155751, 20.191332, 19.36449, 17.515903, 13.783372, 4.013372, -16.789299, -35.348693, -32.588751, -23.101339, -21.806064, -24.332201, -25.823497, -25.295929, -22.72066, -17.556588, -10.202657, -2.521874, 4.979672, 12.367861, 18.321992, 22.457555, 25.042474, 26.014404, 25.853485, 24.864491, 23.192582, 21.340527, 19.428395, 17.001096, 13.072102, 7.107368, -0.352414, -8.055547, -14.14084, -18.052256, -20.831035, -22.672769, -23.392738, -23.288176, -22.075108, -18.524282, -12.418171, -5.340101, 1.58115, 8.114919, 13.18374, 15.986256, 17.655942],
     Trajectory = 20
     Total cost = 95
     Grid cost = 95
     
     
# Historical Feedback Summary (last 10 iterations)
# Iteration Performance Summary (last 10 iterations):
  279th iteration: total_balls=100, waypoints_executed=1571, grid_distribution=[18, 11, 19, 20, 9, 23]
  280th iteration: total_balls=100, waypoints_executed=1571, grid_distribution=[18, 13, 18, 16, 11, 24]
  281st iteration: total_balls=98, waypoints_executed=1571, grid_distribution=[23, 12, 16, 16, 9, 22]
  282nd iteration: total_balls=100, waypoints_executed=1571, grid_distribution=[22, 11, 16, 20, 9, 22]
  283rd iteration: total_balls=100, waypoints_executed=1571, grid_distribution=[17, 16, 14, 15, 14, 24]
  284th iteration: total_balls=96, waypoints_executed=921, grid_distribution=[16, 12, 21, 17, 10, 20]
  285th iteration: total_balls=100, waypoints_executed=1571, grid_distribution=[19, 11, 18, 21, 8, 23]
  286th iteration: total_balls=97, waypoints_executed=1571, grid_distribution=[17, 12, 12, 20, 14, 22]
  287th iteration: total_balls=94, waypoints_executed=311, grid_distribution=[15, 12, 22, 15, 10, 20]
  288th iteration: total_balls=92, waypoints_executed=1571, grid_distribution=[14, 13, 18, 10, 8, 29]

# Trajectory Path Analysis (last 10 iterations):
  269th iteration: path_start=[(0.01, -0.172), (0.01, -0.173), (0.01, -0.173), (0.009, -0.173), (0.008, -0.174), (0.008, -0.174), (0.007, -0.175), (0.006, -0.175), (0.004, -0.176), (0.003, -0.176), (0.002, -0.177), (0.0, -0.178), (-0.001, -0.179), (-0.003, -0.179), (-0.004, -0.18), (-0.006, -0.181), (-0.008, -0.182), (-0.009, -0.183), (-0.011, -0.184), (-0.013, -0.185), (-0.015, -0.186), (-0.017, -0.187), (-0.019, -0.188), (-0.021, -0.189), (-0.023, -0.19), (-0.025, -0.191), (-0.027, -0.192), (-0.029, -0.194), (-0.032, -0.195), (-0.034, -0.196), (-0.036, -0.197), (-0.038, -0.198), (-0.04, -0.199), (-0.042, -0.2), (-0.045, -0.201), (-0.047, -0.202), (-0.049, -0.204), (-0.051, -0.205), (-0.053, -0.206), (-0.056, -0.207), (-0.058, -0.208), (-0.06, -0.209), (-0.062, -0.21), (-0.064, -0.211), (-0.066, -0.212), (-0.069, -0.213), (-0.071, -0.214), (-0.073, -0.215), (-0.075, -0.216), (-0.077, -0.217), (-0.079, -0.218), (-0.081, -0.219), (-0.083, -0.22), (-0.085, -0.221), (-0.087, -0.222), (-0.089, -0.223), (-0.091, -0.224), (-0.093, -0.225), (-0.095, -0.225), (-0.097, -0.226), (-0.098, -0.227), (-0.1, -0.228), (-0.102, -0.229), (-0.104, -0.229), (-0.106, -0.23), (-0.107, -0.231), (-0.109, -0.232), (-0.111, -0.232), (-0.112, -0.233), (-0.114, -0.234), (-0.116, -0.234), (-0.117, -0.235), (-0.119, -0.236), (-0.12, -0.236), (-0.122, -0.237), (-0.123, -0.237), (-0.125, -0.238), (-0.126, -0.239), (-0.128, -0.239), (-0.129, -0.24), (-0.131, -0.24), (-0.132, -0.241), (-0.133, -0.241), (-0.135, -0.241), (-0.136, -0.242), (-0.137, -0.242), (-0.138, -0.243), (-0.14, -0.243), (-0.141, -0.243), (-0.142, -0.244), (-0.143, -0.244), (-0.144, -0.245), (-0.145, -0.245), (-0.146, -0.245), (-0.147, -0.245), (-0.148, -0.246), (-0.149, -0.246), (-0.15, -0.246), (-0.151, -0.246), (-0.152, -0.247), (-0.153, -0.247), (-0.154, -0.247), (-0.155, -0.247), (-0.156, -0.247), (-0.157, -0.248), (-0.157, -0.248), (-0.158, -0.248), (-0.159, -0.248), (-0.16, -0.248), (-0.16, -0.248), (-0.161, -0.248), (-0.162, -0.248), (-0.162, -0.248), (-0.163, -0.248), (-0.164, -0.248), (-0.164, -0.248), (-0.165, -0.248), (-0.165, -0.248), (-0.166, -0.248), (-0.167, -0.248), (-0.167, -0.248), (-0.168, -0.248), (-0.168, -0.248), (-0.169, -0.248), (-0.169, -0.248), (-0.169, -0.248), (-0.17, -0.248), (-0.17, -0.248), (-0.171, -0.248), (-0.171, -0.248), (-0.171, -0.248), (-0.172, -0.247), (-0.172, -0.247), (-0.172, -0.247), (-0.173, -0.247), (-0.173, -0.247), (-0.173, -0.247), (-0.174, -0.246), (-0.174, -0.246), (-0.174, -0.246), (-0.174, -0.246), (-0.175, -0.246), (-0.175, -0.245), (-0.175, -0.245), (-0.175, -0.245), (-0.175, -0.245), (-0.175, -0.245), (-0.176, -0.244), (-0.176, -0.244), (-0.176, -0.244), (-0.176, -0.244), (-0.176, -0.243), (-0.176, -0.243), (-0.176, -0.243), (-0.176, -0.242), (-0.176, -0.242), (-0.176, -0.242), (-0.176, -0.242), (-0.176, -0.241), (-0.177, -0.241), (-0.177, -0.241), (-0.177, -0.24), (-0.177, -0.24), (-0.177, -0.24), (-0.176, -0.239), (-0.176, -0.239), (-0.176, -0.239), (-0.176, -0.238), (-0.176, -0.238), (-0.176, -0.238), (-0.176, -0.237), (-0.176, -0.237), (-0.176, -0.237), (-0.176, -0.236), (-0.176, -0.236), (-0.176, -0.236), (-0.176, -0.235), (-0.175, -0.235), (-0.175, -0.235), (-0.175, -0.234), (-0.175, -0.234), (-0.175, -0.233), (-0.175, -0.233), (-0.175, -0.233), (-0.174, -0.232), (-0.174, -0.232), (-0.174, -0.232), (-0.174, -0.231), (-0.174, -0.231), (-0.173, -0.23), (-0.173, -0.23), (-0.173, -0.23), (-0.173, -0.229), (-0.173, -0.229), (-0.172, -0.228), (-0.172, -0.228), (-0.172, -0.228), (-0.172, -0.227), (-0.171, -0.227), (-0.171, -0.226), (-0.171, -0.226), (-0.171, -0.226), (-0.17, -0.225), (-0.17, -0.225), (-0.17, -0.225), (-0.17, -0.224), (-0.169, -0.224), (-0.169, -0.223), (-0.169, -0.223), (-0.168, -0.223), (-0.168, -0.222), (-0.168, -0.222), (-0.168, -0.221), (-0.167, -0.221), (-0.167, -0.221), (-0.167, -0.22), (-0.166, -0.22), (-0.166, -0.219), (-0.166, -0.219), (-0.165, -0.219), (-0.165, -0.218), (-0.165, -0.218), (-0.164, -0.218), (-0.164, -0.217), (-0.164, -0.217), (-0.163, -0.216), (-0.163, -0.216), (-0.163, -0.216), (-0.162, -0.215), (-0.162, -0.215), (-0.162, -0.215), (-0.161, -0.214), (-0.161, -0.214), (-0.161, -0.213), (-0.16, -0.213), (-0.16, -0.213), (-0.16, -0.212), (-0.159, -0.212), (-0.159, -0.212), (-0.159, -0.211), (-0.158, -0.211), (-0.158, -0.211), (-0.158, -0.21), (-0.157, -0.21), (-0.157, -0.21), (-0.156, -0.209), (-0.156, -0.209), (-0.156, -0.209), (-0.155, -0.208), (-0.155, -0.208), (-0.155, -0.208), (-0.154, -0.207), (-0.154, -0.207), (-0.153, -0.207), (-0.153, -0.206), (-0.153, -0.206), (-0.152, -0.206), (-0.152, -0.205), (-0.152, -0.205), (-0.151, -0.205), (-0.151, -0.204), (-0.15, -0.204), (-0.15, -0.204), (-0.15, -0.204), (-0.149, -0.203), (-0.149, -0.203), (-0.149, -0.203), (-0.148, -0.202), (-0.148, -0.202), (-0.147, -0.202), (-0.147, -0.202), (-0.147, -0.201), (-0.146, -0.201), (-0.146, -0.201), (-0.146, -0.201), (-0.145, -0.2), (-0.145, -0.2), (-0.144, -0.2), (-0.144, -0.2), (-0.144, -0.199), (-0.143, -0.199), (-0.143, -0.199), (-0.143, -0.199), (-0.142, -0.198), (-0.142, -0.198), (-0.142, -0.198), (-0.141, -0.198), (-0.141, -0.197), (-0.14, -0.197), (-0.14, -0.197), (-0.14, -0.197), (-0.139, -0.197), (-0.139, -0.196), (-0.139, -0.196), (-0.138, -0.196), (-0.138, -0.196), (-0.138, -0.196), (-0.137, -0.195), (-0.137, -0.195), (-0.137, -0.195), (-0.136, -0.195), (-0.136, -0.195), (-0.136, -0.194), (-0.135, -0.194), (-0.135, -0.194), (-0.135, -0.194), (-0.134, -0.194), (-0.134, -0.194), (-0.134, -0.193), (-0.133, -0.193), (-0.133, -0.193), (-0.133, -0.193), (-0.132, -0.193), (-0.132, -0.193), (-0.132, -0.193), (-0.131, -0.192), (-0.131, -0.192), (-0.131, -0.192), (-0.13, -0.192), (-0.13, -0.192), (-0.13, -0.192), (-0.129, -0.192), (-0.129, -0.192), (-0.129, -0.191), (-0.128, -0.191), (-0.128, -0.191), (-0.128, -0.191), (-0.128, -0.191), (-0.127, -0.191), (-0.127, -0.191), (-0.127, -0.191), (-0.126, -0.191), (-0.126, -0.191), (-0.126, -0.19), (-0.126, -0.19), (-0.125, -0.19), (-0.125, -0.19), (-0.125, -0.19), (-0.125, -0.19), (-0.124, -0.19), (-0.124, -0.19), (-0.124, -0.19), (-0.124, -0.19), (-0.123, -0.19), (-0.123, -0.19), (-0.123, -0.19), (-0.123, -0.19), (-0.122, -0.189), (-0.122, -0.189), (-0.122, -0.189), (-0.122, -0.189), (-0.122, -0.189), (-0.121, -0.189), (-0.121, -0.189), (-0.121, -0.189), (-0.121, -0.189), (-0.121, -0.189), (-0.12, -0.189), (-0.12, -0.189), (-0.12, -0.189), (-0.12, -0.189), (-0.12, -0.189), (-0.119, -0.189), (-0.119, -0.189), (-0.119, -0.189), (-0.119, -0.189), (-0.119, -0.188), (-0.119, -0.188), (-0.118, -0.188), (-0.118, -0.188), (-0.118, -0.188), (-0.118, -0.188), (-0.118, -0.188), (-0.118, -0.188), (-0.118, -0.188), (-0.117, -0.188), (-0.117, -0.188), (-0.117, -0.188), (-0.117, -0.188), (-0.117, -0.188), (-0.117, -0.188), (-0.117, -0.188), (-0.117, -0.188), (-0.117, -0.188), (-0.116, -0.188), (-0.116, -0.188), (-0.116, -0.188), (-0.116, -0.188), (-0.116, -0.188), (-0.116, -0.188), (-0.116, -0.188), (-0.116, -0.188), (-0.116, -0.188), (-0.116, -0.187), (-0.116, -0.187), (-0.116, -0.187), (-0.116, -0.187), (-0.116, -0.187), (-0.116, -0.187), (-0.116, -0.187), (-0.115, -0.187), (-0.115, -0.187), (-0.115, -0.187), (-0.115, -0.187), (-0.115, -0.187), (-0.115, -0.187), (-0.115, -0.187), (-0.115, -0.187), (-0.115, -0.187), (-0.115, -0.187), (-0.115, -0.187), (-0.115, -0.187), (-0.116, -0.187), (-0.116, -0.186), (-0.116, -0.186), (-0.116, -0.186), (-0.116, -0.186), (-0.116, -0.186), (-0.116, -0.186), (-0.116, -0.186), (-0.116, -0.186), (-0.116, -0.186), (-0.116, -0.186), (-0.116, -0.186), (-0.116, -0.186), (-0.116, -0.186), (-0.116, -0.185), (-0.116, -0.185), (-0.117, -0.185), (-0.117, -0.185), (-0.117, -0.185), (-0.117, -0.185), (-0.117, -0.185), (-0.117, -0.185), (-0.117, -0.185), (-0.117, -0.185), (-0.117, -0.185), (-0.118, -0.184), (-0.118, -0.184), (-0.118, -0.184), (-0.118, -0.184), (-0.118, -0.184), (-0.118, -0.184), (-0.118, -0.184), (-0.119, -0.184), (-0.119, -0.183), (-0.119, -0.183), (-0.119, -0.183), (-0.119, -0.183), (-0.119, -0.183), (-0.12, -0.183), (-0.12, -0.183), (-0.12, -0.182), (-0.12, -0.182), (-0.12, -0.182), (-0.121, -0.182), (-0.121, -0.182), (-0.121, -0.182), (-0.121, -0.182), (-0.122, -0.181), (-0.122, -0.181), (-0.122, -0.181), (-0.122, -0.181), (-0.122, -0.181), (-0.123, -0.181), (-0.123, -0.18), (-0.123, -0.18), (-0.123, -0.18), (-0.124, -0.18), (-0.124, -0.18), (-0.124, -0.179), (-0.124, -0.179), (-0.125, -0.179), (-0.125, -0.179), (-0.125, -0.179), (-0.126, -0.178), (-0.126, -0.178), (-0.126, -0.178), (-0.126, -0.178), (-0.127, -0.178), (-0.127, -0.177), (-0.127, -0.177), (-0.128, -0.177), (-0.128, -0.177), (-0.128, -0.176), (-0.128, -0.176), (-0.129, -0.176), (-0.129, -0.176), (-0.129, -0.176), (-0.13, -0.175), (-0.13, -0.175), (-0.13, -0.175), (-0.131, -0.175), (-0.131, -0.174), (-0.131, -0.174), (-0.132, -0.174), (-0.132, -0.174), (-0.132, -0.173), (-0.133, -0.173), (-0.133, -0.173)], path_end=[(-0.678, -0.334), (-0.677, -0.337), (-0.676, -0.339), (-0.675, -0.342), (-0.674, -0.345), (-0.673, -0.347), (-0.672, -0.35), (-0.671, -0.353), (-0.669, -0.355), (-0.668, -0.358), (-0.667, -0.36), (-0.666, -0.363), (-0.665, -0.366), (-0.664, -0.368), (-0.663, -0.371), (-0.662, -0.373), (-0.661, -0.376), (-0.659, -0.379), (-0.658, -0.381), (-0.657, -0.384), (-0.656, -0.386), (-0.655, -0.389), (-0.654, -0.391), (-0.653, -0.394), (-0.652, -0.396), (-0.651, -0.399), (-0.65, -0.401), (-0.648, -0.404), (-0.647, -0.406), (-0.646, -0.409), (-0.645, -0.411), (-0.644, -0.414), (-0.643, -0.416), (-0.642, -0.418), (-0.641, -0.421), (-0.64, -0.423), (-0.639, -0.425), (-0.638, -0.428), (-0.636, -0.43), (-0.635, -0.433), (-0.634, -0.435), (-0.633, -0.437), (-0.632, -0.439), (-0.631, -0.442), (-0.63, -0.444), (-0.629, -0.446), (-0.628, -0.448), (-0.627, -0.451), (-0.626, -0.453), (-0.625, -0.455), (-0.624, -0.457), (-0.623, -0.459), (-0.622, -0.462), (-0.62, -0.464), (-0.619, -0.466), (-0.618, -0.468), (-0.617, -0.47), (-0.616, -0.472), (-0.615, -0.474), (-0.614, -0.476), (-0.613, -0.478), (-0.612, -0.48), (-0.611, -0.482), (-0.61, -0.484), (-0.609, -0.486), (-0.608, -0.488), (-0.607, -0.49), (-0.606, -0.492), (-0.605, -0.494), (-0.604, -0.496), (-0.603, -0.497), (-0.602, -0.499), (-0.601, -0.501), (-0.6, -0.503), (-0.599, -0.505), (-0.598, -0.506), (-0.597, -0.508), (-0.596, -0.51), (-0.595, -0.512), (-0.594, -0.513), (-0.593, -0.515), (-0.592, -0.517), (-0.591, -0.518), (-0.59, -0.52), (-0.589, -0.522), (-0.588, -0.523), (-0.587, -0.525), (-0.586, -0.526), (-0.585, -0.528), (-0.584, -0.529), (-0.583, -0.531), (-0.582, -0.532), (-0.581, -0.534), (-0.58, -0.535), (-0.579, -0.536), (-0.578, -0.538), (-0.577, -0.539), (-0.576, -0.541), (-0.575, -0.542), (-0.574, -0.543), (-0.573, -0.545), (-0.572, -0.546), (-0.571, -0.547), (-0.57, -0.548), (-0.569, -0.55), (-0.568, -0.551), (-0.567, -0.552), (-0.566, -0.553), (-0.565, -0.554), (-0.564, -0.555), (-0.563, -0.557), (-0.562, -0.558), (-0.561, -0.559), (-0.56, -0.56), (-0.56, -0.561), (-0.559, -0.562), (-0.558, -0.563), (-0.557, -0.564), (-0.556, -0.565), (-0.555, -0.566), (-0.554, -0.567), (-0.553, -0.568), (-0.552, -0.568), (-0.551, -0.569), (-0.55, -0.57), (-0.549, -0.571), (-0.548, -0.572), (-0.547, -0.573), (-0.547, -0.573), (-0.546, -0.574), (-0.545, -0.575), (-0.544, -0.576), (-0.543, -0.576), (-0.542, -0.577), (-0.541, -0.578), (-0.54, -0.578), (-0.539, -0.579), (-0.538, -0.58), (-0.537, -0.58), (-0.537, -0.581), (-0.536, -0.582), (-0.535, -0.582), (-0.534, -0.583), (-0.533, -0.583), (-0.532, -0.584), (-0.531, -0.584), (-0.53, -0.585), (-0.529, -0.585), (-0.529, -0.586), (-0.528, -0.586), (-0.527, -0.586), (-0.526, -0.587), (-0.525, -0.587), (-0.524, -0.588), (-0.523, -0.588), (-0.522, -0.588), (-0.522, -0.589), (-0.521, -0.589), (-0.52, -0.589), (-0.519, -0.589), (-0.518, -0.59), (-0.517, -0.59), (-0.516, -0.59), (-0.515, -0.59), (-0.515, -0.591), (-0.514, -0.591), (-0.513, -0.591), (-0.512, -0.591), (-0.511, -0.591), (-0.51, -0.591), (-0.51, -0.592), (-0.509, -0.592), (-0.508, -0.592), (-0.507, -0.592), (-0.506, -0.592), (-0.505, -0.592), (-0.504, -0.592), (-0.504, -0.592), (-0.503, -0.592), (-0.502, -0.592), (-0.501, -0.592), (-0.5, -0.592), (-0.499, -0.592), (-0.499, -0.592), (-0.498, -0.592), (-0.497, -0.592), (-0.496, -0.592), (-0.495, -0.592), (-0.494, -0.591), (-0.494, -0.591), (-0.493, -0.591), (-0.492, -0.591), (-0.491, -0.591), (-0.49, -0.591), (-0.489, -0.591), (-0.489, -0.59), (-0.488, -0.59), (-0.487, -0.59), (-0.486, -0.59), (-0.485, -0.59), (-0.485, -0.589), (-0.484, -0.589), (-0.483, -0.589), (-0.482, -0.589), (-0.481, -0.588), (-0.481, -0.588), (-0.48, -0.588), (-0.479, -0.587), (-0.478, -0.587), (-0.477, -0.587), (-0.477, -0.586), (-0.476, -0.586), (-0.475, -0.586), (-0.474, -0.585), (-0.473, -0.585), (-0.473, -0.585), (-0.472, -0.584), (-0.471, -0.584), (-0.47, -0.584), (-0.469, -0.583), (-0.469, -0.583), (-0.468, -0.582), (-0.467, -0.582), (-0.466, -0.581), (-0.465, -0.581), (-0.465, -0.58), (-0.464, -0.58), (-0.463, -0.58), (-0.462, -0.579), (-0.462, -0.579), (-0.461, -0.578), (-0.46, -0.578), (-0.459, -0.577), (-0.458, -0.577), (-0.458, -0.576), (-0.457, -0.576), (-0.456, -0.575), (-0.455, -0.575), (-0.455, -0.574), (-0.454, -0.573), (-0.453, -0.573), (-0.452, -0.572), (-0.451, -0.572), (-0.451, -0.571), (-0.45, -0.571), (-0.449, -0.57), (-0.448, -0.569), (-0.448, -0.569), (-0.447, -0.568), (-0.446, -0.568), (-0.445, -0.567), (-0.445, -0.566), (-0.444, -0.566), (-0.443, -0.565), (-0.442, -0.565), (-0.442, -0.564), (-0.441, -0.563), (-0.44, -0.563), (-0.439, -0.562), (-0.439, -0.561), (-0.438, -0.561), (-0.437, -0.56), (-0.436, -0.559), (-0.436, -0.559), (-0.435, -0.558), (-0.434, -0.557), (-0.433, -0.557), (-0.433, -0.556), (-0.432, -0.555), (-0.431, -0.555), (-0.43, -0.554), (-0.43, -0.553), (-0.429, -0.553), (-0.428, -0.552), (-0.427, -0.551), (-0.427, -0.55), (-0.426, -0.55), (-0.425, -0.549), (-0.424, -0.548), (-0.424, -0.548), (-0.423, -0.547), (-0.422, -0.546), (-0.421, -0.545), (-0.421, -0.545), (-0.42, -0.544), (-0.419, -0.543), (-0.419, -0.542), (-0.418, -0.542), (-0.417, -0.541), (-0.416, -0.54), (-0.416, -0.539), (-0.415, -0.539), (-0.414, -0.538), (-0.413, -0.537), (-0.413, -0.536), (-0.412, -0.536), (-0.411, -0.535), (-0.411, -0.534), (-0.41, -0.533), (-0.409, -0.532), (-0.408, -0.532), (-0.408, -0.531), (-0.407, -0.53), (-0.406, -0.529), (-0.406, -0.529), (-0.405, -0.528), (-0.404, -0.527), (-0.403, -0.526), (-0.403, -0.525), (-0.402, -0.525), (-0.401, -0.524), (-0.401, -0.523), (-0.4, -0.522), (-0.399, -0.521), (-0.398, -0.521), (-0.398, -0.52), (-0.397, -0.519), (-0.396, -0.518), (-0.396, -0.517), (-0.395, -0.517), (-0.394, -0.516), (-0.394, -0.515), (-0.393, -0.514), (-0.392, -0.513), (-0.391, -0.513), (-0.391, -0.512), (-0.39, -0.511), (-0.389, -0.51), (-0.389, -0.509), (-0.388, -0.509), (-0.387, -0.508), (-0.387, -0.507), (-0.386, -0.506), (-0.385, -0.505), (-0.384, -0.504), (-0.384, -0.504), (-0.383, -0.503), (-0.382, -0.502), (-0.382, -0.501), (-0.381, -0.5), (-0.38, -0.5), (-0.38, -0.499), (-0.379, -0.498), (-0.378, -0.497), (-0.378, -0.496), (-0.377, -0.495), (-0.376, -0.495), (-0.376, -0.494), (-0.375, -0.493), (-0.374, -0.492), (-0.374, -0.491), (-0.373, -0.49), (-0.372, -0.49), (-0.371, -0.489), (-0.371, -0.488), (-0.37, -0.487), (-0.369, -0.486), (-0.369, -0.485), (-0.368, -0.485), (-0.367, -0.484), (-0.367, -0.483), (-0.366, -0.482), (-0.365, -0.481), (-0.365, -0.48), (-0.364, -0.48), (-0.363, -0.479), (-0.363, -0.478), (-0.362, -0.477), (-0.361, -0.476), (-0.361, -0.475), (-0.36, -0.475), (-0.359, -0.474), (-0.359, -0.473), (-0.358, -0.472), (-0.358, -0.471), (-0.357, -0.47), (-0.356, -0.47), (-0.356, -0.469), (-0.355, -0.468), (-0.354, -0.467), (-0.354, -0.466), (-0.353, -0.466), (-0.352, -0.465), (-0.352, -0.464), (-0.351, -0.463), (-0.35, -0.462), (-0.35, -0.461), (-0.349, -0.461), (-0.348, -0.46), (-0.348, -0.459), (-0.347, -0.458), (-0.346, -0.457), (-0.346, -0.456), (-0.345, -0.456), (-0.345, -0.455), (-0.344, -0.454), (-0.343, -0.453), (-0.343, -0.452), (-0.342, -0.451), (-0.341, -0.451), (-0.341, -0.45), (-0.34, -0.449), (-0.339, -0.448), (-0.339, -0.447), (-0.338, -0.447), (-0.338, -0.446), (-0.337, -0.445), (-0.336, -0.444), (-0.336, -0.443), (-0.335, -0.442), (-0.334, -0.442), (-0.334, -0.441), (-0.333, -0.44), (-0.333, -0.439), (-0.332, -0.438), (-0.331, -0.438), (-0.331, -0.437), (-0.33, -0.436), (-0.329, -0.435), (-0.329, -0.434), (-0.328, -0.433), (-0.328, -0.433), (-0.327, -0.432), (-0.326, -0.431), (-0.326, -0.43), (-0.325, -0.429), (-0.325, -0.429), (-0.324, -0.428), (-0.323, -0.427), (-0.323, -0.426), (-0.322, -0.425), (-0.322, -0.425), (-0.321, -0.424), (-0.32, -0.423), (-0.32, -0.422), (-0.319, -0.421), (-0.319, -0.42), (-0.318, -0.42), (-0.317, -0.419), (-0.317, -0.418), (-0.316, -0.417), (-0.316, -0.416), (-0.315, -0.416), (-0.314, -0.415), (-0.314, -0.414), (-0.313, -0.413), (-0.313, -0.412), (-0.312, -0.412), (-0.311, -0.411), (-0.311, -0.41), (-0.31, -0.409), (-0.31, -0.408), (-0.309, -0.408), (-0.308, -0.407), (-0.308, -0.406), (-0.307, -0.405), (-0.307, -0.404), (-0.306, -0.404), (-0.306, -0.403), (-0.305, -0.402), (-0.304, -0.401), (-0.304, -0.4), (-0.303, -0.4), (-0.303, -0.399), (-0.302, -0.398), (-0.302, -0.397), (-0.301, -0.397), (-0.3, -0.396), (-0.3, -0.395), (-0.299, -0.394), (-0.299, -0.393), (-0.298, -0.393), (-0.298, -0.392), (-0.297, -0.391), (-0.296, -0.39), (-0.296, -0.389), (-0.295, -0.389), (-0.295, -0.388), (-0.294, -0.387), (-0.294, -0.386), (-0.293, -0.386), (-0.292, -0.385), (-0.292, -0.384), (-0.291, -0.383), (-0.291, -0.382), (-0.29, -0.382), (-0.29, -0.381), (-0.289, -0.38), (-0.289, -0.379), (-0.288, -0.379), (-0.287, -0.378), (-0.287, -0.377), (-0.286, -0.376), (-0.286, -0.375), (-0.285, -0.375), (-0.285, -0.374), (-0.284, -0.373), (-0.284, -0.372), (-0.283, -0.372), (-0.282, -0.371)], total_steps=3141
  271st iteration: path_start=[(0.011, -0.172), (0.011, -0.172), (0.012, -0.172), (0.012, -0.173), (0.013, -0.173), (0.014, -0.173), (0.015, -0.173), (0.016, -0.173), (0.018, -0.173), (0.019, -0.173), (0.021, -0.173), (0.022, -0.173), (0.024, -0.173), (0.026, -0.173), (0.028, -0.173), (0.03, -0.173), (0.032, -0.173), (0.034, -0.173), (0.036, -0.173), (0.038, -0.173), (0.04, -0.173), (0.043, -0.174), (0.045, -0.174), (0.048, -0.174), (0.05, -0.174), (0.052, -0.174), (0.055, -0.174), (0.057, -0.174), (0.06, -0.174), (0.062, -0.174), (0.065, -0.174), (0.068, -0.174), (0.07, -0.174), (0.073, -0.174), (0.075, -0.174), (0.078, -0.174), (0.08, -0.174), (0.083, -0.174), (0.086, -0.174), (0.088, -0.174), (0.091, -0.174), (0.093, -0.173), (0.096, -0.173), (0.098, -0.173), (0.101, -0.173), (0.103, -0.173), (0.106, -0.173), (0.108, -0.173), (0.111, -0.173), (0.113, -0.173), (0.116, -0.173), (0.118, -0.172), (0.121, -0.172), (0.123, -0.172), (0.125, -0.172), (0.128, -0.172), (0.13, -0.172), (0.132, -0.172), (0.135, -0.171), (0.137, -0.171), (0.139, -0.171), (0.141, -0.171), (0.143, -0.171), (0.145, -0.17), (0.148, -0.17), (0.15, -0.17), (0.152, -0.17), (0.154, -0.169), (0.156, -0.169), (0.158, -0.169), (0.16, -0.169), (0.161, -0.168), (0.163, -0.168), (0.165, -0.168), (0.167, -0.168), (0.169, -0.167), (0.171, -0.167), (0.172, -0.167), (0.174, -0.166), (0.176, -0.166), (0.177, -0.166), (0.179, -0.165), (0.181, -0.165), (0.182, -0.165), (0.184, -0.164), (0.185, -0.164), (0.187, -0.164), (0.188, -0.163), (0.19, -0.163), (0.191, -0.162), (0.192, -0.162), (0.194, -0.162), (0.195, -0.161), (0.196, -0.161), (0.198, -0.16), (0.199, -0.16), (0.2, -0.16), (0.201, -0.159), (0.202, -0.159), (0.203, -0.158), (0.205, -0.158), (0.206, -0.158), (0.207, -0.157), (0.208, -0.157), (0.209, -0.156), (0.21, -0.156), (0.211, -0.155), (0.212, -0.155), (0.213, -0.154), (0.214, -0.154), (0.214, -0.153), (0.215, -0.153), (0.216, -0.152), (0.217, -0.152), (0.218, -0.151), (0.218, -0.151), (0.219, -0.15), (0.22, -0.15), (0.221, -0.149), (0.221, -0.149), (0.222, -0.148), (0.223, -0.148), (0.223, -0.147), (0.224, -0.147), (0.224, -0.146), (0.225, -0.146), (0.226, -0.145), (0.226, -0.145), (0.227, -0.144), (0.227, -0.144), (0.228, -0.143), (0.228, -0.143), (0.229, -0.142), (0.229, -0.141), (0.229, -0.141), (0.23, -0.14), (0.23, -0.14), (0.231, -0.139), (0.231, -0.139), (0.231, -0.138), (0.232, -0.137), (0.232, -0.137), (0.232, -0.136), (0.232, -0.136), (0.233, -0.135), (0.233, -0.135), (0.233, -0.134), (0.233, -0.133), (0.234, -0.133), (0.234, -0.132), (0.234, -0.132), (0.234, -0.131), (0.234, -0.13), (0.234, -0.13), (0.234, -0.129), (0.235, -0.129), (0.235, -0.128), (0.235, -0.127), (0.235, -0.127), (0.235, -0.126), (0.235, -0.126), (0.235, -0.125), (0.235, -0.124), (0.235, -0.124), (0.235, -0.123), (0.235, -0.123), (0.235, -0.122), (0.235, -0.121), (0.235, -0.121), (0.235, -0.12), (0.235, -0.119), (0.235, -0.119), (0.235, -0.118), (0.235, -0.118), (0.235, -0.117), (0.235, -0.116), (0.234, -0.116), (0.234, -0.115), (0.234, -0.114), (0.234, -0.114), (0.234, -0.113), (0.234, -0.112), (0.234, -0.112), (0.233, -0.111), (0.233, -0.111), (0.233, -0.11), (0.233, -0.109), (0.233, -0.109), (0.232, -0.108), (0.232, -0.107), (0.232, -0.107), (0.232, -0.106), (0.232, -0.105), (0.231, -0.105), (0.231, -0.104), (0.231, -0.103), (0.231, -0.103), (0.23, -0.102), (0.23, -0.101), (0.23, -0.101), (0.229, -0.1), (0.229, -0.099), (0.229, -0.099), (0.228, -0.098), (0.228, -0.097), (0.228, -0.097), (0.228, -0.096), (0.227, -0.095), (0.227, -0.095), (0.226, -0.094), (0.226, -0.094), (0.226, -0.093), (0.225, -0.092), (0.225, -0.092), (0.225, -0.091), (0.224, -0.09), (0.224, -0.09), (0.224, -0.089), (0.223, -0.088), (0.223, -0.088), (0.222, -0.087), (0.222, -0.086), (0.221, -0.086), (0.221, -0.085), (0.221, -0.084), (0.22, -0.084), (0.22, -0.083), (0.219, -0.082), (0.219, -0.082), (0.218, -0.081), (0.218, -0.08), (0.218, -0.08), (0.217, -0.079), (0.217, -0.078), (0.216, -0.078), (0.216, -0.077), (0.215, -0.076), (0.215, -0.075), (0.214, -0.075), (0.214, -0.074), (0.213, -0.073), (0.213, -0.073), (0.212, -0.072), (0.212, -0.071), (0.211, -0.071), (0.211, -0.07), (0.21, -0.069), (0.21, -0.069), (0.209, -0.068), (0.209, -0.067), (0.208, -0.067), (0.208, -0.066), (0.207, -0.065), (0.206, -0.065), (0.206, -0.064), (0.205, -0.063), (0.205, -0.063), (0.204, -0.062), (0.204, -0.061), (0.203, -0.061), (0.203, -0.06), (0.202, -0.059), (0.201, -0.059), (0.201, -0.058), (0.2, -0.057), (0.2, -0.057), (0.199, -0.056), (0.198, -0.055), (0.198, -0.055), (0.197, -0.054), (0.197, -0.053), (0.196, -0.053), (0.195, -0.052), (0.195, -0.051), (0.194, -0.05), (0.194, -0.05), (0.193, -0.049), (0.192, -0.048), (0.192, -0.048), (0.191, -0.047), (0.191, -0.046), (0.19, -0.046), (0.189, -0.045), (0.189, -0.044), (0.188, -0.044), (0.187, -0.043), (0.187, -0.042), (0.186, -0.042), (0.185, -0.041), (0.185, -0.04), (0.184, -0.04), (0.183, -0.039), (0.183, -0.038), (0.182, -0.038), (0.181, -0.037), (0.181, -0.036), (0.18, -0.036), (0.179, -0.035), (0.179, -0.034), (0.178, -0.033), (0.177, -0.033), (0.177, -0.032), (0.176, -0.031), (0.175, -0.031), (0.175, -0.03), (0.174, -0.029), (0.173, -0.029), (0.172, -0.028), (0.172, -0.027), (0.171, -0.027), (0.17, -0.026), (0.17, -0.025), (0.169, -0.025), (0.168, -0.024), (0.168, -0.023), (0.167, -0.023), (0.166, -0.022), (0.165, -0.021), (0.165, -0.021), (0.164, -0.02), (0.163, -0.019), (0.162, -0.019), (0.162, -0.018), (0.161, -0.017), (0.16, -0.016), (0.159, -0.016), (0.159, -0.015), (0.158, -0.014), (0.157, -0.014), (0.157, -0.013), (0.156, -0.012), (0.155, -0.012), (0.154, -0.011), (0.153, -0.01), (0.153, -0.01), (0.152, -0.009), (0.151, -0.008), (0.15, -0.008), (0.15, -0.007), (0.149, -0.006), (0.148, -0.006), (0.147, -0.005), (0.147, -0.004), (0.146, -0.003), (0.145, -0.003), (0.144, -0.002), (0.144, -0.001), (0.143, -0.001), (0.142, -0.0), (0.141, 0.001), (0.14, 0.001), (0.14, 0.002), (0.139, 0.003), (0.138, 0.003), (0.137, 0.004), (0.136, 0.005), (0.136, 0.005), (0.135, 0.006), (0.134, 0.007), (0.133, 0.007), (0.132, 0.008), (0.132, 0.009), (0.131, 0.01), (0.13, 0.01), (0.129, 0.011), (0.128, 0.012), (0.128, 0.012), (0.127, 0.013), (0.126, 0.014), (0.125, 0.014), (0.124, 0.015), (0.124, 0.016), (0.123, 0.016), (0.122, 0.017), (0.121, 0.018), (0.12, 0.018), (0.119, 0.019), (0.119, 0.02), (0.118, 0.021), (0.117, 0.021), (0.116, 0.022), (0.115, 0.023), (0.115, 0.023), (0.114, 0.024), (0.113, 0.025), (0.112, 0.025), (0.111, 0.026), (0.11, 0.027), (0.11, 0.027), (0.109, 0.028), (0.108, 0.029), (0.107, 0.029), (0.106, 0.03), (0.105, 0.031), (0.105, 0.032), (0.104, 0.032), (0.103, 0.033), (0.102, 0.034), (0.101, 0.034), (0.1, 0.035), (0.1, 0.036), (0.099, 0.036), (0.098, 0.037), (0.097, 0.038), (0.096, 0.039), (0.095, 0.039), (0.095, 0.04), (0.094, 0.041), (0.093, 0.041), (0.092, 0.042), (0.091, 0.043), (0.09, 0.043), (0.09, 0.044), (0.089, 0.045), (0.088, 0.045), (0.087, 0.046), (0.086, 0.047), (0.085, 0.048), (0.085, 0.048), (0.084, 0.049), (0.083, 0.05), (0.082, 0.05), (0.081, 0.051), (0.08, 0.052), (0.08, 0.052), (0.079, 0.053), (0.078, 0.054), (0.077, 0.055), (0.076, 0.055), (0.075, 0.056), (0.074, 0.057), (0.074, 0.057), (0.073, 0.058), (0.072, 0.059), (0.071, 0.059), (0.07, 0.06), (0.069, 0.061), (0.069, 0.062), (0.068, 0.062), (0.067, 0.063), (0.066, 0.064), (0.065, 0.064), (0.064, 0.065), (0.064, 0.066), (0.063, 0.067), (0.062, 0.067), (0.061, 0.068), (0.06, 0.069), (0.06, 0.069), (0.059, 0.07), (0.058, 0.071), (0.057, 0.071), (0.056, 0.072), (0.055, 0.073), (0.055, 0.074), (0.054, 0.074), (0.053, 0.075), (0.052, 0.076), (0.051, 0.076), (0.05, 0.077), (0.05, 0.078), (0.049, 0.079), (0.048, 0.079), (0.047, 0.08), (0.046, 0.081), (0.046, 0.081), (0.045, 0.082), (0.044, 0.083), (0.043, 0.084), (0.042, 0.084), (0.042, 0.085), (0.041, 0.086), (0.04, 0.087), (0.039, 0.087), (0.038, 0.088), (0.038, 0.089), (0.037, 0.089), (0.036, 0.09), (0.035, 0.091), (0.034, 0.092), (0.034, 0.092), (0.033, 0.093), (0.032, 0.094), (0.031, 0.094), (0.03, 0.095), (0.03, 0.096), (0.029, 0.097), (0.028, 0.097), (0.027, 0.098), (0.027, 0.099), (0.026, 0.1), (0.025, 0.1), (0.024, 0.101), (0.024, 0.102), (0.023, 0.103), (0.022, 0.103), (0.021, 0.104), (0.02, 0.105), (0.02, 0.105), (0.019, 0.106)], path_end=[(-0.082, 0.067), (-0.078, 0.063), (-0.073, 0.058), (-0.068, 0.054), (-0.063, 0.049), (-0.058, 0.044), (-0.054, 0.04), (-0.049, 0.035), (-0.044, 0.031), (-0.039, 0.026), (-0.034, 0.022), (-0.03, 0.017), (-0.025, 0.013), (-0.02, 0.008), (-0.015, 0.004), (-0.011, -0.001), (-0.006, -0.005), (-0.001, -0.01), (0.003, -0.014), (0.008, -0.018), (0.013, -0.023), (0.018, -0.027), (0.022, -0.032), (0.027, -0.036), (0.031, -0.041), (0.036, -0.045), (0.041, -0.049), (0.045, -0.054), (0.05, -0.058), (0.054, -0.062), (0.059, -0.067), (0.063, -0.071), (0.068, -0.075), (0.072, -0.079), (0.077, -0.084), (0.081, -0.088), (0.086, -0.092), (0.09, -0.096), (0.095, -0.1), (0.099, -0.105), (0.103, -0.109), (0.108, -0.113), (0.112, -0.117), (0.116, -0.121), (0.121, -0.125), (0.125, -0.129), (0.129, -0.133), (0.134, -0.137), (0.138, -0.141), (0.142, -0.145), (0.146, -0.149), (0.15, -0.153), (0.154, -0.157), (0.159, -0.161), (0.163, -0.164), (0.167, -0.168), (0.171, -0.172), (0.175, -0.176), (0.179, -0.18), (0.183, -0.183), (0.187, -0.187), (0.191, -0.191), (0.194, -0.194), (0.198, -0.198), (0.202, -0.202), (0.206, -0.205), (0.21, -0.209), (0.214, -0.212), (0.217, -0.216), (0.221, -0.219), (0.225, -0.223), (0.228, -0.226), (0.232, -0.229), (0.236, -0.233), (0.239, -0.236), (0.243, -0.239), (0.246, -0.243), (0.25, -0.246), (0.253, -0.249), (0.257, -0.252), (0.26, -0.256), (0.264, -0.259), (0.267, -0.262), (0.27, -0.265), (0.274, -0.268), (0.277, -0.271), (0.28, -0.274), (0.283, -0.277), (0.286, -0.28), (0.29, -0.283), (0.293, -0.286), (0.296, -0.289), (0.299, -0.292), (0.302, -0.294), (0.305, -0.297), (0.308, -0.3), (0.311, -0.303), (0.314, -0.305), (0.317, -0.308), (0.32, -0.311), (0.323, -0.313), (0.325, -0.316), (0.328, -0.319), (0.331, -0.321), (0.334, -0.324), (0.336, -0.326), (0.339, -0.328), (0.342, -0.331), (0.344, -0.333), (0.347, -0.336), (0.349, -0.338), (0.352, -0.34), (0.354, -0.342), (0.357, -0.345), (0.359, -0.347), (0.362, -0.349), (0.364, -0.351), (0.367, -0.353), (0.369, -0.355), (0.371, -0.358), (0.373, -0.36), (0.376, -0.362), (0.378, -0.364), (0.38, -0.366), (0.382, -0.367), (0.384, -0.369), (0.386, -0.371), (0.388, -0.373), (0.391, -0.375), (0.393, -0.377), (0.395, -0.378), (0.396, -0.38), (0.398, -0.382), (0.4, -0.383), (0.402, -0.385), (0.404, -0.387), (0.406, -0.388), (0.408, -0.39), (0.409, -0.391), (0.411, -0.393), (0.413, -0.394), (0.415, -0.396), (0.416, -0.397), (0.418, -0.399), (0.419, -0.4), (0.421, -0.401), (0.423, -0.403), (0.424, -0.404), (0.426, -0.405), (0.427, -0.407), (0.429, -0.408), (0.43, -0.409), (0.431, -0.41), (0.433, -0.411), (0.434, -0.413), (0.436, -0.414), (0.437, -0.415), (0.438, -0.416), (0.439, -0.417), (0.441, -0.418), (0.442, -0.419), (0.443, -0.42), (0.444, -0.421), (0.445, -0.422), (0.446, -0.423), (0.448, -0.423), (0.449, -0.424), (0.45, -0.425), (0.451, -0.426), (0.452, -0.427), (0.453, -0.428), (0.454, -0.428), (0.455, -0.429), (0.456, -0.43), (0.456, -0.43), (0.457, -0.431), (0.458, -0.432), (0.459, -0.432), (0.46, -0.433), (0.461, -0.433), (0.461, -0.434), (0.462, -0.435), (0.463, -0.435), (0.464, -0.436), (0.464, -0.436), (0.465, -0.436), (0.466, -0.437), (0.466, -0.437), (0.467, -0.438), (0.468, -0.438), (0.468, -0.439), (0.469, -0.439), (0.469, -0.439), (0.47, -0.44), (0.47, -0.44), (0.471, -0.44), (0.471, -0.44), (0.472, -0.441), (0.472, -0.441), (0.473, -0.441), (0.473, -0.441), (0.474, -0.441), (0.474, -0.442), (0.474, -0.442), (0.475, -0.442), (0.475, -0.442), (0.475, -0.442), (0.476, -0.442), (0.476, -0.442), (0.476, -0.442), (0.477, -0.442), (0.477, -0.442), (0.477, -0.442), (0.477, -0.442), (0.477, -0.442), (0.478, -0.442), (0.478, -0.442), (0.478, -0.442), (0.478, -0.442), (0.478, -0.442), (0.478, -0.442), (0.479, -0.442), (0.479, -0.442), (0.479, -0.442), (0.479, -0.442), (0.479, -0.441), (0.479, -0.441), (0.479, -0.441), (0.479, -0.441), (0.479, -0.441), (0.479, -0.44), (0.479, -0.44), (0.479, -0.44), (0.479, -0.44), (0.479, -0.44), (0.479, -0.439), (0.479, -0.439), (0.479, -0.439), (0.479, -0.438), (0.479, -0.438), (0.479, -0.438), (0.479, -0.437), (0.478, -0.437), (0.478, -0.437), (0.478, -0.436), (0.478, -0.436), (0.478, -0.436), (0.478, -0.435), (0.478, -0.435), (0.477, -0.435), (0.477, -0.434), (0.477, -0.434), (0.477, -0.433), (0.477, -0.433), (0.476, -0.432), (0.476, -0.432), (0.476, -0.432), (0.476, -0.431), (0.475, -0.431), (0.475, -0.43), (0.475, -0.43), (0.475, -0.429), (0.474, -0.429), (0.474, -0.428), (0.474, -0.428), (0.473, -0.427), (0.473, -0.427), (0.473, -0.426), (0.472, -0.426), (0.472, -0.425), (0.472, -0.424), (0.471, -0.424), (0.471, -0.423), (0.471, -0.423), (0.47, -0.422), (0.47, -0.422), (0.47, -0.421), (0.469, -0.42), (0.469, -0.42), (0.469, -0.419), (0.468, -0.419), (0.468, -0.418), (0.467, -0.417), (0.467, -0.417), (0.467, -0.416), (0.466, -0.416), (0.466, -0.415), (0.465, -0.414), (0.465, -0.414), (0.464, -0.413), (0.464, -0.412), (0.464, -0.412), (0.463, -0.411), (0.463, -0.41), (0.462, -0.41), (0.462, -0.409), (0.461, -0.408), (0.461, -0.408), (0.46, -0.407), (0.46, -0.406), (0.459, -0.406), (0.459, -0.405), (0.458, -0.404), (0.458, -0.404), (0.457, -0.403), (0.457, -0.402), (0.456, -0.401), (0.456, -0.401), (0.455, -0.4), (0.455, -0.399), (0.454, -0.399), (0.454, -0.398), (0.453, -0.397), (0.453, -0.396), (0.452, -0.396), (0.452, -0.395), (0.451, -0.394), (0.451, -0.393), (0.45, -0.393), (0.45, -0.392), (0.449, -0.391), (0.449, -0.39), (0.448, -0.39), (0.448, -0.389), (0.447, -0.388), (0.447, -0.387), (0.446, -0.387), (0.445, -0.386), (0.445, -0.385), (0.444, -0.384), (0.444, -0.384), (0.443, -0.383), (0.443, -0.382), (0.442, -0.381), (0.442, -0.381), (0.441, -0.38), (0.44, -0.379), (0.44, -0.378), (0.439, -0.377), (0.439, -0.377), (0.438, -0.376), (0.438, -0.375), (0.437, -0.374), (0.436, -0.373), (0.436, -0.373), (0.435, -0.372), (0.435, -0.371), (0.434, -0.37), (0.434, -0.37), (0.433, -0.369), (0.432, -0.368), (0.432, -0.367), (0.431, -0.366), (0.431, -0.366), (0.43, -0.365), (0.429, -0.364), (0.429, -0.363), (0.428, -0.362), (0.428, -0.362), (0.427, -0.361), (0.426, -0.36), (0.426, -0.359), (0.425, -0.358), (0.425, -0.358), (0.424, -0.357), (0.424, -0.356), (0.423, -0.355), (0.422, -0.354), (0.422, -0.354), (0.421, -0.353), (0.421, -0.352), (0.42, -0.351), (0.419, -0.35), (0.419, -0.349), (0.418, -0.349), (0.418, -0.348), (0.417, -0.347), (0.416, -0.346), (0.416, -0.345), (0.415, -0.345), (0.415, -0.344), (0.414, -0.343), (0.413, -0.342), (0.413, -0.341), (0.412, -0.341), (0.412, -0.34), (0.411, -0.339), (0.41, -0.338), (0.41, -0.337), (0.409, -0.337), (0.409, -0.336), (0.408, -0.335), (0.407, -0.334), (0.407, -0.333), (0.406, -0.332), (0.406, -0.332), (0.405, -0.331), (0.404, -0.33), (0.404, -0.329), (0.403, -0.328), (0.403, -0.328), (0.402, -0.327), (0.401, -0.326), (0.401, -0.325), (0.4, -0.324), (0.4, -0.324), (0.399, -0.323), (0.398, -0.322), (0.398, -0.321), (0.397, -0.32), (0.397, -0.319), (0.396, -0.319), (0.395, -0.318), (0.395, -0.317), (0.394, -0.316), (0.394, -0.315), (0.393, -0.315), (0.392, -0.314), (0.392, -0.313), (0.391, -0.312), (0.391, -0.311), (0.39, -0.311), (0.39, -0.31), (0.389, -0.309), (0.388, -0.308), (0.388, -0.307), (0.387, -0.307), (0.387, -0.306), (0.386, -0.305), (0.385, -0.304), (0.385, -0.303), (0.384, -0.303), (0.384, -0.302), (0.383, -0.301), (0.382, -0.3), (0.382, -0.299), (0.381, -0.299), (0.381, -0.298), (0.38, -0.297), (0.38, -0.296), (0.379, -0.295), (0.378, -0.295), (0.378, -0.294), (0.377, -0.293), (0.377, -0.292), (0.376, -0.291), (0.375, -0.291), (0.375, -0.29), (0.374, -0.289), (0.374, -0.288), (0.373, -0.287), (0.373, -0.287), (0.372, -0.286), (0.371, -0.285), (0.371, -0.284), (0.37, -0.283), (0.37, -0.283), (0.369, -0.282), (0.369, -0.281), (0.368, -0.28), (0.367, -0.279), (0.367, -0.279), (0.366, -0.278), (0.366, -0.277), (0.365, -0.276), (0.365, -0.276), (0.364, -0.275), (0.364, -0.274), (0.363, -0.273), (0.362, -0.272), (0.362, -0.272), (0.361, -0.271), (0.361, -0.27), (0.36, -0.269), (0.36, -0.268), (0.359, -0.268), (0.358, -0.267), (0.358, -0.266), (0.357, -0.265), (0.357, -0.265), (0.356, -0.264), (0.356, -0.263), (0.355, -0.262), (0.355, -0.261), (0.354, -0.261), (0.354, -0.26), (0.353, -0.259), (0.352, -0.258), (0.352, -0.258), (0.351, -0.257), (0.351, -0.256), (0.35, -0.255), (0.35, -0.254), (0.349, -0.254), (0.349, -0.253), (0.348, -0.252), (0.347, -0.251), (0.347, -0.251), (0.346, -0.25), (0.346, -0.249)], total_steps=3141
  273rd iteration: path_start=[(0.011, -0.173), (0.011, -0.174), (0.011, -0.175), (0.011, -0.177), (0.011, -0.179), (0.012, -0.181), (0.012, -0.184), (0.012, -0.187), (0.013, -0.19), (0.013, -0.194), (0.013, -0.198), (0.014, -0.202), (0.014, -0.207), (0.015, -0.211), (0.015, -0.216), (0.016, -0.221), (0.017, -0.226), (0.017, -0.232), (0.018, -0.237), (0.018, -0.243), (0.019, -0.249), (0.02, -0.255), (0.021, -0.261), (0.021, -0.267), (0.022, -0.273), (0.023, -0.28), (0.023, -0.286), (0.024, -0.293), (0.025, -0.3), (0.026, -0.306), (0.027, -0.313), (0.027, -0.32), (0.028, -0.327), (0.029, -0.334), (0.03, -0.341), (0.031, -0.348), (0.032, -0.355), (0.032, -0.362), (0.033, -0.369), (0.034, -0.376), (0.035, -0.383), (0.036, -0.39), (0.037, -0.397), (0.037, -0.404), (0.038, -0.411), (0.039, -0.418), (0.04, -0.425), (0.041, -0.432), (0.042, -0.439), (0.043, -0.446), (0.044, -0.453), (0.044, -0.46), (0.045, -0.467), (0.046, -0.474), (0.047, -0.481), (0.048, -0.487), (0.049, -0.494), (0.05, -0.501), (0.051, -0.508), (0.051, -0.514), (0.052, -0.521), (0.053, -0.527), (0.054, -0.534), (0.055, -0.54), (0.056, -0.547), (0.057, -0.553), (0.057, -0.559), (0.058, -0.566), (0.059, -0.572), (0.06, -0.578), (0.061, -0.584), (0.062, -0.59), (0.062, -0.596), (0.063, -0.602), (0.064, -0.608), (0.065, -0.614), (0.066, -0.62), (0.066, -0.625), (0.067, -0.631), (0.068, -0.637), (0.069, -0.642), (0.07, -0.648), (0.07, -0.653), (0.071, -0.659), (0.072, -0.664), (0.073, -0.669), (0.074, -0.675), (0.074, -0.68), (0.075, -0.685), (0.076, -0.69), (0.077, -0.695), (0.077, -0.7), (0.078, -0.705), (0.079, -0.71), (0.08, -0.715), (0.08, -0.72), (0.081, -0.724), (0.082, -0.729), (0.083, -0.734), (0.083, -0.738), (0.084, -0.743), (0.085, -0.747), (0.085, -0.752), (0.086, -0.756), (0.087, -0.76), (0.088, -0.765), (0.088, -0.769), (0.089, -0.773), (0.09, -0.777), (0.09, -0.781), (0.091, -0.786), (0.092, -0.79), (0.092, -0.794), (0.093, -0.797), (0.094, -0.801), (0.094, -0.805), (0.095, -0.809), (0.096, -0.813), (0.096, -0.817), (0.097, -0.82), (0.098, -0.824), (0.098, -0.828), (0.099, -0.831), (0.1, -0.835), (0.1, -0.838), (0.101, -0.842), (0.102, -0.845), (0.102, -0.848), (0.103, -0.852), (0.104, -0.855), (0.104, -0.858), (0.105, -0.862), (0.105, -0.865), (0.106, -0.868), (0.107, -0.871), (0.107, -0.874), (0.108, -0.877), (0.109, -0.881), (0.109, -0.884), (0.11, -0.887), (0.11, -0.89), (0.111, -0.892), (0.112, -0.895), (0.112, -0.898), (0.113, -0.901), (0.113, -0.904), (0.114, -0.907), (0.115, -0.91), (0.115, -0.912), (0.116, -0.915), (0.116, -0.918), (0.117, -0.92), (0.117, -0.923), (0.118, -0.926), (0.119, -0.928), (0.119, -0.931), (0.12, -0.933), (0.12, -0.936), (0.121, -0.938), (0.122, -0.941), (0.122, -0.943), (0.123, -0.946), (0.123, -0.948), (0.124, -0.951), (0.124, -0.953), (0.125, -0.955), (0.125, -0.958), (0.126, -0.96), (0.127, -0.962), (0.127, -0.965), (0.128, -0.967), (0.128, -0.969), (0.129, -0.971), (0.129, -0.974), (0.13, -0.976), (0.13, -0.978), (0.131, -0.98), (0.131, -0.982), (0.132, -0.984), (0.133, -0.986), (0.133, -0.989), (0.134, -0.991), (0.134, -0.993), (0.135, -0.995), (0.135, -0.997), (0.136, -0.999), (0.136, -1.001), (0.137, -1.003), (0.137, -1.005), (0.138, -1.007), (0.138, -1.009), (0.139, -1.011), (0.14, -1.013), (0.14, -1.015), (0.141, -1.016), (0.141, -1.018), (0.142, -1.02), (0.142, -1.022), (0.143, -1.024), (0.143, -1.026), (0.144, -1.028), (0.144, -1.03), (0.145, -1.031), (0.145, -1.033), (0.146, -1.035), (0.146, -1.037), (0.147, -1.039), (0.147, -1.04), (0.148, -1.042), (0.148, -1.044), (0.149, -1.046), (0.149, -1.047), (0.15, -1.049), (0.15, -1.051), (0.151, -1.053), (0.151, -1.054), (0.152, -1.056), (0.152, -1.058), (0.153, -1.059), (0.154, -1.061), (0.154, -1.063), (0.155, -1.064), (0.155, -1.066), (0.156, -1.068), (0.156, -1.069), (0.157, -1.071), (0.157, -1.073), (0.158, -1.074), (0.158, -1.076), (0.159, -1.078), (0.159, -1.079), (0.16, -1.081), (0.16, -1.082), (0.161, -1.084), (0.161, -1.086), (0.162, -1.087), (0.162, -1.089), (0.163, -1.09), (0.163, -1.092), (0.164, -1.094), (0.164, -1.095), (0.165, -1.097), (0.165, -1.098), (0.166, -1.1), (0.166, -1.101), (0.167, -1.103), (0.167, -1.104), (0.168, -1.106), (0.168, -1.107), (0.169, -1.109), (0.169, -1.111), (0.17, -1.112), (0.17, -1.114), (0.171, -1.115), (0.171, -1.117), (0.172, -1.118), (0.172, -1.12), (0.173, -1.121), (0.173, -1.123), (0.174, -1.124), (0.174, -1.126), (0.175, -1.127), (0.175, -1.129), (0.176, -1.13), (0.176, -1.132), (0.177, -1.133), (0.177, -1.134), (0.178, -1.136), (0.178, -1.137), (0.179, -1.139), (0.179, -1.14), (0.18, -1.142), (0.18, -1.143), (0.181, -1.145), (0.181, -1.146), (0.182, -1.148), (0.182, -1.149), (0.183, -1.151), (0.183, -1.152), (0.184, -1.153), (0.184, -1.155), (0.185, -1.156), (0.185, -1.158), (0.186, -1.159), (0.186, -1.161), (0.187, -1.162), (0.187, -1.164), (0.188, -1.165), (0.188, -1.166), (0.189, -1.168), (0.189, -1.169), (0.19, -1.171), (0.19, -1.172), (0.191, -1.174), (0.191, -1.175), (0.192, -1.176), (0.192, -1.178), (0.193, -1.179), (0.193, -1.181), (0.194, -1.182), (0.194, -1.184), (0.195, -1.185), (0.195, -1.186), (0.196, -1.188), (0.196, -1.189), (0.197, -1.191), (0.197, -1.192), (0.198, -1.193), (0.198, -1.195), (0.199, -1.196), (0.199, -1.198), (0.2, -1.199), (0.2, -1.2), (0.201, -1.202), (0.201, -1.203), (0.202, -1.205), (0.202, -1.206), (0.203, -1.208), (0.203, -1.209), (0.204, -1.21), (0.204, -1.212), (0.205, -1.213), (0.205, -1.215), (0.206, -1.216), (0.206, -1.217), (0.207, -1.219), (0.207, -1.22), (0.208, -1.222), (0.208, -1.223), (0.209, -1.224), (0.209, -1.226), (0.21, -1.227), (0.21, -1.229), (0.211, -1.23), (0.211, -1.231), (0.212, -1.233), (0.212, -1.234), (0.213, -1.236), (0.213, -1.237), (0.214, -1.238), (0.214, -1.24), (0.215, -1.241), (0.215, -1.243), (0.216, -1.244), (0.216, -1.245), (0.217, -1.247), (0.217, -1.248), (0.218, -1.25), (0.218, -1.251), (0.219, -1.252), (0.219, -1.254), (0.22, -1.255), (0.22, -1.257), (0.221, -1.258), (0.221, -1.259), (0.222, -1.261), (0.222, -1.262), (0.223, -1.264), (0.223, -1.265), (0.224, -1.266), (0.224, -1.268), (0.225, -1.269), (0.225, -1.271), (0.226, -1.272), (0.226, -1.273), (0.227, -1.275), (0.227, -1.276), (0.228, -1.278), (0.228, -1.279), (0.229, -1.28), (0.229, -1.282), (0.23, -1.283), (0.23, -1.285), (0.231, -1.286), (0.231, -1.287), (0.232, -1.289), (0.232, -1.29), (0.233, -1.292), (0.233, -1.293), (0.234, -1.294), (0.234, -1.296), (0.235, -1.297), (0.235, -1.299), (0.236, -1.3), (0.236, -1.301), (0.237, -1.303), (0.237, -1.304), (0.238, -1.306), (0.238, -1.307), (0.239, -1.308), (0.239, -1.31), (0.24, -1.311), (0.24, -1.313), (0.241, -1.314), (0.241, -1.315), (0.242, -1.317), (0.242, -1.318), (0.243, -1.32), (0.243, -1.321), (0.244, -1.322), (0.244, -1.324), (0.245, -1.325), (0.245, -1.327), (0.246, -1.328), (0.246, -1.33), (0.247, -1.331), (0.247, -1.332), (0.248, -1.334), (0.248, -1.335), (0.249, -1.337), (0.249, -1.338), (0.25, -1.339), (0.25, -1.341), (0.251, -1.342), (0.251, -1.344), (0.252, -1.345), (0.252, -1.346), (0.253, -1.348), (0.253, -1.349), (0.254, -1.351), (0.254, -1.352), (0.255, -1.354), (0.255, -1.355), (0.256, -1.356), (0.256, -1.358), (0.257, -1.359), (0.257, -1.361), (0.258, -1.362), (0.258, -1.363), (0.259, -1.365), (0.259, -1.366), (0.26, -1.368), (0.26, -1.369), (0.261, -1.371), (0.261, -1.372), (0.262, -1.373), (0.262, -1.375), (0.263, -1.376), (0.263, -1.378), (0.264, -1.379), (0.264, -1.381), (0.265, -1.382), (0.265, -1.383), (0.266, -1.385), (0.266, -1.386), (0.267, -1.388), (0.267, -1.389), (0.268, -1.391), (0.268, -1.392), (0.269, -1.393), (0.269, -1.395), (0.27, -1.396), (0.27, -1.398), (0.271, -1.399), (0.271, -1.401), (0.272, -1.402), (0.272, -1.403), (0.273, -1.405), (0.273, -1.406), (0.274, -1.408), (0.274, -1.409), (0.275, -1.411), (0.275, -1.412), (0.276, -1.413), (0.276, -1.415), (0.277, -1.416), (0.277, -1.418), (0.278, -1.419), (0.278, -1.421), (0.279, -1.422), (0.279, -1.423), (0.28, -1.425), (0.28, -1.426), (0.281, -1.428), (0.281, -1.429), (0.282, -1.431), (0.282, -1.432), (0.283, -1.434), (0.283, -1.435), (0.284, -1.436), (0.284, -1.438), (0.285, -1.439), (0.285, -1.441), (0.286, -1.442), (0.286, -1.444), (0.287, -1.445), (0.287, -1.447), (0.288, -1.448), (0.288, -1.449), (0.289, -1.451), (0.289, -1.452), (0.289, -1.454), (0.29, -1.455), (0.29, -1.457), (0.291, -1.458), (0.291, -1.46), (0.292, -1.461), (0.292, -1.463), (0.293, -1.464), (0.293, -1.465)], path_end=[(-0.077, -2.964), (-0.077, -2.947), (-0.078, -2.93), (-0.078, -2.913), (-0.078, -2.895), (-0.078, -2.878), (-0.078, -2.861), (-0.078, -2.844), (-0.079, -2.826), (-0.079, -2.809), (-0.079, -2.792), (-0.079, -2.775), (-0.079, -2.757), (-0.079, -2.74), (-0.079, -2.723), (-0.08, -2.706), (-0.08, -2.689), (-0.08, -2.671), (-0.08, -2.654), (-0.08, -2.637), (-0.08, -2.62), (-0.08, -2.603), (-0.08, -2.586), (-0.081, -2.569), (-0.081, -2.552), (-0.081, -2.535), (-0.081, -2.518), (-0.081, -2.501), (-0.081, -2.484), (-0.081, -2.467), (-0.081, -2.45), (-0.081, -2.433), (-0.081, -2.416), (-0.082, -2.4), (-0.082, -2.383), (-0.082, -2.366), (-0.082, -2.35), (-0.082, -2.333), (-0.082, -2.317), (-0.082, -2.3), (-0.082, -2.284), (-0.082, -2.267), (-0.082, -2.251), (-0.082, -2.235), (-0.082, -2.219), (-0.082, -2.202), (-0.082, -2.186), (-0.082, -2.17), (-0.082, -2.154), (-0.082, -2.138), (-0.082, -2.123), (-0.082, -2.107), (-0.082, -2.091), (-0.082, -2.075), (-0.082, -2.06), (-0.082, -2.044), (-0.082, -2.029), (-0.082, -2.013), (-0.082, -1.998), (-0.082, -1.983), (-0.082, -1.968), (-0.082, -1.953), (-0.082, -1.938), (-0.082, -1.923), (-0.082, -1.908), (-0.082, -1.893), (-0.082, -1.878), (-0.082, -1.864), (-0.082, -1.849), (-0.082, -1.835), (-0.082, -1.82), (-0.082, -1.806), (-0.082, -1.792), (-0.082, -1.778), (-0.082, -1.764), (-0.082, -1.75), (-0.082, -1.736), (-0.082, -1.722), (-0.082, -1.708), (-0.081, -1.695), (-0.081, -1.681), (-0.081, -1.668), (-0.081, -1.654), (-0.081, -1.641), (-0.081, -1.628), (-0.081, -1.615), (-0.081, -1.602), (-0.081, -1.589), (-0.081, -1.576), (-0.081, -1.564), (-0.08, -1.551), (-0.08, -1.539), (-0.08, -1.526), (-0.08, -1.514), (-0.08, -1.502), (-0.08, -1.49), (-0.08, -1.478), (-0.08, -1.466), (-0.08, -1.454), (-0.079, -1.442), (-0.079, -1.431), (-0.079, -1.419), (-0.079, -1.408), (-0.079, -1.396), (-0.079, -1.385), (-0.079, -1.374), (-0.078, -1.363), (-0.078, -1.352), (-0.078, -1.341), (-0.078, -1.33), (-0.078, -1.32), (-0.078, -1.309), (-0.078, -1.299), (-0.077, -1.288), (-0.077, -1.278), (-0.077, -1.268), (-0.077, -1.258), (-0.077, -1.248), (-0.077, -1.238), (-0.076, -1.228), (-0.076, -1.219), (-0.076, -1.209), (-0.076, -1.2), (-0.076, -1.19), (-0.076, -1.181), (-0.075, -1.172), (-0.075, -1.163), (-0.075, -1.154), (-0.075, -1.145), (-0.075, -1.136), (-0.074, -1.128), (-0.074, -1.119), (-0.074, -1.111), (-0.074, -1.102), (-0.074, -1.094), (-0.073, -1.086), (-0.073, -1.077), (-0.073, -1.069), (-0.073, -1.062), (-0.073, -1.054), (-0.072, -1.046), (-0.072, -1.038), (-0.072, -1.031), (-0.072, -1.023), (-0.072, -1.016), (-0.071, -1.009), (-0.071, -1.001), (-0.071, -0.994), (-0.071, -0.987), (-0.07, -0.98), (-0.07, -0.973), (-0.07, -0.967), (-0.07, -0.96), (-0.069, -0.953), (-0.069, -0.947), (-0.069, -0.941), (-0.069, -0.934), (-0.068, -0.928), (-0.068, -0.922), (-0.068, -0.916), (-0.068, -0.91), (-0.068, -0.904), (-0.067, -0.898), (-0.067, -0.892), (-0.067, -0.887), (-0.067, -0.881), (-0.066, -0.876), (-0.066, -0.87), (-0.066, -0.865), (-0.065, -0.86), (-0.065, -0.854), (-0.065, -0.849), (-0.065, -0.844), (-0.064, -0.839), (-0.064, -0.834), (-0.064, -0.83), (-0.064, -0.825), (-0.063, -0.82), (-0.063, -0.816), (-0.063, -0.811), (-0.063, -0.807), (-0.062, -0.802), (-0.062, -0.798), (-0.062, -0.794), (-0.061, -0.789), (-0.061, -0.785), (-0.061, -0.781), (-0.061, -0.777), (-0.06, -0.773), (-0.06, -0.77), (-0.06, -0.766), (-0.059, -0.762), (-0.059, -0.759), (-0.059, -0.755), (-0.059, -0.751), (-0.058, -0.748), (-0.058, -0.745), (-0.058, -0.741), (-0.057, -0.738), (-0.057, -0.735), (-0.057, -0.732), (-0.056, -0.729), (-0.056, -0.725), (-0.056, -0.723), (-0.056, -0.72), (-0.055, -0.717), (-0.055, -0.714), (-0.055, -0.711), (-0.054, -0.708), (-0.054, -0.706), (-0.054, -0.703), (-0.053, -0.701), (-0.053, -0.698), (-0.053, -0.696), (-0.053, -0.693), (-0.052, -0.691), (-0.052, -0.689), (-0.052, -0.687), (-0.051, -0.684), (-0.051, -0.682), (-0.051, -0.68), (-0.05, -0.678), (-0.05, -0.676), (-0.05, -0.674), (-0.049, -0.672), (-0.049, -0.67), (-0.049, -0.669), (-0.048, -0.667), (-0.048, -0.665), (-0.048, -0.663), (-0.047, -0.662), (-0.047, -0.66), (-0.047, -0.659), (-0.046, -0.657), (-0.046, -0.656), (-0.046, -0.654), (-0.045, -0.653), (-0.045, -0.651), (-0.045, -0.65), (-0.044, -0.649), (-0.044, -0.647), (-0.044, -0.646), (-0.043, -0.645), (-0.043, -0.644), (-0.043, -0.643), (-0.042, -0.642), (-0.042, -0.641), (-0.042, -0.64), (-0.041, -0.639), (-0.041, -0.638), (-0.041, -0.637), (-0.04, -0.636), (-0.04, -0.635), (-0.04, -0.634), (-0.039, -0.634), (-0.039, -0.633), (-0.039, -0.632), (-0.038, -0.631), (-0.038, -0.631), (-0.038, -0.63), (-0.037, -0.629), (-0.037, -0.629), (-0.037, -0.628), (-0.036, -0.628), (-0.036, -0.627), (-0.036, -0.627), (-0.035, -0.626), (-0.035, -0.626), (-0.035, -0.626), (-0.034, -0.625), (-0.034, -0.625), (-0.034, -0.625), (-0.033, -0.624), (-0.033, -0.624), (-0.032, -0.624), (-0.032, -0.624), (-0.032, -0.623), (-0.031, -0.623), (-0.031, -0.623), (-0.031, -0.623), (-0.03, -0.623), (-0.03, -0.623), (-0.03, -0.623), (-0.029, -0.622), (-0.029, -0.622), (-0.029, -0.622), (-0.028, -0.622), (-0.028, -0.622), (-0.027, -0.622), (-0.027, -0.623), (-0.027, -0.623), (-0.026, -0.623), (-0.026, -0.623), (-0.026, -0.623), (-0.025, -0.623), (-0.025, -0.623), (-0.025, -0.623), (-0.024, -0.624), (-0.024, -0.624), (-0.024, -0.624), (-0.023, -0.624), (-0.023, -0.625), (-0.022, -0.625), (-0.022, -0.625), (-0.022, -0.625), (-0.021, -0.626), (-0.021, -0.626), (-0.021, -0.626), (-0.02, -0.627), (-0.02, -0.627), (-0.019, -0.628), (-0.019, -0.628), (-0.019, -0.628), (-0.018, -0.629), (-0.018, -0.629), (-0.018, -0.63), (-0.017, -0.63), (-0.017, -0.631), (-0.017, -0.631), (-0.016, -0.632), (-0.016, -0.632), (-0.015, -0.633), (-0.015, -0.633), (-0.015, -0.634), (-0.014, -0.634), (-0.014, -0.635), (-0.014, -0.635), (-0.013, -0.636), (-0.013, -0.636), (-0.012, -0.637), (-0.012, -0.638), (-0.012, -0.638), (-0.011, -0.639), (-0.011, -0.64), (-0.011, -0.64), (-0.01, -0.641), (-0.01, -0.642), (-0.009, -0.642), (-0.009, -0.643), (-0.009, -0.644), (-0.008, -0.644), (-0.008, -0.645), (-0.008, -0.646), (-0.007, -0.646), (-0.007, -0.647), (-0.006, -0.648), (-0.006, -0.649), (-0.006, -0.649), (-0.005, -0.65), (-0.005, -0.651), (-0.004, -0.652), (-0.004, -0.652), (-0.004, -0.653), (-0.003, -0.654), (-0.003, -0.655), (-0.003, -0.656), (-0.002, -0.656), (-0.002, -0.657), (-0.001, -0.658), (-0.001, -0.659), (-0.001, -0.66), (-0.0, -0.661), (0.0, -0.661), (0.001, -0.662), (0.001, -0.663), (0.001, -0.664), (0.002, -0.665), (0.002, -0.666), (0.002, -0.667), (0.003, -0.667), (0.003, -0.668), (0.004, -0.669), (0.004, -0.67), (0.004, -0.671), (0.005, -0.672), (0.005, -0.673), (0.006, -0.674), (0.006, -0.675), (0.006, -0.676), (0.007, -0.677), (0.007, -0.678), (0.008, -0.678), (0.008, -0.679), (0.008, -0.68), (0.009, -0.681), (0.009, -0.682), (0.009, -0.683), (0.01, -0.684), (0.01, -0.685), (0.011, -0.686), (0.011, -0.687), (0.011, -0.688), (0.012, -0.689), (0.012, -0.69), (0.013, -0.691), (0.013, -0.692), (0.013, -0.693), (0.014, -0.694), (0.014, -0.695), (0.015, -0.696), (0.015, -0.697), (0.015, -0.698), (0.016, -0.699), (0.016, -0.7), (0.017, -0.701), (0.017, -0.702), (0.017, -0.703), (0.018, -0.704), (0.018, -0.705), (0.019, -0.706), (0.019, -0.707), (0.019, -0.708), (0.02, -0.709), (0.02, -0.71), (0.021, -0.711), (0.021, -0.712), (0.021, -0.713), (0.022, -0.714), (0.022, -0.715), (0.023, -0.717), (0.023, -0.718), (0.023, -0.719), (0.024, -0.72), (0.024, -0.721), (0.025, -0.722), (0.025, -0.723), (0.025, -0.724), (0.026, -0.725), (0.026, -0.726), (0.027, -0.727), (0.027, -0.728), (0.027, -0.729), (0.028, -0.73), (0.028, -0.731), (0.029, -0.733), (0.029, -0.734), (0.029, -0.735), (0.03, -0.736), (0.03, -0.737), (0.031, -0.738), (0.031, -0.739), (0.031, -0.74), (0.032, -0.741), (0.032, -0.742), (0.033, -0.744), (0.033, -0.745), (0.034, -0.746), (0.034, -0.747), (0.034, -0.748), (0.035, -0.749), (0.035, -0.75), (0.036, -0.751), (0.036, -0.752), (0.036, -0.753), (0.037, -0.755), (0.037, -0.756), (0.038, -0.757), (0.038, -0.758), (0.038, -0.759), (0.039, -0.76), (0.039, -0.761), (0.04, -0.762), (0.04, -0.764), (0.041, -0.765), (0.041, -0.766), (0.041, -0.767), (0.042, -0.768), (0.042, -0.769), (0.043, -0.77), (0.043, -0.771), (0.043, -0.773), (0.044, -0.774), (0.044, -0.775), (0.045, -0.776), (0.045, -0.777), (0.046, -0.778), (0.046, -0.779), (0.046, -0.781), (0.047, -0.782), (0.047, -0.783), (0.048, -0.784), (0.048, -0.785), (0.048, -0.786), (0.049, -0.787), (0.049, -0.789), (0.05, -0.79), (0.05, -0.791), (0.051, -0.792), (0.051, -0.793), (0.051, -0.794), (0.052, -0.796), (0.052, -0.797), (0.053, -0.798), (0.053, -0.799), (0.053, -0.8), (0.054, -0.801), (0.054, -0.803), (0.055, -0.804), (0.055, -0.805), (0.056, -0.806)], total_steps=3141
  275th iteration: path_start=[(0.011, -0.172), (0.011, -0.172), (0.012, -0.172), (0.012, -0.173), (0.013, -0.173), (0.014, -0.173), (0.015, -0.173), (0.016, -0.173), (0.018, -0.173), (0.019, -0.173), (0.021, -0.173), (0.022, -0.173), (0.024, -0.173), (0.026, -0.173), (0.028, -0.173), (0.03, -0.173), (0.032, -0.173), (0.034, -0.173), (0.036, -0.173), (0.038, -0.173), (0.04, -0.173), (0.043, -0.174), (0.045, -0.174), (0.048, -0.174), (0.05, -0.174), (0.052, -0.174), (0.055, -0.174), (0.057, -0.174), (0.06, -0.174), (0.062, -0.174), (0.065, -0.174), (0.068, -0.174), (0.07, -0.174), (0.073, -0.174), (0.075, -0.174), (0.078, -0.174), (0.08, -0.174), (0.083, -0.174), (0.086, -0.174), (0.088, -0.174), (0.091, -0.174), (0.093, -0.173), (0.096, -0.173), (0.098, -0.173), (0.101, -0.173), (0.103, -0.173), (0.106, -0.173), (0.108, -0.173), (0.111, -0.173), (0.113, -0.173), (0.116, -0.173), (0.118, -0.172), (0.121, -0.172), (0.123, -0.172), (0.125, -0.172), (0.128, -0.172), (0.13, -0.172), (0.132, -0.172), (0.135, -0.171), (0.137, -0.171), (0.139, -0.171), (0.141, -0.171), (0.143, -0.171), (0.145, -0.17), (0.148, -0.17), (0.15, -0.17), (0.152, -0.17), (0.154, -0.169), (0.156, -0.169), (0.158, -0.169), (0.16, -0.169), (0.161, -0.168), (0.163, -0.168), (0.165, -0.168), (0.167, -0.168), (0.169, -0.167), (0.171, -0.167), (0.172, -0.167), (0.174, -0.166), (0.176, -0.166), (0.177, -0.166), (0.179, -0.165), (0.181, -0.165), (0.182, -0.165), (0.184, -0.164), (0.185, -0.164), (0.187, -0.164), (0.188, -0.163), (0.19, -0.163), (0.191, -0.162), (0.192, -0.162), (0.194, -0.162), (0.195, -0.161), (0.196, -0.161), (0.198, -0.16), (0.199, -0.16), (0.2, -0.16), (0.201, -0.159), (0.202, -0.159), (0.203, -0.158), (0.205, -0.158), (0.206, -0.158), (0.207, -0.157), (0.208, -0.157), (0.209, -0.156), (0.21, -0.156), (0.211, -0.155), (0.212, -0.155), (0.213, -0.154), (0.214, -0.154), (0.214, -0.153), (0.215, -0.153), (0.216, -0.152), (0.217, -0.152), (0.218, -0.151), (0.218, -0.151), (0.219, -0.15), (0.22, -0.15), (0.221, -0.149), (0.221, -0.149), (0.222, -0.148), (0.223, -0.148), (0.223, -0.147), (0.224, -0.147), (0.224, -0.146), (0.225, -0.146), (0.226, -0.145), (0.226, -0.145), (0.227, -0.144), (0.227, -0.144), (0.228, -0.143), (0.228, -0.143), (0.229, -0.142), (0.229, -0.141), (0.229, -0.141), (0.23, -0.14), (0.23, -0.14), (0.231, -0.139), (0.231, -0.139), (0.231, -0.138), (0.232, -0.137), (0.232, -0.137), (0.232, -0.136), (0.232, -0.136), (0.233, -0.135), (0.233, -0.135), (0.233, -0.134), (0.233, -0.133), (0.234, -0.133), (0.234, -0.132), (0.234, -0.132), (0.234, -0.131), (0.234, -0.13), (0.234, -0.13), (0.234, -0.129), (0.235, -0.129), (0.235, -0.128), (0.235, -0.127), (0.235, -0.127), (0.235, -0.126), (0.235, -0.126), (0.235, -0.125), (0.235, -0.124), (0.235, -0.124), (0.235, -0.123), (0.235, -0.123), (0.235, -0.122), (0.235, -0.121), (0.235, -0.121), (0.235, -0.12), (0.235, -0.119), (0.235, -0.119), (0.235, -0.118), (0.235, -0.118), (0.235, -0.117), (0.235, -0.116), (0.234, -0.116), (0.234, -0.115), (0.234, -0.114), (0.234, -0.114), (0.234, -0.113), (0.234, -0.112), (0.234, -0.112), (0.233, -0.111), (0.233, -0.111), (0.233, -0.11), (0.233, -0.109), (0.233, -0.109), (0.232, -0.108), (0.232, -0.107), (0.232, -0.107), (0.232, -0.106), (0.232, -0.105), (0.231, -0.105), (0.231, -0.104), (0.231, -0.103), (0.231, -0.103), (0.23, -0.102), (0.23, -0.101), (0.23, -0.101), (0.229, -0.1), (0.229, -0.099), (0.229, -0.099), (0.228, -0.098), (0.228, -0.097), (0.228, -0.097), (0.228, -0.096), (0.227, -0.095), (0.227, -0.095), (0.226, -0.094), (0.226, -0.094), (0.226, -0.093), (0.225, -0.092), (0.225, -0.092), (0.225, -0.091), (0.224, -0.09), (0.224, -0.09), (0.224, -0.089), (0.223, -0.088), (0.223, -0.088), (0.222, -0.087), (0.222, -0.086), (0.221, -0.086), (0.221, -0.085), (0.221, -0.084), (0.22, -0.084), (0.22, -0.083), (0.219, -0.082), (0.219, -0.082), (0.218, -0.081), (0.218, -0.08), (0.218, -0.08), (0.217, -0.079), (0.217, -0.078), (0.216, -0.078), (0.216, -0.077), (0.215, -0.076), (0.215, -0.075), (0.214, -0.075), (0.214, -0.074), (0.213, -0.073), (0.213, -0.073), (0.212, -0.072), (0.212, -0.071), (0.211, -0.071), (0.211, -0.07), (0.21, -0.069), (0.21, -0.069), (0.209, -0.068), (0.209, -0.067), (0.208, -0.067), (0.208, -0.066), (0.207, -0.065), (0.206, -0.065), (0.206, -0.064), (0.205, -0.063), (0.205, -0.063), (0.204, -0.062), (0.204, -0.061), (0.203, -0.061), (0.203, -0.06), (0.202, -0.059), (0.201, -0.059), (0.201, -0.058), (0.2, -0.057), (0.2, -0.057), (0.199, -0.056), (0.198, -0.055), (0.198, -0.055), (0.197, -0.054), (0.197, -0.053), (0.196, -0.053), (0.195, -0.052), (0.195, -0.051), (0.194, -0.05), (0.194, -0.05), (0.193, -0.049), (0.192, -0.048), (0.192, -0.048), (0.191, -0.047), (0.191, -0.046), (0.19, -0.046), (0.189, -0.045), (0.189, -0.044), (0.188, -0.044), (0.187, -0.043), (0.187, -0.042), (0.186, -0.042), (0.185, -0.041), (0.185, -0.04), (0.184, -0.04), (0.183, -0.039), (0.183, -0.038), (0.182, -0.038), (0.181, -0.037), (0.181, -0.036), (0.18, -0.036), (0.179, -0.035), (0.179, -0.034), (0.178, -0.033), (0.177, -0.033), (0.177, -0.032), (0.176, -0.031), (0.175, -0.031), (0.175, -0.03), (0.174, -0.029), (0.173, -0.029), (0.172, -0.028), (0.172, -0.027), (0.171, -0.027), (0.17, -0.026), (0.17, -0.025), (0.169, -0.025), (0.168, -0.024), (0.168, -0.023), (0.167, -0.023), (0.166, -0.022), (0.165, -0.021), (0.165, -0.021), (0.164, -0.02), (0.163, -0.019), (0.162, -0.019), (0.162, -0.018), (0.161, -0.017), (0.16, -0.016), (0.159, -0.016), (0.159, -0.015), (0.158, -0.014), (0.157, -0.014), (0.157, -0.013), (0.156, -0.012), (0.155, -0.012), (0.154, -0.011), (0.153, -0.01), (0.153, -0.01), (0.152, -0.009), (0.151, -0.008), (0.15, -0.008), (0.15, -0.007), (0.149, -0.006), (0.148, -0.006), (0.147, -0.005), (0.147, -0.004), (0.146, -0.003), (0.145, -0.003), (0.144, -0.002), (0.144, -0.001), (0.143, -0.001), (0.142, -0.0), (0.141, 0.001), (0.14, 0.001), (0.14, 0.002), (0.139, 0.003), (0.138, 0.003), (0.137, 0.004), (0.136, 0.005), (0.136, 0.005), (0.135, 0.006), (0.134, 0.007), (0.133, 0.007), (0.132, 0.008), (0.132, 0.009), (0.131, 0.01), (0.13, 0.01), (0.129, 0.011), (0.128, 0.012), (0.128, 0.012), (0.127, 0.013), (0.126, 0.014), (0.125, 0.014), (0.124, 0.015), (0.124, 0.016), (0.123, 0.016), (0.122, 0.017), (0.121, 0.018), (0.12, 0.018), (0.119, 0.019), (0.119, 0.02), (0.118, 0.021), (0.117, 0.021), (0.116, 0.022), (0.115, 0.023), (0.115, 0.023), (0.114, 0.024), (0.113, 0.025), (0.112, 0.025), (0.111, 0.026), (0.11, 0.027), (0.11, 0.027), (0.109, 0.028), (0.108, 0.029), (0.107, 0.029), (0.106, 0.03), (0.105, 0.031), (0.105, 0.032), (0.104, 0.032), (0.103, 0.033), (0.102, 0.034), (0.101, 0.034), (0.1, 0.035), (0.1, 0.036), (0.099, 0.036), (0.098, 0.037), (0.097, 0.038), (0.096, 0.039), (0.095, 0.039), (0.095, 0.04), (0.094, 0.041), (0.093, 0.041), (0.092, 0.042), (0.091, 0.043), (0.09, 0.043), (0.09, 0.044), (0.089, 0.045), (0.088, 0.045), (0.087, 0.046), (0.086, 0.047), (0.085, 0.048), (0.085, 0.048), (0.084, 0.049), (0.083, 0.05), (0.082, 0.05), (0.081, 0.051), (0.08, 0.052), (0.08, 0.052), (0.079, 0.053), (0.078, 0.054), (0.077, 0.055), (0.076, 0.055), (0.075, 0.056), (0.074, 0.057), (0.074, 0.057), (0.073, 0.058), (0.072, 0.059), (0.071, 0.059), (0.07, 0.06), (0.069, 0.061), (0.069, 0.062), (0.068, 0.062), (0.067, 0.063), (0.066, 0.064), (0.065, 0.064), (0.064, 0.065), (0.064, 0.066), (0.063, 0.067), (0.062, 0.067), (0.061, 0.068), (0.06, 0.069), (0.06, 0.069), (0.059, 0.07), (0.058, 0.071), (0.057, 0.071), (0.056, 0.072), (0.055, 0.073), (0.055, 0.074), (0.054, 0.074), (0.053, 0.075), (0.052, 0.076), (0.051, 0.076), (0.05, 0.077), (0.05, 0.078), (0.049, 0.079), (0.048, 0.079), (0.047, 0.08), (0.046, 0.081), (0.046, 0.081), (0.045, 0.082), (0.044, 0.083), (0.043, 0.084), (0.042, 0.084), (0.042, 0.085), (0.041, 0.086), (0.04, 0.087), (0.039, 0.087), (0.038, 0.088), (0.038, 0.089), (0.037, 0.089), (0.036, 0.09), (0.035, 0.091), (0.034, 0.092), (0.034, 0.092), (0.033, 0.093), (0.032, 0.094), (0.031, 0.094), (0.03, 0.095), (0.03, 0.096), (0.029, 0.097), (0.028, 0.097), (0.027, 0.098), (0.027, 0.099), (0.026, 0.1), (0.025, 0.1), (0.024, 0.101), (0.024, 0.102), (0.023, 0.103), (0.022, 0.103), (0.021, 0.104), (0.02, 0.105), (0.02, 0.105), (0.019, 0.106)], path_end=[(-0.082, 0.067), (-0.078, 0.063), (-0.073, 0.058), (-0.068, 0.054), (-0.063, 0.049), (-0.058, 0.044), (-0.054, 0.04), (-0.049, 0.035), (-0.044, 0.031), (-0.039, 0.026), (-0.034, 0.022), (-0.03, 0.017), (-0.025, 0.013), (-0.02, 0.008), (-0.015, 0.004), (-0.011, -0.001), (-0.006, -0.005), (-0.001, -0.01), (0.003, -0.014), (0.008, -0.018), (0.013, -0.023), (0.018, -0.027), (0.022, -0.032), (0.027, -0.036), (0.031, -0.041), (0.036, -0.045), (0.041, -0.049), (0.045, -0.054), (0.05, -0.058), (0.054, -0.062), (0.059, -0.067), (0.063, -0.071), (0.068, -0.075), (0.072, -0.079), (0.077, -0.084), (0.081, -0.088), (0.086, -0.092), (0.09, -0.096), (0.095, -0.1), (0.099, -0.105), (0.103, -0.109), (0.108, -0.113), (0.112, -0.117), (0.116, -0.121), (0.121, -0.125), (0.125, -0.129), (0.129, -0.133), (0.134, -0.137), (0.138, -0.141), (0.142, -0.145), (0.146, -0.149), (0.15, -0.153), (0.154, -0.157), (0.159, -0.161), (0.163, -0.164), (0.167, -0.168), (0.171, -0.172), (0.175, -0.176), (0.179, -0.18), (0.183, -0.183), (0.187, -0.187), (0.191, -0.191), (0.194, -0.194), (0.198, -0.198), (0.202, -0.202), (0.206, -0.205), (0.21, -0.209), (0.214, -0.212), (0.217, -0.216), (0.221, -0.219), (0.225, -0.223), (0.228, -0.226), (0.232, -0.229), (0.236, -0.233), (0.239, -0.236), (0.243, -0.239), (0.246, -0.243), (0.25, -0.246), (0.253, -0.249), (0.257, -0.252), (0.26, -0.256), (0.264, -0.259), (0.267, -0.262), (0.27, -0.265), (0.274, -0.268), (0.277, -0.271), (0.28, -0.274), (0.283, -0.277), (0.286, -0.28), (0.29, -0.283), (0.293, -0.286), (0.296, -0.289), (0.299, -0.292), (0.302, -0.294), (0.305, -0.297), (0.308, -0.3), (0.311, -0.303), (0.314, -0.305), (0.317, -0.308), (0.32, -0.311), (0.323, -0.313), (0.325, -0.316), (0.328, -0.319), (0.331, -0.321), (0.334, -0.324), (0.336, -0.326), (0.339, -0.328), (0.342, -0.331), (0.344, -0.333), (0.347, -0.336), (0.349, -0.338), (0.352, -0.34), (0.354, -0.342), (0.357, -0.345), (0.359, -0.347), (0.362, -0.349), (0.364, -0.351), (0.367, -0.353), (0.369, -0.355), (0.371, -0.358), (0.373, -0.36), (0.376, -0.362), (0.378, -0.364), (0.38, -0.366), (0.382, -0.367), (0.384, -0.369), (0.386, -0.371), (0.388, -0.373), (0.391, -0.375), (0.393, -0.377), (0.395, -0.378), (0.396, -0.38), (0.398, -0.382), (0.4, -0.383), (0.402, -0.385), (0.404, -0.387), (0.406, -0.388), (0.408, -0.39), (0.409, -0.391), (0.411, -0.393), (0.413, -0.394), (0.415, -0.396), (0.416, -0.397), (0.418, -0.399), (0.419, -0.4), (0.421, -0.401), (0.423, -0.403), (0.424, -0.404), (0.426, -0.405), (0.427, -0.407), (0.429, -0.408), (0.43, -0.409), (0.431, -0.41), (0.433, -0.411), (0.434, -0.413), (0.436, -0.414), (0.437, -0.415), (0.438, -0.416), (0.439, -0.417), (0.441, -0.418), (0.442, -0.419), (0.443, -0.42), (0.444, -0.421), (0.445, -0.422), (0.446, -0.423), (0.448, -0.423), (0.449, -0.424), (0.45, -0.425), (0.451, -0.426), (0.452, -0.427), (0.453, -0.428), (0.454, -0.428), (0.455, -0.429), (0.456, -0.43), (0.456, -0.43), (0.457, -0.431), (0.458, -0.432), (0.459, -0.432), (0.46, -0.433), (0.461, -0.433), (0.461, -0.434), (0.462, -0.435), (0.463, -0.435), (0.464, -0.436), (0.464, -0.436), (0.465, -0.436), (0.466, -0.437), (0.466, -0.437), (0.467, -0.438), (0.468, -0.438), (0.468, -0.439), (0.469, -0.439), (0.469, -0.439), (0.47, -0.44), (0.47, -0.44), (0.471, -0.44), (0.471, -0.44), (0.472, -0.441), (0.472, -0.441), (0.473, -0.441), (0.473, -0.441), (0.474, -0.441), (0.474, -0.442), (0.474, -0.442), (0.475, -0.442), (0.475, -0.442), (0.475, -0.442), (0.476, -0.442), (0.476, -0.442), (0.476, -0.442), (0.477, -0.442), (0.477, -0.442), (0.477, -0.442), (0.477, -0.442), (0.477, -0.442), (0.478, -0.442), (0.478, -0.442), (0.478, -0.442), (0.478, -0.442), (0.478, -0.442), (0.478, -0.442), (0.479, -0.442), (0.479, -0.442), (0.479, -0.442), (0.479, -0.442), (0.479, -0.441), (0.479, -0.441), (0.479, -0.441), (0.479, -0.441), (0.479, -0.441), (0.479, -0.44), (0.479, -0.44), (0.479, -0.44), (0.479, -0.44), (0.479, -0.44), (0.479, -0.439), (0.479, -0.439), (0.479, -0.439), (0.479, -0.438), (0.479, -0.438), (0.479, -0.438), (0.479, -0.437), (0.478, -0.437), (0.478, -0.437), (0.478, -0.436), (0.478, -0.436), (0.478, -0.436), (0.478, -0.435), (0.478, -0.435), (0.477, -0.435), (0.477, -0.434), (0.477, -0.434), (0.477, -0.433), (0.477, -0.433), (0.476, -0.432), (0.476, -0.432), (0.476, -0.432), (0.476, -0.431), (0.475, -0.431), (0.475, -0.43), (0.475, -0.43), (0.475, -0.429), (0.474, -0.429), (0.474, -0.428), (0.474, -0.428), (0.473, -0.427), (0.473, -0.427), (0.473, -0.426), (0.472, -0.426), (0.472, -0.425), (0.472, -0.424), (0.471, -0.424), (0.471, -0.423), (0.471, -0.423), (0.47, -0.422), (0.47, -0.422), (0.47, -0.421), (0.469, -0.42), (0.469, -0.42), (0.469, -0.419), (0.468, -0.419), (0.468, -0.418), (0.467, -0.417), (0.467, -0.417), (0.467, -0.416), (0.466, -0.416), (0.466, -0.415), (0.465, -0.414), (0.465, -0.414), (0.464, -0.413), (0.464, -0.412), (0.464, -0.412), (0.463, -0.411), (0.463, -0.41), (0.462, -0.41), (0.462, -0.409), (0.461, -0.408), (0.461, -0.408), (0.46, -0.407), (0.46, -0.406), (0.459, -0.406), (0.459, -0.405), (0.458, -0.404), (0.458, -0.404), (0.457, -0.403), (0.457, -0.402), (0.456, -0.401), (0.456, -0.401), (0.455, -0.4), (0.455, -0.399), (0.454, -0.399), (0.454, -0.398), (0.453, -0.397), (0.453, -0.396), (0.452, -0.396), (0.452, -0.395), (0.451, -0.394), (0.451, -0.393), (0.45, -0.393), (0.45, -0.392), (0.449, -0.391), (0.449, -0.39), (0.448, -0.39), (0.448, -0.389), (0.447, -0.388), (0.447, -0.387), (0.446, -0.387), (0.445, -0.386), (0.445, -0.385), (0.444, -0.384), (0.444, -0.384), (0.443, -0.383), (0.443, -0.382), (0.442, -0.381), (0.442, -0.381), (0.441, -0.38), (0.44, -0.379), (0.44, -0.378), (0.439, -0.377), (0.439, -0.377), (0.438, -0.376), (0.438, -0.375), (0.437, -0.374), (0.436, -0.373), (0.436, -0.373), (0.435, -0.372), (0.435, -0.371), (0.434, -0.37), (0.434, -0.37), (0.433, -0.369), (0.432, -0.368), (0.432, -0.367), (0.431, -0.366), (0.431, -0.366), (0.43, -0.365), (0.429, -0.364), (0.429, -0.363), (0.428, -0.362), (0.428, -0.362), (0.427, -0.361), (0.426, -0.36), (0.426, -0.359), (0.425, -0.358), (0.425, -0.358), (0.424, -0.357), (0.424, -0.356), (0.423, -0.355), (0.422, -0.354), (0.422, -0.354), (0.421, -0.353), (0.421, -0.352), (0.42, -0.351), (0.419, -0.35), (0.419, -0.349), (0.418, -0.349), (0.418, -0.348), (0.417, -0.347), (0.416, -0.346), (0.416, -0.345), (0.415, -0.345), (0.415, -0.344), (0.414, -0.343), (0.413, -0.342), (0.413, -0.341), (0.412, -0.341), (0.412, -0.34), (0.411, -0.339), (0.41, -0.338), (0.41, -0.337), (0.409, -0.337), (0.409, -0.336), (0.408, -0.335), (0.407, -0.334), (0.407, -0.333), (0.406, -0.332), (0.406, -0.332), (0.405, -0.331), (0.404, -0.33), (0.404, -0.329), (0.403, -0.328), (0.403, -0.328), (0.402, -0.327), (0.401, -0.326), (0.401, -0.325), (0.4, -0.324), (0.4, -0.324), (0.399, -0.323), (0.398, -0.322), (0.398, -0.321), (0.397, -0.32), (0.397, -0.319), (0.396, -0.319), (0.395, -0.318), (0.395, -0.317), (0.394, -0.316), (0.394, -0.315), (0.393, -0.315), (0.392, -0.314), (0.392, -0.313), (0.391, -0.312), (0.391, -0.311), (0.39, -0.311), (0.39, -0.31), (0.389, -0.309), (0.388, -0.308), (0.388, -0.307), (0.387, -0.307), (0.387, -0.306), (0.386, -0.305), (0.385, -0.304), (0.385, -0.303), (0.384, -0.303), (0.384, -0.302), (0.383, -0.301), (0.382, -0.3), (0.382, -0.299), (0.381, -0.299), (0.381, -0.298), (0.38, -0.297), (0.38, -0.296), (0.379, -0.295), (0.378, -0.295), (0.378, -0.294), (0.377, -0.293), (0.377, -0.292), (0.376, -0.291), (0.375, -0.291), (0.375, -0.29), (0.374, -0.289), (0.374, -0.288), (0.373, -0.287), (0.373, -0.287), (0.372, -0.286), (0.371, -0.285), (0.371, -0.284), (0.37, -0.283), (0.37, -0.283), (0.369, -0.282), (0.369, -0.281), (0.368, -0.28), (0.367, -0.279), (0.367, -0.279), (0.366, -0.278), (0.366, -0.277), (0.365, -0.276), (0.365, -0.276), (0.364, -0.275), (0.364, -0.274), (0.363, -0.273), (0.362, -0.272), (0.362, -0.272), (0.361, -0.271), (0.361, -0.27), (0.36, -0.269), (0.36, -0.268), (0.359, -0.268), (0.358, -0.267), (0.358, -0.266), (0.357, -0.265), (0.357, -0.265), (0.356, -0.264), (0.356, -0.263), (0.355, -0.262), (0.355, -0.261), (0.354, -0.261), (0.354, -0.26), (0.353, -0.259), (0.352, -0.258), (0.352, -0.258), (0.351, -0.257), (0.351, -0.256), (0.35, -0.255), (0.35, -0.254), (0.349, -0.254), (0.349, -0.253), (0.348, -0.252), (0.347, -0.251), (0.347, -0.251), (0.346, -0.25), (0.346, -0.249)], total_steps=3141
  277th iteration: path_start=[(0.011, -0.172), (0.011, -0.173), (0.011, -0.173), (0.011, -0.173), (0.011, -0.173), (0.012, -0.173), (0.012, -0.174), (0.012, -0.174), (0.013, -0.174), (0.013, -0.175), (0.014, -0.175), (0.014, -0.176), (0.015, -0.176), (0.015, -0.177), (0.016, -0.177), (0.016, -0.178), (0.017, -0.179), (0.018, -0.179), (0.018, -0.18), (0.019, -0.181), (0.019, -0.181), (0.02, -0.182), (0.021, -0.183), (0.021, -0.183), (0.022, -0.184), (0.023, -0.185), (0.023, -0.186), (0.024, -0.187), (0.025, -0.187), (0.025, -0.188), (0.026, -0.189), (0.026, -0.19), (0.027, -0.191), (0.028, -0.191), (0.028, -0.192), (0.029, -0.193), (0.03, -0.194), (0.03, -0.195), (0.031, -0.196), (0.031, -0.197), (0.032, -0.198), (0.032, -0.198), (0.033, -0.199), (0.033, -0.2), (0.034, -0.201), (0.034, -0.202), (0.035, -0.203), (0.035, -0.204), (0.036, -0.204), (0.036, -0.205), (0.036, -0.206), (0.037, -0.207), (0.037, -0.208), (0.038, -0.209), (0.038, -0.21), (0.038, -0.21), (0.038, -0.211), (0.039, -0.212), (0.039, -0.213), (0.039, -0.214), (0.039, -0.215), (0.04, -0.215), (0.04, -0.216), (0.04, -0.217), (0.04, -0.218), (0.04, -0.219), (0.041, -0.219), (0.041, -0.22), (0.041, -0.221), (0.041, -0.222), (0.041, -0.222), (0.041, -0.223), (0.041, -0.224), (0.041, -0.225), (0.041, -0.225), (0.041, -0.226), (0.041, -0.227), (0.041, -0.228), (0.041, -0.228), (0.041, -0.229), (0.041, -0.23), (0.04, -0.23), (0.04, -0.231), (0.04, -0.232), (0.04, -0.232), (0.04, -0.233), (0.04, -0.233), (0.039, -0.234), (0.039, -0.235), (0.039, -0.235), (0.039, -0.236), (0.038, -0.236), (0.038, -0.237), (0.038, -0.237), (0.037, -0.238), (0.037, -0.238), (0.037, -0.239), (0.036, -0.24), (0.036, -0.24), (0.035, -0.241), (0.035, -0.241), (0.035, -0.241), (0.034, -0.242), (0.034, -0.242), (0.033, -0.243), (0.033, -0.243), (0.032, -0.244), (0.032, -0.244), (0.031, -0.244), (0.031, -0.245), (0.03, -0.245), (0.03, -0.246), (0.029, -0.246), (0.028, -0.246), (0.028, -0.247), (0.027, -0.247), (0.027, -0.247), (0.026, -0.248), (0.025, -0.248), (0.025, -0.248), (0.024, -0.249), (0.023, -0.249), (0.023, -0.249), (0.022, -0.25), (0.021, -0.25), (0.02, -0.25), (0.02, -0.25), (0.019, -0.251), (0.018, -0.251), (0.017, -0.251), (0.017, -0.251), (0.016, -0.251), (0.015, -0.252), (0.014, -0.252), (0.013, -0.252), (0.012, -0.252), (0.012, -0.252), (0.011, -0.253), (0.01, -0.253), (0.009, -0.253), (0.008, -0.253), (0.007, -0.253), (0.006, -0.253), (0.005, -0.253), (0.004, -0.253), (0.004, -0.254), (0.003, -0.254), (0.002, -0.254), (0.001, -0.254), (-0.0, -0.254), (-0.001, -0.254), (-0.002, -0.254), (-0.003, -0.254), (-0.004, -0.254), (-0.005, -0.254), (-0.006, -0.254), (-0.007, -0.254), (-0.008, -0.254), (-0.009, -0.254), (-0.011, -0.254), (-0.012, -0.254), (-0.013, -0.254), (-0.014, -0.254), (-0.015, -0.254), (-0.016, -0.254), (-0.017, -0.254), (-0.018, -0.254), (-0.019, -0.254), (-0.02, -0.254), (-0.022, -0.254), (-0.023, -0.254), (-0.024, -0.254), (-0.025, -0.254), (-0.026, -0.254), (-0.027, -0.254), (-0.029, -0.254), (-0.03, -0.254), (-0.031, -0.254), (-0.032, -0.254), (-0.034, -0.254), (-0.035, -0.254), (-0.036, -0.254), (-0.037, -0.254), (-0.039, -0.254), (-0.04, -0.254), (-0.041, -0.253), (-0.042, -0.253), (-0.044, -0.253), (-0.045, -0.253), (-0.046, -0.253), (-0.047, -0.253), (-0.049, -0.253), (-0.05, -0.253), (-0.051, -0.253), (-0.053, -0.253), (-0.054, -0.252), (-0.055, -0.252), (-0.057, -0.252), (-0.058, -0.252), (-0.06, -0.252), (-0.061, -0.252), (-0.062, -0.252), (-0.064, -0.252), (-0.065, -0.251), (-0.067, -0.251), (-0.068, -0.251), (-0.069, -0.251), (-0.071, -0.251), (-0.072, -0.251), (-0.074, -0.251), (-0.075, -0.25), (-0.077, -0.25), (-0.078, -0.25), (-0.079, -0.25), (-0.081, -0.25), (-0.082, -0.25), (-0.084, -0.25), (-0.085, -0.249), (-0.087, -0.249), (-0.088, -0.249), (-0.09, -0.249), (-0.091, -0.249), (-0.093, -0.249), (-0.094, -0.248), (-0.096, -0.248), (-0.097, -0.248), (-0.099, -0.248), (-0.101, -0.248), (-0.102, -0.248), (-0.104, -0.247), (-0.105, -0.247), (-0.107, -0.247), (-0.108, -0.247), (-0.11, -0.247), (-0.111, -0.247), (-0.113, -0.247), (-0.115, -0.246), (-0.116, -0.246), (-0.118, -0.246), (-0.12, -0.246), (-0.121, -0.246), (-0.123, -0.246), (-0.124, -0.245), (-0.126, -0.245), (-0.128, -0.245), (-0.129, -0.245), (-0.131, -0.245), (-0.133, -0.244), (-0.134, -0.244), (-0.136, -0.244), (-0.138, -0.244), (-0.139, -0.244), (-0.141, -0.244), (-0.143, -0.243), (-0.144, -0.243), (-0.146, -0.243), (-0.148, -0.243), (-0.149, -0.243), (-0.151, -0.243), (-0.153, -0.242), (-0.155, -0.242), (-0.156, -0.242), (-0.158, -0.242), (-0.16, -0.242), (-0.161, -0.242), (-0.163, -0.241), (-0.165, -0.241), (-0.167, -0.241), (-0.168, -0.241), (-0.17, -0.241), (-0.172, -0.241), (-0.174, -0.24), (-0.176, -0.24), (-0.177, -0.24), (-0.179, -0.24), (-0.181, -0.24), (-0.183, -0.24), (-0.184, -0.24), (-0.186, -0.239), (-0.188, -0.239), (-0.19, -0.239), (-0.192, -0.239), (-0.193, -0.239), (-0.195, -0.239), (-0.197, -0.238), (-0.199, -0.238), (-0.201, -0.238), (-0.203, -0.238), (-0.204, -0.238), (-0.206, -0.238), (-0.208, -0.237), (-0.21, -0.237), (-0.212, -0.237), (-0.214, -0.237), (-0.215, -0.237), (-0.217, -0.237), (-0.219, -0.236), (-0.221, -0.236), (-0.223, -0.236), (-0.225, -0.236), (-0.227, -0.236), (-0.228, -0.236), (-0.23, -0.236), (-0.232, -0.235), (-0.234, -0.235), (-0.236, -0.235), (-0.238, -0.235), (-0.24, -0.235), (-0.242, -0.235), (-0.243, -0.234), (-0.245, -0.234), (-0.247, -0.234), (-0.249, -0.234), (-0.251, -0.234), (-0.253, -0.234), (-0.255, -0.234), (-0.257, -0.233), (-0.259, -0.233), (-0.261, -0.233), (-0.262, -0.233), (-0.264, -0.233), (-0.266, -0.233), (-0.268, -0.232), (-0.27, -0.232), (-0.272, -0.232), (-0.274, -0.232), (-0.276, -0.232), (-0.278, -0.232), (-0.28, -0.231), (-0.282, -0.231), (-0.284, -0.231), (-0.286, -0.231), (-0.287, -0.231), (-0.289, -0.231), (-0.291, -0.231), (-0.293, -0.23), (-0.295, -0.23), (-0.297, -0.23), (-0.299, -0.23), (-0.301, -0.23), (-0.303, -0.23), (-0.305, -0.229), (-0.307, -0.229), (-0.309, -0.229), (-0.311, -0.229), (-0.313, -0.229), (-0.315, -0.229), (-0.317, -0.228), (-0.318, -0.228), (-0.32, -0.228), (-0.322, -0.228), (-0.324, -0.228), (-0.326, -0.228), (-0.328, -0.227), (-0.33, -0.227), (-0.332, -0.227), (-0.334, -0.227), (-0.336, -0.227), (-0.338, -0.226), (-0.34, -0.226), (-0.342, -0.226), (-0.344, -0.226), (-0.346, -0.226), (-0.348, -0.226), (-0.35, -0.225), (-0.352, -0.225), (-0.354, -0.225), (-0.355, -0.225), (-0.357, -0.225), (-0.359, -0.224), (-0.361, -0.224), (-0.363, -0.224), (-0.365, -0.224), (-0.367, -0.224), (-0.369, -0.224), (-0.371, -0.223), (-0.373, -0.223), (-0.375, -0.223), (-0.377, -0.223), (-0.379, -0.223), (-0.381, -0.222), (-0.383, -0.222), (-0.385, -0.222), (-0.387, -0.222), (-0.388, -0.221), (-0.39, -0.221), (-0.392, -0.221), (-0.394, -0.221), (-0.396, -0.221), (-0.398, -0.22), (-0.4, -0.22), (-0.402, -0.22), (-0.404, -0.22), (-0.406, -0.219), (-0.408, -0.219), (-0.41, -0.219), (-0.412, -0.219), (-0.414, -0.219), (-0.415, -0.218), (-0.417, -0.218), (-0.419, -0.218), (-0.421, -0.218), (-0.423, -0.217), (-0.425, -0.217), (-0.427, -0.217), (-0.429, -0.217), (-0.431, -0.216), (-0.433, -0.216), (-0.435, -0.216), (-0.436, -0.216), (-0.438, -0.215), (-0.44, -0.215), (-0.442, -0.215), (-0.444, -0.215), (-0.446, -0.214), (-0.448, -0.214), (-0.45, -0.214), (-0.452, -0.213), (-0.453, -0.213), (-0.455, -0.213), (-0.457, -0.213), (-0.459, -0.212), (-0.461, -0.212), (-0.463, -0.212), (-0.465, -0.211), (-0.466, -0.211), (-0.468, -0.211), (-0.47, -0.211), (-0.472, -0.21), (-0.474, -0.21), (-0.476, -0.21), (-0.478, -0.209), (-0.479, -0.209), (-0.481, -0.209), (-0.483, -0.208), (-0.485, -0.208), (-0.487, -0.208), (-0.489, -0.207), (-0.49, -0.207), (-0.492, -0.207), (-0.494, -0.206), (-0.496, -0.206), (-0.498, -0.206), (-0.499, -0.205), (-0.501, -0.205), (-0.503, -0.205), (-0.505, -0.204), (-0.507, -0.204), (-0.508, -0.204), (-0.51, -0.203), (-0.512, -0.203), (-0.514, -0.202), (-0.516, -0.202), (-0.517, -0.202), (-0.519, -0.201), (-0.521, -0.201), (-0.523, -0.201), (-0.524, -0.2), (-0.526, -0.2), (-0.528, -0.199), (-0.53, -0.199), (-0.531, -0.199), (-0.533, -0.198), (-0.535, -0.198), (-0.537, -0.197), (-0.538, -0.197), (-0.54, -0.197), (-0.542, -0.196), (-0.544, -0.196), (-0.545, -0.195), (-0.547, -0.195), (-0.549, -0.194), (-0.55, -0.194), (-0.552, -0.194), (-0.554, -0.193), (-0.556, -0.193), (-0.557, -0.192), (-0.559, -0.192), (-0.561, -0.191), (-0.562, -0.191), (-0.564, -0.19), (-0.566, -0.19), (-0.567, -0.189), (-0.569, -0.189), (-0.571, -0.189), (-0.572, -0.188), (-0.574, -0.188), (-0.576, -0.187), (-0.577, -0.187), (-0.579, -0.186), (-0.58, -0.186), (-0.582, -0.185), (-0.584, -0.185), (-0.585, -0.184), (-0.587, -0.184), (-0.589, -0.183), (-0.59, -0.183), (-0.592, -0.182), (-0.593, -0.182), (-0.595, -0.181)], path_end=[(0.843, 0.246), (0.841, 0.246), (0.84, 0.246), (0.839, 0.245), (0.838, 0.245), (0.836, 0.245), (0.835, 0.245), (0.834, 0.245), (0.833, 0.244), (0.832, 0.244), (0.83, 0.244), (0.829, 0.244), (0.828, 0.244), (0.827, 0.243), (0.826, 0.243), (0.824, 0.243), (0.823, 0.243), (0.822, 0.242), (0.821, 0.242), (0.82, 0.242), (0.818, 0.242), (0.817, 0.241), (0.816, 0.241), (0.815, 0.241), (0.814, 0.241), (0.812, 0.24), (0.811, 0.24), (0.81, 0.24), (0.809, 0.24), (0.808, 0.239), (0.806, 0.239), (0.805, 0.239), (0.804, 0.239), (0.803, 0.238), (0.801, 0.238), (0.8, 0.238), (0.799, 0.238), (0.798, 0.237), (0.797, 0.237), (0.795, 0.237), (0.794, 0.237), (0.793, 0.236), (0.792, 0.236), (0.791, 0.236), (0.789, 0.235), (0.788, 0.235), (0.787, 0.235), (0.786, 0.235), (0.785, 0.234), (0.783, 0.234), (0.782, 0.234), (0.781, 0.233), (0.78, 0.233), (0.779, 0.233), (0.777, 0.232), (0.776, 0.232), (0.775, 0.232), (0.774, 0.232), (0.772, 0.231), (0.771, 0.231), (0.77, 0.231), (0.769, 0.23), (0.768, 0.23), (0.766, 0.23), (0.765, 0.229), (0.764, 0.229), (0.763, 0.229), (0.761, 0.228), (0.76, 0.228), (0.759, 0.228), (0.758, 0.227), (0.757, 0.227), (0.755, 0.227), (0.754, 0.226), (0.753, 0.226), (0.752, 0.226), (0.75, 0.225), (0.749, 0.225), (0.748, 0.225), (0.747, 0.224), (0.746, 0.224), (0.744, 0.224), (0.743, 0.223), (0.742, 0.223), (0.741, 0.222), (0.739, 0.222), (0.738, 0.222), (0.737, 0.221), (0.736, 0.221), (0.734, 0.221), (0.733, 0.22), (0.732, 0.22), (0.731, 0.22), (0.729, 0.219), (0.728, 0.219), (0.727, 0.218), (0.726, 0.218), (0.724, 0.218), (0.723, 0.217), (0.722, 0.217), (0.721, 0.216), (0.719, 0.216), (0.718, 0.216), (0.717, 0.215), (0.716, 0.215), (0.714, 0.214), (0.713, 0.214), (0.712, 0.214), (0.711, 0.213), (0.709, 0.213), (0.708, 0.212), (0.707, 0.212), (0.706, 0.211), (0.704, 0.211), (0.703, 0.211), (0.702, 0.21), (0.701, 0.21), (0.699, 0.209), (0.698, 0.209), (0.697, 0.208), (0.695, 0.208), (0.694, 0.208), (0.693, 0.207), (0.692, 0.207), (0.69, 0.206), (0.689, 0.206), (0.688, 0.205), (0.687, 0.205), (0.685, 0.204), (0.684, 0.204), (0.683, 0.204), (0.682, 0.203), (0.68, 0.203), (0.679, 0.202), (0.678, 0.202), (0.676, 0.201), (0.675, 0.201), (0.674, 0.2), (0.673, 0.2), (0.671, 0.199), (0.67, 0.199), (0.669, 0.198), (0.667, 0.198), (0.666, 0.197), (0.665, 0.197), (0.664, 0.196), (0.662, 0.196), (0.661, 0.195), (0.66, 0.195), (0.659, 0.194), (0.657, 0.194), (0.656, 0.193), (0.655, 0.193), (0.653, 0.192), (0.652, 0.192), (0.651, 0.191), (0.65, 0.191), (0.648, 0.19), (0.647, 0.19), (0.646, 0.189), (0.644, 0.189), (0.643, 0.188), (0.642, 0.188), (0.641, 0.187), (0.639, 0.187), (0.638, 0.186), (0.637, 0.185), (0.635, 0.185), (0.634, 0.184), (0.633, 0.184), (0.632, 0.183), (0.63, 0.183), (0.629, 0.182), (0.628, 0.182), (0.626, 0.181), (0.625, 0.18), (0.624, 0.18), (0.623, 0.179), (0.621, 0.179), (0.62, 0.178), (0.619, 0.178), (0.618, 0.177), (0.616, 0.176), (0.615, 0.176), (0.614, 0.175), (0.612, 0.175), (0.611, 0.174), (0.61, 0.174), (0.609, 0.173), (0.607, 0.172), (0.606, 0.172), (0.605, 0.171), (0.603, 0.171), (0.602, 0.17), (0.601, 0.169), (0.6, 0.169), (0.598, 0.168), (0.597, 0.167), (0.596, 0.167), (0.594, 0.166), (0.593, 0.166), (0.592, 0.165), (0.591, 0.164), (0.589, 0.164), (0.588, 0.163), (0.587, 0.162), (0.586, 0.162), (0.584, 0.161), (0.583, 0.161), (0.582, 0.16), (0.58, 0.159), (0.579, 0.159), (0.578, 0.158), (0.577, 0.157), (0.575, 0.157), (0.574, 0.156), (0.573, 0.155), (0.572, 0.155), (0.57, 0.154), (0.569, 0.153), (0.568, 0.153), (0.567, 0.152), (0.565, 0.151), (0.564, 0.15), (0.563, 0.15), (0.561, 0.149), (0.56, 0.148), (0.559, 0.148), (0.558, 0.147), (0.556, 0.146), (0.555, 0.146), (0.554, 0.145), (0.553, 0.144), (0.551, 0.143), (0.55, 0.143), (0.549, 0.142), (0.548, 0.141), (0.546, 0.141), (0.545, 0.14), (0.544, 0.139), (0.543, 0.138), (0.541, 0.138), (0.54, 0.137), (0.539, 0.136), (0.538, 0.135), (0.536, 0.135), (0.535, 0.134), (0.534, 0.133), (0.533, 0.132), (0.531, 0.131), (0.53, 0.131), (0.529, 0.13), (0.528, 0.129), (0.526, 0.128), (0.525, 0.128), (0.524, 0.127), (0.523, 0.126), (0.521, 0.125), (0.52, 0.124), (0.519, 0.124), (0.518, 0.123), (0.516, 0.122), (0.515, 0.121), (0.514, 0.12), (0.513, 0.12), (0.511, 0.119), (0.51, 0.118), (0.509, 0.117), (0.508, 0.116), (0.506, 0.115), (0.505, 0.115), (0.504, 0.114), (0.503, 0.113), (0.501, 0.112), (0.5, 0.111), (0.499, 0.11), (0.498, 0.109), (0.496, 0.109), (0.495, 0.108), (0.494, 0.107), (0.493, 0.106), (0.492, 0.105), (0.49, 0.104), (0.489, 0.103), (0.488, 0.102), (0.487, 0.102), (0.485, 0.101), (0.484, 0.1), (0.483, 0.099), (0.482, 0.098), (0.48, 0.097), (0.479, 0.096), (0.478, 0.095), (0.477, 0.094), (0.476, 0.093), (0.474, 0.092), (0.473, 0.091), (0.472, 0.091), (0.471, 0.09), (0.469, 0.089), (0.468, 0.088), (0.467, 0.087), (0.466, 0.086), (0.464, 0.085), (0.463, 0.084), (0.462, 0.083), (0.461, 0.082), (0.46, 0.081), (0.458, 0.08), (0.457, 0.079), (0.456, 0.078), (0.455, 0.077), (0.453, 0.076), (0.452, 0.075), (0.451, 0.074), (0.45, 0.073), (0.449, 0.072), (0.447, 0.071), (0.446, 0.07), (0.445, 0.069), (0.444, 0.068), (0.442, 0.067), (0.441, 0.066), (0.44, 0.065), (0.439, 0.064), (0.437, 0.063), (0.436, 0.062), (0.435, 0.061), (0.434, 0.059), (0.433, 0.058), (0.431, 0.057), (0.43, 0.056), (0.429, 0.055), (0.428, 0.054), (0.426, 0.053), (0.425, 0.052), (0.424, 0.051), (0.423, 0.05), (0.421, 0.049), (0.42, 0.048), (0.419, 0.046), (0.418, 0.045), (0.416, 0.044), (0.415, 0.043), (0.414, 0.042), (0.413, 0.041), (0.412, 0.04), (0.41, 0.038), (0.409, 0.037), (0.408, 0.036), (0.407, 0.035), (0.405, 0.034), (0.404, 0.033), (0.403, 0.032), (0.402, 0.03), (0.4, 0.029), (0.399, 0.028), (0.398, 0.027), (0.397, 0.026), (0.395, 0.024), (0.394, 0.023), (0.393, 0.022), (0.392, 0.021), (0.39, 0.02), (0.389, 0.018), (0.388, 0.017), (0.387, 0.016), (0.385, 0.015), (0.384, 0.014), (0.383, 0.012), (0.382, 0.011), (0.38, 0.01), (0.379, 0.009), (0.378, 0.007), (0.377, 0.006), (0.375, 0.005), (0.374, 0.004), (0.373, 0.002), (0.372, 0.001), (0.37, -0.0), (0.369, -0.001), (0.368, -0.003), (0.367, -0.004), (0.365, -0.005), (0.364, -0.007), (0.363, -0.008), (0.361, -0.009), (0.36, -0.01), (0.359, -0.012), (0.358, -0.013), (0.356, -0.014), (0.355, -0.016), (0.354, -0.017), (0.353, -0.018), (0.351, -0.02), (0.35, -0.021), (0.349, -0.022), (0.347, -0.023), (0.346, -0.025), (0.345, -0.026), (0.344, -0.027), (0.342, -0.029), (0.341, -0.03), (0.34, -0.032), (0.338, -0.033), (0.337, -0.034), (0.336, -0.036), (0.335, -0.037), (0.333, -0.038), (0.332, -0.04), (0.331, -0.041), (0.329, -0.042), (0.328, -0.044), (0.327, -0.045), (0.325, -0.046), (0.324, -0.048), (0.323, -0.049), (0.322, -0.051), (0.32, -0.052), (0.319, -0.053), (0.318, -0.055), (0.316, -0.056), (0.315, -0.057), (0.314, -0.059), (0.312, -0.06), (0.311, -0.062), (0.31, -0.063), (0.308, -0.064), (0.307, -0.066), (0.306, -0.067), (0.305, -0.069), (0.303, -0.07), (0.302, -0.071), (0.301, -0.073), (0.299, -0.074), (0.298, -0.076), (0.297, -0.077), (0.295, -0.078), (0.294, -0.08), (0.293, -0.081), (0.291, -0.083), (0.29, -0.084), (0.289, -0.085), (0.287, -0.087), (0.286, -0.088), (0.285, -0.09), (0.283, -0.091), (0.282, -0.092), (0.281, -0.094), (0.279, -0.095), (0.278, -0.097), (0.277, -0.098), (0.275, -0.099), (0.274, -0.101), (0.273, -0.102), (0.271, -0.104), (0.27, -0.105), (0.269, -0.106), (0.267, -0.108), (0.266, -0.109), (0.265, -0.111), (0.263, -0.112), (0.262, -0.113), (0.261, -0.115), (0.259, -0.116), (0.258, -0.117), (0.257, -0.119), (0.255, -0.12), (0.254, -0.122), (0.253, -0.123), (0.251, -0.124), (0.25, -0.126), (0.249, -0.127), (0.247, -0.128), (0.246, -0.13), (0.245, -0.131), (0.243, -0.132), (0.242, -0.134), (0.241, -0.135), (0.239, -0.136), (0.238, -0.138), (0.237, -0.139), (0.235, -0.14), (0.234, -0.142), (0.233, -0.143), (0.231, -0.144), (0.23, -0.146), (0.229, -0.147), (0.227, -0.148), (0.226, -0.15), (0.225, -0.151), (0.223, -0.152), (0.222, -0.153), (0.221, -0.155), (0.219, -0.156), (0.218, -0.157), (0.217, -0.159), (0.215, -0.16), (0.214, -0.161), (0.213, -0.162)], total_steps=3141
  279th iteration: path_start=[(0.011, -0.172), (0.011, -0.172), (0.011, -0.172), (0.012, -0.172), (0.012, -0.172), (0.013, -0.172), (0.014, -0.171), (0.014, -0.171), (0.015, -0.171), (0.016, -0.171), (0.017, -0.17), (0.018, -0.17), (0.02, -0.17), (0.021, -0.169), (0.022, -0.169), (0.023, -0.168), (0.025, -0.168), (0.026, -0.167), (0.027, -0.167), (0.029, -0.166), (0.03, -0.166), (0.032, -0.165), (0.034, -0.165), (0.035, -0.164), (0.037, -0.164), (0.038, -0.163), (0.04, -0.163), (0.042, -0.162), (0.043, -0.161), (0.045, -0.161), (0.047, -0.16), (0.048, -0.16), (0.05, -0.159), (0.052, -0.158), (0.054, -0.158), (0.055, -0.157), (0.057, -0.157), (0.059, -0.156), (0.061, -0.155), (0.062, -0.155), (0.064, -0.154), (0.066, -0.153), (0.067, -0.153), (0.069, -0.152), (0.071, -0.151), (0.073, -0.151), (0.074, -0.15), (0.076, -0.149), (0.078, -0.149), (0.079, -0.148), (0.081, -0.147), (0.082, -0.147), (0.084, -0.146), (0.086, -0.145), (0.087, -0.145), (0.089, -0.144), (0.09, -0.143), (0.092, -0.143), (0.093, -0.142), (0.095, -0.141), (0.096, -0.141), (0.098, -0.14), (0.099, -0.139), (0.101, -0.139), (0.102, -0.138), (0.104, -0.137), (0.105, -0.137), (0.106, -0.136), (0.108, -0.135), (0.109, -0.135), (0.11, -0.134), (0.112, -0.134), (0.113, -0.133), (0.114, -0.132), (0.116, -0.132), (0.117, -0.131), (0.118, -0.13), (0.119, -0.13), (0.12, -0.129), (0.122, -0.129), (0.123, -0.128), (0.124, -0.127), (0.125, -0.127), (0.126, -0.126), (0.127, -0.126), (0.128, -0.125), (0.129, -0.124), (0.13, -0.124), (0.131, -0.123), (0.132, -0.123), (0.133, -0.122), (0.134, -0.121), (0.135, -0.121), (0.136, -0.12), (0.137, -0.12), (0.138, -0.119), (0.139, -0.119), (0.139, -0.118), (0.14, -0.117), (0.141, -0.117), (0.142, -0.116), (0.143, -0.116), (0.143, -0.115), (0.144, -0.115), (0.145, -0.114), (0.146, -0.114), (0.146, -0.113), (0.147, -0.113), (0.148, -0.112), (0.148, -0.111), (0.149, -0.111), (0.149, -0.11), (0.15, -0.11), (0.151, -0.109), (0.151, -0.109), (0.152, -0.108), (0.152, -0.108), (0.153, -0.107), (0.154, -0.107), (0.154, -0.106), (0.155, -0.106), (0.155, -0.105), (0.155, -0.105), (0.156, -0.104), (0.156, -0.104), (0.157, -0.103), (0.157, -0.103), (0.158, -0.102), (0.158, -0.102), (0.159, -0.101), (0.159, -0.101), (0.159, -0.1), (0.16, -0.1), (0.16, -0.099), (0.16, -0.099), (0.161, -0.099), (0.161, -0.098), (0.161, -0.098), (0.162, -0.097), (0.162, -0.097), (0.162, -0.096), (0.162, -0.096), (0.163, -0.095), (0.163, -0.095), (0.163, -0.094), (0.163, -0.094), (0.164, -0.093), (0.164, -0.093), (0.164, -0.093), (0.164, -0.092), (0.164, -0.092), (0.165, -0.091), (0.165, -0.091), (0.165, -0.09), (0.165, -0.09), (0.165, -0.09), (0.165, -0.089), (0.166, -0.089), (0.166, -0.088), (0.166, -0.088), (0.166, -0.087), (0.166, -0.087), (0.166, -0.087), (0.166, -0.086), (0.166, -0.086), (0.166, -0.085), (0.166, -0.085), (0.167, -0.084), (0.167, -0.084), (0.167, -0.084), (0.167, -0.083), (0.167, -0.083), (0.167, -0.082), (0.167, -0.082), (0.167, -0.082), (0.167, -0.081), (0.167, -0.081), (0.167, -0.08), (0.167, -0.08), (0.167, -0.08), (0.167, -0.079), (0.167, -0.079), (0.167, -0.078), (0.167, -0.078), (0.167, -0.078), (0.167, -0.077), (0.167, -0.077), (0.167, -0.076), (0.166, -0.076), (0.166, -0.076), (0.166, -0.075), (0.166, -0.075), (0.166, -0.074), (0.166, -0.074), (0.166, -0.074), (0.166, -0.073), (0.166, -0.073), (0.166, -0.072), (0.166, -0.072), (0.166, -0.072), (0.165, -0.071), (0.165, -0.071), (0.165, -0.071), (0.165, -0.07), (0.165, -0.07), (0.165, -0.069), (0.165, -0.069), (0.165, -0.069), (0.164, -0.068), (0.164, -0.068), (0.164, -0.067), (0.164, -0.067), (0.164, -0.067), (0.164, -0.066), (0.164, -0.066), (0.163, -0.066), (0.163, -0.065), (0.163, -0.065), (0.163, -0.064), (0.163, -0.064), (0.163, -0.064), (0.162, -0.063), (0.162, -0.063), (0.162, -0.063), (0.162, -0.062), (0.162, -0.062), (0.161, -0.062), (0.161, -0.061), (0.161, -0.061), (0.161, -0.06), (0.161, -0.06), (0.16, -0.06), (0.16, -0.059), (0.16, -0.059), (0.16, -0.059), (0.16, -0.058), (0.159, -0.058), (0.159, -0.058), (0.159, -0.057), (0.159, -0.057), (0.158, -0.056), (0.158, -0.056), (0.158, -0.056), (0.158, -0.055), (0.158, -0.055), (0.157, -0.055), (0.157, -0.054), (0.157, -0.054), (0.157, -0.054), (0.156, -0.053), (0.156, -0.053), (0.156, -0.052), (0.156, -0.052), (0.155, -0.052), (0.155, -0.051), (0.155, -0.051), (0.154, -0.051), (0.154, -0.05), (0.154, -0.05), (0.154, -0.05), (0.153, -0.049), (0.153, -0.049), (0.153, -0.049), (0.153, -0.048), (0.152, -0.048), (0.152, -0.047), (0.152, -0.047), (0.151, -0.047), (0.151, -0.046), (0.151, -0.046), (0.151, -0.046), (0.15, -0.045), (0.15, -0.045), (0.15, -0.045), (0.149, -0.044), (0.149, -0.044), (0.149, -0.044), (0.149, -0.043), (0.148, -0.043), (0.148, -0.043), (0.148, -0.042), (0.147, -0.042), (0.147, -0.041), (0.147, -0.041), (0.146, -0.041), (0.146, -0.04), (0.146, -0.04), (0.145, -0.04), (0.145, -0.039), (0.145, -0.039), (0.144, -0.039), (0.144, -0.038), (0.144, -0.038), (0.143, -0.038), (0.143, -0.037), (0.143, -0.037), (0.142, -0.037), (0.142, -0.036), (0.142, -0.036), (0.141, -0.036), (0.141, -0.035), (0.141, -0.035), (0.14, -0.035), (0.14, -0.034), (0.14, -0.034), (0.139, -0.033), (0.139, -0.033), (0.139, -0.033), (0.138, -0.032), (0.138, -0.032), (0.138, -0.032), (0.137, -0.031), (0.137, -0.031), (0.137, -0.031), (0.136, -0.03), (0.136, -0.03), (0.136, -0.03), (0.135, -0.029), (0.135, -0.029), (0.134, -0.029), (0.134, -0.028), (0.134, -0.028), (0.133, -0.028), (0.133, -0.027), (0.133, -0.027), (0.132, -0.027), (0.132, -0.026), (0.132, -0.026), (0.131, -0.026), (0.131, -0.025), (0.13, -0.025), (0.13, -0.024), (0.13, -0.024), (0.129, -0.024), (0.129, -0.023), (0.129, -0.023), (0.128, -0.023), (0.128, -0.022), (0.127, -0.022), (0.127, -0.022), (0.127, -0.021), (0.126, -0.021), (0.126, -0.021), (0.126, -0.02), (0.125, -0.02), (0.125, -0.02), (0.124, -0.019), (0.124, -0.019), (0.124, -0.019), (0.123, -0.018), (0.123, -0.018), (0.122, -0.018), (0.122, -0.017), (0.122, -0.017), (0.121, -0.017), (0.121, -0.016), (0.12, -0.016), (0.12, -0.016), (0.12, -0.015), (0.119, -0.015), (0.119, -0.014), (0.118, -0.014), (0.118, -0.014), (0.118, -0.013), (0.117, -0.013), (0.117, -0.013), (0.116, -0.012), (0.116, -0.012), (0.116, -0.012), (0.115, -0.011), (0.115, -0.011), (0.114, -0.011), (0.114, -0.01), (0.114, -0.01), (0.113, -0.01), (0.113, -0.009), (0.112, -0.009), (0.112, -0.009), (0.112, -0.008), (0.111, -0.008), (0.111, -0.008), (0.11, -0.007), (0.11, -0.007), (0.11, -0.007), (0.109, -0.006), (0.109, -0.006), (0.108, -0.006), (0.108, -0.005), (0.107, -0.005), (0.107, -0.004), (0.107, -0.004), (0.106, -0.004), (0.106, -0.003), (0.105, -0.003), (0.105, -0.003), (0.105, -0.002), (0.104, -0.002), (0.104, -0.002), (0.103, -0.001), (0.103, -0.001), (0.102, -0.001), (0.102, -0.0), (0.102, 0.0), (0.101, 0.0), (0.101, 0.001), (0.1, 0.001), (0.1, 0.001), (0.1, 0.002), (0.099, 0.002), (0.099, 0.002), (0.098, 0.003), (0.098, 0.003), (0.097, 0.004), (0.097, 0.004), (0.097, 0.004), (0.096, 0.005), (0.096, 0.005), (0.095, 0.005), (0.095, 0.006), (0.095, 0.006), (0.094, 0.006), (0.094, 0.007), (0.093, 0.007), (0.093, 0.007), (0.092, 0.008), (0.092, 0.008), (0.092, 0.008), (0.091, 0.009), (0.091, 0.009), (0.09, 0.009), (0.09, 0.01), (0.09, 0.01), (0.089, 0.011), (0.089, 0.011), (0.088, 0.011), (0.088, 0.012), (0.087, 0.012), (0.087, 0.012), (0.087, 0.013), (0.086, 0.013), (0.086, 0.013), (0.085, 0.014), (0.085, 0.014), (0.085, 0.014), (0.084, 0.015), (0.084, 0.015), (0.083, 0.015), (0.083, 0.016), (0.082, 0.016), (0.082, 0.017), (0.082, 0.017), (0.081, 0.017), (0.081, 0.018), (0.08, 0.018), (0.08, 0.018), (0.08, 0.019), (0.079, 0.019), (0.079, 0.019), (0.078, 0.02), (0.078, 0.02), (0.078, 0.02), (0.077, 0.021), (0.077, 0.021), (0.076, 0.022), (0.076, 0.022), (0.075, 0.022), (0.075, 0.023), (0.075, 0.023), (0.074, 0.023), (0.074, 0.024), (0.073, 0.024), (0.073, 0.024), (0.073, 0.025), (0.072, 0.025), (0.072, 0.026), (0.071, 0.026), (0.071, 0.026), (0.071, 0.027), (0.07, 0.027), (0.07, 0.027), (0.07, 0.028), (0.069, 0.028), (0.069, 0.028), (0.068, 0.029), (0.068, 0.029), (0.068, 0.029), (0.067, 0.03), (0.067, 0.03), (0.066, 0.031), (0.066, 0.031), (0.066, 0.031), (0.065, 0.032), (0.065, 0.032), (0.064, 0.032), (0.064, 0.033), (0.064, 0.033), (0.063, 0.034), (0.063, 0.034), (0.063, 0.034), (0.062, 0.035)], path_end=[(0.012, 0.015), (0.014, 0.013), (0.016, 0.011), (0.019, 0.008), (0.021, 0.006), (0.024, 0.004), (0.026, 0.002), (0.028, -0.001), (0.031, -0.003), (0.033, -0.005), (0.035, -0.008), (0.038, -0.01), (0.04, -0.012), (0.043, -0.014), (0.045, -0.017), (0.047, -0.019), (0.05, -0.021), (0.052, -0.023), (0.054, -0.025), (0.057, -0.028), (0.059, -0.03), (0.061, -0.032), (0.064, -0.034), (0.066, -0.037), (0.068, -0.039), (0.071, -0.041), (0.073, -0.043), (0.075, -0.045), (0.078, -0.047), (0.08, -0.05), (0.082, -0.052), (0.084, -0.054), (0.087, -0.056), (0.089, -0.058), (0.091, -0.06), (0.093, -0.062), (0.096, -0.064), (0.098, -0.067), (0.1, -0.069), (0.102, -0.071), (0.104, -0.073), (0.107, -0.075), (0.109, -0.077), (0.111, -0.079), (0.113, -0.081), (0.115, -0.083), (0.117, -0.085), (0.119, -0.087), (0.122, -0.089), (0.124, -0.091), (0.126, -0.093), (0.128, -0.095), (0.13, -0.097), (0.132, -0.099), (0.134, -0.101), (0.136, -0.103), (0.138, -0.104), (0.14, -0.106), (0.142, -0.108), (0.144, -0.11), (0.146, -0.112), (0.148, -0.114), (0.15, -0.116), (0.152, -0.117), (0.154, -0.119), (0.156, -0.121), (0.158, -0.123), (0.159, -0.125), (0.161, -0.126), (0.163, -0.128), (0.165, -0.13), (0.167, -0.131), (0.169, -0.133), (0.171, -0.135), (0.172, -0.137), (0.174, -0.138), (0.176, -0.14), (0.178, -0.141), (0.179, -0.143), (0.181, -0.145), (0.183, -0.146), (0.184, -0.148), (0.186, -0.149), (0.188, -0.151), (0.189, -0.153), (0.191, -0.154), (0.193, -0.156), (0.194, -0.157), (0.196, -0.159), (0.198, -0.16), (0.199, -0.161), (0.201, -0.163), (0.202, -0.164), (0.204, -0.166), (0.205, -0.167), (0.207, -0.168), (0.208, -0.17), (0.21, -0.171), (0.211, -0.173), (0.213, -0.174), (0.214, -0.175), (0.215, -0.176), (0.217, -0.178), (0.218, -0.179), (0.22, -0.18), (0.221, -0.181), (0.222, -0.183), (0.224, -0.184), (0.225, -0.185), (0.226, -0.186), (0.227, -0.187), (0.229, -0.189), (0.23, -0.19), (0.231, -0.191), (0.232, -0.192), (0.234, -0.193), (0.235, -0.194), (0.236, -0.195), (0.237, -0.196), (0.238, -0.197), (0.239, -0.198), (0.241, -0.199), (0.242, -0.2), (0.243, -0.201), (0.244, -0.202), (0.245, -0.203), (0.246, -0.204), (0.247, -0.205), (0.248, -0.206), (0.249, -0.207), (0.25, -0.208), (0.251, -0.209), (0.252, -0.209), (0.253, -0.21), (0.254, -0.211), (0.255, -0.212), (0.256, -0.213), (0.257, -0.213), (0.257, -0.214), (0.258, -0.215), (0.259, -0.216), (0.26, -0.216), (0.261, -0.217), (0.262, -0.218), (0.262, -0.219), (0.263, -0.219), (0.264, -0.22), (0.265, -0.221), (0.266, -0.221), (0.266, -0.222), (0.267, -0.222), (0.268, -0.223), (0.268, -0.224), (0.269, -0.224), (0.27, -0.225), (0.27, -0.225), (0.271, -0.226), (0.272, -0.226), (0.272, -0.227), (0.273, -0.227), (0.274, -0.228), (0.274, -0.228), (0.275, -0.229), (0.275, -0.229), (0.276, -0.23), (0.276, -0.23), (0.277, -0.231), (0.278, -0.231), (0.278, -0.231), (0.279, -0.232), (0.279, -0.232), (0.28, -0.233), (0.28, -0.233), (0.28, -0.233), (0.281, -0.234), (0.281, -0.234), (0.282, -0.234), (0.282, -0.235), (0.283, -0.235), (0.283, -0.235), (0.283, -0.235), (0.284, -0.236), (0.284, -0.236), (0.285, -0.236), (0.285, -0.236), (0.285, -0.237), (0.286, -0.237), (0.286, -0.237), (0.286, -0.237), (0.287, -0.238), (0.287, -0.238), (0.287, -0.238), (0.287, -0.238), (0.288, -0.238), (0.288, -0.238), (0.288, -0.239), (0.288, -0.239), (0.289, -0.239), (0.289, -0.239), (0.289, -0.239), (0.289, -0.239), (0.29, -0.239), (0.29, -0.239), (0.29, -0.239), (0.29, -0.239), (0.29, -0.239), (0.29, -0.24), (0.291, -0.24), (0.291, -0.24), (0.291, -0.24), (0.291, -0.24), (0.291, -0.24), (0.291, -0.24), (0.291, -0.24), (0.291, -0.24), (0.292, -0.24), (0.292, -0.24), (0.292, -0.24), (0.292, -0.24), (0.292, -0.24), (0.292, -0.24), (0.292, -0.239), (0.292, -0.239), (0.292, -0.239), (0.292, -0.239), (0.292, -0.239), (0.292, -0.239), (0.292, -0.239), (0.292, -0.239), (0.292, -0.239), (0.292, -0.239), (0.292, -0.239), (0.292, -0.238), (0.292, -0.238), (0.292, -0.238), (0.292, -0.238), (0.292, -0.238), (0.292, -0.238), (0.292, -0.238), (0.292, -0.238), (0.292, -0.237), (0.292, -0.237), (0.292, -0.237), (0.292, -0.237), (0.292, -0.237), (0.292, -0.237), (0.292, -0.236), (0.292, -0.236), (0.291, -0.236), (0.291, -0.236), (0.291, -0.236), (0.291, -0.235), (0.291, -0.235), (0.291, -0.235), (0.291, -0.235), (0.291, -0.234), (0.291, -0.234), (0.291, -0.234), (0.29, -0.234), (0.29, -0.234), (0.29, -0.233), (0.29, -0.233), (0.29, -0.233), (0.29, -0.233), (0.29, -0.232), (0.289, -0.232), (0.289, -0.232), (0.289, -0.232), (0.289, -0.231), (0.289, -0.231), (0.289, -0.231), (0.288, -0.23), (0.288, -0.23), (0.288, -0.23), (0.288, -0.23), (0.288, -0.229), (0.288, -0.229), (0.287, -0.229), (0.287, -0.228), (0.287, -0.228), (0.287, -0.228), (0.287, -0.227), (0.286, -0.227), (0.286, -0.227), (0.286, -0.227), (0.286, -0.226), (0.286, -0.226), (0.285, -0.226), (0.285, -0.225), (0.285, -0.225), (0.285, -0.225), (0.284, -0.224), (0.284, -0.224), (0.284, -0.224), (0.284, -0.223), (0.284, -0.223), (0.283, -0.223), (0.283, -0.222), (0.283, -0.222), (0.283, -0.222), (0.282, -0.221), (0.282, -0.221), (0.282, -0.221), (0.282, -0.22), (0.281, -0.22), (0.281, -0.22), (0.281, -0.219), (0.281, -0.219), (0.28, -0.218), (0.28, -0.218), (0.28, -0.218), (0.28, -0.217), (0.279, -0.217), (0.279, -0.217), (0.279, -0.216), (0.279, -0.216), (0.278, -0.216), (0.278, -0.215), (0.278, -0.215), (0.278, -0.214), (0.277, -0.214), (0.277, -0.214), (0.277, -0.213), (0.277, -0.213), (0.276, -0.213), (0.276, -0.212), (0.276, -0.212), (0.275, -0.211), (0.275, -0.211), (0.275, -0.211), (0.275, -0.21), (0.274, -0.21), (0.274, -0.209), (0.274, -0.209), (0.273, -0.209), (0.273, -0.208), (0.273, -0.208), (0.273, -0.208), (0.272, -0.207), (0.272, -0.207), (0.272, -0.206), (0.271, -0.206), (0.271, -0.206), (0.271, -0.205), (0.271, -0.205), (0.27, -0.204), (0.27, -0.204), (0.27, -0.204), (0.269, -0.203), (0.269, -0.203), (0.269, -0.202), (0.269, -0.202), (0.268, -0.202), (0.268, -0.201), (0.268, -0.201), (0.267, -0.2), (0.267, -0.2), (0.267, -0.2), (0.267, -0.199), (0.266, -0.199), (0.266, -0.198), (0.266, -0.198), (0.265, -0.198), (0.265, -0.197), (0.265, -0.197), (0.264, -0.196), (0.264, -0.196), (0.264, -0.196), (0.264, -0.195), (0.263, -0.195), (0.263, -0.194), (0.263, -0.194), (0.262, -0.194), (0.262, -0.193), (0.262, -0.193), (0.261, -0.192), (0.261, -0.192), (0.261, -0.192), (0.261, -0.191), (0.26, -0.191), (0.26, -0.19), (0.26, -0.19), (0.259, -0.19), (0.259, -0.189), (0.259, -0.189), (0.258, -0.188), (0.258, -0.188), (0.258, -0.188), (0.258, -0.187), (0.257, -0.187), (0.257, -0.186), (0.257, -0.186), (0.256, -0.186), (0.256, -0.185), (0.256, -0.185), (0.255, -0.184), (0.255, -0.184), (0.255, -0.183), (0.255, -0.183), (0.254, -0.183), (0.254, -0.182), (0.254, -0.182), (0.253, -0.181), (0.253, -0.181), (0.253, -0.181), (0.253, -0.18), (0.252, -0.18), (0.252, -0.179), (0.252, -0.179), (0.251, -0.179), (0.251, -0.178), (0.251, -0.178), (0.25, -0.177), (0.25, -0.177), (0.25, -0.177), (0.25, -0.176), (0.249, -0.176), (0.249, -0.175), (0.249, -0.175), (0.248, -0.175), (0.248, -0.174), (0.248, -0.174), (0.247, -0.173), (0.247, -0.173), (0.247, -0.173), (0.247, -0.172), (0.246, -0.172), (0.246, -0.171), (0.246, -0.171), (0.245, -0.171), (0.245, -0.17), (0.245, -0.17), (0.245, -0.169), (0.244, -0.169), (0.244, -0.169), (0.244, -0.168), (0.243, -0.168), (0.243, -0.167), (0.243, -0.167), (0.242, -0.167), (0.242, -0.166), (0.242, -0.166), (0.242, -0.165), (0.241, -0.165), (0.241, -0.165), (0.241, -0.164), (0.24, -0.164), (0.24, -0.163), (0.24, -0.163), (0.24, -0.163), (0.239, -0.162), (0.239, -0.162), (0.239, -0.161), (0.238, -0.161), (0.238, -0.161), (0.238, -0.16), (0.238, -0.16), (0.237, -0.159), (0.237, -0.159), (0.237, -0.159), (0.236, -0.158), (0.236, -0.158), (0.236, -0.157), (0.236, -0.157), (0.235, -0.157), (0.235, -0.156), (0.235, -0.156), (0.234, -0.155), (0.234, -0.155), (0.234, -0.155), (0.234, -0.154), (0.233, -0.154), (0.233, -0.153), (0.233, -0.153), (0.232, -0.153), (0.232, -0.152), (0.232, -0.152), (0.232, -0.152), (0.231, -0.151), (0.231, -0.151), (0.231, -0.15), (0.231, -0.15), (0.23, -0.15), (0.23, -0.149), (0.23, -0.149), (0.229, -0.148), (0.229, -0.148), (0.229, -0.148), (0.229, -0.147), (0.228, -0.147), (0.228, -0.146), (0.228, -0.146), (0.228, -0.146), (0.227, -0.145), (0.227, -0.145), (0.227, -0.145), (0.226, -0.144), (0.226, -0.144), (0.226, -0.143), (0.226, -0.143)], total_steps=3141
  281st iteration: path_start=[(0.011, -0.172), (0.011, -0.172), (0.012, -0.172), (0.012, -0.172), (0.013, -0.172), (0.014, -0.173), (0.015, -0.173), (0.017, -0.173), (0.018, -0.173), (0.019, -0.173), (0.021, -0.173), (0.023, -0.173), (0.024, -0.173), (0.026, -0.173), (0.028, -0.173), (0.03, -0.173), (0.032, -0.173), (0.034, -0.173), (0.037, -0.173), (0.039, -0.173), (0.041, -0.173), (0.044, -0.173), (0.046, -0.173), (0.048, -0.173), (0.051, -0.173), (0.053, -0.173), (0.056, -0.173), (0.058, -0.173), (0.061, -0.173), (0.064, -0.173), (0.066, -0.173), (0.069, -0.173), (0.071, -0.172), (0.074, -0.172), (0.077, -0.172), (0.079, -0.172), (0.082, -0.172), (0.085, -0.172), (0.087, -0.172), (0.09, -0.172), (0.093, -0.172), (0.095, -0.172), (0.098, -0.171), (0.1, -0.171), (0.103, -0.171), (0.106, -0.171), (0.108, -0.171), (0.111, -0.171), (0.113, -0.171), (0.116, -0.17), (0.118, -0.17), (0.121, -0.17), (0.123, -0.17), (0.126, -0.17), (0.128, -0.169), (0.13, -0.169), (0.133, -0.169), (0.135, -0.169), (0.137, -0.169), (0.14, -0.168), (0.142, -0.168), (0.144, -0.168), (0.146, -0.168), (0.148, -0.167), (0.151, -0.167), (0.153, -0.167), (0.155, -0.166), (0.157, -0.166), (0.159, -0.166), (0.161, -0.166), (0.163, -0.165), (0.165, -0.165), (0.167, -0.165), (0.169, -0.164), (0.171, -0.164), (0.172, -0.164), (0.174, -0.163), (0.176, -0.163), (0.178, -0.163), (0.179, -0.162), (0.181, -0.162), (0.183, -0.161), (0.184, -0.161), (0.186, -0.161), (0.188, -0.16), (0.189, -0.16), (0.191, -0.159), (0.192, -0.159), (0.194, -0.159), (0.195, -0.158), (0.197, -0.158), (0.198, -0.157), (0.199, -0.157), (0.201, -0.157), (0.202, -0.156), (0.203, -0.156), (0.204, -0.155), (0.206, -0.155), (0.207, -0.154), (0.208, -0.154), (0.209, -0.153), (0.21, -0.153), (0.211, -0.152), (0.212, -0.152), (0.214, -0.151), (0.215, -0.151), (0.216, -0.15), (0.217, -0.15), (0.217, -0.149), (0.218, -0.149), (0.219, -0.148), (0.22, -0.148), (0.221, -0.147), (0.222, -0.147), (0.223, -0.146), (0.224, -0.146), (0.224, -0.145), (0.225, -0.145), (0.226, -0.144), (0.226, -0.144), (0.227, -0.143), (0.228, -0.143), (0.229, -0.142), (0.229, -0.142), (0.23, -0.141), (0.23, -0.14), (0.231, -0.14), (0.231, -0.139), (0.232, -0.139), (0.233, -0.138), (0.233, -0.138), (0.234, -0.137), (0.234, -0.137), (0.234, -0.136), (0.235, -0.135), (0.235, -0.135), (0.236, -0.134), (0.236, -0.134), (0.236, -0.133), (0.237, -0.133), (0.237, -0.132), (0.237, -0.131), (0.238, -0.131), (0.238, -0.13), (0.238, -0.13), (0.239, -0.129), (0.239, -0.128), (0.239, -0.128), (0.239, -0.127), (0.239, -0.127), (0.24, -0.126), (0.24, -0.125), (0.24, -0.125), (0.24, -0.124), (0.24, -0.123), (0.24, -0.123), (0.24, -0.122), (0.241, -0.122), (0.241, -0.121), (0.241, -0.12), (0.241, -0.12), (0.241, -0.119), (0.241, -0.119), (0.241, -0.118), (0.241, -0.117), (0.241, -0.117), (0.241, -0.116), (0.241, -0.115), (0.241, -0.115), (0.241, -0.114), (0.241, -0.113), (0.241, -0.113), (0.241, -0.112), (0.241, -0.112), (0.241, -0.111), (0.24, -0.11), (0.24, -0.11), (0.24, -0.109), (0.24, -0.108), (0.24, -0.108), (0.24, -0.107), (0.24, -0.106), (0.24, -0.106), (0.239, -0.105), (0.239, -0.104), (0.239, -0.104), (0.239, -0.103), (0.239, -0.103), (0.239, -0.102), (0.238, -0.101), (0.238, -0.101), (0.238, -0.1), (0.238, -0.099), (0.237, -0.099), (0.237, -0.098), (0.237, -0.097), (0.237, -0.097), (0.236, -0.096), (0.236, -0.095), (0.236, -0.095), (0.236, -0.094), (0.235, -0.093), (0.235, -0.093), (0.235, -0.092), (0.234, -0.091), (0.234, -0.091), (0.234, -0.09), (0.233, -0.089), (0.233, -0.089), (0.233, -0.088), (0.232, -0.087), (0.232, -0.087), (0.232, -0.086), (0.231, -0.085), (0.231, -0.085), (0.231, -0.084), (0.23, -0.083), (0.23, -0.083), (0.229, -0.082), (0.229, -0.081), (0.229, -0.081), (0.228, -0.08), (0.228, -0.079), (0.227, -0.079), (0.227, -0.078), (0.226, -0.077), (0.226, -0.077), (0.226, -0.076), (0.225, -0.075), (0.225, -0.075), (0.224, -0.074), (0.224, -0.073), (0.223, -0.073), (0.223, -0.072), (0.222, -0.071), (0.222, -0.071), (0.221, -0.07), (0.221, -0.069), (0.221, -0.069), (0.22, -0.068), (0.22, -0.067), (0.219, -0.067), (0.219, -0.066), (0.218, -0.065), (0.218, -0.064), (0.217, -0.064), (0.216, -0.063), (0.216, -0.062), (0.215, -0.062), (0.215, -0.061), (0.214, -0.06), (0.214, -0.06), (0.213, -0.059), (0.213, -0.058), (0.212, -0.058), (0.212, -0.057), (0.211, -0.056), (0.211, -0.056), (0.21, -0.055), (0.209, -0.054), (0.209, -0.054), (0.208, -0.053), (0.208, -0.052), (0.207, -0.052), (0.207, -0.051), (0.206, -0.05), (0.205, -0.05), (0.205, -0.049), (0.204, -0.048), (0.204, -0.048), (0.203, -0.047), (0.202, -0.046), (0.202, -0.045), (0.201, -0.045), (0.201, -0.044), (0.2, -0.043), (0.199, -0.043), (0.199, -0.042), (0.198, -0.041), (0.198, -0.041), (0.197, -0.04), (0.196, -0.039), (0.196, -0.039), (0.195, -0.038), (0.194, -0.037), (0.194, -0.037), (0.193, -0.036), (0.192, -0.035), (0.192, -0.035), (0.191, -0.034), (0.19, -0.033), (0.19, -0.033), (0.189, -0.032), (0.188, -0.031), (0.188, -0.031), (0.187, -0.03), (0.186, -0.029), (0.186, -0.028), (0.185, -0.028), (0.184, -0.027), (0.184, -0.026), (0.183, -0.026), (0.182, -0.025), (0.182, -0.024), (0.181, -0.024), (0.18, -0.023), (0.18, -0.022), (0.179, -0.022), (0.178, -0.021), (0.177, -0.02), (0.177, -0.02), (0.176, -0.019), (0.175, -0.018), (0.175, -0.018), (0.174, -0.017), (0.173, -0.016), (0.172, -0.016), (0.172, -0.015), (0.171, -0.014), (0.17, -0.013), (0.17, -0.013), (0.169, -0.012), (0.168, -0.011), (0.167, -0.011), (0.167, -0.01), (0.166, -0.009), (0.165, -0.009), (0.164, -0.008), (0.164, -0.007), (0.163, -0.007), (0.162, -0.006), (0.161, -0.005), (0.161, -0.005), (0.16, -0.004), (0.159, -0.003), (0.158, -0.003), (0.158, -0.002), (0.157, -0.001), (0.156, -0.001), (0.155, 0.0), (0.155, 0.001), (0.154, 0.002), (0.153, 0.002), (0.152, 0.003), (0.151, 0.004), (0.151, 0.004), (0.15, 0.005), (0.149, 0.006), (0.148, 0.006), (0.148, 0.007), (0.147, 0.008), (0.146, 0.008), (0.145, 0.009), (0.144, 0.01), (0.144, 0.01), (0.143, 0.011), (0.142, 0.012), (0.141, 0.012), (0.14, 0.013), (0.14, 0.014), (0.139, 0.015), (0.138, 0.015), (0.137, 0.016), (0.136, 0.017), (0.136, 0.017), (0.135, 0.018), (0.134, 0.019), (0.133, 0.019), (0.132, 0.02), (0.132, 0.021), (0.131, 0.021), (0.13, 0.022), (0.129, 0.023), (0.128, 0.023), (0.128, 0.024), (0.127, 0.025), (0.126, 0.026), (0.125, 0.026), (0.124, 0.027), (0.123, 0.028), (0.123, 0.028), (0.122, 0.029), (0.121, 0.03), (0.12, 0.03), (0.119, 0.031), (0.118, 0.032), (0.118, 0.032), (0.117, 0.033), (0.116, 0.034), (0.115, 0.035), (0.114, 0.035), (0.113, 0.036), (0.113, 0.037), (0.112, 0.037), (0.111, 0.038), (0.11, 0.039), (0.109, 0.039), (0.109, 0.04), (0.108, 0.041), (0.107, 0.041), (0.106, 0.042), (0.105, 0.043), (0.104, 0.044), (0.103, 0.044), (0.103, 0.045), (0.102, 0.046), (0.101, 0.046), (0.1, 0.047), (0.099, 0.048), (0.098, 0.048), (0.098, 0.049), (0.097, 0.05), (0.096, 0.05), (0.095, 0.051), (0.094, 0.052), (0.093, 0.053), (0.093, 0.053), (0.092, 0.054), (0.091, 0.055), (0.09, 0.055), (0.089, 0.056), (0.088, 0.057), (0.088, 0.057), (0.087, 0.058), (0.086, 0.059), (0.085, 0.06), (0.084, 0.06), (0.083, 0.061), (0.083, 0.062), (0.082, 0.062), (0.081, 0.063), (0.08, 0.064), (0.079, 0.064), (0.078, 0.065), (0.078, 0.066), (0.077, 0.067), (0.076, 0.067), (0.075, 0.068), (0.074, 0.069), (0.073, 0.069), (0.073, 0.07), (0.072, 0.071), (0.071, 0.072), (0.07, 0.072), (0.069, 0.073), (0.068, 0.074), (0.068, 0.074), (0.067, 0.075), (0.066, 0.076), (0.065, 0.076), (0.064, 0.077), (0.063, 0.078), (0.063, 0.079), (0.062, 0.079), (0.061, 0.08), (0.06, 0.081), (0.059, 0.081), (0.059, 0.082), (0.058, 0.083), (0.057, 0.084), (0.056, 0.084), (0.055, 0.085), (0.054, 0.086), (0.054, 0.086), (0.053, 0.087), (0.052, 0.088), (0.051, 0.089), (0.05, 0.089), (0.05, 0.09), (0.049, 0.091), (0.048, 0.091), (0.047, 0.092), (0.046, 0.093), (0.046, 0.094), (0.045, 0.094), (0.044, 0.095), (0.043, 0.096), (0.042, 0.097), (0.042, 0.097), (0.041, 0.098), (0.04, 0.099), (0.039, 0.099), (0.038, 0.1), (0.038, 0.101), (0.037, 0.102), (0.036, 0.102), (0.035, 0.103), (0.035, 0.104), (0.034, 0.105), (0.033, 0.105), (0.032, 0.106), (0.031, 0.107), (0.031, 0.107), (0.03, 0.108), (0.029, 0.109), (0.028, 0.11), (0.028, 0.11), (0.027, 0.111), (0.026, 0.112), (0.025, 0.113)], path_end=[(-0.076, 0.074), (-0.071, 0.069), (-0.066, 0.065), (-0.062, 0.06), (-0.057, 0.055), (-0.052, 0.051), (-0.047, 0.046), (-0.042, 0.042), (-0.038, 0.037), (-0.033, 0.033), (-0.028, 0.028), (-0.023, 0.024), (-0.018, 0.019), (-0.014, 0.015), (-0.009, 0.01), (-0.004, 0.006), (0.0, 0.001), (0.005, -0.003), (0.01, -0.008), (0.015, -0.012), (0.019, -0.017), (0.024, -0.021), (0.029, -0.025), (0.033, -0.03), (0.038, -0.034), (0.042, -0.038), (0.047, -0.043), (0.052, -0.047), (0.056, -0.052), (0.061, -0.056), (0.065, -0.06), (0.07, -0.064), (0.074, -0.069), (0.079, -0.073), (0.083, -0.077), (0.088, -0.081), (0.092, -0.086), (0.097, -0.09), (0.101, -0.094), (0.106, -0.098), (0.11, -0.102), (0.114, -0.106), (0.119, -0.11), (0.123, -0.115), (0.127, -0.119), (0.131, -0.123), (0.136, -0.127), (0.14, -0.131), (0.144, -0.135), (0.148, -0.139), (0.153, -0.142), (0.157, -0.146), (0.161, -0.15), (0.165, -0.154), (0.169, -0.158), (0.173, -0.162), (0.177, -0.166), (0.181, -0.169), (0.185, -0.173), (0.189, -0.177), (0.193, -0.181), (0.197, -0.184), (0.201, -0.188), (0.205, -0.192), (0.209, -0.195), (0.212, -0.199), (0.216, -0.202), (0.22, -0.206), (0.224, -0.209), (0.227, -0.213), (0.231, -0.216), (0.235, -0.22), (0.238, -0.223), (0.242, -0.226), (0.246, -0.23), (0.249, -0.233), (0.253, -0.236), (0.256, -0.24), (0.26, -0.243), (0.263, -0.246), (0.267, -0.249), (0.27, -0.252), (0.273, -0.256), (0.277, -0.259), (0.28, -0.262), (0.283, -0.265), (0.286, -0.268), (0.29, -0.271), (0.293, -0.274), (0.296, -0.277), (0.299, -0.28), (0.302, -0.282), (0.305, -0.285), (0.308, -0.288), (0.311, -0.291), (0.314, -0.294), (0.317, -0.296), (0.32, -0.299), (0.323, -0.302), (0.326, -0.304), (0.329, -0.307), (0.332, -0.31), (0.335, -0.312), (0.337, -0.315), (0.34, -0.317), (0.343, -0.32), (0.345, -0.322), (0.348, -0.324), (0.351, -0.327), (0.353, -0.329), (0.356, -0.332), (0.358, -0.334), (0.361, -0.336), (0.363, -0.338), (0.366, -0.341), (0.368, -0.343), (0.371, -0.345), (0.373, -0.347), (0.375, -0.349), (0.378, -0.351), (0.38, -0.353), (0.382, -0.355), (0.384, -0.357), (0.386, -0.359), (0.389, -0.361), (0.391, -0.363), (0.393, -0.365), (0.395, -0.367), (0.397, -0.368), (0.399, -0.37), (0.401, -0.372), (0.403, -0.374), (0.405, -0.375), (0.407, -0.377), (0.409, -0.379), (0.41, -0.38), (0.412, -0.382), (0.414, -0.384), (0.416, -0.385), (0.418, -0.387), (0.419, -0.388), (0.421, -0.39), (0.423, -0.391), (0.424, -0.392), (0.426, -0.394), (0.427, -0.395), (0.429, -0.396), (0.431, -0.398), (0.432, -0.399), (0.434, -0.4), (0.435, -0.402), (0.436, -0.403), (0.438, -0.404), (0.439, -0.405), (0.441, -0.406), (0.442, -0.407), (0.443, -0.408), (0.445, -0.409), (0.446, -0.41), (0.447, -0.411), (0.448, -0.412), (0.449, -0.413), (0.451, -0.414), (0.452, -0.415), (0.453, -0.416), (0.454, -0.417), (0.455, -0.418), (0.456, -0.419), (0.457, -0.42), (0.458, -0.42), (0.459, -0.421), (0.46, -0.422), (0.461, -0.423), (0.462, -0.423), (0.463, -0.424), (0.464, -0.425), (0.465, -0.425), (0.465, -0.426), (0.466, -0.426), (0.467, -0.427), (0.468, -0.428), (0.469, -0.428), (0.469, -0.429), (0.47, -0.429), (0.471, -0.43), (0.472, -0.43), (0.472, -0.431), (0.473, -0.431), (0.473, -0.431), (0.474, -0.432), (0.475, -0.432), (0.475, -0.432), (0.476, -0.433), (0.476, -0.433), (0.477, -0.433), (0.477, -0.434), (0.478, -0.434), (0.478, -0.434), (0.479, -0.434), (0.479, -0.435), (0.48, -0.435), (0.48, -0.435), (0.48, -0.435), (0.481, -0.435), (0.481, -0.435), (0.481, -0.436), (0.482, -0.436), (0.482, -0.436), (0.482, -0.436), (0.483, -0.436), (0.483, -0.436), (0.483, -0.436), (0.483, -0.436), (0.484, -0.436), (0.484, -0.436), (0.484, -0.436), (0.484, -0.436), (0.484, -0.436), (0.485, -0.436), (0.485, -0.436), (0.485, -0.436), (0.485, -0.436), (0.485, -0.435), (0.485, -0.435), (0.485, -0.435), (0.485, -0.435), (0.485, -0.435), (0.485, -0.435), (0.485, -0.435), (0.485, -0.434), (0.486, -0.434), (0.486, -0.434), (0.485, -0.434), (0.485, -0.433), (0.485, -0.433), (0.485, -0.433), (0.485, -0.433), (0.485, -0.432), (0.485, -0.432), (0.485, -0.432), (0.485, -0.431), (0.485, -0.431), (0.485, -0.431), (0.485, -0.43), (0.485, -0.43), (0.484, -0.43), (0.484, -0.429), (0.484, -0.429), (0.484, -0.429), (0.484, -0.428), (0.484, -0.428), (0.483, -0.427), (0.483, -0.427), (0.483, -0.426), (0.483, -0.426), (0.482, -0.426), (0.482, -0.425), (0.482, -0.425), (0.482, -0.424), (0.481, -0.424), (0.481, -0.423), (0.481, -0.423), (0.481, -0.422), (0.48, -0.422), (0.48, -0.421), (0.48, -0.421), (0.479, -0.42), (0.479, -0.42), (0.479, -0.419), (0.479, -0.419), (0.478, -0.418), (0.478, -0.418), (0.478, -0.417), (0.477, -0.416), (0.477, -0.416), (0.476, -0.415), (0.476, -0.415), (0.476, -0.414), (0.475, -0.413), (0.475, -0.413), (0.475, -0.412), (0.474, -0.412), (0.474, -0.411), (0.473, -0.41), (0.473, -0.41), (0.473, -0.409), (0.472, -0.409), (0.472, -0.408), (0.471, -0.407), (0.471, -0.407), (0.47, -0.406), (0.47, -0.405), (0.47, -0.405), (0.469, -0.404), (0.469, -0.403), (0.468, -0.403), (0.468, -0.402), (0.467, -0.401), (0.467, -0.401), (0.466, -0.4), (0.466, -0.399), (0.465, -0.399), (0.465, -0.398), (0.464, -0.397), (0.464, -0.396), (0.463, -0.396), (0.463, -0.395), (0.462, -0.394), (0.462, -0.394), (0.461, -0.393), (0.461, -0.392), (0.46, -0.391), (0.46, -0.391), (0.459, -0.39), (0.459, -0.389), (0.458, -0.388), (0.458, -0.388), (0.457, -0.387), (0.457, -0.386), (0.456, -0.386), (0.456, -0.385), (0.455, -0.384), (0.455, -0.383), (0.454, -0.383), (0.453, -0.382), (0.453, -0.381), (0.452, -0.38), (0.452, -0.379), (0.451, -0.379), (0.451, -0.378), (0.45, -0.377), (0.45, -0.376), (0.449, -0.376), (0.449, -0.375), (0.448, -0.374), (0.447, -0.373), (0.447, -0.373), (0.446, -0.372), (0.446, -0.371), (0.445, -0.37), (0.445, -0.369), (0.444, -0.369), (0.443, -0.368), (0.443, -0.367), (0.442, -0.366), (0.442, -0.366), (0.441, -0.365), (0.441, -0.364), (0.44, -0.363), (0.439, -0.362), (0.439, -0.362), (0.438, -0.361), (0.438, -0.36), (0.437, -0.359), (0.436, -0.358), (0.436, -0.358), (0.435, -0.357), (0.435, -0.356), (0.434, -0.355), (0.433, -0.354), (0.433, -0.354), (0.432, -0.353), (0.432, -0.352), (0.431, -0.351), (0.431, -0.35), (0.43, -0.35), (0.429, -0.349), (0.429, -0.348), (0.428, -0.347), (0.428, -0.346), (0.427, -0.346), (0.426, -0.345), (0.426, -0.344), (0.425, -0.343), (0.425, -0.342), (0.424, -0.341), (0.423, -0.341), (0.423, -0.34), (0.422, -0.339), (0.422, -0.338), (0.421, -0.337), (0.42, -0.337), (0.42, -0.336), (0.419, -0.335), (0.419, -0.334), (0.418, -0.333), (0.417, -0.333), (0.417, -0.332), (0.416, -0.331), (0.416, -0.33), (0.415, -0.329), (0.414, -0.329), (0.414, -0.328), (0.413, -0.327), (0.413, -0.326), (0.412, -0.325), (0.411, -0.324), (0.411, -0.324), (0.41, -0.323), (0.41, -0.322), (0.409, -0.321), (0.408, -0.32), (0.408, -0.32), (0.407, -0.319), (0.407, -0.318), (0.406, -0.317), (0.405, -0.316), (0.405, -0.316), (0.404, -0.315), (0.404, -0.314), (0.403, -0.313), (0.402, -0.312), (0.402, -0.311), (0.401, -0.311), (0.401, -0.31), (0.4, -0.309), (0.399, -0.308), (0.399, -0.307), (0.398, -0.307), (0.398, -0.306), (0.397, -0.305), (0.397, -0.304), (0.396, -0.303), (0.395, -0.303), (0.395, -0.302), (0.394, -0.301), (0.394, -0.3), (0.393, -0.299), (0.392, -0.299), (0.392, -0.298), (0.391, -0.297), (0.391, -0.296), (0.39, -0.295), (0.389, -0.295), (0.389, -0.294), (0.388, -0.293), (0.388, -0.292), (0.387, -0.291), (0.387, -0.291), (0.386, -0.29), (0.385, -0.289), (0.385, -0.288), (0.384, -0.287), (0.384, -0.287), (0.383, -0.286), (0.382, -0.285), (0.382, -0.284), (0.381, -0.283), (0.381, -0.283), (0.38, -0.282), (0.38, -0.281), (0.379, -0.28), (0.378, -0.279), (0.378, -0.279), (0.377, -0.278), (0.377, -0.277), (0.376, -0.276), (0.376, -0.275), (0.375, -0.275), (0.374, -0.274), (0.374, -0.273), (0.373, -0.272), (0.373, -0.272), (0.372, -0.271), (0.372, -0.27), (0.371, -0.269), (0.37, -0.268), (0.37, -0.268), (0.369, -0.267), (0.369, -0.266), (0.368, -0.265), (0.368, -0.264), (0.367, -0.264), (0.367, -0.263), (0.366, -0.262), (0.365, -0.261), (0.365, -0.261), (0.364, -0.26), (0.364, -0.259), (0.363, -0.258), (0.363, -0.257), (0.362, -0.257), (0.362, -0.256), (0.361, -0.255), (0.36, -0.254), (0.36, -0.254), (0.359, -0.253), (0.359, -0.252), (0.358, -0.251), (0.358, -0.25), (0.357, -0.25), (0.357, -0.249), (0.356, -0.248), (0.356, -0.247), (0.355, -0.247), (0.354, -0.246), (0.354, -0.245), (0.353, -0.244), (0.353, -0.243), (0.352, -0.243)], total_steps=3141
  283rd iteration: path_start=[(0.011, -0.172), (0.011, -0.172), (0.011, -0.172), (0.011, -0.171), (0.012, -0.171), (0.012, -0.17), (0.012, -0.169), (0.013, -0.168), (0.013, -0.167), (0.014, -0.166), (0.014, -0.165), (0.015, -0.164), (0.016, -0.163), (0.016, -0.162), (0.017, -0.16), (0.018, -0.159), (0.018, -0.158), (0.019, -0.156), (0.02, -0.155), (0.021, -0.153), (0.022, -0.152), (0.022, -0.15), (0.023, -0.148), (0.024, -0.147), (0.025, -0.145), (0.026, -0.143), (0.027, -0.142), (0.028, -0.14), (0.029, -0.138), (0.03, -0.136), (0.03, -0.134), (0.031, -0.133), (0.032, -0.131), (0.033, -0.129), (0.034, -0.127), (0.035, -0.125), (0.036, -0.124), (0.037, -0.122), (0.038, -0.12), (0.039, -0.118), (0.04, -0.116), (0.041, -0.114), (0.041, -0.113), (0.042, -0.111), (0.043, -0.109), (0.044, -0.107), (0.045, -0.105), (0.046, -0.104), (0.047, -0.102), (0.047, -0.1), (0.048, -0.098), (0.049, -0.097), (0.05, -0.095), (0.051, -0.093), (0.051, -0.091), (0.052, -0.09), (0.053, -0.088), (0.054, -0.086), (0.054, -0.085), (0.055, -0.083), (0.056, -0.082), (0.057, -0.08), (0.057, -0.078), (0.058, -0.077), (0.059, -0.075), (0.059, -0.074), (0.06, -0.072), (0.061, -0.071), (0.061, -0.069), (0.062, -0.068), (0.062, -0.066), (0.063, -0.065), (0.064, -0.064), (0.064, -0.062), (0.065, -0.061), (0.065, -0.059), (0.066, -0.058), (0.066, -0.057), (0.067, -0.056), (0.067, -0.054), (0.068, -0.053), (0.068, -0.052), (0.069, -0.051), (0.069, -0.049), (0.069, -0.048), (0.07, -0.047), (0.07, -0.046), (0.071, -0.045), (0.071, -0.044), (0.071, -0.042), (0.072, -0.041), (0.072, -0.04), (0.072, -0.039), (0.073, -0.038), (0.073, -0.037), (0.073, -0.036), (0.074, -0.035), (0.074, -0.034), (0.074, -0.033), (0.074, -0.032), (0.075, -0.032), (0.075, -0.031), (0.075, -0.03), (0.075, -0.029), (0.075, -0.028), (0.076, -0.027), (0.076, -0.026), (0.076, -0.026), (0.076, -0.025), (0.076, -0.024), (0.076, -0.023), (0.077, -0.023), (0.077, -0.022), (0.077, -0.021), (0.077, -0.02), (0.077, -0.02), (0.077, -0.019), (0.077, -0.018), (0.077, -0.018), (0.077, -0.017), (0.077, -0.017), (0.077, -0.016), (0.077, -0.015), (0.077, -0.015), (0.077, -0.014), (0.077, -0.014), (0.077, -0.013), (0.077, -0.013), (0.077, -0.012), (0.077, -0.012), (0.077, -0.011), (0.077, -0.011), (0.077, -0.01), (0.077, -0.01), (0.077, -0.009), (0.077, -0.009), (0.077, -0.008), (0.077, -0.008), (0.077, -0.008), (0.076, -0.007), (0.076, -0.007), (0.076, -0.006), (0.076, -0.006), (0.076, -0.006), (0.076, -0.005), (0.076, -0.005), (0.075, -0.005), (0.075, -0.004), (0.075, -0.004), (0.075, -0.004), (0.075, -0.003), (0.075, -0.003), (0.074, -0.003), (0.074, -0.003), (0.074, -0.002), (0.074, -0.002), (0.074, -0.002), (0.073, -0.002), (0.073, -0.001), (0.073, -0.001), (0.073, -0.001), (0.072, -0.001), (0.072, -0.0), (0.072, -0.0), (0.072, -0.0), (0.071, 0.0), (0.071, 0.0), (0.071, 0.0), (0.07, 0.001), (0.07, 0.001), (0.07, 0.001), (0.07, 0.001), (0.069, 0.001), (0.069, 0.001), (0.069, 0.001), (0.068, 0.002), (0.068, 0.002), (0.068, 0.002), (0.067, 0.002), (0.067, 0.002), (0.067, 0.002), (0.066, 0.002), (0.066, 0.002), (0.065, 0.002), (0.065, 0.002), (0.065, 0.002), (0.064, 0.002), (0.064, 0.002), (0.064, 0.003), (0.063, 0.003), (0.063, 0.003), (0.062, 0.003), (0.062, 0.003), (0.062, 0.003), (0.061, 0.003), (0.061, 0.003), (0.06, 0.003), (0.06, 0.003), (0.059, 0.003), (0.059, 0.003), (0.059, 0.003), (0.058, 0.003), (0.058, 0.003), (0.057, 0.003), (0.057, 0.003), (0.056, 0.003), (0.056, 0.003), (0.055, 0.003), (0.055, 0.003), (0.054, 0.003), (0.054, 0.002), (0.053, 0.002), (0.053, 0.002), (0.052, 0.002), (0.052, 0.002), (0.051, 0.002), (0.051, 0.002), (0.05, 0.002), (0.05, 0.002), (0.049, 0.002), (0.049, 0.002), (0.048, 0.002), (0.048, 0.002), (0.047, 0.002), (0.047, 0.001), (0.046, 0.001), (0.046, 0.001), (0.045, 0.001), (0.045, 0.001), (0.044, 0.001), (0.043, 0.001), (0.043, 0.001), (0.042, 0.001), (0.042, 0.001), (0.041, 0.0), (0.041, 0.0), (0.04, 0.0), (0.039, 0.0), (0.039, -0.0), (0.038, -0.0), (0.038, -0.0), (0.037, -0.0), (0.036, -0.001), (0.036, -0.001), (0.035, -0.001), (0.034, -0.001), (0.034, -0.001), (0.033, -0.001), (0.033, -0.001), (0.032, -0.002), (0.031, -0.002), (0.031, -0.002), (0.03, -0.002), (0.029, -0.002), (0.029, -0.002), (0.028, -0.003), (0.027, -0.003), (0.027, -0.003), (0.026, -0.003), (0.025, -0.003), (0.025, -0.003), (0.024, -0.004), (0.023, -0.004), (0.023, -0.004), (0.022, -0.004), (0.021, -0.004), (0.021, -0.004), (0.02, -0.005), (0.019, -0.005), (0.018, -0.005), (0.018, -0.005), (0.017, -0.005), (0.016, -0.006), (0.016, -0.006), (0.015, -0.006), (0.014, -0.006), (0.013, -0.006), (0.013, -0.007), (0.012, -0.007), (0.011, -0.007), (0.01, -0.007), (0.01, -0.008), (0.009, -0.008), (0.008, -0.008), (0.007, -0.008), (0.006, -0.008), (0.006, -0.009), (0.005, -0.009), (0.004, -0.009), (0.003, -0.009), (0.003, -0.009), (0.002, -0.01), (0.001, -0.01), (0.0, -0.01), (-0.001, -0.01), (-0.001, -0.011), (-0.002, -0.011), (-0.003, -0.011), (-0.004, -0.011), (-0.005, -0.012), (-0.006, -0.012), (-0.006, -0.012), (-0.007, -0.012), (-0.008, -0.013), (-0.009, -0.013), (-0.01, -0.013), (-0.011, -0.013), (-0.011, -0.014), (-0.012, -0.014), (-0.013, -0.014), (-0.014, -0.014), (-0.015, -0.015), (-0.016, -0.015), (-0.017, -0.015), (-0.017, -0.015), (-0.018, -0.016), (-0.019, -0.016), (-0.02, -0.016), (-0.021, -0.016), (-0.022, -0.017), (-0.023, -0.017), (-0.024, -0.017), (-0.025, -0.018), (-0.026, -0.018), (-0.026, -0.018), (-0.027, -0.018), (-0.028, -0.019), (-0.029, -0.019), (-0.03, -0.019), (-0.031, -0.019), (-0.032, -0.02), (-0.033, -0.02), (-0.034, -0.02), (-0.035, -0.021), (-0.036, -0.021), (-0.037, -0.021), (-0.038, -0.021), (-0.038, -0.022), (-0.039, -0.022), (-0.04, -0.022), (-0.041, -0.023), (-0.042, -0.023), (-0.043, -0.023), (-0.044, -0.023), (-0.045, -0.024), (-0.046, -0.024), (-0.047, -0.024), (-0.048, -0.025), (-0.049, -0.025), (-0.05, -0.025), (-0.051, -0.026), (-0.052, -0.026), (-0.053, -0.026), (-0.054, -0.027), (-0.055, -0.027), (-0.056, -0.027), (-0.057, -0.027), (-0.058, -0.028), (-0.059, -0.028), (-0.06, -0.028), (-0.061, -0.029), (-0.062, -0.029), (-0.063, -0.029), (-0.064, -0.03), (-0.065, -0.03), (-0.066, -0.03), (-0.067, -0.031), (-0.068, -0.031), (-0.069, -0.031), (-0.07, -0.032), (-0.071, -0.032), (-0.072, -0.032), (-0.073, -0.032), (-0.074, -0.033), (-0.075, -0.033), (-0.076, -0.033), (-0.077, -0.034), (-0.078, -0.034), (-0.079, -0.034), (-0.08, -0.035), (-0.082, -0.035), (-0.083, -0.035), (-0.084, -0.036), (-0.085, -0.036), (-0.086, -0.036), (-0.087, -0.037), (-0.088, -0.037), (-0.089, -0.037), (-0.09, -0.038), (-0.091, -0.038), (-0.092, -0.038), (-0.093, -0.039), (-0.094, -0.039), (-0.095, -0.039), (-0.096, -0.04), (-0.097, -0.04), (-0.098, -0.04), (-0.099, -0.041), (-0.1, -0.041), (-0.102, -0.041), (-0.103, -0.042), (-0.104, -0.042), (-0.105, -0.043), (-0.106, -0.043), (-0.107, -0.043), (-0.108, -0.044), (-0.109, -0.044), (-0.11, -0.044), (-0.111, -0.045), (-0.112, -0.045), (-0.113, -0.045), (-0.114, -0.046), (-0.115, -0.046), (-0.116, -0.046), (-0.117, -0.047), (-0.119, -0.047), (-0.12, -0.047), (-0.121, -0.048), (-0.122, -0.048), (-0.123, -0.048), (-0.124, -0.049), (-0.125, -0.049), (-0.126, -0.05), (-0.127, -0.05), (-0.128, -0.05), (-0.129, -0.051), (-0.13, -0.051), (-0.131, -0.051), (-0.132, -0.052), (-0.133, -0.052), (-0.134, -0.052), (-0.135, -0.053), (-0.137, -0.053), (-0.138, -0.053), (-0.139, -0.054), (-0.14, -0.054), (-0.141, -0.055), (-0.142, -0.055), (-0.143, -0.055), (-0.144, -0.056), (-0.145, -0.056), (-0.146, -0.056), (-0.147, -0.057), (-0.148, -0.057), (-0.149, -0.057), (-0.15, -0.058), (-0.151, -0.058), (-0.152, -0.058), (-0.153, -0.059), (-0.154, -0.059), (-0.155, -0.06), (-0.156, -0.06), (-0.157, -0.06), (-0.158, -0.061), (-0.159, -0.061), (-0.16, -0.061), (-0.161, -0.062), (-0.162, -0.062), (-0.163, -0.062), (-0.164, -0.063), (-0.165, -0.063), (-0.166, -0.064), (-0.167, -0.064), (-0.168, -0.064), (-0.169, -0.065), (-0.17, -0.065), (-0.171, -0.065), (-0.172, -0.066), (-0.173, -0.066), (-0.174, -0.066), (-0.175, -0.067), (-0.176, -0.067), (-0.177, -0.068), (-0.178, -0.068), (-0.179, -0.068), (-0.18, -0.069), (-0.181, -0.069), (-0.182, -0.069), (-0.183, -0.07), (-0.184, -0.07), (-0.185, -0.071), (-0.186, -0.071), (-0.187, -0.071), (-0.188, -0.072), (-0.189, -0.072), (-0.19, -0.072), (-0.19, -0.073), (-0.191, -0.073), (-0.192, -0.073), (-0.193, -0.074), (-0.194, -0.074), (-0.195, -0.075), (-0.196, -0.075), (-0.197, -0.075), (-0.198, -0.076), (-0.199, -0.076), (-0.199, -0.076), (-0.2, -0.077), (-0.201, -0.077), (-0.202, -0.077)], path_end=[(0.336, 0.184), (0.336, 0.184), (0.336, 0.184), (0.337, 0.183), (0.337, 0.183), (0.337, 0.183), (0.337, 0.182), (0.338, 0.182), (0.338, 0.182), (0.338, 0.181), (0.338, 0.181), (0.339, 0.181), (0.339, 0.181), (0.339, 0.18), (0.339, 0.18), (0.34, 0.18), (0.34, 0.179), (0.34, 0.179), (0.34, 0.179), (0.341, 0.178), (0.341, 0.178), (0.341, 0.178), (0.341, 0.177), (0.342, 0.177), (0.342, 0.177), (0.342, 0.176), (0.342, 0.176), (0.342, 0.175), (0.343, 0.175), (0.343, 0.175), (0.343, 0.174), (0.343, 0.174), (0.344, 0.174), (0.344, 0.173), (0.344, 0.173), (0.344, 0.173), (0.344, 0.172), (0.345, 0.172), (0.345, 0.172), (0.345, 0.171), (0.345, 0.171), (0.345, 0.171), (0.346, 0.17), (0.346, 0.17), (0.346, 0.17), (0.346, 0.169), (0.346, 0.169), (0.346, 0.169), (0.347, 0.168), (0.347, 0.168), (0.347, 0.168), (0.347, 0.167), (0.347, 0.167), (0.347, 0.166), (0.348, 0.166), (0.348, 0.166), (0.348, 0.165), (0.348, 0.165), (0.348, 0.165), (0.348, 0.164), (0.348, 0.164), (0.349, 0.164), (0.349, 0.163), (0.349, 0.163), (0.349, 0.163), (0.349, 0.162), (0.349, 0.162), (0.349, 0.162), (0.349, 0.161), (0.349, 0.161), (0.35, 0.161), (0.35, 0.16), (0.35, 0.16), (0.35, 0.159), (0.35, 0.159), (0.35, 0.159), (0.35, 0.158), (0.35, 0.158), (0.35, 0.158), (0.35, 0.157), (0.35, 0.157), (0.35, 0.157), (0.351, 0.156), (0.351, 0.156), (0.351, 0.156), (0.351, 0.155), (0.351, 0.155), (0.351, 0.155), (0.351, 0.154), (0.351, 0.154), (0.351, 0.154), (0.351, 0.153), (0.351, 0.153), (0.351, 0.153), (0.351, 0.152), (0.351, 0.152), (0.351, 0.151), (0.351, 0.151), (0.351, 0.151), (0.351, 0.15), (0.351, 0.15), (0.351, 0.15), (0.351, 0.149), (0.351, 0.149), (0.351, 0.149), (0.351, 0.148), (0.351, 0.148), (0.351, 0.148), (0.351, 0.147), (0.351, 0.147), (0.351, 0.147), (0.351, 0.146), (0.351, 0.146), (0.351, 0.146), (0.351, 0.145), (0.35, 0.145), (0.35, 0.145), (0.35, 0.144), (0.35, 0.144), (0.35, 0.144), (0.35, 0.143), (0.35, 0.143), (0.35, 0.143), (0.35, 0.142), (0.35, 0.142), (0.35, 0.142), (0.349, 0.141), (0.349, 0.141), (0.349, 0.141), (0.349, 0.141), (0.349, 0.14), (0.349, 0.14), (0.349, 0.14), (0.349, 0.139), (0.348, 0.139), (0.348, 0.139), (0.348, 0.138), (0.348, 0.138), (0.348, 0.138), (0.348, 0.137), (0.347, 0.137), (0.347, 0.137), (0.347, 0.136), (0.347, 0.136), (0.347, 0.136), (0.347, 0.135), (0.346, 0.135), (0.346, 0.135), (0.346, 0.134), (0.346, 0.134), (0.346, 0.134), (0.345, 0.134), (0.345, 0.133), (0.345, 0.133), (0.345, 0.133), (0.345, 0.132), (0.344, 0.132), (0.344, 0.132), (0.344, 0.131), (0.344, 0.131), (0.343, 0.131), (0.343, 0.13), (0.343, 0.13), (0.343, 0.13), (0.342, 0.129), (0.342, 0.129), (0.342, 0.129), (0.342, 0.129), (0.341, 0.128), (0.341, 0.128), (0.341, 0.128), (0.34, 0.127), (0.34, 0.127), (0.34, 0.127), (0.34, 0.126), (0.339, 0.126), (0.339, 0.126), (0.339, 0.126), (0.338, 0.125), (0.338, 0.125), (0.338, 0.125), (0.337, 0.124), (0.337, 0.124), (0.337, 0.124), (0.336, 0.123), (0.336, 0.123), (0.336, 0.123), (0.335, 0.123), (0.335, 0.122), (0.335, 0.122), (0.334, 0.122), (0.334, 0.121), (0.334, 0.121), (0.333, 0.121), (0.333, 0.12), (0.332, 0.12), (0.332, 0.12), (0.332, 0.12), (0.331, 0.119), (0.331, 0.119), (0.331, 0.119), (0.33, 0.118), (0.33, 0.118), (0.329, 0.118), (0.329, 0.118), (0.329, 0.117), (0.328, 0.117), (0.328, 0.117), (0.327, 0.116), (0.327, 0.116), (0.326, 0.116), (0.326, 0.116), (0.326, 0.115), (0.325, 0.115), (0.325, 0.115), (0.324, 0.114), (0.324, 0.114), (0.323, 0.114), (0.323, 0.113), (0.323, 0.113), (0.322, 0.113), (0.322, 0.113), (0.321, 0.112), (0.321, 0.112), (0.32, 0.112), (0.32, 0.111), (0.319, 0.111), (0.319, 0.111), (0.318, 0.111), (0.318, 0.11), (0.317, 0.11), (0.317, 0.11), (0.317, 0.109), (0.316, 0.109), (0.316, 0.109), (0.315, 0.109), (0.315, 0.108), (0.314, 0.108), (0.314, 0.108), (0.313, 0.107), (0.313, 0.107), (0.312, 0.107), (0.312, 0.107), (0.311, 0.106), (0.311, 0.106), (0.31, 0.106), (0.31, 0.105), (0.309, 0.105), (0.308, 0.105), (0.308, 0.105), (0.307, 0.104), (0.307, 0.104), (0.306, 0.104), (0.306, 0.103), (0.305, 0.103), (0.305, 0.103), (0.304, 0.103), (0.304, 0.102), (0.303, 0.102), (0.303, 0.102), (0.302, 0.101), (0.302, 0.101), (0.301, 0.101), (0.3, 0.101), (0.3, 0.1), (0.299, 0.1), (0.299, 0.1), (0.298, 0.099), (0.298, 0.099), (0.297, 0.099), (0.297, 0.099), (0.296, 0.098), (0.295, 0.098), (0.295, 0.098), (0.294, 0.097), (0.294, 0.097), (0.293, 0.097), (0.293, 0.097), (0.292, 0.096), (0.291, 0.096), (0.291, 0.096), (0.29, 0.095), (0.29, 0.095), (0.289, 0.095), (0.289, 0.095), (0.288, 0.094), (0.287, 0.094), (0.287, 0.094), (0.286, 0.093), (0.286, 0.093), (0.285, 0.093), (0.285, 0.093), (0.284, 0.092), (0.283, 0.092), (0.283, 0.092), (0.282, 0.091), (0.282, 0.091), (0.281, 0.091), (0.28, 0.091), (0.28, 0.09), (0.279, 0.09), (0.279, 0.09), (0.278, 0.09), (0.277, 0.089), (0.277, 0.089), (0.276, 0.089), (0.276, 0.088), (0.275, 0.088), (0.274, 0.088), (0.274, 0.088), (0.273, 0.087), (0.273, 0.087), (0.272, 0.087), (0.271, 0.086), (0.271, 0.086), (0.27, 0.086), (0.269, 0.086), (0.269, 0.085), (0.268, 0.085), (0.268, 0.085), (0.267, 0.084), (0.266, 0.084), (0.266, 0.084), (0.265, 0.084), (0.265, 0.083), (0.264, 0.083), (0.263, 0.083), (0.263, 0.083), (0.262, 0.082), (0.262, 0.082), (0.261, 0.082), (0.26, 0.081), (0.26, 0.081), (0.259, 0.081), (0.258, 0.081), (0.258, 0.08), (0.257, 0.08), (0.257, 0.08), (0.256, 0.079), (0.255, 0.079), (0.255, 0.079), (0.254, 0.079), (0.253, 0.078), (0.253, 0.078), (0.252, 0.078), (0.252, 0.078), (0.251, 0.077), (0.25, 0.077), (0.25, 0.077), (0.249, 0.076), (0.248, 0.076), (0.248, 0.076), (0.247, 0.076), (0.247, 0.075), (0.246, 0.075), (0.245, 0.075), (0.245, 0.075), (0.244, 0.074), (0.244, 0.074), (0.243, 0.074), (0.242, 0.074), (0.242, 0.073), (0.241, 0.073), (0.24, 0.073), (0.24, 0.072), (0.239, 0.072), (0.239, 0.072), (0.238, 0.072), (0.237, 0.071), (0.237, 0.071), (0.236, 0.071), (0.235, 0.071), (0.235, 0.07), (0.234, 0.07), (0.234, 0.07), (0.233, 0.07), (0.232, 0.069), (0.232, 0.069), (0.231, 0.069), (0.231, 0.069), (0.23, 0.068), (0.229, 0.068), (0.229, 0.068), (0.228, 0.068), (0.227, 0.067), (0.227, 0.067), (0.226, 0.067), (0.226, 0.067), (0.225, 0.066), (0.224, 0.066), (0.224, 0.066), (0.223, 0.066), (0.223, 0.065), (0.222, 0.065), (0.221, 0.065), (0.221, 0.065), (0.22, 0.064), (0.219, 0.064), (0.219, 0.064), (0.218, 0.064), (0.218, 0.063), (0.217, 0.063), (0.216, 0.063), (0.216, 0.063), (0.215, 0.062), (0.215, 0.062), (0.214, 0.062), (0.213, 0.062), (0.213, 0.061), (0.212, 0.061), (0.212, 0.061), (0.211, 0.061), (0.21, 0.06), (0.21, 0.06), (0.209, 0.06), (0.209, 0.06), (0.208, 0.059), (0.207, 0.059), (0.207, 0.059), (0.206, 0.059), (0.206, 0.059), (0.205, 0.058), (0.204, 0.058), (0.204, 0.058), (0.203, 0.058), (0.203, 0.057), (0.202, 0.057), (0.201, 0.057), (0.201, 0.057), (0.2, 0.056), (0.2, 0.056), (0.199, 0.056), (0.199, 0.056), (0.198, 0.056), (0.197, 0.055), (0.197, 0.055), (0.196, 0.055), (0.196, 0.055), (0.195, 0.054), (0.194, 0.054), (0.194, 0.054), (0.193, 0.054), (0.193, 0.054), (0.192, 0.053), (0.192, 0.053), (0.191, 0.053), (0.19, 0.053), (0.19, 0.053), (0.189, 0.052), (0.189, 0.052), (0.188, 0.052), (0.188, 0.052), (0.187, 0.052), (0.186, 0.051), (0.186, 0.051), (0.185, 0.051), (0.185, 0.051), (0.184, 0.05), (0.184, 0.05), (0.183, 0.05), (0.183, 0.05), (0.182, 0.05), (0.181, 0.049), (0.181, 0.049), (0.18, 0.049), (0.18, 0.049), (0.179, 0.049), (0.179, 0.049), (0.178, 0.048), (0.178, 0.048), (0.177, 0.048), (0.176, 0.048), (0.176, 0.048), (0.175, 0.047), (0.175, 0.047), (0.174, 0.047), (0.174, 0.047), (0.173, 0.047), (0.173, 0.046), (0.172, 0.046), (0.172, 0.046), (0.171, 0.046), (0.17, 0.046), (0.17, 0.045), (0.169, 0.045), (0.169, 0.045), (0.168, 0.045), (0.168, 0.045), (0.167, 0.045), (0.167, 0.044), (0.166, 0.044), (0.166, 0.044), (0.165, 0.044), (0.165, 0.044), (0.164, 0.043), (0.164, 0.043), (0.163, 0.043), (0.162, 0.043), (0.162, 0.043), (0.161, 0.043)], total_steps=3141
  285th iteration: path_start=[(0.011, -0.172), (0.011, -0.172), (0.011, -0.172), (0.011, -0.172), (0.011, -0.171), (0.012, -0.171), (0.012, -0.17), (0.012, -0.17), (0.013, -0.169), (0.013, -0.169), (0.014, -0.168), (0.014, -0.167), (0.015, -0.167), (0.015, -0.166), (0.016, -0.165), (0.017, -0.164), (0.017, -0.163), (0.018, -0.162), (0.019, -0.162), (0.02, -0.161), (0.02, -0.16), (0.021, -0.159), (0.022, -0.158), (0.023, -0.157), (0.024, -0.156), (0.025, -0.155), (0.025, -0.154), (0.026, -0.153), (0.027, -0.152), (0.028, -0.151), (0.029, -0.15), (0.03, -0.149), (0.031, -0.148), (0.032, -0.147), (0.033, -0.146), (0.034, -0.145), (0.035, -0.144), (0.036, -0.143), (0.037, -0.142), (0.038, -0.141), (0.039, -0.14), (0.04, -0.139), (0.042, -0.138), (0.043, -0.137), (0.044, -0.136), (0.045, -0.135), (0.046, -0.135), (0.047, -0.134), (0.048, -0.133), (0.049, -0.132), (0.05, -0.131), (0.051, -0.13), (0.053, -0.13), (0.054, -0.129), (0.055, -0.128), (0.056, -0.127), (0.057, -0.127), (0.058, -0.126), (0.059, -0.125), (0.06, -0.125), (0.062, -0.124), (0.063, -0.123), (0.064, -0.123), (0.065, -0.122), (0.066, -0.121), (0.067, -0.121), (0.068, -0.12), (0.069, -0.12), (0.071, -0.119), (0.072, -0.119), (0.073, -0.118), (0.074, -0.118), (0.075, -0.117), (0.076, -0.117), (0.077, -0.116), (0.078, -0.116), (0.08, -0.115), (0.081, -0.115), (0.082, -0.115), (0.083, -0.114), (0.084, -0.114), (0.085, -0.114), (0.086, -0.113), (0.087, -0.113), (0.088, -0.113), (0.09, -0.113), (0.091, -0.112), (0.092, -0.112), (0.093, -0.112), (0.094, -0.112), (0.095, -0.112), (0.096, -0.111), (0.097, -0.111), (0.098, -0.111), (0.099, -0.111), (0.1, -0.111), (0.102, -0.111), (0.103, -0.111), (0.104, -0.111), (0.105, -0.111), (0.106, -0.111), (0.107, -0.111), (0.108, -0.111), (0.109, -0.111), (0.11, -0.111), (0.111, -0.111), (0.112, -0.111), (0.113, -0.111), (0.114, -0.111), (0.115, -0.111), (0.116, -0.111), (0.117, -0.111), (0.118, -0.111), (0.119, -0.111), (0.12, -0.112), (0.121, -0.112), (0.122, -0.112), (0.123, -0.112), (0.124, -0.112), (0.125, -0.112), (0.126, -0.113), (0.127, -0.113), (0.128, -0.113), (0.129, -0.113), (0.13, -0.114), (0.131, -0.114), (0.132, -0.114), (0.133, -0.114), (0.134, -0.115), (0.135, -0.115), (0.136, -0.115), (0.137, -0.115), (0.138, -0.116), (0.139, -0.116), (0.14, -0.116), (0.141, -0.117), (0.142, -0.117), (0.142, -0.117), (0.143, -0.118), (0.144, -0.118), (0.145, -0.118), (0.146, -0.119), (0.147, -0.119), (0.148, -0.12), (0.149, -0.12), (0.15, -0.12), (0.151, -0.121), (0.152, -0.121), (0.153, -0.122), (0.153, -0.122), (0.154, -0.122), (0.155, -0.123), (0.156, -0.123), (0.157, -0.124), (0.158, -0.124), (0.159, -0.125), (0.16, -0.125), (0.161, -0.126), (0.161, -0.126), (0.162, -0.127), (0.163, -0.127), (0.164, -0.128), (0.165, -0.128), (0.166, -0.128), (0.167, -0.129), (0.167, -0.129), (0.168, -0.13), (0.169, -0.13), (0.17, -0.131), (0.171, -0.132), (0.172, -0.132), (0.172, -0.133), (0.173, -0.133), (0.174, -0.134), (0.175, -0.134), (0.176, -0.135), (0.177, -0.135), (0.177, -0.136), (0.178, -0.136), (0.179, -0.137), (0.18, -0.137), (0.181, -0.138), (0.181, -0.138), (0.182, -0.139), (0.183, -0.14), (0.184, -0.14), (0.185, -0.141), (0.185, -0.141), (0.186, -0.142), (0.187, -0.142), (0.188, -0.143), (0.189, -0.143), (0.189, -0.144), (0.19, -0.145), (0.191, -0.145), (0.192, -0.146), (0.192, -0.146), (0.193, -0.147), (0.194, -0.147), (0.195, -0.148), (0.195, -0.149), (0.196, -0.149), (0.197, -0.15), (0.198, -0.15), (0.198, -0.151), (0.199, -0.152), (0.2, -0.152), (0.201, -0.153), (0.201, -0.153), (0.202, -0.154), (0.203, -0.154), (0.204, -0.155), (0.204, -0.156), (0.205, -0.156), (0.206, -0.157), (0.207, -0.157), (0.207, -0.158), (0.208, -0.159), (0.209, -0.159), (0.209, -0.16), (0.21, -0.16), (0.211, -0.161), (0.212, -0.162), (0.212, -0.162), (0.213, -0.163), (0.214, -0.163), (0.214, -0.164), (0.215, -0.164), (0.216, -0.165), (0.216, -0.166), (0.217, -0.166), (0.218, -0.167), (0.218, -0.167), (0.219, -0.168), (0.22, -0.169), (0.221, -0.169), (0.221, -0.17), (0.222, -0.17), (0.223, -0.171), (0.223, -0.172), (0.224, -0.172), (0.225, -0.173), (0.225, -0.173), (0.226, -0.174), (0.227, -0.174), (0.227, -0.175), (0.228, -0.176), (0.229, -0.176), (0.229, -0.177), (0.23, -0.177), (0.23, -0.178), (0.231, -0.179), (0.232, -0.179), (0.232, -0.18), (0.233, -0.18), (0.234, -0.181), (0.234, -0.181), (0.235, -0.182), (0.236, -0.183), (0.236, -0.183), (0.237, -0.184), (0.237, -0.184), (0.238, -0.185), (0.239, -0.185), (0.239, -0.186), (0.24, -0.187), (0.241, -0.187), (0.241, -0.188), (0.242, -0.188), (0.242, -0.189), (0.243, -0.189), (0.244, -0.19), (0.244, -0.191), (0.245, -0.191), (0.245, -0.192), (0.246, -0.192), (0.247, -0.193), (0.247, -0.193), (0.248, -0.194), (0.248, -0.194), (0.249, -0.195), (0.25, -0.196), (0.25, -0.196), (0.251, -0.197), (0.251, -0.197), (0.252, -0.198), (0.252, -0.198), (0.253, -0.199), (0.254, -0.199), (0.254, -0.2), (0.255, -0.2), (0.255, -0.201), (0.256, -0.201), (0.256, -0.202), (0.257, -0.203), (0.258, -0.203), (0.258, -0.204), (0.259, -0.204), (0.259, -0.205), (0.26, -0.205), (0.26, -0.206), (0.261, -0.206), (0.261, -0.207), (0.262, -0.207), (0.262, -0.208), (0.263, -0.208), (0.264, -0.209), (0.264, -0.209), (0.265, -0.21), (0.265, -0.21), (0.266, -0.211), (0.266, -0.211), (0.267, -0.212), (0.267, -0.212), (0.268, -0.213), (0.268, -0.213), (0.269, -0.214), (0.269, -0.214), (0.27, -0.215), (0.27, -0.215), (0.271, -0.216), (0.271, -0.216), (0.272, -0.217), (0.272, -0.217), (0.273, -0.218), (0.273, -0.218), (0.274, -0.219), (0.274, -0.219), (0.275, -0.22), (0.275, -0.22), (0.276, -0.221), (0.276, -0.221), (0.277, -0.222), (0.277, -0.222), (0.278, -0.223), (0.278, -0.223), (0.279, -0.224), (0.279, -0.224), (0.28, -0.225), (0.28, -0.225), (0.281, -0.225), (0.281, -0.226), (0.282, -0.226), (0.282, -0.227), (0.282, -0.227), (0.283, -0.228), (0.283, -0.228), (0.284, -0.229), (0.284, -0.229), (0.285, -0.23), (0.285, -0.23), (0.286, -0.23), (0.286, -0.231), (0.287, -0.231), (0.287, -0.232), (0.287, -0.232), (0.288, -0.233), (0.288, -0.233), (0.289, -0.233), (0.289, -0.234), (0.29, -0.234), (0.29, -0.235), (0.291, -0.235), (0.291, -0.236), (0.291, -0.236), (0.292, -0.236), (0.292, -0.237), (0.293, -0.237), (0.293, -0.238), (0.294, -0.238), (0.294, -0.239), (0.294, -0.239), (0.295, -0.239), (0.295, -0.24), (0.296, -0.24), (0.296, -0.241), (0.296, -0.241), (0.297, -0.241), (0.297, -0.242), (0.298, -0.242), (0.298, -0.243), (0.298, -0.243), (0.299, -0.243), (0.299, -0.244), (0.3, -0.244), (0.3, -0.245), (0.3, -0.245), (0.301, -0.245), (0.301, -0.246), (0.302, -0.246), (0.302, -0.246), (0.302, -0.247), (0.303, -0.247), (0.303, -0.248), (0.303, -0.248), (0.304, -0.248), (0.304, -0.249), (0.305, -0.249), (0.305, -0.249), (0.305, -0.25), (0.306, -0.25), (0.306, -0.25), (0.306, -0.251), (0.307, -0.251), (0.307, -0.252), (0.307, -0.252), (0.308, -0.252), (0.308, -0.253), (0.308, -0.253), (0.309, -0.253), (0.309, -0.254), (0.31, -0.254), (0.31, -0.254), (0.31, -0.255), (0.311, -0.255), (0.311, -0.255), (0.311, -0.256), (0.312, -0.256), (0.312, -0.256), (0.312, -0.257), (0.313, -0.257), (0.313, -0.257), (0.313, -0.258), (0.314, -0.258), (0.314, -0.258), (0.314, -0.259), (0.314, -0.259), (0.315, -0.259), (0.315, -0.26), (0.315, -0.26), (0.316, -0.26), (0.316, -0.26), (0.316, -0.261), (0.317, -0.261), (0.317, -0.261), (0.317, -0.262), (0.318, -0.262), (0.318, -0.262), (0.318, -0.263), (0.318, -0.263), (0.319, -0.263), (0.319, -0.263), (0.319, -0.264), (0.32, -0.264), (0.32, -0.264), (0.32, -0.265), (0.32, -0.265), (0.321, -0.265), (0.321, -0.265), (0.321, -0.266), (0.322, -0.266), (0.322, -0.266), (0.322, -0.267), (0.322, -0.267), (0.323, -0.267), (0.323, -0.267), (0.323, -0.268), (0.323, -0.268), (0.324, -0.268), (0.324, -0.268), (0.324, -0.269), (0.325, -0.269), (0.325, -0.269), (0.325, -0.269), (0.325, -0.27), (0.326, -0.27), (0.326, -0.27), (0.326, -0.27), (0.326, -0.271), (0.327, -0.271), (0.327, -0.271), (0.327, -0.271), (0.327, -0.272), (0.328, -0.272), (0.328, -0.272), (0.328, -0.272), (0.328, -0.273), (0.328, -0.273), (0.329, -0.273), (0.329, -0.273), (0.329, -0.273), (0.329, -0.274), (0.33, -0.274), (0.33, -0.274), (0.33, -0.274), (0.33, -0.275), (0.33, -0.275), (0.331, -0.275), (0.331, -0.275), (0.331, -0.275), (0.331, -0.276), (0.332, -0.276), (0.332, -0.276), (0.332, -0.276), (0.332, -0.276), (0.332, -0.277), (0.333, -0.277), (0.333, -0.277), (0.333, -0.277), (0.333, -0.277)], path_end=[(-0.415, 0.471), (-0.415, 0.471), (-0.416, 0.471), (-0.416, 0.472), (-0.416, 0.472), (-0.417, 0.473), (-0.417, 0.473), (-0.418, 0.473), (-0.418, 0.474), (-0.418, 0.474), (-0.419, 0.474), (-0.419, 0.475), (-0.42, 0.475), (-0.42, 0.476), (-0.42, 0.476), (-0.421, 0.476), (-0.421, 0.477), (-0.421, 0.477), (-0.422, 0.477), (-0.422, 0.478), (-0.422, 0.478), (-0.423, 0.478), (-0.423, 0.479), (-0.423, 0.479), (-0.424, 0.479), (-0.424, 0.48), (-0.424, 0.48), (-0.424, 0.48), (-0.425, 0.48), (-0.425, 0.481), (-0.425, 0.481), (-0.426, 0.481), (-0.426, 0.482), (-0.426, 0.482), (-0.426, 0.482), (-0.427, 0.482), (-0.427, 0.482), (-0.427, 0.483), (-0.427, 0.483), (-0.427, 0.483), (-0.428, 0.483), (-0.428, 0.484), (-0.428, 0.484), (-0.428, 0.484), (-0.428, 0.484), (-0.429, 0.484), (-0.429, 0.484), (-0.429, 0.485), (-0.429, 0.485), (-0.429, 0.485), (-0.429, 0.485), (-0.429, 0.485), (-0.43, 0.485), (-0.43, 0.485), (-0.43, 0.485), (-0.43, 0.486), (-0.43, 0.486), (-0.43, 0.486), (-0.43, 0.486), (-0.43, 0.486), (-0.43, 0.486), (-0.43, 0.486), (-0.43, 0.486), (-0.43, 0.486), (-0.43, 0.486), (-0.43, 0.486), (-0.43, 0.486), (-0.43, 0.486), (-0.43, 0.486), (-0.43, 0.486), (-0.43, 0.486), (-0.43, 0.486), (-0.43, 0.486), (-0.43, 0.486), (-0.43, 0.486), (-0.43, 0.486), (-0.43, 0.485), (-0.43, 0.485), (-0.43, 0.485), (-0.429, 0.485), (-0.429, 0.485), (-0.429, 0.485), (-0.429, 0.485), (-0.429, 0.484), (-0.429, 0.484), (-0.428, 0.484), (-0.428, 0.484), (-0.428, 0.484), (-0.428, 0.484), (-0.428, 0.483), (-0.427, 0.483), (-0.427, 0.483), (-0.427, 0.483), (-0.427, 0.482), (-0.426, 0.482), (-0.426, 0.482), (-0.426, 0.482), (-0.426, 0.481), (-0.425, 0.481), (-0.425, 0.481), (-0.425, 0.48), (-0.424, 0.48), (-0.424, 0.48), (-0.424, 0.479), (-0.423, 0.479), (-0.423, 0.478), (-0.422, 0.478), (-0.422, 0.478), (-0.422, 0.477), (-0.421, 0.477), (-0.421, 0.476), (-0.42, 0.476), (-0.42, 0.476), (-0.419, 0.475), (-0.419, 0.475), (-0.419, 0.474), (-0.418, 0.474), (-0.418, 0.473), (-0.417, 0.473), (-0.417, 0.472), (-0.416, 0.472), (-0.416, 0.471), (-0.415, 0.471), (-0.414, 0.47), (-0.414, 0.47), (-0.413, 0.469), (-0.413, 0.468), (-0.412, 0.468), (-0.412, 0.467), (-0.411, 0.467), (-0.41, 0.466), (-0.41, 0.465), (-0.409, 0.465), (-0.409, 0.464), (-0.408, 0.464), (-0.407, 0.463), (-0.407, 0.462), (-0.406, 0.462), (-0.405, 0.461), (-0.405, 0.46), (-0.404, 0.46), (-0.403, 0.459), (-0.402, 0.458), (-0.402, 0.457), (-0.401, 0.457), (-0.4, 0.456), (-0.4, 0.455), (-0.399, 0.454), (-0.398, 0.454), (-0.397, 0.453), (-0.397, 0.452), (-0.396, 0.451), (-0.395, 0.451), (-0.394, 0.45), (-0.393, 0.449), (-0.393, 0.448), (-0.392, 0.447), (-0.391, 0.447), (-0.39, 0.446), (-0.389, 0.445), (-0.388, 0.444), (-0.388, 0.443), (-0.387, 0.442), (-0.386, 0.441), (-0.385, 0.441), (-0.384, 0.44), (-0.383, 0.439), (-0.382, 0.438), (-0.381, 0.437), (-0.38, 0.436), (-0.38, 0.435), (-0.379, 0.434), (-0.378, 0.433), (-0.377, 0.432), (-0.376, 0.432), (-0.375, 0.431), (-0.374, 0.43), (-0.373, 0.429), (-0.372, 0.428), (-0.371, 0.427), (-0.37, 0.426), (-0.369, 0.425), (-0.368, 0.424), (-0.367, 0.423), (-0.366, 0.422), (-0.365, 0.421), (-0.364, 0.42), (-0.363, 0.419), (-0.362, 0.418), (-0.361, 0.417), (-0.36, 0.416), (-0.359, 0.415), (-0.358, 0.414), (-0.357, 0.413), (-0.356, 0.412), (-0.355, 0.41), (-0.354, 0.409), (-0.353, 0.408), (-0.352, 0.407), (-0.351, 0.406), (-0.349, 0.405), (-0.348, 0.404), (-0.347, 0.403), (-0.346, 0.402), (-0.345, 0.401), (-0.344, 0.4), (-0.343, 0.399), (-0.342, 0.397), (-0.341, 0.396), (-0.34, 0.395), (-0.338, 0.394), (-0.337, 0.393), (-0.336, 0.392), (-0.335, 0.391), (-0.334, 0.39), (-0.333, 0.388), (-0.332, 0.387), (-0.33, 0.386), (-0.329, 0.385), (-0.328, 0.384), (-0.327, 0.383), (-0.326, 0.381), (-0.325, 0.38), (-0.323, 0.379), (-0.322, 0.378), (-0.321, 0.377), (-0.32, 0.376), (-0.319, 0.374), (-0.318, 0.373), (-0.316, 0.372), (-0.315, 0.371), (-0.314, 0.37), (-0.313, 0.368), (-0.312, 0.367), (-0.31, 0.366), (-0.309, 0.365), (-0.308, 0.364), (-0.307, 0.362), (-0.306, 0.361), (-0.304, 0.36), (-0.303, 0.359), (-0.302, 0.358), (-0.301, 0.356), (-0.299, 0.355), (-0.298, 0.354), (-0.297, 0.353), (-0.296, 0.351), (-0.295, 0.35), (-0.293, 0.349), (-0.292, 0.348), (-0.291, 0.347), (-0.29, 0.345), (-0.288, 0.344), (-0.287, 0.343), (-0.286, 0.342), (-0.285, 0.34), (-0.283, 0.339), (-0.282, 0.338), (-0.281, 0.337), (-0.28, 0.335), (-0.278, 0.334), (-0.277, 0.333), (-0.276, 0.332), (-0.275, 0.33), (-0.273, 0.329), (-0.272, 0.328), (-0.271, 0.327), (-0.27, 0.325), (-0.268, 0.324), (-0.267, 0.323), (-0.266, 0.321), (-0.265, 0.32), (-0.263, 0.319), (-0.262, 0.318), (-0.261, 0.316), (-0.259, 0.315), (-0.258, 0.314), (-0.257, 0.313), (-0.256, 0.311), (-0.254, 0.31), (-0.253, 0.309), (-0.252, 0.307), (-0.251, 0.306), (-0.249, 0.305), (-0.248, 0.304), (-0.247, 0.302), (-0.245, 0.301), (-0.244, 0.3), (-0.243, 0.299), (-0.242, 0.297), (-0.24, 0.296), (-0.239, 0.295), (-0.238, 0.293), (-0.236, 0.292), (-0.235, 0.291), (-0.234, 0.29), (-0.233, 0.288), (-0.231, 0.287), (-0.23, 0.286), (-0.229, 0.284), (-0.227, 0.283), (-0.226, 0.282), (-0.225, 0.281), (-0.224, 0.279), (-0.222, 0.278), (-0.221, 0.277), (-0.22, 0.275), (-0.219, 0.274), (-0.217, 0.273), (-0.216, 0.272), (-0.215, 0.27), (-0.213, 0.269), (-0.212, 0.268), (-0.211, 0.266), (-0.21, 0.265), (-0.208, 0.264), (-0.207, 0.263), (-0.206, 0.261), (-0.204, 0.26), (-0.203, 0.259), (-0.202, 0.257), (-0.201, 0.256), (-0.199, 0.255), (-0.198, 0.254), (-0.197, 0.252), (-0.195, 0.251), (-0.194, 0.25), (-0.193, 0.249), (-0.192, 0.247), (-0.19, 0.246), (-0.189, 0.245), (-0.188, 0.243), (-0.186, 0.242), (-0.185, 0.241), (-0.184, 0.24), (-0.183, 0.238), (-0.181, 0.237), (-0.18, 0.236), (-0.179, 0.234), (-0.178, 0.233), (-0.176, 0.232), (-0.175, 0.231), (-0.174, 0.229), (-0.172, 0.228), (-0.171, 0.227), (-0.17, 0.226), (-0.169, 0.224), (-0.167, 0.223), (-0.166, 0.222), (-0.165, 0.22), (-0.164, 0.219), (-0.162, 0.218), (-0.161, 0.217), (-0.16, 0.215), (-0.158, 0.214), (-0.157, 0.213), (-0.156, 0.212), (-0.155, 0.21), (-0.153, 0.209), (-0.152, 0.208), (-0.151, 0.207), (-0.15, 0.205), (-0.148, 0.204), (-0.147, 0.203), (-0.146, 0.202), (-0.145, 0.2), (-0.143, 0.199), (-0.142, 0.198), (-0.141, 0.197), (-0.14, 0.195), (-0.138, 0.194), (-0.137, 0.193), (-0.136, 0.191), (-0.135, 0.19), (-0.133, 0.189), (-0.132, 0.188), (-0.131, 0.187), (-0.13, 0.185), (-0.128, 0.184), (-0.127, 0.183), (-0.126, 0.182), (-0.125, 0.18), (-0.123, 0.179), (-0.122, 0.178), (-0.121, 0.177), (-0.12, 0.175), (-0.118, 0.174), (-0.117, 0.173), (-0.116, 0.172), (-0.115, 0.17), (-0.113, 0.169), (-0.112, 0.168), (-0.111, 0.167), (-0.11, 0.165), (-0.109, 0.164), (-0.107, 0.163), (-0.106, 0.162), (-0.105, 0.161), (-0.104, 0.159), (-0.102, 0.158), (-0.101, 0.157), (-0.1, 0.156), (-0.099, 0.154), (-0.098, 0.153), (-0.096, 0.152), (-0.095, 0.151), (-0.094, 0.15), (-0.093, 0.148), (-0.092, 0.147), (-0.09, 0.146), (-0.089, 0.145), (-0.088, 0.144), (-0.087, 0.142), (-0.085, 0.141), (-0.084, 0.14), (-0.083, 0.139), (-0.082, 0.138), (-0.081, 0.136), (-0.079, 0.135), (-0.078, 0.134), (-0.077, 0.133), (-0.076, 0.132), (-0.075, 0.13), (-0.073, 0.129), (-0.072, 0.128), (-0.071, 0.127), (-0.07, 0.126), (-0.069, 0.124), (-0.068, 0.123), (-0.066, 0.122), (-0.065, 0.121), (-0.064, 0.12), (-0.063, 0.118), (-0.062, 0.117), (-0.06, 0.116), (-0.059, 0.115), (-0.058, 0.114), (-0.057, 0.113), (-0.056, 0.111), (-0.055, 0.11), (-0.053, 0.109), (-0.052, 0.108), (-0.051, 0.107), (-0.05, 0.106), (-0.049, 0.104), (-0.048, 0.103), (-0.046, 0.102), (-0.045, 0.101), (-0.044, 0.1), (-0.043, 0.099), (-0.042, 0.097), (-0.041, 0.096), (-0.039, 0.095), (-0.038, 0.094), (-0.037, 0.093), (-0.036, 0.092), (-0.035, 0.09), (-0.034, 0.089), (-0.033, 0.088), (-0.031, 0.087), (-0.03, 0.086), (-0.029, 0.085), (-0.028, 0.084), (-0.027, 0.082), (-0.026, 0.081), (-0.025, 0.08), (-0.023, 0.079), (-0.022, 0.078), (-0.021, 0.077), (-0.02, 0.076), (-0.019, 0.075), (-0.018, 0.073), (-0.017, 0.072), (-0.015, 0.071), (-0.014, 0.07), (-0.013, 0.069), (-0.012, 0.068), (-0.011, 0.067), (-0.01, 0.066), (-0.009, 0.064), (-0.008, 0.063), (-0.007, 0.062), (-0.005, 0.061), (-0.004, 0.06), (-0.003, 0.059), (-0.002, 0.058), (-0.001, 0.057), (0.0, 0.056), (0.001, 0.054), (0.002, 0.053), (0.003, 0.052), (0.005, 0.051), (0.006, 0.05), (0.007, 0.049), (0.008, 0.048), (0.009, 0.047), (0.01, 0.046), (0.011, 0.045), (0.012, 0.043), (0.013, 0.042)], total_steps=3141
  287th iteration: path_start=[(0.011, -0.173), (0.01, -0.174), (0.01, -0.175), (0.01, -0.176), (0.01, -0.178), (0.01, -0.18), (0.01, -0.183), (0.009, -0.186), (0.009, -0.189), (0.009, -0.192), (0.009, -0.196), (0.008, -0.2), (0.008, -0.204), (0.008, -0.208), (0.007, -0.212), (0.007, -0.217), (0.007, -0.222), (0.006, -0.226), (0.006, -0.231), (0.006, -0.237), (0.005, -0.242), (0.005, -0.247), (0.004, -0.253), (0.004, -0.259), (0.004, -0.264), (0.003, -0.27), (0.003, -0.276), (0.003, -0.282), (0.002, -0.288), (0.002, -0.294), (0.001, -0.301), (0.001, -0.307), (0.001, -0.313), (0.0, -0.319), (-0.0, -0.326), (-0.001, -0.332), (-0.001, -0.338), (-0.001, -0.345), (-0.002, -0.351), (-0.002, -0.358), (-0.002, -0.364), (-0.003, -0.37), (-0.003, -0.377), (-0.003, -0.383), (-0.004, -0.39), (-0.004, -0.396), (-0.004, -0.403), (-0.005, -0.409), (-0.005, -0.415), (-0.005, -0.422), (-0.006, -0.428), (-0.006, -0.434), (-0.006, -0.44), (-0.006, -0.447), (-0.007, -0.453), (-0.007, -0.459), (-0.007, -0.465), (-0.007, -0.471), (-0.007, -0.477), (-0.008, -0.483), (-0.008, -0.489), (-0.008, -0.495), (-0.008, -0.501), (-0.008, -0.507), (-0.009, -0.513), (-0.009, -0.518), (-0.009, -0.524), (-0.009, -0.53), (-0.009, -0.535), (-0.009, -0.541), (-0.009, -0.547), (-0.009, -0.552), (-0.009, -0.558), (-0.01, -0.563), (-0.01, -0.568), (-0.01, -0.574), (-0.01, -0.579), (-0.01, -0.584), (-0.01, -0.589), (-0.01, -0.594), (-0.01, -0.599), (-0.01, -0.604), (-0.01, -0.609), (-0.01, -0.614), (-0.01, -0.619), (-0.01, -0.624), (-0.01, -0.628), (-0.01, -0.633), (-0.01, -0.638), (-0.01, -0.642), (-0.01, -0.647), (-0.009, -0.652), (-0.009, -0.656), (-0.009, -0.66), (-0.009, -0.665), (-0.009, -0.669), (-0.009, -0.673), (-0.009, -0.678), (-0.009, -0.682), (-0.009, -0.686), (-0.008, -0.69), (-0.008, -0.694), (-0.008, -0.698), (-0.008, -0.702), (-0.008, -0.706), (-0.008, -0.71), (-0.007, -0.714), (-0.007, -0.717), (-0.007, -0.721), (-0.007, -0.725), (-0.007, -0.729), (-0.006, -0.732), (-0.006, -0.736), (-0.006, -0.739), (-0.006, -0.743), (-0.006, -0.746), (-0.005, -0.75), (-0.005, -0.753), (-0.005, -0.756), (-0.005, -0.76), (-0.004, -0.763), (-0.004, -0.766), (-0.004, -0.77), (-0.004, -0.773), (-0.003, -0.776), (-0.003, -0.779), (-0.003, -0.782), (-0.002, -0.785), (-0.002, -0.788), (-0.002, -0.791), (-0.001, -0.794), (-0.001, -0.797), (-0.001, -0.8), (-0.0, -0.803), (-0.0, -0.805), (0.0, -0.808), (0.001, -0.811), (0.001, -0.814), (0.001, -0.816), (0.002, -0.819), (0.002, -0.822), (0.002, -0.824), (0.003, -0.827), (0.003, -0.83), (0.003, -0.832), (0.004, -0.835), (0.004, -0.837), (0.004, -0.84), (0.005, -0.842), (0.005, -0.844), (0.006, -0.847), (0.006, -0.849), (0.006, -0.852), (0.007, -0.854), (0.007, -0.856), (0.008, -0.859), (0.008, -0.861), (0.008, -0.863), (0.009, -0.865), (0.009, -0.868), (0.01, -0.87), (0.01, -0.872), (0.01, -0.874), (0.011, -0.876), (0.011, -0.878), (0.012, -0.88), (0.012, -0.882), (0.013, -0.884), (0.013, -0.887), (0.013, -0.889), (0.014, -0.891), (0.014, -0.893), (0.015, -0.895), (0.015, -0.896), (0.016, -0.898), (0.016, -0.9), (0.017, -0.902), (0.017, -0.904), (0.018, -0.906), (0.018, -0.908), (0.018, -0.91), (0.019, -0.912), (0.019, -0.913), (0.02, -0.915), (0.02, -0.917), (0.021, -0.919), (0.021, -0.921), (0.022, -0.922), (0.022, -0.924), (0.023, -0.926), (0.023, -0.928), (0.024, -0.929), (0.024, -0.931), (0.024, -0.933), (0.025, -0.934), (0.025, -0.936), (0.026, -0.938), (0.026, -0.939), (0.027, -0.941), (0.027, -0.943), (0.028, -0.944), (0.028, -0.946), (0.029, -0.948), (0.029, -0.949), (0.03, -0.951), (0.03, -0.952), (0.031, -0.954), (0.031, -0.956), (0.032, -0.957), (0.032, -0.959), (0.033, -0.96), (0.033, -0.962), (0.034, -0.963), (0.034, -0.965), (0.035, -0.966), (0.035, -0.968), (0.036, -0.969), (0.036, -0.971), (0.037, -0.972), (0.037, -0.974), (0.038, -0.975), (0.038, -0.977), (0.039, -0.978), (0.039, -0.98), (0.04, -0.981), (0.04, -0.983), (0.041, -0.984), (0.041, -0.985), (0.042, -0.987), (0.042, -0.988), (0.043, -0.99), (0.043, -0.991), (0.044, -0.992), (0.044, -0.994), (0.045, -0.995), (0.045, -0.997), (0.046, -0.998), (0.046, -0.999), (0.047, -1.001), (0.047, -1.002), (0.048, -1.004), (0.048, -1.005), (0.049, -1.006), (0.049, -1.008), (0.05, -1.009), (0.05, -1.01), (0.051, -1.012), (0.051, -1.013), (0.052, -1.014), (0.052, -1.016), (0.053, -1.017), (0.053, -1.018), (0.054, -1.02), (0.054, -1.021), (0.055, -1.022), (0.055, -1.024), (0.056, -1.025), (0.056, -1.026), (0.057, -1.028), (0.057, -1.029), (0.058, -1.03), (0.058, -1.032), (0.059, -1.033), (0.059, -1.034), (0.06, -1.035), (0.06, -1.037), (0.061, -1.038), (0.062, -1.039), (0.062, -1.041), (0.063, -1.042), (0.063, -1.043), (0.064, -1.044), (0.064, -1.046), (0.065, -1.047), (0.065, -1.048), (0.066, -1.05), (0.066, -1.051), (0.067, -1.052), (0.067, -1.053), (0.068, -1.055), (0.068, -1.056), (0.069, -1.057), (0.069, -1.058), (0.07, -1.06), (0.07, -1.061), (0.071, -1.062), (0.071, -1.064), (0.072, -1.065), (0.072, -1.066), (0.073, -1.067), (0.073, -1.069), (0.074, -1.07), (0.074, -1.071), (0.075, -1.072), (0.075, -1.074), (0.076, -1.075), (0.076, -1.076), (0.077, -1.077), (0.077, -1.079), (0.078, -1.08), (0.078, -1.081), (0.079, -1.082), (0.079, -1.084), (0.08, -1.085), (0.08, -1.086), (0.081, -1.087), (0.081, -1.088), (0.082, -1.09), (0.082, -1.091), (0.083, -1.092), (0.083, -1.093), (0.084, -1.095), (0.084, -1.096), (0.085, -1.097), (0.085, -1.098), (0.086, -1.1), (0.086, -1.101), (0.087, -1.102), (0.087, -1.103), (0.088, -1.105), (0.088, -1.106), (0.089, -1.107), (0.089, -1.108), (0.09, -1.109), (0.09, -1.111), (0.091, -1.112), (0.091, -1.113), (0.092, -1.114), (0.092, -1.116), (0.093, -1.117), (0.093, -1.118), (0.094, -1.119), (0.094, -1.121), (0.095, -1.122), (0.095, -1.123), (0.096, -1.124), (0.096, -1.125), (0.097, -1.127), (0.097, -1.128), (0.098, -1.129), (0.098, -1.13), (0.099, -1.132), (0.099, -1.133), (0.1, -1.134), (0.1, -1.135), (0.101, -1.137), (0.101, -1.138), (0.102, -1.139), (0.102, -1.14), (0.103, -1.141), (0.103, -1.143), (0.104, -1.144), (0.104, -1.145), (0.104, -1.146), (0.105, -1.148), (0.105, -1.149), (0.106, -1.15), (0.106, -1.151), (0.107, -1.153), (0.107, -1.154), (0.108, -1.155), (0.108, -1.156), (0.109, -1.157), (0.109, -1.159), (0.11, -1.16), (0.11, -1.161), (0.111, -1.162), (0.111, -1.164), (0.112, -1.165), (0.112, -1.166), (0.113, -1.167), (0.113, -1.169), (0.114, -1.17), (0.114, -1.171), (0.115, -1.172), (0.115, -1.173), (0.116, -1.175), (0.116, -1.176), (0.116, -1.177), (0.117, -1.178), (0.117, -1.18), (0.118, -1.181), (0.118, -1.182), (0.119, -1.183), (0.119, -1.185), (0.12, -1.186), (0.12, -1.187), (0.121, -1.188), (0.121, -1.19), (0.122, -1.191), (0.122, -1.192), (0.123, -1.193), (0.123, -1.195), (0.124, -1.196), (0.124, -1.197), (0.124, -1.198), (0.125, -1.199), (0.125, -1.201), (0.126, -1.202), (0.126, -1.203), (0.127, -1.204), (0.127, -1.206), (0.128, -1.207), (0.128, -1.208), (0.129, -1.209), (0.129, -1.211), (0.13, -1.212), (0.13, -1.213), (0.131, -1.214), (0.131, -1.216), (0.131, -1.217), (0.132, -1.218), (0.132, -1.219), (0.133, -1.221), (0.133, -1.222), (0.134, -1.223), (0.134, -1.224), (0.135, -1.226), (0.135, -1.227), (0.136, -1.228), (0.136, -1.229), (0.136, -1.231), (0.137, -1.232), (0.137, -1.233), (0.138, -1.234), (0.138, -1.236), (0.139, -1.237), (0.139, -1.238), (0.14, -1.239), (0.14, -1.241), (0.141, -1.242), (0.141, -1.243), (0.141, -1.244), (0.142, -1.246), (0.142, -1.247), (0.143, -1.248), (0.143, -1.25), (0.144, -1.251), (0.144, -1.252), (0.145, -1.253), (0.145, -1.255), (0.145, -1.256), (0.146, -1.257), (0.146, -1.258), (0.147, -1.26), (0.147, -1.261), (0.148, -1.262), (0.148, -1.263), (0.149, -1.265), (0.149, -1.266), (0.149, -1.267), (0.15, -1.268), (0.15, -1.27), (0.151, -1.271), (0.151, -1.272), (0.152, -1.274), (0.152, -1.275), (0.152, -1.276), (0.153, -1.277), (0.153, -1.279), (0.154, -1.28), (0.154, -1.281), (0.155, -1.282), (0.155, -1.284), (0.156, -1.285), (0.156, -1.286), (0.156, -1.288), (0.157, -1.289), (0.157, -1.29), (0.158, -1.291), (0.158, -1.293), (0.159, -1.294), (0.159, -1.295), (0.159, -1.297), (0.16, -1.298), (0.16, -1.299), (0.161, -1.3), (0.161, -1.302), (0.162, -1.303), (0.162, -1.304), (0.162, -1.306), (0.163, -1.307), (0.163, -1.308), (0.164, -1.309), (0.164, -1.311), (0.165, -1.312), (0.165, -1.313), (0.165, -1.315), (0.166, -1.316), (0.166, -1.317), (0.167, -1.318), (0.167, -1.32), (0.167, -1.321), (0.168, -1.322), (0.168, -1.324), (0.169, -1.325), (0.169, -1.326), (0.17, -1.327), (0.17, -1.329), (0.17, -1.33)], path_end=[(-0.231, -3.091), (-0.232, -3.073), (-0.233, -3.056), (-0.234, -3.038), (-0.235, -3.02), (-0.236, -3.002), (-0.236, -2.984), (-0.237, -2.966), (-0.238, -2.949), (-0.239, -2.931), (-0.24, -2.913), (-0.241, -2.895), (-0.242, -2.877), (-0.243, -2.859), (-0.244, -2.841), (-0.245, -2.824), (-0.246, -2.806), (-0.246, -2.788), (-0.247, -2.77), (-0.248, -2.752), (-0.249, -2.735), (-0.25, -2.717), (-0.251, -2.699), (-0.252, -2.681), (-0.252, -2.664), (-0.253, -2.646), (-0.254, -2.628), (-0.255, -2.611), (-0.256, -2.593), (-0.257, -2.576), (-0.257, -2.558), (-0.258, -2.541), (-0.259, -2.523), (-0.26, -2.506), (-0.26, -2.488), (-0.261, -2.471), (-0.262, -2.454), (-0.263, -2.437), (-0.264, -2.419), (-0.264, -2.402), (-0.265, -2.385), (-0.266, -2.368), (-0.266, -2.351), (-0.267, -2.334), (-0.268, -2.317), (-0.269, -2.3), (-0.269, -2.284), (-0.27, -2.267), (-0.271, -2.25), (-0.271, -2.234), (-0.272, -2.217), (-0.273, -2.201), (-0.273, -2.184), (-0.274, -2.168), (-0.275, -2.151), (-0.275, -2.135), (-0.276, -2.119), (-0.276, -2.103), (-0.277, -2.087), (-0.278, -2.071), (-0.278, -2.055), (-0.279, -2.039), (-0.279, -2.024), (-0.28, -2.008), (-0.28, -1.993), (-0.281, -1.977), (-0.282, -1.962), (-0.282, -1.946), (-0.283, -1.931), (-0.283, -1.916), (-0.284, -1.901), (-0.284, -1.886), (-0.285, -1.871), (-0.285, -1.856), (-0.286, -1.842), (-0.286, -1.827), (-0.286, -1.812), (-0.287, -1.798), (-0.287, -1.784), (-0.288, -1.769), (-0.288, -1.755), (-0.289, -1.741), (-0.289, -1.727), (-0.289, -1.713), (-0.29, -1.699), (-0.29, -1.686), (-0.29, -1.672), (-0.291, -1.658), (-0.291, -1.645), (-0.292, -1.632), (-0.292, -1.618), (-0.292, -1.605), (-0.292, -1.592), (-0.293, -1.579), (-0.293, -1.566), (-0.293, -1.554), (-0.294, -1.541), (-0.294, -1.529), (-0.294, -1.516), (-0.294, -1.504), (-0.295, -1.492), (-0.295, -1.479), (-0.295, -1.467), (-0.295, -1.455), (-0.296, -1.444), (-0.296, -1.432), (-0.296, -1.42), (-0.296, -1.409), (-0.296, -1.397), (-0.297, -1.386), (-0.297, -1.375), (-0.297, -1.363), (-0.297, -1.352), (-0.297, -1.341), (-0.297, -1.331), (-0.297, -1.32), (-0.297, -1.309), (-0.298, -1.299), (-0.298, -1.288), (-0.298, -1.278), (-0.298, -1.268), (-0.298, -1.258), (-0.298, -1.248), (-0.298, -1.238), (-0.298, -1.228), (-0.298, -1.218), (-0.298, -1.208), (-0.298, -1.199), (-0.298, -1.19), (-0.298, -1.18), (-0.298, -1.171), (-0.298, -1.162), (-0.298, -1.153), (-0.298, -1.144), (-0.298, -1.135), (-0.298, -1.126), (-0.298, -1.118), (-0.298, -1.109), (-0.298, -1.101), (-0.298, -1.092), (-0.298, -1.084), (-0.298, -1.076), (-0.298, -1.068), (-0.298, -1.06), (-0.297, -1.052), (-0.297, -1.044), (-0.297, -1.037), (-0.297, -1.029), (-0.297, -1.021), (-0.297, -1.014), (-0.297, -1.007), (-0.296, -0.999), (-0.296, -0.992), (-0.296, -0.985), (-0.296, -0.978), (-0.296, -0.971), (-0.296, -0.965), (-0.295, -0.958), (-0.295, -0.951), (-0.295, -0.945), (-0.295, -0.938), (-0.295, -0.932), (-0.294, -0.926), (-0.294, -0.92), (-0.294, -0.914), (-0.294, -0.908), (-0.293, -0.902), (-0.293, -0.896), (-0.293, -0.89), (-0.293, -0.884), (-0.292, -0.879), (-0.292, -0.873), (-0.292, -0.868), (-0.292, -0.862), (-0.291, -0.857), (-0.291, -0.852), (-0.291, -0.847), (-0.29, -0.842), (-0.29, -0.837), (-0.29, -0.832), (-0.289, -0.827), (-0.289, -0.822), (-0.289, -0.817), (-0.288, -0.813), (-0.288, -0.808), (-0.288, -0.804), (-0.287, -0.799), (-0.287, -0.795), (-0.287, -0.791), (-0.286, -0.786), (-0.286, -0.782), (-0.285, -0.778), (-0.285, -0.774), (-0.285, -0.77), (-0.284, -0.766), (-0.284, -0.763), (-0.283, -0.759), (-0.283, -0.755), (-0.283, -0.752), (-0.282, -0.748), (-0.282, -0.745), (-0.281, -0.741), (-0.281, -0.738), (-0.28, -0.734), (-0.28, -0.731), (-0.28, -0.728), (-0.279, -0.725), (-0.279, -0.722), (-0.278, -0.719), (-0.278, -0.716), (-0.277, -0.713), (-0.277, -0.71), (-0.276, -0.707), (-0.276, -0.705), (-0.275, -0.702), (-0.275, -0.699), (-0.274, -0.697), (-0.274, -0.694), (-0.273, -0.692), (-0.273, -0.689), (-0.272, -0.687), (-0.272, -0.684), (-0.271, -0.682), (-0.271, -0.68), (-0.27, -0.678), (-0.27, -0.675), (-0.269, -0.673), (-0.269, -0.671), (-0.268, -0.669), (-0.268, -0.667), (-0.267, -0.665), (-0.267, -0.663), (-0.266, -0.662), (-0.266, -0.66), (-0.265, -0.658), (-0.265, -0.656), (-0.264, -0.655), (-0.264, -0.653), (-0.263, -0.651), (-0.262, -0.65), (-0.262, -0.648), (-0.261, -0.647), (-0.261, -0.645), (-0.26, -0.644), (-0.26, -0.643), (-0.259, -0.641), (-0.259, -0.64), (-0.258, -0.639), (-0.257, -0.638), (-0.257, -0.636), (-0.256, -0.635), (-0.256, -0.634), (-0.255, -0.633), (-0.254, -0.632), (-0.254, -0.631), (-0.253, -0.63), (-0.253, -0.629), (-0.252, -0.628), (-0.252, -0.627), (-0.251, -0.626), (-0.25, -0.625), (-0.25, -0.624), (-0.249, -0.624), (-0.249, -0.623), (-0.248, -0.622), (-0.247, -0.621), (-0.247, -0.621), (-0.246, -0.62), (-0.245, -0.619), (-0.245, -0.619), (-0.244, -0.618), (-0.244, -0.618), (-0.243, -0.617), (-0.242, -0.617), (-0.242, -0.616), (-0.241, -0.616), (-0.241, -0.615), (-0.24, -0.615), (-0.239, -0.615), (-0.239, -0.614), (-0.238, -0.614), (-0.237, -0.614), (-0.237, -0.613), (-0.236, -0.613), (-0.236, -0.613), (-0.235, -0.612), (-0.234, -0.612), (-0.234, -0.612), (-0.233, -0.612), (-0.232, -0.612), (-0.232, -0.612), (-0.231, -0.611), (-0.23, -0.611), (-0.23, -0.611), (-0.229, -0.611), (-0.229, -0.611), (-0.228, -0.611), (-0.227, -0.611), (-0.227, -0.611), (-0.226, -0.611), (-0.225, -0.611), (-0.225, -0.611), (-0.224, -0.611), (-0.223, -0.611), (-0.223, -0.611), (-0.222, -0.612), (-0.221, -0.612), (-0.221, -0.612), (-0.22, -0.612), (-0.22, -0.612), (-0.219, -0.612), (-0.218, -0.612), (-0.218, -0.613), (-0.217, -0.613), (-0.216, -0.613), (-0.216, -0.613), (-0.215, -0.614), (-0.214, -0.614), (-0.214, -0.614), (-0.213, -0.614), (-0.212, -0.615), (-0.212, -0.615), (-0.211, -0.615), (-0.21, -0.616), (-0.21, -0.616), (-0.209, -0.617), (-0.208, -0.617), (-0.208, -0.617), (-0.207, -0.618), (-0.206, -0.618), (-0.206, -0.618), (-0.205, -0.619), (-0.204, -0.619), (-0.204, -0.62), (-0.203, -0.62), (-0.202, -0.621), (-0.202, -0.621), (-0.201, -0.622), (-0.2, -0.622), (-0.2, -0.623), (-0.199, -0.623), (-0.198, -0.624), (-0.198, -0.624), (-0.197, -0.625), (-0.196, -0.625), (-0.196, -0.626), (-0.195, -0.626), (-0.194, -0.627), (-0.194, -0.627), (-0.193, -0.628), (-0.192, -0.629), (-0.192, -0.629), (-0.191, -0.63), (-0.19, -0.63), (-0.19, -0.631), (-0.189, -0.632), (-0.188, -0.632), (-0.188, -0.633), (-0.187, -0.634), (-0.186, -0.634), (-0.186, -0.635), (-0.185, -0.635), (-0.184, -0.636), (-0.184, -0.637), (-0.183, -0.637), (-0.182, -0.638), (-0.182, -0.639), (-0.181, -0.639), (-0.18, -0.64), (-0.18, -0.641), (-0.179, -0.642), (-0.178, -0.642), (-0.178, -0.643), (-0.177, -0.644), (-0.176, -0.644), (-0.176, -0.645), (-0.175, -0.646), (-0.174, -0.647), (-0.174, -0.647), (-0.173, -0.648), (-0.173, -0.649), (-0.172, -0.65), (-0.171, -0.65), (-0.171, -0.651), (-0.17, -0.652), (-0.169, -0.653), (-0.169, -0.653), (-0.168, -0.654), (-0.167, -0.655), (-0.167, -0.656), (-0.166, -0.657), (-0.165, -0.657), (-0.165, -0.658), (-0.164, -0.659), (-0.163, -0.66), (-0.163, -0.661), (-0.162, -0.661), (-0.161, -0.662), (-0.161, -0.663), (-0.16, -0.664), (-0.159, -0.665), (-0.159, -0.665), (-0.158, -0.666), (-0.157, -0.667), (-0.157, -0.668), (-0.156, -0.669), (-0.155, -0.67), (-0.155, -0.67), (-0.154, -0.671), (-0.153, -0.672), (-0.153, -0.673), (-0.152, -0.674), (-0.151, -0.675), (-0.151, -0.676), (-0.15, -0.676), (-0.149, -0.677), (-0.149, -0.678), (-0.148, -0.679), (-0.147, -0.68), (-0.147, -0.681), (-0.146, -0.682), (-0.145, -0.683), (-0.145, -0.683), (-0.144, -0.684), (-0.143, -0.685), (-0.143, -0.686), (-0.142, -0.687), (-0.142, -0.688), (-0.141, -0.689), (-0.14, -0.69), (-0.14, -0.691), (-0.139, -0.691), (-0.138, -0.692), (-0.138, -0.693), (-0.137, -0.694), (-0.136, -0.695), (-0.136, -0.696), (-0.135, -0.697), (-0.134, -0.698), (-0.134, -0.699), (-0.133, -0.7), (-0.132, -0.701), (-0.132, -0.701), (-0.131, -0.702), (-0.13, -0.703), (-0.13, -0.704), (-0.129, -0.705), (-0.128, -0.706), (-0.128, -0.707), (-0.127, -0.708), (-0.127, -0.709), (-0.126, -0.71), (-0.125, -0.711), (-0.125, -0.712), (-0.124, -0.713), (-0.123, -0.714), (-0.123, -0.714), (-0.122, -0.715), (-0.121, -0.716), (-0.121, -0.717), (-0.12, -0.718), (-0.119, -0.719), (-0.119, -0.72), (-0.118, -0.721), (-0.118, -0.722), (-0.117, -0.723), (-0.116, -0.724), (-0.116, -0.725), (-0.115, -0.726), (-0.114, -0.727), (-0.114, -0.728), (-0.113, -0.729), (-0.112, -0.73), (-0.112, -0.731), (-0.111, -0.732), (-0.11, -0.733), (-0.11, -0.734), (-0.109, -0.734), (-0.109, -0.735), (-0.108, -0.736), (-0.107, -0.737), (-0.107, -0.738), (-0.106, -0.739), (-0.105, -0.74), (-0.105, -0.741), (-0.104, -0.742), (-0.103, -0.743), (-0.103, -0.744), (-0.102, -0.745), (-0.102, -0.746), (-0.101, -0.747), (-0.1, -0.748), (-0.1, -0.749), (-0.099, -0.75), (-0.098, -0.751), (-0.098, -0.752), (-0.097, -0.753), (-0.096, -0.754), (-0.096, -0.755), (-0.095, -0.756)], total_steps=3141

# Recent Trend: IMPROVING (ball count decreasing) - Last 3 iterations: [100, 100, 98, 100, 100, 96, 100, 97, 94, 92]

# Historical Weight Performance Feedback:

# Best Historical Policy (Iteration 101):
  Total balls remaining: 84 | Waypoints executed: 1571 | # Weight Range Insight:
  Weight range = [-128.248, 156.209] (Δ = 284.457) → Suggested MAX_STEP = 23.705



Now you are at iteration 289 out of 510.  Please provide the results in the indicated format. Do not provide any additional texts.


