iter,timestamp,tag,w0,w1,w2,w3,w4,w5,w6,w7,w8,w9,w10,w11,w12,w13,w14,w15,w16,w17,w18,w19,w20,w21,w22,w23,w24,w25,w26,w27,w28,w29,w30,w31,w32,w33,w34,w35,w36,w37,w38,w39,w40,w41,w42,w43,w44,w45,w46,w47,w48,w49
0,2025-10-12 01:21:21,executed,84.993855,54.66914104166666,31.639819249999995,9.947178874999997,-25.081141166666665,-37.775516375,-79.14101125,-121.91540529166666,-152.79776633333333,-168.43753125,-171.14980191666666,-144.37715395833328,-100.78852900000001,-61.08470562499997,-27.206839583333373,1.0728962500000545,28.717259999999996,64.12861333333333,106.51246925000005,142.19847766666672,164.04110816666667,172.245998375,162.70407816666665,134.03044945833335,100.117687,34.254739,24.415438,10.455457999999998,-15.062408000000005,-60.200826,-39.21952579166667,-39.28363775,-38.393947375,-26.586801666666666,-4.935136124999983,19.067695416666666,33.35365620833334,33.9916915,25.69358674999999,13.144849000000018,-0.05908537500002797,-15.457855666666667,-29.508288916666665,-34.886204750000005,-31.100460291666657,-15.298471333333334,7.441406375000016,30.528961166666697,40.29456291666666,37.560793
1,2025-10-12 01:21:21,executed,84.993855,54.66914104166666,31.639819249999995,9.947178874999997,-25.081141166666665,-37.775516375,-79.14101125,-121.91540529166666,-152.79776633333333,-168.43753125,-171.14980191666666,-144.37715395833328,-100.78852900000001,-61.08470562499997,-27.206839583333373,1.0728962500000545,28.717259999999996,64.12861333333333,106.51246925000005,142.19847766666672,164.04110816666667,172.245998375,162.70407816666665,134.03044945833335,100.117687,34.254739,24.415438,10.455457999999998,-15.062408000000005,-60.200826,-39.21952579166667,-39.28363775,-38.393947375,-26.586801666666666,-4.935136124999983,19.067695416666666,33.35365620833334,33.9916915,25.69358674999999,13.144849000000018,-0.05908537500002797,-15.457855666666667,-29.508288916666665,-34.886204750000005,-31.100460291666657,-15.298471333333334,7.441406375000016,30.528961166666697,40.29456291666666,37.560793
1,2025-10-12 01:21:41,proposed,42.4969275,27.065818041666667,15.48508275,3.736751375,-12.905511666666666,-20.622792874999988,-42.35933525,-63.67817929166665,-78.00904083333332,-85.24963875,-84.48690241666667,-67.32084895833334,-45.410941,-25.473807375000032,-9.43668791666668,4.692194625,19.521303833333302,39.38735904166661,60.325286,76.1691740833333,84.51615,85.0918315,75.92321808333335,58.77603287500002,9.5982695,10.0778755,9.605220541666666,5.910295500000002,-10.71457375,-14.713140166666669,-11.429310541666664,-12.779856500000001,-9.854142333333339,-2.541067500000007,5.260406874999999,10.884147249999996,12.966704916666664,12.4322455,10.590591333333338,8.173131833333336,2.62121125,-5.041988999999989,-9.60504029166666,-11.516376750000001,-11.290276500000003,-7.226770666666678,-0.07458137499999973,6.169468249999991,8.758400749999998,8.993128
2,2025-10-12 01:22:21,executed,42.4969275,27.065818041666667,15.48508275,3.736751375,-12.905511666666666,-20.622792874999988,-42.35933525,-63.67817929166665,-78.00904083333332,-85.24963875,-84.48690241666667,-67.32084895833334,-45.410941,-25.473807375000032,-9.43668791666668,4.692194625,19.521303833333302,39.38735904166661,60.325286,76.1691740833333,84.51615,85.0918315,75.92321808333335,58.77603287500002,9.5982695,10.0778755,9.605220541666666,5.910295500000002,-10.71457375,-14.713140166666669,-11.429310541666664,-12.779856500000001,-9.854142333333339,-2.541067500000007,5.260406874999999,10.884147249999996,12.966704916666664,12.4322455,10.590591333333338,8.173131833333336,2.62121125,-5.041988999999989,-9.60504029166666,-11.516376750000001,-11.290276500000003,-7.226770666666678,-0.07458137499999973,6.169468249999991,8.758400749999998,8.993128
2,2025-10-12 01:22:32,proposed,40.0,30.0,20.0,10.0,5.0,2.0,0.0,-5.0,-10.0,-15.0,-20.0,-25.0,-30.0,-35.0,-40.0,-45.0,-50.0,-55.0,-60.0,-65.0,-70.0,-65.0,-60.0,-55.0,-50.0,-45.0,-40.0,-35.0,-30.0,-25.0,-10.0,5.0,10.0,15.0,20.0,25.0,30.0,35.0,40.0,45.0,50.0,55.0,60.0,65.0,60.0,55.0,50.0,45.0,40.0,35.0
3,2025-10-12 01:23:12,executed,40.0,30.0,20.0,10.0,5.0,2.0,0.0,-5.0,-10.0,-15.0,-20.0,-25.0,-30.0,-35.0,-40.0,-45.0,-50.0,-55.0,-60.0,-65.0,-70.0,-65.0,-60.0,-55.0,-50.0,-45.0,-40.0,-35.0,-30.0,-25.0,-10.0,5.0,10.0,15.0,20.0,25.0,30.0,35.0,40.0,45.0,50.0,55.0,60.0,65.0,60.0,55.0,50.0,45.0,40.0,35.0
3,2025-10-12 01:23:26,proposed,104.993855,89.885069,75.206646,62.306527,52.309473,44.273628,32.420855,12.631446,-4.351259,-8.730552,-14.305447,-30.96178,-53.563352,-75.873989,-96.474452,-115.129149,-129.577451,-139.238397,-146.375785,-151.873775,-153.325799,-148.103406,-134.11261,-112.871615,-90.755176,-70.821882,-51.419665,-32.33974,-15.634237,-1.18727,12.696095,26.098977,39.240626,53.455577,70.216669,89.857061,111.259438,131.596813,149.704331,165.486411,177.232589,185.402812,190.847044,192.445849,189.429601,182.092667,169.79719,153.344939,136.11635,120.117687
4,2025-10-12 01:24:06,executed,104.993855,89.885069,75.206646,62.306527,52.309473,44.273628,32.420855,12.631446,-4.351259,-8.730552,-14.305447,-30.96178,-53.563352,-75.873989,-96.474452,-115.129149,-129.577451,-139.238397,-146.375785,-151.873775,-153.325799,-148.103406,-134.11261,-112.871615,-90.755176,-70.821882,-51.419665,-32.33974,-15.634237,-1.18727,12.696095,26.098977,39.240626,53.455577,70.216669,89.857061,111.259438,131.596813,149.704331,165.486411,177.232589,185.402812,190.847044,192.445849,189.429601,182.092667,169.79719,153.344939,136.11635,120.117687
4,2025-10-12 01:24:22,proposed,-74.176,-44.697125,-18.641000000000005,2.4034999999999997,18.953499999999995,30.789374999999993,37.558,38.96662500000001,34.720000000000006,24.281625,7.617250000000019,-14.04999999999998,-40.10299999999996,-70.34499999999997,-104.3634999999999,-141.76225,-182.1249999999999,-225.1216249999999,-270.22974999999997,-317.05937499999993,-365.2204999999999,-414.32312499999995,-463.97724999999997,-513.7941249999999,-563.41,-589.64,-638.0725,-685.1575,-730.44625,-773.51,-813.9174999999999,-851.2625,-885.15,-915.2,-940.845,-961.8249999999999,-977.73375,-988.17,-992.7475,-991.08,-982.825,-967.7,-945.11625,-914.9775,-876.94875,-830.7050000000002,-775.9075,-712.2275000000001,-639.3525000000002,-556.98
5,2025-10-12 01:25:02,executed,-74.176,-44.697125,-18.641000000000005,2.4034999999999997,18.953499999999995,30.789374999999993,37.558,38.96662500000001,34.720000000000006,24.281625,7.617250000000019,-14.04999999999998,-40.10299999999996,-70.34499999999997,-104.3634999999999,-141.76225,-182.1249999999999,-225.1216249999999,-270.22974999999997,-317.05937499999993,-365.2204999999999,-414.32312499999995,-463.97724999999997,-513.7941249999999,-563.41,-589.64,-638.0725,-685.1575,-730.44625,-773.51,-813.9174999999999,-851.2625,-885.15,-915.2,-940.845,-961.8249999999999,-977.73375,-988.17,-992.7475,-991.08,-982.825,-967.7,-945.11625,-914.9775,-876.94875,-830.7050000000002,-775.9075,-712.2275000000001,-639.3525000000002,-556.98
5,2025-10-12 01:25:44,proposed,80.0,65.0,50.0,37.0,27.0,20.0,10.0,-5.0,-20.0,-25.0,-30.0,-45.0,-65.0,-85.0,-105.0,-120.0,-135.0,-145.0,-155.0,-165.0,-165.0,-160.0,-145.0,-125.0,-105.0,-85.0,-65.0,-45.0,-30.0,-15.0,-5.0,8.0,20.0,35.0,52.0,70.0,90.0,110.0,130.0,145.0,155.0,160.0,165.0,165.0,160.0,155.0,145.0,130.0,115.0,100.0
6,2025-10-12 01:26:24,executed,80.0,65.0,50.0,37.0,27.0,20.0,10.0,-5.0,-20.0,-25.0,-30.0,-45.0,-65.0,-85.0,-105.0,-120.0,-135.0,-145.0,-155.0,-165.0,-165.0,-160.0,-145.0,-125.0,-105.0,-85.0,-65.0,-45.0,-30.0,-15.0,-5.0,8.0,20.0,35.0,52.0,70.0,90.0,110.0,130.0,145.0,155.0,160.0,165.0,165.0,160.0,155.0,145.0,130.0,115.0,100.0
6,2025-10-12 01:26:41,proposed,-42.4969275,-27.33457052083333,-15.819909624999998,-4.9735894374999985,12.540570583333333,18.8877581875,39.570505625,60.95770264583333,76.39888316666666,84.218765625,85.57490095833333,72.18857697916664,50.394264500000006,30.542352812499985,13.603419791666687,-0.5364481250000273,-14.358629999999998,-32.06430666666667,-53.256234625000026,-71.09923883333336,-82.02055408333334,-86.12299925,-81.35203908333332,-67.01522472916668,-50.0588435,9.59826975,10.078440125,8.602429375,-0.17140606250000157,-17.444351333333334,-11.415745020833333,-12.352512500000001,-12.2724044375,-7.552638833333334,0.1456028750000049,7.424374458333334,11.821154770833335,12.96697225,11.9794368125,10.112558333333336,7.272737374999991,1.0670899999999999,-6.1829814375,-10.068170125000004,-11.621372229166669,-11.138643,-6.590717437499995,3.9602836250000157,15.48676754166666,20.1898165
7,2025-10-12 01:27:21,executed,-42.4969275,-27.33457052083333,-15.819909624999998,-4.9735894374999985,12.540570583333333,18.8877581875,39.570505625,60.95770264583333,76.39888316666666,84.218765625,85.57490095833333,72.18857697916664,50.394264500000006,30.542352812499985,13.603419791666687,-0.5364481250000273,-14.358629999999998,-32.06430666666667,-53.256234625000026,-71.09923883333336,-82.02055408333334,-86.12299925,-81.35203908333332,-67.01522472916668,-50.0588435,9.59826975,10.078440125,8.602429375,-0.17140606250000157,-17.444351333333334,-11.415745020833333,-12.352512500000001,-12.2724044375,-7.552638833333334,0.1456028750000049,7.424374458333334,11.821154770833335,12.96697225,11.9794368125,10.112558333333336,7.272737374999991,1.0670899999999999,-6.1829814375,-10.068170125000004,-11.621372229166669,-11.138643,-6.590717437499995,3.9602836250000157,15.48676754166666,20.1898165
7,2025-10-12 01:27:35,proposed,-42.4969275,-34.9425345,-27.603323,-21.1532635,-16.1547365,-12.136814,-6.2104275,3.684277,12.1756295,14.365276,17.1527235,25.48089,36.781676,47.9369945,58.237226,67.5645745,74.7887255,79.6191985,83.1878925,85.9368875,86.6628995,84.051703,77.056305,66.4358075,55.377588,45.410941,35.7098325,26.16987,17.8171185,10.593635,3.6519525,-3.0494885,-9.620313,-16.7277885,-25.1083345,-34.9285305,-45.629719,-55.7984065,-64.8521655,-72.7432055,-78.6162945,-82.701406,-85.423522,-86.2229245,-84.7148005,-81.0463335,-74.898595,-66.6724695,-58.058175,-50.0588435
8,2025-10-12 01:28:15,executed,-42.4969275,-34.9425345,-27.603323,-21.1532635,-16.1547365,-12.136814,-6.2104275,3.684277,12.1756295,14.365276,17.1527235,25.48089,36.781676,47.9369945,58.237226,67.5645745,74.7887255,79.6191985,83.1878925,85.9368875,86.6628995,84.051703,77.056305,66.4358075,55.377588,45.410941,35.7098325,26.16987,17.8171185,10.593635,3.6519525,-3.0494885,-9.620313,-16.7277885,-25.1083345,-34.9285305,-45.629719,-55.7984065,-64.8521655,-72.7432055,-78.6162945,-82.701406,-85.423522,-86.2229245,-84.7148005,-81.0463335,-74.898595,-66.6724695,-58.058175,-50.0588435
8,2025-10-12 01:28:26,proposed,-10.0,-5.0,0.0,5.0,10.0,-15.0,-10.0,-5.0,0.0,5.0,10.0,15.0,-20.0,-15.0,-10.0,-5.0,0.0,5.0,10.0,15.0,-25.0,-20.0,-15.0,-10.0,-5.0,0.0,5.0,10.0,15.0,-30.0,-25.0,-20.0,-15.0,-10.0,-5.0,0.0,5.0,10.0,15.0,-35.0,-30.0,-25.0,-20.0,-15.0,-10.0,-5.0,0.0,5.0,10.0,-40.0
9,2025-10-12 01:29:06,executed,-10.0,-5.0,0.0,5.0,10.0,-15.0,-10.0,-5.0,0.0,5.0,10.0,15.0,-20.0,-15.0,-10.0,-5.0,0.0,5.0,10.0,15.0,-25.0,-20.0,-15.0,-10.0,-5.0,0.0,5.0,10.0,15.0,-30.0,-25.0,-20.0,-15.0,-10.0,-5.0,0.0,5.0,10.0,15.0,-35.0,-30.0,-25.0,-20.0,-15.0,-10.0,-5.0,0.0,5.0,10.0,-40.0
9,2025-10-12 01:29:18,proposed,-74.993855,-59.885069,-45.206646,-32.306527,-22.309473,-14.273628,-2.420855,17.368554,34.351259,38.730552,44.305447,60.96178,83.563352,105.873989,126.474452,145.129149,159.577451,169.238397,176.375785,181.873775,183.325799,178.103406,164.11261,142.871615,120.755176,100.821882,81.419665,62.33974,45.634237,31.18727,17.303905,-6.098977,-19.240626,-33.455577,-50.216669,-69.857061,-91.259438,-111.596813,-129.704331,-145.486411,-157.232589,-165.402812,-170.847044,-172.445849,-169.429601,-162.092667,-149.79719,-133.344939,-116.11635,-100.117687
10,2025-10-12 01:29:58,executed,-74.993855,-59.885069,-45.206646,-32.306527,-22.309473,-14.273628,-2.420855,17.368554,34.351259,38.730552,44.305447,60.96178,83.563352,105.873989,126.474452,145.129149,159.577451,169.238397,176.375785,181.873775,183.325799,178.103406,164.11261,142.871615,120.755176,100.821882,81.419665,62.33974,45.634237,31.18727,17.303905,-6.098977,-19.240626,-33.455577,-50.216669,-69.857061,-91.259438,-111.596813,-129.704331,-145.486411,-157.232589,-165.402812,-170.847044,-172.445849,-169.429601,-162.092667,-149.79719,-133.344939,-116.11635,-100.117687
10,2025-10-12 01:30:25,proposed,74.993855,59.885069,45.206646,32.306527,22.309473,14.273628,2.420855,-17.368554,-34.351259,-38.730552,-44.305447,-60.96178,-83.563352,-105.873989,-126.474452,-145.129149,-159.577451,-169.238397,-176.375785,-181.873775,-183.325799,-178.103406,-164.11261,-142.871615,-120.755176,-100.821882,-81.419665,-62.33974,-45.634237,-31.18727,-17.303905,-3.901023,9.240626,23.455577,40.216669,59.857061,81.259438,101.596813,119.704331,135.486411,147.232589,155.402812,160.847044,162.445849,159.429601,152.092667,139.79719,123.344939,106.11635,90.117687
11,2025-10-12 01:31:05,executed,74.993855,59.885069,45.206646,32.306527,22.309473,14.273628,2.420855,-17.368554,-34.351259,-38.730552,-44.305447,-60.96178,-83.563352,-105.873989,-126.474452,-145.129149,-159.577451,-169.238397,-176.375785,-181.873775,-183.325799,-178.103406,-164.11261,-142.871615,-120.755176,-100.821882,-81.419665,-62.33974,-45.634237,-31.18727,-17.303905,-3.901023,9.240626,23.455577,40.216669,59.857061,81.259438,101.596813,119.704331,135.486411,147.232589,155.402812,160.847044,162.445849,159.429601,152.092667,139.79719,123.344939,106.11635,90.117687
11,2025-10-12 01:31:17,proposed,79.993855,64.885069,50.206646,37.306527,27.309473,19.273628,7.420855,-12.368554,-29.351259,-33.730552,-39.305447,-55.96178,-78.563352,-100.873989,-121.474452,-140.129149,-154.577451,-164.238397,-171.375785,-176.873775,-178.325799,-173.103406,-159.11261,-137.871615,-115.755176,-95.821882,-76.419665,-57.33974,-40.634237,-26.18727,-12.303905,1.098977,14.240626,28.455577,45.216669,64.857061,86.259438,106.596813,124.704331,140.486411,152.232589,160.402812,165.847044,167.445849,164.429601,157.092667,144.79719,128.344939,111.11635,95.117687
12,2025-10-12 01:31:57,executed,79.993855,64.885069,50.206646,37.306527,27.309473,19.273628,7.420855,-12.368554,-29.351259,-33.730552,-39.305447,-55.96178,-78.563352,-100.873989,-121.474452,-140.129149,-154.577451,-164.238397,-171.375785,-176.873775,-178.325799,-173.103406,-159.11261,-137.871615,-115.755176,-95.821882,-76.419665,-57.33974,-40.634237,-26.18727,-12.303905,1.098977,14.240626,28.455577,45.216669,64.857061,86.259438,106.596813,124.704331,140.486411,152.232589,160.402812,165.847044,167.445849,164.429601,157.092667,144.79719,128.344939,111.11635,95.117687
12,2025-10-12 01:32:14,proposed,84.893855,69.785069,55.106646,42.206527,32.209473,24.173628,12.320855,-7.468554,-24.451259,-28.830552,-34.405447,-51.06178,-73.663352,-95.973989,-116.574452,-135.229149,-149.677451,-159.338397,-166.475785,-171.973775,-173.425799,-168.203406,-154.21261,-132.971615,-110.855176,-90.921882,-71.519665,-52.43974,-35.734237,-21.28727,-7.403905,5.998977,19.140626,33.355577,50.116669,69.757061,91.159438,111.496813,129.604331,145.386411,157.132589,165.302812,170.747044,172.345849,169.329601,161.992667,149.69719,133.244939,116.01635,99.017687
13,2025-10-12 01:32:54,executed,84.893855,69.785069,55.106646,42.206527,32.209473,24.173628,12.320855,-7.468554,-24.451259,-28.830552,-34.405447,-51.06178,-73.663352,-95.973989,-116.574452,-135.229149,-149.677451,-159.338397,-166.475785,-171.973775,-173.425799,-168.203406,-154.21261,-132.971615,-110.855176,-90.921882,-71.519665,-52.43974,-35.734237,-21.28727,-7.403905,5.998977,19.140626,33.355577,50.116669,69.757061,91.159438,111.496813,129.604331,145.386411,157.132589,165.302812,170.747044,172.345849,169.329601,161.992667,149.69719,133.244939,116.01635,99.017687
13,2025-10-12 01:33:11,proposed,100.0,-101.382,-85.093,-69.276,-54.129,-40.012,-27.157,-15.738,-5.805,2.649,9.217,14.875,19.523,23.067,25.307,26.046,25.092,22.263,17.383,10.282,0.899,-10.721,-24.463,-39.136,-54.658,-70.95,-87.932,-105.524,-123.645,-142.216,-161.156,-179.385,-195.923,-210.79,-223.916,-235.231,-244.665,-252.158,-257.65,-261.081,-262.381,-261.48,-258.298,-252.765,-244.811,-234.366,-221.36,-205.723,-187.385,-166.276
14,2025-10-12 01:33:51,executed,100.0,-101.382,-85.093,-69.276,-54.129,-40.012,-27.157,-15.738,-5.805,2.649,9.217,14.875,19.523,23.067,25.307,26.046,25.092,22.263,17.383,10.282,0.899,-10.721,-24.463,-39.136,-54.658,-70.95,-87.932,-105.524,-123.645,-142.216,-161.156,-179.385,-195.923,-210.79,-223.916,-235.231,-244.665,-252.158,-257.65,-261.081,-262.381,-261.48,-258.298,-252.765,-244.811,-234.366,-221.36,-205.723,-187.385,-166.276
15,2025-10-12 01:34:29,executed,100.0,-101.382,-85.093,-69.276,-54.129,-40.012,-27.157,-15.738,-5.805,2.649,9.217,14.875,19.523,23.067,25.307,26.046,25.092,22.263,17.383,10.282,0.899,-10.721,-24.463,-39.136,-54.658,-70.95,-87.932,-105.524,-123.645,-142.216,-161.156,-179.385,-195.923,-210.79,-223.916,-235.231,-244.665,-252.158,-257.65,-261.081,-262.381,-261.48,-258.298,-252.765,-244.811,-234.366,-221.36,-205.723,-187.385,-166.276
15,2025-10-12 01:35:11,proposed,83.993855,68.885069,54.206646,41.306527,31.309473,23.273628,11.420855,-8.368554,-25.351259,-29.730552,-35.305447,-51.96178,-74.563352,-96.873989,-117.474452,-136.129149,-150.577451,-160.238397,-167.375785,-172.873775,-174.325799,-169.103406,-155.11261,-133.871615,-111.755176,-91.821882,-72.419665,-53.33974,-36.634237,-22.18727,-8.303905,5.098977,18.240626,32.455577,49.216669,68.857061,90.259438,110.596813,128.704331,144.486411,156.232589,164.402812,169.847044,171.445849,168.429601,161.092667,148.79719,132.344939,115.11635,99.117687
16,2025-10-12 01:35:51,executed,83.993855,68.885069,54.206646,41.306527,31.309473,23.273628,11.420855,-8.368554,-25.351259,-29.730552,-35.305447,-51.96178,-74.563352,-96.873989,-117.474452,-136.129149,-150.577451,-160.238397,-167.375785,-172.873775,-174.325799,-169.103406,-155.11261,-133.871615,-111.755176,-91.821882,-72.419665,-53.33974,-36.634237,-22.18727,-8.303905,5.098977,18.240626,32.455577,49.216669,68.857061,90.259438,110.596813,128.704331,144.486411,156.232589,164.402812,169.847044,171.445849,168.429601,161.092667,148.79719,132.344939,115.11635,99.117687
16,2025-10-12 01:36:07,proposed,84.993855,5.0,69.885069,5.0,55.206646,5.0,42.306527,5.0,32.309473,5.0,24.273628,5.0,12.420855,5.0,-7.368554,5.0,-24.351259,5.0,-28.730552,5.0,-34.305447,5.0,-50.96178,5.0,-73.563352,5.0,-95.873989,5.0,-116.474452,5.0,-135.129149,5.0,-149.577451,5.0,-159.238397,5.0,-166.375785,5.0,-171.873775,5.0,-173.325799,5.0,-168.103406,5.0,-154.11261,5.0,-132.871615,5.0,-110.755176,5.0
17,2025-10-12 01:36:47,executed,84.993855,5.0,69.885069,5.0,55.206646,5.0,42.306527,5.0,32.309473,5.0,24.273628,5.0,12.420855,5.0,-7.368554,5.0,-24.351259,5.0,-28.730552,5.0,-34.305447,5.0,-50.96178,5.0,-73.563352,5.0,-95.873989,5.0,-116.474452,5.0,-135.129149,5.0,-149.577451,5.0,-159.238397,5.0,-166.375785,5.0,-171.873775,5.0,-173.325799,5.0,-168.103406,5.0,-154.11261,5.0,-132.871615,5.0,-110.755176,5.0
17,2025-10-12 01:37:05,proposed,-74.993855,-59.885069,-45.206646,-32.306527,-22.309473,-14.273628,-2.420855,17.368554,34.351259,38.730552,44.305447,60.96178,83.563352,105.873989,126.474452,145.129149,159.577451,169.238397,176.375785,181.873775,183.325799,178.103406,164.11261,142.871615,120.755176,100.821882,81.419665,62.33974,45.634237,31.18727,17.303905,-6.098977,-19.240626,-33.455577,-50.216669,-69.857061,-91.259438,-111.596813,-129.704331,-145.486411,-157.232589,-165.402812,-170.847044,-172.445849,-169.429601,-162.092667,-149.79719,-133.344939,-116.11635,-100.117687
18,2025-10-12 01:37:45,executed,-74.993855,-59.885069,-45.206646,-32.306527,-22.309473,-14.273628,-2.420855,17.368554,34.351259,38.730552,44.305447,60.96178,83.563352,105.873989,126.474452,145.129149,159.577451,169.238397,176.375785,181.873775,183.325799,178.103406,164.11261,142.871615,120.755176,100.821882,81.419665,62.33974,45.634237,31.18727,17.303905,-6.098977,-19.240626,-33.455577,-50.216669,-69.857061,-91.259438,-111.596813,-129.704331,-145.486411,-157.232589,-165.402812,-170.847044,-172.445849,-169.429601,-162.092667,-149.79719,-133.344939,-116.11635,-100.117687
18,2025-10-12 01:38:11,proposed,84.893855,69.785069,55.106646,42.206527,32.209473,24.173628,12.320855,-7.468554,-24.451259,-28.830552,-34.405447,-51.06178,-73.663352,-95.973989,-116.574452,-135.229149,-149.677451,-159.338397,-166.475785,-171.973775,-173.425799,-168.203406,-154.21261,-132.971615,-110.855176,-90.921882,-71.519665,-52.43974,-35.734237,-21.28727,-7.403905,5.998977,19.140626,33.355577,50.116669,69.757061,91.159438,111.496813,129.604331,145.386411,157.132589,165.302812,170.747044,172.345849,169.329601,161.992667,149.69719,133.244939,116.01635,100.017687
19,2025-10-12 01:38:51,executed,84.893855,69.785069,55.106646,42.206527,32.209473,24.173628,12.320855,-7.468554,-24.451259,-28.830552,-34.405447,-51.06178,-73.663352,-95.973989,-116.574452,-135.229149,-149.677451,-159.338397,-166.475785,-171.973775,-173.425799,-168.203406,-154.21261,-132.971615,-110.855176,-90.921882,-71.519665,-52.43974,-35.734237,-21.28727,-7.403905,5.998977,19.140626,33.355577,50.116669,69.757061,91.159438,111.496813,129.604331,145.386411,157.132589,165.302812,170.747044,172.345849,169.329601,161.992667,149.69719,133.244939,116.01635,100.017687
19,2025-10-12 01:39:04,proposed,-78.806145,-63.893932,-49.215255,-36.313473,-26.316527,-20.273628,-12.420855,7.368554,24.351259,28.730552,34.305447,50.96178,73.563352,95.873989,116.474452,135.129149,149.577451,159.238397,166.375785,171.873775,173.325799,168.103406,154.11261,132.871615,110.755176,90.821882,71.419665,52.33974,35.634237,21.18727,7.303905,-6.098977,-19.240626,-33.455577,-50.216669,-69.857061,-91.259438,-111.596813,-129.704331,-145.486411,-157.232589,-165.402812,-170.847044,-172.445849,-169.429601,-162.092667,-149.79719,-133.344939,-116.11635,-100.117687
20,2025-10-12 01:39:44,executed,-78.806145,-63.893932,-49.215255,-36.313473,-26.316527,-20.273628,-12.420855,7.368554,24.351259,28.730552,34.305447,50.96178,73.563352,95.873989,116.474452,135.129149,149.577451,159.238397,166.375785,171.873775,173.325799,168.103406,154.11261,132.871615,110.755176,90.821882,71.419665,52.33974,35.634237,21.18727,7.303905,-6.098977,-19.240626,-33.455577,-50.216669,-69.857061,-91.259438,-111.596813,-129.704331,-145.486411,-157.232589,-165.402812,-170.847044,-172.445849,-169.429601,-162.092667,-149.79719,-133.344939,-116.11635,-100.117687
20,2025-10-12 01:40:11,proposed,-11.712,-14.552,-2.676,1.246,-1.36,-2.712,1.194,1.224,1.224,1.224,1.224,1.224,1.224,1.224,1.224,1.224,1.224,1.224,1.224,1.224,1.224,1.224,1.224,1.224,1.224,1.224,1.224,1.224,1.224,1.224,1.224,1.224,1.224,1.224,1.224,1.224,1.224,1.224,1.224,1.224,1.224,1.224,1.224,1.224,1.224,1.224,1.224,1.224,1.224,1.224
21,2025-10-12 01:40:51,executed,-11.712,-14.552,-2.676,1.246,-1.36,-2.712,1.194,1.224,1.224,1.224,1.224,1.224,1.224,1.224,1.224,1.224,1.224,1.224,1.224,1.224,1.224,1.224,1.224,1.224,1.224,1.224,1.224,1.224,1.224,1.224,1.224,1.224,1.224,1.224,1.224,1.224,1.224,1.224,1.224,1.224,1.224,1.224,1.224,1.224,1.224,1.224,1.224,1.224,1.224,1.224
21,2025-10-12 01:41:10,proposed,-74.993855,-59.885069,-45.206646,-32.306527,-22.309473,-14.273628,-2.420855,17.368554,34.351259,38.730552,44.305447,60.96178,83.563352,105.873989,126.474452,145.129149,159.577451,169.238397,176.375785,181.873775,183.325799,178.103406,164.11261,142.871615,120.755176,100.821882,81.419665,62.33974,45.634237,31.18727,17.303905,-6.098977,-19.240626,-33.455577,-50.216669,-69.857061,-91.259438,-111.596813,-129.704331,-145.486411,-157.232589,-165.402812,-170.847044,-172.445849,-169.429601,-162.092667,-149.79719,-133.344939,-116.11635,-100.117687
22,2025-10-12 01:41:50,executed,-74.993855,-59.885069,-45.206646,-32.306527,-22.309473,-14.273628,-2.420855,17.368554,34.351259,38.730552,44.305447,60.96178,83.563352,105.873989,126.474452,145.129149,159.577451,169.238397,176.375785,181.873775,183.325799,178.103406,164.11261,142.871615,120.755176,100.821882,81.419665,62.33974,45.634237,31.18727,17.303905,-6.098977,-19.240626,-33.455577,-50.216669,-69.857061,-91.259438,-111.596813,-129.704331,-145.486411,-157.232589,-165.402812,-170.847044,-172.445849,-169.429601,-162.092667,-149.79719,-133.344939,-116.11635,-100.117687
22,2025-10-12 01:42:17,proposed,-64.993855,-79.885069,-65.206646,-52.306527,-42.309473,-34.273628,-22.420855,-17.368554,-34.351259,-38.730552,-44.305447,-60.96178,-83.563352,-105.873989,-126.474452,-145.129149,-159.577451,-169.238397,-176.375785,-181.873775,-183.325799,-178.103406,-164.11261,-142.871615,-120.755176,-100.821882,-81.419665,-62.33974,-45.634237,-31.18727,-7.303905,6.098977,19.240626,33.455577,50.216669,69.857061,91.259438,111.596813,129.704331,145.486411,157.232589,165.402812,170.847044,172.445849,169.429601,162.092667,149.79719,133.344939,116.11635,100.117687
23,2025-10-12 01:42:57,executed,-64.993855,-79.885069,-65.206646,-52.306527,-42.309473,-34.273628,-22.420855,-17.368554,-34.351259,-38.730552,-44.305447,-60.96178,-83.563352,-105.873989,-126.474452,-145.129149,-159.577451,-169.238397,-176.375785,-181.873775,-183.325799,-178.103406,-164.11261,-142.871615,-120.755176,-100.821882,-81.419665,-62.33974,-45.634237,-31.18727,-7.303905,6.098977,19.240626,33.455577,50.216669,69.857061,91.259438,111.596813,129.704331,145.486411,157.232589,165.402812,170.847044,172.445849,169.429601,162.092667,149.79719,133.344939,116.11635,100.117687
23,2025-10-12 01:43:10,proposed,84.993855,69.885069,55.206646,42.306527,32.309473,24.273628,12.420855,-7.368554,-24.351259,-28.730552,-34.305447,-50.96178,-73.563352,-95.873989,-116.474452,-135.129149,-149.577451,-159.238397,-166.375785,-171.873775,-173.325799,-168.103406,-154.11261,-132.871615,-110.755176,-90.821882,-71.419665,-52.33974,-35.634237,-21.18727,-7.303905,6.098977,19.240626,33.455577,50.216669,69.857061,91.259438,111.596813,129.704331,145.486411,157.232589,165.402812,170.847044,172.445849,169.429601,162.092667,149.79719,133.344939,116.11635,100.117687
24,2025-10-12 01:43:50,executed,84.993855,69.885069,55.206646,42.306527,32.309473,24.273628,12.420855,-7.368554,-24.351259,-28.730552,-34.305447,-50.96178,-73.563352,-95.873989,-116.474452,-135.129149,-149.577451,-159.238397,-166.375785,-171.873775,-173.325799,-168.103406,-154.11261,-132.871615,-110.755176,-90.821882,-71.419665,-52.33974,-35.634237,-21.18727,-7.303905,6.098977,19.240626,33.455577,50.216669,69.857061,91.259438,111.596813,129.704331,145.486411,157.232589,165.402812,170.847044,172.445849,169.429601,162.092667,149.79719,133.344939,116.11635,100.117687
24,2025-10-12 01:44:09,proposed,-94.993855,-79.885069,-65.206646,-52.306527,-42.309473,-34.273628,-22.420855,-17.368554,-34.351259,-38.730552,-44.305447,-60.96178,-83.563352,-105.873989,-126.474452,-145.129149,-159.577451,-169.238397,-176.375785,-181.873775,-183.325799,-178.103406,-164.11261,-142.871615,-120.755176,-100.821882,-81.419665,-62.33974,-45.634237,-31.18727,17.303905,16.098977,29.240626,43.455577,60.216669,79.857061,101.259438,121.596813,139.704331,155.486411,167.232589,175.402812,180.847044,182.445849,179.429601,172.092667,159.79719,143.344939,126.11635,110.117687
25,2025-10-12 01:44:49,executed,-94.993855,-79.885069,-65.206646,-52.306527,-42.309473,-34.273628,-22.420855,-17.368554,-34.351259,-38.730552,-44.305447,-60.96178,-83.563352,-105.873989,-126.474452,-145.129149,-159.577451,-169.238397,-176.375785,-181.873775,-183.325799,-178.103406,-164.11261,-142.871615,-120.755176,-100.821882,-81.419665,-62.33974,-45.634237,-31.18727,17.303905,16.098977,29.240626,43.455577,60.216669,79.857061,101.259438,121.596813,139.704331,155.486411,167.232589,175.402812,180.847044,182.445849,179.429601,172.092667,159.79719,143.344939,126.11635,110.117687
25,2025-10-12 01:45:08,proposed,44.993855,54.885069,45.206646,32.306527,22.309473,14.273628,2.420855,2.631446,5.648741,1.269448,-4.305447,-10.96178,-13.563352,-15.873989,-16.474452,-15.129149,-9.422549,-9.238397,-6.624215,-1.126225,3.325799,11.896594,15.88739,17.128385,19.244824,21.178118,22.580335,22.66026,20.365763,16.81273,12.696095,12.098977,15.240626,23.455577,30.216669,39.857061,51.259438,61.596813,69.704331,75.486411,77.232589,75.402812,72.847044,70.445849,64.429601,57.092667,49.79719,43.344939,36.11635,30.117687
26,2025-10-12 01:45:48,executed,44.993855,54.885069,45.206646,32.306527,22.309473,14.273628,2.420855,2.631446,5.648741,1.269448,-4.305447,-10.96178,-13.563352,-15.873989,-16.474452,-15.129149,-9.422549,-9.238397,-6.624215,-1.126225,3.325799,11.896594,15.88739,17.128385,19.244824,21.178118,22.580335,22.66026,20.365763,16.81273,12.696095,12.098977,15.240626,23.455577,30.216669,39.857061,51.259438,61.596813,69.704331,75.486411,77.232589,75.402812,72.847044,70.445849,64.429601,57.092667,49.79719,43.344939,36.11635,30.117687
26,2025-10-12 01:46:08,proposed,-11.678,6.547749999999999,29.054499999999994,53.070750000000004,70.92699999999999,69.2085,41.74799999999998,0.020000000000043983,-44.829,-86.91550000000002,-120.59825,-138.507,-134.7715,-107.38312500000002,-51.09900000000013,25.914,108.477,186.0574999999999,169.72075,-2.991874999999995,18.47699999999997,41.81325,64.6175,72.82950000000001,57.669,36.441,-6.873999999999999,-51.49249999999999,-93.08850000000001,-124.29050000000001,-139.46375,-43.5907499999999,3.2282499999999783,25.427,49.31825000000001,69.38399999999999,71.2515,47.05499999999998,6.914000000000016,-37.925499999999914,-80.7425,-116.906,-136.55499999999998,-107.41625,-2.991874999999995,18.47699999999997,41.81325,64.6175,72.82950000000001,57.669
27,2025-10-12 01:46:48,executed,-11.678,6.547749999999999,29.054499999999994,53.070750000000004,70.92699999999999,69.2085,41.74799999999998,0.020000000000043983,-44.829,-86.91550000000002,-120.59825,-138.507,-134.7715,-107.38312500000002,-51.09900000000013,25.914,108.477,186.0574999999999,169.72075,-2.991874999999995,18.47699999999997,41.81325,64.6175,72.82950000000001,57.669,36.441,-6.873999999999999,-51.49249999999999,-93.08850000000001,-124.29050000000001,-139.46375,-43.5907499999999,3.2282499999999783,25.427,49.31825000000001,69.38399999999999,71.2515,47.05499999999998,6.914000000000016,-37.925499999999914,-80.7425,-116.906,-136.55499999999998,-107.41625,-2.991874999999995,18.47699999999997,41.81325,64.6175,72.82950000000001,57.669
27,2025-10-12 01:47:10,proposed,74.993855,59.885069,45.206646,32.306527,22.309473,14.273628,2.420855,-17.368554,-34.351259,-38.730552,-44.305447,-60.96178,-83.563352,-105.873989,-126.474452,-145.129149,-159.577451,-169.238397,-176.375785,-181.873775,-183.325799,-178.103406,-164.11261,-142.871615,-120.755176,-100.821882,-81.419665,-62.33974,-45.634237,-31.18727,-17.303905,-3.901023,9.240626,23.455577,40.216669,59.857061,81.259438,101.596813,119.704331,135.486411,147.232589,155.402812,160.847044,162.445849,159.429601,152.092667,139.79719,123.344939,106.11635,90.117687
28,2025-10-12 01:47:50,executed,74.993855,59.885069,45.206646,32.306527,22.309473,14.273628,2.420855,-17.368554,-34.351259,-38.730552,-44.305447,-60.96178,-83.563352,-105.873989,-126.474452,-145.129149,-159.577451,-169.238397,-176.375785,-181.873775,-183.325799,-178.103406,-164.11261,-142.871615,-120.755176,-100.821882,-81.419665,-62.33974,-45.634237,-31.18727,-17.303905,-3.901023,9.240626,23.455577,40.216669,59.857061,81.259438,101.596813,119.704331,135.486411,147.232589,155.402812,160.847044,162.445849,159.429601,152.092667,139.79719,123.344939,106.11635,90.117687
28,2025-10-12 01:48:10,proposed,74.993855,45.206646,22.309473,2.420855,-34.351259,-44.305447,-83.563352,-126.474452,-159.577451,-176.375785,-183.325799,-164.11261,-120.755176,-81.419665,-45.634237,-17.303905,9.240626,40.216669,82.259438,120.704331,148.232589,161.847044,160.429601,140.79719,107.11635,91.117687,19.930115,8.37642,-11.405373,-58.735428,-74.551031,-56.935136,-60.045511,-56.18576,-40.488875,-16.711548,5.321992,12.042474,12.853485,10.192582,6.428395,-3.927898,-20.14084,-26.831035,-29.392738,-28.075108,-18.418171,-4.41885,7.18374,11.655942
29,2025-10-12 01:48:50,executed,74.993855,45.206646,22.309473,2.420855,-34.351259,-44.305447,-83.563352,-126.474452,-159.577451,-176.375785,-183.325799,-164.11261,-120.755176,-81.419665,-45.634237,-17.303905,9.240626,40.216669,82.259438,120.704331,148.232589,161.847044,160.429601,140.79719,107.11635,91.117687,19.930115,8.37642,-11.405373,-58.735428,-74.551031,-56.935136,-60.045511,-56.18576,-40.488875,-16.711548,5.321992,12.042474,12.853485,10.192582,6.428395,-3.927898,-20.14084,-26.831035,-29.392738,-28.075108,-18.418171,-4.41885,7.18374,11.655942
29,2025-10-12 01:49:11,proposed,-85.283,-69.985,-55.207,-42.307,-32.31,-24.274,-12.421,7.368,24.351,28.731,34.306,50.962,73.564,95.874,116.475,135.13,149.578,159.239,166.376,171.874,173.326,168.104,154.113,132.872,110.756,90.822,71.42,52.34,35.635,21.188,7.304,-6.1,-19.241,-33.456,-50.217,-69.858,-91.26,-111.597,-129.705,-145.487,-157.233,-165.403,-170.848,-172.446,-169.43,-162.093,-149.798,-133.345,-116.117,-100.118
30,2025-10-12 01:49:51,executed,-85.283,-69.985,-55.207,-42.307,-32.31,-24.274,-12.421,7.368,24.351,28.731,34.306,50.962,73.564,95.874,116.475,135.13,149.578,159.239,166.376,171.874,173.326,168.104,154.113,132.872,110.756,90.822,71.42,52.34,35.635,21.188,7.304,-6.1,-19.241,-33.456,-50.217,-69.858,-91.26,-111.597,-129.705,-145.487,-157.233,-165.403,-170.848,-172.446,-169.43,-162.093,-149.798,-133.345,-116.117,-100.118
30,2025-10-12 01:50:17,proposed,74.993855,44.66914104166666,21.63981925,-0.05282112500000302,-35.08114116666667,-47.775516375,-89.14101125,-131.91540529166667,-162.79776633333333,-178.43753125,-181.14980191666666,-154.37715395833328,-110.78852900000001,-71.08470562499997,-37.20683958333338,-8.927103749999945,18.717260000000003,54.128613333333334,96.51246925000005,132.19847766666672,154.04110816666667,162.245998375,152.70407816666665,124.03044945833335,90.117687,24.254739,14.415438,0.45545799999999903,-25.062408000000005,-70.200826,-49.21952579166667,-49.28363775,-48.393947375,-36.586801666666666,-14.776475124999983,10.067695416666666,23.353656208333337,23.9916915,15.69358674999999,3.1448490000000175,-10.68408537500003,-26.457855666666667,-40.508288916666665,-45.886204750000005,-42.10046029166666,-26.29847133333333,-3.5585936249999843,19.528961166666697,29.294562916666663,26.560793
31,2025-10-12 01:50:57,executed,74.993855,44.66914104166666,21.63981925,-0.05282112500000302,-35.08114116666667,-47.775516375,-89.14101125,-131.91540529166667,-162.79776633333333,-178.43753125,-181.14980191666666,-154.37715395833328,-110.78852900000001,-71.08470562499997,-37.20683958333338,-8.927103749999945,18.717260000000003,54.128613333333334,96.51246925000005,132.19847766666672,154.04110816666667,162.245998375,152.70407816666665,124.03044945833335,90.117687,24.254739,14.415438,0.45545799999999903,-25.062408000000005,-70.200826,-49.21952579166667,-49.28363775,-48.393947375,-36.586801666666666,-14.776475124999983,10.067695416666666,23.353656208333337,23.9916915,15.69358674999999,3.1448490000000175,-10.68408537500003,-26.457855666666667,-40.508288916666665,-45.886204750000005,-42.10046029166666,-26.29847133333333,-3.5585936249999843,19.528961166666697,29.294562916666663,26.560793
31,2025-10-12 01:51:10,proposed,79.993855,64.885069,50.206646,37.306527,27.309473,19.273628,7.420855,-12.368554,-29.351259,-33.730552,-39.305447,-55.96178,-78.563352,-100.873989,-121.474452,-140.129149,-154.577451,-164.238397,-171.375785,-176.873775,-178.325799,-173.103406,-159.11261,-137.871615,-115.755176,-95.821882,-76.419665,-57.33974,-40.634237,-26.18727,-12.303905,1.098977,14.240626,28.455577,45.216669,64.857061,86.259438,106.596813,124.704331,140.486411,152.232589,160.402812,165.847044,167.445849,164.429601,157.092667,144.79719,128.344939,111.11635,95.117687
32,2025-10-12 01:51:50,executed,79.993855,64.885069,50.206646,37.306527,27.309473,19.273628,7.420855,-12.368554,-29.351259,-33.730552,-39.305447,-55.96178,-78.563352,-100.873989,-121.474452,-140.129149,-154.577451,-164.238397,-171.375785,-176.873775,-178.325799,-173.103406,-159.11261,-137.871615,-115.755176,-95.821882,-76.419665,-57.33974,-40.634237,-26.18727,-12.303905,1.098977,14.240626,28.455577,45.216669,64.857061,86.259438,106.596813,124.704331,140.486411,152.232589,160.402812,165.847044,167.445849,164.429601,157.092667,144.79719,128.344939,111.11635,95.117687
32,2025-10-12 01:52:08,proposed,82.993855,67.885069,53.206646,40.306527,30.309473,22.273628,10.420855,-9.368554,-26.351259,-30.730552,-36.305447,-52.96178,-75.563352,-97.873989,-118.474452,-137.129149,-151.577451,-161.238397,-168.375785,-173.873775,-175.325799,-170.103406,-156.11261,-134.871615,-112.755176,-92.821882,-73.419665,-54.33974,-37.634237,-23.18727,-9.303905,4.098977,17.240626,31.455577,48.216669,67.857061,89.259438,109.596813,127.704331,143.486411,155.232589,163.402812,168.847044,170.445849,167.429601,160.092667,147.79719,131.344939,114.11635,98.117687
33,2025-10-12 01:52:48,executed,82.993855,67.885069,53.206646,40.306527,30.309473,22.273628,10.420855,-9.368554,-26.351259,-30.730552,-36.305447,-52.96178,-75.563352,-97.873989,-118.474452,-137.129149,-151.577451,-161.238397,-168.375785,-173.873775,-175.325799,-170.103406,-156.11261,-134.871615,-112.755176,-92.821882,-73.419665,-54.33974,-37.634237,-23.18727,-9.303905,4.098977,17.240626,31.455577,48.216669,67.857061,89.259438,109.596813,127.704331,143.486411,155.232589,163.402812,168.847044,170.445849,167.429601,160.092667,147.79719,131.344939,114.11635,98.117687
33,2025-10-12 01:53:08,proposed,-85.993855,-69.885069,-55.206646,-42.306527,-32.309473,-24.273628,-12.420855,7.368554,24.351259,28.730552,34.305447,50.96178,73.563352,95.873989,116.474452,135.129149,149.577451,159.238397,166.375785,171.873775,173.325799,168.103406,154.11261,132.871615,110.755176,90.821882,71.419665,52.33974,35.634237,21.18727,7.303905,-6.098977,-19.240626,-33.455577,-50.216669,-69.857061,-91.259438,-111.596813,-129.704331,-145.486411,-157.232589,-165.402812,-170.847044,-172.445849,-169.429601,-162.092667,-149.79719,-133.344939,-116.11635,-100.117687
34,2025-10-12 01:53:48,executed,-85.993855,-69.885069,-55.206646,-42.306527,-32.309473,-24.273628,-12.420855,7.368554,24.351259,28.730552,34.305447,50.96178,73.563352,95.873989,116.474452,135.129149,149.577451,159.238397,166.375785,171.873775,173.325799,168.103406,154.11261,132.871615,110.755176,90.821882,71.419665,52.33974,35.634237,21.18727,7.303905,-6.098977,-19.240626,-33.455577,-50.216669,-69.857061,-91.259438,-111.596813,-129.704331,-145.486411,-157.232589,-165.402812,-170.847044,-172.445849,-169.429601,-162.092667,-149.79719,-133.344939,-116.11635,-100.117687
34,2025-10-12 01:54:16,proposed,-11.92,-12.23,-11.83,-10.73,-8.94,-6.48,-3.37,0.21,4.11,8.21,12.3,16.16,19.67,22.72,25.2,27.09,28.3,28.79,28.57,27.64,26.02,23.73,20.8,17.25,13.12,8.44,3.24,-2.3,-8.12,-14.04,-19.9,-25.52,-30.71,-35.31,-39.16,-42.13,-44.1,-44.96,-44.69,-43.29,-40.77,-37.14,-32.43,-26.67,-19.91,-12.2,-3.67,5.64,15.69,26.31
35,2025-10-12 01:54:56,executed,-11.92,-12.23,-11.83,-10.73,-8.94,-6.48,-3.37,0.21,4.11,8.21,12.3,16.16,19.67,22.72,25.2,27.09,28.3,28.79,28.57,27.64,26.02,23.73,20.8,17.25,13.12,8.44,3.24,-2.3,-8.12,-14.04,-19.9,-25.52,-30.71,-35.31,-39.16,-42.13,-44.1,-44.96,-44.69,-43.29,-40.77,-37.14,-32.43,-26.67,-19.91,-12.2,-3.67,5.64,15.69,26.31
35,2025-10-12 01:55:15,proposed,79.993855,64.885069,50.206646,37.306527,27.309473,19.273628,7.420855,-12.368554,-29.351259,-33.730552,-39.305447,-55.96178,-78.563352,-100.873989,-121.474452,-140.129149,-154.577451,-164.238397,-171.375785,-176.873775,-178.325799,-173.103406,-159.11261,-137.871615,-115.755176,-95.821882,-76.419665,-57.33974,-40.634237,-26.18727,-12.303905,1.098977,14.240626,28.455577,45.216669,64.857061,86.259438,106.596813,124.704331,140.486411,152.232589,160.402812,165.847044,167.445849,164.429601,157.092667,144.79719,128.344939,111.11635,95.117687
36,2025-10-12 01:55:55,executed,79.993855,64.885069,50.206646,37.306527,27.309473,19.273628,7.420855,-12.368554,-29.351259,-33.730552,-39.305447,-55.96178,-78.563352,-100.873989,-121.474452,-140.129149,-154.577451,-164.238397,-171.375785,-176.873775,-178.325799,-173.103406,-159.11261,-137.871615,-115.755176,-95.821882,-76.419665,-57.33974,-40.634237,-26.18727,-12.303905,1.098977,14.240626,28.455577,45.216669,64.857061,86.259438,106.596813,124.704331,140.486411,152.232589,160.402812,165.847044,167.445849,164.429601,157.092667,144.79719,128.344939,111.11635,95.117687
36,2025-10-12 01:56:17,proposed,-101.878,-83.896,-66.706,-50.305,-34.693,-19.87,-5.836,7.348,18.852,27.667,33.793,37.23,37.978,36.036,31.405,24.084,14.074,1.374,-13.616,-30.996,-48.066,-64.826,-81.276,-97.416,-113.246,-128.766,-143.976,-158.876,-173.466,-187.746,-139.464,-114.571,-89.678,-64.785,-39.892,-14.999,9.894,34.787,59.68,84.573,109.466,134.359,159.252,184.145,186.057,161.164,136.271,111.378,86.485,61.592
37,2025-10-12 01:56:57,executed,-101.878,-83.896,-66.706,-50.305,-34.693,-19.87,-5.836,7.348,18.852,27.667,33.793,37.23,37.978,36.036,31.405,24.084,14.074,1.374,-13.616,-30.996,-48.066,-64.826,-81.276,-97.416,-113.246,-128.766,-143.976,-158.876,-173.466,-187.746,-139.464,-114.571,-89.678,-64.785,-39.892,-14.999,9.894,34.787,59.68,84.573,109.466,134.359,159.252,184.145,186.057,161.164,136.271,111.378,86.485,61.592
37,2025-10-12 01:57:16,proposed,-24.996,-12.942,-1.368,8.961,17.855,24.674,28.882,29.985,27.525,21.077,10.348,-3.428,-20.589,-38.746,-56.137,-71.043,-81.755,-87.096,-88.091,-86.024,-82.312,-78.348,-74.426,-70.586,-66.768,-62.792,-58.362,-53.09,-46.607,-38.655,-29.003,-17.542,-4.209,10.578,26.427,42.328,57.996,72.056,83.133,89.962,91.293,87.101,78.059,65.024,49.137,31.616,13.655,-3.831,-20.849,-36.554
38,2025-10-12 01:57:56,executed,-24.996,-12.942,-1.368,8.961,17.855,24.674,28.882,29.985,27.525,21.077,10.348,-3.428,-20.589,-38.746,-56.137,-71.043,-81.755,-87.096,-88.091,-86.024,-82.312,-78.348,-74.426,-70.586,-66.768,-62.792,-58.362,-53.09,-46.607,-38.655,-29.003,-17.542,-4.209,10.578,26.427,42.328,57.996,72.056,83.133,89.962,91.293,87.101,78.059,65.024,49.137,31.616,13.655,-3.831,-20.849,-36.554
38,2025-10-12 01:58:09,proposed,74.993855,59.885069,45.206646,32.306527,22.309473,14.273628,2.420855,-17.368554,-34.351259,-38.730552,-44.305447,-60.96178,-83.563352,-105.873989,-126.474452,-145.129149,-159.577451,-169.238397,-176.375785,-181.873775,-183.325799,-178.103406,-164.11261,-142.871615,-120.755176,-100.821882,-81.419665,-62.33974,-45.634237,-31.18727,-17.303905,-3.901023,9.240626,23.455577,40.216669,59.857061,81.259438,101.596813,119.704331,135.486411,147.232589,155.402812,160.847044,162.445849,159.429601,152.092667,139.79719,123.344939,106.11635,90.117687
39,2025-10-12 01:58:49,executed,74.993855,59.885069,45.206646,32.306527,22.309473,14.273628,2.420855,-17.368554,-34.351259,-38.730552,-44.305447,-60.96178,-83.563352,-105.873989,-126.474452,-145.129149,-159.577451,-169.238397,-176.375785,-181.873775,-183.325799,-178.103406,-164.11261,-142.871615,-120.755176,-100.821882,-81.419665,-62.33974,-45.634237,-31.18727,-17.303905,-3.901023,9.240626,23.455577,40.216669,59.857061,81.259438,101.596813,119.704331,135.486411,147.232589,155.402812,160.847044,162.445849,159.429601,152.092667,139.79719,123.344939,106.11635,90.117687
39,2025-10-12 01:59:09,proposed,79.993855,64.885069,50.206646,37.306527,27.309473,19.273628,7.420855,-12.368554,-29.351259,-33.730552,-39.305447,-55.96178,-78.563352,-100.873989,-121.474452,-140.129149,-154.577451,-164.238397,-171.375785,-176.873775,-178.325799,-173.103406,-159.11261,-137.871615,-115.755176,-95.821882,-76.419665,-57.33974,-40.634237,-26.18727,-12.303905,1.098977,14.240626,28.455577,45.216669,64.857061,86.259438,106.596813,124.704331,140.486411,152.232589,160.402812,165.847044,167.445849,164.429601,157.092667,144.79719,128.344939,111.11635,95.117687
40,2025-10-12 01:59:49,executed,79.993855,64.885069,50.206646,37.306527,27.309473,19.273628,7.420855,-12.368554,-29.351259,-33.730552,-39.305447,-55.96178,-78.563352,-100.873989,-121.474452,-140.129149,-154.577451,-164.238397,-171.375785,-176.873775,-178.325799,-173.103406,-159.11261,-137.871615,-115.755176,-95.821882,-76.419665,-57.33974,-40.634237,-26.18727,-12.303905,1.098977,14.240626,28.455577,45.216669,64.857061,86.259438,106.596813,124.704331,140.486411,152.232589,160.402812,165.847044,167.445849,164.429601,157.092667,144.79719,128.344939,111.11635,95.117687
40,2025-10-12 02:00:09,proposed,-7.477,-13.314,-20.926,-29.223,-37.215,-43.912,-48.424,-50.061,-48.233,-42.55,-32.822,-19.95,-4.843,11.888,29.524,46.575,61.541,73.022,80.618,83.03,80.167,72.129,59.216,42.028,21.265,-2.463,-27.159,-51.02,-72.347,-90.43,-104.668,-114.551,-120.07,-121.623,-119.811,-115.334,-108.892,-101.185,-92.913,-84.676,-76.974,-70.207,-64.675,-60.578,-57.916,-56.589,-56.397,-57.04,-58.218,-59.631
41,2025-10-12 02:00:49,executed,-7.477,-13.314,-20.926,-29.223,-37.215,-43.912,-48.424,-50.061,-48.233,-42.55,-32.822,-19.95,-4.843,11.888,29.524,46.575,61.541,73.022,80.618,83.03,80.167,72.129,59.216,42.028,21.265,-2.463,-27.159,-51.02,-72.347,-90.43,-104.668,-114.551,-120.07,-121.623,-119.811,-115.334,-108.892,-101.185,-92.913,-84.676,-76.974,-70.207,-64.675,-60.578,-57.916,-56.589,-56.397,-57.04,-58.218,-59.631
41,2025-10-12 02:01:11,proposed,-10.736,-10.294,-9.853,-9.412,-8.971,-8.53,-8.089,-7.648000000000001,-7.207,-6.766,-6.325,-5.8839999999999995,-5.443,-5.002,-4.561000000000001,-4.119999999999999,-3.6790000000000003,-3.238,-2.7969999999999993,-2.3559999999999994,-1.915,-1.4739999999999998,-1.0329999999999993,-0.5920000000000003,-0.151,-10.736,-10.294,-9.853,-9.412,-8.971,-8.53,-8.089,-7.648000000000001,-7.207,-6.766,-6.325,-5.8839999999999995,-5.443,-5.002,-4.561000000000001,-4.119999999999999,-3.6790000000000003,-3.238,-2.7969999999999993,-2.3559999999999994,-1.915,-1.4739999999999998,-1.0329999999999993,-0.5920000000000003,-0.151
42,2025-10-12 02:01:51,executed,-10.736,-10.294,-9.853,-9.412,-8.971,-8.53,-8.089,-7.648000000000001,-7.207,-6.766,-6.325,-5.8839999999999995,-5.443,-5.002,-4.561000000000001,-4.119999999999999,-3.6790000000000003,-3.238,-2.7969999999999993,-2.3559999999999994,-1.915,-1.4739999999999998,-1.0329999999999993,-0.5920000000000003,-0.151,-10.736,-10.294,-9.853,-9.412,-8.971,-8.53,-8.089,-7.648000000000001,-7.207,-6.766,-6.325,-5.8839999999999995,-5.443,-5.002,-4.561000000000001,-4.119999999999999,-3.6790000000000003,-3.238,-2.7969999999999993,-2.3559999999999994,-1.915,-1.4739999999999998,-1.0329999999999993,-0.5920000000000003,-0.151
42,2025-10-12 02:02:11,proposed,84.893855,69.785069,55.106646,42.206527,32.209473,24.173628,12.320855,-7.468554,-24.451259,-28.830552,-34.405447,-51.06178,-73.663352,-95.973989,-116.574452,-135.229149,-149.677451,-159.338397,-166.475785,-171.973775,-173.425799,-168.203406,-154.21261,-132.971615,-110.855176,-90.921882,-71.519665,-52.43974,-35.734237,-21.28727,-7.403905,5.998977,19.140626,33.355577,50.116669,69.757061,91.159438,111.496813,129.604331,145.386411,157.132589,165.302812,170.747044,172.345849,169.329601,161.992667,149.69719,133.244939,116.01635,100.017687
43,2025-10-12 02:02:51,executed,84.893855,69.785069,55.106646,42.206527,32.209473,24.173628,12.320855,-7.468554,-24.451259,-28.830552,-34.405447,-51.06178,-73.663352,-95.973989,-116.574452,-135.229149,-149.677451,-159.338397,-166.475785,-171.973775,-173.425799,-168.203406,-154.21261,-132.971615,-110.855176,-90.921882,-71.519665,-52.43974,-35.734237,-21.28727,-7.403905,5.998977,19.140626,33.355577,50.116669,69.757061,91.159438,111.496813,129.604331,145.386411,157.132589,165.302812,170.747044,172.345849,169.329601,161.992667,149.69719,133.244939,116.01635,100.017687
43,2025-10-12 02:03:13,proposed,-7.011,-1.893,-1.724,-1.747,-1.757,-1.759,-1.76,-1.76,-1.759,-1.758,-1.756,-1.754,-1.751,-1.748,-1.744,-1.739,-1.734,-1.728,-1.722,-1.715,-1.707,-1.699,-1.69,-1.68,-1.67,-1.659,-1.647,-1.635,-1.622,-1.609,1.609,1.622,1.635,1.647,1.659,1.67,1.68,1.69,1.699,1.707,1.715,1.722,1.728,1.734,1.739,1.744,1.748,1.751,1.754,1.756
44,2025-10-12 02:03:53,executed,-7.011,-1.893,-1.724,-1.747,-1.757,-1.759,-1.76,-1.76,-1.759,-1.758,-1.756,-1.754,-1.751,-1.748,-1.744,-1.739,-1.734,-1.728,-1.722,-1.715,-1.707,-1.699,-1.69,-1.68,-1.67,-1.659,-1.647,-1.635,-1.622,-1.609,1.609,1.622,1.635,1.647,1.659,1.67,1.68,1.69,1.699,1.707,1.715,1.722,1.728,1.734,1.739,1.744,1.748,1.751,1.754,1.756
44,2025-10-12 02:04:15,proposed,-7.303905,6.098977,19.240626,33.455577,50.216669,69.857061,91.259438,111.596813,129.704331,145.486411,157.232589,165.402812,170.847044,172.445849,169.429601,162.092667,149.79719,133.344939,116.11635,100.117687,34.254739,29.930115,24.678004,18.37642,11.170079,2.594627,-11.680548,-38.735428,-61.330785,-54.551031,-39.820681,-36.935136,-39.02968,-40.045511,-39.303201,-36.18576,-29.635765,-20.488875,-9.569289,2.788452,14.835595,24.992636,31.936633,35.02832,35.098438,32.884945,28.724358,23.129088,16.82561,10.515734
45,2025-10-12 02:04:55,executed,-7.303905,6.098977,19.240626,33.455577,50.216669,69.857061,91.259438,111.596813,129.704331,145.486411,157.232589,165.402812,170.847044,172.445849,169.429601,162.092667,149.79719,133.344939,116.11635,100.117687,34.254739,29.930115,24.678004,18.37642,11.170079,2.594627,-11.680548,-38.735428,-61.330785,-54.551031,-39.820681,-36.935136,-39.02968,-40.045511,-39.303201,-36.18576,-29.635765,-20.488875,-9.569289,2.788452,14.835595,24.992636,31.936633,35.02832,35.098438,32.884945,28.724358,23.129088,16.82561,10.515734
45,2025-10-12 02:05:16,proposed,-22.966,-10.075,1.603,13.376,24.451,34.93,44.912,54.5,63.792,72.883,81.872,90.857,99.935,109.102,118.456,128.092,138.007,148.2,158.668,169.401,180.396,186.057,175.174,161.641,145.454,126.61,105.104,80.932,54.089,24.571,-7.196,-39.231,-72.57,-107.21,-143.145,-180.37,-187.746,-162.245,-133.97,-102.915,-69.075,-32.445,6.008,46.758,89.701,134.933,182.45,177.25,169.33,158.68
46,2025-10-12 02:05:56,executed,-22.966,-10.075,1.603,13.376,24.451,34.93,44.912,54.5,63.792,72.883,81.872,90.857,99.935,109.102,118.456,128.092,138.007,148.2,158.668,169.401,180.396,186.057,175.174,161.641,145.454,126.61,105.104,80.932,54.089,24.571,-7.196,-39.231,-72.57,-107.21,-143.145,-180.37,-187.746,-162.245,-133.97,-102.915,-69.075,-32.445,6.008,46.758,89.701,134.933,182.45,177.25,169.33,158.68
46,2025-10-12 02:06:15,proposed,-22.47,-12.36,-1.03,10.33,22.07,35.31,49.25,63.09,75.93,86.87,95.01,99.65,99.99,95.33,85.07,68.61,45.35,14.69,-22.77,-66.33,-113.69,-162.35,-209.71,-253.17,-290.13,-318.09,-334.45,-336.51,-321.67,-287.33,-231.89,-153.75,-51.31,76.33,226.57,399.91,595.75,813.49,1052.53,1312.27,1592.11,1891.45,2209.79,2546.53,2901.07,3272.81,3661.15,4065.49,4485.23,4919.77
47,2025-10-12 02:06:55,executed,-22.47,-12.36,-1.03,10.33,22.07,35.31,49.25,63.09,75.93,86.87,95.01,99.65,99.99,95.33,85.07,68.61,45.35,14.69,-22.77,-66.33,-113.69,-162.35,-209.71,-253.17,-290.13,-318.09,-334.45,-336.51,-321.67,-287.33,-231.89,-153.75,-51.31,76.33,226.57,399.91,595.75,813.49,1052.53,1312.27,1592.11,1891.45,2209.79,2546.53,2901.07,3272.81,3661.15,4065.49,4485.23,4919.77
47,2025-10-12 02:07:35,proposed,-73.993855,-59.885069,-45.206646,-32.306527,-22.309473,-14.273628,-2.420855,17.368554,34.351259,38.730552,44.305447,60.96178,83.563352,105.873989,126.474452,145.129149,159.577451,169.238397,176.375785,181.873775,183.325799,178.103406,164.11261,142.871615,120.755176,100.821882,81.419665,62.33974,45.634237,31.18727,17.303905,-6.098977,-19.240626,-33.455577,-50.216669,-69.857061,-91.259438,-111.596813,-129.704331,-145.486411,-157.232589,-165.402812,-170.847044,-172.445849,-169.429601,-162.092667,-149.79719,-133.344939,-116.11635,-100.117687
48,2025-10-12 02:08:15,executed,-73.993855,-59.885069,-45.206646,-32.306527,-22.309473,-14.273628,-2.420855,17.368554,34.351259,38.730552,44.305447,60.96178,83.563352,105.873989,126.474452,145.129149,159.577451,169.238397,176.375785,181.873775,183.325799,178.103406,164.11261,142.871615,120.755176,100.821882,81.419665,62.33974,45.634237,31.18727,17.303905,-6.098977,-19.240626,-33.455577,-50.216669,-69.857061,-91.259438,-111.596813,-129.704331,-145.486411,-157.232589,-165.402812,-170.847044,-172.445849,-169.429601,-162.092667,-149.79719,-133.344939,-116.11635,-100.117687
48,2025-10-12 02:08:56,proposed,-42.4969275,-34.9425345,-27.603323,-21.1532635,-16.1547365,-12.136814,-6.2104275,3.684277,12.1756295,14.365276,17.1527235,25.48089,36.781676,47.9369945,58.237226,67.5645745,74.7887255,79.6191985,83.1878925,85.9368875,86.6628995,84.051703,77.056305,66.4358075,55.377588,45.410941,35.7098325,26.16987,17.8171185,10.593635,3.6519525,-3.0494885,-9.620313,-16.7277885,-25.1083345,-34.9285305,-45.629719,-55.7984065,-64.8521655,-72.7432055,-78.6162945,-82.701406,-85.423522,-86.2229245,-84.7148005,-81.0463335,-74.898595,-66.6724695,-58.058175,-50.0588435
49,2025-10-12 02:09:36,executed,-42.4969275,-34.9425345,-27.603323,-21.1532635,-16.1547365,-12.136814,-6.2104275,3.684277,12.1756295,14.365276,17.1527235,25.48089,36.781676,47.9369945,58.237226,67.5645745,74.7887255,79.6191985,83.1878925,85.9368875,86.6628995,84.051703,77.056305,66.4358075,55.377588,45.410941,35.7098325,26.16987,17.8171185,10.593635,3.6519525,-3.0494885,-9.620313,-16.7277885,-25.1083345,-34.9285305,-45.629719,-55.7984065,-64.8521655,-72.7432055,-78.6162945,-82.701406,-85.423522,-86.2229245,-84.7148005,-81.0463335,-74.898595,-66.6724695,-58.058175,-50.0588435
49,2025-10-12 02:10:04,proposed,-42.4969275,-34.9425345,-27.603323,-21.1532635,-16.1547365,-12.136814,-6.2104275,3.684277,12.1756295,14.365276,17.1527235,25.48089,36.781676,47.9369945,58.237226,67.5645745,74.7887255,79.6191985,83.1878925,85.9368875,86.6628995,84.051703,77.056305,66.4358075,55.377588,45.410941,35.7098325,26.16987,17.8171185,10.593635,3.6519525,-3.0494885,-9.620313,-16.7277885,-25.1083345,-34.9285305,-45.629719,-55.7984065,-64.8521655,-72.7432055,-78.6162945,-82.701406,-85.423522,-86.2229245,-84.7148005,-81.0463335,-74.898595,-66.6724695,-58.058175,-50.0588435
50,2025-10-12 02:10:44,executed,-42.4969275,-34.9425345,-27.603323,-21.1532635,-16.1547365,-12.136814,-6.2104275,3.684277,12.1756295,14.365276,17.1527235,25.48089,36.781676,47.9369945,58.237226,67.5645745,74.7887255,79.6191985,83.1878925,85.9368875,86.6628995,84.051703,77.056305,66.4358075,55.377588,45.410941,35.7098325,26.16987,17.8171185,10.593635,3.6519525,-3.0494885,-9.620313,-16.7277885,-25.1083345,-34.9285305,-45.629719,-55.7984065,-64.8521655,-72.7432055,-78.6162945,-82.701406,-85.423522,-86.2229245,-84.7148005,-81.0463335,-74.898595,-66.6724695,-58.058175,-50.0588435
50,2025-10-12 02:11:09,proposed,-21.222,-13.917,-6.979,0.083,6.945,13.746,20.351,26.624,32.429,37.629,42.088,45.671,48.242,49.676,50.0,49.168,47.135,43.88,39.401,33.705,26.81,18.754,9.586,-0.664,-11.045,-21.417,-31.634,-41.551,-51.024,-59.91,-68.065,-75.345,-81.606,-86.704,-90.506,-92.888,-93.736,-93.054,-90.855,-87.163,-82.014,-75.453,-67.535,-58.324,-47.896,-36.334,-23.733,-10.197,4.301,19.457
51,2025-10-12 02:11:49,executed,-21.222,-13.917,-6.979,0.083,6.945,13.746,20.351,26.624,32.429,37.629,42.088,45.671,48.242,49.676,50.0,49.168,47.135,43.88,39.401,33.705,26.81,18.754,9.586,-0.664,-11.045,-21.417,-31.634,-41.551,-51.024,-59.91,-68.065,-75.345,-81.606,-86.704,-90.506,-92.888,-93.736,-93.054,-90.855,-87.163,-82.014,-75.453,-67.535,-58.324,-47.896,-36.334,-23.733,-10.197,4.301,19.457
51,2025-10-12 02:12:13,proposed,-104.993855,-78.26465079166667,-56.47491216666667,-39.828838125000004,-30.19900483333332,-48.548081458333336,-66.79769675,-105.64828037499997,-142.69268433333332,-170.78506925,-185.78100266666667,-192.902292,-181.10800799999998,-146.42098695833332,-109.20503058333342,-74.724730625,-46.002925666666684,-22.16831300000003,-7.7943637500000005,-11.035018666666666,-47.69237516666665,-82.91401175,-110.38065183333333,-126.53702699999998,-132.445849,-129.429601,-112.35874770833334,-83.29492875,-57.9190815,-49.054763166666675,-38.638986,-24.738490000000002,-51.335274666666635,-84.070867,-64.459987875,-63.855134666666665,-63.811374750000006,-56.910762500000004,-41.30399575,-19.73644808333339,-1.9019941250000008,-10.11240899999999,-17.325863041666658,-20.85276125,-21.2376315,-17.116086333333335,-5.99437725,6.303553750000001,15.76759749999999,19.655942
52,2025-10-12 02:12:53,executed,-104.993855,-78.26465079166667,-56.47491216666667,-39.828838125000004,-30.19900483333332,-48.548081458333336,-66.79769675,-105.64828037499997,-142.69268433333332,-170.78506925,-185.78100266666667,-192.902292,-181.10800799999998,-146.42098695833332,-109.20503058333342,-74.724730625,-46.002925666666684,-22.16831300000003,-7.7943637500000005,-11.035018666666666,-47.69237516666665,-82.91401175,-110.38065183333333,-126.53702699999998,-132.445849,-129.429601,-112.35874770833334,-83.29492875,-57.9190815,-49.054763166666675,-38.638986,-24.738490000000002,-51.335274666666635,-84.070867,-64.459987875,-63.855134666666665,-63.811374750000006,-56.910762500000004,-41.30399575,-19.73644808333339,-1.9019941250000008,-10.11240899999999,-17.325863041666658,-20.85276125,-21.2376315,-17.116086333333335,-5.99437725,6.303553750000001,15.76759749999999,19.655942
52,2025-10-12 02:13:15,proposed,74.993855,59.885069,45.206646,32.306527,22.309473,14.273628,2.420855,-17.368554,-34.351259,-38.730552,-44.305447,-60.96178,-83.563352,-105.873989,-126.474452,-145.129149,-159.577451,-169.238397,-176.375785,-181.873775,-183.325799,-178.103406,-164.11261,-142.871615,-120.755176,-100.821882,-81.419665,-62.33974,-45.634237,-31.18727,-17.303905,-3.901023,9.240626,23.455577,40.216669,60.857061,82.259438,102.596813,120.704331,136.486411,148.232589,156.402812,161.847044,163.445849,160.429601,153.092667,140.79719,124.344939,107.11635,91.117687
53,2025-10-12 02:13:55,executed,74.993855,59.885069,45.206646,32.306527,22.309473,14.273628,2.420855,-17.368554,-34.351259,-38.730552,-44.305447,-60.96178,-83.563352,-105.873989,-126.474452,-145.129149,-159.577451,-169.238397,-176.375785,-181.873775,-183.325799,-178.103406,-164.11261,-142.871615,-120.755176,-100.821882,-81.419665,-62.33974,-45.634237,-31.18727,-17.303905,-3.901023,9.240626,23.455577,40.216669,60.857061,82.259438,102.596813,120.704331,136.486411,148.232589,156.402812,161.847044,163.445849,160.429601,153.092667,140.79719,124.344939,107.11635,91.117687
53,2025-10-12 02:14:12,proposed,-78.993855,-48.66914104166666,-25.63981925,-3.9471788749999974,31.08114116666667,43.775516375,85.14101125,127.91540529166666,158.79776633333333,174.43753125,177.14980191666666,150.37715395833328,106.78852900000001,67.08470562499997,33.20683958333338,2.322896249999946,-25.236073333333337,-60.62347,-103.38275025000006,-139.19847766666672,-161.29222516666667,-168.554001625,-158.92585533333332,-130.33621720833335,-96.417687,-34.254739,-24.415438,-10.455457999999998,15.062408000000005,60.200826,39.21952579166667,39.28363775,38.393947375,26.586801666666666,4.935136124999983,-19.067695416666666,-33.35365620833334,-33.9916915,-25.69358674999999,-13.144849000000018,0.05908537500002797,15.457855666666667,29.508288916666665,34.886204750000005,31.100460291666657,15.298471333333334,-7.441406375000016,-30.528961166666697,-40.29456291666666,-37.560793
54,2025-10-12 02:14:52,executed,-78.993855,-48.66914104166666,-25.63981925,-3.9471788749999974,31.08114116666667,43.775516375,85.14101125,127.91540529166666,158.79776633333333,174.43753125,177.14980191666666,150.37715395833328,106.78852900000001,67.08470562499997,33.20683958333338,2.322896249999946,-25.236073333333337,-60.62347,-103.38275025000006,-139.19847766666672,-161.29222516666667,-168.554001625,-158.92585533333332,-130.33621720833335,-96.417687,-34.254739,-24.415438,-10.455457999999998,15.062408000000005,60.200826,39.21952579166667,39.28363775,38.393947375,26.586801666666666,4.935136124999983,-19.067695416666666,-33.35365620833334,-33.9916915,-25.69358674999999,-13.144849000000018,0.05908537500002797,15.457855666666667,29.508288916666665,34.886204750000005,31.100460291666657,15.298471333333334,-7.441406375000016,-30.528961166666697,-40.29456291666666,-37.560793
54,2025-10-12 02:15:12,proposed,84.893855,69.785069,55.106646,42.206527,32.209473,24.173628,12.320855,-7.468554,-24.451259,-28.830552,-34.405447,-51.06178,-73.663352,-95.973989,-116.574452,-135.229149,-149.677451,-159.338397,-166.475785,-171.973775,-173.425799,-168.203406,-154.21261,-132.971615,-110.855176,-90.921882,-71.519665,-52.43974,-35.734237,-21.28727,-7.403905,5.998977,19.140626,33.355577,50.116669,69.757061,91.159438,111.496813,129.604331,145.386411,157.132589,165.302812,170.747044,172.345849,169.329601,161.992667,149.69719,133.244939,116.01635,100.017687
55,2025-10-12 02:15:52,executed,84.893855,69.785069,55.106646,42.206527,32.209473,24.173628,12.320855,-7.468554,-24.451259,-28.830552,-34.405447,-51.06178,-73.663352,-95.973989,-116.574452,-135.229149,-149.677451,-159.338397,-166.475785,-171.973775,-173.425799,-168.203406,-154.21261,-132.971615,-110.855176,-90.921882,-71.519665,-52.43974,-35.734237,-21.28727,-7.403905,5.998977,19.140626,33.355577,50.116669,69.757061,91.159438,111.496813,129.604331,145.386411,157.132589,165.302812,170.747044,172.345849,169.329601,161.992667,149.69719,133.244939,116.01635,100.017687
55,2025-10-12 02:16:12,proposed,85.093855,70.085069,55.506646,42.706527,32.809473,24.873628,13.120855,-6.868554,-23.751259,-28.130552,-33.705447,-50.36178,-72.963352,-95.273989,-115.874452,-134.529149,-148.977451,-158.638397,-165.775785,-171.273775,-172.725799,-167.503406,-153.51261,-132.271615,-110.155176,-90.221882,-70.819665,-51.73974,-35.034237,-20.58727,-6.703905,6.798977,20.040626,34.355577,51.116669,70.757061,92.159438,112.596813,130.704331,146.486411,158.232589,166.402812,171.847044,173.445849,170.429601,163.092667,150.79719,134.344939,117.11635,101.117687
56,2025-10-12 02:16:52,executed,85.093855,70.085069,55.506646,42.706527,32.809473,24.873628,13.120855,-6.868554,-23.751259,-28.130552,-33.705447,-50.36178,-72.963352,-95.273989,-115.874452,-134.529149,-148.977451,-158.638397,-165.775785,-171.273775,-172.725799,-167.503406,-153.51261,-132.271615,-110.155176,-90.221882,-70.819665,-51.73974,-35.034237,-20.58727,-6.703905,6.798977,20.040626,34.355577,51.116669,70.757061,92.159438,112.596813,130.704331,146.486411,158.232589,166.402812,171.847044,173.445849,170.429601,163.092667,150.79719,134.344939,117.11635,101.117687
56,2025-10-12 02:17:14,proposed,42.4969275,27.33457052083333,15.819909624999998,4.9735894374999985,-12.540570583333333,-18.8877581875,-39.570505625,-60.95770264583333,-76.39888316666666,-84.218765625,-85.57490095833333,-72.18857697916664,-50.394264500000006,-30.542352812499985,-13.603419791666687,0.5364481250000273,14.358629999999998,32.06430666666667,53.256234625000026,71.09923883333336,82.02055408333334,86.1229991875,81.35203908333332,67.01522472916668,50.0588435,17.1273695,12.207719,5.227728999999999,-7.5312040000000025,-30.100413,-19.609762895833335,-19.641818875,-19.1969736875,-13.293400833333333,-2.4675680624999914,9.533847708333333,16.67682810416667,16.99584575,12.846793374999995,6.572428666666675,-0.029542687500013987,-7.7289278333333336,-14.754144458333332,-17.568102375,-15.550230145833329,-7.649235666666667,3.720703187500008,15.264479750000014,20.14728145833333,18.7803965
57,2025-10-12 02:17:54,executed,42.4969275,27.33457052083333,15.819909624999998,4.9735894374999985,-12.540570583333333,-18.8877581875,-39.570505625,-60.95770264583333,-76.39888316666666,-84.218765625,-85.57490095833333,-72.18857697916664,-50.394264500000006,-30.542352812499985,-13.603419791666687,0.5364481250000273,14.358629999999998,32.06430666666667,53.256234625000026,71.09923883333336,82.02055408333334,86.1229991875,81.35203908333332,67.01522472916668,50.0588435,17.1273695,12.207719,5.227728999999999,-7.5312040000000025,-30.100413,-19.609762895833335,-19.641818875,-19.1969736875,-13.293400833333333,-2.4675680624999914,9.533847708333333,16.67682810416667,16.99584575,12.846793374999995,6.572428666666675,-0.029542687500013987,-7.7289278333333336,-14.754144458333332,-17.568102375,-15.550230145833329,-7.649235666666667,3.720703187500008,15.264479750000014,20.14728145833333,18.7803965
57,2025-10-12 02:18:12,proposed,-20.0,-16.0,-12.0,-8.0,-4.0,0.0,4.0,8.0,12.0,16.0,20.0,24.0,28.0,32.0,36.0,40.0,44.0,48.0,52.0,56.0,60.0,56.0,52.0,48.0,44.0,-20.0,-16.0,-12.0,-8.0,-4.0,0.0,4.0,8.0,12.0,16.0,20.0,24.0,28.0,32.0,36.0,40.0,44.0,48.0,52.0,56.0,60.0,56.0,52.0,48.0,44.0
58,2025-10-12 02:18:52,executed,-20.0,-16.0,-12.0,-8.0,-4.0,0.0,4.0,8.0,12.0,16.0,20.0,24.0,28.0,32.0,36.0,40.0,44.0,48.0,52.0,56.0,60.0,56.0,52.0,48.0,44.0,-20.0,-16.0,-12.0,-8.0,-4.0,0.0,4.0,8.0,12.0,16.0,20.0,24.0,28.0,32.0,36.0,40.0,44.0,48.0,52.0,56.0,60.0,56.0,52.0,48.0,44.0
58,2025-10-12 02:19:17,proposed,42.4969275,34.9425345,27.603323,21.1532635,16.1547365,12.136814,6.2104275,-3.684277,-12.1756295,-14.365276,-17.1527235,-25.48089,-36.781676,-47.9369945,-58.237226,-67.5645745,-74.7887255,-79.6191985,-83.1878925,-85.9368875,-86.6628995,-84.051703,-77.056305,-66.4358075,-55.377588,-45.410941,-35.7098325,-26.16987,-17.8171185,-10.593635,-3.6519525,3.0494885,9.620313,16.7277885,25.1083345,34.9285305,45.629719,55.7984065,64.8521655,72.7432055,78.6162945,82.701406,85.423522,86.2229245,84.7148005,81.0463335,74.898595,66.6724695,58.058175,50.0588435
59,2025-10-12 02:19:57,executed,42.4969275,34.9425345,27.603323,21.1532635,16.1547365,12.136814,6.2104275,-3.684277,-12.1756295,-14.365276,-17.1527235,-25.48089,-36.781676,-47.9369945,-58.237226,-67.5645745,-74.7887255,-79.6191985,-83.1878925,-85.9368875,-86.6628995,-84.051703,-77.056305,-66.4358075,-55.377588,-45.410941,-35.7098325,-26.16987,-17.8171185,-10.593635,-3.6519525,3.0494885,9.620313,16.7277885,25.1083345,34.9285305,45.629719,55.7984065,64.8521655,72.7432055,78.6162945,82.701406,85.423522,86.2229245,84.7148005,81.0463335,74.898595,66.6724695,58.058175,50.0588435
59,2025-10-12 02:20:14,proposed,-42.4969275,-34.9425345,-27.603323,-21.1532635,-16.1547365,-12.136814,-6.2104275,3.684277,12.1756295,14.365276,17.1527235,25.48089,36.781676,47.9369945,58.237226,67.5645745,74.7887255,79.6191985,83.1878925,85.9368875,86.6628995,84.051703,77.056305,66.4358075,55.377588,45.410941,35.7098325,26.16987,17.8171185,10.593635,3.6519525,-3.0494885,-9.620313,-16.7277885,-25.1083345,-34.9285305,-45.629719,-55.7984065,-64.8521655,-72.7432055,-78.6162945,-82.701406,-85.423522,-86.2220745,-84.7148005,-81.0463335,-74.898595,-66.6724695,-58.058175,-50.058843
60,2025-10-12 02:20:54,executed,-42.4969275,-34.9425345,-27.603323,-21.1532635,-16.1547365,-12.136814,-6.2104275,3.684277,12.1756295,14.365276,17.1527235,25.48089,36.781676,47.9369945,58.237226,67.5645745,74.7887255,79.6191985,83.1878925,85.9368875,86.6628995,84.051703,77.056305,66.4358075,55.377588,45.410941,35.7098325,26.16987,17.8171185,10.593635,3.6519525,-3.0494885,-9.620313,-16.7277885,-25.1083345,-34.9285305,-45.629719,-55.7984065,-64.8521655,-72.7432055,-78.6162945,-82.701406,-85.423522,-86.2220745,-84.7148005,-81.0463335,-74.898595,-66.6724695,-58.058175,-50.058843
60,2025-10-12 02:21:17,proposed,42.4969275,34.9425345,27.603323,21.1532635,16.1547365,12.136814,6.2104275,-3.684277,-12.1756295,-14.365276,-17.1527235,-25.48089,-36.781676,-47.9369945,-58.237226,-67.5645745,-74.7887255,-79.6191985,-83.1878925,-85.9368875,-86.6628995,-84.051703,-77.056305,-66.4358075,-55.377588,-45.410941,-35.7098325,-26.16987,-17.8171185,-10.593635,-3.6519525,3.0494885,9.620313,16.7277885,25.1083345,34.9285305,45.629719,55.7984065,64.8521655,72.7432055,78.6162945,82.701406,85.423522,86.2229245,84.7148005,81.0463335,74.898595,66.6724695,58.058175,50.0588435
61,2025-10-12 02:21:57,executed,42.4969275,34.9425345,27.603323,21.1532635,16.1547365,12.136814,6.2104275,-3.684277,-12.1756295,-14.365276,-17.1527235,-25.48089,-36.781676,-47.9369945,-58.237226,-67.5645745,-74.7887255,-79.6191985,-83.1878925,-85.9368875,-86.6628995,-84.051703,-77.056305,-66.4358075,-55.377588,-45.410941,-35.7098325,-26.16987,-17.8171185,-10.593635,-3.6519525,3.0494885,9.620313,16.7277885,25.1083345,34.9285305,45.629719,55.7984065,64.8521655,72.7432055,78.6162945,82.701406,85.423522,86.2229245,84.7148005,81.0463335,74.898595,66.6724695,58.058175,50.0588435
61,2025-10-12 02:22:16,proposed,-21.993855,-16.885069,-10.206646,-2.306527,2.309473,6.273628,4.420855,-1.368554,-6.351259,-8.730552,-10.305447,-15.96178,-23.563352,-25.873989,-26.474452,-25.129149,-24.577451,-24.238397,-24.375785,-24.873775,-23.325799,-22.103406,-20.11261,-18.871615,-16.755176,-14.821882,-12.419665,-10.33974,-8.634237,-6.18727,-2.303905,1.098977,5.240626,9.455577,14.216669,18.857061,21.259438,21.596813,20.704331,19.486411,17.232589,15.402812,14.847044,14.445849,13.429601,12.092667,9.79719,7.344939,5.11635,3.117687
62,2025-10-12 02:22:56,executed,-21.993855,-16.885069,-10.206646,-2.306527,2.309473,6.273628,4.420855,-1.368554,-6.351259,-8.730552,-10.305447,-15.96178,-23.563352,-25.873989,-26.474452,-25.129149,-24.577451,-24.238397,-24.375785,-24.873775,-23.325799,-22.103406,-20.11261,-18.871615,-16.755176,-14.821882,-12.419665,-10.33974,-8.634237,-6.18727,-2.303905,1.098977,5.240626,9.455577,14.216669,18.857061,21.259438,21.596813,20.704331,19.486411,17.232589,15.402812,14.847044,14.445849,13.429601,12.092667,9.79719,7.344939,5.11635,3.117687
62,2025-10-12 02:23:14,proposed,-15.0,-10.0,-5.0,0.0,5.0,10.0,15.0,-20.0,-15.0,-10.0,-5.0,0.0,5.0,10.0,15.0,-20.0,-15.0,-10.0,-5.0,0.0,5.0,10.0,15.0,-20.0,-15.0,-10.0,-5.0,0.0,5.0,10.0,15.0,-20.0,-15.0,-10.0,-5.0,0.0,5.0,10.0,15.0,-20.0,-15.0,-10.0,-5.0,0.0,5.0,10.0,15.0,-20.0,-15.0,-10.0
63,2025-10-12 02:23:54,executed,-15.0,-10.0,-5.0,0.0,5.0,10.0,15.0,-20.0,-15.0,-10.0,-5.0,0.0,5.0,10.0,15.0,-20.0,-15.0,-10.0,-5.0,0.0,5.0,10.0,15.0,-20.0,-15.0,-10.0,-5.0,0.0,5.0,10.0,15.0,-20.0,-15.0,-10.0,-5.0,0.0,5.0,10.0,15.0,-20.0,-15.0,-10.0,-5.0,0.0,5.0,10.0,15.0,-20.0,-15.0,-10.0
63,2025-10-12 02:24:15,proposed,-74.993855,-69.885069,-55.206646,-42.306527,-32.309473,-24.273628,-12.420855,7.368554,24.351259,28.730552,34.305447,50.96178,73.563352,95.873989,116.474452,135.129149,149.577451,159.238397,166.375785,171.873775,173.325799,168.103406,154.11261,132.871615,110.755176,90.821882,71.419665,52.33974,35.634237,21.18727,7.303905,-6.098977,-19.240626,-33.455577,-50.216669,-69.857061,-91.259438,-111.596813,-129.704331,-145.486411,-157.232589,-165.402812,-170.847044,-172.445849,-169.429601,-162.092667,-149.79719,-133.344939,-116.11635,-100.117687
64,2025-10-12 02:24:55,executed,-74.993855,-69.885069,-55.206646,-42.306527,-32.309473,-24.273628,-12.420855,7.368554,24.351259,28.730552,34.305447,50.96178,73.563352,95.873989,116.474452,135.129149,149.577451,159.238397,166.375785,171.873775,173.325799,168.103406,154.11261,132.871615,110.755176,90.821882,71.419665,52.33974,35.634237,21.18727,7.303905,-6.098977,-19.240626,-33.455577,-50.216669,-69.857061,-91.259438,-111.596813,-129.704331,-145.486411,-157.232589,-165.402812,-170.847044,-172.445849,-169.429601,-162.092667,-149.79719,-133.344939,-116.11635,-100.117687
64,2025-10-12 02:25:23,proposed,-24.71,-11.93,-1.35,7.16,14.57,20.88,25.99,29.8,32.31,33.52,33.43,32.04,29.35,25.36,20.07,13.48,5.59,-3.5,-13.89,-25.48,-38.27,-52.26,-67.45,-83.84,-101.43,-118.02,-131.71,-140.5,-142.39,-135.38,-117.47,-86.66,-40.95,18.66,98.27,189.88,293.49,409.1,536.71,676.32,827.93,991.54,1167.15,1354.76,1554.37,1765.98,1989.59,2225.2,2472.81,2732.42
65,2025-10-12 02:26:03,executed,-24.71,-11.93,-1.35,7.16,14.57,20.88,25.99,29.8,32.31,33.52,33.43,32.04,29.35,25.36,20.07,13.48,5.59,-3.5,-13.89,-25.48,-38.27,-52.26,-67.45,-83.84,-101.43,-118.02,-131.71,-140.5,-142.39,-135.38,-117.47,-86.66,-40.95,18.66,98.27,189.88,293.49,409.1,536.71,676.32,827.93,991.54,1167.15,1354.76,1554.37,1765.98,1989.59,2225.2,2472.81,2732.42
65,2025-10-12 02:26:33,proposed,84.893855,69.785069,55.106646,42.206527,32.209473,24.173628,12.320855,-7.468554,-24.451259,-28.830552,-34.405447,-51.06178,-73.663352,-95.973989,-116.574452,-135.229149,-149.677451,-159.338397,-166.475785,-171.973775,-173.425799,-168.203406,-154.21261,-132.971615,-110.855176,-90.921882,-71.519665,-52.43974,-35.734237,-21.28727,-7.403905,5.998977,19.140626,33.355577,50.116669,69.757061,91.159438,111.496813,129.604331,145.386411,157.132589,165.302812,170.747044,172.345849,169.329601,161.992667,149.69719,133.244939,116.01635,100.017687
66,2025-10-12 02:27:13,executed,84.893855,69.785069,55.106646,42.206527,32.209473,24.173628,12.320855,-7.468554,-24.451259,-28.830552,-34.405447,-51.06178,-73.663352,-95.973989,-116.574452,-135.229149,-149.677451,-159.338397,-166.475785,-171.973775,-173.425799,-168.203406,-154.21261,-132.971615,-110.855176,-90.921882,-71.519665,-52.43974,-35.734237,-21.28727,-7.403905,5.998977,19.140626,33.355577,50.116669,69.757061,91.159438,111.496813,129.604331,145.386411,157.132589,165.302812,170.747044,172.345849,169.329601,161.992667,149.69719,133.244939,116.01635,100.017687
66,2025-10-12 02:27:29,proposed,42.4969275,34.9425345,27.603323,21.1532635,16.1547365,12.136814,6.2104275,-3.684277,-12.1756295,-14.365276,-17.1527235,-25.48089,-36.781676,-47.9369945,-58.237226,-67.5645745,-74.7887255,-79.6191985,-83.1878925,-85.9368875,-86.6628995,-84.051703,-77.056305,-66.4358075,-55.377588,-45.410941,-35.7098325,-26.16987,-17.8171185,-10.593635,-3.6519525,3.0494885,9.620313,16.7277885,25.1083345,34.9285305,45.629719,55.7984065,64.8521655,72.7432055,78.6162945,82.701406,85.423522,86.2229245,84.7148005,81.0463335,74.898595,66.6724695,58.058175,50.0588435
67,2025-10-12 02:28:09,executed,42.4969275,34.9425345,27.603323,21.1532635,16.1547365,12.136814,6.2104275,-3.684277,-12.1756295,-14.365276,-17.1527235,-25.48089,-36.781676,-47.9369945,-58.237226,-67.5645745,-74.7887255,-79.6191985,-83.1878925,-85.9368875,-86.6628995,-84.051703,-77.056305,-66.4358075,-55.377588,-45.410941,-35.7098325,-26.16987,-17.8171185,-10.593635,-3.6519525,3.0494885,9.620313,16.7277885,25.1083345,34.9285305,45.629719,55.7984065,64.8521655,72.7432055,78.6162945,82.701406,85.423522,86.2229245,84.7148005,81.0463335,74.898595,66.6724695,58.058175,50.0588435
67,2025-10-12 02:28:23,proposed,-7.328,-1.215,2.916,6.446,9.368,11.655,13.279,14.213,14.42,13.874,12.54,10.383,7.368,3.458,-1.35,-7.156,-13.646,-20.602,-27.807,-35.045,-42.001,-48.358,-53.702,-57.628,-59.734,-59.629,-56.926,-51.243,-42.214,-29.588,-13.13,6.124,27.375,51.12,77.356,106.072,137.26,170.908,186.057,178.765,163.104,140.034,110.518,75.519,36.002,-6.982,-52.453,-100.405,-149.836,-187.746
68,2025-10-12 02:29:03,executed,-7.328,-1.215,2.916,6.446,9.368,11.655,13.279,14.213,14.42,13.874,12.54,10.383,7.368,3.458,-1.35,-7.156,-13.646,-20.602,-27.807,-35.045,-42.001,-48.358,-53.702,-57.628,-59.734,-59.629,-56.926,-51.243,-42.214,-29.588,-13.13,6.124,27.375,51.12,77.356,106.072,137.26,170.908,186.057,178.765,163.104,140.034,110.518,75.519,36.002,-6.982,-52.453,-100.405,-149.836,-187.746
68,2025-10-12 02:29:17,proposed,-27.256,-11.839,-1.845,1.592,1.436,0.454,-0.373,-0.837,-0.934,-0.76,-0.415,-0.005,0.354,0.634,0.818,0.903,0.893,0.801,0.641,0.42,0.156,-0.121,-0.401,-0.66,-0.873,-1.01,-1.059,-0.999,-0.818,-0.507,-0.074,0.446,1.011,1.553,2.033,2.414,2.661,2.743,2.63,2.302,1.742,0.935,-0.099,-1.367,-2.767,-4.102,-5.272,-6.18,-6.743,-6.888
69,2025-10-12 02:29:57,executed,-27.256,-11.839,-1.845,1.592,1.436,0.454,-0.373,-0.837,-0.934,-0.76,-0.415,-0.005,0.354,0.634,0.818,0.903,0.893,0.801,0.641,0.42,0.156,-0.121,-0.401,-0.66,-0.873,-1.01,-1.059,-0.999,-0.818,-0.507,-0.074,0.446,1.011,1.553,2.033,2.414,2.661,2.743,2.63,2.302,1.742,0.935,-0.099,-1.367,-2.767,-4.102,-5.272,-6.18,-6.743,-6.888
69,2025-10-12 02:30:17,proposed,84.893855,69.785069,55.106646,42.206527,32.209473,24.173628,12.320855,-7.468554,-24.451259,-28.830552,-34.405447,-51.06178,-73.663352,-95.973989,-116.574452,-135.229149,-149.677451,-159.338397,-166.475785,-171.973775,-173.425799,-168.203406,-154.21261,-132.971615,-110.855176,-90.921882,-71.519665,-52.43974,-35.734237,-21.28727,-7.403905,5.998977,19.140626,33.355577,50.116669,69.757061,91.159438,111.496813,129.604331,145.386411,157.132589,165.302812,170.747044,172.345849,169.329601,161.992667,149.69719,133.244939,116.01635,100.017687
70,2025-10-12 02:30:57,executed,84.893855,69.785069,55.106646,42.206527,32.209473,24.173628,12.320855,-7.468554,-24.451259,-28.830552,-34.405447,-51.06178,-73.663352,-95.973989,-116.574452,-135.229149,-149.677451,-159.338397,-166.475785,-171.973775,-173.425799,-168.203406,-154.21261,-132.971615,-110.855176,-90.921882,-71.519665,-52.43974,-35.734237,-21.28727,-7.403905,5.998977,19.140626,33.355577,50.116669,69.757061,91.159438,111.496813,129.604331,145.386411,157.132589,165.302812,170.747044,172.345849,169.329601,161.992667,149.69719,133.244939,116.01635,100.017687
70,2025-10-12 02:31:15,proposed,-4.256,-1.5787499999999999,-0.09150000000000005,-0.0011250000000000001,0.0,0.0,0.0,0.0,0.0,0.0,0.0,0.0,0.0,0.0,0.0,0.0,0.0,0.0,0.0,0.0,0.0,0.0,0.0,0.0,0.0,0.0,0.0,0.0,0.0,0.0,0.0,0.0,0.0,0.0,0.0,0.0,0.0,0.0,0.0,0.0,0.0,0.0,0.0,0.0,0.0,0.0,0.0,0.0,0.0,0.0
71,2025-10-12 02:31:55,executed,-4.256,-1.5787499999999999,-0.09150000000000005,-0.0011250000000000001,0.0,0.0,0.0,0.0,0.0,0.0,0.0,0.0,0.0,0.0,0.0,0.0,0.0,0.0,0.0,0.0,0.0,0.0,0.0,0.0,0.0,0.0,0.0,0.0,0.0,0.0,0.0,0.0,0.0,0.0,0.0,0.0,0.0,0.0,0.0,0.0,0.0,0.0,0.0,0.0,0.0,0.0,0.0,0.0,0.0,0.0
71,2025-10-12 02:32:15,proposed,-104.993855,-89.885069,-75.206646,-62.306527,-52.309473,-44.273628,-32.420855,7.368554,24.351259,28.730552,34.305447,50.96178,73.563352,95.873989,116.474452,135.129149,149.577451,159.238397,166.375785,171.873775,173.325799,168.103406,154.11261,132.871615,110.755176,90.821882,71.419665,52.33974,35.634237,21.18727,7.303905,-6.098977,-19.240626,-33.455577,-50.216669,-69.857061,-91.259438,-111.596813,-129.704331,-145.486411,-157.232589,-165.402812,-170.847044,-172.445849,-169.429601,-162.092667,-149.79719,-133.344939,-116.11635,-100.117687
72,2025-10-12 02:32:55,executed,-104.993855,-89.885069,-75.206646,-62.306527,-52.309473,-44.273628,-32.420855,7.368554,24.351259,28.730552,34.305447,50.96178,73.563352,95.873989,116.474452,135.129149,149.577451,159.238397,166.375785,171.873775,173.325799,168.103406,154.11261,132.871615,110.755176,90.821882,71.419665,52.33974,35.634237,21.18727,7.303905,-6.098977,-19.240626,-33.455577,-50.216669,-69.857061,-91.259438,-111.596813,-129.704331,-145.486411,-157.232589,-165.402812,-170.847044,-172.445849,-169.429601,-162.092667,-149.79719,-133.344939,-116.11635,-100.117687
72,2025-10-12 02:33:23,proposed,-7.357,1.535,10.414,18.307,25.255,31.271,36.367,40.554,43.843,46.246,47.774,48.438,48.24,47.189,45.297,42.575,39.033,34.672,29.503,23.537,16.785,9.258,1.067,-7.758,-17.165,-27.256,-37.921,-49.05,-60.532,-72.25,-84.083,-95.901,-107.575,-119.07,-130.255,-141.09,-151.54,-161.564,-171.12,-180.166,-188.65,-196.52,-203.724,-210.21,-215.925,-220.819,-224.84,-227.937,-230.06,-231.167
73,2025-10-12 02:34:03,executed,-7.357,1.535,10.414,18.307,25.255,31.271,36.367,40.554,43.843,46.246,47.774,48.438,48.24,47.189,45.297,42.575,39.033,34.672,29.503,23.537,16.785,9.258,1.067,-7.758,-17.165,-27.256,-37.921,-49.05,-60.532,-72.25,-84.083,-95.901,-107.575,-119.07,-130.255,-141.09,-151.54,-161.564,-171.12,-180.166,-188.65,-196.52,-203.724,-210.21,-215.925,-220.819,-224.84,-227.937,-230.06,-231.167
73,2025-10-12 02:34:38,proposed,55.337,45.401,35.971,27.659,20.957,15.704,7.939,-4.745,-15.831,-18.549,-22.01,-32.676,-47.638,-61.047,-72.038,-81.077,-87.946,-92.147,-94.906,-96.705,-97.414,-95.942,-91.148,-83.223,-74.029,-65.172,-56.663,-48.147,-40.361,-33.211,-26.073,-18.993,-12.07,-5.344,3.008,11.316,19.399,26.34,32.107,36.572,39.385,40.991,41.774,41.824,40.357,37.63,33.94,29.597,24.884,20.087
74,2025-10-12 02:35:18,executed,55.337,45.401,35.971,27.659,20.957,15.704,7.939,-4.745,-15.831,-18.549,-22.01,-32.676,-47.638,-61.047,-72.038,-81.077,-87.946,-92.147,-94.906,-96.705,-97.414,-95.942,-91.148,-83.223,-74.029,-65.172,-56.663,-48.147,-40.361,-33.211,-26.073,-18.993,-12.07,-5.344,3.008,11.316,19.399,26.34,32.107,36.572,39.385,40.991,41.774,41.824,40.357,37.63,33.94,29.597,24.884,20.087
74,2025-10-12 02:35:41,proposed,74.993855,59.885069,45.206646,32.306527,22.309473,14.273628,2.420855,-17.368554,-34.351259,-38.730552,-44.305447,-60.96178,-83.563352,-105.873989,-126.474452,-145.129149,-159.577451,-169.238397,-176.375785,-181.873775,-183.325799,-178.103406,-164.11261,-142.871615,-120.755176,-100.821882,-81.419665,-62.33974,-45.634237,-31.18727,-17.303905,-3.901023,9.240626,23.455577,40.216669,60.857061,82.259438,102.596813,120.704331,136.486411,148.232589,156.402812,161.847044,163.445849,160.429601,153.092667,140.79719,123.344939,106.11635,90.117687
75,2025-10-12 02:36:21,executed,74.993855,59.885069,45.206646,32.306527,22.309473,14.273628,2.420855,-17.368554,-34.351259,-38.730552,-44.305447,-60.96178,-83.563352,-105.873989,-126.474452,-145.129149,-159.577451,-169.238397,-176.375785,-181.873775,-183.325799,-178.103406,-164.11261,-142.871615,-120.755176,-100.821882,-81.419665,-62.33974,-45.634237,-31.18727,-17.303905,-3.901023,9.240626,23.455577,40.216669,60.857061,82.259438,102.596813,120.704331,136.486411,148.232589,156.402812,161.847044,163.445849,160.429601,153.092667,140.79719,123.344939,106.11635,90.117687
75,2025-10-12 02:36:36,proposed,-21.993855,-16.885069,-12.206646,-9.306527,-7.309473,-6.273628,-5.420855,2.631446,8.648741,9.269448,5.694553,-1.96178,-9.563352,-15.873989,-20.474452,-23.129149,-23.577451,-22.238397,-20.375785,-18.873775,-17.325799,-16.103406,-15.11261,-14.871615,-14.755176,-14.821882,-14.419665,-13.33974,-10.634237,-7.18727,2.696095,3.098977,4.240626,5.455577,7.216669,8.857061,10.259438,11.596813,12.704331,13.486411,13.232589,12.402812,11.847044,11.445849,10.429601,9.092667,7.79719,6.344939,5.11635,4.117687
76,2025-10-12 02:37:16,executed,-21.993855,-16.885069,-12.206646,-9.306527,-7.309473,-6.273628,-5.420855,2.631446,8.648741,9.269448,5.694553,-1.96178,-9.563352,-15.873989,-20.474452,-23.129149,-23.577451,-22.238397,-20.375785,-18.873775,-17.325799,-16.103406,-15.11261,-14.871615,-14.755176,-14.821882,-14.419665,-13.33974,-10.634237,-7.18727,2.696095,3.098977,4.240626,5.455577,7.216669,8.857061,10.259438,11.596813,12.704331,13.486411,13.232589,12.402812,11.847044,11.445849,10.429601,9.092667,7.79719,6.344939,5.11635,4.117687
76,2025-10-12 02:37:42,proposed,-26.284,-11.915,1.765,15.644,28.647,39.774,48.025,52.5,52.2,46.124,33.273,12.646,-13.155,-44.23,-78.579,-114.202,-148.1,-177.272,-198.719,-209.441,-206.438,-185.71,-143.257,-75.079,17.344,118.091,223.062,326.257,421.676,502.319,561.186,591.277,585.592,536.131,435.894,277.881,54.092,-201.521,-460.908,-716.059,-959.974,-1185.653,-1385.096,-1550.293,-1673.244,-1746.949,-1764.408,-1718.621,-1602.588,-1410.309
77,2025-10-12 02:38:22,executed,-26.284,-11.915,1.765,15.644,28.647,39.774,48.025,52.5,52.2,46.124,33.273,12.646,-13.155,-44.23,-78.579,-114.202,-148.1,-177.272,-198.719,-209.441,-206.438,-185.71,-143.257,-75.079,17.344,118.091,223.062,326.257,421.676,502.319,561.186,591.277,585.592,536.131,435.894,277.881,54.092,-201.521,-460.908,-716.059,-959.974,-1185.653,-1385.096,-1550.293,-1673.244,-1746.949,-1764.408,-1718.621,-1602.588,-1410.309
77,2025-10-12 02:39:11,proposed,-79.993855,-69.885069,-55.206646,-42.306527,-32.309473,-24.273628,-12.420855,7.368554,24.351259,28.730552,34.305447,50.96178,73.563352,95.873989,116.474452,135.129149,149.577451,159.238397,166.375785,171.873775,173.325799,168.103406,154.11261,132.871615,110.755176,90.821882,71.419665,52.33974,35.634237,21.18727,7.303905,-6.098977,-19.240626,-33.455577,-50.216669,-69.857061,-91.259438,-111.596813,-129.704331,-145.486411,-157.232589,-165.402812,-170.847044,-172.445849,-169.429601,-162.092667,-149.79719,-133.344939,-116.11635,-100.117687
78,2025-10-12 02:39:51,executed,-79.993855,-69.885069,-55.206646,-42.306527,-32.309473,-24.273628,-12.420855,7.368554,24.351259,28.730552,34.305447,50.96178,73.563352,95.873989,116.474452,135.129149,149.577451,159.238397,166.375785,171.873775,173.325799,168.103406,154.11261,132.871615,110.755176,90.821882,71.419665,52.33974,35.634237,21.18727,7.303905,-6.098977,-19.240626,-33.455577,-50.216669,-69.857061,-91.259438,-111.596813,-129.704331,-145.486411,-157.232589,-165.402812,-170.847044,-172.445849,-169.429601,-162.092667,-149.79719,-133.344939,-116.11635,-100.117687
78,2025-10-12 02:40:19,proposed,83.993855,53.66914104166666,30.63981925,8.947178874999997,-26.081141166666665,-38.775516375,-80.14101125,-122.91540529166666,-153.79776633333333,-169.43753125,-172.14980191666666,-145.37715395833328,-101.78852900000001,-62.08470562499997,-28.206839583333373,0.07289625000005451,27.717259999999996,63.128613333333334,105.51246925000005,141.19847766666672,163.04110816666667,171.245998375,161.70407816666665,133.03044945833335,99.117687,33.254739,23.415438,9.455457999999998,-16.062408000000005,-61.200826,-40.21952579166667,-40.28363775,-39.393947375,-27.586801666666666,-5.935136124999983,18.067695416666666,32.35365620833334,32.9916915,24.69358674999999,12.144849000000017,-1.0590853750000275,-16.457855666666667,-30.508288916666665,-35.886204750000005,-32.10046029166666,-16.29847133333333,6.441406375000016,29.528961166666697,39.29456291666666,36.560793
79,2025-10-12 02:40:59,executed,83.993855,53.66914104166666,30.63981925,8.947178874999997,-26.081141166666665,-38.775516375,-80.14101125,-122.91540529166666,-153.79776633333333,-169.43753125,-172.14980191666666,-145.37715395833328,-101.78852900000001,-62.08470562499997,-28.206839583333373,0.07289625000005451,27.717259999999996,63.128613333333334,105.51246925000005,141.19847766666672,163.04110816666667,171.245998375,161.70407816666665,133.03044945833335,99.117687,33.254739,23.415438,9.455457999999998,-16.062408000000005,-61.200826,-40.21952579166667,-40.28363775,-39.393947375,-27.586801666666666,-5.935136124999983,18.067695416666666,32.35365620833334,32.9916915,24.69358674999999,12.144849000000017,-1.0590853750000275,-16.457855666666667,-30.508288916666665,-35.886204750000005,-32.10046029166666,-16.29847133333333,6.441406375000016,29.528961166666697,39.29456291666666,36.560793
79,2025-10-12 02:41:13,proposed,79.993855,64.885069,49.206646,36.306527,26.309473,18.273628,6.420855,-13.368554,-30.351259,-34.730552,-40.305447,-56.96178,-79.563352,-101.873989,-122.474452,-141.129149,-155.577451,-165.238397,-172.375785,-177.873775,-179.325799,-174.103406,-160.11261,-138.871615,-116.755176,-96.821882,-77.419665,-58.33974,-41.634237,-27.18727,-13.303905,0.098977,13.240626,27.455577,44.216669,63.857061,85.259438,105.596813,123.704331,139.486411,151.232589,159.402812,164.847044,166.445849,163.429601,156.092667,143.79719,127.344939,110.11635,94.117687
80,2025-10-12 02:41:53,executed,79.993855,64.885069,49.206646,36.306527,26.309473,18.273628,6.420855,-13.368554,-30.351259,-34.730552,-40.305447,-56.96178,-79.563352,-101.873989,-122.474452,-141.129149,-155.577451,-165.238397,-172.375785,-177.873775,-179.325799,-174.103406,-160.11261,-138.871615,-116.755176,-96.821882,-77.419665,-58.33974,-41.634237,-27.18727,-13.303905,0.098977,13.240626,27.455577,44.216669,63.857061,85.259438,105.596813,123.704331,139.486411,151.232589,159.402812,164.847044,166.445849,163.429601,156.092667,143.79719,127.344939,110.11635,94.117687
80,2025-10-12 02:42:16,proposed,79.993855,64.885069,50.206646,37.306527,27.309473,19.273628,7.420855,-12.368554,-29.351259,-33.730552,-39.305447,-55.96178,-78.563352,-100.873989,-121.474452,-140.129149,-154.577451,-164.238397,-171.375785,-176.873775,-178.325799,-173.103406,-159.11261,-137.871615,-115.755176,-95.821882,-76.419665,-57.33974,-40.634237,-26.18727,-12.303905,1.098977,14.240626,28.455577,45.216669,64.857061,86.259438,106.596813,124.704331,140.486411,152.232589,160.402812,165.847044,167.445849,164.429601,157.092667,144.79719,128.344939,111.11635,95.117687
81,2025-10-12 02:42:56,executed,79.993855,64.885069,50.206646,37.306527,27.309473,19.273628,7.420855,-12.368554,-29.351259,-33.730552,-39.305447,-55.96178,-78.563352,-100.873989,-121.474452,-140.129149,-154.577451,-164.238397,-171.375785,-176.873775,-178.325799,-173.103406,-159.11261,-137.871615,-115.755176,-95.821882,-76.419665,-57.33974,-40.634237,-26.18727,-12.303905,1.098977,14.240626,28.455577,45.216669,64.857061,86.259438,106.596813,124.704331,140.486411,152.232589,160.402812,165.847044,167.445849,164.429601,157.092667,144.79719,128.344939,111.11635,95.117687
81,2025-10-12 02:43:15,proposed,-75.0,-60.0,-45.0,-30.0,-15.0,0.0,15.0,30.0,45.0,60.0,-75.0,-60.0,-45.0,-30.0,-15.0,0.0,15.0,30.0,45.0,60.0,-75.0,-60.0,-45.0,-30.0,-15.0,0.0,15.0,30.0,45.0,60.0,75.0,60.0,45.0,30.0,15.0,0.0,-15.0,-30.0,-45.0,-60.0,75.0,60.0,45.0,30.0,15.0,0.0,-15.0,-30.0,-45.0,-60.0
82,2025-10-12 02:43:55,executed,-75.0,-60.0,-45.0,-30.0,-15.0,0.0,15.0,30.0,45.0,60.0,-75.0,-60.0,-45.0,-30.0,-15.0,0.0,15.0,30.0,45.0,60.0,-75.0,-60.0,-45.0,-30.0,-15.0,0.0,15.0,30.0,45.0,60.0,75.0,60.0,45.0,30.0,15.0,0.0,-15.0,-30.0,-45.0,-60.0,75.0,60.0,45.0,30.0,15.0,0.0,-15.0,-30.0,-45.0,-60.0
82,2025-10-12 02:44:15,proposed,-7.303905,6.098977,19.240626,33.455577,50.216669,69.857061,91.259438,111.596813,129.704331,145.486411,157.232589,165.402812,170.847044,172.445849,169.429601,162.092667,149.79719,133.344939,116.11635,100.117687,34.254739,29.930115,24.678004,18.37642,11.170079,2.594627,-11.680548,-38.735428,-61.330785,-54.551031,-39.820681,-36.935136,-39.02968,-40.045511,-39.303201,-36.18576,-29.635765,-20.488875,-9.569289,2.788452,14.835595,24.992636,31.936633,35.02832,35.098438,32.884945,28.724358,23.129088,16.82561,10.515734
83,2025-10-12 02:44:55,executed,-7.303905,6.098977,19.240626,33.455577,50.216669,69.857061,91.259438,111.596813,129.704331,145.486411,157.232589,165.402812,170.847044,172.445849,169.429601,162.092667,149.79719,133.344939,116.11635,100.117687,34.254739,29.930115,24.678004,18.37642,11.170079,2.594627,-11.680548,-38.735428,-61.330785,-54.551031,-39.820681,-36.935136,-39.02968,-40.045511,-39.303201,-36.18576,-29.635765,-20.488875,-9.569289,2.788452,14.835595,24.992636,31.936633,35.02832,35.098438,32.884945,28.724358,23.129088,16.82561,10.515734
83,2025-10-12 02:45:13,proposed,-105.0,-89.0,-73.0,-58.0,-44.0,-31.0,-19.0,-8.0,2.0,11.0,19.0,26.0,32.0,37.0,41.0,44.0,46.0,47.0,47.0,46.0,44.0,41.0,37.0,32.0,26.0,-91.0,-73.0,-56.0,-40.0,-25.0,-11.0,2.0,14.0,25.0,35.0,44.0,52.0,59.0,65.0,70.0,74.0,77.0,79.0,80.0,80.0,79.0,77.0,74.0,70.0,65.0
84,2025-10-12 02:45:53,executed,-105.0,-89.0,-73.0,-58.0,-44.0,-31.0,-19.0,-8.0,2.0,11.0,19.0,26.0,32.0,37.0,41.0,44.0,46.0,47.0,47.0,46.0,44.0,41.0,37.0,32.0,26.0,-91.0,-73.0,-56.0,-40.0,-25.0,-11.0,2.0,14.0,25.0,35.0,44.0,52.0,59.0,65.0,70.0,74.0,77.0,79.0,80.0,80.0,79.0,77.0,74.0,70.0,65.0
84,2025-10-12 02:46:15,proposed,-100.0,-80.0,-60.0,-40.0,-20.0,0.0,20.0,40.0,60.0,80.0,100.0,-100.0,-80.0,-60.0,-40.0,-20.0,0.0,20.0,40.0,60.0,80.0,100.0,-100.0,-80.0,-60.0,-40.0,-20.0,0.0,20.0,40.0,60.0,80.0,100.0,-100.0,-80.0,-60.0,-40.0,-20.0,0.0,20.0,40.0,60.0,80.0,100.0,-100.0,-80.0,-60.0,-40.0,-20.0,0.0
85,2025-10-12 02:46:55,executed,-100.0,-80.0,-60.0,-40.0,-20.0,0.0,20.0,40.0,60.0,80.0,100.0,-100.0,-80.0,-60.0,-40.0,-20.0,0.0,20.0,40.0,60.0,80.0,100.0,-100.0,-80.0,-60.0,-40.0,-20.0,0.0,20.0,40.0,60.0,80.0,100.0,-100.0,-80.0,-60.0,-40.0,-20.0,0.0,20.0,40.0,60.0,80.0,100.0,-100.0,-80.0,-60.0,-40.0,-20.0,0.0
85,2025-10-12 02:47:17,proposed,-100.0,-85.0,-70.0,-55.0,-40.0,-25.0,-10.0,5.0,20.0,35.0,50.0,65.0,80.0,95.0,110.0,125.0,140.0,155.0,170.0,185.0,170.0,155.0,140.0,125.0,110.0,95.0,80.0,65.0,50.0,35.0,-10.0,-5.0,-20.0,-35.0,-50.0,-65.0,-80.0,-95.0,-110.0,-125.0,-140.0,-155.0,-170.0,-185.0,-170.0,-155.0,-140.0,-125.0,-110.0,-95.0
86,2025-10-12 02:47:57,executed,-100.0,-85.0,-70.0,-55.0,-40.0,-25.0,-10.0,5.0,20.0,35.0,50.0,65.0,80.0,95.0,110.0,125.0,140.0,155.0,170.0,185.0,170.0,155.0,140.0,125.0,110.0,95.0,80.0,65.0,50.0,35.0,-10.0,-5.0,-20.0,-35.0,-50.0,-65.0,-80.0,-95.0,-110.0,-125.0,-140.0,-155.0,-170.0,-185.0,-170.0,-155.0,-140.0,-125.0,-110.0,-95.0
86,2025-10-12 02:48:25,proposed,-85.493855,-70.385069,-55.706646,-42.806527,-32.809473,-24.773628,-12.920855,6.868554,23.851259,28.230552,33.805447,50.46178,73.063352,95.373989,115.974452,134.629149,149.077451,158.738397,165.875785,171.373775,172.825799,167.603406,153.61261,132.371615,110.255176,90.321882,70.919665,51.83974,35.134237,20.68727,6.796095,-6.603977,-19.740626,-33.955577,-50.716669,-70.357061,-91.759438,-112.196813,-130.304331,-146.086411,-157.732589,-165.902812,-171.347044,-172.945849,-169.929601,-162.592667,-150.29719,-133.844939,-116.61635,-100.617687
87,2025-10-12 02:49:05,executed,-85.493855,-70.385069,-55.706646,-42.806527,-32.809473,-24.773628,-12.920855,6.868554,23.851259,28.230552,33.805447,50.46178,73.063352,95.373989,115.974452,134.629149,149.077451,158.738397,165.875785,171.373775,172.825799,167.603406,153.61261,132.371615,110.255176,90.321882,70.919665,51.83974,35.134237,20.68727,6.796095,-6.603977,-19.740626,-33.955577,-50.716669,-70.357061,-91.759438,-112.196813,-130.304331,-146.086411,-157.732589,-165.902812,-171.347044,-172.945849,-169.929601,-162.592667,-150.29719,-133.844939,-116.61635,-100.617687
87,2025-10-12 02:49:45,proposed,-42.4969275,-27.065818041666667,-15.48508275,-3.736751375,12.905511666666666,20.622792874999988,42.35933525,63.67817929166665,78.00904083333332,85.24963875,84.48690241666667,67.32084895833334,45.410941,25.473807375000032,9.43668791666668,-4.692194625,-19.521303833333302,-39.38735904166661,-60.325286,-76.1691740833333,-84.51615033333333,-85.0918315,-75.92321808333335,-58.77603287500002,-9.5982695,-10.0778755,-9.605220541666666,-6.077519333333335,11.68147375,14.713140166666669,11.429310541666664,12.779856500000001,9.854142333333339,2.541067500000007,-5.260406874999999,-10.884147249999996,-12.966704916666664,-12.4322455,-10.590591333333338,-8.173131833333336,-2.62121125,5.041988999999989,9.60504029166666,11.516376750000001,11.290497750000002,7.638644000000009,-2.6620707499999994,-14.819904499999982,-20.104746416666664,-19.7892555
88,2025-10-12 02:50:25,executed,-42.4969275,-27.065818041666667,-15.48508275,-3.736751375,12.905511666666666,20.622792874999988,42.35933525,63.67817929166665,78.00904083333332,85.24963875,84.48690241666667,67.32084895833334,45.410941,25.473807375000032,9.43668791666668,-4.692194625,-19.521303833333302,-39.38735904166661,-60.325286,-76.1691740833333,-84.51615033333333,-85.0918315,-75.92321808333335,-58.77603287500002,-9.5982695,-10.0778755,-9.605220541666666,-6.077519333333335,11.68147375,14.713140166666669,11.429310541666664,12.779856500000001,9.854142333333339,2.541067500000007,-5.260406874999999,-10.884147249999996,-12.966704916666664,-12.4322455,-10.590591333333338,-8.173131833333336,-2.62121125,5.041988999999989,9.60504029166666,11.516376750000001,11.290497750000002,7.638644000000009,-2.6620707499999994,-14.819904499999982,-20.104746416666664,-19.7892555
88,2025-10-12 02:50:44,proposed,-75.993855,-60.885069,-46.206646,-33.306527,-23.309473,-15.273628,-3.420855,16.368554,33.351259,37.730552,43.305447,60.96178,83.563352,105.873989,126.474452,145.129149,159.577451,169.238397,176.375785,181.873775,183.325799,178.103406,164.11261,142.871615,120.755176,100.821882,81.419665,62.33974,45.634237,31.18727,14.696095,-6.098977,-19.240626,-33.455577,-50.216669,-69.857061,-91.259438,-111.596813,-129.704331,-145.486411,-157.232589,-165.402812,-170.847044,-172.445849,-169.429601,-162.092667,-149.79719,-133.344939,-116.11635,-100.117687
89,2025-10-12 02:51:24,executed,-75.993855,-60.885069,-46.206646,-33.306527,-23.309473,-15.273628,-3.420855,16.368554,33.351259,37.730552,43.305447,60.96178,83.563352,105.873989,126.474452,145.129149,159.577451,169.238397,176.375785,181.873775,183.325799,178.103406,164.11261,142.871615,120.755176,100.821882,81.419665,62.33974,45.634237,31.18727,14.696095,-6.098977,-19.240626,-33.455577,-50.216669,-69.857061,-91.259438,-111.596813,-129.704331,-145.486411,-157.232589,-165.402812,-170.847044,-172.445849,-169.429601,-162.092667,-149.79719,-133.344939,-116.11635,-100.117687
89,2025-10-12 02:52:16,proposed,-100.0,-80.0,-60.0,-40.0,-20.0,0.0,20.0,40.0,60.0,80.0,100.0,80.0,60.0,40.0,20.0,0.0,-20.0,-40.0,-60.0,-80.0,-100.0,-80.0,-60.0,-40.0,-20.0,0.0,20.0,40.0,60.0,80.0,100.0,80.0,60.0,40.0,20.0,0.0,-20.0,-40.0,-60.0,-80.0,-100.0,-80.0,-60.0,-40.0,-20.0,0.0,20.0,40.0,60.0,80.0
90,2025-10-12 02:52:56,executed,-100.0,-80.0,-60.0,-40.0,-20.0,0.0,20.0,40.0,60.0,80.0,100.0,80.0,60.0,40.0,20.0,0.0,-20.0,-40.0,-60.0,-80.0,-100.0,-80.0,-60.0,-40.0,-20.0,0.0,20.0,40.0,60.0,80.0,100.0,80.0,60.0,40.0,20.0,0.0,-20.0,-40.0,-60.0,-80.0,-100.0,-80.0,-60.0,-40.0,-20.0,0.0,20.0,40.0,60.0,80.0
90,2025-10-12 02:53:16,proposed,-44.993855,-34.885069,-25.206646,-12.306527,-2.309473,-12.273628,-24.420855,-37.368554,-44.351259,-48.730552,-44.305447,-30.96178,-53.563352,-75.873989,-96.474452,-115.129149,-129.577451,-139.238397,-146.375785,-151.873775,-153.325799,-148.103406,-134.11261,-112.871615,-90.755176,-70.821882,-51.419665,-32.33974,-15.634237,-1.18727,-17.303905,-3.901023,-9.240626,-26.544423,-39.783331,-50.142939,-61.259438,-71.596813,-79.704331,-85.486411,-87.232589,-82.402812,-75.847044,-77.445849,-80.570399,-77.907333,-69.79719,-56.655061,-46.11635,-35.117687
91,2025-10-12 02:53:56,executed,-44.993855,-34.885069,-25.206646,-12.306527,-2.309473,-12.273628,-24.420855,-37.368554,-44.351259,-48.730552,-44.305447,-30.96178,-53.563352,-75.873989,-96.474452,-115.129149,-129.577451,-139.238397,-146.375785,-151.873775,-153.325799,-148.103406,-134.11261,-112.871615,-90.755176,-70.821882,-51.419665,-32.33974,-15.634237,-1.18727,-17.303905,-3.901023,-9.240626,-26.544423,-39.783331,-50.142939,-61.259438,-71.596813,-79.704331,-85.486411,-87.232589,-82.402812,-75.847044,-77.445849,-80.570399,-77.907333,-69.79719,-56.655061,-46.11635,-35.117687
91,2025-10-12 02:54:16,proposed,74.993855,59.885069,45.206646,32.306527,22.309473,14.273628,2.420855,-17.368554,-34.351259,-38.730552,-44.305447,-60.96178,-83.563352,-105.873989,-126.474452,-145.129149,-159.577451,-169.238397,-176.375785,-181.873775,-183.325799,-178.103406,-164.11261,-142.871615,-120.755176,-100.821882,-81.419665,-62.33974,-45.634237,-31.18727,-17.303905,-3.901023,9.240626,23.455577,40.216669,59.857061,81.259438,101.596813,119.704331,135.486411,147.232589,155.402812,160.847044,162.445849,159.429601,152.092667,139.79719,123.344939,106.11635,90.117687
92,2025-10-12 02:54:56,executed,74.993855,59.885069,45.206646,32.306527,22.309473,14.273628,2.420855,-17.368554,-34.351259,-38.730552,-44.305447,-60.96178,-83.563352,-105.873989,-126.474452,-145.129149,-159.577451,-169.238397,-176.375785,-181.873775,-183.325799,-178.103406,-164.11261,-142.871615,-120.755176,-100.821882,-81.419665,-62.33974,-45.634237,-31.18727,-17.303905,-3.901023,9.240626,23.455577,40.216669,59.857061,81.259438,101.596813,119.704331,135.486411,147.232589,155.402812,160.847044,162.445849,159.429601,152.092667,139.79719,123.344939,106.11635,90.117687
92,2025-10-12 02:55:17,proposed,84.493855,69.385069,54.706646,41.806527,31.809473,23.773628,11.920855,-7.868554,-24.851259,-29.230552,-34.805447,-51.46178,-74.063352,-96.373989,-116.974452,-135.629149,-150.077451,-159.738397,-166.875785,-172.373775,-173.825799,-168.603406,-154.61261,-133.371615,-111.255176,-91.321882,-71.919665,-52.83974,-36.134237,-21.68727,-7.803905,5.598977,18.740626,32.955577,49.716669,69.357061,90.759438,111.196813,129.204331,144.986411,156.732589,164.902812,170.347044,171.945849,168.929601,161.592667,149.29719,132.844939,115.61635,99.617687
93,2025-10-12 02:55:57,executed,84.493855,69.385069,54.706646,41.806527,31.809473,23.773628,11.920855,-7.868554,-24.851259,-29.230552,-34.805447,-51.46178,-74.063352,-96.373989,-116.974452,-135.629149,-150.077451,-159.738397,-166.875785,-172.373775,-173.825799,-168.603406,-154.61261,-133.371615,-111.255176,-91.321882,-71.919665,-52.83974,-36.134237,-21.68727,-7.803905,5.598977,18.740626,32.955577,49.716669,69.357061,90.759438,111.196813,129.204331,144.986411,156.732589,164.902812,170.347044,171.945849,168.929601,161.592667,149.29719,132.844939,115.61635,99.617687
93,2025-10-12 02:56:17,proposed,84.893855,69.785069,55.106646,42.206527,32.209473,24.173628,12.320855,-7.468554,-24.451259,-28.830552,-34.405447,-51.06178,-73.663352,-95.973989,-116.574452,-135.229149,-149.677451,-159.338397,-166.475785,-171.973775,-173.425799,-168.203406,-154.21261,-132.971615,-110.855176,-90.921882,-71.519665,-52.43974,-35.734237,-21.28727,-7.403905,5.998977,19.140626,33.355577,50.116669,69.757061,91.159438,111.496813,129.604331,145.386411,157.132589,165.302812,170.747044,172.345849,169.329601,161.992667,149.69719,133.244939,116.01635,100.017687
94,2025-10-12 02:56:57,executed,84.893855,69.785069,55.106646,42.206527,32.209473,24.173628,12.320855,-7.468554,-24.451259,-28.830552,-34.405447,-51.06178,-73.663352,-95.973989,-116.574452,-135.229149,-149.677451,-159.338397,-166.475785,-171.973775,-173.425799,-168.203406,-154.21261,-132.971615,-110.855176,-90.921882,-71.519665,-52.43974,-35.734237,-21.28727,-7.403905,5.998977,19.140626,33.355577,50.116669,69.757061,91.159438,111.496813,129.604331,145.386411,157.132589,165.302812,170.747044,172.345849,169.329601,161.992667,149.69719,133.244939,116.01635,100.017687
94,2025-10-12 02:57:19,proposed,-77.986114,-63.116562,-49.125983,-36.169425,-24.413676,-13.984813,-4.835668,3.168267,9.760738,14.145276,16.534273,17.002639,15.55574,12.190355,6.886284,-0.595233,-9.396677,-19.374256,-30.486714,-42.702323,-55.978917,-70.264885,-85.508925,-101.659844,-118.666717,-136.478807,-155.045619,-174.316944,-194.24277,-214.773311,-235.859011,-257.440566,-279.468951,-301.895422,-324.671422,-347.748701,-371.089293,-394.645451,-418.369722,-442.214844,-466.133735,-490.080598,-514.009975,-537.876525,-561.635133,-585.239827,-608.644814,-631.804413,-654.673141,-677.205627
95,2025-10-12 02:57:59,executed,-77.986114,-63.116562,-49.125983,-36.169425,-24.413676,-13.984813,-4.835668,3.168267,9.760738,14.145276,16.534273,17.002639,15.55574,12.190355,6.886284,-0.595233,-9.396677,-19.374256,-30.486714,-42.702323,-55.978917,-70.264885,-85.508925,-101.659844,-118.666717,-136.478807,-155.045619,-174.316944,-194.24277,-214.773311,-235.859011,-257.440566,-279.468951,-301.895422,-324.671422,-347.748701,-371.089293,-394.645451,-418.369722,-442.214844,-466.133735,-490.080598,-514.009975,-537.876525,-561.635133,-585.239827,-608.644814,-631.804413,-654.673141,-677.205627
95,2025-10-12 02:58:51,proposed,-7.303905,6.098977,19.240626,33.455577,50.216669,69.857061,91.259438,111.596813,129.704331,145.486411,157.232589,165.402812,170.847044,172.445849,169.429601,162.092667,149.79719,133.344939,116.11635,100.117687,84.993855,69.885069,55.206646,42.306527,32.309473,24.273628,12.420855,-7.368554,-24.351259,-28.730552,-34.305447,-50.96178,-73.563352,-95.873989,-116.474452,-135.129149,-149.577451,-159.238397,-166.375785,-171.873775,-173.325799,-168.103406,-154.11261,-132.871615,-110.755176,-90.821882,-71.419665,-52.33974,-35.634237,-21.18727
96,2025-10-12 02:59:31,executed,-7.303905,6.098977,19.240626,33.455577,50.216669,69.857061,91.259438,111.596813,129.704331,145.486411,157.232589,165.402812,170.847044,172.445849,169.429601,162.092667,149.79719,133.344939,116.11635,100.117687,84.993855,69.885069,55.206646,42.306527,32.309473,24.273628,12.420855,-7.368554,-24.351259,-28.730552,-34.305447,-50.96178,-73.563352,-95.873989,-116.474452,-135.129149,-149.577451,-159.238397,-166.375785,-171.873775,-173.325799,-168.103406,-154.11261,-132.871615,-110.755176,-90.821882,-71.419665,-52.33974,-35.634237,-21.18727
96,2025-10-12 03:00:06,proposed,-74.993855,-69.885069,-55.206646,-42.306527,-32.309473,-24.273628,-12.420855,7.368554,24.351259,28.730552,34.305447,50.96178,73.563352,95.873989,116.474452,135.129149,149.577451,159.238397,166.375785,171.873775,173.325799,168.103406,154.11261,132.871615,110.755176,90.821882,71.419665,52.33974,35.634237,21.18727,7.303905,-6.098977,-19.240626,-33.455577,-50.216669,-69.857061,-91.259438,-111.596813,-129.704331,-145.486411,-157.232589,-165.402812,-170.847044,-172.445849,-169.429601,-162.092667,-149.79719,-133.344939,-116.11635,-100.117687
97,2025-10-12 03:00:46,executed,-74.993855,-69.885069,-55.206646,-42.306527,-32.309473,-24.273628,-12.420855,7.368554,24.351259,28.730552,34.305447,50.96178,73.563352,95.873989,116.474452,135.129149,149.577451,159.238397,166.375785,171.873775,173.325799,168.103406,154.11261,132.871615,110.755176,90.821882,71.419665,52.33974,35.634237,21.18727,7.303905,-6.098977,-19.240626,-33.455577,-50.216669,-69.857061,-91.259438,-111.596813,-129.704331,-145.486411,-157.232589,-165.402812,-170.847044,-172.445849,-169.429601,-162.092667,-149.79719,-133.344939,-116.11635,-100.117687
97,2025-10-12 03:01:21,proposed,-74.993855,-59.885069,-45.206646,-32.306527,-22.309473,-14.273628,-2.420855,17.368554,34.351259,38.730552,44.305447,60.96178,83.563352,105.873989,126.474452,145.129149,159.577451,169.238397,176.375785,181.873775,183.325799,178.103406,164.11261,142.871615,120.755176,100.821882,81.419665,62.33974,45.634237,31.18727,17.303905,-6.098977,-19.240626,-33.455577,-50.216669,-69.857061,-91.259438,-111.596813,-129.704331,-145.486411,-157.232589,-165.402812,-170.847044,-172.445849,-169.429601,-162.092667,-149.79719,-133.344939,-116.11635,-100.117687
98,2025-10-12 03:02:01,executed,-74.993855,-59.885069,-45.206646,-32.306527,-22.309473,-14.273628,-2.420855,17.368554,34.351259,38.730552,44.305447,60.96178,83.563352,105.873989,126.474452,145.129149,159.577451,169.238397,176.375785,181.873775,183.325799,178.103406,164.11261,142.871615,120.755176,100.821882,81.419665,62.33974,45.634237,31.18727,17.303905,-6.098977,-19.240626,-33.455577,-50.216669,-69.857061,-91.259438,-111.596813,-129.704331,-145.486411,-157.232589,-165.402812,-170.847044,-172.445849,-169.429601,-162.092667,-149.79719,-133.344939,-116.11635,-100.117687
98,2025-10-12 03:02:29,proposed,74.993855,59.885069,45.206646,32.306527,22.309473,16.273628,8.420855,-11.368554,-28.351259,-32.730552,-38.305447,-55.96178,-78.563352,-100.873989,-121.474452,-140.129149,-154.577451,-164.238397,-171.375785,-176.873775,-178.325799,-173.103406,-159.11261,-137.871615,-115.755176,-95.821882,-76.419665,-57.33974,-40.634237,-26.18727,-12.303905,1.098977,14.240626,28.455577,45.216669,64.857061,86.259438,106.596813,124.704331,140.486411,152.232589,160.402812,165.847044,167.445849,164.429601,157.092667,144.79719,128.344939,111.11635,95.117687
99,2025-10-12 03:03:09,executed,74.993855,59.885069,45.206646,32.306527,22.309473,16.273628,8.420855,-11.368554,-28.351259,-32.730552,-38.305447,-55.96178,-78.563352,-100.873989,-121.474452,-140.129149,-154.577451,-164.238397,-171.375785,-176.873775,-178.325799,-173.103406,-159.11261,-137.871615,-115.755176,-95.821882,-76.419665,-57.33974,-40.634237,-26.18727,-12.303905,1.098977,14.240626,28.455577,45.216669,64.857061,86.259438,106.596813,124.704331,140.486411,152.232589,160.402812,165.847044,167.445849,164.429601,157.092667,144.79719,128.344939,111.11635,95.117687
99,2025-10-12 03:03:24,proposed,-77.312517,-63.560419,-50.206253,-37.997814,-26.593793,-16.016474,-6.311841,2.517332,9.825854,15.274119,19.003957,21.194461,21.962489,21.403997,19.584021,16.645152,12.701539,7.851161,2.180932,-4.210664,-11.133481,-18.178243,-24.945385,-31.13525,-36.458279,-40.624814,-43.455206,-44.760781,-44.541784,-42.89845,-39.918739,-35.780416,-30.650859,-24.686374,-18.03114,-10.827611,-3.116123,4.803862,12.501409,19.685005,26.143238,31.706383,36.217167,39.541196,41.566083,42.191437,41.330337,38.910586,34.901082,29.370897
100,2025-10-12 03:04:04,executed,-77.312517,-63.560419,-50.206253,-37.997814,-26.593793,-16.016474,-6.311841,2.517332,9.825854,15.274119,19.003957,21.194461,21.962489,21.403997,19.584021,16.645152,12.701539,7.851161,2.180932,-4.210664,-11.133481,-18.178243,-24.945385,-31.13525,-36.458279,-40.624814,-43.455206,-44.760781,-44.541784,-42.89845,-39.918739,-35.780416,-30.650859,-24.686374,-18.03114,-10.827611,-3.116123,4.803862,12.501409,19.685005,26.143238,31.706383,36.217167,39.541196,41.566083,42.191437,41.330337,38.910586,34.901082,29.370897
100,2025-10-12 03:04:22,proposed,-7.37892,-21.927535,-35.405427,-47.835892,-59.250159,-69.679447,-79.154074,-87.704362,-95.350633,-102.122219,-108.048443,-113.158639,-117.48114,-121.044275,-123.876379,-125.995796,-127.420861,-128.16903,-128.247644,-127.663056,-126.421503,-124.528233,-121.988398,-118.806943,-115.000014,-110.573595,-105.532643,-99.882984,-93.630343,-86.780233,-79.337166,-71.305554,-62.689703,-53.49382,-43.722024,-33.378325,-22.466632,-10.991748,0.944345,13.346144,26.108464,39.22583,52.692667,66.503303,80.651162,95.12956,109.931808,125.051215,140.479994,156.20935
101,2025-10-12 03:05:02,executed,-7.37892,-21.927535,-35.405427,-47.835892,-59.250159,-69.679447,-79.154074,-87.704362,-95.350633,-102.122219,-108.048443,-113.158639,-117.48114,-121.044275,-123.876379,-125.995796,-127.420861,-128.16903,-128.247644,-127.663056,-126.421503,-124.528233,-121.988398,-118.806943,-115.000014,-110.573595,-105.532643,-99.882984,-93.630343,-86.780233,-79.337166,-71.305554,-62.689703,-53.49382,-43.722024,-33.378325,-22.466632,-10.991748,0.944345,13.346144,26.108464,39.22583,52.692667,66.503303,80.651162,95.12956,109.931808,125.051215,140.479994,156.20935
101,2025-10-12 03:05:17,proposed,85.993855,70.885069,56.206646,43.306527,33.309473,25.273628,13.420855,-6.368554,-23.351259,-27.730552,-33.305447,-49.96178,-72.563352,-94.873989,-115.474452,-134.129149,-148.577451,-158.238397,-165.375785,-170.873775,-172.325799,-167.103406,-153.11261,-131.871615,-109.755176,-89.821882,-70.419665,-51.33974,-34.634237,-20.18727,-6.303905,7.098977,20.240626,34.455577,51.216669,70.857061,92.259438,112.596813,130.704331,146.486411,158.232589,166.402812,171.847044,173.445849,170.429601,163.092667,150.79719,134.344939,117.11635,101.117687
102,2025-10-12 03:05:57,executed,85.993855,70.885069,56.206646,43.306527,33.309473,25.273628,13.420855,-6.368554,-23.351259,-27.730552,-33.305447,-49.96178,-72.563352,-94.873989,-115.474452,-134.129149,-148.577451,-158.238397,-165.375785,-170.873775,-172.325799,-167.103406,-153.11261,-131.871615,-109.755176,-89.821882,-70.419665,-51.33974,-34.634237,-20.18727,-6.303905,7.098977,20.240626,34.455577,51.216669,70.857061,92.259438,112.596813,130.704331,146.486411,158.232589,166.402812,171.847044,173.445849,170.429601,163.092667,150.79719,134.344939,117.11635,101.117687
102,2025-10-12 03:06:19,proposed,75.293855,60.185069,45.506646,32.606527,22.609473,14.573628,2.720855,-16.068554,-33.051259,-37.430552,-43.005447,-59.66178,-82.263352,-104.573989,-125.174452,-143.829149,-158.277451,-168.938397,-176.075785,-181.573775,-183.025799,-177.803406,-163.81261,-142.571615,-120.455176,-100.521882,-81.119665,-62.03974,-45.334237,-30.88727,-16.903905,-3.501023,9.630626,23.845577,40.606669,60.257061,81.659438,101.996813,120.104331,135.886411,147.632589,155.802812,161.247044,163.845849,160.829601,153.492667,141.19719,124.744939,107.51635,91.517687
103,2025-10-12 03:06:59,executed,75.293855,60.185069,45.506646,32.606527,22.609473,14.573628,2.720855,-16.068554,-33.051259,-37.430552,-43.005447,-59.66178,-82.263352,-104.573989,-125.174452,-143.829149,-158.277451,-168.938397,-176.075785,-181.573775,-183.025799,-177.803406,-163.81261,-142.571615,-120.455176,-100.521882,-81.119665,-62.03974,-45.334237,-30.88727,-16.903905,-3.501023,9.630626,23.845577,40.606669,60.257061,81.659438,101.996813,120.104331,135.886411,147.632589,155.802812,161.247044,163.845849,160.829601,153.492667,141.19719,124.744939,107.51635,91.517687
103,2025-10-12 03:07:18,proposed,84.893855,69.785069,55.106646,42.206527,32.209473,24.173628,12.320855,-7.468554,-24.451259,-28.830552,-34.405447,-51.06178,-73.663352,-95.973989,-116.574452,-135.229149,-149.677451,-159.338397,-166.475785,-171.973775,-173.425799,-168.203406,-154.21261,-132.971615,-110.855176,-90.921882,-71.519665,-52.43974,-35.734237,-21.28727,-7.403905,6.198977,19.340626,33.555577,50.316669,69.957061,91.359438,111.696813,129.804331,145.586411,157.332589,165.502812,170.947044,172.545849,169.529601,162.192667,149.89719,133.444939,116.21635,100.217687
104,2025-10-12 03:07:58,executed,84.893855,69.785069,55.106646,42.206527,32.209473,24.173628,12.320855,-7.468554,-24.451259,-28.830552,-34.405447,-51.06178,-73.663352,-95.973989,-116.574452,-135.229149,-149.677451,-159.338397,-166.475785,-171.973775,-173.425799,-168.203406,-154.21261,-132.971615,-110.855176,-90.921882,-71.519665,-52.43974,-35.734237,-21.28727,-7.403905,6.198977,19.340626,33.555577,50.316669,69.957061,91.359438,111.696813,129.804331,145.586411,157.332589,165.502812,170.947044,172.545849,169.529601,162.192667,149.89719,133.444939,116.21635,100.217687
104,2025-10-12 03:08:19,proposed,-74.993855,-59.885069,-45.206646,-32.306527,-22.309473,-14.273628,-2.420855,17.368554,34.351259,38.730552,44.305447,60.96178,83.563352,105.873989,126.474452,145.129149,159.577451,169.238397,176.375785,181.873775,183.325799,178.103406,164.11261,142.871615,120.755176,100.821882,81.419665,62.33974,45.634237,31.18727,17.303905,-6.098977,-19.240626,-33.455577,-50.216669,-69.857061,-91.259438,-111.596813,-129.704331,-145.486411,-157.232589,-165.402812,-170.847044,-172.445849,-169.429601,-162.092667,-149.79719,-133.344939,-116.11635,-100.117687
105,2025-10-12 03:08:59,executed,-74.993855,-59.885069,-45.206646,-32.306527,-22.309473,-14.273628,-2.420855,17.368554,34.351259,38.730552,44.305447,60.96178,83.563352,105.873989,126.474452,145.129149,159.577451,169.238397,176.375785,181.873775,183.325799,178.103406,164.11261,142.871615,120.755176,100.821882,81.419665,62.33974,45.634237,31.18727,17.303905,-6.098977,-19.240626,-33.455577,-50.216669,-69.857061,-91.259438,-111.596813,-129.704331,-145.486411,-157.232589,-165.402812,-170.847044,-172.445849,-169.429601,-162.092667,-149.79719,-133.344939,-116.11635,-100.117687
105,2025-10-12 03:09:31,proposed,-51.437,-36.254,-21.575,-8.671,1.322,11.315,23.179,35.368,45.948,53.01,55.749,53.699,47.734,39.062,29.221,19.015,9.254,0.751,-6.046,-10.383,-11.331,-9.397,-5.378,-0.109,5.181,10.193,14.278,16.795,17.218,15.213,10.547,3.186,-5.471,-15.512,-26.635,-38.265,-49.853,-60.871,-70.703,-78.85,-84.736,-87.899,-87.906,-84.356,-76.881,-65.251,-50.254,-32.69,-13.372,6.953
106,2025-10-12 03:10:11,executed,-51.437,-36.254,-21.575,-8.671,1.322,11.315,23.179,35.368,45.948,53.01,55.749,53.699,47.734,39.062,29.221,19.015,9.254,0.751,-6.046,-10.383,-11.331,-9.397,-5.378,-0.109,5.181,10.193,14.278,16.795,17.218,15.213,10.547,3.186,-5.471,-15.512,-26.635,-38.265,-49.853,-60.871,-70.703,-78.85,-84.736,-87.899,-87.906,-84.356,-76.881,-65.251,-50.254,-32.69,-13.372,6.953
106,2025-10-12 03:10:25,proposed,-100.0,-80.0,-60.0,-40.0,-20.0,0.0,20.0,40.0,60.0,80.0,100.0,120.0,140.0,160.0,180.0,200.0,190.0,170.0,150.0,130.0,110.0,90.0,70.0,50.0,30.0,-10.0,-30.0,-50.0,-70.0,-90.0,-110.0,-130.0,-150.0,-170.0,-190.0,-200.0,-180.0,-160.0,-140.0,-120.0,-100.0,-80.0,-60.0,-40.0,-20.0,0.0,20.0,40.0,60.0,80.0
107,2025-10-12 03:11:05,executed,-100.0,-80.0,-60.0,-40.0,-20.0,0.0,20.0,40.0,60.0,80.0,100.0,120.0,140.0,160.0,180.0,200.0,190.0,170.0,150.0,130.0,110.0,90.0,70.0,50.0,30.0,-10.0,-30.0,-50.0,-70.0,-90.0,-110.0,-130.0,-150.0,-170.0,-190.0,-200.0,-180.0,-160.0,-140.0,-120.0,-100.0,-80.0,-60.0,-40.0,-20.0,0.0,20.0,40.0,60.0,80.0
107,2025-10-12 03:11:32,proposed,-100.0,-80.0,-60.0,-40.0,-20.0,-10.0,-5.0,0.0,5.0,10.0,-100.0,-80.0,-60.0,-40.0,-20.0,-10.0,-5.0,0.0,5.0,10.0,10.0,20.0,40.0,60.0,80.0,100.0,5.0,10.0,15.0,20.0,10.0,20.0,40.0,60.0,80.0,100.0,5.0,10.0,15.0,20.0,10.0,20.0,40.0,60.0,80.0,100.0,5.0,10.0,15.0,20.0
108,2025-10-12 03:12:12,executed,-100.0,-80.0,-60.0,-40.0,-20.0,-10.0,-5.0,0.0,5.0,10.0,-100.0,-80.0,-60.0,-40.0,-20.0,-10.0,-5.0,0.0,5.0,10.0,10.0,20.0,40.0,60.0,80.0,100.0,5.0,10.0,15.0,20.0,10.0,20.0,40.0,60.0,80.0,100.0,5.0,10.0,15.0,20.0,10.0,20.0,40.0,60.0,80.0,100.0,5.0,10.0,15.0,20.0
108,2025-10-12 03:12:27,proposed,84.893855,69.785069,55.106646,42.206527,32.209473,24.173628,12.320855,-7.468554,-24.451259,-28.830552,-34.405447,-51.06178,-73.663352,-95.973989,-116.574452,-135.229149,-149.677451,-159.338397,-166.475785,-171.973775,-173.425799,-168.203406,-154.21261,-132.971615,-110.855176,-90.921882,-71.519665,-52.43974,-35.734237,-21.28727,-7.403905,5.998977,19.140626,33.355577,50.116669,69.757061,91.159438,111.496813,129.604331,145.386411,157.132589,165.302812,170.747044,172.345849,169.329601,161.992667,149.69719,133.244939,116.01635,100.017687
109,2025-10-12 03:13:07,executed,84.893855,69.785069,55.106646,42.206527,32.209473,24.173628,12.320855,-7.468554,-24.451259,-28.830552,-34.405447,-51.06178,-73.663352,-95.973989,-116.574452,-135.229149,-149.677451,-159.338397,-166.475785,-171.973775,-173.425799,-168.203406,-154.21261,-132.971615,-110.855176,-90.921882,-71.519665,-52.43974,-35.734237,-21.28727,-7.403905,5.998977,19.140626,33.355577,50.116669,69.757061,91.159438,111.496813,129.604331,145.386411,157.132589,165.302812,170.747044,172.345849,169.329601,161.992667,149.69719,133.244939,116.01635,100.017687
109,2025-10-12 03:13:21,proposed,-22.44,-14.77,-1.11,13.56,28.11,42.77,57.54,72.42,87.41,102.51,117.72,133.04,148.47,164.01,179.66,195.42,211.29,227.27,243.36,259.56,275.87,292.29,308.82,325.46,342.21,359.07,376.04,393.12,410.31,427.61,445.02,462.54,480.17,497.91,515.76,533.72,551.79,569.97,588.26,606.66,625.17,643.79,662.52,681.36,700.31,719.37,738.54,757.82,777.21,796.71
110,2025-10-12 03:14:01,executed,-22.44,-14.77,-1.11,13.56,28.11,42.77,57.54,72.42,87.41,102.51,117.72,133.04,148.47,164.01,179.66,195.42,211.29,227.27,243.36,259.56,275.87,292.29,308.82,325.46,342.21,359.07,376.04,393.12,410.31,427.61,445.02,462.54,480.17,497.91,515.76,533.72,551.79,569.97,588.26,606.66,625.17,643.79,662.52,681.36,700.31,719.37,738.54,757.82,777.21,796.71
110,2025-10-12 03:14:50,proposed,-101.821,-66.820625,-30.968083333333333,4.751250000000002,39.89033333333333,73.35337500000001,104.65950000000001,133.23024999999998,158.661,180.67525,199.07333333333332,213.682625,224.3545,230.96704166666666,233.42116666666666,231.64037499999998,225.56966666666665,215.18275,200.48299999999998,181.50729166666662,158.31266666666667,130.95862499999998,99.50841666666662,64.02987500000003,24.592,-102.821,-67.820625,-31.968083333333333,3.751250000000003,38.89033333333333,72.35337500000001,103.65950000000001,132.23024999999998,157.661,179.67525,198.07333333333332,212.682625,223.3545,229.96704166666666,232.42116666666666,230.64037499999998,224.56966666666665,214.18275,199.48299999999998,180.50729166666662,157.31266666666667,129.95862499999998,98.50841666666662,63.029875000000025,23.592
111,2025-10-12 03:15:30,executed,-101.821,-66.820625,-30.968083333333333,4.751250000000002,39.89033333333333,73.35337500000001,104.65950000000001,133.23024999999998,158.661,180.67525,199.07333333333332,213.682625,224.3545,230.96704166666666,233.42116666666666,231.64037499999998,225.56966666666665,215.18275,200.48299999999998,181.50729166666662,158.31266666666667,130.95862499999998,99.50841666666662,64.02987500000003,24.592,-102.821,-67.820625,-31.968083333333333,3.751250000000003,38.89033333333333,72.35337500000001,103.65950000000001,132.23024999999998,157.661,179.67525,198.07333333333332,212.682625,223.3545,229.96704166666666,232.42116666666666,230.64037499999998,224.56966666666665,214.18275,199.48299999999998,180.50729166666662,157.31266666666667,129.95862499999998,98.50841666666662,63.029875000000025,23.592
111,2025-10-12 03:16:00,proposed,74.993855,59.885069,45.206646,32.306527,22.309473,14.273628,2.420855,-17.368554,-34.351259,-38.730552,-44.305447,-60.96178,-83.563352,-105.873989,-126.474452,-145.129149,-159.577451,-169.238397,-176.375785,-181.873775,-183.325799,-178.103406,-164.11261,-142.871615,-120.755176,-100.821882,-81.419665,-62.33974,-45.634237,-31.18727,-17.303905,-3.901023,9.240626,23.455577,40.216669,59.857061,81.259438,101.596813,119.704331,135.486411,147.232589,155.402812,160.847044,162.445849,159.429601,152.092667,139.79719,123.344939,106.11635,90.117687
112,2025-10-12 03:16:40,executed,74.993855,59.885069,45.206646,32.306527,22.309473,14.273628,2.420855,-17.368554,-34.351259,-38.730552,-44.305447,-60.96178,-83.563352,-105.873989,-126.474452,-145.129149,-159.577451,-169.238397,-176.375785,-181.873775,-183.325799,-178.103406,-164.11261,-142.871615,-120.755176,-100.821882,-81.419665,-62.33974,-45.634237,-31.18727,-17.303905,-3.901023,9.240626,23.455577,40.216669,59.857061,81.259438,101.596813,119.704331,135.486411,147.232589,155.402812,160.847044,162.445849,159.429601,152.092667,139.79719,123.344939,106.11635,90.117687
112,2025-10-12 03:17:00,proposed,79.993855,64.885069,50.206646,37.306527,27.309473,19.273628,7.420855,-12.368554,-29.351259,-33.730552,-39.305447,-55.96178,-78.563352,-100.873989,-121.474452,-140.129149,-154.577451,-164.238397,-171.375785,-176.873775,-178.325799,-173.103406,-159.11261,-137.871615,-115.755176,-95.821882,-76.419665,-57.33974,-40.634237,-26.18727,-12.303905,1.098977,14.240626,28.455577,45.216669,64.857061,86.259438,106.596813,124.704331,140.486411,152.232589,160.402812,165.847044,167.445849,164.429601,157.092667,144.79719,128.344939,111.11635,95.117687
113,2025-10-12 03:17:40,executed,79.993855,64.885069,50.206646,37.306527,27.309473,19.273628,7.420855,-12.368554,-29.351259,-33.730552,-39.305447,-55.96178,-78.563352,-100.873989,-121.474452,-140.129149,-154.577451,-164.238397,-171.375785,-176.873775,-178.325799,-173.103406,-159.11261,-137.871615,-115.755176,-95.821882,-76.419665,-57.33974,-40.634237,-26.18727,-12.303905,1.098977,14.240626,28.455577,45.216669,64.857061,86.259438,106.596813,124.704331,140.486411,152.232589,160.402812,165.847044,167.445849,164.429601,157.092667,144.79719,128.344939,111.11635,95.117687
113,2025-10-12 03:18:03,proposed,75.993855,60.885069,46.206646,33.306527,23.309473,15.273628,3.420855,-16.368554,-33.351259,-37.730552,-43.305447,-60.96178,-83.563352,-105.873989,-126.474452,-145.129149,-159.577451,-169.238397,-176.375785,-181.873775,-183.325799,-178.103406,-164.11261,-142.871615,-120.755176,-100.821882,-81.419665,-62.33974,-45.634237,-31.18727,-17.303905,-3.901023,9.240626,23.455577,40.216669,59.857061,81.259438,101.596813,119.704331,135.486411,147.232589,155.402812,160.847044,162.445849,159.429601,152.092667,139.79719,123.344939,106.11635,90.117687
114,2025-10-12 03:18:43,executed,75.993855,60.885069,46.206646,33.306527,23.309473,15.273628,3.420855,-16.368554,-33.351259,-37.730552,-43.305447,-60.96178,-83.563352,-105.873989,-126.474452,-145.129149,-159.577451,-169.238397,-176.375785,-181.873775,-183.325799,-178.103406,-164.11261,-142.871615,-120.755176,-100.821882,-81.419665,-62.33974,-45.634237,-31.18727,-17.303905,-3.901023,9.240626,23.455577,40.216669,59.857061,81.259438,101.596813,119.704331,135.486411,147.232589,155.402812,160.847044,162.445849,159.429601,152.092667,139.79719,123.344939,106.11635,90.117687
114,2025-10-12 03:19:02,proposed,85.993855,70.885069,56.206646,43.306527,33.309473,25.273628,13.420855,-6.368554,-23.351259,-27.730552,-33.305447,-49.96178,-72.563352,-94.873989,-115.474452,-134.129149,-148.577451,-158.238397,-165.375785,-170.873775,-172.325799,-167.103406,-153.11261,-131.871615,-109.755176,-89.821882,-70.419665,-51.33974,-34.634237,-20.18727,-6.303905,7.098977,20.240626,34.455577,51.216669,70.857061,92.259438,112.596813,130.704331,146.486411,158.232589,166.402812,171.847044,173.445849,170.429601,163.092667,150.79719,134.344939,117.11635,101.117687
115,2025-10-12 03:19:42,executed,85.993855,70.885069,56.206646,43.306527,33.309473,25.273628,13.420855,-6.368554,-23.351259,-27.730552,-33.305447,-49.96178,-72.563352,-94.873989,-115.474452,-134.129149,-148.577451,-158.238397,-165.375785,-170.873775,-172.325799,-167.103406,-153.11261,-131.871615,-109.755176,-89.821882,-70.419665,-51.33974,-34.634237,-20.18727,-6.303905,7.098977,20.240626,34.455577,51.216669,70.857061,92.259438,112.596813,130.704331,146.486411,158.232589,166.402812,171.847044,173.445849,170.429601,163.092667,150.79719,134.344939,117.11635,101.117687
115,2025-10-12 03:20:02,proposed,84.893855,69.785069,55.106646,42.206527,32.209473,24.173628,12.320855,-7.468554,-24.451259,-28.830552,-34.405447,-51.06178,-73.663352,-95.973989,-116.574452,-135.229149,-149.677451,-159.338397,-166.475785,-171.973775,-173.425799,-168.203406,-154.21261,-132.971615,-110.855176,-90.921882,-71.519665,-52.43974,-35.734237,-21.28727,-7.403905,5.998977,19.140626,33.355577,50.116669,69.757061,91.159438,111.496813,129.604331,145.386411,157.132589,165.302812,170.747044,172.345849,169.329601,161.992667,149.69719,133.244939,116.01635,100.017687
116,2025-10-12 03:20:42,executed,84.893855,69.785069,55.106646,42.206527,32.209473,24.173628,12.320855,-7.468554,-24.451259,-28.830552,-34.405447,-51.06178,-73.663352,-95.973989,-116.574452,-135.229149,-149.677451,-159.338397,-166.475785,-171.973775,-173.425799,-168.203406,-154.21261,-132.971615,-110.855176,-90.921882,-71.519665,-52.43974,-35.734237,-21.28727,-7.403905,5.998977,19.140626,33.355577,50.116669,69.757061,91.159438,111.496813,129.604331,145.386411,157.132589,165.302812,170.747044,172.345849,169.329601,161.992667,149.69719,133.244939,116.01635,100.017687
116,2025-10-12 03:21:07,proposed,95.0,-100.0,-79.493855,-64.585069,-49.506646,-36.406527,-26.409473,-18.373628,-6.579145,13.531446,30.548741,34.930552,40.505447,57.03822,79.436648,101.705922,122.275548,140.870851,155.322549,164.761603,171.624215,177.126225,178.674201,173.896594,159.88739,138.128385,116.044824,96.178118,76.780335,57.66026,41.365763,26.81273,12.903905,-0.498977,-13.640626,-27.855577,-44.616669,-64.242939,-85.640562,-105.403187,-123.595669,-139.313589,-151.767411,-160.597188,-165.152956,-166.754151,-163.770399,-156.407333,-143.70281,-127.055061
117,2025-10-12 03:21:47,executed,95.0,-100.0,-79.493855,-64.585069,-49.506646,-36.406527,-26.409473,-18.373628,-6.579145,13.531446,30.548741,34.930552,40.505447,57.03822,79.436648,101.705922,122.275548,140.870851,155.322549,164.761603,171.624215,177.126225,178.674201,173.896594,159.88739,138.128385,116.044824,96.178118,76.780335,57.66026,41.365763,26.81273,12.903905,-0.498977,-13.640626,-27.855577,-44.616669,-64.242939,-85.640562,-105.403187,-123.595669,-139.313589,-151.767411,-160.597188,-165.152956,-166.754151,-163.770399,-156.407333,-143.70281,-127.055061
117,2025-10-12 03:22:17,proposed,82.993855,52.66914104166666,29.63981925,7.947178874999997,-27.081141166666665,-39.775516375,-81.14101125,-123.91540529166666,-154.79776633333333,-170.43753125,-173.14980191666666,-146.37715395833328,-102.78852900000001,-63.08470562499997,-29.206839583333373,-0.9271037499999455,26.71726,62.128613333333334,104.51246925000005,140.19847766666672,162.04110816666667,170.245998375,160.70407816666665,132.03044945833335,98.117687,32.254739,22.415438,8.455457999999998,-17.062408000000005,-62.200826,-41.21952579166667,-41.28363775,-39.393947375,-27.586801666666666,-5.935136124999983,18.067695416666666,32.35365620833334,32.9916915,24.69358674999999,12.144849000000017,-1.0590853750000275,-16.457855666666667,-30.508288916666665,-35.886204750000005,-32.10046029166666,-16.29847133333333,6.441406375000016,29.528961166666697,39.29456291666666,36.560793
118,2025-10-12 03:22:57,executed,82.993855,52.66914104166666,29.63981925,7.947178874999997,-27.081141166666665,-39.775516375,-81.14101125,-123.91540529166666,-154.79776633333333,-170.43753125,-173.14980191666666,-146.37715395833328,-102.78852900000001,-63.08470562499997,-29.206839583333373,-0.9271037499999455,26.71726,62.128613333333334,104.51246925000005,140.19847766666672,162.04110816666667,170.245998375,160.70407816666665,132.03044945833335,98.117687,32.254739,22.415438,8.455457999999998,-17.062408000000005,-62.200826,-41.21952579166667,-41.28363775,-39.393947375,-27.586801666666666,-5.935136124999983,18.067695416666666,32.35365620833334,32.9916915,24.69358674999999,12.144849000000017,-1.0590853750000275,-16.457855666666667,-30.508288916666665,-35.886204750000005,-32.10046029166666,-16.29847133333333,6.441406375000016,29.528961166666697,39.29456291666666,36.560793
118,2025-10-12 03:23:20,proposed,84.893855,69.785069,55.106646,42.206527,32.209473,24.173628,12.320855,-7.468554,-24.451259,-28.830552,-34.405447,-51.06178,-73.663352,-95.973989,-116.574452,-135.229149,-149.677451,-159.338397,-166.475785,-171.973775,-173.425799,-168.203406,-154.21261,-132.971615,-110.855176,-90.921882,-71.519665,-52.43974,-35.734237,-21.28727,-7.403905,5.998977,19.140626,33.355577,50.116669,69.757061,91.159438,111.496813,129.604331,145.386411,157.132589,165.302812,170.747044,172.345849,169.329601,161.992667,149.69719,133.244939,116.01635,100.017687
119,2025-10-12 03:24:00,executed,84.893855,69.785069,55.106646,42.206527,32.209473,24.173628,12.320855,-7.468554,-24.451259,-28.830552,-34.405447,-51.06178,-73.663352,-95.973989,-116.574452,-135.229149,-149.677451,-159.338397,-166.475785,-171.973775,-173.425799,-168.203406,-154.21261,-132.971615,-110.855176,-90.921882,-71.519665,-52.43974,-35.734237,-21.28727,-7.403905,5.998977,19.140626,33.355577,50.116669,69.757061,91.159438,111.496813,129.604331,145.386411,157.132589,165.302812,170.747044,172.345849,169.329601,161.992667,149.69719,133.244939,116.01635,100.017687
119,2025-10-12 03:24:15,proposed,84.893855,69.785069,55.106646,42.206527,32.209473,24.173628,12.320855,-7.468554,-24.451259,-28.830552,-34.405447,-51.06178,-73.663352,-95.973989,-116.574452,-135.229149,-149.677451,-159.338397,-166.475785,-171.973775,-173.425799,-168.203406,-154.21261,-132.971615,-110.855176,-90.921882,-71.519665,-52.43974,-35.734237,-21.28727,-7.403905,5.998977,19.140626,33.355577,50.116669,69.757061,91.159438,111.496813,129.604331,145.386411,157.132589,165.302812,170.747044,172.345849,169.329601,161.992667,149.69719,133.244939,116.01635,99.017687
120,2025-10-12 03:24:55,executed,84.893855,69.785069,55.106646,42.206527,32.209473,24.173628,12.320855,-7.468554,-24.451259,-28.830552,-34.405447,-51.06178,-73.663352,-95.973989,-116.574452,-135.229149,-149.677451,-159.338397,-166.475785,-171.973775,-173.425799,-168.203406,-154.21261,-132.971615,-110.855176,-90.921882,-71.519665,-52.43974,-35.734237,-21.28727,-7.403905,5.998977,19.140626,33.355577,50.116669,69.757061,91.159438,111.496813,129.604331,145.386411,157.132589,165.302812,170.747044,172.345849,169.329601,161.992667,149.69719,133.244939,116.01635,99.017687
120,2025-10-12 03:25:15,proposed,-10.0,-5.0,0.0,5.0,10.0,-15.0,-10.0,-5.0,0.0,5.0,10.0,15.0,-20.0,-15.0,-10.0,-5.0,0.0,5.0,10.0,15.0,-20.0,-15.0,-10.0,-5.0,0.0,5.0,10.0,15.0,20.0,25.0,-5.0,0.0,5.0,10.0,15.0,20.0,25.0,-5.0,0.0,5.0,10.0,15.0,20.0,25.0,-5.0,0.0,5.0,10.0,15.0,20.0
121,2025-10-12 03:25:55,executed,-10.0,-5.0,0.0,5.0,10.0,-15.0,-10.0,-5.0,0.0,5.0,10.0,15.0,-20.0,-15.0,-10.0,-5.0,0.0,5.0,10.0,15.0,-20.0,-15.0,-10.0,-5.0,0.0,5.0,10.0,15.0,20.0,25.0,-5.0,0.0,5.0,10.0,15.0,20.0,25.0,-5.0,0.0,5.0,10.0,15.0,20.0,25.0,-5.0,0.0,5.0,10.0,15.0,20.0
121,2025-10-12 03:26:18,proposed,84.893855,69.785069,55.106646,42.206527,32.209473,24.173628,12.320855,-7.468554,-24.451259,-28.830552,-34.405447,-51.06178,-73.663352,-95.973989,-116.574452,-135.229149,-149.677451,-159.338397,-166.475785,-171.973775,-173.425799,-168.203406,-154.21261,-132.971615,-110.855176,-90.921882,-71.519665,-52.43974,-35.734237,-21.28727,-7.403905,5.998977,19.140626,33.355577,50.116669,69.757061,91.159438,111.496813,129.604331,145.386411,157.132589,165.302812,170.747044,172.345849,169.329601,161.992667,149.69719,133.244939,116.01635,100.017687
122,2025-10-12 03:26:58,executed,84.893855,69.785069,55.106646,42.206527,32.209473,24.173628,12.320855,-7.468554,-24.451259,-28.830552,-34.405447,-51.06178,-73.663352,-95.973989,-116.574452,-135.229149,-149.677451,-159.338397,-166.475785,-171.973775,-173.425799,-168.203406,-154.21261,-132.971615,-110.855176,-90.921882,-71.519665,-52.43974,-35.734237,-21.28727,-7.403905,5.998977,19.140626,33.355577,50.116669,69.757061,91.159438,111.496813,129.604331,145.386411,157.132589,165.302812,170.747044,172.345849,169.329601,161.992667,149.69719,133.244939,116.01635,100.017687
122,2025-10-12 03:27:16,proposed,42.4969275,34.9425345,27.603323,21.1532635,16.1547365,12.136814,6.2104275,-3.684277,-12.1756295,-14.365276,-17.1527235,-25.48089,-36.781676,-47.9369945,-58.237226,-67.5645745,-74.7887255,-79.6191985,-83.1878925,-85.9368875,-86.6628995,-84.051703,-77.056305,-66.4358075,-55.377588,-45.410941,-35.7098325,-26.16987,-17.8171185,-10.593635,-3.6519525,3.0494885,9.620313,16.7277885,25.1083345,34.9285305,45.629719,55.7984065,64.8521655,72.7432055,78.6162945,82.701406,85.423522,86.2229245,84.7148005,81.0463335,74.898595,66.6724695,58.058175,50.0588435
123,2025-10-12 03:27:56,executed,42.4969275,34.9425345,27.603323,21.1532635,16.1547365,12.136814,6.2104275,-3.684277,-12.1756295,-14.365276,-17.1527235,-25.48089,-36.781676,-47.9369945,-58.237226,-67.5645745,-74.7887255,-79.6191985,-83.1878925,-85.9368875,-86.6628995,-84.051703,-77.056305,-66.4358075,-55.377588,-45.410941,-35.7098325,-26.16987,-17.8171185,-10.593635,-3.6519525,3.0494885,9.620313,16.7277885,25.1083345,34.9285305,45.629719,55.7984065,64.8521655,72.7432055,78.6162945,82.701406,85.423522,86.2229245,84.7148005,81.0463335,74.898595,66.6724695,58.058175,50.0588435
123,2025-10-12 03:28:15,proposed,42.4969275,27.33457052083333,15.819909624999998,4.9735894374999985,-12.540570583333333,-18.8877581875,-39.570505625,-60.95770264583333,-76.39888316666666,-84.218765625,-85.57490095833333,-72.18857697916664,-50.394264500000006,-30.542352812499985,-13.603419791666687,0.5364481250000273,14.358629999999998,32.06430666666667,53.256234625000026,71.09923883333336,82.02055408333334,86.1229991875,81.35203908333332,67.01522472916668,50.0588435,17.1273695,12.207719,5.227728999999999,-7.5312040000000025,-30.100413,-19.609762895833335,-19.641818875,-19.1969736875,-13.293400833333333,-2.4675680624999914,9.533847708333333,16.67682810416667,16.99584575,12.846793374999995,6.572424500000009,-0.029542687500013987,-7.7289278333333336,-14.754144458333332,-17.5612775,-15.550230145833329,-7.649235666666667,3.720703187500008,15.264480583333349,20.14728145833333,18.7803965
124,2025-10-12 03:28:55,executed,42.4969275,27.33457052083333,15.819909624999998,4.9735894374999985,-12.540570583333333,-18.8877581875,-39.570505625,-60.95770264583333,-76.39888316666666,-84.218765625,-85.57490095833333,-72.18857697916664,-50.394264500000006,-30.542352812499985,-13.603419791666687,0.5364481250000273,14.358629999999998,32.06430666666667,53.256234625000026,71.09923883333336,82.02055408333334,86.1229991875,81.35203908333332,67.01522472916668,50.0588435,17.1273695,12.207719,5.227728999999999,-7.5312040000000025,-30.100413,-19.609762895833335,-19.641818875,-19.1969736875,-13.293400833333333,-2.4675680624999914,9.533847708333333,16.67682810416667,16.99584575,12.846793374999995,6.572424500000009,-0.029542687500013987,-7.7289278333333336,-14.754144458333332,-17.5612775,-15.550230145833329,-7.649235666666667,3.720703187500008,15.264480583333349,20.14728145833333,18.7803965
124,2025-10-12 03:29:15,proposed,83.993855,68.885069,54.206646,41.306527,31.309473,23.273628,11.420855,-8.368554,-25.351259,-29.730552,-35.305447,-51.96178,-74.563352,-96.873989,-117.474452,-136.129149,-150.577451,-160.238397,-167.375785,-172.873775,-174.325799,-169.103406,-155.11261,-133.871615,-111.755176,-91.821882,-72.419665,-53.33974,-36.634237,-22.18727,-8.303905,5.098977,18.240626,32.455577,49.216669,68.857061,90.259438,110.596813,128.704331,144.486411,156.232589,164.402812,169.847044,171.445849,168.429601,161.092667,148.79719,132.344939,115.11635,99.117687
125,2025-10-12 03:29:55,executed,83.993855,68.885069,54.206646,41.306527,31.309473,23.273628,11.420855,-8.368554,-25.351259,-29.730552,-35.305447,-51.96178,-74.563352,-96.873989,-117.474452,-136.129149,-150.577451,-160.238397,-167.375785,-172.873775,-174.325799,-169.103406,-155.11261,-133.871615,-111.755176,-91.821882,-72.419665,-53.33974,-36.634237,-22.18727,-8.303905,5.098977,18.240626,32.455577,49.216669,68.857061,90.259438,110.596813,128.704331,144.486411,156.232589,164.402812,169.847044,171.445849,168.429601,161.092667,148.79719,132.344939,115.11635,99.117687
125,2025-10-12 03:30:15,proposed,-74.993855,-69.885069,-55.206646,-42.306527,-32.309473,-24.273628,-12.420855,7.368554,24.351259,28.730552,34.305447,50.96178,73.563352,95.873989,116.474452,135.129149,149.577451,159.238397,166.375785,171.873775,173.325799,168.103406,154.11261,132.871615,110.755176,90.821882,71.419665,52.33974,35.634237,21.18727,7.303905,-6.098977,-19.240626,-33.455577,-50.216669,-69.857061,-91.259438,-111.596813,-129.704331,-145.486411,-157.232589,-165.402812,-170.847044,-172.445849,-169.429601,-162.092667,-149.79719,-133.344939,-116.11635,-100.117687
126,2025-10-12 03:30:55,executed,-74.993855,-69.885069,-55.206646,-42.306527,-32.309473,-24.273628,-12.420855,7.368554,24.351259,28.730552,34.305447,50.96178,73.563352,95.873989,116.474452,135.129149,149.577451,159.238397,166.375785,171.873775,173.325799,168.103406,154.11261,132.871615,110.755176,90.821882,71.419665,52.33974,35.634237,21.18727,7.303905,-6.098977,-19.240626,-33.455577,-50.216669,-69.857061,-91.259438,-111.596813,-129.704331,-145.486411,-157.232589,-165.402812,-170.847044,-172.445849,-169.429601,-162.092667,-149.79719,-133.344939,-116.11635,-100.117687
126,2025-10-12 03:31:25,proposed,-34.993855,-19.885069,-5.206646,-22.306527,-12.309473,-4.273628,-17.420855,12.368554,34.351259,38.730552,35.305447,20.96178,3.563352,-12.873989,-36.474452,-55.129149,-69.577451,-79.238397,-86.375785,-91.873775,-93.325799,-88.103406,-74.11261,-52.871615,-30.755176,-10.821882,8.580335,27.66026,45.634237,60.18727,73.303905,86.098977,99.240626,113.455577,130.216669,150.857061,172.259438,192.596813,210.704331,226.486411,238.232589,246.402812,251.847044,253.445849,250.429601,243.092667,229.79719,213.344939,196.11635,180.117687
127,2025-10-12 03:32:05,executed,-34.993855,-19.885069,-5.206646,-22.306527,-12.309473,-4.273628,-17.420855,12.368554,34.351259,38.730552,35.305447,20.96178,3.563352,-12.873989,-36.474452,-55.129149,-69.577451,-79.238397,-86.375785,-91.873775,-93.325799,-88.103406,-74.11261,-52.871615,-30.755176,-10.821882,8.580335,27.66026,45.634237,60.18727,73.303905,86.098977,99.240626,113.455577,130.216669,150.857061,172.259438,192.596813,210.704331,226.486411,238.232589,246.402812,251.847044,253.445849,250.429601,243.092667,229.79719,213.344939,196.11635,180.117687
127,2025-10-12 03:32:24,proposed,79.993855,49.66914104166666,26.63981925,4.947178874999997,-30.08114116666667,-42.775516375,-84.14101125,-126.91540529166666,-157.79776633333333,-173.43753125,-176.14980191666666,-149.37715395833328,-105.78852900000001,-66.08470562499997,-32.20683958333338,-3.9271037499999455,23.717260000000003,59.128613333333334,101.51246925000005,137.19847766666672,159.04110816666667,167.245998375,157.70407816666665,129.03044945833335,95.117687,29.254739,19.415438,5.372124666666666,-21.062408000000005,-66.200826,-45.21952579166667,-45.28363775,-43.393947375,-31.586801666666666,-9.776475124999983,15.067695416666666,29.353656208333337,29.9916915,21.69358674999999,9.144849000000017,-4.059085375000028,-19.457855666666667,-33.508288916666665,-38.886204750000005,-35.10046029166666,-19.29847133333333,3.4414063750000157,26.528961166666697,36.29456291666666,33.560793
128,2025-10-12 03:33:04,executed,79.993855,49.66914104166666,26.63981925,4.947178874999997,-30.08114116666667,-42.775516375,-84.14101125,-126.91540529166666,-157.79776633333333,-173.43753125,-176.14980191666666,-149.37715395833328,-105.78852900000001,-66.08470562499997,-32.20683958333338,-3.9271037499999455,23.717260000000003,59.128613333333334,101.51246925000005,137.19847766666672,159.04110816666667,167.245998375,157.70407816666665,129.03044945833335,95.117687,29.254739,19.415438,5.372124666666666,-21.062408000000005,-66.200826,-45.21952579166667,-45.28363775,-43.393947375,-31.586801666666666,-9.776475124999983,15.067695416666666,29.353656208333337,29.9916915,21.69358674999999,9.144849000000017,-4.059085375000028,-19.457855666666667,-33.508288916666665,-38.886204750000005,-35.10046029166666,-19.29847133333333,3.4414063750000157,26.528961166666697,36.29456291666666,33.560793
128,2025-10-12 03:33:18,proposed,84.993855,69.885069,55.206646,42.306527,32.309473,24.273628,12.420855,-7.368554,-24.351259,-28.730552,-34.305447,-50.96178,-73.563352,-95.873989,-116.474452,-135.129149,-149.577451,-159.238397,-166.375785,-171.873775,-173.325799,-168.103406,-154.11261,-132.871615,-110.755176,-90.821882,-71.419665,-52.33974,-35.634237,-21.18727,-7.303905,6.098977,19.240626,33.455577,50.216669,69.857061,91.259438,111.596813,129.704331,145.486411,157.232589,165.402812,170.847044,172.445849,169.429601,162.092667,149.79719,133.344939,116.11635,100.117687
129,2025-10-12 03:33:58,executed,84.993855,69.885069,55.206646,42.306527,32.309473,24.273628,12.420855,-7.368554,-24.351259,-28.730552,-34.305447,-50.96178,-73.563352,-95.873989,-116.474452,-135.129149,-149.577451,-159.238397,-166.375785,-171.873775,-173.325799,-168.103406,-154.11261,-132.871615,-110.755176,-90.821882,-71.419665,-52.33974,-35.634237,-21.18727,-7.303905,6.098977,19.240626,33.455577,50.216669,69.857061,91.259438,111.596813,129.704331,145.486411,157.232589,165.402812,170.847044,172.445849,169.429601,162.092667,149.79719,133.344939,116.11635,100.117687
129,2025-10-12 03:34:20,proposed,85.993855,70.885069,56.206646,43.306527,33.309473,25.273628,13.420855,-6.368554,-23.351259,-27.730552,-33.305447,-49.96178,-72.563352,-94.873989,-115.474452,-134.129149,-148.577451,-158.238397,-165.375785,-170.873775,-172.325799,-167.103406,-153.11261,-131.871615,-109.755176,-89.821882,-70.419665,-51.33974,-34.634237,-20.18727,-6.303905,7.098977,20.240626,34.455577,51.216669,70.857061,92.259438,112.596813,130.704331,146.486411,158.232589,166.402812,171.847044,173.445849,170.429601,163.092667,150.79719,134.344939,117.11635,101.117687
130,2025-10-12 03:35:00,executed,85.993855,70.885069,56.206646,43.306527,33.309473,25.273628,13.420855,-6.368554,-23.351259,-27.730552,-33.305447,-49.96178,-72.563352,-94.873989,-115.474452,-134.129149,-148.577451,-158.238397,-165.375785,-170.873775,-172.325799,-167.103406,-153.11261,-131.871615,-109.755176,-89.821882,-70.419665,-51.33974,-34.634237,-20.18727,-6.303905,7.098977,20.240626,34.455577,51.216669,70.857061,92.259438,112.596813,130.704331,146.486411,158.232589,166.402812,171.847044,173.445849,170.429601,163.092667,150.79719,134.344939,117.11635,101.117687
130,2025-10-12 03:35:15,proposed,-10.007304,-10.085874,-10.164444,-10.243014,-10.321584,-10.399994,-10.478344,-10.556694,-10.635044,-10.713394,-10.791744,-10.870094,-10.948444,-11.026794,-11.105144,-11.183494,-11.261844,-11.340194,-11.418544,-11.496894,-11.575244,-11.653594,-11.731944,-11.810294,-11.888644,-11.966994,-12.045344,-12.123694,-12.202044,-12.280394,10.078794,10.157144,10.235494,10.313844,10.392194,10.470544,10.548894,10.627244,10.705594,10.783944,10.862294,10.940644,11.018994,11.097344,11.175694,11.254044,11.332394,11.410744,11.489094,11.567444
131,2025-10-12 03:35:55,executed,-10.007304,-10.085874,-10.164444,-10.243014,-10.321584,-10.399994,-10.478344,-10.556694,-10.635044,-10.713394,-10.791744,-10.870094,-10.948444,-11.026794,-11.105144,-11.183494,-11.261844,-11.340194,-11.418544,-11.496894,-11.575244,-11.653594,-11.731944,-11.810294,-11.888644,-11.966994,-12.045344,-12.123694,-12.202044,-12.280394,10.078794,10.157144,10.235494,10.313844,10.392194,10.470544,10.548894,10.627244,10.705594,10.783944,10.862294,10.940644,11.018994,11.097344,11.175694,11.254044,11.332394,11.410744,11.489094,11.567444
131,2025-10-12 03:36:17,proposed,83.993855,68.885069,54.206646,41.306527,31.309473,23.273628,11.420855,-8.368554,-25.351259,-29.730552,-35.305447,-51.96178,-74.563352,-96.873989,-117.474452,-136.129149,-150.577451,-160.238397,-167.375785,-172.873775,-174.325799,-169.103406,-155.11261,-133.871615,-111.755176,-91.821882,-72.419665,-53.33974,-36.634237,-22.18727,-8.303905,5.098977,18.240626,32.455577,49.216669,68.857061,90.259438,110.596813,128.704331,144.486411,156.232589,164.402812,169.847044,171.445849,168.429601,161.092667,148.79719,132.344939,115.11635,99.117687
132,2025-10-12 03:36:57,executed,83.993855,68.885069,54.206646,41.306527,31.309473,23.273628,11.420855,-8.368554,-25.351259,-29.730552,-35.305447,-51.96178,-74.563352,-96.873989,-117.474452,-136.129149,-150.577451,-160.238397,-167.375785,-172.873775,-174.325799,-169.103406,-155.11261,-133.871615,-111.755176,-91.821882,-72.419665,-53.33974,-36.634237,-22.18727,-8.303905,5.098977,18.240626,32.455577,49.216669,68.857061,90.259438,110.596813,128.704331,144.486411,156.232589,164.402812,169.847044,171.445849,168.429601,161.092667,148.79719,132.344939,115.11635,99.117687
132,2025-10-12 03:37:17,proposed,-72.934,-58.091,-43.885,-30.693,-18.349,-6.832,3.564,12.421,18.926,23.045,25.305,26.643,26.697,25.624,23.73,21.439,18.883,16.175,13.429,10.648,7.827,4.95,1.997,-1.023,-4.105,-7.24,-10.42,-13.636,-16.879,-20.139,-23.408,-26.675,-29.932,-33.17,-36.38,-39.552,-42.677,-45.746,-48.75,-51.68,-54.526,-57.279,-59.93,-62.47,-64.89,-67.182,-69.337,-71.347,-73.203,-74.901
133,2025-10-12 03:37:57,executed,-72.934,-58.091,-43.885,-30.693,-18.349,-6.832,3.564,12.421,18.926,23.045,25.305,26.643,26.697,25.624,23.73,21.439,18.883,16.175,13.429,10.648,7.827,4.95,1.997,-1.023,-4.105,-7.24,-10.42,-13.636,-16.879,-20.139,-23.408,-26.675,-29.932,-33.17,-36.38,-39.552,-42.677,-45.746,-48.75,-51.68,-54.526,-57.279,-59.93,-62.47,-64.89,-67.182,-69.337,-71.347,-73.203,-74.901
133,2025-10-12 03:38:17,proposed,-10.0,-5.0,0.0,5.0,10.0,-10.0,-5.0,0.0,5.0,10.0,-10.0,-5.0,0.0,5.0,10.0,-10.0,-5.0,0.0,5.0,10.0,-10.0,-5.0,0.0,5.0,10.0,-10.0,-5.0,0.0,5.0,10.0,-10.0,-5.0,0.0,5.0,10.0,-10.0,-5.0,0.0,5.0,10.0,-10.0,-5.0,0.0,5.0,10.0,-10.0,-5.0,0.0,5.0,10.0
134,2025-10-12 03:38:57,executed,-10.0,-5.0,0.0,5.0,10.0,-10.0,-5.0,0.0,5.0,10.0,-10.0,-5.0,0.0,5.0,10.0,-10.0,-5.0,0.0,5.0,10.0,-10.0,-5.0,0.0,5.0,10.0,-10.0,-5.0,0.0,5.0,10.0,-10.0,-5.0,0.0,5.0,10.0,-10.0,-5.0,0.0,5.0,10.0,-10.0,-5.0,0.0,5.0,10.0,-10.0,-5.0,0.0,5.0,10.0
134,2025-10-12 03:39:18,proposed,-61.093855,-75.114931,-89.793354,-102.693473,-112.690527,-118.726372,-120.579145,-118.368554,-112.951259,-105.305552,-96.305447,-85.96178,-73.563352,-59.873989,-44.474452,-26.870851,-6.422549,13.238397,33.624215,53.126225,76.674201,98.103406,122.88739,144.128385,166.244824,186.178118,204.580335,222.66026,239.365763,253.81273,267.696095,278.098977,288.240626,298.455577,308.616669,318.457061,328.259438,338.596813,348.704331,358.486411,367.232589,374.597188,380.847044,384.445849,384.570399,380.092667,371.20281,358.655061,343.11635,325.117687
135,2025-10-12 03:39:58,executed,-61.093855,-75.114931,-89.793354,-102.693473,-112.690527,-118.726372,-120.579145,-118.368554,-112.951259,-105.305552,-96.305447,-85.96178,-73.563352,-59.873989,-44.474452,-26.870851,-6.422549,13.238397,33.624215,53.126225,76.674201,98.103406,122.88739,144.128385,166.244824,186.178118,204.580335,222.66026,239.365763,253.81273,267.696095,278.098977,288.240626,298.455577,308.616669,318.457061,328.259438,338.596813,348.704331,358.486411,367.232589,374.597188,380.847044,384.445849,384.570399,380.092667,371.20281,358.655061,343.11635,325.117687
135,2025-10-12 03:40:31,proposed,-4.993855,-9.885069,-15.206646,-22.306527,-32.309473,-24.273628,-12.420855,7.368554,24.351259,28.730552,34.305447,50.96178,73.563352,95.873989,116.474452,135.129149,149.577451,159.238397,166.375785,171.873775,173.325799,168.103406,154.11261,132.871615,110.755176,90.821882,71.419665,52.33974,35.634237,21.18727,7.303905,-6.098977,-19.240626,-33.455577,-50.216669,-69.857061,-91.259438,-111.596813,-129.704331,-145.486411,-157.232589,-165.402812,-170.847044,-172.445849,-169.429601,-162.092667,-149.79719,-133.344939,-116.11635,-100.117687
136,2025-10-12 03:41:11,executed,-4.993855,-9.885069,-15.206646,-22.306527,-32.309473,-24.273628,-12.420855,7.368554,24.351259,28.730552,34.305447,50.96178,73.563352,95.873989,116.474452,135.129149,149.577451,159.238397,166.375785,171.873775,173.325799,168.103406,154.11261,132.871615,110.755176,90.821882,71.419665,52.33974,35.634237,21.18727,7.303905,-6.098977,-19.240626,-33.455577,-50.216669,-69.857061,-91.259438,-111.596813,-129.704331,-145.486411,-157.232589,-165.402812,-170.847044,-172.445849,-169.429601,-162.092667,-149.79719,-133.344939,-116.11635,-100.117687
136,2025-10-12 03:41:47,proposed,-42.5,-27.6,-16.2,-6.2,12.2,17.2,34.3,47.0,56.3,63.1,66.7,57.7,39.0,25.7,17.8,3.7,-9.6,-25.1,-45.6,-64.9,-78.6,-85.4,-84.7,-74.9,-58.1,-50.1,-15.0,-9.2,-1.3,17.4,25.9,17.4,19.0,16.9,6.8,-7.4,-15.9,-17.5,-14.4,-8.4,-2.1,5.1,12.8,17.6,17.0,11.8,-4.4,-15.7,-20.2,-19.3
137,2025-10-12 03:42:27,executed,-42.5,-27.6,-16.2,-6.2,12.2,17.2,34.3,47.0,56.3,63.1,66.7,57.7,39.0,25.7,17.8,3.7,-9.6,-25.1,-45.6,-64.9,-78.6,-85.4,-84.7,-74.9,-58.1,-50.1,-15.0,-9.2,-1.3,17.4,25.9,17.4,19.0,16.9,6.8,-7.4,-15.9,-17.5,-14.4,-8.4,-2.1,5.1,12.8,17.6,17.0,11.8,-4.4,-15.7,-20.2,-19.3
137,2025-10-12 03:42:49,proposed,-37.560793,-39.578511,-40.379633,-38.337951,-31.418109,-20.748335,-8.878889,2.620972,13.65379,23.521878,30.347473,33.961812,35.122555,34.177154,31.15169,25.517172,18.073946,10.225675,-4.220914,-10.515734,-16.82561,-23.129088,-28.724358,-32.884945,-35.098438,-35.02832,-31.936633,-24.992636,-14.835595,-2.788452,90.821882,71.419665,52.33974,35.634237,21.18727,7.303905,-6.098977,-19.240626,-33.455577,-50.216669,-69.857061,-91.259438,-111.596813,-129.704331,-145.486411,-157.232589,-165.402812,-170.847044,-172.445849,-169.429601
138,2025-10-12 03:43:29,executed,-37.560793,-39.578511,-40.379633,-38.337951,-31.418109,-20.748335,-8.878889,2.620972,13.65379,23.521878,30.347473,33.961812,35.122555,34.177154,31.15169,25.517172,18.073946,10.225675,-4.220914,-10.515734,-16.82561,-23.129088,-28.724358,-32.884945,-35.098438,-35.02832,-31.936633,-24.992636,-14.835595,-2.788452,90.821882,71.419665,52.33974,35.634237,21.18727,7.303905,-6.098977,-19.240626,-33.455577,-50.216669,-69.857061,-91.259438,-111.596813,-129.704331,-145.486411,-157.232589,-165.402812,-170.847044,-172.445849,-169.429601
138,2025-10-12 03:43:53,proposed,-75.0,-60.0,-45.0,-30.0,-15.0,0.0,15.0,30.0,45.0,60.0,75.0,90.0,105.0,120.0,135.0,150.0,165.0,180.0,195.0,210.0,225.0,210.0,195.0,180.0,165.0,150.0,135.0,120.0,105.0,90.0,75.0,60.0,45.0,30.0,15.0,0.0,-15.0,-30.0,-45.0,-60.0,-75.0,-90.0,-105.0,-120.0,-135.0,-150.0,-165.0,-180.0,-195.0,-210.0
139,2025-10-12 03:44:33,executed,-75.0,-60.0,-45.0,-30.0,-15.0,0.0,15.0,30.0,45.0,60.0,75.0,90.0,105.0,120.0,135.0,150.0,165.0,180.0,195.0,210.0,225.0,210.0,195.0,180.0,165.0,150.0,135.0,120.0,105.0,90.0,75.0,60.0,45.0,30.0,15.0,0.0,-15.0,-30.0,-45.0,-60.0,-75.0,-90.0,-105.0,-120.0,-135.0,-150.0,-165.0,-180.0,-195.0,-210.0
139,2025-10-12 03:45:04,proposed,84.893855,54.56914104166666,31.53981925,9.847178874999997,-25.181141166666666,-37.875516375000004,-79.24101125000001,-122.01540529166665,-152.89776633333332,-168.53753125,-171.24980191666668,-144.4771539583333,-100.888529,-61.18470562499998,-27.30683958333337,0.9728962500000549,28.617259999999998,64.02861333333333,106.41246925000006,142.09847766666672,163.94110816666665,172.14599837499998,162.60407816666665,133.93044945833336,100.017687,34.154739,24.315438,10.355457999999999,-15.162408000000005,-60.300826,-39.31952579166667,-39.38363775,-38.493947375000005,-26.686801666666668,-5.035136124999982,18.967695416666665,33.25365620833334,33.941691500000005,25.593586749999993,13.044849000000017,-0.15908537500002762,-15.557855666666667,-29.608288916666666,-34.986204750000006,-31.200460291666655,-15.398471333333333,7.341406375000016,30.428961166666696,40.19456291666666,37.460793
140,2025-10-12 03:45:44,executed,84.893855,54.56914104166666,31.53981925,9.847178874999997,-25.181141166666666,-37.875516375000004,-79.24101125000001,-122.01540529166665,-152.89776633333332,-168.53753125,-171.24980191666668,-144.4771539583333,-100.888529,-61.18470562499998,-27.30683958333337,0.9728962500000549,28.617259999999998,64.02861333333333,106.41246925000006,142.09847766666672,163.94110816666665,172.14599837499998,162.60407816666665,133.93044945833336,100.017687,34.154739,24.315438,10.355457999999999,-15.162408000000005,-60.300826,-39.31952579166667,-39.38363775,-38.493947375000005,-26.686801666666668,-5.035136124999982,18.967695416666665,33.25365620833334,33.941691500000005,25.593586749999993,13.044849000000017,-0.15908537500002762,-15.557855666666667,-29.608288916666666,-34.986204750000006,-31.200460291666655,-15.398471333333333,7.341406375000016,30.428961166666696,40.19456291666666,37.460793
140,2025-10-12 03:46:03,proposed,84.993855,69.885069,55.206646,42.306527,32.309473,24.273628,12.420855,-7.368554,-24.351259,-28.730552,-34.305447,-50.96178,-73.563352,-95.873989,-116.474452,-135.129149,-149.577451,-159.238397,-166.375785,-171.873775,-173.325799,-168.103406,-154.11261,-132.871615,-110.755176,-90.821882,-71.419665,-52.33974,-35.634237,-21.18727,-7.303905,6.098977,19.240626,33.455577,50.216669,69.857061,91.259438,111.596813,129.704331,145.486411,157.232589,165.402812,170.847044,172.445849,169.429601,162.092667,149.79719,133.344939,116.11635,100.117687
141,2025-10-12 03:46:43,executed,84.993855,69.885069,55.206646,42.306527,32.309473,24.273628,12.420855,-7.368554,-24.351259,-28.730552,-34.305447,-50.96178,-73.563352,-95.873989,-116.474452,-135.129149,-149.577451,-159.238397,-166.375785,-171.873775,-173.325799,-168.103406,-154.11261,-132.871615,-110.755176,-90.821882,-71.419665,-52.33974,-35.634237,-21.18727,-7.303905,6.098977,19.240626,33.455577,50.216669,69.857061,91.259438,111.596813,129.704331,145.486411,157.232589,165.402812,170.847044,172.445849,169.429601,162.092667,149.79719,133.344939,116.11635,100.117687
141,2025-10-12 03:47:07,proposed,42.4969275,27.33457052083333,15.819909624999998,4.9735894374999985,-12.540570583333333,-18.8877581875,-39.570505625,-60.95770264583333,-76.39888316666666,-84.218765625,-85.57490095833333,-72.18857697916664,-50.394264500000006,-30.542352812499985,-13.603419791666687,0.5364481250000273,14.358629999999998,32.06430666666667,53.256234625000026,71.09923883333336,82.02055408333334,86.1229991875,81.35203908333332,67.01522472916668,50.0588435,17.1273695,12.207719,5.227728999999999,-7.5312040000000025,-30.100413,-19.609762895833335,-19.641818875,-19.1969736875,-13.293400833333333,-2.4675680624999914,9.533847708333333,16.67682810416667,16.99584575,12.846793374999995,6.572424500000009,-0.029542687500013987,-7.7289278333333336,-14.754144458333332,-17.5612775,-15.671140874999994,-7.649235666666667,3.720703187500008,15.264479541666681,20.14728145833333,18.7892555
142,2025-10-12 03:47:47,executed,42.4969275,27.33457052083333,15.819909624999998,4.9735894374999985,-12.540570583333333,-18.8877581875,-39.570505625,-60.95770264583333,-76.39888316666666,-84.218765625,-85.57490095833333,-72.18857697916664,-50.394264500000006,-30.542352812499985,-13.603419791666687,0.5364481250000273,14.358629999999998,32.06430666666667,53.256234625000026,71.09923883333336,82.02055408333334,86.1229991875,81.35203908333332,67.01522472916668,50.0588435,17.1273695,12.207719,5.227728999999999,-7.5312040000000025,-30.100413,-19.609762895833335,-19.641818875,-19.1969736875,-13.293400833333333,-2.4675680624999914,9.533847708333333,16.67682810416667,16.99584575,12.846793374999995,6.572424500000009,-0.029542687500013987,-7.7289278333333336,-14.754144458333332,-17.5612775,-15.671140874999994,-7.649235666666667,3.720703187500008,15.264479541666681,20.14728145833333,18.7892555
142,2025-10-12 03:48:08,proposed,83.993855,68.885069,54.206646,41.306527,31.309473,23.273628,11.420855,-8.368554,-25.351259,-29.730552,-35.305447,-51.96178,-74.563352,-96.873989,-117.474452,-136.129149,-150.577451,-160.238397,-167.375785,-172.873775,-174.325799,-169.103406,-155.11261,-133.871615,-111.755176,-91.821882,-72.419665,-53.33974,-36.634237,-22.18727,-8.303905,5.098977,18.240626,32.455577,49.216669,68.857061,90.259438,110.596813,128.704331,144.486411,156.232589,164.402812,169.847044,171.445849,168.429601,161.092667,148.79719,132.344939,115.11635,99.117687
143,2025-10-12 03:48:48,executed,83.993855,68.885069,54.206646,41.306527,31.309473,23.273628,11.420855,-8.368554,-25.351259,-29.730552,-35.305447,-51.96178,-74.563352,-96.873989,-117.474452,-136.129149,-150.577451,-160.238397,-167.375785,-172.873775,-174.325799,-169.103406,-155.11261,-133.871615,-111.755176,-91.821882,-72.419665,-53.33974,-36.634237,-22.18727,-8.303905,5.098977,18.240626,32.455577,49.216669,68.857061,90.259438,110.596813,128.704331,144.486411,156.232589,164.402812,169.847044,171.445849,168.429601,161.092667,148.79719,132.344939,115.11635,99.117687
143,2025-10-12 03:49:08,proposed,-79.426,-64.994,-50.924,-37.43,-24.621,-12.561,-1.296,9.18,17.837,23.628,26.671,27.124,25.171,21.034,14.955,7.216,-1.871,-11.421,-21.193,-30.868,-39.985,-47.889,-54.043,-57.963,-59.333,-57.902,-53.563,-46.413,-36.679,-24.615,-10.504,4.092,18.079,32.898,50.03,70.028,92.359,114.482,134.044,149.873,161.013,168.062,171.062,169.334,162.453,150.609,134.137,114.149,93.019,72.672
144,2025-10-12 03:49:48,executed,-79.426,-64.994,-50.924,-37.43,-24.621,-12.561,-1.296,9.18,17.837,23.628,26.671,27.124,25.171,21.034,14.955,7.216,-1.871,-11.421,-21.193,-30.868,-39.985,-47.889,-54.043,-57.963,-59.333,-57.902,-53.563,-46.413,-36.679,-24.615,-10.504,4.092,18.079,32.898,50.03,70.028,92.359,114.482,134.044,149.873,161.013,168.062,171.062,169.334,162.453,150.609,134.137,114.149,93.019,72.672
144,2025-10-12 03:50:11,proposed,-2.007623,-1.317213,-0.650493,0.024357,0.672427,1.280827,1.846727,2.367347,2.840007,3.262017,3.629687,3.939337,4.187387,4.370257,4.484367,4.526137,4.492087,4.378637,4.182207,3.900217,3.529087,3.065237,2.505087,1.845057,1.081567,-90.821882,-71.419665,-52.33974,-35.634237,-21.18727,-7.303905,6.098977,19.240626,33.455577,50.216669,69.857061,91.259438,111.596813,129.704331,145.486411,157.232589,165.402812,170.847044,172.445849,169.429601,162.092667,149.79719,133.344939,116.11635,100.117687
145,2025-10-12 03:50:51,executed,-2.007623,-1.317213,-0.650493,0.024357,0.672427,1.280827,1.846727,2.367347,2.840007,3.262017,3.629687,3.939337,4.187387,4.370257,4.484367,4.526137,4.492087,4.378637,4.182207,3.900217,3.529087,3.065237,2.505087,1.845057,1.081567,-90.821882,-71.419665,-52.33974,-35.634237,-21.18727,-7.303905,6.098977,19.240626,33.455577,50.216669,69.857061,91.259438,111.596813,129.704331,145.486411,157.232589,165.402812,170.847044,172.445849,169.429601,162.092667,149.79719,133.344939,116.11635,100.117687
145,2025-10-12 03:51:18,proposed,-71.19014,-57.89485,-44.93321,-32.30522,-20.01088,-8.04018,3.66317,14.70117,24.98481,34.41409,42.88901,50.29957,56.52577,61.44761,64.94498,66.89789,67.18634,65.68022,62.25954,56.80429,49.20448,39.34999,27.12084,12.39692,-4.85133,-24.83426,-46.99155,-71.76219,-99.67519,-131.26953,-167.1842,-207.95816,-254.13035,-306.2408,-364.7285,-429.93246,-502.2916,-582.2449,-670.23135,-766.6999,-872.09956,-986.87927,-1111.4879,-1246.36448,-1391.9489,-1548.68026,-1716.9975,-1897.34066,-2090.1486,-2295.85034
146,2025-10-12 03:51:58,executed,-71.19014,-57.89485,-44.93321,-32.30522,-20.01088,-8.04018,3.66317,14.70117,24.98481,34.41409,42.88901,50.29957,56.52577,61.44761,64.94498,66.89789,67.18634,65.68022,62.25954,56.80429,49.20448,39.34999,27.12084,12.39692,-4.85133,-24.83426,-46.99155,-71.76219,-99.67519,-131.26953,-167.1842,-207.95816,-254.13035,-306.2408,-364.7285,-429.93246,-502.2916,-582.2449,-670.23135,-766.6999,-872.09956,-986.87927,-1111.4879,-1246.36448,-1391.9489,-1548.68026,-1716.9975,-1897.34066,-2090.1486,-2295.85034
146,2025-10-12 03:52:46,proposed,-78.881242,-50.22621383333333,-24.377696,-2.0918747499999983,15.710923333333335,24.312390291666667,23.56154225,14.151719250000005,-3.3605436666666675,-27.384669875000018,-55.68369658333334,-83.34231470833336,-99.965044,-96.13970445833331,-68.91232291666671,-25.774558874999904,24.112335333333334,76.494537125,129.3689545000001,167.90038287500005,179.85574583333334,169.18563962499996,142.22089524999996,106.22696700000002,72.690443,34.254739,24.415438,10.455457999999998,-15.062408000000005,-60.200826,-39.21952579166667,-39.28363775,-38.393947375,-26.586801666666666,-4.935136124999983,19.067695416666666,33.35365620833334,33.9916915,25.69358674999999,13.144849000000018,-0.05908537500002797,-15.457855666666667,-29.508288916666665,-34.886204750000005,-31.100460291666657,-15.298471333333334,7.441406375000016,30.528961166666697,40.29456291666666,37.560793
147,2025-10-12 03:53:26,executed,-78.881242,-50.22621383333333,-24.377696,-2.0918747499999983,15.710923333333335,24.312390291666667,23.56154225,14.151719250000005,-3.3605436666666675,-27.384669875000018,-55.68369658333334,-83.34231470833336,-99.965044,-96.13970445833331,-68.91232291666671,-25.774558874999904,24.112335333333334,76.494537125,129.3689545000001,167.90038287500005,179.85574583333334,169.18563962499996,142.22089524999996,106.22696700000002,72.690443,34.254739,24.415438,10.455457999999998,-15.062408000000005,-60.200826,-39.21952579166667,-39.28363775,-38.393947375,-26.586801666666666,-4.935136124999983,19.067695416666666,33.35365620833334,33.9916915,25.69358674999999,13.144849000000018,-0.05908537500002797,-15.457855666666667,-29.508288916666665,-34.886204750000005,-31.100460291666657,-15.298471333333334,7.441406375000016,30.528961166666697,40.29456291666666,37.560793
147,2025-10-12 03:53:49,proposed,83.993855,53.66914104166666,30.63981925,8.947178874999997,-26.081141166666665,-38.775516375,-80.14101125,-122.91540529166666,-153.79776633333333,-169.43753125,-172.14980191666666,-145.37715395833328,-101.78852900000001,-62.08470562499997,-28.206839583333373,0.07289625000005451,27.717259999999996,63.128613333333334,105.51246925000005,141.19847766666672,163.04110816666667,171.245998375,161.70407816666665,133.03044945833335,99.117687,33.254739,23.415438,9.455457999999998,-16.062408000000005,-61.200826,-40.21952579166667,-40.28363775,-39.393947375,-27.586801666666666,-5.935136124999983,18.067695416666666,32.35365620833334,32.9916915,24.69358674999999,12.144849000000017,-1.0590853750000275,-16.457855666666667,-30.508288916666665,-35.886204750000005,-32.10046029166666,-16.29847133333333,6.441406375000016,29.528961166666697,39.29456291666666,36.560793
148,2025-10-12 03:54:29,executed,83.993855,53.66914104166666,30.63981925,8.947178874999997,-26.081141166666665,-38.775516375,-80.14101125,-122.91540529166666,-153.79776633333333,-169.43753125,-172.14980191666666,-145.37715395833328,-101.78852900000001,-62.08470562499997,-28.206839583333373,0.07289625000005451,27.717259999999996,63.128613333333334,105.51246925000005,141.19847766666672,163.04110816666667,171.245998375,161.70407816666665,133.03044945833335,99.117687,33.254739,23.415438,9.455457999999998,-16.062408000000005,-61.200826,-40.21952579166667,-40.28363775,-39.393947375,-27.586801666666666,-5.935136124999983,18.067695416666666,32.35365620833334,32.9916915,24.69358674999999,12.144849000000017,-1.0590853750000275,-16.457855666666667,-30.508288916666665,-35.886204750000005,-32.10046029166666,-16.29847133333333,6.441406375000016,29.528961166666697,39.29456291666666,36.560793
148,2025-10-12 03:54:51,proposed,84.893855,69.785069,55.106646,42.206527,32.209473,24.173628,12.320855,-7.468554,-24.451259,-28.830552,-34.405447,-51.06178,-73.663352,-95.973989,-116.574452,-135.229149,-149.677451,-159.338397,-166.475785,-171.973775,-173.425799,-168.203406,-154.21261,-132.971615,-110.855176,-90.921882,-71.519665,-52.43974,-35.734237,-21.28727,-7.403905,5.998977,19.140626,33.355577,50.116669,69.757061,91.159438,111.496813,129.604331,145.386411,157.132589,165.302812,170.747044,172.345849,169.329601,161.992667,149.69719,133.244939,116.01635,100.017687
149,2025-10-12 03:55:31,executed,84.893855,69.785069,55.106646,42.206527,32.209473,24.173628,12.320855,-7.468554,-24.451259,-28.830552,-34.405447,-51.06178,-73.663352,-95.973989,-116.574452,-135.229149,-149.677451,-159.338397,-166.475785,-171.973775,-173.425799,-168.203406,-154.21261,-132.971615,-110.855176,-90.921882,-71.519665,-52.43974,-35.734237,-21.28727,-7.403905,5.998977,19.140626,33.355577,50.116669,69.757061,91.159438,111.496813,129.604331,145.386411,157.132589,165.302812,170.747044,172.345849,169.329601,161.992667,149.69719,133.244939,116.01635,100.017687
149,2025-10-12 03:55:52,proposed,-100.0,-80.0,-60.0,-40.0,-20.0,0.0,20.0,40.0,60.0,80.0,100.0,120.0,140.0,160.0,180.0,200.0,180.0,160.0,140.0,120.0,100.0,80.0,60.0,40.0,20.0,0.0,-20.0,-40.0,-60.0,-80.0,10.0,8.0,6.0,4.0,2.0,0.0,-2.0,-4.0,-6.0,-8.0,10.0,8.0,6.0,4.0,2.0,0.0,-2.0,-4.0,-6.0,-8.0
150,2025-10-12 03:56:32,executed,-100.0,-80.0,-60.0,-40.0,-20.0,0.0,20.0,40.0,60.0,80.0,100.0,120.0,140.0,160.0,180.0,200.0,180.0,160.0,140.0,120.0,100.0,80.0,60.0,40.0,20.0,0.0,-20.0,-40.0,-60.0,-80.0,10.0,8.0,6.0,4.0,2.0,0.0,-2.0,-4.0,-6.0,-8.0,10.0,8.0,6.0,4.0,2.0,0.0,-2.0,-4.0,-6.0,-8.0
150,2025-10-12 03:56:55,proposed,-100.0,-85.0,-70.0,-55.0,-40.0,-25.0,-10.0,5.0,20.0,35.0,50.0,65.0,80.0,95.0,110.0,125.0,140.0,155.0,170.0,185.0,175.0,160.0,145.0,130.0,115.0,-95.0,-80.0,-65.0,-50.0,-35.0,20.0,35.0,50.0,65.0,80.0,95.0,110.0,125.0,140.0,155.0,170.0,185.0,175.0,160.0,145.0,130.0,115.0,100.0,85.0,100.0
151,2025-10-12 03:57:35,executed,-100.0,-85.0,-70.0,-55.0,-40.0,-25.0,-10.0,5.0,20.0,35.0,50.0,65.0,80.0,95.0,110.0,125.0,140.0,155.0,170.0,185.0,175.0,160.0,145.0,130.0,115.0,-95.0,-80.0,-65.0,-50.0,-35.0,20.0,35.0,50.0,65.0,80.0,95.0,110.0,125.0,140.0,155.0,170.0,185.0,175.0,160.0,145.0,130.0,115.0,100.0,85.0,100.0
151,2025-10-12 03:57:48,proposed,-100.0,-80.0,-60.0,-40.0,-20.0,0.0,20.0,40.0,60.0,80.0,100.0,120.0,140.0,160.0,180.0,200.0,180.0,160.0,140.0,120.0,100.0,80.0,60.0,40.0,20.0,0.0,-20.0,-40.0,-60.0,-80.0,100.0,80.0,60.0,40.0,20.0,0.0,-20.0,-40.0,-60.0,-80.0,-100.0,-120.0,-140.0,-160.0,-180.0,-200.0,-180.0,-160.0,-140.0,-120.0
152,2025-10-12 03:58:28,executed,-100.0,-80.0,-60.0,-40.0,-20.0,0.0,20.0,40.0,60.0,80.0,100.0,120.0,140.0,160.0,180.0,200.0,180.0,160.0,140.0,120.0,100.0,80.0,60.0,40.0,20.0,0.0,-20.0,-40.0,-60.0,-80.0,100.0,80.0,60.0,40.0,20.0,0.0,-20.0,-40.0,-60.0,-80.0,-100.0,-120.0,-140.0,-160.0,-180.0,-200.0,-180.0,-160.0,-140.0,-120.0
152,2025-10-12 03:59:00,proposed,84.893855,69.785069,55.106646,42.206527,32.209473,24.173628,12.320855,-7.468554,-24.451259,-28.830552,-34.405447,-51.06178,-73.663352,-95.973989,-116.574452,-135.229149,-149.677451,-159.338397,-166.475785,-171.973775,-173.425799,-168.203406,-154.21261,-132.971615,-110.855176,-90.921882,-71.519665,-52.43974,-35.734237,-21.28727,-7.403905,5.998977,19.140626,33.355577,50.116669,69.757061,91.159438,111.496813,129.604331,145.386411,157.132589,165.302812,170.747044,172.345849,169.329601,161.992667,149.69719,133.244939,116.01635,100.017687
153,2025-10-12 03:59:40,executed,84.893855,69.785069,55.106646,42.206527,32.209473,24.173628,12.320855,-7.468554,-24.451259,-28.830552,-34.405447,-51.06178,-73.663352,-95.973989,-116.574452,-135.229149,-149.677451,-159.338397,-166.475785,-171.973775,-173.425799,-168.203406,-154.21261,-132.971615,-110.855176,-90.921882,-71.519665,-52.43974,-35.734237,-21.28727,-7.403905,5.998977,19.140626,33.355577,50.116669,69.757061,91.159438,111.496813,129.604331,145.386411,157.132589,165.302812,170.747044,172.345849,169.329601,161.992667,149.69719,133.244939,116.01635,100.017687
153,2025-10-12 04:00:00,proposed,85.073855,70.005069,55.356646,42.486527,32.499473,24.483628,12.650855,-7.118554,-24.091259,-28.480552,-34.065447,-50.73178,-73.343352,-95.663989,-116.274452,-134.939149,-149.397451,-159.068397,-166.215785,-171.723775,-173.185799,-167.973406,-153.99261,-132.761615,-110.655176,-90.731882,-71.339665,-52.26974,-35.574237,-21.13727,-7.253905,6.148977,19.290626,33.505577,50.266669,69.907061,91.309438,111.646813,129.754331,145.536411,157.282589,165.452812,170.897044,172.495849,169.479601,162.142667,149.84719,133.394939,116.16635,100.167687
154,2025-10-12 04:00:40,executed,85.073855,70.005069,55.356646,42.486527,32.499473,24.483628,12.650855,-7.118554,-24.091259,-28.480552,-34.065447,-50.73178,-73.343352,-95.663989,-116.274452,-134.939149,-149.397451,-159.068397,-166.215785,-171.723775,-173.185799,-167.973406,-153.99261,-132.761615,-110.655176,-90.731882,-71.339665,-52.26974,-35.574237,-21.13727,-7.253905,6.148977,19.290626,33.505577,50.266669,69.907061,91.309438,111.646813,129.754331,145.536411,157.282589,165.452812,170.897044,172.495849,169.479601,162.142667,149.84719,133.394939,116.16635,100.167687
154,2025-10-12 04:01:01,proposed,-79.993855,-64.885069,-50.206646,-37.306527,-27.309473,-19.273628,-7.420855,12.368554,29.351259,33.730552,39.305447,55.96178,78.563352,100.873989,121.474452,140.129149,154.577451,164.238397,171.375785,176.873775,178.325799,173.103406,159.11261,137.871615,115.755176,95.821882,76.419665,57.33974,40.634237,26.18727,12.696095,-0.701023,-13.759374,-27.544423,-44.216669,-63.857061,-85.259438,-105.596813,-123.704331,-139.486411,-151.232589,-159.402812,-164.847044,-166.445849,-163.429601,-156.092667,-143.79719,-127.344939,-110.11635,-94.117687
155,2025-10-12 04:01:41,executed,-79.993855,-64.885069,-50.206646,-37.306527,-27.309473,-19.273628,-7.420855,12.368554,29.351259,33.730552,39.305447,55.96178,78.563352,100.873989,121.474452,140.129149,154.577451,164.238397,171.375785,176.873775,178.325799,173.103406,159.11261,137.871615,115.755176,95.821882,76.419665,57.33974,40.634237,26.18727,12.696095,-0.701023,-13.759374,-27.544423,-44.216669,-63.857061,-85.259438,-105.596813,-123.704331,-139.486411,-151.232589,-159.402812,-164.847044,-166.445849,-163.429601,-156.092667,-143.79719,-127.344939,-110.11635,-94.117687
155,2025-10-12 04:02:21,proposed,83.993855,53.66914104166666,30.63981925,8.947178874999997,-26.081141166666665,-38.775516375,-80.14101125,-122.91540529166666,-153.79776633333333,-169.43753125,-172.14980191666666,-145.37715395833328,-101.78852900000001,-62.08470562499997,-28.206839583333373,2.0728962500000545,29.717259999999996,65.12861333333333,107.51246925000005,143.19847766666672,165.04110816666667,173.245998375,163.70407816666665,135.03044945833335,101.117687,66.370776,41.17725383333333,18.02500783333333,-6.718251500000002,-26.552257333333333,-44.77365879166667,-71.19100525000002,-95.88472233333333,-113.99670666666667,-123.30754075,-125.11332308333334,-116.55812604166665,-96.66729699999999,-74.28139145833332,-48.42862108333337,-20.819463624999948,1.778716666666666,22.010032416666665,51.42727400000005,80.21258795833337,108.093159,125.40874000000001,123.21620758333331,102.14084100000001,78.724505
156,2025-10-12 04:03:01,executed,83.993855,53.66914104166666,30.63981925,8.947178874999997,-26.081141166666665,-38.775516375,-80.14101125,-122.91540529166666,-153.79776633333333,-169.43753125,-172.14980191666666,-145.37715395833328,-101.78852900000001,-62.08470562499997,-28.206839583333373,2.0728962500000545,29.717259999999996,65.12861333333333,107.51246925000005,143.19847766666672,165.04110816666667,173.245998375,163.70407816666665,135.03044945833335,101.117687,66.370776,41.17725383333333,18.02500783333333,-6.718251500000002,-26.552257333333333,-44.77365879166667,-71.19100525000002,-95.88472233333333,-113.99670666666667,-123.30754075,-125.11332308333334,-116.55812604166665,-96.66729699999999,-74.28139145833332,-48.42862108333337,-20.819463624999948,1.778716666666666,22.010032416666665,51.42727400000005,80.21258795833337,108.093159,125.40874000000001,123.21620758333331,102.14084100000001,78.724505
156,2025-10-12 04:03:20,proposed,84.893855,69.785069,55.106646,42.206527,32.209473,24.173628,12.320855,-7.468554,-24.451259,-28.830552,-34.405447,-51.06178,-73.663352,-95.973989,-116.574452,-135.229149,-149.677451,-159.338397,-166.475785,-171.973775,-173.425799,-168.203406,-154.21261,-132.971615,-110.855176,-90.921882,-71.519665,-52.43974,-35.734237,-21.28727,-7.403905,5.998977,19.140626,33.355577,50.116669,69.757061,91.159438,111.496813,129.604331,145.386411,157.132589,165.302812,170.747044,172.345849,169.329601,161.992667,149.69719,133.244939,116.01635,100.017687
157,2025-10-12 04:04:00,executed,84.893855,69.785069,55.106646,42.206527,32.209473,24.173628,12.320855,-7.468554,-24.451259,-28.830552,-34.405447,-51.06178,-73.663352,-95.973989,-116.574452,-135.229149,-149.677451,-159.338397,-166.475785,-171.973775,-173.425799,-168.203406,-154.21261,-132.971615,-110.855176,-90.921882,-71.519665,-52.43974,-35.734237,-21.28727,-7.403905,5.998977,19.140626,33.355577,50.116669,69.757061,91.159438,111.496813,129.604331,145.386411,157.132589,165.302812,170.747044,172.345849,169.329601,161.992667,149.69719,133.244939,116.01635,100.017687
157,2025-10-12 04:04:15,proposed,84.893855,69.785069,55.106646,42.206527,32.209473,24.173628,12.320855,-7.468554,-24.451259,-28.830552,-34.405447,-51.06178,-73.663352,-95.973989,-116.574452,-135.229149,-149.677451,-159.338397,-166.475785,-171.973775,-173.425799,-168.203406,-154.21261,-132.971615,-110.855176,-90.921882,-71.519665,-52.43974,-35.734237,-21.28727,-7.403905,5.998977,19.140626,33.355577,50.116669,69.757061,91.159438,111.496813,129.604331,145.386411,157.132589,165.302812,170.747044,172.345849,169.329601,161.992667,149.69719,133.244939,116.01635,100.017687
158,2025-10-12 04:04:55,executed,84.893855,69.785069,55.106646,42.206527,32.209473,24.173628,12.320855,-7.468554,-24.451259,-28.830552,-34.405447,-51.06178,-73.663352,-95.973989,-116.574452,-135.229149,-149.677451,-159.338397,-166.475785,-171.973775,-173.425799,-168.203406,-154.21261,-132.971615,-110.855176,-90.921882,-71.519665,-52.43974,-35.734237,-21.28727,-7.403905,5.998977,19.140626,33.355577,50.116669,69.757061,91.159438,111.496813,129.604331,145.386411,157.132589,165.302812,170.747044,172.345849,169.329601,161.992667,149.69719,133.244939,116.01635,100.017687
158,2025-10-12 04:05:18,proposed,84.893855,69.785069,55.106646,42.206527,32.209473,24.173628,12.320855,-7.468554,-24.451259,-28.830552,-34.405447,-51.06178,-73.663352,-95.973989,-116.574452,-135.229149,-149.677451,-159.338397,-166.475785,-171.973775,-173.425799,-168.203406,-154.21261,-132.971615,-110.855176,-90.921882,-71.519665,-52.43974,-35.734237,-21.28727,-7.403905,5.998977,19.140626,33.355577,50.116669,69.757061,91.159438,111.496813,129.604331,145.386411,157.132589,165.302812,170.747044,172.345849,169.329601,161.992667,149.69719,133.244939,116.01635,100.017687
159,2025-10-12 04:05:58,executed,84.893855,69.785069,55.106646,42.206527,32.209473,24.173628,12.320855,-7.468554,-24.451259,-28.830552,-34.405447,-51.06178,-73.663352,-95.973989,-116.574452,-135.229149,-149.677451,-159.338397,-166.475785,-171.973775,-173.425799,-168.203406,-154.21261,-132.971615,-110.855176,-90.921882,-71.519665,-52.43974,-35.734237,-21.28727,-7.403905,5.998977,19.140626,33.355577,50.116669,69.757061,91.159438,111.496813,129.604331,145.386411,157.132589,165.302812,170.747044,172.345849,169.329601,161.992667,149.69719,133.244939,116.01635,100.017687
159,2025-10-12 04:06:14,proposed,-94.993855,-79.885069,-65.206646,-52.306527,-42.309473,-34.273628,-22.420855,-17.368554,-34.351259,-38.730552,-44.305447,-60.96178,-83.563352,-105.873989,-126.474452,-145.129149,-159.577451,-169.238397,-176.375785,-181.873775,-183.325799,-178.103406,-164.11261,-142.871615,-120.755176,-100.821882,-81.419665,-62.33974,-45.634237,-31.18727,-17.303905,-3.901023,-9.240626,-23.455577,-40.216669,-59.857061,-81.259438,-101.596813,-119.704331,-135.486411,-147.232589,-155.402812,-160.847044,-162.445849,-159.429601,-152.092667,-139.79719,-123.344939,-106.11635,-90.117687
160,2025-10-12 04:06:54,executed,-94.993855,-79.885069,-65.206646,-52.306527,-42.309473,-34.273628,-22.420855,-17.368554,-34.351259,-38.730552,-44.305447,-60.96178,-83.563352,-105.873989,-126.474452,-145.129149,-159.577451,-169.238397,-176.375785,-181.873775,-183.325799,-178.103406,-164.11261,-142.871615,-120.755176,-100.821882,-81.419665,-62.33974,-45.634237,-31.18727,-17.303905,-3.901023,-9.240626,-23.455577,-40.216669,-59.857061,-81.259438,-101.596813,-119.704331,-135.486411,-147.232589,-155.402812,-160.847044,-162.445849,-159.429601,-152.092667,-139.79719,-123.344939,-106.11635,-90.117687
160,2025-10-12 04:07:20,proposed,-100.0,-80.0,-60.0,-40.0,-20.0,0.0,20.0,40.0,60.0,80.0,100.0,80.0,60.0,40.0,20.0,0.0,-20.0,-40.0,-60.0,-80.0,-100.0,-80.0,-60.0,-40.0,-20.0,0.0,20.0,40.0,60.0,80.0,100.0,80.0,60.0,40.0,20.0,0.0,-20.0,-40.0,-60.0,-80.0,-100.0,-80.0,-60.0,-40.0,-20.0,0.0,20.0,40.0,60.0,80.0
161,2025-10-12 04:08:00,executed,-100.0,-80.0,-60.0,-40.0,-20.0,0.0,20.0,40.0,60.0,80.0,100.0,80.0,60.0,40.0,20.0,0.0,-20.0,-40.0,-60.0,-80.0,-100.0,-80.0,-60.0,-40.0,-20.0,0.0,20.0,40.0,60.0,80.0,100.0,80.0,60.0,40.0,20.0,0.0,-20.0,-40.0,-60.0,-80.0,-100.0,-80.0,-60.0,-40.0,-20.0,0.0,20.0,40.0,60.0,80.0
161,2025-10-12 04:08:47,proposed,100.0,-71.648,-56.775,-42.593,-30.193,-19.791,-11.374,-4.759,0.841,5.269,7.62,7.075,4.426,-1.356,-9.746,-20.179,-32.129,-45.111,-58.587,-72.03,-85.014,-95.88,-102.919,-104.887,-101.155,-92.447,-80.022,-65.341,-49.116,-32.013,-14.707,2.474,19.471,35.365,50.028,63.351,75.205,85.459,93.984,100.65,105.326,107.883,107.991,105.32,99.54,90.211,76.893,59.157,37.672,13.008
162,2025-10-12 04:09:27,executed,100.0,-71.648,-56.775,-42.593,-30.193,-19.791,-11.374,-4.759,0.841,5.269,7.62,7.075,4.426,-1.356,-9.746,-20.179,-32.129,-45.111,-58.587,-72.03,-85.014,-95.88,-102.919,-104.887,-101.155,-92.447,-80.022,-65.341,-49.116,-32.013,-14.707,2.474,19.471,35.365,50.028,63.351,75.205,85.459,93.984,100.65,105.326,107.883,107.991,105.32,99.54,90.211,76.893,59.157,37.672,13.008
162,2025-10-12 04:09:53,proposed,-104.99,-89.89,-75.21,-62.31,-52.31,-44.27,-32.42,-12.37,4.35,8.73,14.31,30.96,53.56,75.87,96.47,115.13,129.58,139.24,146.38,151.87,153.33,148.1,134.11,112.87,90.76,70.82,51.42,32.34,14.37,0.19,13.3,26.1,39.24,53.46,70.22,89.86,111.26,131.6,149.7,165.49,177.23,185.4,190.85,192.45,189.43,182.09,169.8,153.34,136.12,120.12
163,2025-10-12 04:10:33,executed,-104.99,-89.89,-75.21,-62.31,-52.31,-44.27,-32.42,-12.37,4.35,8.73,14.31,30.96,53.56,75.87,96.47,115.13,129.58,139.24,146.38,151.87,153.33,148.1,134.11,112.87,90.76,70.82,51.42,32.34,14.37,0.19,13.3,26.1,39.24,53.46,70.22,89.86,111.26,131.6,149.7,165.49,177.23,185.4,190.85,192.45,189.43,182.09,169.8,153.34,136.12,120.12
163,2025-10-12 04:10:57,proposed,84.993855,69.885069,55.206646,42.306527,32.309473,24.273628,12.420855,-7.368554,-24.351259,-28.730552,-34.305447,-50.96178,-73.563352,-95.873989,-116.474452,-135.129149,-149.577451,-159.238397,-166.375785,-171.873775,-173.325799,-168.103406,-154.11261,-132.871615,-110.755176,-90.821882,-71.419665,-52.33974,-35.634237,-21.18727,-7.303905,6.098977,19.240626,33.455577,50.216669,69.857061,91.259438,111.596813,129.704331,145.486411,157.232589,165.402812,170.847044,172.445849,169.429601,162.092667,149.79719,133.344939,116.11635,100.117687
164,2025-10-12 04:11:37,executed,84.993855,69.885069,55.206646,42.306527,32.309473,24.273628,12.420855,-7.368554,-24.351259,-28.730552,-34.305447,-50.96178,-73.563352,-95.873989,-116.474452,-135.129149,-149.577451,-159.238397,-166.375785,-171.873775,-173.325799,-168.103406,-154.11261,-132.871615,-110.755176,-90.821882,-71.419665,-52.33974,-35.634237,-21.18727,-7.303905,6.098977,19.240626,33.455577,50.216669,69.857061,91.259438,111.596813,129.704331,145.486411,157.232589,165.402812,170.847044,172.445849,169.429601,162.092667,149.79719,133.344939,116.11635,100.117687
164,2025-10-12 04:12:00,proposed,85.593855,70.485069,55.806646,42.906527,32.909473,24.873628,13.020855,-6.768554,-23.751259,-28.130552,-33.705447,-50.36178,-72.963352,-95.273989,-115.874452,-134.529149,-148.977451,-158.638397,-165.775785,-171.273775,-172.725799,-167.503406,-153.51261,-132.271615,-110.155176,-90.221882,-70.819665,-51.73974,-35.034237,-20.58727,-6.703905,6.698977,19.840626,34.055577,50.816669,70.457061,91.859438,112.296813,130.404331,146.086411,157.832589,166.002812,171.447044,173.045849,170.029601,162.692667,150.39719,133.944939,116.71635,100.717687
165,2025-10-12 04:12:40,executed,85.593855,70.485069,55.806646,42.906527,32.909473,24.873628,13.020855,-6.768554,-23.751259,-28.130552,-33.705447,-50.36178,-72.963352,-95.273989,-115.874452,-134.529149,-148.977451,-158.638397,-165.775785,-171.273775,-172.725799,-167.503406,-153.51261,-132.271615,-110.155176,-90.221882,-70.819665,-51.73974,-35.034237,-20.58727,-6.703905,6.698977,19.840626,34.055577,50.816669,70.457061,91.859438,112.296813,130.404331,146.086411,157.832589,166.002812,171.447044,173.045849,170.029601,162.692667,150.39719,133.944939,116.71635,100.717687
165,2025-10-12 04:13:00,proposed,-75.0,-60.0,-45.0,-30.0,-15.0,0.0,15.0,30.0,45.0,60.0,75.0,90.0,105.0,120.0,135.0,150.0,165.0,180.0,195.0,210.0,225.0,240.0,255.0,270.0,285.0,300.0,315.0,330.0,345.0,360.0,-75.0,-60.0,-45.0,-30.0,-15.0,0.0,15.0,30.0,45.0,60.0,75.0,90.0,105.0,120.0,135.0,150.0,165.0,180.0,195.0,210.0
166,2025-10-12 04:13:40,executed,-75.0,-60.0,-45.0,-30.0,-15.0,0.0,15.0,30.0,45.0,60.0,75.0,90.0,105.0,120.0,135.0,150.0,165.0,180.0,195.0,210.0,225.0,240.0,255.0,270.0,285.0,300.0,315.0,330.0,345.0,360.0,-75.0,-60.0,-45.0,-30.0,-15.0,0.0,15.0,30.0,45.0,60.0,75.0,90.0,105.0,120.0,135.0,150.0,165.0,180.0,195.0,210.0
166,2025-10-12 04:14:26,proposed,100.0,-51.251,-40.114,-26.793,-14.811,-5.655,1.382,6.342,7.997,5.971,1.893,-4.189,-11.823,-20.621,-29.179,-36.099,-40.281,-41.326,-39.45,-35.135,-29.061,-21.918,-14.305,-6.712,0.35,6.412,11.075,13.838,14.902,14.566,13.129,10.892,8.155,5.217,2.279,-0.559,-3.297,-5.935,-8.472,-10.91,-13.247,-15.485,-17.622,-19.659,-21.597,-23.434,-25.172,-26.809,-28.347,-29.784
167,2025-10-12 04:15:06,executed,100.0,-51.251,-40.114,-26.793,-14.811,-5.655,1.382,6.342,7.997,5.971,1.893,-4.189,-11.823,-20.621,-29.179,-36.099,-40.281,-41.326,-39.45,-35.135,-29.061,-21.918,-14.305,-6.712,0.35,6.412,11.075,13.838,14.902,14.566,13.129,10.892,8.155,5.217,2.279,-0.559,-3.297,-5.935,-8.472,-10.91,-13.247,-15.485,-17.622,-19.659,-21.597,-23.434,-25.172,-26.809,-28.347,-29.784
167,2025-10-12 04:15:21,proposed,84.893855,69.785069,55.106646,42.206527,32.209473,24.173628,12.320855,-7.468554,-24.451259,-28.830552,-34.405447,-51.06178,-73.663352,-95.973989,-116.574452,-135.229149,-149.677451,-159.338397,-166.475785,-171.973775,-173.425799,-168.203406,-154.21261,-132.971615,-110.855176,-90.921882,-71.519665,-52.43974,-35.734237,-21.28727,-7.403905,5.998977,19.140626,33.355577,50.116669,69.757061,91.159438,111.496813,129.604331,145.386411,157.132589,165.302812,170.747044,172.345849,169.329601,161.992667,149.69719,133.244939,116.01635,100.017687
168,2025-10-12 04:16:01,executed,84.893855,69.785069,55.106646,42.206527,32.209473,24.173628,12.320855,-7.468554,-24.451259,-28.830552,-34.405447,-51.06178,-73.663352,-95.973989,-116.574452,-135.229149,-149.677451,-159.338397,-166.475785,-171.973775,-173.425799,-168.203406,-154.21261,-132.971615,-110.855176,-90.921882,-71.519665,-52.43974,-35.734237,-21.28727,-7.403905,5.998977,19.140626,33.355577,50.116669,69.757061,91.159438,111.496813,129.604331,145.386411,157.132589,165.302812,170.747044,172.345849,169.329601,161.992667,149.69719,133.244939,116.01635,100.017687
168,2025-10-12 04:16:16,proposed,-75.012,-60.012,-45.012,-30.012,-15.012,0.012,15.012,30.012,45.012,60.012,75.012,90.012,105.012,120.012,135.012,150.012,165.012,180.012,195.012,210.012,225.012,240.012,255.012,270.012,285.012,300.012,315.012,330.012,345.012,360.012,-75.012,-60.012,-45.012,-30.012,-15.012,0.012,15.012,30.012,45.012,60.012,75.012,90.012,105.012,120.012,135.012,150.012,165.012,180.012,195.012,210.012
169,2025-10-12 04:16:56,executed,-75.012,-60.012,-45.012,-30.012,-15.012,0.012,15.012,30.012,45.012,60.012,75.012,90.012,105.012,120.012,135.012,150.012,165.012,180.012,195.012,210.012,225.012,240.012,255.012,270.012,285.012,300.012,315.012,330.012,345.012,360.012,-75.012,-60.012,-45.012,-30.012,-15.012,0.012,15.012,30.012,45.012,60.012,75.012,90.012,105.012,120.012,135.012,150.012,165.012,180.012,195.012,210.012
169,2025-10-12 04:17:19,proposed,-10.017,-24.115,-38.322,-52.623,-67.011,-81.472,-95.999,-110.585,-125.223,-139.905,-154.623,-169.37,-184.139,-198.921,-213.71,-228.501,-243.286,-258.058,-272.81,-287.534,-302.222,-316.866,-331.458,-345.99,-360.454,-374.843,-389.15,-403.367,-417.486,-431.501,-445.394,-459.158,-472.785,-486.268,-499.6,-512.773,-525.779,-538.611,-551.261,-563.723,-575.988,-588.049,-599.901,-611.535,-622.944,-634.12,-645.056,-655.744,-666.175,-676.343
170,2025-10-12 04:17:59,executed,-10.017,-24.115,-38.322,-52.623,-67.011,-81.472,-95.999,-110.585,-125.223,-139.905,-154.623,-169.37,-184.139,-198.921,-213.71,-228.501,-243.286,-258.058,-272.81,-287.534,-302.222,-316.866,-331.458,-345.99,-360.454,-374.843,-389.15,-403.367,-417.486,-431.501,-445.394,-459.158,-472.785,-486.268,-499.6,-512.773,-525.779,-538.611,-551.261,-563.723,-575.988,-588.049,-599.901,-611.535,-622.944,-634.12,-645.056,-655.744,-666.175,-676.343
170,2025-10-12 04:18:50,proposed,79.993855,64.885069,50.206646,37.306527,27.309473,19.273628,7.420855,-12.368554,-29.351259,-33.730552,-39.305447,-55.96178,-78.563352,-100.873989,-121.474452,-140.129149,-154.577451,-164.238397,-171.375785,-176.873775,-178.325799,-173.103406,-159.11261,-137.871615,-115.755176,-95.821882,-76.419665,-57.33974,-40.634237,-26.18727,-12.303905,1.098977,14.240626,28.455577,45.216669,64.857061,86.259438,106.596813,124.704331,140.486411,152.232589,160.402812,165.847044,167.445849,164.429601,157.092667,144.79719,128.344939,111.11635,95.117687
171,2025-10-12 04:19:30,executed,79.993855,64.885069,50.206646,37.306527,27.309473,19.273628,7.420855,-12.368554,-29.351259,-33.730552,-39.305447,-55.96178,-78.563352,-100.873989,-121.474452,-140.129149,-154.577451,-164.238397,-171.375785,-176.873775,-178.325799,-173.103406,-159.11261,-137.871615,-115.755176,-95.821882,-76.419665,-57.33974,-40.634237,-26.18727,-12.303905,1.098977,14.240626,28.455577,45.216669,64.857061,86.259438,106.596813,124.704331,140.486411,152.232589,160.402812,165.847044,167.445849,164.429601,157.092667,144.79719,128.344939,111.11635,95.117687
171,2025-10-12 04:19:50,proposed,-100.0,-80.0,-60.0,-40.0,-20.0,0.0,20.0,40.0,60.0,80.0,100.0,120.0,-120.0,-100.0,-80.0,-60.0,-40.0,-20.0,0.0,20.0,40.0,60.0,80.0,100.0,120.0,10.821882,-71.419665,-52.33974,-35.634237,-21.18727,-7.303905,6.098977,19.240626,33.455577,50.216669,69.857061,91.259438,111.596813,129.704331,145.486411,157.232589,165.402812,170.847044,172.445849,169.429601,162.092667,149.79719,133.344939,116.11635,100.117687
172,2025-10-12 04:20:30,executed,-100.0,-80.0,-60.0,-40.0,-20.0,0.0,20.0,40.0,60.0,80.0,100.0,120.0,-120.0,-100.0,-80.0,-60.0,-40.0,-20.0,0.0,20.0,40.0,60.0,80.0,100.0,120.0,10.821882,-71.419665,-52.33974,-35.634237,-21.18727,-7.303905,6.098977,19.240626,33.455577,50.216669,69.857061,91.259438,111.596813,129.704331,145.486411,157.232589,165.402812,170.847044,172.445849,169.429601,162.092667,149.79719,133.344939,116.11635,100.117687
172,2025-10-12 04:20:51,proposed,84.993855,69.885069,55.206646,42.306527,32.309473,24.273628,12.420855,-7.368554,-24.351259,-28.730552,-34.305447,-50.96178,-73.563352,-95.873989,-116.474452,-135.129149,-149.577451,-159.238397,-166.375785,-171.873775,-173.325799,-168.103406,-154.11261,-132.871615,-110.755176,-90.821882,-71.419665,-52.33974,-35.634237,-21.18727,-7.303905,6.098977,19.240626,33.455577,50.216669,69.857061,91.259438,111.596813,129.704331,145.486411,157.232589,165.402812,170.847044,172.445849,169.429601,162.092667,149.79719,133.344939,116.11635,100.117687
173,2025-10-12 04:21:31,executed,84.993855,69.885069,55.206646,42.306527,32.309473,24.273628,12.420855,-7.368554,-24.351259,-28.730552,-34.305447,-50.96178,-73.563352,-95.873989,-116.474452,-135.129149,-149.577451,-159.238397,-166.375785,-171.873775,-173.325799,-168.103406,-154.11261,-132.871615,-110.755176,-90.821882,-71.419665,-52.33974,-35.634237,-21.18727,-7.303905,6.098977,19.240626,33.455577,50.216669,69.857061,91.259438,111.596813,129.704331,145.486411,157.232589,165.402812,170.847044,172.445849,169.429601,162.092667,149.79719,133.344939,116.11635,100.117687
173,2025-10-12 04:21:53,proposed,-41.645,-30.934,-16.207,-1.293,10.654,20.274,25.971,23.439,12.215,-3.531,-21.893,-41.497,-61.048,-78.949,-93.079,-103.978,-111.868,-117.094,-120.552,-122.734,-124.612,-125.868,-125.895,-123.979,-119.316,-111.119,-99.653,-85.319,-69.261,-52.343,-35.152,-18.013,-1.043,15.592,33.286,52.854,73.009,91.843,108.068,120.928,129.766,134.474,135.027,132.057,125.092,114.227,99.993,84.252,69.37,56.237
174,2025-10-12 04:22:33,executed,-41.645,-30.934,-16.207,-1.293,10.654,20.274,25.971,23.439,12.215,-3.531,-21.893,-41.497,-61.048,-78.949,-93.079,-103.978,-111.868,-117.094,-120.552,-122.734,-124.612,-125.868,-125.895,-123.979,-119.316,-111.119,-99.653,-85.319,-69.261,-52.343,-35.152,-18.013,-1.043,15.592,33.286,52.854,73.009,91.843,108.068,120.928,129.766,134.474,135.027,132.057,125.092,114.227,99.993,84.252,69.37,56.237
174,2025-10-12 04:22:54,proposed,-7.303905,6.098977,19.240626,33.455577,50.216669,69.857061,91.259438,111.596813,129.704331,145.486411,157.232589,165.402812,170.847044,172.445849,169.429601,162.092667,149.79719,133.344939,116.11635,100.117687,84.993855,69.885069,55.206646,42.306527,32.309473,24.273628,12.420855,-7.368554,-24.351259,-28.730552,-34.305447,-50.96178,-73.563352,-95.873989,-116.474452,-135.129149,-149.577451,-159.238397,-166.375785,-171.873775,-173.325799,-168.103406,-154.11261,-132.871615,-110.755176,-90.821882,-71.419665,-52.33974,-35.634237,-21.18727
175,2025-10-12 04:23:34,executed,-7.303905,6.098977,19.240626,33.455577,50.216669,69.857061,91.259438,111.596813,129.704331,145.486411,157.232589,165.402812,170.847044,172.445849,169.429601,162.092667,149.79719,133.344939,116.11635,100.117687,84.993855,69.885069,55.206646,42.306527,32.309473,24.273628,12.420855,-7.368554,-24.351259,-28.730552,-34.305447,-50.96178,-73.563352,-95.873989,-116.474452,-135.129149,-149.577451,-159.238397,-166.375785,-171.873775,-173.325799,-168.103406,-154.11261,-132.871615,-110.755176,-90.821882,-71.419665,-52.33974,-35.634237,-21.18727
175,2025-10-12 04:24:11,proposed,85.993855,55.66914104166666,32.639819249999995,10.947178874999997,-24.081141166666665,-36.98384970833334,-80.14101125,-122.91540529166666,-153.79776633333333,-169.43753125,-172.14980191666666,-145.37715395833328,-101.78852900000001,-62.08470562499997,-28.206839583333373,0.07289625000005451,27.717259999999996,63.128613333333334,105.51246925000005,141.19847766666672,163.04110816666667,171.245998375,161.70407816666665,133.03044945833335,99.117687,35.254739,25.415438,11.455457999999998,-14.062408000000005,-59.200826,-38.21952579166667,-38.28363775,-37.393947375,-25.586801666666666,-3.9351361249999828,20.067695416666666,34.35365620833334,34.9916915,26.69358674999999,14.144849000000018,0.940914624999972,-14.457855666666667,-28.508288916666665,-33.886204750000005,-30.100460291666657,-14.298471333333334,8.441406375000016,31.528961166666697,41.29456291666666,38.560793
176,2025-10-12 04:24:51,executed,85.993855,55.66914104166666,32.639819249999995,10.947178874999997,-24.081141166666665,-36.98384970833334,-80.14101125,-122.91540529166666,-153.79776633333333,-169.43753125,-172.14980191666666,-145.37715395833328,-101.78852900000001,-62.08470562499997,-28.206839583333373,0.07289625000005451,27.717259999999996,63.128613333333334,105.51246925000005,141.19847766666672,163.04110816666667,171.245998375,161.70407816666665,133.03044945833335,99.117687,35.254739,25.415438,11.455457999999998,-14.062408000000005,-59.200826,-38.21952579166667,-38.28363775,-37.393947375,-25.586801666666666,-3.9351361249999828,20.067695416666666,34.35365620833334,34.9916915,26.69358674999999,14.144849000000018,0.940914624999972,-14.457855666666667,-28.508288916666665,-33.886204750000005,-30.100460291666657,-14.298471333333334,8.441406375000016,31.528961166666697,41.29456291666666,38.560793
176,2025-10-12 04:25:16,proposed,84.893855,41.37343916666667,9.02262016666668,-30.224275749999997,-81.10023099999998,-141.2492748333333,-169.22477999999998,-160.04210833333337,-97.56631333333335,-39.910612750000034,3.765163333333252,48.719911333333286,111.496813,157.81344091666662,171.84314100000003,145.5841272500001,88.43538333333342,35.94043833333342,-0.29750599999995053,-30.974933166666624,-64.15910299999985,-101.39381199999998,-122.98717116666664,-125.74690958333335,-102.957885,-92.576709,-56.15821558333334,-15.037507166666675,15.752329499999995,59.13800399999998,101.05292649999997,125.32798899999999,105.57783100000005,38.605861000000075,19.471200500000002,5.541705333333395,-32.91874616666668,-24.432201,-22.390320666666693,-1.371616333333405,19.255882749999977,25.860764333333336,22.32089241666668,14.926599000000017,-4.945908249999958,-20.004775333333303,-23.4143165,-13.53585616666671,7.4704382499999245,17.555942
177,2025-10-12 04:25:56,executed,84.893855,41.37343916666667,9.02262016666668,-30.224275749999997,-81.10023099999998,-141.2492748333333,-169.22477999999998,-160.04210833333337,-97.56631333333335,-39.910612750000034,3.765163333333252,48.719911333333286,111.496813,157.81344091666662,171.84314100000003,145.5841272500001,88.43538333333342,35.94043833333342,-0.29750599999995053,-30.974933166666624,-64.15910299999985,-101.39381199999998,-122.98717116666664,-125.74690958333335,-102.957885,-92.576709,-56.15821558333334,-15.037507166666675,15.752329499999995,59.13800399999998,101.05292649999997,125.32798899999999,105.57783100000005,38.605861000000075,19.471200500000002,5.541705333333395,-32.91874616666668,-24.432201,-22.390320666666693,-1.371616333333405,19.255882749999977,25.860764333333336,22.32089241666668,14.926599000000017,-4.945908249999958,-20.004775333333303,-23.4143165,-13.53585616666671,7.4704382499999245,17.555942
177,2025-10-12 04:26:16,proposed,85.993855,70.885069,56.206646,43.306527,33.309473,25.273628,13.420855,-6.368554,-23.351259,-27.730552,-33.305447,-50.96178,-73.563352,-95.873989,-116.474452,-135.129149,-149.577451,-159.238397,-166.375785,-171.873775,-173.325799,-168.103406,-154.11261,-132.871615,-110.755176,-90.821882,-71.419665,-52.33974,-35.634237,-21.18727,-7.303905,6.098977,19.240626,33.455577,50.216669,69.857061,91.259438,111.596813,129.704331,145.486411,157.232589,165.402812,170.847044,172.445849,169.429601,162.092667,149.79719,133.344939,116.11635,100.117687
178,2025-10-12 04:26:56,executed,85.993855,70.885069,56.206646,43.306527,33.309473,25.273628,13.420855,-6.368554,-23.351259,-27.730552,-33.305447,-50.96178,-73.563352,-95.873989,-116.474452,-135.129149,-149.577451,-159.238397,-166.375785,-171.873775,-173.325799,-168.103406,-154.11261,-132.871615,-110.755176,-90.821882,-71.419665,-52.33974,-35.634237,-21.18727,-7.303905,6.098977,19.240626,33.455577,50.216669,69.857061,91.259438,111.596813,129.704331,145.486411,157.232589,165.402812,170.847044,172.445849,169.429601,162.092667,149.79719,133.344939,116.11635,100.117687
178,2025-10-12 04:27:18,proposed,84.893855,54.56914104166666,31.53981925,9.847178874999997,-25.181141166666666,-37.875516375000004,-79.24101125000001,-122.01540529166665,-152.89776633333332,-168.53753125,-171.24980191666668,-144.4771539583333,-100.888529,-61.18470562499998,-27.30683958333337,0.9728962500000549,28.617259999999998,64.02861333333333,106.41246925000006,142.09847766666672,163.94110816666665,172.14599837499998,162.60407816666665,133.93044945833336,100.017687,19.096539,20.056880250000003,17.10485875,1.3130381249999963,-34.98870266666667,-22.931490041666667,-24.805025,-24.644808875000003,-15.205277666666666,0.19120575000001017,14.748748916666667,23.542309541666672,25.8339445,23.858873624999998,20.12511666666667,14.435474749999983,2.034179999999999,-12.465962874999999,-20.23634025000001,-23.342744458333335,-22.377286,-13.281434874999992,0.9043790833333514,12.872539124999994,17.555942
179,2025-10-12 04:27:58,executed,84.893855,54.56914104166666,31.53981925,9.847178874999997,-25.181141166666666,-37.875516375000004,-79.24101125000001,-122.01540529166665,-152.89776633333332,-168.53753125,-171.24980191666668,-144.4771539583333,-100.888529,-61.18470562499998,-27.30683958333337,0.9728962500000549,28.617259999999998,64.02861333333333,106.41246925000006,142.09847766666672,163.94110816666665,172.14599837499998,162.60407816666665,133.93044945833336,100.017687,19.096539,20.056880250000003,17.10485875,1.3130381249999963,-34.98870266666667,-22.931490041666667,-24.805025,-24.644808875000003,-15.205277666666666,0.19120575000001017,14.748748916666667,23.542309541666672,25.8339445,23.858873624999998,20.12511666666667,14.435474749999983,2.034179999999999,-12.465962874999999,-20.23634025000001,-23.342744458333335,-22.377286,-13.281434874999992,0.9043790833333514,12.872539124999994,17.555942
179,2025-10-12 04:28:20,proposed,-100.0,-80.0,-60.0,-40.0,-20.0,0.0,20.0,40.0,60.0,80.0,100.0,120.0,140.0,160.0,180.0,200.0,190.0,180.0,170.0,160.0,150.0,140.0,130.0,120.0,110.0,100.0,90.0,80.0,70.0,60.0,50.0,40.0,30.0,20.0,10.0,0.0,-10.0,-20.0,-30.0,-40.0,-50.0,-60.0,-70.0,-80.0,-90.0,-100.0,-110.0,-120.0,-130.0,-140.0
180,2025-10-12 04:29:00,executed,-100.0,-80.0,-60.0,-40.0,-20.0,0.0,20.0,40.0,60.0,80.0,100.0,120.0,140.0,160.0,180.0,200.0,190.0,180.0,170.0,160.0,150.0,140.0,130.0,120.0,110.0,100.0,90.0,80.0,70.0,60.0,50.0,40.0,30.0,20.0,10.0,0.0,-10.0,-20.0,-30.0,-40.0,-50.0,-60.0,-70.0,-80.0,-90.0,-100.0,-110.0,-120.0,-130.0,-140.0
180,2025-10-12 04:29:25,proposed,84.893855,69.785069,55.106646,42.206527,32.209473,24.173628,12.320855,-7.468554,-24.451259,-28.830552,-34.405447,-51.06178,-73.663352,-95.973989,-116.574452,-135.229149,-149.677451,-159.338397,-166.475785,-171.973775,-173.425799,-168.203406,-154.21261,-132.971615,-110.855176,-90.921882,-71.519665,-52.43974,-35.734237,-21.28727,-7.403905,5.998977,19.140626,33.355577,50.116669,69.757061,91.159438,111.496813,129.604331,145.386411,157.132589,165.302812,170.747044,172.345849,169.329601,161.992667,149.69719,133.244939,116.01635,100.017687
181,2025-10-12 04:30:05,executed,84.893855,69.785069,55.106646,42.206527,32.209473,24.173628,12.320855,-7.468554,-24.451259,-28.830552,-34.405447,-51.06178,-73.663352,-95.973989,-116.574452,-135.229149,-149.677451,-159.338397,-166.475785,-171.973775,-173.425799,-168.203406,-154.21261,-132.971615,-110.855176,-90.921882,-71.519665,-52.43974,-35.734237,-21.28727,-7.403905,5.998977,19.140626,33.355577,50.116669,69.757061,91.159438,111.496813,129.604331,145.386411,157.132589,165.302812,170.747044,172.345849,169.329601,161.992667,149.69719,133.244939,116.01635,100.017687
181,2025-10-12 04:30:21,proposed,-7.873,-15.115,-22.407,-29.749,-37.141,-44.583,-52.075,-59.617,-67.209,-74.851,-82.543,-90.285,-98.077,-105.919,-113.811,-121.753,-129.745,-137.787,-145.879,-154.021,-162.213,-170.455,-178.747,-187.089,-195.481,-203.923,-212.415,-220.957,-229.549,-238.191,246.833,255.475,264.117,272.759,281.401,290.043,298.685,307.327,315.969,324.611,333.253,341.895,350.537,359.179,367.821,376.463,385.105,393.747,402.389,411.031
182,2025-10-12 04:31:01,executed,-7.873,-15.115,-22.407,-29.749,-37.141,-44.583,-52.075,-59.617,-67.209,-74.851,-82.543,-90.285,-98.077,-105.919,-113.811,-121.753,-129.745,-137.787,-145.879,-154.021,-162.213,-170.455,-178.747,-187.089,-195.481,-203.923,-212.415,-220.957,-229.549,-238.191,246.833,255.475,264.117,272.759,281.401,290.043,298.685,307.327,315.969,324.611,333.253,341.895,350.537,359.179,367.821,376.463,385.105,393.747,402.389,411.031
182,2025-10-12 04:31:39,proposed,-71.438776,-58.52526,-46.7049,-35.673392,-24.101477,-11.948659,0.308927,12.546621,21.308273,29.282609,38.483996,49.882653,63.77529,77.779387,89.164247,98.78441,107.767451,114.726482,118.639309,120.687927,121.602001,120.669174,116.410892,108.223039,97.957885,87.576709,76.830354,64.924577,52.263148,39.003959,25.270638,11.967241,-0.461248,-11.898699,-23.039037,-34.292207,-45.638945,-56.356717,-66.000578,-75.100041,-85.212694,-99.469252,-110.0602,-115.02996,-115.826018,-111.888043,-102.735371,-90.636731,-78.93199,-67.724505
183,2025-10-12 04:32:19,executed,-71.438776,-58.52526,-46.7049,-35.673392,-24.101477,-11.948659,0.308927,12.546621,21.308273,29.282609,38.483996,49.882653,63.77529,77.779387,89.164247,98.78441,107.767451,114.726482,118.639309,120.687927,121.602001,120.669174,116.410892,108.223039,97.957885,87.576709,76.830354,64.924577,52.263148,39.003959,25.270638,11.967241,-0.461248,-11.898699,-23.039037,-34.292207,-45.638945,-56.356717,-66.000578,-75.100041,-85.212694,-99.469252,-110.0602,-115.02996,-115.826018,-111.888043,-102.735371,-90.636731,-78.93199,-67.724505
183,2025-10-12 04:32:42,proposed,79.993855,64.885069,49.206646,36.306527,26.309473,18.273628,6.420855,-13.368554,-30.351259,-34.730552,-40.305447,-56.96178,-79.563352,-101.873989,-122.474452,-141.129149,-155.577451,-165.238397,-172.375785,-177.873775,-179.325799,-174.103406,-160.11261,-138.871615,-116.755176,-96.821882,-77.419665,-58.33974,-41.634237,-27.18727,-13.303905,0.098977,13.240626,27.455577,44.216669,63.857061,85.259438,105.596813,123.704331,139.486411,151.232589,159.402812,164.847044,166.445849,163.429601,156.092667,143.79719,127.344939,110.11635,94.117687
184,2025-10-12 04:33:22,executed,79.993855,64.885069,49.206646,36.306527,26.309473,18.273628,6.420855,-13.368554,-30.351259,-34.730552,-40.305447,-56.96178,-79.563352,-101.873989,-122.474452,-141.129149,-155.577451,-165.238397,-172.375785,-177.873775,-179.325799,-174.103406,-160.11261,-138.871615,-116.755176,-96.821882,-77.419665,-58.33974,-41.634237,-27.18727,-13.303905,0.098977,13.240626,27.455577,44.216669,63.857061,85.259438,105.596813,123.704331,139.486411,151.232589,159.402812,164.847044,166.445849,163.429601,156.092667,143.79719,127.344939,110.11635,94.117687
184,2025-10-12 04:33:52,proposed,-2.027,-1.976,-1.925,-1.874,-1.823,-1.772,-1.721,-1.67,-1.619,-1.568,-1.517,-1.466,-1.415,-1.364,-1.313,-1.262,-1.211,-1.16,-1.109,-1.058,-1.007,-0.956,-0.905,-0.854,-0.803,110.755,111.419,112.083,112.747,113.411,114.075,114.739,115.403,116.067,116.731,117.395,118.059,118.723,119.387,120.051,120.715,121.379,122.043,122.707,123.371,124.035,124.699,125.363,126.027,126.691
185,2025-10-12 04:34:32,executed,-2.027,-1.976,-1.925,-1.874,-1.823,-1.772,-1.721,-1.67,-1.619,-1.568,-1.517,-1.466,-1.415,-1.364,-1.313,-1.262,-1.211,-1.16,-1.109,-1.058,-1.007,-0.956,-0.905,-0.854,-0.803,110.755,111.419,112.083,112.747,113.411,114.075,114.739,115.403,116.067,116.731,117.395,118.059,118.723,119.387,120.051,120.715,121.379,122.043,122.707,123.371,124.035,124.699,125.363,126.027,126.691
185,2025-10-12 04:34:54,proposed,-7.355145,-3.921761958333333,-0.48837891666666644,2.945004125,6.378387166666667,9.811770208333334,13.245153250000001,16.678536291666667,20.111919333333333,23.545302375000002,26.978685416666668,30.412068458333337,33.845451499999996,37.27883454166667,40.71221758333333,44.14560062500001,47.578983666666666,51.01236670833333,54.445749750000004,57.87913279166667,61.312515833333336,64.74589887500001,68.17928191666667,71.57037916666667,74.89106,-17.355145,-13.921761958333333,-10.488378916666667,-7.0549958749999995,-3.6216128333333333,-0.1882297916666662,3.2451532500000013,6.678536291666666,10.111919333333335,13.545302375000002,16.978685416666668,20.412068458333337,23.8454515,27.27883454166667,30.71221758333333,34.14560062500001,37.578983666666666,41.01236670833333,44.445749750000004,47.87913279166667,51.312515833333336,54.745898875,58.179281916666675,61.57037916666666,64.89106
186,2025-10-12 04:35:34,executed,-7.355145,-3.921761958333333,-0.48837891666666644,2.945004125,6.378387166666667,9.811770208333334,13.245153250000001,16.678536291666667,20.111919333333333,23.545302375000002,26.978685416666668,30.412068458333337,33.845451499999996,37.27883454166667,40.71221758333333,44.14560062500001,47.578983666666666,51.01236670833333,54.445749750000004,57.87913279166667,61.312515833333336,64.74589887500001,68.17928191666667,71.57037916666667,74.89106,-17.355145,-13.921761958333333,-10.488378916666667,-7.0549958749999995,-3.6216128333333333,-0.1882297916666662,3.2451532500000013,6.678536291666666,10.111919333333335,13.545302375000002,16.978685416666668,20.412068458333337,23.8454515,27.27883454166667,30.71221758333333,34.14560062500001,37.578983666666666,41.01236670833333,44.445749750000004,47.87913279166667,51.312515833333336,54.745898875,58.179281916666675,61.57037916666666,64.89106
186,2025-10-12 04:35:57,proposed,-100.0,-80.0,-60.0,-40.0,-20.0,0.0,20.0,40.0,60.0,80.0,100.0,-100.0,-80.0,-60.0,-40.0,-20.0,0.0,20.0,40.0,60.0,80.0,100.0,-100.0,-80.0,-60.0,40.0,60.0,80.0,100.0,-100.0,80.0,60.0,40.0,20.0,0.0,20.0,40.0,60.0,80.0,100.0,-100.0,-80.0,-60.0,-40.0,-20.0,0.0,20.0,40.0,60.0,80.0
187,2025-10-12 04:36:37,executed,-100.0,-80.0,-60.0,-40.0,-20.0,0.0,20.0,40.0,60.0,80.0,100.0,-100.0,-80.0,-60.0,-40.0,-20.0,0.0,20.0,40.0,60.0,80.0,100.0,-100.0,-80.0,-60.0,40.0,60.0,80.0,100.0,-100.0,80.0,60.0,40.0,20.0,0.0,20.0,40.0,60.0,80.0,100.0,-100.0,-80.0,-60.0,-40.0,-20.0,0.0,20.0,40.0,60.0,80.0
187,2025-10-12 04:40:15,proposed,85.993855,70.885069,56.206646,43.306527,33.309473,25.273628,13.420855,-6.368554,-23.351259,-27.730552,-33.305447,-50.96178,-73.563352,-95.873989,-116.474452,-135.129149,-149.577451,-159.238397,-166.375785,-171.873775,-173.325799,-168.103406,-154.11261,-132.871615,-110.755176,-90.821882,-71.419665,-52.33974,-35.634237,-21.18727,-7.303905,6.098977,19.240626,33.455577,50.216669,69.857061,91.259438,111.596813,129.704331,145.486411,157.232589,165.402812,170.847044,172.445849,169.429601,162.092667,149.79719,133.344939,116.11635,100.117687
188,2025-10-12 04:40:55,executed,85.993855,70.885069,56.206646,43.306527,33.309473,25.273628,13.420855,-6.368554,-23.351259,-27.730552,-33.305447,-50.96178,-73.563352,-95.873989,-116.474452,-135.129149,-149.577451,-159.238397,-166.375785,-171.873775,-173.325799,-168.103406,-154.11261,-132.871615,-110.755176,-90.821882,-71.419665,-52.33974,-35.634237,-21.18727,-7.303905,6.098977,19.240626,33.455577,50.216669,69.857061,91.259438,111.596813,129.704331,145.486411,157.232589,165.402812,170.847044,172.445849,169.429601,162.092667,149.79719,133.344939,116.11635,100.117687
188,2025-10-12 04:41:11,proposed,85.993855,70.885069,56.206646,43.306527,33.309473,25.273628,13.420855,-6.368554,-23.351259,-27.730552,-33.305447,-50.96178,-73.563352,-95.873989,-116.474452,-135.129149,-149.577451,-159.238397,-166.375785,-171.873775,-173.325799,-168.103406,-154.11261,-132.871615,-110.755176,-90.821882,-71.419665,-52.33974,-35.634237,-21.18727,-7.303905,6.098977,19.240626,33.455577,50.216669,70.857061,92.259438,112.596813,130.704331,146.486411,158.232589,166.402812,171.847044,173.445849,170.429601,163.092667,150.79719,134.344939,117.11635,101.117687
189,2025-10-12 04:41:51,executed,85.993855,70.885069,56.206646,43.306527,33.309473,25.273628,13.420855,-6.368554,-23.351259,-27.730552,-33.305447,-50.96178,-73.563352,-95.873989,-116.474452,-135.129149,-149.577451,-159.238397,-166.375785,-171.873775,-173.325799,-168.103406,-154.11261,-132.871615,-110.755176,-90.821882,-71.419665,-52.33974,-35.634237,-21.18727,-7.303905,6.098977,19.240626,33.455577,50.216669,70.857061,92.259438,112.596813,130.704331,146.486411,158.232589,166.402812,171.847044,173.445849,170.429601,163.092667,150.79719,134.344939,117.11635,101.117687
189,2025-10-12 04:42:12,proposed,-73.993855,-58.885069,-44.206646,-31.306527,-21.309473,-13.273628,-1.420855,18.368554,35.351259,39.730552,45.305447,61.96178,84.563352,106.873989,127.474452,146.129149,160.577451,170.238397,177.375785,182.873775,184.325799,179.103406,165.11261,143.871615,121.755176,101.821882,82.419665,63.33974,46.634237,32.18727,46.303905,59.901023,73.240626,87.455577,104.216669,123.857061,145.259438,165.596813,183.704331,199.486411,211.232589,219.402812,224.847044,226.445849,223.429601,216.092667,203.79719,187.344939,170.11635,154.117687
190,2025-10-12 04:42:52,executed,-73.993855,-58.885069,-44.206646,-31.306527,-21.309473,-13.273628,-1.420855,18.368554,35.351259,39.730552,45.305447,61.96178,84.563352,106.873989,127.474452,146.129149,160.577451,170.238397,177.375785,182.873775,184.325799,179.103406,165.11261,143.871615,121.755176,101.821882,82.419665,63.33974,46.634237,32.18727,46.303905,59.901023,73.240626,87.455577,104.216669,123.857061,145.259438,165.596813,183.704331,199.486411,211.232589,219.402812,224.847044,226.445849,223.429601,216.092667,203.79719,187.344939,170.11635,154.117687
190,2025-10-12 04:43:16,proposed,-74.993855,-69.885069,-55.206646,-42.306527,-32.309473,-24.273628,-12.420855,7.368554,24.351259,28.730552,34.305447,50.96178,73.563352,95.873989,116.474452,135.129149,149.577451,159.238397,166.375785,171.873775,173.325799,168.103406,154.11261,132.871615,110.755176,90.821882,71.419665,52.33974,35.634237,21.18727,7.303905,-6.098977,-19.240626,-33.455577,-50.216669,-69.857061,-91.259438,-111.596813,-129.704331,-145.486411,-157.232589,-165.402812,-170.847044,-172.445849,-169.429601,-162.092667,-149.79719,-133.344939,-116.11635,-100.117687
191,2025-10-12 04:43:56,executed,-74.993855,-69.885069,-55.206646,-42.306527,-32.309473,-24.273628,-12.420855,7.368554,24.351259,28.730552,34.305447,50.96178,73.563352,95.873989,116.474452,135.129149,149.577451,159.238397,166.375785,171.873775,173.325799,168.103406,154.11261,132.871615,110.755176,90.821882,71.419665,52.33974,35.634237,21.18727,7.303905,-6.098977,-19.240626,-33.455577,-50.216669,-69.857061,-91.259438,-111.596813,-129.704331,-145.486411,-157.232589,-165.402812,-170.847044,-172.445849,-169.429601,-162.092667,-149.79719,-133.344939,-116.11635,-100.117687
191,2025-10-12 04:44:25,proposed,-7.416,-1.507,-1.176,-1.176,-1.176,-1.176,-1.176,-1.176,-1.176,-1.176,-1.176,-1.176,-1.176,-1.176,-1.176,-1.176,-1.176,-1.176,-1.176,-1.176,-1.176,-1.176,-1.176,-1.176,-1.176,-1.176,-1.176,-1.176,-1.176,-1.176,-1.176,-1.176,-1.176,-1.176,-1.176,-1.176,-1.176,-1.176,-1.176,-1.176,-1.176,-1.176,-1.176,-1.176,-1.176,-1.176,-1.176,-1.176,-1.176,-1.176
192,2025-10-12 04:45:05,executed,-7.416,-1.507,-1.176,-1.176,-1.176,-1.176,-1.176,-1.176,-1.176,-1.176,-1.176,-1.176,-1.176,-1.176,-1.176,-1.176,-1.176,-1.176,-1.176,-1.176,-1.176,-1.176,-1.176,-1.176,-1.176,-1.176,-1.176,-1.176,-1.176,-1.176,-1.176,-1.176,-1.176,-1.176,-1.176,-1.176,-1.176,-1.176,-1.176,-1.176,-1.176,-1.176,-1.176,-1.176,-1.176,-1.176,-1.176,-1.176,-1.176,-1.176
192,2025-10-12 04:45:20,proposed,79.993855,64.885069,50.206646,37.306527,27.309473,19.273628,7.420855,-12.368554,-29.351259,-33.730552,-39.305447,-55.96178,-78.563352,-100.873989,-121.474452,-140.129149,-154.577451,-164.238397,-171.375785,-176.873775,-178.325799,-173.103406,-159.11261,-137.871615,-115.755176,-95.821882,-76.419665,-57.33974,-40.634237,-26.18727,-12.303905,1.098977,14.240626,28.455577,45.216669,64.857061,86.259438,106.596813,124.704331,140.486411,152.232589,160.402812,165.847044,167.445849,164.429601,157.092667,144.79719,128.344939,111.11635,95.117687
193,2025-10-12 04:46:00,executed,79.993855,64.885069,50.206646,37.306527,27.309473,19.273628,7.420855,-12.368554,-29.351259,-33.730552,-39.305447,-55.96178,-78.563352,-100.873989,-121.474452,-140.129149,-154.577451,-164.238397,-171.375785,-176.873775,-178.325799,-173.103406,-159.11261,-137.871615,-115.755176,-95.821882,-76.419665,-57.33974,-40.634237,-26.18727,-12.303905,1.098977,14.240626,28.455577,45.216669,64.857061,86.259438,106.596813,124.704331,140.486411,152.232589,160.402812,165.847044,167.445849,164.429601,157.092667,144.79719,128.344939,111.11635,95.117687
193,2025-10-12 04:46:15,proposed,-75.0,-60.0,-45.0,-30.0,-15.0,0.0,15.0,30.0,45.0,60.0,75.0,90.0,105.0,120.0,135.0,150.0,165.0,180.0,195.0,210.0,225.0,210.0,195.0,180.0,165.0,150.0,135.0,120.0,105.0,90.0,75.0,60.0,45.0,30.0,15.0,0.0,-15.0,-30.0,-45.0,-60.0,-75.0,-90.0,-105.0,-120.0,-135.0,-150.0,-165.0,-180.0,-195.0,-210.0
194,2025-10-12 04:46:55,executed,-75.0,-60.0,-45.0,-30.0,-15.0,0.0,15.0,30.0,45.0,60.0,75.0,90.0,105.0,120.0,135.0,150.0,165.0,180.0,195.0,210.0,225.0,210.0,195.0,180.0,165.0,150.0,135.0,120.0,105.0,90.0,75.0,60.0,45.0,30.0,15.0,0.0,-15.0,-30.0,-45.0,-60.0,-75.0,-90.0,-105.0,-120.0,-135.0,-150.0,-165.0,-180.0,-195.0,-210.0
194,2025-10-12 04:47:20,proposed,-100.0,-80.0,-60.0,-40.0,-20.0,0.0,20.0,40.0,60.0,80.0,100.0,120.0,140.0,160.0,180.0,200.0,180.0,160.0,140.0,120.0,100.0,80.0,60.0,40.0,20.0,0.0,-20.0,-40.0,-60.0,-80.0,10.0,20.0,30.0,40.0,50.0,60.0,70.0,80.0,90.0,100.0,110.0,120.0,130.0,140.0,150.0,140.0,130.0,120.0,110.0,100.0
195,2025-10-12 04:48:00,executed,-100.0,-80.0,-60.0,-40.0,-20.0,0.0,20.0,40.0,60.0,80.0,100.0,120.0,140.0,160.0,180.0,200.0,180.0,160.0,140.0,120.0,100.0,80.0,60.0,40.0,20.0,0.0,-20.0,-40.0,-60.0,-80.0,10.0,20.0,30.0,40.0,50.0,60.0,70.0,80.0,90.0,100.0,110.0,120.0,130.0,140.0,150.0,140.0,130.0,120.0,110.0,100.0
195,2025-10-12 04:48:16,proposed,-11.362,-1.215,11.521,25.153,39.512,54.51,68.953,81.662,91.495,97.509,99.11,95.964,88.026,75.634,59.486,40.516,19.767,-2.083,-24.888,-45.259,-62.966,-77.004,-86.609,-91.24,-90.649,-84.755,-73.654,-57.501,-37.703,-16.008,6.253,27.327,47.186,64.798,79.171,90.073,97.548,101.052,100.128,94.653,84.742,71.747,57.186,42.019,27.567,14.444,3.824,-4.454,-10.57,-13.777
196,2025-10-12 04:48:56,executed,-11.362,-1.215,11.521,25.153,39.512,54.51,68.953,81.662,91.495,97.509,99.11,95.964,88.026,75.634,59.486,40.516,19.767,-2.083,-24.888,-45.259,-62.966,-77.004,-86.609,-91.24,-90.649,-84.755,-73.654,-57.501,-37.703,-16.008,6.253,27.327,47.186,64.798,79.171,90.073,97.548,101.052,100.128,94.653,84.742,71.747,57.186,42.019,27.567,14.444,3.824,-4.454,-10.57,-13.777
196,2025-10-12 04:49:11,proposed,84.893855,69.785069,55.106646,42.206527,32.209473,24.173628,12.320855,-7.468554,-24.451259,-28.830552,-34.405447,-51.06178,-73.663352,-95.973989,-116.574452,-135.229149,-149.677451,-159.338397,-166.475785,-171.973775,-173.425799,-168.203406,-154.21261,-132.971615,-110.855176,-90.921882,-71.519665,-52.43974,-35.734237,-21.28727,-7.403905,5.998977,19.140626,33.355577,50.116669,69.757061,91.159438,111.496813,129.604331,145.386411,157.132589,165.302812,170.747044,172.345849,169.329601,161.992667,149.69719,133.244939,116.01635,100.017687
197,2025-10-12 04:49:51,executed,84.893855,69.785069,55.106646,42.206527,32.209473,24.173628,12.320855,-7.468554,-24.451259,-28.830552,-34.405447,-51.06178,-73.663352,-95.973989,-116.574452,-135.229149,-149.677451,-159.338397,-166.475785,-171.973775,-173.425799,-168.203406,-154.21261,-132.971615,-110.855176,-90.921882,-71.519665,-52.43974,-35.734237,-21.28727,-7.403905,5.998977,19.140626,33.355577,50.116669,69.757061,91.159438,111.496813,129.604331,145.386411,157.132589,165.302812,170.747044,172.345849,169.329601,161.992667,149.69719,133.244939,116.01635,100.017687
197,2025-10-12 04:50:13,proposed,-75.0,-60.0,-45.0,-30.0,-15.0,0.0,15.0,30.0,45.0,60.0,75.0,90.0,105.0,120.0,135.0,150.0,165.0,180.0,195.0,210.0,225.0,210.0,195.0,180.0,165.0,150.0,135.0,120.0,105.0,90.0,75.0,60.0,45.0,30.0,15.0,0.0,-15.0,-30.0,-45.0,-60.0,-75.0,-90.0,-105.0,-120.0,-135.0,-150.0,-165.0,-180.0,-195.0,-210.0
198,2025-10-12 04:50:53,executed,-75.0,-60.0,-45.0,-30.0,-15.0,0.0,15.0,30.0,45.0,60.0,75.0,90.0,105.0,120.0,135.0,150.0,165.0,180.0,195.0,210.0,225.0,210.0,195.0,180.0,165.0,150.0,135.0,120.0,105.0,90.0,75.0,60.0,45.0,30.0,15.0,0.0,-15.0,-30.0,-45.0,-60.0,-75.0,-90.0,-105.0,-120.0,-135.0,-150.0,-165.0,-180.0,-195.0,-210.0
198,2025-10-12 04:51:19,proposed,-94.993855,-79.885069,-65.206646,-52.306527,-42.309473,-34.273628,-22.420855,7.368554,24.351259,28.730552,34.305447,50.96178,73.563352,95.873989,116.474452,135.129149,149.577451,159.238397,166.375785,171.873775,173.325799,168.103406,154.11261,132.871615,110.755176,90.821882,71.419665,52.33974,35.634237,21.18727,7.303905,-6.098977,-19.240626,-33.455577,-50.216669,-69.857061,-91.259438,-111.596813,-129.704331,-145.486411,-157.232589,-165.402812,-170.847044,-172.445849,-169.429601,-162.092667,-149.79719,-133.344939,-116.11635,-100.117687
199,2025-10-12 04:51:59,executed,-94.993855,-79.885069,-65.206646,-52.306527,-42.309473,-34.273628,-22.420855,7.368554,24.351259,28.730552,34.305447,50.96178,73.563352,95.873989,116.474452,135.129149,149.577451,159.238397,166.375785,171.873775,173.325799,168.103406,154.11261,132.871615,110.755176,90.821882,71.419665,52.33974,35.634237,21.18727,7.303905,-6.098977,-19.240626,-33.455577,-50.216669,-69.857061,-91.259438,-111.596813,-129.704331,-145.486411,-157.232589,-165.402812,-170.847044,-172.445849,-169.429601,-162.092667,-149.79719,-133.344939,-116.11635,-100.117687
199,2025-10-12 04:52:28,proposed,84.893855,69.785069,55.106646,42.206527,32.209473,24.173628,12.320855,-7.468554,-24.451259,-28.830552,-34.405447,-51.06178,-73.663352,-95.973989,-116.574452,-135.229149,-149.677451,-159.338397,-166.475785,-171.973775,-173.425799,-168.203406,-154.21261,-132.971615,-110.855176,-90.921882,-71.519665,-52.43974,-35.734237,-21.28727,-7.403905,5.998977,19.140626,33.355577,50.116669,69.757061,91.159438,111.496813,129.604331,145.386411,157.132589,165.302812,170.747044,172.345849,169.329601,161.992667,149.69719,133.244939,116.01635,100.017687
200,2025-10-12 04:53:08,executed,84.893855,69.785069,55.106646,42.206527,32.209473,24.173628,12.320855,-7.468554,-24.451259,-28.830552,-34.405447,-51.06178,-73.663352,-95.973989,-116.574452,-135.229149,-149.677451,-159.338397,-166.475785,-171.973775,-173.425799,-168.203406,-154.21261,-132.971615,-110.855176,-90.921882,-71.519665,-52.43974,-35.734237,-21.28727,-7.403905,5.998977,19.140626,33.355577,50.116669,69.757061,91.159438,111.496813,129.604331,145.386411,157.132589,165.302812,170.747044,172.345849,169.329601,161.992667,149.69719,133.244939,116.01635,100.017687
200,2025-10-12 04:53:24,proposed,74.993855,59.885069,45.206646,32.306527,22.309473,14.273628,2.420855,-17.368554,-34.351259,-38.730552,-44.305447,-60.96178,-83.563352,-105.873989,-126.474452,-145.129149,-159.577451,-169.238397,-176.375785,-181.873775,-183.325799,-178.103406,-164.11261,-142.871615,-120.755176,-100.821882,-81.419665,-62.33974,-45.634237,-31.18727,-17.303905,-3.901023,9.240626,23.455577,40.216669,59.857061,81.259438,101.596813,119.704331,135.486411,147.232589,155.402812,160.847044,162.445849,159.429601,152.092667,139.79719,123.344939,106.11635,90.117687
201,2025-10-12 04:54:04,executed,74.993855,59.885069,45.206646,32.306527,22.309473,14.273628,2.420855,-17.368554,-34.351259,-38.730552,-44.305447,-60.96178,-83.563352,-105.873989,-126.474452,-145.129149,-159.577451,-169.238397,-176.375785,-181.873775,-183.325799,-178.103406,-164.11261,-142.871615,-120.755176,-100.821882,-81.419665,-62.33974,-45.634237,-31.18727,-17.303905,-3.901023,9.240626,23.455577,40.216669,59.857061,81.259438,101.596813,119.704331,135.486411,147.232589,155.402812,160.847044,162.445849,159.429601,152.092667,139.79719,123.344939,106.11635,90.117687
201,2025-10-12 04:54:20,proposed,74.993855,59.885069,45.206646,32.306527,22.309473,14.273628,2.420855,-17.368554,-34.351259,-38.730552,-44.305447,-60.96178,-83.563352,-105.873989,-126.474452,-145.129149,-159.577451,-169.238397,-176.375785,-181.873775,-183.325799,-178.103406,-164.11261,-142.871615,-120.755176,-100.821882,-81.419665,-62.33974,-45.634237,-31.18727,-17.303905,-3.901023,9.240626,23.455577,40.216669,60.857061,82.259438,102.596813,120.704331,136.486411,148.232589,156.402812,161.847044,163.445849,160.429601,153.092667,140.79719,124.344939,107.11635,91.117687
202,2025-10-12 04:55:00,executed,74.993855,59.885069,45.206646,32.306527,22.309473,14.273628,2.420855,-17.368554,-34.351259,-38.730552,-44.305447,-60.96178,-83.563352,-105.873989,-126.474452,-145.129149,-159.577451,-169.238397,-176.375785,-181.873775,-183.325799,-178.103406,-164.11261,-142.871615,-120.755176,-100.821882,-81.419665,-62.33974,-45.634237,-31.18727,-17.303905,-3.901023,9.240626,23.455577,40.216669,60.857061,82.259438,102.596813,120.704331,136.486411,148.232589,156.402812,161.847044,163.445849,160.429601,153.092667,140.79719,124.344939,107.11635,91.117687
202,2025-10-12 04:55:14,proposed,84.893855,69.785069,55.106646,42.206527,32.209473,24.173628,12.320855,-7.468554,-24.451259,-28.830552,-34.405447,-51.06178,-73.663352,-95.973989,-116.574452,-135.229149,-149.677451,-159.338397,-166.475785,-171.973775,-173.425799,-168.203406,-154.21261,-132.971615,-110.855176,-90.921882,-71.519665,-52.43974,-35.734237,-21.28727,-7.403905,5.998977,19.140626,33.355577,50.116669,69.757061,91.159438,111.496813,129.604331,145.386411,157.132589,165.302812,170.747044,172.345849,169.329601,161.992667,149.69719,133.244939,116.01635,100.017687
203,2025-10-12 04:55:54,executed,84.893855,69.785069,55.106646,42.206527,32.209473,24.173628,12.320855,-7.468554,-24.451259,-28.830552,-34.405447,-51.06178,-73.663352,-95.973989,-116.574452,-135.229149,-149.677451,-159.338397,-166.475785,-171.973775,-173.425799,-168.203406,-154.21261,-132.971615,-110.855176,-90.921882,-71.519665,-52.43974,-35.734237,-21.28727,-7.403905,5.998977,19.140626,33.355577,50.116669,69.757061,91.159438,111.496813,129.604331,145.386411,157.132589,165.302812,170.747044,172.345849,169.329601,161.992667,149.69719,133.244939,116.01635,100.017687
203,2025-10-12 04:56:10,proposed,84.893855,69.785069,55.106646,42.206527,32.209473,24.173628,12.320855,-7.468554,-24.451259,-28.830552,-34.405447,-51.06178,-73.663352,-95.973989,-116.574452,-135.229149,-149.677451,-159.338397,-166.475785,-171.973775,-173.425799,-168.203406,-154.21261,-132.971615,-110.855176,-90.921882,-71.519665,-52.43974,-35.734237,-21.28727,-7.403905,5.998977,19.140626,33.355577,50.116669,69.757061,91.159438,111.496813,129.604331,145.386411,157.132589,165.302812,170.747044,172.345849,169.329601,161.992667,149.69719,133.244939,116.01635,100.017687
204,2025-10-12 04:56:50,executed,84.893855,69.785069,55.106646,42.206527,32.209473,24.173628,12.320855,-7.468554,-24.451259,-28.830552,-34.405447,-51.06178,-73.663352,-95.973989,-116.574452,-135.229149,-149.677451,-159.338397,-166.475785,-171.973775,-173.425799,-168.203406,-154.21261,-132.971615,-110.855176,-90.921882,-71.519665,-52.43974,-35.734237,-21.28727,-7.403905,5.998977,19.140626,33.355577,50.116669,69.757061,91.159438,111.496813,129.604331,145.386411,157.132589,165.302812,170.747044,172.345849,169.329601,161.992667,149.69719,133.244939,116.01635,100.017687
204,2025-10-12 04:57:13,proposed,-21.993855,-6.885069,-21.206646,-6.306527,-2.309473,-14.273628,-2.420855,17.368554,4.351259,1.269448,5.694553,1.03822,3.563352,1.126011,3.525548,1.870851,1.422549,0.761603,3.624215,2.126225,2.674201,1.896594,5.88739,2.128385,9.244824,7.178118,8.580335,7.66026,6.365763,8.81273,10.696095,13.098977,16.240626,19.455577,21.216669,22.857061,24.259438,21.596813,19.704331,17.486411,15.232589,13.402812,11.847044,10.445849,8.429601,6.092667,3.79719,1.344939,-1.88365,-5.882313
205,2025-10-12 04:57:53,executed,-21.993855,-6.885069,-21.206646,-6.306527,-2.309473,-14.273628,-2.420855,17.368554,4.351259,1.269448,5.694553,1.03822,3.563352,1.126011,3.525548,1.870851,1.422549,0.761603,3.624215,2.126225,2.674201,1.896594,5.88739,2.128385,9.244824,7.178118,8.580335,7.66026,6.365763,8.81273,10.696095,13.098977,16.240626,19.455577,21.216669,22.857061,24.259438,21.596813,19.704331,17.486411,15.232589,13.402812,11.847044,10.445849,8.429601,6.092667,3.79719,1.344939,-1.88365,-5.882313
205,2025-10-12 04:58:11,proposed,-71.218027,-46.05845645833334,-23.568412166666675,-3.8357447500000004,12.915752666666659,25.765766833333327,38.20401375,54.89779579166664,72.88326199999999,86.155771625,92.51064550000001,93.41822995833334,92.11368949999999,86.64986487500002,75.41951966666672,61.455785875000004,46.03219800000003,29.909143791666725,13.142798,-4.209073249999969,-22.54318016666661,-42.08909325,-59.742946166666634,-73.59438524999997,-82.646385,-85.660677,-86.56750674999999,-82.19371583333333,-73.50141875,-62.657921666666674,-22.48362583333333,-22.74714125,-20.462533791666672,-15.320073000000006,-6.812314499999999,-1.7401408333333155,-11.995382583333326,-18.4053665,-21.45052345833333,-21.639714750000003,-17.938983375,-10.659977666666682,-1.050966291666702,8.82554175,15.475799791666658,18.74255783333333,19.797315875000002,19.56407391666667,18.224665291666675,14.96409
206,2025-10-12 04:58:51,executed,-71.218027,-46.05845645833334,-23.568412166666675,-3.8357447500000004,12.915752666666659,25.765766833333327,38.20401375,54.89779579166664,72.88326199999999,86.155771625,92.51064550000001,93.41822995833334,92.11368949999999,86.64986487500002,75.41951966666672,61.455785875000004,46.03219800000003,29.909143791666725,13.142798,-4.209073249999969,-22.54318016666661,-42.08909325,-59.742946166666634,-73.59438524999997,-82.646385,-85.660677,-86.56750674999999,-82.19371583333333,-73.50141875,-62.657921666666674,-22.48362583333333,-22.74714125,-20.462533791666672,-15.320073000000006,-6.812314499999999,-1.7401408333333155,-11.995382583333326,-18.4053665,-21.45052345833333,-21.639714750000003,-17.938983375,-10.659977666666682,-1.050966291666702,8.82554175,15.475799791666658,18.74255783333333,19.797315875000002,19.56407391666667,18.224665291666675,14.96409
206,2025-10-12 04:59:10,proposed,-85.993855,-55.66914104166666,-32.639819249999995,-10.947178874999997,24.4144745,38.775516375,80.14101125,122.91540529166666,153.79776633333333,169.43753125,172.14980191666666,145.37715395833328,101.78852900000001,62.08470562499997,28.206839583333373,-0.07289625000005451,-27.717259999999996,-63.128613333333334,-105.51246925000005,-141.19847766666672,-163.04110816666667,-171.245998375,-161.70407816666665,-133.03044945833335,-99.117687,66.370776,41.17725383333333,18.02500783333333,-6.718251500000002,-26.552257333333333,-44.77365879166667,-71.19100525000002,-95.88472233333333,-113.99670666666667,-123.30754075,-125.11332308333334,-116.55812604166665,-96.66729699999999,-74.28139145833332,-48.42862108333337,-20.819463624999948,1.778716666666666,22.010032416666665,51.42727400000005,80.21258795833337,108.093159,125.40874000000001,123.21620758333331,102.14084100000001,78.724505
207,2025-10-12 04:59:50,executed,-85.993855,-55.66914104166666,-32.639819249999995,-10.947178874999997,24.4144745,38.775516375,80.14101125,122.91540529166666,153.79776633333333,169.43753125,172.14980191666666,145.37715395833328,101.78852900000001,62.08470562499997,28.206839583333373,-0.07289625000005451,-27.717259999999996,-63.128613333333334,-105.51246925000005,-141.19847766666672,-163.04110816666667,-171.245998375,-161.70407816666665,-133.03044945833335,-99.117687,66.370776,41.17725383333333,18.02500783333333,-6.718251500000002,-26.552257333333333,-44.77365879166667,-71.19100525000002,-95.88472233333333,-113.99670666666667,-123.30754075,-125.11332308333334,-116.55812604166665,-96.66729699999999,-74.28139145833332,-48.42862108333337,-20.819463624999948,1.778716666666666,22.010032416666665,51.42727400000005,80.21258795833337,108.093159,125.40874000000001,123.21620758333331,102.14084100000001,78.724505
207,2025-10-12 05:00:11,proposed,79.993855,64.885069,50.206646,37.306527,27.309473,19.273628,7.420855,-12.368554,-29.351259,-33.730552,-39.305447,-55.96178,-78.563352,-100.873989,-121.474452,-140.129149,-154.577451,-164.238397,-171.375785,-176.873775,-178.325799,-173.103406,-159.11261,-137.871615,-115.755176,-95.821882,-76.419665,-57.33974,-40.634237,-26.18727,-12.303905,1.098977,14.240626,28.455577,45.216669,64.857061,86.259438,106.596813,124.704331,140.486411,152.232589,160.402812,165.847044,167.445849,164.429601,157.092667,144.79719,128.344939,111.11635,95.117687
208,2025-10-12 05:00:51,executed,79.993855,64.885069,50.206646,37.306527,27.309473,19.273628,7.420855,-12.368554,-29.351259,-33.730552,-39.305447,-55.96178,-78.563352,-100.873989,-121.474452,-140.129149,-154.577451,-164.238397,-171.375785,-176.873775,-178.325799,-173.103406,-159.11261,-137.871615,-115.755176,-95.821882,-76.419665,-57.33974,-40.634237,-26.18727,-12.303905,1.098977,14.240626,28.455577,45.216669,64.857061,86.259438,106.596813,124.704331,140.486411,152.232589,160.402812,165.847044,167.445849,164.429601,157.092667,144.79719,128.344939,111.11635,95.117687
208,2025-10-12 05:01:15,proposed,-102.673,-83.115,-64.473,-46.607,-29.371,-12.606,3.661,19.589,34.992,49.68,63.465,76.161,87.58,97.533,105.833,112.293,116.73,118.966,118.825,116.133,110.72,102.43,91.112,76.622,58.824,37.589,12.789,-15.398,-46.855,-79.719,-113.913,-149.361,-186.001,-223.768,-262.59,-302.404,-343.14,-384.735,-427.127,-470.254,-514.054,-558.465,-603.425,-648.872,-694.744,-740.979,-787.515,-834.3,-881.27,-27.099
209,2025-10-12 05:01:55,executed,-102.673,-83.115,-64.473,-46.607,-29.371,-12.606,3.661,19.589,34.992,49.68,63.465,76.161,87.58,97.533,105.833,112.293,116.73,118.966,118.825,116.133,110.72,102.43,91.112,76.622,58.824,37.589,12.789,-15.398,-46.855,-79.719,-113.913,-149.361,-186.001,-223.768,-262.59,-302.404,-343.14,-384.735,-427.127,-470.254,-514.054,-558.465,-603.425,-648.872,-694.744,-740.979,-787.515,-834.3,-881.27,-27.099
209,2025-10-12 05:02:33,proposed,74.993855,44.66914104166666,21.63981925,-0.05282112500000302,-35.08114116666667,-47.775516375,-89.14101125,-131.91540529166667,-162.79776633333333,-178.43753125,-181.14980191666666,-154.37715395833328,-110.78852900000001,-71.08470562499997,-37.20683958333338,-8.927103749999945,18.717260000000003,54.128613333333334,96.51246925000005,132.19847766666672,154.04110816666667,162.245998375,152.70407816666665,124.03044945833335,90.117687,24.254739,14.415438,0.12212466666666533,-32.062408000000005,-77.200826,-56.21952579166667,-56.28363775,-55.393947375,-43.586801666666666,-21.785136124999983,2.2676954166666663,16.553656208333337,17.1916915,8.893586749999992,-3.6551509999999827,-16.859593125000025,-32.257855666666664,-46.30828891666666,-51.68620475,-47.900460291666654,-32.015138,-9.315416749999985,13.778961166666697,23.544562916666663,20.810793
210,2025-10-12 05:03:13,executed,74.993855,44.66914104166666,21.63981925,-0.05282112500000302,-35.08114116666667,-47.775516375,-89.14101125,-131.91540529166667,-162.79776633333333,-178.43753125,-181.14980191666666,-154.37715395833328,-110.78852900000001,-71.08470562499997,-37.20683958333338,-8.927103749999945,18.717260000000003,54.128613333333334,96.51246925000005,132.19847766666672,154.04110816666667,162.245998375,152.70407816666665,124.03044945833335,90.117687,24.254739,14.415438,0.12212466666666533,-32.062408000000005,-77.200826,-56.21952579166667,-56.28363775,-55.393947375,-43.586801666666666,-21.785136124999983,2.2676954166666663,16.553656208333337,17.1916915,8.893586749999992,-3.6551509999999827,-16.859593125000025,-32.257855666666664,-46.30828891666666,-51.68620475,-47.900460291666654,-32.015138,-9.315416749999985,13.778961166666697,23.544562916666663,20.810793
210,2025-10-12 05:03:28,proposed,79.993855,64.885069,50.206646,37.306527,27.309473,19.273628,7.420855,-12.368554,-29.351259,-33.730552,-39.305447,-55.96178,-78.563352,-100.873989,-121.474452,-140.129149,-154.577451,-164.238397,-171.375785,-176.873775,-178.325799,-173.103406,-159.11261,-137.871615,-115.755176,-95.821882,-76.419665,-57.33974,-40.634237,-26.18727,-12.303905,1.098977,14.240626,28.455577,45.216669,64.857061,86.259438,106.596813,124.704331,140.486411,152.232589,160.402812,165.847044,167.445849,164.429601,157.092667,144.79719,128.344939,111.11635,95.117687
211,2025-10-12 05:04:08,executed,79.993855,64.885069,50.206646,37.306527,27.309473,19.273628,7.420855,-12.368554,-29.351259,-33.730552,-39.305447,-55.96178,-78.563352,-100.873989,-121.474452,-140.129149,-154.577451,-164.238397,-171.375785,-176.873775,-178.325799,-173.103406,-159.11261,-137.871615,-115.755176,-95.821882,-76.419665,-57.33974,-40.634237,-26.18727,-12.303905,1.098977,14.240626,28.455577,45.216669,64.857061,86.259438,106.596813,124.704331,140.486411,152.232589,160.402812,165.847044,167.445849,164.429601,157.092667,144.79719,128.344939,111.11635,95.117687
211,2025-10-12 05:04:24,proposed,-65.0,-50.0,-35.0,-20.0,-5.0,5.0,15.0,25.0,35.0,45.0,-55.0,-70.0,-85.0,-100.0,-115.0,-130.0,-145.0,-160.0,-175.0,-190.0,-195.0,-180.0,-165.0,-150.0,-135.0,-120.0,-105.0,-90.0,-75.0,-60.0,5.0,20.0,35.0,50.0,65.0,80.0,95.0,110.0,125.0,140.0,155.0,170.0,185.0,200.0,205.0,190.0,175.0,160.0,145.0,130.0
212,2025-10-12 05:05:04,executed,-65.0,-50.0,-35.0,-20.0,-5.0,5.0,15.0,25.0,35.0,45.0,-55.0,-70.0,-85.0,-100.0,-115.0,-130.0,-145.0,-160.0,-175.0,-190.0,-195.0,-180.0,-165.0,-150.0,-135.0,-120.0,-105.0,-90.0,-75.0,-60.0,5.0,20.0,35.0,50.0,65.0,80.0,95.0,110.0,125.0,140.0,155.0,170.0,185.0,200.0,205.0,190.0,175.0,160.0,145.0,130.0
212,2025-10-12 05:05:20,proposed,74.993855,59.885069,45.206646,32.306527,22.309473,14.273628,2.420855,-17.368554,-34.351259,-38.730552,-44.305447,-60.96178,-83.563352,-105.873989,-126.474452,-145.129149,-159.577451,-169.238397,-176.375785,-181.873775,-183.325799,-178.103406,-164.11261,-142.871615,-120.755176,-100.821882,-81.419665,-62.33974,-45.634237,-31.18727,2.696095,16.098977,29.240626,43.455577,60.216669,79.857061,101.259438,121.596813,139.704331,155.486411,167.232589,175.402812,180.847044,182.445849,179.429601,172.092667,159.79719,143.344939,126.11635,110.117687
213,2025-10-12 05:06:00,executed,74.993855,59.885069,45.206646,32.306527,22.309473,14.273628,2.420855,-17.368554,-34.351259,-38.730552,-44.305447,-60.96178,-83.563352,-105.873989,-126.474452,-145.129149,-159.577451,-169.238397,-176.375785,-181.873775,-183.325799,-178.103406,-164.11261,-142.871615,-120.755176,-100.821882,-81.419665,-62.33974,-45.634237,-31.18727,2.696095,16.098977,29.240626,43.455577,60.216669,79.857061,101.259438,121.596813,139.704331,155.486411,167.232589,175.402812,180.847044,182.445849,179.429601,172.092667,159.79719,143.344939,126.11635,110.117687
213,2025-10-12 05:06:16,proposed,85.093855,70.085069,55.406646,42.506527,32.509473,24.473628,12.620855,-7.168554,-24.151259,-28.530552,-34.105447,-50.76178,-73.363352,-95.673989,-116.274452,-134.929149,-149.377451,-159.038397,-166.175785,-171.673775,-173.125799,-167.903406,-153.91261,-132.671615,-110.555176,-90.621882,-71.219665,-52.13974,-35.434237,-20.98727,-7.103905,6.298977,19.440626,33.655577,50.416669,70.057061,91.459438,111.796813,129.904331,145.686411,157.432589,165.602812,171.047044,172.645849,169.629601,162.292667,150.09719,133.544939,116.31635,100.317687
214,2025-10-12 05:06:56,executed,85.093855,70.085069,55.406646,42.506527,32.509473,24.473628,12.620855,-7.168554,-24.151259,-28.530552,-34.105447,-50.76178,-73.363352,-95.673989,-116.274452,-134.929149,-149.377451,-159.038397,-166.175785,-171.673775,-173.125799,-167.903406,-153.91261,-132.671615,-110.555176,-90.621882,-71.219665,-52.13974,-35.434237,-20.98727,-7.103905,6.298977,19.440626,33.655577,50.416669,70.057061,91.459438,111.796813,129.904331,145.686411,157.432589,165.602812,171.047044,172.645849,169.629601,162.292667,150.09719,133.544939,116.31635,100.317687
214,2025-10-12 05:07:12,proposed,84.893855,69.785069,55.106646,42.206527,32.209473,24.173628,12.320855,-7.468554,-24.451259,-28.830552,-34.405447,-51.06178,-73.663352,-95.973989,-116.574452,-135.229149,-149.677451,-159.338397,-166.475785,-171.973775,-173.425799,-168.203406,-154.21261,-132.971615,-110.855176,-90.921882,-71.519665,-52.43974,-35.734237,-21.28727,-7.403905,5.998977,19.140626,33.355577,50.116669,69.757061,91.159438,111.496813,129.604331,145.386411,157.132589,165.302812,170.747044,172.345849,169.329601,161.992667,149.69719,133.244939,116.01635,99.017687
215,2025-10-12 05:07:52,executed,84.893855,69.785069,55.106646,42.206527,32.209473,24.173628,12.320855,-7.468554,-24.451259,-28.830552,-34.405447,-51.06178,-73.663352,-95.973989,-116.574452,-135.229149,-149.677451,-159.338397,-166.475785,-171.973775,-173.425799,-168.203406,-154.21261,-132.971615,-110.855176,-90.921882,-71.519665,-52.43974,-35.734237,-21.28727,-7.403905,5.998977,19.140626,33.355577,50.116669,69.757061,91.159438,111.496813,129.604331,145.386411,157.132589,165.302812,170.747044,172.345849,169.329601,161.992667,149.69719,133.244939,116.01635,99.017687
215,2025-10-12 05:08:14,proposed,83.993855,68.885069,54.206646,41.306527,31.309473,23.273628,11.420855,-8.368554,-25.351259,-29.730552,-35.305447,-51.96178,-74.563352,-96.873989,-117.474452,-136.129149,-150.577451,-160.238397,-167.375785,-172.873775,-174.325799,-169.103406,-155.11261,-133.871615,-111.755176,-91.821882,-72.419665,-53.33974,-36.634237,-22.18727,-8.303905,5.098977,18.240626,32.455577,49.216669,68.857061,90.259438,110.596813,128.704331,144.486411,156.232589,164.402812,169.847044,171.445849,168.429601,161.092667,148.79719,132.344939,115.11635,99.117687
216,2025-10-12 05:08:54,executed,83.993855,68.885069,54.206646,41.306527,31.309473,23.273628,11.420855,-8.368554,-25.351259,-29.730552,-35.305447,-51.96178,-74.563352,-96.873989,-117.474452,-136.129149,-150.577451,-160.238397,-167.375785,-172.873775,-174.325799,-169.103406,-155.11261,-133.871615,-111.755176,-91.821882,-72.419665,-53.33974,-36.634237,-22.18727,-8.303905,5.098977,18.240626,32.455577,49.216669,68.857061,90.259438,110.596813,128.704331,144.486411,156.232589,164.402812,169.847044,171.445849,168.429601,161.092667,148.79719,132.344939,115.11635,99.117687
216,2025-10-12 05:09:09,proposed,64.993855,54.885069,40.206646,27.306527,17.309473,9.273628,-2.579145,-17.368554,-34.351259,-38.730552,-44.305447,-60.96178,-83.563352,-105.873989,-126.474452,-145.129149,-159.577451,-169.238397,-176.375785,-181.873775,-183.325799,-178.103406,-164.11261,-142.871615,-120.755176,-100.821882,-81.419665,-62.33974,-45.634237,-31.18727,-17.303905,-3.901023,9.240626,23.455577,40.216669,59.857061,81.259438,101.596813,119.704331,135.486411,147.232589,155.402812,160.847044,162.445849,159.429601,152.092667,139.79719,123.344939,106.11635,90.117687
217,2025-10-12 05:09:49,executed,64.993855,54.885069,40.206646,27.306527,17.309473,9.273628,-2.579145,-17.368554,-34.351259,-38.730552,-44.305447,-60.96178,-83.563352,-105.873989,-126.474452,-145.129149,-159.577451,-169.238397,-176.375785,-181.873775,-183.325799,-178.103406,-164.11261,-142.871615,-120.755176,-100.821882,-81.419665,-62.33974,-45.634237,-31.18727,-17.303905,-3.901023,9.240626,23.455577,40.216669,59.857061,81.259438,101.596813,119.704331,135.486411,147.232589,155.402812,160.847044,162.445849,159.429601,152.092667,139.79719,123.344939,106.11635,90.117687
217,2025-10-12 05:10:15,proposed,-11.771,-1.671,12.993,27.059,40.762,54.105,67.091,79.723,92.003,103.934,115.518,126.758,137.656,148.216,158.44,168.33,177.889,187.119,196.022,204.599,212.853,220.785,228.397,235.691,242.668,249.331,255.681,261.72,267.45,272.872,277.988,282.799,287.307,291.513,295.419,299.025,302.334,305.346,308.064,310.488,312.621,314.463,316.016,317.281,318.26,318.954,319.364,319.492,319.339,318.907
218,2025-10-12 05:10:55,executed,-11.771,-1.671,12.993,27.059,40.762,54.105,67.091,79.723,92.003,103.934,115.518,126.758,137.656,148.216,158.44,168.33,177.889,187.119,196.022,204.599,212.853,220.785,228.397,235.691,242.668,249.331,255.681,261.72,267.45,272.872,277.988,282.799,287.307,291.513,295.419,299.025,302.334,305.346,308.064,310.488,312.621,314.463,316.016,317.281,318.26,318.954,319.364,319.492,319.339,318.907
218,2025-10-12 05:11:27,proposed,85.993855,70.885069,56.206646,43.306527,33.309473,25.273628,13.420855,-6.368554,-23.351259,-27.730552,-33.305447,-50.96178,-73.563352,-95.873989,-116.474452,-135.129149,-149.577451,-159.238397,-166.375785,-171.873775,-173.325799,-168.103406,-154.11261,-132.871615,-110.755176,-90.821882,-71.419665,-52.33974,-35.634237,-21.18727,-7.303905,6.098977,19.240626,33.455577,50.216669,69.857061,91.259438,111.596813,129.704331,145.486411,157.232589,165.402812,170.847044,172.445849,169.429601,162.092667,149.79719,133.344939,116.11635,100.117687
219,2025-10-12 05:12:07,executed,85.993855,70.885069,56.206646,43.306527,33.309473,25.273628,13.420855,-6.368554,-23.351259,-27.730552,-33.305447,-50.96178,-73.563352,-95.873989,-116.474452,-135.129149,-149.577451,-159.238397,-166.375785,-171.873775,-173.325799,-168.103406,-154.11261,-132.871615,-110.755176,-90.821882,-71.419665,-52.33974,-35.634237,-21.18727,-7.303905,6.098977,19.240626,33.455577,50.216669,69.857061,91.259438,111.596813,129.704331,145.486411,157.232589,165.402812,170.847044,172.445849,169.429601,162.092667,149.79719,133.344939,116.11635,100.117687
219,2025-10-12 05:12:23,proposed,79.993855,64.885069,50.206646,37.306527,27.309473,19.273628,7.420855,-12.368554,-29.351259,-33.730552,-39.305447,-55.96178,-78.563352,-100.873989,-121.474452,-140.129149,-154.577451,-164.238397,-171.375785,-176.873775,-178.325799,-173.103406,-159.11261,-137.871615,-115.755176,-95.821882,-76.419665,-57.33974,-40.634237,-26.18727,-12.303905,1.098977,14.240626,28.455577,45.216669,64.857061,86.259438,106.596813,124.704331,140.486411,152.232589,160.402812,165.847044,167.445849,164.429601,157.092667,144.79719,128.344939,111.11635,95.117687
220,2025-10-12 05:13:03,executed,79.993855,64.885069,50.206646,37.306527,27.309473,19.273628,7.420855,-12.368554,-29.351259,-33.730552,-39.305447,-55.96178,-78.563352,-100.873989,-121.474452,-140.129149,-154.577451,-164.238397,-171.375785,-176.873775,-178.325799,-173.103406,-159.11261,-137.871615,-115.755176,-95.821882,-76.419665,-57.33974,-40.634237,-26.18727,-12.303905,1.098977,14.240626,28.455577,45.216669,64.857061,86.259438,106.596813,124.704331,140.486411,152.232589,160.402812,165.847044,167.445849,164.429601,157.092667,144.79719,128.344939,111.11635,95.117687
220,2025-10-12 05:13:19,proposed,-75.0,-60.0,-45.0,-30.0,-15.0,-5.0,-2.0,0.0,2.0,5.0,10.0,20.0,30.0,40.0,50.0,60.0,70.0,80.0,90.0,100.0,-75.0,-60.0,-45.0,-30.0,-15.0,-5.0,-2.0,0.0,2.0,5.0,10.0,20.0,30.0,40.0,50.0,60.0,70.0,80.0,90.0,100.0,75.0,60.0,45.0,30.0,15.0,5.0,2.0,0.0,-2.0,-5.0
221,2025-10-12 05:13:59,executed,-75.0,-60.0,-45.0,-30.0,-15.0,-5.0,-2.0,0.0,2.0,5.0,10.0,20.0,30.0,40.0,50.0,60.0,70.0,80.0,90.0,100.0,-75.0,-60.0,-45.0,-30.0,-15.0,-5.0,-2.0,0.0,2.0,5.0,10.0,20.0,30.0,40.0,50.0,60.0,70.0,80.0,90.0,100.0,75.0,60.0,45.0,30.0,15.0,5.0,2.0,0.0,-2.0,-5.0
221,2025-10-12 05:14:16,proposed,-74.972,-44.71945833333333,-21.689416666666666,0.012625000000003439,35.041000000000004,47.73620833333334,89.10275000000001,131.87804166666666,162.76033333333334,178.39975,181.10816666666668,154.3350833333333,110.75049999999999,71.04499999999997,37.237583333333376,2.7074999999999054,-28.687666666666665,-64.09866666666666,-106.48275000000005,-142.1690833333334,-164.01233333333334,-172.217125,-162.6743333333333,-134.00150000000002,-100.089,-34.226,-24.37741666666667,-10.417416666666666,15.099875000000004,60.239,39.25775,39.322,38.432875,26.626,4.974749999999983,-19.0285,-33.31516666666667,-33.953,-25.655374999999992,-13.106750000000016,0.09700000000002795,15.496666666666666,29.54745833333333,34.92575,31.13791666666666,15.335666666666668,-7.403625000000016,-30.49183333333336,-40.25791666666667,-37.524
222,2025-10-12 05:14:56,executed,-74.972,-44.71945833333333,-21.689416666666666,0.012625000000003439,35.041000000000004,47.73620833333334,89.10275000000001,131.87804166666666,162.76033333333334,178.39975,181.10816666666668,154.3350833333333,110.75049999999999,71.04499999999997,37.237583333333376,2.7074999999999054,-28.687666666666665,-64.09866666666666,-106.48275000000005,-142.1690833333334,-164.01233333333334,-172.217125,-162.6743333333333,-134.00150000000002,-100.089,-34.226,-24.37741666666667,-10.417416666666666,15.099875000000004,60.239,39.25775,39.322,38.432875,26.626,4.974749999999983,-19.0285,-33.31516666666667,-33.953,-25.655374999999992,-13.106750000000016,0.09700000000002795,15.496666666666666,29.54745833333333,34.92575,31.13791666666666,15.335666666666668,-7.403625000000016,-30.49183333333336,-40.25791666666667,-37.524
222,2025-10-12 05:15:11,proposed,-85.0,-70.0,-55.0,-42.0,-32.0,-24.0,-12.0,7.0,24.0,29.0,34.0,51.0,74.0,96.0,117.0,136.0,150.0,160.0,167.0,172.0,174.0,169.0,155.0,134.0,111.0,91.0,72.0,53.0,36.0,22.0,8.0,-6.0,-19.0,-33.0,-50.0,-70.0,-91.0,-112.0,-130.0,-146.0,-158.0,-166.0,-171.0,-173.0,-169.0,-162.0,-150.0,-133.0,-116.0,-100.0
223,2025-10-12 05:15:51,executed,-85.0,-70.0,-55.0,-42.0,-32.0,-24.0,-12.0,7.0,24.0,29.0,34.0,51.0,74.0,96.0,117.0,136.0,150.0,160.0,167.0,172.0,174.0,169.0,155.0,134.0,111.0,91.0,72.0,53.0,36.0,22.0,8.0,-6.0,-19.0,-33.0,-50.0,-70.0,-91.0,-112.0,-130.0,-146.0,-158.0,-166.0,-171.0,-173.0,-169.0,-162.0,-150.0,-133.0,-116.0,-100.0
223,2025-10-12 05:16:20,proposed,85.993855,70.885069,56.206646,43.306527,33.309473,25.273628,13.420855,-6.368554,-23.351259,-27.730552,-33.305447,-50.96178,-73.563352,-95.873989,-116.474452,-135.129149,-149.577451,-159.238397,-166.375785,-171.873775,-173.325799,-168.103406,-154.11261,-132.871615,-110.755176,-90.821882,-71.419665,-52.33974,-35.634237,-21.18727,-7.303905,6.098977,19.240626,33.455577,50.216669,70.857061,92.259438,112.596813,130.704331,146.486411,158.232589,166.402812,171.847044,173.445849,170.429601,163.092667,150.79719,134.344939,117.11635,101.117687
224,2025-10-12 05:17:00,executed,85.993855,70.885069,56.206646,43.306527,33.309473,25.273628,13.420855,-6.368554,-23.351259,-27.730552,-33.305447,-50.96178,-73.563352,-95.873989,-116.474452,-135.129149,-149.577451,-159.238397,-166.375785,-171.873775,-173.325799,-168.103406,-154.11261,-132.871615,-110.755176,-90.821882,-71.419665,-52.33974,-35.634237,-21.18727,-7.303905,6.098977,19.240626,33.455577,50.216669,70.857061,92.259438,112.596813,130.704331,146.486411,158.232589,166.402812,171.847044,173.445849,170.429601,163.092667,150.79719,134.344939,117.11635,101.117687
224,2025-10-12 05:17:16,proposed,-78.993855,-63.885069,-49.206646,-36.306527,-26.309473,-18.273628,-6.420855,13.368554,30.351259,34.730552,40.305447,56.96178,79.563352,101.873989,122.474452,141.129149,155.577451,165.238397,172.375785,177.873775,179.325799,174.103406,160.11261,138.871615,116.755176,96.821882,77.419665,58.33974,41.634237,27.18727,13.303905,-0.098977,-13.240626,-27.455577,-44.216669,-63.857061,-85.259438,-105.596813,-123.704331,-139.486411,-151.232589,-159.402812,-164.847044,-166.445849,-163.429601,-156.092667,-143.79719,-127.344939,-110.11635,-94.117687
225,2025-10-12 05:17:56,executed,-78.993855,-63.885069,-49.206646,-36.306527,-26.309473,-18.273628,-6.420855,13.368554,30.351259,34.730552,40.305447,56.96178,79.563352,101.873989,122.474452,141.129149,155.577451,165.238397,172.375785,177.873775,179.325799,174.103406,160.11261,138.871615,116.755176,96.821882,77.419665,58.33974,41.634237,27.18727,13.303905,-0.098977,-13.240626,-27.455577,-44.216669,-63.857061,-85.259438,-105.596813,-123.704331,-139.486411,-151.232589,-159.402812,-164.847044,-166.445849,-163.429601,-156.092667,-143.79719,-127.344939,-110.11635,-94.117687
225,2025-10-12 05:18:25,proposed,-7.303905,6.098977,19.240626,33.455577,50.216669,69.857061,91.259438,111.596813,129.704331,145.486411,157.232589,165.402812,170.847044,172.445849,169.429601,162.092667,149.79719,133.344939,116.11635,100.117687,34.254739,29.930115,24.678004,18.37642,11.170079,2.594627,-11.680548,-38.735428,-61.330785,-54.551031,-39.820681,-36.935136,-39.02968,-40.045511,-39.303201,-36.18576,-29.635765,-20.488875,-9.569289,2.788452,14.835595,24.992636,31.936633,35.02832,35.098438,32.884945,28.724358,23.129088,16.82561,10.515734
226,2025-10-12 05:19:05,executed,-7.303905,6.098977,19.240626,33.455577,50.216669,69.857061,91.259438,111.596813,129.704331,145.486411,157.232589,165.402812,170.847044,172.445849,169.429601,162.092667,149.79719,133.344939,116.11635,100.117687,34.254739,29.930115,24.678004,18.37642,11.170079,2.594627,-11.680548,-38.735428,-61.330785,-54.551031,-39.820681,-36.935136,-39.02968,-40.045511,-39.303201,-36.18576,-29.635765,-20.488875,-9.569289,2.788452,14.835595,24.992636,31.936633,35.02832,35.098438,32.884945,28.724358,23.129088,16.82561,10.515734
226,2025-10-12 05:19:24,proposed,74.993855,59.885069,45.206646,32.306527,22.309473,14.273628,2.420855,-17.368554,-34.351259,-38.730552,-44.305447,-60.96178,-83.563352,-105.873989,-126.474452,-145.129149,-159.577451,-169.238397,-176.375785,-181.873775,-183.325799,-178.103406,-164.11261,-142.871615,-120.755176,-100.821882,-81.419665,-62.33974,-45.634237,-31.18727,-17.303905,-3.901023,9.240626,23.455577,40.216669,59.857061,81.259438,101.596813,119.704331,135.486411,147.232589,155.402812,160.847044,162.445849,159.429601,152.092667,139.79719,123.344939,106.11635,90.117687
227,2025-10-12 05:20:04,executed,74.993855,59.885069,45.206646,32.306527,22.309473,14.273628,2.420855,-17.368554,-34.351259,-38.730552,-44.305447,-60.96178,-83.563352,-105.873989,-126.474452,-145.129149,-159.577451,-169.238397,-176.375785,-181.873775,-183.325799,-178.103406,-164.11261,-142.871615,-120.755176,-100.821882,-81.419665,-62.33974,-45.634237,-31.18727,-17.303905,-3.901023,9.240626,23.455577,40.216669,59.857061,81.259438,101.596813,119.704331,135.486411,147.232589,155.402812,160.847044,162.445849,159.429601,152.092667,139.79719,123.344939,106.11635,90.117687
227,2025-10-12 05:20:20,proposed,70.0,55.0,40.0,25.0,10.0,0.0,-10.0,-25.0,-40.0,-55.0,-70.0,-85.0,-100.0,-115.0,-125.0,-130.0,-130.0,-125.0,-115.0,-100.0,-85.0,-70.0,-55.0,-40.0,-25.0,-10.0,0.0,10.0,25.0,40.0,55.0,70.0,85.0,100.0,115.0,125.0,130.0,130.0,125.0,115.0,100.0,85.0,70.0,55.0,40.0,25.0,10.0,0.0,-10.0,-25.0
228,2025-10-12 05:21:00,executed,70.0,55.0,40.0,25.0,10.0,0.0,-10.0,-25.0,-40.0,-55.0,-70.0,-85.0,-100.0,-115.0,-125.0,-130.0,-130.0,-125.0,-115.0,-100.0,-85.0,-70.0,-55.0,-40.0,-25.0,-10.0,0.0,10.0,25.0,40.0,55.0,70.0,85.0,100.0,115.0,125.0,130.0,130.0,125.0,115.0,100.0,85.0,70.0,55.0,40.0,25.0,10.0,0.0,-10.0,-25.0
228,2025-10-12 05:21:14,proposed,-75.0,-60.0,-45.0,-30.0,-15.0,-5.0,0.0,5.0,15.0,25.0,35.0,45.0,55.0,65.0,75.0,85.0,95.0,105.0,115.0,125.0,125.0,115.0,105.0,95.0,85.0,75.0,65.0,55.0,45.0,35.0,25.0,15.0,5.0,-5.0,-15.0,-25.0,-35.0,-45.0,-55.0,-65.0,-75.0,-85.0,-95.0,-105.0,-115.0,-125.0,-115.0,-105.0,-95.0,-85.0
229,2025-10-12 05:21:54,executed,-75.0,-60.0,-45.0,-30.0,-15.0,-5.0,0.0,5.0,15.0,25.0,35.0,45.0,55.0,65.0,75.0,85.0,95.0,105.0,115.0,125.0,125.0,115.0,105.0,95.0,85.0,75.0,65.0,55.0,45.0,35.0,25.0,15.0,5.0,-5.0,-15.0,-25.0,-35.0,-45.0,-55.0,-65.0,-75.0,-85.0,-95.0,-105.0,-115.0,-125.0,-115.0,-105.0,-95.0,-85.0
229,2025-10-12 05:22:20,proposed,85.993855,70.885069,56.206646,43.306527,33.309473,25.273628,13.420855,-6.368554,-23.351259,-27.730552,-33.305447,-49.96178,-72.563352,-94.873989,-115.474452,-134.129149,-148.577451,-158.238397,-165.375785,-170.873775,-172.325799,-167.103406,-153.11261,-131.871615,-109.755176,-89.821882,-70.419665,-51.33974,-34.634237,-20.18727,-6.303905,7.098977,20.240626,34.455577,51.216669,70.857061,92.259438,112.596813,130.704331,146.486411,158.232589,166.402812,171.847044,173.445849,170.429601,163.092667,150.79719,134.344939,117.11635,101.117687
230,2025-10-12 05:23:00,executed,85.993855,70.885069,56.206646,43.306527,33.309473,25.273628,13.420855,-6.368554,-23.351259,-27.730552,-33.305447,-49.96178,-72.563352,-94.873989,-115.474452,-134.129149,-148.577451,-158.238397,-165.375785,-170.873775,-172.325799,-167.103406,-153.11261,-131.871615,-109.755176,-89.821882,-70.419665,-51.33974,-34.634237,-20.18727,-6.303905,7.098977,20.240626,34.455577,51.216669,70.857061,92.259438,112.596813,130.704331,146.486411,158.232589,166.402812,171.847044,173.445849,170.429601,163.092667,150.79719,134.344939,117.11635,101.117687
230,2025-10-12 05:23:25,proposed,-104.993855,-70.90660633333334,-46.952242999999996,-27.368554,-50.58885033333334,-86.02949466666665,-136.474452,-172.79776633333333,-190.04111166666667,-188.103406,-145.4994686666667,-97.88707066666665,-55.634237,-23.568929,-5.050593333333316,-12.884945,-18.232515333333335,-22.032405666666666,-23.704331,-25.28933,-26.246247333333333,-25.79719,-23.856444333333332,-21.245096666666665,-17.073946,-14.835595,-8.905938333333333,-2.174764666666666,2.627085,8.778923000000002,12.566596333333333,14.835595,14.879687333333333,13.502773333333332,10.0117687,5.365551000000002,0.2921073333333313,-5.340101,-8.560127666666666,-11.195590333333328,-16.789299,-21.499876,-37.60651633333333,-71.419665,-102.74081,-144.76135033333333,-166.375785,-171.58500133333334,-139.95194666666666,-90.821882
231,2025-10-12 05:24:05,executed,-104.993855,-70.90660633333334,-46.952242999999996,-27.368554,-50.58885033333334,-86.02949466666665,-136.474452,-172.79776633333333,-190.04111166666667,-188.103406,-145.4994686666667,-97.88707066666665,-55.634237,-23.568929,-5.050593333333316,-12.884945,-18.232515333333335,-22.032405666666666,-23.704331,-25.28933,-26.246247333333333,-25.79719,-23.856444333333332,-21.245096666666665,-17.073946,-14.835595,-8.905938333333333,-2.174764666666666,2.627085,8.778923000000002,12.566596333333333,14.835595,14.879687333333333,13.502773333333332,10.0117687,5.365551000000002,0.2921073333333313,-5.340101,-8.560127666666666,-11.195590333333328,-16.789299,-21.499876,-37.60651633333333,-71.419665,-102.74081,-144.76135033333333,-166.375785,-171.58500133333334,-139.95194666666666,-90.821882
231,2025-10-12 05:24:25,proposed,74.993855,59.885069,45.206646,32.306527,22.309473,14.273628,2.420855,-17.368554,-34.351259,-38.730552,-44.305447,-60.96178,-83.563352,-105.873989,-126.474452,-145.129149,-159.577451,-169.238397,-176.375785,-181.873775,-183.325799,-178.103406,-164.11261,-142.871615,-120.755176,-100.821882,-81.419665,-62.33974,-45.634237,-31.18727,-17.303905,-3.901023,9.240626,23.455577,40.216669,59.857061,81.259438,101.596813,119.704331,135.486411,147.232589,155.402812,160.847044,162.445849,159.429601,152.092667,139.79719,123.344939,106.11635,90.117687
232,2025-10-12 05:25:05,executed,74.993855,59.885069,45.206646,32.306527,22.309473,14.273628,2.420855,-17.368554,-34.351259,-38.730552,-44.305447,-60.96178,-83.563352,-105.873989,-126.474452,-145.129149,-159.577451,-169.238397,-176.375785,-181.873775,-183.325799,-178.103406,-164.11261,-142.871615,-120.755176,-100.821882,-81.419665,-62.33974,-45.634237,-31.18727,-17.303905,-3.901023,9.240626,23.455577,40.216669,59.857061,81.259438,101.596813,119.704331,135.486411,147.232589,155.402812,160.847044,162.445849,159.429601,152.092667,139.79719,123.344939,106.11635,90.117687
232,2025-10-12 05:25:21,proposed,79.993855,64.885069,50.206646,37.306527,27.309473,19.273628,7.420855,-12.368554,-29.351259,-33.730552,-39.305447,-55.96178,-78.563352,-100.873989,-121.474452,-135.129149,-149.577451,-159.238397,-166.375785,-171.873775,-173.325799,-168.103406,-154.11261,-132.871615,-110.755176,-90.821882,-71.419665,-52.33974,-35.634237,-21.18727,-7.303905,6.098977,19.240626,33.455577,50.216669,69.857061,91.259438,111.596813,129.704331,145.486411,157.232589,165.402812,170.847044,172.445849,169.429601,162.092667,149.79719,133.344939,116.11635,100.117687
233,2025-10-12 05:26:01,executed,79.993855,64.885069,50.206646,37.306527,27.309473,19.273628,7.420855,-12.368554,-29.351259,-33.730552,-39.305447,-55.96178,-78.563352,-100.873989,-121.474452,-135.129149,-149.577451,-159.238397,-166.375785,-171.873775,-173.325799,-168.103406,-154.11261,-132.871615,-110.755176,-90.821882,-71.419665,-52.33974,-35.634237,-21.18727,-7.303905,6.098977,19.240626,33.455577,50.216669,69.857061,91.259438,111.596813,129.704331,145.486411,157.232589,165.402812,170.847044,172.445849,169.429601,162.092667,149.79719,133.344939,116.11635,100.117687
233,2025-10-12 05:26:45,proposed,-7.573,-1.262,1.755,4.152,5.794,6.721,6.973,6.58,5.582,3.999,1.851,-0.712,-3.641,-6.976,-10.668,-14.667,-18.914,-23.349,-27.913,-32.536,-37.15,-41.685,-46.063,-50.215,-54.062,-57.525,-60.525,-63.084,-65.123,-66.564,-67.328,-67.337,-66.513,-64.778,-62.054,-58.263,-53.327,-47.168,-39.708,-30.868,-20.56,-8.696,4.513,18.995,34.752,51.774,69.942,89.126,109.187,129.9
234,2025-10-12 05:27:25,executed,-7.573,-1.262,1.755,4.152,5.794,6.721,6.973,6.58,5.582,3.999,1.851,-0.712,-3.641,-6.976,-10.668,-14.667,-18.914,-23.349,-27.913,-32.536,-37.15,-41.685,-46.063,-50.215,-54.062,-57.525,-60.525,-63.084,-65.123,-66.564,-67.328,-67.337,-66.513,-64.778,-62.054,-58.263,-53.327,-47.168,-39.708,-30.868,-20.56,-8.696,4.513,18.995,34.752,51.774,69.942,89.126,109.187,129.9
234,2025-10-12 05:27:50,proposed,83.993855,68.885069,54.206646,41.306527,31.309473,23.273628,11.420855,-8.368554,-25.351259,-29.730552,-35.305447,-51.96178,-74.563352,-96.873989,-117.474452,-136.129149,-150.577451,-160.238397,-167.375785,-172.873775,-174.325799,-169.103406,-155.11261,-133.871615,-111.755176,-91.821882,-72.419665,-53.33974,-36.634237,-22.18727,-8.303905,5.098977,18.240626,32.455577,49.216669,68.857061,90.259438,110.596813,128.704331,144.486411,156.232589,164.402812,169.847044,171.445849,168.429601,161.092667,148.79719,132.344939,115.11635,99.117687
235,2025-10-12 05:28:30,executed,83.993855,68.885069,54.206646,41.306527,31.309473,23.273628,11.420855,-8.368554,-25.351259,-29.730552,-35.305447,-51.96178,-74.563352,-96.873989,-117.474452,-136.129149,-150.577451,-160.238397,-167.375785,-172.873775,-174.325799,-169.103406,-155.11261,-133.871615,-111.755176,-91.821882,-72.419665,-53.33974,-36.634237,-22.18727,-8.303905,5.098977,18.240626,32.455577,49.216669,68.857061,90.259438,110.596813,128.704331,144.486411,156.232589,164.402812,169.847044,171.445849,168.429601,161.092667,148.79719,132.344939,115.11635,99.117687
235,2025-10-12 05:28:54,proposed,-84.993855,-69.885069,-55.206646,-42.306527,-32.309473,-24.273628,-12.420855,7.368554,24.351259,28.730552,34.305447,50.96178,73.563352,95.873989,116.47445,135.12915,149.57745,159.2384,166.37579,171.87378,173.3258,168.10341,154.11261,132.87162,110.75518,90.821882,71.419665,52.33974,35.634237,21.18727,7.303905,-6.098977,-19.240626,-33.455577,-50.216669,-69.857061,-91.259438,-111.59681,-129.70433,-145.48641,-157.23259,-165.40281,-170.84704,-172.44585,-169.4296,-162.09267,-149.79719,-133.34494,-116.11635,-100.11769
236,2025-10-12 05:29:34,executed,-84.993855,-69.885069,-55.206646,-42.306527,-32.309473,-24.273628,-12.420855,7.368554,24.351259,28.730552,34.305447,50.96178,73.563352,95.873989,116.47445,135.12915,149.57745,159.2384,166.37579,171.87378,173.3258,168.10341,154.11261,132.87162,110.75518,90.821882,71.419665,52.33974,35.634237,21.18727,7.303905,-6.098977,-19.240626,-33.455577,-50.216669,-69.857061,-91.259438,-111.59681,-129.70433,-145.48641,-157.23259,-165.40281,-170.84704,-172.44585,-169.4296,-162.09267,-149.79719,-133.34494,-116.11635,-100.11769
236,2025-10-12 05:30:10,proposed,84.993855,69.885069,55.206646,42.306527,32.309473,24.273628,12.420855,-7.368554,-24.351259,-28.730552,-34.305447,-50.96178,-73.563352,-95.873989,-116.474452,-135.129149,-149.577451,-159.238397,-166.375785,-171.873775,-173.325799,-168.103406,-154.11261,-132.871615,-110.755176,-90.821882,-71.419665,-52.33974,-35.634237,-21.18727,-7.303905,6.098977,19.240626,33.455577,50.216669,69.857061,91.259438,111.596813,129.704331,145.486411,157.232589,165.402812,170.847044,172.445849,169.429601,162.092667,149.79719,133.344939,116.11635,100.117687
237,2025-10-12 05:30:50,executed,84.993855,69.885069,55.206646,42.306527,32.309473,24.273628,12.420855,-7.368554,-24.351259,-28.730552,-34.305447,-50.96178,-73.563352,-95.873989,-116.474452,-135.129149,-149.577451,-159.238397,-166.375785,-171.873775,-173.325799,-168.103406,-154.11261,-132.871615,-110.755176,-90.821882,-71.419665,-52.33974,-35.634237,-21.18727,-7.303905,6.098977,19.240626,33.455577,50.216669,69.857061,91.259438,111.596813,129.704331,145.486411,157.232589,165.402812,170.847044,172.445849,169.429601,162.092667,149.79719,133.344939,116.11635,100.117687
237,2025-10-12 05:31:13,proposed,84.893855,69.785069,55.106646,42.206527,32.209473,24.173628,12.320855,-7.468554,-24.451259,-28.830552,-34.405447,-51.06178,-73.663352,-95.973989,-116.574452,-135.229149,-149.677451,-159.338397,-166.475785,-171.973775,-173.425799,-168.203406,-154.21261,-132.971615,-110.855176,-90.921882,-71.519665,-52.43974,-35.734237,-21.28727,-7.403905,5.998977,19.140626,33.355577,50.116669,69.757061,91.159438,111.496813,129.604331,145.386411,157.132589,165.302812,170.747044,172.345849,169.329601,161.992667,149.69719,133.244939,116.01635,99.917687
238,2025-10-12 05:31:53,executed,84.893855,69.785069,55.106646,42.206527,32.209473,24.173628,12.320855,-7.468554,-24.451259,-28.830552,-34.405447,-51.06178,-73.663352,-95.973989,-116.574452,-135.229149,-149.677451,-159.338397,-166.475785,-171.973775,-173.425799,-168.203406,-154.21261,-132.971615,-110.855176,-90.921882,-71.519665,-52.43974,-35.734237,-21.28727,-7.403905,5.998977,19.140626,33.355577,50.116669,69.757061,91.159438,111.496813,129.604331,145.386411,157.132589,165.302812,170.747044,172.345849,169.329601,161.992667,149.69719,133.244939,116.01635,99.917687
238,2025-10-12 05:32:10,proposed,79.993855,64.885069,50.206646,37.306527,27.309473,19.273628,7.420855,-12.368554,-29.351259,-33.730552,-39.305447,-55.96178,-78.563352,-100.873989,-121.474452,-140.129149,-154.577451,-164.238397,-171.375785,-176.873775,-178.325799,-173.103406,-159.11261,-137.871615,-115.755176,-95.821882,-76.419665,-57.33974,-40.634237,-26.18727,-12.303905,1.098977,14.240626,28.455577,45.216669,64.857061,86.259438,106.596813,124.704331,140.486411,152.232589,160.402812,165.847044,167.445849,164.429601,157.092667,144.79719,128.344939,111.11635,95.117687
239,2025-10-12 05:32:50,executed,79.993855,64.885069,50.206646,37.306527,27.309473,19.273628,7.420855,-12.368554,-29.351259,-33.730552,-39.305447,-55.96178,-78.563352,-100.873989,-121.474452,-140.129149,-154.577451,-164.238397,-171.375785,-176.873775,-178.325799,-173.103406,-159.11261,-137.871615,-115.755176,-95.821882,-76.419665,-57.33974,-40.634237,-26.18727,-12.303905,1.098977,14.240626,28.455577,45.216669,64.857061,86.259438,106.596813,124.704331,140.486411,152.232589,160.402812,165.847044,167.445849,164.429601,157.092667,144.79719,128.344939,111.11635,95.117687
239,2025-10-12 05:33:11,proposed,82.993855,67.885069,53.206646,40.306527,30.309473,22.273628,10.420855,-9.368554,-26.351259,-30.730552,-36.305447,-52.96178,-75.563352,-97.873989,-118.474452,-137.129149,-151.577451,-161.238397,-168.375785,-173.873775,-175.325799,-170.103406,-156.11261,-134.871615,-112.755176,-92.821882,-73.419665,-54.33974,-37.634237,-23.18727,-9.303905,4.098977,17.240626,31.455577,48.216669,67.857061,89.259438,109.596813,127.704331,143.486411,155.232589,163.402812,168.847044,170.445849,167.429601,160.092667,147.79719,131.344939,114.11635,98.117687
240,2025-10-12 05:33:51,executed,82.993855,67.885069,53.206646,40.306527,30.309473,22.273628,10.420855,-9.368554,-26.351259,-30.730552,-36.305447,-52.96178,-75.563352,-97.873989,-118.474452,-137.129149,-151.577451,-161.238397,-168.375785,-173.873775,-175.325799,-170.103406,-156.11261,-134.871615,-112.755176,-92.821882,-73.419665,-54.33974,-37.634237,-23.18727,-9.303905,4.098977,17.240626,31.455577,48.216669,67.857061,89.259438,109.596813,127.704331,143.486411,155.232589,163.402812,168.847044,170.445849,167.429601,160.092667,147.79719,131.344939,114.11635,98.117687
240,2025-10-12 05:34:17,proposed,85.093855,70.085069,55.406646,42.506527,32.509473,24.473628,12.620855,-7.168554,-24.151259,-28.530552,-34.105447,-50.76178,-73.363352,-95.673989,-116.274452,-134.929149,-149.377451,-159.038397,-166.175785,-171.673775,-173.125799,-167.903406,-153.91261,-132.671615,-110.555176,-90.621882,-71.219665,-52.13974,-35.434237,-20.98727,-7.103905,6.298977,19.440626,33.655577,50.416669,70.057061,91.459438,111.796813,129.904331,145.686411,157.432589,165.602812,171.047044,172.645849,169.629601,162.292667,150.09719,133.544939,116.31635,100.317687
241,2025-10-12 05:34:57,executed,85.093855,70.085069,55.406646,42.506527,32.509473,24.473628,12.620855,-7.168554,-24.151259,-28.530552,-34.105447,-50.76178,-73.363352,-95.673989,-116.274452,-134.929149,-149.377451,-159.038397,-166.175785,-171.673775,-173.125799,-167.903406,-153.91261,-132.671615,-110.555176,-90.621882,-71.219665,-52.13974,-35.434237,-20.98727,-7.103905,6.298977,19.440626,33.655577,50.416669,70.057061,91.459438,111.796813,129.904331,145.686411,157.432589,165.602812,171.047044,172.645849,169.629601,162.292667,150.09719,133.544939,116.31635,100.317687
241,2025-10-12 05:35:13,proposed,84.993855,69.885069,55.206646,42.306527,32.309473,24.273628,12.420855,-7.368554,-24.351259,-28.730552,-34.305447,-50.96178,-73.563352,-95.873989,-116.474452,-135.129149,-149.577451,-159.238397,-166.375785,-171.873775,-173.325799,-168.103406,-154.11261,-132.871615,-110.755176,-90.821882,-71.419665,-52.33974,-35.634237,-21.18727,-7.303905,6.098977,19.240626,33.455577,50.216669,69.857061,91.259438,111.596813,129.704331,145.486411,157.232589,165.402812,170.847044,172.445849,169.429601,162.092667,149.79719,133.344939,116.11635,100.117687
242,2025-10-12 05:35:53,executed,84.993855,69.885069,55.206646,42.306527,32.309473,24.273628,12.420855,-7.368554,-24.351259,-28.730552,-34.305447,-50.96178,-73.563352,-95.873989,-116.474452,-135.129149,-149.577451,-159.238397,-166.375785,-171.873775,-173.325799,-168.103406,-154.11261,-132.871615,-110.755176,-90.821882,-71.419665,-52.33974,-35.634237,-21.18727,-7.303905,6.098977,19.240626,33.455577,50.216669,69.857061,91.259438,111.596813,129.704331,145.486411,157.232589,165.402812,170.847044,172.445849,169.429601,162.092667,149.79719,133.344939,116.11635,100.117687
242,2025-10-12 05:36:11,proposed,-64.993855,-49.885069,-35.206646,-22.306527,-12.309473,-4.273628,-15.420855,37.368554,54.351259,58.730552,54.305447,30.96178,3.563352,-22.126011,-4.078938,16.129149,30.422549,39.238397,33.624215,28.126225,26.674201,21.896594,8.88739,-12.128385,-30.821882,-11.419665,17.66026,35.634237,51.18727,67.303905,86.098977,109.240626,133.455577,150.216669,169.857061,191.259438,211.596813,229.704331,245.486411,257.232589,265.402812,270.847044,272.445849,269.429601,262.092667,249.79719,233.344939,216.11635,200.117687,134.254739
243,2025-10-12 05:36:51,executed,-64.993855,-49.885069,-35.206646,-22.306527,-12.309473,-4.273628,-15.420855,37.368554,54.351259,58.730552,54.305447,30.96178,3.563352,-22.126011,-4.078938,16.129149,30.422549,39.238397,33.624215,28.126225,26.674201,21.896594,8.88739,-12.128385,-30.821882,-11.419665,17.66026,35.634237,51.18727,67.303905,86.098977,109.240626,133.455577,150.216669,169.857061,191.259438,211.596813,229.704331,245.486411,257.232589,265.402812,270.847044,272.445849,269.429601,262.092667,249.79719,233.344939,216.11635,200.117687,134.254739
243,2025-10-12 05:37:07,proposed,84.093855,68.985069,54.306646,41.406527,31.409473,23.373628,11.520855,-8.268554,-25.251259,-29.630552,-35.205447,-51.86178,-74.463352,-96.773989,-117.374452,-136.029149,-150.477451,-160.138397,-167.275785,-172.773775,-174.225799,-169.003406,-155.01261,-133.771615,-111.655176,-91.721882,-72.319665,-53.23974,-36.534237,-22.08727,-8.203905,5.198977,18.340626,32.555577,49.316669,68.957061,90.359438,110.696813,128.804331,144.586411,156.332589,164.502812,169.947044,171.545849,168.529601,161.192667,148.89719,132.444939,115.21635,99.217687
244,2025-10-12 05:37:47,executed,84.093855,68.985069,54.306646,41.406527,31.409473,23.373628,11.520855,-8.268554,-25.251259,-29.630552,-35.205447,-51.86178,-74.463352,-96.773989,-117.374452,-136.029149,-150.477451,-160.138397,-167.275785,-172.773775,-174.225799,-169.003406,-155.01261,-133.771615,-111.655176,-91.721882,-72.319665,-53.23974,-36.534237,-22.08727,-8.203905,5.198977,18.340626,32.555577,49.316669,68.957061,90.359438,110.696813,128.804331,144.586411,156.332589,164.502812,169.947044,171.545849,168.529601,161.192667,148.89719,132.444939,115.21635,99.217687
244,2025-10-12 05:38:09,proposed,83.993855,68.885069,54.206646,41.306527,31.309473,23.273628,11.420855,-8.368554,-25.351259,-29.730552,-35.305447,-51.96178,-74.563352,-96.873989,-117.474452,-136.129149,-150.577451,-160.238397,-167.375785,-172.873775,-174.325799,-169.103406,-155.11261,-133.871615,-111.755176,-91.821882,-72.419665,-53.33974,-36.634237,-22.18727,-8.303905,5.098977,18.240626,32.455577,49.216669,68.857061,90.259438,110.596813,128.704331,144.486411,156.232589,164.402812,169.847044,171.445849,168.429601,161.092667,148.79719,132.344939,115.11635,99.117687
245,2025-10-12 05:38:49,executed,83.993855,68.885069,54.206646,41.306527,31.309473,23.273628,11.420855,-8.368554,-25.351259,-29.730552,-35.305447,-51.96178,-74.563352,-96.873989,-117.474452,-136.129149,-150.577451,-160.238397,-167.375785,-172.873775,-174.325799,-169.103406,-155.11261,-133.871615,-111.755176,-91.821882,-72.419665,-53.33974,-36.634237,-22.18727,-8.303905,5.098977,18.240626,32.455577,49.216669,68.857061,90.259438,110.596813,128.704331,144.486411,156.232589,164.402812,169.847044,171.445849,168.429601,161.092667,148.79719,132.344939,115.11635,99.117687
245,2025-10-12 05:39:12,proposed,83.993855,53.66914104166666,30.63981925,8.947178874999997,-26.081141166666665,-38.775516375,-80.14101125,-122.91540529166666,-153.79776633333333,-169.43753125,-172.14980191666666,-145.37715395833328,-101.78852900000001,-62.08470562499997,-28.206839583333373,0.07289625000005451,27.717259999999996,63.128613333333334,105.51246925000005,141.19847766666672,163.04110816666667,171.245998375,161.70407816666665,133.03044945833335,99.117687,33.254739,23.415438,9.455457999999998,-16.062408000000005,-61.200826,-40.21952579166667,-40.28363775,-39.393947375,-27.586801666666666,-5.935136124999983,18.067695416666666,32.35365620833334,32.9916915,24.69358674999999,12.144849000000017,-1.0590853750000275,-16.457855666666667,-30.508288916666665,-35.886204750000005,-32.10046029166666,-16.29847133333333,6.441406375000016,29.528961166666697,39.29456291666666,36.560793
246,2025-10-12 05:39:52,executed,83.993855,53.66914104166666,30.63981925,8.947178874999997,-26.081141166666665,-38.775516375,-80.14101125,-122.91540529166666,-153.79776633333333,-169.43753125,-172.14980191666666,-145.37715395833328,-101.78852900000001,-62.08470562499997,-28.206839583333373,0.07289625000005451,27.717259999999996,63.128613333333334,105.51246925000005,141.19847766666672,163.04110816666667,171.245998375,161.70407816666665,133.03044945833335,99.117687,33.254739,23.415438,9.455457999999998,-16.062408000000005,-61.200826,-40.21952579166667,-40.28363775,-39.393947375,-27.586801666666666,-5.935136124999983,18.067695416666666,32.35365620833334,32.9916915,24.69358674999999,12.144849000000017,-1.0590853750000275,-16.457855666666667,-30.508288916666665,-35.886204750000005,-32.10046029166666,-16.29847133333333,6.441406375000016,29.528961166666697,39.29456291666666,36.560793
246,2025-10-12 05:40:14,proposed,-10.0,-5.0,-1.0,-1.0,-1.0,-1.0,-1.0,-1.0,-1.0,-1.0,-1.0,-1.0,-1.0,-1.0,-1.0,-1.0,-1.0,-1.0,-1.0,-1.0,-1.0,-1.0,-1.0,-1.0,-1.0,65.370776,52.45726,40.6369,29.605392,18.033523,5.931341,-6.326353,-17.461541,-26.223187,-34.197609,-43.399004,-54.797347,-68.689981,-82.694078,-94.078938,-103.69877,-112.681819,-119.626482,-123.539309,-125.587927,-126.502001,-125.569174,-121.310892,-113.123039,-102.857885
247,2025-10-12 05:40:54,executed,-10.0,-5.0,-1.0,-1.0,-1.0,-1.0,-1.0,-1.0,-1.0,-1.0,-1.0,-1.0,-1.0,-1.0,-1.0,-1.0,-1.0,-1.0,-1.0,-1.0,-1.0,-1.0,-1.0,-1.0,-1.0,65.370776,52.45726,40.6369,29.605392,18.033523,5.931341,-6.326353,-17.461541,-26.223187,-34.197609,-43.399004,-54.797347,-68.689981,-82.694078,-94.078938,-103.69877,-112.681819,-119.626482,-123.539309,-125.587927,-126.502001,-125.569174,-121.310892,-113.123039,-102.857885
247,2025-10-12 05:41:11,proposed,84.993855,69.885069,55.206646,42.306527,32.309473,24.273628,12.420855,-7.368554,-24.351259,-28.730552,-34.305447,-50.96178,-73.563352,-95.873989,-116.474452,-135.129149,-149.577451,-159.238397,-166.375785,-171.873775,-173.325799,-168.103406,-154.11261,-132.871615,-110.755176,-90.821882,-71.419665,-52.33974,-35.634237,-21.18727,-7.303905,6.098977,19.240626,33.455577,50.216669,69.857061,91.259438,111.596813,129.704331,145.486411,157.232589,165.402812,170.847044,172.445849,169.429601,162.092667,149.79719,133.344939,116.11635,100.117687
248,2025-10-12 05:41:51,executed,84.993855,69.885069,55.206646,42.306527,32.309473,24.273628,12.420855,-7.368554,-24.351259,-28.730552,-34.305447,-50.96178,-73.563352,-95.873989,-116.474452,-135.129149,-149.577451,-159.238397,-166.375785,-171.873775,-173.325799,-168.103406,-154.11261,-132.871615,-110.755176,-90.821882,-71.419665,-52.33974,-35.634237,-21.18727,-7.303905,6.098977,19.240626,33.455577,50.216669,69.857061,91.259438,111.596813,129.704331,145.486411,157.232589,165.402812,170.847044,172.445849,169.429601,162.092667,149.79719,133.344939,116.11635,100.117687
248,2025-10-12 05:42:14,proposed,84.0,69.0,54.0,41.0,31.0,23.0,11.0,-8.0,-25.0,-29.0,-35.0,-52.0,-75.0,-98.0,-119.0,-138.0,-153.0,-163.0,-170.0,-173.0,-173.0,-167.0,-152.0,-131.0,-108.0,-89.0,-70.0,-51.0,-34.0,-20.0,-7.0,7.0,20.0,34.0,51.0,71.0,93.0,114.0,132.0,148.0,159.0,167.0,172.0,173.0,169.0,161.0,148.0,132.0,115.0,99.0
249,2025-10-12 05:42:54,executed,84.0,69.0,54.0,41.0,31.0,23.0,11.0,-8.0,-25.0,-29.0,-35.0,-52.0,-75.0,-98.0,-119.0,-138.0,-153.0,-163.0,-170.0,-173.0,-173.0,-167.0,-152.0,-131.0,-108.0,-89.0,-70.0,-51.0,-34.0,-20.0,-7.0,7.0,20.0,34.0,51.0,71.0,93.0,114.0,132.0,148.0,159.0,167.0,172.0,173.0,169.0,161.0,148.0,132.0,115.0,99.0
249,2025-10-12 05:43:10,proposed,83.793855,68.685069,54.006646,41.106527,31.109473,23.073628,11.220855,-8.568554,-25.551259,-29.930552,-35.505447,-52.16178,-74.763352,-97.073989,-117.674452,-136.329149,-150.777451,-160.438397,-167.575785,-173.073775,-174.525799,-169.303406,-155.31261,-134.071615,-111.955176,-92.021882,-72.619665,-53.53974,-36.834237,-22.38727,-8.503905,4.898977,18.040626,32.255577,49.016669,68.657061,90.059438,110.496813,128.604331,144.386411,156.032589,164.202812,169.647044,171.245849,168.229601,160.892667,148.59719,132.144939,114.91635,98.917687
250,2025-10-12 05:43:50,executed,83.793855,68.685069,54.006646,41.106527,31.109473,23.073628,11.220855,-8.568554,-25.551259,-29.930552,-35.505447,-52.16178,-74.763352,-97.073989,-117.674452,-136.329149,-150.777451,-160.438397,-167.575785,-173.073775,-174.525799,-169.303406,-155.31261,-134.071615,-111.955176,-92.021882,-72.619665,-53.53974,-36.834237,-22.38727,-8.503905,4.898977,18.040626,32.255577,49.016669,68.657061,90.059438,110.496813,128.604331,144.386411,156.032589,164.202812,169.647044,171.245849,168.229601,160.892667,148.59719,132.144939,114.91635,98.917687
250,2025-10-12 05:44:07,proposed,-55.206646,-42.306527,-32.309473,-24.273628,-12.420855,7.368554,24.351259,28.730552,34.305447,50.96178,73.563352,95.873989,116.474452,135.129149,149.577451,159.238397,166.375785,171.873775,173.325799,168.103406,154.11261,132.871615,110.755176,90.821882,71.419665,52.33974,35.634237,21.18727,7.303905,-6.098977,-19.240626,-33.455577,-50.216669,-69.857061,-91.259438,-111.596813,-129.704331,-145.486411,-157.232589,-165.402812,-170.847044,-172.445849,-169.429601,-162.092667,-149.79719,-133.344939,-116.11635,-100.117687,-34.254739,-29.930115
251,2025-10-12 05:44:47,executed,-55.206646,-42.306527,-32.309473,-24.273628,-12.420855,7.368554,24.351259,28.730552,34.305447,50.96178,73.563352,95.873989,116.474452,135.129149,149.577451,159.238397,166.375785,171.873775,173.325799,168.103406,154.11261,132.871615,110.755176,90.821882,71.419665,52.33974,35.634237,21.18727,7.303905,-6.098977,-19.240626,-33.455577,-50.216669,-69.857061,-91.259438,-111.596813,-129.704331,-145.486411,-157.232589,-165.402812,-170.847044,-172.445849,-169.429601,-162.092667,-149.79719,-133.344939,-116.11635,-100.117687,-34.254739,-29.930115
251,2025-10-12 05:45:16,proposed,85.993855,70.885069,56.206646,43.306527,33.309473,25.273628,13.420855,-6.368554,-23.351259,-27.730552,-33.305447,-50.96178,-73.563352,-95.873989,-116.474452,-135.129149,-149.577451,-159.238397,-166.375785,-171.873775,-173.325799,-168.103406,-154.11261,-132.871615,-110.755176,-90.821882,-71.419665,-52.33974,-35.634237,-21.18727,-7.303905,6.098977,19.240626,33.455577,50.216669,69.857061,91.259438,111.596813,129.704331,145.486411,157.232589,165.402812,170.847044,172.445849,169.429601,162.092667,149.79719,133.344939,116.11635,100.117687
252,2025-10-12 05:45:56,executed,85.993855,70.885069,56.206646,43.306527,33.309473,25.273628,13.420855,-6.368554,-23.351259,-27.730552,-33.305447,-50.96178,-73.563352,-95.873989,-116.474452,-135.129149,-149.577451,-159.238397,-166.375785,-171.873775,-173.325799,-168.103406,-154.11261,-132.871615,-110.755176,-90.821882,-71.419665,-52.33974,-35.634237,-21.18727,-7.303905,6.098977,19.240626,33.455577,50.216669,69.857061,91.259438,111.596813,129.704331,145.486411,157.232589,165.402812,170.847044,172.445849,169.429601,162.092667,149.79719,133.344939,116.11635,100.117687
252,2025-10-12 05:46:14,proposed,84.893855,54.56914104166666,31.53981925,9.847178874999997,-25.181141166666666,-37.875516375000004,-79.24101125000001,-122.01540529166665,-152.89776633333332,-168.53753125,-171.24980191666668,-144.4771539583333,-100.888529,-61.18470562499998,-27.30683958333337,0.9728962500000549,28.617259999999998,64.02861333333333,106.41246925000006,142.09847766666672,163.94110816666665,172.14599837499998,162.60407816666665,133.93044945833336,100.017687,34.154739,24.315438,10.355457999999999,-15.162408000000005,-60.300826,-39.31952579166667,-39.38363775,-38.493947375000005,-26.686801666666668,-5.035136124999982,18.967695416666665,33.25365620833334,33.8916915,25.593586749999993,13.044849000000017,-0.15908537500002762,-15.557855666666667,-29.608288916666666,-34.986204750000006,-31.200460291666655,-15.398471333333333,7.341406375000016,30.428961166666696,40.19456291666666,37.460793
253,2025-10-12 05:46:54,executed,84.893855,54.56914104166666,31.53981925,9.847178874999997,-25.181141166666666,-37.875516375000004,-79.24101125000001,-122.01540529166665,-152.89776633333332,-168.53753125,-171.24980191666668,-144.4771539583333,-100.888529,-61.18470562499998,-27.30683958333337,0.9728962500000549,28.617259999999998,64.02861333333333,106.41246925000006,142.09847766666672,163.94110816666665,172.14599837499998,162.60407816666665,133.93044945833336,100.017687,34.154739,24.315438,10.355457999999999,-15.162408000000005,-60.300826,-39.31952579166667,-39.38363775,-38.493947375000005,-26.686801666666668,-5.035136124999982,18.967695416666665,33.25365620833334,33.8916915,25.593586749999993,13.044849000000017,-0.15908537500002762,-15.557855666666667,-29.608288916666666,-34.986204750000006,-31.200460291666655,-15.398471333333333,7.341406375000016,30.428961166666696,40.19456291666666,37.460793
253,2025-10-12 05:47:15,proposed,10.0,5.0,0.0,-5.0,-10.0,10.0,5.0,0.0,-5.0,-10.0,10.0,5.0,0.0,-5.0,-10.0,10.0,5.0,0.0,-5.0,-10.0,10.0,5.0,0.0,-5.0,-10.0,10.0,5.0,0.0,-5.0,-10.0,10.0,5.0,0.0,-5.0,-10.0,10.0,5.0,0.0,-5.0,-10.0,10.0,5.0,0.0,-5.0,-10.0,10.0,5.0,0.0,-5.0,-10.0
254,2025-10-12 05:47:55,executed,10.0,5.0,0.0,-5.0,-10.0,10.0,5.0,0.0,-5.0,-10.0,10.0,5.0,0.0,-5.0,-10.0,10.0,5.0,0.0,-5.0,-10.0,10.0,5.0,0.0,-5.0,-10.0,10.0,5.0,0.0,-5.0,-10.0,10.0,5.0,0.0,-5.0,-10.0,10.0,5.0,0.0,-5.0,-10.0,10.0,5.0,0.0,-5.0,-10.0,10.0,5.0,0.0,-5.0,-10.0
254,2025-10-12 05:48:11,proposed,84.993855,69.885069,55.206646,42.306527,32.309473,24.273628,12.420855,-7.368554,-24.351259,-28.730552,-34.305447,-50.96178,-73.563352,-95.873989,-116.474452,-135.129149,-149.577451,-159.238397,-166.375785,-171.873775,-173.325799,-168.103406,-154.11261,-132.871615,-110.755176,-90.821882,-71.419665,-52.33974,-35.634237,-21.18727,-7.303905,6.098977,19.240626,33.455577,50.216669,69.857061,91.259438,111.596813,129.704331,145.486411,157.232589,165.402812,170.847044,172.445849,169.429601,162.092667,149.79719,133.344939,116.11635,100.117687
255,2025-10-12 05:48:51,executed,84.993855,69.885069,55.206646,42.306527,32.309473,24.273628,12.420855,-7.368554,-24.351259,-28.730552,-34.305447,-50.96178,-73.563352,-95.873989,-116.474452,-135.129149,-149.577451,-159.238397,-166.375785,-171.873775,-173.325799,-168.103406,-154.11261,-132.871615,-110.755176,-90.821882,-71.419665,-52.33974,-35.634237,-21.18727,-7.303905,6.098977,19.240626,33.455577,50.216669,69.857061,91.259438,111.596813,129.704331,145.486411,157.232589,165.402812,170.847044,172.445849,169.429601,162.092667,149.79719,133.344939,116.11635,100.117687
255,2025-10-12 05:49:13,proposed,84.893855,69.785069,55.106646,42.206527,32.209473,24.173628,12.320855,-7.468554,-24.451259,-28.830552,-34.405447,-51.06178,-73.663352,-95.973989,-116.574452,-135.229149,-149.677451,-159.338397,-166.475785,-171.973775,-173.425799,-168.203406,-154.21261,-132.971615,-110.855176,-90.921882,-71.519665,-52.43974,-35.734237,-21.28727,-7.403905,5.998977,19.140626,33.355577,50.116669,69.757061,91.159438,111.496813,129.604331,145.386411,157.132589,165.302812,170.747044,172.345849,169.329601,161.992667,149.69719,133.244939,116.01635,100.017687
256,2025-10-12 05:49:53,executed,84.893855,69.785069,55.106646,42.206527,32.209473,24.173628,12.320855,-7.468554,-24.451259,-28.830552,-34.405447,-51.06178,-73.663352,-95.973989,-116.574452,-135.229149,-149.677451,-159.338397,-166.475785,-171.973775,-173.425799,-168.203406,-154.21261,-132.971615,-110.855176,-90.921882,-71.519665,-52.43974,-35.734237,-21.28727,-7.403905,5.998977,19.140626,33.355577,50.116669,69.757061,91.159438,111.496813,129.604331,145.386411,157.132589,165.302812,170.747044,172.345849,169.329601,161.992667,149.69719,133.244939,116.01635,100.017687
256,2025-10-12 05:50:09,proposed,85.093855,69.985069,55.306646,42.406527,32.409473,24.373628,12.520855,-7.268554,-24.251259,-28.630552,-34.205447,-50.86178,-73.463352,-95.773989,-116.374452,-135.029149,-149.477451,-159.138397,-166.275785,-171.773775,-173.225799,-168.003406,-154.01261,-132.771615,-110.655176,-90.721882,-71.319665,-52.23974,-35.534237,-21.08727,-7.203905,6.198977,19.340626,33.555577,50.316669,69.957061,91.359438,111.696813,129.804331,145.586411,157.332589,165.502812,170.947044,172.545849,169.529601,162.192667,149.89719,133.444939,116.21635,100.217687
257,2025-10-12 05:50:49,executed,85.093855,69.985069,55.306646,42.406527,32.409473,24.373628,12.520855,-7.268554,-24.251259,-28.630552,-34.205447,-50.86178,-73.463352,-95.773989,-116.374452,-135.029149,-149.477451,-159.138397,-166.275785,-171.773775,-173.225799,-168.003406,-154.01261,-132.771615,-110.655176,-90.721882,-71.319665,-52.23974,-35.534237,-21.08727,-7.203905,6.198977,19.340626,33.555577,50.316669,69.957061,91.359438,111.696813,129.804331,145.586411,157.332589,165.502812,170.947044,172.545849,169.529601,162.192667,149.89719,133.444939,116.21635,100.217687
257,2025-10-12 05:51:13,proposed,-72.213,-46.129125,-24.189166666666665,-13.266874999999999,-7.6643333333333326,-5.34125,-8.197250000000002,-14.959208333333331,-20.662666666666667,-23.76575,-23.469166666666666,-20.407416666666663,-0.968,12.63920833333333,9.131833333333338,5.429874999999992,0.875,-5.133999999999999,-12.569750000000012,-20.780208333333345,-28.935666666666666,-36.21575000000001,-41.80741666666667,-44.92379166666666,-44.817,-34.254,-24.41541666666667,-10.455416666666666,15.062750000000005,60.201,39.21975,39.284,38.393875,26.587,4.935124999999983,-19.068083333333334,-33.35370833333334,-33.9915,-25.693374999999993,-13.145166666666684,0.0590000000000277,15.458000000000002,29.508458333333333,34.8865,31.10012499999999,15.298666666666666,-7.441500000000014,-30.52883333333336,-40.294916666666666,-37.561
258,2025-10-12 05:51:53,executed,-72.213,-46.129125,-24.189166666666665,-13.266874999999999,-7.6643333333333326,-5.34125,-8.197250000000002,-14.959208333333331,-20.662666666666667,-23.76575,-23.469166666666666,-20.407416666666663,-0.968,12.63920833333333,9.131833333333338,5.429874999999992,0.875,-5.133999999999999,-12.569750000000012,-20.780208333333345,-28.935666666666666,-36.21575000000001,-41.80741666666667,-44.92379166666666,-44.817,-34.254,-24.41541666666667,-10.455416666666666,15.062750000000005,60.201,39.21975,39.284,38.393875,26.587,4.935124999999983,-19.068083333333334,-33.35370833333334,-33.9915,-25.693374999999993,-13.145166666666684,0.0590000000000277,15.458000000000002,29.508458333333333,34.8865,31.10012499999999,15.298666666666666,-7.441500000000014,-30.52883333333336,-40.294916666666666,-37.561
258,2025-10-12 05:52:16,proposed,84.893855,54.56914104166666,31.53981925,9.847178874999997,-25.181141166666666,-37.875516375000004,-79.24101125000001,-122.01540529166665,-152.89776633333332,-168.53753125,-171.24980191666668,-144.4771539583333,-100.888529,-61.18470562499998,-27.30683958333337,0.9728962500000549,28.617259999999998,64.02861333333333,106.41246925000006,142.09847766666672,163.94110816666665,172.14599837499998,162.60407816666665,133.93044945833336,100.017687,34.154739,24.315438,10.355457999999999,-15.162408000000005,-60.300826,-39.31952579166667,-39.38363775,-38.493947375000005,-26.686801666666668,-5.035136124999982,18.967695416666665,33.25365620833334,33.8916915,25.593586749999993,13.044849000000017,-0.15908537500002762,-15.557855666666667,-29.608288916666666,-34.986204750000006,-31.200460291666655,-15.398471333333333,7.341406375000016,30.428961166666696,40.19456291666666,37.460793
259,2025-10-12 05:52:56,executed,84.893855,54.56914104166666,31.53981925,9.847178874999997,-25.181141166666666,-37.875516375000004,-79.24101125000001,-122.01540529166665,-152.89776633333332,-168.53753125,-171.24980191666668,-144.4771539583333,-100.888529,-61.18470562499998,-27.30683958333337,0.9728962500000549,28.617259999999998,64.02861333333333,106.41246925000006,142.09847766666672,163.94110816666665,172.14599837499998,162.60407816666665,133.93044945833336,100.017687,34.154739,24.315438,10.355457999999999,-15.162408000000005,-60.300826,-39.31952579166667,-39.38363775,-38.493947375000005,-26.686801666666668,-5.035136124999982,18.967695416666665,33.25365620833334,33.8916915,25.593586749999993,13.044849000000017,-0.15908537500002762,-15.557855666666667,-29.608288916666666,-34.986204750000006,-31.200460291666655,-15.398471333333333,7.341406375000016,30.428961166666696,40.19456291666666,37.460793
259,2025-10-12 05:53:12,proposed,83.993855,68.885069,54.206646,41.306527,31.309473,23.273628,11.420855,-8.368554,-25.351259,-29.730552,-35.305447,-51.96178,-74.563352,-96.873989,-117.474452,-136.129149,-150.577451,-160.238397,-167.375785,-172.873775,-174.325799,-169.103406,-155.11261,-133.871615,-111.755176,-91.821882,-72.419665,-53.33974,-36.634237,-22.18727,-8.303905,5.098977,18.240626,32.455577,49.216669,68.857061,90.259438,110.596813,128.704331,144.486411,156.232589,164.402812,169.847044,171.445849,168.429601,161.092667,148.79719,132.344939,115.11635,99.117687
260,2025-10-12 05:53:52,executed,83.993855,68.885069,54.206646,41.306527,31.309473,23.273628,11.420855,-8.368554,-25.351259,-29.730552,-35.305447,-51.96178,-74.563352,-96.873989,-117.474452,-136.129149,-150.577451,-160.238397,-167.375785,-172.873775,-174.325799,-169.103406,-155.11261,-133.871615,-111.755176,-91.821882,-72.419665,-53.33974,-36.634237,-22.18727,-8.303905,5.098977,18.240626,32.455577,49.216669,68.857061,90.259438,110.596813,128.704331,144.486411,156.232589,164.402812,169.847044,171.445849,168.429601,161.092667,148.79719,132.344939,115.11635,99.117687
260,2025-10-12 05:54:11,proposed,-4.993855,-35.892499375,-59.69948825,-85.000173375,-116.54090550000001,-134.71565512499998,-180.29632975,-222.79731187499996,-249.238397,-262.05527800000004,-254.60570700000002,-214.57795037500003,-171.12077349999998,-131.89880062500006,-100.77474625000006,-72.40208012499998,-39.783331,3.8016098749999863,43.649851,70.29642262499999,81.6464465,74.84401725000001,47.458001749999994,12.11751987500008,-60.069885,-65.321996,-79.75810249999999,-107.05573199999999,-144.31371475,-132.4537015,-135.264261,-133.36447725,-121.12189837500001,-104.979672,-91.411062625,-87.0282545,-87.49731837499999,-90.7334455,-95.08866687499999,-102.79885499999997,-113.47599875,-121.877445,-121.07564525000001,-105.8955855,-81.67006875000003,-59.12197000000002,-51.89106575,-51.38944075,-55.33291049999999,-59.620367
261,2025-10-12 05:54:51,executed,-4.993855,-35.892499375,-59.69948825,-85.000173375,-116.54090550000001,-134.71565512499998,-180.29632975,-222.79731187499996,-249.238397,-262.05527800000004,-254.60570700000002,-214.57795037500003,-171.12077349999998,-131.89880062500006,-100.77474625000006,-72.40208012499998,-39.783331,3.8016098749999863,43.649851,70.29642262499999,81.6464465,74.84401725000001,47.458001749999994,12.11751987500008,-60.069885,-65.321996,-79.75810249999999,-107.05573199999999,-144.31371475,-132.4537015,-135.264261,-133.36447725,-121.12189837500001,-104.979672,-91.411062625,-87.0282545,-87.49731837499999,-90.7334455,-95.08866687499999,-102.79885499999997,-113.47599875,-121.877445,-121.07564525000001,-105.8955855,-81.67006875000003,-59.12197000000002,-51.89106575,-51.38944075,-55.33291049999999,-59.620367
261,2025-10-12 05:55:18,proposed,-10.021,-11.694041666666665,-13.02025,-14.000625,-14.634833333333333,-14.917833333333334,-14.846,-14.413958333333333,-13.615666666666668,-12.446874999999999,-10.9015,-8.972958333333333,-6.654999999999999,-3.939124999999998,-0.8168333333333376,2.727125000000007,6.701,11.097125,15.907000000000007,21.120333333333342,26.726666666666667,32.712250000000004,39.064333333333344,45.77016666666666,52.815,-10.021,-11.694041666666665,-13.02025,-14.000625,-14.634833333333333,-14.917833333333334,-14.846,-14.413958333333333,-13.615666666666668,-12.446874999999999,-10.9015,-8.972958333333333,-6.654999999999999,-3.939124999999998,-0.8168333333333376,2.727125000000007,6.701,11.097125,15.907000000000007,21.120333333333342,26.726666666666667,32.712250000000004,39.064333333333344,45.77016666666666,52.815
262,2025-10-12 05:55:58,executed,-10.021,-11.694041666666665,-13.02025,-14.000625,-14.634833333333333,-14.917833333333334,-14.846,-14.413958333333333,-13.615666666666668,-12.446874999999999,-10.9015,-8.972958333333333,-6.654999999999999,-3.939124999999998,-0.8168333333333376,2.727125000000007,6.701,11.097125,15.907000000000007,21.120333333333342,26.726666666666667,32.712250000000004,39.064333333333344,45.77016666666666,52.815,-10.021,-11.694041666666665,-13.02025,-14.000625,-14.634833333333333,-14.917833333333334,-14.846,-14.413958333333333,-13.615666666666668,-12.446874999999999,-10.9015,-8.972958333333333,-6.654999999999999,-3.939124999999998,-0.8168333333333376,2.727125000000007,6.701,11.097125,15.907000000000007,21.120333333333342,26.726666666666667,32.712250000000004,39.064333333333344,45.77016666666666,52.815
262,2025-10-12 05:56:14,proposed,-72.32,-58.21,-44.77,-32.23,-20.68,-10.24,-1.03,6.82,13.45,17.89,20.14,19.99,17.24,12.69,6.04,-2.41,-11.86,-22.31,-33.76,-46.21,-59.66,-74.11,-89.56,-106.01,-123.46,-141.91,-161.36,-181.81,-203.26,-225.71,-249.16,-273.61,-299.06,-325.51,-352.96,-381.41,-410.86,-441.31,-472.76,-505.21,-538.66,-573.11,-608.56,-645.01,-682.46,-720.91,-760.36,-800.81,-842.26,-884.71
263,2025-10-12 05:56:54,executed,-72.32,-58.21,-44.77,-32.23,-20.68,-10.24,-1.03,6.82,13.45,17.89,20.14,19.99,17.24,12.69,6.04,-2.41,-11.86,-22.31,-33.76,-46.21,-59.66,-74.11,-89.56,-106.01,-123.46,-141.91,-161.36,-181.81,-203.26,-225.71,-249.16,-273.61,-299.06,-325.51,-352.96,-381.41,-410.86,-441.31,-472.76,-505.21,-538.66,-573.11,-608.56,-645.01,-682.46,-720.91,-760.36,-800.81,-842.26,-884.71
264,2025-10-12 05:57:46,executed,-72.32,-58.21,-44.77,-32.23,-20.68,-10.24,-1.03,6.82,13.45,17.89,20.14,19.99,17.24,12.69,6.04,-2.41,-11.86,-22.31,-33.76,-46.21,-59.66,-74.11,-89.56,-106.01,-123.46,-141.91,-161.36,-181.81,-203.26,-225.71,-249.16,-273.61,-299.06,-325.51,-352.96,-381.41,-410.86,-441.31,-472.76,-505.21,-538.66,-573.11,-608.56,-645.01,-682.46,-720.91,-760.36,-800.81,-842.26,-884.71
264,2025-10-12 05:58:31,proposed,79.993855,64.885069,50.206646,37.306527,27.309473,19.273628,7.420855,-12.368554,-29.351259,-33.730552,-39.305447,-55.96178,-78.563352,-100.873989,-121.474452,-140.129149,-154.577451,-164.238397,-171.375785,-176.873775,-178.325799,-173.103406,-159.11261,-137.871615,-115.755176,-95.821882,-76.419665,-57.33974,-40.634237,-26.18727,-12.303905,1.098977,14.240626,28.455577,45.216669,64.857061,86.259438,106.596813,124.704331,140.486411,152.232589,160.402812,165.847044,167.445849,164.429601,157.092667,144.79719,128.344939,111.11635,95.117687
265,2025-10-12 05:59:11,executed,79.993855,64.885069,50.206646,37.306527,27.309473,19.273628,7.420855,-12.368554,-29.351259,-33.730552,-39.305447,-55.96178,-78.563352,-100.873989,-121.474452,-140.129149,-154.577451,-164.238397,-171.375785,-176.873775,-178.325799,-173.103406,-159.11261,-137.871615,-115.755176,-95.821882,-76.419665,-57.33974,-40.634237,-26.18727,-12.303905,1.098977,14.240626,28.455577,45.216669,64.857061,86.259438,106.596813,124.704331,140.486411,152.232589,160.402812,165.847044,167.445849,164.429601,157.092667,144.79719,128.344939,111.11635,95.117687
265,2025-10-12 05:59:27,proposed,84.893855,69.785069,55.106646,42.206527,32.209473,24.173628,12.320855,-7.468554,-24.451259,-28.830552,-34.405447,-51.06178,-73.663352,-95.973989,-116.574452,-135.229149,-149.677451,-159.338397,-166.475785,-171.973775,-173.425799,-168.203406,-154.21261,-132.971615,-110.855176,-90.921882,-71.519665,-52.43974,-35.734237,-21.28727,-7.403905,5.998977,19.140626,33.355577,50.116669,69.757061,91.159438,111.496813,129.604331,145.386411,157.132589,165.302812,170.747044,172.345849,169.329601,161.992667,149.69719,133.244939,116.01635,100.017687
266,2025-10-12 06:00:07,executed,84.893855,69.785069,55.106646,42.206527,32.209473,24.173628,12.320855,-7.468554,-24.451259,-28.830552,-34.405447,-51.06178,-73.663352,-95.973989,-116.574452,-135.229149,-149.677451,-159.338397,-166.475785,-171.973775,-173.425799,-168.203406,-154.21261,-132.971615,-110.855176,-90.921882,-71.519665,-52.43974,-35.734237,-21.28727,-7.403905,5.998977,19.140626,33.355577,50.116669,69.757061,91.159438,111.496813,129.604331,145.386411,157.132589,165.302812,170.747044,172.345849,169.329601,161.992667,149.69719,133.244939,116.01635,100.017687
266,2025-10-12 06:00:24,proposed,-78.886657,-64.214562,-49.986871,-37.032139,-26.201726,-17.338265,-9.569289,-2.301755,4.136783,9.711626,14.121595,17.187992,18.694683,18.486656,16.576474,13.072102,8.307368,2.627085,-3.853485,-10.225675,-15.853485,-20.748335,-24.864491,-28.15169,-30.588751,-32.177154,-32.884945,-32.730552,-31.755176,-30.045511,-27.672769,-24.724358,-21.340527,-17.556588,-13.65379,-9.569289,-5.340101,-1.039999,3.288452,7.107368,10.515734,13.072102,14.835595,15.986256,17.655942,18.321992,19.428395,20.748335,21.806064,22.457555
267,2025-10-12 06:01:04,executed,-78.886657,-64.214562,-49.986871,-37.032139,-26.201726,-17.338265,-9.569289,-2.301755,4.136783,9.711626,14.121595,17.187992,18.694683,18.486656,16.576474,13.072102,8.307368,2.627085,-3.853485,-10.225675,-15.853485,-20.748335,-24.864491,-28.15169,-30.588751,-32.177154,-32.884945,-32.730552,-31.755176,-30.045511,-27.672769,-24.724358,-21.340527,-17.556588,-13.65379,-9.569289,-5.340101,-1.039999,3.288452,7.107368,10.515734,13.072102,14.835595,15.986256,17.655942,18.321992,19.428395,20.748335,21.806064,22.457555
267,2025-10-12 06:01:20,proposed,-100.0,-80.0,-60.0,-40.0,-20.0,0.0,20.0,40.0,60.0,80.0,100.0,80.0,60.0,40.0,20.0,0.0,-20.0,-40.0,-60.0,-80.0,-100.0,-80.0,-60.0,-40.0,-20.0,0.0,20.0,40.0,60.0,80.0,100.0,80.0,60.0,40.0,20.0,0.0,-20.0,-40.0,-60.0,-80.0,-100.0,-80.0,-60.0,-40.0,-20.0,0.0,20.0,40.0,60.0,80.0
268,2025-10-12 06:02:00,executed,-100.0,-80.0,-60.0,-40.0,-20.0,0.0,20.0,40.0,60.0,80.0,100.0,80.0,60.0,40.0,20.0,0.0,-20.0,-40.0,-60.0,-80.0,-100.0,-80.0,-60.0,-40.0,-20.0,0.0,20.0,40.0,60.0,80.0,100.0,80.0,60.0,40.0,20.0,0.0,-20.0,-40.0,-60.0,-80.0,-100.0,-80.0,-60.0,-40.0,-20.0,0.0,20.0,40.0,60.0,80.0
268,2025-10-12 06:02:17,proposed,-104.993855,-89.885069,-75.206646,-62.306527,-52.309473,-44.273628,-32.420855,-27.368554,-44.351259,-48.730552,-54.305447,-70.96178,-93.563352,-115.873989,-136.474452,-155.129149,-169.577451,-179.238397,-186.375785,-191.873775,-193.325799,-188.103406,-174.11261,-152.871615,-130.755176,-110.821882,-91.419665,-72.33974,-55.634237,-41.18727,-27.303905,-16.098977,-29.240626,-13.455577,-10.216669,-9.857061,-1.259438,-9.596813,-29.704331,-45.486411,-37.232589,-24.59719,-10.847044,2.445849,19.429601,32.092667,49.79719,33.344939,16.11635,0.117687
269,2025-10-12 06:02:57,executed,-104.993855,-89.885069,-75.206646,-62.306527,-52.309473,-44.273628,-32.420855,-27.368554,-44.351259,-48.730552,-54.305447,-70.96178,-93.563352,-115.873989,-136.474452,-155.129149,-169.577451,-179.238397,-186.375785,-191.873775,-193.325799,-188.103406,-174.11261,-152.871615,-130.755176,-110.821882,-91.419665,-72.33974,-55.634237,-41.18727,-27.303905,-16.098977,-29.240626,-13.455577,-10.216669,-9.857061,-1.259438,-9.596813,-29.704331,-45.486411,-37.232589,-24.59719,-10.847044,2.445849,19.429601,32.092667,49.79719,33.344939,16.11635,0.117687
269,2025-10-12 06:03:13,proposed,79.993855,64.885069,50.206646,37.306527,27.309473,19.273628,7.420855,-12.368554,-29.351259,-33.730552,-39.305447,-55.96178,-78.563352,-100.873989,-121.474452,-140.129149,-154.577451,-164.238397,-171.375785,-176.873775,-178.325799,-173.103406,-159.11261,-137.871615,-115.755176,-95.821882,-76.419665,-57.33974,-40.634237,-26.18727,-12.303905,1.098977,14.240626,28.455577,45.216669,64.857061,86.259438,106.596813,124.704331,140.486411,152.232589,160.402812,165.847044,167.445849,164.429601,157.092667,144.79719,128.344939,111.11635,95.117687
270,2025-10-12 06:03:53,executed,79.993855,64.885069,50.206646,37.306527,27.309473,19.273628,7.420855,-12.368554,-29.351259,-33.730552,-39.305447,-55.96178,-78.563352,-100.873989,-121.474452,-140.129149,-154.577451,-164.238397,-171.375785,-176.873775,-178.325799,-173.103406,-159.11261,-137.871615,-115.755176,-95.821882,-76.419665,-57.33974,-40.634237,-26.18727,-12.303905,1.098977,14.240626,28.455577,45.216669,64.857061,86.259438,106.596813,124.704331,140.486411,152.232589,160.402812,165.847044,167.445849,164.429601,157.092667,144.79719,128.344939,111.11635,95.117687
270,2025-10-12 06:04:16,proposed,83.993855,68.885069,54.206646,41.306527,31.309473,23.273628,11.420855,-8.368554,-25.351259,-29.730552,-35.305447,-51.96178,-74.563352,-96.873989,-117.474452,-136.129149,-150.577451,-160.238397,-167.375785,-172.873775,-174.325799,-169.103406,-155.11261,-133.871615,-111.755176,-91.821882,-72.419665,-53.33974,-36.634237,-22.18727,-8.303905,5.098977,18.240626,32.455577,49.216669,68.857061,90.259438,110.596813,128.704331,144.486411,156.232589,164.402812,169.847044,171.445849,168.429601,161.092667,148.79719,132.344939,115.11635,99.117687
271,2025-10-12 06:04:56,executed,83.993855,68.885069,54.206646,41.306527,31.309473,23.273628,11.420855,-8.368554,-25.351259,-29.730552,-35.305447,-51.96178,-74.563352,-96.873989,-117.474452,-136.129149,-150.577451,-160.238397,-167.375785,-172.873775,-174.325799,-169.103406,-155.11261,-133.871615,-111.755176,-91.821882,-72.419665,-53.33974,-36.634237,-22.18727,-8.303905,5.098977,18.240626,32.455577,49.216669,68.857061,90.259438,110.596813,128.704331,144.486411,156.232589,164.402812,169.847044,171.445849,168.429601,161.092667,148.79719,132.344939,115.11635,99.117687
271,2025-10-12 06:05:12,proposed,83.993855,68.885069,54.206646,41.306527,31.309473,23.273628,11.420855,-8.368554,-25.351259,-29.730552,-35.305447,-51.96178,-74.563352,-96.873989,-117.474452,-136.129149,-150.577451,-160.238397,-167.375785,-172.873775,-174.325799,-169.103406,-155.11261,-133.871615,-111.755176,-91.821882,-72.419665,-53.33974,-36.634237,-22.18727,-8.303905,5.098977,18.240626,32.455577,49.216669,68.857061,90.259438,110.596813,128.704331,144.486411,156.232589,164.402812,169.847044,171.445849,168.429601,161.092667,148.79719,132.344939,115.11635,99.117687
272,2025-10-12 06:05:52,executed,83.993855,68.885069,54.206646,41.306527,31.309473,23.273628,11.420855,-8.368554,-25.351259,-29.730552,-35.305447,-51.96178,-74.563352,-96.873989,-117.474452,-136.129149,-150.577451,-160.238397,-167.375785,-172.873775,-174.325799,-169.103406,-155.11261,-133.871615,-111.755176,-91.821882,-72.419665,-53.33974,-36.634237,-22.18727,-8.303905,5.098977,18.240626,32.455577,49.216669,68.857061,90.259438,110.596813,128.704331,144.486411,156.232589,164.402812,169.847044,171.445849,168.429601,161.092667,148.79719,132.344939,115.11635,99.117687
272,2025-10-12 06:06:14,proposed,-31.41,-24.83,-17.65,-9.88,-1.5,7.57,17.24,27.41,37.08,45.25,51.92,56.99,60.36,62.03,62.0,60.27,56.84,51.71,44.88,36.35,26.12,14.19,0.56,-14.37,-30.8,-48.63,-67.86,-88.49,-110.52,-133.95,-158.78,-184.91,-212.34,-241.07,-271.1,-302.43,-335.06,-368.99,-404.22,-440.75,-478.58,-517.71,-558.14,-600.87,-641.6,-679.33,-714.06,-745.79,-774.52,-800.25
273,2025-10-12 06:06:54,executed,-31.41,-24.83,-17.65,-9.88,-1.5,7.57,17.24,27.41,37.08,45.25,51.92,56.99,60.36,62.03,62.0,60.27,56.84,51.71,44.88,36.35,26.12,14.19,0.56,-14.37,-30.8,-48.63,-67.86,-88.49,-110.52,-133.95,-158.78,-184.91,-212.34,-241.07,-271.1,-302.43,-335.06,-368.99,-404.22,-440.75,-478.58,-517.71,-558.14,-600.87,-641.6,-679.33,-714.06,-745.79,-774.52,-800.25
273,2025-10-12 06:07:40,proposed,-11.263,0.867,18.657666666666664,35.131,48.733666666666664,58.73233333333334,64.957,66.05466666666666,61.69533333333332,51.41449999999999,35.015666666666675,12.468999999999987,-15.01,-46.72199999999999,-79.69933333333331,-113.58600000000004,-147.92933333333337,-182.28750000000002,-216.21,-249.08066666666664,-280.5156666666666,-310.06550000000004,-337.28000000000003,-361.7923333333334,-383.203,-398.61,-412.68333333333334,-422.5543333333333,-427.92400000000004,-428.4923333333333,-423.9593333333333,-414.025,-397.63916666666665,-375.18533333333335,-346.363,-310.872,-268.4963333333333,-219.086,-161.57416666666668,-96.69433333333339,-24.896499999999904,53.50266666666674,2.5598333333332874,-1.689,16.152333333333324,32.98033333333332,46.94600000000001,57.44766666666668,64.13366666666667,66.469
274,2025-10-12 06:08:20,executed,-11.263,0.867,18.657666666666664,35.131,48.733666666666664,58.73233333333334,64.957,66.05466666666666,61.69533333333332,51.41449999999999,35.015666666666675,12.468999999999987,-15.01,-46.72199999999999,-79.69933333333331,-113.58600000000004,-147.92933333333337,-182.28750000000002,-216.21,-249.08066666666664,-280.5156666666666,-310.06550000000004,-337.28000000000003,-361.7923333333334,-383.203,-398.61,-412.68333333333334,-422.5543333333333,-427.92400000000004,-428.4923333333333,-423.9593333333333,-414.025,-397.63916666666665,-375.18533333333335,-346.363,-310.872,-268.4963333333333,-219.086,-161.57416666666668,-96.69433333333339,-24.896499999999904,53.50266666666674,2.5598333333332874,-1.689,16.152333333333324,32.98033333333332,46.94600000000001,57.44766666666668,64.13366666666667,66.469
274,2025-10-12 06:09:09,proposed,83.993855,68.885069,54.206646,41.306527,31.309473,23.273628,11.420855,-8.368554,-25.351259,-29.730552,-35.305447,-51.96178,-74.563352,-96.873989,-117.474452,-136.129149,-150.577451,-160.238397,-167.375785,-172.873775,-174.325799,-169.103406,-155.11261,-133.871615,-111.755176,-91.821882,-72.419665,-53.33974,-36.634237,-22.18727,-8.303905,5.098977,18.240626,32.455577,49.216669,68.857061,90.259438,110.596813,128.704331,144.486411,156.232589,164.402812,169.847044,171.445849,168.429601,161.092667,148.79719,132.344939,115.11635,99.117687
275,2025-10-12 06:09:49,executed,83.993855,68.885069,54.206646,41.306527,31.309473,23.273628,11.420855,-8.368554,-25.351259,-29.730552,-35.305447,-51.96178,-74.563352,-96.873989,-117.474452,-136.129149,-150.577451,-160.238397,-167.375785,-172.873775,-174.325799,-169.103406,-155.11261,-133.871615,-111.755176,-91.821882,-72.419665,-53.33974,-36.634237,-22.18727,-8.303905,5.098977,18.240626,32.455577,49.216669,68.857061,90.259438,110.596813,128.704331,144.486411,156.232589,164.402812,169.847044,171.445849,168.429601,161.092667,148.79719,132.344939,115.11635,99.117687
275,2025-10-12 06:10:14,proposed,42.4969275,27.33457052083333,15.819909624999998,4.9735894374999985,-12.540570583333333,-18.8877581875,-39.570505625,-60.95770264583333,-76.39888316666666,-84.218765625,-85.57490095833333,-72.18857697916664,-50.394264500000006,-30.542352812499985,-13.603419791666687,0.5364481250000273,14.358629999999998,32.06430666666667,53.256234625000026,71.09923883333336,82.02055408333334,86.1229991875,81.35203908333332,67.01522472916668,50.0588435,17.1273695,12.207719,5.227728999999999,-7.5312040000000025,-30.100413,-19.609762895833335,-19.641818875,-19.1969736875,-13.293400833333333,-2.4675680624999914,9.533847708333333,16.67682810416667,16.99584575,12.846793374999995,6.572424500000009,-0.029542687500013987,-7.7289278333333336,-14.754144458333332,-17.568102375,-15.558183270833329,-7.649235666666667,3.720703187500008,15.264480583333349,20.14728145833333,18.7892555
276,2025-10-12 06:10:54,executed,42.4969275,27.33457052083333,15.819909624999998,4.9735894374999985,-12.540570583333333,-18.8877581875,-39.570505625,-60.95770264583333,-76.39888316666666,-84.218765625,-85.57490095833333,-72.18857697916664,-50.394264500000006,-30.542352812499985,-13.603419791666687,0.5364481250000273,14.358629999999998,32.06430666666667,53.256234625000026,71.09923883333336,82.02055408333334,86.1229991875,81.35203908333332,67.01522472916668,50.0588435,17.1273695,12.207719,5.227728999999999,-7.5312040000000025,-30.100413,-19.609762895833335,-19.641818875,-19.1969736875,-13.293400833333333,-2.4675680624999914,9.533847708333333,16.67682810416667,16.99584575,12.846793374999995,6.572424500000009,-0.029542687500013987,-7.7289278333333336,-14.754144458333332,-17.568102375,-15.558183270833329,-7.649235666666667,3.720703187500008,15.264480583333349,20.14728145833333,18.7892555
276,2025-10-12 06:11:19,proposed,104.993855,74.66914104166668,51.639819249999995,29.947178875,-4.081141166666668,-16.983849708333338,-59.14101125000001,-101.91540529166666,-132.79776633333333,-148.43753125,-151.14980191666666,-124.37715395833331,-80.78852900000001,-41.08470562499998,-7.206839583333373,21.072896250000056,48.717259999999996,84.12861333333333,126.51246925000005,162.19847766666672,184.04110816666667,192.245998375,182.70407816666665,154.03044945833335,120.117687,44.254739,34.415438,20.455458,-5.062408000000005,-50.200826,-29.219525791666666,-29.28363775,-28.393947375000003,-16.586801666666666,5.064863875000016,29.067695416666666,43.35365620833334,43.9916915,35.693586749999994,23.14484900000002,9.940914624999973,-5.457855666666666,-19.508288916666665,-24.88620475,-21.100460291666657,-5.298471333333332,17.491406375000018,40.5289611666667,50.29456291666666,47.560793
277,2025-10-12 06:11:59,executed,104.993855,74.66914104166668,51.639819249999995,29.947178875,-4.081141166666668,-16.983849708333338,-59.14101125000001,-101.91540529166666,-132.79776633333333,-148.43753125,-151.14980191666666,-124.37715395833331,-80.78852900000001,-41.08470562499998,-7.206839583333373,21.072896250000056,48.717259999999996,84.12861333333333,126.51246925000005,162.19847766666672,184.04110816666667,192.245998375,182.70407816666665,154.03044945833335,120.117687,44.254739,34.415438,20.455458,-5.062408000000005,-50.200826,-29.219525791666666,-29.28363775,-28.393947375000003,-16.586801666666666,5.064863875000016,29.067695416666666,43.35365620833334,43.9916915,35.693586749999994,23.14484900000002,9.940914624999973,-5.457855666666666,-19.508288916666665,-24.88620475,-21.100460291666657,-5.298471333333332,17.491406375000018,40.5289611666667,50.29456291666666,47.560793
277,2025-10-12 06:12:17,proposed,-72.53,-58.21,-44.38,-31.12,-18.59,-6.85,3.98,13.71,22.95,31.69,39.93,47.67,54.91,61.65,67.89,73.63,78.87,83.61,87.85,91.59,94.83,97.57,99.81,101.55,102.79,103.53,103.77,103.51,102.75,101.49,99.73,97.47,94.71,91.45,87.69,83.43,78.67,73.41,67.65,61.39,54.63,47.37,39.61,31.35,22.59,13.33,3.57,-6.79,-17.65,-29.01
278,2025-10-12 06:12:57,executed,-72.53,-58.21,-44.38,-31.12,-18.59,-6.85,3.98,13.71,22.95,31.69,39.93,47.67,54.91,61.65,67.89,73.63,78.87,83.61,87.85,91.59,94.83,97.57,99.81,101.55,102.79,103.53,103.77,103.51,102.75,101.49,99.73,97.47,94.71,91.45,87.69,83.43,78.67,73.41,67.65,61.39,54.63,47.37,39.61,31.35,22.59,13.33,3.57,-6.79,-17.65,-29.01
278,2025-10-12 06:13:25,proposed,42.4969275,34.9425345,27.603323,21.1532635,16.1547365,12.136814,6.2104275,-3.684277,-12.1756295,-14.365276,-17.1527235,-25.48089,-36.781676,-47.9369945,-58.237226,-67.5645745,-74.7887255,-79.6191985,-83.1878925,-85.9368875,-86.6628995,-84.051703,-77.056305,-66.4358075,-55.377588,-45.410941,-35.7098325,-26.16987,-17.8171185,-10.593635,-3.6519525,3.0494885,9.620313,16.7277885,25.1083345,34.9285305,45.629719,55.7984065,64.8521655,72.7432055,78.6162945,82.701406,85.423522,86.2229245,84.7148005,81.0463335,74.898595,66.6724695,58.058175,50.0588435
279,2025-10-12 06:14:05,executed,42.4969275,34.9425345,27.603323,21.1532635,16.1547365,12.136814,6.2104275,-3.684277,-12.1756295,-14.365276,-17.1527235,-25.48089,-36.781676,-47.9369945,-58.237226,-67.5645745,-74.7887255,-79.6191985,-83.1878925,-85.9368875,-86.6628995,-84.051703,-77.056305,-66.4358075,-55.377588,-45.410941,-35.7098325,-26.16987,-17.8171185,-10.593635,-3.6519525,3.0494885,9.620313,16.7277885,25.1083345,34.9285305,45.629719,55.7984065,64.8521655,72.7432055,78.6162945,82.701406,85.423522,86.2229245,84.7148005,81.0463335,74.898595,66.6724695,58.058175,50.0588435
279,2025-10-12 06:14:22,proposed,84.893855,69.785069,55.106646,42.206527,32.209473,24.173628,12.320855,-7.468554,-24.451259,-28.830552,-34.405447,-51.06178,-73.663352,-95.973989,-116.574452,-135.229149,-149.677451,-159.338397,-166.475785,-171.973775,-173.425799,-168.203406,-154.21261,-132.971615,-110.855176,-90.921882,-71.519665,-52.43974,-35.734237,-21.28727,-7.403905,5.998977,19.140626,33.355577,50.116669,69.757061,91.159438,111.496813,129.604331,145.386411,157.132589,165.302812,170.747044,172.345849,169.329601,161.992667,149.69719,133.244939,116.01635,100.017687
280,2025-10-12 06:15:02,executed,84.893855,69.785069,55.106646,42.206527,32.209473,24.173628,12.320855,-7.468554,-24.451259,-28.830552,-34.405447,-51.06178,-73.663352,-95.973989,-116.574452,-135.229149,-149.677451,-159.338397,-166.475785,-171.973775,-173.425799,-168.203406,-154.21261,-132.971615,-110.855176,-90.921882,-71.519665,-52.43974,-35.734237,-21.28727,-7.403905,5.998977,19.140626,33.355577,50.116669,69.757061,91.159438,111.496813,129.604331,145.386411,157.132589,165.302812,170.747044,172.345849,169.329601,161.992667,149.69719,133.244939,116.01635,100.017687
280,2025-10-12 06:15:19,proposed,84.993855,69.885069,55.206646,42.306527,32.309473,24.273628,12.420855,-7.368554,-24.351259,-28.730552,-34.305447,-50.96178,-73.563352,-95.873989,-116.474452,-135.129149,-149.577451,-159.238397,-166.375785,-171.873775,-173.325799,-168.103406,-154.11261,-132.871615,-110.755176,-90.821882,-71.419665,-52.33974,-35.634237,-21.18727,-7.303905,6.098977,19.240626,33.455577,50.216669,69.857061,91.259438,111.596813,129.704331,145.486411,157.232589,165.402812,170.847044,172.445849,169.429601,162.092667,149.79719,133.344939,116.11635,100.117687
281,2025-10-12 06:15:59,executed,84.993855,69.885069,55.206646,42.306527,32.309473,24.273628,12.420855,-7.368554,-24.351259,-28.730552,-34.305447,-50.96178,-73.563352,-95.873989,-116.474452,-135.129149,-149.577451,-159.238397,-166.375785,-171.873775,-173.325799,-168.103406,-154.11261,-132.871615,-110.755176,-90.821882,-71.419665,-52.33974,-35.634237,-21.18727,-7.303905,6.098977,19.240626,33.455577,50.216669,69.857061,91.259438,111.596813,129.704331,145.486411,157.232589,165.402812,170.847044,172.445849,169.429601,162.092667,149.79719,133.344939,116.11635,100.117687
281,2025-10-12 06:16:15,proposed,85.093855,70.085069,55.506646,42.706527,32.809473,24.873628,13.020855,-6.768554,-23.751259,-28.130552,-33.705447,-50.36178,-72.963352,-95.273989,-115.874452,-134.529149,-148.977451,-158.638397,-165.775785,-171.273775,-172.725799,-167.503406,-153.51261,-132.271615,-110.155176,-90.221882,-70.819665,-51.73974,-35.034237,-20.58727,-6.703905,6.698977,19.840626,34.055577,50.816669,70.457061,91.859438,112.296813,130.404331,146.086411,157.832589,166.002812,171.447044,173.045849,170.029601,162.692667,150.39719,133.944939,116.71635,100.717687
282,2025-10-12 06:16:55,executed,85.093855,70.085069,55.506646,42.706527,32.809473,24.873628,13.020855,-6.768554,-23.751259,-28.130552,-33.705447,-50.36178,-72.963352,-95.273989,-115.874452,-134.529149,-148.977451,-158.638397,-165.775785,-171.273775,-172.725799,-167.503406,-153.51261,-132.271615,-110.155176,-90.221882,-70.819665,-51.73974,-35.034237,-20.58727,-6.703905,6.698977,19.840626,34.055577,50.816669,70.457061,91.859438,112.296813,130.404331,146.086411,157.832589,166.002812,171.447044,173.045849,170.029601,162.692667,150.39719,133.944939,116.71635,100.717687
282,2025-10-12 06:17:12,proposed,44.993855,39.885069,25.206646,12.306527,2.309473,-3.726372,-15.680548,-42.735428,-65.330785,-58.551031,-43.820681,-40.935136,-43.02968,-44.045511,-43.303201,-40.18576,-33.635765,-23.488875,-12.569289,-0.711548,11.335595,21.492636,28.436633,31.52832,31.598438,29.384945,25.224358,19.629088,13.340527,11.428395,9.001096,5.072102,-2.892632,-10.595547,-16.68084,-20.552256,-23.331035,-25.172769,-25.892738,-25.788176,-24.575108,-21.024282,-14.918171,-7.840101,-0.620972,10.878889,22.748335,33.418109,40.337951,42.379633
283,2025-10-12 06:17:52,executed,44.993855,39.885069,25.206646,12.306527,2.309473,-3.726372,-15.680548,-42.735428,-65.330785,-58.551031,-43.820681,-40.935136,-43.02968,-44.045511,-43.303201,-40.18576,-33.635765,-23.488875,-12.569289,-0.711548,11.335595,21.492636,28.436633,31.52832,31.598438,29.384945,25.224358,19.629088,13.340527,11.428395,9.001096,5.072102,-2.892632,-10.595547,-16.68084,-20.552256,-23.331035,-25.172769,-25.892738,-25.788176,-24.575108,-21.024282,-14.918171,-7.840101,-0.620972,10.878889,22.748335,33.418109,40.337951,42.379633
283,2025-10-12 06:18:09,proposed,-80.993855,-65.885069,-51.206646,-38.306527,-28.309473,-20.273628,-8.420855,11.368554,28.351259,32.730552,38.305447,54.96178,77.563352,99.873989,120.474452,139.129149,153.577451,163.238397,170.375785,175.873775,177.325799,172.103406,158.11261,136.871615,114.755176,-86.821882,-67.419665,-48.33974,-31.634237,-17.18727,-3.303905,-10.098977,-23.240626,-37.455577,-54.216669,-73.857061,-95.259438,-115.596813,-133.704331,-149.486411,-153.232589,-161.402812,-166.847044,-168.445849,-165.429601,-158.092667,-145.79719,-129.344939,-112.11635,-96.117687
284,2025-10-12 06:18:49,executed,-80.993855,-65.885069,-51.206646,-38.306527,-28.309473,-20.273628,-8.420855,11.368554,28.351259,32.730552,38.305447,54.96178,77.563352,99.873989,120.474452,139.129149,153.577451,163.238397,170.375785,175.873775,177.325799,172.103406,158.11261,136.871615,114.755176,-86.821882,-67.419665,-48.33974,-31.634237,-17.18727,-3.303905,-10.098977,-23.240626,-37.455577,-54.216669,-73.857061,-95.259438,-115.596813,-133.704331,-149.486411,-153.232589,-161.402812,-166.847044,-168.445849,-165.429601,-158.092667,-145.79719,-129.344939,-112.11635,-96.117687
284,2025-10-12 06:19:21,proposed,-102.046,-71.71025,-44.03208333333333,-19.555625,1.654666666666669,17.971666666666668,29.741250000000004,36.904999999999994,39.86366666666667,39.07975,34.999583333333334,28.044124999999994,18.606,7.027291666666658,-6.224499999999981,-20.77912500000003,-35.63666666666666,-49.695375,-61.87025000000001,-71.19458333333334,-77.25233333333334,-79.835875,-78.75983333333333,-73.84766666666667,-65.0,102.046,71.71025,44.03208333333333,19.555625,-1.654666666666669,-17.971666666666668,-29.741250000000004,-36.904999999999994,-39.86366666666667,-39.07975,-34.999583333333334,-28.044124999999994,-18.606,-7.027291666666658,6.224499999999981,20.77912500000003,35.63666666666666,49.695375,61.87025000000001,71.19458333333334,77.25233333333334,79.835875,78.75983333333333,73.84766666666667,65.0
285,2025-10-12 06:20:01,executed,-102.046,-71.71025,-44.03208333333333,-19.555625,1.654666666666669,17.971666666666668,29.741250000000004,36.904999999999994,39.86366666666667,39.07975,34.999583333333334,28.044124999999994,18.606,7.027291666666658,-6.224499999999981,-20.77912500000003,-35.63666666666666,-49.695375,-61.87025000000001,-71.19458333333334,-77.25233333333334,-79.835875,-78.75983333333333,-73.84766666666667,-65.0,102.046,71.71025,44.03208333333333,19.555625,-1.654666666666669,-17.971666666666668,-29.741250000000004,-36.904999999999994,-39.86366666666667,-39.07975,-34.999583333333334,-28.044124999999994,-18.606,-7.027291666666658,6.224499999999981,20.77912500000003,35.63666666666666,49.695375,61.87025000000001,71.19458333333334,77.25233333333334,79.835875,78.75983333333333,73.84766666666667,65.0
285,2025-10-12 06:20:18,proposed,-84.993855,-69.885069,-55.206646,-42.306527,-32.309473,-24.273628,-12.420855,7.368554,24.351259,28.730552,34.305447,50.96178,73.563352,95.873989,116.474452,135.129149,149.577451,159.238397,166.375785,171.873775,173.325799,168.103406,154.11261,132.871615,110.755176,-90.821882,-71.419665,-52.33974,-35.634237,-21.18727,-7.303905,6.098977,19.240626,33.455577,50.216669,69.857061,91.259438,111.596813,129.704331,145.486411,157.232589,165.402812,170.847044,172.445849,169.429601,162.092667,149.79719,133.344939,116.11635,100.117687
286,2025-10-12 06:20:58,executed,-84.993855,-69.885069,-55.206646,-42.306527,-32.309473,-24.273628,-12.420855,7.368554,24.351259,28.730552,34.305447,50.96178,73.563352,95.873989,116.474452,135.129149,149.577451,159.238397,166.375785,171.873775,173.325799,168.103406,154.11261,132.871615,110.755176,-90.821882,-71.419665,-52.33974,-35.634237,-21.18727,-7.303905,6.098977,19.240626,33.455577,50.216669,69.857061,91.259438,111.596813,129.704331,145.486411,157.232589,165.402812,170.847044,172.445849,169.429601,162.092667,149.79719,133.344939,116.11635,100.117687
286,2025-10-12 06:21:16,proposed,-76.488,-61.716,-47.486,-34.296,-22.041,-10.713,-0.299,8.959,16.882,23.468,28.716,32.626,35.198,36.432,36.328,34.886,32.106,27.988,22.532,15.738,7.606,-1.858,-12.552,-24.508,-37.746,-52.285,-68.145,-85.346,-103.907,-123.848,-145.188,-167.947,-192.145,-217.801,-244.935,-273.566,-303.713,-335.395,-368.632,-403.443,-439.847,-477.863,-517.511,-558.81,-601.779,-646.437,-692.803,-740.896,-790.736,-842.341
287,2025-10-12 06:21:56,executed,-76.488,-61.716,-47.486,-34.296,-22.041,-10.713,-0.299,8.959,16.882,23.468,28.716,32.626,35.198,36.432,36.328,34.886,32.106,27.988,22.532,15.738,7.606,-1.858,-12.552,-24.508,-37.746,-52.285,-68.145,-85.346,-103.907,-123.848,-145.188,-167.947,-192.145,-217.801,-244.935,-273.566,-303.713,-335.395,-368.632,-403.443,-439.847,-477.863,-517.511,-558.81,-601.779,-646.437,-692.803,-740.896,-790.736,-842.341
287,2025-10-12 06:22:42,proposed,74.993855,59.885069,45.206646,32.306527,22.309473,14.273628,2.420855,-17.368554,-34.351259,-38.730552,-44.305447,-60.96178,-83.563352,-105.873989,-126.474452,-145.129149,-159.577451,-169.238397,-176.375785,-181.873775,-183.325799,-178.103406,-164.11261,-142.871615,-120.755176,-100.821882,-81.419665,-62.33974,-45.634237,-31.18727,-17.303905,-3.901023,9.240626,23.455577,40.216669,59.857061,81.259438,101.596813,119.704331,135.486411,147.232589,155.402812,160.847044,162.445849,159.429601,152.092667,139.79719,123.344939,106.11635,90.117687
288,2025-10-12 06:23:22,executed,74.993855,59.885069,45.206646,32.306527,22.309473,14.273628,2.420855,-17.368554,-34.351259,-38.730552,-44.305447,-60.96178,-83.563352,-105.873989,-126.474452,-145.129149,-159.577451,-169.238397,-176.375785,-181.873775,-183.325799,-178.103406,-164.11261,-142.871615,-120.755176,-100.821882,-81.419665,-62.33974,-45.634237,-31.18727,-17.303905,-3.901023,9.240626,23.455577,40.216669,59.857061,81.259438,101.596813,119.704331,135.486411,147.232589,155.402812,160.847044,162.445849,159.429601,152.092667,139.79719,123.344939,106.11635,90.117687
288,2025-10-12 06:23:46,proposed,84.893855,54.56914104166666,31.53981925,9.847178874999997,-25.181141166666666,-37.875516375000004,-79.24101125000001,-122.01540529166665,-152.89776633333332,-168.53753125,-171.24980191666668,-144.4771539583333,-100.888529,-61.18470562499998,-27.30683958333337,0.9728962500000549,28.617259999999998,64.02861333333333,106.41246925000006,142.09847766666672,163.94110816666665,172.14599837499998,162.60407816666665,133.93044945833336,100.017687,65.270776,40.07725383333334,16.925007833333332,-7.8182515000000015,-27.652257333333335,-45.97365879166667,-72.36600525000001,-96.98472233333334,-115.09670666666666,-124.40754075,-126.21332308333334,-117.65812604166666,-97.767297,-75.38139145833331,-49.52862108333337,-21.91946362499995,0.6787166666666664,20.910032416666663,50.327274000000045,79.11258795833338,106.993159,124.30874,122.11620758333332,101.04084100000001,77.624505
289,2025-10-12 06:24:26,executed,84.893855,54.56914104166666,31.53981925,9.847178874999997,-25.181141166666666,-37.875516375000004,-79.24101125000001,-122.01540529166665,-152.89776633333332,-168.53753125,-171.24980191666668,-144.4771539583333,-100.888529,-61.18470562499998,-27.30683958333337,0.9728962500000549,28.617259999999998,64.02861333333333,106.41246925000006,142.09847766666672,163.94110816666665,172.14599837499998,162.60407816666665,133.93044945833336,100.017687,65.270776,40.07725383333334,16.925007833333332,-7.8182515000000015,-27.652257333333335,-45.97365879166667,-72.36600525000001,-96.98472233333334,-115.09670666666666,-124.40754075,-126.21332308333334,-117.65812604166666,-97.767297,-75.38139145833331,-49.52862108333337,-21.91946362499995,0.6787166666666664,20.910032416666663,50.327274000000045,79.11258795833338,106.993159,124.30874,122.11620758333332,101.04084100000001,77.624505
289,2025-10-12 06:24:52,proposed,83.993855,68.885069,54.206646,41.306527,31.309473,23.273628,11.420855,-8.368554,-25.351259,-29.730552,-35.305447,-51.96178,-74.563352,-96.873989,-117.474452,-136.129149,-150.577451,-160.238397,-167.375785,-172.873775,-174.325799,-169.103406,-155.11261,-133.871615,-111.755176,-91.821882,-72.419665,-53.33974,-36.634237,-22.18727,-8.303905,5.098977,18.240626,32.455577,49.216669,68.857061,90.259438,110.596813,128.704331,144.486411,156.232589,164.402812,169.847044,171.445849,168.429601,161.092667,148.79719,132.344939,115.11635,99.117687
290,2025-10-12 06:25:32,executed,83.993855,68.885069,54.206646,41.306527,31.309473,23.273628,11.420855,-8.368554,-25.351259,-29.730552,-35.305447,-51.96178,-74.563352,-96.873989,-117.474452,-136.129149,-150.577451,-160.238397,-167.375785,-172.873775,-174.325799,-169.103406,-155.11261,-133.871615,-111.755176,-91.821882,-72.419665,-53.33974,-36.634237,-22.18727,-8.303905,5.098977,18.240626,32.455577,49.216669,68.857061,90.259438,110.596813,128.704331,144.486411,156.232589,164.402812,169.847044,171.445849,168.429601,161.092667,148.79719,132.344939,115.11635,99.117687
290,2025-10-12 06:25:55,proposed,84.893855,69.785069,55.106646,42.206527,32.209473,24.173628,12.320855,-7.468554,-24.451259,-28.830552,-34.405447,-51.06178,-73.663352,-95.973989,-116.574452,-135.229149,-149.677451,-159.338397,-166.475785,-171.973775,-173.425799,-168.203406,-154.21261,-132.971615,-110.855176,-90.921882,-71.519665,-52.43974,-35.734237,-21.28727,-7.403905,5.998977,19.140626,33.355577,50.116669,69.757061,91.159438,111.496813,129.604331,145.386411,157.132589,165.302812,170.747044,172.345849,169.329601,161.992667,149.69719,133.244939,116.01635,100.017687
291,2025-10-12 06:26:35,executed,84.893855,69.785069,55.106646,42.206527,32.209473,24.173628,12.320855,-7.468554,-24.451259,-28.830552,-34.405447,-51.06178,-73.663352,-95.973989,-116.574452,-135.229149,-149.677451,-159.338397,-166.475785,-171.973775,-173.425799,-168.203406,-154.21261,-132.971615,-110.855176,-90.921882,-71.519665,-52.43974,-35.734237,-21.28727,-7.403905,5.998977,19.140626,33.355577,50.116669,69.757061,91.159438,111.496813,129.604331,145.386411,157.132589,165.302812,170.747044,172.345849,169.329601,161.992667,149.69719,133.244939,116.01635,100.017687
291,2025-10-12 06:26:57,proposed,83.993855,68.885069,54.206646,41.306527,31.309473,23.273628,11.420855,-8.368554,-25.351259,-29.730552,-35.305447,-51.96178,-74.563352,-96.873989,-117.474452,-136.129149,-150.577451,-160.238397,-167.375785,-172.873775,-174.325799,-169.103406,-155.11261,-133.871615,-111.755176,-91.821882,-72.419665,-53.33974,-36.634237,-22.18727,-8.303905,5.098977,18.240626,32.455577,49.216669,68.857061,90.259438,110.596813,128.704331,144.486411,156.232589,164.402812,169.847044,171.445849,168.429601,161.092667,148.79719,132.344939,115.11635,99.117687
292,2025-10-12 06:27:37,executed,83.993855,68.885069,54.206646,41.306527,31.309473,23.273628,11.420855,-8.368554,-25.351259,-29.730552,-35.305447,-51.96178,-74.563352,-96.873989,-117.474452,-136.129149,-150.577451,-160.238397,-167.375785,-172.873775,-174.325799,-169.103406,-155.11261,-133.871615,-111.755176,-91.821882,-72.419665,-53.33974,-36.634237,-22.18727,-8.303905,5.098977,18.240626,32.455577,49.216669,68.857061,90.259438,110.596813,128.704331,144.486411,156.232589,164.402812,169.847044,171.445849,168.429601,161.092667,148.79719,132.344939,115.11635,99.117687
292,2025-10-12 06:28:15,proposed,84.893855,69.785069,55.106646,42.206527,32.209473,24.173628,12.320855,-7.468554,-24.451259,-28.830552,-34.405447,-51.06178,-73.663352,-95.973989,-116.574452,-135.229149,-149.677451,-159.338397,-166.475785,-171.973775,-173.425799,-168.203406,-154.21261,-132.971615,-110.855176,-90.921882,-71.519665,-52.43974,-35.734237,-21.28727,-7.403905,5.998977,19.140626,33.355577,50.116669,69.757061,91.159438,111.496813,129.604331,145.386411,157.132589,165.302812,170.747044,172.345849,169.329601,161.992667,149.69719,133.244939,116.01635,100.017687
293,2025-10-12 06:28:55,executed,84.893855,69.785069,55.106646,42.206527,32.209473,24.173628,12.320855,-7.468554,-24.451259,-28.830552,-34.405447,-51.06178,-73.663352,-95.973989,-116.574452,-135.229149,-149.677451,-159.338397,-166.475785,-171.973775,-173.425799,-168.203406,-154.21261,-132.971615,-110.855176,-90.921882,-71.519665,-52.43974,-35.734237,-21.28727,-7.403905,5.998977,19.140626,33.355577,50.116669,69.757061,91.159438,111.496813,129.604331,145.386411,157.132589,165.302812,170.747044,172.345849,169.329601,161.992667,149.69719,133.244939,116.01635,100.017687
293,2025-10-12 06:29:13,proposed,79.993855,64.885069,50.206646,37.306527,27.309473,19.273628,7.420855,-12.368554,-29.351259,-33.730552,-39.305447,-55.96178,-78.563352,-100.873989,-121.474452,-140.129149,-154.577451,-164.238397,-171.375785,-176.873775,-178.325799,-173.103406,-159.11261,-137.871615,-115.755176,-95.821882,-76.419665,-57.33974,-40.634237,-26.18727,-12.303905,1.098977,14.240626,28.455577,45.216669,64.857061,86.259438,106.596813,124.704331,140.486411,152.232589,160.402812,165.847044,167.445849,164.429601,157.092667,144.79719,128.344939,111.11635,95.117687
294,2025-10-12 06:29:53,executed,79.993855,64.885069,50.206646,37.306527,27.309473,19.273628,7.420855,-12.368554,-29.351259,-33.730552,-39.305447,-55.96178,-78.563352,-100.873989,-121.474452,-140.129149,-154.577451,-164.238397,-171.375785,-176.873775,-178.325799,-173.103406,-159.11261,-137.871615,-115.755176,-95.821882,-76.419665,-57.33974,-40.634237,-26.18727,-12.303905,1.098977,14.240626,28.455577,45.216669,64.857061,86.259438,106.596813,124.704331,140.486411,152.232589,160.402812,165.847044,167.445849,164.429601,157.092667,144.79719,128.344939,111.11635,95.117687
294,2025-10-12 06:30:10,proposed,-4.993855,-14.885069,-25.206646,-32.306527,-37.309473,-40.273628,-47.420855,-67.368554,-84.351259,-78.730552,-84.305447,-100.96178,-123.563352,-145.873989,-166.474452,-185.129149,-199.577451,-209.238397,-216.375785,-221.873775,-223.325799,-218.103406,-204.11261,-182.871615,-160.755176,-140.821882,-121.419665,-102.33974,-85.634237,-71.18727,-57.303905,-43.901023,-30.759374,-16.544423,0.216669,20.857061,42.259438,62.596813,80.704331,96.486411,107.232589,115.402812,120.847044,122.445849,119.429601,112.092667,99.79719,83.344939,66.11635,50.117687
295,2025-10-12 06:30:50,executed,-4.993855,-14.885069,-25.206646,-32.306527,-37.309473,-40.273628,-47.420855,-67.368554,-84.351259,-78.730552,-84.305447,-100.96178,-123.563352,-145.873989,-166.474452,-185.129149,-199.577451,-209.238397,-216.375785,-221.873775,-223.325799,-218.103406,-204.11261,-182.871615,-160.755176,-140.821882,-121.419665,-102.33974,-85.634237,-71.18727,-57.303905,-43.901023,-30.759374,-16.544423,0.216669,20.857061,42.259438,62.596813,80.704331,96.486411,107.232589,115.402812,120.847044,122.445849,119.429601,112.092667,99.79719,83.344939,66.11635,50.117687
295,2025-10-12 06:31:07,proposed,79.993855,64.885069,50.206646,37.306527,27.309473,19.273628,7.420855,-12.368554,-29.351259,-33.730552,-39.305447,-55.96178,-78.563352,-100.873989,-121.474452,-140.129149,-154.577451,-164.238397,-171.375785,-176.873775,-178.325799,-173.103406,-159.11261,-137.871615,-115.755176,-95.821882,-76.419665,-57.33974,-40.634237,-26.18727,-12.303905,1.098977,14.240626,28.455577,45.216669,64.857061,86.259438,106.596813,124.704331,140.486411,152.232589,160.402812,165.847044,167.445849,164.429601,157.092667,144.79719,128.344939,111.11635,95.117687
296,2025-10-12 06:31:47,executed,79.993855,64.885069,50.206646,37.306527,27.309473,19.273628,7.420855,-12.368554,-29.351259,-33.730552,-39.305447,-55.96178,-78.563352,-100.873989,-121.474452,-140.129149,-154.577451,-164.238397,-171.375785,-176.873775,-178.325799,-173.103406,-159.11261,-137.871615,-115.755176,-95.821882,-76.419665,-57.33974,-40.634237,-26.18727,-12.303905,1.098977,14.240626,28.455577,45.216669,64.857061,86.259438,106.596813,124.704331,140.486411,152.232589,160.402812,165.847044,167.445849,164.429601,157.092667,144.79719,128.344939,111.11635,95.117687
296,2025-10-12 06:32:13,proposed,42.4969275,27.33457052083333,15.819909624999998,4.9735894374999985,-12.540570583333333,-18.8877581875,-39.570505625,-60.95770264583333,-76.39888316666666,-84.218765625,-85.57490095833333,-72.18857697916664,-50.394264500000006,-30.542352812499985,-13.603419791666687,0.5364481250000273,14.358629999999998,32.06430666666667,53.256234625000026,71.09923883333336,82.02055408333334,86.1229991875,81.35203908333332,67.01522472916668,50.0588435,17.1273695,12.207719,5.227728999999999,-7.5312040000000025,-30.100413,-19.609762895833335,-19.641818875,-19.1969736875,-13.293400833333333,-2.4675680624999914,8.908847708333333,16.67682810416667,16.99584575,12.846793374999995,6.571365541666675,-0.029542687500013987,-7.7289278333333336,-14.754144458333332,-17.568102375,-15.550230145833329,-7.649235666666667,3.720703187500008,15.264480583333349,20.14728145833333,18.7803965
297,2025-10-12 06:32:53,executed,42.4969275,27.33457052083333,15.819909624999998,4.9735894374999985,-12.540570583333333,-18.8877581875,-39.570505625,-60.95770264583333,-76.39888316666666,-84.218765625,-85.57490095833333,-72.18857697916664,-50.394264500000006,-30.542352812499985,-13.603419791666687,0.5364481250000273,14.358629999999998,32.06430666666667,53.256234625000026,71.09923883333336,82.02055408333334,86.1229991875,81.35203908333332,67.01522472916668,50.0588435,17.1273695,12.207719,5.227728999999999,-7.5312040000000025,-30.100413,-19.609762895833335,-19.641818875,-19.1969736875,-13.293400833333333,-2.4675680624999914,8.908847708333333,16.67682810416667,16.99584575,12.846793374999995,6.571365541666675,-0.029542687500013987,-7.7289278333333336,-14.754144458333332,-17.568102375,-15.550230145833329,-7.649235666666667,3.720703187500008,15.264480583333349,20.14728145833333,18.7803965
297,2025-10-12 06:33:10,proposed,-41.185,-25.383,-10.371,1.868,13.441,24.918,36.26,47.326,57.979,68.08,77.591,86.475,94.7,102.231,109.024,115.042,120.251,124.619,128.114,130.704,132.367,132.971,132.484,130.875,128.114,124.16,118.982,112.55,104.833,95.791,85.393,73.609,60.408,45.759,29.623,12.068,-6.948,-27.443,-49.487,-72.94,-97.761,-123.901,-151.319,-179.975,-209.82,-240.814,-272.917,-306.091,-340.305,-375.521
298,2025-10-12 06:33:50,executed,-41.185,-25.383,-10.371,1.868,13.441,24.918,36.26,47.326,57.979,68.08,77.591,86.475,94.7,102.231,109.024,115.042,120.251,124.619,128.114,130.704,132.367,132.971,132.484,130.875,128.114,124.16,118.982,112.55,104.833,95.791,85.393,73.609,60.408,45.759,29.623,12.068,-6.948,-27.443,-49.487,-72.94,-97.761,-123.901,-151.319,-179.975,-209.82,-240.814,-272.917,-306.091,-340.305,-375.521
298,2025-10-12 06:34:18,proposed,-71.228,-56.115,-41.593,-28.556,-17.056,-7.036,1.607,7.789,11.476,13.563,14.724,15.644,16.807,18.596,21.286,25.04,29.904,35.893,42.989,51.13,59.107,66.485,72.736,77.332,80.64,83.022,84.735,85.922,86.621,86.859,86.65,85.995,84.895,83.35,81.361,78.92,76.027,72.673,68.849,64.547,59.758,54.474,48.686,42.386,35.566,28.216,20.328,11.893,2.903,-6.643
299,2025-10-12 06:34:58,executed,-71.228,-56.115,-41.593,-28.556,-17.056,-7.036,1.607,7.789,11.476,13.563,14.724,15.644,16.807,18.596,21.286,25.04,29.904,35.893,42.989,51.13,59.107,66.485,72.736,77.332,80.64,83.022,84.735,85.922,86.621,86.859,86.65,85.995,84.895,83.35,81.361,78.92,76.027,72.673,68.849,64.547,59.758,54.474,48.686,42.386,35.566,28.216,20.328,11.893,2.903,-6.643
299,2025-10-12 06:35:17,proposed,85.093855,54.869141041666666,31.839819249999998,10.147178874999998,-24.881141166666666,-37.57551637500001,-78.94101125000002,-121.71540529166666,-152.59776633333334,-168.23753125000002,-170.94980191666667,-144.1771539583333,-100.588529,-60.88470562499998,-27.006839583333374,1.2728962500000547,28.91726,64.32861333333334,106.71246925000005,142.3984776666667,164.24110816666666,172.445998375,162.90407816666664,134.23461612500003,100.317687,34.454739,24.615438,10.655458,-14.862408000000006,-60.000826,-39.019525791666666,-39.08363775,-38.193947375,-26.386801666666667,-4.7351361249999835,19.26769541666667,33.55365620833334,34.1916915,25.893586749999994,13.344849000000018,0.1409146249999722,-15.257855666666666,-29.308288916666665,-34.68620475,-30.900460291666658,-15.098471333333334,7.641406375000016,30.728961166666696,40.494562916666666,37.760793
300,2025-10-12 06:35:57,executed,85.093855,54.869141041666666,31.839819249999998,10.147178874999998,-24.881141166666666,-37.57551637500001,-78.94101125000002,-121.71540529166666,-152.59776633333334,-168.23753125000002,-170.94980191666667,-144.1771539583333,-100.588529,-60.88470562499998,-27.006839583333374,1.2728962500000547,28.91726,64.32861333333334,106.71246925000005,142.3984776666667,164.24110816666666,172.445998375,162.90407816666664,134.23461612500003,100.317687,34.454739,24.615438,10.655458,-14.862408000000006,-60.000826,-39.019525791666666,-39.08363775,-38.193947375,-26.386801666666667,-4.7351361249999835,19.26769541666667,33.55365620833334,34.1916915,25.893586749999994,13.344849000000018,0.1409146249999722,-15.257855666666666,-29.308288916666665,-34.68620475,-30.900460291666658,-15.098471333333334,7.641406375000016,30.728961166666696,40.494562916666666,37.760793
300,2025-10-12 06:36:14,proposed,85.993855,70.885069,56.206646,43.306527,33.309473,25.273628,13.420855,-6.368554,-23.351259,-27.730552,-33.305447,-50.96178,-73.563352,-95.873989,-116.474452,-135.129149,-149.577451,-159.238397,-166.375785,-171.873775,-173.325799,-168.103406,-154.11261,-132.871615,-110.755176,-90.821882,-71.419665,-52.33974,-35.634237,-21.18727,-7.303905,6.098977,19.240626,33.455577,50.216669,69.857061,91.259438,111.596813,129.704331,145.486411,157.232589,165.402812,170.847044,172.445849,169.429601,162.092667,149.79719,133.344939,116.11635,100.117687
301,2025-10-12 06:36:54,executed,85.993855,70.885069,56.206646,43.306527,33.309473,25.273628,13.420855,-6.368554,-23.351259,-27.730552,-33.305447,-50.96178,-73.563352,-95.873989,-116.474452,-135.129149,-149.577451,-159.238397,-166.375785,-171.873775,-173.325799,-168.103406,-154.11261,-132.871615,-110.755176,-90.821882,-71.419665,-52.33974,-35.634237,-21.18727,-7.303905,6.098977,19.240626,33.455577,50.216669,69.857061,91.259438,111.596813,129.704331,145.486411,157.232589,165.402812,170.847044,172.445849,169.429601,162.092667,149.79719,133.344939,116.11635,100.117687
301,2025-10-12 06:37:11,proposed,74.993855,59.885069,45.206646,32.306527,22.309473,14.273628,2.420855,-17.368554,-34.351259,-38.730552,-44.305447,-60.96178,-83.563352,-105.873989,-126.474452,-145.129149,-159.577451,-169.238397,-176.375785,-181.873775,-183.325799,-178.103406,-164.11261,-142.871615,-120.755176,-100.821882,-81.419665,-62.33974,-45.634237,-31.18727,-17.303905,-3.901023,9.240626,23.455577,40.216669,59.857061,81.259438,101.596813,119.704331,135.486411,147.232589,155.402812,160.847044,162.445849,159.429601,152.092667,139.79719,123.344939,106.11635,90.117687
302,2025-10-12 06:37:51,executed,74.993855,59.885069,45.206646,32.306527,22.309473,14.273628,2.420855,-17.368554,-34.351259,-38.730552,-44.305447,-60.96178,-83.563352,-105.873989,-126.474452,-145.129149,-159.577451,-169.238397,-176.375785,-181.873775,-183.325799,-178.103406,-164.11261,-142.871615,-120.755176,-100.821882,-81.419665,-62.33974,-45.634237,-31.18727,-17.303905,-3.901023,9.240626,23.455577,40.216669,59.857061,81.259438,101.596813,119.704331,135.486411,147.232589,155.402812,160.847044,162.445849,159.429601,152.092667,139.79719,123.344939,106.11635,90.117687
302,2025-10-12 06:38:09,proposed,-74.986,-44.78725,-21.641166666666667,0.05225000000000346,35.072833333333335,47.77120833333334,89.13600000000002,131.90604166666665,162.78833333333336,178.42775000000003,181.14016666666666,154.36754166666663,110.779,71.07499999999997,37.19658333333337,2.6727499999999065,-28.717666666666666,-64.12866666666666,-106.51250000000005,-142.1980833333334,-164.04133333333334,-172.246125,-162.70441666666665,-134.03050000000002,-100.118,-34.255,-24.41541666666667,-10.455416666666666,15.062750000000005,60.201,39.21975,39.284,38.393875,26.587,4.935124999999983,-19.068083333333334,-33.35370833333334,-33.9915,-25.693374999999993,-13.145166666666684,0.0590000000000277,15.458000000000002,29.508458333333333,34.8865,31.10012499999999,15.298666666666666,-7.441500000000014,-30.52883333333336,-40.294916666666666,-37.561
303,2025-10-12 06:38:49,executed,-74.986,-44.78725,-21.641166666666667,0.05225000000000346,35.072833333333335,47.77120833333334,89.13600000000002,131.90604166666665,162.78833333333336,178.42775000000003,181.14016666666666,154.36754166666663,110.779,71.07499999999997,37.19658333333337,2.6727499999999065,-28.717666666666666,-64.12866666666666,-106.51250000000005,-142.1980833333334,-164.04133333333334,-172.246125,-162.70441666666665,-134.03050000000002,-100.118,-34.255,-24.41541666666667,-10.455416666666666,15.062750000000005,60.201,39.21975,39.284,38.393875,26.587,4.935124999999983,-19.068083333333334,-33.35370833333334,-33.9915,-25.693374999999993,-13.145166666666684,0.0590000000000277,15.458000000000002,29.508458333333333,34.8865,31.10012499999999,15.298666666666666,-7.441500000000014,-30.52883333333336,-40.294916666666666,-37.561
303,2025-10-12 06:39:15,proposed,84.493855,54.16914104166666,31.13981925,9.447178874999997,-25.581141166666665,-38.275516375,-79.64101125,-122.41540529166666,-153.29776633333333,-168.93753125,-171.64980191666666,-144.87715395833328,-101.28852900000001,-61.58470562499997,-27.706839583333373,0.5728962500000545,28.217259999999996,63.628613333333334,106.08746925000005,141.69847766666672,163.54110816666667,171.745998375,162.20407816666665,133.53044945833335,99.617687,33.754739,23.915438,9.955457999999998,-15.562408000000005,-60.700826,-39.71952579166667,-39.78363775,-38.893947375,-27.086801666666666,-5.060136124999982,19.567695416666666,33.85365620833334,34.4916915,26.19358674999999,13.644849000000018,0.440914624999972,-14.957855666666667,-29.008288916666665,-34.386204750000005,-30.600460291666657,-14.798471333333334,7.941406375000016,31.028961166666697,40.79456291666666,38.060793
304,2025-10-12 06:39:55,executed,84.493855,54.16914104166666,31.13981925,9.447178874999997,-25.581141166666665,-38.275516375,-79.64101125,-122.41540529166666,-153.29776633333333,-168.93753125,-171.64980191666666,-144.87715395833328,-101.28852900000001,-61.58470562499997,-27.706839583333373,0.5728962500000545,28.217259999999996,63.628613333333334,106.08746925000005,141.69847766666672,163.54110816666667,171.745998375,162.20407816666665,133.53044945833335,99.617687,33.754739,23.915438,9.955457999999998,-15.562408000000005,-60.700826,-39.71952579166667,-39.78363775,-38.893947375,-27.086801666666666,-5.060136124999982,19.567695416666666,33.85365620833334,34.4916915,26.19358674999999,13.644849000000018,0.440914624999972,-14.957855666666667,-29.008288916666665,-34.386204750000005,-30.600460291666657,-14.798471333333334,7.941406375000016,31.028961166666697,40.79456291666666,38.060793
304,2025-10-12 06:40:11,proposed,84.893855,69.785069,55.106646,42.206527,32.209473,24.173628,12.320855,-7.468554,-24.451259,-28.830552,-34.405447,-51.06178,-73.663352,-95.973989,-116.574452,-135.229149,-149.677451,-159.338397,-166.475785,-171.973775,-173.425799,-168.203406,-154.21261,-132.971615,-110.855176,-90.921882,-71.519665,-52.43974,-35.734237,-21.28727,-7.403905,5.998977,19.140626,33.355577,50.116669,69.757061,91.159438,111.496813,129.604331,145.386411,157.132589,165.302812,170.747044,172.345849,169.329601,161.992667,149.69719,133.244939,116.01635,100.017687
305,2025-10-12 06:40:51,executed,84.893855,69.785069,55.106646,42.206527,32.209473,24.173628,12.320855,-7.468554,-24.451259,-28.830552,-34.405447,-51.06178,-73.663352,-95.973989,-116.574452,-135.229149,-149.677451,-159.338397,-166.475785,-171.973775,-173.425799,-168.203406,-154.21261,-132.971615,-110.855176,-90.921882,-71.519665,-52.43974,-35.734237,-21.28727,-7.403905,5.998977,19.140626,33.355577,50.116669,69.757061,91.159438,111.496813,129.604331,145.386411,157.132589,165.302812,170.747044,172.345849,169.329601,161.992667,149.69719,133.244939,116.01635,100.017687
305,2025-10-12 06:41:14,proposed,-100.0,-85.0,-70.0,-55.0,-40.0,-25.0,-10.0,5.0,20.0,35.0,-40.0,-55.0,-70.0,-85.0,-100.0,-85.0,-70.0,-55.0,-40.0,-25.0,-10.0,5.0,20.0,35.0,50.0,65.0,80.0,95.0,110.0,125.0,140.0,155.0,170.0,185.0,200.0,65.0,80.0,95.0,110.0,125.0,140.0,155.0,170.0,185.0,200.0,65.0,80.0,95.0,110.0,125.0
306,2025-10-12 06:41:54,executed,-100.0,-85.0,-70.0,-55.0,-40.0,-25.0,-10.0,5.0,20.0,35.0,-40.0,-55.0,-70.0,-85.0,-100.0,-85.0,-70.0,-55.0,-40.0,-25.0,-10.0,5.0,20.0,35.0,50.0,65.0,80.0,95.0,110.0,125.0,140.0,155.0,170.0,185.0,200.0,65.0,80.0,95.0,110.0,125.0,140.0,155.0,170.0,185.0,200.0,65.0,80.0,95.0,110.0,125.0
306,2025-10-12 06:42:11,proposed,-75.0,-60.0,-45.0,-30.0,-15.0,0.0,15.0,30.0,45.0,60.0,75.0,90.0,105.0,120.0,135.0,150.0,135.0,120.0,105.0,90.0,75.0,60.0,45.0,30.0,15.0,0.0,-15.0,-30.0,-45.0,-60.0,7.303905,-6.098977,-19.240626,-33.455577,-50.216669,-69.857061,-91.259438,-111.596813,-129.704331,-145.486411,-157.232589,-165.402812,-170.847044,-172.445849,-169.429601,-162.092667,-149.79719,-133.344939,-116.11635,-100.117687
307,2025-10-12 06:42:51,executed,-75.0,-60.0,-45.0,-30.0,-15.0,0.0,15.0,30.0,45.0,60.0,75.0,90.0,105.0,120.0,135.0,150.0,135.0,120.0,105.0,90.0,75.0,60.0,45.0,30.0,15.0,0.0,-15.0,-30.0,-45.0,-60.0,7.303905,-6.098977,-19.240626,-33.455577,-50.216669,-69.857061,-91.259438,-111.596813,-129.704331,-145.486411,-157.232589,-165.402812,-170.847044,-172.445849,-169.429601,-162.092667,-149.79719,-133.344939,-116.11635,-100.117687
307,2025-10-12 06:43:25,proposed,42.4969275,27.33457052083333,15.819909624999998,4.9735894374999985,-12.540570583333333,-18.8877581875,-39.570505625,-60.95770264583333,-76.39888316666666,-84.218765625,-85.57490095833333,-72.18857697916664,-50.394264500000006,-30.542352812499985,-13.603419791666687,0.5364481250000273,14.358629999999998,32.06430666666667,53.256234625000026,71.09923883333336,82.02055408333334,86.1229991875,81.35203908333332,67.01522472916668,50.0588435,17.1273695,12.207719,5.227728999999999,-7.5312040000000025,-30.100413,-19.609762895833335,-19.641818875,-19.1969736875,-13.293400833333333,-2.4675680624999914,9.533847708333333,16.67682810416667,16.99584575,12.846793374999995,6.572424500000009,-0.029542687500013987,-7.7289278333333336,-14.754144458333332,-17.568102375,-15.550230145833329,-7.649235666666667,3.720703187500008,15.264480583333349,20.14728145833333,18.7892555
308,2025-10-12 06:44:05,executed,42.4969275,27.33457052083333,15.819909624999998,4.9735894374999985,-12.540570583333333,-18.8877581875,-39.570505625,-60.95770264583333,-76.39888316666666,-84.218765625,-85.57490095833333,-72.18857697916664,-50.394264500000006,-30.542352812499985,-13.603419791666687,0.5364481250000273,14.358629999999998,32.06430666666667,53.256234625000026,71.09923883333336,82.02055408333334,86.1229991875,81.35203908333332,67.01522472916668,50.0588435,17.1273695,12.207719,5.227728999999999,-7.5312040000000025,-30.100413,-19.609762895833335,-19.641818875,-19.1969736875,-13.293400833333333,-2.4675680624999914,9.533847708333333,16.67682810416667,16.99584575,12.846793374999995,6.572424500000009,-0.029542687500013987,-7.7289278333333336,-14.754144458333332,-17.568102375,-15.550230145833329,-7.649235666666667,3.720703187500008,15.264480583333349,20.14728145833333,18.7892555
308,2025-10-12 06:44:22,proposed,83.993855,68.885069,54.206646,41.306527,31.309473,23.273628,11.420855,-8.368554,-25.351259,-29.730552,-35.305447,-51.96178,-74.563352,-96.873989,-117.474452,-136.129149,-150.577451,-160.238397,-167.375785,-172.873775,-174.325799,-169.103406,-155.11261,-133.871615,-111.755176,-91.821882,-72.419665,-53.33974,-36.634237,-22.18727,-8.303905,5.098977,18.240626,32.455577,49.216669,68.857061,90.259438,110.596813,128.704331,144.486411,156.232589,164.402812,169.847044,171.445849,168.429601,161.092667,148.79719,132.344939,115.11635,99.117687
309,2025-10-12 06:45:02,executed,83.993855,68.885069,54.206646,41.306527,31.309473,23.273628,11.420855,-8.368554,-25.351259,-29.730552,-35.305447,-51.96178,-74.563352,-96.873989,-117.474452,-136.129149,-150.577451,-160.238397,-167.375785,-172.873775,-174.325799,-169.103406,-155.11261,-133.871615,-111.755176,-91.821882,-72.419665,-53.33974,-36.634237,-22.18727,-8.303905,5.098977,18.240626,32.455577,49.216669,68.857061,90.259438,110.596813,128.704331,144.486411,156.232589,164.402812,169.847044,171.445849,168.429601,161.092667,148.79719,132.344939,115.11635,99.117687
309,2025-10-12 06:45:19,proposed,-104.993855,-89.885069,-75.206646,-62.306527,-52.309473,-44.273628,-32.420855,-27.368554,-44.351259,-48.730552,-54.305447,-70.96178,-93.563352,-115.873989,-136.474452,-155.129149,-169.577451,-179.238397,-186.375785,-191.873775,-193.325799,-188.103406,-174.11261,-152.871615,-130.755176,-110.821882,-91.419665,-72.33974,-55.634237,-41.18727,-27.303905,6.098977,19.240626,33.455577,50.216669,69.857061,91.259438,111.596813,129.704331,145.486411,157.232589,165.402812,170.847044,172.445849,169.429601,162.092667,149.79719,133.344939,116.11635,100.117687
310,2025-10-12 06:45:59,executed,-104.993855,-89.885069,-75.206646,-62.306527,-52.309473,-44.273628,-32.420855,-27.368554,-44.351259,-48.730552,-54.305447,-70.96178,-93.563352,-115.873989,-136.474452,-155.129149,-169.577451,-179.238397,-186.375785,-191.873775,-193.325799,-188.103406,-174.11261,-152.871615,-130.755176,-110.821882,-91.419665,-72.33974,-55.634237,-41.18727,-27.303905,6.098977,19.240626,33.455577,50.216669,69.857061,91.259438,111.596813,129.704331,145.486411,157.232589,165.402812,170.847044,172.445849,169.429601,162.092667,149.79719,133.344939,116.11635,100.117687
310,2025-10-12 06:46:15,proposed,-74.968013,-59.913422,-44.565319,-29.305393,-14.526736,0.0,14.526736,29.305393,44.565319,59.913422,74.968013,89.383449,102.786664,114.873526,125.338926,134.03107,140.864167,145.709531,148.596849,149.507883,148.596849,145.709531,140.864167,134.03107,125.338926,114.873526,102.786664,89.383449,74.968013,59.913422,44.565319,29.305393,14.526736,0.0,-14.526736,-29.305393,-44.565319,-59.913422,-74.968013,-89.383449,-102.786664,-114.873526,-125.338926,-134.03107,-140.864167,-145.709531,-148.596849,-149.507883,-148.596849,-145.709531
311,2025-10-12 06:46:55,executed,-74.968013,-59.913422,-44.565319,-29.305393,-14.526736,0.0,14.526736,29.305393,44.565319,59.913422,74.968013,89.383449,102.786664,114.873526,125.338926,134.03107,140.864167,145.709531,148.596849,149.507883,148.596849,145.709531,140.864167,134.03107,125.338926,114.873526,102.786664,89.383449,74.968013,59.913422,44.565319,29.305393,14.526736,0.0,-14.526736,-29.305393,-44.565319,-59.913422,-74.968013,-89.383449,-102.786664,-114.873526,-125.338926,-134.03107,-140.864167,-145.709531,-148.596849,-149.507883,-148.596849,-145.709531
311,2025-10-12 06:47:23,proposed,84.893855,69.785069,55.106646,42.206527,32.209473,24.173628,12.320855,-7.468554,-24.451259,-28.830552,-34.405447,-51.06178,-73.663352,-95.973989,-116.574452,-135.229149,-149.677451,-159.338397,-166.475785,-171.973775,-173.425799,-168.203406,-154.21261,-132.971615,-110.855176,-90.921882,-71.519665,-52.43974,-35.734237,-21.28727,-7.403905,5.998977,19.140626,33.355577,50.116669,69.757061,91.159438,111.496813,129.604331,145.386411,157.132589,165.302812,170.747044,172.345849,169.329601,161.992667,149.69719,133.244939,116.01635,100.017687
312,2025-10-12 06:48:03,executed,84.893855,69.785069,55.106646,42.206527,32.209473,24.173628,12.320855,-7.468554,-24.451259,-28.830552,-34.405447,-51.06178,-73.663352,-95.973989,-116.574452,-135.229149,-149.677451,-159.338397,-166.475785,-171.973775,-173.425799,-168.203406,-154.21261,-132.971615,-110.855176,-90.921882,-71.519665,-52.43974,-35.734237,-21.28727,-7.403905,5.998977,19.140626,33.355577,50.116669,69.757061,91.159438,111.496813,129.604331,145.386411,157.132589,165.302812,170.747044,172.345849,169.329601,161.992667,149.69719,133.244939,116.01635,100.017687
312,2025-10-12 06:48:20,proposed,-74.993855,-59.885069,-45.206646,-32.306527,-22.309473,-14.273628,-2.420855,17.368554,34.351259,38.730552,44.305447,60.96178,83.563352,105.873989,126.474452,145.129149,159.577451,169.238397,176.375785,181.873775,183.325799,178.103406,164.11261,142.871615,120.755176,100.821882,81.419665,62.33974,45.634237,31.18727,17.303905,-6.098977,-19.240626,-33.455577,-50.216669,-69.857061,-91.259438,-111.596813,-129.704331,-145.486411,-157.232589,-165.402812,-170.847044,-172.445849,-169.429601,-162.092667,-149.79719,-133.344939,-116.11635,-100.117687
313,2025-10-12 06:49:00,executed,-74.993855,-59.885069,-45.206646,-32.306527,-22.309473,-14.273628,-2.420855,17.368554,34.351259,38.730552,44.305447,60.96178,83.563352,105.873989,126.474452,145.129149,159.577451,169.238397,176.375785,181.873775,183.325799,178.103406,164.11261,142.871615,120.755176,100.821882,81.419665,62.33974,45.634237,31.18727,17.303905,-6.098977,-19.240626,-33.455577,-50.216669,-69.857061,-91.259438,-111.596813,-129.704331,-145.486411,-157.232589,-165.402812,-170.847044,-172.445849,-169.429601,-162.092667,-149.79719,-133.344939,-116.11635,-100.117687
313,2025-10-12 06:49:30,proposed,85.993855,70.885069,56.206646,43.306527,33.309473,25.273628,13.420855,-6.368554,-23.351259,-27.730552,-33.305447,-50.96178,-73.563352,-95.873989,-116.474452,-135.129149,-149.577451,-159.238397,-166.375785,-171.873775,-173.325799,-168.103406,-154.11261,-132.871615,-110.755176,-90.821882,-71.419665,-52.33974,-35.634237,-21.18727,-7.303905,6.098977,19.240626,33.455577,50.216669,69.857061,91.259438,111.596813,129.704331,145.486411,157.232589,165.402812,170.847044,172.445849,169.429601,162.092667,149.79719,133.344939,116.11635,100.117687
314,2025-10-12 06:50:10,executed,85.993855,70.885069,56.206646,43.306527,33.309473,25.273628,13.420855,-6.368554,-23.351259,-27.730552,-33.305447,-50.96178,-73.563352,-95.873989,-116.474452,-135.129149,-149.577451,-159.238397,-166.375785,-171.873775,-173.325799,-168.103406,-154.11261,-132.871615,-110.755176,-90.821882,-71.419665,-52.33974,-35.634237,-21.18727,-7.303905,6.098977,19.240626,33.455577,50.216669,69.857061,91.259438,111.596813,129.704331,145.486411,157.232589,165.402812,170.847044,172.445849,169.429601,162.092667,149.79719,133.344939,116.11635,100.117687
314,2025-10-12 06:50:29,proposed,-71.185,-38.18,-12.568999999999999,4.737000000000002,13.098,10.700250000000002,-3.279500000000006,-26.812499999999982,-56.112,-85.52500000000002,-108.57999999999998,-119.00999999999999,-111.18,-78.1425,-14.14650000000011,75.63950000000018,169.53,248.8624999999999,298.46500000000003,308.21000000000004,270.66,177.86749999999992,26.98949999999975,-23.28174999999999,-28.361,-28.085,-21.9025,-8.5095,11.673250000000005,35.562,58.70925,76.2715,83.4965,74.981,45.484249999999975,-0.16049999999996345,-57.587750000000035,-109.09,-145.62,-162.44,-155.13499999999996,-124.1,-75.66275000000012,-17.399499999999918,44.402249999999995,99.201,135.03500000000003,143.45499999999998,115.55000000000003,42.329
315,2025-10-12 06:51:09,executed,-71.185,-38.18,-12.568999999999999,4.737000000000002,13.098,10.700250000000002,-3.279500000000006,-26.812499999999982,-56.112,-85.52500000000002,-108.57999999999998,-119.00999999999999,-111.18,-78.1425,-14.14650000000011,75.63950000000018,169.53,248.8624999999999,298.46500000000003,308.21000000000004,270.66,177.86749999999992,26.98949999999975,-23.28174999999999,-28.361,-28.085,-21.9025,-8.5095,11.673250000000005,35.562,58.70925,76.2715,83.4965,74.981,45.484249999999975,-0.16049999999996345,-57.587750000000035,-109.09,-145.62,-162.44,-155.13499999999996,-124.1,-75.66275000000012,-17.399499999999918,44.402249999999995,99.201,135.03500000000003,143.45499999999998,115.55000000000003,42.329
315,2025-10-12 06:51:33,proposed,85.293855,70.185069,55.506646,42.606527,32.609473,24.573628,12.720855,-7.068554,-24.051259,-28.430552,-34.005447,-50.66178,-73.263352,-95.573989,-116.174452,-134.829149,-149.277451,-158.938397,-166.075785,-171.573775,-173.025799,-167.803406,-153.81261,-132.571615,-110.455176,-90.521882,-71.119665,-52.03974,-35.334237,-20.88727,-7.003905,6.398977,19.540626,33.755577,50.516669,70.157061,91.559438,111.896813,130.004331,145.786411,157.532589,165.702812,171.147044,172.745849,169.729601,162.392667,150.09719,133.644939,116.41635,100.417687
316,2025-10-12 06:52:13,executed,85.293855,70.185069,55.506646,42.606527,32.609473,24.573628,12.720855,-7.068554,-24.051259,-28.430552,-34.005447,-50.66178,-73.263352,-95.573989,-116.174452,-134.829149,-149.277451,-158.938397,-166.075785,-171.573775,-173.025799,-167.803406,-153.81261,-132.571615,-110.455176,-90.521882,-71.119665,-52.03974,-35.334237,-20.88727,-7.003905,6.398977,19.540626,33.755577,50.516669,70.157061,91.559438,111.896813,130.004331,145.786411,157.532589,165.702812,171.147044,172.745849,169.729601,162.392667,150.09719,133.644939,116.41635,100.417687
316,2025-10-12 06:52:32,proposed,-75.382615,-45.06789504166667,-22.21107325,-11.803155375,10.914474500000004,37.775516375,79.14101125,121.91540529166666,152.79776633333333,168.43753125,171.14980191666666,144.37715395833328,100.78852900000001,61.08470562499997,27.206839583333373,-1.0728962500000545,-28.717259999999996,-64.12861333333333,-106.51246925000005,-142.19847766666672,-164.04110816666667,-172.245998375,-162.70407816666665,-134.03044945833335,-100.117687,-34.254739,-24.415438,-10.455457999999998,15.062408000000005,60.200826,39.21952579166667,39.28363775,38.393947375,26.586801666666666,4.935136124999983,-19.067695416666666,-33.35365620833334,-33.9916915,-25.69358674999999,-13.144849000000018,0.05908537500002797,15.457855666666667,29.508288916666665,34.886204750000005,31.100460291666657,15.298471333333334,-7.441406375000016,-30.528961166666697,-40.29456291666666,-37.560793
317,2025-10-12 06:53:12,executed,-75.382615,-45.06789504166667,-22.21107325,-11.803155375,10.914474500000004,37.775516375,79.14101125,121.91540529166666,152.79776633333333,168.43753125,171.14980191666666,144.37715395833328,100.78852900000001,61.08470562499997,27.206839583333373,-1.0728962500000545,-28.717259999999996,-64.12861333333333,-106.51246925000005,-142.19847766666672,-164.04110816666667,-172.245998375,-162.70407816666665,-134.03044945833335,-100.117687,-34.254739,-24.415438,-10.455457999999998,15.062408000000005,60.200826,39.21952579166667,39.28363775,38.393947375,26.586801666666666,4.935136124999983,-19.067695416666666,-33.35365620833334,-33.9916915,-25.69358674999999,-13.144849000000018,0.05908537500002797,15.457855666666667,29.508288916666665,34.886204750000005,31.100460291666657,15.298471333333334,-7.441406375000016,-30.528961166666697,-40.29456291666666,-37.560793
317,2025-10-12 06:53:30,proposed,84.993855,69.885069,55.206646,42.306527,32.309473,24.273628,12.420855,-7.368554,-24.351259,-28.730552,-34.305447,-50.96178,-73.563352,-95.873989,-116.474452,-135.129149,-149.577451,-159.238397,-166.375785,-171.873775,-173.325799,-168.103406,-154.11261,-132.871615,-110.755176,-90.821882,-71.419665,-52.33974,-35.634237,-21.18727,-7.303905,6.098977,19.240626,33.455577,50.216669,69.857061,91.259438,111.596813,129.704331,145.486411,157.232589,165.402812,170.847044,172.445849,169.429601,162.092667,149.79719,133.344939,116.11635,100.117687
318,2025-10-12 06:54:10,executed,84.993855,69.885069,55.206646,42.306527,32.309473,24.273628,12.420855,-7.368554,-24.351259,-28.730552,-34.305447,-50.96178,-73.563352,-95.873989,-116.474452,-135.129149,-149.577451,-159.238397,-166.375785,-171.873775,-173.325799,-168.103406,-154.11261,-132.871615,-110.755176,-90.821882,-71.419665,-52.33974,-35.634237,-21.18727,-7.303905,6.098977,19.240626,33.455577,50.216669,69.857061,91.259438,111.596813,129.704331,145.486411,157.232589,165.402812,170.847044,172.445849,169.429601,162.092667,149.79719,133.344939,116.11635,100.117687
318,2025-10-12 06:54:28,proposed,-79.493855,-49.98164104166667,-27.039819249999997,-5.347178874999997,29.681141166666666,42.375516375000004,83.74101125000001,126.51540529166665,157.39776633333332,173.03753125,175.74980191666668,148.9771539583333,105.388529,65.68470562499998,30.80683958333337,8.352103749999806,-32.11726,-67.52861333333333,-109.91246925000006,-145.59847766666672,-167.44110816666665,-175.64599837499998,-166.10407816666665,-137.43044945833336,-103.517687,-33.645261,-23.805438,-9.845457999999999,15.671158000000004,60.800826,39.81952579166667,39.88363775,38.993947375000005,27.186801666666668,5.535136124999982,-18.467695416666665,-32.75365620833334,-33.3916915,-25.093586749999993,-12.544849000000017,0.6590853750000276,16.05785566666667,30.108288916666666,35.486204750000006,31.700460291666655,15.898471333333333,-6.841406375000016,-29.928961166666696,-39.69456291666666,-36.960793
319,2025-10-12 06:55:08,executed,-79.493855,-49.98164104166667,-27.039819249999997,-5.347178874999997,29.681141166666666,42.375516375000004,83.74101125000001,126.51540529166665,157.39776633333332,173.03753125,175.74980191666668,148.9771539583333,105.388529,65.68470562499998,30.80683958333337,8.352103749999806,-32.11726,-67.52861333333333,-109.91246925000006,-145.59847766666672,-167.44110816666665,-175.64599837499998,-166.10407816666665,-137.43044945833336,-103.517687,-33.645261,-23.805438,-9.845457999999999,15.671158000000004,60.800826,39.81952579166667,39.88363775,38.993947375000005,27.186801666666668,5.535136124999982,-18.467695416666665,-32.75365620833334,-33.3916915,-25.093586749999993,-12.544849000000017,0.6590853750000276,16.05785566666667,30.108288916666666,35.486204750000006,31.700460291666655,15.898471333333333,-6.841406375000016,-29.928961166666696,-39.69456291666666,-36.960793
319,2025-10-12 06:55:27,proposed,-114.443,-99.334,-84.655,-71.755,-61.758,-53.722,-41.879,-61.668,-78.651,-83.03,-88.605,-105.262,-127.864,-150.174,-170.774,-189.429,-203.877,-213.538,-220.675,-226.173,-227.625,-222.303,-208.313,-187.072,-164.955,-144.921,-125.519,-106.439,-89.734,-75.287,-61.404,-48.901,-35.759,-21.544,-6.783,9.857,29.259,49.597,67.704,83.486,95.233,103.403,108.847,111.445,110.429,105.093,95.797,83.345,71.116,55.117
320,2025-10-12 06:56:07,executed,-114.443,-99.334,-84.655,-71.755,-61.758,-53.722,-41.879,-61.668,-78.651,-83.03,-88.605,-105.262,-127.864,-150.174,-170.774,-189.429,-203.877,-213.538,-220.675,-226.173,-227.625,-222.303,-208.313,-187.072,-164.955,-144.921,-125.519,-106.439,-89.734,-75.287,-61.404,-48.901,-35.759,-21.544,-6.783,9.857,29.259,49.597,67.704,83.486,95.233,103.403,108.847,111.445,110.429,105.093,95.797,83.345,71.116,55.117
320,2025-10-12 06:56:27,proposed,-79.993855,-49.66914104166666,-26.63981925,-4.947178874999997,30.08114116666667,42.775516375,84.14101125,126.91540529166666,157.79776633333333,173.43753125,176.14980191666666,149.37715395833328,105.78852900000001,66.08470562499997,32.20683958333338,-2.322896250000092,-33.717259999999996,-69.12861333333333,-111.51246925000005,-147.19847766666672,-169.04110816666667,-177.245998375,-167.70407816666665,-139.03044945833335,-105.117687,-39.254739,-29.415438,-15.455458,10.062408000000005,55.200826,34.21952579166667,34.28363775,33.393947375,21.586801666666666,-0.06486387500001634,-24.067695416666666,-38.35365620833334,-38.9916915,-30.693586749999994,-18.14484900000002,-2.440914624999957,14.457855666666667,28.508288916666665,33.886204750000005,30.100460291666657,14.298471333333334,-8.441406375000016,-31.528961166666697,-41.29456291666666,-38.560793
321,2025-10-12 06:57:07,executed,-79.993855,-49.66914104166666,-26.63981925,-4.947178874999997,30.08114116666667,42.775516375,84.14101125,126.91540529166666,157.79776633333333,173.43753125,176.14980191666666,149.37715395833328,105.78852900000001,66.08470562499997,32.20683958333338,-2.322896250000092,-33.717259999999996,-69.12861333333333,-111.51246925000005,-147.19847766666672,-169.04110816666667,-177.245998375,-167.70407816666665,-139.03044945833335,-105.117687,-39.254739,-29.415438,-15.455458,10.062408000000005,55.200826,34.21952579166667,34.28363775,33.393947375,21.586801666666666,-0.06486387500001634,-24.067695416666666,-38.35365620833334,-38.9916915,-30.693586749999994,-18.14484900000002,-2.440914624999957,14.457855666666667,28.508288916666665,33.886204750000005,30.100460291666657,14.298471333333334,-8.441406375000016,-31.528961166666697,-41.29456291666666,-38.560793
321,2025-10-12 06:57:24,proposed,74.993855,59.885069,45.206646,32.306527,22.309473,14.273628,2.420855,-17.368554,-34.351259,-38.730552,-44.305447,-60.96178,-83.563352,-105.873989,-126.474452,-145.129149,-159.577451,-169.238397,-176.375785,-181.873775,-183.325799,-178.103406,-164.11261,-142.871615,-120.755176,-100.821882,-81.419665,-62.33974,-45.634237,-31.18727,-17.303905,-3.901023,9.240626,23.455577,40.216669,59.857061,81.259438,101.596813,119.704331,135.486411,147.232589,155.402812,160.847044,162.445849,159.429601,152.092667,139.79719,123.344939,106.11635,90.117687
322,2025-10-12 06:58:04,executed,74.993855,59.885069,45.206646,32.306527,22.309473,14.273628,2.420855,-17.368554,-34.351259,-38.730552,-44.305447,-60.96178,-83.563352,-105.873989,-126.474452,-145.129149,-159.577451,-169.238397,-176.375785,-181.873775,-183.325799,-178.103406,-164.11261,-142.871615,-120.755176,-100.821882,-81.419665,-62.33974,-45.634237,-31.18727,-17.303905,-3.901023,9.240626,23.455577,40.216669,59.857061,81.259438,101.596813,119.704331,135.486411,147.232589,155.402812,160.847044,162.445849,159.429601,152.092667,139.79719,123.344939,106.11635,90.117687
322,2025-10-12 06:58:23,proposed,74.993855,59.885069,45.206646,32.306527,22.309473,16.273628,8.420855,-1.368554,-18.351259,-22.730552,-28.305447,-44.96178,-67.563352,-89.873989,-110.474452,-129.129149,-143.577451,-153.238397,-160.375785,-165.873775,-167.325799,-162.103406,-148.11261,-126.871615,-104.755176,-84.821882,-65.419665,-46.33974,-29.634237,-15.18727,-1.303905,12.098977,25.240626,39.455577,56.216669,75.857061,97.259438,117.596813,135.704331,151.486411,163.232589,171.402812,176.847044,178.445849,175.429601,168.092667,155.79719,139.344939,122.11635,106.117687
323,2025-10-12 06:59:03,executed,74.993855,59.885069,45.206646,32.306527,22.309473,16.273628,8.420855,-1.368554,-18.351259,-22.730552,-28.305447,-44.96178,-67.563352,-89.873989,-110.474452,-129.129149,-143.577451,-153.238397,-160.375785,-165.873775,-167.325799,-162.103406,-148.11261,-126.871615,-104.755176,-84.821882,-65.419665,-46.33974,-29.634237,-15.18727,-1.303905,12.098977,25.240626,39.455577,56.216669,75.857061,97.259438,117.596813,135.704331,151.486411,163.232589,171.402812,176.847044,178.445849,175.429601,168.092667,155.79719,139.344939,122.11635,106.117687
323,2025-10-12 06:59:21,proposed,74.993855,59.885069,45.206646,32.306527,22.309473,14.273628,2.420855,-17.368554,-34.351259,-38.730552,-44.305447,-60.96178,-83.563352,-105.873989,-126.474452,-145.129149,-159.577451,-169.238397,-176.375785,-181.873775,-183.325799,-178.103406,-164.11261,-142.871615,-120.755176,-100.821882,-81.419665,-62.33974,-45.634237,-31.18727,-17.303905,-3.901023,9.240626,23.455577,40.216669,59.857061,81.259438,101.596813,119.704331,135.486411,147.232589,155.402812,160.847044,162.445849,159.429601,152.092667,139.79719,123.344939,106.11635,90.117687
324,2025-10-12 07:00:01,executed,74.993855,59.885069,45.206646,32.306527,22.309473,14.273628,2.420855,-17.368554,-34.351259,-38.730552,-44.305447,-60.96178,-83.563352,-105.873989,-126.474452,-145.129149,-159.577451,-169.238397,-176.375785,-181.873775,-183.325799,-178.103406,-164.11261,-142.871615,-120.755176,-100.821882,-81.419665,-62.33974,-45.634237,-31.18727,-17.303905,-3.901023,9.240626,23.455577,40.216669,59.857061,81.259438,101.596813,119.704331,135.486411,147.232589,155.402812,160.847044,162.445849,159.429601,152.092667,139.79719,123.344939,106.11635,90.117687
324,2025-10-12 07:00:18,proposed,-75.0,-60.0,-45.0,-30.0,-15.0,0.0,15.0,30.0,45.0,60.0,75.0,90.0,105.0,120.0,135.0,150.0,165.0,180.0,195.0,210.0,225.0,210.0,195.0,180.0,165.0,150.0,135.0,120.0,105.0,90.0,75.0,60.0,45.0,30.0,15.0,0.0,-15.0,-30.0,-45.0,-60.0,-75.0,-90.0,-105.0,-120.0,-135.0,-150.0,-165.0,-180.0,-195.0,-210.0
325,2025-10-12 07:00:58,executed,-75.0,-60.0,-45.0,-30.0,-15.0,0.0,15.0,30.0,45.0,60.0,75.0,90.0,105.0,120.0,135.0,150.0,165.0,180.0,195.0,210.0,225.0,210.0,195.0,180.0,165.0,150.0,135.0,120.0,105.0,90.0,75.0,60.0,45.0,30.0,15.0,0.0,-15.0,-30.0,-45.0,-60.0,-75.0,-90.0,-105.0,-120.0,-135.0,-150.0,-165.0,-180.0,-195.0,-210.0
325,2025-10-12 07:01:25,proposed,-75.993855,-59.885069,-45.206646,-32.306527,-22.309473,-14.273628,-2.420855,17.368554,34.351259,38.730552,44.305447,60.96178,83.563352,105.873989,126.474452,145.129149,159.577451,169.238397,176.375785,181.873775,183.325799,178.103406,164.11261,142.871615,120.755176,100.821882,81.419665,62.33974,45.634237,31.18727,17.303905,-6.098977,-19.240626,-33.455577,-50.216669,-69.857061,-91.259438,-111.596813,-129.704331,-145.486411,-157.232589,-165.402812,-170.847044,-172.445849,-169.429601,-162.092667,-149.79719,-133.344939,-116.11635,-100.117687
326,2025-10-12 07:02:05,executed,-75.993855,-59.885069,-45.206646,-32.306527,-22.309473,-14.273628,-2.420855,17.368554,34.351259,38.730552,44.305447,60.96178,83.563352,105.873989,126.474452,145.129149,159.577451,169.238397,176.375785,181.873775,183.325799,178.103406,164.11261,142.871615,120.755176,100.821882,81.419665,62.33974,45.634237,31.18727,17.303905,-6.098977,-19.240626,-33.455577,-50.216669,-69.857061,-91.259438,-111.596813,-129.704331,-145.486411,-157.232589,-165.402812,-170.847044,-172.445849,-169.429601,-162.092667,-149.79719,-133.344939,-116.11635,-100.117687
326,2025-10-12 07:02:42,proposed,85.993855,70.885069,56.206646,43.306527,33.309473,25.273628,13.420855,-6.368554,-23.351259,-27.730552,-33.305447,-50.96178,-73.563352,-95.873989,-116.474452,-135.129149,-149.577451,-159.238397,-166.375785,-171.873775,-173.325799,-168.103406,-154.11261,-132.871615,-110.755176,-90.821882,-71.419665,-52.33974,-35.634237,-21.18727,-7.303905,6.098977,19.240626,33.455577,50.216669,69.857061,91.259438,111.596813,129.704331,145.486411,157.232589,165.402812,170.847044,172.445849,169.429601,162.092667,149.79719,133.344939,116.11635,100.117687
327,2025-10-12 07:03:22,executed,85.993855,70.885069,56.206646,43.306527,33.309473,25.273628,13.420855,-6.368554,-23.351259,-27.730552,-33.305447,-50.96178,-73.563352,-95.873989,-116.474452,-135.129149,-149.577451,-159.238397,-166.375785,-171.873775,-173.325799,-168.103406,-154.11261,-132.871615,-110.755176,-90.821882,-71.419665,-52.33974,-35.634237,-21.18727,-7.303905,6.098977,19.240626,33.455577,50.216669,69.857061,91.259438,111.596813,129.704331,145.486411,157.232589,165.402812,170.847044,172.445849,169.429601,162.092667,149.79719,133.344939,116.11635,100.117687
327,2025-10-12 07:03:46,proposed,84.993855,69.885069,55.206646,42.306527,32.309473,24.273628,12.420855,-7.368554,-24.351259,-28.730552,-34.305447,-50.96178,-73.563352,-95.873989,-116.474452,-135.129149,-149.577451,-159.238397,-166.375785,-171.873775,-173.325799,-168.103406,-154.11261,-132.871615,-110.755176,-90.821882,-71.419665,-52.33974,-35.634237,-21.18727,-7.303905,6.098977,19.240626,33.455577,50.216669,69.857061,91.259438,111.596813,129.704331,145.486411,157.232589,165.402812,170.847044,172.445849,169.429601,162.092667,149.79719,133.344939,116.11635,100.117687
328,2025-10-12 07:04:26,executed,84.993855,69.885069,55.206646,42.306527,32.309473,24.273628,12.420855,-7.368554,-24.351259,-28.730552,-34.305447,-50.96178,-73.563352,-95.873989,-116.474452,-135.129149,-149.577451,-159.238397,-166.375785,-171.873775,-173.325799,-168.103406,-154.11261,-132.871615,-110.755176,-90.821882,-71.419665,-52.33974,-35.634237,-21.18727,-7.303905,6.098977,19.240626,33.455577,50.216669,69.857061,91.259438,111.596813,129.704331,145.486411,157.232589,165.402812,170.847044,172.445849,169.429601,162.092667,149.79719,133.344939,116.11635,100.117687
328,2025-10-12 07:04:51,proposed,83.993855,68.885069,54.206646,41.306527,31.309473,23.273628,11.420855,-8.368554,-25.351259,-29.730552,-35.305447,-51.96178,-74.563352,-96.873989,-117.474452,-136.129149,-150.577451,-160.238397,-167.375785,-172.873775,-174.325799,-169.103406,-155.11261,-133.871615,-111.755176,-91.821882,-72.419665,-53.33974,-36.634237,-22.18727,-8.303905,5.098977,18.240626,32.455577,49.216669,68.857061,90.259438,110.596813,128.704331,144.486411,156.232589,164.402812,169.847044,171.445849,168.429601,161.092667,148.79719,132.344939,115.11635,99.117687
329,2025-10-12 07:05:31,executed,83.993855,68.885069,54.206646,41.306527,31.309473,23.273628,11.420855,-8.368554,-25.351259,-29.730552,-35.305447,-51.96178,-74.563352,-96.873989,-117.474452,-136.129149,-150.577451,-160.238397,-167.375785,-172.873775,-174.325799,-169.103406,-155.11261,-133.871615,-111.755176,-91.821882,-72.419665,-53.33974,-36.634237,-22.18727,-8.303905,5.098977,18.240626,32.455577,49.216669,68.857061,90.259438,110.596813,128.704331,144.486411,156.232589,164.402812,169.847044,171.445849,168.429601,161.092667,148.79719,132.344939,115.11635,99.117687
329,2025-10-12 07:05:56,proposed,84.993855,69.885069,55.206646,42.306527,32.309473,24.273628,12.420855,-7.368554,-24.351259,-28.730552,-34.305447,-50.96178,-73.563352,-95.873989,-116.474452,-135.129149,-149.577451,-159.238397,-166.375785,-171.873775,-173.325799,-168.103406,-154.11261,-132.871615,-110.755176,-90.821882,-71.419665,-52.33974,-35.634237,-21.18727,-7.303905,6.098977,19.240626,33.455577,50.216669,69.857061,91.259438,111.596813,129.704331,145.486411,157.232589,165.402812,170.847044,172.445849,169.429601,162.092667,149.79719,133.344939,116.11635,100.117687
330,2025-10-12 07:06:36,executed,84.993855,69.885069,55.206646,42.306527,32.309473,24.273628,12.420855,-7.368554,-24.351259,-28.730552,-34.305447,-50.96178,-73.563352,-95.873989,-116.474452,-135.129149,-149.577451,-159.238397,-166.375785,-171.873775,-173.325799,-168.103406,-154.11261,-132.871615,-110.755176,-90.821882,-71.419665,-52.33974,-35.634237,-21.18727,-7.303905,6.098977,19.240626,33.455577,50.216669,69.857061,91.259438,111.596813,129.704331,145.486411,157.232589,165.402812,170.847044,172.445849,169.429601,162.092667,149.79719,133.344939,116.11635,100.117687
330,2025-10-12 07:06:58,proposed,-100.0,-80.0,-60.0,-40.0,-20.0,0.0,20.0,40.0,60.0,80.0,-110.0,-90.0,-70.0,-50.0,-30.0,-10.0,10.0,30.0,50.0,70.0,-120.0,-100.0,-80.0,-60.0,-40.0,-20.0,0.0,20.0,40.0,60.0,80.0,100.0,120.0,140.0,160.0,180.0,200.0,220.0,240.0,260.0,280.0,300.0,320.0,340.0,360.0,380.0,400.0,420.0,440.0,460.0
331,2025-10-12 07:07:38,executed,-100.0,-80.0,-60.0,-40.0,-20.0,0.0,20.0,40.0,60.0,80.0,-110.0,-90.0,-70.0,-50.0,-30.0,-10.0,10.0,30.0,50.0,70.0,-120.0,-100.0,-80.0,-60.0,-40.0,-20.0,0.0,20.0,40.0,60.0,80.0,100.0,120.0,140.0,160.0,180.0,200.0,220.0,240.0,260.0,280.0,300.0,320.0,340.0,360.0,380.0,400.0,420.0,440.0,460.0
331,2025-10-12 07:08:13,proposed,-79.324373,-64.114931,-49.436367,-35.706473,-23.192677,-12.004651,-2.314024,5.767062,12.119465,16.03195,18.854122,22.035036,27.214625,34.622677,43.128696,52.382101,61.132152,68.228057,72.628993,73.734259,71.233156,65.005084,55.319438,43.025495,29.862542,17.219865,5.616644,-4.566963,-12.441961,-17.730688,-19.835555,-18.359872,-13.106844,-4.979681,6.014533,18.242939,31.537946,44.27257,55.109831,62.812723,66.503233,66.031358,62.07209,55.078324,45.712041,34.625103,22.469372,10.006721,-1.722899,-12.613426
332,2025-10-12 07:08:53,executed,-79.324373,-64.114931,-49.436367,-35.706473,-23.192677,-12.004651,-2.314024,5.767062,12.119465,16.03195,18.854122,22.035036,27.214625,34.622677,43.128696,52.382101,61.132152,68.228057,72.628993,73.734259,71.233156,65.005084,55.319438,43.025495,29.862542,17.219865,5.616644,-4.566963,-12.441961,-17.730688,-19.835555,-18.359872,-13.106844,-4.979681,6.014533,18.242939,31.537946,44.27257,55.109831,62.812723,66.503233,66.031358,62.07209,55.078324,45.712041,34.625103,22.469372,10.006721,-1.722899,-12.613426
332,2025-10-12 07:09:11,proposed,-78.012145,-62.914931,-48.236554,-34.336473,-22.309473,-12.273628,-4.420855,5.368554,22.351259,26.730552,32.305447,48.96178,71.563352,93.873989,114.474452,133.129149,147.577451,157.238397,164.375785,169.873775,171.325799,166.103406,152.11261,131.871615,109.755176,89.821882,70.419665,51.33974,34.634237,20.18727,6.303905,-7.098977,-20.240626,-34.455577,-51.216669,-70.857061,-92.259438,-112.596813,-130.704331,-146.486411,-158.232589,-166.402812,-171.847044,-173.445849,-170.429601,-163.092667,-150.79719,-134.344939,-117.11635,-101.117687
333,2025-10-12 07:09:51,executed,-78.012145,-62.914931,-48.236554,-34.336473,-22.309473,-12.273628,-4.420855,5.368554,22.351259,26.730552,32.305447,48.96178,71.563352,93.873989,114.474452,133.129149,147.577451,157.238397,164.375785,169.873775,171.325799,166.103406,152.11261,131.871615,109.755176,89.821882,70.419665,51.33974,34.634237,20.18727,6.303905,-7.098977,-20.240626,-34.455577,-51.216669,-70.857061,-92.259438,-112.596813,-130.704331,-146.486411,-158.232589,-166.402812,-171.847044,-173.445849,-170.429601,-163.092667,-150.79719,-134.344939,-117.11635,-101.117687
333,2025-10-12 07:10:23,proposed,-10.993855,-5.885069,-0.206646,-2.306527,-12.309473,-4.273628,-2.420855,-17.368554,-4.351259,-38.730552,-4.305447,-60.96178,-83.563352,-105.873989,-126.474452,-145.129149,-159.577451,-169.238397,-176.375785,-181.873775,-183.325799,-178.103406,-164.11261,-142.871615,-120.755176,-100.821882,-81.419665,-62.33974,-45.634237,-31.18727,-17.303905,-3.901023,-1.759374,-1.544423,-9.783331,-1.142939,-1.740562,-1.403187,-1.295669,-1.513589,-1.767411,-1.597188,-1.152956,-1.570399,-1.570399,-1.907333,-1.20281,-1.655061,-1.88365,-1.882313
334,2025-10-12 07:11:03,executed,-10.993855,-5.885069,-0.206646,-2.306527,-12.309473,-4.273628,-2.420855,-17.368554,-4.351259,-38.730552,-4.305447,-60.96178,-83.563352,-105.873989,-126.474452,-145.129149,-159.577451,-169.238397,-176.375785,-181.873775,-183.325799,-178.103406,-164.11261,-142.871615,-120.755176,-100.821882,-81.419665,-62.33974,-45.634237,-31.18727,-17.303905,-3.901023,-1.759374,-1.544423,-9.783331,-1.142939,-1.740562,-1.403187,-1.295669,-1.513589,-1.767411,-1.597188,-1.152956,-1.570399,-1.570399,-1.907333,-1.20281,-1.655061,-1.88365,-1.882313
334,2025-10-12 07:11:23,proposed,74.993855,45.81824695833333,23.142560833333334,3.902451624999994,-31.52080816666666,-43.14401054166666,-77.91295900000001,-120.46598362499996,-154.76135033333333,-173.6992645,-182.720789,-170.52505816666667,-131.81339549999996,-91.92919920833337,-55.37911375000002,-25.98100812500001,0.4795266666666671,28.344228833333283,65.20765525000003,105.3692125833333,137.4441073333333,156.08334100000002,162.19449500000002,151.58035545833334,123.344939,106.11635,26.9990285,15.115679916666668,2.070871624999997,-33.951103833333335,-83.40312095833332,-70.2829685,-65.35430466666666,-66.550271,-59.091613124999995,-41.11871650000001,-17.768954166666674,0.46497050000000906,7.060743416666666,3.151700583333339,-8.234689749999996,-20.431077333333334,-31.130703666666655,-35.71734925,-29.81045404166668,-12.69996700000003,9.478389750000039,31.110582499999992,39.46207291666666,36.676611
335,2025-10-12 07:12:03,executed,74.993855,45.81824695833333,23.142560833333334,3.902451624999994,-31.52080816666666,-43.14401054166666,-77.91295900000001,-120.46598362499996,-154.76135033333333,-173.6992645,-182.720789,-170.52505816666667,-131.81339549999996,-91.92919920833337,-55.37911375000002,-25.98100812500001,0.4795266666666671,28.344228833333283,65.20765525000003,105.3692125833333,137.4441073333333,156.08334100000002,162.19449500000002,151.58035545833334,123.344939,106.11635,26.9990285,15.115679916666668,2.070871624999997,-33.951103833333335,-83.40312095833332,-70.2829685,-65.35430466666666,-66.550271,-59.091613124999995,-41.11871650000001,-17.768954166666674,0.46497050000000906,7.060743416666666,3.151700583333339,-8.234689749999996,-20.431077333333334,-31.130703666666655,-35.71734925,-29.81045404166668,-12.69996700000003,9.478389750000039,31.110582499999992,39.46207291666666,36.676611
335,2025-10-12 07:12:21,proposed,-74.993855,-59.885069,-45.206646,-32.306527,-22.309473,-14.273628,-2.420855,17.368554,34.351259,38.730552,44.305447,60.96178,83.563352,105.873989,126.474452,145.129149,159.577451,169.238397,176.375785,181.873775,183.325799,178.103406,164.11261,142.871615,120.755176,100.821882,81.419665,62.33974,45.634237,31.18727,17.303905,-6.098977,-19.240626,-33.455577,-50.216669,-69.857061,-91.259438,-111.596813,-129.704331,-145.486411,-157.232589,-165.402812,-170.847044,-172.445849,-169.429601,-162.092667,-149.79719,-133.344939,-116.11635,-100.117687
336,2025-10-12 07:13:01,executed,-74.993855,-59.885069,-45.206646,-32.306527,-22.309473,-14.273628,-2.420855,17.368554,34.351259,38.730552,44.305447,60.96178,83.563352,105.873989,126.474452,145.129149,159.577451,169.238397,176.375785,181.873775,183.325799,178.103406,164.11261,142.871615,120.755176,100.821882,81.419665,62.33974,45.634237,31.18727,17.303905,-6.098977,-19.240626,-33.455577,-50.216669,-69.857061,-91.259438,-111.596813,-129.704331,-145.486411,-157.232589,-165.402812,-170.847044,-172.445849,-169.429601,-162.092667,-149.79719,-133.344939,-116.11635,-100.117687
336,2025-10-12 07:13:31,proposed,74.993855,59.885069,45.206646,32.306527,22.309473,14.273628,2.420855,-17.368554,-34.351259,-38.730552,-44.305447,-60.96178,-83.563352,-105.873989,-126.474452,-145.129149,-159.577451,-169.238397,-176.375785,-181.873775,-183.325799,-178.103406,-164.11261,-142.871615,-120.755176,-100.821882,-81.419665,-62.33974,-45.634237,-31.18727,-17.303905,-3.901023,9.240626,23.455577,40.216669,59.857061,81.259438,101.596813,119.704331,135.486411,147.232589,155.402812,160.847044,162.445849,159.429601,152.092667,139.79719,123.344939,106.11635,90.117687
337,2025-10-12 07:14:11,executed,74.993855,59.885069,45.206646,32.306527,22.309473,14.273628,2.420855,-17.368554,-34.351259,-38.730552,-44.305447,-60.96178,-83.563352,-105.873989,-126.474452,-145.129149,-159.577451,-169.238397,-176.375785,-181.873775,-183.325799,-178.103406,-164.11261,-142.871615,-120.755176,-100.821882,-81.419665,-62.33974,-45.634237,-31.18727,-17.303905,-3.901023,9.240626,23.455577,40.216669,59.857061,81.259438,101.596813,119.704331,135.486411,147.232589,155.402812,160.847044,162.445849,159.429601,152.092667,139.79719,123.344939,106.11635,90.117687
337,2025-10-12 07:14:29,proposed,74.993855,59.885069,45.206646,32.306527,22.309473,14.273628,2.420855,-17.368554,-34.351259,-38.730552,-44.305447,-60.96178,-83.563352,-105.873989,-126.474452,-145.129149,-159.577451,-169.238397,-176.375785,-181.873775,-183.325799,-178.103406,-164.11261,-142.871615,-120.755176,-100.821882,-81.419665,-62.33974,-45.634237,-31.18727,-17.303905,-3.901023,9.240626,23.455577,40.216669,59.857061,81.259438,101.596813,119.704331,135.486411,147.232589,155.402812,160.847044,162.445849,159.429601,152.092667,139.79719,123.344939,106.11635,90.117687
338,2025-10-12 07:15:09,executed,74.993855,59.885069,45.206646,32.306527,22.309473,14.273628,2.420855,-17.368554,-34.351259,-38.730552,-44.305447,-60.96178,-83.563352,-105.873989,-126.474452,-145.129149,-159.577451,-169.238397,-176.375785,-181.873775,-183.325799,-178.103406,-164.11261,-142.871615,-120.755176,-100.821882,-81.419665,-62.33974,-45.634237,-31.18727,-17.303905,-3.901023,9.240626,23.455577,40.216669,59.857061,81.259438,101.596813,119.704331,135.486411,147.232589,155.402812,160.847044,162.445849,159.429601,152.092667,139.79719,123.344939,106.11635,90.117687
338,2025-10-12 07:15:26,proposed,80.993855,65.885069,51.206646,38.306527,28.309473,20.273628,8.420855,-11.368554,-28.351259,-32.730552,-38.305447,-54.96178,-77.563352,-99.873989,-120.474452,-139.129149,-153.577451,-163.238397,-170.375785,-175.873775,-177.325799,-172.103406,-158.11261,-136.871615,-114.755176,-94.821882,-75.419665,-56.33974,-39.634237,-25.18727,-11.303905,2.098977,15.240626,29.455577,46.216669,65.857061,87.259438,107.596813,125.704331,141.486411,153.232589,161.402812,166.847044,168.445849,165.429601,158.092667,145.79719,129.344939,112.11635,96.117687
339,2025-10-12 07:16:06,executed,80.993855,65.885069,51.206646,38.306527,28.309473,20.273628,8.420855,-11.368554,-28.351259,-32.730552,-38.305447,-54.96178,-77.563352,-99.873989,-120.474452,-139.129149,-153.577451,-163.238397,-170.375785,-175.873775,-177.325799,-172.103406,-158.11261,-136.871615,-114.755176,-94.821882,-75.419665,-56.33974,-39.634237,-25.18727,-11.303905,2.098977,15.240626,29.455577,46.216669,65.857061,87.259438,107.596813,125.704331,141.486411,153.232589,161.402812,166.847044,168.445849,165.429601,158.092667,145.79719,129.344939,112.11635,96.117687
339,2025-10-12 07:16:24,proposed,74.993855,59.885069,45.206646,32.306527,22.309473,14.273628,2.420855,-17.368554,-34.351259,-38.730552,-44.305447,-60.96178,-83.563352,-105.873989,-126.474452,-145.129149,-159.577451,-169.238397,-176.375785,-181.873775,-183.325799,-178.103406,-164.11261,-142.871615,-120.755176,-100.821882,-81.419665,-62.33974,-45.634237,-31.18727,-17.303905,-3.901023,9.240626,23.455577,40.216669,59.857061,81.259438,101.596813,119.704331,135.486411,147.232589,155.402812,160.847044,162.445849,159.429601,152.092667,139.79719,123.344939,106.11635,90.117687
340,2025-10-12 07:17:04,executed,74.993855,59.885069,45.206646,32.306527,22.309473,14.273628,2.420855,-17.368554,-34.351259,-38.730552,-44.305447,-60.96178,-83.563352,-105.873989,-126.474452,-145.129149,-159.577451,-169.238397,-176.375785,-181.873775,-183.325799,-178.103406,-164.11261,-142.871615,-120.755176,-100.821882,-81.419665,-62.33974,-45.634237,-31.18727,-17.303905,-3.901023,9.240626,23.455577,40.216669,59.857061,81.259438,101.596813,119.704331,135.486411,147.232589,155.402812,160.847044,162.445849,159.429601,152.092667,139.79719,123.344939,106.11635,90.117687
340,2025-10-12 07:17:27,proposed,-101.755,-86.646,-72.0,-58.907,-47.309,-37.274,-28.726,-21.639,-15.951,-11.569,-8.343,-6.105,-4.657,-3.806,-3.362,-3.142,-3.007,-2.824,-2.477,-1.869,-0.935,0.279,1.881,3.796,6.061,8.719,11.781,15.26,19.176,23.543,28.374,33.682,39.478,45.774,52.582,59.913,67.778,76.188,85.154,94.686,104.795,115.489,126.778,138.669,151.169,164.285,178.023,192.389,207.38,223.0
341,2025-10-12 07:18:07,executed,-101.755,-86.646,-72.0,-58.907,-47.309,-37.274,-28.726,-21.639,-15.951,-11.569,-8.343,-6.105,-4.657,-3.806,-3.362,-3.142,-3.007,-2.824,-2.477,-1.869,-0.935,0.279,1.881,3.796,6.061,8.719,11.781,15.26,19.176,23.543,28.374,33.682,39.478,45.774,52.582,59.913,67.778,76.188,85.154,94.686,104.795,115.489,126.778,138.669,151.169,164.285,178.023,192.389,207.38,223.0
341,2025-10-12 07:18:26,proposed,83.993855,68.885069,54.206646,41.306527,31.309473,23.273628,11.420855,-8.368554,-25.351259,-29.730552,-35.305447,-51.96178,-74.563352,-96.873989,-117.474452,-136.129149,-150.577451,-160.238397,-167.375785,-172.873775,-174.325799,-169.103406,-155.11261,-133.871615,-111.755176,-91.821882,-72.419665,-53.33974,-36.634237,-22.18727,-8.303905,5.098977,18.240626,32.455577,49.216669,68.857061,90.259438,110.596813,128.704331,144.486411,156.232589,164.402812,169.847044,171.445849,168.429601,161.092667,148.79719,132.344939,115.11635,99.117687
342,2025-10-12 07:19:06,executed,83.993855,68.885069,54.206646,41.306527,31.309473,23.273628,11.420855,-8.368554,-25.351259,-29.730552,-35.305447,-51.96178,-74.563352,-96.873989,-117.474452,-136.129149,-150.577451,-160.238397,-167.375785,-172.873775,-174.325799,-169.103406,-155.11261,-133.871615,-111.755176,-91.821882,-72.419665,-53.33974,-36.634237,-22.18727,-8.303905,5.098977,18.240626,32.455577,49.216669,68.857061,90.259438,110.596813,128.704331,144.486411,156.232589,164.402812,169.847044,171.445849,168.429601,161.092667,148.79719,132.344939,115.11635,99.117687
342,2025-10-12 07:19:23,proposed,-7.303905,6.098977,19.240626,33.455577,50.216669,69.857061,91.259438,111.596813,129.704331,145.486411,157.232589,165.402812,170.847044,172.445849,169.429601,162.092667,149.79719,133.344939,116.11635,100.117687,34.254739,29.930115,24.678004,18.37642,11.170079,2.594627,-11.680548,-38.735428,-61.330785,-54.551031,-39.820681,-36.935136,-39.02968,-40.045511,-39.303201,-36.18576,-29.635765,-20.488875,-9.569289,2.788452,14.835595,24.992636,31.936633,35.02832,35.098438,32.884945,28.724358,23.129088,16.82561,10.515734
343,2025-10-12 07:20:03,executed,-7.303905,6.098977,19.240626,33.455577,50.216669,69.857061,91.259438,111.596813,129.704331,145.486411,157.232589,165.402812,170.847044,172.445849,169.429601,162.092667,149.79719,133.344939,116.11635,100.117687,34.254739,29.930115,24.678004,18.37642,11.170079,2.594627,-11.680548,-38.735428,-61.330785,-54.551031,-39.820681,-36.935136,-39.02968,-40.045511,-39.303201,-36.18576,-29.635765,-20.488875,-9.569289,2.788452,14.835595,24.992636,31.936633,35.02832,35.098438,32.884945,28.724358,23.129088,16.82561,10.515734
343,2025-10-12 07:20:22,proposed,-10.262,-1.153,1.371,1.541,0.848,-0.031,-0.683,-1.019,-1.126,-1.063,-0.901,-0.684,-0.441,-0.199,0.034,0.253,0.431,0.562,0.644,0.677,0.663,0.604,0.504,0.377,0.23,0.071,-0.09,-0.243,-0.378,-0.488,-0.567,-0.608,-0.605,-0.556,-0.467,-0.347,-0.203,-0.05,0.106,0.247,0.363,0.446,0.489,0.488,0.442,0.359,0.242,0.101,-0.036,-0.163
344,2025-10-12 07:21:02,executed,-10.262,-1.153,1.371,1.541,0.848,-0.031,-0.683,-1.019,-1.126,-1.063,-0.901,-0.684,-0.441,-0.199,0.034,0.253,0.431,0.562,0.644,0.677,0.663,0.604,0.504,0.377,0.23,0.071,-0.09,-0.243,-0.378,-0.488,-0.567,-0.608,-0.605,-0.556,-0.467,-0.347,-0.203,-0.05,0.106,0.247,0.363,0.446,0.489,0.488,0.442,0.359,0.242,0.101,-0.036,-0.163
344,2025-10-12 07:21:19,proposed,-74.993855,-69.885069,-55.206646,-42.306527,-32.309473,-24.273628,-12.420855,7.368554,24.351259,28.730552,34.305447,50.96178,73.563352,95.873989,116.474452,135.129149,149.577451,159.238397,166.375785,171.873775,173.325799,168.103406,154.11261,132.871615,110.755176,90.821882,71.419665,52.33974,35.634237,21.18727,7.303905,-6.098977,-19.240626,-33.455577,-50.216669,-69.857061,-91.259438,-111.596813,-129.704331,-145.486411,-157.232589,-165.402812,-170.847044,-172.445849,-169.429601,-162.092667,-149.79719,-133.344939,-116.11635,-100.117687
345,2025-10-12 07:21:59,executed,-74.993855,-69.885069,-55.206646,-42.306527,-32.309473,-24.273628,-12.420855,7.368554,24.351259,28.730552,34.305447,50.96178,73.563352,95.873989,116.474452,135.129149,149.577451,159.238397,166.375785,171.873775,173.325799,168.103406,154.11261,132.871615,110.755176,90.821882,71.419665,52.33974,35.634237,21.18727,7.303905,-6.098977,-19.240626,-33.455577,-50.216669,-69.857061,-91.259438,-111.596813,-129.704331,-145.486411,-157.232589,-165.402812,-170.847044,-172.445849,-169.429601,-162.092667,-149.79719,-133.344939,-116.11635,-100.117687
345,2025-10-12 07:22:32,proposed,-75.296,-44.9715,-21.94233333333333,-0.260624999999997,34.688833333333335,47.383,88.74875000000002,131.52404166666665,162.40633333333335,178.04575000000003,180.85816666666668,154.08554166666664,110.50049999999999,70.74583333333331,36.82158333333337,2.292999999999907,-29.100666666666665,-64.50966666666666,-106.89275000000006,-142.5749166666667,-164.42433333333332,-172.62925,-163.08741666666666,-134.4135416666667,-100.5,-34.255,-24.41541666666667,-10.455416666666666,15.062750000000005,60.201,39.21975,39.284,38.393875,26.587,4.935124999999983,-19.068083333333334,-33.35370833333334,-33.9915,-25.693374999999993,-13.145166666666684,0.0590000000000277,15.458000000000002,29.508458333333333,34.8865,31.10012499999999,15.298666666666666,-7.441500000000014,-30.52883333333336,-40.294916666666666,-37.561
346,2025-10-12 07:23:12,executed,-75.296,-44.9715,-21.94233333333333,-0.260624999999997,34.688833333333335,47.383,88.74875000000002,131.52404166666665,162.40633333333335,178.04575000000003,180.85816666666668,154.08554166666664,110.50049999999999,70.74583333333331,36.82158333333337,2.292999999999907,-29.100666666666665,-64.50966666666666,-106.89275000000006,-142.5749166666667,-164.42433333333332,-172.62925,-163.08741666666666,-134.4135416666667,-100.5,-34.255,-24.41541666666667,-10.455416666666666,15.062750000000005,60.201,39.21975,39.284,38.393875,26.587,4.935124999999983,-19.068083333333334,-33.35370833333334,-33.9915,-25.693374999999993,-13.145166666666684,0.0590000000000277,15.458000000000002,29.508458333333333,34.8865,31.10012499999999,15.298666666666666,-7.441500000000014,-30.52883333333336,-40.294916666666666,-37.561
346,2025-10-12 07:23:31,proposed,85.993855,55.66914104166666,32.639819249999995,10.947178874999997,-24.081141166666665,-36.98384970833334,-79.14101125,-121.91540529166666,-152.79776633333333,-168.43753125,-171.14980191666666,-144.37715395833328,-100.78852900000001,-61.08470562499997,-27.206839583333373,1.0728962500000545,28.717259999999996,64.12861333333333,106.51246925000005,142.19847766666672,164.04110816666667,172.245998375,162.70407816666665,134.03044945833335,100.117687,19.296539,20.256880250000002,17.304858749999998,1.513038124999997,-34.788702666666666,-22.652323375,-24.605025,-24.444808875,-15.005277666666666,0.39120575000001034,14.948748916666666,23.74230954166667,26.0339445,24.058873624999997,20.32511666666667,14.645474749999984,2.2341799999999994,-12.265962874999998,-20.036340250000006,-23.142744458333336,-22.177286,-13.081434874999992,1.1043790833333516,13.072539124999993,17.755942
347,2025-10-12 07:24:11,executed,85.993855,55.66914104166666,32.639819249999995,10.947178874999997,-24.081141166666665,-36.98384970833334,-79.14101125,-121.91540529166666,-152.79776633333333,-168.43753125,-171.14980191666666,-144.37715395833328,-100.78852900000001,-61.08470562499997,-27.206839583333373,1.0728962500000545,28.717259999999996,64.12861333333333,106.51246925000005,142.19847766666672,164.04110816666667,172.245998375,162.70407816666665,134.03044945833335,100.117687,19.296539,20.256880250000002,17.304858749999998,1.513038124999997,-34.788702666666666,-22.652323375,-24.605025,-24.444808875,-15.005277666666666,0.39120575000001034,14.948748916666666,23.74230954166667,26.0339445,24.058873624999997,20.32511666666667,14.645474749999984,2.2341799999999994,-12.265962874999998,-20.036340250000006,-23.142744458333336,-22.177286,-13.081434874999992,1.1043790833333516,13.072539124999993,17.755942
347,2025-10-12 07:24:33,proposed,-104.993855,-74.13163608333335,-50.9701655,-31.157779750000003,-45.81102333333333,-61.24558574999998,-104.7186705,-147.3563585833333,-176.01808166666663,-190.4992775,-188.97380483333333,-154.6416979166667,-110.821882,-70.94761475000007,-38.873375833333355,-12.634389250000002,-22.042607666666605,-61.77471808333323,-103.650572,-135.3383481666666,-152.0323,-153.183663,-134.8464361666667,-100.55206575000004,-14.254739,-19.930115,-32.22410841666667,-49.784568833333324,-94.38426725,-99.64091433333334,-87.80786266666667,-89.674356,-82.36492958333335,-63.20915100000002,-38.17619075,-19.22069983333334,-14.912125166666668,-21.275642,-33.70021299999998,-46.920419166666655,-62.187742750000005,-77.39534466666665,-84.57107108333334,-82.1546425,-67.76549333333337,-44.95439800000004,-21.2493345,-9.960647333333341,-12.18806216666666,-10.421489
348,2025-10-12 07:25:13,executed,-104.993855,-74.13163608333335,-50.9701655,-31.157779750000003,-45.81102333333333,-61.24558574999998,-104.7186705,-147.3563585833333,-176.01808166666663,-190.4992775,-188.97380483333333,-154.6416979166667,-110.821882,-70.94761475000007,-38.873375833333355,-12.634389250000002,-22.042607666666605,-61.77471808333323,-103.650572,-135.3383481666666,-152.0323,-153.183663,-134.8464361666667,-100.55206575000004,-14.254739,-19.930115,-32.22410841666667,-49.784568833333324,-94.38426725,-99.64091433333334,-87.80786266666667,-89.674356,-82.36492958333335,-63.20915100000002,-38.17619075,-19.22069983333334,-14.912125166666668,-21.275642,-33.70021299999998,-46.920419166666655,-62.187742750000005,-77.39534466666665,-84.57107108333334,-82.1546425,-67.76549333333337,-44.95439800000004,-21.2493345,-9.960647333333341,-12.18806216666666,-10.421489
348,2025-10-12 07:25:30,proposed,-100.0,-90.0,-80.0,-70.0,-60.0,-50.0,-40.0,-30.0,-20.0,-10.0,0.0,10.0,20.0,30.0,40.0,50.0,60.0,70.0,80.0,90.0,100.0,90.0,80.0,70.0,60.0,50.0,40.0,30.0,20.0,10.0,-10.0,-20.0,-30.0,-40.0,-50.0,-60.0,-70.0,-80.0,-90.0,-100.0,-90.0,-80.0,-70.0,-60.0,-50.0,-40.0,-30.0,-20.0,-10.0,0.0
349,2025-10-12 07:26:10,executed,-100.0,-90.0,-80.0,-70.0,-60.0,-50.0,-40.0,-30.0,-20.0,-10.0,0.0,10.0,20.0,30.0,40.0,50.0,60.0,70.0,80.0,90.0,100.0,90.0,80.0,70.0,60.0,50.0,40.0,30.0,20.0,10.0,-10.0,-20.0,-30.0,-40.0,-50.0,-60.0,-70.0,-80.0,-90.0,-100.0,-90.0,-80.0,-70.0,-60.0,-50.0,-40.0,-30.0,-20.0,-10.0,0.0
349,2025-10-12 07:26:28,proposed,84.893855,54.56914104166666,31.53981925,9.847178874999997,-25.181141166666666,-37.875516375000004,-79.24101125000001,-122.01540529166665,-152.89776633333332,-168.53753125,-171.24980191666668,-144.4771539583333,-100.888529,-61.18470562499998,-27.30683958333337,0.9728962500000549,28.617259999999998,64.02861333333333,106.41246925000006,142.09847766666672,163.94110816666665,172.14599837499998,162.60407816666665,133.93044945833336,100.017687,34.154739,24.315438,10.355457999999999,-15.162408000000005,-60.300826,-39.31952579166667,-39.38363775,-38.493947375000005,-26.686801666666668,-5.035136124999982,18.967695416666665,33.25365620833334,33.8916915,25.593586749999993,13.044849000000017,-0.15908537500002762,-15.557855666666667,-29.608288916666666,-34.986204750000006,-31.200460291666655,-15.398471333333333,7.341406375000016,30.428961166666696,40.19456291666666,37.460793
350,2025-10-12 07:27:08,executed,84.893855,54.56914104166666,31.53981925,9.847178874999997,-25.181141166666666,-37.875516375000004,-79.24101125000001,-122.01540529166665,-152.89776633333332,-168.53753125,-171.24980191666668,-144.4771539583333,-100.888529,-61.18470562499998,-27.30683958333337,0.9728962500000549,28.617259999999998,64.02861333333333,106.41246925000006,142.09847766666672,163.94110816666665,172.14599837499998,162.60407816666665,133.93044945833336,100.017687,34.154739,24.315438,10.355457999999999,-15.162408000000005,-60.300826,-39.31952579166667,-39.38363775,-38.493947375000005,-26.686801666666668,-5.035136124999982,18.967695416666665,33.25365620833334,33.8916915,25.593586749999993,13.044849000000017,-0.15908537500002762,-15.557855666666667,-29.608288916666666,-34.986204750000006,-31.200460291666655,-15.398471333333333,7.341406375000016,30.428961166666696,40.19456291666666,37.460793
350,2025-10-12 07:27:25,proposed,84.993855,69.885069,55.206646,42.306527,32.309473,24.273628,12.420855,-7.368554,-24.351259,-28.730552,-34.305447,-50.96178,-73.563352,-95.873989,-116.474452,-135.129149,-149.577451,-159.238397,-166.375785,-171.873775,-173.325799,-168.103406,-154.11261,-132.871615,-110.755176,-90.821882,-71.419665,-52.33974,-35.634237,-21.18727,-7.303905,6.098977,19.240626,33.455577,50.216669,69.857061,91.259438,111.596813,129.704331,145.486411,157.232589,165.402812,170.847044,172.445849,169.429601,162.092667,149.79719,133.344939,116.11635,100.117687
351,2025-10-12 07:28:05,executed,84.993855,69.885069,55.206646,42.306527,32.309473,24.273628,12.420855,-7.368554,-24.351259,-28.730552,-34.305447,-50.96178,-73.563352,-95.873989,-116.474452,-135.129149,-149.577451,-159.238397,-166.375785,-171.873775,-173.325799,-168.103406,-154.11261,-132.871615,-110.755176,-90.821882,-71.419665,-52.33974,-35.634237,-21.18727,-7.303905,6.098977,19.240626,33.455577,50.216669,69.857061,91.259438,111.596813,129.704331,145.486411,157.232589,165.402812,170.847044,172.445849,169.429601,162.092667,149.79719,133.344939,116.11635,100.117687
351,2025-10-12 07:28:22,proposed,-104.993855,-89.885069,-75.206646,-62.306527,-52.309473,-44.273628,-32.420855,-27.368554,-44.351259,-48.730552,-54.305447,-70.96178,-93.563352,-115.873989,-136.474452,-155.129149,-169.577451,-179.238397,-186.375785,-191.873775,-193.325799,-188.103406,-174.11261,-152.871615,-130.755176,-110.821882,-91.419665,-72.33974,-55.634237,-41.18727,-7.303905,6.098977,19.240626,33.455577,50.216669,69.857061,91.259438,111.596813,129.704331,145.486411,157.232589,165.402812,170.847044,172.445849,169.429601,162.092667,149.79719,133.344939,116.11635,100.117687
352,2025-10-12 07:29:02,executed,-104.993855,-89.885069,-75.206646,-62.306527,-52.309473,-44.273628,-32.420855,-27.368554,-44.351259,-48.730552,-54.305447,-70.96178,-93.563352,-115.873989,-136.474452,-155.129149,-169.577451,-179.238397,-186.375785,-191.873775,-193.325799,-188.103406,-174.11261,-152.871615,-130.755176,-110.821882,-91.419665,-72.33974,-55.634237,-41.18727,-7.303905,6.098977,19.240626,33.455577,50.216669,69.857061,91.259438,111.596813,129.704331,145.486411,157.232589,165.402812,170.847044,172.445849,169.429601,162.092667,149.79719,133.344939,116.11635,100.117687
352,2025-10-12 07:29:19,proposed,84.893855,69.785069,55.106646,42.206527,32.209473,24.173628,12.320855,-7.468554,-24.451259,-28.830552,-34.405447,-51.06178,-73.663352,-95.973989,-116.574452,-135.229149,-149.677451,-159.338397,-166.475785,-171.973775,-173.425799,-168.203406,-154.21261,-132.971615,-110.855176,-90.921882,-71.519665,-52.43974,-35.734237,-21.28727,-7.403905,5.998977,19.140626,33.355577,50.116669,69.757061,91.159438,111.496813,129.604331,145.386411,157.132589,165.302812,170.747044,172.345849,169.329601,161.992667,149.69719,133.244939,116.01635,100.017687
353,2025-10-12 07:29:59,executed,84.893855,69.785069,55.106646,42.206527,32.209473,24.173628,12.320855,-7.468554,-24.451259,-28.830552,-34.405447,-51.06178,-73.663352,-95.973989,-116.574452,-135.229149,-149.677451,-159.338397,-166.475785,-171.973775,-173.425799,-168.203406,-154.21261,-132.971615,-110.855176,-90.921882,-71.519665,-52.43974,-35.734237,-21.28727,-7.403905,5.998977,19.140626,33.355577,50.116669,69.757061,91.159438,111.496813,129.604331,145.386411,157.132589,165.302812,170.747044,172.345849,169.329601,161.992667,149.69719,133.244939,116.01635,100.017687
353,2025-10-12 07:30:17,proposed,-26.386,-11.735,-10.062,-1.969,1.342,1.682,1.529,1.136,0.674,0.182,-0.313,-0.847,-1.411,-1.998,-2.599,-3.206,-3.811,-4.406,-4.983,-5.534,-6.051,-6.526,-6.952,-7.321,-7.625,-7.858,-8.012,-8.082,-8.06,-7.939,-7.712,-7.375,-6.923,-6.353,-5.664,-4.856,-3.928,-2.881,-1.715,-0.43,0.972,2.49,4.123,5.868,7.724,9.688,11.758,13.932,16.207,18.581
354,2025-10-12 07:30:57,executed,-26.386,-11.735,-10.062,-1.969,1.342,1.682,1.529,1.136,0.674,0.182,-0.313,-0.847,-1.411,-1.998,-2.599,-3.206,-3.811,-4.406,-4.983,-5.534,-6.051,-6.526,-6.952,-7.321,-7.625,-7.858,-8.012,-8.082,-8.06,-7.939,-7.712,-7.375,-6.923,-6.353,-5.664,-4.856,-3.928,-2.881,-1.715,-0.43,0.972,2.49,4.123,5.868,7.724,9.688,11.758,13.932,16.207,18.581
354,2025-10-12 07:31:15,proposed,-79.993855,-89.885069,-75.206646,-62.306527,-52.309473,-44.273628,-32.420855,-27.368554,-44.351259,-48.730552,-54.305447,-70.96178,-93.563352,-115.873989,-136.474452,-155.129149,-169.577451,-179.238397,-186.375785,-191.873775,-193.325799,-188.103406,-174.11261,-152.871615,-130.755176,-110.821882,-91.419665,-72.33974,-55.634237,-41.18727,-27.303905,-16.098977,-2.240626,11.455577,28.216669,47.857061,69.259438,89.596813,107.704331,123.486411,135.232589,143.402812,148.847044,150.445849,147.429601,140.092667,127.79719,111.344939,94.11635,78.117687
355,2025-10-12 07:31:55,executed,-79.993855,-89.885069,-75.206646,-62.306527,-52.309473,-44.273628,-32.420855,-27.368554,-44.351259,-48.730552,-54.305447,-70.96178,-93.563352,-115.873989,-136.474452,-155.129149,-169.577451,-179.238397,-186.375785,-191.873775,-193.325799,-188.103406,-174.11261,-152.871615,-130.755176,-110.821882,-91.419665,-72.33974,-55.634237,-41.18727,-27.303905,-16.098977,-2.240626,11.455577,28.216669,47.857061,69.259438,89.596813,107.704331,123.486411,135.232589,143.402812,148.847044,150.445849,147.429601,140.092667,127.79719,111.344939,94.11635,78.117687
355,2025-10-12 07:32:14,proposed,-7.493855,-20.793354,-42.690527,-61.579145,-98.351259,-108.305447,-147.563352,-191.474452,-223.577451,-240.375785,-247.325799,-228.11261,-184.755176,-145.419665,-109.634237,-81.303905,-54.759374,-24.783331,16.259438,54.704331,82.232589,95.847044,94.429601,74.79719,41.11635,25.117687,10.155751,9.36449,3.783372,-33.789299,-49.588751,-38.806064,-42.823497,-39.72066,-27.202657,-12.020328,1.321992,8.042474,8.853485,6.192582,2.428395,-3.927898,-15.97884,-22.831035,-25.392738,-24.075108,-14.418171,-0.41885,11.18374,15.655942
356,2025-10-12 07:32:54,executed,-7.493855,-20.793354,-42.690527,-61.579145,-98.351259,-108.305447,-147.563352,-191.474452,-223.577451,-240.375785,-247.325799,-228.11261,-184.755176,-145.419665,-109.634237,-81.303905,-54.759374,-24.783331,16.259438,54.704331,82.232589,95.847044,94.429601,74.79719,41.11635,25.117687,10.155751,9.36449,3.783372,-33.789299,-49.588751,-38.806064,-42.823497,-39.72066,-27.202657,-12.020328,1.321992,8.042474,8.853485,6.192582,2.428395,-3.927898,-15.97884,-22.831035,-25.392738,-24.075108,-14.418171,-0.41885,11.18374,15.655942
356,2025-10-12 07:33:14,proposed,85.993855,70.885069,56.206646,43.306527,33.309473,25.273628,13.420855,-6.368554,-23.351259,-27.730552,-33.305447,-49.96178,-72.563352,-94.873989,-115.474452,-134.129149,-148.577451,-158.238397,-165.375785,-170.873775,-172.325799,-167.103406,-153.11261,-131.871615,-109.755176,-89.821882,-70.419665,-51.33974,-34.634237,-20.18727,-8.303905,5.098977,18.240626,32.455577,49.216669,68.857061,90.259438,110.596813,128.704331,144.486411,156.232589,164.402812,169.847044,171.445849,168.429601,161.092667,148.79719,132.344939,115.11635,99.117687
357,2025-10-12 07:33:54,executed,85.993855,70.885069,56.206646,43.306527,33.309473,25.273628,13.420855,-6.368554,-23.351259,-27.730552,-33.305447,-49.96178,-72.563352,-94.873989,-115.474452,-134.129149,-148.577451,-158.238397,-165.375785,-170.873775,-172.325799,-167.103406,-153.11261,-131.871615,-109.755176,-89.821882,-70.419665,-51.33974,-34.634237,-20.18727,-8.303905,5.098977,18.240626,32.455577,49.216669,68.857061,90.259438,110.596813,128.704331,144.486411,156.232589,164.402812,169.847044,171.445849,168.429601,161.092667,148.79719,132.344939,115.11635,99.117687
357,2025-10-12 07:34:14,proposed,83.893855,53.56914104166666,30.539819249999997,8.847178874999997,-26.181141166666666,-38.875516375000004,-80.24101125000001,-123.01540529166665,-153.89776633333332,-169.53753125,-172.24980191666668,-145.52298729166665,-101.888529,-62.18470562499998,-28.30683958333337,-0.027103749999945137,27.617259999999998,63.028613333333325,105.48746925000005,141.19847766666672,163.04110816666667,171.245998375,161.70407816666665,133.03044945833335,99.117687,33.154739,23.315438,9.355457999999999,-16.162408000000006,-61.300826,-40.31952579166667,-40.38363775,-39.493947375000005,-27.686801666666668,-6.035136124999982,17.967695416666665,32.25365620833334,32.9916915,24.593586749999993,12.044849000000017,-1.1590853750000276,-16.55785566666667,-30.608288916666666,-35.986204750000006,-32.20046029166666,-16.398471333333333,6.341406375000018,29.428961166666696,39.19456291666666,36.460793
358,2025-10-12 07:34:54,executed,83.893855,53.56914104166666,30.539819249999997,8.847178874999997,-26.181141166666666,-38.875516375000004,-80.24101125000001,-123.01540529166665,-153.89776633333332,-169.53753125,-172.24980191666668,-145.52298729166665,-101.888529,-62.18470562499998,-28.30683958333337,-0.027103749999945137,27.617259999999998,63.028613333333325,105.48746925000005,141.19847766666672,163.04110816666667,171.245998375,161.70407816666665,133.03044945833335,99.117687,33.154739,23.315438,9.355457999999999,-16.162408000000006,-61.300826,-40.31952579166667,-40.38363775,-39.493947375000005,-27.686801666666668,-6.035136124999982,17.967695416666665,32.25365620833334,32.9916915,24.593586749999993,12.044849000000017,-1.1590853750000276,-16.55785566666667,-30.608288916666666,-35.986204750000006,-32.20046029166666,-16.398471333333333,6.341406375000018,29.428961166666696,39.19456291666666,36.460793
358,2025-10-12 07:35:12,proposed,-10.993855,-10.885069,-10.206646,-10.306527,-10.309473,-10.273628,-10.420855,-10.368554,-10.351259,-10.730552,-10.305447,-10.96178,-10.563352,-10.873989,-10.474452,-10.129149,-10.577451,-10.238397,-10.375785,-10.873775,-10.325799,-10.103406,-10.11261,-10.871615,-10.755176,-10.821882,-10.419665,-10.33974,-10.634237,-10.18727,8.303905,8.098977,8.240626,8.455577,8.216669,8.857061,8.259438,8.596813,8.704331,8.486411,8.232589,8.402812,8.847044,8.445849,8.429601,8.092667,8.79719,8.344939,8.11635,8.117687
359,2025-10-12 07:35:52,executed,-10.993855,-10.885069,-10.206646,-10.306527,-10.309473,-10.273628,-10.420855,-10.368554,-10.351259,-10.730552,-10.305447,-10.96178,-10.563352,-10.873989,-10.474452,-10.129149,-10.577451,-10.238397,-10.375785,-10.873775,-10.325799,-10.103406,-10.11261,-10.871615,-10.755176,-10.821882,-10.419665,-10.33974,-10.634237,-10.18727,8.303905,8.098977,8.240626,8.455577,8.216669,8.857061,8.259438,8.596813,8.704331,8.486411,8.232589,8.402812,8.847044,8.445849,8.429601,8.092667,8.79719,8.344939,8.11635,8.117687
359,2025-10-12 07:36:09,proposed,-104.993855,-89.885069,-75.206646,-62.306527,-52.309473,-44.273628,-32.420855,-27.368554,-44.351259,-48.730552,-54.305447,-70.96178,-93.563352,-115.873989,-136.474452,-155.129149,-169.577451,-179.238397,-186.375785,-191.873775,-193.325799,-188.103406,-174.11261,-152.871615,-130.755176,-110.821882,-91.419665,-72.33974,-55.634237,-41.18727,-27.303905,-13.901023,-0.759374,12.455577,29.216669,49.857061,71.259438,91.596813,109.704331,125.486411,137.232589,145.402812,149.847044,147.445849,140.429601,127.092667,109.79719,83.344939,66.11635,50.117687
360,2025-10-12 07:36:49,executed,-104.993855,-89.885069,-75.206646,-62.306527,-52.309473,-44.273628,-32.420855,-27.368554,-44.351259,-48.730552,-54.305447,-70.96178,-93.563352,-115.873989,-136.474452,-155.129149,-169.577451,-179.238397,-186.375785,-191.873775,-193.325799,-188.103406,-174.11261,-152.871615,-130.755176,-110.821882,-91.419665,-72.33974,-55.634237,-41.18727,-27.303905,-13.901023,-0.759374,12.455577,29.216669,49.857061,71.259438,91.596813,109.704331,125.486411,137.232589,145.402812,149.847044,147.445849,140.429601,127.092667,109.79719,83.344939,66.11635,50.117687
360,2025-10-12 07:37:16,proposed,74.993855,59.885069,45.206646,32.306527,22.309473,14.273628,2.420855,-17.368554,-34.351259,-38.730552,-44.305447,-60.96178,-83.563352,-105.873989,-126.474452,-145.129149,-159.577451,-169.238397,-176.375785,-181.873775,-183.325799,-178.103406,-164.11261,-142.871615,-120.755176,-100.821882,-81.419665,-62.33974,-45.634237,-31.18727,-17.303905,-3.901023,9.240626,23.455577,40.216669,59.857061,81.259438,101.596813,119.704331,135.486411,147.232589,155.402812,160.847044,162.445849,159.429601,152.092667,139.79719,123.344939,106.11635,90.117687
361,2025-10-12 07:37:56,executed,74.993855,59.885069,45.206646,32.306527,22.309473,14.273628,2.420855,-17.368554,-34.351259,-38.730552,-44.305447,-60.96178,-83.563352,-105.873989,-126.474452,-145.129149,-159.577451,-169.238397,-176.375785,-181.873775,-183.325799,-178.103406,-164.11261,-142.871615,-120.755176,-100.821882,-81.419665,-62.33974,-45.634237,-31.18727,-17.303905,-3.901023,9.240626,23.455577,40.216669,59.857061,81.259438,101.596813,119.704331,135.486411,147.232589,155.402812,160.847044,162.445849,159.429601,152.092667,139.79719,123.344939,106.11635,90.117687
361,2025-10-12 07:38:14,proposed,83.993855,68.885069,54.206646,41.306527,31.309473,23.273628,11.420855,-8.368554,-25.351259,-29.730552,-35.305447,-51.96178,-74.563352,-96.873989,-117.474452,-136.129149,-150.577451,-160.238397,-167.375785,-172.873775,-174.325799,-169.103406,-155.11261,-133.871615,-111.755176,-91.821882,-72.419665,-53.33974,-36.634237,-22.18727,-8.303905,5.098977,18.240626,32.455577,49.216669,68.857061,90.259438,110.596813,128.704331,144.486411,156.232589,164.402812,169.847044,171.445849,168.429601,161.092667,148.79719,132.344939,115.11635,99.117687
362,2025-10-12 07:38:54,executed,83.993855,68.885069,54.206646,41.306527,31.309473,23.273628,11.420855,-8.368554,-25.351259,-29.730552,-35.305447,-51.96178,-74.563352,-96.873989,-117.474452,-136.129149,-150.577451,-160.238397,-167.375785,-172.873775,-174.325799,-169.103406,-155.11261,-133.871615,-111.755176,-91.821882,-72.419665,-53.33974,-36.634237,-22.18727,-8.303905,5.098977,18.240626,32.455577,49.216669,68.857061,90.259438,110.596813,128.704331,144.486411,156.232589,164.402812,169.847044,171.445849,168.429601,161.092667,148.79719,132.344939,115.11635,99.117687
362,2025-10-12 07:39:12,proposed,-84.893855,-69.785069,-55.106646,-42.206527,-32.209473,-24.173628,-12.320855,7.468554,24.451259,28.830552,34.405447,51.06178,73.663352,95.973989,116.574452,135.229149,149.677451,159.338397,166.475785,171.973775,173.425799,168.203406,154.21261,132.971615,110.855176,90.921882,71.519665,52.43974,35.734237,21.28727,7.393905,-6.008977,-19.140626,-33.355577,-50.116669,-69.757061,-91.159438,-111.496813,-129.604331,-145.386411,-157.132589,-165.302812,-170.747044,-172.345849,-169.329601,-161.992667,-149.69719,-133.244939,-116.01635,-99.917687
363,2025-10-12 07:39:52,executed,-84.893855,-69.785069,-55.106646,-42.206527,-32.209473,-24.173628,-12.320855,7.468554,24.451259,28.830552,34.405447,51.06178,73.663352,95.973989,116.574452,135.229149,149.677451,159.338397,166.475785,171.973775,173.425799,168.203406,154.21261,132.971615,110.855176,90.921882,71.519665,52.43974,35.734237,21.28727,7.393905,-6.008977,-19.140626,-33.355577,-50.116669,-69.757061,-91.159438,-111.496813,-129.604331,-145.386411,-157.132589,-165.302812,-170.747044,-172.345849,-169.329601,-161.992667,-149.69719,-133.244939,-116.01635,-99.917687
363,2025-10-12 07:40:24,proposed,-42.993855,-29.885069,-15.206646,-2.306527,-12.309473,-4.273628,-15.420855,-17.368554,-4.351259,-8.730552,-14.305447,-30.96178,-53.563352,-75.873989,-96.474452,-115.129149,-129.577451,-139.238397,-146.375785,-151.873775,-153.325799,-148.103406,-134.11261,-112.871615,-90.755176,-70.821882,-51.419665,-32.33974,-15.634237,-1.18727,-27.303905,-16.098977,-9.240626,-3.455577,-10.216669,-19.857061,-21.259438,-11.596813,-9.704331,-5.486411,-7.232589,-15.402812,-20.847044,-22.445849,-19.429601,-12.092667,-9.79719,-13.344939,-26.11635,-30.117687
364,2025-10-12 07:41:04,executed,-42.993855,-29.885069,-15.206646,-2.306527,-12.309473,-4.273628,-15.420855,-17.368554,-4.351259,-8.730552,-14.305447,-30.96178,-53.563352,-75.873989,-96.474452,-115.129149,-129.577451,-139.238397,-146.375785,-151.873775,-153.325799,-148.103406,-134.11261,-112.871615,-90.755176,-70.821882,-51.419665,-32.33974,-15.634237,-1.18727,-27.303905,-16.098977,-9.240626,-3.455577,-10.216669,-19.857061,-21.259438,-11.596813,-9.704331,-5.486411,-7.232589,-15.402812,-20.847044,-22.445849,-19.429601,-12.092667,-9.79719,-13.344939,-26.11635,-30.117687
364,2025-10-12 07:41:28,proposed,-79.983855,-64.885069,-50.206646,-37.306527,-27.309473,-19.273628,-7.420855,12.368554,29.351259,33.730552,39.305447,55.96178,78.563352,100.873989,121.474452,140.129149,154.577451,164.238397,171.375785,176.873775,178.325799,173.103406,159.11261,137.871615,115.755176,95.821882,76.419665,57.33974,40.634237,26.18727,9.303905,-4.098977,-17.240626,-31.455577,-48.216669,-67.857061,-89.259438,-109.596813,-127.704331,-143.486411,-155.232589,-163.402812,-168.847044,-170.445849,-167.429601,-160.092667,-147.79719,-131.344939,-114.11635,-98.117687
365,2025-10-12 07:42:08,executed,-79.983855,-64.885069,-50.206646,-37.306527,-27.309473,-19.273628,-7.420855,12.368554,29.351259,33.730552,39.305447,55.96178,78.563352,100.873989,121.474452,140.129149,154.577451,164.238397,171.375785,176.873775,178.325799,173.103406,159.11261,137.871615,115.755176,95.821882,76.419665,57.33974,40.634237,26.18727,9.303905,-4.098977,-17.240626,-31.455577,-48.216669,-67.857061,-89.259438,-109.596813,-127.704331,-143.486411,-155.232589,-163.402812,-168.847044,-170.445849,-167.429601,-160.092667,-147.79719,-131.344939,-114.11635,-98.117687
365,2025-10-12 07:42:45,proposed,-78.993855,-63.885069,-49.206646,-36.306527,-26.309473,-18.273628,-6.420855,13.368554,30.351259,34.730552,40.305447,56.96178,79.563352,101.873989,122.474452,141.129149,155.577451,165.238397,172.375785,177.873775,179.325799,174.103406,160.11261,138.871615,116.755176,96.821882,77.419665,58.33974,41.634237,27.18727,10.696095,-2.701023,-15.759374,-29.455577,-46.216669,-65.857061,-87.259438,-107.596813,-125.704331,-141.486411,-153.232589,-161.402812,-166.847044,-168.445849,-165.429601,-158.092667,-145.79719,-129.344939,-112.11635,-96.117687
366,2025-10-12 07:43:25,executed,-78.993855,-63.885069,-49.206646,-36.306527,-26.309473,-18.273628,-6.420855,13.368554,30.351259,34.730552,40.305447,56.96178,79.563352,101.873989,122.474452,141.129149,155.577451,165.238397,172.375785,177.873775,179.325799,174.103406,160.11261,138.871615,116.755176,96.821882,77.419665,58.33974,41.634237,27.18727,10.696095,-2.701023,-15.759374,-29.455577,-46.216669,-65.857061,-87.259438,-107.596813,-125.704331,-141.486411,-153.232589,-161.402812,-166.847044,-168.445849,-165.429601,-158.092667,-145.79719,-129.344939,-112.11635,-96.117687
366,2025-10-12 07:44:05,proposed,84.893855,54.56914104166666,31.53981925,9.847178874999997,-25.181141166666666,-37.875516375000004,-79.24101125000001,-122.01540529166665,-152.89776633333332,-168.53753125,-171.24980191666668,-144.4771539583333,-100.888529,-61.18470562499998,-27.30683958333337,0.9728962500000549,28.617259999999998,64.02861333333333,106.41246925000006,142.09847766666672,163.94110816666665,172.14599837499998,162.60407816666665,133.93044945833336,100.017687,34.154739,24.315438,10.355457999999999,-15.162408000000005,-60.300826,-39.31952579166667,-39.38363775,-38.493947375000005,-26.686801666666668,-5.035136124999982,18.967695416666665,33.25365620833334,33.8916915,25.593586749999993,13.044849000000017,-0.15908537500002762,-15.557855666666667,-29.608288916666666,-34.986204750000006,-31.200460291666655,-15.398471333333333,7.341406375000016,30.428961166666696,40.19456291666666,37.460793
367,2025-10-12 07:44:45,executed,84.893855,54.56914104166666,31.53981925,9.847178874999997,-25.181141166666666,-37.875516375000004,-79.24101125000001,-122.01540529166665,-152.89776633333332,-168.53753125,-171.24980191666668,-144.4771539583333,-100.888529,-61.18470562499998,-27.30683958333337,0.9728962500000549,28.617259999999998,64.02861333333333,106.41246925000006,142.09847766666672,163.94110816666665,172.14599837499998,162.60407816666665,133.93044945833336,100.017687,34.154739,24.315438,10.355457999999999,-15.162408000000005,-60.300826,-39.31952579166667,-39.38363775,-38.493947375000005,-26.686801666666668,-5.035136124999982,18.967695416666665,33.25365620833334,33.8916915,25.593586749999993,13.044849000000017,-0.15908537500002762,-15.557855666666667,-29.608288916666666,-34.986204750000006,-31.200460291666655,-15.398471333333333,7.341406375000016,30.428961166666696,40.19456291666666,37.460793
367,2025-10-12 07:45:11,proposed,84.993855,69.885069,55.206646,42.306527,32.309473,24.273628,12.420855,-7.368554,-24.351259,-28.730552,-34.305447,-50.96178,-73.563352,-95.873989,-116.474452,-135.129149,-149.577451,-159.238397,-166.375785,-171.873775,-173.325799,-168.103406,-154.11261,-132.871615,-110.755176,-90.821882,-71.419665,-52.33974,-35.634237,-21.18727,-7.303905,6.098977,19.240626,33.455577,50.216669,69.857061,91.259438,111.596813,129.704331,145.486411,157.232589,165.402812,170.847044,172.445849,169.429601,162.092667,149.79719,133.344939,116.11635,100.117687
368,2025-10-12 07:45:51,executed,84.993855,69.885069,55.206646,42.306527,32.309473,24.273628,12.420855,-7.368554,-24.351259,-28.730552,-34.305447,-50.96178,-73.563352,-95.873989,-116.474452,-135.129149,-149.577451,-159.238397,-166.375785,-171.873775,-173.325799,-168.103406,-154.11261,-132.871615,-110.755176,-90.821882,-71.419665,-52.33974,-35.634237,-21.18727,-7.303905,6.098977,19.240626,33.455577,50.216669,69.857061,91.259438,111.596813,129.704331,145.486411,157.232589,165.402812,170.847044,172.445849,169.429601,162.092667,149.79719,133.344939,116.11635,100.117687
368,2025-10-12 07:46:08,proposed,85.993855,70.885069,56.206646,43.306527,33.309473,25.273628,13.420855,-6.368554,-23.351259,-27.730552,-33.305447,-49.96178,-72.563352,-94.873989,-115.474452,-134.129149,-148.577451,-158.238397,-165.375785,-170.873775,-172.325799,-167.103406,-153.11261,-131.871615,-109.755176,-89.821882,-70.419665,-51.33974,-34.634237,-20.18727,-6.303905,7.098977,20.240626,34.455577,51.216669,70.857061,92.259438,112.596813,130.704331,146.486411,158.232589,166.402812,171.847044,173.445849,170.429601,163.092667,150.79719,134.344939,117.11635,101.117687
369,2025-10-12 07:46:48,executed,85.993855,70.885069,56.206646,43.306527,33.309473,25.273628,13.420855,-6.368554,-23.351259,-27.730552,-33.305447,-49.96178,-72.563352,-94.873989,-115.474452,-134.129149,-148.577451,-158.238397,-165.375785,-170.873775,-172.325799,-167.103406,-153.11261,-131.871615,-109.755176,-89.821882,-70.419665,-51.33974,-34.634237,-20.18727,-6.303905,7.098977,20.240626,34.455577,51.216669,70.857061,92.259438,112.596813,130.704331,146.486411,158.232589,166.402812,171.847044,173.445849,170.429601,163.092667,150.79719,134.344939,117.11635,101.117687
369,2025-10-12 07:47:10,proposed,55.996928,44.919048,33.124668,24.703919,18.455734,13.386814,6.210428,-3.684277,-12.17563,-14.365276,-17.152723,-25.48089,-36.781676,-47.936995,-58.237226,-67.564575,-74.788725,-79.619198,-83.187893,-85.936888,-86.662899,-84.051703,-77.056305,-66.435808,-55.377588,-45.410941,-35.709833,-26.16987,-17.817118,-10.593635,-3.651953,3.049489,9.620313,16.727788,25.108334,34.928531,45.629719,55.798406,64.852166,72.743206,78.616294,82.701406,85.423522,86.222924,84.714801,81.046334,74.898595,66.67247,58.058175,50.058844
370,2025-10-12 07:47:50,executed,55.996928,44.919048,33.124668,24.703919,18.455734,13.386814,6.210428,-3.684277,-12.17563,-14.365276,-17.152723,-25.48089,-36.781676,-47.936995,-58.237226,-67.564575,-74.788725,-79.619198,-83.187893,-85.936888,-86.662899,-84.051703,-77.056305,-66.435808,-55.377588,-45.410941,-35.709833,-26.16987,-17.817118,-10.593635,-3.651953,3.049489,9.620313,16.727788,25.108334,34.928531,45.629719,55.798406,64.852166,72.743206,78.616294,82.701406,85.423522,86.222924,84.714801,81.046334,74.898595,66.67247,58.058175,50.058844
370,2025-10-12 07:48:12,proposed,-85.993855,-70.885069,-56.206646,-43.306527,-33.309473,-25.273628,-13.420855,6.368554,23.351259,27.730552,33.305447,49.96178,72.563352,94.873989,115.474452,134.129149,148.577451,158.238397,165.375785,170.873775,172.325799,167.103406,153.11261,131.871615,109.755176,89.821882,70.419665,51.33974,34.634237,20.18727,8.303905,-5.098977,-18.240626,-32.455577,-49.216669,-68.857061,-90.259438,-110.596813,-128.704331,-144.486411,-156.232589,-164.402812,-169.847044,-171.445849,-168.429601,-161.092667,-148.79719,-132.344939,-115.11635,-99.117687
371,2025-10-12 07:48:52,executed,-85.993855,-70.885069,-56.206646,-43.306527,-33.309473,-25.273628,-13.420855,6.368554,23.351259,27.730552,33.305447,49.96178,72.563352,94.873989,115.474452,134.129149,148.577451,158.238397,165.375785,170.873775,172.325799,167.103406,153.11261,131.871615,109.755176,89.821882,70.419665,51.33974,34.634237,20.18727,8.303905,-5.098977,-18.240626,-32.455577,-49.216669,-68.857061,-90.259438,-110.596813,-128.704331,-144.486411,-156.232589,-164.402812,-169.847044,-171.445849,-168.429601,-161.092667,-148.79719,-132.344939,-115.11635,-99.117687
371,2025-10-12 07:49:25,proposed,-104.993855,-89.885069,-75.206646,-62.306527,-52.309473,-44.273628,-32.420855,-27.368554,-44.351259,-48.730552,-54.305447,-70.96178,-93.563352,-115.873989,-136.474452,-155.129149,-169.577451,-179.238397,-186.375785,-191.873775,-193.325799,-188.103406,-174.11261,-152.871615,-130.755176,-110.821882,-91.419665,-72.33974,-55.634237,-41.18727,-27.303905,-16.098977,-9.240626,-3.455577,-10.216669,-29.857061,-51.259438,-71.596813,-89.704331,-105.486411,-117.232589,-125.402812,-130.847044,-132.445849,-129.429601,-122.092667,-109.79719,-93.344939,-76.11635,-60.117687
372,2025-10-12 07:50:05,executed,-104.993855,-89.885069,-75.206646,-62.306527,-52.309473,-44.273628,-32.420855,-27.368554,-44.351259,-48.730552,-54.305447,-70.96178,-93.563352,-115.873989,-136.474452,-155.129149,-169.577451,-179.238397,-186.375785,-191.873775,-193.325799,-188.103406,-174.11261,-152.871615,-130.755176,-110.821882,-91.419665,-72.33974,-55.634237,-41.18727,-27.303905,-16.098977,-9.240626,-3.455577,-10.216669,-29.857061,-51.259438,-71.596813,-89.704331,-105.486411,-117.232589,-125.402812,-130.847044,-132.445849,-129.429601,-122.092667,-109.79719,-93.344939,-76.11635,-60.117687
372,2025-10-12 07:50:32,proposed,83.993855,68.885069,54.206646,41.306527,31.309473,23.273628,11.420855,-8.368554,-25.351259,-29.730552,-35.305447,-51.96178,-74.563352,-96.873989,-117.474452,-136.129149,-150.577451,-160.238397,-167.375785,-172.873775,-174.325799,-169.103406,-155.11261,-133.871615,-111.755176,-91.821882,-72.419665,-53.33974,-36.634237,-22.18727,-8.303905,5.098977,18.240626,32.455577,49.216669,68.857061,90.259438,110.596813,128.704331,144.486411,156.232589,164.402812,169.847044,171.445849,168.429601,161.092667,148.79719,132.344939,115.11635,99.117687
373,2025-10-12 07:51:12,executed,83.993855,68.885069,54.206646,41.306527,31.309473,23.273628,11.420855,-8.368554,-25.351259,-29.730552,-35.305447,-51.96178,-74.563352,-96.873989,-117.474452,-136.129149,-150.577451,-160.238397,-167.375785,-172.873775,-174.325799,-169.103406,-155.11261,-133.871615,-111.755176,-91.821882,-72.419665,-53.33974,-36.634237,-22.18727,-8.303905,5.098977,18.240626,32.455577,49.216669,68.857061,90.259438,110.596813,128.704331,144.486411,156.232589,164.402812,169.847044,171.445849,168.429601,161.092667,148.79719,132.344939,115.11635,99.117687
373,2025-10-12 07:51:30,proposed,-75.012,-60.015,-45.018,-30.021,-15.024,-0.027,14.97,29.967,44.964,59.961,74.958,89.955,104.952,119.949,134.946,149.943,164.94,179.937,194.934,209.931,224.928,239.925,254.922,269.919,284.916,299.913,314.91,329.907,344.904,359.901,374.898,389.895,404.892,419.889,434.886,449.883,464.88,479.877,494.874,509.871,524.868,539.865,554.862,569.859,584.856,599.853,614.85,629.847,644.844,659.841
374,2025-10-12 07:52:10,executed,-75.012,-60.015,-45.018,-30.021,-15.024,-0.027,14.97,29.967,44.964,59.961,74.958,89.955,104.952,119.949,134.946,149.943,164.94,179.937,194.934,209.931,224.928,239.925,254.922,269.919,284.916,299.913,314.91,329.907,344.904,359.901,374.898,389.895,404.892,419.889,434.886,449.883,464.88,479.877,494.874,509.871,524.868,539.865,554.862,569.859,584.856,599.853,614.85,629.847,644.844,659.841
374,2025-10-12 07:53:03,proposed,-100.0,-80.0,-60.0,-40.0,-20.0,0.0,20.0,40.0,60.0,80.0,100.0,-120.0,-140.0,-160.0,-180.0,-200.0,-220.0,-240.0,-260.0,-280.0,-300.0,-280.0,-260.0,-240.0,-220.0,20.0,40.0,60.0,80.0,100.0,120.0,140.0,160.0,180.0,200.0,220.0,240.0,260.0,280.0,300.0,280.0,260.0,240.0,220.0,200.0,-20.0,-40.0,-60.0,-80.0,-100.0
375,2025-10-12 07:53:43,executed,-100.0,-80.0,-60.0,-40.0,-20.0,0.0,20.0,40.0,60.0,80.0,100.0,-120.0,-140.0,-160.0,-180.0,-200.0,-220.0,-240.0,-260.0,-280.0,-300.0,-280.0,-260.0,-240.0,-220.0,20.0,40.0,60.0,80.0,100.0,120.0,140.0,160.0,180.0,200.0,220.0,240.0,260.0,280.0,300.0,280.0,260.0,240.0,220.0,200.0,-20.0,-40.0,-60.0,-80.0,-100.0
375,2025-10-12 07:54:14,proposed,85.993855,70.885069,56.206646,43.306527,33.309473,25.273628,13.420855,-6.368554,-23.351259,-27.730552,-33.305447,-50.96178,-73.563352,-95.873989,-116.474452,-135.129149,-149.577451,-159.238397,-166.375785,-171.873775,-173.325799,-168.103406,-154.11261,-132.871615,-110.755176,-90.821882,-71.419665,-52.33974,-35.634237,-21.18727,-7.303905,6.098977,19.240626,33.455577,50.216669,69.857061,91.259438,111.596813,129.704331,145.486411,157.232589,165.402812,170.847044,172.445849,169.429601,162.092667,149.79719,133.344939,116.11635,100.117687
376,2025-10-12 07:54:54,executed,85.993855,70.885069,56.206646,43.306527,33.309473,25.273628,13.420855,-6.368554,-23.351259,-27.730552,-33.305447,-50.96178,-73.563352,-95.873989,-116.474452,-135.129149,-149.577451,-159.238397,-166.375785,-171.873775,-173.325799,-168.103406,-154.11261,-132.871615,-110.755176,-90.821882,-71.419665,-52.33974,-35.634237,-21.18727,-7.303905,6.098977,19.240626,33.455577,50.216669,69.857061,91.259438,111.596813,129.704331,145.486411,157.232589,165.402812,170.847044,172.445849,169.429601,162.092667,149.79719,133.344939,116.11635,100.117687
376,2025-10-12 07:55:12,proposed,-104.993855,-89.885069,-75.206646,-62.306527,-52.309473,-44.273628,-32.420855,-27.368554,-44.351259,-48.730552,-54.305447,-70.96178,-93.563352,-115.873989,-136.474452,-155.129149,-169.577451,-179.238397,-186.375785,-191.873775,-193.325799,-188.103406,-174.11261,-152.871615,-130.755176,-110.821882,-91.419665,-72.33974,-55.634237,-41.18727,-27.303905,-13.901023,-0.759374,12.455577,29.216669,48.857061,70.259438,90.596813,108.704331,124.486411,136.232589,144.402812,150.847044,152.445849,149.429601,142.092667,129.79719,113.344939,96.11635,80.117687
377,2025-10-12 07:55:52,executed,-104.993855,-89.885069,-75.206646,-62.306527,-52.309473,-44.273628,-32.420855,-27.368554,-44.351259,-48.730552,-54.305447,-70.96178,-93.563352,-115.873989,-136.474452,-155.129149,-169.577451,-179.238397,-186.375785,-191.873775,-193.325799,-188.103406,-174.11261,-152.871615,-130.755176,-110.821882,-91.419665,-72.33974,-55.634237,-41.18727,-27.303905,-13.901023,-0.759374,12.455577,29.216669,48.857061,70.259438,90.596813,108.704331,124.486411,136.232589,144.402812,150.847044,152.445849,149.429601,142.092667,129.79719,113.344939,96.11635,80.117687
377,2025-10-12 07:56:09,proposed,-100.0,-80.0,-60.0,-40.0,-20.0,0.0,20.0,40.0,60.0,80.0,100.0,-120.0,-140.0,-160.0,-180.0,-200.0,-220.0,-240.0,-260.0,-280.0,-300.0,-280.0,-260.0,-240.0,-220.0,-200.0,-180.0,-160.0,-140.0,-120.0,100.0,80.0,60.0,40.0,20.0,0.0,-20.0,-40.0,-60.0,-80.0,-100.0,-80.0,-60.0,-40.0,-20.0,0.0,20.0,40.0,60.0,80.0
378,2025-10-12 07:56:49,executed,-100.0,-80.0,-60.0,-40.0,-20.0,0.0,20.0,40.0,60.0,80.0,100.0,-120.0,-140.0,-160.0,-180.0,-200.0,-220.0,-240.0,-260.0,-280.0,-300.0,-280.0,-260.0,-240.0,-220.0,-200.0,-180.0,-160.0,-140.0,-120.0,100.0,80.0,60.0,40.0,20.0,0.0,-20.0,-40.0,-60.0,-80.0,-100.0,-80.0,-60.0,-40.0,-20.0,0.0,20.0,40.0,60.0,80.0
378,2025-10-12 07:57:19,proposed,83.993855,68.885069,54.206646,41.306527,31.309473,23.273628,11.420855,-8.368554,-25.351259,-29.730552,-35.305447,-51.96178,-74.563352,-96.873989,-117.474452,-136.129149,-150.577451,-160.238397,-167.375785,-172.873775,-174.325799,-169.103406,-155.11261,-133.871615,-111.755176,-91.821882,-72.419665,-53.33974,-36.634237,-22.18727,-8.303905,5.098977,18.240626,32.455577,49.216669,68.857061,90.259438,110.596813,128.704331,144.486411,156.232589,164.402812,169.847044,171.445849,168.429601,161.092667,148.79719,132.344939,115.11635,99.117687
379,2025-10-12 07:57:59,executed,83.993855,68.885069,54.206646,41.306527,31.309473,23.273628,11.420855,-8.368554,-25.351259,-29.730552,-35.305447,-51.96178,-74.563352,-96.873989,-117.474452,-136.129149,-150.577451,-160.238397,-167.375785,-172.873775,-174.325799,-169.103406,-155.11261,-133.871615,-111.755176,-91.821882,-72.419665,-53.33974,-36.634237,-22.18727,-8.303905,5.098977,18.240626,32.455577,49.216669,68.857061,90.259438,110.596813,128.704331,144.486411,156.232589,164.402812,169.847044,171.445849,168.429601,161.092667,148.79719,132.344939,115.11635,99.117687
379,2025-10-12 07:58:17,proposed,84.893855,69.785069,55.106646,42.206527,32.209473,24.173628,12.320855,-7.468554,-24.451259,-28.830552,-34.405447,-51.06178,-73.663352,-95.973989,-116.574452,-135.229149,-149.677451,-159.338397,-166.475785,-171.973775,-173.425799,-168.203406,-154.21261,-132.971615,-110.855176,-90.921882,-71.519665,-52.43974,-35.734237,-21.28727,-7.403905,5.998977,19.140626,33.355577,50.116669,69.757061,91.159438,111.496813,129.604331,145.386411,157.132589,165.302812,170.747044,172.345849,169.329601,161.992667,149.69719,133.244939,116.01635,100.017687
380,2025-10-12 07:58:57,executed,84.893855,69.785069,55.106646,42.206527,32.209473,24.173628,12.320855,-7.468554,-24.451259,-28.830552,-34.405447,-51.06178,-73.663352,-95.973989,-116.574452,-135.229149,-149.677451,-159.338397,-166.475785,-171.973775,-173.425799,-168.203406,-154.21261,-132.971615,-110.855176,-90.921882,-71.519665,-52.43974,-35.734237,-21.28727,-7.403905,5.998977,19.140626,33.355577,50.116669,69.757061,91.159438,111.496813,129.604331,145.386411,157.132589,165.302812,170.747044,172.345849,169.329601,161.992667,149.69719,133.244939,116.01635,100.017687
380,2025-10-12 07:59:15,proposed,-20.0,-10.0,0.0,10.0,20.0,-20.0,-10.0,0.0,10.0,20.0,-20.0,-10.0,0.0,10.0,20.0,-20.0,-10.0,0.0,10.0,20.0,-20.0,-10.0,0.0,10.0,20.0,-20.0,-10.0,0.0,10.0,20.0,-20.0,-10.0,0.0,10.0,20.0,-20.0,-10.0,0.0,10.0,20.0,-20.0,-10.0,0.0,10.0,20.0,-20.0,-10.0,0.0,10.0,20.0
381,2025-10-12 07:59:55,executed,-20.0,-10.0,0.0,10.0,20.0,-20.0,-10.0,0.0,10.0,20.0,-20.0,-10.0,0.0,10.0,20.0,-20.0,-10.0,0.0,10.0,20.0,-20.0,-10.0,0.0,10.0,20.0,-20.0,-10.0,0.0,10.0,20.0,-20.0,-10.0,0.0,10.0,20.0,-20.0,-10.0,0.0,10.0,20.0,-20.0,-10.0,0.0,10.0,20.0,-20.0,-10.0,0.0,10.0,20.0
381,2025-10-12 08:00:12,proposed,-4.983,-1.557,-1.035,-0.675,-0.446,-0.296,-0.189,-0.103,-0.032,0.032,0.09,0.141,0.184,0.218,0.243,0.259,0.266,0.264,0.253,0.233,0.204,0.166,0.119,0.063,-0.003,-0.077,-0.158,-0.24,-0.322,-0.404,-0.485,-0.566,-0.646,-0.725,-0.803,-0.88,-0.956,-1.03,-1.102,-1.172,-1.24,-1.305,-1.367,-1.426,-1.481,-1.533,-1.581,-1.625,-1.664,-1.699
382,2025-10-12 08:00:52,executed,-4.983,-1.557,-1.035,-0.675,-0.446,-0.296,-0.189,-0.103,-0.032,0.032,0.09,0.141,0.184,0.218,0.243,0.259,0.266,0.264,0.253,0.233,0.204,0.166,0.119,0.063,-0.003,-0.077,-0.158,-0.24,-0.322,-0.404,-0.485,-0.566,-0.646,-0.725,-0.803,-0.88,-0.956,-1.03,-1.102,-1.172,-1.24,-1.305,-1.367,-1.426,-1.481,-1.533,-1.581,-1.625,-1.664,-1.699
382,2025-10-12 08:01:10,proposed,83.993855,68.885069,54.206646,41.306527,31.309473,23.273628,11.420855,-8.368554,-25.351259,-29.730552,-35.305447,-51.96178,-74.563352,-96.873989,-117.474452,-136.129149,-150.577451,-160.238397,-167.375785,-172.873775,-174.325799,-169.103406,-155.11261,-133.871615,-111.755176,-91.821882,-72.419665,-53.33974,-36.634237,-22.18727,-8.303905,5.098977,18.240626,32.455577,49.216669,68.857061,90.259438,110.596813,128.704331,144.486411,156.232589,164.402812,169.847044,171.445849,168.429601,161.092667,148.79719,132.344939,115.11635,99.117687
383,2025-10-12 08:01:50,executed,83.993855,68.885069,54.206646,41.306527,31.309473,23.273628,11.420855,-8.368554,-25.351259,-29.730552,-35.305447,-51.96178,-74.563352,-96.873989,-117.474452,-136.129149,-150.577451,-160.238397,-167.375785,-172.873775,-174.325799,-169.103406,-155.11261,-133.871615,-111.755176,-91.821882,-72.419665,-53.33974,-36.634237,-22.18727,-8.303905,5.098977,18.240626,32.455577,49.216669,68.857061,90.259438,110.596813,128.704331,144.486411,156.232589,164.402812,169.847044,171.445849,168.429601,161.092667,148.79719,132.344939,115.11635,99.117687
383,2025-10-12 08:02:14,proposed,-85.02311,-69.91137,-55.22916,-42.32523,-32.32438,-24.28574,-12.43009,7.35972,24.33956,28.71697,34.29005,50.94476,73.54461,95.85352,116.45222,135.10515,149.55264,159.21283,166.34944,171.84665,173.29788,168.07471,154.08313,132.84131,110.72405,90.79001,71.3871,52.3065,35.60031,21.15266,7.26861,-6.13415,-19.2761,-33.49139,-50.25276,-69.89342,-91.29608,-111.6337,-129.74149,-145.52379,-157.26999,-165.44028,-170.88458,-172.48345,-169.46725,-162.13034,-149.83488,-133.38266,-116.15409,-100.15538
384,2025-10-12 08:02:54,executed,-85.02311,-69.91137,-55.22916,-42.32523,-32.32438,-24.28574,-12.43009,7.35972,24.33956,28.71697,34.29005,50.94476,73.54461,95.85352,116.45222,135.10515,149.55264,159.21283,166.34944,171.84665,173.29788,168.07471,154.08313,132.84131,110.72405,90.79001,71.3871,52.3065,35.60031,21.15266,7.26861,-6.13415,-19.2761,-33.49139,-50.25276,-69.89342,-91.29608,-111.6337,-129.74149,-145.52379,-157.26999,-165.44028,-170.88458,-172.48345,-169.46725,-162.13034,-149.83488,-133.38266,-116.15409,-100.15538
384,2025-10-12 08:03:26,proposed,-100.0,-80.0,-60.0,-40.0,-20.0,0.0,20.0,40.0,60.0,80.0,100.0,80.0,60.0,40.0,20.0,0.0,-20.0,-40.0,-60.0,-80.0,-100.0,-80.0,-60.0,-40.0,-20.0,0.0,20.0,40.0,60.0,80.0,100.0,80.0,60.0,40.0,20.0,0.0,-20.0,-40.0,-60.0,-80.0,-100.0,-80.0,-60.0,-40.0,-20.0,0.0,20.0,40.0,60.0,80.0
385,2025-10-12 08:04:06,executed,-100.0,-80.0,-60.0,-40.0,-20.0,0.0,20.0,40.0,60.0,80.0,100.0,80.0,60.0,40.0,20.0,0.0,-20.0,-40.0,-60.0,-80.0,-100.0,-80.0,-60.0,-40.0,-20.0,0.0,20.0,40.0,60.0,80.0,100.0,80.0,60.0,40.0,20.0,0.0,-20.0,-40.0,-60.0,-80.0,-100.0,-80.0,-60.0,-40.0,-20.0,0.0,20.0,40.0,60.0,80.0
385,2025-10-12 08:04:28,proposed,74.993855,59.885069,45.206646,32.306527,22.309473,14.273628,2.420855,-17.368554,-34.351259,-38.730552,-44.305447,-60.96178,-83.563352,-105.873989,-126.474452,-145.129149,-159.577451,-169.238397,-176.375785,-181.873775,-183.325799,-178.103406,-164.11261,-142.871615,-120.755176,-100.821882,-81.419665,-62.33974,-45.634237,-31.18727,-17.303905,-3.901023,9.240626,23.455577,40.216669,59.857061,81.259438,101.596813,119.704331,135.486411,147.232589,155.402812,160.847044,162.445849,159.429601,152.092667,139.79719,123.344939,106.11635,90.117687
386,2025-10-12 08:05:08,executed,74.993855,59.885069,45.206646,32.306527,22.309473,14.273628,2.420855,-17.368554,-34.351259,-38.730552,-44.305447,-60.96178,-83.563352,-105.873989,-126.474452,-145.129149,-159.577451,-169.238397,-176.375785,-181.873775,-183.325799,-178.103406,-164.11261,-142.871615,-120.755176,-100.821882,-81.419665,-62.33974,-45.634237,-31.18727,-17.303905,-3.901023,9.240626,23.455577,40.216669,59.857061,81.259438,101.596813,119.704331,135.486411,147.232589,155.402812,160.847044,162.445849,159.429601,152.092667,139.79719,123.344939,106.11635,90.117687
386,2025-10-12 08:05:26,proposed,83.993855,68.885069,54.206646,41.306527,31.309473,23.273628,11.420855,-8.368554,-25.351259,-29.730552,-35.305447,-51.96178,-74.563352,-96.873989,-117.474452,-136.129149,-150.577451,-160.238397,-167.375785,-172.873775,-174.325799,-169.103406,-155.11261,-133.871615,-111.755176,-91.821882,-72.419665,-53.33974,-36.634237,-22.18727,-8.303905,5.098977,18.240626,32.455577,49.216669,68.857061,90.259438,110.596813,128.704331,144.486411,156.232589,164.402812,169.847044,171.445849,168.429601,161.092667,148.79719,132.344939,115.11635,99.117687
387,2025-10-12 08:06:06,executed,83.993855,68.885069,54.206646,41.306527,31.309473,23.273628,11.420855,-8.368554,-25.351259,-29.730552,-35.305447,-51.96178,-74.563352,-96.873989,-117.474452,-136.129149,-150.577451,-160.238397,-167.375785,-172.873775,-174.325799,-169.103406,-155.11261,-133.871615,-111.755176,-91.821882,-72.419665,-53.33974,-36.634237,-22.18727,-8.303905,5.098977,18.240626,32.455577,49.216669,68.857061,90.259438,110.596813,128.704331,144.486411,156.232589,164.402812,169.847044,171.445849,168.429601,161.092667,148.79719,132.344939,115.11635,99.117687
387,2025-10-12 08:09:54,proposed,-79.174467,-64.285931,-49.936703,-37.036573,-26.540527,-19.416772,-13.564089,-7.711405,-1.858721,4.006083,9.870887,15.735691,21.590495,27.445299,33.300103,39.154907,45.009711,50.864515,56.719319,62.574123,68.428927,74.283731,80.138535,85.993339,91.848143,97.702947,103.557751,109.412555,115.267359,121.122163,126.976967,132.831771,138.686575,144.541379,150.396183,156.250987,162.105791,167.960595,173.815399,179.670203,185.525007,191.379811,197.234615,203.089419,208.944223,214.799027,220.653831,226.508635,232.363439,238.218243
388,2025-10-12 08:10:34,executed,-79.174467,-64.285931,-49.936703,-37.036573,-26.540527,-19.416772,-13.564089,-7.711405,-1.858721,4.006083,9.870887,15.735691,21.590495,27.445299,33.300103,39.154907,45.009711,50.864515,56.719319,62.574123,68.428927,74.283731,80.138535,85.993339,91.848143,97.702947,103.557751,109.412555,115.267359,121.122163,126.976967,132.831771,138.686575,144.541379,150.396183,156.250987,162.105791,167.960595,173.815399,179.670203,185.525007,191.379811,197.234615,203.089419,208.944223,214.799027,220.653831,226.508635,232.363439,238.218243
388,2025-10-12 08:10:59,proposed,-100.0,-80.0,-60.0,-40.0,-20.0,0.0,20.0,40.0,60.0,80.0,100.0,-100.0,-80.0,-60.0,-40.0,-20.0,0.0,20.0,40.0,60.0,80.0,100.0,-100.0,-80.0,-60.0,-40.0,-20.0,0.0,20.0,40.0,60.0,80.0,100.0,-100.0,-80.0,-60.0,-40.0,-20.0,0.0,20.0,40.0,60.0,80.0,100.0,-100.0,-80.0,-60.0,-40.0,-20.0,0.0
389,2025-10-12 08:11:39,executed,-100.0,-80.0,-60.0,-40.0,-20.0,0.0,20.0,40.0,60.0,80.0,100.0,-100.0,-80.0,-60.0,-40.0,-20.0,0.0,20.0,40.0,60.0,80.0,100.0,-100.0,-80.0,-60.0,-40.0,-20.0,0.0,20.0,40.0,60.0,80.0,100.0,-100.0,-80.0,-60.0,-40.0,-20.0,0.0,20.0,40.0,60.0,80.0,100.0,-100.0,-80.0,-60.0,-40.0,-20.0,0.0
389,2025-10-12 08:12:02,proposed,74.993855,59.885069,45.206646,32.306527,22.309473,14.273628,2.420855,-17.368554,-34.351259,-38.730552,-44.305447,-60.96178,-83.563352,-105.873989,-126.474452,-145.129149,-159.577451,-169.238397,-176.375785,-181.873775,-183.325799,-178.103406,-164.11261,-142.871615,-120.755176,-100.821882,-81.419665,-62.33974,-45.634237,-31.18727,-17.303905,-3.901023,9.240626,23.455577,40.216669,59.857061,81.259438,101.596813,119.704331,135.486411,147.232589,155.402812,160.847044,162.445849,159.429601,152.092667,139.79719,123.344939,106.11635,90.117687
390,2025-10-12 08:12:42,executed,74.993855,59.885069,45.206646,32.306527,22.309473,14.273628,2.420855,-17.368554,-34.351259,-38.730552,-44.305447,-60.96178,-83.563352,-105.873989,-126.474452,-145.129149,-159.577451,-169.238397,-176.375785,-181.873775,-183.325799,-178.103406,-164.11261,-142.871615,-120.755176,-100.821882,-81.419665,-62.33974,-45.634237,-31.18727,-17.303905,-3.901023,9.240626,23.455577,40.216669,59.857061,81.259438,101.596813,119.704331,135.486411,147.232589,155.402812,160.847044,162.445849,159.429601,152.092667,139.79719,123.344939,106.11635,90.117687
390,2025-10-12 08:13:06,proposed,-104.993855,-89.885069,-75.206646,-62.306527,-52.309473,-44.273628,-32.420855,-27.368554,-44.351259,-48.730552,-54.305447,-70.96178,-93.563352,-115.873989,-136.474452,-155.129149,-169.577451,-179.238397,-186.375785,-191.873775,-193.325799,-188.103406,-174.11261,-152.871615,-130.755176,-110.821882,-91.419665,-72.33974,-55.634237,-41.18727,-27.303905,-13.901023,2.240626,16.455577,33.216669,52.857061,74.259438,94.596813,112.704331,128.486411,140.232589,148.402812,153.847044,155.445849,152.429601,145.092667,132.79719,116.344939,99.11635,83.117687
391,2025-10-12 08:13:46,executed,-104.993855,-89.885069,-75.206646,-62.306527,-52.309473,-44.273628,-32.420855,-27.368554,-44.351259,-48.730552,-54.305447,-70.96178,-93.563352,-115.873989,-136.474452,-155.129149,-169.577451,-179.238397,-186.375785,-191.873775,-193.325799,-188.103406,-174.11261,-152.871615,-130.755176,-110.821882,-91.419665,-72.33974,-55.634237,-41.18727,-27.303905,-13.901023,2.240626,16.455577,33.216669,52.857061,74.259438,94.596813,112.704331,128.486411,140.232589,148.402812,153.847044,155.445849,152.429601,145.092667,132.79719,116.344939,99.11635,83.117687
391,2025-10-12 08:14:16,proposed,74.993855,59.885069,45.206646,32.306527,22.309473,14.273628,2.420855,-17.368554,-34.351259,-38.730552,-44.305447,-60.96178,-83.563352,-105.873989,-126.474452,-145.129149,-159.577451,-169.238397,-176.375785,-181.873775,-183.325799,-178.103406,-164.11261,-142.871615,-120.755176,-100.821882,-81.419665,-62.33974,-45.634237,-31.18727,-17.303905,-3.901023,9.240626,23.455577,40.216669,59.857061,81.259438,101.596813,119.704331,135.486411,147.232589,155.402812,160.847044,162.445849,159.429601,152.092667,139.79719,123.344939,106.11635,90.117687
392,2025-10-12 08:14:56,executed,74.993855,59.885069,45.206646,32.306527,22.309473,14.273628,2.420855,-17.368554,-34.351259,-38.730552,-44.305447,-60.96178,-83.563352,-105.873989,-126.474452,-145.129149,-159.577451,-169.238397,-176.375785,-181.873775,-183.325799,-178.103406,-164.11261,-142.871615,-120.755176,-100.821882,-81.419665,-62.33974,-45.634237,-31.18727,-17.303905,-3.901023,9.240626,23.455577,40.216669,59.857061,81.259438,101.596813,119.704331,135.486411,147.232589,155.402812,160.847044,162.445849,159.429601,152.092667,139.79719,123.344939,106.11635,90.117687
392,2025-10-12 08:15:16,proposed,-78.993855,-48.66914104166666,-25.63981925,-3.9471788749999974,31.08114116666667,43.775516375,85.14101125,127.91540529166666,158.79776633333333,174.43753125,177.14980191666666,150.37715395833328,106.78852900000001,67.08470562499997,33.20683958333338,4.947896249999943,-22.717260000000003,-58.128613333333334,-100.51246925000005,-136.19847766666672,-158.04110816666667,-166.245998375,-156.70407816666665,-128.03044945833335,-94.117687,-28.254739,-18.415438,-5.856353500000001,23.062408000000005,68.200826,47.21952579166667,47.28363775,46.393947375,34.586801666666666,9.18513612499997,-21.067695416666666,-35.35365620833334,-35.9916915,-27.69358674999999,-15.144849000000018,-1.940914624999972,15.457855666666667,29.508288916666665,34.886204750000005,31.100460291666657,15.298471333333334,-8.316406375000016,-31.528961166666697,-41.29456291666666,-38.560793
393,2025-10-12 08:15:56,executed,-78.993855,-48.66914104166666,-25.63981925,-3.9471788749999974,31.08114116666667,43.775516375,85.14101125,127.91540529166666,158.79776633333333,174.43753125,177.14980191666666,150.37715395833328,106.78852900000001,67.08470562499997,33.20683958333338,4.947896249999943,-22.717260000000003,-58.128613333333334,-100.51246925000005,-136.19847766666672,-158.04110816666667,-166.245998375,-156.70407816666665,-128.03044945833335,-94.117687,-28.254739,-18.415438,-5.856353500000001,23.062408000000005,68.200826,47.21952579166667,47.28363775,46.393947375,34.586801666666666,9.18513612499997,-21.067695416666666,-35.35365620833334,-35.9916915,-27.69358674999999,-15.144849000000018,-1.940914624999972,15.457855666666667,29.508288916666665,34.886204750000005,31.100460291666657,15.298471333333334,-8.316406375000016,-31.528961166666697,-41.29456291666666,-38.560793
393,2025-10-12 08:16:13,proposed,85.993855,70.885069,56.206646,43.306527,33.309473,25.273628,13.420855,-6.368554,-23.351259,-27.730552,-33.305447,-49.96178,-72.563352,-94.873989,-115.474452,-134.129149,-148.577451,-158.238397,-165.375785,-170.873775,-172.325799,-167.103406,-153.11261,-131.871615,-109.755176,-89.821882,-70.419665,-51.33974,-34.634237,-20.18727,-6.303905,7.098977,20.240626,34.455577,51.216669,70.857061,92.259438,112.596813,130.704331,146.486411,158.232589,166.402812,171.847044,173.445849,170.429601,163.092667,150.79719,134.344939,117.11635,101.117687
394,2025-10-12 08:16:53,executed,85.993855,70.885069,56.206646,43.306527,33.309473,25.273628,13.420855,-6.368554,-23.351259,-27.730552,-33.305447,-49.96178,-72.563352,-94.873989,-115.474452,-134.129149,-148.577451,-158.238397,-165.375785,-170.873775,-172.325799,-167.103406,-153.11261,-131.871615,-109.755176,-89.821882,-70.419665,-51.33974,-34.634237,-20.18727,-6.303905,7.098977,20.240626,34.455577,51.216669,70.857061,92.259438,112.596813,130.704331,146.486411,158.232589,166.402812,171.847044,173.445849,170.429601,163.092667,150.79719,134.344939,117.11635,101.117687
394,2025-10-12 08:17:11,proposed,10.0,5.0,0.0,-5.0,-10.0,-5.0,0.0,5.0,10.0,5.0,0.0,-5.0,-10.0,-5.0,0.0,5.0,10.0,5.0,0.0,-5.0,-10.0,-5.0,0.0,5.0,10.0,5.0,0.0,-5.0,-10.0,-5.0,0.0,5.0,10.0,5.0,0.0,-5.0,-10.0,-5.0,0.0,5.0,10.0,5.0,0.0,-5.0,-10.0,-5.0,0.0,5.0,10.0,5.0
395,2025-10-12 08:17:51,executed,10.0,5.0,0.0,-5.0,-10.0,-5.0,0.0,5.0,10.0,5.0,0.0,-5.0,-10.0,-5.0,0.0,5.0,10.0,5.0,0.0,-5.0,-10.0,-5.0,0.0,5.0,10.0,5.0,0.0,-5.0,-10.0,-5.0,0.0,5.0,10.0,5.0,0.0,-5.0,-10.0,-5.0,0.0,5.0,10.0,5.0,0.0,-5.0,-10.0,-5.0,0.0,5.0,10.0,5.0
395,2025-10-12 08:18:08,proposed,-100.0,-85.0,-70.0,-55.0,-40.0,-25.0,-10.0,5.0,20.0,35.0,50.0,65.0,80.0,95.0,110.0,125.0,140.0,155.0,170.0,185.0,200.0,185.0,170.0,155.0,140.0,125.0,110.0,95.0,80.0,65.0,50.0,35.0,20.0,5.0,-10.0,-25.0,-40.0,-55.0,-70.0,-85.0,-100.0,-85.0,-70.0,-55.0,-40.0,-25.0,-10.0,5.0,20.0,35.0
396,2025-10-12 08:18:48,executed,-100.0,-85.0,-70.0,-55.0,-40.0,-25.0,-10.0,5.0,20.0,35.0,50.0,65.0,80.0,95.0,110.0,125.0,140.0,155.0,170.0,185.0,200.0,185.0,170.0,155.0,140.0,125.0,110.0,95.0,80.0,65.0,50.0,35.0,20.0,5.0,-10.0,-25.0,-40.0,-55.0,-70.0,-85.0,-100.0,-85.0,-70.0,-55.0,-40.0,-25.0,-10.0,5.0,20.0,35.0
396,2025-10-12 08:19:13,proposed,-100.0,-80.0,-60.0,-40.0,-20.0,0.0,20.0,40.0,60.0,80.0,100.0,-100.0,-80.0,-60.0,-40.0,-20.0,0.0,20.0,40.0,60.0,80.0,100.0,-100.0,-80.0,-60.0,40.0,60.0,80.0,100.0,-100.0,80.0,60.0,40.0,20.0,0.0,20.0,40.0,60.0,80.0,100.0,-100.0,-80.0,-60.0,-40.0,-20.0,0.0,20.0,40.0,60.0,80.0
397,2025-10-12 08:19:53,executed,-100.0,-80.0,-60.0,-40.0,-20.0,0.0,20.0,40.0,60.0,80.0,100.0,-100.0,-80.0,-60.0,-40.0,-20.0,0.0,20.0,40.0,60.0,80.0,100.0,-100.0,-80.0,-60.0,40.0,60.0,80.0,100.0,-100.0,80.0,60.0,40.0,20.0,0.0,20.0,40.0,60.0,80.0,100.0,-100.0,-80.0,-60.0,-40.0,-20.0,0.0,20.0,40.0,60.0,80.0
397,2025-10-12 08:20:13,proposed,-24.012,-1.1063333333333334,1.1557499999999998,-2.0816250000000003,-3.1165,-2.0657916666666667,-0.6729999999999996,0.19108333333333322,0.45666666666666667,0.3599999999999999,0.11483333333333334,-0.1269166666666668,-0.27249999999999996,-0.30266666666666664,-0.24200000000000013,-0.10762499999999968,0.061666666666666654,0.2227083333333333,0.3370000000000001,0.3761666666666667,0.32566666666666666,0.1879999999999999,-0.009666666666666948,-0.21299999999999986,-0.37,-13.332,-9.751625,-5.7324166666666665,-1.5873749999999998,2.354666666666667,5.57075,7.55175,7.988916666666667,6.734333333333334,3.8019999999999974,-0.6375833333333334,-6.047250000000004,-11.362,-15.802916666666668,-18.69458333333333,-19.4625,-17.686666666666667,-13.123750000000001,-5.792499999999988,4.062500000000016,15.311666666666667,26.928750000000008,38.180000000000014,48.31166666666666,56.63
398,2025-10-12 08:20:53,executed,-24.012,-1.1063333333333334,1.1557499999999998,-2.0816250000000003,-3.1165,-2.0657916666666667,-0.6729999999999996,0.19108333333333322,0.45666666666666667,0.3599999999999999,0.11483333333333334,-0.1269166666666668,-0.27249999999999996,-0.30266666666666664,-0.24200000000000013,-0.10762499999999968,0.061666666666666654,0.2227083333333333,0.3370000000000001,0.3761666666666667,0.32566666666666666,0.1879999999999999,-0.009666666666666948,-0.21299999999999986,-0.37,-13.332,-9.751625,-5.7324166666666665,-1.5873749999999998,2.354666666666667,5.57075,7.55175,7.988916666666667,6.734333333333334,3.8019999999999974,-0.6375833333333334,-6.047250000000004,-11.362,-15.802916666666668,-18.69458333333333,-19.4625,-17.686666666666667,-13.123750000000001,-5.792499999999988,4.062500000000016,15.311666666666667,26.928750000000008,38.180000000000014,48.31166666666666,56.63
398,2025-10-12 08:21:10,proposed,-75.0,-60.0,-45.0,-30.0,-15.0,0.0,15.0,30.0,45.0,60.0,75.0,90.0,105.0,120.0,135.0,150.0,165.0,180.0,195.0,210.0,225.0,210.0,195.0,180.0,165.0,150.0,135.0,120.0,105.0,90.0,75.0,60.0,45.0,30.0,15.0,0.0,-15.0,-30.0,-45.0,-60.0,-75.0,-90.0,-105.0,-120.0,-135.0,-150.0,-165.0,-180.0,-195.0,-210.0
399,2025-10-12 08:21:50,executed,-75.0,-60.0,-45.0,-30.0,-15.0,0.0,15.0,30.0,45.0,60.0,75.0,90.0,105.0,120.0,135.0,150.0,165.0,180.0,195.0,210.0,225.0,210.0,195.0,180.0,165.0,150.0,135.0,120.0,105.0,90.0,75.0,60.0,45.0,30.0,15.0,0.0,-15.0,-30.0,-45.0,-60.0,-75.0,-90.0,-105.0,-120.0,-135.0,-150.0,-165.0,-180.0,-195.0,-210.0
399,2025-10-12 08:22:18,proposed,-100.0,-80.0,-60.0,-40.0,-20.0,0.0,20.0,40.0,60.0,80.0,100.0,80.0,60.0,40.0,20.0,0.0,-20.0,-40.0,-60.0,-80.0,-100.0,-80.0,-60.0,-40.0,-20.0,0.0,20.0,40.0,60.0,80.0,-10.0,-8.0,-6.0,-4.0,-2.0,0.0,2.0,4.0,6.0,8.0,10.0,8.0,6.0,4.0,2.0,0.0,-2.0,-4.0,-6.0,-8.0
400,2025-10-12 08:22:58,executed,-100.0,-80.0,-60.0,-40.0,-20.0,0.0,20.0,40.0,60.0,80.0,100.0,80.0,60.0,40.0,20.0,0.0,-20.0,-40.0,-60.0,-80.0,-100.0,-80.0,-60.0,-40.0,-20.0,0.0,20.0,40.0,60.0,80.0,-10.0,-8.0,-6.0,-4.0,-2.0,0.0,2.0,4.0,6.0,8.0,10.0,8.0,6.0,4.0,2.0,0.0,-2.0,-4.0,-6.0,-8.0
400,2025-10-12 08:23:16,proposed,-10.993855,-5.885069,-0.206646,-7.306527,-17.309473,-29.273628,-41.420855,-57.368554,-64.351259,-68.730552,-74.305447,-90.96178,-113.563352,-135.873989,-156.474452,-175.129149,-189.577451,-199.238397,-206.375785,-211.873775,-213.325799,-208.103406,-194.11261,-172.871615,-150.755176,-130.821882,-111.419665,-92.33974,-75.634237,-61.18727,-47.303905,-33.901023,-20.759374,-7.455577,9.216669,28.857061,50.259438,70.596813,88.704331,104.486411,116.232589,124.402812,130.847044,132.445849,129.429601,122.092667,109.79719,93.344939,76.11635,60.117687
401,2025-10-12 08:23:56,executed,-10.993855,-5.885069,-0.206646,-7.306527,-17.309473,-29.273628,-41.420855,-57.368554,-64.351259,-68.730552,-74.305447,-90.96178,-113.563352,-135.873989,-156.474452,-175.129149,-189.577451,-199.238397,-206.375785,-211.873775,-213.325799,-208.103406,-194.11261,-172.871615,-150.755176,-130.821882,-111.419665,-92.33974,-75.634237,-61.18727,-47.303905,-33.901023,-20.759374,-7.455577,9.216669,28.857061,50.259438,70.596813,88.704331,104.486411,116.232589,124.402812,130.847044,132.445849,129.429601,122.092667,109.79719,93.344939,76.11635,60.117687
401,2025-10-12 08:24:14,proposed,-64.993855,-89.885069,-75.206646,-62.306527,-52.309473,-44.273628,-32.420855,7.368554,24.351259,28.730552,34.305447,50.96178,73.563352,95.873989,116.474452,135.129149,149.577451,159.238397,166.375785,171.873775,173.325799,168.103406,154.11261,132.871615,110.755176,90.821882,71.419665,52.33974,35.634237,21.18727,7.303905,-6.098977,-19.240626,-33.455577,-50.216669,-69.857061,-91.259438,-111.596813,-129.704331,-145.486411,-157.232589,-165.402812,-170.847044,-172.445849,-169.429601,-162.092667,-149.79719,-133.344939,-116.11635,-100.117687
402,2025-10-12 08:24:54,executed,-64.993855,-89.885069,-75.206646,-62.306527,-52.309473,-44.273628,-32.420855,7.368554,24.351259,28.730552,34.305447,50.96178,73.563352,95.873989,116.474452,135.129149,149.577451,159.238397,166.375785,171.873775,173.325799,168.103406,154.11261,132.871615,110.755176,90.821882,71.419665,52.33974,35.634237,21.18727,7.303905,-6.098977,-19.240626,-33.455577,-50.216669,-69.857061,-91.259438,-111.596813,-129.704331,-145.486411,-157.232589,-165.402812,-170.847044,-172.445849,-169.429601,-162.092667,-149.79719,-133.344939,-116.11635,-100.117687
402,2025-10-12 08:25:28,proposed,83.993855,53.66914104166666,30.63981925,8.947178874999997,-26.081141166666665,-38.775516375,-80.14101125,-122.91540529166666,-153.79776633333333,-169.43753125,-172.14980191666666,-145.37715395833328,-101.78852900000001,-62.08470562499997,-28.206839583333373,0.07289625000005451,27.717259999999996,63.128613333333334,105.51246925000005,141.19847766666672,163.04110816666667,171.245998375,161.70407816666665,133.03044945833335,99.117687,33.254739,23.415438,9.455457999999998,-16.062408000000005,-61.200826,-40.21952579166667,-40.28363775,-39.393947375,-27.586801666666666,-5.935136124999983,18.067695416666666,32.35365620833334,32.9916915,24.69358674999999,12.144849000000017,-1.0590853750000275,-16.457855666666667,-30.508288916666665,-35.886204750000005,-32.10046029166666,-16.29847133333333,6.441406375000016,29.528961166666697,39.29456291666666,36.560793
403,2025-10-12 08:26:08,executed,83.993855,53.66914104166666,30.63981925,8.947178874999997,-26.081141166666665,-38.775516375,-80.14101125,-122.91540529166666,-153.79776633333333,-169.43753125,-172.14980191666666,-145.37715395833328,-101.78852900000001,-62.08470562499997,-28.206839583333373,0.07289625000005451,27.717259999999996,63.128613333333334,105.51246925000005,141.19847766666672,163.04110816666667,171.245998375,161.70407816666665,133.03044945833335,99.117687,33.254739,23.415438,9.455457999999998,-16.062408000000005,-61.200826,-40.21952579166667,-40.28363775,-39.393947375,-27.586801666666666,-5.935136124999983,18.067695416666666,32.35365620833334,32.9916915,24.69358674999999,12.144849000000017,-1.0590853750000275,-16.457855666666667,-30.508288916666665,-35.886204750000005,-32.10046029166666,-16.29847133333333,6.441406375000016,29.528961166666697,39.29456291666666,36.560793
403,2025-10-12 08:26:28,proposed,85.993855,55.66914104166666,32.639819249999995,10.947178874999997,-24.081141166666665,-36.775516375,-78.14101125,-120.91540529166666,-151.79776633333333,-167.43753125,-170.14980191666666,-143.37715395833328,-99.78852900000001,-60.08470562499997,-26.206839583333373,2.0728962500000545,29.717259999999996,65.12861333333333,107.51246925000005,143.19847766666672,165.04110816666667,173.245998375,163.70407816666665,135.03044945833335,101.117687,35.254739,25.415438,11.455457999999998,-14.062408000000005,-59.200826,-38.21952579166667,-38.28363775,-37.393947375,-25.586801666666666,-3.9351361249999828,20.067695416666666,34.35365620833334,34.9916915,26.69358674999999,14.144849000000018,0.940914624999972,-14.457855666666667,-28.508288916666665,-33.886204750000005,-30.100460291666657,-14.298471333333334,8.441406375000016,31.528961166666697,41.29456291666666,38.560793
404,2025-10-12 08:27:08,executed,85.993855,55.66914104166666,32.639819249999995,10.947178874999997,-24.081141166666665,-36.775516375,-78.14101125,-120.91540529166666,-151.79776633333333,-167.43753125,-170.14980191666666,-143.37715395833328,-99.78852900000001,-60.08470562499997,-26.206839583333373,2.0728962500000545,29.717259999999996,65.12861333333333,107.51246925000005,143.19847766666672,165.04110816666667,173.245998375,163.70407816666665,135.03044945833335,101.117687,35.254739,25.415438,11.455457999999998,-14.062408000000005,-59.200826,-38.21952579166667,-38.28363775,-37.393947375,-25.586801666666666,-3.9351361249999828,20.067695416666666,34.35365620833334,34.9916915,26.69358674999999,14.144849000000018,0.940914624999972,-14.457855666666667,-28.508288916666665,-33.886204750000005,-30.100460291666657,-14.298471333333334,8.441406375000016,31.528961166666697,41.29456291666666,38.560793
404,2025-10-12 08:27:25,proposed,79.993855,64.885069,50.206646,37.306527,27.309473,19.273628,7.420855,-12.368554,-29.351259,-33.730552,-39.305447,-55.96178,-78.563352,-100.873989,-121.474452,-140.129149,-154.577451,-164.238397,-171.375785,-176.873775,-178.325799,-173.103406,-159.11261,-137.871615,-115.755176,-95.821882,-76.419665,-57.33974,-40.634237,-26.18727,-12.303905,1.098977,14.240626,28.455577,45.216669,64.857061,86.259438,106.596813,124.704331,140.486411,152.232589,160.402812,165.847044,167.445849,164.429601,157.092667,144.79719,128.344939,111.11635,95.117687
405,2025-10-12 08:28:05,executed,79.993855,64.885069,50.206646,37.306527,27.309473,19.273628,7.420855,-12.368554,-29.351259,-33.730552,-39.305447,-55.96178,-78.563352,-100.873989,-121.474452,-140.129149,-154.577451,-164.238397,-171.375785,-176.873775,-178.325799,-173.103406,-159.11261,-137.871615,-115.755176,-95.821882,-76.419665,-57.33974,-40.634237,-26.18727,-12.303905,1.098977,14.240626,28.455577,45.216669,64.857061,86.259438,106.596813,124.704331,140.486411,152.232589,160.402812,165.847044,167.445849,164.429601,157.092667,144.79719,128.344939,111.11635,95.117687
405,2025-10-12 08:28:25,proposed,77.593855,62.885069,48.206646,35.306527,25.309473,17.273628,5.420855,-14.368554,-31.351259,-35.730552,-41.305447,-57.96178,-80.563352,-102.873989,-123.474452,-142.129149,-156.577451,-166.238397,-173.375785,-178.873775,-180.325799,-175.103406,-161.11261,-139.871615,-117.755176,-97.821882,-78.419665,-59.33974,-42.634237,-28.18727,-14.303905,-0.901023,12.240626,26.455577,43.216669,62.857061,84.259438,104.596813,122.704331,138.486411,150.232589,158.402812,163.847044,165.445849,162.429601,155.092667,142.79719,126.344939,109.11635,93.117687
406,2025-10-12 08:29:05,executed,77.593855,62.885069,48.206646,35.306527,25.309473,17.273628,5.420855,-14.368554,-31.351259,-35.730552,-41.305447,-57.96178,-80.563352,-102.873989,-123.474452,-142.129149,-156.577451,-166.238397,-173.375785,-178.873775,-180.325799,-175.103406,-161.11261,-139.871615,-117.755176,-97.821882,-78.419665,-59.33974,-42.634237,-28.18727,-14.303905,-0.901023,12.240626,26.455577,43.216669,62.857061,84.259438,104.596813,122.704331,138.486411,150.232589,158.402812,163.847044,165.445849,162.429601,155.092667,142.79719,126.344939,109.11635,93.117687
406,2025-10-12 08:29:25,proposed,-75.238,-44.80795833333333,-21.669083333333333,0.29375000000000373,36.384,49.15029166666667,90.57650000000001,133.43154166666665,164.32033333333334,179.984125,183.39966666666666,157.26024999999996,113.70949999999999,73.9932083333333,40.14133333333337,12.446874999999947,-14.604333333333333,-49.70279166666666,-93.14800000000005,-129.3441666666667,-151.04466666666667,-159.925375,-150.37816666666663,-121.05795833333335,-87.123,-35.745,-25.90641666666667,-11.946416666666666,17.590875000000004,62.729,41.747749999999996,41.812,40.922583333333336,28.781666666666666,5.463124999999983,-18.534083333333335,-32.818333333333335,-33.454,-25.155374999999992,-12.606166666666685,0.5973750000000275,15.995999999999999,30.046458333333334,35.42375,31.63812499999999,15.835666666666668,-6.9026250000000156,-29.989833333333365,-39.755916666666664,-37.024
407,2025-10-12 08:30:05,executed,-75.238,-44.80795833333333,-21.669083333333333,0.29375000000000373,36.384,49.15029166666667,90.57650000000001,133.43154166666665,164.32033333333334,179.984125,183.39966666666666,157.26024999999996,113.70949999999999,73.9932083333333,40.14133333333337,12.446874999999947,-14.604333333333333,-49.70279166666666,-93.14800000000005,-129.3441666666667,-151.04466666666667,-159.925375,-150.37816666666663,-121.05795833333335,-87.123,-35.745,-25.90641666666667,-11.946416666666666,17.590875000000004,62.729,41.747749999999996,41.812,40.922583333333336,28.781666666666666,5.463124999999983,-18.534083333333335,-32.818333333333335,-33.454,-25.155374999999992,-12.606166666666685,0.5973750000000275,15.995999999999999,30.046458333333334,35.42375,31.63812499999999,15.835666666666668,-6.9026250000000156,-29.989833333333365,-39.755916666666664,-37.024
407,2025-10-12 08:30:24,proposed,74.993855,59.885069,45.206646,32.306527,22.309473,14.273628,2.420855,-17.368554,-34.351259,-38.730552,-44.305447,-60.96178,-83.563352,-105.873989,-126.474452,-145.129149,-159.577451,-169.238397,-176.375785,-181.873775,-183.325799,-178.103406,-164.11261,-142.871615,-120.755176,-100.821882,-81.419665,-62.33974,-45.634237,-31.18727,-17.303905,-3.901023,9.240626,23.455577,40.216669,59.857061,81.259438,101.596813,119.704331,135.486411,147.232589,155.402812,160.847044,162.445849,159.429601,152.092667,139.79719,123.344939,106.11635,90.117687
408,2025-10-12 08:31:04,executed,74.993855,59.885069,45.206646,32.306527,22.309473,14.273628,2.420855,-17.368554,-34.351259,-38.730552,-44.305447,-60.96178,-83.563352,-105.873989,-126.474452,-145.129149,-159.577451,-169.238397,-176.375785,-181.873775,-183.325799,-178.103406,-164.11261,-142.871615,-120.755176,-100.821882,-81.419665,-62.33974,-45.634237,-31.18727,-17.303905,-3.901023,9.240626,23.455577,40.216669,59.857061,81.259438,101.596813,119.704331,135.486411,147.232589,155.402812,160.847044,162.445849,159.429601,152.092667,139.79719,123.344939,106.11635,90.117687
408,2025-10-12 08:31:23,proposed,84.993855,69.885069,55.206646,42.306527,32.309473,24.273628,12.420855,-7.368554,-24.351259,-28.730552,-34.305447,-50.96178,-73.563352,-95.873989,-116.474452,-135.129149,-149.577451,-159.238397,-166.375785,-171.873775,-173.325799,-168.103406,-154.11261,-132.871615,-110.755176,-90.821882,-71.419665,-52.33974,-35.634237,-21.18727,-7.303905,6.098977,19.240626,33.455577,50.216669,69.857061,91.259438,111.596813,129.704331,145.486411,157.232589,165.402812,170.847044,172.445849,169.429601,162.092667,149.79719,133.344939,116.11635,100.117687
409,2025-10-12 08:32:03,executed,84.993855,69.885069,55.206646,42.306527,32.309473,24.273628,12.420855,-7.368554,-24.351259,-28.730552,-34.305447,-50.96178,-73.563352,-95.873989,-116.474452,-135.129149,-149.577451,-159.238397,-166.375785,-171.873775,-173.325799,-168.103406,-154.11261,-132.871615,-110.755176,-90.821882,-71.419665,-52.33974,-35.634237,-21.18727,-7.303905,6.098977,19.240626,33.455577,50.216669,69.857061,91.259438,111.596813,129.704331,145.486411,157.232589,165.402812,170.847044,172.445849,169.429601,162.092667,149.79719,133.344939,116.11635,100.117687
409,2025-10-12 08:32:21,proposed,83.993855,68.885069,54.206646,41.306527,31.309473,23.273628,11.420855,-8.368554,-25.351259,-29.730552,-35.305447,-51.96178,-74.563352,-96.873989,-117.474452,-136.129149,-150.577451,-160.238397,-167.375785,-172.873775,-174.325799,-169.103406,-155.11261,-133.871615,-111.755176,-91.821882,-72.419665,-53.33974,-36.634237,-22.18727,-8.303905,5.098977,18.240626,32.455577,49.216669,68.857061,90.259438,110.596813,128.704331,144.486411,156.232589,164.402812,169.847044,171.445849,168.429601,161.092667,148.79719,132.344939,115.11635,99.117687
410,2025-10-12 08:33:01,executed,83.993855,68.885069,54.206646,41.306527,31.309473,23.273628,11.420855,-8.368554,-25.351259,-29.730552,-35.305447,-51.96178,-74.563352,-96.873989,-117.474452,-136.129149,-150.577451,-160.238397,-167.375785,-172.873775,-174.325799,-169.103406,-155.11261,-133.871615,-111.755176,-91.821882,-72.419665,-53.33974,-36.634237,-22.18727,-8.303905,5.098977,18.240626,32.455577,49.216669,68.857061,90.259438,110.596813,128.704331,144.486411,156.232589,164.402812,169.847044,171.445849,168.429601,161.092667,148.79719,132.344939,115.11635,99.117687
410,2025-10-12 08:33:20,proposed,78.993855,63.885069,49.206646,36.306527,26.309473,18.273628,6.420855,-13.368554,-30.351259,-34.730552,-40.305447,-56.96178,-79.563352,-101.873989,-122.474452,-141.129149,-155.577451,-165.238397,-172.375785,-177.873775,-179.325799,-174.103406,-160.11261,-138.871615,-116.755176,-96.821882,-77.419665,-58.33974,-41.634237,-27.18727,-13.303905,0.098977,13.240626,27.455577,44.216669,63.857061,85.259438,105.596813,123.704331,139.486411,151.232589,159.402812,164.847044,166.445849,163.429601,156.092667,143.79719,127.344939,110.11635,94.117687
411,2025-10-12 08:34:00,executed,78.993855,63.885069,49.206646,36.306527,26.309473,18.273628,6.420855,-13.368554,-30.351259,-34.730552,-40.305447,-56.96178,-79.563352,-101.873989,-122.474452,-141.129149,-155.577451,-165.238397,-172.375785,-177.873775,-179.325799,-174.103406,-160.11261,-138.871615,-116.755176,-96.821882,-77.419665,-58.33974,-41.634237,-27.18727,-13.303905,0.098977,13.240626,27.455577,44.216669,63.857061,85.259438,105.596813,123.704331,139.486411,151.232589,159.402812,164.847044,166.445849,163.429601,156.092667,143.79719,127.344939,110.11635,94.117687
411,2025-10-12 08:34:19,proposed,-75.0,-60.0,-45.0,-30.0,-15.0,0.0,15.0,30.0,45.0,60.0,75.0,90.0,105.0,120.0,135.0,150.0,165.0,180.0,195.0,210.0,225.0,210.0,195.0,180.0,165.0,150.0,135.0,120.0,105.0,90.0,75.0,60.0,45.0,30.0,15.0,0.0,-15.0,-30.0,-45.0,-60.0,-75.0,-90.0,-105.0,-120.0,-135.0,-150.0,-165.0,-180.0,-195.0,-210.0
412,2025-10-12 08:34:59,executed,-75.0,-60.0,-45.0,-30.0,-15.0,0.0,15.0,30.0,45.0,60.0,75.0,90.0,105.0,120.0,135.0,150.0,165.0,180.0,195.0,210.0,225.0,210.0,195.0,180.0,165.0,150.0,135.0,120.0,105.0,90.0,75.0,60.0,45.0,30.0,15.0,0.0,-15.0,-30.0,-45.0,-60.0,-75.0,-90.0,-105.0,-120.0,-135.0,-150.0,-165.0,-180.0,-195.0,-210.0
412,2025-10-12 08:35:29,proposed,-48.993855,-33.885069,-19.206646,-6.306527,3.690527,11.726372,23.579145,47.368554,64.351259,68.730552,74.305447,90.96178,113.563352,135.873989,156.474452,175.129149,189.577451,199.238397,206.375785,211.873775,213.325799,208.103406,194.11261,172.871615,150.755176,130.821882,111.419665,92.33974,75.634237,61.18727,77.303905,96.098977,109.240626,123.455577,140.216669,159.857061,181.259438,201.596813,219.704331,235.486411,247.232589,255.402812,260.847044,262.445849,259.429601,252.092667,239.79719,223.344939,206.11635,190.117687
413,2025-10-12 08:36:09,executed,-48.993855,-33.885069,-19.206646,-6.306527,3.690527,11.726372,23.579145,47.368554,64.351259,68.730552,74.305447,90.96178,113.563352,135.873989,156.474452,175.129149,189.577451,199.238397,206.375785,211.873775,213.325799,208.103406,194.11261,172.871615,150.755176,130.821882,111.419665,92.33974,75.634237,61.18727,77.303905,96.098977,109.240626,123.455577,140.216669,159.857061,181.259438,201.596813,219.704331,235.486411,247.232589,255.402812,260.847044,262.445849,259.429601,252.092667,239.79719,223.344939,206.11635,190.117687
413,2025-10-12 08:36:44,proposed,94.993855,79.885069,65.206646,52.306527,42.309473,34.273628,22.420855,2.631446,-14.351259,-18.730552,-24.305447,-40.96178,-63.563352,-85.873989,-106.474452,-125.129149,-139.577451,-149.238397,-156.375785,-161.873775,-163.325799,-158.103406,-144.11261,-122.871615,-100.755176,-80.821882,-61.419665,-42.33974,-25.634237,-11.18727,-17.303905,-3.901023,9.240626,23.455577,40.216669,59.857061,81.259438,101.596813,119.704331,135.486411,147.232589,155.402812,160.847044,162.445849,159.429601,152.092667,139.79719,123.344939,106.11635,90.117687
414,2025-10-12 08:37:25,executed,94.993855,79.885069,65.206646,52.306527,42.309473,34.273628,22.420855,2.631446,-14.351259,-18.730552,-24.305447,-40.96178,-63.563352,-85.873989,-106.474452,-125.129149,-139.577451,-149.238397,-156.375785,-161.873775,-163.325799,-158.103406,-144.11261,-122.871615,-100.755176,-80.821882,-61.419665,-42.33974,-25.634237,-11.18727,-17.303905,-3.901023,9.240626,23.455577,40.216669,59.857061,81.259438,101.596813,119.704331,135.486411,147.232589,155.402812,160.847044,162.445849,159.429601,152.092667,139.79719,123.344939,106.11635,90.117687
414,2025-10-12 08:37:50,proposed,54.993855,59.885069,45.206646,32.306527,22.309473,14.273628,2.420855,-17.368554,-34.351259,-18.730552,-24.305447,-40.96178,-63.563352,-85.873989,-106.474452,-125.129149,-139.577451,-149.238397,-156.375785,-161.873775,-163.325799,-158.103406,-144.11261,-122.871615,-100.755176,-80.821882,-61.419665,-42.33974,-25.634237,-11.18727,-1.303905,16.098977,29.240626,43.455577,60.216669,79.857061,101.259438,121.596813,139.704331,155.486411,167.232589,175.402812,180.847044,182.445849,179.429601,172.092667,159.79719,143.344939,126.11635,110.117687
415,2025-10-12 08:38:30,executed,54.993855,59.885069,45.206646,32.306527,22.309473,14.273628,2.420855,-17.368554,-34.351259,-18.730552,-24.305447,-40.96178,-63.563352,-85.873989,-106.474452,-125.129149,-139.577451,-149.238397,-156.375785,-161.873775,-163.325799,-158.103406,-144.11261,-122.871615,-100.755176,-80.821882,-61.419665,-42.33974,-25.634237,-11.18727,-1.303905,16.098977,29.240626,43.455577,60.216669,79.857061,101.259438,121.596813,139.704331,155.486411,167.232589,175.402812,180.847044,182.445849,179.429601,172.092667,159.79719,143.344939,126.11635,110.117687
415,2025-10-12 08:38:56,proposed,83.993855,53.66914104166666,30.63981925,8.947178874999997,-26.081141166666665,-38.775516375,-80.14101125,-122.91540529166666,-153.79776633333333,-169.43753125,-172.14980191666666,-145.37715395833328,-101.78852900000001,-62.08470562499997,-28.206839583333373,0.07289625000005451,27.717259999999996,63.128613333333334,105.51246925000005,141.19847766666672,163.04110816666667,171.245998375,161.70407816666665,133.03044945833335,99.117687,33.254739,23.415438,9.455457999999998,-16.062408000000005,-61.200826,-40.21952579166667,-40.28363775,-39.393947375,-27.586801666666666,-5.935136124999983,18.067695416666666,32.35365620833334,32.9916915,24.69358674999999,12.144849000000017,-1.0590853750000275,-16.457855666666667,-30.508288916666665,-35.886204750000005,-32.10046029166666,-16.29847133333333,6.441406375000016,29.528961166666697,39.29456291666666,36.560793
416,2025-10-12 08:39:36,executed,83.993855,53.66914104166666,30.63981925,8.947178874999997,-26.081141166666665,-38.775516375,-80.14101125,-122.91540529166666,-153.79776633333333,-169.43753125,-172.14980191666666,-145.37715395833328,-101.78852900000001,-62.08470562499997,-28.206839583333373,0.07289625000005451,27.717259999999996,63.128613333333334,105.51246925000005,141.19847766666672,163.04110816666667,171.245998375,161.70407816666665,133.03044945833335,99.117687,33.254739,23.415438,9.455457999999998,-16.062408000000005,-61.200826,-40.21952579166667,-40.28363775,-39.393947375,-27.586801666666666,-5.935136124999983,18.067695416666666,32.35365620833334,32.9916915,24.69358674999999,12.144849000000017,-1.0590853750000275,-16.457855666666667,-30.508288916666665,-35.886204750000005,-32.10046029166666,-16.29847133333333,6.441406375000016,29.528961166666697,39.29456291666666,36.560793
416,2025-10-12 08:40:04,proposed,84.993855,69.885069,55.206646,42.306527,32.309473,24.273628,12.420855,-7.368554,-24.351259,-28.730552,-34.305447,-50.96178,-73.563352,-95.873989,-116.474452,-135.129149,-149.577451,-159.238397,-166.375785,-171.873775,-173.325799,-168.103406,-154.11261,-132.871615,-110.755176,-90.821882,-71.419665,-52.33974,-35.634237,-21.18727,-7.303905,6.098977,19.240626,33.455577,50.216669,69.857061,91.259438,111.596813,129.704331,145.486411,157.232589,165.402812,170.847044,172.445849,169.429601,162.092667,149.79719,133.344939,116.11635,100.117687
417,2025-10-12 08:40:44,executed,84.993855,69.885069,55.206646,42.306527,32.309473,24.273628,12.420855,-7.368554,-24.351259,-28.730552,-34.305447,-50.96178,-73.563352,-95.873989,-116.474452,-135.129149,-149.577451,-159.238397,-166.375785,-171.873775,-173.325799,-168.103406,-154.11261,-132.871615,-110.755176,-90.821882,-71.419665,-52.33974,-35.634237,-21.18727,-7.303905,6.098977,19.240626,33.455577,50.216669,69.857061,91.259438,111.596813,129.704331,145.486411,157.232589,165.402812,170.847044,172.445849,169.429601,162.092667,149.79719,133.344939,116.11635,100.117687
417,2025-10-12 08:41:09,proposed,85.293855,70.185069,55.506646,42.606527,32.609473,24.573628,12.720855,-7.068554,-24.051259,-28.430552,-34.005447,-50.66178,-73.263352,-95.573989,-116.174452,-134.829149,-149.277451,-158.938397,-166.075785,-171.573775,-173.025799,-167.803406,-153.81261,-132.571615,-110.455176,-90.521882,-71.119665,-52.03974,-35.334237,-20.88727,-7.003905,6.398977,19.540626,33.755577,50.516669,70.157061,91.559438,111.896813,130.004331,145.786411,157.532589,165.702812,171.147044,172.745849,169.729601,162.392667,150.09719,133.644939,116.41635,100.417687
418,2025-10-12 08:41:49,executed,85.293855,70.185069,55.506646,42.606527,32.609473,24.573628,12.720855,-7.068554,-24.051259,-28.430552,-34.005447,-50.66178,-73.263352,-95.573989,-116.174452,-134.829149,-149.277451,-158.938397,-166.075785,-171.573775,-173.025799,-167.803406,-153.81261,-132.571615,-110.455176,-90.521882,-71.119665,-52.03974,-35.334237,-20.88727,-7.003905,6.398977,19.540626,33.755577,50.516669,70.157061,91.559438,111.896813,130.004331,145.786411,157.532589,165.702812,171.147044,172.745849,169.729601,162.392667,150.09719,133.644939,116.41635,100.417687
418,2025-10-12 08:42:13,proposed,79.993855,64.885069,50.206646,37.306527,27.309473,19.273628,7.420855,-12.368554,-29.351259,-33.730552,-39.305447,-55.96178,-78.563352,-100.873989,-121.474452,-140.129149,-154.577451,-164.238397,-171.375785,-176.873775,-178.325799,-173.103406,-159.11261,-137.871615,-115.755176,-95.821882,-76.419665,-57.33974,-40.634237,-26.18727,-12.303905,1.098977,14.240626,28.455577,45.216669,64.857061,86.259438,106.596813,124.704331,140.486411,152.232589,160.402812,165.847044,167.445849,164.429601,157.092667,144.79719,128.344939,111.11635,95.117687
419,2025-10-12 08:42:53,executed,79.993855,64.885069,50.206646,37.306527,27.309473,19.273628,7.420855,-12.368554,-29.351259,-33.730552,-39.305447,-55.96178,-78.563352,-100.873989,-121.474452,-140.129149,-154.577451,-164.238397,-171.375785,-176.873775,-178.325799,-173.103406,-159.11261,-137.871615,-115.755176,-95.821882,-76.419665,-57.33974,-40.634237,-26.18727,-12.303905,1.098977,14.240626,28.455577,45.216669,64.857061,86.259438,106.596813,124.704331,140.486411,152.232589,160.402812,165.847044,167.445849,164.429601,157.092667,144.79719,128.344939,111.11635,95.117687
419,2025-10-12 08:43:11,proposed,-75.0,-60.0,-45.0,-30.0,-15.0,0.0,15.0,30.0,45.0,60.0,75.0,90.0,105.0,120.0,135.0,150.0,165.0,180.0,195.0,210.0,225.0,210.0,195.0,180.0,165.0,150.0,135.0,120.0,105.0,90.0,75.0,60.0,45.0,30.0,15.0,0.0,-15.0,-30.0,-45.0,-60.0,-75.0,-90.0,-105.0,-120.0,-135.0,-150.0,-165.0,-180.0,-195.0,-210.0
420,2025-10-12 08:43:51,executed,-75.0,-60.0,-45.0,-30.0,-15.0,0.0,15.0,30.0,45.0,60.0,75.0,90.0,105.0,120.0,135.0,150.0,165.0,180.0,195.0,210.0,225.0,210.0,195.0,180.0,165.0,150.0,135.0,120.0,105.0,90.0,75.0,60.0,45.0,30.0,15.0,0.0,-15.0,-30.0,-45.0,-60.0,-75.0,-90.0,-105.0,-120.0,-135.0,-150.0,-165.0,-180.0,-195.0,-210.0
420,2025-10-12 08:44:21,proposed,85.993855,70.885069,56.206646,43.306527,33.309473,25.273628,13.420855,-6.368554,-23.351259,-27.730552,-33.305447,-50.96178,-73.563352,-95.873989,-116.474452,-135.129149,-149.577451,-159.238397,-166.375785,-171.873775,-173.325799,-168.103406,-154.11261,-132.871615,-110.755176,-90.821882,-71.419665,-52.33974,-35.634237,-21.18727,-7.303905,6.098977,19.240626,33.455577,50.216669,69.857061,91.259438,111.596813,129.704331,145.486411,157.232589,165.402812,170.847044,172.445849,169.429601,162.092667,149.79719,133.344939,116.11635,100.117687
421,2025-10-12 08:45:01,executed,85.993855,70.885069,56.206646,43.306527,33.309473,25.273628,13.420855,-6.368554,-23.351259,-27.730552,-33.305447,-50.96178,-73.563352,-95.873989,-116.474452,-135.129149,-149.577451,-159.238397,-166.375785,-171.873775,-173.325799,-168.103406,-154.11261,-132.871615,-110.755176,-90.821882,-71.419665,-52.33974,-35.634237,-21.18727,-7.303905,6.098977,19.240626,33.455577,50.216669,69.857061,91.259438,111.596813,129.704331,145.486411,157.232589,165.402812,170.847044,172.445849,169.429601,162.092667,149.79719,133.344939,116.11635,100.117687
421,2025-10-12 08:45:21,proposed,85.093855,54.869141041666666,31.839819249999998,10.147178874999998,-24.881141166666666,-37.57551637500001,-78.94101125000002,-121.71540529166666,-152.59776633333334,-168.23753125000002,-170.94980191666667,-144.1771539583333,-100.588529,-60.88470562499998,-27.006839583333374,1.2728962500000547,28.91726,64.32861333333334,106.71246925000005,142.3984776666667,164.24110816666666,172.445998375,162.90407816666664,134.23461612500003,100.317687,19.396539,20.35688025,17.40485875,1.613038124999996,-34.688702666666664,-22.631490041666666,-24.505025,-24.344808875000002,-14.905277666666665,0.49120575000001,15.048748916666668,23.84230954166667,26.1339445,24.158873625,20.42511666666667,14.745474749999984,2.33418,-12.165962874999998,-19.936340250000008,-23.042744458333335,-22.077286,-12.98143487499999,1.204379083333352,13.172539124999993,17.855942
422,2025-10-12 08:46:01,executed,85.093855,54.869141041666666,31.839819249999998,10.147178874999998,-24.881141166666666,-37.57551637500001,-78.94101125000002,-121.71540529166666,-152.59776633333334,-168.23753125000002,-170.94980191666667,-144.1771539583333,-100.588529,-60.88470562499998,-27.006839583333374,1.2728962500000547,28.91726,64.32861333333334,106.71246925000005,142.3984776666667,164.24110816666666,172.445998375,162.90407816666664,134.23461612500003,100.317687,19.396539,20.35688025,17.40485875,1.613038124999996,-34.688702666666664,-22.631490041666666,-24.505025,-24.344808875000002,-14.905277666666665,0.49120575000001,15.048748916666668,23.84230954166667,26.1339445,24.158873625,20.42511666666667,14.745474749999984,2.33418,-12.165962874999998,-19.936340250000008,-23.042744458333335,-22.077286,-12.98143487499999,1.204379083333352,13.172539124999993,17.855942
422,2025-10-12 08:46:18,proposed,85.003855,70.005069,55.006646,42.006527,32.009473,24.003628,12.000855,-7.008554,-24.001259,-28.000552,-34.005447,-50.00178,-73.003352,-95.003989,-116.004452,-135.009149,-149.007451,-159.008397,-166.005785,-171.003775,-173.005799,-168.003406,-154.00261,-132.001615,-110.005176,-90.001882,-71.009665,-52.00974,-35.004237,-21.00727,-7.003905,6.008977,19.000626,33.005577,50.006669,69.007061,91.009438,111.006813,129.004331,145.006411,157.002589,165.002812,170.007044,172.005849,169.009601,162.002667,149.00719,133.004939,116.00635,100.007687
423,2025-10-12 08:46:58,executed,85.003855,70.005069,55.006646,42.006527,32.009473,24.003628,12.000855,-7.008554,-24.001259,-28.000552,-34.005447,-50.00178,-73.003352,-95.003989,-116.004452,-135.009149,-149.007451,-159.008397,-166.005785,-171.003775,-173.005799,-168.003406,-154.00261,-132.001615,-110.005176,-90.001882,-71.009665,-52.00974,-35.004237,-21.00727,-7.003905,6.008977,19.000626,33.005577,50.006669,69.007061,91.009438,111.006813,129.004331,145.006411,157.002589,165.002812,170.007044,172.005849,169.009601,162.002667,149.00719,133.004939,116.00635,100.007687
423,2025-10-12 08:47:16,proposed,54.993855,59.885069,45.206646,32.306527,22.309473,14.273628,2.420855,-17.368554,-34.351259,-38.730552,-44.305447,-60.96178,-83.563352,-105.873989,-126.474452,-145.129149,-159.577451,-169.238397,-176.375785,-181.873775,-183.325799,-178.103406,-164.11261,-142.871615,-120.755176,-100.821882,-81.419665,-62.33974,-45.634237,-31.18727,-17.303905,-3.901023,9.240626,23.455577,40.216669,59.857061,81.259438,101.596813,119.704331,135.486411,147.232589,155.402812,160.847044,162.445849,159.429601,152.092667,139.79719,123.344939,106.11635,90.117687
424,2025-10-12 08:47:56,executed,54.993855,59.885069,45.206646,32.306527,22.309473,14.273628,2.420855,-17.368554,-34.351259,-38.730552,-44.305447,-60.96178,-83.563352,-105.873989,-126.474452,-145.129149,-159.577451,-169.238397,-176.375785,-181.873775,-183.325799,-178.103406,-164.11261,-142.871615,-120.755176,-100.821882,-81.419665,-62.33974,-45.634237,-31.18727,-17.303905,-3.901023,9.240626,23.455577,40.216669,59.857061,81.259438,101.596813,119.704331,135.486411,147.232589,155.402812,160.847044,162.445849,159.429601,152.092667,139.79719,123.344939,106.11635,90.117687
424,2025-10-12 08:48:15,proposed,85.193855,70.085069,55.406646,42.506527,32.509473,24.473628,12.620855,-7.168554,-24.151259,-28.530552,-34.105447,-50.76178,-73.363352,-95.673989,-116.274452,-134.929149,-149.377451,-159.038397,-166.175785,-171.673775,-173.125799,-167.903406,-153.91261,-132.671615,-110.555176,-90.621882,-71.219665,-52.13974,-35.434237,-20.98727,-7.103905,6.298977,19.440626,33.655577,50.416669,70.057061,91.459438,111.796813,129.904331,145.686411,157.432589,165.602812,171.047044,172.645849,169.629601,162.292667,150.09719,133.544939,116.31635,100.317687
425,2025-10-12 08:48:55,executed,85.193855,70.085069,55.406646,42.506527,32.509473,24.473628,12.620855,-7.168554,-24.151259,-28.530552,-34.105447,-50.76178,-73.363352,-95.673989,-116.274452,-134.929149,-149.377451,-159.038397,-166.175785,-171.673775,-173.125799,-167.903406,-153.91261,-132.671615,-110.555176,-90.621882,-71.219665,-52.13974,-35.434237,-20.98727,-7.103905,6.298977,19.440626,33.655577,50.416669,70.057061,91.459438,111.796813,129.904331,145.686411,157.432589,165.602812,171.047044,172.645849,169.629601,162.292667,150.09719,133.544939,116.31635,100.317687
425,2025-10-12 08:49:17,proposed,-72.493855,-42.327474375,-18.34815258333333,-19.427821124999994,20.385525500000004,33.099483625000005,74.40396650000002,119.16792804166666,150.43556700000002,165.68746875,168.68353141666668,141.91451270833332,97.611471,57.331961041666645,23.876493750000037,-6.677103750000054,-34.317926666666665,-69.69471999999999,-112.18746925000005,-147.34318900000005,-169.29222516666667,-177.254001625,-168.46258849999998,-137.21955054166668,-103.882313,-35.745261,-25.959562000000002,-12.015313166666665,23.512592000000005,68.53950733333333,47.568390875,47.62426775,46.732337375,35.01319833333333,9.603613874999969,-20.539149083333335,-33.69634379166667,-34.094038499999996,-25.83757866666666,-13.288639666666684,0.5420853750000321,16.315855666666664,30.36785666666667,35.746102500000006,30.79060924999999,14.990478666666666,-7.683593625000016,-30.772594666666695,-40.536642,-37.839207
426,2025-10-12 08:49:57,executed,-72.493855,-42.327474375,-18.34815258333333,-19.427821124999994,20.385525500000004,33.099483625000005,74.40396650000002,119.16792804166666,150.43556700000002,165.68746875,168.68353141666668,141.91451270833332,97.611471,57.331961041666645,23.876493750000037,-6.677103750000054,-34.317926666666665,-69.69471999999999,-112.18746925000005,-147.34318900000005,-169.29222516666667,-177.254001625,-168.46258849999998,-137.21955054166668,-103.882313,-35.745261,-25.959562000000002,-12.015313166666665,23.512592000000005,68.53950733333333,47.568390875,47.62426775,46.732337375,35.01319833333333,9.603613874999969,-20.539149083333335,-33.69634379166667,-34.094038499999996,-25.83757866666666,-13.288639666666684,0.5420853750000321,16.315855666666664,30.36785666666667,35.746102500000006,30.79060924999999,14.990478666666666,-7.683593625000016,-30.772594666666695,-40.536642,-37.839207
426,2025-10-12 08:50:16,proposed,-25.221,-2.1902500000000007,20.53475,46.217000000000006,74.98749999999998,106.551875,141.16375000000002,178.65524999999997,218.865,262.14575,308.05224999999996,356.672,408.07800000000003,461.96412499999997,518.5184999999998,346.474125,-0.312,22.152749999999962,39.9275,48.7085,43.77800000000001,25.638125000000002,-7.0942500000000255,-52.38612499999995,-110.6,-153.632,-235.24812500000002,-329.82399999999996,-437.95675000000006,-560.73,-697.555875,-191.81549999999947,-3.5332499999999927,-9.401,-11.853250000000001,-11.33525,-7.697374999999999,-0.7804999999999942,9.162249999999997,22.43674999999997,38.89149999999999,58.374,81.33812499999996,107.31725,136.47062499999998,168.95299999999995,204.4605,243.29550000000003,285.30674999999997,330.343
427,2025-10-12 08:50:56,executed,-25.221,-2.1902500000000007,20.53475,46.217000000000006,74.98749999999998,106.551875,141.16375000000002,178.65524999999997,218.865,262.14575,308.05224999999996,356.672,408.07800000000003,461.96412499999997,518.5184999999998,346.474125,-0.312,22.152749999999962,39.9275,48.7085,43.77800000000001,25.638125000000002,-7.0942500000000255,-52.38612499999995,-110.6,-153.632,-235.24812500000002,-329.82399999999996,-437.95675000000006,-560.73,-697.555875,-191.81549999999947,-3.5332499999999927,-9.401,-11.853250000000001,-11.33525,-7.697374999999999,-0.7804999999999942,9.162249999999997,22.43674999999997,38.89149999999999,58.374,81.33812499999996,107.31725,136.47062499999998,168.95299999999995,204.4605,243.29550000000003,285.30674999999997,330.343
427,2025-10-12 08:51:32,proposed,-51.276,-36.18576,-29.635765,-20.488875,-9.569289,2.788452,14.835595,24.992636,31.936633,35.02832,35.098438,32.884945,28.724358,23.129088,16.82561,10.515734,4.220914,-2.627085,-10.225675,-18.073946,-25.517172,-31.15169,-34.177154,-35.122555,-33.961812,-30.347473,-23.521878,-13.65379,-2.620972,8.878889,20.748335,31.418109,38.337951,40.379633,39.578511,37.560793,84.993855,69.885069,55.206646,42.306527,32.309473,24.273628,12.420855,-7.368554,-24.351259,-28.730552,-34.305447,-50.96178,-73.563352,-95.873989
428,2025-10-12 08:52:12,executed,-51.276,-36.18576,-29.635765,-20.488875,-9.569289,2.788452,14.835595,24.992636,31.936633,35.02832,35.098438,32.884945,28.724358,23.129088,16.82561,10.515734,4.220914,-2.627085,-10.225675,-18.073946,-25.517172,-31.15169,-34.177154,-35.122555,-33.961812,-30.347473,-23.521878,-13.65379,-2.620972,8.878889,20.748335,31.418109,38.337951,40.379633,39.578511,37.560793,84.993855,69.885069,55.206646,42.306527,32.309473,24.273628,12.420855,-7.368554,-24.351259,-28.730552,-34.305447,-50.96178,-73.563352,-95.873989
428,2025-10-12 08:52:31,proposed,84.893855,69.785069,55.106646,42.206527,32.209473,24.173628,12.320855,-7.468554,-24.451259,-28.830552,-34.405447,-51.06178,-73.663352,-95.973989,-116.574452,-135.229149,-149.677451,-159.338397,-166.475785,-171.973775,-173.425799,-168.203406,-154.21261,-132.971615,-110.855176,-90.921882,-71.519665,-52.43974,-35.734237,-21.28727,-7.403905,5.998977,19.140626,33.355577,50.116669,69.757061,91.159438,111.496813,129.604331,145.386411,157.132589,165.302812,170.747044,172.345849,169.329601,161.992667,149.69719,133.244939,116.01635,100.017687
429,2025-10-12 08:53:11,executed,84.893855,69.785069,55.106646,42.206527,32.209473,24.173628,12.320855,-7.468554,-24.451259,-28.830552,-34.405447,-51.06178,-73.663352,-95.973989,-116.574452,-135.229149,-149.677451,-159.338397,-166.475785,-171.973775,-173.425799,-168.203406,-154.21261,-132.971615,-110.855176,-90.921882,-71.519665,-52.43974,-35.734237,-21.28727,-7.403905,5.998977,19.140626,33.355577,50.116669,69.757061,91.159438,111.496813,129.604331,145.386411,157.132589,165.302812,170.747044,172.345849,169.329601,161.992667,149.69719,133.244939,116.01635,100.017687
429,2025-10-12 08:53:31,proposed,-104.993855,-89.885069,-75.206646,-62.306527,-52.309473,-44.273628,-32.420855,-27.368554,-44.351259,-58.730552,-74.305447,-90.96178,-113.563352,-135.873989,-156.474452,-175.129149,-189.577451,-199.238397,-206.375785,-211.873775,-213.325799,-208.103406,-194.11261,-172.871615,-150.755176,-130.821882,-111.419665,-92.33974,-75.634237,-61.18727,-47.303905,-33.901023,-20.759374,-6.544423,10.216669,29.857061,51.259438,71.596813,89.704331,105.486411,117.232589,125.402812,130.847044,132.445849,129.429601,122.092667,109.79719,93.344939,76.11635,60.117687
430,2025-10-12 08:54:11,executed,-104.993855,-89.885069,-75.206646,-62.306527,-52.309473,-44.273628,-32.420855,-27.368554,-44.351259,-58.730552,-74.305447,-90.96178,-113.563352,-135.873989,-156.474452,-175.129149,-189.577451,-199.238397,-206.375785,-211.873775,-213.325799,-208.103406,-194.11261,-172.871615,-150.755176,-130.821882,-111.419665,-92.33974,-75.634237,-61.18727,-47.303905,-33.901023,-20.759374,-6.544423,10.216669,29.857061,51.259438,71.596813,89.704331,105.486411,117.232589,125.402812,130.847044,132.445849,129.429601,122.092667,109.79719,93.344939,76.11635,60.117687
430,2025-10-12 08:54:28,proposed,-100.0,-80.0,-60.0,-40.0,-20.0,0.0,20.0,40.0,60.0,80.0,100.0,-90.0,-70.0,-50.0,-30.0,-10.0,10.0,30.0,50.0,70.0,90.0,-80.0,-60.0,-40.0,-20.0,0.0,20.0,40.0,60.0,80.0,100.0,-90.0,-70.0,-50.0,-30.0,-10.0,10.0,30.0,50.0,70.0,90.0,-80.0,-60.0,-40.0,-20.0,0.0,20.0,40.0,60.0,80.0
431,2025-10-12 08:55:08,executed,-100.0,-80.0,-60.0,-40.0,-20.0,0.0,20.0,40.0,60.0,80.0,100.0,-90.0,-70.0,-50.0,-30.0,-10.0,10.0,30.0,50.0,70.0,90.0,-80.0,-60.0,-40.0,-20.0,0.0,20.0,40.0,60.0,80.0,100.0,-90.0,-70.0,-50.0,-30.0,-10.0,10.0,30.0,50.0,70.0,90.0,-80.0,-60.0,-40.0,-20.0,0.0,20.0,40.0,60.0,80.0
431,2025-10-12 08:55:27,proposed,85.393855,70.285069,55.606646,42.706527,32.709473,24.673628,12.820855,-6.968554,-23.951259,-28.330552,-33.905447,-50.56178,-73.163352,-95.473989,-116.074452,-134.729149,-149.177451,-158.838397,-165.975785,-171.473775,-172.925799,-167.703406,-153.71261,-132.471615,-110.355176,-90.421882,-71.019665,-51.93974,-35.234237,-20.78727,-6.903905,6.498977,19.640626,33.855577,50.616669,70.257061,91.659438,112.096813,130.204331,145.886411,157.632589,165.802812,171.247044,172.845849,169.829601,162.492667,150.19719,133.744939,116.51635,100.517687
432,2025-10-12 08:56:07,executed,85.393855,70.285069,55.606646,42.706527,32.709473,24.673628,12.820855,-6.968554,-23.951259,-28.330552,-33.905447,-50.56178,-73.163352,-95.473989,-116.074452,-134.729149,-149.177451,-158.838397,-165.975785,-171.473775,-172.925799,-167.703406,-153.71261,-132.471615,-110.355176,-90.421882,-71.019665,-51.93974,-35.234237,-20.78727,-6.903905,6.498977,19.640626,33.855577,50.616669,70.257061,91.659438,112.096813,130.204331,145.886411,157.632589,165.802812,171.247044,172.845849,169.829601,162.492667,150.19719,133.744939,116.51635,100.517687
432,2025-10-12 08:56:32,proposed,-21.781,-10.071,-1.394,5.766,11.063,14.834,16.971,17.541,16.731,14.723,11.701,7.853,3.364,-1.467,-6.476,-11.444,-16.126,-20.28,-23.667,-26.047,-27.2,-26.897,-24.877,-20.98,-15.148,-7.428,1.505,11.461,22.027,32.821,43.454,53.542,62.61,70.283,76.192,80.007,81.422,80.163,76.009,68.803,58.505,45.19,29.033,10.212,-10.795,-33.316,-57.062,-81.643,-106.67,-131.751
433,2025-10-12 08:57:12,executed,-21.781,-10.071,-1.394,5.766,11.063,14.834,16.971,17.541,16.731,14.723,11.701,7.853,3.364,-1.467,-6.476,-11.444,-16.126,-20.28,-23.667,-26.047,-27.2,-26.897,-24.877,-20.98,-15.148,-7.428,1.505,11.461,22.027,32.821,43.454,53.542,62.61,70.283,76.192,80.007,81.422,80.163,76.009,68.803,58.505,45.19,29.033,10.212,-10.795,-33.316,-57.062,-81.643,-106.67,-131.751
433,2025-10-12 08:57:30,proposed,85.093855,70.085069,55.406646,42.506527,32.509473,24.473628,12.620855,-7.168554,-24.151259,-28.530552,-34.105447,-50.76178,-73.363352,-95.673989,-116.274452,-134.929149,-149.377451,-159.038397,-166.175785,-171.673775,-173.125799,-167.903406,-153.91261,-132.671615,-110.555176,-90.621882,-71.219665,-52.13974,-35.434237,-20.98727,-7.103905,6.298977,19.440626,33.655577,50.416669,70.057061,91.459438,111.796813,129.904331,145.686411,157.432589,165.602812,171.047044,172.645849,169.629601,162.292667,150.09719,133.544939,116.31635,100.317687
434,2025-10-12 08:58:10,executed,85.093855,70.085069,55.406646,42.506527,32.509473,24.473628,12.620855,-7.168554,-24.151259,-28.530552,-34.105447,-50.76178,-73.363352,-95.673989,-116.274452,-134.929149,-149.377451,-159.038397,-166.175785,-171.673775,-173.125799,-167.903406,-153.91261,-132.671615,-110.555176,-90.621882,-71.219665,-52.13974,-35.434237,-20.98727,-7.103905,6.298977,19.440626,33.655577,50.416669,70.057061,91.459438,111.796813,129.904331,145.686411,157.432589,165.602812,171.047044,172.645849,169.629601,162.292667,150.09719,133.544939,116.31635,100.317687
434,2025-10-12 08:58:29,proposed,-20.0,-15.0,-10.0,-5.0,0.0,5.0,10.0,15.0,20.0,25.0,30.0,35.0,40.0,45.0,50.0,45.0,40.0,35.0,30.0,25.0,20.0,15.0,10.0,5.0,0.0,-5.0,-10.0,-15.0,-20.0,-25.0,30.0,25.0,20.0,15.0,10.0,5.0,0.0,-5.0,-10.0,-15.0,-20.0,-25.0,-30.0,-35.0,-40.0,-45.0,-50.0,-55.0,-60.0,-65.0
435,2025-10-12 08:59:09,executed,-20.0,-15.0,-10.0,-5.0,0.0,5.0,10.0,15.0,20.0,25.0,30.0,35.0,40.0,45.0,50.0,45.0,40.0,35.0,30.0,25.0,20.0,15.0,10.0,5.0,0.0,-5.0,-10.0,-15.0,-20.0,-25.0,30.0,25.0,20.0,15.0,10.0,5.0,0.0,-5.0,-10.0,-15.0,-20.0,-25.0,-30.0,-35.0,-40.0,-45.0,-50.0,-55.0,-60.0,-65.0
435,2025-10-12 08:59:28,proposed,79.993855,64.885069,50.206646,37.306527,27.309473,19.273628,7.420855,-12.368554,-29.351259,-33.730552,-39.305447,-55.96178,-78.563352,-100.873989,-121.474452,-140.129149,-154.577451,-164.238397,-171.375785,-176.873775,-178.325799,-173.103406,-159.11261,-137.871615,-115.755176,-95.821882,-76.419665,-57.33974,-40.634237,-26.18727,-12.303905,1.098977,14.240626,28.455577,45.216669,64.857061,86.259438,106.596813,124.704331,140.486411,152.232589,160.402812,165.847044,167.445849,164.429601,157.092667,144.79719,128.344939,111.11635,95.117687
436,2025-10-12 09:00:08,executed,79.993855,64.885069,50.206646,37.306527,27.309473,19.273628,7.420855,-12.368554,-29.351259,-33.730552,-39.305447,-55.96178,-78.563352,-100.873989,-121.474452,-140.129149,-154.577451,-164.238397,-171.375785,-176.873775,-178.325799,-173.103406,-159.11261,-137.871615,-115.755176,-95.821882,-76.419665,-57.33974,-40.634237,-26.18727,-12.303905,1.098977,14.240626,28.455577,45.216669,64.857061,86.259438,106.596813,124.704331,140.486411,152.232589,160.402812,165.847044,167.445849,164.429601,157.092667,144.79719,128.344939,111.11635,95.117687
436,2025-10-12 09:00:25,proposed,-100.0,-80.0,-60.0,-40.0,-20.0,0.0,20.0,40.0,60.0,80.0,100.0,-100.0,-80.0,-60.0,-40.0,-20.0,0.0,20.0,40.0,60.0,80.0,100.0,-100.0,-80.0,-60.0,-40.0,-20.0,0.0,20.0,40.0,60.0,80.0,100.0,-100.0,-80.0,-60.0,-40.0,-20.0,0.0,20.0,40.0,60.0,80.0,100.0,-100.0,-80.0,-60.0,-40.0,-20.0,0.0
437,2025-10-12 09:01:05,executed,-100.0,-80.0,-60.0,-40.0,-20.0,0.0,20.0,40.0,60.0,80.0,100.0,-100.0,-80.0,-60.0,-40.0,-20.0,0.0,20.0,40.0,60.0,80.0,100.0,-100.0,-80.0,-60.0,-40.0,-20.0,0.0,20.0,40.0,60.0,80.0,100.0,-100.0,-80.0,-60.0,-40.0,-20.0,0.0,20.0,40.0,60.0,80.0,100.0,-100.0,-80.0,-60.0,-40.0,-20.0,0.0
437,2025-10-12 09:01:23,proposed,-42.27,-27.67,-13.51,-1.49,7.75,14.86,18.89,19.52,17.51,13.63,8.55,2.93,-2.55,-7.69,-12.21,-15.97,-18.83,-20.74,-21.65,-21.51,-20.3,-18.0,-14.6,-10.1,-4.5,2.1,9.1,16.2,23.1,29.5,35.1,39.5,42.5,43.7,42.8,39.6,34.0,26.0,15.7,3.3,-10.7,-25.5,-40.3,-54.7,-68.3,-80.5,-90.8,-98.7,-104.0,-106.3
438,2025-10-12 09:02:03,executed,-42.27,-27.67,-13.51,-1.49,7.75,14.86,18.89,19.52,17.51,13.63,8.55,2.93,-2.55,-7.69,-12.21,-15.97,-18.83,-20.74,-21.65,-21.51,-20.3,-18.0,-14.6,-10.1,-4.5,2.1,9.1,16.2,23.1,29.5,35.1,39.5,42.5,43.7,42.8,39.6,34.0,26.0,15.7,3.3,-10.7,-25.5,-40.3,-54.7,-68.3,-80.5,-90.8,-98.7,-104.0,-106.3
438,2025-10-12 09:02:20,proposed,85.011,69.889,55.208,42.307,32.309,24.273,12.421,-7.369,-24.351,-28.731,-34.306,-50.962,-73.564,-95.874,-116.475,-135.13,-149.578,-159.239,-166.376,-171.874,-173.326,-168.104,-154.113,-132.872,-110.756,-90.823,-71.421,-52.341,-35.636,-21.189,-7.305,6.097,19.239,33.454,50.215,69.856,91.258,111.595,129.703,145.485,157.231,165.401,170.846,172.444,169.428,162.091,149.796,133.344,116.115,100.117
439,2025-10-12 09:03:00,executed,85.011,69.889,55.208,42.307,32.309,24.273,12.421,-7.369,-24.351,-28.731,-34.306,-50.962,-73.564,-95.874,-116.475,-135.13,-149.578,-159.239,-166.376,-171.874,-173.326,-168.104,-154.113,-132.872,-110.756,-90.823,-71.421,-52.341,-35.636,-21.189,-7.305,6.097,19.239,33.454,50.215,69.856,91.258,111.595,129.703,145.485,157.231,165.401,170.846,172.444,169.428,162.091,149.796,133.344,116.115,100.117
439,2025-10-12 09:03:20,proposed,-7.303905,11.574664083333332,31.0864185,55.126767,84.12531233333334,113.10577283333332,137.595371,156.2537408333333,167.217556,172.04614775000002,168.20677866666665,154.92030541666668,133.344939,109.45024041666669,45.23189700000021,28.617087250000004,20.476948000000014,10.455458000000002,-4.542960500000027,-36.48085466666667,-59.07086700000001,-43.50326849999999,-37.28422666666666,-39.62224808333333,-39.303201,-36.18576,-25.824560833333333,-11.38922,5.80023775,21.606955666666668,32.194273583333334,35.063379,33.06940275000001,26.859268000000004,18.401479499999994,9.466597333333338,0.22624791666666866,-10.225675,-21.175290166666652,-30.21260366666665,-34.41350425,-34.34872633333334,-29.77867341666667,-18.587833999999983,-3.540373499999996,12.835370999999984,28.75066550000001,38.67823133333333,39.912311833333334,37.560793
440,2025-10-12 09:04:00,executed,-7.303905,11.574664083333332,31.0864185,55.126767,84.12531233333334,113.10577283333332,137.595371,156.2537408333333,167.217556,172.04614775000002,168.20677866666665,154.92030541666668,133.344939,109.45024041666669,45.23189700000021,28.617087250000004,20.476948000000014,10.455458000000002,-4.542960500000027,-36.48085466666667,-59.07086700000001,-43.50326849999999,-37.28422666666666,-39.62224808333333,-39.303201,-36.18576,-25.824560833333333,-11.38922,5.80023775,21.606955666666668,32.194273583333334,35.063379,33.06940275000001,26.859268000000004,18.401479499999994,9.466597333333338,0.22624791666666866,-10.225675,-21.175290166666652,-30.21260366666665,-34.41350425,-34.34872633333334,-29.77867341666667,-18.587833999999983,-3.540373499999996,12.835370999999984,28.75066550000001,38.67823133333333,39.912311833333334,37.560793
440,2025-10-12 09:04:19,proposed,44.993855,49.885069,35.206646,22.306527,12.309473,4.273628,-7.579145,-27.368554,-44.351259,-48.730552,-54.305447,-70.96178,-93.563352,-115.873989,-136.474452,-155.129149,-169.577451,-179.238397,-186.375785,-191.873775,-193.325799,-188.103406,-174.11261,-152.871615,-130.755176,-110.821882,-91.419665,-72.33974,-55.634237,-41.18727,-27.303905,-13.901023,-0.759374,13.455577,30.216669,49.857061,71.259438,91.596813,109.704331,125.486411,137.232589,145.402812,150.847044,152.445849,149.429601,142.092667,129.79719,113.344939,96.11635,80.117687
441,2025-10-12 09:04:59,executed,44.993855,49.885069,35.206646,22.306527,12.309473,4.273628,-7.579145,-27.368554,-44.351259,-48.730552,-54.305447,-70.96178,-93.563352,-115.873989,-136.474452,-155.129149,-169.577451,-179.238397,-186.375785,-191.873775,-193.325799,-188.103406,-174.11261,-152.871615,-130.755176,-110.821882,-91.419665,-72.33974,-55.634237,-41.18727,-27.303905,-13.901023,-0.759374,13.455577,30.216669,49.857061,71.259438,91.596813,109.704331,125.486411,137.232589,145.402812,150.847044,152.445849,149.429601,142.092667,129.79719,113.344939,96.11635,80.117687
441,2025-10-12 09:05:18,proposed,83.993855,68.885069,54.206646,41.306527,31.309473,23.273628,11.420855,-8.368554,-25.351259,-29.730552,-35.305447,-51.96178,-74.563352,-96.873989,-117.474452,-136.129149,-150.577451,-160.238397,-167.375785,-172.873775,-174.325799,-169.103406,-155.11261,-133.871615,-111.755176,-91.821882,-72.419665,-53.33974,-36.634237,-22.18727,-8.303905,5.098977,18.240626,32.455577,49.216669,68.857061,90.259438,110.596813,128.704331,144.486411,156.232589,164.402812,169.847044,171.445849,168.429601,161.092667,148.79719,132.344939,115.11635,99.117687
442,2025-10-12 09:05:58,executed,83.993855,68.885069,54.206646,41.306527,31.309473,23.273628,11.420855,-8.368554,-25.351259,-29.730552,-35.305447,-51.96178,-74.563352,-96.873989,-117.474452,-136.129149,-150.577451,-160.238397,-167.375785,-172.873775,-174.325799,-169.103406,-155.11261,-133.871615,-111.755176,-91.821882,-72.419665,-53.33974,-36.634237,-22.18727,-8.303905,5.098977,18.240626,32.455577,49.216669,68.857061,90.259438,110.596813,128.704331,144.486411,156.232589,164.402812,169.847044,171.445849,168.429601,161.092667,148.79719,132.344939,115.11635,99.117687
442,2025-10-12 09:06:16,proposed,84.893855,69.785069,55.106646,42.206527,32.209473,24.173628,12.320855,-7.468554,-24.451259,-28.830552,-34.405447,-51.06178,-73.663352,-95.973989,-116.574452,-135.229149,-149.677451,-159.338397,-166.475785,-171.973775,-173.425799,-168.203406,-154.21261,-132.971615,-110.855176,-90.921882,-71.519665,-52.43974,-35.734237,-21.28727,-7.403905,5.998977,19.140626,33.355577,50.116669,69.757061,91.159438,111.496813,129.604331,145.386411,157.132589,165.302812,170.747044,172.345849,169.329601,161.992667,149.69719,133.244939,116.01635,100.017687
443,2025-10-12 09:06:56,executed,84.893855,69.785069,55.106646,42.206527,32.209473,24.173628,12.320855,-7.468554,-24.451259,-28.830552,-34.405447,-51.06178,-73.663352,-95.973989,-116.574452,-135.229149,-149.677451,-159.338397,-166.475785,-171.973775,-173.425799,-168.203406,-154.21261,-132.971615,-110.855176,-90.921882,-71.519665,-52.43974,-35.734237,-21.28727,-7.403905,5.998977,19.140626,33.355577,50.116669,69.757061,91.159438,111.496813,129.604331,145.386411,157.132589,165.302812,170.747044,172.345849,169.329601,161.992667,149.69719,133.244939,116.01635,100.017687
443,2025-10-12 09:07:19,proposed,320.0,-10.079957,-10.981043,-11.016624,-10.189701,-8.883231,-7.007961,-4.632731,-1.757448,1.627895,5.017278,8.492173,11.444516,11.872151,9.467062,4.461907,-2.882825,-12.808029,-24.445341,-36.832724,-49.010104,-60.017459,-69.044746,-76.40191,-82.488909,-87.605696,-92.152212,-96.428395,-100.734224,-105.369691,-110.634787,-116.829507,-124.25385,-133.207813,-143.99139,-156.80458,-171.847384,-189.320791,-209.424801,-232.359415,-258.324632,-287.520453,-319.946878,-355.403907,-393.59154,-433.909777,-475.658618,-517.938063,-559.848112,-600.488765
444,2025-10-12 09:07:59,executed,320.0,-10.079957,-10.981043,-11.016624,-10.189701,-8.883231,-7.007961,-4.632731,-1.757448,1.627895,5.017278,8.492173,11.444516,11.872151,9.467062,4.461907,-2.882825,-12.808029,-24.445341,-36.832724,-49.010104,-60.017459,-69.044746,-76.40191,-82.488909,-87.605696,-92.152212,-96.428395,-100.734224,-105.369691,-110.634787,-116.829507,-124.25385,-133.207813,-143.99139,-156.80458,-171.847384,-189.320791,-209.424801,-232.359415,-258.324632,-287.520453,-319.946878,-355.403907,-393.59154,-433.909777,-475.658618,-517.938063,-559.848112,-600.488765
444,2025-10-12 09:08:44,proposed,-10.0,-5.0,-1.0,0.0,1.0,5.0,10.0,15.0,20.0,25.0,30.0,35.0,40.0,45.0,50.0,45.0,40.0,35.0,30.0,25.0,20.0,15.0,10.0,5.0,1.0,0.0,-1.0,-5.0,-10.0,-15.0,-20.0,-25.0,-30.0,-35.0,-40.0,-45.0,-50.0,-45.0,-40.0,-35.0,-30.0,-25.0,-20.0,-15.0,-10.0,-5.0,-1.0,0.0,1.0,5.0
445,2025-10-12 09:09:24,executed,-10.0,-5.0,-1.0,0.0,1.0,5.0,10.0,15.0,20.0,25.0,30.0,35.0,40.0,45.0,50.0,45.0,40.0,35.0,30.0,25.0,20.0,15.0,10.0,5.0,1.0,0.0,-1.0,-5.0,-10.0,-15.0,-20.0,-25.0,-30.0,-35.0,-40.0,-45.0,-50.0,-45.0,-40.0,-35.0,-30.0,-25.0,-20.0,-15.0,-10.0,-5.0,-1.0,0.0,1.0,5.0
445,2025-10-12 09:09:44,proposed,-77.839,-46.51283333333334,-20.843000000000004,-4.029500000000004,5.661999999999999,6.1700000000000035,-6.065,-27.766999999999964,-51.03999999999999,-69.32849999999999,-76.49233333333333,-66.47833333333335,-34.307,17.78116666666651,73.0553333333332,115.66999999999996,133.84466666666665,128.78000000000003,110.809,93.12633333333338,75.56500000000007,48.514000000000046,7.964000000000079,-31.55299999999991,-24.594,-18.314,-1.7618333333333354,21.98666666666666,23.645000000000003,22.298666666666666,24.101166666666668,16.612,-1.0221666666666356,-18.855999999999995,-26.080499999999997,-20.927000000000017,-5.85100000000002,12.642,23.952833333333324,23.741333333333348,15.142500000000014,2.696333333333356,-9.443499999999975,-16.176,-14.660333333333352,-5.377666666666712,7.398999999999983,16.93099999999999,17.32350000000001,9.502
446,2025-10-12 09:10:24,executed,-77.839,-46.51283333333334,-20.843000000000004,-4.029500000000004,5.661999999999999,6.1700000000000035,-6.065,-27.766999999999964,-51.03999999999999,-69.32849999999999,-76.49233333333333,-66.47833333333335,-34.307,17.78116666666651,73.0553333333332,115.66999999999996,133.84466666666665,128.78000000000003,110.809,93.12633333333338,75.56500000000007,48.514000000000046,7.964000000000079,-31.55299999999991,-24.594,-18.314,-1.7618333333333354,21.98666666666666,23.645000000000003,22.298666666666666,24.101166666666668,16.612,-1.0221666666666356,-18.855999999999995,-26.080499999999997,-20.927000000000017,-5.85100000000002,12.642,23.952833333333324,23.741333333333348,15.142500000000014,2.696333333333356,-9.443499999999975,-16.176,-14.660333333333352,-5.377666666666712,7.398999999999983,16.93099999999999,17.32350000000001,9.502
446,2025-10-12 09:10:48,proposed,-65.0,-50.0,-35.0,-20.0,-5.0,5.0,15.0,25.0,30.0,35.0,-45.0,-60.0,-80.0,-100.0,-120.0,-130.0,-140.0,-150.0,-160.0,-170.0,-175.0,-170.0,-155.0,-135.0,-115.0,-95.0,-75.0,-55.0,-40.0,-25.0,10.0,25.0,40.0,55.0,70.0,85.0,100.0,115.0,130.0,140.0,150.0,160.0,165.0,170.0,165.0,150.0,130.0,110.0,90.0,70.0
447,2025-10-12 09:11:28,executed,-65.0,-50.0,-35.0,-20.0,-5.0,5.0,15.0,25.0,30.0,35.0,-45.0,-60.0,-80.0,-100.0,-120.0,-130.0,-140.0,-150.0,-160.0,-170.0,-175.0,-170.0,-155.0,-135.0,-115.0,-95.0,-75.0,-55.0,-40.0,-25.0,10.0,25.0,40.0,55.0,70.0,85.0,100.0,115.0,130.0,140.0,150.0,160.0,165.0,170.0,165.0,150.0,130.0,110.0,90.0,70.0
447,2025-10-12 09:11:55,proposed,-74.993855,-69.885069,-55.206646,-42.306527,-32.309473,-24.273628,-12.420855,7.368554,24.351259,28.730552,34.305447,50.96178,73.563352,95.873989,116.474452,135.129149,149.577451,159.238397,166.375785,171.873775,173.325799,168.103406,154.11261,132.871615,110.755176,90.821882,71.419665,52.33974,35.634237,21.18727,7.303905,-6.098977,-19.240626,-33.455577,-50.216669,-69.857061,-91.259438,-111.596813,-129.704331,-145.486411,-157.232589,-165.402812,-170.847044,-172.445849,-169.429601,-162.092667,-149.79719,-133.344939,-116.11635,-100.117687
448,2025-10-12 09:12:35,executed,-74.993855,-69.885069,-55.206646,-42.306527,-32.309473,-24.273628,-12.420855,7.368554,24.351259,28.730552,34.305447,50.96178,73.563352,95.873989,116.474452,135.129149,149.577451,159.238397,166.375785,171.873775,173.325799,168.103406,154.11261,132.871615,110.755176,90.821882,71.419665,52.33974,35.634237,21.18727,7.303905,-6.098977,-19.240626,-33.455577,-50.216669,-69.857061,-91.259438,-111.596813,-129.704331,-145.486411,-157.232589,-165.402812,-170.847044,-172.445849,-169.429601,-162.092667,-149.79719,-133.344939,-116.11635,-100.117687
448,2025-10-12 09:13:16,proposed,84.893855,69.785069,55.106646,42.206527,32.209473,24.173628,12.320855,-7.468554,-24.451259,-28.830552,-34.405447,-51.06178,-73.663352,-95.973989,-116.574452,-135.229149,-149.677451,-159.338397,-166.475785,-171.973775,-173.425799,-168.203406,-154.21261,-132.971615,-110.855176,-90.921882,-71.519665,-52.43974,-35.734237,-21.28727,-7.403905,5.998977,19.140626,33.355577,50.116669,69.757061,91.159438,111.496813,129.604331,145.386411,157.132589,165.302812,170.747044,172.345849,169.329601,161.992667,149.69719,133.244939,116.01635,100.017687
449,2025-10-12 09:13:56,executed,84.893855,69.785069,55.106646,42.206527,32.209473,24.173628,12.320855,-7.468554,-24.451259,-28.830552,-34.405447,-51.06178,-73.663352,-95.973989,-116.574452,-135.229149,-149.677451,-159.338397,-166.475785,-171.973775,-173.425799,-168.203406,-154.21261,-132.971615,-110.855176,-90.921882,-71.519665,-52.43974,-35.734237,-21.28727,-7.403905,5.998977,19.140626,33.355577,50.116669,69.757061,91.159438,111.496813,129.604331,145.386411,157.132589,165.302812,170.747044,172.345849,169.329601,161.992667,149.69719,133.244939,116.01635,100.017687
449,2025-10-12 09:14:18,proposed,42.4969275,27.33457052083333,15.819909624999998,4.9735894374999985,-12.540570583333333,-18.8877581875,-39.570505625,-60.95770264583333,-76.39888316666666,-84.218765625,-85.57490095833333,-72.18857697916664,-50.394264500000006,-30.542352812499985,-13.603419791666687,0.5364481250000273,14.358629999999998,32.06430666666667,53.256234625000026,71.09923883333336,82.02055408333334,86.1229991875,81.35203908333332,67.01522472916668,50.0588435,17.1273695,12.207719,5.227728999999999,-7.5312040000000025,-30.100413,-19.609762895833335,-19.641818875,-19.1969736875,-13.293400833333333,-2.4675680624999914,9.533847708333333,16.67682810416667,16.99584575,12.846793374999995,6.572424500000009,-0.029542687500013987,-7.7289278333333336,-14.754144458333332,-17.568102375,-15.550230145833329,-7.649235666666667,3.720703187500008,15.264480583333349,20.14728145833333,18.7892555
450,2025-10-12 09:14:58,executed,42.4969275,27.33457052083333,15.819909624999998,4.9735894374999985,-12.540570583333333,-18.8877581875,-39.570505625,-60.95770264583333,-76.39888316666666,-84.218765625,-85.57490095833333,-72.18857697916664,-50.394264500000006,-30.542352812499985,-13.603419791666687,0.5364481250000273,14.358629999999998,32.06430666666667,53.256234625000026,71.09923883333336,82.02055408333334,86.1229991875,81.35203908333332,67.01522472916668,50.0588435,17.1273695,12.207719,5.227728999999999,-7.5312040000000025,-30.100413,-19.609762895833335,-19.641818875,-19.1969736875,-13.293400833333333,-2.4675680624999914,9.533847708333333,16.67682810416667,16.99584575,12.846793374999995,6.572424500000009,-0.029542687500013987,-7.7289278333333336,-14.754144458333332,-17.568102375,-15.550230145833329,-7.649235666666667,3.720703187500008,15.264480583333349,20.14728145833333,18.7892555
450,2025-10-12 09:15:16,proposed,-75.0,-60.0,-45.0,-30.0,-15.0,0.0,15.0,30.0,45.0,60.0,75.0,90.0,105.0,120.0,135.0,150.0,165.0,180.0,195.0,210.0,225.0,210.0,195.0,180.0,165.0,150.0,135.0,120.0,105.0,90.0,75.0,60.0,45.0,30.0,15.0,0.0,-15.0,-30.0,-45.0,-60.0,-75.0,-90.0,-105.0,-120.0,-135.0,-150.0,-165.0,-180.0,-195.0,-210.0
451,2025-10-12 09:15:56,executed,-75.0,-60.0,-45.0,-30.0,-15.0,0.0,15.0,30.0,45.0,60.0,75.0,90.0,105.0,120.0,135.0,150.0,165.0,180.0,195.0,210.0,225.0,210.0,195.0,180.0,165.0,150.0,135.0,120.0,105.0,90.0,75.0,60.0,45.0,30.0,15.0,0.0,-15.0,-30.0,-45.0,-60.0,-75.0,-90.0,-105.0,-120.0,-135.0,-150.0,-165.0,-180.0,-195.0,-210.0
451,2025-10-12 09:16:28,proposed,74.993855,44.66914104166666,21.63981925,-0.05282112500000302,-35.08114116666667,-47.775516375,-89.14101125,-131.91540529166667,-162.79776633333333,-178.43753125,-181.14980191666666,-154.37715395833328,-110.78852900000001,-71.08470562499997,-37.20683958333338,-8.927103749999945,18.717260000000003,54.83694666666666,97.51246925000005,133.19847766666672,155.04110816666667,163.245998375,153.70407816666665,125.03044945833335,91.117687,44.254739,34.415438,20.455458,-5.062408000000005,-50.200826,-29.219525791666666,-29.28363775,-28.393947375000003,-16.586801666666666,4.064863875000016,28.067695416666666,42.35365620833334,42.9916915,34.693586749999994,22.14484900000002,8.940914624999973,-6.457855666666666,-20.508288916666665,-25.88620475,-22.100460291666657,-6.298471333333332,16.441406375000017,39.5289611666667,49.29456291666666,46.560793
452,2025-10-12 09:17:08,executed,74.993855,44.66914104166666,21.63981925,-0.05282112500000302,-35.08114116666667,-47.775516375,-89.14101125,-131.91540529166667,-162.79776633333333,-178.43753125,-181.14980191666666,-154.37715395833328,-110.78852900000001,-71.08470562499997,-37.20683958333338,-8.927103749999945,18.717260000000003,54.83694666666666,97.51246925000005,133.19847766666672,155.04110816666667,163.245998375,153.70407816666665,125.03044945833335,91.117687,44.254739,34.415438,20.455458,-5.062408000000005,-50.200826,-29.219525791666666,-29.28363775,-28.393947375000003,-16.586801666666666,4.064863875000016,28.067695416666666,42.35365620833334,42.9916915,34.693586749999994,22.14484900000002,8.940914624999973,-6.457855666666666,-20.508288916666665,-25.88620475,-22.100460291666657,-6.298471333333332,16.441406375000017,39.5289611666667,49.29456291666666,46.560793
452,2025-10-12 09:17:27,proposed,80.993855,65.885069,51.206646,38.306527,28.309473,20.273628,8.420855,-11.368554,-28.351259,-32.730552,-38.305447,-55.96178,-78.563352,-100.873989,-121.474452,-140.129149,-154.577451,-164.238397,-171.375785,-176.873775,-178.325799,-173.103406,-159.11261,-137.871615,-115.755176,-95.821882,-76.419665,-57.33974,-40.634237,-26.18727,-12.303905,1.098977,14.240626,28.455577,45.216669,64.857061,86.259438,106.596813,124.704331,140.486411,152.232589,160.402812,165.847044,167.445849,164.429601,157.092667,144.79719,128.344939,111.11635,95.117687
453,2025-10-12 09:18:07,executed,80.993855,65.885069,51.206646,38.306527,28.309473,20.273628,8.420855,-11.368554,-28.351259,-32.730552,-38.305447,-55.96178,-78.563352,-100.873989,-121.474452,-140.129149,-154.577451,-164.238397,-171.375785,-176.873775,-178.325799,-173.103406,-159.11261,-137.871615,-115.755176,-95.821882,-76.419665,-57.33974,-40.634237,-26.18727,-12.303905,1.098977,14.240626,28.455577,45.216669,64.857061,86.259438,106.596813,124.704331,140.486411,152.232589,160.402812,165.847044,167.445849,164.429601,157.092667,144.79719,128.344939,111.11635,95.117687
453,2025-10-12 09:18:25,proposed,85.993855,70.885069,56.206646,43.306527,33.309473,25.273628,13.420855,-6.368554,-23.351259,-27.730552,-33.305447,-50.96178,-73.563352,-95.873989,-116.474452,-135.129149,-149.577451,-159.238397,-166.375785,-171.873775,-173.325799,-168.103406,-154.11261,-132.871615,-110.755176,-90.821882,-71.419665,-52.33974,-35.634237,-21.18727,-7.303905,6.098977,19.240626,33.455577,50.216669,69.857061,91.259438,111.596813,129.704331,145.486411,157.232589,165.402812,170.847044,172.445849,169.429601,162.092667,149.79719,133.344939,116.11635,100.117687
454,2025-10-12 09:19:05,executed,85.993855,70.885069,56.206646,43.306527,33.309473,25.273628,13.420855,-6.368554,-23.351259,-27.730552,-33.305447,-50.96178,-73.563352,-95.873989,-116.474452,-135.129149,-149.577451,-159.238397,-166.375785,-171.873775,-173.325799,-168.103406,-154.11261,-132.871615,-110.755176,-90.821882,-71.419665,-52.33974,-35.634237,-21.18727,-7.303905,6.098977,19.240626,33.455577,50.216669,69.857061,91.259438,111.596813,129.704331,145.486411,157.232589,165.402812,170.847044,172.445849,169.429601,162.092667,149.79719,133.344939,116.11635,100.117687
454,2025-10-12 09:19:24,proposed,-45.0,-35.0,-25.0,-15.0,-5.0,5.0,15.0,25.0,35.0,-45.0,-35.0,-25.0,-15.0,-5.0,5.0,15.0,25.0,35.0,-45.0,-35.0,-25.0,-15.0,-5.0,5.0,15.0,25.0,35.0,-45.0,-35.0,-25.0,45.0,35.0,25.0,15.0,5.0,-5.0,-15.0,-25.0,-35.0,45.0,35.0,25.0,15.0,5.0,-5.0,-15.0,-25.0,-35.0,45.0,35.0
455,2025-10-12 09:20:04,executed,-45.0,-35.0,-25.0,-15.0,-5.0,5.0,15.0,25.0,35.0,-45.0,-35.0,-25.0,-15.0,-5.0,5.0,15.0,25.0,35.0,-45.0,-35.0,-25.0,-15.0,-5.0,5.0,15.0,25.0,35.0,-45.0,-35.0,-25.0,45.0,35.0,25.0,15.0,5.0,-5.0,-15.0,-25.0,-35.0,45.0,35.0,25.0,15.0,5.0,-5.0,-15.0,-25.0,-35.0,45.0,35.0
455,2025-10-12 09:20:23,proposed,79.993855,64.885069,49.206646,36.306527,26.309473,18.273628,6.420855,-13.368554,-30.351259,-34.730552,-40.305447,-56.96178,-79.563352,-101.873989,-122.474452,-141.129149,-155.577451,-165.238397,-172.375785,-177.873775,-179.325799,-174.103406,-160.11261,-138.871615,-116.755176,-96.821882,-77.419665,-58.33974,-41.634237,-27.18727,-13.303905,0.098977,13.240626,27.455577,44.216669,63.857061,85.259438,105.596813,123.704331,139.486411,151.232589,159.402812,164.847044,166.445849,163.429601,156.092667,143.79719,127.344939,110.11635,94.117687
456,2025-10-12 09:21:03,executed,79.993855,64.885069,49.206646,36.306527,26.309473,18.273628,6.420855,-13.368554,-30.351259,-34.730552,-40.305447,-56.96178,-79.563352,-101.873989,-122.474452,-141.129149,-155.577451,-165.238397,-172.375785,-177.873775,-179.325799,-174.103406,-160.11261,-138.871615,-116.755176,-96.821882,-77.419665,-58.33974,-41.634237,-27.18727,-13.303905,0.098977,13.240626,27.455577,44.216669,63.857061,85.259438,105.596813,123.704331,139.486411,151.232589,159.402812,164.847044,166.445849,163.429601,156.092667,143.79719,127.344939,110.11635,94.117687
456,2025-10-12 09:21:21,proposed,84.993855,69.885069,55.206646,42.306527,32.309473,24.273628,12.420855,-7.368554,-24.351259,-28.730552,-34.305447,-50.96178,-73.563352,-95.873989,-116.474452,-135.129149,-149.577451,-159.238397,-166.375785,-171.873775,-173.325799,-168.103406,-154.11261,-132.871615,-110.755176,-90.821882,-71.419665,-52.33974,-35.634237,-21.18727,-7.303905,6.098977,19.240626,33.455577,50.216669,69.857061,91.259438,111.596813,129.704331,145.486411,157.232589,165.402812,170.847044,172.445849,169.429601,162.092667,149.79719,133.344939,116.11635,100.117687
457,2025-10-12 09:22:01,executed,84.993855,69.885069,55.206646,42.306527,32.309473,24.273628,12.420855,-7.368554,-24.351259,-28.730552,-34.305447,-50.96178,-73.563352,-95.873989,-116.474452,-135.129149,-149.577451,-159.238397,-166.375785,-171.873775,-173.325799,-168.103406,-154.11261,-132.871615,-110.755176,-90.821882,-71.419665,-52.33974,-35.634237,-21.18727,-7.303905,6.098977,19.240626,33.455577,50.216669,69.857061,91.259438,111.596813,129.704331,145.486411,157.232589,165.402812,170.847044,172.445849,169.429601,162.092667,149.79719,133.344939,116.11635,100.117687
457,2025-10-12 09:22:19,proposed,94.993855,79.885069,65.206646,52.306527,42.309473,34.273628,22.420855,2.631446,-14.351259,-18.730552,-24.305447,-40.96178,-63.563352,-85.873989,-106.474452,-125.129149,-139.577451,-149.238397,-156.375785,-161.873775,-163.325799,-158.103406,-144.11261,-122.871615,-100.755176,-80.821882,-61.419665,-42.33974,-25.634237,-11.18727,-7.303905,6.098977,19.240626,33.455577,50.216669,69.857061,91.259438,111.596813,129.704331,145.486411,157.232589,165.402812,170.847044,172.445849,169.429601,162.092667,149.79719,133.344939,116.11635,100.117687
458,2025-10-12 09:22:59,executed,94.993855,79.885069,65.206646,52.306527,42.309473,34.273628,22.420855,2.631446,-14.351259,-18.730552,-24.305447,-40.96178,-63.563352,-85.873989,-106.474452,-125.129149,-139.577451,-149.238397,-156.375785,-161.873775,-163.325799,-158.103406,-144.11261,-122.871615,-100.755176,-80.821882,-61.419665,-42.33974,-25.634237,-11.18727,-7.303905,6.098977,19.240626,33.455577,50.216669,69.857061,91.259438,111.596813,129.704331,145.486411,157.232589,165.402812,170.847044,172.445849,169.429601,162.092667,149.79719,133.344939,116.11635,100.117687
458,2025-10-12 09:23:18,proposed,-75.0,-60.0,-45.0,-30.0,-15.0,0.0,15.0,30.0,45.0,60.0,75.0,90.0,105.0,120.0,135.0,150.0,165.0,180.0,195.0,210.0,225.0,210.0,195.0,180.0,165.0,150.0,135.0,120.0,105.0,90.0,75.0,60.0,45.0,30.0,15.0,0.0,-15.0,-30.0,-45.0,-60.0,-75.0,-90.0,-105.0,-120.0,-135.0,-150.0,-165.0,-180.0,-195.0,-210.0
459,2025-10-12 09:23:58,executed,-75.0,-60.0,-45.0,-30.0,-15.0,0.0,15.0,30.0,45.0,60.0,75.0,90.0,105.0,120.0,135.0,150.0,165.0,180.0,195.0,210.0,225.0,210.0,195.0,180.0,165.0,150.0,135.0,120.0,105.0,90.0,75.0,60.0,45.0,30.0,15.0,0.0,-15.0,-30.0,-45.0,-60.0,-75.0,-90.0,-105.0,-120.0,-135.0,-150.0,-165.0,-180.0,-195.0,-210.0
459,2025-10-12 09:24:30,proposed,85.493855,55.16914104166666,32.139819249999995,10.447178874999997,-24.581141166666665,-37.275516375,-78.64101125,-121.41540529166666,-152.29776633333333,-167.93753125,-170.64980191666666,-143.87715395833328,-100.28852900000001,-60.58470562499997,-26.706839583333373,1.5728962500000545,29.217259999999996,64.62861333333333,107.08746925000005,142.69847766666672,164.54110816666667,172.745998375,163.20407816666665,134.53044945833335,100.617687,34.754739,24.915438,10.955457999999998,-14.562408000000005,-59.700826,-38.71952579166667,-38.78363775,-37.893947375,-26.086801666666666,-4.435136124999983,19.567695416666666,33.85365620833334,34.4916915,26.19358674999999,13.644849000000018,0.440914624999972,-14.957855666666667,-29.008288916666665,-34.386204750000005,-30.600460291666657,-14.798471333333334,7.941406375000016,31.028961166666697,40.79456291666666,38.060793
460,2025-10-12 09:25:10,executed,85.493855,55.16914104166666,32.139819249999995,10.447178874999997,-24.581141166666665,-37.275516375,-78.64101125,-121.41540529166666,-152.29776633333333,-167.93753125,-170.64980191666666,-143.87715395833328,-100.28852900000001,-60.58470562499997,-26.706839583333373,1.5728962500000545,29.217259999999996,64.62861333333333,107.08746925000005,142.69847766666672,164.54110816666667,172.745998375,163.20407816666665,134.53044945833335,100.617687,34.754739,24.915438,10.955457999999998,-14.562408000000005,-59.700826,-38.71952579166667,-38.78363775,-37.893947375,-26.086801666666666,-4.435136124999983,19.567695416666666,33.85365620833334,34.4916915,26.19358674999999,13.644849000000018,0.440914624999972,-14.957855666666667,-29.008288916666665,-34.386204750000005,-30.600460291666657,-14.798471333333334,7.941406375000016,31.028961166666697,40.79456291666666,38.060793
460,2025-10-12 09:25:30,proposed,85.993855,70.885069,56.206646,43.306527,33.309473,25.273628,13.420855,-6.368554,-23.351259,-27.730552,-33.305447,-50.96178,-73.563352,-95.873989,-116.474452,-135.129149,-149.577451,-159.238397,-166.375785,-171.873775,-173.325799,-168.103406,-154.11261,-132.871615,-110.755176,-90.821882,-71.419665,-52.33974,-35.634237,-21.18727,-7.303905,6.098977,19.240626,33.455577,50.216669,69.857061,91.259438,111.596813,129.704331,145.486411,157.232589,165.402812,170.847044,172.445849,169.429601,162.092667,149.79719,133.344939,116.11635,100.117687
461,2025-10-12 09:26:10,executed,85.993855,70.885069,56.206646,43.306527,33.309473,25.273628,13.420855,-6.368554,-23.351259,-27.730552,-33.305447,-50.96178,-73.563352,-95.873989,-116.474452,-135.129149,-149.577451,-159.238397,-166.375785,-171.873775,-173.325799,-168.103406,-154.11261,-132.871615,-110.755176,-90.821882,-71.419665,-52.33974,-35.634237,-21.18727,-7.303905,6.098977,19.240626,33.455577,50.216669,69.857061,91.259438,111.596813,129.704331,145.486411,157.232589,165.402812,170.847044,172.445849,169.429601,162.092667,149.79719,133.344939,116.11635,100.117687
461,2025-10-12 09:26:28,proposed,-100.0,-80.0,-60.0,-40.0,-20.0,0.0,20.0,40.0,60.0,80.0,100.0,-100.0,-80.0,-60.0,-40.0,-20.0,0.0,20.0,40.0,60.0,80.0,100.0,-100.0,-80.0,-60.0,-40.0,-20.0,0.0,20.0,40.0,-100.0,-80.0,-60.0,-40.0,-20.0,0.0,20.0,40.0,60.0,80.0,100.0,-100.0,-80.0,-60.0,-40.0,-20.0,0.0,20.0,40.0,60.0
462,2025-10-12 09:27:08,executed,-100.0,-80.0,-60.0,-40.0,-20.0,0.0,20.0,40.0,60.0,80.0,100.0,-100.0,-80.0,-60.0,-40.0,-20.0,0.0,20.0,40.0,60.0,80.0,100.0,-100.0,-80.0,-60.0,-40.0,-20.0,0.0,20.0,40.0,-100.0,-80.0,-60.0,-40.0,-20.0,0.0,20.0,40.0,60.0,80.0,100.0,-100.0,-80.0,-60.0,-40.0,-20.0,0.0,20.0,40.0,60.0
462,2025-10-12 09:27:28,proposed,-86.024114,-70.833797,-56.088772,-43.120065,-33.051324,-24.943895,-13.020182,6.74971,23.667654,28.012997,33.552393,50.137348,72.657567,94.88685,115.406034,134.000176,148.388059,158.008789,166.105739,171.572247,173.005567,167.768545,153.762164,132.501734,110.372364,90.425664,71.011232,51.922135,35.214914,20.76294,6.876859,-6.527331,-19.654547,-33.85656,-50.596304,-70.217224,-91.60282,-111.928399,-130.025704,-145.78582,-157.515535,-165.671813,-171.100579,-172.690563,-169.663715,-162.316074,-149.99995,-133.530185,-116.286886,-100.275925
463,2025-10-12 09:28:08,executed,-86.024114,-70.833797,-56.088772,-43.120065,-33.051324,-24.943895,-13.020182,6.74971,23.667654,28.012997,33.552393,50.137348,72.657567,94.88685,115.406034,134.000176,148.388059,158.008789,166.105739,171.572247,173.005567,167.768545,153.762164,132.501734,110.372364,90.425664,71.011232,51.922135,35.214914,20.76294,6.876859,-6.527331,-19.654547,-33.85656,-50.596304,-70.217224,-91.60282,-111.928399,-130.025704,-145.78582,-157.515535,-165.671813,-171.100579,-172.690563,-169.663715,-162.316074,-149.99995,-133.530185,-116.286886,-100.275925
463,2025-10-12 09:28:48,proposed,84.993855,69.885069,55.206646,42.306527,32.309473,24.273628,12.420855,-7.368554,-24.351259,-28.730552,-34.305447,-50.96178,-73.563352,-95.873989,-116.474452,-135.129149,-149.577451,-159.238397,-166.375785,-171.873775,-173.325799,-168.103406,-154.11261,-132.871615,-110.755176,-90.821882,-71.419665,-52.33974,-35.634237,-21.18727,-7.303905,6.098977,19.240626,33.455577,50.216669,69.857061,91.259438,111.596813,129.704331,145.486411,157.232589,165.402812,170.847044,172.445849,169.429601,162.092667,149.79719,133.344939,116.11635,100.117687
464,2025-10-12 09:29:28,executed,84.993855,69.885069,55.206646,42.306527,32.309473,24.273628,12.420855,-7.368554,-24.351259,-28.730552,-34.305447,-50.96178,-73.563352,-95.873989,-116.474452,-135.129149,-149.577451,-159.238397,-166.375785,-171.873775,-173.325799,-168.103406,-154.11261,-132.871615,-110.755176,-90.821882,-71.419665,-52.33974,-35.634237,-21.18727,-7.303905,6.098977,19.240626,33.455577,50.216669,69.857061,91.259438,111.596813,129.704331,145.486411,157.232589,165.402812,170.847044,172.445849,169.429601,162.092667,149.79719,133.344939,116.11635,100.117687
464,2025-10-12 09:29:55,proposed,94.993855,79.885069,65.206646,52.306527,42.309473,34.273628,22.420855,2.631446,-14.351259,-18.730552,-24.305447,-40.96178,-63.563352,-85.873989,-106.474452,-125.129149,-139.577451,-149.238397,-156.375785,-161.873775,-163.325799,-158.103406,-144.11261,-122.871615,-100.755176,-80.821882,-61.419665,-42.33974,-25.634237,-11.18727,-17.303905,-3.901023,9.240626,23.455577,40.216669,59.857061,81.259438,101.596813,119.704331,135.486411,147.232589,155.402812,160.847044,162.445849,159.429601,152.092667,139.79719,123.344939,106.11635,90.117687
465,2025-10-12 09:30:35,executed,94.993855,79.885069,65.206646,52.306527,42.309473,34.273628,22.420855,2.631446,-14.351259,-18.730552,-24.305447,-40.96178,-63.563352,-85.873989,-106.474452,-125.129149,-139.577451,-149.238397,-156.375785,-161.873775,-163.325799,-158.103406,-144.11261,-122.871615,-100.755176,-80.821882,-61.419665,-42.33974,-25.634237,-11.18727,-17.303905,-3.901023,9.240626,23.455577,40.216669,59.857061,81.259438,101.596813,119.704331,135.486411,147.232589,155.402812,160.847044,162.445849,159.429601,152.092667,139.79719,123.344939,106.11635,90.117687
465,2025-10-12 09:31:01,proposed,74.993855,59.885069,45.206646,32.306527,22.309473,14.273628,2.420855,-17.368554,-34.351259,-38.730552,-44.305447,-60.96178,-83.563352,-105.873989,-126.474452,-145.129149,-159.577451,-169.238397,-176.375785,-181.873775,-183.325799,-178.103406,-164.11261,-142.871615,-120.755176,-100.821882,-81.419665,-62.33974,-45.634237,-31.18727,-17.303905,-3.901023,9.240626,23.455577,40.216669,59.857061,81.259438,101.596813,119.704331,135.486411,147.232589,155.402812,160.847044,162.445849,159.429601,152.092667,139.79719,123.344939,106.11635,90.117687
466,2025-10-12 09:31:41,executed,74.993855,59.885069,45.206646,32.306527,22.309473,14.273628,2.420855,-17.368554,-34.351259,-38.730552,-44.305447,-60.96178,-83.563352,-105.873989,-126.474452,-145.129149,-159.577451,-169.238397,-176.375785,-181.873775,-183.325799,-178.103406,-164.11261,-142.871615,-120.755176,-100.821882,-81.419665,-62.33974,-45.634237,-31.18727,-17.303905,-3.901023,9.240626,23.455577,40.216669,59.857061,81.259438,101.596813,119.704331,135.486411,147.232589,155.402812,160.847044,162.445849,159.429601,152.092667,139.79719,123.344939,106.11635,90.117687
466,2025-10-12 09:32:26,proposed,-2.037,-1.658,-1.311,-1.003,-0.734,-0.507,-0.321,-0.177,-0.078,-0.023,-0.015,-0.051,-0.127,-0.239,-0.381,-0.547,-0.729,-0.917,-1.101,-1.273,-1.423,-1.541,-1.619,-1.648,-1.619,-1.514,-1.326,-1.047,-0.672,-0.201,0.345,0.946,1.571,2.205,2.831,3.43,3.987,4.488,4.915,5.254,5.492,5.617,5.619,5.487,5.201,4.749,4.123,3.313,2.312,-0.719
467,2025-10-12 09:33:06,executed,-2.037,-1.658,-1.311,-1.003,-0.734,-0.507,-0.321,-0.177,-0.078,-0.023,-0.015,-0.051,-0.127,-0.239,-0.381,-0.547,-0.729,-0.917,-1.101,-1.273,-1.423,-1.541,-1.619,-1.648,-1.619,-1.514,-1.326,-1.047,-0.672,-0.201,0.345,0.946,1.571,2.205,2.831,3.43,3.987,4.488,4.915,5.254,5.492,5.617,5.619,5.487,5.201,4.749,4.123,3.313,2.312,-0.719
467,2025-10-12 09:33:25,proposed,-85.993855,-70.885069,-56.206646,-43.306527,-33.309473,-25.273628,-13.420855,6.368554,23.351259,27.730552,33.305447,49.96178,72.563352,94.873989,115.474452,134.129149,148.577451,158.238397,165.375785,170.873775,172.325799,167.103406,153.11261,131.871615,109.755176,89.821882,70.419665,51.33974,34.634237,20.18727,6.303905,-7.098977,-20.240626,-34.455577,-51.216669,-70.857061,-92.259438,-112.596813,-130.704331,-146.486411,-158.232589,-166.402812,-171.847044,-173.445849,-170.429601,-163.092667,-150.79719,-134.344939,-117.11635,-101.117687
468,2025-10-12 09:34:05,executed,-85.993855,-70.885069,-56.206646,-43.306527,-33.309473,-25.273628,-13.420855,6.368554,23.351259,27.730552,33.305447,49.96178,72.563352,94.873989,115.474452,134.129149,148.577451,158.238397,165.375785,170.873775,172.325799,167.103406,153.11261,131.871615,109.755176,89.821882,70.419665,51.33974,34.634237,20.18727,6.303905,-7.098977,-20.240626,-34.455577,-51.216669,-70.857061,-92.259438,-112.596813,-130.704331,-146.486411,-158.232589,-166.402812,-171.847044,-173.445849,-170.429601,-163.092667,-150.79719,-134.344939,-117.11635,-101.117687
468,2025-10-12 09:34:37,proposed,-75.0,-60.0,-45.0,-30.0,-15.0,0.0,15.0,30.0,45.0,60.0,75.0,90.0,105.0,120.0,135.0,150.0,165.0,180.0,195.0,210.0,225.0,210.0,195.0,180.0,165.0,150.0,135.0,120.0,105.0,90.0,75.0,60.0,45.0,30.0,15.0,0.0,-15.0,-30.0,-45.0,-60.0,-75.0,-90.0,-105.0,-120.0,-135.0,-150.0,-165.0,-180.0,-195.0,-210.0
469,2025-10-12 09:35:17,executed,-75.0,-60.0,-45.0,-30.0,-15.0,0.0,15.0,30.0,45.0,60.0,75.0,90.0,105.0,120.0,135.0,150.0,165.0,180.0,195.0,210.0,225.0,210.0,195.0,180.0,165.0,150.0,135.0,120.0,105.0,90.0,75.0,60.0,45.0,30.0,15.0,0.0,-15.0,-30.0,-45.0,-60.0,-75.0,-90.0,-105.0,-120.0,-135.0,-150.0,-165.0,-180.0,-195.0,-210.0
469,2025-10-12 09:35:51,proposed,84.993855,69.885069,55.206646,42.306527,32.309473,24.273628,12.420855,-7.368554,-24.351259,-28.730552,-34.305447,-50.96178,-73.563352,-95.873989,-116.474452,-135.129149,-149.577451,-159.238397,-166.375785,-171.873775,-173.325799,-168.103406,-154.11261,-132.871615,-110.755176,-90.821882,-71.419665,-52.33974,-35.634237,-21.18727,-7.303905,6.098977,19.240626,33.455577,50.216669,69.857061,91.259438,111.596813,129.704331,145.486411,157.232589,165.402812,170.847044,172.445849,169.429601,162.092667,149.79719,133.344939,116.11635,100.117687
470,2025-10-12 09:36:31,executed,84.993855,69.885069,55.206646,42.306527,32.309473,24.273628,12.420855,-7.368554,-24.351259,-28.730552,-34.305447,-50.96178,-73.563352,-95.873989,-116.474452,-135.129149,-149.577451,-159.238397,-166.375785,-171.873775,-173.325799,-168.103406,-154.11261,-132.871615,-110.755176,-90.821882,-71.419665,-52.33974,-35.634237,-21.18727,-7.303905,6.098977,19.240626,33.455577,50.216669,69.857061,91.259438,111.596813,129.704331,145.486411,157.232589,165.402812,170.847044,172.445849,169.429601,162.092667,149.79719,133.344939,116.11635,100.117687
470,2025-10-12 09:36:56,proposed,-51.31,-44.57,-37.94,-31.43,-25.04,-18.77,-12.62,-6.59,-0.68,5.12,10.82,16.43,21.94,27.35,32.66,37.87,42.98,47.99,52.9,57.71,62.42,67.03,71.54,75.95,80.26,84.47,88.58,92.59,96.5,100.31,104.02,107.63,111.14,114.55,117.86,121.07,124.18,127.19,130.1,132.91,135.62,138.23,140.74,143.15,145.46,147.67,149.78,151.79,153.7,155.51
471,2025-10-12 09:37:36,executed,-51.31,-44.57,-37.94,-31.43,-25.04,-18.77,-12.62,-6.59,-0.68,5.12,10.82,16.43,21.94,27.35,32.66,37.87,42.98,47.99,52.9,57.71,62.42,67.03,71.54,75.95,80.26,84.47,88.58,92.59,96.5,100.31,104.02,107.63,111.14,114.55,117.86,121.07,124.18,127.19,130.1,132.91,135.62,138.23,140.74,143.15,145.46,147.67,149.78,151.79,153.7,155.51
471,2025-10-12 09:38:04,proposed,84.993855,69.885069,55.206646,42.306527,32.309473,24.273628,12.420855,-7.368554,-24.351259,-28.730552,-34.305447,-50.96178,-73.563352,-95.873989,-116.474452,-135.129149,-149.577451,-159.238397,-166.375785,-171.873775,-173.325799,-168.103406,-154.11261,-132.871615,-110.755176,-90.821882,-71.419665,-52.33974,-35.634237,-21.18727,-7.303905,6.098977,19.240626,33.455577,50.216669,69.857061,91.259438,111.596813,129.704331,145.486411,157.232589,165.402812,170.847044,172.445849,169.429601,162.092667,149.79719,133.344939,116.11635,100.117687
472,2025-10-12 09:38:44,executed,84.993855,69.885069,55.206646,42.306527,32.309473,24.273628,12.420855,-7.368554,-24.351259,-28.730552,-34.305447,-50.96178,-73.563352,-95.873989,-116.474452,-135.129149,-149.577451,-159.238397,-166.375785,-171.873775,-173.325799,-168.103406,-154.11261,-132.871615,-110.755176,-90.821882,-71.419665,-52.33974,-35.634237,-21.18727,-7.303905,6.098977,19.240626,33.455577,50.216669,69.857061,91.259438,111.596813,129.704331,145.486411,157.232589,165.402812,170.847044,172.445849,169.429601,162.092667,149.79719,133.344939,116.11635,100.117687
472,2025-10-12 09:39:12,proposed,-25.296,-10.046,1.581,13.184,15.986,17.656,15.986,13.184,6.115,-7.304,-21.187,-35.634,-52.34,-71.42,-90.822,-110.755,-132.872,-154.113,-168.103,-173.326,-171.874,-166.376,-159.238,-149.577,-135.129,-116.474,-95.874,-73.563,-50.962,-34.305,-28.731,-24.351,-7.369,12.421,24.274,32.309,42.307,55.207,69.885,84.994,100.118,116.116,133.345,149.797,162.093,169.43,172.446,170.847,165.403,65.371
473,2025-10-12 09:39:52,executed,-25.296,-10.046,1.581,13.184,15.986,17.656,15.986,13.184,6.115,-7.304,-21.187,-35.634,-52.34,-71.42,-90.822,-110.755,-132.872,-154.113,-168.103,-173.326,-171.874,-166.376,-159.238,-149.577,-135.129,-116.474,-95.874,-73.563,-50.962,-34.305,-28.731,-24.351,-7.369,12.421,24.274,32.309,42.307,55.207,69.885,84.994,100.118,116.116,133.345,149.797,162.093,169.43,172.446,170.847,165.403,65.371
473,2025-10-12 09:40:16,proposed,-100.0,-80.0,-60.0,-40.0,-20.0,0.0,20.0,40.0,60.0,80.0,100.0,80.0,60.0,40.0,20.0,0.0,-20.0,-40.0,-60.0,-80.0,-100.0,-80.0,-60.0,-40.0,-20.0,0.0,20.0,40.0,60.0,80.0,-10.0,-8.0,-6.0,-4.0,-2.0,0.0,2.0,4.0,6.0,8.0,10.0,8.0,6.0,4.0,2.0,0.0,-2.0,-4.0,-6.0,-8.0
474,2025-10-12 09:40:56,executed,-100.0,-80.0,-60.0,-40.0,-20.0,0.0,20.0,40.0,60.0,80.0,100.0,80.0,60.0,40.0,20.0,0.0,-20.0,-40.0,-60.0,-80.0,-100.0,-80.0,-60.0,-40.0,-20.0,0.0,20.0,40.0,60.0,80.0,-10.0,-8.0,-6.0,-4.0,-2.0,0.0,2.0,4.0,6.0,8.0,10.0,8.0,6.0,4.0,2.0,0.0,-2.0,-4.0,-6.0,-8.0
474,2025-10-12 09:41:14,proposed,84.0,69.0,55.0,42.0,32.0,24.0,12.0,-7.0,-24.0,-28.0,-34.0,-51.0,-74.0,-96.0,-117.0,-136.0,-150.0,-160.0,-167.0,-172.0,-174.0,-169.0,-155.0,-134.0,-111.0,-91.0,-72.0,-53.0,-36.0,-22.0,-8.0,5.0,18.0,32.0,49.0,69.0,90.0,110.0,128.0,144.0,156.0,164.0,170.0,172.0,169.0,161.0,149.0,132.0,115.0,99.0
475,2025-10-12 09:41:54,executed,84.0,69.0,55.0,42.0,32.0,24.0,12.0,-7.0,-24.0,-28.0,-34.0,-51.0,-74.0,-96.0,-117.0,-136.0,-150.0,-160.0,-167.0,-172.0,-174.0,-169.0,-155.0,-134.0,-111.0,-91.0,-72.0,-53.0,-36.0,-22.0,-8.0,5.0,18.0,32.0,49.0,69.0,90.0,110.0,128.0,144.0,156.0,164.0,170.0,172.0,169.0,161.0,149.0,132.0,115.0,99.0
475,2025-10-12 09:42:14,proposed,83.993855,68.885069,54.206646,41.306527,31.309473,23.273628,11.420855,-8.368554,-25.351259,-29.730552,-35.305447,-51.96178,-74.563352,-96.873989,-117.474452,-136.129149,-150.577451,-160.238397,-167.375785,-172.873775,-174.325799,-169.103406,-155.11261,-133.871615,-111.755176,-91.821882,-72.419665,-53.33974,-36.634237,-22.18727,-8.303905,5.098977,18.240626,32.455577,49.216669,68.857061,90.259438,110.596813,128.704331,144.486411,156.232589,164.402812,169.847044,171.445849,168.429601,161.092667,148.79719,132.344939,115.11635,99.117687
476,2025-10-12 09:42:54,executed,83.993855,68.885069,54.206646,41.306527,31.309473,23.273628,11.420855,-8.368554,-25.351259,-29.730552,-35.305447,-51.96178,-74.563352,-96.873989,-117.474452,-136.129149,-150.577451,-160.238397,-167.375785,-172.873775,-174.325799,-169.103406,-155.11261,-133.871615,-111.755176,-91.821882,-72.419665,-53.33974,-36.634237,-22.18727,-8.303905,5.098977,18.240626,32.455577,49.216669,68.857061,90.259438,110.596813,128.704331,144.486411,156.232589,164.402812,169.847044,171.445849,168.429601,161.092667,148.79719,132.344939,115.11635,99.117687
476,2025-10-12 09:43:14,proposed,-72.294877,-57.114931,-42.436535,-28.806473,-16.270527,-5.126372,4.937155,13.545096,20.062692,25.063145,28.790077,31.15822,31.855779,30.368597,26.75256,21.43888,14.934562,7.71792,0.182316,-7.314636,-14.474789,-20.973466,-26.509194,-30.839664,-33.786917,-35.343549,-35.607782,-34.822686,-33.226244,-31.144031,-28.796772,-26.381351,-23.960282,-21.558759,-19.181299,-16.82713,-14.494085,-12.178855,-9.876142,-7.580649,-5.286077,-2.986129,-0.674508,1.646036,3.971316,6.303142,8.642217,10.988945,13.34353,15.705979
477,2025-10-12 09:43:54,executed,-72.294877,-57.114931,-42.436535,-28.806473,-16.270527,-5.126372,4.937155,13.545096,20.062692,25.063145,28.790077,31.15822,31.855779,30.368597,26.75256,21.43888,14.934562,7.71792,0.182316,-7.314636,-14.474789,-20.973466,-26.509194,-30.839664,-33.786917,-35.343549,-35.607782,-34.822686,-33.226244,-31.144031,-28.796772,-26.381351,-23.960282,-21.558759,-19.181299,-16.82713,-14.494085,-12.178855,-9.876142,-7.580649,-5.286077,-2.986129,-0.674508,1.646036,3.971316,6.303142,8.642217,10.988945,13.34353,15.705979
477,2025-10-12 09:44:13,proposed,-94.993855,-79.885069,-65.206646,-52.306527,-42.309473,-34.273628,-22.420855,-17.368554,-34.351259,-38.730552,-44.305447,-60.96178,-83.563352,-105.873989,-126.474452,-145.129149,-159.577451,-169.238397,-176.375785,-181.873775,-183.325799,-178.103406,-164.11261,-142.871615,-120.755176,-100.821882,-81.419665,-62.33974,-45.634237,-31.18727,-17.303905,-6.098977,-9.240626,-23.455577,-40.216669,-59.857061,-81.259438,-101.596813,-119.704331,-135.486411,-147.232589,-155.402812,-160.847044,-162.445849,-159.429601,-152.092667,-139.79719,-123.344939,-106.11635,-90.117687
478,2025-10-12 09:44:53,executed,-94.993855,-79.885069,-65.206646,-52.306527,-42.309473,-34.273628,-22.420855,-17.368554,-34.351259,-38.730552,-44.305447,-60.96178,-83.563352,-105.873989,-126.474452,-145.129149,-159.577451,-169.238397,-176.375785,-181.873775,-183.325799,-178.103406,-164.11261,-142.871615,-120.755176,-100.821882,-81.419665,-62.33974,-45.634237,-31.18727,-17.303905,-6.098977,-9.240626,-23.455577,-40.216669,-59.857061,-81.259438,-101.596813,-119.704331,-135.486411,-147.232589,-155.402812,-160.847044,-162.445849,-159.429601,-152.092667,-139.79719,-123.344939,-106.11635,-90.117687
478,2025-10-12 09:45:26,proposed,-104.993855,-89.885069,-75.206646,-62.306527,-52.309473,-44.273628,-32.420855,-5.368554,1.648741,7.730552,1.694553,-15.96178,-38.563352,-60.873989,-81.474452,-95.129149,-109.577451,-119.238397,-126.375785,-131.873775,-133.325799,-128.103406,-114.11261,-92.871615,-70.755176,-50.821882,-31.419665,-12.33974,4.365763,18.81273,32.696095,46.098977,59.240626,73.455577,90.216669,109.857061,131.259438,151.596813,169.704331,185.486411,197.232589,205.402812,210.847044,212.445849,209.429601,202.092667,189.79719,173.344939,156.11635,140.117687
479,2025-10-12 09:46:06,executed,-104.993855,-89.885069,-75.206646,-62.306527,-52.309473,-44.273628,-32.420855,-5.368554,1.648741,7.730552,1.694553,-15.96178,-38.563352,-60.873989,-81.474452,-95.129149,-109.577451,-119.238397,-126.375785,-131.873775,-133.325799,-128.103406,-114.11261,-92.871615,-70.755176,-50.821882,-31.419665,-12.33974,4.365763,18.81273,32.696095,46.098977,59.240626,73.455577,90.216669,109.857061,131.259438,151.596813,169.704331,185.486411,197.232589,205.402812,210.847044,212.445849,209.429601,202.092667,189.79719,173.344939,156.11635,140.117687
479,2025-10-12 09:46:26,proposed,-51.237,-36.124,-21.011,-5.898,9.215,24.328,39.441,54.554,69.667,84.78,99.893,115.006,130.119,145.232,160.345,175.458,190.571,205.684,220.797,235.91,251.023,266.136,281.249,296.362,311.475,326.588,341.701,356.814,371.927,387.04,402.153,417.266,432.379,447.492,462.605,477.718,492.831,507.944,523.057,538.17,553.283,568.396,583.509,598.622,613.735,628.848,643.961,659.074,674.187,689.3
480,2025-10-12 09:47:06,executed,-51.237,-36.124,-21.011,-5.898,9.215,24.328,39.441,54.554,69.667,84.78,99.893,115.006,130.119,145.232,160.345,175.458,190.571,205.684,220.797,235.91,251.023,266.136,281.249,296.362,311.475,326.588,341.701,356.814,371.927,387.04,402.153,417.266,432.379,447.492,462.605,477.718,492.831,507.944,523.057,538.17,553.283,568.396,583.509,598.622,613.735,628.848,643.961,659.074,674.187,689.3
480,2025-10-12 09:47:57,proposed,-4.923,-14.831,-17.169,-16.575,-14.653,-12.112,-9.494,-6.888,-4.282,-1.676,0.93,3.536,6.142,8.748,11.354,13.96,16.566,19.172,21.778,24.384,26.99,29.596,32.202,34.808,37.414,40.02,42.626,45.232,47.838,50.444,53.05,55.656,58.262,60.868,63.474,66.08,68.686,71.292,73.898,76.504,79.11,81.716,84.322,86.928,89.534,92.14,94.746,97.352,99.958,102.564
481,2025-10-12 09:48:37,executed,-4.923,-14.831,-17.169,-16.575,-14.653,-12.112,-9.494,-6.888,-4.282,-1.676,0.93,3.536,6.142,8.748,11.354,13.96,16.566,19.172,21.778,24.384,26.99,29.596,32.202,34.808,37.414,40.02,42.626,45.232,47.838,50.444,53.05,55.656,58.262,60.868,63.474,66.08,68.686,71.292,73.898,76.504,79.11,81.716,84.322,86.928,89.534,92.14,94.746,97.352,99.958,102.564
481,2025-10-12 09:49:03,proposed,-79.621882,-60.582188,-41.17142,-22.033974,-5.365763,10.96577,24.66577,36.86577,47.56577,56.76577,64.46577,70.66577,75.36577,78.56577,80.26577,80.46577,79.16577,76.36577,72.06577,66.26577,58.96577,50.16577,39.86577,28.06577,14.76577,0.0,-15.73423,-32.43423,-50.13423,-68.83423,-88.53423,-109.23423,-130.93423,-153.63423,-177.33423,-202.03423,-227.73423,-254.43423,-282.13423,-310.83423,-340.53423,-371.23423,-402.93423,-435.63423,-469.33423,-504.03423,-539.73423,-576.43423,-614.13423,-652.83423
482,2025-10-12 09:49:43,executed,-79.621882,-60.582188,-41.17142,-22.033974,-5.365763,10.96577,24.66577,36.86577,47.56577,56.76577,64.46577,70.66577,75.36577,78.56577,80.26577,80.46577,79.16577,76.36577,72.06577,66.26577,58.96577,50.16577,39.86577,28.06577,14.76577,0.0,-15.73423,-32.43423,-50.13423,-68.83423,-88.53423,-109.23423,-130.93423,-153.63423,-177.33423,-202.03423,-227.73423,-254.43423,-282.13423,-310.83423,-340.53423,-371.23423,-402.93423,-435.63423,-469.33423,-504.03423,-539.73423,-576.43423,-614.13423,-652.83423
482,2025-10-12 09:50:25,proposed,-85.993855,-69.885069,-55.206646,-42.306527,-32.309473,-24.273628,-12.420855,7.368554,24.351259,28.730552,34.305447,50.96178,73.563352,95.873989,116.474452,135.129149,149.577451,159.238397,166.375785,171.873775,173.325799,168.103406,154.11261,132.871615,110.755176,90.821882,71.419665,52.33974,35.634237,21.18727,7.303905,-6.098977,-19.240626,-33.455577,-50.216669,-69.857061,-91.259438,-111.596813,-129.704331,-145.486411,-157.232589,-165.402812,-170.847044,-172.445849,-169.429601,-162.092667,-149.79719,-133.344939,-116.11635,-100.117687
483,2025-10-12 09:51:05,executed,-85.993855,-69.885069,-55.206646,-42.306527,-32.309473,-24.273628,-12.420855,7.368554,24.351259,28.730552,34.305447,50.96178,73.563352,95.873989,116.474452,135.129149,149.577451,159.238397,166.375785,171.873775,173.325799,168.103406,154.11261,132.871615,110.755176,90.821882,71.419665,52.33974,35.634237,21.18727,7.303905,-6.098977,-19.240626,-33.455577,-50.216669,-69.857061,-91.259438,-111.596813,-129.704331,-145.486411,-157.232589,-165.402812,-170.847044,-172.445849,-169.429601,-162.092667,-149.79719,-133.344939,-116.11635,-100.117687
483,2025-10-12 09:51:41,proposed,74.993855,45.81824695833333,23.142560833333334,3.902451624999994,-31.52080816666666,-43.14401054166666,-77.91295900000001,-120.46598362499996,-154.76135033333333,-173.6992645,-182.720789,-170.52505816666667,-131.81339549999996,-91.92919920833337,-55.37911375000002,-25.98100812500001,0.4795266666666671,28.344228833333283,65.20765525000003,105.3692125833333,137.4441073333333,156.08334100000002,162.19449500000002,151.58035545833334,123.344939,106.11635,26.9990285,15.115679916666668,2.070871624999997,-33.95110466666666,-83.40312095833332,-70.27546849999999,-65.351388,-66.550271,-59.091613124999995,-41.118949833333346,-17.28601220833334,2.4106345000000107,9.552457416666666,5.646700416666672,-4.734715874999996,-17.100073333333334,-29.777733916666648,-34.83236925,-28.925474041666682,-11.81498700000003,10.362569750000038,31.994762499999993,40.346252916666664,37.560793
484,2025-10-12 09:52:21,executed,74.993855,45.81824695833333,23.142560833333334,3.902451624999994,-31.52080816666666,-43.14401054166666,-77.91295900000001,-120.46598362499996,-154.76135033333333,-173.6992645,-182.720789,-170.52505816666667,-131.81339549999996,-91.92919920833337,-55.37911375000002,-25.98100812500001,0.4795266666666671,28.344228833333283,65.20765525000003,105.3692125833333,137.4441073333333,156.08334100000002,162.19449500000002,151.58035545833334,123.344939,106.11635,26.9990285,15.115679916666668,2.070871624999997,-33.95110466666666,-83.40312095833332,-70.27546849999999,-65.351388,-66.550271,-59.091613124999995,-41.118949833333346,-17.28601220833334,2.4106345000000107,9.552457416666666,5.646700416666672,-4.734715874999996,-17.100073333333334,-29.777733916666648,-34.83236925,-28.925474041666682,-11.81498700000003,10.362569750000038,31.994762499999993,40.346252916666664,37.560793
484,2025-10-12 09:52:49,proposed,85.993855,70.885069,56.206646,43.306527,33.309473,25.273628,13.420855,-6.368554,-23.351259,-27.730552,-33.305447,-49.96178,-72.563352,-94.873989,-115.474452,-134.129149,-148.577451,-158.238397,-165.375785,-170.873775,-172.325799,-167.103406,-153.11261,-131.871615,-109.755176,-89.821882,-70.419665,-51.33974,-34.634237,-20.18727,-6.303905,7.098977,20.240626,34.455577,51.216669,70.857061,92.259438,112.596813,130.704331,146.486411,158.232589,166.402812,171.847044,173.445849,170.429601,163.092667,150.79719,134.344939,117.11635,101.117687
485,2025-10-12 09:53:29,executed,85.993855,70.885069,56.206646,43.306527,33.309473,25.273628,13.420855,-6.368554,-23.351259,-27.730552,-33.305447,-49.96178,-72.563352,-94.873989,-115.474452,-134.129149,-148.577451,-158.238397,-165.375785,-170.873775,-172.325799,-167.103406,-153.11261,-131.871615,-109.755176,-89.821882,-70.419665,-51.33974,-34.634237,-20.18727,-6.303905,7.098977,20.240626,34.455577,51.216669,70.857061,92.259438,112.596813,130.704331,146.486411,158.232589,166.402812,171.847044,173.445849,170.429601,163.092667,150.79719,134.344939,117.11635,101.117687
485,2025-10-12 09:53:57,proposed,79.993855,64.885069,50.206646,37.306527,27.309473,19.273628,7.420855,-12.368554,-29.351259,-33.730552,-39.305447,-55.96178,-78.563352,-100.873989,-121.474452,-140.129149,-154.577451,-164.238397,-171.375785,-176.873775,-178.325799,-173.103406,-159.11261,-137.871615,-115.755176,-95.821882,-76.419665,-57.33974,-40.634237,-26.18727,-12.303905,1.098977,14.240626,28.455577,45.216669,64.857061,86.259438,106.596813,124.704331,140.486411,152.232589,160.402812,165.847044,167.445849,164.429601,157.092667,144.79719,128.344939,111.11635,95.117687
486,2025-10-12 09:54:37,executed,79.993855,64.885069,50.206646,37.306527,27.309473,19.273628,7.420855,-12.368554,-29.351259,-33.730552,-39.305447,-55.96178,-78.563352,-100.873989,-121.474452,-140.129149,-154.577451,-164.238397,-171.375785,-176.873775,-178.325799,-173.103406,-159.11261,-137.871615,-115.755176,-95.821882,-76.419665,-57.33974,-40.634237,-26.18727,-12.303905,1.098977,14.240626,28.455577,45.216669,64.857061,86.259438,106.596813,124.704331,140.486411,152.232589,160.402812,165.847044,167.445849,164.429601,157.092667,144.79719,128.344939,111.11635,95.117687
486,2025-10-12 09:55:03,proposed,84.893855,69.785069,55.106646,42.206527,32.209473,24.173628,12.320855,-7.468554,-24.451259,-28.830552,-34.405447,-51.06178,-73.663352,-95.973989,-116.574452,-135.229149,-149.677451,-159.338397,-166.475785,-171.973775,-173.425799,-168.203406,-154.21261,-132.971615,-110.855176,-90.921882,-71.519665,-52.43974,-35.734237,-21.28727,-7.403905,5.998977,19.140626,33.355577,50.116669,69.757061,91.159438,111.496813,129.604331,145.386411,157.132589,165.302812,170.747044,172.345849,169.329601,161.992667,149.69719,133.244939,116.01635,100.017687
487,2025-10-12 09:55:43,executed,84.893855,69.785069,55.106646,42.206527,32.209473,24.173628,12.320855,-7.468554,-24.451259,-28.830552,-34.405447,-51.06178,-73.663352,-95.973989,-116.574452,-135.229149,-149.677451,-159.338397,-166.475785,-171.973775,-173.425799,-168.203406,-154.21261,-132.971615,-110.855176,-90.921882,-71.519665,-52.43974,-35.734237,-21.28727,-7.403905,5.998977,19.140626,33.355577,50.116669,69.757061,91.159438,111.496813,129.604331,145.386411,157.132589,165.302812,170.747044,172.345849,169.329601,161.992667,149.69719,133.244939,116.01635,100.017687
487,2025-10-12 09:56:08,proposed,74.993855,59.885069,45.206646,32.306527,22.309473,14.273628,2.420855,-17.368554,-34.351259,-38.730552,-44.305447,-60.96178,-83.563352,-105.873989,-126.474452,-145.129149,-159.577451,-169.238397,-176.375785,-181.873775,-183.325799,-178.103406,-164.11261,-142.871615,-120.755176,-100.821882,-81.419665,-62.33974,-45.634237,-31.18727,-17.303905,-3.901023,9.240626,23.455577,40.216669,59.857061,81.259438,101.596813,119.704331,135.486411,147.232589,155.402812,160.847044,162.445849,159.429601,152.092667,139.79719,123.344939,106.11635,90.117687
488,2025-10-12 09:56:48,executed,74.993855,59.885069,45.206646,32.306527,22.309473,14.273628,2.420855,-17.368554,-34.351259,-38.730552,-44.305447,-60.96178,-83.563352,-105.873989,-126.474452,-145.129149,-159.577451,-169.238397,-176.375785,-181.873775,-183.325799,-178.103406,-164.11261,-142.871615,-120.755176,-100.821882,-81.419665,-62.33974,-45.634237,-31.18727,-17.303905,-3.901023,9.240626,23.455577,40.216669,59.857061,81.259438,101.596813,119.704331,135.486411,147.232589,155.402812,160.847044,162.445849,159.429601,152.092667,139.79719,123.344939,106.11635,90.117687
488,2025-10-12 09:57:11,proposed,-100.0,-90.0,-80.0,-70.0,-60.0,-50.0,-40.0,-30.0,-20.0,-10.0,0.0,10.0,20.0,30.0,40.0,50.0,60.0,70.0,80.0,90.0,100.0,90.0,80.0,70.0,60.0,50.0,40.0,30.0,20.0,10.0,-10.0,-20.0,-30.0,-40.0,-50.0,-60.0,-70.0,-80.0,-90.0,-100.0,-90.0,-80.0,-70.0,-60.0,-50.0,-40.0,-30.0,-20.0,-10.0,0.0
489,2025-10-12 09:57:51,executed,-100.0,-90.0,-80.0,-70.0,-60.0,-50.0,-40.0,-30.0,-20.0,-10.0,0.0,10.0,20.0,30.0,40.0,50.0,60.0,70.0,80.0,90.0,100.0,90.0,80.0,70.0,60.0,50.0,40.0,30.0,20.0,10.0,-10.0,-20.0,-30.0,-40.0,-50.0,-60.0,-70.0,-80.0,-90.0,-100.0,-90.0,-80.0,-70.0,-60.0,-50.0,-40.0,-30.0,-20.0,-10.0,0.0
489,2025-10-12 09:58:11,proposed,74.993855,59.885069,45.206646,32.306527,22.309473,14.273628,2.420855,-17.368554,-34.351259,-38.730552,-44.305447,-60.96178,-83.563352,-105.873989,-126.474452,-145.129149,-159.577451,-169.238397,-176.375785,-181.873775,-183.325799,-178.103406,-164.11261,-142.871615,-120.755176,-100.821882,-81.419665,-62.33974,-45.634237,-31.18727,-17.303905,-3.901023,9.240626,23.455577,40.216669,59.857061,81.259438,101.596813,119.704331,135.486411,147.232589,155.402812,70.847044,62.445849,59.429601,52.092667,39.79719,23.344939,6.11635,-9.882313
490,2025-10-12 09:58:51,executed,74.993855,59.885069,45.206646,32.306527,22.309473,14.273628,2.420855,-17.368554,-34.351259,-38.730552,-44.305447,-60.96178,-83.563352,-105.873989,-126.474452,-145.129149,-159.577451,-169.238397,-176.375785,-181.873775,-183.325799,-178.103406,-164.11261,-142.871615,-120.755176,-100.821882,-81.419665,-62.33974,-45.634237,-31.18727,-17.303905,-3.901023,9.240626,23.455577,40.216669,59.857061,81.259438,101.596813,119.704331,135.486411,147.232589,155.402812,70.847044,62.445849,59.429601,52.092667,39.79719,23.344939,6.11635,-9.882313
490,2025-10-12 09:59:10,proposed,-104.993855,-89.885069,-75.206646,-62.306527,-52.309473,-44.273628,-32.420855,-27.368554,-44.351259,-48.730552,-54.305447,-70.96178,-93.563352,-115.873989,-136.474452,-155.129149,-169.577451,-179.238397,-186.375785,-191.873775,-193.325799,-188.103406,-174.11261,-152.871615,-130.755176,110.821882,91.419665,72.33974,55.634237,41.18727,27.303905,46.098977,59.240626,73.455577,90.216669,109.857061,131.259438,151.596813,169.704331,185.486411,197.232589,205.402812,210.847044,212.445849,209.429601,202.092667,189.79719,173.344939,156.11635,140.117687
491,2025-10-12 09:59:50,executed,-104.993855,-89.885069,-75.206646,-62.306527,-52.309473,-44.273628,-32.420855,-27.368554,-44.351259,-48.730552,-54.305447,-70.96178,-93.563352,-115.873989,-136.474452,-155.129149,-169.577451,-179.238397,-186.375785,-191.873775,-193.325799,-188.103406,-174.11261,-152.871615,-130.755176,110.821882,91.419665,72.33974,55.634237,41.18727,27.303905,46.098977,59.240626,73.455577,90.216669,109.857061,131.259438,151.596813,169.704331,185.486411,197.232589,205.402812,210.847044,212.445849,209.429601,202.092667,189.79719,173.344939,156.11635,140.117687
491,2025-10-12 10:00:43,proposed,-71.34882,-56.23601,-41.55409,-28.90587,-18.27951,-10.0381,-3.92935,0.28356,3.2297,4.11899,2.88324,-1.41189,-8.07154,-15.10761,-21.72049,-27.72053,-32.82787,-36.80522,-39.44507,-40.56121,-39.99699,-37.62327,-33.44735,-27.5104,-19.98019,-11.0589,-1.0977,9.34148,19.17901,27.77328,33.4103,35.66479,34.34731,30.05462,23.73463,16.65989,9.98188,4.8521,2.31103,2.23009,3.90174,6.59703,9.51571,11.87189,13.0013,12.39892,10.00097,6.09127,1.30197,-3.73683
492,2025-10-12 10:01:23,executed,-71.34882,-56.23601,-41.55409,-28.90587,-18.27951,-10.0381,-3.92935,0.28356,3.2297,4.11899,2.88324,-1.41189,-8.07154,-15.10761,-21.72049,-27.72053,-32.82787,-36.80522,-39.44507,-40.56121,-39.99699,-37.62327,-33.44735,-27.5104,-19.98019,-11.0589,-1.0977,9.34148,19.17901,27.77328,33.4103,35.66479,34.34731,30.05462,23.73463,16.65989,9.98188,4.8521,2.31103,2.23009,3.90174,6.59703,9.51571,11.87189,13.0013,12.39892,10.00097,6.09127,1.30197,-3.73683
492,2025-10-12 10:01:51,proposed,-104.993855,-75.206646,-52.309473,-32.420855,-44.351259,-54.305447,-93.563352,-136.474452,-169.577451,-186.375785,-193.325799,-174.11261,-130.755176,-91.419665,-55.634237,-27.303905,-0.759374,-30.783331,-71.740562,-110.295669,-137.767411,-149.152956,-140.570399,-110.20281,-69.88365,-55.882313,-20.069885,-31.62358,-47.405373,-88.735428,-104.551031,-86.935136,-90.045511,-86.18576,-70.488875,-47.211548,-25.007364,-15.02832,-18.115055,-26.870912,-34.279086,-48.822828,-62.15169,-66.122555,-61.347473,-44.65379,-22.121111,-1.481891,7.729633,7.760793
493,2025-10-12 10:02:31,executed,-104.993855,-75.206646,-52.309473,-32.420855,-44.351259,-54.305447,-93.563352,-136.474452,-169.577451,-186.375785,-193.325799,-174.11261,-130.755176,-91.419665,-55.634237,-27.303905,-0.759374,-30.783331,-71.740562,-110.295669,-137.767411,-149.152956,-140.570399,-110.20281,-69.88365,-55.882313,-20.069885,-31.62358,-47.405373,-88.735428,-104.551031,-86.935136,-90.045511,-86.18576,-70.488875,-47.211548,-25.007364,-15.02832,-18.115055,-26.870912,-34.279086,-48.822828,-62.15169,-66.122555,-61.347473,-44.65379,-22.121111,-1.481891,7.729633,7.760793
493,2025-10-12 10:02:59,proposed,-94.993855,-64.66914104166668,-41.639819249999995,-21.789317375,-35.08114116666667,-47.775516375,-89.14101125,-131.91540529166667,-162.79776633333333,-178.43753125,-181.14980191666666,-154.37715395833328,-110.78852900000001,-71.08470562499997,-37.20683958333338,-8.927103749999945,18.717260000000003,54.128613333333334,96.51246925000005,132.19847766666672,154.04110816666667,162.245998375,152.70407816666665,124.03044945833335,90.117687,19.196539,20.15688025,17.20485875,1.4130381249999968,-34.88870266666667,-22.831490041666665,-24.705025000000003,-24.544808875,-15.105277666666668,0.2912057500000098,14.848748916666668,23.64230954166667,25.9339445,23.958873625,20.225116666666672,14.545474749999983,2.1341799999999997,-12.365962875,-20.136340250000007,-23.242744458333338,-22.277286,-13.18143487499999,1.004379083333352,12.972539124999994,17.655942
494,2025-10-12 10:03:39,executed,-94.993855,-64.66914104166668,-41.639819249999995,-21.789317375,-35.08114116666667,-47.775516375,-89.14101125,-131.91540529166667,-162.79776633333333,-178.43753125,-181.14980191666666,-154.37715395833328,-110.78852900000001,-71.08470562499997,-37.20683958333338,-8.927103749999945,18.717260000000003,54.128613333333334,96.51246925000005,132.19847766666672,154.04110816666667,162.245998375,152.70407816666665,124.03044945833335,90.117687,19.196539,20.15688025,17.20485875,1.4130381249999968,-34.88870266666667,-22.831490041666665,-24.705025000000003,-24.544808875,-15.105277666666668,0.2912057500000098,14.848748916666668,23.64230954166667,25.9339445,23.958873625,20.225116666666672,14.545474749999983,2.1341799999999997,-12.365962875,-20.136340250000007,-23.242744458333338,-22.277286,-13.18143487499999,1.004379083333352,12.972539124999994,17.655942
494,2025-10-12 10:04:06,proposed,79.993855,50.81824695833333,28.142560833333334,8.902451624999994,-26.52080816666666,-38.14401054166666,-72.91295900000001,-115.46598362499996,-149.76135033333333,-168.6992645,-177.720789,-165.52505816666667,-126.81339549999997,-86.92919920833337,-50.37911375000002,-20.98100812500001,5.479526666666667,33.34422883333328,70.20765525000003,110.3692125833333,142.4441073333333,161.08334100000002,167.19449500000002,156.58035545833334,128.344939,111.11635,31.9990285,20.115679916666668,7.070871624999997,-29.95110716666666,-51.69347975000001,-33.38652225,-35.479226958333335,-32.954907,-19.648958749999995,2.909393249999984,25.60732554166666,37.7574765,38.363920375000006,30.572995500000008,18.6294065,6.108247666666667,-6.830424124999982,-15.746950750000003,-19.822762541666666,-20.085998000000004,-14.76101812499998,2.6422974166666515,23.4005115,27.755942
495,2025-10-12 10:04:46,executed,79.993855,50.81824695833333,28.142560833333334,8.902451624999994,-26.52080816666666,-38.14401054166666,-72.91295900000001,-115.46598362499996,-149.76135033333333,-168.6992645,-177.720789,-165.52505816666667,-126.81339549999997,-86.92919920833337,-50.37911375000002,-20.98100812500001,5.479526666666667,33.34422883333328,70.20765525000003,110.3692125833333,142.4441073333333,161.08334100000002,167.19449500000002,156.58035545833334,128.344939,111.11635,31.9990285,20.115679916666668,7.070871624999997,-29.95110716666666,-51.69347975000001,-33.38652225,-35.479226958333335,-32.954907,-19.648958749999995,2.909393249999984,25.60732554166666,37.7574765,38.363920375000006,30.572995500000008,18.6294065,6.108247666666667,-6.830424124999982,-15.746950750000003,-19.822762541666666,-20.085998000000004,-14.76101812499998,2.6422974166666515,23.4005115,27.755942
495,2025-10-12 10:05:13,proposed,-74.993855,-89.885069,-65.206646,-52.306527,-42.309473,-34.273628,-22.420855,-37.368554,-44.351259,-48.730552,-54.305447,-70.96178,-93.563352,-115.873989,-136.474452,-155.129149,-169.577451,-179.238397,-186.375785,-191.873775,-193.325799,-188.103406,-174.11261,-152.871615,-130.755176,-110.821882,-91.419665,-72.33974,-55.634237,-41.18727,-27.303905,-13.901023,-0.759374,12.455577,29.216669,48.857061,70.259438,90.596813,108.704331,124.486411,136.232589,144.402812,149.847044,151.445849,148.429601,141.092667,128.79719,112.344939,95.11635,79.117687
496,2025-10-12 10:05:53,executed,-74.993855,-89.885069,-65.206646,-52.306527,-42.309473,-34.273628,-22.420855,-37.368554,-44.351259,-48.730552,-54.305447,-70.96178,-93.563352,-115.873989,-136.474452,-155.129149,-169.577451,-179.238397,-186.375785,-191.873775,-193.325799,-188.103406,-174.11261,-152.871615,-130.755176,-110.821882,-91.419665,-72.33974,-55.634237,-41.18727,-27.303905,-13.901023,-0.759374,12.455577,29.216669,48.857061,70.259438,90.596813,108.704331,124.486411,136.232589,144.402812,149.847044,151.445849,148.429601,141.092667,128.79719,112.344939,95.11635,79.117687
496,2025-10-12 10:06:13,proposed,79.993855,64.885069,50.206646,37.306527,27.309473,19.273628,7.420855,-12.368554,-29.351259,-33.730552,-39.305447,-55.96178,-78.563352,-100.873989,-121.474452,-140.129149,-154.577451,-164.238397,-171.375785,-176.873775,-178.325799,-173.103406,-159.11261,-137.871615,-115.755176,-95.821882,-76.419665,-57.33974,-40.634237,-26.18727,-12.303905,1.098977,14.240626,28.455577,45.216669,64.857061,86.259438,106.596813,124.704331,140.486411,152.232589,160.402812,165.847044,167.445849,164.429601,157.092667,144.79719,128.344939,111.11635,95.117687
497,2025-10-12 10:06:53,executed,79.993855,64.885069,50.206646,37.306527,27.309473,19.273628,7.420855,-12.368554,-29.351259,-33.730552,-39.305447,-55.96178,-78.563352,-100.873989,-121.474452,-140.129149,-154.577451,-164.238397,-171.375785,-176.873775,-178.325799,-173.103406,-159.11261,-137.871615,-115.755176,-95.821882,-76.419665,-57.33974,-40.634237,-26.18727,-12.303905,1.098977,14.240626,28.455577,45.216669,64.857061,86.259438,106.596813,124.704331,140.486411,152.232589,160.402812,165.847044,167.445849,164.429601,157.092667,144.79719,128.344939,111.11635,95.117687
497,2025-10-12 10:07:13,proposed,85.493855,70.385069,55.706646,42.806527,32.809473,24.773628,12.920855,-6.868554,-23.851259,-28.230552,-33.805447,-50.46178,-73.063352,-95.373989,-115.974452,-134.629149,-149.077451,-158.738397,-165.875785,-171.373775,-172.825799,-167.603406,-153.61261,-132.371615,-110.255176,-90.321882,-70.919665,-51.83974,-35.134237,-20.68727,-6.803905,6.598977,19.740626,33.955577,50.716669,70.357061,91.759438,112.196813,130.304331,146.086411,157.732589,165.902812,171.347044,172.945849,169.929601,162.592667,150.29719,133.844939,116.61635,100.617687
498,2025-10-12 10:07:53,executed,85.493855,70.385069,55.706646,42.806527,32.809473,24.773628,12.920855,-6.868554,-23.851259,-28.230552,-33.805447,-50.46178,-73.063352,-95.373989,-115.974452,-134.629149,-149.077451,-158.738397,-165.875785,-171.373775,-172.825799,-167.603406,-153.61261,-132.371615,-110.255176,-90.321882,-70.919665,-51.83974,-35.134237,-20.68727,-6.803905,6.598977,19.740626,33.955577,50.716669,70.357061,91.759438,112.196813,130.304331,146.086411,157.732589,165.902812,171.347044,172.945849,169.929601,162.592667,150.29719,133.844939,116.61635,100.617687
498,2025-10-12 10:08:13,proposed,-74.993855,-59.885069,-45.206646,-32.306527,-22.309473,-14.273628,-2.420855,17.368554,34.351259,38.730552,44.305447,60.96178,83.563352,105.873989,126.474452,145.129149,159.577451,169.238397,176.375785,181.873775,183.325799,178.103406,164.11261,142.871615,120.755176,100.821882,81.419665,62.33974,45.634237,31.18727,17.303905,-6.098977,-19.240626,-33.455577,-50.216669,-69.857061,-91.259438,-111.596813,-129.704331,-145.486411,-157.232589,-165.402812,-170.847044,-172.445849,-169.429601,-162.092667,-149.79719,-133.344939,-116.11635,-100.117687
499,2025-10-12 10:08:53,executed,-74.993855,-59.885069,-45.206646,-32.306527,-22.309473,-14.273628,-2.420855,17.368554,34.351259,38.730552,44.305447,60.96178,83.563352,105.873989,126.474452,145.129149,159.577451,169.238397,176.375785,181.873775,183.325799,178.103406,164.11261,142.871615,120.755176,100.821882,81.419665,62.33974,45.634237,31.18727,17.303905,-6.098977,-19.240626,-33.455577,-50.216669,-69.857061,-91.259438,-111.596813,-129.704331,-145.486411,-157.232589,-165.402812,-170.847044,-172.445849,-169.429601,-162.092667,-149.79719,-133.344939,-116.11635,-100.117687
499,2025-10-12 10:09:25,proposed,-103.75,-88.75,-73.75,-58.75,-43.75,-28.75,-13.75,1.25,16.25,31.25,46.25,61.25,76.25,91.25,106.25,121.25,136.25,151.25,166.25,181.25,196.25,211.25,226.25,241.25,256.25,271.25,286.25,301.25,316.25,331.25,346.25,361.25,376.25,391.25,406.25,421.25,436.25,451.25,466.25,481.25,496.25,511.25,526.25,541.25,556.25,571.25,586.25,601.25,616.25,631.25
500,2025-10-12 10:10:05,executed,-103.75,-88.75,-73.75,-58.75,-43.75,-28.75,-13.75,1.25,16.25,31.25,46.25,61.25,76.25,91.25,106.25,121.25,136.25,151.25,166.25,181.25,196.25,211.25,226.25,241.25,256.25,271.25,286.25,301.25,316.25,331.25,346.25,361.25,376.25,391.25,406.25,421.25,436.25,451.25,466.25,481.25,496.25,511.25,526.25,541.25,556.25,571.25,586.25,601.25,616.25,631.25
500,2025-10-12 10:11:16,proposed,96.0,-100.0,-71.492,-56.384,-41.707,-28.807,-18.803,-11.726,-6.579,-2.369,1.109,3.688,5.254,5.829,5.405,4.009,1.635,-1.769,-5.173,-8.508,-11.615,-14.343,-16.555,-18.125,-18.939,-18.895,-17.905,-15.982,-13.05,-9.053,-3.947,2.306,9.563,17.507,25.949,34.604,43.206,51.524,59.344,66.473,72.74,78.003,82.146,84.973,86.396,86.241,84.448,80.973,75.805,68.96
501,2025-10-12 10:11:56,executed,96.0,-100.0,-71.492,-56.384,-41.707,-28.807,-18.803,-11.726,-6.579,-2.369,1.109,3.688,5.254,5.829,5.405,4.009,1.635,-1.769,-5.173,-8.508,-11.615,-14.343,-16.555,-18.125,-18.939,-18.895,-17.905,-15.982,-13.05,-9.053,-3.947,2.306,9.563,17.507,25.949,34.604,43.206,51.524,59.344,66.473,72.74,78.003,82.146,84.973,86.396,86.241,84.448,80.973,75.805,68.96
501,2025-10-12 10:12:15,proposed,-104.993855,-89.885069,-75.206646,-62.306527,-52.309473,-44.273628,-32.420855,-27.368554,-44.351259,-48.730552,-54.305447,-70.96178,-93.563352,-115.873989,-136.474452,-155.129149,-169.577451,-179.238397,-186.375785,-191.873775,-193.325799,-188.103406,-174.11261,-152.871615,-130.755176,-110.821882,-91.419665,-72.33974,-55.634237,-41.18727,-27.303905,-16.098977,-2.759374,1.455577,-15.216669,-39.857061,-61.259438,-81.596813,-99.704331,-115.486411,-127.232589,-135.402812,-140.847044,-142.445849,-139.429601,-132.092667,-119.79719,-103.344939,-86.11635,-70.117687
502,2025-10-12 10:12:55,executed,-104.993855,-89.885069,-75.206646,-62.306527,-52.309473,-44.273628,-32.420855,-27.368554,-44.351259,-48.730552,-54.305447,-70.96178,-93.563352,-115.873989,-136.474452,-155.129149,-169.577451,-179.238397,-186.375785,-191.873775,-193.325799,-188.103406,-174.11261,-152.871615,-130.755176,-110.821882,-91.419665,-72.33974,-55.634237,-41.18727,-27.303905,-16.098977,-2.759374,1.455577,-15.216669,-39.857061,-61.259438,-81.596813,-99.704331,-115.486411,-127.232589,-135.402812,-140.847044,-142.445849,-139.429601,-132.092667,-119.79719,-103.344939,-86.11635,-70.117687
502,2025-10-12 10:13:26,proposed,85.993855,70.885069,56.206646,43.306527,33.309473,25.273628,13.420855,-6.368554,-23.351259,-27.730552,-33.305447,-49.96178,-72.563352,-94.873989,-115.474452,-134.129149,-148.577451,-158.238397,-165.375785,-170.873775,-172.325799,-167.103406,-153.11261,-131.871615,-109.755176,-89.821882,-70.419665,-51.33974,-34.634237,-20.18727,-6.303905,7.098977,20.240626,34.455577,51.216669,70.857061,92.259438,112.596813,130.704331,146.486411,158.232589,166.402812,171.847044,173.445849,170.429601,163.092667,150.79719,134.344939,117.11635,101.117687
503,2025-10-12 10:14:06,executed,85.993855,70.885069,56.206646,43.306527,33.309473,25.273628,13.420855,-6.368554,-23.351259,-27.730552,-33.305447,-49.96178,-72.563352,-94.873989,-115.474452,-134.129149,-148.577451,-158.238397,-165.375785,-170.873775,-172.325799,-167.103406,-153.11261,-131.871615,-109.755176,-89.821882,-70.419665,-51.33974,-34.634237,-20.18727,-6.303905,7.098977,20.240626,34.455577,51.216669,70.857061,92.259438,112.596813,130.704331,146.486411,158.232589,166.402812,171.847044,173.445849,170.429601,163.092667,150.79719,134.344939,117.11635,101.117687
503,2025-10-12 10:14:26,proposed,-10.714,-10.539,-10.364,-10.189,-10.014,-9.839,-9.664,-9.489,-9.314,-9.139,-8.964,-8.789,-8.614,-8.439,-8.264,-8.089,-7.914,-7.739,-7.564,-7.389,-7.214,-7.039,-6.864,-6.689,-6.514,-6.339,-6.164,-5.989,-5.814,-5.639,-5.464,-5.289,-5.114,-4.939,-4.764,-4.589,-4.414,-4.239,-4.064,-3.889,-3.714,-3.539,-3.364,-3.189,-3.014,-2.839,-2.664,-2.489,-2.314,-2.139
504,2025-10-12 10:15:06,executed,-10.714,-10.539,-10.364,-10.189,-10.014,-9.839,-9.664,-9.489,-9.314,-9.139,-8.964,-8.789,-8.614,-8.439,-8.264,-8.089,-7.914,-7.739,-7.564,-7.389,-7.214,-7.039,-6.864,-6.689,-6.514,-6.339,-6.164,-5.989,-5.814,-5.639,-5.464,-5.289,-5.114,-4.939,-4.764,-4.589,-4.414,-4.239,-4.064,-3.889,-3.714,-3.539,-3.364,-3.189,-3.014,-2.839,-2.664,-2.489,-2.314,-2.139
504,2025-10-12 10:15:26,proposed,-44.993855,-34.885069,-25.206646,-12.306527,-2.309473,-14.273628,-22.420855,7.368554,24.351259,28.730552,34.305447,50.96178,73.563352,95.873989,116.474452,135.129149,149.577451,159.238397,166.375785,171.873775,173.325799,168.103406,154.11261,132.871615,110.755176,90.821882,71.419665,52.33974,35.634237,21.18727,7.303905,-6.098977,-19.240626,-33.455577,-50.216669,-69.857061,-91.259438,-111.596813,-129.704331,-145.486411,-157.232589,-165.402812,-170.847044,-172.445849,-169.429601,-162.092667,-149.79719,-133.344939,-116.11635,-100.117687
505,2025-10-12 10:16:06,executed,-44.993855,-34.885069,-25.206646,-12.306527,-2.309473,-14.273628,-22.420855,7.368554,24.351259,28.730552,34.305447,50.96178,73.563352,95.873989,116.474452,135.129149,149.577451,159.238397,166.375785,171.873775,173.325799,168.103406,154.11261,132.871615,110.755176,90.821882,71.419665,52.33974,35.634237,21.18727,7.303905,-6.098977,-19.240626,-33.455577,-50.216669,-69.857061,-91.259438,-111.596813,-129.704331,-145.486411,-157.232589,-165.402812,-170.847044,-172.445849,-169.429601,-162.092667,-149.79719,-133.344939,-116.11635,-100.117687
505,2025-10-12 10:16:46,proposed,-62.303905,-47.18727,-32.634237,-17.33974,-0.634237,15.273628,27.420855,3.368554,16.351259,20.730552,26.305447,42.96178,65.563352,87.873989,108.474452,127.129149,141.577451,151.238397,158.375785,163.873775,165.325799,160.103406,146.11261,124.871615,102.755176,82.821882,63.419665,44.33974,27.634237,13.18727,-21.303905,-34.098977,-47.240626,-61.455577,-78.216669,-97.857061,-119.259438,-139.596813,-157.704331,-173.486411,-185.232589,-193.402812,-198.847044,-200.445849,-197.429601,-190.092667,-177.79719,-161.344939,-144.11635,-128.117687
506,2025-10-12 10:17:26,executed,-62.303905,-47.18727,-32.634237,-17.33974,-0.634237,15.273628,27.420855,3.368554,16.351259,20.730552,26.305447,42.96178,65.563352,87.873989,108.474452,127.129149,141.577451,151.238397,158.375785,163.873775,165.325799,160.103406,146.11261,124.871615,102.755176,82.821882,63.419665,44.33974,27.634237,13.18727,-21.303905,-34.098977,-47.240626,-61.455577,-78.216669,-97.857061,-119.259438,-139.596813,-157.704331,-173.486411,-185.232589,-193.402812,-198.847044,-200.445849,-197.429601,-190.092667,-177.79719,-161.344939,-144.11635,-128.117687
506,2025-10-12 10:18:07,proposed,-34.993855,-54.66914104166666,-31.639819249999995,-9.947178874999997,25.081141166666665,37.775516375,79.14101125,121.91540529166666,152.79776633333333,168.43753125,171.14980191666666,144.37715395833328,100.78852900000001,61.08470562499997,27.206839583333373,-1.0728962500000545,-28.717259999999996,-64.12861333333333,-106.51246925000005,-142.19847766666672,-164.04110816666667,-172.245998375,-162.70407816666665,-134.03044945833335,-100.117687,-19.196539,-20.15688025,-17.20485875,-1.4130381249999968,34.88870266666667,22.831490041666665,24.705025000000003,24.544808875,15.105277666666668,-0.2912057500000098,-14.848748916666668,-23.64230954166667,-25.9339445,-23.958873625,-20.225116666666672,-14.545474749999983,-2.1341799999999997,12.365962875,20.136340250000007,23.242744458333338,22.277286,13.18143487499999,-1.004379083333352,-12.972539124999994,-17.655942
507,2025-10-12 10:18:47,executed,-34.993855,-54.66914104166666,-31.639819249999995,-9.947178874999997,25.081141166666665,37.775516375,79.14101125,121.91540529166666,152.79776633333333,168.43753125,171.14980191666666,144.37715395833328,100.78852900000001,61.08470562499997,27.206839583333373,-1.0728962500000545,-28.717259999999996,-64.12861333333333,-106.51246925000005,-142.19847766666672,-164.04110816666667,-172.245998375,-162.70407816666665,-134.03044945833335,-100.117687,-19.196539,-20.15688025,-17.20485875,-1.4130381249999968,34.88870266666667,22.831490041666665,24.705025000000003,24.544808875,15.105277666666668,-0.2912057500000098,-14.848748916666668,-23.64230954166667,-25.9339445,-23.958873625,-20.225116666666672,-14.545474749999983,-2.1341799999999997,12.365962875,20.136340250000007,23.242744458333338,22.277286,13.18143487499999,-1.004379083333352,-12.972539124999994,-17.655942
507,2025-10-12 10:19:13,proposed,83.993855,68.885069,54.206646,41.306527,31.309473,23.273628,11.420855,-8.368554,-25.351259,-29.730552,-35.305447,-51.96178,-74.563352,-96.873989,-117.474452,-136.129149,-150.577451,-160.238397,-167.375785,-172.873775,-174.325799,-169.103406,-155.11261,-133.871615,-111.755176,-91.821882,-72.419665,-53.33974,-36.634237,-22.18727,-8.303905,5.098977,18.240626,32.455577,49.216669,68.857061,90.259438,110.596813,128.704331,144.486411,156.232589,164.402812,169.847044,171.445849,168.429601,161.092667,148.79719,132.344939,115.11635,99.117687
508,2025-10-12 10:19:53,executed,83.993855,68.885069,54.206646,41.306527,31.309473,23.273628,11.420855,-8.368554,-25.351259,-29.730552,-35.305447,-51.96178,-74.563352,-96.873989,-117.474452,-136.129149,-150.577451,-160.238397,-167.375785,-172.873775,-174.325799,-169.103406,-155.11261,-133.871615,-111.755176,-91.821882,-72.419665,-53.33974,-36.634237,-22.18727,-8.303905,5.098977,18.240626,32.455577,49.216669,68.857061,90.259438,110.596813,128.704331,144.486411,156.232589,164.402812,169.847044,171.445849,168.429601,161.092667,148.79719,132.344939,115.11635,99.117687
508,2025-10-12 10:20:13,proposed,84.893855,69.785069,55.106646,42.206527,32.209473,24.173628,12.320855,-7.468554,-24.451259,-28.830552,-34.405447,-51.06178,-73.663352,-95.973989,-116.574452,-135.229149,-149.677451,-159.338397,-166.475785,-171.973775,-173.425799,-168.203406,-154.21261,-132.971615,-110.855176,-90.921882,-71.519665,-52.43974,-35.734237,-21.28727,-7.403905,5.998977,19.140626,33.355577,50.116669,69.757061,91.159438,111.496813,129.604331,145.386411,157.132589,165.302812,170.747044,172.345849,169.329601,161.992667,149.69719,133.244939,116.01635,100.017687
509,2025-10-12 10:20:53,executed,84.893855,69.785069,55.106646,42.206527,32.209473,24.173628,12.320855,-7.468554,-24.451259,-28.830552,-34.405447,-51.06178,-73.663352,-95.973989,-116.574452,-135.229149,-149.677451,-159.338397,-166.475785,-171.973775,-173.425799,-168.203406,-154.21261,-132.971615,-110.855176,-90.921882,-71.519665,-52.43974,-35.734237,-21.28727,-7.403905,5.998977,19.140626,33.355577,50.116669,69.757061,91.159438,111.496813,129.604331,145.386411,157.132589,165.302812,170.747044,172.345849,169.329601,161.992667,149.69719,133.244939,116.01635,100.017687
509,2025-10-12 10:21:18,proposed,-34.993855,-19.885069,-5.206646,-2.306527,-22.309473,-14.273628,-2.420855,7.368554,24.351259,28.730552,34.305447,50.96178,73.563352,95.873989,116.474452,135.129149,149.577451,159.238397,166.375785,171.873775,173.325799,168.103406,154.11261,132.871615,110.755176,90.821882,71.419665,52.33974,35.634237,21.18727,7.303905,-6.098977,-19.240626,-33.455577,-50.216669,-69.857061,-91.259438,-111.596813,-129.704331,-145.486411,-157.232589,-165.402812,-170.847044,-172.445849,-169.429601,-162.092667,-149.79719,-133.344939,-116.11635,-100.117687
510,2025-10-12 10:21:58,executed,-34.993855,-19.885069,-5.206646,-2.306527,-22.309473,-14.273628,-2.420855,7.368554,24.351259,28.730552,34.305447,50.96178,73.563352,95.873989,116.474452,135.129149,149.577451,159.238397,166.375785,171.873775,173.325799,168.103406,154.11261,132.871615,110.755176,90.821882,71.419665,52.33974,35.634237,21.18727,7.303905,-6.098977,-19.240626,-33.455577,-50.216669,-69.857061,-91.259438,-111.596813,-129.704331,-145.486411,-157.232589,-165.402812,-170.847044,-172.445849,-169.429601,-162.092667,-149.79719,-133.344939,-116.11635,-100.117687
510,2025-10-12 10:22:32,proposed,-61.788,-46.844,-32.311,-18.078,-4.144,8.489,19.972,29.906,37.39,42.423,44.907,44.84,42.224,37.057,29.341,19.074,6.258,-8.909,-25.666,-44.922,-66.679,-90.935,-117.692,-146.948,-178.705,-212.961,-249.718,-288.974,-330.731,-375.987,-423.744,-473.999,-526.755,-582.011,-639.767,-699.022,-760.778,-825.033,-891.789,-961.044,-1032.799,-1107.054,-1183.809,-1263.064,-1344.819,-1429.074,-1515.828,-1605.083,-1696.838,-1791.093
