iter,timestamp,tag,w0,w1,w2,w3,w4,w5,w6,w7,w8,w9,w10,w11,w12,w13,w14,w15,w16,w17,w18,w19,w20,w21,w22,w23,w24,w25,w26,w27,w28,w29,w30,w31,w32,w33,w34,w35,w36,w37,w38,w39,w40,w41,w42,w43,w44,w45,w46,w47,w48,w49
0,2025-10-31 01:01:19,executed,84.993855,54.66914104166666,31.639819249999995,9.947178874999997,-25.081141166666665,-37.775516375,-79.14101125,-121.91540529166666,-152.79776633333333,-168.43753125,-171.14980191666666,-144.37715395833328,-100.78852900000001,-61.08470562499997,-27.206839583333373,1.0728962500000545,28.717259999999996,64.12861333333333,106.51246925000005,142.19847766666672,164.04110816666667,172.245998375,162.70407816666665,134.03044945833335,100.117687,34.254739,24.415438,10.455457999999998,-15.062408000000005,-60.200826,-39.21952579166667,-39.28363775,-38.393947375,-26.586801666666666,-4.935136124999983,19.067695416666666,33.35365620833334,33.9916915,25.69358674999999,13.144849000000018,-0.05908537500002797,-15.457855666666667,-29.508288916666665,-34.886204750000005,-31.100460291666657,-15.298471333333334,7.441406375000016,30.528961166666697,40.29456291666666,37.560793
1,2025-10-31 01:01:21,executed,84.993855,54.66914104166666,31.639819249999995,9.947178874999997,-25.081141166666665,-37.775516375,-79.14101125,-121.91540529166666,-152.79776633333333,-168.43753125,-171.14980191666666,-144.37715395833328,-100.78852900000001,-61.08470562499997,-27.206839583333373,1.0728962500000545,28.717259999999996,64.12861333333333,106.51246925000005,142.19847766666672,164.04110816666667,172.245998375,162.70407816666665,134.03044945833335,100.117687,34.254739,24.415438,10.455457999999998,-15.062408000000005,-60.200826,-39.21952579166667,-39.28363775,-38.393947375,-26.586801666666666,-4.935136124999983,19.067695416666666,33.35365620833334,33.9916915,25.69358674999999,13.144849000000018,-0.05908537500002797,-15.457855666666667,-29.508288916666665,-34.886204750000005,-31.100460291666657,-15.298471333333334,7.441406375000016,30.528961166666697,40.29456291666666,37.560793
1,2025-10-31 01:01:51,proposed,100.0,99.19848150021295,96.81246100088002,92.90901300223506,87.5705705047806,80.90169943749476,73.0076739989608,63.9877989984954,54.06408177726488,43.37688700000001,32.07921286905581,20.32757,8.281,-3.8540000000000005,-15.827000000000002,-27.400000000000002,-38.349000000000004,-48.469,-57.57000000000001,-65.47900000000001,-72.04,-77.11000000000001,-80.56000000000002,-82.30000000000001,-82.26,-80.4,-76.70000000000002,-71.17000000000002,-63.85000000000001,-54.800000000000004,-44.11000000000001,-31.900000000000002,-18.300000000000004,-3.45,12.300000000000004,28.600000000000005,45.00000000000001,61.10000000000001,76.50000000000001,90.70000000000002,103.50000000000001,114.50000000000001,123.50000000000001,130.3,134.70000000000002,136.60000000000002,135.90000000000003,132.60000000000002,126.80000000000001,118.60000000000001
2,2025-10-31 01:02:31,executed,100.0,99.19848150021295,96.81246100088002,92.90901300223506,87.5705705047806,80.90169943749476,73.0076739989608,63.9877989984954,54.06408177726488,43.37688700000001,32.07921286905581,20.32757,8.281,-3.8540000000000005,-15.827000000000002,-27.400000000000002,-38.349000000000004,-48.469,-57.57000000000001,-65.47900000000001,-72.04,-77.11000000000001,-80.56000000000002,-82.30000000000001,-82.26,-80.4,-76.70000000000002,-71.17000000000002,-63.85000000000001,-54.800000000000004,-44.11000000000001,-31.900000000000002,-18.300000000000004,-3.45,12.300000000000004,28.600000000000005,45.00000000000001,61.10000000000001,76.50000000000001,90.70000000000002,103.50000000000001,114.50000000000001,123.50000000000001,130.3,134.70000000000002,136.60000000000002,135.90000000000003,132.60000000000002,126.80000000000001,118.60000000000001
2,2025-10-31 01:03:23,proposed,51.642,31.742624999999997,13.468416666666666,-6.103125000000002,-21.7785,-36.17916666666667,-57.08050000000001,-76.54654166666667,-90.83333333333333,-98.2,-99.66625,-92.96566666666666,-77.249,-59.60733333333332,-39.132333333333364,-17.33649999999996,0.6163333333333334,16.613166666666665,39.876500000000036,62.674000000000035,84.98233333333333,98.6115,96.68233333333333,79.99900000000002,61.599,15.199,16.069833333333335,13.657333333333332,1.1367499999999975,-27.63233333333333,-18.090666666666667,-19.574,-19.415666666666667,-11.965666666666666,0.2502500000000083,11.799,18.715666666666667,20.549,18.994833333333332,16.024000000000004,11.561499999999988,1.7003333333333326,-9.799,-15.949000000000005,-18.474,-17.665666666666667,-10.498999999999992,0.8325000000000156,10.332333333333327,13.999
3,2025-10-31 01:04:03,executed,51.642,31.742624999999997,13.468416666666666,-6.103125000000002,-21.7785,-36.17916666666667,-57.08050000000001,-76.54654166666667,-90.83333333333333,-98.2,-99.66625,-92.96566666666666,-77.249,-59.60733333333332,-39.132333333333364,-17.33649999999996,0.6163333333333334,16.613166666666665,39.876500000000036,62.674000000000035,84.98233333333333,98.6115,96.68233333333333,79.99900000000002,61.599,15.199,16.069833333333335,13.657333333333332,1.1367499999999975,-27.63233333333333,-18.090666666666667,-19.574,-19.415666666666667,-11.965666666666666,0.2502500000000083,11.799,18.715666666666667,20.549,18.994833333333332,16.024000000000004,11.561499999999988,1.7003333333333326,-9.799,-15.949000000000005,-18.474,-17.665666666666667,-10.498999999999992,0.8325000000000156,10.332333333333327,13.999
3,2025-10-31 01:05:10,proposed,70.0,69.5891392683884,68.36701831818274,66.3601509373977,63.601509373977,60.13926838840001,56.02980860539137,51.33701831818274,46.121509373977,40.441392683884004,34.35298086053913,27.9101509373977,21.16367018318274,14.162509373977,6.953509373977,-0.3098086053913699,-7.525509373977,-14.63298086053913,-21.5601509373977,-28.23301831818274,-34.576509373977,-40.5148607316116,-45.971509373977,-50.8701509373977,-55.13601831818274,-58.705509373977,-61.5168607316116,-63.5101509373977,-64.629509373977,-64.821392683884,-64.03701831818275,-62.231509373977,-59.36301831818274,-55.493509373977,-50.6888607316116,-44.998509373977,-38.4748607316116,-31.172509373977,-23.14701831818274,-14.455509373977,-5.155509373977,4.605139268388401,14.80980860539137,25.39701831818274,36.30980860539137,47.4901509373977,58.8801509373977,70.4288607316116,82.086509373977,93.80380860539137
4,2025-10-31 01:05:50,executed,70.0,69.5891392683884,68.36701831818274,66.3601509373977,63.601509373977,60.13926838840001,56.02980860539137,51.33701831818274,46.121509373977,40.441392683884004,34.35298086053913,27.9101509373977,21.16367018318274,14.162509373977,6.953509373977,-0.3098086053913699,-7.525509373977,-14.63298086053913,-21.5601509373977,-28.23301831818274,-34.576509373977,-40.5148607316116,-45.971509373977,-50.8701509373977,-55.13601831818274,-58.705509373977,-61.5168607316116,-63.5101509373977,-64.629509373977,-64.821392683884,-64.03701831818275,-62.231509373977,-59.36301831818274,-55.493509373977,-50.6888607316116,-44.998509373977,-38.4748607316116,-31.172509373977,-23.14701831818274,-14.455509373977,-5.155509373977,4.605139268388401,14.80980860539137,25.39701831818274,36.30980860539137,47.4901509373977,58.8801509373977,70.4288607316116,82.086509373977,93.80380860539137
4,2025-10-31 01:12:09,proposed,85.0,84.829,84.309,83.447,82.253,80.738,78.913,76.791,74.385,71.709,68.777,65.604,62.204,58.593,54.787,50.803,46.658,42.369,37.954,33.431,28.819,24.137,19.399,14.624,9.831,5.038,0.264,-4.488,-9.208,-13.889,-18.525,-23.111,-27.641,-32.11,-36.513,-40.844,-45.099,-49.272,-53.359,-57.354,-61.253,-65.051,-68.744,-72.327,-75.796,-79.146,-82.373,-85.472,-88.439,-91.27
5,2025-10-31 01:12:49,executed,85.0,84.829,84.309,83.447,82.253,80.738,78.913,76.791,74.385,71.709,68.777,65.604,62.204,58.593,54.787,50.803,46.658,42.369,37.954,33.431,28.819,24.137,19.399,14.624,9.831,5.038,0.264,-4.488,-9.208,-13.889,-18.525,-23.111,-27.641,-32.11,-36.513,-40.844,-45.099,-49.272,-53.359,-57.354,-61.253,-65.051,-68.744,-72.327,-75.796,-79.146,-82.373,-85.472,-88.439,-91.27
5,2025-10-31 01:13:36,proposed,45.7595432,36.719082,28.44583,20.7237744,12.6234661,4.1519387,-4.4284871,-12.2230787,-18.3562309,-23.9383263,-30.3793028,-38.3581429,-48.0829867,-57.8858546,-65.8552566,-72.589139,-78.8772733,-83.7385374,-86.4775163,-87.911549,-88.5514007,-87.8984218,-84.9176244,-79.1861273,-72.0005195,-64.7336963,-57.2112478,-48.8771039,-40.0142036,-30.7327713,-21.0914466,-11.7829313,-3.8228736,2.7290893,9.1273259,17.0045449,27.0472615,38.0497019,48.3004046,57.3299713,66.6488858,76.6284764,84.04214,87.520972,88.0782126,85.3216301,78.9147597,70.4456917,62.252393,54.4071535
6,2025-10-31 01:14:16,executed,45.7595432,36.719082,28.44583,20.7237744,12.6234661,4.1519387,-4.4284871,-12.2230787,-18.3562309,-23.9383263,-30.3793028,-38.3581429,-48.0829867,-57.8858546,-65.8552566,-72.589139,-78.8772733,-83.7385374,-86.4775163,-87.911549,-88.5514007,-87.8984218,-84.9176244,-79.1861273,-72.0005195,-64.7336963,-57.2112478,-48.8771039,-40.0142036,-30.7327713,-21.0914466,-11.7829313,-3.8228736,2.7290893,9.1273259,17.0045449,27.0472615,38.0497019,48.3004046,57.3299713,66.6488858,76.6284764,84.04214,87.520972,88.0782126,85.3216301,78.9147597,70.4456917,62.252393,54.4071535
6,2025-10-31 01:15:14,proposed,95.0,93.9463,90.7909,85.632,78.6008,69.8631,59.6108,48.0592,35.442,21.9995,7.9796,-6.2932,-20.4851,-34.192,-47.0175,-58.582,-68.5284,-76.5369,-82.327,-85.6666,-86.401,-84.4552,-79.839,-72.6369,-62.992,-51.109,-37.241,-21.6848,-4.7788,12.5694,29.8427,46.1264,60.5298,72.1956,80.3995,84.5804,84.3409,79.4795,69.9702,55.978,37.7779,15.748,-9.0494,-35.0084,-60.8447,-85.2096,-106.7905,-124.3312,-136.6437,-142.673
7,2025-10-31 01:15:54,executed,95.0,93.9463,90.7909,85.632,78.6008,69.8631,59.6108,48.0592,35.442,21.9995,7.9796,-6.2932,-20.4851,-34.192,-47.0175,-58.582,-68.5284,-76.5369,-82.327,-85.6666,-86.401,-84.4552,-79.839,-72.6369,-62.992,-51.109,-37.241,-21.6848,-4.7788,12.5694,29.8427,46.1264,60.5298,72.1956,80.3995,84.5804,84.3409,79.4795,69.9702,55.978,37.7779,15.748,-9.0494,-35.0084,-60.8447,-85.2096,-106.7905,-124.3312,-136.6437,-142.673
7,2025-10-31 01:16:38,proposed,80.0,79.3466,77.3999,74.2086,69.8463,64.3941,57.9409,50.5828,42.4239,33.5765,24.159,14.2958,4.1147,-6.216,-16.5029,-26.6004,-36.3653,-45.6669,-54.3879,-62.4169,-69.6588,-76.026,-80.0,-76.026,-69.6588,70.0,67.9715,62.0961,52.7937,40.7077,26.5029,10.8659,-5.4611,-21.0505,-35.4611,-48.2709,-59.1009,-67.636,-73.636,-76.936,-77.468,-75.2079,-70.2079,-62.6079,-52.6079,-40.4079,-26.2079,-10.2079,6.0921,22.0921
8,2025-10-31 01:17:18,executed,80.0,79.3466,77.3999,74.2086,69.8463,64.3941,57.9409,50.5828,42.4239,33.5765,24.159,14.2958,4.1147,-6.216,-16.5029,-26.6004,-36.3653,-45.6669,-54.3879,-62.4169,-69.6588,-76.026,-80.0,-76.026,-69.6588,70.0,67.9715,62.0961,52.7937,40.7077,26.5029,10.8659,-5.4611,-21.0505,-35.4611,-48.2709,-59.1009,-67.636,-73.636,-76.936,-77.468,-75.2079,-70.2079,-62.6079,-52.6079,-40.4079,-26.2079,-10.2079,6.0921,22.0921
8,2025-10-31 01:18:03,proposed,85.0,83.30052083333334,78.86756666666666,71.3826375,61.50095,49.330958333333335,35.37412499999999,20.045479166666674,3.777333333333341,-12.707812499999998,-28.49313333333333,-43.21109166666667,-56.14950000000001,-67.2501125,-75.71822499999999,-81.6859,-84.5268,-17.7083333333336,-8.933825,-18.950237500000007,-28.162666666666663,-36.18037500000001,-42.85458333333333,-47.75054166666666,-51.002,-52.04,-51.772708333333334,-49.734833333333334,-45.652375,-39.89216666666667,-32.44,-23.552499999999995,-13.381250000000005,-2.473333333333338,8.361249999999998,19.03333333333333,28.599999999999998,36.648,43.293958333333336,48.05583333333333,51.11075,52.11266666666667,51.218250000000005,48.34075,43.618541666666665,37.25183333333334,29.363499999999995,20.348925,10.395179166666681,0.0
9,2025-10-31 01:18:43,executed,85.0,83.30052083333334,78.86756666666666,71.3826375,61.50095,49.330958333333335,35.37412499999999,20.045479166666674,3.777333333333341,-12.707812499999998,-28.49313333333333,-43.21109166666667,-56.14950000000001,-67.2501125,-75.71822499999999,-81.6859,-84.5268,-17.7083333333336,-8.933825,-18.950237500000007,-28.162666666666663,-36.18037500000001,-42.85458333333333,-47.75054166666666,-51.002,-52.04,-51.772708333333334,-49.734833333333334,-45.652375,-39.89216666666667,-32.44,-23.552499999999995,-13.381250000000005,-2.473333333333338,8.361249999999998,19.03333333333333,28.599999999999998,36.648,43.293958333333336,48.05583333333333,51.11075,52.11266666666667,51.218250000000005,48.34075,43.618541666666665,37.25183333333334,29.363499999999995,20.348925,10.395179166666681,0.0
9,2025-10-31 01:19:44,proposed,90.0,89.266223,87.07908,83.470989,78.500001,72.24507,64.800161,56.27099,46.77209,36.426987,25.366223,13.727508,1.655848,-10.669838,-23.080536,-35.358079,-47.288274,-58.664426,-69.289456,-78.97709,-87.549999,-94.839999,-100.689999,-104.959999,-107.529999,-108.299999,-107.209999,-104.229999,-99.359999,-92.629999,-84.099999,-73.879999,-62.119999,-49.009999,-34.779999,-19.689999,-4.009999,11.990001,27.990001,43.490001,58.090001,71.490001,83.490001,93.890001,102.590001,109.590001,114.790001,118.190001,119.790001,119.590001
10,2025-10-31 01:20:24,executed,90.0,89.266223,87.07908,83.470989,78.500001,72.24507,64.800161,56.27099,46.77209,36.426987,25.366223,13.727508,1.655848,-10.669838,-23.080536,-35.358079,-47.288274,-58.664426,-69.289456,-78.97709,-87.549999,-94.839999,-100.689999,-104.959999,-107.529999,-108.299999,-107.209999,-104.229999,-99.359999,-92.629999,-84.099999,-73.879999,-62.119999,-49.009999,-34.779999,-19.689999,-4.009999,11.990001,27.990001,43.490001,58.090001,71.490001,83.490001,93.890001,102.590001,109.590001,114.790001,118.190001,119.790001,119.590001
10,2025-10-31 01:21:32,proposed,88.0,87.2023912648719,84.8190772271891,80.90169943749476,75.5401920409096,68.83556096531989,60.90169943749475,51.86470000358928,41.86470000358928,31.04909873995873,19.57013994539556,7.69742099395275,-4.31688970034383,-16.29792099395275,-27.97013994539556,-39.07909873995873,-49.46470000358928,-58.97556096531988,-67.4701920409096,-74.8190772271891,-80.90169943749476,-85.6190772271891,-88.97556096531989,-90.97013994539556,-91.67013994539556,-91.17556096531987,-89.59792099395275,-87.0523912648719,-83.6590772271891,-79.5401920409096,-74.8190772271891,-69.6190772271891,-64.06470000358928,-58.2823912648719,-52.39792099395275,-46.53013994539556,-40.8023912648719,-35.3390772271891,-30.26470000358928,-25.7023912648719,-21.77856096531988,-18.6190772271891,-16.3401920409096,-15.06470000358928,-14.9190772271891,-16.03556096531988,-18.5401920409096,-22.56470000358928,-28.23556096531988,-35.67013994539556
11,2025-10-31 01:22:12,executed,88.0,87.2023912648719,84.8190772271891,80.90169943749476,75.5401920409096,68.83556096531989,60.90169943749475,51.86470000358928,41.86470000358928,31.04909873995873,19.57013994539556,7.69742099395275,-4.31688970034383,-16.29792099395275,-27.97013994539556,-39.07909873995873,-49.46470000358928,-58.97556096531988,-67.4701920409096,-74.8190772271891,-80.90169943749476,-85.6190772271891,-88.97556096531989,-90.97013994539556,-91.67013994539556,-91.17556096531987,-89.59792099395275,-87.0523912648719,-83.6590772271891,-79.5401920409096,-74.8190772271891,-69.6190772271891,-64.06470000358928,-58.2823912648719,-52.39792099395275,-46.53013994539556,-40.8023912648719,-35.3390772271891,-30.26470000358928,-25.7023912648719,-21.77856096531988,-18.6190772271891,-16.3401920409096,-15.06470000358928,-14.9190772271891,-16.03556096531988,-18.5401920409096,-22.56470000358928,-28.23556096531988,-35.67013994539556
11,2025-10-31 01:23:06,proposed,60.0,57.7732,55.6264,53.5596,51.5728,49.666,47.8392,46.0924,44.4256,42.8388,41.332,39.9052,38.5584,37.2916,36.1048,34.998,33.9712,33.0244,32.1576,31.3708,30.664,30.0372,29.4904,29.0236,28.6368,28.33,28.1032,27.9564,27.8896,27.9028,27.996,28.1692,28.4224,28.7556,29.1688,29.662,30.2352,30.8884,31.6216,32.4348,33.328,34.3012,35.3544,36.4876,37.7008,38.994,40.3672,41.8204,43.3536,44.9668
12,2025-10-31 01:23:46,executed,60.0,57.7732,55.6264,53.5596,51.5728,49.666,47.8392,46.0924,44.4256,42.8388,41.332,39.9052,38.5584,37.2916,36.1048,34.998,33.9712,33.0244,32.1576,31.3708,30.664,30.0372,29.4904,29.0236,28.6368,28.33,28.1032,27.9564,27.8896,27.9028,27.996,28.1692,28.4224,28.7556,29.1688,29.662,30.2352,30.8884,31.6216,32.4348,33.328,34.3012,35.3544,36.4876,37.7008,38.994,40.3672,41.8204,43.3536,44.9668
12,2025-10-31 01:24:41,proposed,100.0,99.1985,96.8125,92.909,87.5706,80.9017,73.0077,63.9878,54.0641,43.3769,32.0792,20.3276,8.281,-3.854,-15.827,-27.4,-38.349,-48.469,-57.57,-65.479,-72.04,-77.11,-80.56,-82.3,-82.26,-80.4,-76.7,-71.17,-63.85,-54.8,-44.11,-31.9,-18.3,-3.45,12.3,28.6,45.0,61.1,76.5,90.7,103.5,114.5,123.5,130.3,134.7,136.6,135.9,132.6,126.8,118.6
13,2025-10-31 01:25:21,executed,100.0,99.1985,96.8125,92.909,87.5706,80.9017,73.0077,63.9878,54.0641,43.3769,32.0792,20.3276,8.281,-3.854,-15.827,-27.4,-38.349,-48.469,-57.57,-65.479,-72.04,-77.11,-80.56,-82.3,-82.26,-80.4,-76.7,-71.17,-63.85,-54.8,-44.11,-31.9,-18.3,-3.45,12.3,28.6,45.0,61.1,76.5,90.7,103.5,114.5,123.5,130.3,134.7,136.6,135.9,132.6,126.8,118.6
13,2025-10-31 01:26:35,proposed,70.0,67.704,61.058,50.569,36.877,20.732,3.018,-14.672,-31.069,-45.039,-55.698,-62.339,-64.498,-61.96,-54.809,-43.393,-28.16,-9.75,9.099,27.24,43.238,56.02,64.736,68.712,67.704,61.058,50.569,36.877,20.732,3.018,-14.672,-31.069,-45.039,-55.698,-62.339,-64.498,-61.96,-54.809,-43.393,-28.16,-9.75,9.099,27.24,43.238,56.02,64.736,68.712,69.426,67.704,70.0
14,2025-10-31 01:27:15,executed,70.0,67.704,61.058,50.569,36.877,20.732,3.018,-14.672,-31.069,-45.039,-55.698,-62.339,-64.498,-61.96,-54.809,-43.393,-28.16,-9.75,9.099,27.24,43.238,56.02,64.736,68.712,67.704,61.058,50.569,36.877,20.732,3.018,-14.672,-31.069,-45.039,-55.698,-62.339,-64.498,-61.96,-54.809,-43.393,-28.16,-9.75,9.099,27.24,43.238,56.02,64.736,68.712,69.426,67.704,70.0
14,2025-10-31 01:27:56,proposed,75.0,74.3774,72.5284,69.5085,65.3985,60.3015,54.3315,47.6195,40.2985,32.5085,24.3805,16.0495,7.6495,-0.6285,-8.7985,-16.7885,-24.5185,-31.9185,-38.9085,-45.4185,-51.3785,-56.7285,-61.4085,-65.3685,-68.5685,-70.9785,-72.5785,-73.3585,-73.3185,-72.4685,-70.8285,-68.4185,-65.2685,-61.4185,-56.9085,-51.7885,-46.1085,-39.9285,-33.3085,-26.3085,-18.9985,-11.4485,-3.7385,4.0115,11.6615,19.1015,26.2115,32.9015,39.0615,44.6015
15,2025-10-31 01:28:36,executed,75.0,74.3774,72.5284,69.5085,65.3985,60.3015,54.3315,47.6195,40.2985,32.5085,24.3805,16.0495,7.6495,-0.6285,-8.7985,-16.7885,-24.5185,-31.9185,-38.9085,-45.4185,-51.3785,-56.7285,-61.4085,-65.3685,-68.5685,-70.9785,-72.5785,-73.3585,-73.3185,-72.4685,-70.8285,-68.4185,-65.2685,-61.4185,-56.9085,-51.7885,-46.1085,-39.9285,-33.3085,-26.3085,-18.9985,-11.4485,-3.7385,4.0115,11.6615,19.1015,26.2115,32.9015,39.0615,44.6015
15,2025-10-31 01:29:29,proposed,28.284271,62.469488,90.729792,99.999999,87.050488,52.846501,0.0,-52.846501,-87.050488,-99.999999,-90.729792,-62.469488,-28.284271,0.0,28.284271,62.469488,90.729792,99.999999,87.050488,52.846501,0.0,-52.846501,-87.050488,-99.999999,-90.729792,-62.469488,-28.284271,0.0,28.284271,62.469488,90.729792,99.999999,87.050488,52.846501,0.0,-52.846501,-87.050488,-99.999999,-90.729792,-62.469488,-28.284271,0.0,28.284271,62.469488,90.729792,99.999999,87.050488,52.846501,0.0,-52.846501
16,2025-10-31 01:30:09,executed,28.284271,62.469488,90.729792,99.999999,87.050488,52.846501,0.0,-52.846501,-87.050488,-99.999999,-90.729792,-62.469488,-28.284271,0.0,28.284271,62.469488,90.729792,99.999999,87.050488,52.846501,0.0,-52.846501,-87.050488,-99.999999,-90.729792,-62.469488,-28.284271,0.0,28.284271,62.469488,90.729792,99.999999,87.050488,52.846501,0.0,-52.846501,-87.050488,-99.999999,-90.729792,-62.469488,-28.284271,0.0,28.284271,62.469488,90.729792,99.999999,87.050488,52.846501,0.0,-52.846501
16,2025-10-31 01:31:31,proposed,70.0,69.419,67.6816,64.8436,60.9808,56.1822,50.5478,44.1876,37.2198,29.769,21.9678,13.9556,5.8778,-2.131,-10.0076,-17.671,-25.0216,-32.0002,-38.5376,-44.5684,-50.0298,-54.8632,-59.0142,-62.432,-65.0706,-66.8906,-67.8606,-67.9576,-67.1698,-65.4928,-62.9304,-59.494,-55.2024,-50.0898,-44.1956,-37.5646,-30.2562,-22.333,-13.8688,-4.9472,4.3168,13.7858,23.3526,32.909,42.3458,51.553,60.4206,68.8402,69.419,70.0
17,2025-10-31 01:32:11,executed,70.0,69.419,67.6816,64.8436,60.9808,56.1822,50.5478,44.1876,37.2198,29.769,21.9678,13.9556,5.8778,-2.131,-10.0076,-17.671,-25.0216,-32.0002,-38.5376,-44.5684,-50.0298,-54.8632,-59.0142,-62.432,-65.0706,-66.8906,-67.8606,-67.9576,-67.1698,-65.4928,-62.9304,-59.494,-55.2024,-50.0898,-44.1956,-37.5646,-30.2562,-22.333,-13.8688,-4.9472,4.3168,13.7858,23.3526,32.909,42.3458,51.553,60.4206,68.8402,69.419,70.0
17,2025-10-31 01:38:07,proposed,70.0,68.5,65.0,59.5,52.0,42.5,31.0,17.5,2.0,-15.5,-35.0,-56.5,-79.0,-101.5,-123.0,-142.5,-159.0,-171.5,-179.0,-180.5,-175.0,-161.5,-139.0,-106.5,-63.0,-9.5,45.0,100.5,156.0,210.5,263.0,312.5,358.0,398.5,433.0,460.5,480.0,490.5,491.0,480.5,458.0,422.5,373.0,308.5,228.0,130.5,15.0,-120.5,-278.0,-456.5
18,2025-10-31 01:38:47,executed,70.0,68.5,65.0,59.5,52.0,42.5,31.0,17.5,2.0,-15.5,-35.0,-56.5,-79.0,-101.5,-123.0,-142.5,-159.0,-171.5,-179.0,-180.5,-175.0,-161.5,-139.0,-106.5,-63.0,-9.5,45.0,100.5,156.0,210.5,263.0,312.5,358.0,398.5,433.0,460.5,480.0,490.5,491.0,480.5,458.0,422.5,373.0,308.5,228.0,130.5,15.0,-120.5,-278.0,-456.5
18,2025-10-31 01:40:09,proposed,90.0,85.595,72.892,53.003,27.279,0.0,-27.279,-53.003,-72.892,-85.595,-90.0,-85.595,-72.892,-53.003,-27.279,0.0,27.279,53.003,72.892,85.595,90.0,85.595,72.892,53.003,27.279,0.0,-27.279,-53.003,-72.892,-85.595,-90.0,-85.595,-72.892,-53.003,-27.279,0.0,27.279,53.003,72.892,85.595,90.0,85.595,72.892,53.003,27.279,0.0,-27.279,-53.003,-72.892,-85.595
19,2025-10-31 01:40:49,executed,90.0,85.595,72.892,53.003,27.279,0.0,-27.279,-53.003,-72.892,-85.595,-90.0,-85.595,-72.892,-53.003,-27.279,0.0,27.279,53.003,72.892,85.595,90.0,85.595,72.892,53.003,27.279,0.0,-27.279,-53.003,-72.892,-85.595,-90.0,-85.595,-72.892,-53.003,-27.279,0.0,27.279,53.003,72.892,85.595,90.0,85.595,72.892,53.003,27.279,0.0,-27.279,-53.003,-72.892,-85.595
19,2025-10-31 01:41:31,proposed,90.0,89.2662,87.0791,83.471,78.5,72.2451,64.8002,56.271,46.7721,36.427,25.3662,13.7275,1.6558,-10.6698,-23.0805,-35.3581,-47.2883,-58.6644,-69.2895,-78.9771,-87.55,-94.84,-100.69,-104.96,-107.53,-108.3,-107.21,-104.23,-99.36,-92.63,-84.1,-73.88,-62.12,-49.01,-34.78,-19.69,-4.01,11.99,27.99,43.49,58.09,71.49,83.49,93.89,102.59,109.59,114.79,118.19,119.79,119.59
20,2025-10-31 01:42:11,executed,90.0,89.2662,87.0791,83.471,78.5,72.2451,64.8002,56.271,46.7721,36.427,25.3662,13.7275,1.6558,-10.6698,-23.0805,-35.3581,-47.2883,-58.6644,-69.2895,-78.9771,-87.55,-94.84,-100.69,-104.96,-107.53,-108.3,-107.21,-104.23,-99.36,-92.63,-84.1,-73.88,-62.12,-49.01,-34.78,-19.69,-4.01,11.99,27.99,43.49,58.09,71.49,83.49,93.89,102.59,109.59,114.79,118.19,119.79,119.59
20,2025-10-31 01:42:57,proposed,90.0,89.2908035607388,87.1706433067645,83.6967160352599,78.9669077278065,73.0901469002209,66.1804297136009,58.3582121768843,49.74950000000001,40.4889043527788,30.71880590059535,20.58012693023021,10.2125,-0.21250000000000002,-10.2125,-20.58012693023021,-30.71880590059535,-40.4889043527788,-49.74950000000001,-58.3582121768843,-66.1804297136009,-73.0901469002209,-78.9669077278065,-83.6967160352599,-87.1706433067645,-89.2908035607388,-90.0,-89.2908035607388,-87.1706433067645,-83.6967160352599,-78.9669077278065,-73.0901469002209,-66.1804297136009,-58.3582121768843,-49.74950000000001,-40.4889043527788,-30.71880590059535,-20.58012693023021,-10.2125,0.21250000000000002,10.2125,20.58012693023021,30.71880590059535,40.4889043527788,49.74950000000001,58.3582121768843,66.1804297136009,73.0901469002209,78.9669077278065,83.6967160352599
21,2025-10-31 01:43:37,executed,90.0,89.2908035607388,87.1706433067645,83.6967160352599,78.9669077278065,73.0901469002209,66.1804297136009,58.3582121768843,49.74950000000001,40.4889043527788,30.71880590059535,20.58012693023021,10.2125,-0.21250000000000002,-10.2125,-20.58012693023021,-30.71880590059535,-40.4889043527788,-49.74950000000001,-58.3582121768843,-66.1804297136009,-73.0901469002209,-78.9669077278065,-83.6967160352599,-87.1706433067645,-89.2908035607388,-90.0,-89.2908035607388,-87.1706433067645,-83.6967160352599,-78.9669077278065,-73.0901469002209,-66.1804297136009,-58.3582121768843,-49.74950000000001,-40.4889043527788,-30.71880590059535,-20.58012693023021,-10.2125,0.21250000000000002,10.2125,20.58012693023021,30.71880590059535,40.4889043527788,49.74950000000001,58.3582121768843,66.1804297136009,73.0901469002209,78.9669077278065,83.6967160352599
21,2025-10-31 01:44:26,proposed,85.0,84.3005,82.2926,78.9959,74.5099,68.9726,62.5323,55.352,47.6009,39.4503,31.0709,22.6309,14.3006,6.2407,-1.4904,-8.8893,-15.8677,-22.3592,-28.3004,-33.6316,-38.3004,-42.2606,-45.4705,-47.9048,-49.5446,-50.3804,-50.4087,-49.6335,-48.064,-45.714,-42.602,-38.7503,-34.1847,-28.9347,-23.0336,-16.5173,-9.4246,-1.7972,6.2407,14.3006,22.6309,31.0709,39.4503,47.6009,55.352,62.5323,68.9726,74.5099,78.9959,82.2926
22,2025-10-31 01:45:06,executed,85.0,84.3005,82.2926,78.9959,74.5099,68.9726,62.5323,55.352,47.6009,39.4503,31.0709,22.6309,14.3006,6.2407,-1.4904,-8.8893,-15.8677,-22.3592,-28.3004,-33.6316,-38.3004,-42.2606,-45.4705,-47.9048,-49.5446,-50.3804,-50.4087,-49.6335,-48.064,-45.714,-42.602,-38.7503,-34.1847,-28.9347,-23.0336,-16.5173,-9.4246,-1.7972,6.2407,14.3006,22.6309,31.0709,39.4503,47.6009,55.352,62.5323,68.9726,74.5099,78.9959,82.2926
22,2025-10-31 01:46:19,proposed,100.0,99.19850000000001,96.81249999999999,92.909,87.5706,80.9017,73.0077,63.9878,54.0641,43.3769,32.0792,20.3276,8.281,-3.854,-15.827,-27.4,-38.349,-48.469,-57.57,-65.479,-72.04,-77.11,-80.56,-82.3,-82.26,-80.4,-76.7,-71.17,-63.85,-54.8,-44.11,-31.9,-18.3,-3.45,12.3,28.6,45.0,61.1,76.5,90.7,103.5,114.5,123.5,130.3,134.7,136.6,135.9,132.6,126.8,118.6
23,2025-10-31 01:46:59,executed,100.0,99.19850000000001,96.81249999999999,92.909,87.5706,80.9017,73.0077,63.9878,54.0641,43.3769,32.0792,20.3276,8.281,-3.854,-15.827,-27.4,-38.349,-48.469,-57.57,-65.479,-72.04,-77.11,-80.56,-82.3,-82.26,-80.4,-76.7,-71.17,-63.85,-54.8,-44.11,-31.9,-18.3,-3.45,12.3,28.6,45.0,61.1,76.5,90.7,103.5,114.5,123.5,130.3,134.7,136.6,135.9,132.6,126.8,118.6
23,2025-10-31 01:47:43,proposed,-70.0,70.0,70.0,69.3705,67.4947,64.4207,60.2113,54.9458,48.7196,41.6348,33.7995,25.3377,16.3789,7.057,-2.5736,-12.3168,-21.9056,-31.1,-39.6738,-47.4398,-54.2389,-59.9439,-64.4593,-67.7126,-69.6681,-70.3073,-70.0,-69.3705,-67.4947,-64.4207,-60.2113,-54.9458,-48.7196,-41.6348,-33.7995,-25.3377,-16.3789,-7.057,2.5736,12.3168,21.9056,31.1,39.6738,47.4398,54.2389,59.9439,64.4593,67.7126,69.6681,70.3073
24,2025-10-31 01:48:23,executed,-70.0,70.0,70.0,69.3705,67.4947,64.4207,60.2113,54.9458,48.7196,41.6348,33.7995,25.3377,16.3789,7.057,-2.5736,-12.3168,-21.9056,-31.1,-39.6738,-47.4398,-54.2389,-59.9439,-64.4593,-67.7126,-69.6681,-70.3073,-70.0,-69.3705,-67.4947,-64.4207,-60.2113,-54.9458,-48.7196,-41.6348,-33.7995,-25.3377,-16.3789,-7.057,2.5736,12.3168,21.9056,31.1,39.6738,47.4398,54.2389,59.9439,64.4593,67.7126,69.6681,70.3073
24,2025-10-31 01:49:03,proposed,75.0,74.385,72.5475,69.5445,65.4495,60.3615,54.39,47.6595,40.3065,32.4795,24.3285,15.999,7.632,-0.6225,-8.7915,-16.7805,-24.5085,-31.9095,-38.8995,-45.4095,-51.369,-56.7195,-61.3995,-65.3595,-68.559,-70.9695,-72.5685,-73.3485,-73.308,-72.4575,-70.818,-68.4075,-65.2575,-61.407,-56.898,-51.777,-46.0965,-39.9165,-33.2955,-26.295,-18.9855,-11.436,-3.726,4.0245,11.6745,19.1145,26.2245,32.9145,39.0745,44.6145
25,2025-10-31 01:49:43,executed,75.0,74.385,72.5475,69.5445,65.4495,60.3615,54.39,47.6595,40.3065,32.4795,24.3285,15.999,7.632,-0.6225,-8.7915,-16.7805,-24.5085,-31.9095,-38.8995,-45.4095,-51.369,-56.7195,-61.3995,-65.3595,-68.559,-70.9695,-72.5685,-73.3485,-73.308,-72.4575,-70.818,-68.4075,-65.2575,-61.407,-56.898,-51.777,-46.0965,-39.9165,-33.2955,-26.295,-18.9855,-11.436,-3.726,4.0245,11.6745,19.1145,26.2245,32.9145,39.0745,44.6145
25,2025-10-31 01:50:29,proposed,85.0,84.29524046,82.00762413,78.20459388,73.00778847,66.55018174,58.9756086,50.44357288,41.11654316,31.1601666,20.74360371,10.03816223,-0.76019629,-11.4939775,-22.00762413,-32.1601666,-41.82045939,-50.86470244,-59.1756086,-66.64357288,-73.1601666,-78.62045939,-82.92045939,-85.96019629,-87.64357288,-87.88019629,-86.60762413,-83.7756086,-79.45018174,-73.70459388,-66.62045939,-58.39237587,-49.12045939,-38.99237587,-28.20459388,-16.95018174,-5.42045939,5.99237587,17.20459388,28.1601666,38.70459388,48.69237587,58.00762413,66.55018174,74.23524046,80.9756086,86.68019629,91.2601666,94.63524046,96.73524046
26,2025-10-31 01:51:09,executed,85.0,84.29524046,82.00762413,78.20459388,73.00778847,66.55018174,58.9756086,50.44357288,41.11654316,31.1601666,20.74360371,10.03816223,-0.76019629,-11.4939775,-22.00762413,-32.1601666,-41.82045939,-50.86470244,-59.1756086,-66.64357288,-73.1601666,-78.62045939,-82.92045939,-85.96019629,-87.64357288,-87.88019629,-86.60762413,-83.7756086,-79.45018174,-73.70459388,-66.62045939,-58.39237587,-49.12045939,-38.99237587,-28.20459388,-16.95018174,-5.42045939,5.99237587,17.20459388,28.1601666,38.70459388,48.69237587,58.00762413,66.55018174,74.23524046,80.9756086,86.68019629,91.2601666,94.63524046,96.73524046
26,2025-10-31 01:51:41,proposed,70.0,69.42060613,67.71077583,64.91264026,61.09062312,56.32049932,50.6896264,44.29594503,37.24647385,29.65757989,21.65487739,13.37256241,4.94901328,-3.50428676,-11.75110515,-19.64652434,-27.05436696,-33.84976735,-39.92095818,-45.1790449,-49.54898144,-52.96917757,-55.39209121,-56.78453488,-57.12781478,-56.4172573,-54.66221028,-51.88417978,-48.11664177,-43.39498226,-37.7659432,-31.28723916,-24.0276634,-16.0664972,-7.4898587,0.44901328,8.6864972,16.5476634,23.90723916,30.6459432,36.64498226,41.80664177,46.04417978,49.27221028,51.4172573,52.42781478,52.28209121,50.98917757,48.5790449,45.1790449
27,2025-10-31 01:52:21,executed,70.0,69.42060613,67.71077583,64.91264026,61.09062312,56.32049932,50.6896264,44.29594503,37.24647385,29.65757989,21.65487739,13.37256241,4.94901328,-3.50428676,-11.75110515,-19.64652434,-27.05436696,-33.84976735,-39.92095818,-45.1790449,-49.54898144,-52.96917757,-55.39209121,-56.78453488,-57.12781478,-56.4172573,-54.66221028,-51.88417978,-48.11664177,-43.39498226,-37.7659432,-31.28723916,-24.0276634,-16.0664972,-7.4898587,0.44901328,8.6864972,16.5476634,23.90723916,30.6459432,36.64498226,41.80664177,46.04417978,49.27221028,51.4172573,52.42781478,52.28209121,50.98917757,48.5790449,45.1790449
27,2025-10-31 01:53:34,proposed,75.0,74.51921183333333,73.11976733333334,70.82462625,67.6524515,63.635554,58.81086575,53.21809308333334,46.90004033333334,39.9023255,32.272959250000014,24.061119333333334,15.366398,6.2969635833333495,-3.0378827499999805,-12.553444625000001,-22.194983333333315,-31.88490358333332,-41.54629325,-51.10329979166665,-60.480326666666656,-69.6021145,-78.39434499999997,-86.78290116666666,-94.7,-94.7,-86.78290116666666,-78.394345,-69.6021145,-60.48032666666667,-51.10329979166667,-41.54629325,-31.884903583333347,-22.194983333333337,-12.553444625000001,-3.037882750000012,6.29696358333333,15.366398,24.061119333333316,32.272959249999985,39.9023255,46.90004033333332,53.21809308333332,58.81086575,63.635553999999985,67.65245149999998,70.82462625,73.11976733333333,74.51921183333333,75.0
28,2025-10-31 01:54:14,executed,75.0,74.51921183333333,73.11976733333334,70.82462625,67.6524515,63.635554,58.81086575,53.21809308333334,46.90004033333334,39.9023255,32.272959250000014,24.061119333333334,15.366398,6.2969635833333495,-3.0378827499999805,-12.553444625000001,-22.194983333333315,-31.88490358333332,-41.54629325,-51.10329979166665,-60.480326666666656,-69.6021145,-78.39434499999997,-86.78290116666666,-94.7,-94.7,-86.78290116666666,-78.394345,-69.6021145,-60.48032666666667,-51.10329979166667,-41.54629325,-31.884903583333347,-22.194983333333337,-12.553444625000001,-3.037882750000012,6.29696358333333,15.366398,24.061119333333316,32.272959249999985,39.9023255,46.90004033333332,53.21809308333332,58.81086575,63.635553999999985,67.65245149999998,70.82462625,73.11976733333333,74.51921183333333,75.0
28,2025-10-31 01:54:57,proposed,75.0,74.385002,72.547504,69.544506,65.449508,60.36151,54.390012,47.659514,40.306516,32.479518,24.32852,15.999022,7.632024,-0.622476,-8.791478,-16.78048,-24.508482,-31.909484,-38.899486,-45.409488,-51.36949,-56.719492,-61.399494,-65.359496,-68.559498,-70.9695,-72.568502,-73.348504,-73.308506,-72.457508,-70.81851,-68.407512,-65.257514,-61.407516,-56.898518,-51.77752,-46.096522,-39.916524,-33.295526,-26.295528,-18.98553,-11.436532,-3.726534,4.024466,11.674468,19.11447,26.224472,32.914474,39.074476,44.614478
29,2025-10-31 01:55:37,executed,75.0,74.385002,72.547504,69.544506,65.449508,60.36151,54.390012,47.659514,40.306516,32.479518,24.32852,15.999022,7.632024,-0.622476,-8.791478,-16.78048,-24.508482,-31.909484,-38.899486,-45.409488,-51.36949,-56.719492,-61.399494,-65.359496,-68.559498,-70.9695,-72.568502,-73.348504,-73.308506,-72.457508,-70.81851,-68.407512,-65.257514,-61.407516,-56.898518,-51.77752,-46.096522,-39.916524,-33.295526,-26.295528,-18.98553,-11.436532,-3.726534,4.024466,11.674468,19.11447,26.224472,32.914474,39.074476,44.614478
29,2025-10-31 01:57:02,proposed,85.0,84.3005,82.2926,78.9959,74.5099,68.9726,62.5323,55.352,47.6009,39.4503,31.0709,22.6309,14.3006,6.2407,-1.4904,-8.8893,-15.8677,-22.3592,-28.3004,-33.6316,-38.3004,-42.2606,-45.4705,-47.9048,-84.9915,-84.9915,-47.9048,-45.4705,-42.2606,-38.3004,-33.6316,-28.3004,-22.3592,-15.8677,-8.8893,-1.4904,6.2407,14.3006,22.6309,31.0709,39.4503,47.6009,55.352,62.5323,68.9726,74.5099,78.9959,82.2926,84.3005,85.0
30,2025-10-31 01:57:42,executed,85.0,84.3005,82.2926,78.9959,74.5099,68.9726,62.5323,55.352,47.6009,39.4503,31.0709,22.6309,14.3006,6.2407,-1.4904,-8.8893,-15.8677,-22.3592,-28.3004,-33.6316,-38.3004,-42.2606,-45.4705,-47.9048,-84.9915,-84.9915,-47.9048,-45.4705,-42.2606,-38.3004,-33.6316,-28.3004,-22.3592,-15.8677,-8.8893,-1.4904,6.2407,14.3006,22.6309,31.0709,39.4503,47.6009,55.352,62.5323,68.9726,74.5099,78.9959,82.2926,84.3005,85.0
30,2025-10-31 01:58:23,proposed,90.0,89.262,87.057,83.471,78.583,72.49,65.305,57.151,48.158,38.468,28.226,17.58,6.683,-4.204,-14.908,-25.228,-35.008,-44.11,-52.417,-59.829,-66.257,-71.62,-75.84,-78.85,-80.602,-81.069,-80.237,-78.11,-74.708,-70.06,-64.296,-57.55,-49.969,-41.699,-32.895,-23.719,-14.33,-4.887,4.49,13.683,22.593,31.129,39.204,46.738,53.657,59.897,65.399,70.11,74.001,77.058
31,2025-10-31 01:59:03,executed,90.0,89.262,87.057,83.471,78.583,72.49,65.305,57.151,48.158,38.468,28.226,17.58,6.683,-4.204,-14.908,-25.228,-35.008,-44.11,-52.417,-59.829,-66.257,-71.62,-75.84,-78.85,-80.602,-81.069,-80.237,-78.11,-74.708,-70.06,-64.296,-57.55,-49.969,-41.699,-32.895,-23.719,-14.33,-4.887,4.49,13.683,22.593,31.129,39.204,46.738,53.657,59.897,65.399,70.11,74.001,77.058
31,2025-10-31 01:59:38,proposed,80.0,79.3466,77.3999,74.2086,69.8463,64.3941,57.9409,50.5828,42.4239,33.5765,24.159,14.2958,4.1147,-6.216,-16.5029,-26.6004,-36.3653,-45.6669,-54.3879,-62.4169,-69.6588,-76.026,-80.0,-76.026,-69.6588,-62.4169,-54.3879,-45.6669,-36.3653,-26.6004,-16.5029,-6.216,4.1147,14.2958,24.159,33.5765,42.4239,50.5828,57.9409,64.3941,69.8463,74.2086,77.3999,79.3466,80.0,79.3466,77.3999,74.2086,69.8463,64.3941
32,2025-10-31 02:00:19,executed,80.0,79.3466,77.3999,74.2086,69.8463,64.3941,57.9409,50.5828,42.4239,33.5765,24.159,14.2958,4.1147,-6.216,-16.5029,-26.6004,-36.3653,-45.6669,-54.3879,-62.4169,-69.6588,-76.026,-80.0,-76.026,-69.6588,-62.4169,-54.3879,-45.6669,-36.3653,-26.6004,-16.5029,-6.216,4.1147,14.2958,24.159,33.5765,42.4239,50.5828,57.9409,64.3941,69.8463,74.2086,77.3999,79.3466,80.0,79.3466,77.3999,74.2086,69.8463,64.3941
32,2025-10-31 02:01:20,proposed,77.94228634059942,60.91444122179979,39.02704256338541,13.56832607739568,-14.02094252516645,-43.08055621644799,-70.0886701809059,-91.93853109312298,-106.1852934149206,-111.0253457597501,-105.4190299653894,-89.4310570653696,-63.79375101036065,-30.73033501170154,6.273030283030312,43.1539207038766,76.5401920038827,103.5658604929288,122.0954930325493,130.6860341773099,128.5997274042886,116.0354116035411,93.85310931229704,63.79375101036065,28.12781446738988,-8.76997037701144,-45.09355418105747,-78.89505593853109,-107.0396659718428,-127.0954930325493,-137.0253457597501,-135.4190299653894,-122.0954930325493,-98.5658604929288,-66.1852934149206,-26.273030283030312,16.93175409891898,60.91444122179979,99.49228634059943,129.080556216448,147.0886701809059,152.93853109312298,147.0886701809059,130.6860341773099,105.4190299653894,72.5401920038827,34.27303028303031,-6.273030283030312,-45.09355418105747,-81.05831633590005
33,2025-10-31 02:02:00,executed,77.94228634059942,60.91444122179979,39.02704256338541,13.56832607739568,-14.02094252516645,-43.08055621644799,-70.0886701809059,-91.93853109312298,-106.1852934149206,-111.0253457597501,-105.4190299653894,-89.4310570653696,-63.79375101036065,-30.73033501170154,6.273030283030312,43.1539207038766,76.5401920038827,103.5658604929288,122.0954930325493,130.6860341773099,128.5997274042886,116.0354116035411,93.85310931229704,63.79375101036065,28.12781446738988,-8.76997037701144,-45.09355418105747,-78.89505593853109,-107.0396659718428,-127.0954930325493,-137.0253457597501,-135.4190299653894,-122.0954930325493,-98.5658604929288,-66.1852934149206,-26.273030283030312,16.93175409891898,60.91444122179979,99.49228634059943,129.080556216448,147.0886701809059,152.93853109312298,147.0886701809059,130.6860341773099,105.4190299653894,72.5401920038827,34.27303028303031,-6.273030283030312,-45.09355418105747,-81.05831633590005
33,2025-10-31 02:02:44,proposed,75.0,74.3916,72.5719,69.5938,65.5195,60.4205,54.3809,47.4913,39.8519,31.5713,22.767,13.565,4.099,-5.405,-14.717,-23.729,-32.339,-40.45,-47.969,-54.819,-60.929,-66.237,-70.689,-74.24,-76.845,-78.47,-79.09,-78.69,-77.26,-74.805,-71.339,-66.88,-61.45,-55.08,-47.805,-39.669,-30.71,-21.0,-10.61,-0.0,10.61,21.0,30.71,39.669,47.805,55.08,61.45,66.88,71.339,74.805
34,2025-10-31 02:03:24,executed,75.0,74.3916,72.5719,69.5938,65.5195,60.4205,54.3809,47.4913,39.8519,31.5713,22.767,13.565,4.099,-5.405,-14.717,-23.729,-32.339,-40.45,-47.969,-54.819,-60.929,-66.237,-70.689,-74.24,-76.845,-78.47,-79.09,-78.69,-77.26,-74.805,-71.339,-66.88,-61.45,-55.08,-47.805,-39.669,-30.71,-21.0,-10.61,-0.0,10.61,21.0,30.71,39.669,47.805,55.08,61.45,66.88,71.339,74.805
34,2025-10-31 02:04:19,proposed,90.0,89.319,87.298,83.998,79.501,73.896,67.28,59.76,51.45,42.47,32.949,23.01,12.78,2.38,-8.11,-18.57,-28.85,-38.8,-48.3,-57.2,-65.39,-72.76,-79.2,-84.62,-88.94,-90.0,-88.94,-84.62,-79.2,-72.76,-65.39,-57.2,-48.3,-38.8,-28.85,-18.57,-8.11,2.38,12.78,23.01,32.949,42.47,51.45,59.76,67.28,73.896,79.501,83.998,87.298,89.319
35,2025-10-31 02:04:59,executed,90.0,89.319,87.298,83.998,79.501,73.896,67.28,59.76,51.45,42.47,32.949,23.01,12.78,2.38,-8.11,-18.57,-28.85,-38.8,-48.3,-57.2,-65.39,-72.76,-79.2,-84.62,-88.94,-90.0,-88.94,-84.62,-79.2,-72.76,-65.39,-57.2,-48.3,-38.8,-28.85,-18.57,-8.11,2.38,12.78,23.01,32.949,42.47,51.45,59.76,67.28,73.896,79.501,83.998,87.298,89.319
35,2025-10-31 02:05:55,proposed,105.0,100.724,88.432,69.043,43.766,13.918,-19.01,-52.001,-81.25,-102.665,-112.757,-109.248,-92.215,-63.265,-24.492,17.067,57.653,93.189,118.068,128.783,123.619,103.029,70.0,27.818,-17.067,-60.916,-98.358,-124.819,-136.636,-131.25,-109.248,-73.993,-28.708,19.01,65.176,104.773,132.062,144.156,140.0,120.068,86.068,41.637,-7.067,-56.096,-100.724,-135.074,-154.26,-155.67,-138.068,-102.665
36,2025-10-31 02:06:35,executed,105.0,100.724,88.432,69.043,43.766,13.918,-19.01,-52.001,-81.25,-102.665,-112.757,-109.248,-92.215,-63.265,-24.492,17.067,57.653,93.189,118.068,128.783,123.619,103.029,70.0,27.818,-17.067,-60.916,-98.358,-124.819,-136.636,-131.25,-109.248,-73.993,-28.708,19.01,65.176,104.773,132.062,144.156,140.0,120.068,86.068,41.637,-7.067,-56.096,-100.724,-135.074,-154.26,-155.67,-138.068,-102.665
36,2025-10-31 02:07:53,proposed,0.0,22.7716,44.1026,62.723,77.4984,87.4173,89.9999,85.595,74.3145,56.6083,33.1537,4.887,-24.3512,-52.709,-76.065,-92.003,-98.9999,-96.1901,-84.3145,-64.9945,-39.003,-7.3039,26.2232,58.088,83.088,98.9999,99.0,83.088,58.088,26.2232,-7.3039,-39.003,-64.9945,-84.3145,-96.1901,-98.9999,-92.003,-76.065,-52.709,-24.3512,4.887,33.1537,56.6083,74.3145,85.595,89.9999,87.4173,77.4984,62.723,44.1026
37,2025-10-31 02:08:33,executed,0.0,22.7716,44.1026,62.723,77.4984,87.4173,89.9999,85.595,74.3145,56.6083,33.1537,4.887,-24.3512,-52.709,-76.065,-92.003,-98.9999,-96.1901,-84.3145,-64.9945,-39.003,-7.3039,26.2232,58.088,83.088,98.9999,99.0,83.088,58.088,26.2232,-7.3039,-39.003,-64.9945,-84.3145,-96.1901,-98.9999,-92.003,-76.065,-52.709,-24.3512,4.887,33.1537,56.6083,74.3145,85.595,89.9999,87.4173,77.4984,62.723,44.1026
37,2025-10-31 02:09:39,proposed,92.0165863116035,87.0501869852233,80.11991979469173,71.37851608976236,60.99307767097956,49.14154807460987,36.01254707629535,21.80287342686888,6.72911943006429,-8.96690462615437,-25.04010834160216,-40.94190861110046,-56.09638367468133,-69.9702220949177,-82.0718507421294,-91.95475283944683,-99.2274830383141,-103.6705786439097,-105.1328906911571,-103.5262740924976,-98.8407887309536,-91.1340118805908,-80.5186214300305,-67.1627043813133,-51.29969634994279,-33.19326122695543,-13.14920401878427,8.49915,30.7109763116035,51.29969634994279,69.84630000000001,85.96020000000001,99.49230000000001,110.20790000000001,117.936,122.56020000000001,124.0165863116035,122.2869869852233,117.41991979469174,109.58851608976236,98.99307767097956,85.84154807460988,70.31254707629535,52.60287342686888,33.02911943006429,11.83309537384563,-11.04010834160216,-34.94190861110046,-58.09638367468133,-79.9702220949177
38,2025-10-31 02:10:19,executed,92.0165863116035,87.0501869852233,80.11991979469173,71.37851608976236,60.99307767097956,49.14154807460987,36.01254707629535,21.80287342686888,6.72911943006429,-8.96690462615437,-25.04010834160216,-40.94190861110046,-56.09638367468133,-69.9702220949177,-82.0718507421294,-91.95475283944683,-99.2274830383141,-103.6705786439097,-105.1328906911571,-103.5262740924976,-98.8407887309536,-91.1340118805908,-80.5186214300305,-67.1627043813133,-51.29969634994279,-33.19326122695543,-13.14920401878427,8.49915,30.7109763116035,51.29969634994279,69.84630000000001,85.96020000000001,99.49230000000001,110.20790000000001,117.936,122.56020000000001,124.0165863116035,122.2869869852233,117.41991979469174,109.58851608976236,98.99307767097956,85.84154807460988,70.31254707629535,52.60287342686888,33.02911943006429,11.83309537384563,-11.04010834160216,-34.94190861110046,-58.09638367468133,-79.9702220949177
38,2025-10-31 02:11:02,proposed,95.0,93.8038,90.2113,84.3005,76.1901,66.0279,54.0093,40.3809,25.4293,9.4619,-6.6028,-23.0104,-39.003,-53.858,-66.864,-77.4984,-85.3197,-90.0,-91.392,-89.4315,-84.288,-76.202,-65.3708,-52.1708,-37.013,-20.3904,-2.899,14.495,31.0709,46.509,60.4803,72.684,82.846,90.7298,96.126,98.9999,99.309,97.165,92.698,86.05,77.409,66.974,55.003,41.789,27.64,12.866,-2.271,-17.294,-31.756,-45.34
39,2025-10-31 02:11:42,executed,95.0,93.8038,90.2113,84.3005,76.1901,66.0279,54.0093,40.3809,25.4293,9.4619,-6.6028,-23.0104,-39.003,-53.858,-66.864,-77.4984,-85.3197,-90.0,-91.392,-89.4315,-84.288,-76.202,-65.3708,-52.1708,-37.013,-20.3904,-2.899,14.495,31.0709,46.509,60.4803,72.684,82.846,90.7298,96.126,98.9999,99.309,97.165,92.698,86.05,77.409,66.974,55.003,41.789,27.64,12.866,-2.271,-17.294,-31.756,-45.34
39,2025-10-31 02:12:37,proposed,-90.0,-89.2801,-87.1682,-83.7439,-79.1118,-73.3908,-66.709,-59.1985,-50.994,-42.232,-33.0506,-23.5878,-13.9842,-4.3806,5.1629,14.5995,23.8023,32.6517,41.033,48.8395,56.0006,62.4382,68.0898,72.8993,76.8184,79.807,81.8395,82.895,82.9604,82.0309,80.1104,77.2125,73.3601,68.5839,62.9197,56.4098,49.0926,41.0118,32.2173,22.763,12.7165,2.152,-8.848,-20.248,-31.9098,-43.6908,-55.4506,-67.0401,-78.3197,-90.0
40,2025-10-31 02:13:17,executed,-90.0,-89.2801,-87.1682,-83.7439,-79.1118,-73.3908,-66.709,-59.1985,-50.994,-42.232,-33.0506,-23.5878,-13.9842,-4.3806,5.1629,14.5995,23.8023,32.6517,41.033,48.8395,56.0006,62.4382,68.0898,72.8993,76.8184,79.807,81.8395,82.895,82.9604,82.0309,80.1104,77.2125,73.3601,68.5839,62.9197,56.4098,49.0926,41.0118,32.2173,22.763,12.7165,2.152,-8.848,-20.248,-31.9098,-43.6908,-55.4506,-67.0401,-78.3197,-90.0
40,2025-10-31 02:14:03,proposed,10.0,20.1632,30.0893,39.5298,48.3093,56.2699,63.2709,69.1901,73.9248,77.3898,79.5192,80.2676,79.6006,77.5132,74.0101,69.117,62.8779,55.3609,46.6599,36.8837,26.1593,14.6225,2.417,-9.9999,-22.3061,-34.2069,-45.4093,-55.6375,-64.6288,-72.1408,-77.9698,-81.9401,-83.9006,-83.7248,-81.3192,-76.6375,-69.7069,-60.5999,-49.4375,-36.3712,-21.5712,-5.2288,12.6375,31.6288,51.0375,70.0,87.617,90.0,87.617,70.0
41,2025-10-31 02:14:43,executed,10.0,20.1632,30.0893,39.5298,48.3093,56.2699,63.2709,69.1901,73.9248,77.3898,79.5192,80.2676,79.6006,77.5132,74.0101,69.117,62.8779,55.3609,46.6599,36.8837,26.1593,14.6225,2.417,-9.9999,-22.3061,-34.2069,-45.4093,-55.6375,-64.6288,-72.1408,-77.9698,-81.9401,-83.9006,-83.7248,-81.3192,-76.6375,-69.7069,-60.5999,-49.4375,-36.3712,-21.5712,-5.2288,12.6375,31.6288,51.0375,70.0,87.617,90.0,87.617,70.0
41,2025-10-31 02:15:32,proposed,0.0,9.936693,19.509056,28.401103,36.311397,42.966904,48.128896,51.606109,53.267885,53.030635,50.855905,46.745674,40.736968,32.909995,23.385006,12.31688,0.0,-12.31688,-23.385006,-32.909995,-40.736968,-46.745674,-50.855905,-53.030635,-53.267885,-51.606109,-48.128896,-42.966904,-36.311397,-28.401103,-19.509056,-9.936693,-0.0,9.936693,19.509056,28.401103,36.311397,42.966904,48.128896,51.606109,53.267885,53.030635,50.855905,46.745674,40.736968,32.909995,23.385006,12.31688,0.0,-12.31688
42,2025-10-31 02:16:12,executed,0.0,9.936693,19.509056,28.401103,36.311397,42.966904,48.128896,51.606109,53.267885,53.030635,50.855905,46.745674,40.736968,32.909995,23.385006,12.31688,0.0,-12.31688,-23.385006,-32.909995,-40.736968,-46.745674,-50.855905,-53.030635,-53.267885,-51.606109,-48.128896,-42.966904,-36.311397,-28.401103,-19.509056,-9.936693,-0.0,9.936693,19.509056,28.401103,36.311397,42.966904,48.128896,51.606109,53.267885,53.030635,50.855905,46.745674,40.736968,32.909995,23.385006,12.31688,0.0,-12.31688
42,2025-10-31 02:16:49,proposed,85.0,84.829054,84.309017,83.447003,82.253018,80.738029,78.913028,76.791026,74.385028,71.709029,68.777018,65.604003,62.204017,58.593054,54.787029,50.803018,46.658003,42.369026,37.954028,33.431029,28.819018,24.137003,19.399026,14.624028,9.831029,5.038018,0.264003,-4.488026,-9.208028,-13.889029,-18.525018,-23.111003,-27.641026,-32.110028,-36.513029,-40.844018,-45.099003,-49.272026,-53.359028,-57.354029,-61.253018,-65.051003,-68.744026,-72.327028,-75.796029,-79.146018,-82.373003,-85.472026,-88.439028,-91.270029
43,2025-10-31 02:17:29,executed,85.0,84.829054,84.309017,83.447003,82.253018,80.738029,78.913028,76.791026,74.385028,71.709029,68.777018,65.604003,62.204017,58.593054,54.787029,50.803018,46.658003,42.369026,37.954028,33.431029,28.819018,24.137003,19.399026,14.624028,9.831029,5.038018,0.264003,-4.488026,-9.208028,-13.889029,-18.525018,-23.111003,-27.641026,-32.110028,-36.513029,-40.844018,-45.099003,-49.272026,-53.359028,-57.354029,-61.253018,-65.051003,-68.744026,-72.327028,-75.796029,-79.146018,-82.373003,-85.472026,-88.439028,-91.270029
43,2025-10-31 02:18:16,proposed,0.0,10.224036,20.248083,29.872088,38.900032,47.149301,54.444654,60.628886,65.558778,69.11707,71.210516,70.970119,69.992036,67.296402,62.92388,56.945826,49.450302,40.540608,30.33475,19.006956,6.772528,-6.772528,-19.006956,-30.33475,-40.540608,-49.450302,-56.945826,-62.92388,-67.296402,-69.992036,-70.970119,-71.210516,-69.11707,-65.558778,-60.628886,-54.444654,-47.149301,-38.900032,-29.872088,-20.248083,-10.224036,-0.0,10.224036,20.248083,29.872088,38.900032,47.149301,54.444654,60.628886,65.558778
44,2025-10-31 02:18:56,executed,0.0,10.224036,20.248083,29.872088,38.900032,47.149301,54.444654,60.628886,65.558778,69.11707,71.210516,70.970119,69.992036,67.296402,62.92388,56.945826,49.450302,40.540608,30.33475,19.006956,6.772528,-6.772528,-19.006956,-30.33475,-40.540608,-49.450302,-56.945826,-62.92388,-67.296402,-69.992036,-70.970119,-71.210516,-69.11707,-65.558778,-60.628886,-54.444654,-47.149301,-38.900032,-29.872088,-20.248083,-10.224036,-0.0,10.224036,20.248083,29.872088,38.900032,47.149301,54.444654,60.628886,65.558778
44,2025-10-31 02:25:15,proposed,90.0,88.98,85.96,81.0,74.2,65.66,55.46,43.7,30.5,16.0,0.3,-15.0,-29.0,-41.5,-52.0,-60.0,-65.0,-67.0,-66.0,-62.0,-55.0,-45.0,-32.0,-16.0,0.0,16.0,32.0,45.0,55.0,62.0,66.0,67.0,65.0,60.0,52.0,41.5,29.0,15.0,-0.3,-16.0,-30.5,-43.7,-55.46,-65.66,-74.2,-81.0,-85.96,-88.98,-90.0,-89.0
45,2025-10-31 02:25:55,executed,90.0,88.98,85.96,81.0,74.2,65.66,55.46,43.7,30.5,16.0,0.3,-15.0,-29.0,-41.5,-52.0,-60.0,-65.0,-67.0,-66.0,-62.0,-55.0,-45.0,-32.0,-16.0,0.0,16.0,32.0,45.0,55.0,62.0,66.0,67.0,65.0,60.0,52.0,41.5,29.0,15.0,-0.3,-16.0,-30.5,-43.7,-55.46,-65.66,-74.2,-81.0,-85.96,-88.98,-90.0,-89.0
45,2025-10-31 02:26:54,proposed,0.0,10.846,21.465,31.657,41.229,50.001,57.809,64.51,69.979,74.11,76.81,78.006,77.64,75.679,72.11,66.945,60.22,52.001,42.37,31.43,19.303,6.12,-7.99,-22.79,-37.06,-50.001,-61.43,-71.22,-79.24,-85.34,-89.4,-91.34,-91.13,-88.77,-84.3,-77.79,-69.37,-59.2,-47.45,-34.33,-20.04,-4.89,11.22,27.99,44.99,61.79,77.99,93.19,107.0,119.0
46,2025-10-31 02:27:34,executed,0.0,10.846,21.465,31.657,41.229,50.001,57.809,64.51,69.979,74.11,76.81,78.006,77.64,75.679,72.11,66.945,60.22,52.001,42.37,31.43,19.303,6.12,-7.99,-22.79,-37.06,-50.001,-61.43,-71.22,-79.24,-85.34,-89.4,-91.34,-91.13,-88.77,-84.3,-77.79,-69.37,-59.2,-47.45,-34.33,-20.04,-4.89,11.22,27.99,44.99,61.79,77.99,93.19,107.0,119.0
46,2025-10-31 02:28:26,proposed,0.0,9.3549,18.271,26.4913,33.7716,39.9009,44.7086,48.0569,49.8469,49.919,48.2536,44.897,39.9472,33.5461,25.8779,17.156,7.616,-2.571,-12.999,-23.309,-33.209,-42.418,-49.9502,-48.2536,-44.897,-39.9472,-33.5461,-25.8779,-17.156,-7.616,2.571,12.999,23.309,33.209,42.418,49.9502,48.2536,44.897,39.9472,33.5461,25.8779,17.156,7.616,-2.571,-12.999,-23.309,-33.209,-42.418,-49.9502,-48.2536
47,2025-10-31 02:29:06,executed,0.0,9.3549,18.271,26.4913,33.7716,39.9009,44.7086,48.0569,49.8469,49.919,48.2536,44.897,39.9472,33.5461,25.8779,17.156,7.616,-2.571,-12.999,-23.309,-33.209,-42.418,-49.9502,-48.2536,-44.897,-39.9472,-33.5461,-25.8779,-17.156,-7.616,2.571,12.999,23.309,33.209,42.418,49.9502,48.2536,44.897,39.9472,33.5461,25.8779,17.156,7.616,-2.571,-12.999,-23.309,-33.209,-42.418,-49.9502,-48.2536
47,2025-10-31 02:30:07,proposed,-10.0,0.8878,11.7051,22.316,31.5979,39.4589,45.8459,50.725,54.088,55.9468,56.3262,55.2691,52.8402,49.1396,44.2882,38.4147,31.654,24.1565,16.074,7.5699,-0.9008,-9.2078,-17.2062,-24.7077,-31.5375,-37.5375,-42.5692,-46.5108,-49.2691,-50.7788,-50.9992,-49.919,-47.5458,-43.9169,-39.0901,-33.1432,-26.1627,-18.255,-9.5376,-0.1348,9.8008,19.8008,29.6008,38.9375,47.555,55.2078,61.6627,66.719,70.2008,72.0008
48,2025-10-31 02:30:47,executed,-10.0,0.8878,11.7051,22.316,31.5979,39.4589,45.8459,50.725,54.088,55.9468,56.3262,55.2691,52.8402,49.1396,44.2882,38.4147,31.654,24.1565,16.074,7.5699,-0.9008,-9.2078,-17.2062,-24.7077,-31.5375,-37.5375,-42.5692,-46.5108,-49.2691,-50.7788,-50.9992,-49.919,-47.5458,-43.9169,-39.0901,-33.1432,-26.1627,-18.255,-9.5376,-0.1348,9.8008,19.8008,29.6008,38.9375,47.555,55.2078,61.6627,66.719,70.2008,72.0008
48,2025-10-31 02:31:36,proposed,100.0,99.17048100601956,96.6992381283287,92.6514800344585,87.1007011933931,80.1408070966952,71.8842603417066,62.45093354456636,51.97607771780517,40.60833919934393,28.49987893699039,15.80480393278546,2.6794896000000006,-10.45093354456636,-23.38500244840849,-35.8408070966952,-47.54093354456636,-58.32870119339311,-68.05833919934393,-76.6007011933931,-83.8462603417066,-89.7048100601955,-94.1007011933931,-96.9850024484085,-99.17048100601956,-100.0,-99.17048100601956,-96.6992381283287,-92.6514800344585,-87.1007011933931,-80.1408070966952,-71.8842603417066,-62.45093354456636,-51.97607771780517,-40.60833919934393,-28.49987893699039,-15.80480393278546,-2.6794896000000006,10.45093354456636,23.38500244840849,35.8408070966952,47.54093354456636,58.32870119339311,68.05833919934393,76.6007011933931,83.8462603417066,89.7048100601955,94.1007011933931,96.9850024484085,99.17048100601956
49,2025-10-31 02:32:16,executed,100.0,99.17048100601956,96.6992381283287,92.6514800344585,87.1007011933931,80.1408070966952,71.8842603417066,62.45093354456636,51.97607771780517,40.60833919934393,28.49987893699039,15.80480393278546,2.6794896000000006,-10.45093354456636,-23.38500244840849,-35.8408070966952,-47.54093354456636,-58.32870119339311,-68.05833919934393,-76.6007011933931,-83.8462603417066,-89.7048100601955,-94.1007011933931,-96.9850024484085,-99.17048100601956,-100.0,-99.17048100601956,-96.6992381283287,-92.6514800344585,-87.1007011933931,-80.1408070966952,-71.8842603417066,-62.45093354456636,-51.97607771780517,-40.60833919934393,-28.49987893699039,-15.80480393278546,-2.6794896000000006,10.45093354456636,23.38500244840849,35.8408070966952,47.54093354456636,58.32870119339311,68.05833919934393,76.6007011933931,83.8462603417066,89.7048100601955,94.1007011933931,96.9850024484085,99.17048100601956
49,2025-10-31 02:33:23,proposed,150.0,147.0784370006782,140.4079493132629,129.7423019853903,115.0069695431604,96.09506684784704,73.1362776369018,46.40266014529342,16.29740523091054,-16.48624268019313,-51.37896472655099,-87.1691902094892,-122.2573267568109,-154.6791993466185,-182.2599797302482,-203.2045958611956,-216.0392097034177,-220.0899882298715,-215.3524810757916,-202.4834771805973,-182.4418698114425,-156.4172439814467,-125.6881268673756,-91.6872935245869,-55.93922923592815,-19.999999999999996,15.89092892348577,50.92388047029193,83.9996715694372,114.1565259966144,140.4079493132629,161.8016409600989,177.5701874921473,186.99999999999997,189.4791011867169,184.6068694060879,172.2573267568109,152.6791993466185,126.29740523091054,93.70266014529342,55.40266014529342,12.48624268019313,-34.37896472655099,-80.1691902094892,-124.2573267568109,-164.6791993466185,-199.2599797302482,-226.2045958611956,-244.0392097034177,-252.0899882298715
50,2025-10-31 02:34:03,executed,150.0,147.0784370006782,140.4079493132629,129.7423019853903,115.0069695431604,96.09506684784704,73.1362776369018,46.40266014529342,16.29740523091054,-16.48624268019313,-51.37896472655099,-87.1691902094892,-122.2573267568109,-154.6791993466185,-182.2599797302482,-203.2045958611956,-216.0392097034177,-220.0899882298715,-215.3524810757916,-202.4834771805973,-182.4418698114425,-156.4172439814467,-125.6881268673756,-91.6872935245869,-55.93922923592815,-19.999999999999996,15.89092892348577,50.92388047029193,83.9996715694372,114.1565259966144,140.4079493132629,161.8016409600989,177.5701874921473,186.99999999999997,189.4791011867169,184.6068694060879,172.2573267568109,152.6791993466185,126.29740523091054,93.70266014529342,55.40266014529342,12.48624268019313,-34.37896472655099,-80.1691902094892,-124.2573267568109,-164.6791993466185,-199.2599797302482,-226.2045958611956,-244.0392097034177,-252.0899882298715
50,2025-10-31 02:35:23,proposed,80.0,79.399,77.615,74.694,70.69,65.67,59.71,52.902,45.35,37.169,28.487,19.439,10.16,0.785,-8.56,-17.65,-26.37,-34.6,-42.23,-49.15,-55.26,-60.47,-64.69,-67.84,-69.86,-70.7,-70.34,-68.76,-65.97,-61.99,-56.88,-50.7,-43.52,-35.43,-26.52,-16.9,-6.68,3.92,14.78,25.75,36.68,47.4,57.75,67.57,76.7,85.0,92.3,98.4,103.2,106.6
51,2025-10-31 02:36:03,executed,80.0,79.399,77.615,74.694,70.69,65.67,59.71,52.902,45.35,37.169,28.487,19.439,10.16,0.785,-8.56,-17.65,-26.37,-34.6,-42.23,-49.15,-55.26,-60.47,-64.69,-67.84,-69.86,-70.7,-70.34,-68.76,-65.97,-61.99,-56.88,-50.7,-43.52,-35.43,-26.52,-16.9,-6.68,3.92,14.78,25.75,36.68,47.4,57.75,67.57,76.7,85.0,92.3,98.4,103.2,106.6
51,2025-10-31 02:37:10,proposed,80.0,79.3466,77.3999,74.2086,69.8463,64.3941,57.9409,50.5828,42.4239,33.5765,24.159,14.2958,4.1147,-6.216,-16.5029,-26.6004,-36.3653,-45.6669,-54.3879,-62.4169,-69.6588,-76.026,-80.0,-76.026,-69.6588,-62.4169,-54.3879,-45.6669,-36.3653,-26.6004,-16.5029,-6.216,4.1147,14.2958,24.159,33.5765,42.4239,50.5828,57.9409,64.3941,69.8463,74.2086,77.3999,79.3466,80.0,79.3466,77.3999,74.2086,69.8463,64.3941
52,2025-10-31 02:37:50,executed,80.0,79.3466,77.3999,74.2086,69.8463,64.3941,57.9409,50.5828,42.4239,33.5765,24.159,14.2958,4.1147,-6.216,-16.5029,-26.6004,-36.3653,-45.6669,-54.3879,-62.4169,-69.6588,-76.026,-80.0,-76.026,-69.6588,-62.4169,-54.3879,-45.6669,-36.3653,-26.6004,-16.5029,-6.216,4.1147,14.2958,24.159,33.5765,42.4239,50.5828,57.9409,64.3941,69.8463,74.2086,77.3999,79.3466,80.0,79.3466,77.3999,74.2086,69.8463,64.3941
52,2025-10-31 02:38:47,proposed,0.0,15.36017260533319,29.99849202686007,43.03058475267608,53.86435017666459,62.02905156644485,67.19945199505953,69.1396883267597,67.7999849202686,63.29541505708892,55.88856950275997,45.88856950275997,33.6999849202686,19.79541505708892,4.68856950275997,-10.86017260533319,-26.00150797313993,-39.96941524732392,-51.93564982333541,-61.22905156644485,-67.19945199505953,-69.1396883267597,-67.7999849202686,-63.29541505708892,-55.88856950275997,-45.88856950275997,-33.6999849202686,-19.79541505708892,-4.68856950275997,10.86017260533319,26.00150797313993,39.96941524732392,51.93564982333541,61.22905156644485,67.19945199505953,69.1396883267597,67.7999849202686,63.29541505708892,55.88856950275997,45.88856950275997,33.6999849202686,19.79541505708892,4.68856950275997,-10.86017260533319,-26.00150797313993,-39.96941524732392,-51.93564982333541,-61.22905156644485,-67.19945199505953,-69.1396883267597
53,2025-10-31 02:39:27,executed,0.0,15.36017260533319,29.99849202686007,43.03058475267608,53.86435017666459,62.02905156644485,67.19945199505953,69.1396883267597,67.7999849202686,63.29541505708892,55.88856950275997,45.88856950275997,33.6999849202686,19.79541505708892,4.68856950275997,-10.86017260533319,-26.00150797313993,-39.96941524732392,-51.93564982333541,-61.22905156644485,-67.19945199505953,-69.1396883267597,-67.7999849202686,-63.29541505708892,-55.88856950275997,-45.88856950275997,-33.6999849202686,-19.79541505708892,-4.68856950275997,10.86017260533319,26.00150797313993,39.96941524732392,51.93564982333541,61.22905156644485,67.19945199505953,69.1396883267597,67.7999849202686,63.29541505708892,55.88856950275997,45.88856950275997,33.6999849202686,19.79541505708892,4.68856950275997,-10.86017260533319,-26.00150797313993,-39.96941524732392,-51.93564982333541,-61.22905156644485,-67.19945199505953,-69.1396883267597
53,2025-10-31 02:40:12,proposed,80.0,79.3705,77.4947,74.4207,70.2113,64.9458,58.7196,51.6348,43.7995,35.3377,26.3789,17.057,7.5736,-1.9056,-11.4,-20.7389,-29.8004,-38.4898,-46.7126,-54.3893,-61.4439,-67.8073,-73.4207,-78.2293,-79.9999,-78.2293,-73.4207,-67.8073,-61.4439,-54.3893,-46.7126,-38.4898,-29.8004,-20.7389,-11.4,-1.9056,7.5736,17.057,26.3789,35.3377,43.7995,51.6348,58.7196,64.9458,70.2113,74.4207,77.4947,79.3705,80.0,79.3705
54,2025-10-31 02:40:52,executed,80.0,79.3705,77.4947,74.4207,70.2113,64.9458,58.7196,51.6348,43.7995,35.3377,26.3789,17.057,7.5736,-1.9056,-11.4,-20.7389,-29.8004,-38.4898,-46.7126,-54.3893,-61.4439,-67.8073,-73.4207,-78.2293,-79.9999,-78.2293,-73.4207,-67.8073,-61.4439,-54.3893,-46.7126,-38.4898,-29.8004,-20.7389,-11.4,-1.9056,7.5736,17.057,26.3789,35.3377,43.7995,51.6348,58.7196,64.9458,70.2113,74.4207,77.4947,79.3705,80.0,79.3705
54,2025-10-31 02:41:56,proposed,105.0,104.5878,103.3596,101.328,98.5198,94.9696,90.7198,85.8166,80.3188,74.2806,67.7602,60.8196,53.5222,45.9328,38.1172,30.1416,22.0716,13.9722,5.9082,-2.0918,-10.0278,-17.8816,-25.6284,-33.2404,-40.6902,-47.9502,-54.9936,-61.7942,-68.3278,-74.5702,-80.498,-86.0904,-91.3278,-96.1922,-100.6674,-104.738,-108.39,-111.61,-114.3854,-116.7052,-118.56,-119.9416,-120.842,-121.2538,-121.1702,-120.5854,-119.494,-117.8916,-115.7742,-113.1402
55,2025-10-31 02:42:36,executed,105.0,104.5878,103.3596,101.328,98.5198,94.9696,90.7198,85.8166,80.3188,74.2806,67.7602,60.8196,53.5222,45.9328,38.1172,30.1416,22.0716,13.9722,5.9082,-2.0918,-10.0278,-17.8816,-25.6284,-33.2404,-40.6902,-47.9502,-54.9936,-61.7942,-68.3278,-74.5702,-80.498,-86.0904,-91.3278,-96.1922,-100.6674,-104.738,-108.39,-111.61,-114.3854,-116.7052,-118.56,-119.9416,-120.842,-121.2538,-121.1702,-120.5854,-119.494,-117.8916,-115.7742,-113.1402
55,2025-10-31 02:43:50,proposed,0.0,8.9702,17.671,26.0002,33.8688,41.1956,47.8998,53.909,59.1698,63.632,67.2562,70.0,69.419,67.6816,64.8436,60.9808,56.1822,50.5478,44.1876,37.2198,29.769,21.9678,13.9556,5.8778,-2.131,-10.0076,-17.671,-25.0216,-32.0002,-38.5376,-44.5684,-50.0298,-54.8632,-59.0142,-62.432,-65.0706,-66.8906,-67.9576,-67.1698,-65.4928,-62.9304,-59.494,-55.2024,-50.0898,-44.1956,-37.5646,-30.2562,-22.333,-13.8688,-4.9472
56,2025-10-31 02:44:30,executed,0.0,8.9702,17.671,26.0002,33.8688,41.1956,47.8998,53.909,59.1698,63.632,67.2562,70.0,69.419,67.6816,64.8436,60.9808,56.1822,50.5478,44.1876,37.2198,29.769,21.9678,13.9556,5.8778,-2.131,-10.0076,-17.671,-25.0216,-32.0002,-38.5376,-44.5684,-50.0298,-54.8632,-59.0142,-62.432,-65.0706,-66.8906,-67.9576,-67.1698,-65.4928,-62.9304,-59.494,-55.2024,-50.0898,-44.1956,-37.5646,-30.2562,-22.333,-13.8688,-4.9472
56,2025-10-31 02:45:34,proposed,49.497475,54.912666,59.508546,63.209689,66.009403,67.906951,68.90989,69.032813,68.291771,66.713593,64.326556,61.160105,57.24584,52.617467,47.310563,41.362096,34.810563,27.706173,20.100986,12.048756,3.604696,-5.110563,-14.100986,-23.284566,-32.569403,-41.864101,-51.078028,-60.121546,-68.90989,-77.361596,-85.400986,-92.957593,-100.0,-106.475244,-112.30397,-117.41989,-121.76989,-125.308546,-128.009403,-129.857593,-130.857593,-130.999999,-130.291771,-128.763593,-126.446556,-123.370105,-119.56584,-115.065467,-109.900563,-104.102096
57,2025-10-31 02:46:14,executed,49.497475,54.912666,59.508546,63.209689,66.009403,67.906951,68.90989,69.032813,68.291771,66.713593,64.326556,61.160105,57.24584,52.617467,47.310563,41.362096,34.810563,27.706173,20.100986,12.048756,3.604696,-5.110563,-14.100986,-23.284566,-32.569403,-41.864101,-51.078028,-60.121546,-68.90989,-77.361596,-85.400986,-92.957593,-100.0,-106.475244,-112.30397,-117.41989,-121.76989,-125.308546,-128.009403,-129.857593,-130.857593,-130.999999,-130.291771,-128.763593,-126.446556,-123.370105,-119.56584,-115.065467,-109.900563,-104.102096
57,2025-10-31 02:47:11,proposed,90.0,89.262,87.057,83.471,78.583,72.49,65.305,57.151,48.158,38.468,28.226,17.58,6.683,-4.204,-14.908,-25.228,-35.008,-44.11,-52.417,-59.829,-66.257,-71.62,-75.84,-78.85,-80.602,-81.069,-80.237,-78.11,-74.708,-70.06,-64.296,-57.55,-49.969,-41.699,-32.895,-23.719,-14.33,-4.887,4.49,13.683,22.593,31.129,39.204,46.738,53.657,59.897,65.399,70.11,74.001,77.058
58,2025-10-31 02:47:51,executed,90.0,89.262,87.057,83.471,78.583,72.49,65.305,57.151,48.158,38.468,28.226,17.58,6.683,-4.204,-14.908,-25.228,-35.008,-44.11,-52.417,-59.829,-66.257,-71.62,-75.84,-78.85,-80.602,-81.069,-80.237,-78.11,-74.708,-70.06,-64.296,-57.55,-49.969,-41.699,-32.895,-23.719,-14.33,-4.887,4.49,13.683,22.593,31.129,39.204,46.738,53.657,59.897,65.399,70.11,74.001,77.058
58,2025-10-31 02:48:59,proposed,0.0,15.26607,29.54425,42.00067,52.09117,59.4005,63.6938,64.8966,63.1979,58.8913,52.3688,44.0768,34.4912,24.1165,13.4619,2.9348,-7.0396,-16.0967,-23.7719,-29.7431,-33.7847,-35.7592,-35.6322,-33.4907,-29.4526,-23.6669,-16.3151,-7.6083,1.9547,11.6669,21.0396,29.5442,36.7358,42.2464,45.7951,47.2435,46.5912,43.8966,39.2995,32.9975,25.2661,16.3986,6.7028,-3.4975,-13.6986,-23.2661,-31.7028,-38.5995,-43.6938,-46.8966
59,2025-10-31 02:49:39,executed,0.0,15.26607,29.54425,42.00067,52.09117,59.4005,63.6938,64.8966,63.1979,58.8913,52.3688,44.0768,34.4912,24.1165,13.4619,2.9348,-7.0396,-16.0967,-23.7719,-29.7431,-33.7847,-35.7592,-35.6322,-33.4907,-29.4526,-23.6669,-16.3151,-7.6083,1.9547,11.6669,21.0396,29.5442,36.7358,42.2464,45.7951,47.2435,46.5912,43.8966,39.2995,32.9975,25.2661,16.3986,6.7028,-3.4975,-13.6986,-23.2661,-31.7028,-38.5995,-43.6938,-46.8966
59,2025-10-31 02:51:15,proposed,-20.0,-8.761,1.812,12.557,22.07,30.465,37.502,42.969,46.702,48.59,48.59,46.702,42.969,37.502,30.465,22.07,12.557,1.812,-8.761,-20.0,-31.239,-42.188,-52.557,-62.07,-70.465,-77.502,-82.969,-86.702,-88.59,-88.59,-86.702,-82.969,-77.502,-70.465,-62.07,-52.557,-42.188,-31.239,-20.0,-8.761,1.812,12.557,22.07,30.465,37.502,42.969,46.702,48.59,48.59,46.702
60,2025-10-31 02:51:55,executed,-20.0,-8.761,1.812,12.557,22.07,30.465,37.502,42.969,46.702,48.59,48.59,46.702,42.969,37.502,30.465,22.07,12.557,1.812,-8.761,-20.0,-31.239,-42.188,-52.557,-62.07,-70.465,-77.502,-82.969,-86.702,-88.59,-88.59,-86.702,-82.969,-77.502,-70.465,-62.07,-52.557,-42.188,-31.239,-20.0,-8.761,1.812,12.557,22.07,30.465,37.502,42.969,46.702,48.59,48.59,46.702
60,2025-10-31 02:53:24,proposed,85.0,84.065,81.2952,76.795,70.6974,63.1756,54.428,44.672,34.136,23.056,11.6708,0.2202,-10.9712,-21.8028,-32.0672,-41.6034,-50.2792,-57.9868,-64.634,-70.1506,-74.477,-77.5674,-79.3804,-79.8944,-79.0984,-77.092,-73.9846,-69.8954,-64.9432,-59.2568,-52.964,-46.1926,-39.0702,-31.7248,-24.2832,-16.8728,-9.6198,-2.649,4.016,10.224,15.892,20.942,25.308,28.928,31.748,33.718,34.802,34.968,34.192,0.0
61,2025-10-31 02:54:04,executed,85.0,84.065,81.2952,76.795,70.6974,63.1756,54.428,44.672,34.136,23.056,11.6708,0.2202,-10.9712,-21.8028,-32.0672,-41.6034,-50.2792,-57.9868,-64.634,-70.1506,-74.477,-77.5674,-79.3804,-79.8944,-79.0984,-77.092,-73.9846,-69.8954,-64.9432,-59.2568,-52.964,-46.1926,-39.0702,-31.7248,-24.2832,-16.8728,-9.6198,-2.649,4.016,10.224,15.892,20.942,25.308,28.928,31.748,33.718,34.802,34.968,34.192,0.0
61,2025-10-31 02:55:05,proposed,0.0,13.01358399587427,25.47481146313177,37.03741873099955,47.38883626781297,56.25000000000001,63.37681530932026,68.5663730592982,71.6607360707765,72.5489094054668,71.1714406295507,67.5204489033215,61.6441716301633,53.64098939762103,43.66699197368555,31.92980662706596,18.68339598205094,4.225585090403561,-10.66699197368555,-25.47481146313177,-39.63738092404005,-52.5489094054668,-63.6938927901763,-72.5489094054668,-78.96699197368555,-82.8174786603091,-84.0799799468088,-82.8174786603091,-78.96699197368555,-72.5489094054668,-63.6938927901763,-52.5489094054668,-39.63738092404005,-25.47481146313177,-10.66699197368555,4.225585090403561,18.68339598205094,31.92980662706596,43.66699197368555,53.64098939762103,61.6441716301633,67.5204489033215,71.1714406295507,72.5489094054668,71.6607360707765,68.5663730592982,63.37681530932026,56.25000000000001,47.38883626781297,37.03741873099955
62,2025-10-31 02:55:45,executed,0.0,13.01358399587427,25.47481146313177,37.03741873099955,47.38883626781297,56.25000000000001,63.37681530932026,68.5663730592982,71.6607360707765,72.5489094054668,71.1714406295507,67.5204489033215,61.6441716301633,53.64098939762103,43.66699197368555,31.92980662706596,18.68339598205094,4.225585090403561,-10.66699197368555,-25.47481146313177,-39.63738092404005,-52.5489094054668,-63.6938927901763,-72.5489094054668,-78.96699197368555,-82.8174786603091,-84.0799799468088,-82.8174786603091,-78.96699197368555,-72.5489094054668,-63.6938927901763,-52.5489094054668,-39.63738092404005,-25.47481146313177,-10.66699197368555,4.225585090403561,18.68339598205094,31.92980662706596,43.66699197368555,53.64098939762103,61.6441716301633,67.5204489033215,71.1714406295507,72.5489094054668,71.6607360707765,68.5663730592982,63.37681530932026,56.25000000000001,47.38883626781297,37.03741873099955
62,2025-10-31 02:56:46,proposed,80.0,77.4804,70.2104,58.7785,43.9589,26.7176,8.1612,-10.846,-29.0888,-45.7466,-60.0,-71.0567,-78.3117,-81.3785,-80.0,-74.385,-64.7337,-51.4503,-35.008,-16.0,4.887,26.7176,48.158,67.28,80.0,77.4804,70.2104,58.7785,43.9589,26.7176,8.1612,-10.846,-29.0888,-45.7466,-60.0,-71.0567,-78.3117,-81.3785,-80.0,-74.385,-64.7337,-51.4503,-35.008,-16.0,4.887,26.7176,48.158,67.28,80.0,77.4804
63,2025-10-31 02:57:26,executed,80.0,77.4804,70.2104,58.7785,43.9589,26.7176,8.1612,-10.846,-29.0888,-45.7466,-60.0,-71.0567,-78.3117,-81.3785,-80.0,-74.385,-64.7337,-51.4503,-35.008,-16.0,4.887,26.7176,48.158,67.28,80.0,77.4804,70.2104,58.7785,43.9589,26.7176,8.1612,-10.846,-29.0888,-45.7466,-60.0,-71.0567,-78.3117,-81.3785,-80.0,-74.385,-64.7337,-51.4503,-35.008,-16.0,4.887,26.7176,48.158,67.28,80.0,77.4804
63,2025-10-31 02:58:11,proposed,90.0,88.37890671,83.63939209,76.04018255,65.88934661,53.54668748,39.40939598,23.89679261,7.4208006,-9.10900989,-25.02553755,-40.09880156,-53.92484557,-66.12648589,-76.3688439,-84.3688439,-89.90900989,-92.80900989,-93.00900989,-90.50900989,-85.40900989,-77.80900989,-67.80900989,-55.50900989,-41.00900989,-24.40900989,-5.90900989,14.49099011,35.89099011,57.09099011,77.09099011,95.09099011,110.09099011,121.09099011,127.09099011,128.09099011,124.09099011,115.09099011,101.09099011,82.09099011,58.09099011,29.09099011,-5.09099011,-44.09099011,-88.09099011,-137.09099011,-191.09099011,-250.09099011,-314.09099011,-383.09099011
64,2025-10-31 02:58:51,executed,90.0,88.37890671,83.63939209,76.04018255,65.88934661,53.54668748,39.40939598,23.89679261,7.4208006,-9.10900989,-25.02553755,-40.09880156,-53.92484557,-66.12648589,-76.3688439,-84.3688439,-89.90900989,-92.80900989,-93.00900989,-90.50900989,-85.40900989,-77.80900989,-67.80900989,-55.50900989,-41.00900989,-24.40900989,-5.90900989,14.49099011,35.89099011,57.09099011,77.09099011,95.09099011,110.09099011,121.09099011,127.09099011,128.09099011,124.09099011,115.09099011,101.09099011,82.09099011,58.09099011,29.09099011,-5.09099011,-44.09099011,-88.09099011,-137.09099011,-191.09099011,-250.09099011,-314.09099011,-383.09099011
64,2025-10-31 03:00:06,proposed,70.0,56.65725690953809,21.63600987050073,-21.63600987050071,-56.65725690953808,-70.0,-56.6572569095381,-21.63600987050075,21.63600987050069,56.65725690953806,70.0,56.65725690953809,21.63600987050073,-21.63600987050071,-56.65725690953808,-70.0,-56.6572569095381,-21.63600987050075,21.63600987050069,56.65725690953806,70.0,56.65725690953809,21.63600987050073,-21.63600987050071,-56.65725690953808,-70.0,-56.6572569095381,-21.63600987050075,21.63600987050069,56.65725690953806,70.0,56.65725690953809,21.63600987050073,-21.63600987050071,-56.65725690953808,-70.0,-56.6572569095381,-21.63600987050075,21.63600987050069,56.65725690953806,70.0,56.65725690953809,21.63600987050073,-21.63600987050071,-56.65725690953808,-70.0,-56.6572569095381,-21.63600987050075,21.63600987050069,56.65725690953806
65,2025-10-31 03:00:46,executed,70.0,56.65725690953809,21.63600987050073,-21.63600987050071,-56.65725690953808,-70.0,-56.6572569095381,-21.63600987050075,21.63600987050069,56.65725690953806,70.0,56.65725690953809,21.63600987050073,-21.63600987050071,-56.65725690953808,-70.0,-56.6572569095381,-21.63600987050075,21.63600987050069,56.65725690953806,70.0,56.65725690953809,21.63600987050073,-21.63600987050071,-56.65725690953808,-70.0,-56.6572569095381,-21.63600987050075,21.63600987050069,56.65725690953806,70.0,56.65725690953809,21.63600987050073,-21.63600987050071,-56.65725690953808,-70.0,-56.6572569095381,-21.63600987050075,21.63600987050069,56.65725690953806,70.0,56.65725690953809,21.63600987050073,-21.63600987050071,-56.65725690953808,-70.0,-56.6572569095381,-21.63600987050075,21.63600987050069,56.65725690953806
65,2025-10-31 03:01:40,proposed,0.0,37.503487,73.107289,97.492797,99.999999,89.100652,65.486073,31.877843,-7.071068,-49.999999,-84.852813,-99.999999,-93.969262,-69.465837,-29.0,15.643446,58.778525,90.1,99.999999,87.46197,54.064082,10.452846,-34.202014,-72.0,-95.105652,-99.999999,-84.852813,-50.0,-7.071068,31.877843,65.486073,89.100652,99.999999,97.492797,73.107289,37.503487,0.0,-37.503487,-73.107289,-97.492797,-99.999999,-89.100652,-65.486073,-31.877843,7.071068,49.999999,84.852813,99.999999,93.969262,69.465837
66,2025-10-31 03:02:20,executed,0.0,37.503487,73.107289,97.492797,99.999999,89.100652,65.486073,31.877843,-7.071068,-49.999999,-84.852813,-99.999999,-93.969262,-69.465837,-29.0,15.643446,58.778525,90.1,99.999999,87.46197,54.064082,10.452846,-34.202014,-72.0,-95.105652,-99.999999,-84.852813,-50.0,-7.071068,31.877843,65.486073,89.100652,99.999999,97.492797,73.107289,37.503487,0.0,-37.503487,-73.107289,-97.492797,-99.999999,-89.100652,-65.486073,-31.877843,7.071068,49.999999,84.852813,99.999999,93.969262,69.465837
66,2025-10-31 03:04:02,proposed,0.0,17.294,33.756,48.34,60.4803,69.5445,75.0,76.3688,73.3085,65.7195,53.9248,38.4898,20.2481,-0.0,-20.2481,-38.4898,-53.9248,-65.7195,-73.3085,-76.3688,-75.0,-69.5445,-60.4803,-48.34,-33.756,-17.294,-0.0,17.294,33.756,48.34,60.4803,69.5445,75.0,76.3688,73.3085,65.7195,53.9248,38.4898,20.2481,-0.0,-20.2481,-38.4898,-53.9248,-65.7195,-73.3085,-76.3688,-75.0,-69.5445,-60.4803,-48.34
67,2025-10-31 03:04:42,executed,0.0,17.294,33.756,48.34,60.4803,69.5445,75.0,76.3688,73.3085,65.7195,53.9248,38.4898,20.2481,-0.0,-20.2481,-38.4898,-53.9248,-65.7195,-73.3085,-76.3688,-75.0,-69.5445,-60.4803,-48.34,-33.756,-17.294,-0.0,17.294,33.756,48.34,60.4803,69.5445,75.0,76.3688,73.3085,65.7195,53.9248,38.4898,20.2481,-0.0,-20.2481,-38.4898,-53.9248,-65.7195,-73.3085,-76.3688,-75.0,-69.5445,-60.4803,-48.34
67,2025-10-31 03:05:21,proposed,0.0,16.896,32.787,47.07,59.18,68.61,75.0,78.04,77.59,73.66,66.47,56.36,43.79,29.28,13.38,-3.28,-20.0,-36.0,-50.6,-63.1,-73.0,-79.9,-83.7,-84.3,-81.8,-76.3,-68.1,-57.4,-44.6,-30.0,-14.1,2.0,18.0,33.0,46.4,57.7,66.5,72.6,75.8,76.1,73.5,68.2,60.4,50.4,38.6,25.4,11.2,-3.5,-18.0,-32.0
68,2025-10-31 03:06:01,executed,0.0,16.896,32.787,47.07,59.18,68.61,75.0,78.04,77.59,73.66,66.47,56.36,43.79,29.28,13.38,-3.28,-20.0,-36.0,-50.6,-63.1,-73.0,-79.9,-83.7,-84.3,-81.8,-76.3,-68.1,-57.4,-44.6,-30.0,-14.1,2.0,18.0,33.0,46.4,57.7,66.5,72.6,75.8,76.1,73.5,68.2,60.4,50.4,38.6,25.4,11.2,-3.5,-18.0,-32.0
68,2025-10-31 03:07:02,proposed,70.0,69.6429,69.2577,68.7909,68.1834,67.3779,66.3183,64.9502,63.2215,61.0815,58.481,55.3725,51.7107,47.4522,42.5557,36.982,30.7042,23.7001,15.9501,7.447,-0.6627,-9.4891,-18.9082,-28.8004,-39.047,-49.5312,-60.137,-70.749,-81.2522,-91.532,-101.475,-110.97,-119.907,-128.18,-135.686,-142.329,-148.019,-152.673,-156.216,-158.57,-159.664,-159.434,-157.813,-154.743,-150.17,-144.045,-136.33,-127.001,-116.042,-103.44
69,2025-10-31 03:07:42,executed,70.0,69.6429,69.2577,68.7909,68.1834,67.3779,66.3183,64.9502,63.2215,61.0815,58.481,55.3725,51.7107,47.4522,42.5557,36.982,30.7042,23.7001,15.9501,7.447,-0.6627,-9.4891,-18.9082,-28.8004,-39.047,-49.5312,-60.137,-70.749,-81.2522,-91.532,-101.475,-110.97,-119.907,-128.18,-135.686,-142.329,-148.019,-152.673,-156.216,-158.57,-159.664,-159.434,-157.813,-154.743,-150.17,-144.045,-136.33,-127.001,-116.042,-103.44
69,2025-10-31 03:09:01,proposed,85.0,85.0,84.48227,82.93665,80.3953,76.9038,72.5109,67.2779,61.2789,54.5999,47.3376,39.598,31.4969,23.159,14.7176,6.3077,-1.916,-9.8966,-17.4478,-24.4026,-30.6975,-36.273,-41.074,-45.0507,-48.1578,-50.3556,-51.6105,-51.9056,-51.2393,-49.6241,-47.087,-43.6676,-39.4173,-34.3986,-28.6837,-22.3533,-15.4969,-8.2096,-0.5898,7.1528,14.7176,22.0076,28.9388,35.4322,41.4116,46.8041,51.5392,55.5507,58.7779,61.1664
70,2025-10-31 03:09:41,executed,85.0,85.0,84.48227,82.93665,80.3953,76.9038,72.5109,67.2779,61.2789,54.5999,47.3376,39.598,31.4969,23.159,14.7176,6.3077,-1.916,-9.8966,-17.4478,-24.4026,-30.6975,-36.273,-41.074,-45.0507,-48.1578,-50.3556,-51.6105,-51.9056,-51.2393,-49.6241,-47.087,-43.6676,-39.4173,-34.3986,-28.6837,-22.3533,-15.4969,-8.2096,-0.5898,7.1528,14.7176,22.0076,28.9388,35.4322,41.4116,46.8041,51.5392,55.5507,58.7779,61.1664
70,2025-10-31 03:10:27,proposed,90.0,89.2620706240061,87.05697621143806,83.4710186716091,78.5830950341773,72.4909893540508,65.3051408103588,57.15112836284695,48.1584347716962,38.46820468925586,28.22606611361957,17.58000490715975,6.68301140673477,-4.20401800078736,-14.90806497274075,-25.22808060205842,-35.00803513600989,-44.11000000000001,-52.41700490715975,-59.8290186716091,-66.2570706240061,-71.62000000000002,-75.84000490715975,-78.8500351360099,-80.60208060205842,-81.06906497274075,-80.23701800078736,-78.11001140673477,-74.70800468925586,-70.06000000000002,-64.29600490715976,-57.5500186716091,-49.9690706240061,-41.6990950341773,-32.8950893540508,-23.7190408103588,-14.33002836284695,-4.887018434771696,4.49000468925586,13.68301140673477,22.59300490715975,31.1290186716091,39.2040706240061,46.7380950341773,53.6570893540508,59.8970408103588,65.39902836284695,70.11001843477169,74.00100468925586,77.05801140673476
71,2025-10-31 03:11:07,executed,90.0,89.2620706240061,87.05697621143806,83.4710186716091,78.5830950341773,72.4909893540508,65.3051408103588,57.15112836284695,48.1584347716962,38.46820468925586,28.22606611361957,17.58000490715975,6.68301140673477,-4.20401800078736,-14.90806497274075,-25.22808060205842,-35.00803513600989,-44.11000000000001,-52.41700490715975,-59.8290186716091,-66.2570706240061,-71.62000000000002,-75.84000490715975,-78.8500351360099,-80.60208060205842,-81.06906497274075,-80.23701800078736,-78.11001140673477,-74.70800468925586,-70.06000000000002,-64.29600490715976,-57.5500186716091,-49.9690706240061,-41.6990950341773,-32.8950893540508,-23.7190408103588,-14.33002836284695,-4.887018434771696,4.49000468925586,13.68301140673477,22.59300490715975,31.1290186716091,39.2040706240061,46.7380950341773,53.6570893540508,59.8970408103588,65.39902836284695,70.11001843477169,74.00100468925586,77.05801140673476
71,2025-10-31 03:12:25,proposed,90.0,88.0862,79.9926,66.864,49.919,30.3474,9.4619,-11.6805,-32.0002,-50.994,-67.809,-81.7963,-91.9548,-95.0,-95.0,-95.0,-95.0,-95.0,-95.0,-95.0,-95.0,-95.0,-95.0,-95.0,-95.0,-95.0,-95.0,-95.0,-95.0,-95.0,-95.0,-95.0,-95.0,-95.0,-95.0,-95.0,-95.0,-95.0,-95.0,-95.0,-95.0,-95.0,-95.0,-95.0,-95.0,-95.0,-95.0,-95.0,-95.0,90.0
72,2025-10-31 03:13:05,executed,90.0,88.0862,79.9926,66.864,49.919,30.3474,9.4619,-11.6805,-32.0002,-50.994,-67.809,-81.7963,-91.9548,-95.0,-95.0,-95.0,-95.0,-95.0,-95.0,-95.0,-95.0,-95.0,-95.0,-95.0,-95.0,-95.0,-95.0,-95.0,-95.0,-95.0,-95.0,-95.0,-95.0,-95.0,-95.0,-95.0,-95.0,-95.0,-95.0,-95.0,-95.0,-95.0,-95.0,-95.0,-95.0,-95.0,-95.0,-95.0,-95.0,90.0
72,2025-10-31 03:13:59,proposed,90.0,88.4025114755106,83.6644059437996,76.0402030283088,65.8893110037678,53.54673646802114,39.40941964177265,23.89680327339794,7.420803408990146,-9.10900080649984,-25.02550186595562,-40.09880280457632,-53.92480353540204,-66.12650407238122,-76.3688043297597,-84.3688042220377,-89.9090036762397,-92.8090026217466,-93.0090010410712,-90.50900000000001,-85.409,-77.80900000000001,-67.80900000000001,-55.50900000000001,-41.00900000000001,-24.40900000000001,-5.90900000000001,14.49100000000001,35.89100000000001,57.09100000000001,77.09100000000001,95.09100000000001,110.09100000000001,121.09100000000001,127.09100000000001,128.091,124.09100000000001,115.09100000000001,101.09100000000001,82.09100000000001,58.09100000000001,29.09100000000001,-5.09100000000001,-44.09100000000001,-88.09100000000001,-137.091,-191.091,-250.091,-314.091,-383.091
73,2025-10-31 03:14:39,executed,90.0,88.4025114755106,83.6644059437996,76.0402030283088,65.8893110037678,53.54673646802114,39.40941964177265,23.89680327339794,7.420803408990146,-9.10900080649984,-25.02550186595562,-40.09880280457632,-53.92480353540204,-66.12650407238122,-76.3688043297597,-84.3688042220377,-89.9090036762397,-92.8090026217466,-93.0090010410712,-90.50900000000001,-85.409,-77.80900000000001,-67.80900000000001,-55.50900000000001,-41.00900000000001,-24.40900000000001,-5.90900000000001,14.49100000000001,35.89100000000001,57.09100000000001,77.09100000000001,95.09100000000001,110.09100000000001,121.09100000000001,127.09100000000001,128.091,124.09100000000001,115.09100000000001,101.09100000000001,82.09100000000001,58.09100000000001,29.09100000000001,-5.09100000000001,-44.09100000000001,-88.09100000000001,-137.091,-191.091,-250.091,-314.091,-383.091
73,2025-10-31 03:16:00,proposed,0.0,9.354902,18.271001,26.491301,33.771601,39.900901,44.708601,48.056901,49.846901,49.919001,48.253601,44.897001,39.947201,33.546101,25.877901,17.156001,7.616001,-2.571001,-12.999001,-23.309001,-33.209001,-42.418001,-49.950201,-55.795001,-59.896601,-62.201001,-62.787001,-61.750001,-59.200001,-55.266001,-50.087001,-43.819001,-36.627001,-28.683001,-20.163001,-11.266001,-2.199001,6.878001,15.707001,24.106001,31.901001,38.937001,45.066001,50.155001,54.087001,56.759001,58.087001,58.001001,56.449001,53.399001
74,2025-10-31 03:16:40,executed,0.0,9.354902,18.271001,26.491301,33.771601,39.900901,44.708601,48.056901,49.846901,49.919001,48.253601,44.897001,39.947201,33.546101,25.877901,17.156001,7.616001,-2.571001,-12.999001,-23.309001,-33.209001,-42.418001,-49.950201,-55.795001,-59.896601,-62.201001,-62.787001,-61.750001,-59.200001,-55.266001,-50.087001,-43.819001,-36.627001,-28.683001,-20.163001,-11.266001,-2.199001,6.878001,15.707001,24.106001,31.901001,38.937001,45.066001,50.155001,54.087001,56.759001,58.087001,58.001001,56.449001,53.399001
74,2025-10-31 03:17:24,proposed,80.0,79.3600610363989,77.4480579124446,74.3050853873461,70.00000000000001,64.6215320727932,58.27091157975949,51.06103036125036,43.1166683838349,34.56846142646693,25.55340620164801,16.21980892043644,6.71699665286088,-2.799999999999999,-12.239999999999998,-21.4480579124446,-30.2950853873461,-38.6615320727932,-46.4480579124446,-53.56103036125036,-59.9166683838349,-65.4480579124446,-70.0950853873461,-73.80000000000001,-76.5115320727932,-78.20000000000002,-78.8480579124446,-78.4550853873461,-77.0300610363989,-74.5920579124446,-71.1680579124446,-66.7950853873461,-61.5180579124446,-55.3900610363989,-48.4700610363989,-40.8280579124446,-32.5420579124446,-23.700000000000003,-14.400000000000002,-4.7520579124446,5.1040579124446,15.1040579124446,24.9520579124446,34.56846142646693,43.8720579124446,52.7840579124446,61.2280579124446,69.1360579124446,76.4400610363989,79.3600610363989
75,2025-10-31 03:18:04,executed,80.0,79.3600610363989,77.4480579124446,74.3050853873461,70.00000000000001,64.6215320727932,58.27091157975949,51.06103036125036,43.1166683838349,34.56846142646693,25.55340620164801,16.21980892043644,6.71699665286088,-2.799999999999999,-12.239999999999998,-21.4480579124446,-30.2950853873461,-38.6615320727932,-46.4480579124446,-53.56103036125036,-59.9166683838349,-65.4480579124446,-70.0950853873461,-73.80000000000001,-76.5115320727932,-78.20000000000002,-78.8480579124446,-78.4550853873461,-77.0300610363989,-74.5920579124446,-71.1680579124446,-66.7950853873461,-61.5180579124446,-55.3900610363989,-48.4700610363989,-40.8280579124446,-32.5420579124446,-23.700000000000003,-14.400000000000002,-4.7520579124446,5.1040579124446,15.1040579124446,24.9520579124446,34.56846142646693,43.8720579124446,52.7840579124446,61.2280579124446,69.1360579124446,76.4400610363989,79.3600610363989
75,2025-10-31 03:18:51,proposed,0.0,13.0902,25.8819,37.4367,47.4367,55.6371,61.8016,65.7369,67.3099,66.4467,63.1375,57.4367,49.4756,39.4756,27.7016,14.4902,0.0,-14.4902,-27.7016,-39.4756,-49.4756,-57.4367,-63.1375,-66.4467,-67.3099,-65.7369,-61.8016,-55.6371,-47.4367,-37.4367,-25.8819,-13.0902,-0.0,13.0902,25.8819,37.4367,47.4367,55.6371,61.8016,65.7369,67.3099,66.4467,63.1375,57.4367,49.4756,39.4756,27.7016,14.4902,0.0,-13.0902
76,2025-10-31 03:19:31,executed,0.0,13.0902,25.8819,37.4367,47.4367,55.6371,61.8016,65.7369,67.3099,66.4467,63.1375,57.4367,49.4756,39.4756,27.7016,14.4902,0.0,-14.4902,-27.7016,-39.4756,-49.4756,-57.4367,-63.1375,-66.4467,-67.3099,-65.7369,-61.8016,-55.6371,-47.4367,-37.4367,-25.8819,-13.0902,-0.0,13.0902,25.8819,37.4367,47.4367,55.6371,61.8016,65.7369,67.3099,66.4467,63.1375,57.4367,49.4756,39.4756,27.7016,14.4902,0.0,-13.0902
76,2025-10-31 03:20:44,proposed,80.0,79.3705,77.4947,74.4207,70.2113,64.9458,58.7196,51.6348,43.7995,35.3377,26.3789,17.057,7.5736,-1.9056,-11.4,-20.7389,-29.8004,-38.4898,-46.7126,-54.3893,-61.4439,-67.8073,-73.4207,-78.2293,-79.015,-80.0,-79.015,-78.2293,-73.4207,-67.8073,-61.4439,-54.3893,-46.7126,-38.4898,-29.8004,-20.7389,-11.4,-1.9056,7.5736,17.057,26.3789,35.3377,43.7995,51.6348,58.7196,64.9458,70.2113,74.4207,77.4947,79.3705
77,2025-10-31 03:21:24,executed,80.0,79.3705,77.4947,74.4207,70.2113,64.9458,58.7196,51.6348,43.7995,35.3377,26.3789,17.057,7.5736,-1.9056,-11.4,-20.7389,-29.8004,-38.4898,-46.7126,-54.3893,-61.4439,-67.8073,-73.4207,-78.2293,-79.015,-80.0,-79.015,-78.2293,-73.4207,-67.8073,-61.4439,-54.3893,-46.7126,-38.4898,-29.8004,-20.7389,-11.4,-1.9056,7.5736,17.057,26.3789,35.3377,43.7995,51.6348,58.7196,64.9458,70.2113,74.4207,77.4947,79.3705
77,2025-10-31 03:22:14,proposed,80.0,79.3104,77.2608,73.9216,69.3928,63.792,57.252,49.912,41.912,33.392,24.488,15.336,6.072,-3.128,-12.24,-21.128,-29.688,-37.824,-45.448,-52.468,-58.808,-64.384,-69.112,-72.912,-75.7,60.0,59.4828,57.9456,55.4412,52.0446,47.8302,42.8892,37.32,31.224,24.702,17.862,10.812,3.66,-3.522,-10.584,-17.436,-24.006,-30.204,-35.94,-41.124,-45.672,-49.5,-52.536,-54.714,-56.0
78,2025-10-31 03:22:54,executed,80.0,79.3104,77.2608,73.9216,69.3928,63.792,57.252,49.912,41.912,33.392,24.488,15.336,6.072,-3.128,-12.24,-21.128,-29.688,-37.824,-45.448,-52.468,-58.808,-64.384,-69.112,-72.912,-75.7,60.0,59.4828,57.9456,55.4412,52.0446,47.8302,42.8892,37.32,31.224,24.702,17.862,10.812,3.66,-3.522,-10.584,-17.436,-24.006,-30.204,-35.94,-41.124,-45.672,-49.5,-52.536,-54.714,-56.0
78,2025-10-31 03:24:46,proposed,0.0,7.5962,14.8863,21.7056,27.9056,33.3598,37.9598,41.6215,44.279,45.8863,46.419,45.8863,44.279,41.6215,37.9598,33.3598,27.9056,21.7056,14.8863,7.5962,0.0,-7.5962,-14.8863,-21.7056,-27.9056,-33.3598,-37.9598,-41.6215,-44.279,-45.8863,-46.419,-45.8863,-44.279,-41.6215,-37.9598,-33.3598,-27.9056,-21.7056,-14.8863,-7.5962,0.0,7.5962,14.8863,21.7056,27.9056,33.3598,37.9598,41.6215,44.279,0.0
79,2025-10-31 03:25:26,executed,0.0,7.5962,14.8863,21.7056,27.9056,33.3598,37.9598,41.6215,44.279,45.8863,46.419,45.8863,44.279,41.6215,37.9598,33.3598,27.9056,21.7056,14.8863,7.5962,0.0,-7.5962,-14.8863,-21.7056,-27.9056,-33.3598,-37.9598,-41.6215,-44.279,-45.8863,-46.419,-45.8863,-44.279,-41.6215,-37.9598,-33.3598,-27.9056,-21.7056,-14.8863,-7.5962,0.0,7.5962,14.8863,21.7056,27.9056,33.3598,37.9598,41.6215,44.279,0.0
79,2025-10-31 03:26:18,proposed,100.0,98.1504,92.6826,83.7439,71.6402,56.7909,39.6926,20.9209,1.2537,-18.6659,-37.6602,-54.9127,-69.7701,-81.6007,-90.0,-94.595,-95.1057,-91.472,-83.7439,-72.109,-57.0502,-39.1007,-18.892,1.2537,21.099,39.9009,56.989,71.6402,83.195,91.385,96.1602,97.5099,95.4658,90.1901,81.909,70.909,57.595,42.3458,25.5615,7.828,-9.9999,-27.64,-43.667,-57.595,-69.0279,-77.79,-83.7439,-86.766,-86.766,-83.7439
80,2025-10-31 03:26:58,executed,100.0,98.1504,92.6826,83.7439,71.6402,56.7909,39.6926,20.9209,1.2537,-18.6659,-37.6602,-54.9127,-69.7701,-81.6007,-90.0,-94.595,-95.1057,-91.472,-83.7439,-72.109,-57.0502,-39.1007,-18.892,1.2537,21.099,39.9009,56.989,71.6402,83.195,91.385,96.1602,97.5099,95.4658,90.1901,81.909,70.909,57.595,42.3458,25.5615,7.828,-9.9999,-27.64,-43.667,-57.595,-69.0279,-77.79,-83.7439,-86.766,-86.766,-83.7439
80,2025-10-31 03:27:57,proposed,80.0,79.346602,77.399933,74.208637,69.846342,64.394101,57.940901,50.582803,42.423901,33.576501,24.159001,14.295801,4.114701,-6.216001,-16.502901,-26.600401,-36.365301,-45.666901,-54.387901,-62.416901,-69.658801,-76.026001,-79.682601,-79.920501,-79.682601,-76.026001,-69.658801,-62.416901,-54.387901,-45.666901,-36.365301,-26.600401,-16.502901,-6.216001,4.114701,14.295801,24.159001,33.576501,42.423901,50.582801,57.940901,64.394101,69.846301,74.208601,77.399901,79.346601,80.0,79.346601,77.399901,74.208601
81,2025-10-31 03:28:37,executed,80.0,79.346602,77.399933,74.208637,69.846342,64.394101,57.940901,50.582803,42.423901,33.576501,24.159001,14.295801,4.114701,-6.216001,-16.502901,-26.600401,-36.365301,-45.666901,-54.387901,-62.416901,-69.658801,-76.026001,-79.682601,-79.920501,-79.682601,-76.026001,-69.658801,-62.416901,-54.387901,-45.666901,-36.365301,-26.600401,-16.502901,-6.216001,4.114701,14.295801,24.159001,33.576501,42.423901,50.582801,57.940901,64.394101,69.846301,74.208601,77.399901,79.346601,80.0,79.346601,77.399901,74.208601
81,2025-10-31 03:29:25,proposed,70.0,69.4206,67.7108,64.9126,61.0906,56.3205,50.6896,44.2959,37.2465,29.6576,21.6549,13.3726,4.949,-3.5043,-11.7511,-19.6465,-27.0544,-33.8498,-39.921,-45.179,-49.549,-52.9692,-55.3921,-56.7845,-57.1278,-56.4173,-54.6622,-51.8842,-48.1166,-43.395,-37.7659,-31.2872,-24.0277,-16.0665,-7.4899,0.449,8.6865,16.5477,23.9072,30.6459,36.645,41.8066,46.0442,49.2722,51.4173,52.4278,52.2821,50.9892,48.579,45.179
82,2025-10-31 03:30:05,executed,70.0,69.4206,67.7108,64.9126,61.0906,56.3205,50.6896,44.2959,37.2465,29.6576,21.6549,13.3726,4.949,-3.5043,-11.7511,-19.6465,-27.0544,-33.8498,-39.921,-45.179,-49.549,-52.9692,-55.3921,-56.7845,-57.1278,-56.4173,-54.6622,-51.8842,-48.1166,-43.395,-37.7659,-31.2872,-24.0277,-16.0665,-7.4899,0.449,8.6865,16.5477,23.9072,30.6459,36.645,41.8066,46.0442,49.2722,51.4173,52.4278,52.2821,50.9892,48.579,45.179
82,2025-10-31 03:31:21,proposed,80.0,79.4261,77.7196,74.9317,71.1306,66.3929,60.803,54.4533,47.4449,39.8863,31.894,23.5925,15.109,6.5796,-1.8687,-10.198,-18.289,-26.0195,-33.3004,-40.046,-46.1746,-51.6095,-56.2789,-60.1189,-63.0722,-65.099,-66.1706,-66.2706,-65.3906,-63.5306,-60.7006,-56.9206,-52.2106,-46.6006,-40.1206,-32.8006,-24.6706,-15.7606,-6.1006,3.9694,14.4194,25.1094,35.9194,46.7294,57.4194,67.8694,78.0494,79.4261,77.7196,74.9317
83,2025-10-31 03:32:01,executed,80.0,79.4261,77.7196,74.9317,71.1306,66.3929,60.803,54.4533,47.4449,39.8863,31.894,23.5925,15.109,6.5796,-1.8687,-10.198,-18.289,-26.0195,-33.3004,-40.046,-46.1746,-51.6095,-56.2789,-60.1189,-63.0722,-65.099,-66.1706,-66.2706,-65.3906,-63.5306,-60.7006,-56.9206,-52.2106,-46.6006,-40.1206,-32.8006,-24.6706,-15.7606,-6.1006,3.9694,14.4194,25.1094,35.9194,46.7294,57.4194,67.8694,78.0494,79.4261,77.7196,74.9317
83,2025-10-31 03:33:15,proposed,0.0,9.999999999999998,19.50906041930089,28.40112708092603,36.31140002730303,42.96690466030985,48.12894887310065,51.60612479815039,53.26792040089535,53.03060476045479,50.85590740059952,46.74570008898168,40.73700000000001,32.91000000000001,23.385,12.316900000000002,0.0,-12.316900000000002,-23.385,-32.91000000000001,-40.73700000000001,-46.74570008898168,-50.85590740059952,-53.03060476045479,-53.26792040089535,-51.60612479815039,-48.12894887310065,-42.96690466030985,-36.31140002730303,-28.40112708092603,-19.50906041930089,-9.999999999999998,-0.0,9.999999999999998,19.50906041930089,28.40112708092603,36.31140002730303,42.96690466030985,48.12894887310065,51.60612479815039,53.26792040089535,53.03060476045479,50.85590740059952,46.74570008898168,40.73700000000001,32.91000000000001,23.385,12.316900000000002,0.0,-9.999999999999998
84,2025-10-31 03:33:55,executed,0.0,9.999999999999998,19.50906041930089,28.40112708092603,36.31140002730303,42.96690466030985,48.12894887310065,51.60612479815039,53.26792040089535,53.03060476045479,50.85590740059952,46.74570008898168,40.73700000000001,32.91000000000001,23.385,12.316900000000002,0.0,-12.316900000000002,-23.385,-32.91000000000001,-40.73700000000001,-46.74570008898168,-50.85590740059952,-53.03060476045479,-53.26792040089535,-51.60612479815039,-48.12894887310065,-42.96690466030985,-36.31140002730303,-28.40112708092603,-19.50906041930089,-9.999999999999998,-0.0,9.999999999999998,19.50906041930089,28.40112708092603,36.31140002730303,42.96690466030985,48.12894887310065,51.60612479815039,53.26792040089535,53.03060476045479,50.85590740059952,46.74570008898168,40.73700000000001,32.91000000000001,23.385,12.316900000000002,0.0,-9.999999999999998
84,2025-10-31 03:35:02,proposed,10.0,18.9959,27.7016,36.0461,43.9009,51.149,57.689,63.435,68.3145,72.2719,75.2779,77.319,78.392,78.5006,77.659,75.8959,73.249,69.769,65.5109,60.542,54.93,48.7461,42.069,34.9809,27.5646,19.907,12.099,4.239,-3.537,-11.124,-18.436,-25.362,-31.799,-37.649,-42.819,-47.224,-50.789,-53.444,-55.12,-55.759,-55.31,-53.724,-51.001,-47.164,-42.24,-36.273,-29.31,-21.41,-12.639,-3.06
85,2025-10-31 03:35:42,executed,10.0,18.9959,27.7016,36.0461,43.9009,51.149,57.689,63.435,68.3145,72.2719,75.2779,77.319,78.392,78.5006,77.659,75.8959,73.249,69.769,65.5109,60.542,54.93,48.7461,42.069,34.9809,27.5646,19.907,12.099,4.239,-3.537,-11.124,-18.436,-25.362,-31.799,-37.649,-42.819,-47.224,-50.789,-53.444,-55.12,-55.759,-55.31,-53.724,-51.001,-47.164,-42.24,-36.273,-29.31,-21.41,-12.639,-3.06
85,2025-10-31 03:36:21,proposed,0.0,24.7214,47.0228,64.7214,76.0845,80.0,76.0845,64.7214,47.0228,24.7214,0.0,-24.7214,-47.0228,-64.7214,-76.0845,-80.0,-76.0845,-64.7214,-47.0228,-24.7214,0.0,24.7214,47.0228,64.7214,76.0845,80.0,76.0845,64.7214,47.0228,24.7214,0.0,-24.7214,-47.0228,-64.7214,-76.0845,-80.0,-76.0845,-64.7214,-47.0228,-24.7214,0.0,24.7214,47.0228,64.7214,76.0845,80.0,76.0845,64.7214,47.0228,24.7214
86,2025-10-31 03:37:01,executed,0.0,24.7214,47.0228,64.7214,76.0845,80.0,76.0845,64.7214,47.0228,24.7214,0.0,-24.7214,-47.0228,-64.7214,-76.0845,-80.0,-76.0845,-64.7214,-47.0228,-24.7214,0.0,24.7214,47.0228,64.7214,76.0845,80.0,76.0845,64.7214,47.0228,24.7214,0.0,-24.7214,-47.0228,-64.7214,-76.0845,-80.0,-76.0845,-64.7214,-47.0228,-24.7214,0.0,24.7214,47.0228,64.7214,76.0845,80.0,76.0845,64.7214,47.0228,24.7214
86,2025-10-31 03:38:10,proposed,0.0,14.38202488730953,28.000000000000004,40.10620353108603,50.10620353108603,57.59620353108603,62.38202488730953,64.38202488730953,63.59620353108603,60.10620353108603,54.10620353108603,45.886300000000006,35.886300000000006,24.59620353108603,12.59620353108603,0.0,-12.59620353108603,-24.59620353108603,-35.886300000000006,-45.886300000000006,-54.10620353108603,-60.10620353108603,-63.59620353108603,-64.38202488730953,-62.38202488730953,-57.59620353108603,-50.10620353108603,-40.10620353108603,-28.000000000000004,-14.38202488730953,-0.0,14.38202488730953,28.000000000000004,40.10620353108603,50.10620353108603,57.59620353108603,62.38202488730953,64.38202488730953,63.59620353108603,60.10620353108603,54.10620353108603,45.886300000000006,35.886300000000006,24.59620353108603,12.59620353108603,0.0,-12.59620353108603,-24.59620353108603,-35.886300000000006,-45.886300000000006
87,2025-10-31 03:38:50,executed,0.0,14.38202488730953,28.000000000000004,40.10620353108603,50.10620353108603,57.59620353108603,62.38202488730953,64.38202488730953,63.59620353108603,60.10620353108603,54.10620353108603,45.886300000000006,35.886300000000006,24.59620353108603,12.59620353108603,0.0,-12.59620353108603,-24.59620353108603,-35.886300000000006,-45.886300000000006,-54.10620353108603,-60.10620353108603,-63.59620353108603,-64.38202488730953,-62.38202488730953,-57.59620353108603,-50.10620353108603,-40.10620353108603,-28.000000000000004,-14.38202488730953,-0.0,14.38202488730953,28.000000000000004,40.10620353108603,50.10620353108603,57.59620353108603,62.38202488730953,64.38202488730953,63.59620353108603,60.10620353108603,54.10620353108603,45.886300000000006,35.886300000000006,24.59620353108603,12.59620353108603,0.0,-12.59620353108603,-24.59620353108603,-35.886300000000006,-45.886300000000006
87,2025-10-31 03:40:04,proposed,0.0,20.288,39.0068,54.9127,66.864,74.0101,75.636,71.3826,61.1601,45.4093,25.0255,0.0,-25.0255,-45.4093,-61.1601,-71.3826,-75.636,-74.0101,-66.864,-54.9127,-39.0068,-20.288,-0.0,20.288,39.0068,54.9127,66.864,74.0101,75.636,71.3826,61.1601,45.4093,25.0255,0.0,-25.0255,-45.4093,-61.1601,-71.3826,-75.636,-74.0101,-66.864,-54.9127,-39.0068,-20.288,-0.0,20.288,39.0068,54.9127,66.864,74.0101
88,2025-10-31 03:40:44,executed,0.0,20.288,39.0068,54.9127,66.864,74.0101,75.636,71.3826,61.1601,45.4093,25.0255,0.0,-25.0255,-45.4093,-61.1601,-71.3826,-75.636,-74.0101,-66.864,-54.9127,-39.0068,-20.288,-0.0,20.288,39.0068,54.9127,66.864,74.0101,75.636,71.3826,61.1601,45.4093,25.0255,0.0,-25.0255,-45.4093,-61.1601,-71.3826,-75.636,-74.0101,-66.864,-54.9127,-39.0068,-20.288,-0.0,20.288,39.0068,54.9127,66.864,74.0101
88,2025-10-31 03:41:27,proposed,0.0,8.9702,17.671,26.0002,33.8688,41.1956,47.8998,53.909,59.1698,63.632,67.2562,70.0,69.419,67.6816,64.8436,60.9808,56.1822,50.5478,44.1876,37.2198,29.769,21.9678,13.9556,5.8778,-2.131,-10.0076,-17.671,-25.0216,-32.0002,-38.5376,-44.5684,-50.0298,-54.8632,-59.0142,-62.432,-65.0706,-66.8906,-67.9576,-67.9576,-66.8906,-65.0706,-62.432,-59.0142,-54.8632,-50.0298,-44.5684,-38.5376,-32.0002,-25.0216,-17.671
89,2025-10-31 03:42:07,executed,0.0,8.9702,17.671,26.0002,33.8688,41.1956,47.8998,53.909,59.1698,63.632,67.2562,70.0,69.419,67.6816,64.8436,60.9808,56.1822,50.5478,44.1876,37.2198,29.769,21.9678,13.9556,5.8778,-2.131,-10.0076,-17.671,-25.0216,-32.0002,-38.5376,-44.5684,-50.0298,-54.8632,-59.0142,-62.432,-65.0706,-66.8906,-67.9576,-67.9576,-66.8906,-65.0706,-62.432,-59.0142,-54.8632,-50.0298,-44.5684,-38.5376,-32.0002,-25.0216,-17.671
89,2025-10-31 03:43:09,proposed,85.0,84.30050807568877,82.2926409867076,78.99592476562098,74.50990396030912,68.97262339659346,62.53230678401347,55.35200021318047,47.60091873041933,39.45030206103823,31.07094056070682,22.63094056070682,14.30060807568877,6.24074807568877,-1.49040807568877,-8.88933568967068,-15.86774056070682,-22.35924056070682,-28.30040807568877,-33.63160807568877,-38.30040807568877,-42.26060807568877,-45.47050807568877,-47.90480807568877,-49.54460807568877,-50.38040807568877,-50.40870807568877,-49.63350807568877,-48.06400807568877,-45.71400807568877,-42.60200807568877,-38.75030807568877,-34.18470807568877,-28.93470807568877,-23.03360807568877,-16.51730807568877,-9.42460807568877,-1.79720807568877,6.24074807568877,14.30060807568877,22.63094056070682,31.07094056070682,39.45030206103823,47.60091873041933,55.35200021318047,62.53230678401347,68.97262339659346,74.50990396030912,78.99592476562098,82.2926409867076
90,2025-10-31 03:43:49,executed,85.0,84.30050807568877,82.2926409867076,78.99592476562098,74.50990396030912,68.97262339659346,62.53230678401347,55.35200021318047,47.60091873041933,39.45030206103823,31.07094056070682,22.63094056070682,14.30060807568877,6.24074807568877,-1.49040807568877,-8.88933568967068,-15.86774056070682,-22.35924056070682,-28.30040807568877,-33.63160807568877,-38.30040807568877,-42.26060807568877,-45.47050807568877,-47.90480807568877,-49.54460807568877,-50.38040807568877,-50.40870807568877,-49.63350807568877,-48.06400807568877,-45.71400807568877,-42.60200807568877,-38.75030807568877,-34.18470807568877,-28.93470807568877,-23.03360807568877,-16.51730807568877,-9.42460807568877,-1.79720807568877,6.24074807568877,14.30060807568877,22.63094056070682,31.07094056070682,39.45030206103823,47.60091873041933,55.35200021318047,62.53230678401347,68.97262339659346,74.50990396030912,78.99592476562098,82.2926409867076
90,2025-10-31 03:44:54,proposed,0.0,8.878889,17.461541,25.4748,32.787,39.2041,44.5684,48.7196,51.6348,53.2679,53.6571,52.8402,50.8559,47.805,43.7995,39.0068,33.5461,27.5646,21.1637,14.4902,7.616,0.6163,-6.326353,-13.1492,-19.6465,-25.71,-31.239,-36.18576,-40.4889,-44.11,-47.0228,-49.19,-50.5828,-51.1756,-50.96178,-49.9502,-48.158,-45.6669,-42.502,-38.708,-34.305447,-29.351259,-23.9383,-18.156,-12.072,-5.769,0.6163,7.107368,13.683,20.155751
91,2025-10-31 03:45:34,executed,0.0,8.878889,17.461541,25.4748,32.787,39.2041,44.5684,48.7196,51.6348,53.2679,53.6571,52.8402,50.8559,47.805,43.7995,39.0068,33.5461,27.5646,21.1637,14.4902,7.616,0.6163,-6.326353,-13.1492,-19.6465,-25.71,-31.239,-36.18576,-40.4889,-44.11,-47.0228,-49.19,-50.5828,-51.1756,-50.96178,-49.9502,-48.158,-45.6669,-42.502,-38.708,-34.305447,-29.351259,-23.9383,-18.156,-12.072,-5.769,0.6163,7.107368,13.683,20.155751
91,2025-10-31 03:46:18,proposed,80.0,78.4716,73.9686,66.7214,57.0718,45.3972,32.103,17.5029,1.9168,-14.225,-30.089,-45.2492,-59.3908,-72.204,-83.385,-92.642,-99.7028,-104.3126,-106.242,-105.281,-101.246,-93.987,-83.407,-69.444,-52.104,-31.42,-7.457,19.344,48.068,78.484,110.364,143.48,177.608,212.528,247.996,283.776,319.64,355.364,390.724,425.508,459.516,492.556,524.44,555.084,584.396,612.292,638.692,663.516,686.684,708.116
92,2025-10-31 03:46:58,executed,80.0,78.4716,73.9686,66.7214,57.0718,45.3972,32.103,17.5029,1.9168,-14.225,-30.089,-45.2492,-59.3908,-72.204,-83.385,-92.642,-99.7028,-104.3126,-106.242,-105.281,-101.246,-93.987,-83.407,-69.444,-52.104,-31.42,-7.457,19.344,48.068,78.484,110.364,143.48,177.608,212.528,247.996,283.776,319.64,355.364,390.724,425.508,459.516,492.556,524.44,555.084,584.396,612.292,638.692,663.516,686.684,708.116
92,2025-10-31 03:48:25,proposed,0.0,7.5026,14.7963,21.6667,28.004,33.7126,38.7077,42.919,46.2842,48.7562,50.3047,50.9169,50.5975,49.3601,47.2366,44.2766,40.5467,36.1298,31.1235,25.639,19.7909,13.7042,7.4952,1.2891,-4.899,-10.9419,-16.7628,-22.2858,-27.4367,-32.1432,-36.3367,-39.952,-42.9398,-45.2576,-46.8779,-47.788,-47.9868,-47.4868,-46.3077,-44.479,-42.0402,-39.0306,-35.5069,-31.5244,-27.149,-22.439,-17.4615,-12.288,-6.992,-1.649
93,2025-10-31 03:49:05,executed,0.0,7.5026,14.7963,21.6667,28.004,33.7126,38.7077,42.919,46.2842,48.7562,50.3047,50.9169,50.5975,49.3601,47.2366,44.2766,40.5467,36.1298,31.1235,25.639,19.7909,13.7042,7.4952,1.2891,-4.899,-10.9419,-16.7628,-22.2858,-27.4367,-32.1432,-36.3367,-39.952,-42.9398,-45.2576,-46.8779,-47.788,-47.9868,-47.4868,-46.3077,-44.479,-42.0402,-39.0306,-35.5069,-31.5244,-27.149,-22.439,-17.4615,-12.288,-6.992,-1.649
93,2025-10-31 03:50:15,proposed,0.0,16.0969,31.5492,45.7909,58.2699,68.498,76.099,80.799,82.479,81.199,77.199,70.799,62.399,52.499,41.599,30.099,18.399,6.899,-4.099,-14.099,-22.999,-30.699,-37.099,-42.099,-45.699,-47.899,-48.699,-48.099,-46.099,-42.799,-38.299,-32.699,-26.199,-18.999,-11.299,-3.299,4.899,13.099,21.099,28.799,35.999,42.599,48.499,53.599,57.799,61.099,63.399,64.699,64.999,64.299
94,2025-10-31 03:50:55,executed,0.0,16.0969,31.5492,45.7909,58.2699,68.498,76.099,80.799,82.479,81.199,77.199,70.799,62.399,52.499,41.599,30.099,18.399,6.899,-4.099,-14.099,-22.999,-30.699,-37.099,-42.099,-45.699,-47.899,-48.699,-48.099,-46.099,-42.799,-38.299,-32.699,-26.199,-18.999,-11.299,-3.299,4.899,13.099,21.099,28.799,35.999,42.599,48.499,53.599,57.799,61.099,63.399,64.699,64.999,64.299
95,2025-10-31 03:51:45,executed,0.0,16.0969,31.5492,45.7909,58.2699,68.498,76.099,80.799,82.479,81.199,77.199,70.799,62.399,52.499,41.599,30.099,18.399,6.899,-4.099,-14.099,-22.999,-30.699,-37.099,-42.099,-45.699,-47.899,-48.699,-48.099,-46.099,-42.799,-38.299,-32.699,-26.199,-18.999,-11.299,-3.299,4.899,13.099,21.099,28.799,35.999,42.599,48.499,53.599,57.799,61.099,63.399,64.699,64.999,64.299
95,2025-10-31 03:52:35,proposed,0.0,8.87885200305884,17.46154101377488,25.47484399763567,32.78700329976401,39.20410617061738,44.56840000000001,48.71960000000001,51.63480000000001,53.26790000000001,53.65710000000001,52.84020000000001,50.85590000000001,47.80500000000001,43.79950000000001,39.00680000000001,33.54610000000001,27.56460000000001,21.16370000000001,14.49020000000001,7.61600000000001,0.61630000000001,-6.32635300000001,-13.14920000000001,-19.64650000000001,-25.71000000000001,-31.23900000000001,-36.18580000000001,-40.48890000000001,-44.11000000000001,-47.02280000000001,-49.19000000000001,-50.58280000000001,-51.17560000000001,-50.96180000000001,-49.95020000000001,-48.15800000000001,-45.66690000000001,-42.50200000000001,-38.70800000000001,-34.30540000000001,-29.35130000000001,-23.93830000000001,-18.15600000000001,-12.07200000000001,-5.76900000000001,0.61630000000001,7.10740000000001,13.68300000000001,20.15580000000001
96,2025-10-31 03:53:15,executed,0.0,8.87885200305884,17.46154101377488,25.47484399763567,32.78700329976401,39.20410617061738,44.56840000000001,48.71960000000001,51.63480000000001,53.26790000000001,53.65710000000001,52.84020000000001,50.85590000000001,47.80500000000001,43.79950000000001,39.00680000000001,33.54610000000001,27.56460000000001,21.16370000000001,14.49020000000001,7.61600000000001,0.61630000000001,-6.32635300000001,-13.14920000000001,-19.64650000000001,-25.71000000000001,-31.23900000000001,-36.18580000000001,-40.48890000000001,-44.11000000000001,-47.02280000000001,-49.19000000000001,-50.58280000000001,-51.17560000000001,-50.96180000000001,-49.95020000000001,-48.15800000000001,-45.66690000000001,-42.50200000000001,-38.70800000000001,-34.30540000000001,-29.35130000000001,-23.93830000000001,-18.15600000000001,-12.07200000000001,-5.76900000000001,0.61630000000001,7.10740000000001,13.68300000000001,20.15580000000001
96,2025-10-31 03:54:26,proposed,70.0,69.82298,69.30009,68.4338,67.22728,65.6841,63.80838,61.60467,59.07802,56.23405,53.0788,49.6186,45.8609,41.81315,37.48308,32.8786,28.0081,22.8803,17.5042,11.8888,6.0434,-0.0,-6.0434,-11.8888,-17.5042,-22.8803,-28.0081,-32.8786,-37.48308,-41.81315,-45.8609,-49.6186,-53.0788,-56.23405,-59.07802,-61.60467,-63.80838,-65.6841,-67.22728,-68.4338,-69.30009,-69.82298,-70.0,-69.82298,-69.30009,-68.4338,-67.22728,-65.6841,-63.80838,-61.60467
97,2025-10-31 03:55:06,executed,70.0,69.82298,69.30009,68.4338,67.22728,65.6841,63.80838,61.60467,59.07802,56.23405,53.0788,49.6186,45.8609,41.81315,37.48308,32.8786,28.0081,22.8803,17.5042,11.8888,6.0434,-0.0,-6.0434,-11.8888,-17.5042,-22.8803,-28.0081,-32.8786,-37.48308,-41.81315,-45.8609,-49.6186,-53.0788,-56.23405,-59.07802,-61.60467,-63.80838,-65.6841,-67.22728,-68.4338,-69.30009,-69.82298,-70.0,-69.82298,-69.30009,-68.4338,-67.22728,-65.6841,-63.80838,-61.60467
97,2025-10-31 03:55:40,proposed,0.0,10.6099,21.0069,31.0076,40.4398,49.1415,57.0683,64.1009,70.1479,75.1278,78.9756,81.6436,83.1007,83.331,82.3352,80.1205,76.709,72.131,66.436,59.6726,51.909,43.2111,33.6602,23.3537,12.399,0.785,-10.8602,-22.0076,-32.5533,-42.3879,-51.4093,-59.5205,-66.6205,-72.6191,-77.4352,-81.001,-83.268,-84.2182,-83.8676,-82.2463,-79.399,-75.399,-70.327,-64.2779,-57.352,-49.6588,-41.3235,-32.468,-23.19,-13.6004
98,2025-10-31 03:56:20,executed,0.0,10.6099,21.0069,31.0076,40.4398,49.1415,57.0683,64.1009,70.1479,75.1278,78.9756,81.6436,83.1007,83.331,82.3352,80.1205,76.709,72.131,66.436,59.6726,51.909,43.2111,33.6602,23.3537,12.399,0.785,-10.8602,-22.0076,-32.5533,-42.3879,-51.4093,-59.5205,-66.6205,-72.6191,-77.4352,-81.001,-83.268,-84.2182,-83.8676,-82.2463,-79.399,-75.399,-70.327,-64.2779,-57.352,-49.6588,-41.3235,-32.468,-23.19,-13.6004
98,2025-10-31 03:57:47,proposed,85.0,84.2931,82.2926,79.0068,74.5099,68.9726,62.5323,55.352,47.6009,39.4503,31.0709,22.6309,14.3006,6.2407,-1.4904,-8.8893,-15.8677,-22.3592,-28.3004,-33.6316,-38.3004,-42.2606,-45.4705,-47.9048,-49.5446,-50.3804,-50.4087,-49.6335,-48.064,-45.714,-42.602,-38.7503,-34.1847,-28.9347,-23.0336,-16.5173,-9.4246,-1.7972,6.2407,14.3006,22.6309,31.0709,39.4503,47.6009,55.352,62.5323,68.9726,74.5099,79.0068,82.2926
99,2025-10-31 03:58:27,executed,85.0,84.2931,82.2926,79.0068,74.5099,68.9726,62.5323,55.352,47.6009,39.4503,31.0709,22.6309,14.3006,6.2407,-1.4904,-8.8893,-15.8677,-22.3592,-28.3004,-33.6316,-38.3004,-42.2606,-45.4705,-47.9048,-49.5446,-50.3804,-50.4087,-49.6335,-48.064,-45.714,-42.602,-38.7503,-34.1847,-28.9347,-23.0336,-16.5173,-9.4246,-1.7972,6.2407,14.3006,22.6309,31.0709,39.4503,47.6009,55.352,62.5323,68.9726,74.5099,79.0068,82.2926
99,2025-10-31 03:59:20,proposed,0.0,7.625553,15.088663,22.208493,28.916806,35.149204,40.844053,45.94301,50.39175,54.140889,57.146206,59.370007,60.779769,61.35036,61.06346,59.90992,57.88936,55.01053,51.29177,46.75988,41.44197,35.3741,28.69176,21.43003,13.62534,5.31495,-3.303905,-12.196539,-21.248335,-30.397609,-39.587951,-48.755176,-57.821882,-66.709665,-75.33974,-83.634237,-91.51727,-98.903905,-105.718977,-111.880626,-117.305577,-121.916669,-125.637061,-128.399438,-130.136813,-130.784331,-130.276411,-128.552589,-125.552812,-121.227044
100,2025-10-31 04:00:00,executed,0.0,7.625553,15.088663,22.208493,28.916806,35.149204,40.844053,45.94301,50.39175,54.140889,57.146206,59.370007,60.779769,61.35036,61.06346,59.90992,57.88936,55.01053,51.29177,46.75988,41.44197,35.3741,28.69176,21.43003,13.62534,5.31495,-3.303905,-12.196539,-21.248335,-30.397609,-39.587951,-48.755176,-57.821882,-66.709665,-75.33974,-83.634237,-91.51727,-98.903905,-105.718977,-111.880626,-117.305577,-121.916669,-125.637061,-128.399438,-130.136813,-130.784331,-130.276411,-128.552589,-125.552812,-121.227044
100,2025-10-31 04:01:12,proposed,89.25,88.5077,86.4072,82.9571,78.2354,72.4212,65.659,58.1196,49.9809,41.4228,32.6244,23.7624,15.0156,6.5527,-1.5649,-9.3338,-16.6611,-23.4772,-29.7154,-35.3132,-40.2154,-44.3736,-47.744,-50.3,-51.0218,-52.8994,-52.9291,-52.1152,-50.4672,-47.9997,-44.7321,-40.6879,-35.8939,-30.3814,-24.1853,-17.3439,-9.9008,-1.8871,6.5527,15.0156,23.7624,32.6244,41.4228,49.9809,58.1196,65.659,72.4212,78.2354,82.9571,86.4072
101,2025-10-31 04:01:52,executed,89.25,88.5077,86.4072,82.9571,78.2354,72.4212,65.659,58.1196,49.9809,41.4228,32.6244,23.7624,15.0156,6.5527,-1.5649,-9.3338,-16.6611,-23.4772,-29.7154,-35.3132,-40.2154,-44.3736,-47.744,-50.3,-51.0218,-52.8994,-52.9291,-52.1152,-50.4672,-47.9997,-44.7321,-40.6879,-35.8939,-30.3814,-24.1853,-17.3439,-9.9008,-1.8871,6.5527,15.0156,23.7624,32.6244,41.4228,49.9809,58.1196,65.659,72.4212,78.2354,82.9571,86.4072
101,2025-10-31 04:02:52,proposed,0.0,20.288,39.24,55.76,69.04,78.32,80.0,78.32,69.04,55.76,39.24,20.288,0.0,-20.288,-39.24,-55.76,-69.04,-78.32,-80.0,-78.32,-69.04,-55.76,-39.24,-20.288,0.0,20.288,39.24,55.76,69.04,78.32,80.0,78.32,69.04,55.76,39.24,20.288,0.0,-20.288,-39.24,-55.76,-69.04,-78.32,-80.0,-78.32,-69.04,-55.76,-39.24,-20.288,0.0,0.0
102,2025-10-31 04:03:32,executed,0.0,20.288,39.24,55.76,69.04,78.32,80.0,78.32,69.04,55.76,39.24,20.288,0.0,-20.288,-39.24,-55.76,-69.04,-78.32,-80.0,-78.32,-69.04,-55.76,-39.24,-20.288,0.0,20.288,39.24,55.76,69.04,78.32,80.0,78.32,69.04,55.76,39.24,20.288,0.0,-20.288,-39.24,-55.76,-69.04,-78.32,-80.0,-78.32,-69.04,-55.76,-39.24,-20.288,0.0,0.0
102,2025-10-31 04:04:38,proposed,0.0,15.248,30.076,44.088,56.904,68.16,77.52,84.672,89.344,91.328,90.56,86.96,80.56,71.44,59.76,45.76,29.68,11.84,-7.04,-26.56,-45.92,-64.24,-80.72,-94.56,-105.04,-111.44,-113.12,-109.52,-100.24,-85.04,-63.84,-36.72,-4.0,32.24,72.0,114.4,158.4,203.2,248.0,292.0,334.4,374.4,411.2,444.0,472.0,494.4,510.4,519.2,520.0,512.0
103,2025-10-31 04:05:18,executed,0.0,15.248,30.076,44.088,56.904,68.16,77.52,84.672,89.344,91.328,90.56,86.96,80.56,71.44,59.76,45.76,29.68,11.84,-7.04,-26.56,-45.92,-64.24,-80.72,-94.56,-105.04,-111.44,-113.12,-109.52,-100.24,-85.04,-63.84,-36.72,-4.0,32.24,72.0,114.4,158.4,203.2,248.0,292.0,334.4,374.4,411.2,444.0,472.0,494.4,510.4,519.2,520.0,512.0
103,2025-10-31 04:07:00,proposed,0.0,10.1632,20.1913,29.9301,39.2547,48.0569,56.2383,63.719,70.4209,76.2736,81.2086,85.1634,88.085,89.9386,90.6939,90.3473,88.915,86.4209,82.9066,78.4209,73.0236,66.785,59.785,52.1164,43.8737,35.1634,26.0989,16.785,7.3686,-1.985,-11.2066,-20.1913,-28.857,-37.1164,-44.885,-52.085,-58.6465,-64.5,-69.5891,-73.885,-77.3398,-79.9301,-81.6737,-82.595,-82.742,-82.1634,-80.9209,-79.085,-76.7236,-73.9066
104,2025-10-31 04:07:40,executed,0.0,10.1632,20.1913,29.9301,39.2547,48.0569,56.2383,63.719,70.4209,76.2736,81.2086,85.1634,88.085,89.9386,90.6939,90.3473,88.915,86.4209,82.9066,78.4209,73.0236,66.785,59.785,52.1164,43.8737,35.1634,26.0989,16.785,7.3686,-1.985,-11.2066,-20.1913,-28.857,-37.1164,-44.885,-52.085,-58.6465,-64.5,-69.5891,-73.885,-77.3398,-79.9301,-81.6737,-82.595,-82.742,-82.1634,-80.9209,-79.085,-76.7236,-73.9066
104,2025-10-31 04:09:09,proposed,60.0,59.266223,57.079103,53.471007,48.5,42.245139,34.800244,26.27103,16.77212,6.427003,-4.733802,-15.96987,-26.92089,-37.245139,-46.61259,-54.710007,-60.0,-59.266223,-57.079103,-53.471007,-48.5,-42.245139,-34.800244,-26.27103,-16.77212,-6.427003,4.733802,15.96987,26.92089,37.245139,46.61259,54.710007,60.0,59.266223,57.079103,53.471007,48.5,42.245139,34.800244,26.27103,16.77212,6.427003,-4.733802,-15.96987,-26.92089,-37.245139,-46.61259,-54.710007,-60.0,-59.266223
105,2025-10-31 04:09:49,executed,60.0,59.266223,57.079103,53.471007,48.5,42.245139,34.800244,26.27103,16.77212,6.427003,-4.733802,-15.96987,-26.92089,-37.245139,-46.61259,-54.710007,-60.0,-59.266223,-57.079103,-53.471007,-48.5,-42.245139,-34.800244,-26.27103,-16.77212,-6.427003,4.733802,15.96987,26.92089,37.245139,46.61259,54.710007,60.0,59.266223,57.079103,53.471007,48.5,42.245139,34.800244,26.27103,16.77212,6.427003,-4.733802,-15.96987,-26.92089,-37.245139,-46.61259,-54.710007,-60.0,-59.266223
105,2025-10-31 04:10:34,proposed,0.0,19.8406,38.0864,53.9669,66.7027,75.6983,80.4859,80.8659,76.791,68.407,56.027,40.059,21.096,0.0,-21.096,-40.059,-56.027,-68.407,-76.791,-80.8659,-80.4859,-75.6983,-66.7027,-53.9669,-38.0864,-19.8406,-0.0,19.8406,38.0864,53.9669,66.7027,75.6983,80.4859,80.8659,76.791,68.407,56.027,40.059,21.096,0.0,-21.096,-40.059,-56.027,-68.407,-76.791,-80.8659,-80.4859,-75.6983,-66.7027,-53.9669
106,2025-10-31 04:11:14,executed,0.0,19.8406,38.0864,53.9669,66.7027,75.6983,80.4859,80.8659,76.791,68.407,56.027,40.059,21.096,0.0,-21.096,-40.059,-56.027,-68.407,-76.791,-80.8659,-80.4859,-75.6983,-66.7027,-53.9669,-38.0864,-19.8406,-0.0,19.8406,38.0864,53.9669,66.7027,75.6983,80.4859,80.8659,76.791,68.407,56.027,40.059,21.096,0.0,-21.096,-40.059,-56.027,-68.407,-76.791,-80.8659,-80.4859,-75.6983,-66.7027,-53.9669
106,2025-10-31 04:12:19,proposed,70.0,69.1361,66.5678,62.361,56.6136,49.4459,41.0961,31.716,21.465,10.5099,-0.6163,-11.6805,-22.439,-32.787,-42.619,-51.839,-60.359,-68.099,-69.1361,-66.5678,-62.361,-56.6136,-49.4459,-41.0961,-31.716,-21.465,-10.5099,0.6163,11.6805,22.439,32.787,42.619,51.839,60.359,68.099,69.1361,66.5678,62.361,56.6136,49.4459,41.0961,31.716,21.465,10.5099,-0.6163,-11.6805,-22.439,-32.787,-42.619,-51.839
107,2025-10-31 04:12:59,executed,70.0,69.1361,66.5678,62.361,56.6136,49.4459,41.0961,31.716,21.465,10.5099,-0.6163,-11.6805,-22.439,-32.787,-42.619,-51.839,-60.359,-68.099,-69.1361,-66.5678,-62.361,-56.6136,-49.4459,-41.0961,-31.716,-21.465,-10.5099,0.6163,11.6805,22.439,32.787,42.619,51.839,60.359,68.099,69.1361,66.5678,62.361,56.6136,49.4459,41.0961,31.716,21.465,10.5099,-0.6163,-11.6805,-22.439,-32.787,-42.619,-51.839
107,2025-10-31 04:14:17,proposed,90.0,86.3265306122449,82.6530612244898,78.9795918367347,75.3061224489796,71.63265306122449,67.9591836734694,64.28571428571428,60.61224489795919,56.93877551020408,53.26530612244898,49.59183673469388,45.91836734693877,42.24489795918367,38.57142857142857,34.89795918367347,31.224489795918366,27.55102040816326,23.877551020408163,20.20408163265306,16.53061224489796,12.857142857142858,9.183673469387756,5.510204081632653,1.836734693877551,-1.836734693877551,-5.510204081632653,-9.183673469387756,-12.857142857142858,-16.53061224489796,-20.20408163265306,-23.877551020408163,-27.55102040816326,-31.224489795918366,-34.89795918367347,-38.57142857142857,-42.24489795918367,-45.91836734693877,-49.59183673469388,-53.26530612244898,-56.93877551020408,-60.61224489795919,-64.28571428571428,-67.9591836734694,-71.63265306122449,-75.3061224489796,-78.9795918367347,-82.6530612244898,-86.3265306122449,-90.0
108,2025-10-31 04:14:57,executed,90.0,86.3265306122449,82.6530612244898,78.9795918367347,75.3061224489796,71.63265306122449,67.9591836734694,64.28571428571428,60.61224489795919,56.93877551020408,53.26530612244898,49.59183673469388,45.91836734693877,42.24489795918367,38.57142857142857,34.89795918367347,31.224489795918366,27.55102040816326,23.877551020408163,20.20408163265306,16.53061224489796,12.857142857142858,9.183673469387756,5.510204081632653,1.836734693877551,-1.836734693877551,-5.510204081632653,-9.183673469387756,-12.857142857142858,-16.53061224489796,-20.20408163265306,-23.877551020408163,-27.55102040816326,-31.224489795918366,-34.89795918367347,-38.57142857142857,-42.24489795918367,-45.91836734693877,-49.59183673469388,-53.26530612244898,-56.93877551020408,-60.61224489795919,-64.28571428571428,-67.9591836734694,-71.63265306122449,-75.3061224489796,-78.9795918367347,-82.6530612244898,-86.3265306122449,-90.0
108,2025-10-31 04:15:41,proposed,65.0,63.8268305,60.3606994,54.7468305,47.1746979,37.8768305,27.1189796,15.1868305,2.20469796,-10.9606994,-23.5253021,-34.9606994,-44.8368305,-52.8606994,-58.7953021,-62.5606994,-64.1606994,-63.6803021,-61.2606994,-57.0003021,-51.0406994,-43.5803021,-34.8006994,-24.9803021,-14.4006994,-3.32030204,7.9606994,18.9803021,29.2406994,38.4803021,46.4806994,53.0803021,58.1606994,61.6203021,63.4006994,63.4006994,61.6203021,58.1606994,53.0803021,46.4806994,38.4803021,29.2406994,18.9803021,7.9606994,-3.32030204,-14.4006994,-24.9803021,-34.8006994,-43.5803021,-51.0406994
109,2025-10-31 04:16:21,executed,65.0,63.8268305,60.3606994,54.7468305,47.1746979,37.8768305,27.1189796,15.1868305,2.20469796,-10.9606994,-23.5253021,-34.9606994,-44.8368305,-52.8606994,-58.7953021,-62.5606994,-64.1606994,-63.6803021,-61.2606994,-57.0003021,-51.0406994,-43.5803021,-34.8006994,-24.9803021,-14.4006994,-3.32030204,7.9606994,18.9803021,29.2406994,38.4803021,46.4806994,53.0803021,58.1606994,61.6203021,63.4006994,63.4006994,61.6203021,58.1606994,53.0803021,46.4806994,38.4803021,29.2406994,18.9803021,7.9606994,-3.32030204,-14.4006994,-24.9803021,-34.8006994,-43.5803021,-51.0406994
109,2025-10-31 04:17:28,proposed,0.0,15.28694006096181,30.07686526107304,43.76679237617468,55.91898160910058,66.12165039239714,74.00840134446416,79.2559021960249,81.6007421106869,80.86590000000001,76.9740203099909,69.9463996531109,59.90484087568575,47.087,31.756000000000004,14.253600000000002,-5.087000000000001,-25.5615,-46.509,-67.28,-86.766,-104.773,-121.091,-135.508,-147.808,-157.808,-165.364,-170.364,-172.764,-172.528,-169.64,-164.124,-155.94,-145.164,-131.916,-116.324,-98.508,-78.604,-56.79,-33.295,-8.38,17.92,45.0,72.0,98.0,122.0,143.0,160.0,172.0,178.0
110,2025-10-31 04:18:08,executed,0.0,15.28694006096181,30.07686526107304,43.76679237617468,55.91898160910058,66.12165039239714,74.00840134446416,79.2559021960249,81.6007421106869,80.86590000000001,76.9740203099909,69.9463996531109,59.90484087568575,47.087,31.756000000000004,14.253600000000002,-5.087000000000001,-25.5615,-46.509,-67.28,-86.766,-104.773,-121.091,-135.508,-147.808,-157.808,-165.364,-170.364,-172.764,-172.528,-169.64,-164.124,-155.94,-145.164,-131.916,-116.324,-98.508,-78.604,-56.79,-33.295,-8.38,17.92,45.0,72.0,98.0,122.0,143.0,160.0,172.0,178.0
110,2025-10-31 04:20:02,proposed,1.442296434418659,1.442296434418659,1.442296434418659,1.442296434418659,1.442296434418659,1.442296434418659,1.442296434418659,1.442296434418659,1.442296434418659,1.442296434418659,1.442296434418659,1.442296434418659,1.442296434418659,1.442296434418659,1.442296434418659,1.442296434418659,1.442296434418659,1.442296434418659,1.442296434418659,1.442296434418659,1.442296434418659,1.442296434418659,1.442296434418659,1.442296434418659,1.442296434418659,1.442296434418659,1.442296434418659,1.442296434418659,1.442296434418659,1.442296434418659,1.442296434418659,1.442296434418659,1.442296434418659,1.442296434418659,1.442296434418659,1.442296434418659,1.442296434418659,1.442296434418659,1.442296434418659,1.442296434418659,1.442296434418659,1.442296434418659,1.442296434418659,1.442296434418659,1.442296434418659,1.442296434418659,1.442296434418659,1.442296434418659,1.442296434418659,1.442296434418659
111,2025-10-31 04:20:42,executed,1.442296434418659,1.442296434418659,1.442296434418659,1.442296434418659,1.442296434418659,1.442296434418659,1.442296434418659,1.442296434418659,1.442296434418659,1.442296434418659,1.442296434418659,1.442296434418659,1.442296434418659,1.442296434418659,1.442296434418659,1.442296434418659,1.442296434418659,1.442296434418659,1.442296434418659,1.442296434418659,1.442296434418659,1.442296434418659,1.442296434418659,1.442296434418659,1.442296434418659,1.442296434418659,1.442296434418659,1.442296434418659,1.442296434418659,1.442296434418659,1.442296434418659,1.442296434418659,1.442296434418659,1.442296434418659,1.442296434418659,1.442296434418659,1.442296434418659,1.442296434418659,1.442296434418659,1.442296434418659,1.442296434418659,1.442296434418659,1.442296434418659,1.442296434418659,1.442296434418659,1.442296434418659,1.442296434418659,1.442296434418659,1.442296434418659,1.442296434418659
111,2025-10-31 04:21:28,proposed,70.0,69.3705,67.4947,64.4207,60.2113,54.9458,48.7196,41.6348,33.7995,25.3377,16.3789,7.057,-2.5736,-12.3168,-21.9056,-31.1,-39.6738,-47.4398,-54.2389,-59.9439,-64.4593,-67.7126,-69.6681,-70.3073,-70.0,-68.3145,-65.3708,-61.2607,-56.0964,-49.9502,-42.919,-35.1235,-26.6868,-17.7398,-8.4208,1.1367,10.846,20.5801,30.1416,39.399,48.2354,56.542,64.2176,70.0,69.3705,67.4947,64.4207,60.2113,54.9458,48.7196
112,2025-10-31 04:22:08,executed,70.0,69.3705,67.4947,64.4207,60.2113,54.9458,48.7196,41.6348,33.7995,25.3377,16.3789,7.057,-2.5736,-12.3168,-21.9056,-31.1,-39.6738,-47.4398,-54.2389,-59.9439,-64.4593,-67.7126,-69.6681,-70.3073,-70.0,-68.3145,-65.3708,-61.2607,-56.0964,-49.9502,-42.919,-35.1235,-26.6868,-17.7398,-8.4208,1.1367,10.846,20.5801,30.1416,39.399,48.2354,56.542,64.2176,70.0,69.3705,67.4947,64.4207,60.2113,54.9458,48.7196
112,2025-10-31 04:22:49,proposed,80.0,79.3466,77.3999,74.2086,69.8463,64.3941,57.9409,50.5828,42.4239,33.5765,24.159,14.2958,4.1147,-6.216,-16.5029,-26.6004,-36.3653,-45.6669,-54.3879,-62.4169,-69.6588,-76.026,-80.0,-76.026,-69.6588,-62.4169,-54.3879,-45.6669,-36.3653,-26.6004,-16.5029,-6.216,4.1147,14.2958,24.159,33.5765,42.4239,50.5828,57.9409,64.3941,69.8463,74.2086,77.3999,79.3466,80.0,79.3466,77.3999,74.2086,69.8463,64.3941
113,2025-10-31 04:23:29,executed,80.0,79.3466,77.3999,74.2086,69.8463,64.3941,57.9409,50.5828,42.4239,33.5765,24.159,14.2958,4.1147,-6.216,-16.5029,-26.6004,-36.3653,-45.6669,-54.3879,-62.4169,-69.6588,-76.026,-80.0,-76.026,-69.6588,-62.4169,-54.3879,-45.6669,-36.3653,-26.6004,-16.5029,-6.216,4.1147,14.2958,24.159,33.5765,42.4239,50.5828,57.9409,64.3941,69.8463,74.2086,77.3999,79.3466,80.0,79.3466,77.3999,74.2086,69.8463,64.3941
113,2025-10-31 04:24:58,proposed,80.0,74.394,67.832,60.407,52.221,43.385,34.01,24.209,15.004,6.425,-0.99,-7.034,-11.916,-15.72,-18.52,-20.39,-21.411,-21.666,-21.242,-20.23,-18.72,-16.804,-14.57,-12.109,-9.516,-7.034,-4.808,-2.979,-1.688,-1.077,-1.278,-2.404,-4.544,-7.766,-12.128,-17.67,-24.42,-32.378,-41.52,-51.79,-63.109,-75.368,-84.342,-75.368,-63.109,-51.79,-41.52,-32.378,-24.42,-17.67
114,2025-10-31 04:25:38,executed,80.0,74.394,67.832,60.407,52.221,43.385,34.01,24.209,15.004,6.425,-0.99,-7.034,-11.916,-15.72,-18.52,-20.39,-21.411,-21.666,-21.242,-20.23,-18.72,-16.804,-14.57,-12.109,-9.516,-7.034,-4.808,-2.979,-1.688,-1.077,-1.278,-2.404,-4.544,-7.766,-12.128,-17.67,-24.42,-32.378,-41.52,-51.79,-63.109,-75.368,-84.342,-75.368,-63.109,-51.79,-41.52,-32.378,-24.42,-17.67
114,2025-10-31 04:26:47,proposed,40.0,39.6847,38.7504,37.2029,35.0614,32.3456,29.078,25.2825,21.0004,16.2762,11.1578,5.6946,0.0,-5.6946,-11.1578,-16.2762,-21.0004,-25.2825,-29.078,-32.3456,-35.0614,-37.2029,-38.7504,-39.6847,-40.0,-39.6847,-38.7504,-37.2029,-35.0614,-32.3456,-29.078,-25.2825,-21.0004,-16.2762,-11.1578,-5.6946,0.0,5.6946,11.1578,16.2762,21.0004,25.2825,29.078,32.3456,35.0614,37.2029,38.7504,39.6847,40.0,39.6847
115,2025-10-31 04:27:27,executed,40.0,39.6847,38.7504,37.2029,35.0614,32.3456,29.078,25.2825,21.0004,16.2762,11.1578,5.6946,0.0,-5.6946,-11.1578,-16.2762,-21.0004,-25.2825,-29.078,-32.3456,-35.0614,-37.2029,-38.7504,-39.6847,-40.0,-39.6847,-38.7504,-37.2029,-35.0614,-32.3456,-29.078,-25.2825,-21.0004,-16.2762,-11.1578,-5.6946,0.0,5.6946,11.1578,16.2762,21.0004,25.2825,29.078,32.3456,35.0614,37.2029,38.7504,39.6847,40.0,39.6847
115,2025-10-31 04:28:51,proposed,85.0,84.303,82.2926,79.1118,74.8082,69.464,63.1756,56.0502,48.1901,39.7027,30.6975,21.288,11.5898,1.717,-8.2096,-18.0076,-27.5646,-36.7214,-45.3972,-53.5099,-60.9726,-67.7027,-73.634,-78.7048,-82.8507,-85.0,-84.303,-82.2926,-79.1118,-74.8082,-69.464,-63.1756,-56.0502,-48.1901,-39.7027,-30.6975,-21.288,-11.5898,-1.717,8.2096,18.0076,27.5646,36.7214,45.3972,53.5099,60.9726,67.7027,73.634,78.7048,82.8507
116,2025-10-31 04:29:31,executed,85.0,84.303,82.2926,79.1118,74.8082,69.464,63.1756,56.0502,48.1901,39.7027,30.6975,21.288,11.5898,1.717,-8.2096,-18.0076,-27.5646,-36.7214,-45.3972,-53.5099,-60.9726,-67.7027,-73.634,-78.7048,-82.8507,-85.0,-84.303,-82.2926,-79.1118,-74.8082,-69.464,-63.1756,-56.0502,-48.1901,-39.7027,-30.6975,-21.288,-11.5898,-1.717,8.2096,18.0076,27.5646,36.7214,45.3972,53.5099,60.9726,67.7027,73.634,78.7048,82.8507
116,2025-10-31 04:30:23,proposed,0.0,11.45914286708688,22.58498875086036,33.09029792131908,42.70014022802099,51.25055610853753,58.60193181878931,64.6367540203534,69.2592751347631,72.4001966030141,74.0090870233075,74.0569766628929,72.5407000282136,69.4820698188204,64.91572948639207,58.9009893010352,51.5204278479536,42.87680074215037,33.09029792131908,22.29654157077983,10.64099238692795,-1.4423000000000003e-14,-10.64099238692795,-22.29654157077983,-33.09029792131908,-42.87680074215037,-51.5204278479536,-58.9009893010352,-64.91572948639207,-69.4820698188204,-72.5407000282136,-74.0569766628929,-74.0090870233075,-72.4001966030141,-69.2592751347631,-64.6367540203534,-58.60193181878931,-51.25055610853753,-42.70014022802099,-33.09029792131908,-22.58498875086036,-11.45914286708688,-2.8846000000000005e-14,11.45914286708688,22.58498875086036,33.09029792131908,42.70014022802099,51.25055610853753,58.60193181878931,64.6367540203534
117,2025-10-31 04:31:03,executed,0.0,11.45914286708688,22.58498875086036,33.09029792131908,42.70014022802099,51.25055610853753,58.60193181878931,64.6367540203534,69.2592751347631,72.4001966030141,74.0090870233075,74.0569766628929,72.5407000282136,69.4820698188204,64.91572948639207,58.9009893010352,51.5204278479536,42.87680074215037,33.09029792131908,22.29654157077983,10.64099238692795,-1.4423000000000004,-14.0,-10.64099238692795,-22.29654157077983,-33.09029792131908,-42.87680074215037,-51.5204278479536,-58.9009893010352,-64.91572948639207,-69.4820698188204,-72.5407000282136,-74.0569766628929,-74.0090870233075,-72.4001966030141,-69.2592751347631,-64.6367540203534,-58.60193181878931,-51.25055610853753,-42.70014022802099,-33.09029792131908,-22.58498875086036,-11.45914286708688,-2.8846000000000007,-14.0,11.45914286708688,22.58498875086036,33.09029792131908,42.70014022802099,51.25055610853753
117,2025-10-31 04:31:56,proposed,0.0,17.2941,33.756,48.34,60.4803,69.5445,75.0,76.3688,73.3085,65.7195,53.9248,38.4898,20.2481,0.0,-20.2481,-38.4898,-53.9248,-65.7195,-73.3085,-76.3688,-75.0,-69.5445,-60.4803,-48.34,-33.756,-17.2941,0.0,17.2941,33.756,48.34,60.4803,69.5445,75.0,76.3688,73.3085,65.7195,53.9248,38.4898,20.2481,0.0,-20.2481,-38.4898,-53.9248,-65.7195,-73.3085,-76.3688,-75.0,-69.5445,-60.4803,-48.34
118,2025-10-31 04:32:36,executed,0.0,17.2941,33.756,48.34,60.4803,69.5445,75.0,76.3688,73.3085,65.7195,53.9248,38.4898,20.2481,0.0,-20.2481,-38.4898,-53.9248,-65.7195,-73.3085,-76.3688,-75.0,-69.5445,-60.4803,-48.34,-33.756,-17.2941,0.0,17.2941,33.756,48.34,60.4803,69.5445,75.0,76.3688,73.3085,65.7195,53.9248,38.4898,20.2481,0.0,-20.2481,-38.4898,-53.9248,-65.7195,-73.3085,-76.3688,-75.0,-69.5445,-60.4803,-48.34
118,2025-10-31 04:33:27,proposed,0.0,9.374825000000001,18.541025,27.309075,35.5125,43.00000000000001,49.63875,55.309075,59.900000000000006,63.3125,65.4625,66.28875,65.741025,63.809075,60.50000000000001,55.85000000000001,49.9125,42.7625,34.50000000000001,25.25,15.15,4.35,-6.95,-18.75,-30.95,-43.00000000000001,-54.35,-64.55,-73.15,-79.75,-83.95,-85.55,-84.45,-80.65,-74.25,-65.45,-54.45,-41.45,-26.75,-10.65,6.05,23.35,40.85,58.15,74.85,90.55,104.85,117.45,128.05,136.45
119,2025-10-31 04:34:07,executed,0.0,9.374825000000001,18.541025,27.309075,35.5125,43.00000000000001,49.63875,55.309075,59.900000000000006,63.3125,65.4625,66.28875,65.741025,63.809075,60.50000000000001,55.85000000000001,49.9125,42.7625,34.50000000000001,25.25,15.15,4.35,-6.95,-18.75,-30.95,-43.00000000000001,-54.35,-64.55,-73.15,-79.75,-83.95,-85.55,-84.45,-80.65,-74.25,-65.45,-54.45,-41.45,-26.75,-10.65,6.05,23.35,40.85,58.15,74.85,90.55,104.85,117.45,128.05,136.45
119,2025-10-31 04:35:11,proposed,85.0,84.3367,82.2926,78.9959,74.5099,68.9726,62.5323,55.352,47.6009,39.4503,31.0709,22.6309,14.3006,6.2407,-1.4904,-8.8893,-15.8677,-22.3592,-28.3004,-33.6316,-38.3004,-42.2606,-45.4705,-47.9048,-49.5446,-50.3804,-49.5446,-47.9048,-45.4705,-42.2606,-38.3004,-33.6316,-28.3004,-22.3592,-15.8677,-8.8893,-1.4904,6.2407,14.3006,22.6309,31.0709,39.4503,47.6009,55.352,62.5323,68.9726,74.5099,78.9959,82.2926,84.3367
120,2025-10-31 04:35:51,executed,85.0,84.3367,82.2926,78.9959,74.5099,68.9726,62.5323,55.352,47.6009,39.4503,31.0709,22.6309,14.3006,6.2407,-1.4904,-8.8893,-15.8677,-22.3592,-28.3004,-33.6316,-38.3004,-42.2606,-45.4705,-47.9048,-49.5446,-50.3804,-49.5446,-47.9048,-45.4705,-42.2606,-38.3004,-33.6316,-28.3004,-22.3592,-15.8677,-8.8893,-1.4904,6.2407,14.3006,22.6309,31.0709,39.4503,47.6009,55.352,62.5323,68.9726,74.5099,78.9959,82.2926,84.3367
120,2025-10-31 04:37:16,proposed,70.0,69.574169,68.291845,66.164805,63.210403,59.452934,54.921389,49.649365,43.67489,37.040775,29.893826,22.384594,14.66442,6.885624,-0.822857,-8.489379,-16.027962,-23.359239,-30.407239,-37.098869,-43.362796,-49.132896,-54.345828,-58.941914,-62.86403,-66.059239,-68.477962,-70.074169,-70.809379,-70.653826,-69.574169,-67.550635,-64.570403,-60.630403,-55.740775,-49.927962,-43.226857,-35.684594,-27.352934,-18.291845,-8.564805,1.610403,11.969365,22.449365,32.984594,43.502934,53.932896,64.20403,70.0,70.0
121,2025-10-31 04:37:56,executed,70.0,69.574169,68.291845,66.164805,63.210403,59.452934,54.921389,49.649365,43.67489,37.040775,29.893826,22.384594,14.66442,6.885624,-0.822857,-8.489379,-16.027962,-23.359239,-30.407239,-37.098869,-43.362796,-49.132896,-54.345828,-58.941914,-62.86403,-66.059239,-68.477962,-70.074169,-70.809379,-70.653826,-69.574169,-67.550635,-64.570403,-60.630403,-55.740775,-49.927962,-43.226857,-35.684594,-27.352934,-18.291845,-8.564805,1.610403,11.969365,22.449365,32.984594,43.502934,53.932896,64.20403,70.0,70.0
121,2025-10-31 04:38:36,proposed,0.0,27.596,52.902,73.136,87.169,94.205,93.869,86.407,72.491,53.352,30.347,4.887,-21.096,-46.509,-69.466,-87.462,-99.171,-103.508,-99.171,-87.462,-69.466,-46.509,-21.096,4.887,30.347,53.352,72.491,86.407,93.869,94.205,87.169,73.136,52.902,27.596,0.0,-27.596,-52.902,-73.136,-87.169,-94.205,-93.869,-86.407,-72.491,-53.352,-30.347,-4.887,21.096,46.509,69.466,87.462
122,2025-10-31 04:39:16,executed,0.0,27.596,52.902,73.136,87.169,94.205,93.869,86.407,72.491,53.352,30.347,4.887,-21.096,-46.509,-69.466,-87.462,-99.171,-103.508,-99.171,-87.462,-69.466,-46.509,-21.096,4.887,30.347,53.352,72.491,86.407,93.869,94.205,87.169,73.136,52.902,27.596,0.0,-27.596,-52.902,-73.136,-87.169,-94.205,-93.869,-86.407,-72.491,-53.352,-30.347,-4.887,21.096,46.509,69.466,87.462
122,2025-10-31 04:40:58,proposed,80.0,79.3466,77.3999,74.2086,69.8463,64.3941,57.9409,50.5828,42.4239,33.5765,24.159,14.2958,4.1147,-6.216,-16.5029,-26.6004,-36.3653,-45.6669,-54.3879,-62.4169,-69.6588,-76.026,-80.0,-79.6826,-76.026,-69.6588,-62.4169,-54.3879,-45.6669,-36.3653,-26.6004,-16.5029,-6.216,4.1147,14.2958,24.159,33.5765,42.4239,50.5828,57.9409,64.3941,69.8463,74.2086,77.3999,79.3466,80.0,79.3466,77.3999,74.2086,69.8463
123,2025-10-31 04:41:38,executed,80.0,79.3466,77.3999,74.2086,69.8463,64.3941,57.9409,50.5828,42.4239,33.5765,24.159,14.2958,4.1147,-6.216,-16.5029,-26.6004,-36.3653,-45.6669,-54.3879,-62.4169,-69.6588,-76.026,-80.0,-79.6826,-76.026,-69.6588,-62.4169,-54.3879,-45.6669,-36.3653,-26.6004,-16.5029,-6.216,4.1147,14.2958,24.159,33.5765,42.4239,50.5828,57.9409,64.3941,69.8463,74.2086,77.3999,79.3466,80.0,79.3466,77.3999,74.2086,69.8463
123,2025-10-31 04:42:29,proposed,0.0,11.432296,22.585098,33.090332,42.700115,51.250608,58.601905,64.636806,69.259325,72.400244,74.009115,74.05703,72.54073,69.482103,64.915723,58.901002,51.520404,42.876807,33.090332,22.296531,10.641002,-1.442301,-14.0,-26.223187,-37.76594,-48.34002,-57.79502,-65.9196,-72.5685,-77.61,-80.9602,-82.5685,-82.479,-80.799,-77.61,-72.9196,-66.864,-59.5085,-50.994,-41.502,-31.1725,-20.1558,-8.604,2.9348,14.4902,25.71,36.3653,46.3077,55.46,63.719
124,2025-10-31 04:43:09,executed,0.0,11.432296,22.585098,33.090332,42.700115,51.250608,58.601905,64.636806,69.259325,72.400244,74.009115,74.05703,72.54073,69.482103,64.915723,58.901002,51.520404,42.876807,33.090332,22.296531,10.641002,-1.442301,-14.0,-26.223187,-37.76594,-48.34002,-57.79502,-65.9196,-72.5685,-77.61,-80.9602,-82.5685,-82.479,-80.799,-77.61,-72.9196,-66.864,-59.5085,-50.994,-41.502,-31.1725,-20.1558,-8.604,2.9348,14.4902,25.71,36.3653,46.3077,55.46,63.719
124,2025-10-31 04:44:22,proposed,0.0,5.0004,9.8877,14.564,18.9398,22.936,26.476,29.4957,31.943,33.7749,34.9621,35.4998,35.3706,34.5704,33.1118,31.0197,28.3228,25.052,21.2415,16.9272,12.156,6.9866,1.4866,-4.204,-9.9999,-15.7029,-21.1927,-26.353,-31.0709,-35.2398,-38.7503,-41.5099,-43.4347,-44.464,-44.5506,-43.667,-41.8028,-39.0068,-35.353,-30.9347,-25.8622,-20.2606,-14.2606,-7.9893,-1.5703,4.919,11.309,17.4898,23.36,28.8228
125,2025-10-31 04:45:02,executed,0.0,5.0004,9.8877,14.564,18.9398,22.936,26.476,29.4957,31.943,33.7749,34.9621,35.4998,35.3706,34.5704,33.1118,31.0197,28.3228,25.052,21.2415,16.9272,12.156,6.9866,1.4866,-4.204,-9.9999,-15.7029,-21.1927,-26.353,-31.0709,-35.2398,-38.7503,-41.5099,-43.4347,-44.464,-44.5506,-43.667,-41.8028,-39.0068,-35.353,-30.9347,-25.8622,-20.2606,-14.2606,-7.9893,-1.5703,4.919,11.309,17.4898,23.36,28.8228
125,2025-10-31 04:46:02,proposed,0.0,7.62564245645511,15.08873998818805,22.20850020163351,28.91684346747539,35.1492063060447,40.84410141935689,45.94300329068085,50.39180735398274,54.14090627797828,57.14620986791054,59.370000000000005,60.77980735398274,61.35040141935689,61.0635063060447,59.90990020163351,57.88944245645511,55.01055754354489,51.29180735398274,46.75990329068085,41.44200141935689,35.3741063060447,28.69184346747539,21.430000000000003,13.62534245645511,5.31490754354489,-3.30390754354489,-12.19654245645511,-21.24830020163351,-30.39764346747539,-39.5880063060447,-48.75520141935689,-57.82190329068085,-66.70970735398274,-75.33970627797828,-83.63420986791054,-91.5173,-98.90390735398275,-105.71900141935689,-111.8806063060447,-117.30564346747539,-121.9167002016335,-125.63714245645511,-128.39945754354488,-130.13680735398273,-130.78430329068084,-130.2764014193569,-128.5526063060447,-125.55284346747538,-121.227
126,2025-10-31 04:46:42,executed,0.0,7.62564245645511,15.08873998818805,22.20850020163351,28.91684346747539,35.1492063060447,40.84410141935689,45.94300329068085,50.39180735398274,54.14090627797828,57.14620986791054,59.370000000000005,60.77980735398274,61.35040141935689,61.0635063060447,59.90990020163351,57.88944245645511,55.01055754354489,51.29180735398274,46.75990329068085,41.44200141935689,35.3741063060447,28.69184346747539,21.430000000000003,13.62534245645511,5.31490754354489,-3.30390754354489,-12.19654245645511,-21.24830020163351,-30.39764346747539,-39.5880063060447,-48.75520141935689,-57.82190329068085,-66.70970735398274,-75.33970627797828,-83.63420986791054,-91.5173,-98.90390735398275,-105.71900141935689,-111.8806063060447,-117.30564346747539,-121.9167002016335,-125.63714245645511,-128.39945754354488,-130.13680735398273,-130.78430329068084,-130.2764014193569,-128.5526063060447,-125.55284346747538,-121.227
126,2025-10-31 04:48:14,proposed,90.0,88.98007469796096,85.9600989018449,81.00000000000001,74.20000000000002,65.66000000000001,55.46000000000001,43.7,30.500000000000004,16.000000000000004,0.300000000000004,-15.000000000000004,-29.000000000000004,-41.50000000000001,-52.00000000000001,-60.00000000000001,-65.00000000000001,-67.00000000000001,-66.00000000000001,-62.00000000000001,-55.00000000000001,-45.00000000000001,-32.00000000000001,-16.000000000000004,0.0,16.000000000000004,32.00000000000001,45.00000000000001,55.00000000000001,62.00000000000001,66.00000000000001,67.00000000000001,65.00000000000001,60.00000000000001,52.00000000000001,41.50000000000001,29.000000000000004,15.000000000000004,0.300000000000004,-16.000000000000004,-30.500000000000004,-43.7,-55.46000000000001,-65.66000000000001,-74.20000000000002,-81.00000000000001,-85.9600989018449,-88.98007469796096,-90.0,-88.98007469796096
127,2025-10-31 04:48:54,executed,90.0,88.98007469796096,85.9600989018449,81.00000000000001,74.20000000000002,65.66000000000001,55.46000000000001,43.7,30.500000000000004,16.000000000000004,0.300000000000004,-15.000000000000004,-29.000000000000004,-41.50000000000001,-52.00000000000001,-60.00000000000001,-65.00000000000001,-67.00000000000001,-66.00000000000001,-62.00000000000001,-55.00000000000001,-45.00000000000001,-32.00000000000001,-16.000000000000004,0.0,16.000000000000004,32.00000000000001,45.00000000000001,55.00000000000001,62.00000000000001,66.00000000000001,67.00000000000001,65.00000000000001,60.00000000000001,52.00000000000001,41.50000000000001,29.000000000000004,15.000000000000004,0.300000000000004,-16.000000000000004,-30.500000000000004,-43.7,-55.46000000000001,-65.66000000000001,-74.20000000000002,-81.00000000000001,-85.9600989018449,-88.98007469796096,-90.0,-88.98007469796096
127,2025-10-31 04:50:10,proposed,0.0,10.098489,20.0,29.510565,38.404604,46.563719,53.877085,60.25,65.605903,69.879219,73.018789,74.98,75.733719,75.26,73.559032,70.641769,66.529085,61.251,54.85,47.38,38.9,29.47,19.15,8.0,-4.0,-16.0,-27.15,-37.38,-46.563719,-54.599032,-61.377085,-66.8,-70.78,-73.24,-74.12,-73.37,-70.95,-66.8,-60.9,-53.3,-44.0,-33.0,-20.3,-6.0,8.0,21.0,33.0,43.0,51.0,57.0
128,2025-10-31 04:50:50,executed,0.0,10.098489,20.0,29.510565,38.404604,46.563719,53.877085,60.25,65.605903,69.879219,73.018789,74.98,75.733719,75.26,73.559032,70.641769,66.529085,61.251,54.85,47.38,38.9,29.47,19.15,8.0,-4.0,-16.0,-27.15,-37.38,-46.563719,-54.599032,-61.377085,-66.8,-70.78,-73.24,-74.12,-73.37,-70.95,-66.8,-60.9,-53.3,-44.0,-33.0,-20.3,-6.0,8.0,21.0,33.0,43.0,51.0,57.0
128,2025-10-31 04:52:23,proposed,0.0,28.6918,51.2918,66.7027,74.5099,74.0101,65.7195,50.8559,30.3474,5.3149,-19.8406,-42.4239,-60.6122,-72.2451,-75.0,-68.407,-53.352,-31.716,-5.6946,19.907,42.9669,61.1601,72.684,75.0,68.407,53.352,31.716,5.6946,-19.907,-42.9669,-61.1601,-72.684,-75.0,-68.407,-53.352,-31.716,-5.6946,19.907,42.9669,61.1601,72.684,75.0,68.407,53.352,31.716,5.6946,-19.907,-42.9669,-61.1601,-72.684
129,2025-10-31 04:53:03,executed,0.0,28.6918,51.2918,66.7027,74.5099,74.0101,65.7195,50.8559,30.3474,5.3149,-19.8406,-42.4239,-60.6122,-72.2451,-75.0,-68.407,-53.352,-31.716,-5.6946,19.907,42.9669,61.1601,72.684,75.0,68.407,53.352,31.716,5.6946,-19.907,-42.9669,-61.1601,-72.684,-75.0,-68.407,-53.352,-31.716,-5.6946,19.907,42.9669,61.1601,72.684,75.0,68.407,53.352,31.716,5.6946,-19.907,-42.9669,-61.1601,-72.684
129,2025-10-31 04:53:54,proposed,54.456,50.096,45.824,41.64,37.544,33.536,29.616,25.784,22.04,18.384,14.816,11.336,7.944,4.64,1.424,-1.696,-4.704,-7.6,-10.384,-13.056,-15.616,-18.064,-20.3999,-22.624,-24.736,-26.736,-28.624,-30.3999,-32.064,-33.616,-35.056,-36.384,-37.6,-38.704,-39.696,-40.576,-41.344,-41.9999,-42.544,-42.976,-43.296,-43.504,-43.5999,-43.584,-43.456,-43.216,-42.864,-42.3999,-41.824,-41.136
130,2025-10-31 04:54:34,executed,54.456,50.096,45.824,41.64,37.544,33.536,29.616,25.784,22.04,18.384,14.816,11.336,7.944,4.64,1.424,-1.696,-4.704,-7.6,-10.384,-13.056,-15.616,-18.064,-20.3999,-22.624,-24.736,-26.736,-28.624,-30.3999,-32.064,-33.616,-35.056,-36.384,-37.6,-38.704,-39.696,-40.576,-41.344,-41.9999,-42.544,-42.976,-43.296,-43.504,-43.5999,-43.584,-43.456,-43.216,-42.864,-42.3999,-41.824,-41.136
130,2025-10-31 04:55:48,proposed,0.0,18.54102,35.5125,49.63884,60.48033,67.5506,70.0,67.5506,60.48033,49.63884,35.5125,18.54102,0.0,-18.54102,-35.5125,-49.63884,-60.48033,-67.5506,-70.0,-67.5506,-60.48033,-49.63884,-35.5125,-18.54102,-0.0,18.54102,35.5125,49.63884,60.48033,67.5506,70.0,67.5506,60.48033,49.63884,35.5125,18.54102,0.0,-18.54102,-35.5125,-49.63884,-60.48033,-67.5506,-70.0,-67.5506,-60.48033,-49.63884,-35.5125,-18.54102,-0.0,18.54102
131,2025-10-31 04:56:28,executed,0.0,18.54102,35.5125,49.63884,60.48033,67.5506,70.0,67.5506,60.48033,49.63884,35.5125,18.54102,0.0,-18.54102,-35.5125,-49.63884,-60.48033,-67.5506,-70.0,-67.5506,-60.48033,-49.63884,-35.5125,-18.54102,-0.0,18.54102,35.5125,49.63884,60.48033,67.5506,70.0,67.5506,60.48033,49.63884,35.5125,18.54102,0.0,-18.54102,-35.5125,-49.63884,-60.48033,-67.5506,-70.0,-67.5506,-60.48033,-49.63884,-35.5125,-18.54102,-0.0,18.54102
131,2025-10-31 04:57:40,proposed,0.0,9.525008,18.898822,27.962079,36.566373,44.566275,51.821966,58.200171,63.576856,67.839845,70.887227,72.63185,73.00072,71.93673,69.40059,65.376856,59.96023,53.26532,45.42399,36.576856,26.887227,16.51685,5.63185,-5.63185,-16.51685,-26.887227,-36.576856,-45.42399,-53.26532,-59.96023,-65.376856,-69.40059,-71.93673,-73.00072,-72.63185,-70.887227,-67.839845,-63.576856,-58.200171,-51.821966,-44.566275,-36.566373,-27.962079,-18.898822,-9.525008,-0.0,9.525008,18.898822,27.962079,36.566373
132,2025-10-31 04:58:20,executed,0.0,9.525008,18.898822,27.962079,36.566373,44.566275,51.821966,58.200171,63.576856,67.839845,70.887227,72.63185,73.00072,71.93673,69.40059,65.376856,59.96023,53.26532,45.42399,36.576856,26.887227,16.51685,5.63185,-5.63185,-16.51685,-26.887227,-36.576856,-45.42399,-53.26532,-59.96023,-65.376856,-69.40059,-71.93673,-73.00072,-72.63185,-70.887227,-67.839845,-63.576856,-58.200171,-51.821966,-44.566275,-36.566373,-27.962079,-18.898822,-9.525008,-0.0,9.525008,18.898822,27.962079,36.566373
132,2025-10-31 04:59:12,proposed,0.0,7.433670692739556,14.60599298782979,21.35080924900763,27.50346067757041,33.00407986047545,37.79979703417743,41.84541019664689,45.10398670104769,47.54593414909185,49.15099602070387,49.91444073450917,49.84593414909185,48.96038318042468,47.28929762391696,44.87702879612009,41.77943007019557,38.05606477889669,33.77180436854586,29.00694109747976,23.84593414909185,18.37642004245059,12.68827725832791,6.873295980072068,1.023249154092892,-4.887060790209228,-10.68827725832791,-16.27642004245059,-21.54593414909185,-26.40694109747976,-30.77180436854586,-34.56606477889669,-37.79943007019557,-40.48929762391696,-42.56038318042468,-43.96444073450917,-44.66099602070387,-44.62593414909185,-43.85398670104769,-42.35041019664689,-40.13979703417743,-37.25407986047545,-33.72346067757041,-29.58080924900763,-24.86599298782979,-19.623670692739555,-13.900000000000002,-7.750000000000001,-1.2250000000000003,5.0
133,2025-10-31 04:59:52,executed,0.0,7.433670692739556,14.60599298782979,21.35080924900763,27.50346067757041,33.00407986047545,37.79979703417743,41.84541019664689,45.10398670104769,47.54593414909185,49.15099602070387,49.91444073450917,49.84593414909185,48.96038318042468,47.28929762391696,44.87702879612009,41.77943007019557,38.05606477889669,33.77180436854586,29.00694109747976,23.84593414909185,18.37642004245059,12.68827725832791,6.873295980072068,1.023249154092892,-4.887060790209228,-10.68827725832791,-16.27642004245059,-21.54593414909185,-26.40694109747976,-30.77180436854586,-34.56606477889669,-37.79943007019557,-40.48929762391696,-42.56038318042468,-43.96444073450917,-44.66099602070387,-44.62593414909185,-43.85398670104769,-42.35041019664689,-40.13979703417743,-37.25407986047545,-33.72346067757041,-29.58080924900763,-24.86599298782979,-19.623670692739555,-13.900000000000002,-7.750000000000001,-1.2250000000000003,5.0
133,2025-10-31 05:01:27,proposed,70.0,69.8309,69.3259,68.4897,67.3292,65.852,64.067,61.9836,59.612,56.9631,54.0486,50.8814,47.4746,43.8416,40.0,35.9686,31.767,27.4151,22.933,18.341,13.659,8.907,4.095,-0.767,-5.679,-10.511,-15.198,-19.676,-23.882,-27.756,-31.24,-34.28,-36.826,-38.838,-40.28,-41.12,-41.332,-40.904,-39.83,-38.11,-35.75,-32.76,-29.16,-24.97,-20.22,-14.95,-9.21,-3.07,3.48,10.37
134,2025-10-31 05:02:07,executed,70.0,69.8309,69.3259,68.4897,67.3292,65.852,64.067,61.9836,59.612,56.9631,54.0486,50.8814,47.4746,43.8416,40.0,35.9686,31.767,27.4151,22.933,18.341,13.659,8.907,4.095,-0.767,-5.679,-10.511,-15.198,-19.676,-23.882,-27.756,-31.24,-34.28,-36.826,-38.838,-40.28,-41.12,-41.332,-40.904,-39.83,-38.11,-35.75,-32.76,-29.16,-24.97,-20.22,-14.95,-9.21,-3.07,3.48,10.37
134,2025-10-31 05:02:58,proposed,80.0,79.2831936997036,77.1408018659101,73.64936015569477,68.8953163773722,62.99015948332026,56.06316223782784,48.2562479420078,39.72970500732497,30.65103405781682,21.20050482559599,11.56019029801889,1.916847849495764,-7.739095646199343,-17.38790240902581,-26.89869584347743,-36.14234079813298,-45.00000000000001,-53.35331326442654,-61.0850201662998,-68.0805126830386,-74.2307908977119,-79.4320942699863,-83.5857248557999,-86.60254037844386,-88.4,-88.9,-88.03223075904576,-85.7606086776092,-82.0716491799797,-77.00000000000001,-70.6202970634698,-62.99015948332026,-54.2,-44.38000000000001,-33.68000000000001,-22.260000000000005,-10.300000000000004,1.916847849495764,14.100000000000003,26.000000000000004,37.400000000000006,48.10000000000001,57.900000000000006,66.60000000000001,74.00000000000001,79.9,84.20000000000002,86.80000000000001,87.60000000000001
135,2025-10-31 05:03:38,executed,80.0,79.2831936997036,77.1408018659101,73.64936015569477,68.8953163773722,62.99015948332026,56.06316223782784,48.2562479420078,39.72970500732497,30.65103405781682,21.20050482559599,11.56019029801889,1.916847849495764,-7.739095646199343,-17.38790240902581,-26.89869584347743,-36.14234079813298,-45.00000000000001,-53.35331326442654,-61.0850201662998,-68.0805126830386,-74.2307908977119,-79.4320942699863,-83.5857248557999,-86.60254037844386,-88.4,-88.9,-88.03223075904576,-85.7606086776092,-82.0716491799797,-77.00000000000001,-70.6202970634698,-62.99015948332026,-54.2,-44.38000000000001,-33.68000000000001,-22.260000000000005,-10.300000000000004,1.916847849495764,14.100000000000003,26.000000000000004,37.400000000000006,48.10000000000001,57.900000000000006,66.60000000000001,74.00000000000001,79.9,84.20000000000002,86.80000000000001,87.60000000000001
135,2025-10-31 05:04:41,proposed,100.0,98.76883405951378,95.10565162951535,89.1006522900989,80.90169943749476,70.71067811865476,58.77852522924731,45.39904997395467,30.89946946913486,15.56150243400192,-0.0,-15.56150243400192,-30.89946946913486,-45.39904997395467,-58.77852522924731,-70.71067811865476,-80.90169943749476,-89.1006522900989,-95.10565162951535,-98.76883405951378,-100.0,-98.76883405951378,-95.10565162951535,-89.1006522900989,-80.90169943749476,-70.71067811865476,-58.77852522924731,-45.39904997395467,-30.89946946913486,-15.56150243400192,-0.0,15.56150243400192,30.89946946913486,45.39904997395467,58.77852522924731,70.71067811865476,80.90169943749476,89.1006522900989,95.10565162951535,98.76883405951378,100.0,98.76883405951378,95.10565162951535,89.1006522900989,80.90169943749476,70.71067811865476,58.77852522924731,45.39904997395467,30.89946946913486,15.56150243400192
136,2025-10-31 05:05:21,executed,100.0,98.76883405951378,95.10565162951535,89.1006522900989,80.90169943749476,70.71067811865476,58.77852522924731,45.39904997395467,30.89946946913486,15.56150243400192,-0.0,-15.56150243400192,-30.89946946913486,-45.39904997395467,-58.77852522924731,-70.71067811865476,-80.90169943749476,-89.1006522900989,-95.10565162951535,-98.76883405951378,-100.0,-98.76883405951378,-95.10565162951535,-89.1006522900989,-80.90169943749476,-70.71067811865476,-58.77852522924731,-45.39904997395467,-30.89946946913486,-15.56150243400192,-0.0,15.56150243400192,30.89946946913486,45.39904997395467,58.77852522924731,70.71067811865476,80.90169943749476,89.1006522900989,95.10565162951535,98.76883405951378,100.0,98.76883405951378,95.10565162951535,89.1006522900989,80.90169943749476,70.71067811865476,58.77852522924731,45.39904997395467,30.89946946913486,15.56150243400192
136,2025-10-31 05:06:26,proposed,1.4423,1.4423,1.4423,1.4423,1.4423,1.4423,1.4423,1.4423,1.4423,1.4423,1.4423,1.4423,1.4423,1.4423,1.4423,1.4423,1.4423,1.4423,1.4423,1.4423,1.4423,1.4423,1.4423,1.4423,1.4423,1.4423,1.4423,1.4423,1.4423,1.4423,1.4423,1.4423,1.4423,1.4423,1.4423,1.4423,1.4423,1.4423,1.4423,1.4423,1.4423,1.4423,1.4423,1.4423,1.4423,1.4423,1.4423,1.4423,1.4423,1.4423
137,2025-10-31 05:07:06,executed,1.4423,1.4423,1.4423,1.4423,1.4423,1.4423,1.4423,1.4423,1.4423,1.4423,1.4423,1.4423,1.4423,1.4423,1.4423,1.4423,1.4423,1.4423,1.4423,1.4423,1.4423,1.4423,1.4423,1.4423,1.4423,1.4423,1.4423,1.4423,1.4423,1.4423,1.4423,1.4423,1.4423,1.4423,1.4423,1.4423,1.4423,1.4423,1.4423,1.4423,1.4423,1.4423,1.4423,1.4423,1.4423,1.4423,1.4423,1.4423,1.4423,1.4423
137,2025-10-31 05:07:54,proposed,5.0,18.335,31.066,42.502,52.16,59.739,65.176,68.468,69.65,68.89,66.382,62.348,56.999,50.55,43.221,35.24,26.837,18.239,9.676,3.37,-2.25,-7.025,-10.9,-13.84,-15.82,-16.835,-16.88,-16.0,-14.23,-11.63,-8.26,-4.2,0.43,5.4,10.5,15.6,20.6,25.3,29.6,33.4,36.6,39.1,40.9,41.9,42.1,41.5,40.1,37.9,34.9,5.0
138,2025-10-31 05:08:34,executed,5.0,18.335,31.066,42.502,52.16,59.739,65.176,68.468,69.65,68.89,66.382,62.348,56.999,50.55,43.221,35.24,26.837,18.239,9.676,3.37,-2.25,-7.025,-10.9,-13.84,-15.82,-16.835,-16.88,-16.0,-14.23,-11.63,-8.26,-4.2,0.43,5.4,10.5,15.6,20.6,25.3,29.6,33.4,36.6,39.1,40.9,41.9,42.1,41.5,40.1,37.9,34.9,5.0
138,2025-10-31 05:09:52,proposed,90.0,89.2620984803737,87.0570498642279,83.4710186549591,78.5831005884976,72.4909988164047,65.3051086080922,57.1511082699898,48.1583995642279,38.4682006354399,28.2261005884976,17.5800984803737,6.6830498642279,-4.2040186549591,-14.9081005884976,-25.2280988164047,-35.0080498642279,-44.1101086080922,-52.4171082699898,-59.8293995642279,-66.2570006354399,-71.6200984803737,-75.8400498642279,-78.8500186549591,-80.6021005884976,-81.0690988164047,-80.2370498642279,-78.1100186549591,-74.7081005884976,-70.0600988164047,-64.2960498642279,-57.5500186549591,-49.9691005884976,-41.6990988164047,-32.8950498642279,-23.7190186549591,-14.3309994115024,-4.8879015196263,4.4909994115024,13.6830498642279,22.5930186549591,31.1291005884976,39.2040988164047,46.7380498642279,53.6570186549591,59.8971005884976,65.3990988164047,70.1100498642279,74.0010186549591,77.0581005884976
139,2025-10-31 05:10:32,executed,90.0,89.2620984803737,87.0570498642279,83.4710186549591,78.5831005884976,72.4909988164047,65.3051086080922,57.1511082699898,48.1583995642279,38.4682006354399,28.2261005884976,17.5800984803737,6.6830498642279,-4.2040186549591,-14.9081005884976,-25.2280988164047,-35.0080498642279,-44.1101086080922,-52.4171082699898,-59.8293995642279,-66.2570006354399,-71.6200984803737,-75.8400498642279,-78.8500186549591,-80.6021005884976,-81.0690988164047,-80.2370498642279,-78.1100186549591,-74.7081005884976,-70.0600988164047,-64.2960498642279,-57.5500186549591,-49.9691005884976,-41.6990988164047,-32.8950498642279,-23.7190186549591,-14.3309994115024,-4.8879015196263,4.4909994115024,13.6830498642279,22.5930186549591,31.1291005884976,39.2040988164047,46.7380498642279,53.6570186549591,59.8971005884976,65.3990988164047,70.1100498642279,74.0010186549591,77.0581005884976
139,2025-10-31 05:12:44,proposed,0.0,11.4925,22.6994,33.4026,43.2986,52.2035,59.9702,66.4862,71.6607,75.4185,77.709,78.5086,77.8181,75.6602,72.0718,67.1028,60.8196,53.3099,44.672,35.037,24.537,13.2974,1.4423,-10.709,-23.19,-35.71,-48.0,-59.8,-70.9,-81.0,-89.9,-97.5,-103.6,-108.0,-110.6,-111.4,-110.3,-107.4,-102.6,-96.1,-87.9,-78.2,-67.1,-54.7,-41.2,-26.7,-11.4,4.4,20.6,37.0
140,2025-10-31 05:13:24,executed,0.0,11.4925,22.6994,33.4026,43.2986,52.2035,59.9702,66.4862,71.6607,75.4185,77.709,78.5086,77.8181,75.6602,72.0718,67.1028,60.8196,53.3099,44.672,35.037,24.537,13.2974,1.4423,-10.709,-23.19,-35.71,-48.0,-59.8,-70.9,-81.0,-89.9,-97.5,-103.6,-108.0,-110.6,-111.4,-110.3,-107.4,-102.6,-96.1,-87.9,-78.2,-67.1,-54.7,-41.2,-26.7,-11.4,4.4,20.6,37.0
140,2025-10-31 05:14:50,proposed,63.63961030678928,85.9328243685955,90.0,77.05810577773204,49.99999999999999,13.68301270189221,-22.59301270189221,-53.65701270189221,-77.05810577773204,-89.8979485566356,-89.8979485566356,-77.05810577773204,-53.65701270189221,-22.59301270189221,13.68301270189221,49.99999999999999,77.05810577773204,90.0,85.9328243685955,63.63961030678928,29.289321881345245,-8.60401270189221,-47.02280502280502,-75.0,-89.8979485566356,-85.9328243685955,-63.63961030678928,-29.289321881345245,8.60401270189221,47.02280502280502,75.0,89.8979485566356,85.9328243685955,63.63961030678928,29.289321881345245,-8.60401270189221,-47.02280502280502,-75.0,-89.8979485566356,-85.9328243685955,-63.63961030678928,-29.289321881345245,8.60401270189221,47.02280502280502,75.0,89.8979485566356,85.9328243685955,63.63961030678928,29.289321881345245,-8.60401270189221
141,2025-10-31 05:15:30,executed,63.63961030678928,85.9328243685955,90.0,77.05810577773204,49.99999999999999,13.68301270189221,-22.59301270189221,-53.65701270189221,-77.05810577773204,-89.8979485566356,-89.8979485566356,-77.05810577773204,-53.65701270189221,-22.59301270189221,13.68301270189221,49.99999999999999,77.05810577773204,90.0,85.9328243685955,63.63961030678928,29.289321881345245,-8.60401270189221,-47.02280502280502,-75.0,-89.8979485566356,-85.9328243685955,-63.63961030678928,-29.289321881345245,8.60401270189221,47.02280502280502,75.0,89.8979485566356,85.9328243685955,63.63961030678928,29.289321881345245,-8.60401270189221,-47.02280502280502,-75.0,-89.8979485566356,-85.9328243685955,-63.63961030678928,-29.289321881345245,8.60401270189221,47.02280502280502,75.0,89.8979485566356,85.9328243685955,63.63961030678928,29.289321881345245,-8.60401270189221
141,2025-10-31 05:16:18,proposed,0.0,8.913495,17.671077,26.105269,34.04505,41.328325,47.809071,53.35926,57.86903,61.24794,63.42596,64.35415,64.00845,62.39486,59.54848,55.52309,50.39908,44.27218,37.25686,29.47596,21.06994,12.18738,2.98293,-6.326353,-15.40464,-24.14868,-32.45903,-40.23926,-47.39868,-53.85926,-59.55903,-64.44794,-68.48596,-71.64415,-73.89845,-75.23848,-75.66026,-75.16026,-73.74026,-71.41026,-68.18026,-64.06026,-59.06026,-53.19026,-46.46026,-38.88026,-30.46026,-21.21026,-11.14026,0.0
142,2025-10-31 05:16:58,executed,0.0,8.913495,17.671077,26.105269,34.04505,41.328325,47.809071,53.35926,57.86903,61.24794,63.42596,64.35415,64.00845,62.39486,59.54848,55.52309,50.39908,44.27218,37.25686,29.47596,21.06994,12.18738,2.98293,-6.326353,-15.40464,-24.14868,-32.45903,-40.23926,-47.39868,-53.85926,-59.55903,-64.44794,-68.48596,-71.64415,-73.89845,-75.23848,-75.66026,-75.16026,-73.74026,-71.41026,-68.18026,-64.06026,-59.06026,-53.19026,-46.46026,-38.88026,-30.46026,-21.21026,-11.14026,0.0
142,2025-10-31 05:18:11,proposed,73.5786,85.679,94.6726,99.4925,99.2319,94.0229,84.1166,69.967,52.195,31.5436,8.8789,-14.225,-36.7214,-57.9409,-77.0581,-93.385,-99.7028,-99.1705,-93.869,-84.4025,-71.472,-55.76,-37.9598,-18.75,1.2537,21.099,39.9009,56.989,71.6402,83.195,91.385,96.1602,97.5099,95.4658,90.1901,81.909,70.909,57.595,42.3458,25.5615,7.828,-9.9999,-27.64,-43.667,-57.595,-69.0279,-77.79,-83.7439,-86.766,-86.766
143,2025-10-31 05:18:51,executed,73.5786,85.679,94.6726,99.4925,99.2319,94.0229,84.1166,69.967,52.195,31.5436,8.8789,-14.225,-36.7214,-57.9409,-77.0581,-93.385,-99.7028,-99.1705,-93.869,-84.4025,-71.472,-55.76,-37.9598,-18.75,1.2537,21.099,39.9009,56.989,71.6402,83.195,91.385,96.1602,97.5099,95.4658,90.1901,81.909,70.909,57.595,42.3458,25.5615,7.828,-9.9999,-27.64,-43.667,-57.595,-69.0279,-77.79,-83.7439,-86.766,-86.766
143,2025-10-31 05:20:03,proposed,14.142135623730951,35.80808544956321,53.60533519803857,65.9083501178619,70.0,65.9083501178619,53.60533519803857,35.80808544956321,14.142135623730951,-9.142135623730951,-31.80808544956321,-49.60533519803857,-61.9083501178619,-66.0,-61.9083501178619,-49.60533519803857,-31.80808544956321,-9.142135623730951,14.142135623730951,35.80808544956321,53.60533519803857,65.9083501178619,70.0,65.9083501178619,53.60533519803857,35.80808544956321,14.142135623730951,-9.142135623730951,-31.80808544956321,-49.60533519803857,-61.9083501178619,-66.0,-61.9083501178619,-49.60533519803857,-31.80808544956321,-9.142135623730951,14.142135623730951,35.80808544956321,53.60533519803857,65.9083501178619,70.0,65.9083501178619,53.60533519803857,35.80808544956321,14.142135623730951,-9.142135623730951,-31.80808544956321,-49.60533519803857,-61.9083501178619,-66.0
144,2025-10-31 05:20:43,executed,14.142135623730951,35.80808544956321,53.60533519803857,65.9083501178619,70.0,65.9083501178619,53.60533519803857,35.80808544956321,14.142135623730951,-9.142135623730951,-31.80808544956321,-49.60533519803857,-61.9083501178619,-66.0,-61.9083501178619,-49.60533519803857,-31.80808544956321,-9.142135623730951,14.142135623730951,35.80808544956321,53.60533519803857,65.9083501178619,70.0,65.9083501178619,53.60533519803857,35.80808544956321,14.142135623730951,-9.142135623730951,-31.80808544956321,-49.60533519803857,-61.9083501178619,-66.0,-61.9083501178619,-49.60533519803857,-31.80808544956321,-9.142135623730951,14.142135623730951,35.80808544956321,53.60533519803857,65.9083501178619,70.0,65.9083501178619,53.60533519803857,35.80808544956321,14.142135623730951,-9.142135623730951,-31.80808544956321,-49.60533519803857,-61.9083501178619,-66.0
144,2025-10-31 05:21:36,proposed,96.0699,87.056,70.8385,50.0883,25.4385,-0.6615,-26.046,-49.8285,-70.0915,-85.9915,-96.5615,-101.0715,-99.0415,-90.2715,-75.0915,-54.0815,-28.2715,-1.0315,26.0385,50.8385,71.0485,85.9785,95.1185,97.9485,94.2785,84.4485,69.1785,49.3785,25.9285,0.0885,-25.2715,-49.2715,-70.1715,-86.0715,-96.7715,-101.3715,-99.4715,-90.8715,-75.8715,-55.0715,-29.3715,-2.2715,25.0785,49.9785,70.2785,85.9785,96.0785,100.0,97.0785,87.9785
145,2025-10-31 05:22:16,executed,96.0699,87.056,70.8385,50.0883,25.4385,-0.6615,-26.046,-49.8285,-70.0915,-85.9915,-96.5615,-101.0715,-99.0415,-90.2715,-75.0915,-54.0815,-28.2715,-1.0315,26.0385,50.8385,71.0485,85.9785,95.1185,97.9485,94.2785,84.4485,69.1785,49.3785,25.9285,0.0885,-25.2715,-49.2715,-70.1715,-86.0715,-96.7715,-101.3715,-99.4715,-90.8715,-75.8715,-55.0715,-29.3715,-2.2715,25.0785,49.9785,70.2785,85.9785,96.0785,100.0,97.0785,87.9785
145,2025-10-31 05:23:22,proposed,39.244,32.2598,25.5034,19.5298,14.9082,11.2086,5.7303,-3.4004,-11.246,-13.2502,-15.8205,-23.5253,-33.9701,-44.204,-53.7506,-62.399,-69.0003,-73.5004,-76.7005,-79.2006,-80.0,-77.6005,-71.1004,-61.3004,-51.1004,-41.9004,-32.9004,-24.1004,-16.4004,-9.7004,-3.3004,2.8004,8.8004,15.4004,23.1004,32.2004,42.1004,51.4004,59.8004,67.1004,72.5004,76.3004,78.9004,79.6004,78.2004,74.7004,69.1004,61.5004,53.6004,46.2004
146,2025-10-31 05:24:02,executed,39.244,32.2598,25.5034,19.5298,14.9082,11.2086,5.7303,-3.4004,-11.246,-13.2502,-15.8205,-23.5253,-33.9701,-44.204,-53.7506,-62.399,-69.0003,-73.5004,-76.7005,-79.2006,-80.0,-77.6005,-71.1004,-61.3004,-51.1004,-41.9004,-32.9004,-24.1004,-16.4004,-9.7004,-3.3004,2.8004,8.8004,15.4004,23.1004,32.2004,42.1004,51.4004,59.8004,67.1004,72.5004,76.3004,78.9004,79.6004,78.2004,74.7004,69.1004,61.5004,53.6004,46.2004
146,2025-10-31 05:26:05,proposed,80.01633519114768,89.99999999999999,80.01633519114768,50.08833950269096,10.661500000000002,-26.046000000000003,-57.8285,-80.0915,-90.0,-85.9915,-66.5615,-34.2715,0.08850000000000001,34.2715,66.5615,85.9915,90.0,80.0915,57.8285,26.046000000000003,-10.661500000000002,-50.08833950269096,-80.01633519114768,-89.99999999999999,-80.01633519114768,-50.08833950269096,-10.661500000000002,26.046000000000003,57.8285,80.0915,90.0,85.9915,66.5615,34.2715,0.08850000000000001,-34.2715,-66.5615,-85.9915,-90.0,-80.0915,-57.8285,-26.046000000000003,10.661500000000002,50.08833950269096,80.01633519114768,89.99999999999999,80.01633519114768,50.08833950269096,10.661500000000002,-26.046000000000003
147,2025-10-31 05:26:45,executed,80.01633519114768,89.99999999999999,80.01633519114768,50.08833950269096,10.661500000000002,-26.046000000000003,-57.8285,-80.0915,-90.0,-85.9915,-66.5615,-34.2715,0.08850000000000001,34.2715,66.5615,85.9915,90.0,80.0915,57.8285,26.046000000000003,-10.661500000000002,-50.08833950269096,-80.01633519114768,-89.99999999999999,-80.01633519114768,-50.08833950269096,-10.661500000000002,26.046000000000003,57.8285,80.0915,90.0,85.9915,66.5615,34.2715,0.08850000000000001,-34.2715,-66.5615,-85.9915,-90.0,-80.0915,-57.8285,-26.046000000000003,10.661500000000002,50.08833950269096,80.01633519114768,89.99999999999999,80.01633519114768,50.08833950269096,10.661500000000002,-26.046000000000003
147,2025-10-31 05:28:14,proposed,90.0,87.031,78.261,64.394,46.202,24.561,0.0,-24.561,-46.202,-64.394,-78.261,-87.031,-90.0,-87.031,-78.261,-64.394,-46.202,-24.561,0.0,24.561,46.202,64.394,78.261,87.031,90.0,87.031,78.261,64.394,46.202,24.561,0.0,-24.561,-46.202,-64.394,-78.261,-87.031,-90.0,-87.031,-78.261,-64.394,-46.202,-24.561,0.0,24.561,46.202,64.394,78.261,87.031,90.0,87.031
148,2025-10-31 05:28:54,executed,90.0,87.031,78.261,64.394,46.202,24.561,0.0,-24.561,-46.202,-64.394,-78.261,-87.031,-90.0,-87.031,-78.261,-64.394,-46.202,-24.561,0.0,24.561,46.202,64.394,78.261,87.031,90.0,87.031,78.261,64.394,46.202,24.561,0.0,-24.561,-46.202,-64.394,-78.261,-87.031,-90.0,-87.031,-78.261,-64.394,-46.202,-24.561,0.0,24.561,46.202,64.394,78.261,87.031,90.0,87.031
148,2025-10-31 05:29:45,proposed,85.0,84.303,82.2205,78.7905,74.0863,68.2045,61.258,53.3768,44.6976,35.3662,25.5312,15.3421,4.9575,-5.5099,-15.9082,-26.0004,-35.6083,-44.5684,-52.7562,-60.0592,-66.3768,-71.6201,-75.7107,-78.5831,-80.1756,-80.4502,-79.3705,-76.9999,-73.4207,-68.7214,-63.0004,-56.3653,-48.919,-40.778,-32.0792,-22.965,-13.5765,-4.0641,5.5099,15.004,24.209,32.91,40.9999,48.399,55.027,60.835,65.7436,69.6726,72.5506,74.319
149,2025-10-31 05:30:25,executed,85.0,84.303,82.2205,78.7905,74.0863,68.2045,61.258,53.3768,44.6976,35.3662,25.5312,15.3421,4.9575,-5.5099,-15.9082,-26.0004,-35.6083,-44.5684,-52.7562,-60.0592,-66.3768,-71.6201,-75.7107,-78.5831,-80.1756,-80.4502,-79.3705,-76.9999,-73.4207,-68.7214,-63.0004,-56.3653,-48.919,-40.778,-32.0792,-22.965,-13.5765,-4.0641,5.5099,15.004,24.209,32.91,40.9999,48.399,55.027,60.835,65.7436,69.6726,72.5506,74.319
149,2025-10-31 05:32:12,proposed,66.0792,85.498,87.9702,75.0454,47.6416,12.3392,-24.4172,-51.3094,-75.6983,-89.9804,-88.922,-75.0454,-51.3094,-24.4172,12.3392,47.6416,75.0454,87.9702,85.498,66.0792,31.5436,-7.058,-44.599,-72.599,-89.9804,-85.498,-66.0792,-31.5436,7.058,44.599,72.599,89.9804,85.498,66.0792,31.5436,-7.058,-44.599,-72.599,-89.9804,-85.498,-66.0792,-31.5436,7.058,44.599,72.599,89.9804,85.498,66.0792,31.5436,-7.058
150,2025-10-31 05:32:52,executed,66.0792,85.498,87.9702,75.0454,47.6416,12.3392,-24.4172,-51.3094,-75.6983,-89.9804,-88.922,-75.0454,-51.3094,-24.4172,12.3392,47.6416,75.0454,87.9702,85.498,66.0792,31.5436,-7.058,-44.599,-72.599,-89.9804,-85.498,-66.0792,-31.5436,7.058,44.599,72.599,89.9804,85.498,66.0792,31.5436,-7.058,-44.599,-72.599,-89.9804,-85.498,-66.0792,-31.5436,7.058,44.599,72.599,89.9804,85.498,66.0792,31.5436,-7.058
150,2025-10-31 05:33:56,proposed,0.0,8.91350616990529,17.67110906208889,26.10530370603706,34.04510061555546,41.32830022067008,47.80910051185568,53.35930032970426,57.8690000287714,61.24790000000001,63.42600000000001,64.3542,64.00840000000001,62.39490000000001,59.54850000000001,55.52310000000001,50.39910000000001,44.27220000000001,37.25690000000001,29.47600000000001,21.06990000000001,12.18740000000001,2.98290000000001,-6.32640000000001,-15.40460000000001,-24.14870000000001,-32.45900000000001,-40.23930000000001,-47.39870000000001,-53.85930000000001,-59.55900000000001,-64.4479,-68.486,-71.64410000000001,-73.89840000000001,-75.23850000000002,-75.6603,-75.1603,-73.7403,-71.4103,-68.18030000000002,-64.06030000000001,-59.06030000000001,-53.19030000000001,-46.46030000000001,-38.88030000000001,-30.46030000000001,-21.21030000000001,-11.14030000000001,-0.0
151,2025-10-31 05:34:36,executed,0.0,8.91350616990529,17.67110906208889,26.10530370603706,34.04510061555546,41.32830022067008,47.80910051185568,53.35930032970426,57.8690000287714,61.24790000000001,63.42600000000001,64.3542,64.00840000000001,62.39490000000001,59.54850000000001,55.52310000000001,50.39910000000001,44.27220000000001,37.25690000000001,29.47600000000001,21.06990000000001,12.18740000000001,2.98290000000001,-6.32640000000001,-15.40460000000001,-24.14870000000001,-32.45900000000001,-40.23930000000001,-47.39870000000001,-53.85930000000001,-59.55900000000001,-64.4479,-68.486,-71.64410000000001,-73.89840000000001,-75.23850000000002,-75.6603,-75.1603,-73.7403,-71.4103,-68.18030000000002,-64.06030000000001,-59.06030000000001,-53.19030000000001,-46.46030000000001,-38.88030000000001,-30.46030000000001,-21.21030000000001,-11.14030000000001,-0.0
151,2025-10-31 05:36:13,proposed,110.0,105.1057,90.9017,68.7785,40.9017,10.0,-20.9017,-48.7785,-70.9017,-85.1057,-90.0,-85.1057,-70.9017,-48.7785,-20.9017,10.0,40.9017,68.7785,90.9017,105.1057,110.0,105.1057,90.9017,68.7785,40.9017,10.0,-20.9017,-48.7785,-70.9017,-85.1057,-90.0,-85.1057,-70.9017,-48.7785,-20.9017,10.0,40.9017,68.7785,90.9017,105.1057,110.0,105.1057,90.9017,68.7785,40.9017,10.0,-20.9017,-48.7785,-70.9017,-85.1057
152,2025-10-31 05:36:53,executed,110.0,105.1057,90.9017,68.7785,40.9017,10.0,-20.9017,-48.7785,-70.9017,-85.1057,-90.0,-85.1057,-70.9017,-48.7785,-20.9017,10.0,40.9017,68.7785,90.9017,105.1057,110.0,105.1057,90.9017,68.7785,40.9017,10.0,-20.9017,-48.7785,-70.9017,-85.1057,-90.0,-85.1057,-70.9017,-48.7785,-20.9017,10.0,40.9017,68.7785,90.9017,105.1057,110.0,105.1057,90.9017,68.7785,40.9017,10.0,-20.9017,-48.7785,-70.9017,-85.1057
152,2025-10-31 05:43:57,proposed,70.0,68.9801,65.9601,61.0,54.2,45.66,35.46,23.7,10.5,-3.0,-17.7,-32.0,-45.5,-57.0,-66.0,-72.0,-75.0,-75.0,-72.0,-66.0,-57.0,-45.5,-32.0,-17.7,-3.0,10.5,23.7,35.46,45.66,54.2,61.0,65.9601,68.9801,70.0,68.9801,65.9601,61.0,54.2,45.66,35.46,23.7,10.5,-3.0,-17.7,-32.0,-45.5,-57.0,-66.0,-72.0,-75.0
153,2025-10-31 05:44:37,executed,70.0,68.9801,65.9601,61.0,54.2,45.66,35.46,23.7,10.5,-3.0,-17.7,-32.0,-45.5,-57.0,-66.0,-72.0,-75.0,-75.0,-72.0,-66.0,-57.0,-45.5,-32.0,-17.7,-3.0,10.5,23.7,35.46,45.66,54.2,61.0,65.9601,68.9801,70.0,68.9801,65.9601,61.0,54.2,45.66,35.46,23.7,10.5,-3.0,-17.7,-32.0,-45.5,-57.0,-66.0,-72.0,-75.0
153,2025-10-31 05:46:09,proposed,0.0,9.135016,18.089989,26.761799,35.073995,42.953118,50.33044,57.141753,63.327599,68.833777,70.0,68.833777,63.327599,57.141753,50.33044,42.953118,35.073995,26.761799,18.089989,9.135016,0.0,-9.135016,-18.089989,-26.761799,-35.073995,70.0,69.398016,67.599999,64.638201,60.569999,55.460001,49.389999,42.458247,34.782401,26.497599,17.759999,8.649999,-0.0,-8.649999,-17.759999,-26.497599,-34.782401,-42.458247,-49.389999,-55.460001,-60.569999,-64.638201,-67.599999,-69.398016,-70.0
154,2025-10-31 05:46:49,executed,0.0,9.135016,18.089989,26.761799,35.073995,42.953118,50.33044,57.141753,63.327599,68.833777,70.0,68.833777,63.327599,57.141753,50.33044,42.953118,35.073995,26.761799,18.089989,9.135016,0.0,-9.135016,-18.089989,-26.761799,-35.073995,70.0,69.398016,67.599999,64.638201,60.569999,55.460001,49.389999,42.458247,34.782401,26.497599,17.759999,8.649999,-0.0,-8.649999,-17.759999,-26.497599,-34.782401,-42.458247,-49.389999,-55.460001,-60.569999,-64.638201,-67.599999,-69.398016,-70.0
154,2025-10-31 05:48:00,proposed,0.0,25.204,47.556,64.96,76.432,80.0,75.688,63.76,45.16,21.04,-5.28,-31.52,-55.28,-74.08,-80.0,-72.72,-53.2,-23.92,8.88,40.0,66.0,80.0,79.2,66.0,41.2,7.2,-28.0,-58.4,-78.4,-80.0,-69.6,-48.0,-17.6,16.0,47.2,72.0,80.0,72.72,53.2,23.92,-8.88,-40.0,-66.0,-80.0,-79.2,-66.0,-41.2,-7.2,28.0,0.0
155,2025-10-31 05:48:40,executed,0.0,25.204,47.556,64.96,76.432,80.0,75.688,63.76,45.16,21.04,-5.28,-31.52,-55.28,-74.08,-80.0,-72.72,-53.2,-23.92,8.88,40.0,66.0,80.0,79.2,66.0,41.2,7.2,-28.0,-58.4,-78.4,-80.0,-69.6,-48.0,-17.6,16.0,47.2,72.0,80.0,72.72,53.2,23.92,-8.88,-40.0,-66.0,-80.0,-79.2,-66.0,-41.2,-7.2,28.0,0.0
155,2025-10-31 05:50:04,proposed,48.0799,56.4673,63.3106,68.0,69.9999,69.9999,68.0,63.3106,56.4673,48.0799,38.5065,28.2046,17.3197,6.0567,-5.3414,-16.7909,-27.836,-38.3197,-48.0799,-56.4673,-63.3106,-68.0,-69.9999,-69.9999,-68.0,-63.3106,-56.4673,-48.0799,-38.5065,-28.2046,-17.3197,-6.0567,5.3414,16.7909,27.836,38.3197,48.0799,56.4673,63.3106,68.0,69.9999,69.9999,68.0,63.3106,56.4673,48.0799,38.5065,28.2046,17.3197,6.0567
156,2025-10-31 05:50:44,executed,48.0799,56.4673,63.3106,68.0,69.9999,69.9999,68.0,63.3106,56.4673,48.0799,38.5065,28.2046,17.3197,6.0567,-5.3414,-16.7909,-27.836,-38.3197,-48.0799,-56.4673,-63.3106,-68.0,-69.9999,-69.9999,-68.0,-63.3106,-56.4673,-48.0799,-38.5065,-28.2046,-17.3197,-6.0567,5.3414,16.7909,27.836,38.3197,48.0799,56.4673,63.3106,68.0,69.9999,69.9999,68.0,63.3106,56.4673,48.0799,38.5065,28.2046,17.3197,6.0567
156,2025-10-31 05:52:15,proposed,95.0,93.8038,90.2113,84.3005,76.1901,66.0279,54.0093,40.3809,25.4293,9.4619,-6.6028,-23.0104,-39.003,-53.858,-66.864,-77.4984,-85.3197,-90.0,-91.392,-89.4315,-84.288,-76.202,-65.3708,-52.1708,-37.013,-20.3904,-2.899,14.495,31.0709,46.509,60.4803,72.684,82.846,90.7298,96.126,98.9999,99.309,97.165,92.698,86.05,77.409,66.974,55.003,41.789,27.64,12.866,-2.271,-17.294,-31.756,-45.34
157,2025-10-31 05:52:55,executed,95.0,93.8038,90.2113,84.3005,76.1901,66.0279,54.0093,40.3809,25.4293,9.4619,-6.6028,-23.0104,-39.003,-53.858,-66.864,-77.4984,-85.3197,-90.0,-91.392,-89.4315,-84.288,-76.202,-65.3708,-52.1708,-37.013,-20.3904,-2.899,14.495,31.0709,46.509,60.4803,72.684,82.846,90.7298,96.126,98.9999,99.309,97.165,92.698,86.05,77.409,66.974,55.003,41.789,27.64,12.866,-2.271,-17.294,-31.756,-45.34
157,2025-10-31 05:54:23,proposed,80.0,79.3524,77.4106,74.2238,69.8631,64.4137,57.9657,50.6095,42.4548,33.6009,24.1834,14.3196,4.1378,-6.1929,-16.4795,-26.5768,-36.3422,-45.6444,-54.366,-62.3958,-69.6385,-76.0065,-80.0,-76.0065,-69.6385,-62.3958,-54.366,-45.6444,-36.3422,-26.5768,-16.4795,-6.1929,4.1378,14.3196,24.1834,33.6009,42.4548,50.6095,57.9657,64.4137,69.8631,74.2238,77.4106,79.3524,80.0,79.3524,77.4106,74.2238,69.8631,64.4137
158,2025-10-31 05:55:03,executed,80.0,79.3524,77.4106,74.2238,69.8631,64.4137,57.9657,50.6095,42.4548,33.6009,24.1834,14.3196,4.1378,-6.1929,-16.4795,-26.5768,-36.3422,-45.6444,-54.366,-62.3958,-69.6385,-76.0065,-80.0,-76.0065,-69.6385,-62.3958,-54.366,-45.6444,-36.3422,-26.5768,-16.4795,-6.1929,4.1378,14.3196,24.1834,33.6009,42.4548,50.6095,57.9657,64.4137,69.8631,74.2238,77.4106,79.3524,80.0,79.3524,77.4106,74.2238,69.8631,64.4137
158,2025-10-31 05:56:01,proposed,80.0,79.840748,79.36449,78.574673,77.476482,76.07722,74.385069,72.409697,70.161962,67.653776,64.897901,61.90862,58.699959,55.286888,51.68532,47.901968,43.94432,39.820681,35.54016,31.11261,26.548488,21.858688,17.054406,12.146906,7.147575,2.067962,-3.098977,-8.240855,-13.353776,-18.42862,-23.455577,-28.425799,-33.329473,-38.15635,-42.895849,-47.538397,-52.074452,-56.493855,-60.787375,-64.949577,-68.973628,-72.850552,-76.57061,-80.0,-76.57061,-72.850552,-68.973628,-64.949577,-60.787375,-56.493855
159,2025-10-31 05:56:41,executed,80.0,79.840748,79.36449,78.574673,77.476482,76.07722,74.385069,72.409697,70.161962,67.653776,64.897901,61.90862,58.699959,55.286888,51.68532,47.901968,43.94432,39.820681,35.54016,31.11261,26.548488,21.858688,17.054406,12.146906,7.147575,2.067962,-3.098977,-8.240855,-13.353776,-18.42862,-23.455577,-28.425799,-33.329473,-38.15635,-42.895849,-47.538397,-52.074452,-56.493855,-60.787375,-64.949577,-68.973628,-72.850552,-76.57061,-80.0,-76.57061,-72.850552,-68.973628,-64.949577,-60.787375,-56.493855
159,2025-10-31 05:58:08,proposed,4.0754,18.0494,29.823,38.6946,47.9366,53.0538,59.5606,62.915,66.8686,68.9958,70.0768,68.6276,65.2346,60.5978,53.9472,46.2024,38.1186,29.3516,19.9866,10.1026,-0.1064,-10.518,-20.906,-30.9856,-40.6698,38.868,43.197,43.513,40.061,33.003,22.825,10.024,-4.95,-21.401,-38.601,-55.679,-71.696,-85.747,-97.009,-104.708,-108.172,-106.845,-100.41,-88.756,-72.031,-50.598,-24.95,3.235,33.029,63.295
160,2025-10-31 05:58:48,executed,4.0754,18.0494,29.823,38.6946,47.9366,53.0538,59.5606,62.915,66.8686,68.9958,70.0768,68.6276,65.2346,60.5978,53.9472,46.2024,38.1186,29.3516,19.9866,10.1026,-0.1064,-10.518,-20.906,-30.9856,-40.6698,38.868,43.197,43.513,40.061,33.003,22.825,10.024,-4.95,-21.401,-38.601,-55.679,-71.696,-85.747,-97.009,-104.708,-108.172,-106.845,-100.41,-88.756,-72.031,-50.598,-24.95,3.235,33.029,63.295
160,2025-10-31 05:59:44,proposed,7.000001,40.758079,71.045437,89.284218,93.30873,80.096359,47.965706,10.375685,-24.416246,-53.25708,-73.66597,-82.90374,-79.03057,-59.54471,-27.32356,9.423982,43.159599,70.368369,87.05086,90.767981,80.088613,54.349071,18.00057,-19.475477,-54.088344,-79.37854,-91.016209,-86.99966,-67.43328,-34.020556,3.869389,40.941926,71.37854,90.000001,95.000001,85.960101,59.899899,21.096001,-20.901701,-59.099999,-86.766001,-99.492301,-95.1057,-74.0101,-39.003,-1e-06,39.003,74.0101,95.1057,99.492301
161,2025-10-31 06:00:24,executed,7.000001,40.758079,71.045437,89.284218,93.30873,80.096359,47.965706,10.375685,-24.416246,-53.25708,-73.66597,-82.90374,-79.03057,-59.54471,-27.32356,9.423982,43.159599,70.368369,87.05086,90.767981,80.088613,54.349071,18.00057,-19.475477,-54.088344,-79.37854,-91.016209,-86.99966,-67.43328,-34.020556,3.869389,40.941926,71.37854,90.000001,95.000001,85.960101,59.899899,21.096001,-20.901701,-59.099999,-86.766001,-99.492301,-95.1057,-74.0101,-39.003,-1.0,-6.0,39.003,74.0101,95.1057
161,2025-10-31 06:01:15,proposed,0.0,7.596200000000001,14.8863,21.7056,27.9056,33.3598,37.9598,41.6215,44.279,45.8863,46.419,45.8863,44.279,41.6215,37.9598,33.3598,27.9056,21.7056,14.8863,7.596200000000001,0.0,-7.596200000000001,-14.8863,-21.7056,-27.9056,-33.3598,-37.9598,-41.6215,-44.279,-45.8863,-46.419,-45.8863,-44.279,-41.6215,-37.9598,-33.3598,-27.9056,-21.7056,-14.8863,-7.596200000000001,-0.0,7.596200000000001,14.8863,21.7056,27.9056,33.3598,37.9598,41.6215,44.279,45.8863
162,2025-10-31 06:01:55,executed,0.0,7.596200000000001,14.8863,21.7056,27.9056,33.3598,37.9598,41.6215,44.279,45.8863,46.419,45.8863,44.279,41.6215,37.9598,33.3598,27.9056,21.7056,14.8863,7.596200000000001,0.0,-7.596200000000001,-14.8863,-21.7056,-27.9056,-33.3598,-37.9598,-41.6215,-44.279,-45.8863,-46.419,-45.8863,-44.279,-41.6215,-37.9598,-33.3598,-27.9056,-21.7056,-14.8863,-7.596200000000001,-0.0,7.596200000000001,14.8863,21.7056,27.9056,33.3598,37.9598,41.6215,44.279,45.8863
162,2025-10-31 06:03:27,proposed,0.0,18.9959,36.0461,50.9388,63.0772,71.902,76.974,77.902,74.5615,67.027,55.6946,41.099,23.9009,4.93,-14.225,-32.6244,-49.3338,-63.5615,-74.472,-81.472,-84.195,-82.5685,-76.791,-67.28,-54.6588,-39.6926,-23.0104,-5.2288,13.2974,31.8778,49.6588,65.7195,79.19,89.385,95.7688,98.1504,96.5615,91.19,82.3352,70.3684,55.76,39.0068,20.6659,1.2537,-18.335,-37.2451,-54.71,-69.9464,-82.3352,-91.385
163,2025-10-31 06:04:07,executed,0.0,18.9959,36.0461,50.9388,63.0772,71.902,76.974,77.902,74.5615,67.027,55.6946,41.099,23.9009,4.93,-14.225,-32.6244,-49.3338,-63.5615,-74.472,-81.472,-84.195,-82.5685,-76.791,-67.28,-54.6588,-39.6926,-23.0104,-5.2288,13.2974,31.8778,49.6588,65.7195,79.19,89.385,95.7688,98.1504,96.5615,91.19,82.3352,70.3684,55.76,39.0068,20.6659,1.2537,-18.335,-37.2451,-54.71,-69.9464,-82.3352,-91.385
163,2025-10-31 06:04:56,proposed,10.2882,23.3364,35.0347,44.7578,52.091,56.7022,58.3752,56.974,52.569,45.399,35.799,24.199,11.099,-2.901,-16.501,-29.001,-39.901,-48.701,-55.001,-58.501,-59.001,-56.401,-50.801,-42.401,-31.601,-18.801,-4.501,9.999,23.999,36.999,48.499,58.099,65.499,69.999,69.999,69.999,69.999,69.999,69.999,69.999,69.999,69.999,69.999,69.999,69.999,69.999,69.999,69.999,69.999,69.999
164,2025-10-31 06:05:36,executed,10.2882,23.3364,35.0347,44.7578,52.091,56.7022,58.3752,56.974,52.569,45.399,35.799,24.199,11.099,-2.901,-16.501,-29.001,-39.901,-48.701,-55.001,-58.501,-59.001,-56.401,-50.801,-42.401,-31.601,-18.801,-4.501,9.999,23.999,36.999,48.499,58.099,65.499,69.999,69.999,69.999,69.999,69.999,69.999,69.999,69.999,69.999,69.999,69.999,69.999,69.999,69.999,69.999,69.999,69.999
164,2025-10-31 06:06:41,proposed,67.175144,76.627038,84.457805,90.252037,93.771249,94.887955,93.636952,90.170428,84.708172,77.502859,68.847672,58.878703,47.770987,35.733799,22.990422,9.771249,-3.733799,-17.030612,-29.802377,-41.802377,-52.810612,-62.627038,-71.071249,-77.987955,-83.252037,-86.771249,-88.487955,-88.363048,-86.363048,-82.502377,-76.847672,-69.502859,-60.502377,-50.030612,-38.290422,-25.490422,-11.887955,2.175144,16.227038,29.857805,42.852037,55.071249,66.387955,76.636952,85.670428,93.308172,99.302859,103.497672,105.720987,105.887303
165,2025-10-31 06:07:21,executed,67.175144,76.627038,84.457805,90.252037,93.771249,94.887955,93.636952,90.170428,84.708172,77.502859,68.847672,58.878703,47.770987,35.733799,22.990422,9.771249,-3.733799,-17.030612,-29.802377,-41.802377,-52.810612,-62.627038,-71.071249,-77.987955,-83.252037,-86.771249,-88.487955,-88.363048,-86.363048,-82.502377,-76.847672,-69.502859,-60.502377,-50.030612,-38.290422,-25.490422,-11.887955,2.175144,16.227038,29.857805,42.852037,55.071249,66.387955,76.636952,85.670428,93.308172,99.302859,103.497672,105.720987,105.887303
165,2025-10-31 06:08:12,proposed,80.0,79.3466,77.3999,74.2086,69.8463,64.3941,57.9409,50.5828,42.4239,33.5765,24.159,14.2958,4.1147,-6.216,-16.5029,-26.6004,-36.3653,-45.6669,-54.3879,-62.4169,-69.6588,-76.026,-80.0,-79.6826,-76.026,-69.6588,-62.4169,-54.3879,-45.6669,-36.3653,-26.6004,-16.5029,-6.216,4.1147,14.2958,24.159,33.5765,42.4239,50.5828,57.9409,64.3941,69.8463,74.2086,77.3999,79.3466,80.0,79.3466,77.3999,74.2086,69.8463
166,2025-10-31 06:08:52,executed,80.0,79.3466,77.3999,74.2086,69.8463,64.3941,57.9409,50.5828,42.4239,33.5765,24.159,14.2958,4.1147,-6.216,-16.5029,-26.6004,-36.3653,-45.6669,-54.3879,-62.4169,-69.6588,-76.026,-80.0,-79.6826,-76.026,-69.6588,-62.4169,-54.3879,-45.6669,-36.3653,-26.6004,-16.5029,-6.216,4.1147,14.2958,24.159,33.5765,42.4239,50.5828,57.9409,64.3941,69.8463,74.2086,77.3999,79.3466,80.0,79.3466,77.3999,74.2086,69.8463
166,2025-10-31 06:10:02,proposed,90.0,89.9259,89.6997,89.322,88.794,88.117,87.293,86.324,85.212,83.96,82.57,81.045,79.388,77.603,75.694,73.664,71.517,69.257,66.888,64.414,61.839,59.167,56.404,53.554,50.622,47.613,44.532,41.385,38.176,34.91,31.592,28.228,24.823,21.382,17.91,14.412,10.894,7.36,3.816,0.265,-3.28,-6.82,-10.34,-13.84,-17.31,-20.74,-24.13,-27.47,-30.76,-34.0
167,2025-10-31 06:10:42,executed,90.0,89.9259,89.6997,89.322,88.794,88.117,87.293,86.324,85.212,83.96,82.57,81.045,79.388,77.603,75.694,73.664,71.517,69.257,66.888,64.414,61.839,59.167,56.404,53.554,50.622,47.613,44.532,41.385,38.176,34.91,31.592,28.228,24.823,21.382,17.91,14.412,10.894,7.36,3.816,0.265,-3.28,-6.82,-10.34,-13.84,-17.31,-20.74,-24.13,-27.47,-30.76,-34.0
167,2025-10-31 06:11:49,proposed,75.0,74.4075196506509,72.6450916056608,69.7469792015505,65.7785268065004,60.8202970591464,54.9606873998987,48.2970014798032,40.9348995388094,32.9891008709328,24.5794830172605,15.8367980067677,6.89201020082767,-2.10799849504629,-11.0079984950463,-19.7079984950463,-28.1079984950463,-36.1079984950463,-43.6079984950463,-50.5079984950463,-56.7079984950463,-62.1079984950463,-66.6079984950463,-70.1079984950463,-72.5079984950463,-73.8079984950463,-73.8079984950463,-72.5079984950463,-70.1079984950463,-66.6079984950463,-62.1079984950463,-56.7079984950463,-50.5079984950463,-43.6079984950463,-36.1079984950463,-28.1079984950463,-19.7079984950463,-11.0079984950463,-2.10799849504629,6.89201020082767,15.8367980067677,24.5794830172605,32.9891008709328,40.9348995388094,48.2970014798032,54.9606873998987,60.8202970591464,65.7785268065004,69.7469792015505,72.6450916056608
168,2025-10-31 06:12:29,executed,75.0,74.4075196506509,72.6450916056608,69.7469792015505,65.7785268065004,60.8202970591464,54.9606873998987,48.2970014798032,40.9348995388094,32.9891008709328,24.5794830172605,15.8367980067677,6.89201020082767,-2.10799849504629,-11.0079984950463,-19.7079984950463,-28.1079984950463,-36.1079984950463,-43.6079984950463,-50.5079984950463,-56.7079984950463,-62.1079984950463,-66.6079984950463,-70.1079984950463,-72.5079984950463,-73.8079984950463,-73.8079984950463,-72.5079984950463,-70.1079984950463,-66.6079984950463,-62.1079984950463,-56.7079984950463,-50.5079984950463,-43.6079984950463,-36.1079984950463,-28.1079984950463,-19.7079984950463,-11.0079984950463,-2.10799849504629,6.89201020082767,15.8367980067677,24.5794830172605,32.9891008709328,40.9348995388094,48.2970014798032,54.9606873998987,60.8202970591464,65.7785268065004,69.7469792015505,72.6450916056608
168,2025-10-31 06:13:57,proposed,70.0,68.80344,65.2694,59.54477,51.84922,42.4548,31.68305,19.86016,7.32179,-5.5099,-18.0494,-29.2893,-38.9004,-46.5637,-52.091,-55.3752,-56.3752,-55.001,-51.363,-45.6053,-37.9598,-28.6918,-18.0494,-6.3264,5.5099,17.2941,28.2046,38.0864,46.7599,54.1409,59.9702,64.1607,66.637,67.3099,66.1648,63.2104,58.582,52.4171,44.897,36.1858,26.4976,16.0969,5.2288,-5.909,-17.2941,-28.2046,-38.0864,-46.7599,-54.1409,-59.9702
169,2025-10-31 06:14:37,executed,70.0,68.80344,65.2694,59.54477,51.84922,42.4548,31.68305,19.86016,7.32179,-5.5099,-18.0494,-29.2893,-38.9004,-46.5637,-52.091,-55.3752,-56.3752,-55.001,-51.363,-45.6053,-37.9598,-28.6918,-18.0494,-6.3264,5.5099,17.2941,28.2046,38.0864,46.7599,54.1409,59.9702,64.1607,66.637,67.3099,66.1648,63.2104,58.582,52.4171,44.897,36.1858,26.4976,16.0969,5.2288,-5.909,-17.2941,-28.2046,-38.0864,-46.7599,-54.1409,-59.9702
169,2025-10-31 06:16:55,proposed,85.0,82.9504,77.0163,67.5878,55.2066,40.5752,24.5099,7.7946,-8.761,-24.9383,-39.588,-51.9761,-61.5204,-67.7998,-70.599,-69.823,-65.542,-57.9755,-47.3987,-34.2069,-19.007,-2.417,14.6225,31.5436,47.087,60.4803,71.0454,78.32,82.195,82.6531,79.799,73.896,65.2825,54.3491,41.599,27.5646,12.78,-2.38,-17.294,-31.756,-45.34,-57.795,-68.7214,-77.8998,-84.9915,-89.8979,-92.595,-93.009,-91.0162,-86.766
170,2025-10-31 06:17:35,executed,85.0,82.9504,77.0163,67.5878,55.2066,40.5752,24.5099,7.7946,-8.761,-24.9383,-39.588,-51.9761,-61.5204,-67.7998,-70.599,-69.823,-65.542,-57.9755,-47.3987,-34.2069,-19.007,-2.417,14.6225,31.5436,47.087,60.4803,71.0454,78.32,82.195,82.6531,79.799,73.896,65.2825,54.3491,41.599,27.5646,12.78,-2.38,-17.294,-31.756,-45.34,-57.795,-68.7214,-77.8998,-84.9915,-89.8979,-92.595,-93.009,-91.0162,-86.766
170,2025-10-31 06:18:59,proposed,79.8407,76.0845,69.043,58.7785,45.399,29.2893,11.4591,-7.058,-25.204,-41.2,-54.3491,-64.1607,-70.3684,-72.72,-71.0454,-65.2694,-55.76,-43.1596,-28.0,-10.3757,8.604,27.596,44.599,58.901,69.466,75.688,77.5029,74.96,68.16,57.1418,42.9531,26.7618,9.135,-9.135,-26.7618,-42.9531,-57.1418,-68.16,-75.688,-77.5029,-74.96,-68.16,-57.1418,-42.9531,-26.7618,-9.135,9.135,26.7618,42.9531,57.1418
171,2025-10-31 06:19:39,executed,79.8407,76.0845,69.043,58.7785,45.399,29.2893,11.4591,-7.058,-25.204,-41.2,-54.3491,-64.1607,-70.3684,-72.72,-71.0454,-65.2694,-55.76,-43.1596,-28.0,-10.3757,8.604,27.596,44.599,58.901,69.466,75.688,77.5029,74.96,68.16,57.1418,42.9531,26.7618,9.135,-9.135,-26.7618,-42.9531,-57.1418,-68.16,-75.688,-77.5029,-74.96,-68.16,-57.1418,-42.9531,-26.7618,-9.135,9.135,26.7618,42.9531,57.1418
171,2025-10-31 06:20:31,proposed,0.0,10.1632,20.1913,29.9301,39.2547,48.0569,56.2383,63.719,70.4209,76.2736,81.2086,85.1634,88.085,89.9386,90.6939,90.3473,88.915,86.4209,82.9066,78.4209,73.0236,66.785,59.785,52.1164,43.8737,35.1634,26.0989,16.785,7.3686,-1.985,-11.2066,-20.1913,-28.857,-37.1164,-44.885,-52.085,-58.6465,-64.5,-69.5891,-73.885,-77.3398,-79.9301,-81.6737,-82.595,-82.742,-82.1634,-80.9209,-79.085,-76.7236,-73.9066
172,2025-10-31 06:21:11,executed,0.0,10.1632,20.1913,29.9301,39.2547,48.0569,56.2383,63.719,70.4209,76.2736,81.2086,85.1634,88.085,89.9386,90.6939,90.3473,88.915,86.4209,82.9066,78.4209,73.0236,66.785,59.785,52.1164,43.8737,35.1634,26.0989,16.785,7.3686,-1.985,-11.2066,-20.1913,-28.857,-37.1164,-44.885,-52.085,-58.6465,-64.5,-69.5891,-73.885,-77.3398,-79.9301,-81.6737,-82.595,-82.742,-82.1634,-80.9209,-79.085,-76.7236,-73.9066
172,2025-10-31 06:22:27,proposed,85.0,84.3005,82.2926,78.9959,74.5099,68.9726,62.5323,55.352,47.6009,39.4503,31.0709,22.6309,14.3006,6.2407,-1.4904,-8.8893,-15.8677,-22.3592,-28.3004,-33.6316,-38.3004,-42.2606,-45.4705,-47.9048,-49.5446,-50.3804,-49.5446,-47.9048,-45.4705,-42.2606,-38.3004,-33.6316,-28.3004,-22.3592,-15.8677,-8.8893,-1.4904,6.2407,14.3006,22.6309,31.0709,39.4503,47.6009,55.352,62.5323,68.9726,74.5099,78.9959,82.2926,84.3005
173,2025-10-31 06:23:07,executed,85.0,84.3005,82.2926,78.9959,74.5099,68.9726,62.5323,55.352,47.6009,39.4503,31.0709,22.6309,14.3006,6.2407,-1.4904,-8.8893,-15.8677,-22.3592,-28.3004,-33.6316,-38.3004,-42.2606,-45.4705,-47.9048,-49.5446,-50.3804,-49.5446,-47.9048,-45.4705,-42.2606,-38.3004,-33.6316,-28.3004,-22.3592,-15.8677,-8.8893,-1.4904,6.2407,14.3006,22.6309,31.0709,39.4503,47.6009,55.352,62.5323,68.9726,74.5099,78.9959,82.2926,84.3005
173,2025-10-31 06:24:14,proposed,0.0,33.9904,64.6608,88.922,104.698,110.0,104.698,88.922,64.6608,33.9904,0.0,-33.9904,-64.6608,-88.922,-104.698,-110.0,-104.698,-88.922,-64.6608,-33.9904,0.0,33.9904,64.6608,88.922,104.698,110.0,104.698,88.922,64.6608,33.9904,0.0,-33.9904,-64.6608,-88.922,-104.698,-110.0,-104.698,-88.922,-64.6608,-33.9904,0.0,33.9904,64.6608,88.922,104.698,110.0,104.698,88.922,64.6608,33.9904
174,2025-10-31 06:24:54,executed,0.0,33.9904,64.6608,88.922,104.698,110.0,104.698,88.922,64.6608,33.9904,0.0,-33.9904,-64.6608,-88.922,-104.698,-110.0,-104.698,-88.922,-64.6608,-33.9904,0.0,33.9904,64.6608,88.922,104.698,110.0,104.698,88.922,64.6608,33.9904,0.0,-33.9904,-64.6608,-88.922,-104.698,-110.0,-104.698,-88.922,-64.6608,-33.9904,0.0,33.9904,64.6608,88.922,104.698,110.0,104.698,88.922,64.6608,33.9904
174,2025-10-31 06:27:21,proposed,81.571497,85.076326,84.180479,79.141708,70.478985,58.852329,45.029871,29.704259,13.623405,-2.570776,-18.067305,-31.954753,-43.491297,-52.016342,-57.098869,-58.423169,-55.978252,-49.954397,-40.796332,-29.020614,-15.340209,-0.490724,13.883726,27.027063,38.406856,47.608323,54.295286,58.212727,59.288219,57.643355,53.585501,47.494796,39.827727,31.026774,21.503375,11.660166,1.878939,-7.607411,-16.291763,-23.953835,-30.407963,-35.485188,-39.049448,-41.006935,-41.304037,-39.941913,-37.050607,-32.793739,-27.368817,-20.999661
175,2025-10-31 06:28:01,executed,81.571497,85.076326,84.180479,79.141708,70.478985,58.852329,45.029871,29.704259,13.623405,-2.570776,-18.067305,-31.954753,-43.491297,-52.016342,-57.098869,-58.423169,-55.978252,-49.954397,-40.796332,-29.020614,-15.340209,-0.490724,13.883726,27.027063,38.406856,47.608323,54.295286,58.212727,59.288219,57.643355,53.585501,47.494796,39.827727,31.026774,21.503375,11.660166,1.878939,-7.607411,-16.291763,-23.953835,-30.407963,-35.485188,-39.049448,-41.006935,-41.304037,-39.941913,-37.050607,-32.793739,-27.368817,-20.999661
175,2025-10-31 06:30:13,proposed,95.0,94.6757,93.7049,92.0945,89.855,87.0003,83.547,79.513,74.9172,69.7801,64.1238,57.9719,51.349,44.2829,36.8016,28.9348,20.7137,12.1697,3.3341,-5.7003,-14.9084,-24.1378,-33.2982,-42.2995,-51.052,-59.4667,-67.4552,-74.9304,-81.807,-88.001,-93.4309,-98.0197,-101.6946,-104.387,-106.032,-106.571,-105.952,-104.131,-101.072,-96.749,-91.159,-84.316,-76.251,-67.01,-56.65,-45.239,-32.85,-19.56,-5.45,9.5
176,2025-10-31 06:30:53,executed,95.0,94.6757,93.7049,92.0945,89.855,87.0003,83.547,79.513,74.9172,69.7801,64.1238,57.9719,51.349,44.2829,36.8016,28.9348,20.7137,12.1697,3.3341,-5.7003,-14.9084,-24.1378,-33.2982,-42.2995,-51.052,-59.4667,-67.4552,-74.9304,-81.807,-88.001,-93.4309,-98.0197,-101.6946,-104.387,-106.032,-106.571,-105.952,-104.131,-101.072,-96.749,-91.159,-84.316,-76.251,-67.01,-56.65,-45.239,-32.85,-19.56,-5.45,9.5
176,2025-10-31 06:32:07,proposed,75.0,73.80795295535788,70.2790938459434,64.5106195804245,56.63462947262447,46.80209618196606,35.19790381803394,21.94038038816281,7.399999999999991,-7.399999999999991,-21.94038038816281,-35.19790381803394,-46.80209618196606,-56.63462947262447,-64.5106195804245,-70.2790938459434,-73.80795295535788,-75.0,-73.80795295535788,-70.2790938459434,-64.5106195804245,-56.63462947262447,-46.80209618196606,-35.19790381803394,-21.94038038816281,-7.399999999999991,7.399999999999991,21.94038038816281,35.19790381803394,46.80209618196606,56.63462947262447,64.5106195804245,70.2790938459434,73.80795295535788,75.0,73.80795295535788,70.2790938459434,64.5106195804245,56.63462947262447,46.80209618196606,35.19790381803394,21.94038038816281,7.399999999999991,-7.399999999999991,-21.94038038816281,-35.19790381803394,-46.80209618196606,-56.63462947262447,-64.5106195804245,-70.2790938459434
177,2025-10-31 06:32:47,executed,75.0,73.80795295535788,70.2790938459434,64.5106195804245,56.63462947262447,46.80209618196606,35.19790381803394,21.94038038816281,7.399999999999991,-7.399999999999991,-21.94038038816281,-35.19790381803394,-46.80209618196606,-56.63462947262447,-64.5106195804245,-70.2790938459434,-73.80795295535788,-75.0,-73.80795295535788,-70.2790938459434,-64.5106195804245,-56.63462947262447,-46.80209618196606,-35.19790381803394,-21.94038038816281,-7.399999999999991,7.399999999999991,21.94038038816281,35.19790381803394,46.80209618196606,56.63462947262447,64.5106195804245,70.2790938459434,73.80795295535788,75.0,73.80795295535788,70.2790938459434,64.5106195804245,56.63462947262447,46.80209618196606,35.19790381803394,21.94038038816281,7.399999999999991,-7.399999999999991,-21.94038038816281,-35.19790381803394,-46.80209618196606,-56.63462947262447,-64.5106195804245,-70.2790938459434
177,2025-10-31 06:36:24,proposed,100.0,98.7599,95.0496,88.96,80.62,70.1999,57.9,43.95,28.5999,12.16,-4.9999,-22.55,-39.88,-56.51,-72.12,-86.3999,-99.05,-99.9999,-99.05,-86.3999,-72.12,-56.51,-39.88,-22.55,-4.9999,12.16,28.5999,43.95,57.9,70.1999,80.62,88.96,95.0496,98.7599,100.0,98.7599,95.0496,88.96,80.62,70.1999,57.9,43.95,28.5999,12.16,-4.9999,-22.55,-39.88,-56.51,-72.12,-86.3999
178,2025-10-31 06:37:04,executed,100.0,98.7599,95.0496,88.96,80.62,70.1999,57.9,43.95,28.5999,12.16,-4.9999,-22.55,-39.88,-56.51,-72.12,-86.3999,-99.05,-99.9999,-99.05,-86.3999,-72.12,-56.51,-39.88,-22.55,-4.9999,12.16,28.5999,43.95,57.9,70.1999,80.62,88.96,95.0496,98.7599,100.0,98.7599,95.0496,88.96,80.62,70.1999,57.9,43.95,28.5999,12.16,-4.9999,-22.55,-39.88,-56.51,-72.12,-86.3999
178,2025-10-31 06:38:16,proposed,75.0,74.4026040850775,72.5694200782069,69.5938459419163,65.5205510659614,60.4205510659614,54.3809487009956,47.4913416960098,39.8519398877133,31.5713416960098,22.767000850775,13.565000850775,4.099000850775,-5.405000850775,-14.717000850775,-23.729000850775,-32.339000850775,-40.450000850775,-47.969000850775,-54.819000850775,-60.929000850775,-66.237000850775,-70.689000850775,-74.240000850775,-76.845000850775,-78.470000850775,-79.090000850775,-78.690000850775,-77.260000850775,-74.805000850775,-71.339000850775,-66.880000850775,-61.450000850775,-55.080000850775,-47.805000850775,-39.669000850775,-30.710000850775,-21.000000850775,-10.610000850775,-8.50775e-07,10.610000850775,21.000000850775,30.710000850775,39.669000850775,47.805000850775,55.080000850775,61.450000850775,66.880000850775,71.339000850775,74.805000850775
179,2025-10-31 06:38:56,executed,75.0,74.4026040850775,72.5694200782069,69.5938459419163,65.5205510659614,60.4205510659614,54.3809487009956,47.4913416960098,39.8519398877133,31.5713416960098,22.767000850775,13.565000850775,4.099000850775,-5.405000850775,-14.717000850775,-23.729000850775,-32.339000850775,-40.450000850775,-47.969000850775,-54.819000850775,-60.929000850775,-66.237000850775,-70.689000850775,-74.240000850775,-76.845000850775,-78.470000850775,-79.090000850775,-78.690000850775,-77.260000850775,-74.805000850775,-71.339000850775,-66.880000850775,-61.450000850775,-55.080000850775,-47.805000850775,-39.669000850775,-30.710000850775,-21.000000850775,-10.610000850775,-8.50775,-7.0,10.610000850775,21.000000850775,30.710000850775,39.669000850775,47.805000850775,55.080000850775,61.450000850775,66.880000850775,71.339000850775
179,2025-10-31 06:46:15,proposed,92.0076,87.0502,80.1199,71.3785,60.9931,49.1415,36.0125,21.8029,6.7291,-8.9669,-25.0401,-40.9419,-56.0964,-69.9702,-82.0719,-91.9548,-99.2275,-103.6706,-105.1329,-103.5263,-98.8408,-91.134,-80.5186,-67.1627,-51.2997,-33.1933,-13.1492,8.4992,30.711,51.2997,69.8463,85.9602,99.4923,110.2079,117.936,122.5602,124.0166,122.287,117.4199,109.5885,98.9931,85.8415,70.3125,52.6029,33.0291,11.8331,-11.0401,-34.9419,-58.0964,-79.9702
180,2025-10-31 06:46:55,executed,92.0076,87.0502,80.1199,71.3785,60.9931,49.1415,36.0125,21.8029,6.7291,-8.9669,-25.0401,-40.9419,-56.0964,-69.9702,-82.0719,-91.9548,-99.2275,-103.6706,-105.1329,-103.5263,-98.8408,-91.134,-80.5186,-67.1627,-51.2997,-33.1933,-13.1492,8.4992,30.711,51.2997,69.8463,85.9602,99.4923,110.2079,117.936,122.5602,124.0166,122.287,117.4199,109.5885,98.9931,85.8415,70.3125,52.6029,33.0291,11.8331,-11.0401,-34.9419,-58.0964,-79.9702
180,2025-10-31 06:51:19,proposed,0.0,10.1632,20.1913,29.9301,39.2547,48.0569,56.2383,63.719,70.4209,76.2736,81.2086,85.1634,88.085,89.9386,90.6939,90.3473,88.915,86.4209,82.9066,78.4209,73.0236,66.785,59.785,52.1164,43.8737,35.1634,26.0989,16.785,7.3686,-1.985,-11.2066,-20.1913,-28.857,-37.1164,-44.885,-52.085,-58.6465,-64.5,-69.5891,-73.885,-77.3398,-79.9301,-81.6737,-82.595,-82.742,-82.1634,-80.9209,-79.085,-76.7236,-73.9066
181,2025-10-31 06:51:59,executed,0.0,10.1632,20.1913,29.9301,39.2547,48.0569,56.2383,63.719,70.4209,76.2736,81.2086,85.1634,88.085,89.9386,90.6939,90.3473,88.915,86.4209,82.9066,78.4209,73.0236,66.785,59.785,52.1164,43.8737,35.1634,26.0989,16.785,7.3686,-1.985,-11.2066,-20.1913,-28.857,-37.1164,-44.885,-52.085,-58.6465,-64.5,-69.5891,-73.885,-77.3398,-79.9301,-81.6737,-82.595,-82.742,-82.1634,-80.9209,-79.085,-76.7236,-73.9066
181,2025-10-31 06:54:54,proposed,77.9351,78.4351,77.8351,76.1351,73.3351,69.4351,64.4351,58.3351,51.1351,42.9351,33.7351,23.6351,12.7351,1.1351,-11.0649,-23.7649,-36.7649,-49.8649,-62.8649,-75.5649,-87.7649,-99.2649,-100.0,-100.0,-100.0,-100.0,-100.0,-100.0,-100.0,-100.0,-100.0,-100.0,-100.0,-100.0,-100.0,-100.0,-100.0,-100.0,-100.0,-100.0,-100.0,-100.0,-100.0,-100.0,-100.0,-100.0,-100.0,-100.0,-100.0,-100.0
182,2025-10-31 06:55:34,executed,77.9351,78.4351,77.8351,76.1351,73.3351,69.4351,64.4351,58.3351,51.1351,42.9351,33.7351,23.6351,12.7351,1.1351,-11.0649,-23.7649,-36.7649,-49.8649,-62.8649,-75.5649,-87.7649,-99.2649,-100.0,-100.0,-100.0,-100.0,-100.0,-100.0,-100.0,-100.0,-100.0,-100.0,-100.0,-100.0,-100.0,-100.0,-100.0,-100.0,-100.0,-100.0,-100.0,-100.0,-100.0,-100.0,-100.0,-100.0,-100.0,-100.0,-100.0,-100.0
182,2025-10-31 06:56:24,proposed,85.0,84.3005,82.2926,78.9959,74.5099,68.9726,62.5323,55.352,47.6009,39.4503,31.0709,22.6309,14.3006,6.2407,-1.4904,-8.8893,-15.8677,-22.3592,-28.3004,-33.6316,-38.3004,-42.2606,-45.4705,-47.9048,-49.5446,-50.3804,-49.5446,-47.9048,-45.4705,-42.2606,-38.3004,-33.6316,-28.3004,-22.3592,-15.8677,-8.8893,-1.4904,6.2407,14.3006,22.6309,31.0709,39.4503,47.6009,55.352,62.5323,68.9726,74.5099,78.9959,82.2926,84.3005
183,2025-10-31 06:57:04,executed,85.0,84.3005,82.2926,78.9959,74.5099,68.9726,62.5323,55.352,47.6009,39.4503,31.0709,22.6309,14.3006,6.2407,-1.4904,-8.8893,-15.8677,-22.3592,-28.3004,-33.6316,-38.3004,-42.2606,-45.4705,-47.9048,-49.5446,-50.3804,-49.5446,-47.9048,-45.4705,-42.2606,-38.3004,-33.6316,-28.3004,-22.3592,-15.8677,-8.8893,-1.4904,6.2407,14.3006,22.6309,31.0709,39.4503,47.6009,55.352,62.5323,68.9726,74.5099,78.9959,82.2926,84.3005
183,2025-10-31 07:00:12,proposed,85.0,83.494651,79.00265,71.745585,62.000002,50.078426,36.302664,21.026771,4.619403,-12.420855,-29.00265,-44.575001,-58.500002,-70.287333,-79.444651,-85.500002,-88.00265,-86.745585,-81.745585,-73.287333,-61.745585,-47.619403,-31.420855,-13.619403,4.00265,21.745585,38.00265,52.078426,63.494651,71.944651,77.302664,79.444651,78.420855,74.302664,67.287333,57.745585,46.00265,32.420855,17.420855,1.420855,-14.00265,-28.745585,-42.287333,-54.078426,-63.745585,-70.944651,-75.500002,-77.302664,-76.420855,-72.887333
184,2025-10-31 07:00:52,executed,85.0,83.494651,79.00265,71.745585,62.000002,50.078426,36.302664,21.026771,4.619403,-12.420855,-29.00265,-44.575001,-58.500002,-70.287333,-79.444651,-85.500002,-88.00265,-86.745585,-81.745585,-73.287333,-61.745585,-47.619403,-31.420855,-13.619403,4.00265,21.745585,38.00265,52.078426,63.494651,71.944651,77.302664,79.444651,78.420855,74.302664,67.287333,57.745585,46.00265,32.420855,17.420855,1.420855,-14.00265,-28.745585,-42.287333,-54.078426,-63.745585,-70.944651,-75.500002,-77.302664,-76.420855,-72.887333
184,2025-10-31 07:02:43,proposed,0.0,10.16320498703444,20.19133200770638,29.93011502476008,39.25473900388277,48.05690400000001,56.23830400000001,63.71900400000001,70.42090400000001,76.27362800000002,81.20860400000001,85.16340400000001,88.08500400000001,89.93860400000001,90.693904,90.34730400000001,88.91500400000001,86.42090400000001,82.90660400000002,78.42090400000001,73.02362800000002,66.78500400000001,59.78500400000001,52.11640400000001,43.87370400000001,35.16340400000001,26.09890400000001,16.78500400000001,7.36860400000001,-1.98500400000001,-11.20660400000001,-20.19133200770638,-28.85700400000001,-37.11640400000001,-44.88500400000001,-52.08500400000001,-58.64650400000001,-64.500004,-69.589104,-73.88500400000001,-77.33980400000002,-79.93010400000001,-81.67370400000001,-82.595004,-82.74200400000001,-82.16340400000001,-80.92090400000001,-79.08500400000001,-76.72360400000001,-73.90660400000002
185,2025-10-31 07:03:23,executed,0.0,10.16320498703444,20.19133200770638,29.93011502476008,39.25473900388277,48.05690400000001,56.23830400000001,63.71900400000001,70.42090400000001,76.27362800000002,81.20860400000001,85.16340400000001,88.08500400000001,89.93860400000001,90.693904,90.34730400000001,88.91500400000001,86.42090400000001,82.90660400000002,78.42090400000001,73.02362800000002,66.78500400000001,59.78500400000001,52.11640400000001,43.87370400000001,35.16340400000001,26.09890400000001,16.78500400000001,7.36860400000001,-1.98500400000001,-11.20660400000001,-20.19133200770638,-28.85700400000001,-37.11640400000001,-44.88500400000001,-52.08500400000001,-58.64650400000001,-64.500004,-69.589104,-73.88500400000001,-77.33980400000002,-79.93010400000001,-81.67370400000001,-82.595004,-82.74200400000001,-82.16340400000001,-80.92090400000001,-79.08500400000001,-76.72360400000001,-73.90660400000002
185,2025-10-31 07:04:15,proposed,0.0,19.8017,37.892,53.2566,65.1118,72.8989,76.2847,75.1051,69.4658,59.6958,46.2936,29.972,11.6086,-7.4208,-26.0002,-43.204,-58.2785,-70.419,-79.0068,-83.542,-83.542,-79.0068,-70.419,-58.2785,-43.204,-26.0002,-7.4208,11.6086,29.972,46.2936,59.6958,69.4658,75.1051,76.2847,72.8989,65.1118,53.2566,37.892,19.8017,0.0,-19.8017,-37.892,-53.2566,-65.1118,-72.8989,-76.2847,-75.1051,-69.4658,-59.6958,-46.2936
186,2025-10-31 07:04:55,executed,0.0,19.8017,37.892,53.2566,65.1118,72.8989,76.2847,75.1051,69.4658,59.6958,46.2936,29.972,11.6086,-7.4208,-26.0002,-43.204,-58.2785,-70.419,-79.0068,-83.542,-83.542,-79.0068,-70.419,-58.2785,-43.204,-26.0002,-7.4208,11.6086,29.972,46.2936,59.6958,69.4658,75.1051,76.2847,72.8989,65.1118,53.2566,37.892,19.8017,0.0,-19.8017,-37.892,-53.2566,-65.1118,-72.8989,-76.2847,-75.1051,-69.4658,-59.6958,-46.2936
186,2025-10-31 07:12:27,proposed,70.0,69.1361,66.5678,62.361,56.6136,49.4459,41.0961,31.716,21.465,10.5099,-0.6163,-11.6805,-22.439,-32.787,-42.619,-51.839,-60.359,-68.099,-74.979,-80.899,-85.779,-89.549,-92.149,-93.529,-93.659,-92.529,-90.149,-86.529,-81.749,-75.849,-68.909,-61.039,-52.349,-42.969,-33.029,-22.659,-11.989,-1.159,9.771,20.661,31.301,41.591,51.431,60.721,69.361,77.251,84.291,90.381,95.421,99.311
187,2025-10-31 07:13:07,executed,70.0,69.1361,66.5678,62.361,56.6136,49.4459,41.0961,31.716,21.465,10.5099,-0.6163,-11.6805,-22.439,-32.787,-42.619,-51.839,-60.359,-68.099,-74.979,-80.899,-85.779,-89.549,-92.149,-93.529,-93.659,-92.529,-90.149,-86.529,-81.749,-75.849,-68.909,-61.039,-52.349,-42.969,-33.029,-22.659,-11.989,-1.159,9.771,20.661,31.301,41.591,51.431,60.721,69.361,77.251,84.291,90.381,95.421,99.311
187,2025-10-31 07:14:33,proposed,69.9691811094002,77.4087134954848,83.9926315510659,89.2842490539828,93.0768469279585,95.1950338048243,95.5085575510065,94.0955959145634,91.0963157755329,86.6705037165602,80.9996075904848,74.2087134954848,66.4475459145634,57.8726315510659,48.6463157755329,38.9305037165602,28.8996075904848,18.7287134954848,8.5975459145634,-1.3336842244671,-11.0594962834398,-20.4903924095152,-29.5012865045152,-38.0073684489341,-45.9231530720415,-53.1649661951757,-59.6585575510065,-65.3314424489935,-70.1144040854366,-73.9436842244671,-76.7694962834398,-78.5487134954848,-79.2485575510065,-78.8414424489935,-77.3144040854366,-74.6705037165602,-71.0296315510659,-66.5087134954848,-61.2024540854366,-55.2036842244671,-48.6094962834398,-41.5187134954848,-34.0224540854366,-26.2136842244671,-18.1849661951757,-10.0285575510065,-1.8314424489935,6.4255959145634,14.7926315510659,23.1665037165602
188,2025-10-31 07:15:13,executed,69.9691811094002,77.4087134954848,83.9926315510659,89.2842490539828,93.0768469279585,95.1950338048243,95.5085575510065,94.0955959145634,91.0963157755329,86.6705037165602,80.9996075904848,74.2087134954848,66.4475459145634,57.8726315510659,48.6463157755329,38.9305037165602,28.8996075904848,18.7287134954848,8.5975459145634,-1.3336842244671,-11.0594962834398,-20.4903924095152,-29.5012865045152,-38.0073684489341,-45.9231530720415,-53.1649661951757,-59.6585575510065,-65.3314424489935,-70.1144040854366,-73.9436842244671,-76.7694962834398,-78.5487134954848,-79.2485575510065,-78.8414424489935,-77.3144040854366,-74.6705037165602,-71.0296315510659,-66.5087134954848,-61.2024540854366,-55.2036842244671,-48.6094962834398,-41.5187134954848,-34.0224540854366,-26.2136842244671,-18.1849661951757,-10.0285575510065,-1.8314424489935,6.4255959145634,14.7926315510659,23.1665037165602
188,2025-10-31 07:17:02,proposed,80.0,79.344,77.3999,74.2086,69.8463,64.3941,57.9409,50.5828,42.4239,33.5765,24.159,14.2958,4.1147,-6.216,-16.5029,-26.6004,-36.3653,-45.6669,-54.3879,-62.4169,-69.6588,-76.026,-80.0,-79.9205,-79.9205,-76.026,-69.6588,-62.4169,-54.3879,-45.6669,-36.3653,-26.6004,-16.5029,-6.216,4.1147,14.2958,24.159,33.5765,42.4239,50.5828,57.9409,64.3941,69.8463,74.2086,77.3999,79.344,80.0,79.344,77.3999,74.2086
189,2025-10-31 07:17:42,executed,80.0,79.344,77.3999,74.2086,69.8463,64.3941,57.9409,50.5828,42.4239,33.5765,24.159,14.2958,4.1147,-6.216,-16.5029,-26.6004,-36.3653,-45.6669,-54.3879,-62.4169,-69.6588,-76.026,-80.0,-79.9205,-79.9205,-76.026,-69.6588,-62.4169,-54.3879,-45.6669,-36.3653,-26.6004,-16.5029,-6.216,4.1147,14.2958,24.159,33.5765,42.4239,50.5828,57.9409,64.3941,69.8463,74.2086,77.3999,79.344,80.0,79.344,77.3999,74.2086
189,2025-10-31 07:19:30,proposed,80.0,79.3444985392576,77.3999054625514,74.2086088927806,69.8463283254203,64.3941026938226,57.9409026938226,50.5828088927806,42.4239054625514,33.5765985392576,24.159000000000002,14.2958014607424,4.114705462551401,-6.216094537448599,-16.5029985392576,-26.600499999999997,-36.3653985392576,-45.6669054625514,-54.3879088927806,-62.4169283254203,-69.6588026938226,-76.0260026938226,-80.0,-76.0260026938226,-69.6588026938226,-62.4169283254203,-54.3879088927806,-45.6669054625514,-36.3653985392576,-26.600499999999997,-16.5029985392576,-6.216094537448599,4.114705462551401,14.2958014607424,24.159000000000002,33.5765985392576,42.4239054625514,50.5828088927806,57.9409026938226,64.3941026938226,69.8463283254203,74.2086088927806,77.3999054625514,79.3444985392576,80.0,79.3444985392576,77.3999054625514,74.2086088927806,69.8463283254203,64.3941026938226
190,2025-10-31 07:20:10,executed,80.0,79.3444985392576,77.3999054625514,74.2086088927806,69.8463283254203,64.3941026938226,57.9409026938226,50.5828088927806,42.4239054625514,33.5765985392576,24.159000000000002,14.2958014607424,4.114705462551401,-6.216094537448599,-16.5029985392576,-26.600499999999997,-36.3653985392576,-45.6669054625514,-54.3879088927806,-62.4169283254203,-69.6588026938226,-76.0260026938226,-80.0,-76.0260026938226,-69.6588026938226,-62.4169283254203,-54.3879088927806,-45.6669054625514,-36.3653985392576,-26.600499999999997,-16.5029985392576,-6.216094537448599,4.114705462551401,14.2958014607424,24.159000000000002,33.5765985392576,42.4239054625514,50.5828088927806,57.9409026938226,64.3941026938226,69.8463283254203,74.2086088927806,77.3999054625514,79.3444985392576,80.0,79.3444985392576,77.3999054625514,74.2086088927806,69.8463283254203,64.3941026938226
190,2025-10-31 07:24:03,proposed,0.0,19.02029,36.435726,51.354743,63.090169,71.057393,74.793774,74.066753,68.809334,59.198539,45.578635,28.473539,8.604085,-12.339239,-33.09034,-51.520406,-66.864064,-78.320002,-85.206646,-87.050592,-83.542004,-74.793774,-61.260702,-43.700001,-22.965002,-0.0,22.965002,43.700001,61.260702,74.793774,83.542004,87.050592,85.206646,78.320002,66.864064,51.520406,33.09034,12.339239,-8.604085,-28.473539,-45.578635,-59.198539,-68.809334,-74.066753,-74.793774,-71.057393,-63.090169,-51.354743,-36.435726,-19.02029
191,2025-10-31 07:24:43,executed,0.0,19.02029,36.435726,51.354743,63.090169,71.057393,74.793774,74.066753,68.809334,59.198539,45.578635,28.473539,8.604085,-12.339239,-33.09034,-51.520406,-66.864064,-78.320002,-85.206646,-87.050592,-83.542004,-74.793774,-61.260702,-43.700001,-22.965002,-0.0,22.965002,43.700001,61.260702,74.793774,83.542004,87.050592,85.206646,78.320002,66.864064,51.520406,33.09034,12.339239,-8.604085,-28.473539,-45.578635,-59.198539,-68.809334,-74.066753,-74.793774,-71.057393,-63.090169,-51.354743,-36.435726,-19.02029
191,2025-10-31 07:27:22,proposed,80.0,79.3445,77.3999,74.2086,69.8463,64.3941,57.9409,50.5828,42.4239,33.5766,24.159,14.2958,4.1147,-6.2161,-16.503,-26.6005,-36.3654,-45.6669,-54.3879,-62.4169,-69.6588,-76.026,-80.0,-76.026,-69.6588,-62.4169,-54.3879,-45.6669,-36.3654,-26.6005,-16.503,-6.2161,4.1147,14.2958,24.159,33.5766,42.4239,50.5828,57.9409,64.3941,69.8463,74.2086,77.3999,79.3445,80.0,79.3445,77.3999,74.2086,69.8463,64.3941
192,2025-10-31 07:28:02,executed,80.0,79.3445,77.3999,74.2086,69.8463,64.3941,57.9409,50.5828,42.4239,33.5766,24.159,14.2958,4.1147,-6.2161,-16.503,-26.6005,-36.3654,-45.6669,-54.3879,-62.4169,-69.6588,-76.026,-80.0,-76.026,-69.6588,-62.4169,-54.3879,-45.6669,-36.3654,-26.6005,-16.503,-6.2161,4.1147,14.2958,24.159,33.5766,42.4239,50.5828,57.9409,64.3941,69.8463,74.2086,77.3999,79.3445,80.0,79.3445,77.3999,74.2086,69.8463,64.3941
192,2025-10-31 07:30:24,proposed,0.0,12.760105,25.297902,37.42931,48.868705,59.349275,68.618698,76.448096,82.63973,87.03102,89.498846,89.963496,88.38527,84.77093,79.16016,71.62473,62.26671,51.22673,38.67909,24.82309,9.87878,-5.360105,-20.697902,-35.82931,-50.468705,-64.349275,-77.218698,-88.848096,-99.03973,-107.63102,-114.508846,-119.563496,-122.70527,-123.87093,-123.04016,-120.22473,-115.47671,-108.90673,-100.66909,-90.95309,-79.97878,-67.93601,-55.02069,-41.43573,-27.38129,-13.05072,1.391302,15.797902,30.06931,44.098705
193,2025-10-31 07:31:04,executed,0.0,12.760105,25.297902,37.42931,48.868705,59.349275,68.618698,76.448096,82.63973,87.03102,89.498846,89.963496,88.38527,84.77093,79.16016,71.62473,62.26671,51.22673,38.67909,24.82309,9.87878,-5.360105,-20.697902,-35.82931,-50.468705,-64.349275,-77.218698,-88.848096,-99.03973,-107.63102,-114.508846,-119.563496,-122.70527,-123.87093,-123.04016,-120.22473,-115.47671,-108.90673,-100.66909,-90.95309,-79.97878,-67.93601,-55.02069,-41.43573,-27.38129,-13.05072,1.391302,15.797902,30.06931,44.098705
193,2025-10-31 07:35:20,proposed,95.0,94.8038,94.2154,93.2396,91.8837,90.156,88.066,85.624,82.841,79.728,76.299,72.567,68.546,64.251,59.697,54.899,49.874,44.639,39.211,33.608,27.848,21.949,15.93,9.809,3.608,-2.608,-8.809,-14.93,-20.949,-26.848,-32.608,-38.211,-43.639,-48.874,-53.899,-58.697,-63.251,-67.546,-71.567,-75.299,-78.728,-81.841,-84.624,-87.066,-89.066,-90.624,-91.728,-92.379,-92.579,-92.329
194,2025-10-31 07:36:00,executed,95.0,94.8038,94.2154,93.2396,91.8837,90.156,88.066,85.624,82.841,79.728,76.299,72.567,68.546,64.251,59.697,54.899,49.874,44.639,39.211,33.608,27.848,21.949,15.93,9.809,3.608,-2.608,-8.809,-14.93,-20.949,-26.848,-32.608,-38.211,-43.639,-48.874,-53.899,-58.697,-63.251,-67.546,-71.567,-75.299,-78.728,-81.841,-84.624,-87.066,-89.066,-90.624,-91.728,-92.379,-92.579,-92.329
194,2025-10-31 07:37:15,proposed,0.0,10.162985920702733,20.19133206008639,29.93011504990924,39.25473946029019,48.05690022410889,56.23833213008985,63.71900020108922,70.420903,76.27362839999999,81.20864608000001,85.16340608000002,88.08506904000001,89.93864608000001,90.69394608,90.34730304000001,88.9150002241089,86.420903,82.90664608000002,78.420903,73.02362839999999,66.78506904000001,59.78506904000001,52.11640608000001,43.87373946029019,35.16340608000001,26.09897704990924,16.78506904000001,7.368554080000001,-1.985069040000001,-11.20664608,-20.19133206008639,-28.857069040000003,-37.11640608000001,-44.88506904000001,-52.08506904000001,-58.64652839999999,-64.50000000000001,-69.58913592070273,-73.88506904,-77.33985592070273,-79.93011504990923,-81.6737394602902,-82.59500022410889,-82.74209029999999,-82.16340608000002,-80.920903,-79.08506904000001,-76.7236284,-73.90664608000002
195,2025-10-31 07:37:55,executed,0.0,10.162985920702733,20.19133206008639,29.93011504990924,39.25473946029019,48.05690022410889,56.23833213008985,63.71900020108922,70.420903,76.27362839999999,81.20864608000001,85.16340608000002,88.08506904000001,89.93864608000001,90.69394608,90.34730304000001,88.9150002241089,86.420903,82.90664608000002,78.420903,73.02362839999999,66.78506904000001,59.78506904000001,52.11640608000001,43.87373946029019,35.16340608000001,26.09897704990924,16.78506904000001,7.368554080000001,-1.985069040000001,-11.20664608,-20.19133206008639,-28.857069040000003,-37.11640608000001,-44.88506904000001,-52.08506904000001,-58.64652839999999,-64.50000000000001,-69.58913592070273,-73.88506904,-77.33985592070273,-79.93011504990923,-81.6737394602902,-82.59500022410889,-82.74209029999999,-82.16340608000002,-80.920903,-79.08506904000001,-76.7236284,-73.90664608000002
195,2025-10-31 07:39:10,proposed,10.0,21.3653,32.1819,42.3662,51.8288,60.479,68.238,75.0391,80.8202,85.5244,89.0991,91.5005,92.699,92.6749,91.4116,88.9248,85.2344,80.3752,74.3851,67.3045,59.1873,50.0991,40.117,29.3299,17.8306,5.7291,-6.8398,-19.7154,-32.6186,-45.4124,-57.969,-70.1506,-81.8306,-92.8802,-103.1756,-112.6004,-120.9409,-128.0802,-133.9109,-138.3306,-141.2448,-142.564,-142.2004,-140.0991,-136.199,-130.4552,-122.8398,-113.3306,-101.9209,-88.6004
196,2025-10-31 07:39:50,executed,10.0,21.3653,32.1819,42.3662,51.8288,60.479,68.238,75.0391,80.8202,85.5244,89.0991,91.5005,92.699,92.6749,91.4116,88.9248,85.2344,80.3752,74.3851,67.3045,59.1873,50.0991,40.117,29.3299,17.8306,5.7291,-6.8398,-19.7154,-32.6186,-45.4124,-57.969,-70.1506,-81.8306,-92.8802,-103.1756,-112.6004,-120.9409,-128.0802,-133.9109,-138.3306,-141.2448,-142.564,-142.2004,-140.0991,-136.199,-130.4552,-122.8398,-113.3306,-101.9209,-88.6004
196,2025-10-31 07:42:34,proposed,80.0,79.204,76.615,72.3115,66.4046,59.0295,50.3402,40.5332,29.8182,18.4124,6.5332,-5.8668,-17.7065,-28.9916,-39.6268,-49.5144,-58.5607,-66.6712,-73.7515,-79.7109,-84.4699,-87.9599,-90.0,-87.9599,-84.4699,-79.7109,-73.7515,-66.6712,-58.5607,-49.5144,-39.6268,-28.9916,-17.7065,-5.8668,6.5332,18.4124,29.8182,40.5332,50.3402,59.0295,66.4046,72.3115,76.615,79.204,80.0,79.204,76.615,72.3115,66.4046,59.0295
197,2025-10-31 07:43:14,executed,80.0,79.204,76.615,72.3115,66.4046,59.0295,50.3402,40.5332,29.8182,18.4124,6.5332,-5.8668,-17.7065,-28.9916,-39.6268,-49.5144,-58.5607,-66.6712,-73.7515,-79.7109,-84.4699,-87.9599,-90.0,-87.9599,-84.4699,-79.7109,-73.7515,-66.6712,-58.5607,-49.5144,-39.6268,-28.9916,-17.7065,-5.8668,6.5332,18.4124,29.8182,40.5332,50.3402,59.0295,66.4046,72.3115,76.615,79.204,80.0,79.204,76.615,72.3115,66.4046,59.0295
197,2025-10-31 07:46:47,proposed,0.0,23.1756,43.9039,60.7368,72.5406,78.4705,78.4705,72.5406,60.7368,43.9039,23.1756,0.0,-23.1756,-43.9039,-60.7368,-72.5406,-78.4705,-78.4705,-72.5406,-60.7368,-43.9039,-23.1756,0.0,23.1756,43.9039,60.7368,72.5406,78.4705,78.4705,72.5406,60.7368,43.9039,23.1756,0.0,-23.1756,-43.9039,-60.7368,-72.5406,-78.4705,-78.4705,-72.5406,-60.7368,-43.9039,-23.1756,0.0,23.1756,43.9039,60.7368,72.5406,78.4705
198,2025-10-31 07:47:27,executed,0.0,23.1756,43.9039,60.7368,72.5406,78.4705,78.4705,72.5406,60.7368,43.9039,23.1756,0.0,-23.1756,-43.9039,-60.7368,-72.5406,-78.4705,-78.4705,-72.5406,-60.7368,-43.9039,-23.1756,0.0,23.1756,43.9039,60.7368,72.5406,78.4705,78.4705,72.5406,60.7368,43.9039,23.1756,0.0,-23.1756,-43.9039,-60.7368,-72.5406,-78.4705,-78.4705,-72.5406,-60.7368,-43.9039,-23.1756,0.0,23.1756,43.9039,60.7368,72.5406,78.4705
198,2025-10-31 07:48:40,proposed,0.0,11.748,23.09,33.896,44.047,53.435,61.967,69.558,76.13,81.61,85.939,89.06,90.939,91.548,90.879,88.94,85.76,81.38,75.84,69.2,61.52,52.88,43.36,33.04,22.0,10.32,-1.748,-13.09,-24.04,-34.48,-44.36,-53.56,-62.04,-69.64,-76.24,-81.68,-85.96,-89.04,-90.92,-91.52,-90.84,-88.88,-85.68,-81.28,-75.72,-69.08,-61.4,-52.72,-43.16,-32.8
199,2025-10-31 07:49:20,executed,0.0,11.748,23.09,33.896,44.047,53.435,61.967,69.558,76.13,81.61,85.939,89.06,90.939,91.548,90.879,88.94,85.76,81.38,75.84,69.2,61.52,52.88,43.36,33.04,22.0,10.32,-1.748,-13.09,-24.04,-34.48,-44.36,-53.56,-62.04,-69.64,-76.24,-81.68,-85.96,-89.04,-90.92,-91.52,-90.84,-88.88,-85.68,-81.28,-75.72,-69.08,-61.4,-52.72,-43.16,-32.8
199,2025-10-31 07:50:05,proposed,0.0,3.1303,6.2144,9.2078,12.066,14.746,17.2065,19.407,21.3109,22.8849,24.1004,24.939,25.386,25.4303,25.062,24.2736,23.0607,21.423,19.3645,16.8906,14.011,10.746,7.119,3.159,-0.976,-5.109,-9.15,-13.008,-16.6004,-19.8406,-22.6531,-24.9658,-26.7176,-27.857,-28.353,-28.1901,-27.3688,-25.909,-23.8354,-21.1837,-17.9959,-14.3235,-10.224,-5.769,-1.0509,3.768,8.419,12.808,16.848,20.457
200,2025-10-31 07:50:45,executed,0.0,3.1303,6.2144,9.2078,12.066,14.746,17.2065,19.407,21.3109,22.8849,24.1004,24.939,25.386,25.4303,25.062,24.2736,23.0607,21.423,19.3645,16.8906,14.011,10.746,7.119,3.159,-0.976,-5.109,-9.15,-13.008,-16.6004,-19.8406,-22.6531,-24.9658,-26.7176,-27.857,-28.353,-28.1901,-27.3688,-25.909,-23.8354,-21.1837,-17.9959,-14.3235,-10.224,-5.769,-1.0509,3.768,8.419,12.808,16.848,20.457
200,2025-10-31 07:51:27,proposed,0.0,10.163,20.1913,29.9301,39.2547,48.0569,56.2383,63.719,70.4209,76.2736,81.2086,85.1634,88.085,89.9386,90.6939,90.3473,88.915,86.4209,82.9066,78.4209,73.0236,66.785,59.785,52.1164,43.8737,35.1634,26.0989,16.785,7.3686,-1.985,-11.2066,-20.1913,-28.857,-37.1164,-44.885,-52.085,-58.6465,-64.5,-69.5891,-73.885,-77.3398,-79.9301,-81.6737,-82.595,-82.742,-82.1634,-80.9209,-79.085,-76.7236,-73.9066
201,2025-10-31 07:52:07,executed,0.0,10.163,20.1913,29.9301,39.2547,48.0569,56.2383,63.719,70.4209,76.2736,81.2086,85.1634,88.085,89.9386,90.6939,90.3473,88.915,86.4209,82.9066,78.4209,73.0236,66.785,59.785,52.1164,43.8737,35.1634,26.0989,16.785,7.3686,-1.985,-11.2066,-20.1913,-28.857,-37.1164,-44.885,-52.085,-58.6465,-64.5,-69.5891,-73.885,-77.3398,-79.9301,-81.6737,-82.595,-82.742,-82.1634,-80.9209,-79.085,-76.7236,-73.9066
201,2025-10-31 07:53:25,proposed,0.0,8.7499,17.2941,25.4748,33.0903,39.9999,46.0895,51.2729,55.4729,58.6214,60.6669,61.5703,61.3093,59.8795,57.3004,53.6053,48.8407,43.078,36.3941,28.885,20.6659,11.866,2.639,-6.8398,-16.503,-26.0002,-35.0614,-43.5099,-51.1901,-57.9755,-63.7562,-68.4447,-69.9999,-69.9999,-68.4447,-63.7562,-57.9755,-51.1901,-43.5099,-35.0614,-26.0002,-16.503,-6.8398,2.639,11.866,20.6659,28.885,36.3941,43.078,48.8407
202,2025-10-31 07:54:05,executed,0.0,8.7499,17.2941,25.4748,33.0903,39.9999,46.0895,51.2729,55.4729,58.6214,60.6669,61.5703,61.3093,59.8795,57.3004,53.6053,48.8407,43.078,36.3941,28.885,20.6659,11.866,2.639,-6.8398,-16.503,-26.0002,-35.0614,-43.5099,-51.1901,-57.9755,-63.7562,-68.4447,-69.9999,-69.9999,-68.4447,-63.7562,-57.9755,-51.1901,-43.5099,-35.0614,-26.0002,-16.503,-6.8398,2.639,11.866,20.6659,28.885,36.3941,43.078,48.8407
202,2025-10-31 07:54:56,proposed,85.0,84.7738,84.0963,82.973,81.412,79.422,77.013,74.196,70.983,67.387,63.421,59.1,54.437,49.449,44.153,38.567,32.709,26.599,20.256,13.701,6.954,0.036,-6.849,-13.606,-20.194,-26.554,-32.62,-38.329,-43.623,-48.448,-52.755,-56.502,-59.646,-62.15,-63.979,-65.104,-65.501,-65.152,-64.04,-62.156,-59.49,-56.035,-51.79,-46.76,-40.959,-34.399,-27.096,-19.07,-10.349,-0.96
203,2025-10-31 07:55:36,executed,85.0,84.7738,84.0963,82.973,81.412,79.422,77.013,74.196,70.983,67.387,63.421,59.1,54.437,49.449,44.153,38.567,32.709,26.599,20.256,13.701,6.954,0.036,-6.849,-13.606,-20.194,-26.554,-32.62,-38.329,-43.623,-48.448,-52.755,-56.502,-59.646,-62.15,-63.979,-65.104,-65.501,-65.152,-64.04,-62.156,-59.49,-56.035,-51.79,-46.76,-40.959,-34.399,-27.096,-19.07,-10.349,-0.96
203,2025-10-31 07:58:32,proposed,0.0,9.936709954060307,19.50909983196607,28.40114979188048,36.31144070281676,42.96691484000302,48.12894178385002,51.6061090100095,53.26789851670989,53.03060414708369,50.85590928000756,46.74574946399083,40.73703960000001,32.910000000000004,23.385,12.31691484000302,0.0,-12.31691484000302,-23.385,-32.910000000000004,-40.73703960000001,-46.74574946399083,-50.85590928000756,-53.03060414708369,-53.26789851670989,-51.6061090100095,-48.12894178385002,-42.96691484000302,-36.31144070281676,-28.40114979188048,-19.50909983196607,-9.936709954060307,-0.0,9.936709954060307,19.50909983196607,28.40114979188048,36.31144070281676,42.96691484000302,48.12894178385002,51.6061090100095,53.26789851670989,53.03060414708369,50.85590928000756,46.74574946399083,40.73703960000001,32.910000000000004,23.385,12.31691484000302,0.0,-9.936709954060307
204,2025-10-31 07:59:12,executed,0.0,9.936709954060307,19.50909983196607,28.40114979188048,36.31144070281676,42.96691484000302,48.12894178385002,51.6061090100095,53.26789851670989,53.03060414708369,50.85590928000756,46.74574946399083,40.73703960000001,32.910000000000004,23.385,12.31691484000302,0.0,-12.31691484000302,-23.385,-32.910000000000004,-40.73703960000001,-46.74574946399083,-50.85590928000756,-53.03060414708369,-53.26789851670989,-51.6061090100095,-48.12894178385002,-42.96691484000302,-36.31144070281676,-28.40114979188048,-19.50909983196607,-9.936709954060307,-0.0,9.936709954060307,19.50909983196607,28.40114979188048,36.31144070281676,42.96691484000302,48.12894178385002,51.6061090100095,53.26789851670989,53.03060414708369,50.85590928000756,46.74574946399083,40.73703960000001,32.910000000000004,23.385,12.31691484000302,0.0,-9.936709954060307
204,2025-10-31 08:00:43,proposed,0.0,24.086422,42.482703,58.077209,69.349607,76.54564,79.94086,79.839074,76.54564,70.47903,61.999999,51.520404,39.40939,26.000202,11.680548,-2.89904,-17.294101,-31.07094,-43.667001,-54.65881,-63.719001,-70.599001,-75.045401,-76.974001,-76.4333,-73.499999,-68.314501,-61.090601,-52.091001,-41.621501,-30.0893,-17.7398,-4.8871,8.604099,22.296501,35.037001,46.5637,56.542001,64.8436,71.3826,75.962,78.6205,79.3705,78.2293,75.299,70.7107,64.6368,57.2458,48.7196,39.2041
205,2025-10-31 08:01:23,executed,0.0,24.086422,42.482703,58.077209,69.349607,76.54564,79.94086,79.839074,76.54564,70.47903,61.999999,51.520404,39.40939,26.000202,11.680548,-2.89904,-17.294101,-31.07094,-43.667001,-54.65881,-63.719001,-70.599001,-75.045401,-76.974001,-76.4333,-73.499999,-68.314501,-61.090601,-52.091001,-41.621501,-30.0893,-17.7398,-4.8871,8.604099,22.296501,35.037001,46.5637,56.542001,64.8436,71.3826,75.962,78.6205,79.3705,78.2293,75.299,70.7107,64.6368,57.2458,48.7196,39.2041
205,2025-10-31 08:03:42,proposed,60.031268,72.072528,80.609425,85.495029,86.680005,84.354785,78.784266,70.297405,59.261494,46.096333,31.229141,15.099195,-1.685361,-18.773801,-35.70014,-51.907954,-66.8647,-79.998246,-90.796642,-98.79093,-103.606272,-105.0,-102.812232,-97.090622,-87.99427,-75.797275,-60.817346,-43.493922,-24.282902,-3.666991,17.060133,37.037233,55.454946,71.597985,84.79374,94.53232,100.4187,102.164327,99.6001,92.744158,81.797437,67.046554,48.891398,27.747514,4.037146,-21.432095,-47.161099,-71.956699,-94.53232,-113.606272
206,2025-10-31 08:04:22,executed,60.031268,72.072528,80.609425,85.495029,86.680005,84.354785,78.784266,70.297405,59.261494,46.096333,31.229141,15.099195,-1.685361,-18.773801,-35.70014,-51.907954,-66.8647,-79.998246,-90.796642,-98.79093,-103.606272,-105.0,-102.812232,-97.090622,-87.99427,-75.797275,-60.817346,-43.493922,-24.282902,-3.666991,17.060133,37.037233,55.454946,71.597985,84.79374,94.53232,100.4187,102.164327,99.6001,92.744158,81.797437,67.046554,48.891398,27.747514,4.037146,-21.432095,-47.161099,-71.956699,-94.53232,-113.606272
206,2025-10-31 08:06:49,proposed,70.0,69.1361,66.5678,62.361,56.6136,49.4459,41.0961,31.716,21.465,10.5099,-0.6163,-11.6805,-22.439,-32.787,-42.619,-51.839,-60.359,-68.099,-74.979,-80.899,-85.779,-89.549,-92.149,-93.529,-93.659,-92.529,-90.149,-86.529,-81.749,-75.849,-68.909,-61.039,-52.349,-42.969,-33.029,-22.659,-11.989,-1.159,9.771,20.661,31.301,41.591,51.431,60.721,69.361,77.251,84.291,90.381,95.421,99.311
207,2025-10-31 08:07:29,executed,70.0,69.1361,66.5678,62.361,56.6136,49.4459,41.0961,31.716,21.465,10.5099,-0.6163,-11.6805,-22.439,-32.787,-42.619,-51.839,-60.359,-68.099,-74.979,-80.899,-85.779,-89.549,-92.149,-93.529,-93.659,-92.529,-90.149,-86.529,-81.749,-75.849,-68.909,-61.039,-52.349,-42.969,-33.029,-22.659,-11.989,-1.159,9.771,20.661,31.301,41.591,51.431,60.721,69.361,77.251,84.291,90.381,95.421,99.311
207,2025-10-31 08:16:01,proposed,10.0,15.01180295116742,20.000000000000004,24.90806497241804,29.65929606277685,34.17937402660088,38.39807530865069,42.24827050274195,45.6669931006527,48.6050510619725,50.91799248446294,52.5665893478988,53.51860068884606,53.75000000000001,53.24237976851211,51.9804825249406,50.00000000000001,47.33763706979684,44.0294109355859,40.11706859737107,35.6493639352989,30.6800844781441,25.26786858814769,19.47560418512536,13.369800000000001,7.017999999999999,0.4999999999999999,-6.130199999999999,-12.72,-19.120000000000005,-25.200000000000003,-30.830000000000002,-35.88000000000001,-40.230000000000004,-43.75000000000001,-46.32000000000001,-47.82000000000001,-48.14000000000001,-47.17000000000001,-44.82000000000001,-41.010000000000005,-35.690000000000005,-28.800000000000004,-20.300000000000004,-10.100000000000001,1.9000000000000004,15.600000000000001,30.800000000000004,47.300000000000004,64.9
208,2025-10-31 08:16:41,executed,10.0,15.01180295116742,20.000000000000004,24.90806497241804,29.65929606277685,34.17937402660088,38.39807530865069,42.24827050274195,45.6669931006527,48.6050510619725,50.91799248446294,52.5665893478988,53.51860068884606,53.75000000000001,53.24237976851211,51.9804825249406,50.00000000000001,47.33763706979684,44.0294109355859,40.11706859737107,35.6493639352989,30.6800844781441,25.26786858814769,19.47560418512536,13.369800000000001,7.017999999999999,0.4999999999999999,-6.130199999999999,-12.72,-19.120000000000005,-25.200000000000003,-30.830000000000002,-35.88000000000001,-40.230000000000004,-43.75000000000001,-46.32000000000001,-47.82000000000001,-48.14000000000001,-47.17000000000001,-44.82000000000001,-41.010000000000005,-35.690000000000005,-28.800000000000004,-20.300000000000004,-10.100000000000001,1.9000000000000004,15.600000000000001,30.800000000000004,47.300000000000004,64.9
208,2025-10-31 08:18:03,proposed,0.0,8.900827,17.580101,25.800164,33.500164,40.550164,46.830164,52.230164,56.650164,60.000164,62.200164,63.170164,62.840164,61.150164,58.040164,53.560164,47.770164,40.750164,32.610164,23.470164,13.460164,2.720164,-8.329836,-19.589836,-30.849836,-41.909836,-52.569836,-62.629836,-71.909836,-80.209836,-87.359836,-93.199836,-97.589836,-100.409836,-101.569836,-101.009836,-98.699836,-94.639836,-88.859836,-81.409836,-72.379836,-61.889836,-50.089836,-37.129836,-23.169836,-8.379836,6.990164,22.790164,38.890164,55.190164
209,2025-10-31 08:18:43,executed,0.0,8.900827,17.580101,25.800164,33.500164,40.550164,46.830164,52.230164,56.650164,60.000164,62.200164,63.170164,62.840164,61.150164,58.040164,53.560164,47.770164,40.750164,32.610164,23.470164,13.460164,2.720164,-8.329836,-19.589836,-30.849836,-41.909836,-52.569836,-62.629836,-71.909836,-80.209836,-87.359836,-93.199836,-97.589836,-100.409836,-101.569836,-101.009836,-98.699836,-94.639836,-88.859836,-81.409836,-72.379836,-61.889836,-50.089836,-37.129836,-23.169836,-8.379836,6.990164,22.790164,38.890164,55.190164
209,2025-10-31 08:19:57,proposed,100.0,99.7932310168056,99.1738770204791,98.1496932087596,96.7300705001968,94.9260797379684,92.7502700348737,90.2167385921868,87.3399081822822,84.1345999908927,80.6168926978166,76.8033785210287,72.7118231571216,68.3602110419339,63.7665798083896,58.9490102685936,53.9256976901869,48.7157390974868,43.3383329249738,37.8136363059483,32.1618349286461,26.399999999999995,20.5471842823812,14.6223793099042,8.6445999908927,2.632831016805601,-3.390910268593601,-9.3879081822822,-15.3283329249738,-21.199999999999996,-26.9896932087596,-32.6845999908927,-38.2728157176188,-43.7423793099042,-49.0818349286461,-54.2802700348737,-59.3271842823812,-64.2123793099042,-68.9256976901869,-73.4571842823812,-77.7970705001968,-81.9360797379684,-85.8651842823812,-89.5756976901869,-93.059102685936,-96.3070705001968,-99.3118231571216,-99.7932310168056,-99.1738770204791,-100.0
210,2025-10-31 08:20:37,executed,100.0,99.7932310168056,99.1738770204791,98.1496932087596,96.7300705001968,94.9260797379684,92.7502700348737,90.2167385921868,87.3399081822822,84.1345999908927,80.6168926978166,76.8033785210287,72.7118231571216,68.3602110419339,63.7665798083896,58.9490102685936,53.9256976901869,48.7157390974868,43.3383329249738,37.8136363059483,32.1618349286461,26.399999999999995,20.5471842823812,14.6223793099042,8.6445999908927,2.632831016805601,-3.390910268593601,-9.3879081822822,-15.3283329249738,-21.199999999999996,-26.9896932087596,-32.6845999908927,-38.2728157176188,-43.7423793099042,-49.0818349286461,-54.2802700348737,-59.3271842823812,-64.2123793099042,-68.9256976901869,-73.4571842823812,-77.7970705001968,-81.9360797379684,-85.8651842823812,-89.5756976901869,-93.059102685936,-96.3070705001968,-99.3118231571216,-99.7932310168056,-99.1738770204791,-100.0
210,2025-10-31 08:24:57,proposed,26.79155209705149,39.78913349635028,51.27292931988899,60.97549748689437,68.6656726915017,74.1610493033583,77.3015566083073,78.0487010427382,76.4816823330646,72.71077797745775,67.0003049163276,59.64647306915722,50.97549748689437,41.2589363044192,30.79904675704873,19.89737222300063,8.85732959881882,-1.9850000000000003,-12.62704043949793,-22.84884705500129,-32.4042841666687,-41.10900977218676,-48.7997380083901,-55.3392817290126,-60.6130950614838,-64.529897,-67.02790000000002,-68.06600000000002,-67.629,-65.72000000000001,-62.36100000000001,-57.60500000000001,-51.52000000000001,-44.20400000000001,-35.79900000000001,-26.43500000000001,-16.26000000000001,-5.42000000000001,5.877000000000009,17.46100000000001,28.919000000000008,39.90000000000001,50.06100000000001,59.06100000000001,66.57000000000001,72.302,76.00600000000001,77.50200000000001,76.68800000000002,73.50000000000001
211,2025-10-31 08:25:37,executed,26.79155209705149,39.78913349635028,51.27292931988899,60.97549748689437,68.6656726915017,74.1610493033583,77.3015566083073,78.0487010427382,76.4816823330646,72.71077797745775,67.0003049163276,59.64647306915722,50.97549748689437,41.2589363044192,30.79904675704873,19.89737222300063,8.85732959881882,-1.9850000000000003,-12.62704043949793,-22.84884705500129,-32.4042841666687,-41.10900977218676,-48.7997380083901,-55.3392817290126,-60.6130950614838,-64.529897,-67.02790000000002,-68.06600000000002,-67.629,-65.72000000000001,-62.36100000000001,-57.60500000000001,-51.52000000000001,-44.20400000000001,-35.79900000000001,-26.43500000000001,-16.26000000000001,-5.42000000000001,5.877000000000009,17.46100000000001,28.919000000000008,39.90000000000001,50.06100000000001,59.06100000000001,66.57000000000001,72.302,76.00600000000001,77.50200000000001,76.68800000000002,73.50000000000001
211,2025-10-31 08:28:14,proposed,75.0,75.0,74.0625,71.2687,66.7262,60.5501,52.8809,43.8824,33.7383,22.6587,10.8797,-1.3337,-13.3698,-25.0255,-36.0988,-46.4939,-56.134,-64.9496,-72.8506,-79.749,-85.5706,-90.252,-93.7712,-96.0699,-97.0785,-96.7688,-95.1057,-92.0166,-87.5706,-81.8306,-74.9172,-66.974,-58.109,-48.4209,-38.0296,-27.067,-15.6615,-3.95,7.828,19.4756,30.8995,42.0027,52.697,62.8989,72.5406,81.5715,89.8979,97.4928,104.298,110.2079
212,2025-10-31 08:28:54,executed,75.0,75.0,74.0625,71.2687,66.7262,60.5501,52.8809,43.8824,33.7383,22.6587,10.8797,-1.3337,-13.3698,-25.0255,-36.0988,-46.4939,-56.134,-64.9496,-72.8506,-79.749,-85.5706,-90.252,-93.7712,-96.0699,-97.0785,-96.7688,-95.1057,-92.0166,-87.5706,-81.8306,-74.9172,-66.974,-58.109,-48.4209,-38.0296,-27.067,-15.6615,-3.95,7.828,19.4756,30.8995,42.0027,52.697,62.8989,72.5406,81.5715,89.8979,97.4928,104.298,110.2079
212,2025-10-31 08:30:49,proposed,0.0,10.216,20.2481,29.9301,39.2547,48.0569,56.2383,63.719,70.4209,76.2736,80.0,79.92,75.92,68.32,57.6,44.24,28.64,11.36,-6.24,-23.36,-39.28,-53.28,-64.8,-73.44,-78.88,-80.0,-79.92,-75.92,-68.32,-57.6,-44.24,-28.64,-11.36,6.24,23.36,39.28,53.28,64.8,73.44,78.88,80.0,76.2736,70.4209,63.719,56.2383,48.0569,39.2547,29.9301,20.2481,10.216
213,2025-10-31 08:31:29,executed,0.0,10.216,20.2481,29.9301,39.2547,48.0569,56.2383,63.719,70.4209,76.2736,80.0,79.92,75.92,68.32,57.6,44.24,28.64,11.36,-6.24,-23.36,-39.28,-53.28,-64.8,-73.44,-78.88,-80.0,-79.92,-75.92,-68.32,-57.6,-44.24,-28.64,-11.36,6.24,23.36,39.28,53.28,64.8,73.44,78.88,80.0,76.2736,70.4209,63.719,56.2383,48.0569,39.2547,29.9301,20.2481,10.216
213,2025-10-31 08:32:37,proposed,63.6396,70.0408,75.6983,80.4859,84.288,87.0506,88.7456,89.3496,88.848,87.2456,84.5615,80.8203,76.071,70.3757,63.8091,56.4548,48.407,39.778,30.6831,21.2205,11.412,1.3757,-8.7499,-18.8093,-28.6918,-38.204,-47.204,-55.595,-63.2729,-70.1506,-76.13,-81.12,-85.0763,-87.9599,-89.7303,-90.3473,-89.7303,-87.9599,-85.0763,-81.12,-76.13,-70.1506,-63.2729,-55.595,-47.204,-38.204,-28.6918,-18.8093,-8.7499,1.3757
214,2025-10-31 08:33:17,executed,63.6396,70.0408,75.6983,80.4859,84.288,87.0506,88.7456,89.3496,88.848,87.2456,84.5615,80.8203,76.071,70.3757,63.8091,56.4548,48.407,39.778,30.6831,21.2205,11.412,1.3757,-8.7499,-18.8093,-28.6918,-38.204,-47.204,-55.595,-63.2729,-70.1506,-76.13,-81.12,-85.0763,-87.9599,-89.7303,-90.3473,-89.7303,-87.9599,-85.0763,-81.12,-76.13,-70.1506,-63.2729,-55.595,-47.204,-38.204,-28.6918,-18.8093,-8.7499,1.3757
214,2025-10-31 08:34:54,proposed,0.0,7.668001,15.176465,22.390098,29.176465,35.408103,41.060136,46.012547,50.151744,53.37424,55.589073,56.711913,56.67876,55.440268,52.969199,49.250556,44.295898,38.13632,30.82056,22.41687,13.01363,2.71018,-8.07999,-19.20409,-30.408103,-41.408103,-51.91363,-61.63632,-70.390098,-77.90409,-83.90409,-88.176465,-90.589073,-91.012547,-89.41687,-85.82056,-80.250556,-72.711913,-63.297453,-52.151744,-39.408103,-25.276465,-9.976465,6.21018,23.290098,40.990098,58.990098,77.090098,95.090098,112.890098
215,2025-10-31 08:35:34,executed,0.0,7.668001,15.176465,22.390098,29.176465,35.408103,41.060136,46.012547,50.151744,53.37424,55.589073,56.711913,56.67876,55.440268,52.969199,49.250556,44.295898,38.13632,30.82056,22.41687,13.01363,2.71018,-8.07999,-19.20409,-30.408103,-41.408103,-51.91363,-61.63632,-70.390098,-77.90409,-83.90409,-88.176465,-90.589073,-91.012547,-89.41687,-85.82056,-80.250556,-72.711913,-63.297453,-52.151744,-39.408103,-25.276465,-9.976465,6.21018,23.290098,40.990098,58.990098,77.090098,95.090098,112.890098
215,2025-10-31 08:36:45,proposed,75.0,74.4075,72.6451,69.747,65.7785,60.8203,54.9607,48.297,40.9349,32.9891,24.5795,15.8368,6.892,-2.108,-11.008,-19.708,-28.108,-36.108,-43.608,-50.508,-56.708,-62.108,-66.608,-70.108,-72.508,-73.808,-73.808,-72.508,-70.108,-66.608,-62.108,-56.708,-50.508,-43.608,-36.108,-28.108,-19.708,-11.008,-2.108,6.892,15.8368,24.5795,32.9891,40.9349,48.297,54.9607,60.8203,65.7785,69.747,72.6451
216,2025-10-31 08:37:25,executed,75.0,74.4075,72.6451,69.747,65.7785,60.8203,54.9607,48.297,40.9349,32.9891,24.5795,15.8368,6.892,-2.108,-11.008,-19.708,-28.108,-36.108,-43.608,-50.508,-56.708,-62.108,-66.608,-70.108,-72.508,-73.808,-73.808,-72.508,-70.108,-66.608,-62.108,-56.708,-50.508,-43.608,-36.108,-28.108,-19.708,-11.008,-2.108,6.892,15.8368,24.5795,32.9891,40.9349,48.297,54.9607,60.8203,65.7785,69.747,72.6451
216,2025-10-31 08:38:29,proposed,80.370438,90.380064,96.908076,99.0,96.908076,90.380064,80.370438,67.971509,53.352,37.0408,19.5091,1.2537,-17.2941,-35.0614,-51.2729,-65.1118,-75.6983,-82.8989,-86.766,-87.0506,-83.542,-76.2847,-65.501,-51.6061,-35.037,-16.435,3.1303,22.767,41.599,58.7785,73.5786,85.0763,92.9576,97.0785,97.0785,92.9576,85.0763,73.5786,58.7785,41.599,22.767,3.1303,-16.435,-35.037,-51.6061,-65.501,-76.2847,-83.542,-87.0506,-86.766
217,2025-10-31 08:39:09,executed,80.370438,90.380064,96.908076,99.0,96.908076,90.380064,80.370438,67.971509,53.352,37.0408,19.5091,1.2537,-17.2941,-35.0614,-51.2729,-65.1118,-75.6983,-82.8989,-86.766,-87.0506,-83.542,-76.2847,-65.501,-51.6061,-35.037,-16.435,3.1303,22.767,41.599,58.7785,73.5786,85.0763,92.9576,97.0785,97.0785,92.9576,85.0763,73.5786,58.7785,41.599,22.767,3.1303,-16.435,-35.037,-51.6061,-65.501,-76.2847,-83.542,-87.0506,-86.766
217,2025-10-31 08:45:33,proposed,70.0,69.3601,67.4402,64.2797,59.9392,54.5001,48.0607,40.7398,32.6603,23.9598,14.7803,5.2608,-4.5001,-14.4196,-24.2791,-33.9396,-43.2601,-52.1006,-60.3201,-67.7806,-74.3411,-79.8616,-84.2021,-87.2226,-88.8031,-88.8031,-87.2226,-84.2021,-79.8616,-74.3411,-67.7806,-60.3201,-52.1006,-43.2601,-33.9396,-24.2791,-14.4196,-4.5001,5.2608,14.7803,23.9598,32.6603,40.7398,48.0607,54.5001,59.9392,64.2797,67.4402,69.3601,70.0
218,2025-10-31 08:46:13,executed,70.0,69.3601,67.4402,64.2797,59.9392,54.5001,48.0607,40.7398,32.6603,23.9598,14.7803,5.2608,-4.5001,-14.4196,-24.2791,-33.9396,-43.2601,-52.1006,-60.3201,-67.7806,-74.3411,-79.8616,-84.2021,-87.2226,-88.8031,-88.8031,-87.2226,-84.2021,-79.8616,-74.3411,-67.7806,-60.3201,-52.1006,-43.2601,-33.9396,-24.2791,-14.4196,-4.5001,5.2608,14.7803,23.9598,32.6603,40.7398,48.0607,54.5001,59.9392,64.2797,67.4402,69.3601,70.0
218,2025-10-31 08:47:29,proposed,75.0,74.4075252063066,72.6375373300803,69.7470003023021,65.7785055008581,60.8203009015897,54.9607310601555,48.2970003023021,40.9349055008581,32.9891009015897,24.5795252063066,15.8368373300803,6.8920003023021,-2.1080003023021,-11.0080003023021,-19.7080003023021,-28.1080003023021,-36.1080003023021,-43.6080003023021,-50.5080003023021,-56.7080003023021,-62.1080003023021,-66.6080003023021,-70.1080003023021,-72.5080003023021,-73.8080003023021,-73.8080003023021,-72.5080003023021,-70.1080003023021,-66.6080003023021,-62.1080003023021,-56.7080003023021,-50.5080003023021,-43.6080003023021,-36.1080003023021,-28.1080003023021,-19.7080003023021,-11.0080003023021,-2.1080003023021,6.8920003023021,15.8368373300803,24.5795252063066,32.9891009015897,40.9349055008581,48.2970003023021,54.9607310601555,60.8203009015897,65.7785055008581,69.7470003023021,72.6375373300803
219,2025-10-31 08:48:09,executed,75.0,74.4075252063066,72.6375373300803,69.7470003023021,65.7785055008581,60.8203009015897,54.9607310601555,48.2970003023021,40.9349055008581,32.9891009015897,24.5795252063066,15.8368373300803,6.8920003023021,-2.1080003023021,-11.0080003023021,-19.7080003023021,-28.1080003023021,-36.1080003023021,-43.6080003023021,-50.5080003023021,-56.7080003023021,-62.1080003023021,-66.6080003023021,-70.1080003023021,-72.5080003023021,-73.8080003023021,-73.8080003023021,-72.5080003023021,-70.1080003023021,-66.6080003023021,-62.1080003023021,-56.7080003023021,-50.5080003023021,-43.6080003023021,-36.1080003023021,-28.1080003023021,-19.7080003023021,-11.0080003023021,-2.1080003023021,6.8920003023021,15.8368373300803,24.5795252063066,32.9891009015897,40.9349055008581,48.2970003023021,54.9607310601555,60.8203009015897,65.7785055008581,69.7470003023021,72.6375373300803
219,2025-10-31 08:49:57,proposed,0.0,12.53332335643049,24.74039592505531,36.38139686001019,47.21396700078239,57.00000000000001,65.51081076127402,72.5377038139709,77.9073740213032,81.49399894870326,83.2100195860074,83.00000000000001,80.8290463690649,76.70000000000002,70.70000000000002,62.900000000000006,53.400000000000006,42.300000000000004,29.800000000000004,16.100000000000005,1.4000000000000004,-13.500000000000002,-28.900000000000002,-44.00000000000001,-58.00000000000001,-70.00000000000001,-79.00000000000001,-84.9,-87.9,-88.00000000000001,-85.20000000000002,-79.60000000000001,-71.4,-60.800000000000004,-48.00000000000001,-33.2,-16.800000000000004,0.0,17.000000000000004,33.00000000000001,47.00000000000001,58.00000000000001,66.00000000000001,71.00000000000001,73.00000000000001,72.00000000000001,68.00000000000001,61.00000000000001,51.00000000000001,38.00000000000001
220,2025-10-31 08:50:37,executed,0.0,12.53332335643049,24.74039592505531,36.38139686001019,47.21396700078239,57.00000000000001,65.51081076127402,72.5377038139709,77.9073740213032,81.49399894870326,83.2100195860074,83.00000000000001,80.8290463690649,76.70000000000002,70.70000000000002,62.900000000000006,53.400000000000006,42.300000000000004,29.800000000000004,16.100000000000005,1.4000000000000004,-13.500000000000002,-28.900000000000002,-44.00000000000001,-58.00000000000001,-70.00000000000001,-79.00000000000001,-84.9,-87.9,-88.00000000000001,-85.20000000000002,-79.60000000000001,-71.4,-60.800000000000004,-48.00000000000001,-33.2,-16.800000000000004,0.0,17.000000000000004,33.00000000000001,47.00000000000001,58.00000000000001,66.00000000000001,71.00000000000001,73.00000000000001,72.00000000000001,68.00000000000001,61.00000000000001,51.00000000000001,38.00000000000001
220,2025-10-31 08:51:24,proposed,85.0,84.2952,82.2926,78.9959,74.5099,68.9726,62.5323,55.352,47.6009,39.4503,31.0709,22.6309,14.3006,6.2407,-1.4904,-8.8893,-15.8677,-22.3592,-28.3004,-33.6316,-38.3004,-42.2606,-45.4705,-47.9048,-49.5446,-50.3804,-49.5446,-47.9048,-45.4705,-42.2606,-38.3004,-33.6316,-28.3004,-22.3592,-15.8677,-8.8893,-1.4904,6.2407,14.3006,22.6309,31.0709,39.4503,47.6009,55.352,62.5323,68.9726,74.5099,78.9959,82.2926,84.2952
221,2025-10-31 08:52:04,executed,85.0,84.2952,82.2926,78.9959,74.5099,68.9726,62.5323,55.352,47.6009,39.4503,31.0709,22.6309,14.3006,6.2407,-1.4904,-8.8893,-15.8677,-22.3592,-28.3004,-33.6316,-38.3004,-42.2606,-45.4705,-47.9048,-49.5446,-50.3804,-49.5446,-47.9048,-45.4705,-42.2606,-38.3004,-33.6316,-28.3004,-22.3592,-15.8677,-8.8893,-1.4904,6.2407,14.3006,22.6309,31.0709,39.4503,47.6009,55.352,62.5323,68.9726,74.5099,78.9959,82.2926,84.2952
221,2025-10-31 08:54:03,proposed,76.9959,73.9786,69.8524,64.6738,58.5085,51.428,43.513,34.8507,25.5312,15.651,5.3218,-5.3218,-16.3218,-27.651,-39.1901,-50.8099,-62.385,-73.785,-84.8999,-95.6083,-95.6083,-84.8999,-73.785,-62.385,-50.8099,-39.1901,-27.651,-16.3218,-5.3218,5.3218,15.651,25.5312,34.8507,43.513,51.428,58.5085,64.6738,69.8524,73.9786,76.9959,78.8999,79.6901,79.3705,78.006,75.6602,72.4002,68.3145,63.435,57.8099,51.5099
222,2025-10-31 08:54:43,executed,76.9959,73.9786,69.8524,64.6738,58.5085,51.428,43.513,34.8507,25.5312,15.651,5.3218,-5.3218,-16.3218,-27.651,-39.1901,-50.8099,-62.385,-73.785,-84.8999,-95.6083,-95.6083,-84.8999,-73.785,-62.385,-50.8099,-39.1901,-27.651,-16.3218,-5.3218,5.3218,15.651,25.5312,34.8507,43.513,51.428,58.5085,64.6738,69.8524,73.9786,76.9959,78.8999,79.6901,79.3705,78.006,75.6602,72.4002,68.3145,63.435,57.8099,51.5099
222,2025-10-31 08:55:25,proposed,0.0,27.8116,52.9038,72.8148,85.5957,90.0,85.5957,72.8148,52.9038,27.8116,0.0,-27.8116,-52.9038,-72.8148,-85.5957,-90.0,-85.5957,-72.8148,-52.9038,-27.8116,0.0,27.8116,52.9038,72.8148,85.5957,90.0,85.5957,72.8148,52.9038,27.8116,0.0,-27.8116,-52.9038,-72.8148,-85.5957,-90.0,-85.5957,-72.8148,-52.9038,-27.8116,0.0,27.8116,52.9038,72.8148,85.5957,90.0,85.5957,72.8148,52.9038,27.8116
223,2025-10-31 08:56:05,executed,0.0,27.8116,52.9038,72.8148,85.5957,90.0,85.5957,72.8148,52.9038,27.8116,0.0,-27.8116,-52.9038,-72.8148,-85.5957,-90.0,-85.5957,-72.8148,-52.9038,-27.8116,0.0,27.8116,52.9038,72.8148,85.5957,90.0,85.5957,72.8148,52.9038,27.8116,0.0,-27.8116,-52.9038,-72.8148,-85.5957,-90.0,-85.5957,-72.8148,-52.9038,-27.8116,0.0,27.8116,52.9038,72.8148,85.5957,90.0,85.5957,72.8148,52.9038,27.8116
223,2025-10-31 08:57:55,proposed,0.0,10.515734,20.748335,30.347473,39.1901,47.1493,54.1205,59.9999,64.6924,68.1205,70.2079,70.892,70.11,67.81,64.0,58.7,52.0,44.0,34.8,24.5,13.2,1.0,-11.2,-22.9,-33.9,-44.0,-53.1,-61.0,-67.6,-72.7,-76.2,-78.1,-78.3,-76.8,-73.7,-69.0,-62.8,-55.2,-46.2,-36.0,-24.7,-12.5,-0.0,12.5,24.7,36.0,46.2,55.2,62.8,69.0
224,2025-10-31 08:58:35,executed,0.0,10.515734,20.748335,30.347473,39.1901,47.1493,54.1205,59.9999,64.6924,68.1205,70.2079,70.892,70.11,67.81,64.0,58.7,52.0,44.0,34.8,24.5,13.2,1.0,-11.2,-22.9,-33.9,-44.0,-53.1,-61.0,-67.6,-72.7,-76.2,-78.1,-78.3,-76.8,-73.7,-69.0,-62.8,-55.2,-46.2,-36.0,-24.7,-12.5,-0.0,12.5,24.7,36.0,46.2,55.2,62.8,69.0
224,2025-10-31 08:59:24,proposed,0.3802,12.0163,27.5615,41.599,53.352,62.9,69.4658,74.0101,75.6983,74.5099,70.6203,64.3941,56.0502,45.824,34.01,21.288,7.944,-5.0004,-17.7398,-29.972,-41.2589,-51.2729,-59.6958,-66.1217,-70.419,-72.5406,-72.5406,-70.419,-66.1217,-59.6958,-51.2729,-41.2589,-29.972,-17.7398,-5.0004,7.944,21.288,34.01,45.824,56.0502,64.3941,70.6203,74.5099,75.6983,74.0101,69.4658,62.9,53.352,41.599,-0.3802
225,2025-10-31 09:00:04,executed,0.3802,12.0163,27.5615,41.599,53.352,62.9,69.4658,74.0101,75.6983,74.5099,70.6203,64.3941,56.0502,45.824,34.01,21.288,7.944,-5.0004,-17.7398,-29.972,-41.2589,-51.2729,-59.6958,-66.1217,-70.419,-72.5406,-72.5406,-70.419,-66.1217,-59.6958,-51.2729,-41.2589,-29.972,-17.7398,-5.0004,7.944,21.288,34.01,45.824,56.0502,64.3941,70.6203,74.5099,75.6983,74.0101,69.4658,62.9,53.352,41.599,-0.3802
225,2025-10-31 09:01:30,proposed,0.0,10.846001,21.539002,31.900003,41.756004,50.945005,59.325006,66.769007,73.161008,78.399009,82.39901,85.076011,86.361012,86.199013,84.545014,81.407015,76.829016,70.880017,63.660018,55.290019,45.89002,35.580021,24.480022,12.720023,0.420024,-11.940025,-24.060026,-35.820027,-47.100028,-57.780029,-67.74003,-76.860031,-85.020032,-86.361012,-85.076011,-82.39901,-78.399009,-73.161008,-66.769007,-59.325006,-50.945005,-41.756004,-31.900003,-21.539002,-10.846001,-0.0,10.846001,21.539002,31.900003,41.756004
226,2025-10-31 09:02:10,executed,0.0,10.846001,21.539002,31.900003,41.756004,50.945005,59.325006,66.769007,73.161008,78.399009,82.39901,85.076011,86.361012,86.199013,84.545014,81.407015,76.829016,70.880017,63.660018,55.290019,45.89002,35.580021,24.480022,12.720023,0.420024,-11.940025,-24.060026,-35.820027,-47.100028,-57.780029,-67.74003,-76.860031,-85.020032,-86.361012,-85.076011,-82.39901,-78.399009,-73.161008,-66.769007,-59.325006,-50.945005,-41.756004,-31.900003,-21.539002,-10.846001,-0.0,10.846001,21.539002,31.900003,41.756004
226,2025-10-31 09:03:19,proposed,85.0,84.3005,82.2926,78.9959,74.5099,68.9726,62.5323,55.352,47.6009,39.4503,31.0709,22.6309,14.3006,6.2407,-1.4904,-8.8893,-15.8677,-22.3592,-28.3004,-33.6316,-38.3004,-42.2606,-45.4705,-47.9048,-49.5446,-50.3804,-49.5446,-47.9048,-45.4705,-42.2606,-38.3004,-33.6316,-28.3004,-22.3592,-15.8677,-8.8893,-1.4904,6.2407,14.3006,22.6309,31.0709,39.4503,47.6009,55.352,62.5323,68.9726,74.5099,78.9959,82.2926,84.3005
227,2025-10-31 09:03:59,executed,85.0,84.3005,82.2926,78.9959,74.5099,68.9726,62.5323,55.352,47.6009,39.4503,31.0709,22.6309,14.3006,6.2407,-1.4904,-8.8893,-15.8677,-22.3592,-28.3004,-33.6316,-38.3004,-42.2606,-45.4705,-47.9048,-49.5446,-50.3804,-49.5446,-47.9048,-45.4705,-42.2606,-38.3004,-33.6316,-28.3004,-22.3592,-15.8677,-8.8893,-1.4904,6.2407,14.3006,22.6309,31.0709,39.4503,47.6009,55.352,62.5323,68.9726,74.5099,78.9959,82.2926,84.3005
227,2025-10-31 09:05:13,proposed,90.0,89.2662,87.0791,83.471,78.5,72.2451,64.8002,56.271,46.7721,36.427,25.3662,13.7275,1.6558,-10.6698,-23.0805,-35.3581,-47.2883,-58.6644,-69.2895,-78.9771,-87.55,-94.84,-100.69,-104.96,-107.53,-108.3,-107.21,-104.23,-99.36,-92.63,-84.1,-73.88,-62.12,-49.01,-34.78,-19.69,-4.01,11.99,27.99,43.49,58.09,71.49,83.49,93.89,102.59,109.59,114.79,118.19,119.79,119.59
228,2025-10-31 09:05:53,executed,90.0,89.2662,87.0791,83.471,78.5,72.2451,64.8002,56.271,46.7721,36.427,25.3662,13.7275,1.6558,-10.6698,-23.0805,-35.3581,-47.2883,-58.6644,-69.2895,-78.9771,-87.55,-94.84,-100.69,-104.96,-107.53,-108.3,-107.21,-104.23,-99.36,-92.63,-84.1,-73.88,-62.12,-49.01,-34.78,-19.69,-4.01,11.99,27.99,43.49,58.09,71.49,83.49,93.89,102.59,109.59,114.79,118.19,119.79,119.59
228,2025-10-31 09:07:11,proposed,0.0,18.541,35.267,48.541,57.063,60.0,57.063,48.541,35.267,18.541,0.0,-18.541,-35.267,-48.541,-57.063,-60.0,-57.063,-48.541,-35.267,-18.541,-0.0,18.541,35.267,48.541,57.063,60.0,57.063,48.541,35.267,18.541,0.0,-18.541,-35.267,-48.541,-57.063,-60.0,-57.063,-48.541,-35.267,-18.541,-0.0,18.541,35.267,48.541,57.063,60.0,57.063,48.541,35.267,18.541
229,2025-10-31 09:07:51,executed,0.0,18.541,35.267,48.541,57.063,60.0,57.063,48.541,35.267,18.541,0.0,-18.541,-35.267,-48.541,-57.063,-60.0,-57.063,-48.541,-35.267,-18.541,-0.0,18.541,35.267,48.541,57.063,60.0,57.063,48.541,35.267,18.541,0.0,-18.541,-35.267,-48.541,-57.063,-60.0,-57.063,-48.541,-35.267,-18.541,-0.0,18.541,35.267,48.541,57.063,60.0,57.063,48.541,35.267,18.541
229,2025-10-31 09:09:10,proposed,0.0,10.846050000000002,21.539000000000005,31.900000000000002,41.75600000000001,50.94500000000001,59.325,66.769,73.161,78.399,82.399,85.076,86.361,86.199,84.545,81.407,76.829,70.88,63.66,55.29,45.89,35.58,24.48,12.72,0.42,-11.94,-24.06,-35.82,-47.1,-57.78,-67.74,-76.86,-85.02,-92.1,-98.0,-102.6,-105.8,-107.5,-107.7,-106.4,-103.6,-99.4,-93.8,-86.9,-78.8,-69.6,-59.4,-48.3,-36.5,-24.0
230,2025-10-31 09:09:50,executed,0.0,10.846050000000002,21.539000000000005,31.900000000000002,41.75600000000001,50.94500000000001,59.325,66.769,73.161,78.399,82.399,85.076,86.361,86.199,84.545,81.407,76.829,70.88,63.66,55.29,45.89,35.58,24.48,12.72,0.42,-11.94,-24.06,-35.82,-47.1,-57.78,-67.74,-76.86,-85.02,-92.1,-98.0,-102.6,-105.8,-107.5,-107.7,-106.4,-103.6,-99.4,-93.8,-86.9,-78.8,-69.6,-59.4,-48.3,-36.5,-24.0
230,2025-10-31 09:11:13,proposed,100.0,99.2117,96.8858,93.0605,87.7909,81.1523,73.2386,64.1565,54.0209,42.9591,31.1057,18.6019,5.6094,-7.5094,-20.5094,-33.1057,-45.0209,-56.0209,-65.9591,-74.7386,-82.2786,-88.5094,-93.3605,-96.7709,-98.6858,-99.0,-97.7709,-95.0605,-90.9309,-85.4523,-78.7019,-70.9057,-62.1909,-52.6958,-42.5409,-31.8523,-20.7614,-9.4094,1.9594,13.2386,24.2786,34.9094,45.0209,54.5209,63.3105,71.3019,78.4057,84.5309,89.5958,93.5209
231,2025-10-31 09:11:53,executed,100.0,99.2117,96.8858,93.0605,87.7909,81.1523,73.2386,64.1565,54.0209,42.9591,31.1057,18.6019,5.6094,-7.5094,-20.5094,-33.1057,-45.0209,-56.0209,-65.9591,-74.7386,-82.2786,-88.5094,-93.3605,-96.7709,-98.6858,-99.0,-97.7709,-95.0605,-90.9309,-85.4523,-78.7019,-70.9057,-62.1909,-52.6958,-42.5409,-31.8523,-20.7614,-9.4094,1.9594,13.2386,24.2786,34.9094,45.0209,54.5209,63.3105,71.3019,78.4057,84.5309,89.5958,93.5209
231,2025-10-31 09:13:15,proposed,100.0,96.604,91.018,83.477,74.07,62.94,50.254,36.195,20.978,4.846,-11.954,-29.23,-46.06,-61.565,-74.887,-85.275,-92.007,-94.316,-91.498,-82.972,-68.309,-47.28,-20.076,12.022,48.092,80.05,100.0,100.0,100.0,100.0,100.0,100.0,100.0,100.0,100.0,100.0,100.0,100.0,100.0,100.0,100.0,100.0,100.0,100.0,100.0,100.0,100.0,100.0,100.0,100.0
232,2025-10-31 09:13:55,executed,100.0,96.604,91.018,83.477,74.07,62.94,50.254,36.195,20.978,4.846,-11.954,-29.23,-46.06,-61.565,-74.887,-85.275,-92.007,-94.316,-91.498,-82.972,-68.309,-47.28,-20.076,12.022,48.092,80.05,100.0,100.0,100.0,100.0,100.0,100.0,100.0,100.0,100.0,100.0,100.0,100.0,100.0,100.0,100.0,100.0,100.0,100.0,100.0,100.0,100.0,100.0,100.0,100.0
232,2025-10-31 09:15:13,proposed,2.392097368541814,10.97858055613384,19.38914757276709,25.86431908487708,28.29177519652288,26.54019253494729,20.91685984242686,12.00057864098901,0.505660851892408,-10.95751240188989,-21.41909898020948,-27.91578330089831,-28.18846387920822,-22.31688039752802,-10.66578330089831,2.392097368541814,14.47858055613384,24.38914757276709,28.86431908487708,26.29177519652288,18.54019253494729,6.00057864098901,-7.994339148107592,-20.95751240188989,-28.41909898020948,-27.91578330089831,-20.18846387920822,-7.31688039752802,6.392097368541814,19.47858055613384,28.38914757276709,28.86431908487708,22.29177519652288,10.54019253494729,-2.999421359010992,-15.95751240188989,-27.41909898020948,-28.91578330089831,-22.18846387920822,-7.16578330089831,6.392097368541814,19.47858055613384,28.38914757276709,28.86431908487708,22.29177519652288,10.54019253494729,-2.999421359010992,-15.95751240188989,-27.41909898020948,-28.91578330089831
233,2025-10-31 09:15:53,executed,2.392097368541814,10.97858055613384,19.38914757276709,25.86431908487708,28.29177519652288,26.54019253494729,20.91685984242686,12.00057864098901,0.505660851892408,-10.95751240188989,-21.41909898020948,-27.91578330089831,-28.18846387920822,-22.31688039752802,-10.66578330089831,2.392097368541814,14.47858055613384,24.38914757276709,28.86431908487708,26.29177519652288,18.54019253494729,6.00057864098901,-7.994339148107592,-20.95751240188989,-28.41909898020948,-27.91578330089831,-20.18846387920822,-7.31688039752802,6.392097368541814,19.47858055613384,28.38914757276709,28.86431908487708,22.29177519652288,10.54019253494729,-2.999421359010992,-15.95751240188989,-27.41909898020948,-28.91578330089831,-22.18846387920822,-7.16578330089831,6.392097368541814,19.47858055613384,28.38914757276709,28.86431908487708,22.29177519652288,10.54019253494729,-2.999421359010992,-15.95751240188989,-27.41909898020948,-28.91578330089831
233,2025-10-31 09:18:33,proposed,0.0,9.375000000000002,18.541019662496847,27.36190163017671,35.70903330990472,43.45007300000001,50.46,56.620000000000005,61.81,65.92000000000002,68.85000000000001,70.51000000000002,70.83000000000001,69.80000000000001,67.44000000000001,63.800000000000004,59.00000000000001,53.150000000000006,46.39000000000001,38.86000000000001,30.700000000000003,22.060000000000002,13.080000000000002,3.900000000000002,-5.300000000000001,-14.300000000000002,-22.900000000000002,-31.000000000000004,-38.50000000000001,-45.300000000000004,-51.300000000000004,-56.400000000000006,-60.60000000000001,-63.800000000000004,-66.00000000000001,-67.20000000000002,-67.4,-66.60000000000001,-64.80000000000001,-62.00000000000001,-58.300000000000004,-53.60000000000001,-48.10000000000001,-41.800000000000004,-34.800000000000004,-27.200000000000003,-19.100000000000005,-10.600000000000001,-1.8000000000000007,7.200000000000001
234,2025-10-31 09:19:13,executed,0.0,9.375000000000002,18.541019662496847,27.36190163017671,35.70903330990472,43.45007300000001,50.46,56.620000000000005,61.81,65.92000000000002,68.85000000000001,70.51000000000002,70.83000000000001,69.80000000000001,67.44000000000001,63.800000000000004,59.00000000000001,53.150000000000006,46.39000000000001,38.86000000000001,30.700000000000003,22.060000000000002,13.080000000000002,3.900000000000002,-5.300000000000001,-14.300000000000002,-22.900000000000002,-31.000000000000004,-38.50000000000001,-45.300000000000004,-51.300000000000004,-56.400000000000006,-60.60000000000001,-63.800000000000004,-66.00000000000001,-67.20000000000002,-67.4,-66.60000000000001,-64.80000000000001,-62.00000000000001,-58.300000000000004,-53.60000000000001,-48.10000000000001,-41.800000000000004,-34.800000000000004,-27.200000000000003,-19.100000000000005,-10.600000000000001,-1.8000000000000007,7.200000000000001
234,2025-10-31 09:20:06,proposed,0.0,8.9135,17.6711,26.1053,34.0451,41.3283,47.8091,53.3593,57.869,61.2479,63.426,64.3542,64.0084,62.3949,59.5485,55.5231,50.3991,44.2722,37.2569,29.476,21.0699,12.1874,2.9829,-6.3264,-15.4046,-24.1487,-32.459,-40.2393,-47.3987,-53.8593,-59.559,-64.4479,-68.486,-71.6441,-73.8984,-75.2385,-75.6603,-75.1603,-73.7403,-71.4103,-68.1803,-64.0603,-59.0603,-53.1903,-46.4603,-38.8803,-30.4603,-21.2103,-11.1403,0.0
235,2025-10-31 09:20:46,executed,0.0,8.9135,17.6711,26.1053,34.0451,41.3283,47.8091,53.3593,57.869,61.2479,63.426,64.3542,64.0084,62.3949,59.5485,55.5231,50.3991,44.2722,37.2569,29.476,21.0699,12.1874,2.9829,-6.3264,-15.4046,-24.1487,-32.459,-40.2393,-47.3987,-53.8593,-59.559,-64.4479,-68.486,-71.6441,-73.8984,-75.2385,-75.6603,-75.1603,-73.7403,-71.4103,-68.1803,-64.0603,-59.0603,-53.1903,-46.4603,-38.8803,-30.4603,-21.2103,-11.1403,0.0
235,2025-10-31 09:22:08,proposed,0.0,16.218,31.6398,45.6669,57.795,67.5506,74.694,79.19,80.9017,79.799,76.0845,70.0408,61.9084,51.9761,40.5752,28.0,14.5615,0.5057,-13.2974,-26.0002,-37.2451,-46.7599,-54.3491,-59.8999,-63.3106,-64.3941,-63.1375,-59.6958,-54.204,-46.8021,-37.7398,-27.279,-15.6615,-3.1303,9.6958,22.767,34.8507,45.6669,54.9127,62.4169,67.9715,71.472,72.8506,72.0725,69.1361,64.1565,57.2458,48.541,38.204,26.4976
236,2025-10-31 09:22:48,executed,0.0,16.218,31.6398,45.6669,57.795,67.5506,74.694,79.19,80.9017,79.799,76.0845,70.0408,61.9084,51.9761,40.5752,28.0,14.5615,0.5057,-13.2974,-26.0002,-37.2451,-46.7599,-54.3491,-59.8999,-63.3106,-64.3941,-63.1375,-59.6958,-54.204,-46.8021,-37.7398,-27.279,-15.6615,-3.1303,9.6958,22.767,34.8507,45.6669,54.9127,62.4169,67.9715,71.472,72.8506,72.0725,69.1361,64.1565,57.2458,48.541,38.204,26.4976
236,2025-10-31 09:24:21,proposed,94.30182573210338,97.4789547371526,99.41249704204557,99.9877708092265,99.1173255146036,96.7454178552683,92.9443209590675,87.7981313783707,81.40578637774946,73.88206979247657,65.3468560064971,55.92621949540869,45.74972559632863,34.94821617260596,23.65345700871447,11.99767215284307,0.01257482813636737,-12.10091475753063,-24.22591605051912,-36.25700840537237,-48.09340798734893,-59.63604928014529,-70.7876807823439,-81.4526017260021,-91.5362908204646,-100.9469796441364,-109.5947387401764,-117.3917830606013,-120.0,-120.0,-120.0,-120.0,-120.0,-120.0,-120.0,-120.0,-120.0,-120.0,-120.0,-120.0,-120.0,-120.0,-120.0,-120.0,-120.0,-120.0,-120.0,-120.0,-120.0,-120.0
237,2025-10-31 09:25:01,executed,94.30182573210338,97.4789547371526,99.41249704204557,99.9877708092265,99.1173255146036,96.7454178552683,92.9443209590675,87.7981313783707,81.40578637774946,73.88206979247657,65.3468560064971,55.92621949540869,45.74972559632863,34.94821617260596,23.65345700871447,11.99767215284307,0.01257482813636737,-12.10091475753063,-24.22591605051912,-36.25700840537237,-48.09340798734893,-59.63604928014529,-70.7876807823439,-81.4526017260021,-91.5362908204646,-100.9469796441364,-109.5947387401764,-117.3917830606013,-120.0,-120.0,-120.0,-120.0,-120.0,-120.0,-120.0,-120.0,-120.0,-120.0,-120.0,-120.0,-120.0,-120.0,-120.0,-120.0,-120.0,-120.0,-120.0,-120.0,-120.0,-120.0
237,2025-10-31 09:26:17,proposed,0.0,13.772,27.346,40.428,52.74,64.018,73.998,82.434,89.102,93.802,96.368,96.678,94.77,90.744,84.74,76.944,67.58,56.89,45.122,32.53,19.37,5.9,-7.63,-20.946,-33.804,-46.004,-57.368,-67.73,-76.944,-84.946,-91.63,-96.89,-100.632,-102.78,-103.298,-102.168,-99.42,-95.102,-89.298,-82.12,-73.7,-64.144,-53.668,-42.41,-30.51,-18.09,-5.28,7.63,20.346,32.63
238,2025-10-31 09:26:57,executed,0.0,13.772,27.346,40.428,52.74,64.018,73.998,82.434,89.102,93.802,96.368,96.678,94.77,90.744,84.74,76.944,67.58,56.89,45.122,32.53,19.37,5.9,-7.63,-20.946,-33.804,-46.004,-57.368,-67.73,-76.944,-84.946,-91.63,-96.89,-100.632,-102.78,-103.298,-102.168,-99.42,-95.102,-89.298,-82.12,-73.7,-64.144,-53.668,-42.41,-30.51,-18.09,-5.28,7.63,20.346,32.63
238,2025-10-31 09:28:45,proposed,95.0,94.0750033104593,91.30600495393047,86.75900495393047,80.5280033104593,72.74000000000001,63.55000000000001,53.13000000000001,41.67,29.37,16.44,3.12,-10.36,-23.69,-36.5,-48.6,-59.7,-69.6,-78.1,-85.0,-90.2,-93.6,-95.0,-94.4,-91.8,-87.2,-80.7,-72.5,-62.8,-51.7,-39.5,-26.5,-12.9,1.0,14.8,28.2,40.9,52.7,63.4,72.8,80.7,87.0,91.6,94.4,95.0,93.6,90.2,85.0,78.1,69.6
239,2025-10-31 09:29:25,executed,95.0,94.0750033104593,91.30600495393047,86.75900495393047,80.5280033104593,72.74000000000001,63.55000000000001,53.13000000000001,41.67,29.37,16.44,3.12,-10.36,-23.69,-36.5,-48.6,-59.7,-69.6,-78.1,-85.0,-90.2,-93.6,-95.0,-94.4,-91.8,-87.2,-80.7,-72.5,-62.8,-51.7,-39.5,-26.5,-12.9,1.0,14.8,28.2,40.9,52.7,63.4,72.8,80.7,87.0,91.6,94.4,95.0,93.6,90.2,85.0,78.1,69.6
239,2025-10-31 09:30:11,proposed,0.0,20.19130009270634,39.25473998897967,56.23830000000001,70.4209,80.0,84.29520000000001,83.542,78.006,67.9715,54.3491,38.204,20.288,1.2537,-17.2941,-35.0614,-51.2729,-65.1118,-75.6983,-82.8989,-86.766,-87.0506,-83.542,-76.2847,-65.501,-51.6061,-35.037,-16.435,3.1303,22.767,41.599,58.7785,73.5786,85.0763,92.9576,97.0785,97.0785,92.9576,85.0763,73.5786,58.7785,41.599,22.767,3.1303,-16.435,-35.037,-51.6061,-65.501,-76.2847,-83.542
240,2025-10-31 09:30:51,executed,0.0,20.19130009270634,39.25473998897967,56.23830000000001,70.4209,80.0,84.29520000000001,83.542,78.006,67.9715,54.3491,38.204,20.288,1.2537,-17.2941,-35.0614,-51.2729,-65.1118,-75.6983,-82.8989,-86.766,-87.0506,-83.542,-76.2847,-65.501,-51.6061,-35.037,-16.435,3.1303,22.767,41.599,58.7785,73.5786,85.0763,92.9576,97.0785,97.0785,92.9576,85.0763,73.5786,58.7785,41.599,22.767,3.1303,-16.435,-35.037,-51.6061,-65.501,-76.2847,-83.542
240,2025-10-31 09:31:42,proposed,0.0,11.189617,22.144146,32.719696,42.738947,52.03713,60.46305,67.87979,74.16666,79.22986,83.0039,85.44199,86.51608,86.22978,84.60913,81.6858,77.5199,72.1884,65.7865,58.4232,50.2252,41.3283,31.8778,21.9995,11.8489,0.0,-11.189617,-22.144146,-32.719696,-42.738947,-52.03713,-60.46305,-67.87979,-74.16666,-79.22986,-83.0039,-85.44199,-86.51608,-86.22978,-84.60913,-81.6858,-77.5199,-72.1884,-65.7865,-58.4232,-50.2252,-41.3283,-31.8778,-21.9995,-11.8489
241,2025-10-31 09:32:22,executed,0.0,11.189617,22.144146,32.719696,42.738947,52.03713,60.46305,67.87979,74.16666,79.22986,83.0039,85.44199,86.51608,86.22978,84.60913,81.6858,77.5199,72.1884,65.7865,58.4232,50.2252,41.3283,31.8778,21.9995,11.8489,0.0,-11.189617,-22.144146,-32.719696,-42.738947,-52.03713,-60.46305,-67.87979,-74.16666,-79.22986,-83.0039,-85.44199,-86.51608,-86.22978,-84.60913,-81.6858,-77.5199,-72.1884,-65.7865,-58.4232,-50.2252,-41.3283,-31.8778,-21.9995,-11.8489
241,2025-10-31 09:34:55,proposed,0.0,14.0253,27.2798,39.018,48.541,55.4607,59.6958,61.2607,60.2104,56.7262,51.0906,43.5099,34.2069,23.4735,11.6086,-0.3802,-12.3392,-23.9009,-34.5037,-43.8737,-51.778,-58.0502,-62.6118,-65.4137,-66.472,-65.8686,-63.719,-60.1205,-55.1901,-49.0294,-41.799,-33.6831,-24.8735,-15.6086,-6.1205,3.295,12.5333,21.43,29.8182,37.5878,44.658,50.9618,56.4447,60.9931,64.542,67.0408,68.4447,68.7107,67.8093,65.7195
242,2025-10-31 09:35:35,executed,0.0,14.0253,27.2798,39.018,48.541,55.4607,59.6958,61.2607,60.2104,56.7262,51.0906,43.5099,34.2069,23.4735,11.6086,-0.3802,-12.3392,-23.9009,-34.5037,-43.8737,-51.778,-58.0502,-62.6118,-65.4137,-66.472,-65.8686,-63.719,-60.1205,-55.1901,-49.0294,-41.799,-33.6831,-24.8735,-15.6086,-6.1205,3.295,12.5333,21.43,29.8182,37.5878,44.658,50.9618,56.4447,60.9931,64.542,67.0408,68.4447,68.7107,67.8093,65.7195
242,2025-10-31 09:36:20,proposed,0.0,10.0985,20.0,29.5106,38.4046,46.5637,53.8771,60.25,65.6059,69.8792,73.0188,74.98,75.7337,75.26,73.559,70.6418,66.5291,61.251,54.85,47.38,38.9,29.47,19.15,8.0,-4.0,-16.0,-27.15,-37.38,-46.5637,-54.599,-61.3771,-66.8,-70.78,-73.24,-74.12,-73.37,-70.95,-66.8,-60.9,-53.3,-44.0,-33.0,-20.3,-6.0,8.0,21.0,33.0,43.0,51.0,57.0
243,2025-10-31 09:37:00,executed,0.0,10.0985,20.0,29.5106,38.4046,46.5637,53.8771,60.25,65.6059,69.8792,73.0188,74.98,75.7337,75.26,73.559,70.6418,66.5291,61.251,54.85,47.38,38.9,29.47,19.15,8.0,-4.0,-16.0,-27.15,-37.38,-46.5637,-54.599,-61.3771,-66.8,-70.78,-73.24,-74.12,-73.37,-70.95,-66.8,-60.9,-53.3,-44.0,-33.0,-20.3,-6.0,8.0,21.0,33.0,43.0,51.0,57.0
243,2025-10-31 09:38:15,proposed,70.0,67.764,61.253,50.8559,37.013,20.3904,2.899,-14.495,-31.0709,-46.509,-60.4803,-72.684,-82.846,-90.7298,-96.126,-98.9999,-99.309,-97.165,-92.698,-86.05,-77.409,-66.974,-55.003,-41.789,-27.64,-12.866,2.271,17.294,31.756,45.34,57.795,68.7214,77.8998,84.9915,89.8979,92.595,93.009,91.0162,86.766,80.3704,72.0725,62.0,50.3474,37.3741,23.3537,8.6041,-6.3264,-21.096,-35.037,-47.6595
244,2025-10-31 09:38:55,executed,70.0,67.764,61.253,50.8559,37.013,20.3904,2.899,-14.495,-31.0709,-46.509,-60.4803,-72.684,-82.846,-90.7298,-96.126,-98.9999,-99.309,-97.165,-92.698,-86.05,-77.409,-66.974,-55.003,-41.789,-27.64,-12.866,2.271,17.294,31.756,45.34,57.795,68.7214,77.8998,84.9915,89.8979,92.595,93.009,91.0162,86.766,80.3704,72.0725,62.0,50.3474,37.3741,23.3537,8.6041,-6.3264,-21.096,-35.037,-47.6595
244,2025-10-31 09:40:11,proposed,80.0,79.3705300806447,77.49474751759024,74.2086095033777,69.8463103602428,64.3941076001928,57.94090008585253,50.582800000000006,42.4239,33.5765,24.159000000000002,14.295800000000002,4.114700000000001,-6.216000000000001,-16.5029,-26.6004,-36.365300000000005,-45.666900000000005,-54.3879,-62.416900000000005,-69.65880000000001,-76.02600000000001,-80.0,-76.02600000000001,-69.65880000000001,-62.416900000000005,-54.3879,-45.666900000000005,-36.365300000000005,-26.6004,-16.5029,-6.216000000000001,4.114700000000001,14.295800000000002,24.159000000000002,33.5765,42.4239,50.582800000000006,57.940900000000006,64.3941076001928,69.8463103602428,74.2086095033777,77.49474751759024,79.3705300806447,80.0,79.3705300806447,77.49474751759024,74.2086095033777,69.8463103602428,64.3941076001928
245,2025-10-31 09:40:51,executed,80.0,79.3705300806447,77.49474751759024,74.2086095033777,69.8463103602428,64.3941076001928,57.94090008585253,50.582800000000006,42.4239,33.5765,24.159000000000002,14.295800000000002,4.114700000000001,-6.216000000000001,-16.5029,-26.6004,-36.365300000000005,-45.666900000000005,-54.3879,-62.416900000000005,-69.65880000000001,-76.02600000000001,-80.0,-76.02600000000001,-69.65880000000001,-62.416900000000005,-54.3879,-45.666900000000005,-36.365300000000005,-26.6004,-16.5029,-6.216000000000001,4.114700000000001,14.295800000000002,24.159000000000002,33.5765,42.4239,50.582800000000006,57.940900000000006,64.3941076001928,69.8463103602428,74.2086095033777,77.49474751759024,79.3705300806447,80.0,79.3705300806447,77.49474751759024,74.2086095033777,69.8463103602428,64.3941076001928
245,2025-10-31 09:42:51,proposed,8.043864,21.688126,34.208139,45.421584,55.031357,62.871151,68.802875,72.715694,74.526279,74.170682,71.625345,66.890637,60.013531,51.080516,40.210452,27.554032,13.287847,-2.571477,-19.64654,-37.765912,-56.63462,-75.90042,-89.999999,-89.999999,-89.999999,-89.999999,-89.999999,-89.999999,-89.999999,-89.999999,-89.999999,-89.999999,-89.999999,-89.999999,-89.999999,-89.999999,-89.999999,-89.999999,-89.999999,-89.999999,-89.999999,-89.999999,-89.999999,-89.999999,-89.999999,-89.999999,-89.999999,-89.999999,-89.999999,-89.999999
246,2025-10-31 09:43:31,executed,8.043864,21.688126,34.208139,45.421584,55.031357,62.871151,68.802875,72.715694,74.526279,74.170682,71.625345,66.890637,60.013531,51.080516,40.210452,27.554032,13.287847,-2.571477,-19.64654,-37.765912,-56.63462,-75.90042,-89.999999,-89.999999,-89.999999,-89.999999,-89.999999,-89.999999,-89.999999,-89.999999,-89.999999,-89.999999,-89.999999,-89.999999,-89.999999,-89.999999,-89.999999,-89.999999,-89.999999,-89.999999,-89.999999,-89.999999,-89.999999,-89.999999,-89.999999,-89.999999,-89.999999,-89.999999,-89.999999,-89.999999
246,2025-10-31 09:44:24,proposed,10.0,25.02164,39.51056,53.05436,65.26388,75.78988,84.29824,90.5218,94.24928,95.34096,93.75472,89.56944,82.9908,74.25472,63.60516,51.3142,37.6756,22.99992,7.59628,-7.9536,-23.2356,-37.98988,-51.9218,-64.73612,-76.16372,-85.94096,-93.94928,-99.9908,-103.9218,-105.6756,-105.2356,-102.66372,-98.0218,-91.43612,-83.04096,-73.00992,-61.5356,-48.84528,-35.1908,-20.73612,-5.73612,9.40992,24.34096,38.8356,52.66372,65.5908,77.45472,88.0908,97.3756,105.10516
247,2025-10-31 09:45:04,executed,10.0,25.02164,39.51056,53.05436,65.26388,75.78988,84.29824,90.5218,94.24928,95.34096,93.75472,89.56944,82.9908,74.25472,63.60516,51.3142,37.6756,22.99992,7.59628,-7.9536,-23.2356,-37.98988,-51.9218,-64.73612,-76.16372,-85.94096,-93.94928,-99.9908,-103.9218,-105.6756,-105.2356,-102.66372,-98.0218,-91.43612,-83.04096,-73.00992,-61.5356,-48.84528,-35.1908,-20.73612,-5.73612,9.40992,24.34096,38.8356,52.66372,65.5908,77.45472,88.0908,97.3756,105.10516
247,2025-10-31 09:46:27,proposed,90.0,85.03902102,70.81963073,52.88725581,32.22230198,9.87328994,-13.06450689,-35.26786638,-55.66012496,-73.35105315,-87.55981884,-97.63220468,-102.9966141,-103.2425032,-98.17232269,-87.89201974,-72.76676839,-53.4079836,-30.50503027,-5.02298715,21.09633534,47.16542754,71.6999232,93.2057917,110.3242503,122.0963353,127.8920197,127.8920197,122.0963353,110.3242503,93.2057917,71.6999232,47.16542754,21.09633534,-5.02298715,-30.50503027,-53.4079836,-72.76676839,-87.89201974,-98.17232269,-103.2425032,-102.9966141,-97.63220468,-87.55981884,-73.35105315,-55.66012496,-35.26786638,-13.06450689,9.87328994,32.22230198
248,2025-10-31 09:47:07,executed,90.0,85.03902102,70.81963073,52.88725581,32.22230198,9.87328994,-13.06450689,-35.26786638,-55.66012496,-73.35105315,-87.55981884,-97.63220468,-102.9966141,-103.2425032,-98.17232269,-87.89201974,-72.76676839,-53.4079836,-30.50503027,-5.02298715,21.09633534,47.16542754,71.6999232,93.2057917,110.3242503,122.0963353,127.8920197,127.8920197,122.0963353,110.3242503,93.2057917,71.6999232,47.16542754,21.09633534,-5.02298715,-30.50503027,-53.4079836,-72.76676839,-87.89201974,-98.17232269,-103.2425032,-102.9966141,-97.63220468,-87.55981884,-73.35105315,-55.66012496,-35.26786638,-13.06450689,9.87328994,32.22230198
248,2025-10-31 09:48:26,proposed,0.0,10.16320072044391,20.19130006326442,29.93010006326442,39.25470006326442,48.05690006326442,56.23830006326442,63.71900006326442,70.42090006326443,76.27360006326442,81.20860006326441,85.16340006326442,88.08500006326442,89.93860006326442,90.69390006326442,90.34730006326441,88.91500006326442,86.42090006326443,82.90660006326442,78.42090006326443,73.02360006326442,66.78500006326442,59.78500006326442,52.11640006326442,43.87370006326442,35.16340006326442,26.09890006326442,16.78500006326442,7.36860006326442,-1.98500006326442,-11.20660006326442,-20.19130006326442,-28.85700006326442,-37.11640006326442,-44.88500006326442,-52.08500006326442,-58.64650006326442,-64.50000006326442,-69.58910006326442,-73.88500006326441,-77.33980006326442,-79.93010006326442,-81.67370006326442,-82.59500006326442,-82.74200006326441,-82.16340006326442,-80.92090006326443,-79.08500006326442,-76.72360006326441,-73.90660006326442
249,2025-10-31 09:49:06,executed,0.0,10.16320072044391,20.19130006326442,29.93010006326442,39.25470006326442,48.05690006326442,56.23830006326442,63.71900006326442,70.42090006326443,76.27360006326442,81.20860006326441,85.16340006326442,88.08500006326442,89.93860006326442,90.69390006326442,90.34730006326441,88.91500006326442,86.42090006326443,82.90660006326442,78.42090006326443,73.02360006326442,66.78500006326442,59.78500006326442,52.11640006326442,43.87370006326442,35.16340006326442,26.09890006326442,16.78500006326442,7.36860006326442,-1.98500006326442,-11.20660006326442,-20.19130006326442,-28.85700006326442,-37.11640006326442,-44.88500006326442,-52.08500006326442,-58.64650006326442,-64.50000006326442,-69.58910006326442,-73.88500006326441,-77.33980006326442,-79.93010006326442,-81.67370006326442,-82.59500006326442,-82.74200006326441,-82.16340006326442,-80.92090006326443,-79.08500006326442,-76.72360006326441,-73.90660006326442
249,2025-10-31 09:50:33,proposed,0.0,12.01639316534571,24.03278633069142,36.04917949603713,48.06557266138284,60.08196582672855,70.0,69.99999999999999,69.99999999999999,69.99999999999999,69.99999999999999,69.99999999999999,69.99999999999999,69.99999999999999,69.99999999999999,69.99999999999999,69.99999999999999,69.99999999999999,69.99999999999999,69.99999999999999,69.99999999999999,69.99999999999999,69.99999999999999,69.99999999999999,69.99999999999999,69.99999999999999,69.99999999999999,69.99999999999999,69.99999999999999,69.99999999999999,69.99999999999999,69.99999999999999,69.99999999999999,69.99999999999999,69.99999999999999,69.99999999999999,69.99999999999999,69.99999999999999,69.99999999999999,69.99999999999999,69.99999999999999,69.99999999999999,69.99999999999999,69.99999999999999,69.99999999999999,69.99999999999999,69.99999999999999,69.99999999999999,69.99999999999999,69.99999999999999
250,2025-10-31 09:51:13,executed,0.0,12.01639316534571,24.03278633069142,36.04917949603713,48.06557266138284,60.08196582672855,70.0,69.99999999999999,69.99999999999999,69.99999999999999,69.99999999999999,69.99999999999999,69.99999999999999,69.99999999999999,69.99999999999999,69.99999999999999,69.99999999999999,69.99999999999999,69.99999999999999,69.99999999999999,69.99999999999999,69.99999999999999,69.99999999999999,69.99999999999999,69.99999999999999,69.99999999999999,69.99999999999999,69.99999999999999,69.99999999999999,69.99999999999999,69.99999999999999,69.99999999999999,69.99999999999999,69.99999999999999,69.99999999999999,69.99999999999999,69.99999999999999,69.99999999999999,69.99999999999999,69.99999999999999,69.99999999999999,69.99999999999999,69.99999999999999,69.99999999999999,69.99999999999999,69.99999999999999,69.99999999999999,69.99999999999999,69.99999999999999,69.99999999999999
250,2025-10-31 09:52:59,proposed,0.0,9.7618,18.9959,27.7016,35.799,43.2111,49.8507,55.6463,60.5312,64.4479,67.3496,69.1901,69.939,69.5742,68.0864,65.4705,61.7368,56.901,51.002,44.1004,36.2679,27.5878,18.156,8.0772,-2.571,-13.6194,-24.9383,-36.3653,-47.704,-58.769,-69.3705,-79.3205,-88.4447,-96.5615,-103.508,-109.12,-113.252,-115.78,-116.6004,-115.6214,-112.768,-107.9755,-101.2004,-92.4209,-81.6363,-68.8641,-54.1409,-37.5035,-18.9959,0.0
251,2025-10-31 09:53:39,executed,0.0,9.7618,18.9959,27.7016,35.799,43.2111,49.8507,55.6463,60.5312,64.4479,67.3496,69.1901,69.939,69.5742,68.0864,65.4705,61.7368,56.901,51.002,44.1004,36.2679,27.5878,18.156,8.0772,-2.571,-13.6194,-24.9383,-36.3653,-47.704,-58.769,-69.3705,-79.3205,-88.4447,-96.5615,-103.508,-109.12,-113.252,-115.78,-116.6004,-115.6214,-112.768,-107.9755,-101.2004,-92.4209,-81.6363,-68.8641,-54.1409,-37.5035,-18.9959,0.0
251,2025-10-31 09:54:28,proposed,0.0,10.163,20.1913,29.9301,39.2547,48.0569,56.2383,63.719,70.4209,76.2736,81.2086,85.1634,88.085,89.9386,90.6939,90.3473,88.915,86.4209,82.9066,78.4209,73.0236,66.785,59.785,52.1164,43.8737,35.1634,26.0989,16.785,7.3686,-1.985,-11.2066,-20.1913,-28.857,-37.1164,-44.885,-52.085,-58.6465,-64.5,-69.5891,-73.885,-77.3398,-79.9301,-81.6737,-82.595,-82.742,-82.1634,-80.9209,-79.085,-76.7236,-73.9066
252,2025-10-31 09:55:08,executed,0.0,10.163,20.1913,29.9301,39.2547,48.0569,56.2383,63.719,70.4209,76.2736,81.2086,85.1634,88.085,89.9386,90.6939,90.3473,88.915,86.4209,82.9066,78.4209,73.0236,66.785,59.785,52.1164,43.8737,35.1634,26.0989,16.785,7.3686,-1.985,-11.2066,-20.1913,-28.857,-37.1164,-44.885,-52.085,-58.6465,-64.5,-69.5891,-73.885,-77.3398,-79.9301,-81.6737,-82.595,-82.742,-82.1634,-80.9209,-79.085,-76.7236,-73.9066
252,2025-10-31 09:56:13,proposed,10.0,20.37036727218329,30.19134907085773,39.38506920259468,47.85706103305452,55.5206646487902,62.2938550193496,68.09897710986856,72.86855420259468,76.5305520193496,79.0390500193496,80.34493907085773,80.4028120193496,79.1555770193496,76.65706103305452,72.9617800193496,68.12914907085774,62.2066460193496,55.2736280193496,47.4208550193496,38.7305520193496,29.3065270193496,19.2066460193496,8.5065270193496,-2.7305520193496,-14.3512590193496,-25.9617800193496,-37.2066460193496,-47.88506920259468,-57.85706103305452,-66.9938550193496,-75.2736280193496,-82.6208550193496,-88.9938550193496,-94.3065270193496,-98.4208550193496,-100.0,-100.0,-100.0,-100.0,-100.0,-100.0,-100.0,-100.0,-100.0,-100.0,-100.0,-100.0,-100.0,10.0
253,2025-10-31 09:56:53,executed,10.0,20.37036727218329,30.19134907085773,39.38506920259468,47.85706103305452,55.5206646487902,62.2938550193496,68.09897710986856,72.86855420259468,76.5305520193496,79.0390500193496,80.34493907085773,80.4028120193496,79.1555770193496,76.65706103305452,72.9617800193496,68.12914907085774,62.2066460193496,55.2736280193496,47.4208550193496,38.7305520193496,29.3065270193496,19.2066460193496,8.5065270193496,-2.7305520193496,-14.3512590193496,-25.9617800193496,-37.2066460193496,-47.88506920259468,-57.85706103305452,-66.9938550193496,-75.2736280193496,-82.6208550193496,-88.9938550193496,-94.3065270193496,-98.4208550193496,-100.0,-100.0,-100.0,-100.0,-100.0,-100.0,-100.0,-100.0,-100.0,-100.0,-100.0,-100.0,-100.0,10.0
253,2025-10-31 09:58:09,proposed,0.0,12.5333,24.7404,36.3814,47.214,57.0,65.5108,72.5377,77.9074,81.494,83.21,83.0,80.829,76.7,70.7,62.9,53.4,42.3,29.8,16.1,1.4,-13.5,-28.9,-44.0,-58.0,-70.0,-79.0,-84.9,-87.9,-88.0,-85.2,-79.6,-71.4,-60.8,-48.0,-33.2,-16.8,0.0,17.0,33.0,47.0,58.0,66.0,71.0,73.0,72.0,68.0,61.0,51.0,38.0
254,2025-10-31 09:58:49,executed,0.0,12.5333,24.7404,36.3814,47.214,57.0,65.5108,72.5377,77.9074,81.494,83.21,83.0,80.829,76.7,70.7,62.9,53.4,42.3,29.8,16.1,1.4,-13.5,-28.9,-44.0,-58.0,-70.0,-79.0,-84.9,-87.9,-88.0,-85.2,-79.6,-71.4,-60.8,-48.0,-33.2,-16.8,0.0,17.0,33.0,47.0,58.0,66.0,71.0,73.0,72.0,68.0,61.0,51.0,38.0
254,2025-10-31 10:00:03,proposed,85.703217,94.665977,98.995874,98.666324,94.062013,85.642999,73.992686,59.78913,43.738029,26.541457,8.875635,-8.455246,-24.897379,-39.907996,-53.023258,-63.89437,-72.20967,-77.72885,-80.298063,-79.866324,-76.495874,-70.346324,-61.692013,-50.782999,-37.902686,-23.32913,-7.508029,8.861457,25.795635,41.924754,56.63437,69.40967,79.90885,87.908063,93.276324,95.995874,96.066324,93.662013,88.902999,82.042686,73.35913,63.148029,51.691457,39.305635,26.304754,13.06437,-0.06533,-12.78885,-24.858063,-36.19367
255,2025-10-31 10:00:43,executed,85.703217,94.665977,98.995874,98.666324,94.062013,85.642999,73.992686,59.78913,43.738029,26.541457,8.875635,-8.455246,-24.897379,-39.907996,-53.023258,-63.89437,-72.20967,-77.72885,-80.298063,-79.866324,-76.495874,-70.346324,-61.692013,-50.782999,-37.902686,-23.32913,-7.508029,8.861457,25.795635,41.924754,56.63437,69.40967,79.90885,87.908063,93.276324,95.995874,96.066324,93.662013,88.902999,82.042686,73.35913,63.148029,51.691457,39.305635,26.304754,13.06437,-0.06533,-12.78885,-24.858063,-36.19367
255,2025-10-31 10:03:11,proposed,100.0,98.76883405951378,95.10565162951535,89.10065241883677,80.90169943749476,70.71067811865476,58.77852522924731,45.39904997395467,30.89946740025375,15.561500000000002,0.0,-15.561500000000002,-30.89946740025375,-45.39904997395467,-58.77852522924731,-70.71067811865476,-80.90169943749476,-89.10065241883677,-95.10565162951535,-98.76883405951378,-100.0,-98.76883405951378,-95.10565162951535,-89.10065241883677,-80.90169943749476,-70.71067811865476,-58.77852522924731,-45.39904997395467,-30.89946740025375,-15.561500000000002,0.0,15.561500000000002,30.89946740025375,45.39904997395467,58.77852522924731,70.71067811865476,80.90169943749476,89.10065241883677,95.10565162951535,98.76883405951378,100.0,98.76883405951378,95.10565162951535,89.10065241883677,80.90169943749476,70.71067811865476,58.77852522924731,45.39904997395467,30.89946740025375,15.561500000000002
256,2025-10-31 10:03:51,executed,100.0,98.76883405951378,95.10565162951535,89.10065241883677,80.90169943749476,70.71067811865476,58.77852522924731,45.39904997395467,30.89946740025375,15.561500000000002,0.0,-15.561500000000002,-30.89946740025375,-45.39904997395467,-58.77852522924731,-70.71067811865476,-80.90169943749476,-89.10065241883677,-95.10565162951535,-98.76883405951378,-100.0,-98.76883405951378,-95.10565162951535,-89.10065241883677,-80.90169943749476,-70.71067811865476,-58.77852522924731,-45.39904997395467,-30.89946740025375,-15.561500000000002,0.0,15.561500000000002,30.89946740025375,45.39904997395467,58.77852522924731,70.71067811865476,80.90169943749476,89.10065241883677,95.10565162951535,98.76883405951378,100.0,98.76883405951378,95.10565162951535,89.10065241883677,80.90169943749476,70.71067811865476,58.77852522924731,45.39904997395467,30.89946740025375,15.561500000000002
256,2025-10-31 10:05:14,proposed,67.1745,81.928,91.8217,96.0827,94.0478,86.495,74.208,58.125,39.109,18.225,-2.5708,-22.965,-42.002,-58.901,-72.919,-83.351,-89.672,-91.608,-89.172,-82.608,-72.351,-58.901,-42.002,-22.965,-2.5708,18.225,39.109,58.125,74.208,86.495,94.0478,96.0827,91.8217,81.928,67.1745,48.541,27.5615,5.5099,-16.435,-37.013,-55.76,-71.902,-84.793,-93.869,-98.897,-99.702,-96.284,-88.745,-77.409,-62.76
257,2025-10-31 10:05:54,executed,67.1745,81.928,91.8217,96.0827,94.0478,86.495,74.208,58.125,39.109,18.225,-2.5708,-22.965,-42.002,-58.901,-72.919,-83.351,-89.672,-91.608,-89.172,-82.608,-72.351,-58.901,-42.002,-22.965,-2.5708,18.225,39.109,58.125,74.208,86.495,94.0478,96.0827,91.8217,81.928,67.1745,48.541,27.5615,5.5099,-16.435,-37.013,-55.76,-71.902,-84.793,-93.869,-98.897,-99.702,-96.284,-88.745,-77.409,-62.76
257,2025-10-31 10:07:31,proposed,96.4883,94.6657,94.4952,86.8524,78.4116,68.3075,57.1953,44.4719,29.5085,15.2289,4.0988,-14.4536,-30.0827,-46.7212,-59.7126,-70.8306,-80.2526,-89.0601,-95.8361,-98.6657,-99.932,-97.9427,-94.7554,-89.3361,-80.8966,-70.6657,-58.7844,-45.9221,-30.7302,-15.0212,0.0877,15.4284,30.5085,45.4284,58.9886,70.9284,80.8361,89.0779,95.0361,98.7886,99.9886,98.7688,95.1057,89.1007,80.9017,70.7107,58.7785,45.399,30.8995,15.5615
258,2025-10-31 10:08:11,executed,96.4883,94.6657,94.4952,86.8524,78.4116,68.3075,57.1953,44.4719,29.5085,15.2289,4.0988,-14.4536,-30.0827,-46.7212,-59.7126,-70.8306,-80.2526,-89.0601,-95.8361,-98.6657,-99.932,-97.9427,-94.7554,-89.3361,-80.8966,-70.6657,-58.7844,-45.9221,-30.7302,-15.0212,0.0877,15.4284,30.5085,45.4284,58.9886,70.9284,80.8361,89.0779,95.0361,98.7886,99.9886,98.7688,95.1057,89.1007,80.9017,70.7107,58.7785,45.399,30.8995,15.5615
258,2025-10-31 10:09:03,proposed,0.0,10.216,20.2481,29.9301,39.2547,48.0569,56.2383,63.719,70.4209,76.2736,81.2086,85.1634,88.085,89.9386,90.6939,90.3473,88.915,86.4209,82.9066,78.4209,73.0236,66.785,59.785,52.1164,43.8737,35.1634,26.0989,16.785,7.3686,-1.985,-11.2066,-20.1913,-28.857,-37.1164,-44.885,-52.085,-58.6465,-64.5,-69.5891,-73.885,-77.3398,-79.9301,-81.6737,-82.595,-82.742,-82.1634,-80.9209,-79.085,-76.7236,-73.9066
259,2025-10-31 10:09:43,executed,0.0,10.216,20.2481,29.9301,39.2547,48.0569,56.2383,63.719,70.4209,76.2736,81.2086,85.1634,88.085,89.9386,90.6939,90.3473,88.915,86.4209,82.9066,78.4209,73.0236,66.785,59.785,52.1164,43.8737,35.1634,26.0989,16.785,7.3686,-1.985,-11.2066,-20.1913,-28.857,-37.1164,-44.885,-52.085,-58.6465,-64.5,-69.5891,-73.885,-77.3398,-79.9301,-81.6737,-82.595,-82.742,-82.1634,-80.9209,-79.085,-76.7236,-73.9066
259,2025-10-31 10:10:57,proposed,76.8841,75.8344,72.7753,67.8427,61.109,52.693,42.7709,31.5796,19.3768,6.467,-6.7469,-19.7469,-32.093,-43.4753,-53.593,-62.1648,-68.9247,-73.6393,-76.109,-76.109,-73.6393,-68.9247,-62.1648,-53.593,-43.4753,54.8093,54.7176,54.4452,53.993,53.362,52.553,51.567,50.405,49.068,47.558,45.876,44.024,42.004,39.818,37.469,34.96,32.293,29.472,26.5,23.38,20.116,16.712,13.173,9.504,5.709
260,2025-10-31 10:11:37,executed,76.8841,75.8344,72.7753,67.8427,61.109,52.693,42.7709,31.5796,19.3768,6.467,-6.7469,-19.7469,-32.093,-43.4753,-53.593,-62.1648,-68.9247,-73.6393,-76.109,-76.109,-73.6393,-68.9247,-62.1648,-53.593,-43.4753,54.8093,54.7176,54.4452,53.993,53.362,52.553,51.567,50.405,49.068,47.558,45.876,44.024,42.004,39.818,37.469,34.96,32.293,29.472,26.5,23.38,20.116,16.712,13.173,9.504,5.709
260,2025-10-31 10:12:26,proposed,45.962,57.349,64.912,67.971,66.29,60.296,50.583,37.954,23.385,7.979,-7.979,-23.385,-37.954,-50.583,-60.296,-66.29,-67.971,-64.912,-57.349,-45.962,-31.742,-15.969,0.0,15.969,31.742,45.962,57.349,64.912,67.971,66.29,60.296,50.583,37.954,23.385,7.979,-7.979,-23.385,-37.954,-50.583,-60.296,-66.29,-67.971,-64.912,-57.349,-45.962,-31.742,-15.969,0.0,15.969,31.742
261,2025-10-31 10:13:06,executed,45.962,57.349,64.912,67.971,66.29,60.296,50.583,37.954,23.385,7.979,-7.979,-23.385,-37.954,-50.583,-60.296,-66.29,-67.971,-64.912,-57.349,-45.962,-31.742,-15.969,0.0,15.969,31.742,45.962,57.349,64.912,67.971,66.29,60.296,50.583,37.954,23.385,7.979,-7.979,-23.385,-37.954,-50.583,-60.296,-66.29,-67.971,-64.912,-57.349,-45.962,-31.742,-15.969,0.0,15.969,31.742
261,2025-10-31 10:13:50,proposed,0.0,7.4337,14.606,21.3508,27.5035,33.0041,37.7998,41.8454,45.104,47.5459,49.151,49.9144,49.8459,48.9604,47.2893,44.877,41.7794,38.0561,33.7718,29.0069,23.8459,18.3764,12.6883,6.8733,1.0232,-4.8871,-10.6883,-16.2764,-21.5459,-26.4069,-30.7718,-34.5661,-37.7994,-40.4893,-42.5604,-43.9644,-44.661,-44.6259,-43.854,-42.3504,-40.1398,-37.2541,-33.7235,-29.5808,-24.866,-19.6237,-13.9,-7.75,-1.225,5.0
262,2025-10-31 10:14:30,executed,0.0,7.4337,14.606,21.3508,27.5035,33.0041,37.7998,41.8454,45.104,47.5459,49.151,49.9144,49.8459,48.9604,47.2893,44.877,41.7794,38.0561,33.7718,29.0069,23.8459,18.3764,12.6883,6.8733,1.0232,-4.8871,-10.6883,-16.2764,-21.5459,-26.4069,-30.7718,-34.5661,-37.7994,-40.4893,-42.5604,-43.9644,-44.661,-44.6259,-43.854,-42.3504,-40.1398,-37.2541,-33.7235,-29.5808,-24.866,-19.6237,-13.9,-7.75,-1.225,5.0
262,2025-10-31 10:15:22,proposed,10.52844100913988,-19.98223689405814,2.766785891395758,26.68744923308365,-15.89437637841312,16.59102661539265,-34.82173163158498,10.13329074744275,-23.44754949104035,-2.483661138090748,-13.04509740523284,1.488667597140733,10.74108871408089,21.01188730953047,10.35416045107936,1.109503487007722,-3.931758564175118,-1.821360098492658,27.27985449216035,1.700585675402927,16.66698943922765,14.92982847124996,21.92134567406859,13.92150493370726,20.30608552178051,10.66986289650426,-1.240369062308945,-1.332822941011899,12.01250269007693,-1.41113093950664,-2.935102047805063,1.341517709328223,14.12071221146709,-2.909562762287803,-1.637375269781845,1.405788487770834,1.545366430342939,-1.53091993202996,1.572115160361208,1.444983057416954,1.405788487770834,1.405788487770834,1.405788487770834,1.405788487770834,1.405788487770834,1.405788487770834,1.405788487770834,1.405788487770834,1.405788487770834,1.405788487770834
263,2025-10-31 10:16:02,executed,10.52844100913988,-19.98223689405814,2.766785891395758,26.68744923308365,-15.89437637841312,16.59102661539265,-34.82173163158498,10.13329074744275,-23.44754949104035,-2.483661138090748,-13.04509740523284,1.488667597140733,10.74108871408089,21.01188730953047,10.35416045107936,1.109503487007722,-3.931758564175118,-1.821360098492658,27.27985449216035,1.700585675402927,16.66698943922765,14.92982847124996,21.92134567406859,13.92150493370726,20.30608552178051,10.66986289650426,-1.240369062308945,-1.332822941011899,12.01250269007693,-1.41113093950664,-2.935102047805063,1.341517709328223,14.12071221146709,-2.909562762287803,-1.637375269781845,1.405788487770834,1.545366430342939,-1.53091993202996,1.572115160361208,1.444983057416954,1.405788487770834,1.405788487770834,1.405788487770834,1.405788487770834,1.405788487770834,1.405788487770834,1.405788487770834,1.405788487770834,1.405788487770834,1.405788487770834
263,2025-10-31 10:17:09,proposed,80.0,85.5492,89.0494,90.2878,89.1092,85.5061,79.7918,72.235,63.1493,52.8873,41.7918,30.2082,18.4608,6.8733,-4.204,-14.606,-24.0864,-32.459,-39.6053,-45.424,-49.8407,-52.8099,-54.3099,-54.3099,-52.8099,-49.8407,-45.424,-39.6053,-32.459,-24.0864,-14.606,-4.204,6.8733,18.4608,30.2082,41.7918,52.8873,63.1493,72.235,79.7918,85.5061,89.1092,90.2878,89.0494,85.5492,80.0,72.764,64.0603,54.0209,42.9592
264,2025-10-31 10:17:49,executed,80.0,85.5492,89.0494,90.2878,89.1092,85.5061,79.7918,72.235,63.1493,52.8873,41.7918,30.2082,18.4608,6.8733,-4.204,-14.606,-24.0864,-32.459,-39.6053,-45.424,-49.8407,-52.8099,-54.3099,-54.3099,-52.8099,-49.8407,-45.424,-39.6053,-32.459,-24.0864,-14.606,-4.204,6.8733,18.4608,30.2082,41.7918,52.8873,63.1493,72.235,79.7918,85.5061,89.1092,90.2878,89.0494,85.5492,80.0,72.764,64.0603,54.0209,42.9592
264,2025-10-31 10:18:23,proposed,0.0,11.5037,22.7099,33.3369,43.2111,52.1819,59.9999,66.5029,71.559,75.0506,76.8785,76.9581,75.2409,71.7107,66.385,59.3106,50.5506,40.1819,28.3369,15.1581,0.8785,-13.4004,-26.6631,-38.6981,-49.3601,-58.5312,-66.1118,-72.0279,-76.2205,-78.6436,-79.262,-78.066,-75.066,-70.3027,-63.8463,-55.8099,-46.3369,-35.5879,-23.7303,-10.9385,2.5708,16.6631,30.0,42.3601,53.5312,63.3106,71.559,78.1756,83.078,86.204
265,2025-10-31 10:19:03,executed,0.0,11.5037,22.7099,33.3369,43.2111,52.1819,59.9999,66.5029,71.559,75.0506,76.8785,76.9581,75.2409,71.7107,66.385,59.3106,50.5506,40.1819,28.3369,15.1581,0.8785,-13.4004,-26.6631,-38.6981,-49.3601,-58.5312,-66.1118,-72.0279,-76.2205,-78.6436,-79.262,-78.066,-75.066,-70.3027,-63.8463,-55.8099,-46.3369,-35.5879,-23.7303,-10.9385,2.5708,16.6631,30.0,42.3601,53.5312,63.3106,71.559,78.1756,83.078,86.204
265,2025-10-31 10:19:52,proposed,70.0,69.419,67.6816,64.8436,60.9808,56.1822,50.5478,44.1876,37.2198,29.769,21.9678,13.9556,5.8778,-2.131,-10.0076,-17.671,-25.0216,-32.0002,-38.5376,-44.5684,-50.0298,-54.8632,-59.0142,-62.432,-65.0706,-66.8906,-67.9576,-68.278,-67.878,-66.778,-64.978,-62.478,-59.278,-55.378,-50.778,-45.478,-39.478,-32.778,-25.378,-17.3197,-8.7499,0.0,8.7499,17.3197,25.378,32.778,39.478,45.478,50.778,55.378
266,2025-10-31 10:20:32,executed,70.0,69.419,67.6816,64.8436,60.9808,56.1822,50.5478,44.1876,37.2198,29.769,21.9678,13.9556,5.8778,-2.131,-10.0076,-17.671,-25.0216,-32.0002,-38.5376,-44.5684,-50.0298,-54.8632,-59.0142,-62.432,-65.0706,-66.8906,-67.9576,-68.278,-67.878,-66.778,-64.978,-62.478,-59.278,-55.378,-50.778,-45.478,-39.478,-32.778,-25.378,-17.3197,-8.7499,0.0,8.7499,17.3197,25.378,32.778,39.478,45.478,50.778,55.378
266,2025-10-31 10:21:11,proposed,75.0,74.075346,71.306443,66.864065,60.901699,53.605305,45.178553,35.830296,25.778523,15.249005,4.470087,-6.326353,-17.030611,-27.323608,-37.013049,-45.919028,-53.899999,-60.846313,-66.661195,-71.270966,-74.619011,-76.661195,-77.370886,-76.736886,-74.780339,-71.503698,-66.950209,-61.170876,-54.257125,-46.313049,-37.456079,-27.811619,-17.502919,-6.671195,4.470087,15.561514,26.323608,36.661195,46.407077,55.428001,63.596269,70.799999,76.928001,81.885069,85.595,88.0,89.0,88.595,86.780339,83.571195
267,2025-10-31 10:21:51,executed,75.0,74.075346,71.306443,66.864065,60.901699,53.605305,45.178553,35.830296,25.778523,15.249005,4.470087,-6.326353,-17.030611,-27.323608,-37.013049,-45.919028,-53.899999,-60.846313,-66.661195,-71.270966,-74.619011,-76.661195,-77.370886,-76.736886,-74.780339,-71.503698,-66.950209,-61.170876,-54.257125,-46.313049,-37.456079,-27.811619,-17.502919,-6.671195,4.470087,15.561514,26.323608,36.661195,46.407077,55.428001,63.596269,70.799999,76.928001,81.885069,85.595,88.0,89.0,88.595,86.780339,83.571195
267,2025-10-31 10:22:31,proposed,55.807357,65.656515,76.790906,88.163777,96.906969,101.401103,100.932912,95.897395,87.218529,75.895046,62.910303,49.208447,35.539828,22.502901,10.638531,0.404289,-7.210403,-12.443912,-15.176465,-15.549006,-13.840742,-10.518652,-5.928806,-0.419085,5.565439,11.666879,17.525624,22.844007,27.378036,30.937223,33.398031,34.698716,34.838531,33.882414,31.916969,29.043472,25.362007,20.985994,16.030588,10.610303,4.844007,-1.161465,-7.30068,-13.398716,-19.291586,-24.810403,-29.781876,-34.095006,-37.643912,-40.329006
268,2025-10-31 10:23:11,executed,55.807357,65.656515,76.790906,88.163777,96.906969,101.401103,100.932912,95.897395,87.218529,75.895046,62.910303,49.208447,35.539828,22.502901,10.638531,0.404289,-7.210403,-12.443912,-15.176465,-15.549006,-13.840742,-10.518652,-5.928806,-0.419085,5.565439,11.666879,17.525624,22.844007,27.378036,30.937223,33.398031,34.698716,34.838531,33.882414,31.916969,29.043472,25.362007,20.985994,16.030588,10.610303,4.844007,-1.161465,-7.30068,-13.398716,-19.291586,-24.810403,-29.781876,-34.095006,-37.643912,-40.329006
268,2025-10-31 10:24:03,proposed,0.0,13.0136,25.4748,37.0374,47.3888,56.25,63.3768,68.5664,71.6607,72.5489,71.1714,67.5204,61.6442,53.641,43.667,31.9298,18.6834,4.2256,-10.667,-25.4748,-39.6374,-52.5489,-63.6939,-72.5489,-78.967,-82.8175,-84.08,-82.8175,-78.967,-72.5489,-63.6939,-52.5489,-39.6374,-25.4748,-10.667,4.2256,18.6834,31.9298,43.667,53.641,61.6442,67.5204,71.1714,72.5489,71.6607,68.5664,63.3768,56.25,47.3888,37.0374
269,2025-10-31 10:24:43,executed,0.0,13.0136,25.4748,37.0374,47.3888,56.25,63.3768,68.5664,71.6607,72.5489,71.1714,67.5204,61.6442,53.641,43.667,31.9298,18.6834,4.2256,-10.667,-25.4748,-39.6374,-52.5489,-63.6939,-72.5489,-78.967,-82.8175,-84.08,-82.8175,-78.967,-72.5489,-63.6939,-52.5489,-39.6374,-25.4748,-10.667,4.2256,18.6834,31.9298,43.667,53.641,61.6442,67.5204,71.1714,72.5489,71.6607,68.5664,63.3768,56.25,47.3888,37.0374
269,2025-10-31 10:25:26,proposed,95.0,91.16326530612245,87.3265306122449,83.48979591836735,79.6530612244898,75.81632653061224,71.9795918367347,68.14285714285714,64.3061224489796,60.46938775510204,56.63265306122449,52.79591836734694,48.95918367346939,45.12244897959184,41.285714285714285,37.44897959183673,33.61224489795918,29.77551020408163,25.93877551020408,22.10204081632653,18.26530612244898,14.428571428571429,10.591836734693878,6.755102040816326,2.918367346938775,-0.918367346938775,-4.755102040816326,-8.591836734693878,-12.428571428571429,-16.26530612244898,-20.10204081632653,-23.93877551020408,-27.77551020408163,-31.61224489795918,-35.44897959183673,-39.285714285714285,-43.12244897959184,-46.95918367346939,-50.79591836734694,-54.63265306122449,-58.46938775510204,-62.3061224489796,-66.14285714285714,-69.9795918367347,-73.81632653061224,-77.6530612244898,-81.48979591836735,-85.3265306122449,-89.16326530612245,-93.0
270,2025-10-31 10:26:06,executed,95.0,91.16326530612245,87.3265306122449,83.48979591836735,79.6530612244898,75.81632653061224,71.9795918367347,68.14285714285714,64.3061224489796,60.46938775510204,56.63265306122449,52.79591836734694,48.95918367346939,45.12244897959184,41.285714285714285,37.44897959183673,33.61224489795918,29.77551020408163,25.93877551020408,22.10204081632653,18.26530612244898,14.428571428571429,10.591836734693878,6.755102040816326,2.918367346938775,-0.918367346938775,-4.755102040816326,-8.591836734693878,-12.428571428571429,-16.26530612244898,-20.10204081632653,-23.93877551020408,-27.77551020408163,-31.61224489795918,-35.44897959183673,-39.285714285714285,-43.12244897959184,-46.95918367346939,-50.79591836734694,-54.63265306122449,-58.46938775510204,-62.3061224489796,-66.14285714285714,-69.9795918367347,-73.81632653061224,-77.6530612244898,-81.48979591836735,-85.3265306122449,-89.16326530612245,-93.0
270,2025-10-31 10:26:42,proposed,0.0,17.4021,33.4079,47.4087,58.8471,67.2346,72.1795,73.3908,70.7811,64.4447,54.6588,41.8306,26.5768,9.6958,-8.6041,-26.0002,-41.8306,-54.6588,-64.4447,-70.7811,-73.3908,-72.1795,-67.2346,-58.8471,-47.4087,-33.4079,-17.4021,-0.0,17.4021,33.4079,47.4087,58.8471,67.2346,72.1795,73.3908,70.7811,64.4447,54.6588,41.8306,26.5768,9.6958,-8.6041,-26.0002,-41.8306,-54.6588,-64.4447,-70.7811,-73.3908,-72.1795,-67.2346
271,2025-10-31 10:27:22,executed,0.0,17.4021,33.4079,47.4087,58.8471,67.2346,72.1795,73.3908,70.7811,64.4447,54.6588,41.8306,26.5768,9.6958,-8.6041,-26.0002,-41.8306,-54.6588,-64.4447,-70.7811,-73.3908,-72.1795,-67.2346,-58.8471,-47.4087,-33.4079,-17.4021,-0.0,17.4021,33.4079,47.4087,58.8471,67.2346,72.1795,73.3908,70.7811,64.4447,54.6588,41.8306,26.5768,9.6958,-8.6041,-26.0002,-41.8306,-54.6588,-64.4447,-70.7811,-73.3908,-72.1795,-67.2346
271,2025-10-31 10:27:59,proposed,0.0,21.6356,40.4509,54.8632,64.8436,70.0,69.419,63.632,53.0538,38.8688,22.07,3.1303,-16.2762,-35.0614,-51.1901,-63.7562,-70.0,-69.419,-63.632,-53.0538,-38.8688,-22.07,-3.1303,16.2762,35.0614,51.1901,63.7562,69.419,63.632,53.0538,38.8688,22.07,3.1303,-16.2762,-35.0614,-51.1901,-63.7562,-69.419,-63.632,-53.0538,-38.8688,-22.07,-3.1303,16.2762,35.0614,51.1901,63.7562,69.419,63.632,53.0538
272,2025-10-31 10:28:39,executed,0.0,21.6356,40.4509,54.8632,64.8436,70.0,69.419,63.632,53.0538,38.8688,22.07,3.1303,-16.2762,-35.0614,-51.1901,-63.7562,-70.0,-69.419,-63.632,-53.0538,-38.8688,-22.07,-3.1303,16.2762,35.0614,51.1901,63.7562,69.419,63.632,53.0538,38.8688,22.07,3.1303,-16.2762,-35.0614,-51.1901,-63.7562,-69.419,-63.632,-53.0538,-38.8688,-22.07,-3.1303,16.2762,35.0614,51.1901,63.7562,69.419,63.632,53.0538
272,2025-10-31 10:30:05,proposed,70.0,69.398,67.6,64.6382,60.57,55.46,49.39,42.4582,34.7824,26.4976,17.76,8.65,-0.0,-8.65,-17.76,-26.4976,-34.7824,-42.4582,-49.39,-55.46,-60.57,-64.6382,-67.6,-69.398,-70.0,-69.398,-67.6,-64.6382,-60.57,-55.46,-49.39,-42.4582,-34.7824,-26.4976,-17.76,-8.65,0.0,8.65,17.76,26.4976,34.7824,42.4582,49.39,55.46,60.57,64.6382,67.6,69.398,70.0,69.398
273,2025-10-31 10:30:45,executed,70.0,69.398,67.6,64.6382,60.57,55.46,49.39,42.4582,34.7824,26.4976,17.76,8.65,-0.0,-8.65,-17.76,-26.4976,-34.7824,-42.4582,-49.39,-55.46,-60.57,-64.6382,-67.6,-69.398,-70.0,-69.398,-67.6,-64.6382,-60.57,-55.46,-49.39,-42.4582,-34.7824,-26.4976,-17.76,-8.65,0.0,8.65,17.76,26.4976,34.7824,42.4582,49.39,55.46,60.57,64.6382,67.6,69.398,70.0,69.398
273,2025-10-31 10:32:12,proposed,0.0,8.749999,17.294102,25.474804,33.090308,39.999999,46.089502,51.272904,55.472904,58.621406,60.666907,61.570308,61.309308,59.879506,57.300404,53.605302,48.8407,43.078001,36.394102,28.885001,20.665901,11.866,2.639001,-6.8398,-16.503001,-26.000202,-35.061403,-43.509904,-51.190105,-57.975506,-63.756207,-68.444708,-70.0,-68.444708,-63.756207,-57.975506,-51.190105,-43.509904,-35.061403,-26.000202,-16.503001,-6.8398,2.639001,11.866,20.665901,28.885001,36.394102,43.078001,48.8407,53.605302
274,2025-10-31 10:32:52,executed,0.0,8.749999,17.294102,25.474804,33.090308,39.999999,46.089502,51.272904,55.472904,58.621406,60.666907,61.570308,61.309308,59.879506,57.300404,53.605302,48.8407,43.078001,36.394102,28.885001,20.665901,11.866,2.639001,-6.8398,-16.503001,-26.000202,-35.061403,-43.509904,-51.190105,-57.975506,-63.756207,-68.444708,-70.0,-68.444708,-63.756207,-57.975506,-51.190105,-43.509904,-35.061403,-26.000202,-16.503001,-6.8398,2.639001,11.866,20.665901,28.885001,36.394102,43.078001,48.8407,53.605302
275,2025-10-31 10:36:15,executed,0.0,8.749999,17.294102,25.474804,33.090308,39.999999,46.089502,51.272904,55.472904,58.621406,60.666907,61.570308,61.309308,59.879506,57.300404,53.605302,48.8407,43.078001,36.394102,28.885001,20.665901,11.866,2.639001,-6.8398,-16.503001,-26.000202,-35.061403,-43.509904,-51.190105,-57.975506,-63.756207,-68.444708,-70.0,-68.444708,-63.756207,-57.975506,-51.190105,-43.509904,-35.061403,-26.000202,-16.503001,-6.8398,2.639001,11.866,20.665901,28.885001,36.394102,43.078001,48.8407,53.605302
276,2025-10-31 10:39:55,executed,0.0,8.749999,17.294102,25.474804,33.090308,39.999999,46.089502,51.272904,55.472904,58.621406,60.666907,61.570308,61.309308,59.879506,57.300404,53.605302,48.8407,43.078001,36.394102,28.885001,20.665901,11.866,2.639001,-6.8398,-16.503001,-26.000202,-35.061403,-43.509904,-51.190105,-57.975506,-63.756207,-68.444708,-70.0,-68.444708,-63.756207,-57.975506,-51.190105,-43.509904,-35.061403,-26.000202,-16.503001,-6.8398,2.639001,11.866,20.665901,28.885001,36.394102,43.078001,48.8407,53.605302
276,2025-10-31 10:40:45,proposed,0.0,34.46937691651877,60.7056631853613,76.8990656543959,82.8703772836262,79.01521008016462,66.0792038753235,45.17860193766185,19.02030026219438,-9.51015013109719,-37.95400052438876,-66.0792038753235,-82.8703772836262,-89.99999999999999,-82.8703772836262,-66.0792038753235,-37.95400052438876,-9.51015013109719,19.02030026219438,45.17860193766185,66.0792038753235,79.01521008016462,82.8703772836262,76.8990656543959,60.7056631853613,16.89602545087796,46.8021008016462,67.23460193766185,69.46580052438875,53.35200026219438,27.59600013109719,-7.058000000000001,-39.20400052438876,-63.63960193766185,-69.46580052438875,-53.35200026219438,-27.59600013109719,7.058000000000001,39.20400052438876,63.63960193766185,69.46580052438875,53.35200026219438,27.59600013109719,-7.058000000000001,-39.20400052438876,-63.63960193766185,-69.46580052438875,-53.35200026219438,-27.59600013109719,7.058000000000001
277,2025-10-31 10:41:25,executed,0.0,34.46937691651877,60.7056631853613,76.8990656543959,82.8703772836262,79.01521008016462,66.0792038753235,45.17860193766185,19.02030026219438,-9.51015013109719,-37.95400052438876,-66.0792038753235,-82.8703772836262,-89.99999999999999,-82.8703772836262,-66.0792038753235,-37.95400052438876,-9.51015013109719,19.02030026219438,45.17860193766185,66.0792038753235,79.01521008016462,82.8703772836262,76.8990656543959,60.7056631853613,16.89602545087796,46.8021008016462,67.23460193766185,69.46580052438875,53.35200026219438,27.59600013109719,-7.058000000000001,-39.20400052438876,-63.63960193766185,-69.46580052438875,-53.35200026219438,-27.59600013109719,7.058000000000001,39.20400052438876,63.63960193766185,69.46580052438875,53.35200026219438,27.59600013109719,-7.058000000000001,-39.20400052438876,-63.63960193766185,-69.46580052438875,-53.35200026219438,-27.59600013109719,7.058000000000001
277,2025-10-31 10:42:04,proposed,10.0,48.0799,77.0581,90.0,85.9328,63.6396,29.2893,-8.6041,-47.0228,-75.0,-89.8979,-85.9328,-63.6396,-29.2893,10.0,48.0799,77.0581,90.0,85.9328,63.6396,29.2893,-8.6041,-47.0228,-75.0,-89.8979,-85.9328,-63.6396,-29.2893,10.0,48.0799,77.0581,90.0,85.9328,63.6396,29.2893,-8.6041,-47.0228,-75.0,-89.8979,-85.9328,-63.6396,-29.2893,10.0,48.0799,77.0581,90.0,85.9328,63.6396,29.2893,-8.6041
278,2025-10-31 10:42:44,executed,10.0,48.0799,77.0581,90.0,85.9328,63.6396,29.2893,-8.6041,-47.0228,-75.0,-89.8979,-85.9328,-63.6396,-29.2893,10.0,48.0799,77.0581,90.0,85.9328,63.6396,29.2893,-8.6041,-47.0228,-75.0,-89.8979,-85.9328,-63.6396,-29.2893,10.0,48.0799,77.0581,90.0,85.9328,63.6396,29.2893,-8.6041,-47.0228,-75.0,-89.8979,-85.9328,-63.6396,-29.2893,10.0,48.0799,77.0581,90.0,85.9328,63.6396,29.2893,-8.6041
278,2025-10-31 10:43:28,proposed,0.0,11.151,21.9678,32.1618,41.6215,49.9999,57.063,62.6118,66.4046,68.278,68.278,66.4046,62.6118,57.063,49.9999,41.6215,32.1618,21.9678,11.151,0.0,-11.151,-21.9678,-32.1618,-41.6215,-49.9999,-57.063,-62.6118,-66.4046,-68.278,-68.278,-66.4046,-62.6118,-57.063,-49.9999,-41.6215,-32.1618,-21.9678,-11.151,-0.0,11.151,21.9678,32.1618,41.6215,49.9999,57.063,62.6118,66.4046,68.278,68.278,70.0
279,2025-10-31 10:44:08,executed,0.0,11.151,21.9678,32.1618,41.6215,49.9999,57.063,62.6118,66.4046,68.278,68.278,66.4046,62.6118,57.063,49.9999,41.6215,32.1618,21.9678,11.151,0.0,-11.151,-21.9678,-32.1618,-41.6215,-49.9999,-57.063,-62.6118,-66.4046,-68.278,-68.278,-66.4046,-62.6118,-57.063,-49.9999,-41.6215,-32.1618,-21.9678,-11.151,-0.0,11.151,21.9678,32.1618,41.6215,49.9999,57.063,62.6118,66.4046,68.278,68.278,70.0
279,2025-10-31 10:46:22,proposed,63.6396102985396,55.77601053423712,47.02209772658934,37.45606829774641,27.17006798031351,16.27006798031351,4.86006798031351,-6.95006798031351,-18.99006798031351,-30.90006798031351,-42.50006798031351,-53.60006798031351,-64.00006798031352,-73.50006798031352,-81.90006798031351,-89.10006798031351,-94.90006798031351,-99.2000679803135,-100.0,-99.2000679803135,-94.90006798031351,-89.10006798031351,-81.90006798031351,-73.50006798031352,-64.00006798031352,-53.60006798031351,-42.50006798031351,-30.90006798031351,-18.99006798031351,-6.95006798031351,4.86006798031351,16.27006798031351,27.17006798031351,37.45606829774641,47.02209772658934,55.77601053423712,63.6396102985396,70.52006798031351,76.33006798031352,80.99006798031351,84.43006798031351,86.58006798031352,87.3900679803135,86.8400679803135,84.9200679803135,81.65006798031351,77.0600679803135,71.18006798031351,64.0900679803135,55.88006798031351
280,2025-10-31 10:47:02,executed,63.6396102985396,55.77601053423712,47.02209772658934,37.45606829774641,27.17006798031351,16.27006798031351,4.86006798031351,-6.95006798031351,-18.99006798031351,-30.90006798031351,-42.50006798031351,-53.60006798031351,-64.00006798031352,-73.50006798031352,-81.90006798031351,-89.10006798031351,-94.90006798031351,-99.2000679803135,-100.0,-99.2000679803135,-94.90006798031351,-89.10006798031351,-81.90006798031351,-73.50006798031352,-64.00006798031352,-53.60006798031351,-42.50006798031351,-30.90006798031351,-18.99006798031351,-6.95006798031351,4.86006798031351,16.27006798031351,27.17006798031351,37.45606829774641,47.02209772658934,55.77601053423712,63.6396102985396,70.52006798031351,76.33006798031352,80.99006798031351,84.43006798031351,86.58006798031352,87.3900679803135,86.8400679803135,84.9200679803135,81.65006798031351,77.0600679803135,71.18006798031351,64.0900679803135,55.88006798031351
281,2025-10-31 10:50:47,executed,63.6396102985396,55.77601053423712,47.02209772658934,37.45606829774641,27.17006798031351,16.27006798031351,4.86006798031351,-6.95006798031351,-18.99006798031351,-30.90006798031351,-42.50006798031351,-53.60006798031351,-64.00006798031352,-73.50006798031352,-81.90006798031351,-89.10006798031351,-94.90006798031351,-99.2000679803135,-100.0,-99.2000679803135,-94.90006798031351,-89.10006798031351,-81.90006798031351,-73.50006798031352,-64.00006798031352,-53.60006798031351,-42.50006798031351,-30.90006798031351,-18.99006798031351,-6.95006798031351,4.86006798031351,16.27006798031351,27.17006798031351,37.45606829774641,47.02209772658934,55.77601053423712,63.6396102985396,70.52006798031351,76.33006798031352,80.99006798031351,84.43006798031351,86.58006798031352,87.3900679803135,86.8400679803135,84.9200679803135,81.65006798031351,77.0600679803135,71.18006798031351,64.0900679803135,55.88006798031351
281,2025-10-31 10:51:24,proposed,0.0,9.4949,18.7056,27.5035,35.799,43.5099,50.5506,56.8463,62.3392,66.974,70.7071,73.5099,75.3552,76.2205,76.095,74.9796,72.8873,69.8463,65.8953,61.0806,55.4599,49.0901,42.0398,34.385,26.2046,17.5801,8.6041,-0.3802,-9.4949,-18.7056,-27.5035,-35.799,-43.5099,-50.5506,-56.8463,-62.3392,-66.974,-70.7071,-73.5099,-75.3552,-76.2205,-76.095,-74.9796,-72.8873,-69.8463,-65.8953,-61.0806,-55.4599,-49.0901,-42.0398
282,2025-10-31 10:52:04,executed,0.0,9.4949,18.7056,27.5035,35.799,43.5099,50.5506,56.8463,62.3392,66.974,70.7071,73.5099,75.3552,76.2205,76.095,74.9796,72.8873,69.8463,65.8953,61.0806,55.4599,49.0901,42.0398,34.385,26.2046,17.5801,8.6041,-0.3802,-9.4949,-18.7056,-27.5035,-35.799,-43.5099,-50.5506,-56.8463,-62.3392,-66.974,-70.7071,-73.5099,-75.3552,-76.2205,-76.095,-74.9796,-72.8873,-69.8463,-65.8953,-61.0806,-55.4599,-49.0901,-42.0398
282,2025-10-31 10:52:45,proposed,-0.000109,10.370217,18.069455,23.365319,24.999742,24.999914,21.995964,16.999684,10.158474,1.999659,-6.699763,-14.999908,-22.0,-24.999999,-24.999999,-24.999999,-21.999999,-16.999999,-10.158474,-1.999659,6.699763,14.999908,22.0,24.999999,24.999999,24.999999,21.999999,16.999999,10.158474,1.999659,-6.699763,-14.999908,-22.0,-24.999999,-24.999999,-24.999999,-21.999999,-16.999999,-10.158474,-1.999659,6.699763,14.999908,22.0,24.999999,24.999999,24.999999,21.999999,16.999999,10.158474,1.999659
283,2025-10-31 10:53:25,executed,-0.000109,10.370217,18.069455,23.365319,24.999742,24.999914,21.995964,16.999684,10.158474,1.999659,-6.699763,-14.999908,-22.0,-24.999999,-24.999999,-24.999999,-21.999999,-16.999999,-10.158474,-1.999659,6.699763,14.999908,22.0,24.999999,24.999999,24.999999,21.999999,16.999999,10.158474,1.999659,-6.699763,-14.999908,-22.0,-24.999999,-24.999999,-24.999999,-21.999999,-16.999999,-10.158474,-1.999659,6.699763,14.999908,22.0,24.999999,24.999999,24.999999,21.999999,16.999999,10.158474,1.999659
283,2025-10-31 10:54:02,proposed,0.0,3.489949670250097,6.881909602355868,10.08852373078496,13.02088894103135,15.600000000000001,17.757,19.433000000000003,20.589000000000002,21.200000000000003,21.250000000000004,20.740000000000002,19.680000000000003,18.090000000000003,15.990000000000002,13.410000000000002,10.380000000000003,6.940000000000001,3.1300000000000003,-0.9000000000000004,-5.160000000000002,-9.480000000000002,-13.780000000000001,-17.960000000000004,-21.900000000000002,-25.500000000000004,-28.600000000000005,-29.999999999999996,-28.600000000000005,-25.500000000000004,-21.900000000000002,-17.960000000000004,-13.780000000000001,-9.480000000000002,-5.160000000000002,-0.9000000000000004,3.1300000000000003,6.940000000000001,10.380000000000003,13.410000000000002,15.990000000000002,18.090000000000003,19.680000000000003,20.740000000000002,21.250000000000004,21.200000000000003,20.589000000000002,19.433000000000003,17.757,15.600000000000001
284,2025-10-31 10:54:42,executed,0.0,3.489949670250097,6.881909602355868,10.08852373078496,13.02088894103135,15.600000000000001,17.757,19.433000000000003,20.589000000000002,21.200000000000003,21.250000000000004,20.740000000000002,19.680000000000003,18.090000000000003,15.990000000000002,13.410000000000002,10.380000000000003,6.940000000000001,3.1300000000000003,-0.9000000000000004,-5.160000000000002,-9.480000000000002,-13.780000000000001,-17.960000000000004,-21.900000000000002,-25.500000000000004,-28.600000000000005,-29.999999999999996,-28.600000000000005,-25.500000000000004,-21.900000000000002,-17.960000000000004,-13.780000000000001,-9.480000000000002,-5.160000000000002,-0.9000000000000004,3.1300000000000003,6.940000000000001,10.380000000000003,13.410000000000002,15.990000000000002,18.090000000000003,19.680000000000003,20.740000000000002,21.250000000000004,21.200000000000003,20.589000000000002,19.433000000000003,17.757,15.600000000000001
284,2025-10-31 10:55:52,proposed,63.6396,79.8407,88.9801,89.9259,83.7439,71.0454,52.902,30.8995,6.427,-18.0006,-41.2589,-61.9084,-78.32,-89.1007,-93.3087,-90.768,-81.0906,-65.66,-45.6669,-22.965,0.0,22.965,45.6669,65.66,81.0906,90.768,93.3087,89.1007,78.32,61.9084,41.2589,18.0006,-6.427,-30.8995,-52.902,-71.0454,-83.7439,-89.9259,-88.9801,-79.8407,-63.6396,-41.2589,-13.683,15.5615,43.1596,66.29,83.542,93.869,95.1057,88.7456
285,2025-10-31 10:56:32,executed,63.6396,79.8407,88.9801,89.9259,83.7439,71.0454,52.902,30.8995,6.427,-18.0006,-41.2589,-61.9084,-78.32,-89.1007,-93.3087,-90.768,-81.0906,-65.66,-45.6669,-22.965,0.0,22.965,45.6669,65.66,81.0906,90.768,93.3087,89.1007,78.32,61.9084,41.2589,18.0006,-6.427,-30.8995,-52.902,-71.0454,-83.7439,-89.9259,-88.9801,-79.8407,-63.6396,-41.2589,-13.683,15.5615,43.1596,66.29,83.542,93.869,95.1057,88.7456
285,2025-10-31 10:57:58,proposed,107.0326,114.1565,109.4693,98.9999,87.0505,74.0101,59.9999,45.1786,29.7043,13.8837,-2.271,-18.0494,-33.0903,-47.4087,-60.4803,-71.6999,-80.4859,-86.542,-89.6958,-89.9804,-87.55,-82.5685,-75.299,-65.9196,-54.71,-41.919,-27.8116,-12.78,2.7102,18.4608,34.0451,48.919,62.76,75.299,86.204,95.0,101.0,103.0,100.0,92.0,80.0,64.0,45.0,24.0,2.0,-19.0,-39.0,-57.0,-72.0,-84.0
286,2025-10-31 10:58:38,executed,107.0326,114.1565,109.4693,98.9999,87.0505,74.0101,59.9999,45.1786,29.7043,13.8837,-2.271,-18.0494,-33.0903,-47.4087,-60.4803,-71.6999,-80.4859,-86.542,-89.6958,-89.9804,-87.55,-82.5685,-75.299,-65.9196,-54.71,-41.919,-27.8116,-12.78,2.7102,18.4608,34.0451,48.919,62.76,75.299,86.204,95.0,101.0,103.0,100.0,92.0,80.0,64.0,45.0,24.0,2.0,-19.0,-39.0,-57.0,-72.0,-84.0
286,2025-10-31 10:59:42,proposed,0.0,11.3976,22.5851,33.3369,43.5099,52.982,61.657,69.4459,76.2736,82.0719,86.7803,90.3473,92.749,93.979,94.0101,92.8407,90.4859,86.9726,82.3463,76.6571,69.9702,62.361,53.909,44.6976,34.8507,24.48,13.683,2.571,-8.6041,-19.6465,-30.3474,-40.5406,-50.0898,-58.8998,-66.864,-73.885,-79.8407,-84.6083,-88.085,-90.1756,-90.8463,-90.0,-87.617,-83.7439,-78.4209,-71.709,-63.6939,-54.4548,-44.099,-32.7436
287,2025-10-31 11:00:22,executed,0.0,11.3976,22.5851,33.3369,43.5099,52.982,61.657,69.4459,76.2736,82.0719,86.7803,90.3473,92.749,93.979,94.0101,92.8407,90.4859,86.9726,82.3463,76.6571,69.9702,62.361,53.909,44.6976,34.8507,24.48,13.683,2.571,-8.6041,-19.6465,-30.3474,-40.5406,-50.0898,-58.8998,-66.864,-73.885,-79.8407,-84.6083,-88.085,-90.1756,-90.8463,-90.0,-87.617,-83.7439,-78.4209,-71.709,-63.6939,-54.4548,-44.099,-32.7436
287,2025-10-31 11:01:11,proposed,56.568542,65.45085,72.360679,77.130169,79.60107,79.60107,77.130169,72.360679,65.45085,56.568542,46.04227,34.19969,21.360679,7.843145,-6.08832,-19.60107,-32.360679,-44.04227,-54.360679,-63.08832,-69.91168,-74.639321,-77.130169,-77.130169,-74.639321,-69.91168,-63.08832,-54.360679,-44.04227,-32.360679,-19.60107,-6.08832,7.843145,21.360679,34.19969,46.04227,56.568542,65.45085,72.360679,77.130169,79.60107,79.60107,77.130169,72.360679,65.45085,56.568542,46.04227,34.19969,21.360679,7.843145
288,2025-10-31 11:01:51,executed,56.568542,65.45085,72.360679,77.130169,79.60107,79.60107,77.130169,72.360679,65.45085,56.568542,46.04227,34.19969,21.360679,7.843145,-6.08832,-19.60107,-32.360679,-44.04227,-54.360679,-63.08832,-69.91168,-74.639321,-77.130169,-77.130169,-74.639321,-69.91168,-63.08832,-54.360679,-44.04227,-32.360679,-19.60107,-6.08832,7.843145,21.360679,34.19969,46.04227,56.568542,65.45085,72.360679,77.130169,79.60107,79.60107,77.130169,72.360679,65.45085,56.568542,46.04227,34.19969,21.360679,7.843145
288,2025-10-31 11:02:57,proposed,73.5786807912411,89.0601831846934,95.8361044458319,94.0478051260467,86.4950009695886,74.2080009695886,58.1250009695886,39.1090009695886,18.2250009695886,-2.5708009695886,-22.9650009695886,-42.0020009695886,-58.9010009695886,-72.9190009695886,-83.3510009695886,-89.6720009695886,-91.6080009695886,-89.1720009695886,-82.6080009695886,-72.3510009695886,-58.9010009695886,-42.0020009695886,-22.9650009695886,-2.5708009695886,18.2250009695886,39.1090009695886,58.1250009695886,74.2080009695886,86.4950009695886,94.0478051260467,95.8361044458319,89.0601831846934,73.5786807912411,48.5410009695886,27.5615009695886,5.5099009695886,-16.4350990304114,-37.0130990304114,-55.7600990304114,-71.9020990304114,-84.7930990304114,-93.8690990304114,-98.8970990304114,-99.7020990304114,-96.2840990304114,-88.7450990304114,-77.4090990304114,-62.7600990304114,-45.0990990304114,-24.9650990304114
289,2025-10-31 11:03:37,executed,73.5786807912411,89.0601831846934,95.8361044458319,94.0478051260467,86.4950009695886,74.2080009695886,58.1250009695886,39.1090009695886,18.2250009695886,-2.5708009695886,-22.9650009695886,-42.0020009695886,-58.9010009695886,-72.9190009695886,-83.3510009695886,-89.6720009695886,-91.6080009695886,-89.1720009695886,-82.6080009695886,-72.3510009695886,-58.9010009695886,-42.0020009695886,-22.9650009695886,-2.5708009695886,18.2250009695886,39.1090009695886,58.1250009695886,74.2080009695886,86.4950009695886,94.0478051260467,95.8361044458319,89.0601831846934,73.5786807912411,48.5410009695886,27.5615009695886,5.5099009695886,-16.4350990304114,-37.0130990304114,-55.7600990304114,-71.9020990304114,-84.7930990304114,-93.8690990304114,-98.8970990304114,-99.7020990304114,-96.2840990304114,-88.7450990304114,-77.4090990304114,-62.7600990304114,-45.0990990304114,-24.9650990304114
289,2025-10-31 11:04:18,proposed,35.0,56.63118903332508,68.7077678401764,65.370776,48.07999999999999,19.19653903332508,-14.14213562373095,-45.96194088698069,-66.07920000000001,-70.0,-59.50848467332508,-36.71914088698069,-7.0,24.41544088698069,49.49747468305833,65.370776,68.7077678401764,56.63118903332508,35.0,7.0,-19.19653903332508,-48.07999999999999,-66.07920000000001,-68.7077678401764,-56.63118903332508,-35.0,-7.0,19.19653903332508,48.07999999999999,66.07920000000001,68.7077678401764,56.63118903332508,35.0,7.0,-19.19653903332508,-48.07999999999999,-66.07920000000001,-68.7077678401764,-56.63118903332508,-35.0,-7.0,19.19653903332508,48.07999999999999,66.07920000000001,68.7077678401764,56.63118903332508,35.0,7.0,-19.19653903332508,-48.07999999999999
290,2025-10-31 11:04:58,executed,35.0,56.63118903332508,68.7077678401764,65.370776,48.07999999999999,19.19653903332508,-14.14213562373095,-45.96194088698069,-66.07920000000001,-70.0,-59.50848467332508,-36.71914088698069,-7.0,24.41544088698069,49.49747468305833,65.370776,68.7077678401764,56.63118903332508,35.0,7.0,-19.19653903332508,-48.07999999999999,-66.07920000000001,-68.7077678401764,-56.63118903332508,-35.0,-7.0,19.19653903332508,48.07999999999999,66.07920000000001,68.7077678401764,56.63118903332508,35.0,7.0,-19.19653903332508,-48.07999999999999,-66.07920000000001,-68.7077678401764,-56.63118903332508,-35.0,-7.0,19.19653903332508,48.07999999999999,66.07920000000001,68.7077678401764,56.63118903332508,35.0,7.0,-19.19653903332508,-48.07999999999999
290,2025-10-31 11:05:53,proposed,100.0,99.2117456189907,96.88583397268884,93.06048590059343,87.79090038890097,81.1522630011964,73.2385818210336,64.1565402030098,54.02090038890097,42.95918548057216,31.105677000000004,18.601940000000003,5.609400000000001,-7.509400000000001,-20.509400000000003,-33.10567700000001,-45.02090038890097,-56.02090038890097,-65.95918548057216,-74.7385818210336,-82.27860000000001,-88.50940000000001,-93.36048590059345,-96.77090038890097,-98.68583397268884,-100.0,-98.68583397268884,-96.77090038890097,-93.36048590059345,-88.50940000000001,-82.27860000000001,-74.7385818210336,-65.95918548057216,-56.02090038890097,-45.02090038890097,-33.10567700000001,-20.509400000000003,-7.509400000000001,5.609400000000001,18.601940000000003,31.105677000000004,42.95918548057216,54.02090038890097,64.1565402030098,73.2385818210336,81.1522630011964,87.79090038890097,93.06048590059343,96.88583397268884,99.2117456189907
291,2025-10-31 11:06:33,executed,100.0,99.2117456189907,96.88583397268884,93.06048590059343,87.79090038890097,81.1522630011964,73.2385818210336,64.1565402030098,54.02090038890097,42.95918548057216,31.105677000000004,18.601940000000003,5.609400000000001,-7.509400000000001,-20.509400000000003,-33.10567700000001,-45.02090038890097,-56.02090038890097,-65.95918548057216,-74.7385818210336,-82.27860000000001,-88.50940000000001,-93.36048590059345,-96.77090038890097,-98.68583397268884,-100.0,-98.68583397268884,-96.77090038890097,-93.36048590059345,-88.50940000000001,-82.27860000000001,-74.7385818210336,-65.95918548057216,-56.02090038890097,-45.02090038890097,-33.10567700000001,-20.509400000000003,-7.509400000000001,5.609400000000001,18.601940000000003,31.105677000000004,42.95918548057216,54.02090038890097,64.1565402030098,73.2385818210336,81.1522630011964,87.79090038890097,93.06048590059343,96.88583397268884,99.2117456189907
291,2025-10-31 11:08:00,proposed,60.090007,76.502941,83.896745,80.090007,65.056391,40.090007,7.086576,-27.502941,-58.090007,-80.090007,-83.896745,-76.502941,-60.090007,-40.090007,-7.086576,27.502941,58.090007,80.090007,83.896745,76.502941,60.090007,40.090007,7.086576,-27.502941,-58.090007,-80.090007,-83.896745,-76.502941,-60.090007,-40.090007,-7.086576,27.502941,58.090007,80.090007,83.896745,76.502941,60.090007,40.090007,7.086576,-27.502941,-58.090007,-80.090007,-83.896745,-76.502941,-60.090007,-40.090007,-7.086576,27.502941,58.090007,80.090007
292,2025-10-31 11:08:40,executed,60.090007,76.502941,83.896745,80.090007,65.056391,40.090007,7.086576,-27.502941,-58.090007,-80.090007,-83.896745,-76.502941,-60.090007,-40.090007,-7.086576,27.502941,58.090007,80.090007,83.896745,76.502941,60.090007,40.090007,7.086576,-27.502941,-58.090007,-80.090007,-83.896745,-76.502941,-60.090007,-40.090007,-7.086576,27.502941,58.090007,80.090007,83.896745,76.502941,60.090007,40.090007,7.086576,-27.502941,-58.090007,-80.090007,-83.896745,-76.502941,-60.090007,-40.090007,-7.086576,27.502941,58.090007,80.090007
293,2025-10-31 11:12:06,executed,60.090007,76.502941,83.896745,80.090007,65.056391,40.090007,7.086576,-27.502941,-58.090007,-80.090007,-83.896745,-76.502941,-60.090007,-40.090007,-7.086576,27.502941,58.090007,80.090007,83.896745,76.502941,60.090007,40.090007,7.086576,-27.502941,-58.090007,-80.090007,-83.896745,-76.502941,-60.090007,-40.090007,-7.086576,27.502941,58.090007,80.090007,83.896745,76.502941,60.090007,40.090007,7.086576,-27.502941,-58.090007,-80.090007,-83.896745,-76.502941,-60.090007,-40.090007,-7.086576,27.502941,58.090007,80.090007
293,2025-10-31 11:13:29,proposed,104.9723220556738,99.88062973144825,96.06223403371948,89.9234850550005,84.1523315053424,77.0142385172473,70.0768407409419,62.06201389814427,53.64551608756994,45.0594379965903,35.8078202572522,26.54144368541818,17.06013388703403,7.43374851694723,-2.5710000000000006,-12.688300000000002,-22.316900000000004,-31.4191,-39.854000000000006,-47.6259,-54.661,-60.8733,-66.1994,-70.5755,-73.9538,-76.288,-77.537,-77.659,-76.6434,-74.4855,-71.2066,-66.8407,-61.4357,-55.0506,-47.7552,-39.6237,-30.7302,-21.151,-10.9644,-0.2571,10.846,21.539,31.9,41.756,50.945,59.325,66.769,73.161,78.399,82.399
294,2025-10-31 11:14:09,executed,104.9723220556738,99.88062973144825,96.06223403371948,89.9234850550005,84.1523315053424,77.0142385172473,70.0768407409419,62.06201389814427,53.64551608756994,45.0594379965903,35.8078202572522,26.54144368541818,17.06013388703403,7.43374851694723,-2.5710000000000006,-12.688300000000002,-22.316900000000004,-31.4191,-39.854000000000006,-47.6259,-54.661,-60.8733,-66.1994,-70.5755,-73.9538,-76.288,-77.537,-77.659,-76.6434,-74.4855,-71.2066,-66.8407,-61.4357,-55.0506,-47.7552,-39.6237,-30.7302,-21.151,-10.9644,-0.2571,10.846,21.539,31.9,41.756,50.945,59.325,66.769,73.161,78.399,82.399
295,2025-10-31 11:18:10,executed,104.9723220556738,99.88062973144825,96.06223403371948,89.9234850550005,84.1523315053424,77.0142385172473,70.0768407409419,62.06201389814427,53.64551608756994,45.0594379965903,35.8078202572522,26.54144368541818,17.06013388703403,7.43374851694723,-2.5710000000000006,-12.688300000000002,-22.316900000000004,-31.4191,-39.854000000000006,-47.6259,-54.661,-60.8733,-66.1994,-70.5755,-73.9538,-76.288,-77.537,-77.659,-76.6434,-74.4855,-71.2066,-66.8407,-61.4357,-55.0506,-47.7552,-39.6237,-30.7302,-21.151,-10.9644,-0.2571,10.846,21.539,31.9,41.756,50.945,59.325,66.769,73.161,78.399,82.399
295,2025-10-31 11:18:58,proposed,0.0,18.9959,36.0461,51.3547,63.0902,71.0574,74.7938,74.0668,68.8093,59.1985,45.5786,28.4735,8.6041,-12.3392,-33.0903,-51.5204,-66.8641,-78.32,-85.2066,-87.0506,-83.542,-74.7938,-61.2607,-43.7,-22.965,0.0,22.965,43.7,61.2607,74.7938,83.542,87.0506,85.2066,78.32,66.8641,51.5204,33.0903,12.3392,-8.6041,-28.4735,-45.5786,-59.1985,-68.8093,-74.0668,-74.7938,-71.0574,-63.0902,-51.3547,-36.0461,-18.9959
296,2025-10-31 11:19:38,executed,0.0,18.9959,36.0461,51.3547,63.0902,71.0574,74.7938,74.0668,68.8093,59.1985,45.5786,28.4735,8.6041,-12.3392,-33.0903,-51.5204,-66.8641,-78.32,-85.2066,-87.0506,-83.542,-74.7938,-61.2607,-43.7,-22.965,0.0,22.965,43.7,61.2607,74.7938,83.542,87.0506,85.2066,78.32,66.8641,51.5204,33.0903,12.3392,-8.6041,-28.4735,-45.5786,-59.1985,-68.8093,-74.0668,-74.7938,-71.0574,-63.0902,-51.3547,-36.0461,-18.9959
296,2025-10-31 11:20:23,proposed,107.01825595913253,109.8437813137817,110.8711311029864,109.9142823611311,106.8407481308339,101.6917178496464,94.5222049909249,85.4984535359771,74.7938363659223,62.6288410291079,49.2486121404099,34.9208756910906,19.9208756910906,4.5457583749405,-10.9250873832049,-26.0697779777926,-40.6697779777926,-54.5697779777926,-67.6697779777926,-79.8697779777926,-91.0697779777926,-101.1697779777926,-110.0697779777926,-117.6697779777926,-120.0,-120.0,-120.0,-120.0,-120.0,-120.0,-120.0,-120.0,-120.0,-120.0,-120.0,-120.0,-120.0,-120.0,-120.0,-120.0,-120.0,-120.0,-120.0,-120.0,-120.0,-120.0,-120.0,-120.0,-120.0,-120.0
297,2025-10-31 11:21:03,executed,107.01825595913253,109.8437813137817,110.8711311029864,109.9142823611311,106.8407481308339,101.6917178496464,94.5222049909249,85.4984535359771,74.7938363659223,62.6288410291079,49.2486121404099,34.9208756910906,19.9208756910906,4.5457583749405,-10.9250873832049,-26.0697779777926,-40.6697779777926,-54.5697779777926,-67.6697779777926,-79.8697779777926,-91.0697779777926,-101.1697779777926,-110.0697779777926,-117.6697779777926,-120.0,-120.0,-120.0,-120.0,-120.0,-120.0,-120.0,-120.0,-120.0,-120.0,-120.0,-120.0,-120.0,-120.0,-120.0,-120.0,-120.0,-120.0,-120.0,-120.0,-120.0,-120.0,-120.0,-120.0,-120.0,-120.0
297,2025-10-31 11:22:33,proposed,82.203117,85.340026,87.050942,87.279612,86.064563,83.479549,79.605333,74.550106,68.435777,61.393043,53.565863,45.099158,36.148118,26.867566,17.419053,7.954203,-1.258957,-10.0,-18.067332,-25.393043,-31.916803,-37.58782,-42.360106,-46.195057,-49.064563,-50.940026,-51.803117,-51.648118,-50.485863,-48.33282,-45.216803,-41.179053,-36.278957,-30.58782,-24.183197,-17.158957,-9.693043,-1.906803,5.954203,13.867566,21.683117,29.299612,36.605333,43.506863,49.909549,55.729612,60.883117,65.305863,68.933043,71.703117
298,2025-10-31 11:23:13,executed,82.203117,85.340026,87.050942,87.279612,86.064563,83.479549,79.605333,74.550106,68.435777,61.393043,53.565863,45.099158,36.148118,26.867566,17.419053,7.954203,-1.258957,-10.0,-18.067332,-25.393043,-31.916803,-37.58782,-42.360106,-46.195057,-49.064563,-50.940026,-51.803117,-51.648118,-50.485863,-48.33282,-45.216803,-41.179053,-36.278957,-30.58782,-24.183197,-17.158957,-9.693043,-1.906803,5.954203,13.867566,21.683117,29.299612,36.605333,43.506863,49.909549,55.729612,60.883117,65.305863,68.933043,71.703117
298,2025-10-31 11:24:26,proposed,0.0,11.9161,23.5235,34.6946,45.3168,55.2791,64.4759,72.8091,80.1878,86.5291,91.7583,95.8074,98.6148,100.129,100.309,99.1173,96.5398,92.5703,87.2185,80.5001,72.4483,63.109,52.5506,40.854,28.109,14.4196,0.0,-14.4196,-28.109,-40.854,-52.5506,-63.109,-72.4483,-80.5001,-87.2185,-92.5703,-96.5398,-99.1173,-100.309,-100.129,-98.6148,-95.8074,-91.7583,-86.5291,-80.1878,-72.8091,-64.4759,-55.2791,-45.3168,-34.6946
299,2025-10-31 11:25:06,executed,0.0,11.9161,23.5235,34.6946,45.3168,55.2791,64.4759,72.8091,80.1878,86.5291,91.7583,95.8074,98.6148,100.129,100.309,99.1173,96.5398,92.5703,87.2185,80.5001,72.4483,63.109,52.5506,40.854,28.109,14.4196,0.0,-14.4196,-28.109,-40.854,-52.5506,-63.109,-72.4483,-80.5001,-87.2185,-92.5703,-96.5398,-99.1173,-100.309,-100.129,-98.6148,-95.8074,-91.7583,-86.5291,-80.1878,-72.8091,-64.4759,-55.2791,-45.3168,-34.6946
299,2025-10-31 11:26:04,proposed,0.0,15.06499564295964,29.76499914486661,43.77499914486661,56.81499914486661,68.6249991448666,78.9549991448666,87.58499914486661,94.32499914486661,99.02499914486661,101.57499914486661,101.91499914486661,100.0,95.8749991448666,89.60499914486661,81.33499914486661,71.29499914486661,59.74499914486661,46.99499914486661,33.34499914486661,19.10499914486661,4.58499914486661,-10.0,-24.38499914486661,-38.29499914486661,-51.39499914486661,-63.39499914486661,-74.0349991448666,-83.10499914486661,-90.44499914486661,-95.9549991448666,-99.5649991448666,-101.2049991448666,-100.8449991448666,-98.50499914486662,-94.26499914486661,-88.25499914486662,-80.64499914486662,-71.64499914486662,-61.49499914486661,-50.49499914486661,-38.94499914486661,-27.04499914486661,-15.06499914486661,-3.28499914486661,8.28499914486661,19.10499914486661,29.76499914486661,40.0,50.0
300,2025-10-31 11:26:44,executed,0.0,15.06499564295964,29.76499914486661,43.77499914486661,56.81499914486661,68.6249991448666,78.9549991448666,87.58499914486661,94.32499914486661,99.02499914486661,101.57499914486661,101.91499914486661,100.0,95.8749991448666,89.60499914486661,81.33499914486661,71.29499914486661,59.74499914486661,46.99499914486661,33.34499914486661,19.10499914486661,4.58499914486661,-10.0,-24.38499914486661,-38.29499914486661,-51.39499914486661,-63.39499914486661,-74.0349991448666,-83.10499914486661,-90.44499914486661,-95.9549991448666,-99.5649991448666,-101.2049991448666,-100.8449991448666,-98.50499914486662,-94.26499914486661,-88.25499914486662,-80.64499914486662,-71.64499914486662,-61.49499914486661,-50.49499914486661,-38.94499914486661,-27.04499914486661,-15.06499914486661,-3.28499914486661,8.28499914486661,19.10499914486661,29.76499914486661,40.0,50.0
300,2025-10-31 11:27:59,proposed,0.0,27.0696,50.9017,70.0,82.8704,85.0,76.8991,59.9999,36.4357,8.6041,-19.0203,-45.1786,-66.0792,-80.5001,-87.2185,-85.2066,-74.7938,-56.6346,-32.2223,-3.1303,26.0002,51.2729,72.1795,87.0506,93.869,92.9576,84.793,70.0,49.4975,24.4154,-3.4004,-31.5436,-56.542,-76.2847,-89.385,-94.0478,-89.0602,-73.5786,-48.541,-19.1965,12.3392,44.599,72.599,89.9804,95.1057,87.462,68.7785,40.9017,7.058,-27.596
301,2025-10-31 11:28:39,executed,0.0,27.0696,50.9017,70.0,82.8704,85.0,76.8991,59.9999,36.4357,8.6041,-19.0203,-45.1786,-66.0792,-80.5001,-87.2185,-85.2066,-74.7938,-56.6346,-32.2223,-3.1303,26.0002,51.2729,72.1795,87.0506,93.869,92.9576,84.793,70.0,49.4975,24.4154,-3.4004,-31.5436,-56.542,-76.2847,-89.385,-94.0478,-89.0602,-73.5786,-48.541,-19.1965,12.3392,44.599,72.599,89.9804,95.1057,87.462,68.7785,40.9017,7.058,-27.596
301,2025-10-31 11:29:37,proposed,60.09,73.004,81.996,85.0,81.996,73.004,60.09,42.999,22.999,0.0,-22.999,-42.999,-60.09,-73.004,-81.996,-85.0,-81.996,-73.004,-60.09,-42.999,-22.999,-0.0,22.999,42.999,60.09,73.004,81.996,85.0,81.996,73.004,60.09,42.999,22.999,0.0,-22.999,-42.999,-60.09,-73.004,-81.996,-85.0,-81.996,-73.004,-60.09,-42.999,-22.999,-0.0,22.999,42.999,60.09,73.004
302,2025-10-31 11:30:17,executed,60.09,73.004,81.996,85.0,81.996,73.004,60.09,42.999,22.999,0.0,-22.999,-42.999,-60.09,-73.004,-81.996,-85.0,-81.996,-73.004,-60.09,-42.999,-22.999,-0.0,22.999,42.999,60.09,73.004,81.996,85.0,81.996,73.004,60.09,42.999,22.999,0.0,-22.999,-42.999,-60.09,-73.004,-81.996,-85.0,-81.996,-73.004,-60.09,-42.999,-22.999,-0.0,22.999,42.999,60.09,73.004
302,2025-10-31 11:31:19,proposed,73.5516093557007,79.5298094191336,83.4756854129524,85.3956463953538,85.3129486000787,83.2982855171765,79.549247608559,74.2086815332463,67.4691456561118,59.54516768393,50.672922904576,41.0961317160024,31.0601010143899,20.8095400030588,10.5918367346938,0.6533231901844,-8.60409901844,-17.2941,-25.474800000000002,-33.0903,-40.0,-46.0895,-51.2729,-55.4729,-58.6214,-60.6669,-61.5703,-61.3093,-59.8795,-57.3004,-53.6053,-48.8407,-43.078,-36.3941,-28.885,-20.6659,-11.866,-2.639,6.8398,16.503,26.0002,35.0614,43.5099,51.1901,57.9755,63.7562,68.4447,70.0,68.4447,63.7562
303,2025-10-31 11:31:59,executed,73.5516093557007,79.5298094191336,83.4756854129524,85.3956463953538,85.3129486000787,83.2982855171765,79.549247608559,74.2086815332463,67.4691456561118,59.54516768393,50.672922904576,41.0961317160024,31.0601010143899,20.8095400030588,10.5918367346938,0.6533231901844,-8.60409901844,-17.2941,-25.474800000000002,-33.0903,-40.0,-46.0895,-51.2729,-55.4729,-58.6214,-60.6669,-61.5703,-61.3093,-59.8795,-57.3004,-53.6053,-48.8407,-43.078,-36.3941,-28.885,-20.6659,-11.866,-2.639,6.8398,16.503,26.0002,35.0614,43.5099,51.1901,57.9755,63.7562,68.4447,70.0,68.4447,63.7562
303,2025-10-31 11:33:16,proposed,85.0,83.3005,78.8676,71.3826,61.501,49.331,35.3741,20.0455,3.7773,-12.7078,-28.4931,-43.2111,-56.1495,-67.2501,-75.7182,-81.6859,-84.5268,-84.5268,-81.6859,-75.7182,-67.2501,-56.1495,-43.2111,-28.4931,-12.7078,3.7773,20.0455,35.3741,49.331,61.501,71.3826,78.8676,83.3005,85.0,83.3005,78.8676,71.3826,61.501,49.331,35.3741,20.0455,3.7773,-12.7078,-28.4931,-43.2111,-56.1495,-67.2501,-75.7182,-81.6859,-84.5268
304,2025-10-31 11:33:56,executed,85.0,83.3005,78.8676,71.3826,61.501,49.331,35.3741,20.0455,3.7773,-12.7078,-28.4931,-43.2111,-56.1495,-67.2501,-75.7182,-81.6859,-84.5268,-84.5268,-81.6859,-75.7182,-67.2501,-56.1495,-43.2111,-28.4931,-12.7078,3.7773,20.0455,35.3741,49.331,61.501,71.3826,78.8676,83.3005,85.0,83.3005,78.8676,71.3826,61.501,49.331,35.3741,20.0455,3.7773,-12.7078,-28.4931,-43.2111,-56.1495,-67.2501,-75.7182,-81.6859,-84.5268
304,2025-10-31 11:34:47,proposed,-35.0,-16.930055,0.201732,16.037145,29.569429,40.407759,48.29528,53.033589,54.594732,53.030911,48.490747,41.164396,31.364402,19.429995,5.717145,-8.613398,-23.08051,-36.600495,-48.97716,-59.938343,-69.23851,-76.699805,-82.103406,-85.282928,-86.103406,-84.469899,-80.42306,-73.999999,-65.305104,-54.500104,-41.791845,-27.404602,-11.509999,5.056701,22.07,38.086402,52.33974,64.296001,73.563352,79.999999,83.542001,84.288001,82.5685,78.7048,72.8148,65.0564,55.6371,44.7998,32.787,-99.971167
305,2025-10-31 11:35:27,executed,-35.0,-16.930055,0.201732,16.037145,29.569429,40.407759,48.29528,53.033589,54.594732,53.030911,48.490747,41.164396,31.364402,19.429995,5.717145,-8.613398,-23.08051,-36.600495,-48.97716,-59.938343,-69.23851,-76.699805,-82.103406,-85.282928,-86.103406,-84.469899,-80.42306,-73.999999,-65.305104,-54.500104,-41.791845,-27.404602,-11.509999,5.056701,22.07,38.086402,52.33974,64.296001,73.563352,79.999999,83.542001,84.288001,82.5685,78.7048,72.8148,65.0564,55.6371,44.7998,32.787,-99.971167
305,2025-10-31 11:36:24,proposed,60.0,59.0238,56.198,51.583,45.289,37.4561,28.279,17.979,6.8819,-4.35,-15.28,-25.5029,-34.7824,-42.9669,-49.919,-55.5752,-59.829,-62.595,-63.8944,-63.7562,-62.2451,-59.4658,-55.5231,-50.5478,-44.6976,-38.1186,-30.95,-23.3537,-15.4615,-7.4208,0.5057,8.4992,16.435,24.209,31.742,38.9004,45.5786,51.6061,56.8688,61.2479,64.6368,66.9502,68.1756,68.278,67.2346,64.9999,61.6396,57.2458,51.909,45.7909
306,2025-10-31 11:37:04,executed,60.0,59.0238,56.198,51.583,45.289,37.4561,28.279,17.979,6.8819,-4.35,-15.28,-25.5029,-34.7824,-42.9669,-49.919,-55.5752,-59.829,-62.595,-63.8944,-63.7562,-62.2451,-59.4658,-55.5231,-50.5478,-44.6976,-38.1186,-30.95,-23.3537,-15.4615,-7.4208,0.5057,8.4992,16.435,24.209,31.742,38.9004,45.5786,51.6061,56.8688,61.2479,64.6368,66.9502,68.1756,68.278,67.2346,64.9999,61.6396,57.2458,51.909,45.7909
307,2025-10-31 11:40:35,executed,60.0,59.0238,56.198,51.583,45.289,37.4561,28.279,17.979,6.8819,-4.35,-15.28,-25.5029,-34.7824,-42.9669,-49.919,-55.5752,-59.829,-62.595,-63.8944,-63.7562,-62.2451,-59.4658,-55.5231,-50.5478,-44.6976,-38.1186,-30.95,-23.3537,-15.4615,-7.4208,0.5057,8.4992,16.435,24.209,31.742,38.9004,45.5786,51.6061,56.8688,61.2479,64.6368,66.9502,68.1756,68.278,67.2346,64.9999,61.6396,57.2458,51.909,45.7909
307,2025-10-31 11:41:18,proposed,0.0,34.0404041725633,60.67053073030304,74.0740920088924,71.3250481096181,45.96194070200001,7.766743905000001,-34.0404041725633,-60.67053073030304,-74.0740920088924,-71.3250481096181,-45.96194070200001,-7.766743905000001,34.0404041725633,60.67053073030304,74.0740920088924,71.3250481096181,45.96194070200001,7.766743905000001,-34.0404041725633,-60.67053073030304,-74.0740920088924,-71.3250481096181,-45.96194070200001,-7.766743905000001,34.0404041725633,60.67053073030304,74.0740920088924,71.3250481096181,45.96194070200001,7.766743905000001,-34.0404041725633,-60.67053073030304,-74.0740920088924,-71.3250481096181,-45.96194070200001,-7.766743905000001,34.0404041725633,60.67053073030304,74.0740920088924,71.3250481096181,45.96194070200001,7.766743905000001,-34.0404041725633,-60.67053073030304,-74.0740920088924,-71.3250481096181,-45.96194070200001,-7.766743905000001,34.0404041725633
308,2025-10-31 11:41:58,executed,0.0,34.0404041725633,60.67053073030304,74.0740920088924,71.3250481096181,45.96194070200001,7.766743905000001,-34.0404041725633,-60.67053073030304,-74.0740920088924,-71.3250481096181,-45.96194070200001,-7.766743905000001,34.0404041725633,60.67053073030304,74.0740920088924,71.3250481096181,45.96194070200001,7.766743905000001,-34.0404041725633,-60.67053073030304,-74.0740920088924,-71.3250481096181,-45.96194070200001,-7.766743905000001,34.0404041725633,60.67053073030304,74.0740920088924,71.3250481096181,45.96194070200001,7.766743905000001,-34.0404041725633,-60.67053073030304,-74.0740920088924,-71.3250481096181,-45.96194070200001,-7.766743905000001,34.0404041725633,60.67053073030304,74.0740920088924,71.3250481096181,45.96194070200001,7.766743905000001,-34.0404041725633,-60.67053073030304,-74.0740920088924,-71.3250481096181,-45.96194070200001,-7.766743905000001,34.0404041725633
308,2025-10-31 11:42:49,proposed,83.3949,87.0543,89.6053,90.999,91.1927,90.1691,87.848,84.3005,79.6011,73.856,67.1751,59.6958,51.5204,42.799,33.6494,24.099,14.299,4.399,-5.501,-15.201,-24.501,-33.201,-41.201,-48.401,-54.701,-60.001,-64.201,-67.201,-68.901,-69.201,-68.001,-65.201,-60.901,-55.001,-47.601,-38.801,-28.701,-17.401,-5.001,8.499,22.899,37.099,50.999,64.499,77.499,89.899,99.999,99.999,99.999,99.999
309,2025-10-31 11:43:29,executed,83.3949,87.0543,89.6053,90.999,91.1927,90.1691,87.848,84.3005,79.6011,73.856,67.1751,59.6958,51.5204,42.799,33.6494,24.099,14.299,4.399,-5.501,-15.201,-24.501,-33.201,-41.201,-48.401,-54.701,-60.001,-64.201,-67.201,-68.901,-69.201,-68.001,-65.201,-60.901,-55.001,-47.601,-38.801,-28.701,-17.401,-5.001,8.499,22.899,37.099,50.999,64.499,77.499,89.899,99.999,99.999,99.999,99.999
309,2025-10-31 11:44:32,proposed,90.0,88.3789,83.6394,76.0402,65.8893,53.5467,39.4094,23.8968,7.4208,-9.109,-25.0255,-40.0988,-53.9248,-66.1265,-76.3688,-84.3688,-89.909,-92.809,-93.009,-90.509,-85.409,-77.809,-67.809,-55.509,-41.009,-24.409,-5.909,14.491,35.891,57.091,77.091,95.091,110.091,121.091,127.091,128.091,124.091,115.091,101.091,82.091,58.091,29.091,-5.091,-44.091,-88.091,-137.091,-191.091,-250.091,-314.091,-383.091
310,2025-10-31 11:45:12,executed,90.0,88.3789,83.6394,76.0402,65.8893,53.5467,39.4094,23.8968,7.4208,-9.109,-25.0255,-40.0988,-53.9248,-66.1265,-76.3688,-84.3688,-89.909,-92.809,-93.009,-90.509,-85.409,-77.809,-67.809,-55.509,-41.009,-24.409,-5.909,14.491,35.891,57.091,77.091,95.091,110.091,121.091,127.091,128.091,124.091,115.091,101.091,82.091,58.091,29.091,-5.091,-44.091,-88.091,-137.091,-191.091,-250.091,-314.091,-383.091
310,2025-10-31 11:46:26,proposed,0.0,22.8465,44.099,62.8851,77.6749,87.6775,92.4837,92.0166,86.407,76.0845,61.7918,44.399,24.8465,4.099,-17.0306,-37.013,-54.6588,-69.4658,-80.4859,-87.55,-90.0,-87.55,-80.4859,-69.4658,-54.6588,-37.013,-17.0306,4.099,24.8465,44.399,61.7918,76.0845,86.407,92.0166,92.4837,87.6775,77.6749,62.8851,44.099,22.8465,0.0,-22.8465,-44.099,-62.8851,-77.6749,-87.6775,-92.4837,-92.0166,-86.407,-76.0845
311,2025-10-31 11:47:06,executed,0.0,22.8465,44.099,62.8851,77.6749,87.6775,92.4837,92.0166,86.407,76.0845,61.7918,44.399,24.8465,4.099,-17.0306,-37.013,-54.6588,-69.4658,-80.4859,-87.55,-90.0,-87.55,-80.4859,-69.4658,-54.6588,-37.013,-17.0306,4.099,24.8465,44.399,61.7918,76.0845,86.407,92.0166,92.4837,87.6775,77.6749,62.8851,44.099,22.8465,0.0,-22.8465,-44.099,-62.8851,-77.6749,-87.6775,-92.4837,-92.0166,-86.407,-76.0845
311,2025-10-31 11:48:20,proposed,0.0,16.3813,30.5694,42.1386,51.0567,57.375,61.1613,62.5002,61.4883,58.2323,52.8402,45.424,36.1858,25.375,13.2974,70.3684,66.8641,59.9702,50.3474,38.204,24.0864,8.6041,-7.4208,-23.4735,-38.204,-50.3474,-59.9702,-66.8641,-70.3684,-69.9999,-66.8641,-59.9702,-50.3474,-38.204,-24.0864,-13.2974,-1.985,9.424,20.6659,31.239,40.9999,49.8507,57.689,64.4479,69.9999,74.2953,77.2953,78.9004,79.0506,77.8099
312,2025-10-31 11:49:00,executed,0.0,16.3813,30.5694,42.1386,51.0567,57.375,61.1613,62.5002,61.4883,58.2323,52.8402,45.424,36.1858,25.375,13.2974,70.3684,66.8641,59.9702,50.3474,38.204,24.0864,8.6041,-7.4208,-23.4735,-38.204,-50.3474,-59.9702,-66.8641,-70.3684,-69.9999,-66.8641,-59.9702,-50.3474,-38.204,-24.0864,-13.2974,-1.985,9.424,20.6659,31.239,40.9999,49.8507,57.689,64.4479,69.9999,74.2953,77.2953,78.9004,79.0506,77.8099
312,2025-10-31 11:49:56,proposed,56.5685424949238,70.2974240700078,80.6094073313904,85.495,86.68,84.3548347092925,78.7843235777648,70.2974240700078,59.26154249492381,46.0963073313904,31.22914249492381,15.099207331390401,-1.6854240700078003,-18.7738347092925,-35.7001424949238,-51.9080073313904,-66.8647235777648,-79.9982073313904,-90.7966347092925,-98.7909424949238,-103.6063073313904,-105.0,-102.812235777648,-97.0906240700078,-87.9943347092925,-75.7973424949238,-60.8173073313904,-43.4939235777648,-24.2829073313904,-3.6670000000000007,17.0601424949238,37.0372235777648,55.4549073313904,71.5980347092925,84.7937424949238,94.5323073313904,100.4187235777648,102.1643347092925,99.6001424949238,92.7442240700078,81.7974347092925,67.0466073313904,48.89144249492381,27.747507331390402,4.037142494923801,-21.4321347092925,-47.1611073313904,-71.9567235777648,-94.5323073313904,-113.6063073313904
313,2025-10-31 11:50:36,executed,56.5685424949238,70.2974240700078,80.6094073313904,85.495,86.68,84.3548347092925,78.7843235777648,70.2974240700078,59.26154249492381,46.0963073313904,31.22914249492381,15.099207331390401,-1.6854240700078003,-18.7738347092925,-35.7001424949238,-51.9080073313904,-66.8647235777648,-79.9982073313904,-90.7966347092925,-98.7909424949238,-103.6063073313904,-105.0,-102.812235777648,-97.0906240700078,-87.9943347092925,-75.7973424949238,-60.8173073313904,-43.4939235777648,-24.2829073313904,-3.6670000000000007,17.0601424949238,37.0372235777648,55.4549073313904,71.5980347092925,84.7937424949238,94.5323073313904,100.4187235777648,102.1643347092925,99.6001424949238,92.7442240700078,81.7974347092925,67.0466073313904,48.89144249492381,27.747507331390402,4.037142494923801,-21.4321347092925,-47.1611073313904,-71.9567235777648,-94.5323073313904,-113.6063073313904
313,2025-10-31 11:51:21,proposed,36.294101,22.308252,9.475471,-4.300582,-15.309088,-25.405763,-40.108252,-53.791557,-63.784407,-68.995924,-69.999999,-65.378892,-54.275095,-41.835084,-27.498863,-12.164848,0.432832,11.669862,27.986877,44.020556,59.761005,69.317519,67.973977,56.126488,43.208151,10.669862,11.291771,9.600985,0.798939,-19.418705,-12.709971,-13.719602,-13.608677,-8.397637,0.175677,8.281898,13.149226,14.444738,13.340919,11.267683,8.129302,1.194602,-6.880468,-11.190629,-12.970221,-12.404289,-7.378907,0.584166,7.255955,9.843398
314,2025-10-31 11:52:01,executed,36.294101,22.308252,9.475471,-4.300582,-15.309088,-25.405763,-40.108252,-53.791557,-63.784407,-68.995924,-69.999999,-65.378892,-54.275095,-41.835084,-27.498863,-12.164848,0.432832,11.669862,27.986877,44.020556,59.761005,69.317519,67.973977,56.126488,43.208151,10.669862,11.291771,9.600985,0.798939,-19.418705,-12.709971,-13.719602,-13.608677,-8.397637,0.175677,8.281898,13.149226,14.444738,13.340919,11.267683,8.129302,1.194602,-6.880468,-11.190629,-12.970221,-12.404289,-7.378907,0.584166,7.255955,9.843398
314,2025-10-31 11:52:53,proposed,90.0,80.768,62.4837,36.7039,5.099,-27.1701,-58.125,-84.1523,-90.0,-73.856,-37.4561,16.2701,65.0564,90.0,85.498,57.349,10.0985,-42.7709,-83.8967,-90.0,-60.09,-7.0866,40.09,76.5029,83.8967,76.5029,40.09,-7.0866,-60.09,-90.0,-83.8967,-40.09,7.0866,60.09,90.0,83.8967,40.09,-7.0866,-60.09,-90.0,-83.8967,-40.09,7.0866,60.09,90.0,83.8967,40.09,-7.0866,-60.09,-90.0
315,2025-10-31 11:53:33,executed,90.0,80.768,62.4837,36.7039,5.099,-27.1701,-58.125,-84.1523,-90.0,-73.856,-37.4561,16.2701,65.0564,90.0,85.498,57.349,10.0985,-42.7709,-83.8967,-90.0,-60.09,-7.0866,40.09,76.5029,83.8967,76.5029,40.09,-7.0866,-60.09,-90.0,-83.8967,-40.09,7.0866,60.09,90.0,83.8967,40.09,-7.0866,-60.09,-90.0,-83.8967,-40.09,7.0866,60.09,90.0,83.8967,40.09,-7.0866,-60.09,-90.0
315,2025-10-31 11:54:32,proposed,35.3553,40.5457,44.9176,48.3116,50.0,49.5902,47.969,45.1786,41.3283,36.5769,31.0709,24.9383,18.3764,11.51,4.4357,-2.7102,-9.9999,-17.2941,-24.3513,-31.0709,-37.3027,-42.9669,-47.969,-50.0,-49.5902,-47.969,-45.1786,-41.3283,-36.5769,-31.0709,-24.9383,-18.3764,-11.51,-4.4357,2.7102,9.9999,17.2941,24.3513,31.0709,37.3027,42.9669,47.969,50.0,49.5902,47.969,45.1786,41.3283,36.5769,31.0709,24.9383
316,2025-10-31 11:55:12,executed,35.3553,40.5457,44.9176,48.3116,50.0,49.5902,47.969,45.1786,41.3283,36.5769,31.0709,24.9383,18.3764,11.51,4.4357,-2.7102,-9.9999,-17.2941,-24.3513,-31.0709,-37.3027,-42.9669,-47.969,-50.0,-49.5902,-47.969,-45.1786,-41.3283,-36.5769,-31.0709,-24.9383,-18.3764,-11.51,-4.4357,2.7102,9.9999,17.2941,24.3513,31.0709,37.3027,42.9669,47.969,50.0,49.5902,47.969,45.1786,41.3283,36.5769,31.0709,24.9383
316,2025-10-31 11:56:15,proposed,95.0,93.189007,87.653006,78.600832,66.308017,51.190103,33.772036,14.71795,-5.09901,-25.02547,-43.20404,-58.90103,-71.55901,-80.79901,-86.54204,-88.50601,-86.54204,-80.79901,-71.55901,-58.90103,-43.20404,-25.02547,-5.09901,14.71795,33.772036,51.190103,66.308017,78.600832,87.653006,93.189007,95.0,93.189007,87.653006,78.600832,66.308017,51.190103,33.772036,14.71795,-5.09901,-25.02547,-43.20404,-58.90103,-71.55901,-80.79901,-86.54204,-88.50601,-86.54204,-80.79901,-71.55901,-58.90103
317,2025-10-31 11:56:55,executed,95.0,93.189007,87.653006,78.600832,66.308017,51.190103,33.772036,14.71795,-5.09901,-25.02547,-43.20404,-58.90103,-71.55901,-80.79901,-86.54204,-88.50601,-86.54204,-80.79901,-71.55901,-58.90103,-43.20404,-25.02547,-5.09901,14.71795,33.772036,51.190103,66.308017,78.600832,87.653006,93.189007,95.0,93.189007,87.653006,78.600832,66.308017,51.190103,33.772036,14.71795,-5.09901,-25.02547,-43.20404,-58.90103,-71.55901,-80.79901,-86.54204,-88.50601,-86.54204,-80.79901,-71.55901,-58.90103
317,2025-10-31 11:57:41,proposed,65.0,67.2889241697203,64.9142851965561,59.1309852233918,50.1415785002275,38.3581561770632,24.0990785002275,7.7788461770632,-9.1309852233918,-26.0415785002275,-41.3581561770632,-54.5415785002275,-65.0,-72.2889241697203,-75.9142851965561,-75.1309852233918,-70.1415785002275,-61.3581561770632,-49.0990785002275,-33.8805538229368,-16.2211538229368,3.7788461770632,23.0415785002275,40.0,54.5415785002275,65.0,70.2211538229368,70.9142851965561,66.8805538229368,58.1415785002275,45.0,28.3581561770632,9.1309852233918,-10.1415785002275,-28.3581561770632,-44.5415785002275,-57.2211538229368,-65.9142851965561,-70.0,-69.2211538229368,-64.0415785002275,-54.0,-39.1309852233918,-20.1415785002275,1.3581561770632,23.0415785002275,43.0,60.2211538229368,72.9142851965561,79.0
318,2025-10-31 11:58:21,executed,65.0,67.2889241697203,64.9142851965561,59.1309852233918,50.1415785002275,38.3581561770632,24.0990785002275,7.7788461770632,-9.1309852233918,-26.0415785002275,-41.3581561770632,-54.5415785002275,-65.0,-72.2889241697203,-75.9142851965561,-75.1309852233918,-70.1415785002275,-61.3581561770632,-49.0990785002275,-33.8805538229368,-16.2211538229368,3.7788461770632,23.0415785002275,40.0,54.5415785002275,65.0,70.2211538229368,70.9142851965561,66.8805538229368,58.1415785002275,45.0,28.3581561770632,9.1309852233918,-10.1415785002275,-28.3581561770632,-44.5415785002275,-57.2211538229368,-65.9142851965561,-70.0,-69.2211538229368,-64.0415785002275,-54.0,-39.1309852233918,-20.1415785002275,1.3581561770632,23.0415785002275,43.0,60.2211538229368,72.9142851965561,79.0
318,2025-10-31 11:59:21,proposed,0.0,8.7709,17.2341,25.0898,32.066,37.9859,42.668,45.7998,47.1198,46.7098,44.5098,40.4998,34.6998,27.2998,18.3998,8.2998,-2.9998,-14.7998,-26.8998,-39.0998,-50.2998,-60.5998,-70.0998,-78.4998,-85.6998,-91.4998,-96.0998,-98.9998,-100.3998,-100.2998,-97.4998,-94.2998,-89.4998,-83.0998,-75.7998,-66.9998,-56.7998,-45.3998,-32.9998,-19.3998,-4.8998,10.3998,26.0998,41.6998,56.7998,70.5998,82.8998,92.9998,99.7998,103.2998
319,2025-10-31 12:00:01,executed,0.0,8.7709,17.2341,25.0898,32.066,37.9859,42.668,45.7998,47.1198,46.7098,44.5098,40.4998,34.6998,27.2998,18.3998,8.2998,-2.9998,-14.7998,-26.8998,-39.0998,-50.2998,-60.5998,-70.0998,-78.4998,-85.6998,-91.4998,-96.0998,-98.9998,-100.3998,-100.2998,-97.4998,-94.2998,-89.4998,-83.0998,-75.7998,-66.9998,-56.7998,-45.3998,-32.9998,-19.3998,-4.8998,10.3998,26.0998,41.6998,56.7998,70.5998,82.8998,92.9998,99.7998,103.2998
319,2025-10-31 12:00:54,proposed,100.0,98.7688,95.1057,89.1007,80.9017,70.7107,58.7785,45.399,30.8995,15.5615,-0.0,-15.5615,-30.8995,-45.399,-58.7785,-70.7107,-80.9017,-89.1007,-95.1057,-98.7688,-100.0,-98.7688,-95.1057,-89.1007,-80.9017,-70.7107,-58.7785,-45.399,-30.8995,-15.5615,-0.0,15.5615,30.8995,45.399,58.7785,70.7107,80.9017,89.1007,95.1057,98.7688,100.0,98.7688,95.1057,89.1007,80.9017,70.7107,58.7785,45.399,30.8995,15.5615
320,2025-10-31 12:01:34,executed,100.0,98.7688,95.1057,89.1007,80.9017,70.7107,58.7785,45.399,30.8995,15.5615,-0.0,-15.5615,-30.8995,-45.399,-58.7785,-70.7107,-80.9017,-89.1007,-95.1057,-98.7688,-100.0,-98.7688,-95.1057,-89.1007,-80.9017,-70.7107,-58.7785,-45.399,-30.8995,-15.5615,-0.0,15.5615,30.8995,45.399,58.7785,70.7107,80.9017,89.1007,95.1057,98.7688,100.0,98.7688,95.1057,89.1007,80.9017,70.7107,58.7785,45.399,30.8995,15.5615
320,2025-10-31 12:02:16,proposed,0.0,26.2652,49.9999,69.9999,85.0,85.0,69.9999,49.9999,26.2652,0.0,-26.2652,-49.9999,-69.9999,-85.0,-85.0,-69.9999,-49.9999,-26.2652,0.0,26.2652,49.9999,69.9999,85.0,85.0,69.9999,49.9999,26.2652,0.0,-26.2652,-49.9999,-69.9999,-85.0,-85.0,-69.9999,-49.9999,-26.2652,0.0,26.2652,49.9999,69.9999,85.0,85.0,69.9999,49.9999,26.2652,0.0,-26.2652,-49.9999,-69.9999,-85.0
321,2025-10-31 12:02:56,executed,0.0,26.2652,49.9999,69.9999,85.0,85.0,69.9999,49.9999,26.2652,0.0,-26.2652,-49.9999,-69.9999,-85.0,-85.0,-69.9999,-49.9999,-26.2652,0.0,26.2652,49.9999,69.9999,85.0,85.0,69.9999,49.9999,26.2652,0.0,-26.2652,-49.9999,-69.9999,-85.0,-85.0,-69.9999,-49.9999,-26.2652,0.0,26.2652,49.9999,69.9999,85.0,85.0,69.9999,49.9999,26.2652,0.0,-26.2652,-49.9999,-69.9999,-85.0
321,2025-10-31 12:03:45,proposed,80.0,79.9347,79.7389,79.414,78.9609,78.3799,77.6719,76.8373,75.8767,74.7909,73.5809,72.2477,70.7923,69.2158,67.5195,65.7047,63.7724,61.7249,59.5638,57.2909,54.9079,52.4168,49.8196,47.1183,44.315,41.4119,38.4113,35.3156,32.1274,28.8494,25.4845,22.0354,18.5049,14.8959,11.3114,7.6545,3.9284,0.1362,-3.7259,-7.6545,-11.3114,-14.8959,-18.5049,-22.0354,-25.4845,-28.8494,-32.1274,-35.3156,-38.4113,-41.4119
322,2025-10-31 12:04:25,executed,80.0,79.9347,79.7389,79.414,78.9609,78.3799,77.6719,76.8373,75.8767,74.7909,73.5809,72.2477,70.7923,69.2158,67.5195,65.7047,63.7724,61.7249,59.5638,57.2909,54.9079,52.4168,49.8196,47.1183,44.315,41.4119,38.4113,35.3156,32.1274,28.8494,25.4845,22.0354,18.5049,14.8959,11.3114,7.6545,3.9284,0.1362,-3.7259,-7.6545,-11.3114,-14.8959,-18.5049,-22.0354,-25.4845,-28.8494,-32.1274,-35.3156,-38.4113,-41.4119
322,2025-10-31 12:05:31,proposed,40.75114704,68.75114704,88.75114704,88.75114704,88.75114704,88.75114704,88.75114704,88.75114704,88.75114704,88.75114704,88.75114704,88.75114704,88.75114704,88.75114704,88.75114704,88.75114704,88.75114704,88.75114704,88.75114704,88.75114704,88.75114704,88.75114704,88.75114704,88.75114704,88.75114704,88.75114704,88.75114704,88.75114704,88.75114704,88.75114704,88.75114704,88.75114704,88.75114704,88.75114704,88.75114704,88.75114704,88.75114704,88.75114704,88.75114704,88.75114704,88.75114704,88.75114704,88.75114704,88.75114704,88.75114704,88.75114704,88.75114704,88.75114704,88.75114704,88.75114704
323,2025-10-31 12:06:11,executed,40.75114704,68.75114704,88.75114704,88.75114704,88.75114704,88.75114704,88.75114704,88.75114704,88.75114704,88.75114704,88.75114704,88.75114704,88.75114704,88.75114704,88.75114704,88.75114704,88.75114704,88.75114704,88.75114704,88.75114704,88.75114704,88.75114704,88.75114704,88.75114704,88.75114704,88.75114704,88.75114704,88.75114704,88.75114704,88.75114704,88.75114704,88.75114704,88.75114704,88.75114704,88.75114704,88.75114704,88.75114704,88.75114704,88.75114704,88.75114704,88.75114704,88.75114704,88.75114704,88.75114704,88.75114704,88.75114704,88.75114704,88.75114704,88.75114704,88.75114704
323,2025-10-31 12:07:29,proposed,76.920953,70.36625,59.3136,42.9224,21.7584,-4.9575,-26.9744,-47.9224,-65.3136,-76.9744,-75.0424,-69.3136,-59.3136,-42.9224,-21.7584,4.9575,26.9744,47.9224,65.3136,76.9744,75.0424,69.3136,59.3136,42.9224,21.7584,-4.9575,-26.9744,-47.9224,-65.3136,-76.9744,-75.0424,-69.3136,-59.3136,-42.9224,-21.7584,4.9575,26.9744,47.9224,65.3136,76.9744,75.0424,69.3136,59.3136,42.9224,21.7584,-4.9575,-26.9744,-47.9224,-65.3136,-76.9744
324,2025-10-31 12:08:09,executed,76.920953,70.36625,59.3136,42.9224,21.7584,-4.9575,-26.9744,-47.9224,-65.3136,-76.9744,-75.0424,-69.3136,-59.3136,-42.9224,-21.7584,4.9575,26.9744,47.9224,65.3136,76.9744,75.0424,69.3136,59.3136,42.9224,21.7584,-4.9575,-26.9744,-47.9224,-65.3136,-76.9744,-75.0424,-69.3136,-59.3136,-42.9224,-21.7584,4.9575,26.9744,47.9224,65.3136,76.9744,75.0424,69.3136,59.3136,42.9224,21.7584,-4.9575,-26.9744,-47.9224,-65.3136,-76.9744
324,2025-10-31 12:08:58,proposed,6.309000188610368,11.59793144890695,13.91029255655787,21.03362141519782,28.53073998967981,33.34440078235889,39.52650893043236,39.63870845371583,30.15858604314227,24.36423985010629,21.13745229237936,26.68069502909419,26.70244766946654,25.64233760438183,15.00696950435133,10.98506161491745,1.488053155705359,-1.942767069792019,-10.42841656860368,-13.06526135639686,-17.69741366110298,-20.69741366110298,-20.69741366110298,-20.69741366110298,-20.69741366110298,-20.69741366110298,-20.69741366110298,-20.69741366110298,-20.69741366110298,-20.69741366110298,-20.69741366110298,-20.69741366110298,-20.69741366110298,-20.69741366110298,-20.69741366110298,-20.69741366110298,-20.69741366110298,-20.69741366110298,-20.69741366110298,-20.69741366110298,-20.69741366110298,-20.69741366110298,-20.69741366110298,-20.69741366110298,-20.69741366110298,-20.69741366110298,-20.69741366110298,-20.69741366110298,-20.69741366110298,-20.69741366110298
325,2025-10-31 12:09:38,executed,6.309000188610368,11.59793144890695,13.91029255655787,21.03362141519782,28.53073998967981,33.34440078235889,39.52650893043236,39.63870845371583,30.15858604314227,24.36423985010629,21.13745229237936,26.68069502909419,26.70244766946654,25.64233760438183,15.00696950435133,10.98506161491745,1.488053155705359,-1.942767069792019,-10.42841656860368,-13.06526135639686,-17.69741366110298,-20.69741366110298,-20.69741366110298,-20.69741366110298,-20.69741366110298,-20.69741366110298,-20.69741366110298,-20.69741366110298,-20.69741366110298,-20.69741366110298,-20.69741366110298,-20.69741366110298,-20.69741366110298,-20.69741366110298,-20.69741366110298,-20.69741366110298,-20.69741366110298,-20.69741366110298,-20.69741366110298,-20.69741366110298,-20.69741366110298,-20.69741366110298,-20.69741366110298,-20.69741366110298,-20.69741366110298,-20.69741366110298,-20.69741366110298,-20.69741366110298,-20.69741366110298,-20.69741366110298
325,2025-10-31 12:10:21,proposed,0.0,8.760166668266494,17.38029519398863,25.78918237077673,33.87679093370606,41.55403061980838,48.73238692605837,55.32505500854449,61.24696013695287,66.4140087799516,70.74418659102405,74.1594957262447,76.5857500585097,77.9538183660155,78.2001553556515,77.2657077884784,75.1009890656094,71.6706979603099,66.9575994200635,60.96086705607356,53.70002019089069,45.21683492868205,35.57059080645607,24.84090289053535,13.11656828941026,0.0,-13.11656828941026,-24.84090289053535,-35.57059080645607,-45.21683492868205,-53.70002019089069,-60.96086705607356,-66.9575994200635,-71.6706979603099,-75.1009890656094,-77.2657077884784,-78.2001553556515,-77.9538183660155,-76.5857500585097,-74.1594957262447,-70.74418659102405,-66.4140087799516,-61.24696013695287,-55.32505500854449,-48.73238692605837,-41.55403061980838,-33.87679093370606,-25.78918237077673,-17.38029519398863,-8.760166668266494
326,2025-10-31 12:11:01,executed,0.0,8.760166668266494,17.38029519398863,25.78918237077673,33.87679093370606,41.55403061980838,48.73238692605837,55.32505500854449,61.24696013695287,66.4140087799516,70.74418659102405,74.1594957262447,76.5857500585097,77.9538183660155,78.2001553556515,77.2657077884784,75.1009890656094,71.6706979603099,66.9575994200635,60.96086705607356,53.70002019089069,45.21683492868205,35.57059080645607,24.84090289053535,13.11656828941026,0.0,-13.11656828941026,-24.84090289053535,-35.57059080645607,-45.21683492868205,-53.70002019089069,-60.96086705607356,-66.9575994200635,-71.6706979603099,-75.1009890656094,-77.2657077884784,-78.2001553556515,-77.9538183660155,-76.5857500585097,-74.1594957262447,-70.74418659102405,-66.4140087799516,-61.24696013695287,-55.32505500854449,-48.73238692605837,-41.55403061980838,-33.87679093370606,-25.78918237077673,-17.38029519398863,-8.760166668266494
326,2025-10-31 12:11:44,proposed,5.0,18.39735165158661,31.25807954955745,43.34440059374092,54.58045136881268,64.8876800045464,74.1956557879685,82.4439008852336,89.5824559868351,95.5694200424594,100.3752538179268,103.9723046200238,106.3458937064278,107.4858937064278,107.3952538179268,106.0852538179268,103.5852538179268,99.9252538179268,95.1452538179268,89.2852538179268,82.3952538179268,74.5252538179268,65.7352538179268,56.0852538179268,45.6252538179268,34.4152538179268,22.5152538179268,10.0052538179268,-2.934746182073202,-16.2747461820732,-29.874746182073203,-43.6047461820732,-57.334746182073204,-70.9347461820732,-84.2047461820732,-97.0147461820732,-109.2047461820732,-120.6947461820732,-131.4147461820732,-141.2947461820732,-150.2647461820732,-158.2547461820732,-165.1947461820732,-171.0147461820732,-175.6447461820732,-178.9947461820732,-181.0047461820732,-181.6247461820732,-180.8147461820732,-178.5447461820732
327,2025-10-31 12:12:24,executed,5.0,18.39735165158661,31.25807954955745,43.34440059374092,54.58045136881268,64.8876800045464,74.1956557879685,82.4439008852336,89.5824559868351,95.5694200424594,100.3752538179268,103.9723046200238,106.3458937064278,107.4858937064278,107.3952538179268,106.0852538179268,103.5852538179268,99.9252538179268,95.1452538179268,89.2852538179268,82.3952538179268,74.5252538179268,65.7352538179268,56.0852538179268,45.6252538179268,34.4152538179268,22.5152538179268,10.0052538179268,-2.934746182073202,-16.2747461820732,-29.874746182073203,-43.6047461820732,-57.334746182073204,-70.9347461820732,-84.2047461820732,-97.0147461820732,-109.2047461820732,-120.6947461820732,-131.4147461820732,-141.2947461820732,-150.2647461820732,-158.2547461820732,-165.1947461820732,-171.0147461820732,-175.6447461820732,-178.9947461820732,-181.0047461820732,-181.6247461820732,-180.8147461820732,-178.5447461820732
327,2025-10-31 12:13:21,proposed,0.0,13.0902,25.8819,37.4367,47.4367,55.6371,61.8016,65.7369,67.3099,66.4467,63.1375,57.4367,49.4756,39.4756,27.7016,14.4902,0.0,-14.4902,-27.7016,-39.4756,-49.4756,-57.4367,-63.1375,-66.4467,-67.3099,-65.7369,-61.8016,-55.6371,-47.4367,-37.4367,-25.8819,-13.0902,-0.0,13.0902,25.8819,37.4367,47.4367,55.6371,61.8016,65.7369,67.3099,66.4467,63.1375,57.4367,49.4756,39.4756,27.7016,14.4902,0.0,-14.4902
328,2025-10-31 12:14:01,executed,0.0,13.0902,25.8819,37.4367,47.4367,55.6371,61.8016,65.7369,67.3099,66.4467,63.1375,57.4367,49.4756,39.4756,27.7016,14.4902,0.0,-14.4902,-27.7016,-39.4756,-49.4756,-57.4367,-63.1375,-66.4467,-67.3099,-65.7369,-61.8016,-55.6371,-47.4367,-37.4367,-25.8819,-13.0902,-0.0,13.0902,25.8819,37.4367,47.4367,55.6371,61.8016,65.7369,67.3099,66.4467,63.1375,57.4367,49.4756,39.4756,27.7016,14.4902,0.0,-14.4902
328,2025-10-31 12:14:46,proposed,19.784,25.0443,29.8055,33.9926,37.5583,40.4578,42.6599,44.1481,44.9113,44.9499,44.2599,42.8587,40.778,38.0426,34.6893,30.7562,26.2831,21.3109,15.882,10.0499,3.868,-2.6074,-9.3093,-16.1426,-23.0026,-29.782,-36.3693,-42.6599,-48.5578,-53.9583,-58.7699,-62.9026,-66.2783,-68.8299,-70.4933,-71.218,-70.9662,-69.7043,-67.4199,-64.1013,-59.7574,-54.4087,-48.0855,-40.8299,-32.6843,-23.7043,-13.9574,-3.5113,7.4043,18.6643
329,2025-10-31 12:15:26,executed,19.784,25.0443,29.8055,33.9926,37.5583,40.4578,42.6599,44.1481,44.9113,44.9499,44.2599,42.8587,40.778,38.0426,34.6893,30.7562,26.2831,21.3109,15.882,10.0499,3.868,-2.6074,-9.3093,-16.1426,-23.0026,-29.782,-36.3693,-42.6599,-48.5578,-53.9583,-58.7699,-62.9026,-66.2783,-68.8299,-70.4933,-71.218,-70.9662,-69.7043,-67.4199,-64.1013,-59.7574,-54.4087,-48.0855,-40.8299,-32.6843,-23.7043,-13.9574,-3.5113,7.4043,18.6643
329,2025-10-31 12:16:10,proposed,63.63961030678928,70.29740209673233,75.89500000000001,80.48590000000002,84.08000000000001,86.7456,88.5061,89.385,89.385,88.5061,86.7456,84.08000000000001,80.48590000000002,75.89500000000001,70.29740209673233,63.63961030678928,56.0502,47.6595,38.6041,29.0002,19.0203,8.7499,-1.6854,-12.3392,-22.965,-33.0903,-42.502,-50.994,-58.4232,-64.6368,-69.5447,-73.0901,-76.2847,-78.9771,-81.0906,-82.5685,-83.351,-83.351,-82.5685,-81.0906,-78.9771,-76.2847,-73.0901,-69.5447,-64.6368,-58.4232,-50.994,-42.502,-33.0903,-22.965
330,2025-10-31 12:16:50,executed,63.63961030678928,70.29740209673233,75.89500000000001,80.48590000000002,84.08000000000001,86.7456,88.5061,89.385,89.385,88.5061,86.7456,84.08000000000001,80.48590000000002,75.89500000000001,70.29740209673233,63.63961030678928,56.0502,47.6595,38.6041,29.0002,19.0203,8.7499,-1.6854,-12.3392,-22.965,-33.0903,-42.502,-50.994,-58.4232,-64.6368,-69.5447,-73.0901,-76.2847,-78.9771,-81.0906,-82.5685,-83.351,-83.351,-82.5685,-81.0906,-78.9771,-76.2847,-73.0901,-69.5447,-64.6368,-58.4232,-50.994,-42.502,-33.0903,-22.965
330,2025-10-31 12:17:35,proposed,112.0195503463994,107.2185199679805,92.7483868661607,70.1802909409028,41.67069123005881,11.23307736468752,-20.00938562145325,-48.16348873752175,-71.2980757303036,-86.8124237721868,-91.0361280685959,-86.8124237721868,-71.2980757303036,-48.16348873752175,-20.00938562145325,11.23307736468752,41.67069123005881,70.1802909409028,92.7483868661607,107.2185199679805,112.0195503463994,107.2185199679805,92.7483868661607,70.1802909409028,41.67069123005881,11.23307736468752,-20.00938562145325,-48.16348873752175,-71.2980757303036,-86.8124237721868,-91.0361280685959,-86.8124237721868,-71.2980757303036,-48.16348873752175,-20.00938562145325,11.23307736468752,41.67069123005881,70.1802909409028,92.7483868661607,107.2185199679805,112.0195503463994,107.2185199679805,92.7483868661607,70.1802909409028,41.67069123005881,11.23307736468752,-20.00938562145325,-48.16348873752175,-71.2980757303036,-86.8124237721868
331,2025-10-31 12:18:15,executed,112.0195503463994,107.2185199679805,92.7483868661607,70.1802909409028,41.67069123005881,11.23307736468752,-20.00938562145325,-48.16348873752175,-71.2980757303036,-86.8124237721868,-91.0361280685959,-86.8124237721868,-71.2980757303036,-48.16348873752175,-20.00938562145325,11.23307736468752,41.67069123005881,70.1802909409028,92.7483868661607,107.2185199679805,112.0195503463994,107.2185199679805,92.7483868661607,70.1802909409028,41.67069123005881,11.23307736468752,-20.00938562145325,-48.16348873752175,-71.2980757303036,-86.8124237721868,-91.0361280685959,-86.8124237721868,-71.2980757303036,-48.16348873752175,-20.00938562145325,11.23307736468752,41.67069123005881,70.1802909409028,92.7483868661607,107.2185199679805,112.0195503463994,107.2185199679805,92.7483868661607,70.1802909409028,41.67069123005881,11.23307736468752,-20.00938562145325,-48.16348873752175,-71.2980757303036,-86.8124237721868
331,2025-10-31 12:19:08,proposed,-0.0001,15.6541,29.8519,41.7656,51.5794,59.4891,65.6946,70.4002,73.8052,76.1086,77.5094,78.1068,78.0002,77.2889,75.9722,74.0494,71.5997,68.6999,65.4249,61.8465,58.0345,54.0544,49.9702,45.8427,41.7299,37.6873,33.772,30.0385,26.5368,23.315,20.4109,17.8598,15.6946,13.9458,12.6409,11.8052,11.4609,11.6289,12.3289,13.5794,15.3979,17.7997,20.7956,24.3965,28.6099,33.442,38.8979,44.979,51.6868,58.9999
332,2025-10-31 12:19:48,executed,-0.0001,15.6541,29.8519,41.7656,51.5794,59.4891,65.6946,70.4002,73.8052,76.1086,77.5094,78.1068,78.0002,77.2889,75.9722,74.0494,71.5997,68.6999,65.4249,61.8465,58.0345,54.0544,49.9702,45.8427,41.7299,37.6873,33.772,30.0385,26.5368,23.315,20.4109,17.8598,15.6946,13.9458,12.6409,11.8052,11.4609,11.6289,12.3289,13.5794,15.3979,17.7997,20.7956,24.3965,28.6099,33.442,38.8979,44.979,51.6868,58.9999
332,2025-10-31 12:20:23,proposed,75.0,74.3850692731804,72.52839845347206,69.50850819198637,65.3985010631613,60.30153835694209,54.33153835694209,47.6195010631613,40.29850819198637,32.50839845347206,24.3850692731804,16.0495010631613,7.64950819198637,-0.6283984534720602,-8.7985010631613,-16.78853835694209,-24.51850819198637,-31.91839845347206,-38.9085010631613,-45.41853835694209,-51.37850819198637,-56.72839845347206,-61.4085010631613,-65.3685383569421,-68.56850819198637,-70.97839845347205,-72.5785010631613,-73.35853835694209,-73.31850819198637,-72.46839845347206,-70.8285010631613,-68.4185383569421,-65.26850819198637,-61.41839845347206,-56.9085010631613,-51.78853835694209,-46.10850819198637,-39.92839845347206,-33.3085010631613,-26.30853835694209,-18.99850819198637,-11.44839845347206,-3.7385010631613,4.01146164305791,11.66149180801363,19.10146164305791,26.21149180801363,32.90146164305791,39.06149180801363,44.60146164305791
333,2025-10-31 12:21:03,executed,75.0,74.3850692731804,72.52839845347206,69.50850819198637,65.3985010631613,60.30153835694209,54.33153835694209,47.6195010631613,40.29850819198637,32.50839845347206,24.3850692731804,16.0495010631613,7.64950819198637,-0.6283984534720602,-8.7985010631613,-16.78853835694209,-24.51850819198637,-31.91839845347206,-38.9085010631613,-45.41853835694209,-51.37850819198637,-56.72839845347206,-61.4085010631613,-65.3685383569421,-68.56850819198637,-70.97839845347205,-72.5785010631613,-73.35853835694209,-73.31850819198637,-72.46839845347206,-70.8285010631613,-68.4185383569421,-65.26850819198637,-61.41839845347206,-56.9085010631613,-51.78853835694209,-46.10850819198637,-39.92839845347206,-33.3085010631613,-26.30853835694209,-18.99850819198637,-11.44839845347206,-3.7385010631613,4.01146164305791,11.66149180801363,19.10146164305791,26.21149180801363,32.90146164305791,39.06149180801363,44.60146164305791
333,2025-10-31 12:21:48,proposed,80.0,79.3639,77.4106,74.2238,69.8631,64.4137,57.9657,50.6095,42.4548,33.6009,24.1834,14.3196,4.1378,-6.1929,-16.4795,-26.5768,-36.3422,-45.6444,-54.366,-62.3958,-69.6385,-76.0065,-80.0,-76.0065,-69.6385,-62.3958,-54.366,-45.6444,-36.3422,-26.5768,-16.4795,-6.1929,4.1378,14.3196,24.1834,33.6009,42.4548,50.6095,57.9657,64.4137,69.8631,74.2238,77.4106,79.3639,80.0,79.3639,77.4106,74.2238,69.8631,64.4137
334,2025-10-31 12:22:28,executed,80.0,79.3639,77.4106,74.2238,69.8631,64.4137,57.9657,50.6095,42.4548,33.6009,24.1834,14.3196,4.1378,-6.1929,-16.4795,-26.5768,-36.3422,-45.6444,-54.366,-62.3958,-69.6385,-76.0065,-80.0,-76.0065,-69.6385,-62.3958,-54.366,-45.6444,-36.3422,-26.5768,-16.4795,-6.1929,4.1378,14.3196,24.1834,33.6009,42.4548,50.6095,57.9657,64.4137,69.8631,74.2238,77.4106,79.3639,80.0,79.3639,77.4106,74.2238,69.8631,64.4137
334,2025-10-31 12:23:23,proposed,50.0883,50.0883,50.0883,50.0883,50.0883,50.0883,50.0883,50.0883,50.0883,50.0883,50.0883,50.0883,50.0883,50.0883,50.0883,50.0883,50.0883,50.0883,50.0883,50.0883,50.0883,50.0883,50.0883,50.0883,50.0883,50.0883,50.0883,50.0883,50.0883,50.0883,50.0883,50.0883,50.0883,50.0883,50.0883,50.0883,50.0883,50.0883,50.0883,50.0883,50.0883,50.0883,50.0883,50.0883,50.0883,50.0883,50.0883,50.0883,50.0883,50.0883
335,2025-10-31 12:24:03,executed,50.0883,50.0883,50.0883,50.0883,50.0883,50.0883,50.0883,50.0883,50.0883,50.0883,50.0883,50.0883,50.0883,50.0883,50.0883,50.0883,50.0883,50.0883,50.0883,50.0883,50.0883,50.0883,50.0883,50.0883,50.0883,50.0883,50.0883,50.0883,50.0883,50.0883,50.0883,50.0883,50.0883,50.0883,50.0883,50.0883,50.0883,50.0883,50.0883,50.0883,50.0883,50.0883,50.0883,50.0883,50.0883,50.0883,50.0883,50.0883,50.0883,50.0883
335,2025-10-31 12:24:42,proposed,0.0,4.4848,8.8789,13.1091,17.1008,20.779,24.079,26.9388,29.3004,31.1106,32.3205,32.885,32.772,31.959,30.4303,28.1837,25.2383,21.6215,17.3757,12.5533,7.218,1.4357,-4.4848,-10.5157,-16.503,-22.3083,-27.8116,-32.8768,-37.3741,-41.204,-44.2882,-46.5786,-48.0068,-48.541,-48.158,-46.8688,-44.6976,-41.699,-37.9598,-33.5461,-28.505,-22.965,-17.0306,-10.846,-4.5001,1.4357,7.218,12.5533,17.3757,20.779
336,2025-10-31 12:25:23,executed,0.0,4.4848,8.8789,13.1091,17.1008,20.779,24.079,26.9388,29.3004,31.1106,32.3205,32.885,32.772,31.959,30.4303,28.1837,25.2383,21.6215,17.3757,12.5533,7.218,1.4357,-4.4848,-10.5157,-16.503,-22.3083,-27.8116,-32.8768,-37.3741,-41.204,-44.2882,-46.5786,-48.0068,-48.541,-48.158,-46.8688,-44.6976,-41.699,-37.9598,-33.5461,-28.505,-22.965,-17.0306,-10.846,-4.5001,1.4357,7.218,12.5533,17.3757,20.779
336,2025-10-31 12:26:54,proposed,80.0,79.4898,77.9658,75.4498,71.9774,67.607,62.3986,56.4218,49.7546,42.4706,34.647,26.3642,17.705,8.7538,-0.3098,-9.3694,-18.3186,-27.041,-35.4262,-43.3662,-50.7566,-57.5002,-63.5098,-68.709,-73.031,-76.4174,-78.817,-80.1986,-80.5498,-79.8706,-78.1774,-75.4986,-71.8774,-67.3706,-61.9986,-55.8218,-48.9158,-41.3662,-33.2566,-24.6706,-15.6946,-6.4174,2.9538,12.213,21.247,29.9498,38.2174,45.9538,53.0694,59.4898
337,2025-10-31 12:27:34,executed,80.0,79.4898,77.9658,75.4498,71.9774,67.607,62.3986,56.4218,49.7546,42.4706,34.647,26.3642,17.705,8.7538,-0.3098,-9.3694,-18.3186,-27.041,-35.4262,-43.3662,-50.7566,-57.5002,-63.5098,-68.709,-73.031,-76.4174,-78.817,-80.1986,-80.5498,-79.8706,-78.1774,-75.4986,-71.8774,-67.3706,-61.9986,-55.8218,-48.9158,-41.3662,-33.2566,-24.6706,-15.6946,-6.4174,2.9538,12.213,21.247,29.9498,38.2174,45.9538,53.0694,59.4898
337,2025-10-31 12:28:24,proposed,0.0,8.08080808080808,15.96969696969697,23.454545454545457,30.343434343434343,36.45454545454545,41.61616161616161,45.666666666666664,48.46464646464646,50.0,50.0,48.46464646464646,45.666666666666664,41.61616161616161,36.45454545454545,30.343434343434343,23.454545454545457,15.96969696969697,8.08080808080808,0.0,-8.08080808080808,-15.96969696969697,-23.454545454545457,-30.343434343434343,-36.45454545454545,-41.61616161616161,-45.666666666666664,-48.46464646464646,-50.0,-50.0,-48.46464646464646,-45.666666666666664,-41.61616161616161,-36.45454545454545,-30.343434343434343,-23.454545454545457,-15.96969696969697,-8.08080808080808,-0.0,8.08080808080808,15.96969696969697,23.454545454545457,30.343434343434343,36.45454545454545,41.61616161616161,45.666666666666664,48.46464646464646,50.0,50.0,48.46464646464646
338,2025-10-31 12:29:04,executed,0.0,8.08080808080808,15.96969696969697,23.454545454545457,30.343434343434343,36.45454545454545,41.61616161616161,45.666666666666664,48.46464646464646,50.0,50.0,48.46464646464646,45.666666666666664,41.61616161616161,36.45454545454545,30.343434343434343,23.454545454545457,15.96969696969697,8.08080808080808,0.0,-8.08080808080808,-15.96969696969697,-23.454545454545457,-30.343434343434343,-36.45454545454545,-41.61616161616161,-45.666666666666664,-48.46464646464646,-50.0,-50.0,-48.46464646464646,-45.666666666666664,-41.61616161616161,-36.45454545454545,-30.343434343434343,-23.454545454545457,-15.96969696969697,-8.08080808080808,-0.0,8.08080808080808,15.96969696969697,23.454545454545457,30.343434343434343,36.45454545454545,41.61616161616161,45.666666666666664,48.46464646464646,50.0,50.0,48.46464646464646
338,2025-10-31 12:30:05,proposed,84.6062892994473,79.4447477960309,69.57863583273291,55.63711901087816,38.3581622039691,18.4608377960309,-3.13034898912184,-26.00020398912184,-48.1635202039691,-68.7785022039691,-86.7660002039691,-90.0,-87.0506002039691,-78.3200002039691,-65.6600002039691,-50.3474002039691,-33.2223002039691,-15.0006002039691,4.0990002039691,23.1756002039691,41.2589002039691,57.3491002039691,70.4190002039691,80.0,85.0390002039691,85.0390002039691,80.0,70.4190002039691,57.3491002039691,41.2589002039691,23.1756002039691,4.0990002039691,-15.0006002039691,-33.2223002039691,-50.3474002039691,-65.6600002039691,-78.3200002039691,-87.0506002039691,-90.0,-86.7660002039691,-68.7785002039691,-48.1635002039691,-26.0002002039691,-3.1303002039691,18.4608002039691,38.3581002039691,55.6371002039691,69.5786002039691,79.4447002039691,84.6062002039691
339,2025-10-31 12:30:45,executed,84.6062892994473,79.4447477960309,69.57863583273291,55.63711901087816,38.3581622039691,18.4608377960309,-3.13034898912184,-26.00020398912184,-48.1635202039691,-68.7785022039691,-86.7660002039691,-90.0,-87.0506002039691,-78.3200002039691,-65.6600002039691,-50.3474002039691,-33.2223002039691,-15.0006002039691,4.0990002039691,23.1756002039691,41.2589002039691,57.3491002039691,70.4190002039691,80.0,85.0390002039691,85.0390002039691,80.0,70.4190002039691,57.3491002039691,41.2589002039691,23.1756002039691,4.0990002039691,-15.0006002039691,-33.2223002039691,-50.3474002039691,-65.6600002039691,-78.3200002039691,-87.0506002039691,-90.0,-86.7660002039691,-68.7785002039691,-48.1635002039691,-26.0002002039691,-3.1303002039691,18.4608002039691,38.3581002039691,55.6371002039691,69.5786002039691,79.4447002039691,84.6062002039691
339,2025-10-31 12:31:23,proposed,0.0,14.8966,28.6918,40.4889,49.7495,56.3582,60.1804,61.1901,59.494,55.2024,48.4907,39.6053,29.0002,17.0306,4.099,-9.135,-22.07,-34.0451,-44.5684,-53.3593,-59.9999,-64.3941,-66.3768,-65.9196,-63.1375,-58.109,-50.994,-42.002,-31.43,-19.5091,-6.5332,6.8819,19.8406,31.716,42.188,50.9017,57.689,62.4169,64.9999,65.4137,63.6396,59.829,54.1409,46.7599,37.9598,28.0,17.2941,6.0567,-5.3414,-16.7909
340,2025-10-31 12:32:03,executed,0.0,14.8966,28.6918,40.4889,49.7495,56.3582,60.1804,61.1901,59.494,55.2024,48.4907,39.6053,29.0002,17.0306,4.099,-9.135,-22.07,-34.0451,-44.5684,-53.3593,-59.9999,-64.3941,-66.3768,-65.9196,-63.1375,-58.109,-50.994,-42.002,-31.43,-19.5091,-6.5332,6.8819,19.8406,31.716,42.188,50.9017,57.689,62.4169,64.9999,65.4137,63.6396,59.829,54.1409,46.7599,37.9598,28.0,17.2941,6.0567,-5.3414,-16.7909
340,2025-10-31 12:32:45,proposed,-80.0,-79.9958,-79.9833,-79.9625,-79.9333,-79.8958,-79.8499,-79.7958,-79.7333,-79.6625,-79.5833,-79.4958,-79.4001,-79.2958,-79.1833,-79.0625,-78.9333,-78.7958,-78.6499,-78.4958,-78.3333,-78.1625,-77.9833,-77.7958,-77.6001,-77.3958,-77.1833,-76.9625,-76.7333,-76.4958,-76.2499,-75.9958,-75.7333,-75.4625,-75.1833,-74.8958,-74.6001,-74.2958,-73.9833,-73.6625,-73.3333,-72.9958,-72.6499,-72.2958,-71.9333,-71.5625,-71.1833,-70.7958,-70.4001,-69.9958
341,2025-10-31 12:33:25,executed,-80.0,-79.9958,-79.9833,-79.9625,-79.9333,-79.8958,-79.8499,-79.7958,-79.7333,-79.6625,-79.5833,-79.4958,-79.4001,-79.2958,-79.1833,-79.0625,-78.9333,-78.7958,-78.6499,-78.4958,-78.3333,-78.1625,-77.9833,-77.7958,-77.6001,-77.3958,-77.1833,-76.9625,-76.7333,-76.4958,-76.2499,-75.9958,-75.7333,-75.4625,-75.1833,-74.8958,-74.6001,-74.2958,-73.9833,-73.6625,-73.3333,-72.9958,-72.6499,-72.2958,-71.9333,-71.5625,-71.1833,-70.7958,-70.4001,-69.9958
341,2025-10-31 12:34:35,proposed,0.0,19.784,37.5583,52.569,64.1481,71.902,75.5001,74.8587,69.9499,60.9026,48.0855,31.917,13.0451,-8.761,-32.6244,-57.2909,-81.385,-103.201,-121.0909,-133.549,-139.419,-138.0068,-128.974,-112.5578,-89.2882,-60.0,-25.0443,13.0451,52.569,91.7583,126.2847,152.5578,168.1481,171.902,163.0451,142.0164,110.0,68.0855,17.3757,-37.5583,-90.2882,-138.0068,-176.2847,-201.0909,-210.0,-202.5578,-180.0,-143.0451,-93.0,-32.6244
342,2025-10-31 12:35:15,executed,0.0,19.784,37.5583,52.569,64.1481,71.902,75.5001,74.8587,69.9499,60.9026,48.0855,31.917,13.0451,-8.761,-32.6244,-57.2909,-81.385,-103.201,-121.0909,-133.549,-139.419,-138.0068,-128.974,-112.5578,-89.2882,-60.0,-25.0443,13.0451,52.569,91.7583,126.2847,152.5578,168.1481,171.902,163.0451,142.0164,110.0,68.0855,17.3757,-37.5583,-90.2882,-138.0068,-176.2847,-201.0909,-210.0,-202.5578,-180.0,-143.0451,-93.0,-32.6244
342,2025-10-31 12:36:56,proposed,79.2483866099557,95.84545934522933,99.4005115206161,90.7225211910609,70.9234127027878,46.10443905479904,18.06742540562624,-10.99960205934522,-38.65349581971166,-63.53589417852109,-83.56063641733051,-97.80804805613995,-100.0,-90.7225211910609,-70.9234127027878,-46.10443905479904,-18.06742540562624,10.99960205934522,38.65349581971166,63.53589417852109,83.56063641733051,97.80804805613995,99.4005115206161,95.84545934522933,79.2483866099557,54.9127027878004,26.8587866099557,-3.141213390044301,-31.1412133900443,-55.1412133900443,-73.1412133900443,-84.1412133900443,-87.1412133900443,-81.1412133900443,-66.1412133900443,-42.1412133900443,-10.141213390044301,29.8587866099557,66.8587866099557,95.8587866099557,99.4005115206161,95.84545934522933,79.2483866099557,54.9127027878004,26.8587866099557,-3.141213390044301,-31.1412133900443,-55.1412133900443,-73.1412133900443,-84.1412133900443
343,2025-10-31 12:37:36,executed,79.2483866099557,95.84545934522933,99.4005115206161,90.7225211910609,70.9234127027878,46.10443905479904,18.06742540562624,-10.99960205934522,-38.65349581971166,-63.53589417852109,-83.56063641733051,-97.80804805613995,-100.0,-90.7225211910609,-70.9234127027878,-46.10443905479904,-18.06742540562624,10.99960205934522,38.65349581971166,63.53589417852109,83.56063641733051,97.80804805613995,99.4005115206161,95.84545934522933,79.2483866099557,54.9127027878004,26.8587866099557,-3.141213390044301,-31.1412133900443,-55.1412133900443,-73.1412133900443,-84.1412133900443,-87.1412133900443,-81.1412133900443,-66.1412133900443,-42.1412133900443,-10.141213390044301,29.8587866099557,66.8587866099557,95.8587866099557,99.4005115206161,95.84545934522933,79.2483866099557,54.9127027878004,26.8587866099557,-3.141213390044301,-31.1412133900443,-55.1412133900443,-73.1412133900443,-84.1412133900443
343,2025-10-31 12:39:06,proposed,10.45781190539661,19.34963503527263,27.50201997365691,34.79589830509618,41.13968361730489,46.46747141018871,50.75139049216474,53.99026403986423,56.19017684178553,57.36979204006616,57.55106560938499,56.7686808112674,55.0600555986877,52.46337483986423,49.02298004178553,44.78258524370685,39.80219044562818,34.14963503527263,27.91901997365691,21.19589830509618,14.07968361730489,6.67747141018871,-0.808609507835263,-8.19026403986423,-15.35106560938499,-22.1886808112674,-28.6000555986877,-34.50337483986423,-39.81901997365691,-44.49589830509618,-48.49968361730489,-51.79252858981129,-54.34026403986423,-56.12106560938499,-57.1286808112674,-57.3600555986877,-56.81901997365691,-55.51589830509618,-53.47968361730489,-50.72747141018871,-47.28860950783526,-43.19026403986423,-38.46106560938499,-33.1386808112674,-27.2500555986877,-20.84337483986423,-13.97901997365691,-6.72589830509618,0.8283617304891129,8.67747141018871
344,2025-10-31 12:39:46,executed,10.45781190539661,19.34963503527263,27.50201997365691,34.79589830509618,41.13968361730489,46.46747141018871,50.75139049216474,53.99026403986423,56.19017684178553,57.36979204006616,57.55106560938499,56.7686808112674,55.0600555986877,52.46337483986423,49.02298004178553,44.78258524370685,39.80219044562818,34.14963503527263,27.91901997365691,21.19589830509618,14.07968361730489,6.67747141018871,-0.808609507835263,-8.19026403986423,-15.35106560938499,-22.1886808112674,-28.6000555986877,-34.50337483986423,-39.81901997365691,-44.49589830509618,-48.49968361730489,-51.79252858981129,-54.34026403986423,-56.12106560938499,-57.1286808112674,-57.3600555986877,-56.81901997365691,-55.51589830509618,-53.47968361730489,-50.72747141018871,-47.28860950783526,-43.19026403986423,-38.46106560938499,-33.1386808112674,-27.2500555986877,-20.84337483986423,-13.97901997365691,-6.72589830509618,0.8283617304891129,8.67747141018871
344,2025-10-31 12:40:33,proposed,56.56854249,66.15600869,73.99264426,79.99999999,84.14120894,86.41018893,86.80556947,85.33543666,82.02029767,76.90169943,70.09210086,61.73039726,51.97610098,40.98590098,28.93280098,16.0,2.36960098,-11.41018893,-25.02029767,-38.14120894,-50.56854249,-61.99264426,-72.15600869,-80.80556947,-87.78893722,-92.95261093,-96.20556947,-97.49264426,-96.79410188,-94.19018893,-89.80556947,-83.78893722,-76.29261093,-67.49264426,-57.56854249,-46.69018893,-35.02029767,-22.70735573,-9.90789913,3.14145751,16.41018893,29.63039726,42.69210086,55.48543666,67.90169943,79.83543666,91.17610098,101.89590098,111.89280098,121.06960098
345,2025-10-31 12:41:13,executed,56.56854249,66.15600869,73.99264426,79.99999999,84.14120894,86.41018893,86.80556947,85.33543666,82.02029767,76.90169943,70.09210086,61.73039726,51.97610098,40.98590098,28.93280098,16.0,2.36960098,-11.41018893,-25.02029767,-38.14120894,-50.56854249,-61.99264426,-72.15600869,-80.80556947,-87.78893722,-92.95261093,-96.20556947,-97.49264426,-96.79410188,-94.19018893,-89.80556947,-83.78893722,-76.29261093,-67.49264426,-57.56854249,-46.69018893,-35.02029767,-22.70735573,-9.90789913,3.14145751,16.41018893,29.63039726,42.69210086,55.48543666,67.90169943,79.83543666,91.17610098,101.89590098,111.89280098,121.06960098
345,2025-10-31 12:42:08,proposed,66.7125,66.7125,66.7125,66.7125,66.7125,66.7125,66.7125,66.7125,66.7125,66.7125,66.7125,66.7125,66.7125,66.7125,66.7125,66.7125,66.7125,66.7125,66.7125,66.7125,66.7125,66.7125,66.7125,66.7125,66.7125,51.8875,51.8875,51.8875,51.8875,51.8875,51.8875,51.8875,51.8875,51.8875,51.8875,51.8875,51.8875,51.8875,51.8875,51.8875,51.8875,51.8875,51.8875,51.8875,51.8875,51.8875,51.8875,51.8875,51.8875,51.8875
346,2025-10-31 12:42:48,executed,66.7125,66.7125,66.7125,66.7125,66.7125,66.7125,66.7125,66.7125,66.7125,66.7125,66.7125,66.7125,66.7125,66.7125,66.7125,66.7125,66.7125,66.7125,66.7125,66.7125,66.7125,66.7125,66.7125,66.7125,66.7125,51.8875,51.8875,51.8875,51.8875,51.8875,51.8875,51.8875,51.8875,51.8875,51.8875,51.8875,51.8875,51.8875,51.8875,51.8875,51.8875,51.8875,51.8875,51.8875,51.8875,51.8875,51.8875,51.8875,51.8875,51.8875
346,2025-10-31 12:43:40,proposed,80.0,76.108,64.721,46.574,22.999,-4.894,-32.114,-55.225,-71.253,-78.99,-78.99,-71.253,-55.225,-32.114,-4.894,22.999,46.574,64.721,76.108,80.0,76.108,64.721,46.574,22.999,-4.894,-32.114,-55.225,-71.253,-78.99,-78.99,-71.253,-55.225,-32.114,-4.894,22.999,46.574,64.721,76.108,80.0,76.108,64.721,46.574,22.999,-4.894,-32.114,-55.225,-71.253,-78.99,-78.99,-71.253
347,2025-10-31 12:44:20,executed,80.0,76.108,64.721,46.574,22.999,-4.894,-32.114,-55.225,-71.253,-78.99,-78.99,-71.253,-55.225,-32.114,-4.894,22.999,46.574,64.721,76.108,80.0,76.108,64.721,46.574,22.999,-4.894,-32.114,-55.225,-71.253,-78.99,-78.99,-71.253,-55.225,-32.114,-4.894,22.999,46.574,64.721,76.108,80.0,76.108,64.721,46.574,22.999,-4.894,-32.114,-55.225,-71.253,-78.99,-78.99,-71.253
347,2025-10-31 12:45:09,proposed,100.0,99.9211,99.6844,99.2905,98.7401,98.0343,97.1741,96.1607,94.9953,93.6792,92.2139,90.6008,88.8416,86.9379,84.8916,82.7047,80.3794,77.9179,75.3227,72.5964,69.7417,66.7615,63.6587,60.4363,57.0974,53.6451,50.0826,46.4132,42.6402,38.7669,34.7969,30.7335,26.5804,22.3411,18.0191,13.6181,9.1416,4.5932,-0.0211,-4.6947,-9.431,-14.2238,-19.0669,-23.9542,-28.8797,-33.8374,-38.8215,-43.8262,-48.8456,-53.8739
348,2025-10-31 12:45:49,executed,100.0,99.9211,99.6844,99.2905,98.7401,98.0343,97.1741,96.1607,94.9953,93.6792,92.2139,90.6008,88.8416,86.9379,84.8916,82.7047,80.3794,77.9179,75.3227,72.5964,69.7417,66.7615,63.6587,60.4363,57.0974,53.6451,50.0826,46.4132,42.6402,38.7669,34.7969,30.7335,26.5804,22.3411,18.0191,13.6181,9.1416,4.5932,-0.0211,-4.6947,-9.431,-14.2238,-19.0669,-23.9542,-28.8797,-33.8374,-38.8215,-43.8262,-48.8456,-53.8739
348,2025-10-31 12:46:35,proposed,105.8672935212577,114.9088656158498,119.5393529947704,119.2612716301389,114.2828456860161,105.1052601931818,92.35515286500735,76.6571597876882,58.74415842835978,39.40941909999999,19.4756010860161,-0.0,-18.75,-36.1858,-51.9761,-65.9196,-77.79,-87.3741,-94.5637,-99.2275,-101.25,-100.5615,-97.109,-90.9755,-82.2786,-71.151,-57.795,-42.4239,-25.2825,-6.6712,12.5333,32.066,51.002,68.4447,83.542,95.7688,104.9723,111.0506,113.9103,113.5099,109.8507,103.078,93.3752,81.0163,66.308,49.6588,31.4969,12.235,-7.5094,-27.64
349,2025-10-31 12:47:15,executed,105.8672935212577,114.9088656158498,119.5393529947704,119.2612716301389,114.2828456860161,105.1052601931818,92.35515286500735,76.6571597876882,58.74415842835978,39.40941909999999,19.4756010860161,-0.0,-18.75,-36.1858,-51.9761,-65.9196,-77.79,-87.3741,-94.5637,-99.2275,-101.25,-100.5615,-97.109,-90.9755,-82.2786,-71.151,-57.795,-42.4239,-25.2825,-6.6712,12.5333,32.066,51.002,68.4447,83.542,95.7688,104.9723,111.0506,113.9103,113.5099,109.8507,103.078,93.3752,81.0163,66.308,49.6588,31.4969,12.235,-7.5094,-27.64
349,2025-10-31 12:48:23,proposed,50.0,71.6356,90.4509,99.9999,90.4509,71.6356,50.0,28.3644,9.5491,0.0,9.5491,28.3644,50.0,71.6356,90.4509,99.9999,90.4509,71.6356,50.0,28.3644,9.5491,0.0,9.5491,28.3644,50.0,71.6356,90.4509,99.9999,90.4509,71.6356,50.0,28.3644,9.5491,0.0,9.5491,28.3644,50.0,71.6356,90.4509,99.9999,90.4509,71.6356,50.0,28.3644,9.5491,0.0,9.5491,28.3644,50.0,71.6356
350,2025-10-31 12:49:03,executed,50.0,71.6356,90.4509,99.9999,90.4509,71.6356,50.0,28.3644,9.5491,0.0,9.5491,28.3644,50.0,71.6356,90.4509,99.9999,90.4509,71.6356,50.0,28.3644,9.5491,0.0,9.5491,28.3644,50.0,71.6356,90.4509,99.9999,90.4509,71.6356,50.0,28.3644,9.5491,0.0,9.5491,28.3644,50.0,71.6356,90.4509,99.9999,90.4509,71.6356,50.0,28.3644,9.5491,0.0,9.5491,28.3644,50.0,71.6356
350,2025-10-31 12:49:51,proposed,0.0,19.784,38.0864,53.9669,66.7027,75.6983,80.4859,80.8659,76.791,68.407,56.027,40.059,21.096,0.0,-21.096,-40.059,-56.027,-68.407,-76.791,-80.8659,-80.4859,-75.6983,-66.7027,-53.9669,-38.0864,-19.784,-0.0,19.784,38.0864,53.9669,66.7027,75.6983,80.4859,80.8659,76.791,68.407,56.027,40.059,21.096,0.0,-21.096,-40.059,-56.027,-68.407,-76.791,-80.8659,-80.4859,-75.6983,-66.7027,-53.9669
351,2025-10-31 12:50:31,executed,0.0,19.784,38.0864,53.9669,66.7027,75.6983,80.4859,80.8659,76.791,68.407,56.027,40.059,21.096,0.0,-21.096,-40.059,-56.027,-68.407,-76.791,-80.8659,-80.4859,-75.6983,-66.7027,-53.9669,-38.0864,-19.784,-0.0,19.784,38.0864,53.9669,66.7027,75.6983,80.4859,80.8659,76.791,68.407,56.027,40.059,21.096,0.0,-21.096,-40.059,-56.027,-68.407,-76.791,-80.8659,-80.4859,-75.6983,-66.7027,-53.9669
351,2025-10-31 12:51:20,proposed,0.0,10.9786,21.4191,31.1106,39.854,47.4939,53.8593,58.869,62.426,64.3542,64.6368,63.2729,60.296,55.8688,50.1416,43.2986,35.5398,27.0696,18.0674,8.6041,-0.9999,-10.518,-19.784,-28.6918,-37.1164,-44.959,-52.1164,-58.5085,-63.9999,-68.4447,-71.7574,-73.8465,-74.6368,-74.0863,-72.1795,-68.9726,-64.5106,-58.869,-52.1708,-44.5684,-36.1858,-27.1701,-17.671,-7.8398,1.985,11.6805,21.096,29.972,38.204,45.6669
352,2025-10-31 12:52:00,executed,0.0,10.9786,21.4191,31.1106,39.854,47.4939,53.8593,58.869,62.426,64.3542,64.6368,63.2729,60.296,55.8688,50.1416,43.2986,35.5398,27.0696,18.0674,8.6041,-0.9999,-10.518,-19.784,-28.6918,-37.1164,-44.959,-52.1164,-58.5085,-63.9999,-68.4447,-71.7574,-73.8465,-74.6368,-74.0863,-72.1795,-68.9726,-64.5106,-58.869,-52.1708,-44.5684,-36.1858,-27.1701,-17.671,-7.8398,1.985,11.6805,21.096,29.972,38.204,45.6669
353,2025-10-31 12:56:10,executed,0.0,10.9786,21.4191,31.1106,39.854,47.4939,53.8593,58.869,62.426,64.3542,64.6368,63.2729,60.296,55.8688,50.1416,43.2986,35.5398,27.0696,18.0674,8.6041,-0.9999,-10.518,-19.784,-28.6918,-37.1164,-44.959,-52.1164,-58.5085,-63.9999,-68.4447,-71.7574,-73.8465,-74.6368,-74.0863,-72.1795,-68.9726,-64.5106,-58.869,-52.1708,-44.5684,-36.1858,-27.1701,-17.671,-7.8398,1.985,11.6805,21.096,29.972,38.204,45.6669
353,2025-10-31 12:56:52,proposed,0.0,48.0674,75.3626,88.0818,87.7289,76.0125,56.4025,31.8152,4.908,-20.6728,-45.0315,-65.1764,-78.5085,-83.5606,-79.6011,-68.278,-51.5204,-31.5436,-10.0,11.9161,33.0903,52.569,69.4658,83.542,94.5637,102.3392,106.7027,107.5001,104.6215,98.0902,87.9599,74.4759,57.8726,38.4907,16.896,-5.5099,-27.5646,-48.1635,-66.7027,-82.5685,-95.0,-103.508,-107.5578,-106.9499,-101.7303,-91.979,-77.902,-59.8999,-38.4907,-14.0253
354,2025-10-31 12:57:32,executed,0.0,48.0674,75.3626,88.0818,87.7289,76.0125,56.4025,31.8152,4.908,-20.6728,-45.0315,-65.1764,-78.5085,-83.5606,-79.6011,-68.278,-51.5204,-31.5436,-10.0,11.9161,33.0903,52.569,69.4658,83.542,94.5637,102.3392,106.7027,107.5001,104.6215,98.0902,87.9599,74.4759,57.8726,38.4907,16.896,-5.5099,-27.5646,-48.1635,-66.7027,-82.5685,-95.0,-103.508,-107.5578,-106.9499,-101.7303,-91.979,-77.902,-59.8999,-38.4907,-14.0253
354,2025-10-31 12:59:13,proposed,0.0,12.788755,25.269004,37.291883,48.778512,59.658799,69.863103,79.320503,87.969999,95.750601,102.595,108.44,113.22,116.87,119.33,120.54,120.44,119.08,116.51,112.8,107.99,102.16,95.38,87.72,79.24,69.999999,59.999999,49.24,37.72,29.24,19.0,8.72,-1.28,-11.28,-20.54,-29.0,-36.51,-43.08,-48.65,-53.16,-56.56,-58.8,-59.83,-59.6,-58.06,-55.16,-50.86,-45.12,-37.88,-29.12
355,2025-10-31 12:59:53,executed,0.0,12.788755,25.269004,37.291883,48.778512,59.658799,69.863103,79.320503,87.969999,95.750601,102.595,108.44,113.22,116.87,119.33,120.54,120.44,119.08,116.51,112.8,107.99,102.16,95.38,87.72,79.24,69.999999,59.999999,49.24,37.72,29.24,19.0,8.72,-1.28,-11.28,-20.54,-29.0,-36.51,-43.08,-48.65,-53.16,-56.56,-58.8,-59.83,-59.6,-58.06,-55.16,-50.86,-45.12,-37.88,-29.12
355,2025-10-31 13:00:45,proposed,73.548485,76.994269,78.471675,77.962002,75.526279,71.267323,65.340064,57.925565,49.245842,39.549248,29.091483,18.140882,6.963499,-4.204593,-15.111867,-25.500989,-35.109315,-43.896791,-51.830637,-58.885006,-65.039234,-70.279093,-74.594776,-77.980649,-80.439223,-81.968603,-82.570381,-82.249053,-81.012351,-78.871077,-75.838525,-71.932709,-67.177699,-61.603348,-55.244301,-48.148119,-40.364402,-31.944208,-22.935105,-13.393433,-3.376949,6.643764,16.711833,26.600455,36.208638,45.439077,54.199859,62.395842,69.938343,76.749053
356,2025-10-31 13:01:25,executed,73.548485,76.994269,78.471675,77.962002,75.526279,71.267323,65.340064,57.925565,49.245842,39.549248,29.091483,18.140882,6.963499,-4.204593,-15.111867,-25.500989,-35.109315,-43.896791,-51.830637,-58.885006,-65.039234,-70.279093,-74.594776,-77.980649,-80.439223,-81.968603,-82.570381,-82.249053,-81.012351,-78.871077,-75.838525,-71.932709,-67.177699,-61.603348,-55.244301,-48.148119,-40.364402,-31.944208,-22.935105,-13.393433,-3.376949,6.643764,16.711833,26.600455,36.208638,45.439077,54.199859,62.395842,69.938343,76.749053
356,2025-10-31 13:02:19,proposed,-10.87326778437016,10.99966155913214,31.78207198758832,50.81432420917637,67.0423984639453,79.7997920703875,88.5447781309859,93.0232490714777,93.0903332062635,88.8950462947154,80.8697669562725,69.6053358043685,55.7871182283307,40.2605364408107,23.8738596660144,7.4208226065608,-8.6041,-23.9383,-37.9598,-50.5478,-61.501000000000005,-70.69740000000002,-77.9898,-83.2729,-86.472,-87.55,-86.472,-83.2729,-77.9898,-70.69740000000002,-61.501000000000005,-50.5478,-37.9598,-23.9383,-8.6041,7.4208226065608,23.8738596660144,40.2605364408107,55.7871182283307,69.6053358043685,80.8697669562725,88.8950462947154,93.0903332062635,93.0232490714777,88.5447781309859,79.7997920703875,67.0423984639453,50.81432420917637,31.78207198758832,10.99966155913214
357,2025-10-31 13:02:59,executed,-10.87326778437016,10.99966155913214,31.78207198758832,50.81432420917637,67.0423984639453,79.7997920703875,88.5447781309859,93.0232490714777,93.0903332062635,88.8950462947154,80.8697669562725,69.6053358043685,55.7871182283307,40.2605364408107,23.8738596660144,7.4208226065608,-8.6041,-23.9383,-37.9598,-50.5478,-61.501000000000005,-70.69740000000002,-77.9898,-83.2729,-86.472,-87.55,-86.472,-83.2729,-77.9898,-70.69740000000002,-61.501000000000005,-50.5478,-37.9598,-23.9383,-8.6041,7.4208226065608,23.8738596660144,40.2605364408107,55.7871182283307,69.6053358043685,80.8697669562725,88.8950462947154,93.0903332062635,93.0232490714777,88.5447781309859,79.7997920703875,67.0423984639453,50.81432420917637,31.78207198758832,10.99966155913214
357,2025-10-31 13:04:25,proposed,10.021183,43.513575,73.187849,87.321727,95.021008,77.345869,49.387926,11.238491,-21.849137,-50.932971,-76.012589,-85.733596,-77.017774,-56.763462,-25.074744,12.016335,40.673244,72.827733,84.779471,93.308003,77.108253,56.634125,15.352494,-22.378377,-56.635832,-81.792437,-88.069415,-89.873215,-69.697424,-36.782068,6.772591,38.641249,73.916972,87.697003,92.518605,83.183063,62.339235,18.919799,-23.407989,-61.916298,-89.695849,-102.261266,-97.901599,-76.32629,-41.670665,1.999999,-8.761,41.999999,76.827733,92.518605
358,2025-10-31 13:05:05,executed,10.021183,43.513575,73.187849,87.321727,95.021008,77.345869,49.387926,11.238491,-21.849137,-50.932971,-76.012589,-85.733596,-77.017774,-56.763462,-25.074744,12.016335,40.673244,72.827733,84.779471,93.308003,77.108253,56.634125,15.352494,-22.378377,-56.635832,-81.792437,-88.069415,-89.873215,-69.697424,-36.782068,6.772591,38.641249,73.916972,87.697003,92.518605,83.183063,62.339235,18.919799,-23.407989,-61.916298,-89.695849,-102.261266,-97.901599,-76.32629,-41.670665,1.999999,-8.761,41.999999,76.827733,92.518605
358,2025-10-31 13:05:57,proposed,-10.8529,10.9168,31.8159,50.8354,67.0396,79.7611,88.5135,93.0039,93.0645,88.8687,80.8449,69.585,55.7709,40.2526,23.8727,7.4208,-8.6041,-23.9383,-37.9598,-50.5478,-61.501,-70.6974,-77.9898,-83.2729,-86.472,-87.55,-86.472,-83.2729,-77.9898,-70.6974,-61.501,-50.5478,-37.9598,-23.9383,-8.6041,7.4208,23.8739,40.2605,55.7871,69.6053,80.8698,88.895,93.0903,93.0232,88.5448,79.7998,67.0424,50.8143,31.7821,10.9997
359,2025-10-31 13:06:37,executed,-10.8529,10.9168,31.8159,50.8354,67.0396,79.7611,88.5135,93.0039,93.0645,88.8687,80.8449,69.585,55.7709,40.2526,23.8727,7.4208,-8.6041,-23.9383,-37.9598,-50.5478,-61.501,-70.6974,-77.9898,-83.2729,-86.472,-87.55,-86.472,-83.2729,-77.9898,-70.6974,-61.501,-50.5478,-37.9598,-23.9383,-8.6041,7.4208,23.8739,40.2605,55.7871,69.6053,80.8698,88.895,93.0903,93.0232,88.5448,79.7998,67.0424,50.8143,31.7821,10.9997
360,2025-10-31 13:10:11,executed,-10.8529,10.9168,31.8159,50.8354,67.0396,79.7611,88.5135,93.0039,93.0645,88.8687,80.8449,69.585,55.7709,40.2526,23.8727,7.4208,-8.6041,-23.9383,-37.9598,-50.5478,-61.501,-70.6974,-77.9898,-83.2729,-86.472,-87.55,-86.472,-83.2729,-77.9898,-70.6974,-61.501,-50.5478,-37.9598,-23.9383,-8.6041,7.4208,23.8739,40.2605,55.7871,69.6053,80.8698,88.895,93.0903,93.0232,88.5448,79.7998,67.0424,50.8143,31.7821,10.9997
360,2025-10-31 13:11:01,proposed,90.0,87.8998,83.5658,77.2655,69.2941,59.9546,49.5293,38.2933,26.5113,14.4449,2.3524,-9.412,-20.5975,-30.9859,-40.4079,-48.7064,-55.7486,-61.4243,-65.6453,-68.3377,-69.4357,-68.8893,-66.6713,-62.7744,-57.2078,-50.0062,-41.2289,-30.9575,-19.3361,-6.5925,6.9458,20.817,34.0041,46.368,57.778,68.118,77.278,85.158,91.668,96.728,100.268,102.238,102.598,101.318,98.398,93.848,87.688,79.958,70.738,60.0
361,2025-10-31 13:11:41,executed,90.0,87.8998,83.5658,77.2655,69.2941,59.9546,49.5293,38.2933,26.5113,14.4449,2.3524,-9.412,-20.5975,-30.9859,-40.4079,-48.7064,-55.7486,-61.4243,-65.6453,-68.3377,-69.4357,-68.8893,-66.6713,-62.7744,-57.2078,-50.0062,-41.2289,-30.9575,-19.3361,-6.5925,6.9458,20.817,34.0041,46.368,57.778,68.118,77.278,85.158,91.668,96.728,100.268,102.238,102.598,101.318,98.398,93.848,87.688,79.958,70.738,60.0
361,2025-10-31 13:12:37,proposed,13.4379,21.602,29.3957,36.7324,43.529,49.7072,55.2017,59.9515,63.901,67.001,69.2075,70.4816,70.791,70.1105,68.4209,65.719,61.999,57.269,51.5379,44.8252,37.158,28.5705,19.101,8.801,-2.101,-13.601,-25.501,-37.601,-49.701,-61.601,-73.101,-84.001,-94.101,-103.201,-111.101,-117.601,-122.501,-125.601,-126.701,-125.601,-122.501,-117.601,-111.101,-103.201,-94.101,-84.001,-73.101,-61.601,-49.701,-37.601
362,2025-10-31 13:13:17,executed,13.4379,21.602,29.3957,36.7324,43.529,49.7072,55.2017,59.9515,63.901,67.001,69.2075,70.4816,70.791,70.1105,68.4209,65.719,61.999,57.269,51.5379,44.8252,37.158,28.5705,19.101,8.801,-2.101,-13.601,-25.501,-37.601,-49.701,-61.601,-73.101,-84.001,-94.101,-103.201,-111.101,-117.601,-122.501,-125.601,-126.701,-125.601,-122.501,-117.601,-111.101,-103.201,-94.101,-84.001,-73.101,-61.601,-49.701,-37.601
362,2025-10-31 13:14:24,proposed,95.39934789,74.00416041,65.17646397,45.39900004,30.89950004,15.56150004,-4e-08,-15.56150004,-30.89950004,-45.39900004,-58.77850004,-70.71070004,-80.90170004,-89.10070004,-95.10570004,-98.76880004,-99.99999996,-98.76880004,-95.10570004,-89.10070004,-80.90170004,-70.71070004,-58.77850004,-45.39900004,-30.89950004,-15.56150004,4e-08,15.56150004,30.89950004,45.39900004,58.77850004,70.71070004,80.90170004,89.10070004,95.10570004,98.76880004,99.99999996,98.76880004,95.10570004,89.10070004,80.90170004,70.71070004,58.77850004,45.39900004,30.8995,15.56150004,-4e-08,-15.56150004,-30.89950004,-45.39900004
363,2025-10-31 13:15:04,executed,95.39934789,74.00416041,65.17646397,45.39900004,30.89950004,15.56150004,-4.0,-8.0,-15.56150004,-30.89950004,-45.39900004,-58.77850004,-70.71070004,-80.90170004,-89.10070004,-95.10570004,-98.76880004,-99.99999996,-98.76880004,-95.10570004,-89.10070004,-80.90170004,-70.71070004,-58.77850004,-45.39900004,-30.89950004,-15.56150004,4.0,-8.0,15.56150004,30.89950004,45.39900004,58.77850004,70.71070004,80.90170004,89.10070004,95.10570004,98.76880004,99.99999996,98.76880004,95.10570004,89.10070004,80.90170004,70.71070004,58.77850004,45.39900004,30.8995,15.56150004,-4.0,-8.0
363,2025-10-31 13:15:51,proposed,0.0,1.7000000000000002,10.200000000000001,25.5,40.8,52.55173730048689,60.99999999999999,65.73691656345635,66.53691656345634,63.29999999999999,56.49999999999999,46.800000000000004,34.800000000000004,21.0,6.0,-9.0,-23.999999999999996,-38.4,-51.6,-63.6,-73.8,-81.6,-86.4,-87.6,-84.0,-75.6,-62.4,-44.4,-21.6,4.8,33.6,63.6,90.0,99.99999999999999,99.99999999999999,99.99999999999999,99.99999999999999,99.99999999999999,99.99999999999999,99.99999999999999,99.99999999999999,99.99999999999999,99.99999999999999,99.99999999999999,99.99999999999999,99.99999999999999,99.99999999999999,99.99999999999999,99.99999999999999,0.0
364,2025-10-31 13:16:31,executed,0.0,1.7000000000000002,10.200000000000001,25.5,40.8,52.55173730048689,60.99999999999999,65.73691656345635,66.53691656345634,63.29999999999999,56.49999999999999,46.800000000000004,34.800000000000004,21.0,6.0,-9.0,-23.999999999999996,-38.4,-51.6,-63.6,-73.8,-81.6,-86.4,-87.6,-84.0,-75.6,-62.4,-44.4,-21.6,4.8,33.6,63.6,90.0,99.99999999999999,99.99999999999999,99.99999999999999,99.99999999999999,99.99999999999999,99.99999999999999,99.99999999999999,99.99999999999999,99.99999999999999,99.99999999999999,99.99999999999999,99.99999999999999,99.99999999999999,99.99999999999999,99.99999999999999,99.99999999999999,0.0
364,2025-10-31 13:17:25,proposed,10.0,22.0354,33.772,44.399,53.5602,61.247,67.2346,71.4103,73.6393,73.8052,71.902,67.9715,62.1648,54.6588,45.6669,35.5398,24.5099,12.866,0.8785,-11.0595,-22.593,-33.2223,-42.619,-50.5478,-56.8463,-61.3771,-63.9999,-64.6368,-63.2729,-59.9999,-54.9127,-48.1635,-39.9009,-30.3474,-19.784,-8.5065,2.9829,14.2958,25.0216,34.8507,43.5099,50.7514,56.4025,60.3593,62.595,62.9999,61.5703,58.369,53.435,46.8302
365,2025-10-31 13:18:05,executed,10.0,22.0354,33.772,44.399,53.5602,61.247,67.2346,71.4103,73.6393,73.8052,71.902,67.9715,62.1648,54.6588,45.6669,35.5398,24.5099,12.866,0.8785,-11.0595,-22.593,-33.2223,-42.619,-50.5478,-56.8463,-61.3771,-63.9999,-64.6368,-63.2729,-59.9999,-54.9127,-48.1635,-39.9009,-30.3474,-19.784,-8.5065,2.9829,14.2958,25.0216,34.8507,43.5099,50.7514,56.4025,60.3593,62.595,62.9999,61.5703,58.369,53.435,46.8302
365,2025-10-31 13:18:58,proposed,72.85047864,76.54134568,78.68812345,79.16234567,78.08912345,75.71234568,72.23912345,67.81234568,62.62912345,56.81234568,50.54912345,43.95234568,37.16912345,30.26234568,23.35912345,16.53234568,9.89912345,3.52234568,-2.48912345,-8.06234568,-13.12912345,-17.58234568,-21.37912345,-24.44234568,-26.74912345,-28.23234568,-28.87912345,-28.64234568,-27.54912345,-25.60234568,-22.86912345,-19.38234568,-15.24912345,-10.53234568,-5.34912345,0.17234568,5.86912345,11.66234568,17.44912345,23.09234568,28.50912345,33.50234568,37.97912345,41.87234568,45.10912345,47.59234568,49.27912345,50.07234568,49.93912345,48.86234568
366,2025-10-31 13:19:38,executed,72.85047864,76.54134568,78.68812345,79.16234567,78.08912345,75.71234568,72.23912345,67.81234568,62.62912345,56.81234568,50.54912345,43.95234568,37.16912345,30.26234568,23.35912345,16.53234568,9.89912345,3.52234568,-2.48912345,-8.06234568,-13.12912345,-17.58234568,-21.37912345,-24.44234568,-26.74912345,-28.23234568,-28.87912345,-28.64234568,-27.54912345,-25.60234568,-22.86912345,-19.38234568,-15.24912345,-10.53234568,-5.34912345,0.17234568,5.86912345,11.66234568,17.44912345,23.09234568,28.50912345,33.50234568,37.97912345,41.87234568,45.10912345,47.59234568,49.27912345,50.07234568,49.93912345,48.86234568
366,2025-10-31 13:20:21,proposed,42.4264,50.9037,57.7088,62.7039,65.7039,66.5746,65.2638,61.8034,56.2931,48.8993,39.8004,29.2901,17.6711,5.1889,-7.979,-21.7785,-35.6083,-48.7064,-60.0,-68.7078,-74.5099,-77.3741,-77.3741,-74.5099,-68.7078,-60.0,-48.7064,-35.6083,-21.7785,-7.979,5.1889,17.6711,29.2901,39.8004,48.8993,56.2931,61.8034,65.2638,66.5746,65.7039,62.7039,57.7088,50.9037,42.4264,32.4264,21.1037,8.8088,-4.0,-17.6711,-31.0
367,2025-10-31 13:21:01,executed,42.4264,50.9037,57.7088,62.7039,65.7039,66.5746,65.2638,61.8034,56.2931,48.8993,39.8004,29.2901,17.6711,5.1889,-7.979,-21.7785,-35.6083,-48.7064,-60.0,-68.7078,-74.5099,-77.3741,-77.3741,-74.5099,-68.7078,-60.0,-48.7064,-35.6083,-21.7785,-7.979,5.1889,17.6711,29.2901,39.8004,48.8993,56.2931,61.8034,65.2638,66.5746,65.7039,62.7039,57.7088,50.9037,42.4264,32.4264,21.1037,8.8088,-4.0,-17.6711,-31.0
367,2025-10-31 13:22:12,proposed,73.5485,76.9943,78.4717,77.962,75.5263,71.2673,65.3401,57.9256,49.2458,39.5492,29.0915,18.1409,6.9635,-4.2046,-15.1119,-25.501,-35.1093,-43.8968,-51.8306,-58.885,-65.0392,-70.2791,-74.5948,-77.9806,-80.4392,-81.9686,-82.5704,-82.2491,-81.0124,-78.8711,-75.8385,-71.9327,-67.1777,-61.6033,-55.2443,-48.1481,-40.3644,-31.9442,-22.9351,-13.3934,-3.3769,6.6438,16.7118,26.6005,36.2086,45.4391,54.1999,62.3958,69.9383,76.7491
368,2025-10-31 13:22:52,executed,73.5485,76.9943,78.4717,77.962,75.5263,71.2673,65.3401,57.9256,49.2458,39.5492,29.0915,18.1409,6.9635,-4.2046,-15.1119,-25.501,-35.1093,-43.8968,-51.8306,-58.885,-65.0392,-70.2791,-74.5948,-77.9806,-80.4392,-81.9686,-82.5704,-82.2491,-81.0124,-78.8711,-75.8385,-71.9327,-67.1777,-61.6033,-55.2443,-48.1481,-40.3644,-31.9442,-22.9351,-13.3934,-3.3769,6.6438,16.7118,26.6005,36.2086,45.4391,54.1999,62.3958,69.9383,76.7491
368,2025-10-31 13:23:42,proposed,0.0,8.60411830600463,16.999999999999996,24.93830848600463,32.22230848600463,38.77859169399537,44.50000000000001,49.33104169399537,53.20664169399537,56.06320830600463,57.85290830600463,58.53590830600463,58.07720830600463,56.45480830600463,53.65710830600463,49.70200830600463,44.60410830600463,38.40700830600463,31.17250830600463,23.00000830600463,14.00000830600463,4.35290830600463,-5.500000000000001,-15.000000000000002,-24.000000000000004,-32.22230848600463,-39.52930848600463,-45.82400848600463,-51.00200848600463,-54.91270848600463,-57.49860848600463,-58.70790848600463,-58.50610848600463,-56.86880848600463,-53.80930848600463,-49.33104169399537,-43.50994169399537,-36.43574169399537,-28.27904169399537,-19.28824169399537,-9.76184169399537,-0.0,9.76184169399537,19.28824169399537,28.27904169399537,36.43574169399537,43.50994169399537,49.33104169399537,53.80930848600463,56.86880848600463
369,2025-10-31 13:24:22,executed,0.0,8.60411830600463,16.999999999999996,24.93830848600463,32.22230848600463,38.77859169399537,44.50000000000001,49.33104169399537,53.20664169399537,56.06320830600463,57.85290830600463,58.53590830600463,58.07720830600463,56.45480830600463,53.65710830600463,49.70200830600463,44.60410830600463,38.40700830600463,31.17250830600463,23.00000830600463,14.00000830600463,4.35290830600463,-5.500000000000001,-15.000000000000002,-24.000000000000004,-32.22230848600463,-39.52930848600463,-45.82400848600463,-51.00200848600463,-54.91270848600463,-57.49860848600463,-58.70790848600463,-58.50610848600463,-56.86880848600463,-53.80930848600463,-49.33104169399537,-43.50994169399537,-36.43574169399537,-28.27904169399537,-19.28824169399537,-9.76184169399537,-0.0,9.76184169399537,19.28824169399537,28.27904169399537,36.43574169399537,43.50994169399537,49.33104169399537,53.80930848600463,56.86880848600463
369,2025-10-31 13:25:02,proposed,75.0,78.43,78.78,75.0,68.0,58.0,45.0,30.0,13.0,-5.0,-23.0,-40.0,-56.0,-70.0,-81.0,-89.0,-94.0,-96.0,-95.0,-91.0,-84.0,-74.0,-62.0,-48.0,-32.0,-15.0,3.0,21.0,38.0,54.0,68.0,79.0,87.0,92.0,94.0,93.0,89.0,82.0,72.0,60.0,46.0,30.0,13.0,-5.0,-23.0,-40.0,-56.0,-70.0,-81.0,-89.0
370,2025-10-31 13:25:42,executed,75.0,78.43,78.78,75.0,68.0,58.0,45.0,30.0,13.0,-5.0,-23.0,-40.0,-56.0,-70.0,-81.0,-89.0,-94.0,-96.0,-95.0,-91.0,-84.0,-74.0,-62.0,-48.0,-32.0,-15.0,3.0,21.0,38.0,54.0,68.0,79.0,87.0,92.0,94.0,93.0,89.0,82.0,72.0,60.0,46.0,30.0,13.0,-5.0,-23.0,-40.0,-56.0,-70.0,-81.0,-89.0
370,2025-10-31 13:26:25,proposed,0.0,8.8789,17.4615,25.4748,32.787,39.2041,44.5684,48.7196,51.6348,53.2679,53.6571,52.8402,50.8559,47.805,43.7995,39.0068,33.5461,27.5646,21.1637,14.4902,7.616,0.6163,-6.3264,-13.1492,-19.6465,-25.71,-31.239,-36.1858,-40.4889,-44.11,-47.0228,-49.19,-50.5828,-51.1756,-50.9618,-49.9502,-48.158,-45.6669,-42.502,-38.708,-34.3054,-29.3513,-23.9383,-18.156,-12.072,-5.769,0.6163,7.1074,13.683,20.1558
371,2025-10-31 13:27:05,executed,0.0,8.8789,17.4615,25.4748,32.787,39.2041,44.5684,48.7196,51.6348,53.2679,53.6571,52.8402,50.8559,47.805,43.7995,39.0068,33.5461,27.5646,21.1637,14.4902,7.616,0.6163,-6.3264,-13.1492,-19.6465,-25.71,-31.239,-36.1858,-40.4889,-44.11,-47.0228,-49.19,-50.5828,-51.1756,-50.9618,-49.9502,-48.158,-45.6669,-42.502,-38.708,-34.3054,-29.3513,-23.9383,-18.156,-12.072,-5.769,0.6163,7.1074,13.683,20.1558
371,2025-10-31 13:27:48,proposed,0.0,22.8465,44.099,62.8851,77.6749,87.6775,92.4837,92.0166,86.407,76.0845,61.7918,44.399,24.8465,4.099,-17.0306,-37.013,-54.6588,-69.4658,-80.4859,-87.55,-90.0,-87.55,-80.4859,-69.4658,-54.6588,-37.013,-17.0306,4.099,24.8465,44.399,61.7918,76.0845,86.407,92.0166,92.4837,87.6775,77.6749,62.8851,44.099,22.8465,0.0,-22.8465,-44.099,-62.8851,-77.6749,-87.6775,-92.4837,-92.0166,-86.407,-76.0845
372,2025-10-31 13:28:28,executed,0.0,22.8465,44.099,62.8851,77.6749,87.6775,92.4837,92.0166,86.407,76.0845,61.7918,44.399,24.8465,4.099,-17.0306,-37.013,-54.6588,-69.4658,-80.4859,-87.55,-90.0,-87.55,-80.4859,-69.4658,-54.6588,-37.013,-17.0306,4.099,24.8465,44.399,61.7918,76.0845,86.407,92.0166,92.4837,87.6775,77.6749,62.8851,44.099,22.8465,0.0,-22.8465,-44.099,-62.8851,-77.6749,-87.6775,-92.4837,-92.0166,-86.407,-76.0845
372,2025-10-31 13:29:17,proposed,8.307186000000002,23.364234,37.072559,49.072559,59.106596,67.01046,72.64234,75.872559,76.672559,75.072559,71.106596,64.91046,56.64234,46.572559,34.972559,22.106596,8.272559,-6.127441,-20.027441,-32.927441,-44.593404,-54.727441,-63.127441,-69.66148,-74.293404,-76.927441,-77.527441,-76.027441,-72.593404,-67.327441,-60.327441,-51.793404,-41.927441,-30.927441,-19.027441,-6.46148,6.572559,19.807186,32.072559,43.106596,52.706596,60.772559,67.106596,71.572559,74.072559,74.572559,73.072559,69.706596,64.572559,57.706596
373,2025-10-31 13:29:57,executed,8.307186000000002,23.364234,37.072559,49.072559,59.106596,67.01046,72.64234,75.872559,76.672559,75.072559,71.106596,64.91046,56.64234,46.572559,34.972559,22.106596,8.272559,-6.127441,-20.027441,-32.927441,-44.593404,-54.727441,-63.127441,-69.66148,-74.293404,-76.927441,-77.527441,-76.027441,-72.593404,-67.327441,-60.327441,-51.793404,-41.927441,-30.927441,-19.027441,-6.46148,6.572559,19.807186,32.072559,43.106596,52.706596,60.772559,67.106596,71.572559,74.072559,74.572559,73.072559,69.706596,64.572559,57.706596
373,2025-10-31 13:30:58,proposed,0.0,13.97486895311096,27.20050854406129,39.19018449019232,49.33101260481284,57.19090666012437,62.41690666012437,64.80020300481284,64.16070666012438,60.55060666012437,54.34910666012437,46.08950666012437,36.39410666012437,26.00020300481284,15.66150666012437,5.90900666012437,-2.89909333987563,-9.51029333987563,-13.06459333987563,-13.06459333987563,-9.51029333987563,-2.89909333987563,5.90900666012437,15.66150666012437,26.00020300481284,36.39410666012437,46.08950666012437,54.34910666012437,60.55060666012437,64.16070666012438,64.80020300481284,62.41690666012437,57.19090666012437,49.33101260481284,39.19018449019232,27.20050854406129,13.97486895311096,0.0,-13.97486895311096,-27.20050854406129,-39.19018449019232,-49.33101260481284,-57.19090666012437,-62.41690666012437,-64.80020300481284,-64.16070666012438,-60.55060666012437,-54.34910666012437,-46.08950666012437,-36.39410666012437
374,2025-10-31 13:31:38,executed,0.0,13.97486895311096,27.20050854406129,39.19018449019232,49.33101260481284,57.19090666012437,62.41690666012437,64.80020300481284,64.16070666012438,60.55060666012437,54.34910666012437,46.08950666012437,36.39410666012437,26.00020300481284,15.66150666012437,5.90900666012437,-2.89909333987563,-9.51029333987563,-13.06459333987563,-13.06459333987563,-9.51029333987563,-2.89909333987563,5.90900666012437,15.66150666012437,26.00020300481284,36.39410666012437,46.08950666012437,54.34910666012437,60.55060666012437,64.16070666012438,64.80020300481284,62.41690666012437,57.19090666012437,49.33101260481284,39.19018449019232,27.20050854406129,13.97486895311096,0.0,-13.97486895311096,-27.20050854406129,-39.19018449019232,-49.33101260481284,-57.19090666012437,-62.41690666012437,-64.80020300481284,-64.16070666012438,-60.55060666012437,-54.34910666012437,-46.08950666012437,-36.39410666012437
374,2025-10-31 13:32:27,proposed,0.0,15.9694,31.0709,44.6976,56.3582,65.66,72.491,76.791,78.5831,77.902,74.7938,69.4658,62.0961,52.902,42.188,30.3474,17.7398,4.6194,-8.6041,-21.7785,-34.0451,-45.1786,-54.9127,-63.0902,-69.5447,-74.161,-76.791,-77.409,-76.0125,-72.72,-67.636,-60.9017,-52.697,-43.204,-32.6244,-21.2205,-9.2882,3.018,15.0006,26.2652,36.4357,45.399,53.0538,59.2615,63.9999,67.2346,68.9726,69.2941,68.278,66.0792
375,2025-10-31 13:33:07,executed,0.0,15.9694,31.0709,44.6976,56.3582,65.66,72.491,76.791,78.5831,77.902,74.7938,69.4658,62.0961,52.902,42.188,30.3474,17.7398,4.6194,-8.6041,-21.7785,-34.0451,-45.1786,-54.9127,-63.0902,-69.5447,-74.161,-76.791,-77.409,-76.0125,-72.72,-67.636,-60.9017,-52.697,-43.204,-32.6244,-21.2205,-9.2882,3.018,15.0006,26.2652,36.4357,45.399,53.0538,59.2615,63.9999,67.2346,68.9726,69.2941,68.278,66.0792
375,2025-10-31 13:34:01,proposed,10.428782,60.106462,107.567086,137.957811,149.076045,140.23199,111.455648,65.621529,17.030638,-30.950099,-74.793811,-112.557811,-139.41902,-149.076045,-140.23199,-111.455648,-65.621529,-17.030638,30.950099,74.793811,112.557811,139.41902,149.076045,140.23199,111.455648,10.428782,60.106462,107.567086,137.957811,149.076045,140.23199,111.455648,65.621529,17.030638,-30.950099,-74.793811,-112.557811,-139.41902,-149.076045,-140.23199,-111.455648,-65.621529,-17.030638,30.950099,74.793811,112.557811,139.41902,149.076045,140.23199,111.455648
376,2025-10-31 13:34:41,executed,10.428782,60.106462,107.567086,137.957811,149.076045,140.23199,111.455648,65.621529,17.030638,-30.950099,-74.793811,-112.557811,-139.41902,-149.076045,-140.23199,-111.455648,-65.621529,-17.030638,30.950099,74.793811,112.557811,139.41902,149.076045,140.23199,111.455648,10.428782,60.106462,107.567086,137.957811,149.076045,140.23199,111.455648,65.621529,17.030638,-30.950099,-74.793811,-112.557811,-139.41902,-149.076045,-140.23199,-111.455648,-65.621529,-17.030638,30.950099,74.793811,112.557811,139.41902,149.076045,140.23199,111.455648
376,2025-10-31 13:35:38,proposed,10.23724368160086,29.56994793666579,44.91261313797689,55.08643881475704,59.18667537354477,58.11894982631557,52.88094605988517,44.59005953041284,34.34110372337651,23.11186780362228,11.83963428987455,1.405786419717551,-7.53039659081577,-14.65486981881781,-19.46271966236968,-21.68882012019409,-21.41165077271836,-18.89539097721852,-14.54924194086111,-8.80400304603612,-2.10051410659972,4.87326496463953,11.08272551466085,15.93881745499295,19.03963428987455,20.18667537354477,19.34110372337651,16.79005953041284,13.00051410659972,8.40578641971755,3.405786419717551,-1.46271966236968,-5.73039659081577,-8.99539097721852,-11.08272551466085,-11.91665077271836,-11.41165077271836,-9.54924194086111,-6.46271966236968,-2.46271966236968,1.87326496463953,6.23724368160086,10.23724368160086,13.56994793666579,16.08094605988517,17.68667537354477,18.34110372337651,18.08094605988517,17.00051410659972,15.23724368160086
377,2025-10-31 13:36:18,executed,10.23724368160086,29.56994793666579,44.91261313797689,55.08643881475704,59.18667537354477,58.11894982631557,52.88094605988517,44.59005953041284,34.34110372337651,23.11186780362228,11.83963428987455,1.405786419717551,-7.53039659081577,-14.65486981881781,-19.46271966236968,-21.68882012019409,-21.41165077271836,-18.89539097721852,-14.54924194086111,-8.80400304603612,-2.10051410659972,4.87326496463953,11.08272551466085,15.93881745499295,19.03963428987455,20.18667537354477,19.34110372337651,16.79005953041284,13.00051410659972,8.40578641971755,3.405786419717551,-1.46271966236968,-5.73039659081577,-8.99539097721852,-11.08272551466085,-11.91665077271836,-11.41165077271836,-9.54924194086111,-6.46271966236968,-2.46271966236968,1.87326496463953,6.23724368160086,10.23724368160086,13.56994793666579,16.08094605988517,17.68667537354477,18.34110372337651,18.08094605988517,17.00051410659972,15.23724368160086
377,2025-10-31 13:37:10,proposed,89.1764723924618,97.43306041797685,99.99999999999999,99.99999999999999,99.99999999999999,99.99999999999999,99.99999999999999,99.99999999999999,99.99999999999999,99.99999999999999,99.99999999999999,99.99999999999999,99.99999999999999,99.99999999999999,99.99999999999999,99.99999999999999,99.99999999999999,99.99999999999999,99.99999999999999,99.99999999999999,99.99999999999999,99.99999999999999,99.99999999999999,99.99999999999999,99.99999999999999,99.99999999999999,99.99999999999999,99.99999999999999,99.99999999999999,99.99999999999999,99.99999999999999,99.99999999999999,99.99999999999999,99.99999999999999,99.99999999999999,99.99999999999999,99.99999999999999,99.99999999999999,99.99999999999999,99.99999999999999,99.99999999999999,99.99999999999999,99.99999999999999,99.99999999999999,99.99999999999999,99.99999999999999,99.99999999999999,99.99999999999999,99.99999999999999,99.99999999999999
378,2025-10-31 13:37:50,executed,89.1764723924618,97.43306041797685,99.99999999999999,99.99999999999999,99.99999999999999,99.99999999999999,99.99999999999999,99.99999999999999,99.99999999999999,99.99999999999999,99.99999999999999,99.99999999999999,99.99999999999999,99.99999999999999,99.99999999999999,99.99999999999999,99.99999999999999,99.99999999999999,99.99999999999999,99.99999999999999,99.99999999999999,99.99999999999999,99.99999999999999,99.99999999999999,99.99999999999999,99.99999999999999,99.99999999999999,99.99999999999999,99.99999999999999,99.99999999999999,99.99999999999999,99.99999999999999,99.99999999999999,99.99999999999999,99.99999999999999,99.99999999999999,99.99999999999999,99.99999999999999,99.99999999999999,99.99999999999999,99.99999999999999,99.99999999999999,99.99999999999999,99.99999999999999,99.99999999999999,99.99999999999999,99.99999999999999,99.99999999999999,99.99999999999999,99.99999999999999
378,2025-10-31 13:38:45,proposed,0.0,12.53332335643042,24.7404,36.381400000000006,47.214000000000006,57.0,65.5108,72.5377,77.9074,81.494,83.21,83.0,80.829,76.7,70.7,62.9,53.4,42.3,29.8,16.1,1.4,-13.5,-28.9,-44.0,-58.0,-70.0,-79.0,-84.9,-87.9,-88.0,-85.2,-79.6,-71.4,-60.8,-48.0,-33.2,-16.8,0.0,17.0,33.0,47.0,58.0,66.0,71.0,73.0,72.0,68.0,61.0,51.0,38.0
379,2025-10-31 13:39:25,executed,0.0,12.53332335643042,24.7404,36.381400000000006,47.214000000000006,57.0,65.5108,72.5377,77.9074,81.494,83.21,83.0,80.829,76.7,70.7,62.9,53.4,42.3,29.8,16.1,1.4,-13.5,-28.9,-44.0,-58.0,-70.0,-79.0,-84.9,-87.9,-88.0,-85.2,-79.6,-71.4,-60.8,-48.0,-33.2,-16.8,0.0,17.0,33.0,47.0,58.0,66.0,71.0,73.0,72.0,68.0,61.0,51.0,38.0
379,2025-10-31 13:40:20,proposed,0.0,18.79158564050853,36.43570535900547,51.35471792978002,63.09016994374947,71.05740685,74.79380630000001,74.06680630000001,68.8093063,59.19850630000001,45.57860630000001,28.47350630000001,8.60410630000001,-12.33920630000001,-33.09030630000001,-51.52040630000001,-66.8641063,-78.32040630000002,-85.2066063,-87.05060630000001,-83.54200630000001,-74.79380630000001,-61.26070630000001,-43.70000630000001,-22.96500630000001,-6.30000001e-06,22.96500630000001,43.70000630000001,61.26070630000001,74.79380630000001,83.54200630000001,87.05060630000001,85.2066063,78.32040630000002,66.8641063,51.52040630000001,33.09030630000001,12.33920630000001,-8.60410630000001,-28.47350630000001,-45.57860630000001,-59.19850630000001,-68.8093063,-74.06680630000001,-74.79380630000001,-71.05740630000001,-63.09016994374947,-51.35471792978002,-36.43570535900547,-18.79158564050853
380,2025-10-31 13:41:00,executed,0.0,18.79158564050853,36.43570535900547,51.35471792978002,63.09016994374947,71.05740685,74.79380630000001,74.06680630000001,68.8093063,59.19850630000001,45.57860630000001,28.47350630000001,8.60410630000001,-12.33920630000001,-33.09030630000001,-51.52040630000001,-66.8641063,-78.32040630000002,-85.2066063,-87.05060630000001,-83.54200630000001,-74.79380630000001,-61.26070630000001,-43.70000630000001,-22.96500630000001,-6.30000001,-6.0,22.96500630000001,43.70000630000001,61.26070630000001,74.79380630000001,83.54200630000001,87.05060630000001,85.2066063,78.32040630000002,66.8641063,51.52040630000001,33.09030630000001,12.33920630000001,-8.60410630000001,-28.47350630000001,-45.57860630000001,-59.19850630000001,-68.8093063,-74.06680630000001,-74.79380630000001,-71.05740630000001,-63.09016994374947,-51.35471792978002,-36.43570535900547
380,2025-10-31 13:41:46,proposed,0.0,22.25211364528577,41.56475753066373,55.77609257697193,63.63961030678928,64.91206198031306,59.50848039775953,48.07990460309977,31.74263098380064,11.916127000000001,-9.14213562373095,-30.0,-48.07990460309977,-60.0,-66.079203,-66.079203,-60.0,-48.07990460309977,-30.0,-9.14213562373095,11.916127000000001,31.74263098380064,48.07990460309977,59.50848039775953,64.91206198031306,63.63961030678928,55.77609257697193,41.56475753066373,22.25211364528577,0.0,-22.25211364528577,-41.56475753066373,-55.77609257697193,-63.63961030678928,-64.91206198031306,-59.50848039775953,-48.07990460309977,-31.74263098380064,-11.916127000000001,9.14213562373095,30.0,48.07990460309977,60.0,66.079203,66.079203,60.0,48.07990460309977,30.0,9.14213562373095,-11.916127000000001
381,2025-10-31 13:42:26,executed,0.0,22.25211364528577,41.56475753066373,55.77609257697193,63.63961030678928,64.91206198031306,59.50848039775953,48.07990460309977,31.74263098380064,11.916127000000001,-9.14213562373095,-30.0,-48.07990460309977,-60.0,-66.079203,-66.079203,-60.0,-48.07990460309977,-30.0,-9.14213562373095,11.916127000000001,31.74263098380064,48.07990460309977,59.50848039775953,64.91206198031306,63.63961030678928,55.77609257697193,41.56475753066373,22.25211364528577,0.0,-22.25211364528577,-41.56475753066373,-55.77609257697193,-63.63961030678928,-64.91206198031306,-59.50848039775953,-48.07990460309977,-31.74263098380064,-11.916127000000001,9.14213562373095,30.0,48.07990460309977,60.0,66.079203,66.079203,60.0,48.07990460309977,30.0,9.14213562373095,-11.916127000000001
381,2025-10-31 13:43:10,proposed,0.0,21.5815,41.599,59.3136,73.9927,84.288,84.9915,76.0845,59.1985,36.4357,9.8733,-17.6802,-43.7,-66.0792,-81.0906,-84.9915,-76.0845,-59.1985,-36.4357,-9.8733,17.6802,43.7,66.0792,81.0906,84.9915,76.0845,59.1985,36.4357,9.8733,-17.6802,-43.7,-66.0792,-81.0906,-84.9915,-76.0845,-59.1985,-36.4357,-9.8733,17.6802,43.7,66.0792,81.0906,84.9915,76.0845,59.1985,36.4357,9.8733,-17.6802,-43.7,-66.0792
382,2025-10-31 13:43:50,executed,0.0,21.5815,41.599,59.3136,73.9927,84.288,84.9915,76.0845,59.1985,36.4357,9.8733,-17.6802,-43.7,-66.0792,-81.0906,-84.9915,-76.0845,-59.1985,-36.4357,-9.8733,17.6802,43.7,66.0792,81.0906,84.9915,76.0845,59.1985,36.4357,9.8733,-17.6802,-43.7,-66.0792,-81.0906,-84.9915,-76.0845,-59.1985,-36.4357,-9.8733,17.6802,43.7,66.0792,81.0906,84.9915,76.0845,59.1985,36.4357,9.8733,-17.6802,-43.7,-66.0792
382,2025-10-31 13:44:39,proposed,0.0,10.163204,20.191332,29.930115,39.254739,48.056901,56.238325,63.719004,70.42091,76.273628,81.208612,85.163402,88.085001,89.938601,90.693901,90.347301,88.915001,86.420901,82.906601,78.420901,73.023601,66.785001,59.785001,52.116401,43.873701,35.163401,26.098901,16.785001,7.368601,-1.985001,-11.206601,-20.191301,-28.857001,-37.116401,-44.885001,-52.085001,-58.646501,-64.500001,-69.589101,-73.885001,-77.339801,-79.930101,-81.673701,-82.595001,-82.742001,-82.163401,-80.920901,-79.085001,-76.723601,-73.906601
383,2025-10-31 13:45:19,executed,0.0,10.163204,20.191332,29.930115,39.254739,48.056901,56.238325,63.719004,70.42091,76.273628,81.208612,85.163402,88.085001,89.938601,90.693901,90.347301,88.915001,86.420901,82.906601,78.420901,73.023601,66.785001,59.785001,52.116401,43.873701,35.163401,26.098901,16.785001,7.368601,-1.985001,-11.206601,-20.191301,-28.857001,-37.116401,-44.885001,-52.085001,-58.646501,-64.500001,-69.589101,-73.885001,-77.339801,-79.930101,-81.673701,-82.595001,-82.742001,-82.163401,-80.920901,-79.085001,-76.723601,-73.906601
383,2025-10-31 13:46:16,proposed,0.0,19.888,38.544,54.856,67.896,76.944,81.496,81.296,76.48,67.48,54.856,39.2,21.128,1.28,-18.888,-38.08,-54.384,-67.48,-76.64,-81.296,-81.496,-76.944,-67.896,-54.856,-38.544,-19.888,-0.0,19.888,38.544,54.856,67.896,76.944,81.496,81.296,76.48,67.48,54.856,39.2,21.128,1.28,-18.888,-38.08,-54.384,-67.48,-76.64,-81.296,-81.496,-76.944,-67.896,-54.856
384,2025-10-31 13:46:56,executed,0.0,19.888,38.544,54.856,67.896,76.944,81.496,81.296,76.48,67.48,54.856,39.2,21.128,1.28,-18.888,-38.08,-54.384,-67.48,-76.64,-81.296,-81.496,-76.944,-67.896,-54.856,-38.544,-19.888,-0.0,19.888,38.544,54.856,67.896,76.944,81.496,81.296,76.48,67.48,54.856,39.2,21.128,1.28,-18.888,-38.08,-54.384,-67.48,-76.64,-81.296,-81.496,-76.944,-67.896,-54.856
384,2025-10-31 13:48:23,proposed,100.867975,109.117173,115.029849,118.44199,119.227244,117.38283,112.783151,105.790906,96.772591,86.10903,74.175069,61.349091,47.999999,34.500001,21.190909,8.407069,-3.500001,-14.675069,-24.783151,-33.650909,-41.190909,-47.307069,-51.900001,-54.900001,-56.392931,-56.392931,-54.900001,-51.900001,-47.307069,-41.190909,-33.650909,-24.783151,-14.675069,-3.500001,8.407069,21.190909,34.500001,47.999999,61.349091,74.175069,86.10903,96.772591,105.790906,112.783151,117.38283,119.227244,118.44199,115.029849,109.117173,100.867975
385,2025-10-31 13:49:03,executed,100.867975,109.117173,115.029849,118.44199,119.227244,117.38283,112.783151,105.790906,96.772591,86.10903,74.175069,61.349091,47.999999,34.500001,21.190909,8.407069,-3.500001,-14.675069,-24.783151,-33.650909,-41.190909,-47.307069,-51.900001,-54.900001,-56.392931,-56.392931,-54.900001,-51.900001,-47.307069,-41.190909,-33.650909,-24.783151,-14.675069,-3.500001,8.407069,21.190909,34.500001,47.999999,61.349091,74.175069,86.10903,96.772591,105.790906,112.783151,117.38283,119.227244,118.44199,115.029849,109.117173,100.867975
385,2025-10-31 13:49:54,proposed,0.0,31.050300000000004,50.4006,60.0,59.19939999999999,48.0006,36.4006,24.4006,12.0,-0.8006,-14.0,-26.8006,-38.4006,-48.8006,-58.0,-60.0,-58.0,-54.0,-48.0,-40.0,-30.0,-18.0,-4.0,12.0,30.0,40.0,40.0,39.19939999999999,38.0,36.4006,34.4006,32.0,29.2,26.0,22.4,18.4,14.0,9.2,4.0,-1.6,-7.6,-14.0,-20.8,-28.0,-35.6,-43.6,-52.0,-60.8,-70.0,-79.6
386,2025-10-31 13:50:34,executed,0.0,31.050300000000004,50.4006,60.0,59.19939999999999,48.0006,36.4006,24.4006,12.0,-0.8006,-14.0,-26.8006,-38.4006,-48.8006,-58.0,-60.0,-58.0,-54.0,-48.0,-40.0,-30.0,-18.0,-4.0,12.0,30.0,40.0,40.0,39.19939999999999,38.0,36.4006,34.4006,32.0,29.2,26.0,22.4,18.4,14.0,9.2,4.0,-1.6,-7.6,-14.0,-20.8,-28.0,-35.6,-43.6,-52.0,-60.8,-70.0,-79.6
386,2025-10-31 13:51:27,proposed,-1.060591572979219,42.45780287514109,70.8252277494639,79.1678252220791,69.34440078239088,46.99507963283259,17.51403063548986,-13.91694605928646,-42.84650630605058,-63.1539268393939,-71.8384818719871,-66.1915967046844,-47.6906567373817,-20.6725170400289,9.68923391692398,35.81188391692398,52.88923391692398,59.81188391692398,56.88923391692398,45.81188391692398,29.88923391692398,11.81188391692398,-6.11076608307602,-22.18811608307602,-34.11076608307602,-41.18811608307602,-43.11076608307602,-39.18811608307602,-30.11076608307602,-17.18811608307602,-1.11076608307602,16.81188391692398,35.88923391692398,54.81188391692398,69.88923391692398,79.81188391692397,83.88923391692398,81.81188391692397,73.88923391692398,60.81188391692398,43.88923391692398,23.81188391692398,2.88923391692398,-17.11076608307602,-36.18811608307602,-52.11076608307602,-63.18811608307602,-68.11076608307602,-66.18811608307603,-58.11076608307602
387,2025-10-31 13:52:07,executed,-1.060591572979219,42.45780287514109,70.8252277494639,79.1678252220791,69.34440078239088,46.99507963283259,17.51403063548986,-13.91694605928646,-42.84650630605058,-63.1539268393939,-71.8384818719871,-66.1915967046844,-47.6906567373817,-20.6725170400289,9.68923391692398,35.81188391692398,52.88923391692398,59.81188391692398,56.88923391692398,45.81188391692398,29.88923391692398,11.81188391692398,-6.11076608307602,-22.18811608307602,-34.11076608307602,-41.18811608307602,-43.11076608307602,-39.18811608307602,-30.11076608307602,-17.18811608307602,-1.11076608307602,16.81188391692398,35.88923391692398,54.81188391692398,69.88923391692398,79.81188391692397,83.88923391692398,81.81188391692397,73.88923391692398,60.81188391692398,43.88923391692398,23.81188391692398,2.88923391692398,-17.11076608307602,-36.18811608307602,-52.11076608307602,-63.18811608307602,-68.11076608307602,-66.18811608307603,-58.11076608307602
387,2025-10-31 13:52:50,proposed,-10.8703,-29.8974,-46.7212,-60.9755,-72.2346,-80.0,-83.542,-82.8989,-78.006,-69.4658,-57.9409,-44.099,-28.4735,-11.6086,5.5099,22.2965,38.204,52.569,64.9121,74.9172,82.2786,86.766,88.085,86.407,81.909,74.8587,65.66,54.6588,42.188,28.785,14.718,0.3802,-13.683,-27.279,-39.9009,-51.2729,-61.0906,-69.0279,-74.8082,-78.204,-79.006,-77.0581,-72.2451,-64.8002,-55.003,-43.204,-29.769,-15.0006,0.785,16.7909
388,2025-10-31 13:53:30,executed,-10.8703,-29.8974,-46.7212,-60.9755,-72.2346,-80.0,-83.542,-82.8989,-78.006,-69.4658,-57.9409,-44.099,-28.4735,-11.6086,5.5099,22.2965,38.204,52.569,64.9121,74.9172,82.2786,86.766,88.085,86.407,81.909,74.8587,65.66,54.6588,42.188,28.785,14.718,0.3802,-13.683,-27.279,-39.9009,-51.2729,-61.0906,-69.0279,-74.8082,-78.204,-79.006,-77.0581,-72.2451,-64.8002,-55.003,-43.204,-29.769,-15.0006,0.785,16.7909
388,2025-10-31 13:54:38,proposed,1.4552,-10.3608,14.773,10.3952,-10.8265,-12.3957,10.3207,-18.729,21.0425,20.3015,-13.0487,13.918,14.509,13.1119,-15.1119,1.4552,-10.3608,14.773,10.3952,-10.8265,-12.3957,10.3207,-18.729,21.0425,20.3015,-13.0487,13.918,14.509,13.1119,-15.1119,1.4552,-10.3608,14.773,10.3952,-10.8265,-12.3957,10.3207,-18.729,21.0425,20.3015,-13.0487,13.918,14.509,13.1119,-15.1119,1.4552,-10.3608,14.773,10.3952,-10.8265
389,2025-10-31 13:55:18,executed,1.4552,-10.3608,14.773,10.3952,-10.8265,-12.3957,10.3207,-18.729,21.0425,20.3015,-13.0487,13.918,14.509,13.1119,-15.1119,1.4552,-10.3608,14.773,10.3952,-10.8265,-12.3957,10.3207,-18.729,21.0425,20.3015,-13.0487,13.918,14.509,13.1119,-15.1119,1.4552,-10.3608,14.773,10.3952,-10.8265,-12.3957,10.3207,-18.729,21.0425,20.3015,-13.0487,13.918,14.509,13.1119,-15.1119,1.4552,-10.3608,14.773,10.3952,-10.8265
389,2025-10-31 13:56:26,proposed,80.709927,86.824707,85.061985,77.060793,63.639601,46.042307,25.503404,3.208601,-18.791399,-39.204099,-56.8688,-70.9755,-80.709927,-85.061985,-86.824707,-85.061985,-77.060793,-63.639601,-46.042307,-25.503404,-3.208601,18.791399,39.204099,56.8688,70.9755,80.709927,85.061985,86.824707,85.061985,77.060793,63.639601,46.042307,25.503404,3.208601,-18.791399,-39.204099,-56.8688,-70.9755,-80.709927,-85.061985,-86.824707,-85.061985,-77.060793,-63.639601,-46.042307,-25.503404,-3.208601,18.791399,39.204099,56.8688
390,2025-10-31 13:57:06,executed,80.709927,86.824707,85.061985,77.060793,63.639601,46.042307,25.503404,3.208601,-18.791399,-39.204099,-56.8688,-70.9755,-80.709927,-85.061985,-86.824707,-85.061985,-77.060793,-63.639601,-46.042307,-25.503404,-3.208601,18.791399,39.204099,56.8688,70.9755,80.709927,85.061985,86.824707,85.061985,77.060793,63.639601,46.042307,25.503404,3.208601,-18.791399,-39.204099,-56.8688,-70.9755,-80.709927,-85.061985,-86.824707,-85.061985,-77.060793,-63.639601,-46.042307,-25.503404,-3.208601,18.791399,39.204099,56.8688
390,2025-10-31 13:57:44,proposed,0.0,9.3751,18.541,27.3619,35.709,43.4501,50.46,56.62,61.81,65.92,68.85,70.51,70.83,69.8,67.44,63.8,59.0,53.15,46.39,38.86,30.7,22.06,13.08,3.9,-5.3,-14.3,-22.9,-31.0,-38.5,-45.3,-51.3,-56.4,-60.6,-63.8,-66.0,-67.2,-67.4,-66.6,-64.8,-62.0,-58.3,-53.6,-48.1,-41.8,-34.8,-27.2,-19.1,-10.6,-1.8,7.2
391,2025-10-31 13:58:24,executed,0.0,9.3751,18.541,27.3619,35.709,43.4501,50.46,56.62,61.81,65.92,68.85,70.51,70.83,69.8,67.44,63.8,59.0,53.15,46.39,38.86,30.7,22.06,13.08,3.9,-5.3,-14.3,-22.9,-31.0,-38.5,-45.3,-51.3,-56.4,-60.6,-63.8,-66.0,-67.2,-67.4,-66.6,-64.8,-62.0,-58.3,-53.6,-48.1,-41.8,-34.8,-27.2,-19.1,-10.6,-1.8,7.2
391,2025-10-31 13:59:12,proposed,75.0,73.0862,69.2941,63.6396,56.25,47.2933,37.0408,25.71,13.5765,1.0,-11.51,-23.3537,-34.0451,-43.2986,-50.994,-57.063,-61.4243,-63.9999,-64.6368,-63.2729,-59.9999,-54.9127,-48.1635,-39.9009,-30.3474,-19.784,-8.5065,2.9829,14.2958,25.0216,34.8507,43.5099,50.7514,56.4025,60.3593,62.595,62.9999,61.5703,58.369,53.435,46.8302,38.7786,29.476,19.101,7.8398,-3.7303,-15.5615,-26.2652,-35.6083,-43.399
392,2025-10-31 13:59:52,executed,75.0,73.0862,69.2941,63.6396,56.25,47.2933,37.0408,25.71,13.5765,1.0,-11.51,-23.3537,-34.0451,-43.2986,-50.994,-57.063,-61.4243,-63.9999,-64.6368,-63.2729,-59.9999,-54.9127,-48.1635,-39.9009,-30.3474,-19.784,-8.5065,2.9829,14.2958,25.0216,34.8507,43.5099,50.7514,56.4025,60.3593,62.595,62.9999,61.5703,58.369,53.435,46.8302,38.7786,29.476,19.101,7.8398,-3.7303,-15.5615,-26.2652,-35.6083,-43.399
392,2025-10-31 14:00:33,proposed,90.0,88.8855,85.595,80.295,73.1,64.1607,53.6571,41.8306,29.0002,15.6615,2.899,-8.6041,-19.784,-30.3474,-40.059,-48.7196,-56.1985,-62.4169,-67.2346,-70.599,-72.491,-72.919,-71.902,-69.4658,-65.6601,-60.5506,-54.204,-46.7599,-38.407,-29.3513,-19.784,-9.8733,0.0,9.8733,19.784,29.3513,38.407,46.7599,54.204,60.5506,65.6601,69.4658,71.902,72.919,72.491,70.599,67.2346,62.4169,56.1985,48.7196
393,2025-10-31 14:01:13,executed,90.0,88.8855,85.595,80.295,73.1,64.1607,53.6571,41.8306,29.0002,15.6615,2.899,-8.6041,-19.784,-30.3474,-40.059,-48.7196,-56.1985,-62.4169,-67.2346,-70.599,-72.491,-72.919,-71.902,-69.4658,-65.6601,-60.5506,-54.204,-46.7599,-38.407,-29.3513,-19.784,-9.8733,0.0,9.8733,19.784,29.3513,38.407,46.7599,54.204,60.5506,65.6601,69.4658,71.902,72.919,72.491,70.599,67.2346,62.4169,56.1985,48.7196
393,2025-10-31 14:02:01,proposed,-100.0,-95.91836734693878,-91.83673469387756,-87.75510204081634,-83.6734693877551,-79.59183673469389,-75.51020408163265,-71.42857142857143,-67.3469387755102,-63.26530612244898,-59.183673469387756,-55.10204081632653,-51.02040816326531,-46.93877551020408,-42.857142857142854,-38.77551020408163,-34.69387755102041,-30.612244897959183,-26.53061224489796,-22.448979591836736,-18.36734693877551,-14.285714285714285,-10.20408163265306,-6.122448979591837,-2.0408163265306123,2.0408163265306123,6.122448979591837,10.20408163265306,14.285714285714285,18.36734693877551,22.448979591836736,26.53061224489796,30.612244897959183,34.69387755102041,38.77551020408163,42.857142857142854,46.93877551020408,51.02040816326531,55.10204081632653,59.183673469387756,63.26530612244898,67.3469387755102,71.42857142857143,75.51020408163265,79.59183673469389,83.6734693877551,87.75510204081634,91.83673469387756,95.91836734693878,100.0
394,2025-10-31 14:02:41,executed,-100.0,-95.91836734693878,-91.83673469387756,-87.75510204081634,-83.6734693877551,-79.59183673469389,-75.51020408163265,-71.42857142857143,-67.3469387755102,-63.26530612244898,-59.183673469387756,-55.10204081632653,-51.02040816326531,-46.93877551020408,-42.857142857142854,-38.77551020408163,-34.69387755102041,-30.612244897959183,-26.53061224489796,-22.448979591836736,-18.36734693877551,-14.285714285714285,-10.20408163265306,-6.122448979591837,-2.0408163265306123,2.0408163265306123,6.122448979591837,10.20408163265306,14.285714285714285,18.36734693877551,22.448979591836736,26.53061224489796,30.612244897959183,34.69387755102041,38.77551020408163,42.857142857142854,46.93877551020408,51.02040816326531,55.10204081632653,59.183673469387756,63.26530612244898,67.3469387755102,71.42857142857143,75.51020408163265,79.59183673469389,83.6734693877551,87.75510204081634,91.83673469387756,95.91836734693878,100.0
394,2025-10-31 14:04:34,proposed,7.300642,18.064593,27.818451,36.000171,42.158223,45.987766,47.374102,46.407056,43.399004,38.708007,32.787002,26.000244,18.683408,11.151006,3.604701,-3.604701,-10.518006,-16.896,-22.439,-26.9744,-30.3474,-32.459,-33.2223,-32.5685,-30.505,-27.1701,-22.7074,-17.3197,-11.2331,-4.6194,2.3524,9.6958,17.4021,25.1186,32.5312,39.3056,45.2985,50.3474,54.3315,57.1909,58.869,59.325,58.5359,56.542,53.435,49.331,44.399,38.7786,32.6244,26.0989
395,2025-10-31 14:05:14,executed,7.300642,18.064593,27.818451,36.000171,42.158223,45.987766,47.374102,46.407056,43.399004,38.708007,32.787002,26.000244,18.683408,11.151006,3.604701,-3.604701,-10.518006,-16.896,-22.439,-26.9744,-30.3474,-32.459,-33.2223,-32.5685,-30.505,-27.1701,-22.7074,-17.3197,-11.2331,-4.6194,2.3524,9.6958,17.4021,25.1186,32.5312,39.3056,45.2985,50.3474,54.3315,57.1909,58.869,59.325,58.5359,56.542,53.435,49.331,44.399,38.7786,32.6244,26.0989
395,2025-10-31 14:06:06,proposed,49.49747468305833,65.7368971480077,69.99999999999999,62.61180093710566,44.56840700000001,19.784000000000002,-8.604099999999999,-36.435700000000004,-59.1985,-68.8093,-68.8093,-59.1985,-36.435700000000004,-8.604099999999999,19.784000000000002,44.56840700000001,62.61180093710566,69.99999999999999,65.7368971480077,49.49747468305833,26.265200000000004,-0.0,-26.265200000000004,-49.49747468305833,-65.7368971480077,-69.99999999999999,-62.61180093710566,-44.56840700000001,-19.784000000000002,8.604099999999999,36.435700000000004,59.1985,68.8093,68.8093,59.1985,36.435700000000004,8.604099999999999,-19.784000000000002,-44.56840700000001,-62.61180093710566,-69.99999999999999,-65.7368971480077,-49.49747468305833,-26.265200000000004,-0.0,26.265200000000004,49.49747468305833,65.7368971480077,69.99999999999999,62.61180093710566
396,2025-10-31 14:06:46,executed,49.49747468305833,65.7368971480077,69.99999999999999,62.61180093710566,44.56840700000001,19.784000000000002,-8.604099999999999,-36.435700000000004,-59.1985,-68.8093,-68.8093,-59.1985,-36.435700000000004,-8.604099999999999,19.784000000000002,44.56840700000001,62.61180093710566,69.99999999999999,65.7368971480077,49.49747468305833,26.265200000000004,-0.0,-26.265200000000004,-49.49747468305833,-65.7368971480077,-69.99999999999999,-62.61180093710566,-44.56840700000001,-19.784000000000002,8.604099999999999,36.435700000000004,59.1985,68.8093,68.8093,59.1985,36.435700000000004,8.604099999999999,-19.784000000000002,-44.56840700000001,-62.61180093710566,-69.99999999999999,-65.7368971480077,-49.49747468305833,-26.265200000000004,-0.0,26.265200000000004,49.49747468305833,65.7368971480077,69.99999999999999,62.61180093710566
396,2025-10-31 14:08:33,proposed,90.0,89.9211,89.6844,89.2905,88.7401,88.0343,87.1741,86.1607,84.9953,83.6792,82.2139,80.6008,78.8416,76.9379,74.8916,72.7047,70.3794,67.9179,65.3227,62.5964,59.7417,56.7615,53.6587,50.4363,47.0974,43.6451,40.0826,36.4132,32.6402,28.7669,24.7969,20.7335,16.5804,12.3411,8.0191,3.6181,-0.8584,-5.3053,-9.6181,-13.7916,-17.817,-21.6844,-25.3844,-28.9084,-32.2484,-35.3969,-38.3469,-41.0916,-43.6244,-45.9401
397,2025-10-31 14:09:13,executed,90.0,89.9211,89.6844,89.2905,88.7401,88.0343,87.1741,86.1607,84.9953,83.6792,82.2139,80.6008,78.8416,76.9379,74.8916,72.7047,70.3794,67.9179,65.3227,62.5964,59.7417,56.7615,53.6587,50.4363,47.0974,43.6451,40.0826,36.4132,32.6402,28.7669,24.7969,20.7335,16.5804,12.3411,8.0191,3.6181,-0.8584,-5.3053,-9.6181,-13.7916,-17.817,-21.6844,-25.3844,-28.9084,-32.2484,-35.3969,-38.3469,-41.0916,-43.6244,-45.9401
397,2025-10-31 14:10:21,proposed,63.6396,70.2974,75.895,79.8407,82.195,82.9037,82.0719,79.7998,76.2847,71.6356,66.0792,59.7998,53.0538,45.9619,38.6535,31.2223,23.7279,16.2701,8.9135,1.7006,-5.2288,-11.9161,-18.225,-24.0864,-29.4357,-34.204,-38.3582,-41.8306,-44.5684,-46.5786,-47.805,-48.204,-47.7998,-46.6041,-44.6436,-41.9658,-38.6436,-34.7219,-30.2652,-25.3236,-19.9658,-14.2606,-8.2524,-2.0006,4.4357,10.9786,17.4021,23.5235,29.2893,34.6939
398,2025-10-31 14:11:01,executed,63.6396,70.2974,75.895,79.8407,82.195,82.9037,82.0719,79.7998,76.2847,71.6356,66.0792,59.7998,53.0538,45.9619,38.6535,31.2223,23.7279,16.2701,8.9135,1.7006,-5.2288,-11.9161,-18.225,-24.0864,-29.4357,-34.204,-38.3582,-41.8306,-44.5684,-46.5786,-47.805,-48.204,-47.7998,-46.6041,-44.6436,-41.9658,-38.6436,-34.7219,-30.2652,-25.3236,-19.9658,-14.2606,-8.2524,-2.0006,4.4357,10.9786,17.4021,23.5235,29.2893,34.6939
398,2025-10-31 14:11:48,proposed,85.5,81.31525,69.2474,50.35285,25.91505,0.0,-25.91505,-50.35285,-69.2474,-81.31525,-85.5,-81.31525,-69.2474,-50.35285,-25.91505,0.0,25.91505,50.35285,69.2474,81.31525,85.5,81.31525,69.2474,50.35285,25.91505,0.0,-25.91505,-50.35285,-69.2474,-81.31525,-85.5,-81.31525,-69.2474,-50.35285,-25.91505,0.0,25.91505,50.35285,69.2474,81.31525,85.5,81.31525,69.2474,50.35285,25.91505,0.0,-25.91505,-50.35285,-69.2474,-81.31525
399,2025-10-31 14:12:28,executed,85.5,81.31525,69.2474,50.35285,25.91505,0.0,-25.91505,-50.35285,-69.2474,-81.31525,-85.5,-81.31525,-69.2474,-50.35285,-25.91505,0.0,25.91505,50.35285,69.2474,81.31525,85.5,81.31525,69.2474,50.35285,25.91505,0.0,-25.91505,-50.35285,-69.2474,-81.31525,-85.5,-81.31525,-69.2474,-50.35285,-25.91505,0.0,25.91505,50.35285,69.2474,81.31525,85.5,81.31525,69.2474,50.35285,25.91505,0.0,-25.91505,-50.35285,-69.2474,-81.31525
399,2025-10-31 14:13:31,proposed,70.710678,79.015206,85.355077,89.658607,91.908991,92.129215,90.380902,86.721404,81.240707,74.050108,65.281092,55.077885,43.607991,31.049174,17.580194,3.400407,-10.957502,-25.025501,-38.537603,-51.354702,-63.310603,-74.295304,-84.141205,-92.653106,-99.605307,-104.839208,-108.235409,-109.72351,-109.28811,-106.965811,-102.835412,-97.029313,-89.672514,-80.901715,-70.819616,-59.575217,-47.307118,-34.190119,-20.41692,-6.163021,8.307278,22.767077,36.435777,49.072677,60.480377,70.419077,78.704877,85.206677,89.730377,92.129215
400,2025-10-31 14:14:11,executed,70.710678,79.015206,85.355077,89.658607,91.908991,92.129215,90.380902,86.721404,81.240707,74.050108,65.281092,55.077885,43.607991,31.049174,17.580194,3.400407,-10.957502,-25.025501,-38.537603,-51.354702,-63.310603,-74.295304,-84.141205,-92.653106,-99.605307,-104.839208,-108.235409,-109.72351,-109.28811,-106.965811,-102.835412,-97.029313,-89.672514,-80.901715,-70.819616,-59.575217,-47.307118,-34.190119,-20.41692,-6.163021,8.307278,22.767077,36.435777,49.072677,60.480377,70.419077,78.704877,85.206677,89.730377,92.129215
400,2025-10-31 14:15:11,proposed,0.0,9.494915,18.705607,27.503505,35.799002,43.509902,50.550601,56.846301,62.339201,66.974001,70.707101,73.509902,75.355202,76.220502,76.095002,74.979602,72.887302,69.846301,65.895301,61.080601,55.459901,49.090101,42.039801,34.385001,26.204601,17.580101,8.604101,-0.3802,-9.494915,-18.705607,-27.503505,-35.799002,-43.509902,-50.550601,-56.846301,-62.339201,-66.974001,-70.707101,-73.509902,-75.355202,-76.220502,-76.095002,-74.979602,-72.887302,-69.846301,-65.895301,-61.080601,-55.459901,-49.090101,-42.039801
