step,x,y,z
0,-0.39998246384233227,-0.3999893609959161,0.54
1,-0.4016599704869448,-0.401904049645849,0.54
2,-0.4039079215597541,-0.4041694409335074,0.54
3,-0.4057186762466149,-0.40551189859572745,0.54
4,-0.406642226999133,-0.4054707379838918,0.54
5,-0.4070545743598713,-0.40514631672278534,0.54
6,-0.406909388986531,-0.4044557108021417,0.54
7,-0.4063499056074482,-0.4035596517279572,0.54
8,-0.4055323270168729,-0.40267211304184053,0.54
9,-0.4039551243974523,-0.4012824484525689,0.54
10,-0.40289397564454216,-0.4007750570215232,0.54
11,-0.4021386853136703,-0.4008286293932836,0.54
12,-0.4015185805930893,-0.40116404006883355,0.54
13,-0.40095632430765565,-0.40161169094239796,0.54
14,-0.4004339219216432,-0.4020736417130873,0.54
15,-0.3999840547365516,-0.4024716028259272,0.54
16,-0.39960442282335773,-0.4027823752782884,0.54
17,-0.39927709147712753,-0.4029813676522898,0.54
18,-0.3989854598781299,-0.4030323648503432,0.54
19,-0.39872520845671,-0.40293965708152674,0.54
20,-0.39849519915917536,-0.40273948932264125,0.54
21,-0.39829892849586157,-0.4024720165787125,0.54
22,-0.3981326862456843,-0.40217657463263373,0.54
23,-0.3979879728396163,-0.40188884116206364,0.54
24,-0.39785348306156365,-0.4016373667438095,0.54
25,-0.397712970843931,-0.4014371751844957,0.54
26,-0.3975565751805795,-0.4012899773879035,0.54
27,-0.39737458712561013,-0.40119504706502285,0.54
28,-0.39715458897835515,-0.40114984514755503,0.54
29,-0.39688546419624177,-0.40115116197022305,0.54
30,-0.39657974526666034,-0.4011851941883715,0.54
31,-0.3962395572131707,-0.4012411799465547,0.54
32,-0.3958711085443852,-0.40130807237387234,0.54
33,-0.39548216412261683,-0.40137598219255227,0.54
34,-0.3950810930047199,-0.4014370991427419,0.54
35,-0.3946761451965442,-0.40148597072670694,0.54
36,-0.3942742814899295,-0.4015196520067586,0.54
37,-0.39388066008194544,-0.40153730274483657,0.54
38,-0.39349517018874636,-0.4015414421761003,0.54
39,-0.39312572025034487,-0.40152978593127453,0.54
40,-0.392764661411691,-0.4015090536952042,0.54
41,-0.3924107094564301,-0.40148136375726545,0.54
42,-0.3920691212081907,-0.40144409148701715,0.54
43,-0.39172718405032864,-0.40140688369806227,0.54
44,-0.39138257643104446,-0.40137078758097205,0.54
45,-0.3910328172154638,-0.4013367830320762,0.54
46,-0.3906750731077154,-0.4013066534238072,0.54
47,-0.39030767486278434,-0.4012808534215736,0.54
48,-0.38992622019094497,-0.40126225075355815,0.54
49,-0.3895320782190054,-0.4012448212497857,0.54
50,-0.3891221655618867,-0.40122534347887945,0.54
51,-0.38869519256930435,-0.4012022755375482,0.54
52,-0.38825143601836015,-0.4011753385614036,0.54
53,-0.3877925330665818,-0.40114518791336484,0.54
54,-0.3873384028176647,-0.4011121968886114,0.54
55,-0.3868834492948643,-0.40107669658863226,0.54
56,-0.386426084078071,-0.4010397336698073,0.54
57,-0.3859660218079176,-0.40100194683630824,0.54
58,-0.38551057131321265,-0.4009641060798546,0.54
59,-0.38505726084853914,-0.40092549567352437,0.54
60,-0.38460373060390163,-0.40088547025436283,0.54
61,-0.38415026397102153,-0.4008437584497565,0.54
62,-0.38369554970942876,-0.40080013206519877,0.54
63,-0.3832380120930649,-0.4007546294189884,0.54
64,-0.3827764312422423,-0.40070742335041665,0.54
65,-0.38230947914201585,-0.4006590812918526,0.54
66,-0.3818359900370274,-0.40061035579484744,0.54
67,-0.3813550720803172,-0.4005620294026742,0.54
68,-0.38086424090176024,-0.4005145314150438,0.54
69,-0.3803623340421387,-0.4004685366433406,0.54
70,-0.37985182003759826,-0.4004249982648791,0.54
71,-0.3793329751652324,-0.4003837218157559,0.54
72,-0.3788065978789611,-0.40034458044886506,0.54
73,-0.37827385415770987,-0.40030728621674744,0.54
74,-0.3777361295702524,-0.40027130797851046,0.54
75,-0.37719677962306575,-0.4002362264333151,0.54
76,-0.3766565261938664,-0.4002009215209326,0.54
77,-0.37611594042047675,-0.4001645282731999,0.54
78,-0.375575507869338,-0.4001263378180103,0.54
79,-0.3750356678496028,-0.40008580968696517,0.54
80,-0.37449681188882794,-0.4000426076596793,0.54
81,-0.3739145614452216,-0.40000748019555926,0.54
82,-0.3732295797518835,-0.39998556982889516,0.54
83,-0.37248253599023673,-0.3999682697806794,0.54
84,-0.37164580795544366,-0.3999509614949701,0.54
85,-0.3706476414473935,-0.3999165300690443,0.54
86,-0.36946647130023197,-0.39983747723129365,0.54
87,-0.368095844416013,-0.3996501593168464,0.54
88,-0.3664236296628245,-0.39855028961499894,0.54
89,-0.3646084485832412,-0.39783559019181663,0.54
90,-0.362830802854645,-0.3970968402329533,0.54
91,-0.3615731558153277,-0.39580754580171595,0.54
92,-0.36071532198519024,-0.3943338632035915,0.54
93,-0.35976752628384867,-0.3932150856249344,0.54
94,-0.3588323967634558,-0.39219538358839984,0.54
95,-0.3585633378927901,-0.39127234458138677,0.54
96,-0.3581898878320145,-0.3903076915202585,0.54
97,-0.35791406351246025,-0.38925163484114217,0.54
98,-0.3572614320451582,-0.3884973083170309,0.54
99,-0.35703454021100023,-0.3879009415586905,0.54
100,-0.3567860114094644,-0.38735414946996405,0.54
101,-0.3564185052327417,-0.38707217727610715,0.54
102,-0.3559877101963233,-0.38678219060261837,0.54
103,-0.35572045958347054,-0.386648255116914,0.54
104,-0.35533207064866884,-0.3865228910636485,0.54
105,-0.3549641230888146,-0.38652488668776225,0.54
106,-0.35450904679821355,-0.3865322053258378,0.54
107,-0.35420351750914697,-0.38642673469213934,0.54
108,-0.3538751099650259,-0.3863812601657633,0.54
109,-0.3535012227743263,-0.38627175646554723,0.54
110,-0.3530001386613138,-0.386329932782749,0.54
111,-0.352588359985706,-0.3863175510196478,0.54
112,-0.3520927008416125,-0.3863440147132424,0.54
113,-0.35163862569800575,-0.38626779567045966,0.54
114,-0.3509731613128095,-0.38617826263727845,0.54
115,-0.3505039986024024,-0.3860077064917946,0.54
116,-0.3498413117576276,-0.38596732872101147,0.54
117,-0.3492024076985838,-0.3860432162325726,0.54
118,-0.3484776223005517,-0.38610494389553857,0.54
119,-0.34786096023593527,-0.3859725753104447,0.54
120,-0.3472557338151042,-0.38571931792462044,0.54
121,-0.3466458596016352,-0.38563867053603146,0.54
122,-0.3460088582295837,-0.3856885879367171,0.54
123,-0.3455307047652221,-0.38561224014600537,0.54
124,-0.34493134502692246,-0.3856630537620118,0.54
125,-0.3443548143034891,-0.3857895149200852,0.54
126,-0.34372556345541944,-0.38589084153439906,0.54
127,-0.3431218968087254,-0.3860133585666322,0.54
128,-0.34249442211422293,-0.38610739218445184,0.54
129,-0.34196864265862026,-0.3860273224194344,0.54
130,-0.34145663687399824,-0.38582883194222944,0.54
131,-0.34104392690206037,-0.3856442076923232,0.54
132,-0.3405870040589488,-0.38544245165308544,0.54
133,-0.33997015507222844,-0.38540193195261196,0.54
134,-0.3395099083613045,-0.38529193763396397,0.54
135,-0.3388752331758735,-0.3853211518232542,0.54
136,-0.3383205217592176,-0.38525965000011775,0.54
137,-0.3377096471403175,-0.385364614485163,0.54
138,-0.33724405042537065,-0.3853507496768681,0.54
139,-0.3367008847824255,-0.3853839262952172,0.54
140,-0.336274129973597,-0.3853136386327847,0.54
141,-0.33564427517373957,-0.3852314381130032,0.54
142,-0.335197991199626,-0.38511518201767136,0.54
143,-0.33458333125522155,-0.3851801605201168,0.54
144,-0.3340030246451004,-0.3851782807924781,0.54
145,-0.3334563283309047,-0.38506474011506975,0.54
146,-0.33283647788438986,-0.38508270809730644,0.54
147,-0.3321801994410475,-0.3852443642533341,0.54
148,-0.3316157694407205,-0.3852972603413274,0.54
149,-0.33092134649248023,-0.3854041852746839,0.54
150,-0.3302564609242999,-0.3855784700113829,0.54
151,-0.3296143444588487,-0.3855584789047221,0.54
152,-0.32912723704328983,-0.3854872104862046,0.54
153,-0.3285350072119211,-0.38558834948889653,0.54
154,-0.32777207850128826,-0.38564564758262354,0.54
155,-0.3271380085155023,-0.3857640641312376,0.54
156,-0.3264013232229247,-0.3858280576385835,0.54
157,-0.3257671711438782,-0.3859620725209707,0.54
158,-0.32526669417451326,-0.385939347459458,0.54
159,-0.3246845496571294,-0.38597820913551595,0.54
160,-0.32403581652926566,-0.38587275866793974,0.54
161,-0.3236073615534039,-0.3856516243042035,0.54
162,-0.3230496325051814,-0.3855684465355379,0.54
163,-0.3225252250529982,-0.3856423114185266,0.54
164,-0.32190179408170744,-0.3856882683131557,0.54
165,-0.3213451091781986,-0.38578126007044883,0.54
166,-0.3208628373969068,-0.3857537384176712,0.54
167,-0.3204075732551794,-0.3856312110210307,0.54
168,-0.31984328487200175,-0.3856261602492744,0.54
169,-0.3194004574031261,-0.3854996933526766,0.54
170,-0.31880373361933234,-0.38550407650114954,0.54
171,-0.3182381305807557,-0.3856412593427885,0.54
172,-0.31759083423361106,-0.38565674203615286,0.54
173,-0.31715123966748116,-0.38553657328834784,0.54
174,-0.31655768982862326,-0.385513393454788,0.54
175,-0.31598352238726507,-0.3855918071504393,0.54
176,-0.3153672900293422,-0.3856824622756054,0.54
177,-0.3148484485930833,-0.3856267361962438,0.54
178,-0.3143459880473768,-0.38546265643114647,0.54
179,-0.3137898638560547,-0.38541996113674415,0.54
180,-0.3132350146117131,-0.3855215811028165,0.54
181,-0.3128077585532109,-0.3855136163271494,0.54
182,-0.3122383402701636,-0.3855746452273737,0.54
183,-0.31166894569257064,-0.3857002400774127,0.54
184,-0.3110621096681493,-0.38581504306723335,0.54
185,-0.3104624494069624,-0.385942804606099,0.54
186,-0.3098510325597973,-0.3860455689398127,0.54
187,-0.3093347618722017,-0.38596760542058567,0.54
188,-0.30882757195713545,-0.3857723022693728,0.54
189,-0.3084243453614939,-0.3855829886668847,0.54
190,-0.30797334411457694,-0.3853833688055933,0.54
191,-0.307380233340006,-0.3853463448671384,0.54
192,-0.3069440051347987,-0.38524514832143814,0.54
193,-0.306324089430717,-0.3852852335105924,0.54
194,-0.30579541772623564,-0.3852437174718414,0.54
195,-0.3052320888431736,-0.38538028285327036,0.54
196,-0.3047990909916714,-0.3854118802041455,0.54
197,-0.30428323942877955,-0.3854971313608613,0.54
198,-0.30386084638968297,-0.3854536002324651,0.54
199,-0.3032554927258088,-0.3853987012589523,0.54
200,-0.30283030147449985,-0.3853315575453792,0.54
201,-0.3022803290668802,-0.38544153182801066,0.54
202,-0.3017593511634028,-0.3854766104970774,0.54
203,-0.3012562283023637,-0.38539059921215824,0.54
204,-0.3006565054082942,-0.3854228953237516,0.54
205,-0.3000344550078821,-0.38560741240756136,0.54
206,-0.29949111755455815,-0.3856834254394965,0.54
207,-0.2988103295196143,-0.3858161222867341,0.54
208,-0.2981526744809139,-0.3860062646627023,0.54
209,-0.29752164729670316,-0.38599890763107136,0.54
210,-0.29682808132961835,-0.38604481725901274,0.54
211,-0.29633047751983166,-0.3859641534910993,0.54
212,-0.2958458663449777,-0.385899969668285,0.54
213,-0.2954412451925194,-0.38574755026293606,0.54
214,-0.2948618171846443,-0.38562071999368314,0.54
215,-0.29449617070634854,-0.38551163565485835,0.54
216,-0.2939757109817131,-0.3855795743458481,0.54
217,-0.2934090373335803,-0.3857259904702302,0.54
218,-0.2928176908266331,-0.38591732591474237,0.54
219,-0.2922976082922904,-0.3859623639131543,0.54
220,-0.2917949851161429,-0.38585721669087375,0.54
221,-0.29121131814724077,-0.3858628392048674,0.54
222,-0.2906217533596171,-0.38601935514898433,0.54
223,-0.2901525476249894,-0.3860652925904405,0.54
224,-0.2895405033158402,-0.38617659987301234,0.54
225,-0.28897908667275574,-0.3863323399867558,0.54
226,-0.28836241089656994,-0.38647465053084323,0.54
227,-0.28778788241545267,-0.3866144039638116,0.54
228,-0.2871853458555474,-0.3867276089651291,0.54
229,-0.2866667906372849,-0.38666460447464474,0.54
230,-0.2861900547858379,-0.3864950447333382,0.54
231,-0.2857945832544062,-0.3863254991812149,0.54
232,-0.28535068036592026,-0.38613759886004817,0.54
233,-0.2847696852191402,-0.3861048331875046,0.54
234,-0.284335182659445,-0.38601075555536224,0.54
235,-0.2837541378814056,-0.3860484657683343,0.54
236,-0.28324566349644426,-0.38600426223166256,0.54
237,-0.2826907959391795,-0.38614058910773164,0.54
238,-0.28225137835497494,-0.3861792358416458,0.54
239,-0.28172403293753573,-0.38627285894718033,0.54
240,-0.28129457050209317,-0.38623622559619847,0.54
241,-0.2806850236860968,-0.38618510844092196,0.54
242,-0.280256481461023,-0.38612301764274,0.54
243,-0.279687538920862,-0.386242867206964,0.54
244,-0.27915546299156324,-0.3862927318241995,0.54
245,-0.27867738786869967,-0.38623343959791656,0.54
246,-0.27809096401237027,-0.38627646611684224,0.54
247,-0.27749056013430423,-0.3864608884001735,0.54
248,-0.27696367686680895,-0.38653492331648703,0.54
249,-0.27630910973483425,-0.38666290372084666,0.54
250,-0.2756692441211855,-0.3868467740497174,0.54
251,-0.27505666773953114,-0.38684442030145205,0.54
252,-0.2743950847006332,-0.386894444772086,0.54
253,-0.27392034635615575,-0.38682012494754064,0.54
254,-0.27340913671775013,-0.386808967845701,0.54
255,-0.2730000608975156,-0.38669094518540587,0.54
256,-0.2724260860254829,-0.38658440988355824,0.54
257,-0.2720650822217633,-0.3864822587850294,0.54
258,-0.2715629211973538,-0.386547753547059,0.54
259,-0.27101100917959375,-0.3866872517780532,0.54
260,-0.27044689154556245,-0.386870611233659,0.54
261,-0.2699527761365177,-0.38690779137993536,0.54
262,-0.2694707597835555,-0.38680289601401285,0.54
263,-0.26890582685431047,-0.38680134461574506,0.54
264,-0.2683485724288541,-0.3869505511121271,0.54
265,-0.26789614215130886,-0.38699267082303296,0.54
266,-0.2673125996936671,-0.3870990957164761,0.54
267,-0.26672960504142956,-0.38725951847621354,0.54
268,-0.2661274592338604,-0.387402810340384,0.54
269,-0.26553279963646764,-0.3875468622007104,0.54
270,-0.26494702508048695,-0.3876611870982275,0.54
271,-0.2644535063227664,-0.38759584687882526,0.54
272,-0.26397348476323806,-0.3874083144263748,0.54
273,-0.2635982224812312,-0.3872328770571773,0.54
274,-0.26317600257401047,-0.3870462011608638,0.54
275,-0.26263315694657374,-0.38702402631613797,0.54
276,-0.2622329783860218,-0.38694367086114845,0.54
277,-0.2616322844863072,-0.38699132711595646,0.54
278,-0.26112329169133724,-0.386961680431732,0.54
279,-0.2605991059187913,-0.3871089794351354,0.54
280,-0.2601910546442743,-0.3871532679003475,0.54
281,-0.2597578799288918,-0.38725967052757676,0.54
282,-0.25938257195145403,-0.3872228481793206,0.54
283,-0.25880489007909585,-0.3871669161127951,0.54
284,-0.25839832973627236,-0.3871031829650754,0.54
285,-0.2578536673160771,-0.38722466034930425,0.54
286,-0.2573747106255542,-0.3872919474854587,0.54
287,-0.25690029128848124,-0.3872205562016961,0.54
288,-0.256317096820695,-0.3872540191955671,0.54
289,-0.2557216299581547,-0.3874352211348325,0.54
290,-0.25519526870431436,-0.3875123301556287,0.54
291,-0.254542537645048,-0.3876444849956312,0.54
292,-0.25400001155618385,-0.38779697731910445,0.54
293,-0.2534317294498863,-0.3877636090174362,0.54
294,-0.25278233310084386,-0.3878048569897805,0.54
295,-0.2523045187210354,-0.3877432475239439,0.54
296,-0.2517805765127844,-0.3877538834683593,0.54
297,-0.25139453481290147,-0.3876657813220252,0.54
298,-0.25083494927148264,-0.3875694619913112,0.54
299,-0.2504620174962737,-0.38747986159821857,0.54
300,-0.24994404630265682,-0.38755007541932623,0.54
301,-0.2493740657386887,-0.3876942692511215,0.54
302,-0.24879349678594023,-0.3878769517423092,0.54
303,-0.24827818365808269,-0.3879149599155352,0.54
304,-0.2477827292157308,-0.3878050999360085,0.54
305,-0.24720852078295416,-0.3878006383600845,0.54
306,-0.24664745604785943,-0.38794547050915396,0.54
307,-0.24618930215467855,-0.3879853065483541,0.54
308,-0.24560799447869447,-0.38808730035969585,0.54
309,-0.24502774651242573,-0.3882442954855982,0.54
310,-0.2444380334078777,-0.38838337669515827,0.54
311,-0.2438799561488377,-0.3885161501867257,0.54
312,-0.2433216605770663,-0.38862432605573377,0.54
313,-0.24284240875313806,-0.38855845912851944,0.54
314,-0.24237193178040514,-0.3883750076353288,0.54
315,-0.24199982727645597,-0.3882050076330805,0.54
316,-0.24157962689073537,-0.38802427392142164,0.54
317,-0.24104433681967052,-0.3880057416564697,0.54
318,-0.24064367009457693,-0.3879321053915458,0.54
319,-0.24003914780397004,-0.38798200528358634,0.54
320,-0.2395290922761539,-0.3879534702764023,0.54
321,-0.23900940383862174,-0.3880992604016983,0.54
322,-0.23860082240147362,-0.3881433779643937,0.54
323,-0.23810435681329406,-0.38823963152299024,0.54
324,-0.2377029333035062,-0.3882033228067882,0.54
325,-0.23712159855744863,-0.3881503622871696,0.54
326,-0.2367192516775241,-0.38809054186320086,0.54
327,-0.2361945400138381,-0.38821367356778486,0.54
328,-0.23568311312294862,-0.3882712986029904,0.54
329,-0.23520258770407526,-0.38819990929501297,0.54
330,-0.23454202089888887,-0.3880868479335239,0.54
331,-0.23412615533557368,-0.38798668975691647,0.54
332,-0.23367516535834756,-0.3880494870995085,0.54
333,-0.23329751216849476,-0.3880148973724244,0.54
334,-0.23276240189278277,-0.388176061432463,0.54
335,-0.23218551602692114,-0.38838450583508216,0.54
336,-0.2315801125350255,-0.3886049653111718,0.54
337,-0.23104417529647184,-0.38866781245511695,0.54
338,-0.23035170882355238,-0.3887844707758234,0.54
339,-0.22974023591873796,-0.38900695796247214,0.54
340,-0.22909039602539363,-0.3890449979499259,0.54
341,-0.22864132347898453,-0.3889773954162721,0.54
342,-0.22814019271347447,-0.3890003822552042,0.54
343,-0.2276259124919048,-0.38909803372454216,0.54
344,-0.22708794424028786,-0.38919865076344934,0.54
345,-0.22661777239950504,-0.38914178213424033,0.54
346,-0.22615013359897676,-0.3889765301552269,0.54
347,-0.22562494080589288,-0.3889163612781977,0.54
348,-0.22513256615436728,-0.3889990850122432,0.54
349,-0.22474500145022483,-0.38897561449272483,0.54
350,-0.22423416246888894,-0.38902357955142225,0.54
351,-0.22370480273074664,-0.3891390686696338,0.54
352,-0.22315768946511058,-0.3890981508212227,0.54
353,-0.22277055367372658,-0.38900750256076005,0.54
354,-0.2222995889708417,-0.3890999740688143,0.54
355,-0.22166683785317526,-0.389155177182541,0.54
356,-0.22110494730499122,-0.3892728801577569,0.54
357,-0.22040709715101564,-0.38932928663686006,0.54
358,-0.21983623557807885,-0.3894745689056131,0.54
359,-0.2193665306441637,-0.3894866106602471,0.54
360,-0.21883297146414507,-0.38956659648147063,0.54
361,-0.21829615705113323,-0.3895281598394785,0.54
362,-0.21792068941402032,-0.3893667349999447,0.54
363,-0.21738495992618917,-0.3893101733656979,0.54
364,-0.21695266077793174,-0.3894040508752482,0.54
365,-0.2164166366608296,-0.389476477494551,0.54
366,-0.21588952503356587,-0.38958488090169857,0.54
367,-0.2154137925280823,-0.389585246680885,0.54
368,-0.2149693857214909,-0.38948226869174674,0.54
369,-0.21444919548282107,-0.38949519724887005,0.54
370,-0.21402270889110614,-0.38939887461801664,0.54
371,-0.2134279558333429,-0.3894162796558649,0.54
372,-0.2129071455488525,-0.38937046808378145,0.54
373,-0.21240704930385876,-0.38948040328770644,0.54
374,-0.21201467368992655,-0.38945450503504725,0.54
375,-0.21151944080979557,-0.3895007654161781,0.54
376,-0.21099461748845755,-0.38961047259058856,0.54
377,-0.2104494199438742,-0.3896862532332405,0.54
378,-0.20989074791648976,-0.389781332435756,0.54
379,-0.20939736306308968,-0.38978051228685384,0.54
380,-0.20889932932967514,-0.3899076965942505,0.54
381,-0.20831533980870512,-0.38989550890563074,0.54
382,-0.20790402000990682,-0.38975427493073045,0.54
383,-0.20742910744117668,-0.3895551131074697,0.54
384,-0.20707954991790048,-0.38940794007889523,0.54
385,-0.206610131255504,-0.38946140625414416,0.54
386,-0.20602772832406424,-0.38940474790824914,0.54
387,-0.20563199190181253,-0.38929392715602,0.54
388,-0.20503914409645366,-0.3893040680330067,0.54
389,-0.20449477583585332,-0.3894769520987044,0.54
390,-0.20386918575109245,-0.3896314184092657,0.54
391,-0.20327715587204692,-0.3898085330764328,0.54
392,-0.2027386281769348,-0.3898788102157835,0.54
393,-0.20227911841813692,-0.38979572370105203,0.54
394,-0.2017438538514063,-0.38983918656781724,0.54
395,-0.2013042584488998,-0.3897828677346358,0.54
396,-0.20070814484821511,-0.389825900125646,0.54
397,-0.20019953913012792,-0.3899987322422216,0.54
398,-0.19961648721341563,-0.39002769072656995,0.54
399,-0.1992236353002365,-0.3899295488492186,0.54
400,-0.19872329284113446,-0.38991984306353406,0.54
401,-0.19820569684829636,-0.3899938259225832,0.54
402,-0.19768819828242393,-0.39007917886905674,0.54
403,-0.19714828943028326,-0.39017791826597586,0.54
404,-0.1966352303339403,-0.39026437832015837,0.54
405,-0.19621093791277108,-0.39018810427108497,0.54
406,-0.19563328274296246,-0.39019854678152643,0.54
407,-0.19515025696227856,-0.390337018198973,0.54
408,-0.1945945582222642,-0.39041531590777245,0.54
409,-0.19408316844033047,-0.39051984871594625,0.54
410,-0.19345642368266855,-0.39054800012461927,0.54
411,-0.19301184226212784,-0.39064599609942957,0.54
412,-0.1924892052104954,-0.39066027583714935,0.54
413,-0.1920602665437956,-0.3904827477643988,0.54
414,-0.19150245844676544,-0.3904249992970014,0.54
415,-0.19099745196370835,-0.39029385619079504,0.54
416,-0.190514226141344,-0.3902787270104416,0.54
417,-0.19016455317512482,-0.39016211411202184,0.54
418,-0.18979761030235218,-0.3900726226542991,0.54
419,-0.1894544404324945,-0.3899429374955528,0.54
420,-0.18890277475626865,-0.3898516060018045,0.54
421,-0.18853746608332378,-0.38975585814678415,0.54
422,-0.1880661723617745,-0.3898266954694309,0.54
423,-0.187534805390468,-0.3899701106209222,0.54
424,-0.18699881501449,-0.39013864954648747,0.54
425,-0.18649413637434462,-0.3901512500064546,0.54
426,-0.1859987109443692,-0.39000716585188255,0.54
427,-0.1855609458803357,-0.38988886002064943,0.54
428,-0.18509277988453796,-0.38972364022288103,0.54
429,-0.18450615852546567,-0.3897301569399856,0.54
430,-0.18402746054671118,-0.3897075461625,0.54
431,-0.18336229936105783,-0.3898072750549924,0.54
432,-0.18282852799924237,-0.38979932062546957,0.54
433,-0.18230489746554762,-0.3899619930850848,0.54
434,-0.18186891110076017,-0.3900348053452425,0.54
435,-0.18134461047094155,-0.390158548562164,0.54
436,-0.18093423068489434,-0.39013488123902895,0.54
437,-0.180359591486578,-0.3900867993497246,0.54
438,-0.17974175607561935,-0.390118826827404,0.54
439,-0.17930193116682758,-0.3900572624352891,0.54
440,-0.17871367532813226,-0.3901018309009839,0.54
441,-0.17818004655280956,-0.39026037921886203,0.54
442,-0.17770424571523724,-0.390319317820207,0.54
443,-0.1772660882554324,-0.39024377864040627,0.54
444,-0.17672222258363113,-0.3902517150286776,0.54
445,-0.17618115660377925,-0.3903358097537128,0.54
446,-0.1757176390471454,-0.3903708471041221,0.54
447,-0.17521865323520944,-0.39051151142667617,0.54
448,-0.17463205886389585,-0.39048397507668753,0.54
449,-0.17420594156936023,-0.3903706932170759,0.54
450,-0.17364836754029359,-0.39036762316923024,0.54
451,-0.173159827340842,-0.39054124004054547,0.54
452,-0.1725898624625888,-0.3906769687517989,0.54
453,-0.17205341665395602,-0.3908298446274028,0.54
454,-0.17153805966629282,-0.39083794741687194,0.54
455,-0.17118020867990563,-0.39081804346587734,0.54
456,-0.1707216606732948,-0.39085706867527337,0.54
457,-0.1702853099676208,-0.3907538668995249,0.54
458,-0.16980940360222008,-0.39054565226274857,0.54
459,-0.16928212896893102,-0.39046742715521776,0.54
460,-0.1687849140113859,-0.3905258514039908,0.54
461,-0.16839694124414795,-0.3905033790733352,0.54
462,-0.16788409553867858,-0.3905443704800857,0.54
463,-0.16740480131714358,-0.39064303803299877,0.54
464,-0.1668788370555526,-0.3907374580569496,0.54
465,-0.1663171262343763,-0.390850585797775,0.54
466,-0.16576218961457556,-0.39093472629149034,0.54
467,-0.16525651559158783,-0.39086128445308244,0.54
468,-0.16475433004053475,-0.3906508179116277,0.54
469,-0.16433002664561117,-0.39048157540022976,0.54
470,-0.16387044963665137,-0.39027934540776965,0.54
471,-0.16330884660881645,-0.390250147133211,0.54
472,-0.16285639838803517,-0.39019412076461535,0.54
473,-0.16220985807223345,-0.39026585848299716,0.54
474,-0.1616743410423733,-0.39023914901627504,0.54
475,-0.1611588358880214,-0.3903741853660818,0.54
476,-0.1607265659917826,-0.39041314298085006,0.54
477,-0.16020058519205582,-0.3905069549258202,0.54
478,-0.15978157088863948,-0.3904610586904924,0.54
479,-0.15919423258332716,-0.390398056070308,0.54
480,-0.15857148598852486,-0.3904200969664743,0.54
481,-0.15812149535738676,-0.39035818691556534,0.54
482,-0.15749544086826303,-0.39040959511076023,0.54
483,-0.15696472751112478,-0.390567027902788,0.54
484,-0.15647920327243706,-0.3906415549161661,0.54
485,-0.156040947023786,-0.3905715037178409,0.54
486,-0.15550921833848055,-0.3905848447842094,0.54
487,-0.1549779358711243,-0.3906719650001232,0.54
488,-0.15451822542301089,-0.39071078947758286,0.54
489,-0.15403252780728133,-0.39085490757659186,0.54
490,-0.15345600676287005,-0.39082778147667807,0.54
491,-0.15303161361388393,-0.3907170766712221,0.54
492,-0.15255474576131495,-0.3905150715885287,0.54
493,-0.15218675267360815,-0.39038759045361016,0.54
494,-0.1517031601728803,-0.3904449675115196,0.54
495,-0.15115746925141704,-0.3905968383849146,0.54
496,-0.15060335381589732,-0.39060780948477153,0.54
497,-0.15005194278333123,-0.3906873872993296,0.54
498,-0.14962008984813305,-0.39064185984226935,0.54
499,-0.14910759602172174,-0.39065774829537,0.54
500,-0.1486879299776676,-0.39054498545145655,0.54
501,-0.1481004952364238,-0.39042903397676587,0.54
502,-0.1476904857239812,-0.39035221401417347,0.54
503,-0.14718733534278433,-0.39045676741271196,0.54
504,-0.14663459862763012,-0.3906310327832041,0.54
505,-0.14610373831756424,-0.39083414272603667,0.54
506,-0.14559367920212035,-0.39088459908165163,0.54
507,-0.145106056652015,-0.390767101413902,0.54
508,-0.14455680126110274,-0.3907479085710106,0.54
509,-0.1440488625779164,-0.3908648479465313,0.54
510,-0.14359728413238776,-0.39087892004189845,0.54
511,-0.14305447267350918,-0.39095194548949347,0.54
512,-0.14250426362094423,-0.3910900055274066,0.54
513,-0.1419623859066126,-0.391199354673089,0.54
514,-0.141409781463467,-0.3913126418631355,0.54
515,-0.14088111644405865,-0.39138078179668684,0.54
516,-0.14039304205454645,-0.3912758865026021,0.54
517,-0.1398989223186427,-0.3910537826604825,0.54
518,-0.13948650047008648,-0.3908598291459757,0.54
519,-0.13903003664167257,-0.3906492500141957,0.54
520,-0.138488516090124,-0.3906046380380627,0.54
521,-0.1380500524373777,-0.39053282933951244,0.54
522,-0.1374158182559358,-0.3905899002657679,0.54
523,-0.13688544440746553,-0.39055684946240904,0.54
524,-0.13638349903825545,-0.3906813991107165,0.54
525,-0.13595642908358896,-0.39071014202468485,0.54
526,-0.13543296750508377,-0.3907939473561624,0.54
527,-0.13501416579838263,-0.39074147052277836,0.54
528,-0.13442645857476623,-0.39067333122625564,0.54
529,-0.13400858635687998,-0.39060513063607605,0.54
530,-0.1335193884538058,-0.390715776080259,0.54
531,-0.13301860994595105,-0.3907667585420257,0.54
532,-0.1326067813371767,-0.3907362914710111,0.54
533,-0.13199417124176765,-0.39063830746012373,0.54
534,-0.1315708071257948,-0.39053036380329254,0.54
535,-0.13109202685839397,-0.3905684359678763,0.54
536,-0.13068401376128128,-0.39050841182826196,0.54
537,-0.13016623401540509,-0.3906363628249098,0.54
538,-0.12961315707250523,-0.3908205076490934,0.54
539,-0.12905928737433062,-0.3910036044301145,0.54
540,-0.12853208709789435,-0.3910289698592579,0.54
541,-0.12788204370237394,-0.3911132162521457,0.54
542,-0.12732258931139703,-0.3912937358043574,0.54
543,-0.12674513998954975,-0.3913440730247583,0.54
544,-0.12627716500340758,-0.3912524546627312,0.54
545,-0.1257198072936562,-0.3912315633853383,0.54
546,-0.12517700753671157,-0.3913062245960675,0.54
547,-0.1246456593398439,-0.39137022955302464,0.54
548,-0.12410865071497167,-0.3914537057732631,0.54
549,-0.1236067465048403,-0.3915019082029266,0.54
550,-0.12315723864431981,-0.3913853857137214,0.54
551,-0.12269319583434056,-0.3911514302674124,0.54
552,-0.12231587084754623,-0.39094659135728443,0.54
553,-0.12188281777592735,-0.39072858619308465,0.54
554,-0.12137075196499357,-0.39067555173034674,0.54
555,-0.12095356998556032,-0.39059513002776,0.54
556,-0.12032929611822123,-0.39064697710342955,0.54
557,-0.1198011444630102,-0.3906115011475815,0.54
558,-0.11930190454437663,-0.390736967715546,0.54
559,-0.11886576361244067,-0.39077211400254197,0.54
560,-0.11832522019139449,-0.39086754758735964,0.54
561,-0.11795365237213774,-0.39085901839118864,0.54
562,-0.11739855361712649,-0.3908080055825459,0.54
563,-0.11679603104093636,-0.39083020638897187,0.54
564,-0.11632983422670709,-0.39076913320524725,0.54
565,-0.11569456932238344,-0.390820884934194,0.54
566,-0.1151509440679098,-0.3909772130914376,0.54
567,-0.11462247732312641,-0.3910522780538071,0.54
568,-0.11415515084203327,-0.39097659937273554,0.54
569,-0.11360957071202483,-0.39097559709531826,0.54
570,-0.11309626804792924,-0.39104892880220776,0.54
571,-0.11262659915812821,-0.39107882373429625,0.54
572,-0.11213685365474772,-0.3912112934715803,0.54
573,-0.11155474734686538,-0.3911745572805957,0.54
574,-0.11111429070708266,-0.3910556545671213,0.54
575,-0.1106244739364194,-0.3908479488762548,0.54
576,-0.1102386953946138,-0.39071306577181336,0.54
577,-0.1098109658618405,-0.39053822125738863,0.54
578,-0.10930102619926872,-0.3905459775828216,0.54
579,-0.10887517366125252,-0.39052759914965945,0.54
580,-0.10825768634805827,-0.39061743413066236,0.54
581,-0.10774401036527546,-0.39059634986365255,0.54
582,-0.10725634237749893,-0.39074024550853254,0.54
583,-0.10682121692288588,-0.3907917628266299,0.54
584,-0.10632239226335792,-0.390874276579541,0.54
585,-0.10591397865662253,-0.3908197997672836,0.54
586,-0.10533539171298488,-0.3907498095585562,0.54
587,-0.10472994392183696,-0.39078492817839916,0.54
588,-0.10430002755157781,-0.390725141119757,0.54
589,-0.10378464287757304,-0.3907687063410589,0.54
590,-0.1034280391575776,-0.3907107646163082,0.54
591,-0.10288528650286347,-0.39061529781415255,0.54
592,-0.10245988535849945,-0.39056878034539183,0.54
593,-0.10184857089168069,-0.39062496139882014,0.54
594,-0.10131803159471313,-0.3908544578548969,0.54
595,-0.10072946131137692,-0.39107876077515225,0.54
596,-0.10017771211573238,-0.39129633358529,0.54
597,-0.09964794818298471,-0.3913511073710039,0.54
598,-0.09909957968206895,-0.3914592433366609,0.54
599,-0.09849601293950738,-0.3914129668545142,0.54
600,-0.09795936611583733,-0.3914051004501018,0.54
601,-0.09754089281949746,-0.39131465339184496,0.54
602,-0.09710022210709458,-0.3914105841528414,0.54
603,-0.09653955451972072,-0.39147251146866496,0.54
604,-0.0960410641240872,-0.3915824273639745,0.54
605,-0.09542503620490637,-0.3916147043165436,0.54
606,-0.09494320633963996,-0.3917047571580675,0.54
607,-0.09440593332023714,-0.39169570129334275,0.54
608,-0.09395642841483356,-0.39149222887994534,0.54
609,-0.09338670948272793,-0.3914277671530315,0.54
610,-0.09285733258364687,-0.3912851067921117,0.54
611,-0.09235543932070782,-0.39125795082191245,0.54
612,-0.09193991492859364,-0.3911522443364232,0.54
613,-0.0914702966836821,-0.3911107297963519,0.54
614,-0.09106666270712088,-0.3909894109156764,0.54
615,-0.09048696326763167,-0.3908887646892447,0.54
616,-0.0900778900706579,-0.39079047957939106,0.54
617,-0.08960362445182952,-0.39086393487151033,0.54
618,-0.08908319290783519,-0.3910104792107731,0.54
619,-0.08858619218878212,-0.39117306557510145,0.54
620,-0.08815776834617696,-0.39119093724074944,0.54
621,-0.0877808802620582,-0.3911153755557421,0.54
622,-0.08728488661177349,-0.391108508190665,0.54
623,-0.08680180231421118,-0.3911965488427707,0.54
624,-0.0863228716069707,-0.3911717113224178,0.54
625,-0.08579362204695239,-0.39120721955244997,0.54
626,-0.08533766213511568,-0.39130101719743193,0.54
627,-0.08480546655923693,-0.39122280286908984,0.54
628,-0.08435141911541248,-0.39113142242157295,0.54
629,-0.08384208841231412,-0.39122071487294413,0.54
630,-0.08323162182487731,-0.3912737849274923,0.54
631,-0.08266761727847886,-0.3913998829098906,0.54
632,-0.08196970238483131,-0.39146046022973846,0.54
633,-0.0814090760311091,-0.3915723658901981,0.54
634,-0.08088782186703954,-0.3915363763561516,0.54
635,-0.08034179779937269,-0.39155365931411434,0.54
636,-0.07970176632739776,-0.3914073970199565,0.54
637,-0.07915713480353233,-0.39133769968883136,0.54
638,-0.07872910420881715,-0.39123967324417763,0.54
639,-0.07829273744183175,-0.3913116457431349,0.54
640,-0.07774837769505968,-0.3913463473612085,0.54
641,-0.0772556890219493,-0.39144627094259804,0.54
642,-0.07663329131544785,-0.3914743853476115,0.54
643,-0.07616910811910574,-0.3915728732841734,0.54
644,-0.07566333780603368,-0.3915801554018241,0.54
645,-0.07521329123334683,-0.391415501063414,0.54
646,-0.07463199330865983,-0.39138260535674685,0.54
647,-0.07410819257122755,-0.39126063751702606,0.54
648,-0.07362622229242156,-0.39124690126269546,0.54
649,-0.07321993463163537,-0.3911511093553449,0.54
650,-0.0727286512642658,-0.39113459515859694,0.54
651,-0.07231905557409846,-0.3910267304593696,0.54
652,-0.07173679678840567,-0.39093045739379845,0.54
653,-0.07132409903847195,-0.39083342774061514,0.54
654,-0.07085882026776967,-0.39090461060113824,0.54
655,-0.07034550207581591,-0.3910471601061604,0.54
656,-0.06986512883365055,-0.3912045445572818,0.54
657,-0.0693693177277068,-0.391197772021186,0.54
658,-0.06887293476720109,-0.39104323311745476,0.54
659,-0.06833826895953966,-0.39099675934962,0.54
660,-0.06786214627080772,-0.3910826675837584,0.54
661,-0.06740725605644643,-0.3910698804798761,0.54
662,-0.066884941817224,-0.3911259885324327,0.54
663,-0.06635278404031061,-0.3912610162755841,0.54
664,-0.06579845166570782,-0.3912222218916708,0.54
665,-0.06535763544724787,-0.391128772203382,0.54
666,-0.06489756126576843,-0.39120963642764306,0.54
667,-0.0643176280614883,-0.39124655635135414,0.54
668,-0.0638474407084534,-0.39134035848113297,0.54
669,-0.06321961269823308,-0.39137590150334306,0.54
670,-0.06271852193259662,-0.3914830795856023,0.54
671,-0.06223032360306247,-0.39146119603704194,0.54
672,-0.061707278368396776,-0.39150380891384046,0.54
673,-0.061099973147527624,-0.3913843775559884,0.54
674,-0.06056567514955566,-0.3913286424802178,0.54
675,-0.06013420391576343,-0.3912481598431472,0.54
676,-0.05969927253876822,-0.39133521979680685,0.54
677,-0.05915655393578093,-0.39138059392466745,0.54
678,-0.05871641295455281,-0.3914690993546962,0.54
679,-0.058223383446683014,-0.39145599197851466,0.54
680,-0.057798657675577535,-0.3915389022882237,0.54
681,-0.05728987284232497,-0.39154514425124687,0.54
682,-0.05693346760141735,-0.3914301920672597,0.54
683,-0.056533456863483524,-0.39139111320417813,0.54
684,-0.05607913422595745,-0.39123140303368825,0.54
685,-0.05557884935251401,-0.39119723059480493,0.54
686,-0.05523031173785609,-0.39114771881734073,0.54
687,-0.05481014764939856,-0.3911971530347537,0.54
688,-0.05440158259545816,-0.39109400000330785,0.54
689,-0.05377815216089411,-0.39096651901165047,0.54
690,-0.05328108279124575,-0.3908566452371876,0.54
691,-0.05269725511148758,-0.3909008063139301,0.54
692,-0.05209627625993874,-0.3910454419092005,0.54
693,-0.05150853495505046,-0.3911918554116903,0.54
694,-0.051031850851551035,-0.39129948402417203,0.54
695,-0.05050697998762176,-0.3913783069418384,0.54
696,-0.04996608363007317,-0.3913044406076023,0.54
697,-0.04933474622118143,-0.3913387831830074,0.54
698,-0.04880483421898875,-0.3914777215355625,0.54
699,-0.04828174778297253,-0.39159124154726593,0.54
700,-0.04778571175956976,-0.39171956489006565,0.54
701,-0.04717319562294645,-0.39175434185853575,0.54
702,-0.046687436978497504,-0.39181717754399614,0.54
703,-0.04614215772262988,-0.3917696352099886,0.54
704,-0.04563431799935212,-0.3915560268051247,0.54
705,-0.045028238099025335,-0.3914988593829392,0.54
706,-0.0444768792668803,-0.39135390865397424,0.54
707,-0.0440097547701119,-0.39134970428594174,0.54
708,-0.04358531643198232,-0.3912435813017573,0.54
709,-0.04306414091164414,-0.3912066752704906,0.54
710,-0.04262354108886789,-0.3910784367641665,0.54
711,-0.04201217302210935,-0.390965573953055,0.54
712,-0.041574615097763834,-0.39084583627234637,0.54
713,-0.041106926180063175,-0.390901718939609,0.54
714,-0.04060692402276468,-0.39103579511278336,0.54
715,-0.0401483730947204,-0.3911836669406743,0.54
716,-0.039658889943438295,-0.39116283150177694,0.54
717,-0.03916255824771751,-0.3910004161740828,0.54
718,-0.038637812932316155,-0.39094738376312393,0.54
719,-0.03818066661890038,-0.39102817855274175,0.54
720,-0.03772577191801887,-0.39101189872885644,0.54
721,-0.03721428530464369,-0.3910705197486106,0.54
722,-0.03669645795741278,-0.3912109325388709,0.54
723,-0.036209007215961604,-0.39122285613144975,0.54
724,-0.03571470530629777,-0.3912377161539015,0.54
725,-0.03526361274647931,-0.3911317056874762,0.54
726,-0.03470842937374215,-0.3910989945821534,0.54
727,-0.03424652307955298,-0.3909525321989125,0.54
728,-0.033630804326932155,-0.3908154587745915,0.54
729,-0.03316362007795065,-0.39073046935093453,0.54
730,-0.03265210683557011,-0.39081818864909257,0.54
731,-0.03209939797953239,-0.3909817681434569,0.54
732,-0.031598580035682756,-0.39115994354453937,0.54
733,-0.03107133740077633,-0.3911790873995155,0.54
734,-0.030557157363794347,-0.3910351135285021,0.54
735,-0.030015848762845476,-0.3909906659384604,0.54
736,-0.029548979893048995,-0.39106822600264046,0.54
737,-0.029087452329168675,-0.3910388394603845,0.54
738,-0.028576236766908316,-0.39107809125391496,0.54
739,-0.02805920586438486,-0.39120419721805,0.54
740,-0.027507530890159337,-0.39116441126253493,0.54
741,-0.02706119218853216,-0.39105704038548855,0.54
742,-0.026613646453398802,-0.3911265250345865,0.54
743,-0.026055594760680773,-0.39115449868546204,0.54
744,-0.025541565902815526,-0.39126273706961423,0.54
745,-0.024897485974381357,-0.3913071312496069,0.54
746,-0.024410654980918968,-0.39141425600284513,0.54
747,-0.023920544368453475,-0.3913827019999861,0.54
748,-0.023477461713858224,-0.39142670389212014,0.54
749,-0.02290991602802509,-0.3913078026040541,0.54
750,-0.02239835029748019,-0.391254048184829,0.54
751,-0.02195633924332193,-0.3911737849083529,0.54
752,-0.021593483497078104,-0.3912718978884978,0.54
753,-0.02109745169577171,-0.3913323546663792,0.54
754,-0.020614158995918546,-0.3914505254111269,0.54
755,-0.01999318464882541,-0.3914914199503352,0.54
756,-0.01952361475053091,-0.3915883488793134,0.54
757,-0.019004812850653283,-0.3915798185888922,0.54
758,-0.018499334742189975,-0.3913976583858227,0.54
759,-0.017989815821175224,-0.3913308989783332,0.54
760,-0.017473326000835857,-0.3911743268660316,0.54
761,-0.01697096751714052,-0.39113959666844017,0.54
762,-0.016504707125980542,-0.39104788006124663,0.54
763,-0.015906378851121408,-0.39108282128382554,0.54
764,-0.01544219764730573,-0.39124939805325104,0.54
765,-0.014928748495672365,-0.3913395204358297,0.54
766,-0.014436022164387528,-0.3914556073684302,0.54
767,-0.013920492681348918,-0.3914150970427149,0.54
768,-0.01342022811953746,-0.3912549665405387,0.54
769,-0.01291229804508267,-0.3911973140565706,0.54
770,-0.012429224295556185,-0.39106113814611837,0.54
771,-0.011829273809091517,-0.3910754838897869,0.54
772,-0.011282007939523032,-0.39101939181576545,0.54
773,-0.010818514645406596,-0.39109478425658534,0.54
774,-0.010372135045427337,-0.39104704935402246,0.54
775,-0.00991466096037687,-0.39108570318545677,0.54
776,-0.0094309834883374,-0.39120006485048486,0.54
777,-0.0088918827738964,-0.39114320469646724,0.54
778,-0.008455331782428608,-0.3910119305183279,0.54
779,-0.008060128989552958,-0.3910473884216034,0.54
780,-0.0075997155167157535,-0.3910508216921996,0.54
781,-0.007135009916224769,-0.39114621845501274,0.54
782,-0.006622970224374262,-0.3911530914117671,0.54
783,-0.006208113084657215,-0.3912529057469725,0.54
784,-0.005768360511162842,-0.391215893489718,0.54
785,-0.0052689423449932575,-0.391278106595258,0.54
786,-0.004679327280984944,-0.3911897482033482,0.54
787,-0.004139523597286575,-0.3911664330966522,0.54
788,-0.0036770068476066984,-0.39108868841278543,0.54
789,-0.0032107580501051125,-0.3911933478110854,0.54
790,-0.0026335215084600846,-0.3912594613676402,0.54
791,-0.002143720999629869,-0.39138199465898393,0.54
792,-0.0015202940115008792,-0.39143171585350295,0.54
793,-0.001054333377673907,-0.3915162225539439,0.54
794,-0.0005807609094152289,-0.39149954076770893,0.54
795,-0.00010413517974235459,-0.39130125479342837,0.54
796,0.0004916751402678814,-0.39126682499924675,0.54
797,0.0010563075440242168,-0.39113234610602243,0.54
798,0.0015248674268632278,-0.3911391485153724,0.54
799,0.001985233700712902,-0.3910443860481788,0.54
800,0.0025065680383381615,-0.39103679982183775,0.54
801,0.0028585192920603116,-0.39099184269965404,0.54
802,0.003415863316574555,-0.3909174102884529,0.54
803,0.003883955569038394,-0.39082274542880807,0.54
804,0.004380577943927817,-0.390889205977894,0.54
805,0.004669042521753097,-0.3909536683521501,0.54
806,0.00506711386051488,-0.3910848395759383,0.54
807,0.00558042754397831,-0.39110693864896207,0.54
808,0.006104173924785308,-0.3909638593911781,0.54
809,0.006612214117900193,-0.3909178986386669,0.54
810,0.007094976289459265,-0.3910191285741677,0.54
811,0.007625647813286818,-0.39103619442021753,0.54
812,0.008203120330352354,-0.39111521788816633,0.54
813,0.008767326119996234,-0.3912716093910642,0.54
814,0.009371601036685667,-0.3912299954149114,0.54
815,0.009896388882742154,-0.39110634282056034,0.54
816,0.010410488156656442,-0.3911499449810145,0.54
817,0.010965075895828534,-0.391159928423284,0.54
818,0.011453920004520859,-0.3912609004869022,0.54
819,0.012076598256660914,-0.3912983574957169,0.54
820,0.012553860490748211,-0.3913773235397055,0.54
821,0.012970811461118236,-0.3913313181151684,0.54
822,0.013425836979908035,-0.39134157355344396,0.54
823,0.013947329949858952,-0.3912611947453364,0.54
824,0.014441993598351688,-0.39122431396387863,0.54
825,0.014913272826273033,-0.391133744668816,0.54
826,0.015376557890426436,-0.391205504388733,0.54
827,0.015943332376551368,-0.39124128332229796,0.54
828,0.01645082411736399,-0.3913565777007735,0.54
829,0.01708662489090046,-0.3914055213307114,0.54
830,0.01757041647801553,-0.3915089901677329,0.54
831,0.018099923315575164,-0.3915051366921606,0.54
832,0.018521519749228495,-0.3913718654263451,0.54
833,0.019080825257773267,-0.3913681871422156,0.54
834,0.019633568444909773,-0.39124502285007906,0.54
835,0.02014351744072754,-0.3911881948517411,0.54
836,0.020503978707270058,-0.3910846740494782,0.54
837,0.021031387998713926,-0.39110345162262494,0.54
838,0.021438497345379413,-0.39125347254924026,0.54
839,0.022000712253029416,-0.3912245342324937,0.54
840,0.022471895974596066,-0.39107280071217154,0.54
841,0.02302412413855802,-0.39100201154321,0.54
842,0.023514158493661202,-0.3908592695952738,0.54
843,0.024163083648614837,-0.39074943662357414,0.54
844,0.024746985092061868,-0.3907532067871741,0.54
845,0.02524047635895139,-0.3906802777654967,0.54
846,0.02580261365503065,-0.3906957105836129,0.54
847,0.026236902988509052,-0.39058255778156564,0.54
848,0.026823723544959592,-0.3904707685273226,0.54
849,0.02727864758757269,-0.39040199898819683,0.54
850,0.027741884086062634,-0.39050924045524876,0.54
851,0.028242237198613823,-0.39069039605067063,0.54
852,0.028671387281666533,-0.3908950517191231,0.54
853,0.029160794743535202,-0.3910693739112064,0.54
854,0.029578504745388833,-0.39120423419729194,0.54
855,0.030055324241407038,-0.3911545696882715,0.54
856,0.030544802872960342,-0.39095691379765424,0.54
857,0.03101144326791642,-0.390791770339559,0.54
858,0.03150680827704211,-0.39059138589822645,0.54
859,0.031990710429508976,-0.3905726467228453,0.54
860,0.03248264290534403,-0.390546259938761,0.54
861,0.03311813993656599,-0.39064455896006905,0.54
862,0.03366298544839608,-0.39063135730002646,0.54
863,0.03413019531423937,-0.39075734649131016,0.54
864,0.03461856893434516,-0.39077767274459824,0.54
865,0.03523202193223888,-0.39084880886224727,0.54
866,0.03561746105253988,-0.39085817326551026,0.54
867,0.03617701382702501,-0.3908223348832177,0.54
868,0.03671814885396062,-0.3908299966203052,0.54
869,0.03720654091288968,-0.39074425398935286,0.54
870,0.03777201206597688,-0.390768783148931,0.54
871,0.0382069321738838,-0.3908987964522686,0.54
872,0.038698040871154915,-0.39105060248569173,0.54
873,0.039101885086916255,-0.3912224223456105,0.54
874,0.03955491421718927,-0.3911911256245985,0.54
875,0.04003036842680691,-0.3910214408115064,0.54
876,0.0405213321529277,-0.39091492263657657,0.54
877,0.04099367505992189,-0.3909217983264068,0.54
878,0.04148195674399006,-0.390873322291845,0.54
879,0.04188130061561678,-0.3909604318605545,0.54
880,0.04228501505853974,-0.3909928180822382,0.54
881,0.042734182406461194,-0.3909164506777175,0.54
882,0.043322779054914724,-0.390947631363699,0.54
883,0.04379019330713341,-0.39112635203980817,0.54
884,0.04428552355002042,-0.39123989111190494,0.54
885,0.04476352672846328,-0.3913845756577912,0.54
886,0.045364018565053565,-0.3914376810126129,0.54
887,0.045834507123576625,-0.3915156738103401,0.54
888,0.04636908347283578,-0.3914700451667127,0.54
889,0.0468190204853379,-0.391260500303315,0.54
890,0.04735341744628788,-0.3912195300946417,0.54
891,0.047899440993683186,-0.3910746770252278,0.54
892,0.04841668975468768,-0.39102105708370855,0.54
893,0.048873296677547175,-0.3909246975475761,0.54
894,0.049454763765459764,-0.3909640548655905,0.54
895,0.04991391146795657,-0.39111678827831586,0.54
896,0.0504317977612302,-0.391184753030931,0.54
897,0.050832953004568034,-0.3912680677847793,0.54
898,0.0513969150095711,-0.3912816611572228,0.54
899,0.051841599851056415,-0.3913464698219578,0.54
900,0.05236650045230847,-0.39125779699257685,0.54
901,0.0528927679617572,-0.39125422975844576,0.54
902,0.05354568819764693,-0.3911089236867924,0.54
903,0.054055059438931165,-0.39103294155385887,0.54
904,0.054544295038392185,-0.3909204696468188,0.54
905,0.054959856830378524,-0.3910002406717375,0.54
906,0.05544576136902718,-0.39105734044808677,0.54
907,0.055904127729545734,-0.39118882756571993,0.54
908,0.05649614562746301,-0.3912455876361439,0.54
909,0.05692978697060243,-0.3913493450090083,0.54
910,0.05740979387642609,-0.3913393991629904,0.54
911,0.05794300771149437,-0.39115665011572665,0.54
912,0.05855152822533281,-0.39113522962306424,0.54
913,0.05913484233014665,-0.39102505026850226,0.54
914,0.059643634038577524,-0.39098856016834,0.54
915,0.06016199873043561,-0.39086233269983184,0.54
916,0.060755176429551874,-0.39088207344842996,0.54
917,0.06119339988358583,-0.39102953330031065,0.54
918,0.06173657914135518,-0.39102872135938443,0.54
919,0.062212739264544896,-0.39089369100720084,0.54
920,0.06265000995536658,-0.3908564250916875,0.54
921,0.06309238298581749,-0.39092591967708124,0.54
922,0.06348562853486958,-0.390994056187553,0.54
923,0.06392481254249617,-0.39107703904108804,0.54
924,0.06443018848415678,-0.39103163638995725,0.54
925,0.06486291494452072,-0.391143887404592,0.54
926,0.06535899127527553,-0.39117323962930983,0.54
927,0.0659150787318001,-0.3911015800761303,0.54
928,0.06638955930367045,-0.39109846376494445,0.54
929,0.06690582027224559,-0.390979834334464,0.54
930,0.06737706347413117,-0.3909647407304488,0.54
931,0.06785238839836735,-0.39105397365452205,0.54
932,0.06827052687738812,-0.39117098417639834,0.54
933,0.06872222090475172,-0.39129502235568353,0.54
934,0.0691396613571623,-0.3913757219884088,0.54
935,0.06967232222233985,-0.39125873278350465,0.54
936,0.07011489328449619,-0.39111147932852147,0.54
937,0.07059025165628273,-0.3910410739635781,0.54
938,0.07101519807336881,-0.3910582718589844,0.54
939,0.07153935557825379,-0.39095115794673496,0.54
940,0.07208501459328365,-0.39093216786964524,0.54
941,0.07259051531976032,-0.3910324879424368,0.54
942,0.07310730596071319,-0.3910252225311166,0.54
943,0.07363510927091957,-0.39089458330169474,0.54
944,0.07413503562254527,-0.3909318018849766,0.54
945,0.07473425220770825,-0.3909206139252689,0.54
946,0.07521390515595316,-0.3910142780039634,0.54
947,0.07581663017292069,-0.3910573922676418,0.54
948,0.07628187124043177,-0.3911414220235252,0.54
949,0.07681311635059114,-0.39104192466741355,0.54
950,0.07733899319897672,-0.3910430325603352,0.54
951,0.07799276744224719,-0.3909160188720378,0.54
952,0.07853009578240151,-0.3908594291530661,0.54
953,0.07901438421304238,-0.3907215054618232,0.54
954,0.0794513143040247,-0.3907932710338627,0.54
955,0.07997857977474054,-0.39076067301504674,0.54
956,0.08047189687331453,-0.3906518995197084,0.54
957,0.08096596815041752,-0.39065608957193654,0.54
958,0.08144534175784858,-0.39075489268045505,0.54
959,0.08198441060906192,-0.3907239188432014,0.54
960,0.0824644863133248,-0.3906033950276526,0.54
961,0.08289004471084827,-0.39067234780729765,0.54
962,0.08339953290681365,-0.3906991045763286,0.54
963,0.08385833094898788,-0.3908183505534805,0.54
964,0.08444701340916029,-0.3908649684232214,0.54
965,0.08486527368694301,-0.39095963251145577,0.54
966,0.08537069406712923,-0.39089297983117505,0.54
967,0.08582171730916927,-0.39092146175042847,0.54
968,0.08641453659732103,-0.39080827860796463,0.54
969,0.08691927779526272,-0.3907626705075807,0.54
970,0.08741879046881483,-0.39066915423156406,0.54
971,0.0878239484470097,-0.39077230883899805,0.54
972,0.08824945997875636,-0.39085737449024865,0.54
973,0.0886784831931397,-0.3910062242657594,0.54
974,0.08925380133336426,-0.39107386336861094,0.54
975,0.08967335205076946,-0.39118713167123065,0.54
976,0.09014124150542215,-0.3911831797602322,0.54
977,0.09055413811963217,-0.3912210560418614,0.54
978,0.09107224671651652,-0.3910818813981555,0.54
979,0.09156845976551084,-0.3910420449666526,0.54
980,0.0922147895491117,-0.3908941086767494,0.54
981,0.0927218023701644,-0.39081399376054315,0.54
982,0.09323978628911878,-0.3906925234863857,0.54
983,0.09369984150211225,-0.3907879116479285,0.54
984,0.09423873256486286,-0.3908604373415991,0.54
985,0.09469651416824593,-0.39099973705477153,0.54
986,0.09526246965628263,-0.3910543288867388,0.54
987,0.0956718598364277,-0.39114830581363746,0.54
988,0.09608860567936042,-0.39115122198059693,0.54
989,0.09646278905945777,-0.3911850840842237,0.54
990,0.09695171618530356,-0.39103097714401447,0.54
991,0.09742476643557824,-0.390979391458026,0.54
992,0.0979622067424212,-0.3908890721485465,0.54
993,0.0984473682962361,-0.39084076770884796,0.54
994,0.0989680198214002,-0.3907244742211224,0.54
995,0.09935453623390589,-0.3908211686708594,0.54
996,0.0998646161009087,-0.39089241062144753,0.54
997,0.10031484168503584,-0.39102967041043907,0.54
998,0.10088556056292186,-0.39108747469030164,0.54
999,0.10132619988327307,-0.39117705206905845,0.54
1000,0.10183088740308996,-0.3911397596810179,0.54
1001,0.10225606435698066,-0.39115835621729234,0.54
1002,0.10279811516669136,-0.3909965522159724,0.54
1003,0.10332227012878363,-0.39093516026538067,0.54
1004,0.10383443098323447,-0.39087479465186264,0.54
1005,0.10431265235836217,-0.39084444737576274,0.54
1006,0.10484932963951094,-0.39072493474321723,0.54
1007,0.10520964307381644,-0.3908089190690024,0.54
1008,0.1056523590125925,-0.3908707352263712,0.54
1009,0.10607615776342758,-0.3910025846610662,0.54
1010,0.1066421501803879,-0.3910570753933128,0.54
1011,0.10705610372153707,-0.39114580555579925,0.54
1012,0.10755429089161711,-0.3911081412760058,0.54
1013,0.10796088323671713,-0.39112289259469674,0.54
1014,0.10851649007482617,-0.39096049167000974,0.54
1015,0.10901395074628702,-0.3909021600203645,0.54
1016,0.10955878356373573,-0.39081794763611616,0.54
1017,0.1100606930745431,-0.39078084223221926,0.54
1018,0.11063486371753269,-0.3906602015984712,0.54
1019,0.11110549503155129,-0.3907333618691602,0.54
1020,0.11156684833127627,-0.39079028638070284,0.54
1021,0.11200343296392504,-0.39092512113058736,0.54
1022,0.11257538437694588,-0.3909843488693613,0.54
1023,0.11299347308672733,-0.391072743155995,0.54
1024,0.11349542089847181,-0.3910307572817516,0.54
1025,0.11392572002937806,-0.39104786654694407,0.54
1026,0.1144908851532281,-0.390875603520295,0.54
1027,0.11496945283346795,-0.39068535421018646,0.54
1028,0.1154827433242462,-0.39059097699295964,0.54
1029,0.11608252510505598,-0.39042891708554667,0.54
1030,0.11671899345155877,-0.39044805503933805,0.54
1031,0.11732680430122044,-0.39037607137350955,0.54
1032,0.11783469424635193,-0.3904233858697176,0.54
1033,0.11840221565679217,-0.3903389953296058,0.54
1034,0.11887975833484168,-0.3903249027539216,0.54
1035,0.11933283540354488,-0.3904205733326621,0.54
1036,0.11987279067600816,-0.39036152937633783,0.54
1037,0.12038510080548666,-0.3901996818434073,0.54
1038,0.12083708920281631,-0.3902247968213085,0.54
1039,0.12143424776365305,-0.39012407368262464,0.54
1040,0.12193982516334212,-0.3899379167120317,0.54
1041,0.12250869817922394,-0.3899151120423539,0.54
1042,0.12292526319018927,-0.3900767527256224,0.54
1043,0.12336637473503366,-0.39020867244035523,0.54
1044,0.12374737325006024,-0.3903543197870028,0.54
1045,0.12425942824098059,-0.39034033022738857,0.54
1046,0.12476832962788856,-0.39019685498246603,0.54
1047,0.12524557233509687,-0.3901785436953894,0.54
1048,0.1257200456199796,-0.3901051955412746,0.54
1049,0.1262715049450591,-0.3901669434745598,0.54
1050,0.12681319533860283,-0.390137297265984,0.54
1051,0.12725747784645988,-0.3902188670263342,0.54
1052,0.12771044446120727,-0.39017590283253395,0.54
1053,0.1281596847825184,-0.3901883368134322,0.54
1054,0.1285593652558038,-0.39027187115913553,0.54
1055,0.12911059651640913,-0.3903118384286965,0.54
1056,0.12949805502118514,-0.3904590918055359,0.54
1057,0.12992929356368255,-0.390516168021712,0.54
1058,0.1303082786159708,-0.39059389251197063,0.54
1059,0.13083129204689392,-0.39047127709001744,0.54
1060,0.1313131869708403,-0.39045664587560946,0.54
1061,0.13195597274752263,-0.39033317966917713,0.54
1062,0.13246897498100266,-0.3902606623780818,0.54
1063,0.13301291541040572,-0.3901109216200095,0.54
1064,0.13346352822848406,-0.390178606381214,0.54
1065,0.13395126955267692,-0.39023223804318835,0.54
1066,0.13436434721346288,-0.39036155958842605,0.54
1067,0.13489030633125884,-0.39041188457288784,0.54
1068,0.13527736504955418,-0.3904998911975158,0.54
1069,0.13569986843222978,-0.3904683206355503,0.54
1070,0.13606426441933586,-0.3904873135459845,0.54
1071,0.13657989828228764,-0.3903216908837727,0.54
1072,0.13704866958375903,-0.39026698184461883,0.54
1073,0.13760800253781386,-0.39017107090252096,0.54
1074,0.13810168305785994,-0.3901214443106968,0.54
1075,0.1386606172573329,-0.3899915548225765,0.54
1076,0.13913326522892894,-0.39006543799623516,0.54
1077,0.13966232426228262,-0.3901197615236517,0.54
1078,0.14011310081772424,-0.39024992024775035,0.54
1079,0.1406651456562269,-0.39030395205069396,0.54
1080,0.14108291757992086,-0.3903909332600667,0.54
1081,0.14155982795963828,-0.39035155104068403,0.54
1082,0.14195545769406592,-0.390365232389445,0.54
1083,0.14249176512362166,-0.3901879313824638,0.54
1084,0.14297877215816587,-0.39012453626432103,0.54
1085,0.14356390331224367,-0.39001212169989685,0.54
1086,0.1440614718056919,-0.3899503213038947,0.54
1087,0.14461251050372567,-0.3898086885443057,0.54
1088,0.14502670628719447,-0.3898901059637768,0.54
1089,0.14548819045524775,-0.38995863082343063,0.54
1090,0.1459074556633475,-0.39009917378784337,0.54
1091,0.1464523395423162,-0.3901557244033092,0.54
1092,0.14685901653828506,-0.39024669075002966,0.54
1093,0.14732422486575356,-0.39021157409829027,0.54
1094,0.14771721119219225,-0.39022581556446556,0.54
1095,0.14825808674903926,-0.3900442404173132,0.54
1096,0.1487751180138818,-0.38981871544911817,0.54
1097,0.14929137275802148,-0.38970886194228727,0.54
1098,0.1498928972852538,-0.38953977796501665,0.54
1099,0.15051539419833965,-0.3895566062911924,0.54
1100,0.15111034975909957,-0.38949144182902645,0.54
1101,0.1515889780113685,-0.38954428442154154,0.54
1102,0.15214786333613461,-0.3894538025025175,0.54
1103,0.15266748921850015,-0.3894395749248037,0.54
1104,0.15313282369525297,-0.3895353579774171,0.54
1105,0.153697639144026,-0.38957879260485295,0.54
1106,0.15405850878298413,-0.3897231820901936,0.54
1107,0.15437877248000262,-0.38983117440982046,0.54
1108,0.15467867095460233,-0.38992068184667217,0.54
1109,0.15514459186424848,-0.38977619058401375,0.54
1110,0.15556396266948472,-0.38974994114824224,0.54
1111,0.15616381006783675,-0.3896357325915769,0.54
1112,0.1566489772045203,-0.3895583840642591,0.54
1113,0.15718180122017075,-0.3893940657183822,0.54
1114,0.15763492819383124,-0.38946581721784046,0.54
1115,0.15816240865337594,-0.3895265444302519,0.54
1116,0.15859044217009963,-0.38966217020279914,0.54
1117,0.15912219308473138,-0.3897135885072813,0.54
1118,0.1595148574240196,-0.3898001786607583,0.54
1119,0.1599634512722803,-0.38976183667398073,0.54
1120,0.16033006322777996,-0.38977369195608835,0.54
1121,0.16085502624634598,-0.38958636525604984,0.54
1122,0.16135477644599708,-0.3893646673479475,0.54
1123,0.16184578839732192,-0.3892570732042343,0.54
1124,0.1624329935888721,-0.3890835358239816,0.54
1125,0.16304114632350056,-0.3890940407457345,0.54
1126,0.163571672224316,-0.3890630418089908,0.54
1127,0.16400368814045338,-0.3891304401998958,0.54
1128,0.16443753578377243,-0.38906692042981433,0.54
1129,0.16484290184825226,-0.3890887313396859,0.54
1130,0.1652532388483811,-0.38919526834524487,0.54
1131,0.16579438398385327,-0.38923684142293735,0.54
1132,0.16616131573877982,-0.38936430461191335,0.54
1133,0.16656998370652804,-0.38939002328502,0.54
1134,0.16691130195930134,-0.389437847733344,0.54
1135,0.1674332791026198,-0.3892710139650606,0.54
1136,0.16791096883323195,-0.3892321017003286,0.54
1137,0.16849116602791525,-0.38914931087857374,0.54
1138,0.16897398130785674,-0.3890951620964551,0.54
1139,0.16954198171904358,-0.38893085432266583,0.54
1140,0.1699657933325342,-0.388996628140222,0.54
1141,0.17056687669937706,-0.38892301097298704,0.54
1142,0.1711726919263412,-0.3887503849440604,0.54
1143,0.1716414716857483,-0.38872509500318475,0.54
1144,0.17207038095631225,-0.38881658464804886,0.54
1145,0.17260570811527112,-0.38878086119918515,0.54
1146,0.17315132097563868,-0.38861823873641393,0.54
1147,0.1735772669865425,-0.38865095913486114,0.54
1148,0.1740354685685957,-0.38865216025875016,0.54
1149,0.17437281760742668,-0.38871618516495204,0.54
1150,0.17486861164656725,-0.3887189280880914,0.54
1151,0.17522936955337712,-0.3887865936465352,0.54
1152,0.17575763649341905,-0.38867775170497004,0.54
1153,0.176251837106679,-0.3885178972306177,0.54
1154,0.17674148188284025,-0.38844629625790583,0.54
1155,0.17732905565140838,-0.38829883649691993,0.54
1156,0.17793129892086193,-0.3883185880600362,0.54
1157,0.17850722718984707,-0.3882585442899419,0.54
1158,0.17896314381898046,-0.3882982605474003,0.54
1159,0.17948958212074512,-0.38816979099506627,0.54
1160,0.18002890886233794,-0.3881827582434016,0.54
1161,0.18039045304743995,-0.38834121618414597,0.54
1162,0.1807795633966094,-0.38842506060478993,0.54
1163,0.18112115582318716,-0.38852235246528755,0.54
1164,0.18159101255432467,-0.388514188417141,0.54
1165,0.1819026303398193,-0.3885510895150286,0.54
1166,0.18238390929505252,-0.38837686069490646,0.54
1167,0.182821586769124,-0.38833510234260066,0.54
1168,0.1833530248385216,-0.38825973180187207,0.54
1169,0.18380699119772942,-0.38820388939248934,0.54
1170,0.18434172950274524,-0.38802677005796216,0.54
1171,0.18479504696296903,-0.3880624273502846,0.54
1172,0.18534358252427766,-0.3880221850025835,0.54
1173,0.18592640728259668,-0.3878672372939978,0.54
1174,0.18653331251785046,-0.3876381553857484,0.54
1175,0.18708043380585107,-0.38738851100613586,0.54
1176,0.18754924443053642,-0.3874305026664915,0.54
1177,0.18814231025610614,-0.38738017800795277,0.54
1178,0.1886264867056783,-0.387372188346523,0.54
1179,0.18909920679669062,-0.38725651981369447,0.54
1180,0.18944209414440455,-0.38740447874238215,0.54
1181,0.18982630497562544,-0.38754333872649754,0.54
1182,0.19016795583744142,-0.38771647290737904,0.54
1183,0.19063777772553708,-0.3877694803799246,0.54
1184,0.19093184480161635,-0.38788017401485686,0.54
1185,0.19126189178718095,-0.3878852720107741,0.54
1186,0.19156732224565906,-0.3879132558371109,0.54
1187,0.1920498599245465,-0.3877432169019624,0.54
1188,0.19248651893606256,-0.3877157817492603,0.54
1189,0.19309651685288648,-0.3875989471398597,0.54
1190,0.19359356653018286,-0.3875279291691172,0.54
1191,0.1941666521943874,-0.3873702676356483,0.54
1192,0.19462371275928914,-0.3874474195974443,0.54
1193,0.19512567160319505,-0.3875160437473008,0.54
1194,0.19552936687846742,-0.38765275709347,0.54
1195,0.1960331579259346,-0.3876958790315486,0.54
1196,0.19639259407852136,-0.38777131406329085,0.54
1197,0.196783529504194,-0.3877145035088601,0.54
1198,0.19710992138676017,-0.3876998053349451,0.54
1199,0.1976128477615819,-0.3874702131775296,0.54
1200,0.1981687682647813,-0.3871942768743641,0.54
1201,0.19867920354070367,-0.3870525274709967,0.54
1202,0.1992065884490247,-0.38687316613400113,0.54
1203,0.19975828308091612,-0.38687294831527375,0.54
1204,0.20032102763645585,-0.38680357420777217,0.54
1205,0.20077084823146882,-0.38684498195911404,0.54
1206,0.2013388450726086,-0.3867250905613505,0.54
1207,0.20197275713138382,-0.38666709474079297,0.54
1208,0.20247063279262012,-0.3865669993724187,0.54
1209,0.2031058545881285,-0.38650554223078254,0.54
1210,0.2036267520431623,-0.38646498440190913,0.54
1211,0.20416436068944693,-0.38629552028423997,0.54
1212,0.2047148690106423,-0.3862775690585619,0.54
1213,0.20522049129030426,-0.38620077059579416,0.54
1214,0.2055661781126333,-0.38621843396186417,0.54
1215,0.20601050532495452,-0.3860983505878715,0.54
1216,0.2065280237017464,-0.38606455174313464,0.54
1217,0.20689366256177896,-0.38599470968203253,0.54
1218,0.20740083280311883,-0.3859655166805657,0.54
1219,0.20787432161482347,-0.3858707996351204,0.54
1220,0.20822374750010178,-0.3859643452900215,0.54
1221,0.20857608325405447,-0.3860961957244884,0.54
1222,0.20882098024457543,-0.3862503426654066,0.54
1223,0.20912371566004143,-0.38635327211474685,0.54
1224,0.20935418885832976,-0.3864182137941586,0.54
1225,0.20979162775869842,-0.3862424614185316,0.54
1226,0.21030203463810118,-0.38601486094586573,0.54
1227,0.21076532635731218,-0.3858725568023165,0.54
1228,0.21111780095109198,-0.3858681325624991,0.54
1229,0.21164279060885338,-0.3857257025347387,0.54
1230,0.2121208543823992,-0.3857268100984691,0.54
1231,0.21254742913490945,-0.3858376515197425,0.54
1232,0.21307696714699387,-0.3858193524966549,0.54
1233,0.21365311797313258,-0.38565877730293324,0.54
1234,0.2141077410686631,-0.3856860223759926,0.54
1235,0.21463971709711344,-0.3856453931116474,0.54
1236,0.21520061599445744,-0.3854668960344282,0.54
1237,0.21573320950387329,-0.3854115778655562,0.54
1238,0.21607922905267538,-0.3855291943870987,0.54
1239,0.2164409405520192,-0.38559990177371956,0.54
1240,0.21675447161560005,-0.38569228635844177,0.54
1241,0.21718919642541928,-0.3856739885095264,0.54
1242,0.21746653359674772,-0.385707901869905,0.54
1243,0.21793281088231473,-0.38551467288003033,0.54
1244,0.21834244837370773,-0.3854615297893781,0.54
1245,0.21889489434645756,-0.3853594057788859,0.54
1246,0.219340082853105,-0.3852692173274587,0.54
1247,0.21986324384372444,-0.38503811174639874,0.54
1248,0.22026538312171834,-0.38503416233813476,0.54
1249,0.22076582985818508,-0.3849893097010968,0.54
1250,0.22133117960974838,-0.38480947093008167,0.54
1251,0.2219273027804759,-0.38457494795445013,0.54
1252,0.2225183625591649,-0.38434681118091246,0.54
1253,0.22296922037853534,-0.38436941724637563,0.54
1254,0.22352999893660766,-0.38432377035687304,0.54
1255,0.2239915371590805,-0.38434590891006387,0.54
1256,0.2244845495744921,-0.38421827328243147,0.54
1257,0.22480285771038622,-0.3843130916236486,0.54
1258,0.22513563226734531,-0.38439735257948315,0.54
1259,0.2253986973884191,-0.38451438549657246,0.54
1260,0.22581763282164324,-0.3845346873025242,0.54
1261,0.22608183387921027,-0.38461940330446576,0.54
1262,0.22637920587035054,-0.3846152173021775,0.54
1263,0.22666484997541728,-0.3846283834363699,0.54
1264,0.22713816045609292,-0.38442960058869063,0.54
1265,0.22766511470399048,-0.38418447241537107,0.54
1266,0.22814202058410904,-0.38407176997463166,0.54
1267,0.22874128522477527,-0.383871398404331,0.54
1268,0.22932195265160202,-0.38385351007334156,0.54
1269,0.22989907969942291,-0.3837812257892158,0.54
1270,0.23033519599752603,-0.3838044278521489,0.54
1271,0.23089025403583993,-0.3836330723259706,0.54
1272,0.2315462810279323,-0.3834877818478383,0.54
1273,0.2319804192381,-0.38338954596793795,0.54
1274,0.23254845223871473,-0.38334161650874204,0.54
1275,0.23298925252462438,-0.3832939489718742,0.54
1276,0.23345606068318278,-0.38308977407569805,0.54
1277,0.23392191447177643,-0.3830121869246245,0.54
1278,0.23432296457005192,-0.3829433435385714,0.54
1279,0.2345835966241299,-0.38296527857862006,0.54
1280,0.23499234303231936,-0.38282385683075104,0.54
1281,0.23556295247022488,-0.38273326640695293,0.54
1282,0.23605333212754387,-0.38259172687066506,0.54
1283,0.23663500702291163,-0.38253756185239945,0.54
1284,0.23708635015236398,-0.3824944448177026,0.54
1285,0.23739166450314803,-0.38259315936858834,0.54
1286,0.23768709735334148,-0.3827058324644366,0.54
1287,0.2378845573150488,-0.3828268106262495,0.54
1288,0.23813237188708233,-0.3828923756935962,0.54
1289,0.23831049694956105,-0.3829215163575791,0.54
1290,0.23871643285297273,-0.38271441360847724,0.54
1291,0.23919994345576617,-0.38248279822321646,0.54
1292,0.23963987258939132,-0.38231638561480613,0.54
1293,0.23995749768100183,-0.3822846710761334,0.54
1294,0.2404609698428671,-0.3820961105133106,0.54
1295,0.24090820369162516,-0.38206549856085825,0.54
1296,0.24129390019475128,-0.38214399248869574,0.54
1297,0.2417987118616817,-0.3821157555446871,0.54
1298,0.2423792114467313,-0.3819494953927309,0.54
1299,0.24280368095294871,-0.38196276168395343,0.54
1300,0.24325733087631218,-0.3819502976135036,0.54
1301,0.24378302681568423,-0.3817823301510411,0.54
1302,0.24426614890246812,-0.38170081629004676,0.54
1303,0.24457608960364827,-0.3817844206765112,0.54
1304,0.2448334252572617,-0.38181988142052936,0.54
1305,0.24508457999468367,-0.38187416023312826,0.54
1306,0.2454781716676206,-0.38181746653999876,0.54
1307,0.2457335649897877,-0.3818168074690975,0.54
1308,0.24615912349494956,-0.38160387220236464,0.54
1309,0.2464711984578515,-0.3815326549300884,0.54
1310,0.24688393565659264,-0.3814754706879297,0.54
1311,0.2472206093858071,-0.381359983524757,0.54
1312,0.24773126622745165,-0.38108930925643114,0.54
1313,0.24817161692735415,-0.38104837328558394,0.54
1314,0.2486763545369962,-0.380996693654567,0.54
1315,0.24926756881369855,-0.3808120216937874,0.54
1316,0.24979964519491427,-0.3806174653478361,0.54
1317,0.25037283893785867,-0.3803673286802648,0.54
1318,0.25077552590921465,-0.3803520779050884,0.54
1319,0.2512179474297733,-0.38033982807551775,0.54
1320,0.25159630916390036,-0.38030791251864116,0.54
1321,0.25209169534718623,-0.380098557376979,0.54
1322,0.2524272214824905,-0.3801280250926823,0.54
1323,0.2527016976882764,-0.38015217154781467,0.54
1324,0.2529544932808893,-0.38023246704978647,0.54
1325,0.2533642742499852,-0.3802130995398932,0.54
1326,0.253624500990648,-0.38025691459245864,0.54
1327,0.25394274308277387,-0.38019497138302427,0.54
1328,0.25419961285782167,-0.3801513438049488,0.54
1329,0.2546816527244155,-0.3798807503538158,0.54
1330,0.25512120208705574,-0.3796509352093961,0.54
1331,0.2555283336207174,-0.3795388136493015,0.54
1332,0.2561130267541354,-0.3793062720949936,0.54
1333,0.2566748429678437,-0.3792656746756527,0.54
1334,0.2572645985216838,-0.37917631447151384,0.54
1335,0.2577305209361574,-0.37917548311357085,0.54
1336,0.25821809047370864,-0.3790012891359742,0.54
1337,0.25880285139620435,-0.3787807638198774,0.54
1338,0.2593529652386543,-0.378569480041034,0.54
1339,0.2600006611181891,-0.37847190357765514,0.54
1340,0.2605001332732891,-0.37838512956788906,0.54
1341,0.2610260482190262,-0.3781631880129042,0.54
1342,0.26150145871890335,-0.3780701432910706,0.54
1343,0.2619558489034484,-0.3779629172870368,0.54
1344,0.2624408657941919,-0.3777881923514766,0.54
1345,0.26268626517949945,-0.3778786611281385,0.54
1346,0.2628736223879014,-0.3779710423108479,0.54
1347,0.26305043031640996,-0.37807650313950886,0.54
1348,0.2633937335648905,-0.37805882804599433,0.54
1349,0.26358218596283983,-0.3780868314287609,0.54
1350,0.26378619239230755,-0.3780360555207156,0.54
1351,0.2640027183796954,-0.3779917923075096,0.54
1352,0.2644359009502039,-0.3777390368716776,0.54
1353,0.264937774141956,-0.3774844751485932,0.54
1354,0.26537250432079673,-0.3773489607031452,0.54
1355,0.2659548576894343,-0.3770898446945994,0.54
1356,0.2664950992647393,-0.37701850263103404,0.54
1357,0.2670510553273455,-0.3769310725325409,0.54
1358,0.2674568403262452,-0.3769224171609289,0.54
1359,0.26793257887296956,-0.3767454193152669,0.54
1360,0.2683454063216817,-0.376677151236033,0.54
1361,0.26858531720699325,-0.3767540869436992,0.54
1362,0.2690043899013735,-0.37674721302774034,0.54
1363,0.26951105867593733,-0.3766011186825026,0.54
1364,0.269848387173457,-0.37650402630153607,0.54
1365,0.2701366279644274,-0.37645300612121374,0.54
1366,0.2705467394579479,-0.37636663517899277,0.54
1367,0.2710478021592793,-0.3761809922186654,0.54
1368,0.2713813059998529,-0.37612793462699107,0.54
1369,0.27169754669418616,-0.3760439979793416,0.54
1370,0.2719488314492526,-0.37601657664106847,0.54
1371,0.27233137871459373,-0.3759009181910871,0.54
1372,0.2725748263510856,-0.37584554366302164,0.54
1373,0.2730516671887528,-0.3756038389245825,0.54
1374,0.2735809201634999,-0.3753674061573507,0.54
1375,0.27396285705675516,-0.37523494582335626,0.54
1376,0.274295768197378,-0.37525503271480376,0.54
1377,0.2748039541991178,-0.3750331424454419,0.54
1378,0.27516669147243444,-0.3749840094924455,0.54
1379,0.2756559853169536,-0.37490676283813895,0.54
1380,0.2760120554224791,-0.3747797300703577,0.54
1381,0.27649293759862165,-0.3745192309497827,0.54
1382,0.2768099843925383,-0.37450117992516874,0.54
1383,0.2771109755342895,-0.37450340516622854,0.54
1384,0.27733479598018274,-0.3745365132793993,0.54
1385,0.2776815477490755,-0.37445907521880745,0.54
1386,0.2778843613379529,-0.37444518183857295,0.54
1387,0.27813337869450155,-0.37433498916123953,0.54
1388,0.2783485810423888,-0.3742422649107206,0.54
1389,0.27878975033559605,-0.3739583981323258,0.54
1390,0.2793165216362686,-0.3736882892646007,0.54
1391,0.27977522025295815,-0.373506147644529,0.54
1392,0.2803878934937987,-0.3732196687122604,0.54
1393,0.28092455320333654,-0.37310958367980945,0.54
1394,0.28148436917486064,-0.373005173705779,0.54
1395,0.2818719170136469,-0.3729918991918089,0.54
1396,0.2824260747173695,-0.37278103746352537,0.54
1397,0.2828296293309791,-0.37263467687612406,0.54
1398,0.2830587903164794,-0.37265100183683114,0.54
1399,0.2834627796777683,-0.3726214034670871,0.54
1400,0.28395359275264476,-0.3724740061127895,0.54
1401,0.28424544860893236,-0.3723865566491134,0.54
1402,0.28449723771270835,-0.3723159018360367,0.54
1403,0.28487080916926566,-0.372225155261707,0.54
1404,0.2853422513463485,-0.3720398978775505,0.54
1405,0.2856361388639841,-0.37196053290615366,0.54
1406,0.2860901450586133,-0.3718435466468589,0.54
1407,0.28654992757172837,-0.3716614688786907,0.54
1408,0.28694990173519597,-0.37149729844895296,0.54
1409,0.2871529583276605,-0.3714551846632191,0.54
1410,0.2875445468891037,-0.37138044117781005,0.54
1411,0.2880387289056659,-0.3711999664017877,0.54
1412,0.2883813774109368,-0.3710516769098231,0.54
1413,0.28864688250747517,-0.3710229886516644,0.54
1414,0.28902222970575026,-0.3709317302070263,0.54
1415,0.28949671749096445,-0.3707320656090441,0.54
1416,0.2897733792280278,-0.3706282320268579,0.54
1417,0.2901361560027375,-0.3705267427318144,0.54
1418,0.29063170627646495,-0.370336645865046,0.54
1419,0.291036338447324,-0.37015538391363334,0.54
1420,0.2912325424504976,-0.37009614506606536,0.54
1421,0.2915791629884425,-0.3700203578986227,0.54
1422,0.291986434281707,-0.3698553688381497,0.54
1423,0.29224453707800674,-0.3696928626542541,0.54
1424,0.292472717920717,-0.3696377743487581,0.54
1425,0.2927980145488423,-0.36946462830165827,0.54
1426,0.2929631950274283,-0.36940022815060286,0.54
1427,0.2931638161972626,-0.3692692193920087,0.54
1428,0.29326687315798716,-0.3691067478569673,0.54
1429,0.2936580929482336,-0.3687825591115405,0.54
1430,0.29397824963314023,-0.3686441044969638,0.54
1431,0.2944743392206068,-0.3685245820171273,0.54
1432,0.2948500791463786,-0.36834669183698104,0.54
1433,0.29538152658628686,-0.3680476303491795,0.54
1434,0.29576775446484055,-0.36797483948823084,0.54
1435,0.2963196168442556,-0.36786731000814893,0.54
1436,0.2969248829827501,-0.3676756820827276,0.54
1437,0.29735169295029257,-0.3675299072994129,0.54
1438,0.2976066687162523,-0.36740353039906715,0.54
1439,0.29800819111755833,-0.3672723436477205,0.54
1440,0.2985006380952531,-0.3670701064219322,0.54
1441,0.298800825660948,-0.36696980694161435,0.54
1442,0.2992147955247859,-0.3668578938499591,0.54
1443,0.29969602484826463,-0.3666583159487311,0.54
1444,0.3000915342057243,-0.36645709074602795,0.54
1445,0.30027007203631995,-0.36638042130221027,0.54
1446,0.30061485372571956,-0.3662968604170976,0.54
1447,0.3010540256295352,-0.3661183020807643,0.54
1448,0.30129474043913107,-0.3659786574894826,0.54
1449,0.30149141936569596,-0.36584537202140555,0.54
1450,0.30182290800196765,-0.365713341735259,0.54
1451,0.3022602335343951,-0.36550399762725755,0.54
1452,0.30251671292112586,-0.3653859147455685,0.54
1453,0.3027861345394665,-0.36519428588910047,0.54
1454,0.30296920552559725,-0.36505530620009025,0.54
1455,0.30328519658419745,-0.36483709814000836,0.54
1456,0.30346328965033137,-0.3647029496156195,0.54
1457,0.3038851646469592,-0.3644346346622578,0.54
1458,0.304363762246919,-0.3642032608209754,0.54
1459,0.3047461549981401,-0.3639991505006376,0.54
1460,0.30500039478511753,-0.36382528116062274,0.54
1461,0.3054437840791264,-0.36351389741273726,0.54
1462,0.30574672815625664,-0.3634112712039561,0.54
1463,0.30621079006545254,-0.36331085610228286,0.54
1464,0.3065261493815971,-0.3631351101730014,0.54
1465,0.30696508255130756,-0.3628545980369422,0.54
1466,0.30722404687600163,-0.3628027607726655,0.54
1467,0.3074753753274798,-0.3627361656935761,0.54
1468,0.3076321921693954,-0.36269754242887714,0.54
1469,0.30791872448212937,-0.3625562502320809,0.54
1470,0.3080612360804199,-0.3624990035082846,0.54
1471,0.30824105678970737,-0.362363260513436,0.54
1472,0.3083991858457407,-0.3622287029003399,0.54
1473,0.3087018873351815,-0.3619908276570207,0.54
1474,0.3089017567786881,-0.36183106708486873,0.54
1475,0.3093765411153787,-0.3615363424707213,0.54
1476,0.30976840750574536,-0.36137089561982494,0.54
1477,0.3100520055333121,-0.3612794026053996,0.54
1478,0.310501115036016,-0.3611655989975811,0.54
1479,0.31088155586807925,-0.3609625454023868,0.54
1480,0.31134328501785546,-0.360680498016829,0.54
1481,0.3117372698602371,-0.360468656067052,0.54
1482,0.31200693530906815,-0.3603375469048209,0.54
1483,0.31224379021230375,-0.3602102135683539,0.54
1484,0.31243627153040077,-0.3601046723008854,0.54
1485,0.31260026935759955,-0.3599625369772421,0.54
1486,0.3127570534867228,-0.35981082034935724,0.54
1487,0.31320696763582845,-0.3595177003745167,0.54
1488,0.31370808709552384,-0.35925604060607313,0.54
1489,0.3141025255090094,-0.35897369361807674,0.54
1490,0.31436453130200637,-0.3588071800858258,0.54
1491,0.3148634245558215,-0.3585184889515749,0.54
1492,0.3153813298870062,-0.35826134557137074,0.54
1493,0.3159687264540491,-0.35797738574063986,0.54
1494,0.3165252237552002,-0.3577583732694407,0.54
1495,0.3169185491209248,-0.3575644553783459,0.54
1496,0.317406320450301,-0.35731657576914505,0.54
1497,0.31778853807067864,-0.3571479977965792,0.54
1498,0.3181650406289807,-0.35703359474782753,0.54
1499,0.3183443553329142,-0.3569203334605539,0.54
1500,0.318672943624192,-0.35669372097142665,0.54
1501,0.3189654692894421,-0.3564951294061074,0.54
1502,0.3190709113256215,-0.35641326143132973,0.54
1503,0.31932401624340384,-0.3563570224156216,0.54
1504,0.31967785975733065,-0.35620683577620404,0.54
1505,0.3200435184376721,-0.3560416196674593,0.54
1506,0.3204499288396429,-0.35581015526464604,0.54
1507,0.32066007595285545,-0.35563664155174385,0.54
1508,0.3208083608839732,-0.35545468854463824,0.54
1509,0.3210931680572262,-0.35532778566862094,0.54
1510,0.32125868556552484,-0.355108735860022,0.54
1511,0.32162327926758216,-0.35481294926489465,0.54
1512,0.3219193823184825,-0.3545256667553774,0.54
1513,0.32205092100834287,-0.3543593649879268,0.54
1514,0.32218980047121154,-0.35417506173419194,0.54
1515,0.3222643512728089,-0.3540591667417552,0.54
1516,0.32233965584189983,-0.35387544676609356,0.54
1517,0.3224081956990049,-0.3537255823011116,0.54
1518,0.32278343087554473,-0.35345136974771246,0.54
1519,0.3231470401288897,-0.35324115643674897,0.54
1520,0.32358146735364623,-0.35310406359852636,0.54
1521,0.3238655420823304,-0.35297917590554073,0.54
1522,0.324216467506117,-0.35276930964148334,0.54
1523,0.32463119273003627,-0.35254469144307343,0.54
1524,0.32515613742539534,-0.35227127305451483,0.54
1525,0.3256651397034383,-0.35204011421668835,0.54
1526,0.32593717571234404,-0.3518032050907105,0.54
1527,0.3263459178107867,-0.3515461777285623,0.54
1528,0.3266806440522602,-0.35131735336386144,0.54
1529,0.3270473916017231,-0.3511518264782202,0.54
1530,0.3272192842790795,-0.3509368054048351,0.54
1531,0.3275842006615988,-0.35065393750862467,0.54
1532,0.32788154500316535,-0.3503884750266163,0.54
1533,0.3279870739030243,-0.3502506144577036,0.54
1534,0.32822905791834,-0.35015848548836004,0.54
1535,0.3285960484904794,-0.349985523380425,0.54
1536,0.3289058891536228,-0.34972291701114333,0.54
1537,0.32900922294593227,-0.34957119646211476,0.54
1538,0.3290926881046969,-0.34936067249749303,0.54
1539,0.3291577591939917,-0.3491479092854227,0.54
1540,0.32936995844812234,-0.34882990591852486,0.54
1541,0.3294675127668252,-0.348612358836507,0.54
1542,0.3298384467600431,-0.34832313242222745,0.54
1543,0.33027396951605487,-0.34809955286630084,0.54
1544,0.3305800282216563,-0.34788370076419234,0.54
1545,0.3307748414206769,-0.3476884827056679,0.54
1546,0.33119053880624405,-0.34736933446579105,0.54
1547,0.3314608629872824,-0.3471762388675432,0.54
1548,0.33187058049629764,-0.3470351708005425,0.54
1549,0.3321510662114955,-0.34682699115946697,0.54
1550,0.33256969349420856,-0.3465343518202147,0.54
1551,0.33280566150200336,-0.34636841027997195,0.54
1552,0.33317217580288055,-0.3462415837583948,0.54
1553,0.333613006040434,-0.34605466480411623,0.54
1554,0.3338527926287485,-0.3458220417575859,0.54
1555,0.3340090668764307,-0.3455756567860843,0.54
1556,0.3342834895365768,-0.34540216928607553,0.54
1557,0.3346028827006171,-0.345260135768192,0.54
1558,0.3347624060430799,-0.3450754840586059,0.54
1559,0.33485746110780373,-0.34482493845799034,0.54
1560,0.335107637971037,-0.3446432264670705,0.54
1561,0.33526094147929675,-0.344332652329317,0.54
1562,0.33562007701008806,-0.34398963322264814,0.54
1563,0.33592441542730545,-0.34365058058359765,0.54
1564,0.3360630826345403,-0.3433971839640717,0.54
1565,0.3362059628019858,-0.3431777880137157,0.54
1566,0.33628600658612623,-0.3429759121203275,0.54
1567,0.33664539704402946,-0.34268407969120057,0.54
1568,0.33706431043939106,-0.3424545092118536,0.54
1569,0.33737399876147167,-0.3421184154933124,0.54
1570,0.33755024660549193,-0.34183435538370605,0.54
1571,0.33794126795638096,-0.34151416295074993,0.54
1572,0.338364807612076,-0.3412629397181696,0.54
1573,0.33880235511204965,-0.3410371977903253,0.54
1574,0.3392383098863222,-0.34084961914689454,0.54
1575,0.3394614022092001,-0.3406223127008885,0.54
1576,0.33983020056107155,-0.3403364579005917,0.54
1577,0.34012000214043553,-0.34004824668669004,0.54
1578,0.34042311937854813,-0.3398706138657464,0.54
1579,0.3405404949498218,-0.3396360746912326,0.54
1580,0.3408254852373104,-0.3393562332248343,0.54
1581,0.34107178331962934,-0.3390569263636006,0.54
1582,0.3411219060679127,-0.3388598711409045,0.54
1583,0.3413202692601448,-0.3387459814792652,0.54
1584,0.3416220790766976,-0.3385732276685325,0.54
1585,0.34188948604732594,-0.3382696794330561,0.54
1586,0.3419485437905477,-0.3380473020164583,0.54
1587,0.34216551443579885,-0.3379057372436704,0.54
1588,0.34248411582297794,-0.33771742024105544,0.54
1589,0.3426448547299782,-0.33743508833521274,0.54
1590,0.34274904433253756,-0.337102253874229,0.54
1591,0.342970501087544,-0.336848435490398,0.54
1592,0.3432988366006447,-0.33659859853180135,0.54
1593,0.34345804429198323,-0.3363391324739759,0.54
1594,0.34354066617554985,-0.3360246529843248,0.54
1595,0.34358512559288,-0.33572722844288455,0.54
1596,0.34364020302092035,-0.33543437418335675,0.54
1597,0.3436847674451526,-0.33514332960614923,0.54
1598,0.3440186722377058,-0.33481802889752665,0.54
1599,0.3443469041279314,-0.33452865415430033,0.54
1600,0.3447353410334636,-0.33435845692764393,0.54
1601,0.3449698550456451,-0.3341409438175916,0.54
1602,0.34538912014779927,-0.33386273002985284,0.54
1603,0.3458231403683971,-0.3336201506529954,0.54
1604,0.34624941492292816,-0.33339663344591175,0.54
1605,0.34667140203536734,-0.3331891871322698,0.54
1606,0.34709528135913803,-0.33294596125134385,0.54
1607,0.3473088635482341,-0.3326646223506725,0.54
1608,0.3476215822412454,-0.33247538071305405,0.54
1609,0.34779013398348485,-0.3320761709804392,0.54
1610,0.34802595682601806,-0.331708378940811,0.54
1611,0.3480822104659965,-0.3314177667167859,0.54
1612,0.348282337332348,-0.3312419488782477,0.54
1613,0.34855041562549727,-0.33104478942431853,0.54
1614,0.3488260146785776,-0.33086739378125235,0.54
1615,0.34911897175281587,-0.3306330147184785,0.54
1616,0.34933348301080064,-0.33046001907490247,0.54
1617,0.34940646111044227,-0.33008036350645775,0.54
1618,0.3496428617056025,-0.32970986724491086,0.54
1619,0.3498611652069875,-0.3292979617652077,0.54
1620,0.3501088042304284,-0.3290334518698791,0.54
1621,0.35019839073069475,-0.3286791164426156,0.54
1622,0.3504586638824709,-0.3283352167944114,0.54
1623,0.3506819141794262,-0.3279567694991386,0.54
1624,0.35072418347806916,-0.32766948249109723,0.54
1625,0.3509148304989643,-0.3275025411529694,0.54
1626,0.35120219946402037,-0.3273041034575308,0.54
1627,0.3514490580304387,-0.3269533069991936,0.54
1628,0.3514947595793369,-0.32666485994045935,0.54
1629,0.3516871880334699,-0.3264894870815075,0.54
1630,0.351923477397877,-0.3263302256045134,0.54
1631,0.3520298310867863,-0.32603019136000927,0.54
1632,0.3520995543557342,-0.3256579148760215,0.54
1633,0.35226890596703,-0.32516903528990865,0.54
1634,0.3523124813987523,-0.3248247256496097,0.54
1635,0.35238401477562825,-0.324476943771174,0.54
1636,0.3524202309695089,-0.3241383188789473,0.54
1637,0.3527110962436815,-0.3237732139260888,0.54
1638,0.35306893826372565,-0.32351696534184743,0.54
1639,0.35331136667312546,-0.3232291692485005,0.54
1640,0.35345563203522434,-0.3228848149568976,0.54
1641,0.35379452073791856,-0.3225181958540686,0.54
1642,0.35398265742113394,-0.3222772367188616,0.54
1643,0.3543245005643921,-0.32212427238560515,0.54
1644,0.35453010768689,-0.32178219109398376,0.54
1645,0.3548460686165101,-0.32144357086643616,0.54
1646,0.3549828011718372,-0.32120516147622136,0.54
1647,0.3552643688887361,-0.32105041382020666,0.54
1648,0.35560112204539307,-0.32086761477681713,0.54
1649,0.3559311223443214,-0.3206924926812992,0.54
1650,0.3562430823455925,-0.3204915661888057,0.54
1651,0.3563646006740955,-0.32017981806507073,0.54
1652,0.35641197941308533,-0.3197883019406826,0.54
1653,0.35656676442661756,-0.3195127145352522,0.54
1654,0.3566338694785689,-0.3190940684744516,0.54
1655,0.3568765157533073,-0.31871954651714623,0.54
1656,0.3571051237430375,-0.31830422470644265,0.54
1657,0.35717193452712,-0.31795363089441225,0.54
1658,0.35725391012967606,-0.3175655226079871,0.54
1659,0.3572735413275241,-0.317237486546804,0.54
1660,0.3573149827322352,-0.31686858451606215,0.54
1661,0.357330947840894,-0.31653592382076073,0.54
1662,0.35761807396832884,-0.3161994975489179,0.54
1663,0.3578998341267716,-0.31587115378969916,0.54
1664,0.3582310787745306,-0.3156913347724881,0.54
1665,0.3583959690328607,-0.31543636348499743,0.54
1666,0.3587276504763471,-0.31515083766211993,0.54
1667,0.35907136125406786,-0.31491635534845847,0.54
1668,0.35944415422428816,-0.3146608853731244,0.54
1669,0.3597944822662839,-0.31445007794931956,0.54
1670,0.3601264464020547,-0.3142102445354962,0.54
1671,0.36025795777718733,-0.31387511800187834,0.54
1672,0.36049915716993086,-0.3136328312124837,0.54
1673,0.360625675395582,-0.31315939841233764,0.54
1674,0.36080165040197915,-0.3127601658345595,0.54
1675,0.3608197824770277,-0.31240633229643877,0.54
1676,0.3609781166837333,-0.3121972647791329,0.54
1677,0.3611869066199672,-0.31201321410186306,0.54
1678,0.36136949150917075,-0.3116418552404823,0.54
1679,0.3613736516441102,-0.3112971722669368,0.54
1680,0.36152302431983596,-0.3110884392177138,0.54
1681,0.3617419560944435,-0.31086972819422,0.54
1682,0.36197711886735606,-0.3106684229179414,0.54
1683,0.362216461021234,-0.3104443627579337,0.54
1684,0.3622949797175299,-0.3100412184504472,0.54
1685,0.362314154022452,-0.30954473661559734,0.54
1686,0.3624390464428022,-0.30917064593246124,0.54
1687,0.3626386049739974,-0.30887892856345944,0.54
1688,0.36269911588261744,-0.3085092289251143,0.54
1689,0.3628873101472926,-0.30826246785886907,0.54
1690,0.3631446140205099,-0.30801163262005093,0.54
1691,0.36335074378744264,-0.3075554342069274,0.54
1692,0.363398112944649,-0.3070992238786631,0.54
1693,0.3635714200742223,-0.30681629227774326,0.54
1694,0.36381874753310656,-0.30656026086411625,0.54
1695,0.36411988065545564,-0.30622806023030097,0.54
1696,0.3644263497357776,-0.3059839244515284,0.54
1697,0.3646971326554319,-0.3057443139834829,0.54
1698,0.3649096986911509,-0.3055583327427968,0.54
1699,0.3649596218360186,-0.3051482438339568,0.54
1700,0.3649203203699908,-0.3046150126379996,0.54
1701,0.36485981349713553,-0.30405815771342115,0.54
1702,0.36482695966763645,-0.3034923018851366,0.54
1703,0.36495622374537834,-0.3030758231374867,0.54
1704,0.3651758414641194,-0.3028168953914085,0.54
1705,0.3652691994500149,-0.30250427887054543,0.54
1706,0.3655183894400374,-0.3021844393178518,0.54
1707,0.36580000224323517,-0.3019440629733789,0.54
1708,0.36600050460551625,-0.3014728505495771,0.54
1709,0.3660308714196397,-0.3010204703159194,0.54
1710,0.36625179102112865,-0.300620121887952,0.54
1711,0.36651607886510534,-0.30033272472124733,0.54
1712,0.3668199501963051,-0.30005337051254427,0.54
1713,0.3671160006375921,-0.29983956323306626,0.54
1714,0.3672537364141524,-0.29940187727468254,0.54
1715,0.367279782492113,-0.2988770636527387,0.54
1716,0.3674302081677802,-0.29843374565295905,0.54
1717,0.36744847063599245,-0.29804866926619167,0.54
1718,0.36760916855686576,-0.29782261699903473,0.54
1719,0.3677232021663567,-0.2973932868744077,0.54
1720,0.3678963492112594,-0.2970437066980752,0.54
1721,0.36791947790980345,-0.2967527908731298,0.54
1722,0.368089093176478,-0.2965689036159253,0.54
1723,0.36832376566389535,-0.29636160069501394,0.54
1724,0.3685695287789753,-0.29617351124940566,0.54
1725,0.36881986909408415,-0.29592714385863905,0.54
1726,0.3690565726355615,-0.29570265081748137,0.54
1727,0.3691425456723829,-0.2952028846054111,0.54
1728,0.3692511627586291,-0.2948303028347345,0.54
1729,0.36935914751528115,-0.2943329092362132,0.54
1730,0.36949372763050103,-0.2939569479954253,0.54
1731,0.36951706820899854,-0.2934583087486168,0.54
1732,0.36967905060024225,-0.29308357853125755,0.54
1733,0.36982360161399624,-0.2926266273597351,0.54
1734,0.3698219460785112,-0.29221545051592196,0.54
1735,0.3699666240295728,-0.2919525924826945,0.54
1736,0.3701830291139389,-0.2917000328562177,0.54
1737,0.37037645236279015,-0.29125575780597185,0.54
1738,0.3703919150173464,-0.290832000149634,0.54
1739,0.3705441685764541,-0.2905341849812854,0.54
1740,0.3707511290706491,-0.29027181192114115,0.54
1741,0.37101434850889686,-0.28989272301690255,0.54
1742,0.3712732020917907,-0.2896398428824196,0.54
1743,0.37147534567455487,-0.2893887147118249,0.54
1744,0.371536854579799,-0.28884580420431893,0.54
1745,0.3716845015664687,-0.28840738176918507,0.54
1746,0.3719026794203887,-0.28795157868505095,0.54
1747,0.3720994663629309,-0.28746139857638836,0.54
1748,0.37229919404031464,-0.28721150669190854,0.54
1749,0.37231023773241584,-0.2868718196019064,0.54
1750,0.3724149546980444,-0.28657843580842696,0.54
1751,0.37255007157069736,-0.28631088192584986,0.54
1752,0.3727342883638529,-0.2859200363302933,0.54
1753,0.3729064987994035,-0.285644321838321,0.54
1754,0.3730161455790175,-0.2853555429713504,0.54
1755,0.37311036962235034,-0.285097561250733,0.54
1756,0.3730552148345963,-0.2846252903445481,0.54
1757,0.37298303315694914,-0.28402668651667223,0.54
1758,0.3730336104236838,-0.2835472014856624,0.54
1759,0.3731664670618512,-0.28326618579719676,0.54
1760,0.37316541312149315,-0.28286012260166826,0.54
1761,0.37329381269163886,-0.2825025418269332,0.54
1762,0.37346202436635667,-0.28225490536260706,0.54
1763,0.3735878599945298,-0.281756970192647,0.54
1764,0.37358943043779147,-0.2811873819566938,0.54
1765,0.3737176739915121,-0.2807726653913825,0.54
1766,0.37384510374647445,-0.28028076816570785,0.54
1767,0.37384740353505963,-0.27986773675735105,0.54
1768,0.37401118382341686,-0.27962217380004284,0.54
1769,0.3741853257565821,-0.27945861835029406,0.54
1770,0.37433208661463263,-0.279065196622576,0.54
1771,0.37433905293040587,-0.2786533924889535,0.54
1772,0.37447111586674164,-0.278401333289193,0.54
1773,0.3746566844027899,-0.2781609924442452,0.54
1774,0.3747186944805751,-0.27771944707671226,0.54
1775,0.37477442141084916,-0.27731470782858125,0.54
1776,0.3749083510307072,-0.27672095009872755,0.54
1777,0.37491873714773316,-0.27619271215865526,0.54
1778,0.3749202732298955,-0.2756768247943334,0.54
1779,0.3748959595888723,-0.2751597509862822,0.54
1780,0.3750022354464766,-0.2745600350514941,0.54
1781,0.3750243032012242,-0.2740768162052897,0.54
1782,0.3752459093045452,-0.27367768938557213,0.54
1783,0.37536094495849226,-0.2733301277816592,0.54
1784,0.3754372326813423,-0.27296564644350846,0.54
1785,0.3756304879482847,-0.27276658565942724,0.54
1786,0.3758786802581755,-0.2725547110291714,0.54
1787,0.3759698133497297,-0.27222864303672,0.54
1788,0.37619803702774385,-0.27196096347560206,0.54
1789,0.37632473405836925,-0.2714309361165918,0.54
1790,0.3766693825651431,-0.27101174652507337,0.54
1791,0.37678967437222766,-0.2705790942658432,0.54
1792,0.3769800706806331,-0.2702830982757711,0.54
1793,0.3771805678606756,-0.27002434715705714,0.54
1794,0.3773246437259358,-0.26956157693744437,0.54
1795,0.37730194911535586,-0.26911344572381635,0.54
1796,0.3774022533692625,-0.2688021626754311,0.54
1797,0.3775267983956228,-0.26853693311048576,0.54
1798,0.3776902531827436,-0.26816657049709425,0.54
1799,0.37785578865676345,-0.26792840398720397,0.54
1800,0.37795935224884036,-0.2676769004328158,0.54
1801,0.3780217739220577,-0.26743520305465585,0.54
1802,0.3779366194887331,-0.2669530603184541,0.54
1803,0.37797953430212755,-0.2665178586820105,0.54
1804,0.37808376348496187,-0.26622822683037767,0.54
1805,0.378160692672342,-0.26564112740906864,0.54
1806,0.378135788323834,-0.26498847319398894,0.54
1807,0.37822679891964617,-0.26450264060740575,0.54
1808,0.3783796907048391,-0.26419421138775306,0.54
1809,0.3784931558903863,-0.26362880405172145,0.54
1810,0.37849870999701296,-0.26303154772264353,0.54
1811,0.37863083559805444,-0.2625727435697497,0.54
1812,0.37880398854562025,-0.2622715147615719,0.54
1813,0.378991409336838,-0.26198765898107057,0.54
1814,0.37917721365761886,-0.26178014854619047,0.54
1815,0.3792177240864547,-0.2612910690625666,0.54
1816,0.3793400934121902,-0.26087543192909474,0.54
1817,0.3794554673685037,-0.2603304454559399,0.54
1818,0.3795560265431242,-0.2599386335874874,0.54
1819,0.3795343177089875,-0.25940527935404306,0.54
1820,0.37962856464963796,-0.2589853873644537,0.54
1821,0.3797328254964114,-0.258463737849862,0.54
1822,0.37969304300029727,-0.25798887339264254,0.54
1823,0.3797921087106402,-0.2576853667369629,0.54
1824,0.37993380274658284,-0.2574219645283384,0.54
1825,0.38007507223557574,-0.25694284605705464,0.54
1826,0.3800466161037981,-0.2564685946478111,0.54
1827,0.380146702989679,-0.2561314075804951,0.54
1828,0.3802016385527843,-0.2559010525445892,0.54
1829,0.3803410633096922,-0.25554060592410394,0.54
1830,0.3805041308013577,-0.2553009098277982,0.54
1831,0.38063114666741693,-0.2550330639534117,0.54
1832,0.3807120148366575,-0.25478180675791856,0.54
1833,0.38065387638785947,-0.25428418352731186,0.54
1834,0.38070850969308,-0.2538437654037799,0.54
1835,0.380821851132127,-0.25353725866522275,0.54
1836,0.3809018024701662,-0.252938867023644,0.54
1837,0.3808800786925921,-0.2522729319389095,0.54
1838,0.38095904226822874,-0.25177924218049264,0.54
1839,0.38109477780066087,-0.2514659913081274,0.54
1840,0.38120748156890955,-0.2509499457871375,0.54
1841,0.3812002713159224,-0.2503525694430158,0.54
1842,0.38130561512319766,-0.24988605423708782,0.54
1843,0.3814496579912027,-0.24957073309712374,0.54
1844,0.3816028902896613,-0.2492745560814347,0.54
1845,0.38175199256732706,-0.249045895171025,0.54
1846,0.3817688219846131,-0.24851659892332112,0.54
1847,0.38186469026789377,-0.24807882659459474,0.54
1848,0.3819640912676392,-0.24750095703466019,0.54
1849,0.382045659585834,-0.24707951747607546,0.54
1850,0.382016299281671,-0.24650926001617232,0.54
1851,0.38209624728773856,-0.24607087904723524,0.54
1852,0.3821877269121281,-0.24553537737808379,0.54
1853,0.38214399173359714,-0.24503114482762772,0.54
1854,0.3821171404739278,-0.2444794541221122,0.54
1855,0.3820389907283621,-0.24398203609728386,0.54
1856,0.3819958379124006,-0.24344325297343253,0.54
1857,0.38192366254794147,-0.24295720584925137,0.54
1858,0.3819691183398044,-0.24260926983069492,0.54
1859,0.3820877650754875,-0.24219945827366934,0.54
1860,0.38226160822419647,-0.2419906854248432,0.54
1861,0.3822993700142293,-0.24163863108822173,0.54
1862,0.3824628793486675,-0.24130804841996908,0.54
1863,0.3825978718200842,-0.24083496335340393,0.54
1864,0.38260265822393263,-0.24037282490895814,0.54
1865,0.3827615021454541,-0.24005238849122246,0.54
1866,0.382936635996226,-0.23979075833023647,0.54
1867,0.3830843286046495,-0.23929611334097137,0.54
1868,0.38308274648013957,-0.2387834755810107,0.54
1869,0.38322146227120496,-0.23840360448453513,0.54
1870,0.38335842884026156,-0.2381079733651769,0.54
1871,0.38352316651994295,-0.2377281246291633,0.54
1872,0.3836876167468333,-0.23748609450790356,0.54
1873,0.38381417891551795,-0.23720246832941302,0.54
1874,0.3838673852376998,-0.23693622101176023,0.54
1875,0.3837834816881011,-0.23640608185408296,0.54
1876,0.3837970577515447,-0.23595145809353643,0.54
1877,0.3838770707015118,-0.235622371003015,0.54
1878,0.38394542990238956,-0.23499831078189606,0.54
1879,0.3839108948347944,-0.23432572179832434,0.54
1880,0.3839594488730983,-0.23385874410980634,0.54
1881,0.38406878387962523,-0.23354081401211618,0.54
1882,0.38416332082964894,-0.2329467501065832,0.54
1883,0.38415427908944205,-0.2322925106419636,0.54
1884,0.38423889267499184,-0.2318051533168163,0.54
1885,0.3843294899756999,-0.23122623143254156,0.54
1886,0.3842888051206767,-0.2307180413018338,0.54
1887,0.38439688443559533,-0.23040333232477767,0.54
1888,0.38450962752604423,-0.23014913792810585,0.54
1889,0.3846164128211846,-0.22964717404226379,0.54
1890,0.38455914662292895,-0.22913368772382503,0.54
1891,0.38463823515560525,-0.22877201538404834,0.54
1892,0.3847321860233279,-0.22851036098415548,0.54
1893,0.38485185438180153,-0.22814793994713053,0.54
1894,0.384980979521877,-0.2279197337138262,0.54
1895,0.385082042871289,-0.22763859506393214,0.54
1896,0.38511656926076787,-0.22737048957889647,0.54
1897,0.3850337298614287,-0.22682307321242468,0.54
1898,0.38504894112855736,-0.22636072252822192,0.54
1899,0.38514145789090976,-0.22601555595331652,0.54
1900,0.38522867178969344,-0.22545505099784638,0.54
1901,0.38521228055982576,-0.22476977067721735,0.54
1902,0.3852893582897106,-0.22428206380298427,0.54
1903,0.38537546489162067,-0.22368038308790225,0.54
1904,0.38547370308802587,-0.22329432545301361,0.54
1905,0.38541674540187243,-0.22279414726864014,0.54
1906,0.38546574446633214,-0.22238741895306785,0.54
1907,0.3855209467484157,-0.22181962588197812,0.54
1908,0.3854532242952334,-0.22125459899073566,0.54
1909,0.3855406850642683,-0.22086364206079634,0.54
1910,0.3856287315170401,-0.2205621656944588,0.54
1911,0.3857333120617194,-0.2200103085923165,0.54
1912,0.3856872529606262,-0.21943654685970065,0.54
1913,0.3857822520043936,-0.21901402481609286,0.54
1914,0.3858936622487125,-0.21872058719771584,0.54
1915,0.38602966980886616,-0.21833876511107828,0.54
1916,0.3861715754679935,-0.21809740464205593,0.54
1917,0.38629422338019515,-0.21779718090536968,0.54
1918,0.3863363155160854,-0.21751781841578766,0.54
1919,0.3862578013396914,-0.2169550951604968,0.54
1920,0.38626430220748553,-0.21648650044698373,0.54
1921,0.38634393983334864,-0.21613469950877126,0.54
1922,0.3864173120869463,-0.21549595094107912,0.54
1923,0.38639106536944323,-0.21477620893292704,0.54
1924,0.3864271299407741,-0.214256851508927,0.54
1925,0.3864998618248999,-0.2136373510102854,0.54
1926,0.38658350630047944,-0.21325745972410964,0.54
1927,0.38654624180127134,-0.21272921584875196,0.54
1928,0.3865934317320357,-0.21234389817868454,0.54
1929,0.386639052963471,-0.21179779628456186,0.54
1930,0.38655830123156104,-0.21125208746883906,0.54
1931,0.3866272119858394,-0.21087566189403306,0.54
1932,0.38662740850743493,-0.21062186917089554,0.54
1933,0.38668514080460287,-0.2101064542740107,0.54
1934,0.38662090558306594,-0.2095582215646815,0.54
1935,0.38656931959039276,-0.20894036174094618,0.54
1936,0.3865220024212264,-0.2083170663994896,0.54
1937,0.386612716752816,-0.20762943630771913,0.54
1938,0.3866188187620775,-0.20705554162225978,0.54
1939,0.3867711491397315,-0.2066451005864688,0.54
1940,0.38695861207984483,-0.20640716944175536,0.54
1941,0.38713707846719386,-0.2061601691867275,0.54
1942,0.3873088408565322,-0.20599489235724894,0.54
1943,0.3873433493828067,-0.20552019487123754,0.54
1944,0.38742194952584624,-0.20512013594166842,0.54
1945,0.38750946974459494,-0.20455156027676463,0.54
1946,0.38756111732611925,-0.20415757574481608,0.54
1947,0.3875031483394155,-0.20357730234048085,0.54
1948,0.38743423512536684,-0.20318965639671668,0.54
1949,0.387443148553899,-0.2026457904871846,0.54
1950,0.3873558515186627,-0.20210706898073474,0.54
1951,0.3873138620819987,-0.20150932047863337,0.54
1952,0.38721041441267257,-0.20101742036081224,0.54
1953,0.38716008209299146,-0.2004660158559539,0.54
1954,0.3870756102192979,-0.19997970678387222,0.54
1955,0.3870494010828068,-0.1994294929257839,0.54
1956,0.38713903864925364,-0.1989883983704664,0.54
1957,0.3871330548459377,-0.19859585047124695,0.54
1958,0.38729892957671713,-0.19836953570314253,0.54
1959,0.3874038470454957,-0.1978752438632659,0.54
1960,0.38747064812526105,-0.1975100433180771,0.54
1961,0.38745011643983945,-0.1970680409341704,0.54
1962,0.387606984964097,-0.19672684320388167,0.54
1963,0.3877507315154834,-0.19645901243209915,0.54
1964,0.3878696401109894,-0.19594410771153709,0.54
1965,0.38786652657779164,-0.1953827784001487,0.54
1966,0.38800454556571856,-0.19496106534590696,0.54
1967,0.388109487035423,-0.19464515438586028,0.54
1968,0.388225654432043,-0.1942626023291846,0.54
1969,0.3883503203041544,-0.19402941275451593,0.54
1970,0.3884599306371266,-0.19371976677332076,0.54
1971,0.3884755377444443,-0.19342455107643441,0.54
1972,0.38837456822585675,-0.19282974581523252,0.54
1973,0.38837227220126164,-0.19235792872566826,0.54
1974,0.38844589200068996,-0.1919788195466987,0.54
1975,0.38852248621471286,-0.191387392344165,0.54
1976,0.38849325698649373,-0.19064984289533063,0.54
1977,0.3884522106027581,-0.19015441524369522,0.54
1978,0.3884758287592537,-0.18952016770651228,0.54
1979,0.3885275948782935,-0.1891004245331303,0.54
1980,0.388492636316773,-0.18851485479668167,0.54
1981,0.38849901805872994,-0.18810678374850523,0.54
1982,0.3885875561812006,-0.18766174475066646,0.54
1983,0.388704562015479,-0.18740812594387607,0.54
1984,0.38882926726280864,-0.18711452959360836,0.54
1985,0.388861195526612,-0.18683180490329074,0.54
1986,0.38877797751840104,-0.18623977835216918,0.54
1987,0.38869046246174416,-0.18549112396590667,0.54
1988,0.38864623075509647,-0.18494690932921826,0.54
1989,0.3887038383542074,-0.18461465577696737,0.54
1990,0.3886761069394193,-0.1840547501425345,0.54
1991,0.38873681532453486,-0.18364088058699138,0.54
1992,0.38879803390664763,-0.1830609825067983,0.54
1993,0.3888789860307571,-0.1826742556037303,0.54
1994,0.3888591402615445,-0.1820734461579249,0.54
1995,0.38889626896501667,-0.18162130238629826,0.54
1996,0.3889550703842745,-0.18101151687479772,0.54
1997,0.38891304561093526,-0.1803882660164631,0.54
1998,0.3889774240971793,-0.18006464500276376,0.54
1999,0.3890463563222663,-0.17978926151114788,0.54
2000,0.389137931943983,-0.17923868890522687,0.54
2001,0.38910387251502776,-0.17861916089334381,0.54
2002,0.38921337779858606,-0.1781404015440683,0.54
2003,0.3893426705652093,-0.17780222572779592,0.54
2004,0.38944826775915303,-0.1774025983563146,0.54
2005,0.3895561133477445,-0.1771435836137225,0.54
2006,0.38954016888252957,-0.17658969355748716,0.54
2007,0.38948994310548785,-0.1759657899149472,0.54
2008,0.38945000478415026,-0.17548554806207645,0.54
2009,0.3894830797257942,-0.17516715476406375,0.54
2010,0.38942500337189695,-0.17460845495677965,0.54
2011,0.38942793742485876,-0.17417288195938496,0.54
2012,0.38947488706562144,-0.1735768092296864,0.54
2013,0.38953810043732734,-0.17318987146473105,0.54
2014,0.38949562683393096,-0.1725928913620972,0.54
2015,0.3895110926086383,-0.17213523577376386,0.54
2016,0.3895619614541514,-0.17151819108009503,0.54
2017,0.38950529577382903,-0.17088743336798895,0.54
2018,0.38959969105067105,-0.17042824864258918,0.54
2019,0.38966998941183767,-0.1700882595462555,0.54
2020,0.38976561948660904,-0.1695140335851779,0.54
2021,0.38972206975756835,-0.16890309276040866,0.54
2022,0.38967045221227475,-0.16822883385378856,0.54
2023,0.38963315606466165,-0.16769528066287034,0.54
2024,0.3897197096740676,-0.16705283427389372,0.54
2025,0.3897742946853893,-0.16657049082214234,0.54
2026,0.389700619585005,-0.16616532872335693,0.54
2027,0.38977742902434603,-0.16594695220734965,0.54
2028,0.3898005901380499,-0.16549019404491963,0.54
2029,0.3897792658531403,-0.1649016930840782,0.54
2030,0.3898024995876041,-0.16443249286404388,0.54
2031,0.3898738678835147,-0.16396621418240745,0.54
2032,0.3899946904632791,-0.16374178454120392,0.54
2033,0.3901310070878272,-0.16355717507582915,0.54
2034,0.39013107729093577,-0.16304854850341327,0.54
2035,0.3901714547423891,-0.162656396444878,0.54
2036,0.3902444089258525,-0.16220661425879074,0.54
2037,0.3903293253371552,-0.16190066611308554,0.54
2038,0.3904174570369551,-0.16130148111897016,0.54
2039,0.3903842870596622,-0.16061360014412196,0.54
2040,0.390369017534947,-0.16011902192128524,0.54
2041,0.39042400550991585,-0.15978647130879942,0.54
2042,0.39048569431059255,-0.15917247112077393,0.54
2043,0.3904269753033162,-0.15847701858070293,0.54
2044,0.39039936976811046,-0.15797336312916582,0.54
2045,0.3904305057683735,-0.1576245818486728,0.54
2046,0.39042906950049117,-0.15731091351588114,0.54
2047,0.39046535569743684,-0.15704099185259449,0.54
2048,0.3904382095774712,-0.15675302938442903,0.54
2049,0.3903064110306656,-0.15620517235180428,0.54
2050,0.39034208667023573,-0.15572445716403444,0.54
2051,0.39038842242136623,-0.1550945324388814,0.54
2052,0.39040872699081736,-0.15462825545881193,0.54
2053,0.3903383875386676,-0.15403282323675763,0.54
2054,0.3902778838199983,-0.1533541242423644,0.54
2055,0.3902150943486835,-0.1526837386458298,0.54
2056,0.39017243963763254,-0.15200727096304678,0.54
2057,0.3901307379512442,-0.1513783181320914,0.54
2058,0.3901169139171399,-0.15074375185386252,0.54
2059,0.3902054689511534,-0.1502887345622469,0.54
2060,0.3901900079891324,-0.1498710287522658,0.54
2061,0.3902958637434415,-0.1496845590992046,0.54
2062,0.3903762698706662,-0.14920313818521855,0.54
2063,0.39041792828722477,-0.1488077797346171,0.54
2064,0.3903547042335892,-0.14832167971610621,0.54
2065,0.3904547299218104,-0.147961741050538,0.54
2066,0.39051970320645224,-0.14772676556758557,0.54
2067,0.3905907421515199,-0.14722428298961235,0.54
2068,0.39054994690186,-0.14663890642514607,0.54
2069,0.39061473175896305,-0.1462659141957535,0.54
2070,0.390656764312447,-0.14596810127897247,0.54
2071,0.39071497804944166,-0.14559951792452208,0.54
2072,0.39081548338763994,-0.14534717287794136,0.54
2073,0.3909247861486331,-0.14500031934411006,0.54
2074,0.3909246664317217,-0.1446765954919843,0.54
2075,0.39082925113512923,-0.14403334314248975,0.54
2076,0.39079388283669636,-0.14351531533182363,0.54
2077,0.3908614006848088,-0.1430833092384295,0.54
2078,0.3909336968871591,-0.14244013347496715,0.54
2079,0.39093168604684836,-0.1419686066597443,0.54
2080,0.3908403427395304,-0.14135029645528424,0.54
2081,0.39089103359793936,-0.14092977835415105,0.54
2082,0.39090494716799246,-0.1405873749160862,0.54
2083,0.39099142086588223,-0.14021777798951146,0.54
2084,0.39100171021699126,-0.13986248955189656,0.54
2085,0.39092330291905286,-0.13920277770511216,0.54
2086,0.39084872247341396,-0.1384147473952818,0.54
2087,0.3908645733136611,-0.13778288590213617,0.54
2088,0.39084286707516247,-0.13734949550142792,0.54
2089,0.3907641445195972,-0.13673263328917998,0.54
2090,0.39077970216672286,-0.13625170949729962,0.54
2091,0.39089451619810844,-0.13591356905748514,0.54
2092,0.39098657238036877,-0.13529244548347252,0.54
2093,0.3909891666988362,-0.13456348733901782,0.54
2094,0.3910380457722886,-0.13407005331216634,0.54
2095,0.3910999912894344,-0.13346147492874103,0.54
2096,0.3911840661233288,-0.13309010349527417,0.54
2097,0.39115447169326006,-0.13252763453568772,0.54
2098,0.3911590094409017,-0.13210205724612645,0.54
2099,0.39118527881506876,-0.13152545971340446,0.54
2100,0.39110076648151954,-0.130933676758421,0.54
2101,0.3911370758191314,-0.13053686624507577,0.54
2102,0.3911539103391457,-0.1302241806989261,0.54
2103,0.39118809078200323,-0.12984411019575162,0.54
2104,0.3912591023044657,-0.1296141836395477,0.54
2105,0.3913437099208914,-0.1293054386272127,0.54
2106,0.3913259692752825,-0.12900611061300163,0.54
2107,0.3912174489721269,-0.12838963645328258,0.54
2108,0.39117662446954726,-0.12789087157289797,0.54
2109,0.3912450809601918,-0.12747400314600232,0.54
2110,0.3913144106215852,-0.12678422201234565,0.54
2111,0.3912956661626295,-0.12627784408821924,0.54
2112,0.39120557845265436,-0.125661073729935,0.54
2113,0.3913003768614612,-0.12519188906851852,0.54
2114,0.39133821737034113,-0.12483841193116563,0.54
2115,0.3914397030975093,-0.12448554205660393,0.54
2116,0.3914565431633088,-0.12414755094773605,0.54
2117,0.391377307839566,-0.12352322296344058,0.54
2118,0.3913012906484826,-0.1227704322925618,0.54
2119,0.3913138899077229,-0.12217160509470024,0.54
2120,0.391283462038927,-0.12175493969884227,0.54
2121,0.391193458279905,-0.12115428276482139,0.54
2122,0.3911958571931387,-0.1206809983476696,0.54
2123,0.3912998620567092,-0.12034608587411172,0.54
2124,0.39138724368999983,-0.11973168128590163,0.54
2125,0.39138594310976266,-0.1190070395085675,0.54
2126,0.39139672564597033,-0.11851874092468849,0.54
2127,0.3914382682663371,-0.1179120276093598,0.54
2128,0.3915325096097679,-0.11755821448415232,0.54
2129,0.3915109802141129,-0.11699822396330001,0.54
2130,0.39151791666115093,-0.11657101018192542,0.54
2131,0.3915586459131586,-0.11613856644975226,0.54
2132,0.3916388931552846,-0.11589307418294115,0.54
2133,0.39173903622640854,-0.11560131310993835,0.54
2134,0.3917232444248675,-0.11531547217472184,0.54
2135,0.3916097493216414,-0.11471761564243974,0.54
2136,0.39155512079562443,-0.11422855345450494,0.54
2137,0.39157113456609005,-0.11358247120012452,0.54
2138,0.3916364884963611,-0.1131478089753167,0.54
2139,0.39158442675313787,-0.11254497550375227,0.54
2140,0.3915700640984174,-0.11209028509735708,0.54
2141,0.3915986743844763,-0.11146573724795183,0.54
2142,0.39166527418193875,-0.11101280526987896,0.54
2143,0.39163484482938943,-0.11034863954091996,0.54
2144,0.3916295585000227,-0.10986106160966558,0.54
2145,0.39166370521360383,-0.10938950883958576,0.54
2146,0.39175062922803944,-0.10909283817160872,0.54
2147,0.39186803284837507,-0.10874835523450174,0.54
2148,0.3918643769348881,-0.10843314089130729,0.54
2149,0.3918255848200939,-0.10803772484811826,0.54
2150,0.3917021617648148,-0.10742463704128888,0.54
2151,0.3917670235836348,-0.10693833822949847,0.54
2152,0.39179933009160545,-0.10621498680575642,0.54
2153,0.3917165192793209,-0.10575484418015019,0.54
2154,0.3916022974397258,-0.10516053754764099,0.54
2155,0.3916830424147986,-0.10469298830502381,0.54
2156,0.39173505062724345,-0.10400891425375551,0.54
2157,0.3917032654260318,-0.1035431014299271,0.54
2158,0.39161825281385926,-0.10297306096617292,0.54
2159,0.3915829617061373,-0.10229716818957595,0.54
2160,0.391538914950776,-0.10174158384608269,0.54
2161,0.3916127390294442,-0.10112648310052506,0.54
2162,0.39165302746327035,-0.10065223841503959,0.54
2163,0.39159870598142005,-0.10017014214182315,0.54
2164,0.3916820645403225,-0.09992869895790818,0.54
2165,0.39173146093782746,-0.09970146740235217,0.54
2166,0.39184041073428977,-0.0994504464102341,0.54
2167,0.391857115685213,-0.09916799829631309,0.54
2168,0.3917717215405371,-0.09857728114539342,0.54
2169,0.39168067589780187,-0.09784460863826933,0.54
2170,0.39165552060989317,-0.09733007532360712,0.54
2171,0.39161891170368995,-0.09697843213937914,0.54
2172,0.39153435102286993,-0.09639481650769278,0.54
2173,0.3915416757405866,-0.09592843108988763,0.54
2174,0.3916653354442852,-0.09557394471435762,0.54
2175,0.391761146989759,-0.09495000541314844,0.54
2176,0.3917861448308379,-0.09420482106865324,0.54
2177,0.3918252094427339,-0.09370449138839168,0.54
2178,0.3918867590058576,-0.09315876419303536,0.54
2179,0.3919950923492756,-0.09278863607110129,0.54
2180,0.39199182108726327,-0.09219400121428979,0.54
2181,0.39198429219793723,-0.09177234216668956,0.54
2182,0.39201898733654017,-0.09133262443256462,0.54
2183,0.3921044820271808,-0.0910515179926685,0.54
2184,0.392213894807395,-0.09071763949353895,0.54
2185,0.3921999389931359,-0.09040521212813198,0.54
2186,0.39214772417295307,-0.09001020456095611,0.54
2187,0.3920148784350594,-0.08939093437077321,0.54
2188,0.392074906390277,-0.08889307858116277,0.54
2189,0.3921026081545707,-0.08815672260466333,0.54
2190,0.3920419554598434,-0.08763884271155696,0.54
2191,0.3919358257328169,-0.08699159140038608,0.54
2192,0.39202300745250235,-0.08648614941457787,0.54
2193,0.3920351896627058,-0.08614477731526213,0.54
2194,0.3920780567266624,-0.0855554014199271,0.54
2195,0.39203099168692723,-0.08487072393666893,0.54
2196,0.39211576887869265,-0.08435821427818262,0.54
2197,0.3921415605512343,-0.08398183146543209,0.54
2198,0.39216495744934193,-0.08357068487693632,0.54
2199,0.3922464545727149,-0.08327056416390965,0.54
2200,0.39222935320875385,-0.0826672657673988,0.54
2201,0.39217262939916453,-0.0819287473068297,0.54
2202,0.39208524749896345,-0.08142265184194962,0.54
2203,0.39211531996424903,-0.0810687246983418,0.54
2204,0.3920756348668063,-0.08047389765355888,0.54
2205,0.3920746069370396,-0.08002157275960847,0.54
2206,0.3921141969731835,-0.079425915798381,0.54
2207,0.3921818195140108,-0.0790023558967304,0.54
2208,0.3921516609642471,-0.07837415093531411,0.54
2209,0.39215006717697287,-0.07789878984835369,0.54
2210,0.39218750877301145,-0.07743155681266232,0.54
2211,0.39228187514231605,-0.0771342381152665,0.54
2212,0.39241060820815454,-0.0767923194628034,0.54
2213,0.39241370379141155,-0.0764775048255139,0.54
2214,0.39237621069520784,-0.07608187283205527,0.54
2215,0.39225581531265774,-0.07546609027584003,0.54
2216,0.3923238817838607,-0.07497247167916153,0.54
2217,0.3923539192575472,-0.07425398661086331,0.54
2218,0.3922730715694305,-0.07377222073419767,0.54
2219,0.39215360546211137,-0.07316117190364574,0.54
2220,0.3922254919981613,-0.07268290294645653,0.54
2221,0.392247867776684,-0.07232542889345933,0.54
2222,0.3923076968199176,-0.07173821715616999,0.54
2223,0.39226550864398996,-0.0710666711460445,0.54
2224,0.3923664636348448,-0.07054277072622284,0.54
2225,0.3923927343460426,-0.0701564271483607,0.54
2226,0.39240837943844525,-0.06973836438079185,0.54
2227,0.39248310560443267,-0.06943354123348615,0.54
2228,0.39245860860388565,-0.06882891114469099,0.54
2229,0.3923986598488517,-0.06809147005738198,0.54
2230,0.3923045800257793,-0.06758562905444812,0.54
2231,0.3923270902008145,-0.06723056708268617,0.54
2232,0.39227885597952794,-0.06663676388400348,0.54
2233,0.3922673669793839,-0.06618488420316818,0.54
2234,0.3923025389712049,-0.06559384467881438,0.54
2235,0.39233175848830587,-0.06523463951138979,0.54
2236,0.3922762114308713,-0.0646390647938484,0.54
2237,0.3922610920691755,-0.06417626723767832,0.54
2238,0.39228997067251764,-0.06372085662146279,0.54
2239,0.39238591860256056,-0.06341715355652026,0.54
2240,0.3925245389637817,-0.06306300022297266,0.54
2241,0.3925278896695438,-0.06277768676571727,0.54
2242,0.3924994118403971,-0.062387046939322635,0.54
2243,0.3923949270557134,-0.06176589261624259,0.54
2244,0.3924443028963915,-0.06132679109904048,0.54
2245,0.3924706496975736,-0.06063892784710454,0.54
2246,0.39241136122982834,-0.06014320917099155,0.54
2247,0.39231038554952546,-0.05949857820016899,0.54
2248,0.39236683155266655,-0.05904691512067902,0.54
2249,0.3923786723647387,-0.058691129403597615,0.54
2250,0.39242840419918895,-0.058083822084129724,0.54
2251,0.3923825716991744,-0.05736898743369648,0.54
2252,0.3923042482551607,-0.05662727366400487,0.54
2253,0.39223017496478346,-0.05591228427422811,0.54
2254,0.3922801140036574,-0.05515212530190639,0.54
2255,0.392265612161127,-0.05445606352645951,0.54
2256,0.39230438872471485,-0.053992767306593546,0.54
2257,0.39238072628469217,-0.053786639881762195,0.54
2258,0.3924278029996126,-0.05354473110649404,0.54
2259,0.39252188380201475,-0.05332546733771603,0.54
2260,0.39252407598551836,-0.05306449334180551,0.54
2261,0.39242759577506725,-0.05253097454275675,0.54
2262,0.3924598244851686,-0.05211261274538828,0.54
2263,0.392449003180696,-0.05177012814447061,0.54
2264,0.3924955891172345,-0.05117716908774081,0.54
2265,0.39245147776363687,-0.05048208974295042,0.54
2266,0.39243041995892985,-0.049978360132788946,0.54
2267,0.39252418399641764,-0.049621800315353334,0.54
2268,0.39259907043555964,-0.049020249150011894,0.54
2269,0.39258781137712156,-0.04830327723657925,0.54
2270,0.392575883187075,-0.04779147166799528,0.54
2271,0.39265273689214575,-0.0473957596532823,0.54
2272,0.3926115007257702,-0.047096361210365104,0.54
2273,0.3925141615589388,-0.04655627885403084,0.54
2274,0.3924319646419282,-0.04590664481848485,0.54
2275,0.39247103047245774,-0.045419667269085764,0.54
2276,0.3924205889402414,-0.045102122400085085,0.54
2277,0.39232574933248543,-0.04456330827388773,0.54
2278,0.39224892189403826,-0.043927516304714115,0.54
2279,0.3921133486074864,-0.04334843671494944,0.54
2280,0.3920444227052581,-0.04271231235434594,0.54
2281,0.3919959749956874,-0.04225989505117513,0.54
2282,0.3919488811659333,-0.04173170246996311,0.54
2283,0.3921253426392352,-0.041347934566887505,0.54
2284,0.39223026177749043,-0.04077615806627198,0.54
2285,0.3922242476664628,-0.040363683282466305,0.54
2286,0.39218037345016493,-0.03981081625112275,0.54
2287,0.3922203666283426,-0.039164568732215896,0.54
2288,0.3921960774807751,-0.03850886223032653,0.54
2289,0.39227210690328784,-0.037832815082250004,0.54
2290,0.3922551404225099,-0.03728620285892923,0.54
2291,0.3923090086682737,-0.03687739634176853,0.54
2292,0.39245273109913154,-0.03662903232206678,0.54
2293,0.39254252889926783,-0.036368326444902656,0.54
2294,0.39267340838880965,-0.03613260078398834,0.54
2295,0.39269552939745517,-0.03586057644980817,0.54
2296,0.392614994093635,-0.03530553527709292,0.54
2297,0.3926987289513724,-0.03479708164275607,0.54
2298,0.39270658629879995,-0.0344115148748626,0.54
2299,0.3927589997459236,-0.03379708675855417,0.54
2300,0.39271405602189285,-0.03309317566593497,0.54
2301,0.3926844518983345,-0.03258696331354056,0.54
2302,0.3927673645166705,-0.03223192434048955,0.54
2303,0.39283245623737795,-0.03164814457526614,0.54
2304,0.3927893976057333,-0.030986890186254803,0.54
2305,0.39275428219134806,-0.03052269376298977,0.54
2306,0.3927536881718577,-0.02993873478335066,0.54
2307,0.3926685045846313,-0.029318052152532234,0.54
2308,0.392705790590545,-0.02893920892768686,0.54
2309,0.39270061838110304,-0.028628276234684738,0.54
2310,0.3926926616241762,-0.02825730904886663,0.54
2311,0.39275752445163437,-0.027990038596918485,0.54
2312,0.3926818449522468,-0.0274782791979006,0.54
2313,0.3926036740561919,-0.026805963529773914,0.54
2314,0.39251911038999876,-0.026314584975635682,0.54
2315,0.39257228573576863,-0.02594358757100053,0.54
2316,0.3925060321030474,-0.025392733083803642,0.54
2317,0.39250256887589446,-0.024955532676589478,0.54
2318,0.39254157506069254,-0.02436481607466341,0.54
2319,0.3926192143571259,-0.02396049398492836,0.54
2320,0.39261630828079214,-0.023305921299870948,0.54
2321,0.39262106878743386,-0.022824990685970558,0.54
2322,0.3926628529713625,-0.022356378715724462,0.54
2323,0.39278425715216836,-0.022010998826712588,0.54
2324,0.39291428458146926,-0.02167474351439745,0.54
2325,0.3929171576977109,-0.021351626280609663,0.54
2326,0.3928742108338543,-0.02094770327396169,0.54
2327,0.3927224645372899,-0.02033867798586269,0.54
2328,0.3927505833706599,-0.019871570720334974,0.54
2329,0.3927608990021097,-0.019173684582890368,0.54
2330,0.3926879319770367,-0.018668667590100482,0.54
2331,0.39253317174202523,-0.018052350091802043,0.54
2332,0.39260356533172935,-0.01752649126003981,0.54
2333,0.3926263499251199,-0.017134929275207014,0.54
2334,0.39264979566782443,-0.01672040572773789,0.54
2335,0.39273691774333264,-0.016414268565551334,0.54
2336,0.3927148416410927,-0.015807590075350993,0.54
2337,0.39266300174504964,-0.015063025668826308,0.54
2338,0.3926034312279389,-0.01452513716720339,0.54
2339,0.3925325497763652,-0.013858167153721878,0.54
2340,0.3926203134344479,-0.013408671265387159,0.54
2341,0.39268861021795975,-0.012781732057608542,0.54
2342,0.39268410454680847,-0.012304716825732304,0.54
2343,0.3926222295529775,-0.011690947758541044,0.54
2344,0.3926054789168174,-0.010965717591600248,0.54
2345,0.3925665261459265,-0.010346581375078755,0.54
2346,0.3926355878093757,-0.00968757013220011,0.54
2347,0.3926034361592756,-0.009096470133795269,0.54
2348,0.3926332137617859,-0.008658210541179441,0.54
2349,0.39275311955663444,-0.008385840560218837,0.54
2350,0.3928147989007256,-0.008110827005232324,0.54
2351,0.3929242537133813,-0.007864047393966032,0.54
2352,0.392972875947731,-0.007612595281695705,0.54
2353,0.3928743289121631,-0.007111341932929664,0.54
2354,0.39277637054321224,-0.006482480436870414,0.54
2355,0.3928145934669029,-0.005983405545236424,0.54
2356,0.3927776644067583,-0.005606697990640902,0.54
2357,0.39268431894601946,-0.005027767408331509,0.54
2358,0.3926610550367458,-0.004570659255831036,0.54
2359,0.3927652955360536,-0.004208484116260378,0.54
2360,0.3928663412327714,-0.003743319397549709,0.54
2361,0.392864232483359,-0.0030860861082228287,0.54
2362,0.39286126966372636,-0.0025830820769680994,0.54
2363,0.3928791498582758,-0.0021153596881594394,0.54
2364,0.39299814479930384,-0.001784288359910824,0.54
2365,0.3931743092294141,-0.0014075171291087628,0.54
2366,0.39318412210424025,-0.0010918921444432394,0.54
2367,0.39313044497189914,-0.0006926156459448751,0.54
2368,0.39296167541481714,-8.044557320201264e-05,0.54
2369,0.3930120645592521,0.0004572762694125509,0.54
2370,0.39303096196491527,0.001184366612593013,0.54
2371,0.39294736210844505,0.001703291266976309,0.54
2372,0.3928001238436411,0.00232600663131138,0.54
2373,0.39286554579836513,0.0028487865576668856,0.54
2374,0.3928759805909491,0.003242063295410166,0.54
2375,0.39288366262510216,0.0036583709638356807,0.54
2376,0.3929862416151426,0.0039995152887007035,0.54
2377,0.3930005997727006,0.00463672367224226,0.54
2378,0.39297050970249214,0.005388319245055134,0.54
2379,0.3929075728908418,0.005930038502696558,0.54
2380,0.39284125144900894,0.006501705642076927,0.54
2381,0.39296942438341614,0.006974084020563202,0.54
2382,0.39304857040174745,0.0076275453505157955,0.54
2383,0.393051269354824,0.00811151671406086,0.54
2384,0.3930246653868816,0.008648226560639207,0.54
2385,0.39301714218015904,0.009080182212676199,0.54
2386,0.3931191205226328,0.009383904280125383,0.54
2387,0.3931893797808332,0.009912909030329688,0.54
2388,0.3931502238595381,0.010572795087881533,0.54
2389,0.3930983199081013,0.011056974631044136,0.54
2390,0.3931428669783518,0.011436506792241775,0.54
2391,0.39312209256313924,0.011762638628846613,0.54
2392,0.3930286330528291,0.012306138031576873,0.54
2393,0.39296263326518305,0.012934609856987278,0.54
2394,0.3930192475825328,0.01341614020388992,0.54
2395,0.3929964607107623,0.013796605820985866,0.54
2396,0.3929119675021177,0.014374555903910968,0.54
2397,0.39289090048903713,0.014832276563940535,0.54
2398,0.39300032393447293,0.015200584657557853,0.54
2399,0.3930900111942004,0.015789051365273074,0.54
2400,0.39306009924313845,0.016250045081509824,0.54
2401,0.39296299636648896,0.0168569655447444,0.54
2402,0.39303826916456697,0.017312919133935373,0.54
2403,0.3930421697532574,0.017660437600957594,0.54
2404,0.39303052050971665,0.01803825238116484,0.54
2405,0.39311291213836697,0.018348892243442813,0.54
2406,0.3930986707874731,0.018951014587257745,0.54
2407,0.39304545093138743,0.019665314581656226,0.54
2408,0.39296255478116576,0.020188227340572948,0.54
2409,0.39285964703416665,0.020815905316240595,0.54
2410,0.39296924012331386,0.021311154013695835,0.54
2411,0.3930437663466702,0.021961085640176056,0.54
2412,0.39303035981189716,0.022453090689985227,0.54
2413,0.3929575281325625,0.02305213904532832,0.54
2414,0.3929467678621655,0.02351047292173031,0.54
2415,0.39306571551830133,0.023838136086918926,0.54
2416,0.39325253572506846,0.02419971918855608,0.54
2417,0.3933254679977103,0.0245149724642189,0.54
2418,0.3933212082696126,0.02492137853928406,0.54
2419,0.3932195448423028,0.025520354902493055,0.54
2420,0.3932987243686193,0.026024757695743573,0.54
2421,0.3933481883588311,0.02669861975796331,0.54
2422,0.39333569502524485,0.02716211176917102,0.54
2423,0.3932519940610733,0.02774926784313962,0.54
2424,0.39318297582595246,0.028381532565992237,0.54
2425,0.39323115967407557,0.028828941390722992,0.54
2426,0.39320293215160235,0.02916919865840787,0.54
2427,0.3930991545140639,0.029709137688235486,0.54
2428,0.3930544421849492,0.030147856523467426,0.54
2429,0.39313577136288624,0.030498243312793067,0.54
2430,0.3932120295745153,0.03102651614336268,0.54
2431,0.3931745550265387,0.03169584000089247,0.54
2432,0.39313922014541425,0.032181485182071305,0.54
2433,0.39315391678961553,0.032777540632914784,0.54
2434,0.39308389448100917,0.03342400083575646,0.54
2435,0.3931627679676367,0.03388599730470594,0.54
2436,0.39317584553311125,0.034243525962773705,0.54
2437,0.3931757729954637,0.034633605982551816,0.54
2438,0.3932599928528582,0.0349389257970859,0.54
2439,0.39324668630725057,0.0355104697488229,0.54
2440,0.393198152745414,0.03618753691081398,0.54
2441,0.3931202364903887,0.0366937687292263,0.54
2442,0.39301280888633194,0.03729100369175395,0.54
2443,0.393110163619207,0.03776100568606814,0.54
2444,0.39315242110350435,0.038121646929504996,0.54
2445,0.39323817031115094,0.038607930366906976,0.54
2446,0.3932029781768194,0.03919948962972357,0.54
2447,0.39317873680086024,0.03965543368695228,0.54
2448,0.39327220395023765,0.040005463917312,0.54
2449,0.3933406772475026,0.04056418333108473,0.54
2450,0.39327017977965334,0.04120969293867729,0.54
2451,0.39321138584819626,0.04169326344331611,0.54
2452,0.39313484666079396,0.04212374788653963,0.54
2453,0.39319384881814745,0.04242300442225865,0.54
2454,0.39333092735331976,0.04275550898427632,0.54
2455,0.39331394907172335,0.04307508965409164,0.54
2456,0.39320370980714026,0.04367317854223722,0.54
2457,0.3931334171429179,0.04415811529244617,0.54
2458,0.3931404226965156,0.044750744670939306,0.54
2459,0.39324059272177625,0.04519452814655642,0.54
2460,0.3932321852921323,0.04584760518650949,0.54
2461,0.3931606152459724,0.04631546406937624,0.54
2462,0.3931409195285132,0.04677051485235737,0.54
2463,0.3932386346463606,0.047133941729749135,0.54
2464,0.3934077748198203,0.047544366970407856,0.54
2465,0.39341625309999717,0.04791239496537015,0.54
2466,0.39335972732870667,0.0483232095998524,0.54
2467,0.393237702275472,0.04895737677232194,0.54
2468,0.393328197513845,0.04952347153861693,0.54
2469,0.3933706975087283,0.050226489629904454,0.54
2470,0.3933124436219373,0.050723179403943726,0.54
2471,0.3932059132917035,0.051357698028322206,0.54
2472,0.39314944722897915,0.05183476888602008,0.54
2473,0.39324475173275075,0.052213547273506626,0.54
2474,0.39331992384868575,0.05274817054406369,0.54
2475,0.39329166272962146,0.05342823542782075,0.54
2476,0.39319535791005494,0.053914244390750946,0.54
2477,0.39314705695744784,0.05436855274913509,0.54
2478,0.39322861689452293,0.05470035855132321,0.54
2479,0.39336029474417145,0.05501376354172513,0.54
2480,0.39335258669830964,0.05532877994267629,0.54
2481,0.3932524035503473,0.055942008383878195,0.54
2482,0.3931837652384087,0.05643495957675813,0.54
2483,0.3931909862292377,0.05703848166124033,0.54
2484,0.3933004385200158,0.057506013709985315,0.54
2485,0.393297088886095,0.05817951572902935,0.54
2486,0.39323214293364944,0.05865964848867795,0.54
2487,0.3932142623380527,0.059117104550343386,0.54
2488,0.39331419943558765,0.05948988332210266,0.54
2489,0.3934860414911011,0.05988774347982642,0.54
2490,0.39350941100367515,0.06025055821283558,0.54
2491,0.3934678126734384,0.060674901064121496,0.54
2492,0.3933894815229244,0.06126239932461082,0.54
2493,0.3934965338227251,0.06180056512347841,0.54
2494,0.39354904334280294,0.06249342295695551,0.54
2495,0.39348203737870713,0.06301230573807629,0.54
2496,0.39335719150170073,0.06366558394485579,0.54
2497,0.39334785044668324,0.0643360856663962,0.54
2498,0.39330357062304766,0.0650144792905975,0.54
2499,0.3933650002062248,0.06565717904370179,0.54
2500,0.39332519729667564,0.06615294253315979,0.54
2501,0.3932204914077417,0.06669181037901958,0.54
2502,0.39330930777295237,0.06708517501736858,0.54
2503,0.39332906265591827,0.06739645472583371,0.54
2504,0.39326347723657507,0.06789508880876564,0.54
2505,0.3932120771744524,0.06846297394443288,0.54
2506,0.3932504946932168,0.06909415582535762,0.54
2507,0.39320361800199827,0.06973986740484274,0.54
2508,0.3931743359641426,0.07032237586208083,0.54
2509,0.39311841030986416,0.07092122500306766,0.54
2510,0.39304725190953554,0.07137491304810525,0.54
2511,0.39301637461042305,0.07180963850381408,0.54
2512,0.39300193257154814,0.07228145106405848,0.54
2513,0.3931191413728428,0.07260393039937577,0.54
2514,0.3931642569445359,0.07290645620356581,0.54
2515,0.3931172945717033,0.07338118092603986,0.54
2516,0.3931268349606974,0.07377973899897736,0.54
2517,0.3932540913668668,0.07411258208842895,0.54
2518,0.39334884369098666,0.07463031522850934,0.54
2519,0.3933343447448565,0.0752709610520413,0.54
2520,0.393305493254526,0.07575723397294984,0.54
2521,0.3932902731053775,0.07620747983520702,0.54
2522,0.39338309521392356,0.07653438099917965,0.54
2523,0.39353553098897615,0.07688942659332622,0.54
2524,0.39352177233586066,0.07722918884605211,0.54
2525,0.39344178052582013,0.0776371430627309,0.54
2526,0.3932873855765717,0.07823451847196451,0.54
2527,0.3933496863734551,0.07876333546634727,0.54
2528,0.39334632571446176,0.07915313004062012,0.54
2529,0.3933920430233009,0.07969812163878827,0.54
2530,0.39334118371460086,0.08033077992284801,0.54
2531,0.39327151817553496,0.08102192770142193,0.54
2532,0.39320961759830053,0.0817130890673099,0.54
2533,0.3932606221010314,0.08241128160416128,0.54
2534,0.39323946706169094,0.08307625641379227,0.54
2535,0.3932269715510914,0.08355564831298223,0.54
2536,0.39332464792481525,0.08390944481879992,0.54
2537,0.3933395018531328,0.0842380886684649,0.54
2538,0.39325964945820735,0.08474194433287316,0.54
2539,0.39319479250491773,0.08530935113936773,0.54
2540,0.3932630535007513,0.08574809267575298,0.54
2541,0.3932342154178231,0.086113782364136,0.54
2542,0.39312774124320016,0.08664304679892955,0.54
2543,0.3930857530572226,0.08707006603845997,0.54
2544,0.39317722456164833,0.08742431641511442,0.54
2545,0.39320831650034654,0.08774926944862897,0.54
2546,0.39332121813753185,0.08808364315344494,0.54
2547,0.3933310835079226,0.0884224318908758,0.54
2548,0.39326428228586335,0.08898917113696575,0.54
2549,0.3932119257657605,0.08963165463269349,0.54
2550,0.39314409158972974,0.09030717862925973,0.54
2551,0.39311271929377095,0.0909848958248707,0.54
2552,0.3930794016873959,0.09147781287437041,0.54
2553,0.3931869199800157,0.09185025521197965,0.54
2554,0.39319823708387175,0.09243020217190757,0.54
2555,0.39315617307346734,0.0928597255035582,0.54
2556,0.39316176764193966,0.0933850400220902,0.54
2557,0.39310196324369534,0.09399679344576047,0.54
2558,0.39321420030839116,0.0945097581300688,0.54
2559,0.39320064250631387,0.0948923448717485,0.54
2560,0.39319812480183347,0.09530411833623702,0.54
2561,0.3932915542682796,0.09564578776298095,0.54
2562,0.3932969791153838,0.09619726425217526,0.54
2563,0.39330526300713786,0.09662878255534982,0.54
2564,0.39336831254287963,0.0971527765734297,0.54
2565,0.39348736382711813,0.09757899615421349,0.54
2566,0.3934646848114734,0.09796049493892985,0.54
2567,0.39335039162726737,0.0985370974798875,0.54
2568,0.393243958797695,0.09922197608384427,0.54
2569,0.3931541668539087,0.09990431981718385,0.54
2570,0.3931949396564064,0.1005807825789225,0.54
2571,0.39315325386079725,0.10108912101735665,0.54
2572,0.3930655240977713,0.10164033822329464,0.54
2573,0.3931773968634435,0.1020612045258646,0.54
2574,0.3932003790585328,0.10239268915852055,0.54
2575,0.39313822058388415,0.10288671373442974,0.54
2576,0.3930956098766582,0.1034383044266928,0.54
2577,0.39314920688093596,0.104028669554886,0.54
2578,0.3931285597513564,0.10464960108353664,0.54
2579,0.39308267267789254,0.10530620915189308,0.54
2580,0.393033990015826,0.10589547353025348,0.54
2581,0.3930192526205489,0.1063557480726467,0.54
2582,0.3929652335106092,0.10682611369669015,0.54
2583,0.39295103545259,0.10729124984712211,0.54
2584,0.3930346479718406,0.10755138593829582,0.54
2585,0.3930599660453451,0.10783084103132286,0.54
2586,0.3929967491933329,0.10828885926201798,0.54
2587,0.3929926420064111,0.10867604160292636,0.54
2588,0.39311150007873186,0.10901544207189287,0.54
2589,0.3931536497803328,0.1093323200755456,0.54
2590,0.3932688769125341,0.10967097695593801,0.54
2591,0.39326944522749624,0.1100142281455236,0.54
2592,0.39318477723284123,0.11057268247825448,0.54
2593,0.3931262245065059,0.11119839720793115,0.54
2594,0.39306177977575707,0.11189472509927573,0.54
2595,0.39304614107594843,0.1125140212151823,0.54
2596,0.39301943533642136,0.11299166037180908,0.54
2597,0.39294544191914227,0.1135451580573993,0.54
2598,0.3930902777653022,0.11401562117347232,0.54
2599,0.3931877395909765,0.11450481657110408,0.54
2600,0.393176234006798,0.11494192889754666,0.54
2601,0.39308348024418005,0.11549847671439463,0.54
2602,0.3929932457780741,0.11612245286745032,0.54
2603,0.39292598158607245,0.11673939095316052,0.54
2604,0.39298904540080903,0.11734499855775486,0.54
2605,0.39298774628261096,0.11793267651815302,0.54
2606,0.392998479673655,0.11837228794461345,0.54
2607,0.39311084937151974,0.11870746411809152,0.54
2608,0.3931418944159839,0.11903077975947857,0.54
2609,0.3930764885887482,0.11950674036433824,0.54
2610,0.39303080195184553,0.1200348963272369,0.54
2611,0.39311006889351663,0.12046195709975928,0.54
2612,0.39309142111811385,0.12083075331226553,0.54
2613,0.39300236845175923,0.12135692731810882,0.54
2614,0.3929672243870502,0.12178143347414615,0.54
2615,0.3930626288802686,0.12215425082620414,0.54
2616,0.3930605248564488,0.12248466752210582,0.54
2617,0.3931557633730213,0.12283530656650235,0.54
2618,0.3931562662354856,0.12318774286044044,0.54
2619,0.39307719059533136,0.12373707616627319,0.54
2620,0.39302920041463113,0.12434805146762365,0.54
2621,0.39295150368458054,0.12499296214257792,0.54
2622,0.39292421634287555,0.125638902843784,0.54
2623,0.3928853772665685,0.12612660708864648,0.54
2624,0.3928090025832511,0.1266958199704032,0.54
2625,0.3929563725205389,0.12718966902705625,0.54
2626,0.3930406902741918,0.12777643695154728,0.54
2627,0.3930052131580267,0.12825245334446714,0.54
2628,0.39291237386050426,0.1288328403464124,0.54
2629,0.3928366363437711,0.12948938859982653,0.54
2630,0.3927776160222558,0.13010860176934244,0.54
2631,0.39284585185853077,0.1306917804050569,0.54
2632,0.39286076068152026,0.13125680906553794,0.54
2633,0.39287647628488476,0.1316838643277523,0.54
2634,0.3928202584112304,0.13213583174520246,0.54
2635,0.39279688510437977,0.1325856712895851,0.54
2636,0.3928983465779315,0.1329095211131595,0.54
2637,0.39292171071244264,0.1332192505302983,0.54
2638,0.39286514343420537,0.13367276328447128,0.54
2639,0.392854742108418,0.1340541525872477,0.54
2640,0.39296253382619206,0.1343868812410906,0.54
2641,0.39306245257561917,0.1348477161882754,0.54
2642,0.3930300796343419,0.13526832201255828,0.54
2643,0.39294093439908295,0.1358109636620944,0.54
2644,0.39285943966769127,0.1364394826559156,0.54
2645,0.3927878672144189,0.13703860497099532,0.54
2646,0.3928389177429231,0.13760958205636323,0.54
2647,0.39283152076611805,0.1381767745962188,0.54
2648,0.39282650110744805,0.1385983607826708,0.54
2649,0.3929271830884013,0.13893366486848596,0.54
2650,0.39293737924166144,0.13925619959094165,0.54
2651,0.39285998233395686,0.13973986282294534,0.54
2652,0.39281269859018125,0.14026349143620875,0.54
2653,0.39288362602188015,0.14068294984355867,0.54
2654,0.39284647063512423,0.14105671235999542,0.54
2655,0.3927493964314095,0.14160070629387236,0.54
2656,0.3926978084290698,0.142035561106128,0.54
2657,0.3927859933284065,0.1424388310459351,0.54
2658,0.3928049019917244,0.1427935020714129,0.54
2659,0.39290857096584103,0.14315299398369122,0.54
2660,0.39290387773608626,0.14351247123878533,0.54
2661,0.39282270687070736,0.14406765634010837,0.54
2662,0.39277636766521157,0.14467778973049625,0.54
2663,0.3927153399628017,0.14533846248688836,0.54
2664,0.39270049308457594,0.14597864921685721,0.54
2665,0.3927261737356054,0.14644114007142478,0.54
2666,0.3926873942950593,0.14698828746608675,0.54
2667,0.39282117953180457,0.14747133072187324,0.54
2668,0.3928972769822892,0.14782860775727147,0.54
2669,0.39298670284741394,0.14829868977156366,0.54
2670,0.39297655933785763,0.14887665960990398,0.54
2671,0.3928910154636664,0.14951714115540032,0.54
2672,0.392834824063663,0.15013487823100233,0.54
2673,0.3928908506182522,0.15072666542318117,0.54
2674,0.392880735242586,0.15118835048759163,0.54
2675,0.3928000989872492,0.15170567206633725,0.54
2676,0.39267421300140076,0.1522549748394943,0.54
2677,0.39256007856100944,0.15276632453691305,0.54
2678,0.39260690199441756,0.1531410404438805,0.54
2679,0.3926390428902192,0.15345463185758978,0.54
2680,0.39262203607640794,0.1538268908105011,0.54
2681,0.39254463737280376,0.15428821855853558,0.54
2682,0.39264095158289897,0.15468392662958244,0.54
2683,0.3927037876128815,0.15517089265803094,0.54
2684,0.39264659903235766,0.15560159074073548,0.54
2685,0.3925569182181083,0.15612798323149776,0.54
2686,0.3924757062442951,0.15672052211106838,0.54
2687,0.39242233219887884,0.15729633498639853,0.54
2688,0.392493018138073,0.15783552898985181,0.54
2689,0.3925058432426838,0.15838827692167792,0.54
2690,0.39249539161088304,0.15882074188029396,0.54
2691,0.3924187072537543,0.1593021694713795,0.54
2692,0.3923857479786303,0.15978599620571182,0.54
2693,0.3924667469672398,0.16016452830487382,0.54
2694,0.3924492803535014,0.16051301898074438,0.54
2695,0.3923665118511952,0.16100329896568122,0.54
2696,0.39231637255242563,0.16140716349181256,0.54
2697,0.3923897946971492,0.16177519525284134,0.54
2698,0.39247242118719083,0.16224416447371365,0.54
2699,0.3924165656249733,0.16267764398643944,0.54
2700,0.39231928861299453,0.1632221975377191,0.54
2701,0.3922182573160572,0.1638314231738157,0.54
2702,0.3921441546240972,0.16440634775445992,0.54
2703,0.3921971217110718,0.16494313724680615,0.54
2704,0.392202298680118,0.16548784417729256,0.54
2705,0.3921954714962429,0.16590003716870197,0.54
2706,0.39228527740600383,0.16624005981843698,0.54
2707,0.3922853755467374,0.16656746601397227,0.54
2708,0.3922065733613436,0.16703874962268958,0.54
2709,0.39216173442786867,0.1675474513622506,0.54
2710,0.39222085498722975,0.16798039707585227,0.54
2711,0.3921719661123874,0.16836783213265952,0.54
2712,0.3920722223684638,0.16890261909266271,0.54
2713,0.3919652871913728,0.1693324118637601,0.54
2714,0.39201999554611755,0.16973521906842515,0.54
2715,0.39202575521268823,0.17009164709272698,0.54
2716,0.39196987203141587,0.17057945685231407,0.54
2717,0.39195893765156337,0.17110728301760264,0.54
2718,0.3920640339093283,0.17157145216646555,0.54
2719,0.392037654612937,0.17197053918320357,0.54
2720,0.39195042348004344,0.17251321626721264,0.54
2721,0.39186380769657636,0.1729500303119871,0.54
2722,0.39194286495784525,0.1733834691691277,0.54
2723,0.39196224197054375,0.17375755358114225,0.54
2724,0.3920405491629391,0.17422505895939264,0.54
2725,0.3920338427265908,0.17481010677366335,0.54
2726,0.39191618699517455,0.17538879272271168,0.54
2727,0.3918412381523156,0.1759685212842692,0.54
2728,0.39188460311475964,0.17654374940475012,0.54
2729,0.3918739851953458,0.17715233027527447,0.54
2730,0.3917922043319847,0.17760386857090127,0.54
2731,0.3918322806916448,0.1779998364087689,0.54
2732,0.39177279068971793,0.17835219430491395,0.54
2733,0.39166195602268644,0.17883297134530346,0.54
2734,0.39160934972703787,0.179330710446904,0.54
2735,0.39166943303294793,0.1797559825259637,0.54
2736,0.39161909830689895,0.18013471360875152,0.54
2737,0.3915242278485506,0.1806425989888764,0.54
2738,0.39148592274714716,0.18105999785910154,0.54
2739,0.39155289172836066,0.18141301857384307,0.54
2740,0.3915732726890841,0.18175158567230462,0.54
2741,0.391669668790048,0.18213355501822526,0.54
2742,0.3916599160955768,0.18251345430828272,0.54
2743,0.39158204548333536,0.18306626541036816,0.54
2744,0.3915468971429362,0.1836525069066201,0.54
2745,0.3914784815523726,0.18429433022581299,0.54
2746,0.3914686090113808,0.18491269978094904,0.54
2747,0.3913966899183081,0.1854063193786928,0.54
2748,0.39130088424941895,0.18596471414117544,0.54
2749,0.39139360859559635,0.18646858697075094,0.54
2750,0.3913725405448302,0.18685142404981842,0.54
2751,0.39134261224995354,0.18724375523262235,0.54
2752,0.3913956046387667,0.18759856902468947,0.54
2753,0.3913364975118635,0.18807428655294417,0.54
2754,0.3913135922657387,0.18859715219506304,0.54
2755,0.3912420068348459,0.18905863974777007,0.54
2756,0.3911589855760461,0.18957919538029508,0.54
2757,0.3911405708912062,0.19009163604567952,0.54
2758,0.3910920330846001,0.1906297150023756,0.54
2759,0.39108930473758435,0.1911497891189321,0.54
2760,0.39104049130949564,0.19169164787650328,0.54
2761,0.3910150488740551,0.1921054708476805,0.54
2762,0.391077198086882,0.19252888167676266,0.54
2763,0.391155479945494,0.19287167835018923,0.54
2764,0.3911031278702193,0.19336817524002906,0.54
2765,0.39102566613633566,0.19378897803883444,0.54
2766,0.39095842069131165,0.19421259203035174,0.54
2767,0.39097946185120014,0.1945843254933394,0.54
2768,0.3909078852555648,0.19505978329870757,0.54
2769,0.39087921511508067,0.19557109461599384,0.54
2770,0.3908138177628727,0.1960277610224259,0.54
2771,0.39073513672638643,0.1965371905191516,0.54
2772,0.3907185262415858,0.19703667035920114,0.54
2773,0.39067121899237695,0.19756479787776232,0.54
2774,0.3906699745390835,0.19807745084869496,0.54
2775,0.3906220166771696,0.1986148056886098,0.54
2776,0.3905909791617337,0.1990289740568967,0.54
2777,0.3906512329663794,0.1994487388891758,0.54
2778,0.3907190721538591,0.19979461075247737,0.54
2779,0.39070403239379975,0.20021164946880604,0.54
2780,0.3906190075889132,0.20059894644818316,0.54
2781,0.3905460815441377,0.20100981599017093,0.54
2782,0.39058338583998065,0.2013391873681526,0.54
2783,0.3905653972421685,0.2017031505418673,0.54
2784,0.390554988184428,0.2021594966309006,0.54
2785,0.39049226669980974,0.202596806149259,0.54
2786,0.3904128817687867,0.20310734885104428,0.54
2787,0.39039998877128274,0.20362404499400208,0.54
2788,0.3904919284359555,0.2040399148160705,0.54
2789,0.39042043977994606,0.20442834643068827,0.54
2790,0.39029250841634505,0.20496972893234516,0.54
2791,0.39022253449858896,0.2053884980810218,0.54
2792,0.3902569468223246,0.20582901118667435,0.54
2793,0.3902019207660059,0.20621597025598773,0.54
2794,0.3902168281058543,0.20664088747730203,0.54
2795,0.39012586251172426,0.20704807697784539,0.54
2796,0.39001208294799894,0.20759550949754565,0.54
2797,0.3899137195697094,0.2080383260481259,0.54
2798,0.389927054561362,0.2084596491546831,0.54
2799,0.389983642814367,0.20895201957122694,0.54
2800,0.38994942826598217,0.2093949824510758,0.54
2801,0.38986702769238735,0.20995706320695334,0.54
2802,0.38973464637573463,0.2105682254434076,0.54
2803,0.3896583989612811,0.21114649656019002,0.54
2804,0.38971003197706383,0.2116786760221715,0.54
2805,0.3897196767915945,0.21221944394272402,0.54
2806,0.38966511208774496,0.21264259646619338,0.54
2807,0.38968671854170805,0.213024586836338,0.54
2808,0.38962142918798526,0.21337340925603054,0.54
2809,0.38950428978653046,0.21382913865443487,0.54
2810,0.3894514237290965,0.2142980786755052,0.54
2811,0.389468182837204,0.21470435306398047,0.54
2812,0.38938598950861586,0.2150917805182136,0.54
2813,0.38927704526558854,0.21558917459298718,0.54
2814,0.38919287500417993,0.21600496709595157,0.54
2815,0.38922149514700416,0.2164036793202586,0.54
2816,0.3891950818398948,0.21676525897263846,0.54
2817,0.38923457587634924,0.2171437091053518,0.54
2818,0.3891857154361169,0.21752192225130745,0.54
2819,0.3890942838519675,0.21802714460722977,0.54
2820,0.38902328566099476,0.21844271940527782,0.54
2821,0.38907172341084956,0.21887768752769202,0.54
2822,0.3891446923446485,0.21936229915371883,0.54
2823,0.38906265183807015,0.21982425625632845,0.54
2824,0.38895258068168886,0.22036551747662947,0.54
2825,0.3887927412626935,0.22093954786676828,0.54
2826,0.3887074039521381,0.22148847907794045,0.54
2827,0.3887613020583599,0.22199125263004027,0.54
2828,0.38877107770848873,0.22251277017316565,0.54
2829,0.38869808110829707,0.22293345455712998,0.54
2830,0.38869261817762807,0.22331334225116736,0.54
2831,0.3886001840432202,0.2236701659619993,0.54
2832,0.38847540720332724,0.22412380129996443,0.54
2833,0.3884254322497114,0.22458244551348794,0.54
2834,0.388354534702451,0.2250692073964482,0.54
2835,0.38835512096065045,0.22553998503504116,0.54
2836,0.38827382874927696,0.2259633369788156,0.54
2837,0.3881785773703328,0.22641797080476278,0.54
2838,0.38823187168029405,0.22683990677140595,0.54
2839,0.3882746270684072,0.22728452303807917,0.54
2840,0.3881891459269762,0.22771706651336376,0.54
2841,0.388082789859576,0.22819958671764884,0.54
2842,0.3879334198430784,0.22868784305900203,0.54
2843,0.3878613096399968,0.22916028201377428,0.54
2844,0.3877993272644363,0.22957252805373232,0.54
2845,0.3878149332273333,0.22989093163756083,0.54
2846,0.38776537842774145,0.23021831590698227,0.54
2847,0.38767048599331366,0.2306439936225122,0.54
2848,0.387630893500344,0.23108219705524904,0.54
2849,0.3875602889369986,0.2315668612520232,0.54
2850,0.3875521474543165,0.23202973480468878,0.54
2851,0.3875032320168122,0.2325248770467758,0.54
2852,0.3875113949775586,0.23301091143490332,0.54
2853,0.38741640041243147,0.23345744200064358,0.54
2854,0.38730735257546955,0.23393386236127905,0.54
2855,0.387334486151334,0.234370237022749,0.54
2856,0.3872811399149194,0.2347298871751984,0.54
2857,0.38720941650348367,0.23510670507591988,0.54
2858,0.3871936345094508,0.23543457904855727,0.54
2859,0.38709607155644254,0.2358409013191512,0.54
2860,0.38705429323529844,0.23627610108941535,0.54
2861,0.3869634683822964,0.23670175458833909,0.54
2862,0.38686995498272614,0.23715555421929393,0.54
2863,0.3868532383386531,0.2375957745295682,0.54
2864,0.38679742737710837,0.23805754243487093,0.54
2865,0.3867934286070509,0.238510043373626,0.54
2866,0.3867377185865877,0.23899101640433515,0.54
2867,0.3866536329978339,0.23938973506294625,0.54
2868,0.386677357346697,0.2397878665161747,0.54
2869,0.3866720389510631,0.2401289867541238,0.54
2870,0.386563290607342,0.24060127161153383,0.54
2871,0.3864186477660759,0.24101428047773651,0.54
2872,0.3862850797071231,0.24143241563776044,0.54
2873,0.3862270054660481,0.24180336640777716,0.54
2874,0.386110382544829,0.24223564441387016,0.54
2875,0.38606647046833276,0.24268345636016359,0.54
2876,0.3859800152151029,0.2431160429447827,0.54
2877,0.38589239908168677,0.24356691351553594,0.54
2878,0.38588371944064837,0.24399575538785864,0.54
2879,0.38583491683427346,0.2444468692223727,0.54
2880,0.3858373165237291,0.2448917078464739,0.54
2881,0.3857858847234436,0.2453633533896764,0.54
2882,0.3857856512753118,0.2458293598432162,0.54
2883,0.3856704012044799,0.24626895070354718,0.54
2884,0.3855416865923357,0.2467315303959592,0.54
2885,0.38553004834616256,0.24715635876158107,0.54
2886,0.38543986970927546,0.24751518666197284,0.54
2887,0.38533319488867895,0.24789456460627676,0.54
2888,0.3852746440522455,0.2482153335490061,0.54
2889,0.38515133923195755,0.2486034258619794,0.54
2890,0.38510038717462614,0.24901744306456014,0.54
2891,0.38499716165507747,0.24943934981456028,0.54
2892,0.3848986011699545,0.24987761850594523,0.54
2893,0.38488322022122134,0.25030268810003353,0.54
2894,0.384828878322732,0.25074367979366874,0.54
2895,0.3848278548702662,0.25117954033783235,0.54
2896,0.38477289475409154,0.2516393670871486,0.54
2897,0.3846739769428779,0.2520323318670446,0.54
2898,0.38468632497753996,0.25242048028830005,0.54
2899,0.3846530205673091,0.2527507701424689,0.54
2900,0.38452465215988146,0.25320238796183153,0.54
2901,0.3843602840050173,0.25360684443094383,0.54
2902,0.3842075652142558,0.254020988292446,0.54
2903,0.38411985319043107,0.25438068799906643,0.54
2904,0.3839840950086442,0.2547895012557491,0.54
2905,0.38393257721489493,0.2552122764506436,0.54
2906,0.3838361969485513,0.25563681034895264,0.54
2907,0.38374304056336667,0.2560678303052357,0.54
2908,0.3837337592717114,0.256486029043218,0.54
2909,0.3836830713795543,0.25691658545608165,0.54
2910,0.38368560246932903,0.2573448363051968,0.54
2911,0.38363058244325743,0.2577804409802835,0.54
2912,0.3836244447526014,0.2582260253050979,0.54
2913,0.3834850274271589,0.25866456067097904,0.54
2914,0.3833434842674842,0.25911734437931233,0.54
2915,0.38330119443125066,0.25953688252005175,0.54
2916,0.3831794596702348,0.25989526854882133,0.54
2917,0.38304254873782834,0.26027396245043194,0.54
2918,0.3829476870773561,0.26058859323620215,0.54
2919,0.3828010724963413,0.26095567348338605,0.54
2920,0.3827407843346833,0.2613442265538542,0.54
2921,0.38262844043781,0.26175502794281946,0.54
2922,0.38252566273718464,0.2621666000597727,0.54
2923,0.3825094194727581,0.2625660524411373,0.54
2924,0.3824542487587795,0.2629753330220945,0.54
2925,0.3824519082924306,0.26338671373526656,0.54
2926,0.38239434548885554,0.2638195766782684,0.54
2927,0.3822779335559902,0.2642058018501726,0.54
2928,0.3822771093849165,0.26458648125458956,0.54
2929,0.38221355096299736,0.264909240426093,0.54
2930,0.38206588853597395,0.2653454918430649,0.54
2931,0.38187895624898965,0.26574582840453637,0.54
2932,0.38170258607737384,0.2661594863205674,0.54
2933,0.38158258454464555,0.26651360981861266,0.54
2934,0.3814249797534968,0.2669045864029464,0.54
2935,0.38136415389881284,0.26730784058375023,0.54
2936,0.3812549179910661,0.2677263813721406,0.54
2937,0.3811536905248924,0.2681375202133408,0.54
2938,0.3811395927542042,0.2685368388633181,0.54
2939,0.3810847179841986,0.26894092860471674,0.54
2940,0.38108234070970465,0.2693484015243327,0.54
2941,0.38102406691789936,0.2697720563199227,0.54
2942,0.38089718436841913,0.27015588108205424,0.54
2943,0.3808895341792032,0.2705307404409274,0.54
2944,0.3808076979397863,0.27084368390958385,0.54
2945,0.38064985852301514,0.27126373297669154,0.54
2946,0.3804526115787855,0.2716563104410839,0.54
2947,0.3802667352886817,0.2720654096768548,0.54
2948,0.38017772691544205,0.27237843233548364,0.54
2949,0.3800310925025994,0.27273320579680405,0.54
2950,0.37997162407779284,0.2731134127633943,0.54
2951,0.3798599763933717,0.27352330553059134,0.54
2952,0.37975303960384493,0.2739241212981064,0.54
2953,0.3797318859794812,0.2743179213037496,0.54
2954,0.3796699477365378,0.27471360958020785,0.54
2955,0.3796600706251543,0.27511729901280496,0.54
2956,0.37959411932307185,0.2755344518438812,0.54
2957,0.37944622942670436,0.27592117857802095,0.54
2958,0.379423262042213,0.27629950707210976,0.54
2959,0.37931513944596157,0.2766144987308679,0.54
2960,0.3791405416203338,0.27703178646277393,0.54
2961,0.3789222790466136,0.27742680102635076,0.54
2962,0.3787147495457047,0.27783935427153506,0.54
2963,0.37855472779054056,0.27818167654952447,0.54
2964,0.3783723282538631,0.2785458864257425,0.54
2965,0.37830286221239895,0.27892195422296395,0.54
2966,0.37820055277297404,0.2793237364571321,0.54
2967,0.37810183436001465,0.27970250964898935,0.54
2968,0.3780896505715829,0.28007711169025756,0.54
2969,0.37803847446105676,0.2803901110246081,0.54
2970,0.3778798369323716,0.280750104129518,0.54
2971,0.3777114700008501,0.2811760646640232,0.54
2972,0.37753406153516794,0.281561289546572,0.54
2973,0.377421703991609,0.28193090588589165,0.54
2974,0.3772785023848282,0.282276442010136,0.54
2975,0.3771660345800846,0.2826057432807324,0.54
2976,0.3770123814536654,0.28295753698526704,0.54
2977,0.37686001307827705,0.2833507572118657,0.54
2978,0.3767222284312315,0.2837123044789826,0.54
2979,0.37664284362416633,0.28405921147573804,0.54
2980,0.37664747993154385,0.28440987729956635,0.54
2981,0.3765191081954063,0.2848198638722714,0.54
2982,0.37639171204726624,0.28524446590655317,0.54
2983,0.3761974159611531,0.2856518978840284,0.54
2984,0.37610972756097544,0.2860641018651514,0.54
2985,0.37613807518353537,0.2864431884130414,0.54
2986,0.37612474559117925,0.28682565218156164,0.54
2987,0.37597621817077337,0.2872042584564764,0.54
2988,0.3758229203530498,0.28754025906663877,0.54
2989,0.37561087546013794,0.2878865754597819,0.54
2990,0.37541295813255715,0.28825168082412145,0.54
2991,0.37532728714643937,0.28860815513467897,0.54
2992,0.375229508616947,0.28895400453340625,0.54
2993,0.3752063356660224,0.28930700317269104,0.54
2994,0.37504594374126,0.28970317159668735,0.54
2995,0.3748942164384828,0.2900683534085822,0.54
2996,0.3747898547178324,0.29041122650498996,0.54
2997,0.37462137422123776,0.29074083772634873,0.54
2998,0.37458474305498085,0.29106156191919086,0.54
2999,0.37452556754557087,0.2914009224523283,0.54
3000,0.37435204648821424,0.2917578646075394,0.54
3001,0.3741808539681221,0.2920779555638942,0.54
3002,0.37396306150945635,0.2924105746349425,0.54
3003,0.37376266080925347,0.29276099742101175,0.54
3004,0.373679684058233,0.2931169378087555,0.54
3005,0.3735615329964331,0.29341759477718965,0.54
3006,0.373361024252271,0.2937748698725586,0.54
3007,0.37317593086583917,0.29417340250050145,0.54
3008,0.37298062950500577,0.2945556683673244,0.54
3009,0.37283327577608494,0.2949084754961856,0.54
3010,0.3726690558549952,0.2952541380797771,0.54
3011,0.37264197094370777,0.2955795994499789,0.54
3012,0.3725901013106762,0.2959338348503766,0.54
3013,0.37242660765464264,0.29628914950438184,0.54
3014,0.372348097298209,0.29667582343606114,0.54
3015,0.37233496530388394,0.29706331961253507,0.54
3016,0.3722901642443729,0.29744781770458706,0.54
3017,0.3720881586933059,0.29784649926085077,0.54
3018,0.3718816932567564,0.2982038108208422,0.54
3019,0.371783349643109,0.29855504367672825,0.54
3020,0.37162087229964996,0.29882194382556837,0.54
3021,0.371379794826389,0.2991533492228627,0.54
3022,0.3711650332822738,0.2994989937352572,0.54
3023,0.37094256662632974,0.29984705198498923,0.54
3024,0.3707552637444995,0.30014571947041424,0.54
3025,0.3706891889599846,0.3004373132067382,0.54
3026,0.37050488096136613,0.30081723645573827,0.54
3027,0.3703412211009441,0.3011860754704221,0.54
3028,0.37011557685528035,0.30152388821970755,0.54
3029,0.37000987796038287,0.3018810800454819,0.54
3030,0.3700167228672887,0.30220588508024127,0.54
3031,0.3699848098088497,0.3025378461984602,0.54
3032,0.3698030296101874,0.3029052473439007,0.54
3033,0.3696053809553477,0.30324090649365837,0.54
3034,0.369511773326238,0.30358437782824127,0.54
3035,0.3693473459024614,0.30385566520918295,0.54
3036,0.36909851417426665,0.30418662769604604,0.54
3037,0.3688985364267979,0.3045138572989214,0.54
3038,0.3686769501752861,0.3048506412572156,0.54
3039,0.3684760655213213,0.30513940102163184,0.54
3040,0.36839990629074254,0.3054205903475393,0.54
3041,0.36820451700150836,0.3057914796645762,0.54
3042,0.3680344632155527,0.3061432616738761,0.54
3043,0.3678033992613423,0.3064600556791694,0.54
3044,0.3676965624626706,0.30679509654242365,0.54
3045,0.3676841958675159,0.3071252701499162,0.54
3046,0.36763773959249063,0.30745594255838665,0.54
3047,0.36743875063093906,0.3078229179923871,0.54
3048,0.36722913308961935,0.3081533401589056,0.54
3049,0.36712664394683825,0.30849380274415067,0.54
3050,0.3669441237961056,0.30876003573594996,0.54
3051,0.36667802869843885,0.30909036233891485,0.54
3052,0.36644574212962283,0.3094259073088618,0.54
3053,0.3663289795228953,0.309762560043209,0.54
3054,0.3662052842652013,0.3100742516510077,0.54
3055,0.3660008250319096,0.3104186702761162,0.54
3056,0.3659316601538764,0.3107382526697894,0.54
3057,0.36572154835081566,0.3109512049894255,0.54
3058,0.3654880750225787,0.31124720319145366,0.54
3059,0.3652309789301813,0.31159124297269924,0.54
3060,0.3649845069723093,0.31197007180051756,0.54
3061,0.3647472921309765,0.3122668283323953,0.54
3062,0.3645193798434009,0.31256991423062336,0.54
3063,0.3643020749971624,0.3128297892312824,0.54
3064,0.36408236274671035,0.31313252272082415,0.54
3065,0.36388160765846067,0.3134505511188721,0.54
3066,0.36378973380935237,0.3137673150540376,0.54
3067,0.3636791279940067,0.31407852240065953,0.54
3068,0.363512546710563,0.31440996402092447,0.54
3069,0.363338354011696,0.31471292923781646,0.54
3070,0.3632732112984342,0.31502006138838595,0.54
3071,0.3630626931074952,0.3154166464670223,0.54
3072,0.3628774589801857,0.31578373097076534,0.54
3073,0.3626293349289468,0.31609929913679463,0.54
3074,0.36250633295611623,0.31643401925217146,0.54
3075,0.36246719292761165,0.3167529131181299,0.54
3076,0.3624032747896881,0.317043837741405,0.54
3077,0.3621861165927311,0.31738448993342494,0.54
3078,0.3619641168234847,0.31765779039991465,0.54
3079,0.36185133163364913,0.3179407297896966,0.54
3080,0.36163046707239244,0.31813154620688705,0.54
3081,0.36134632153435325,0.31842367750751926,0.54
3082,0.36110125418278644,0.31871178677306683,0.54
3083,0.36084082153571456,0.3190279654870128,0.54
3084,0.3605912357326883,0.31927184395970926,0.54
3085,0.36048550263537016,0.319518487630525,0.54
3086,0.36026355664000226,0.3198695824021374,0.54
3087,0.36007162794789216,0.3201891881182152,0.54
3088,0.359819080773375,0.3204646160385421,0.54
3089,0.3596934457979203,0.3207808455312716,0.54
3090,0.3596475990313952,0.3210997262929497,0.54
3091,0.3595759110623817,0.32139724473308695,0.54
3092,0.35933961423671107,0.3217455341036074,0.54
3093,0.3591043630526942,0.32203185112689814,0.54
3094,0.35898203189320277,0.3223335853458725,0.54
3095,0.35874535643970457,0.32254490799978686,0.54
3096,0.3584381805210682,0.3228453846301247,0.54
3097,0.3581777412567115,0.32313373715613014,0.54
3098,0.35804013762967335,0.32343099334152814,0.54
3099,0.3577687994437969,0.3237732600324661,0.54
3100,0.3575455300163001,0.324043344623227,0.54
3101,0.3573229302047226,0.3242796938198764,0.54
3102,0.3571945947763258,0.3245298274226228,0.54
3103,0.3569414992089129,0.32488534245151884,0.54
3104,0.35672530163341315,0.32519377535551397,0.54
3105,0.35645325259660127,0.3255168977816825,0.54
3106,0.3562261770073683,0.32575380035165097,0.54
3107,0.35597319447650855,0.3260257159981884,0.54
3108,0.35577874808664733,0.3262653692677849,0.54
3109,0.3556732253323613,0.326512395892254,0.54
3110,0.35551149874888943,0.32667126887475795,0.54
3111,0.355254923450217,0.326953107532752,0.54
3112,0.3550601766854415,0.32726689963474415,0.54
3113,0.3548076619210694,0.3275982871562719,0.54
3114,0.3545311083645975,0.32785457115823147,0.54
3115,0.3542781783351227,0.328135217002068,0.54
3116,0.3540057859478019,0.32835950412939224,0.54
3117,0.35374425588070835,0.32865249100798666,0.54
3118,0.3535530197324456,0.32895217431208273,0.54
3119,0.3534625701756264,0.3292540010672015,0.54
3120,0.3533422126143162,0.3295118938608766,0.54
3121,0.35328858163042837,0.32980905570902436,0.54
3122,0.35303831039431416,0.33017570821779924,0.54
3123,0.352815765375424,0.3304671425704633,0.54
3124,0.3525597025510514,0.330720244365253,0.54
3125,0.352260135203349,0.3310149995082273,0.54
3126,0.352139072534307,0.3312831243524467,0.54
3127,0.3520154608850977,0.3315099168660843,0.54
3128,0.3517459270902895,0.33179994840702853,0.54
3129,0.3514083208521586,0.33200126735013125,0.54
3130,0.35106732652334643,0.3322622340714298,0.54
3131,0.3507874036796881,0.33247751198254083,0.54
3132,0.35065069723998815,0.33271383888173994,0.54
3133,0.3503979121725092,0.33286224118097685,0.54
3134,0.35010131941072054,0.3331380305858437,0.54
3135,0.34984936440672204,0.3334103476072971,0.54
3136,0.34957607795397727,0.33372422001108315,0.54
3137,0.3493147828673969,0.3339615714867795,0.54
3138,0.34905961082968323,0.3342448832554941,0.54
3139,0.3488157534349384,0.33448669405575127,0.54
3140,0.3487010224697504,0.3347460296255254,0.54
3141,0.34846984846607976,0.33504774066129134,0.54
3142,0.3482722294721952,0.33528055392230155,0.54
3143,0.3480588521540173,0.33550052152174287,0.54
3144,0.3479326210647908,0.3357494097388414,0.54
3145,0.3476623082445595,0.3361049232332769,0.54
3146,0.34742580458404404,0.33640907546450893,0.54
3147,0.3471411232160813,0.3366481941165591,0.54
3148,0.34699048265770427,0.3369441205687357,0.54
3149,0.34688860204712224,0.3372592113788626,0.54
3150,0.34677738574874956,0.3375139831621015,0.54
3151,0.3464732002360755,0.33785005077444424,0.54
3152,0.3461926874292303,0.3380743173155714,0.54
3153,0.3460359765915116,0.33832044864768324,0.54
3154,0.3458750712789194,0.33856657604580204,0.54
3155,0.34571511111010306,0.3387622370104523,0.54
3156,0.34545424798688884,0.33891073066475286,0.54
3157,0.34510697137510704,0.33915812843105586,0.54
3158,0.3449159794534579,0.33941901567575206,0.54
3159,0.3445835851804272,0.3395338453579335,0.54
3160,0.3441706203457715,0.33974756263749467,0.54
3161,0.3438375727968705,0.3399470735216674,0.54
3162,0.3435290637710084,0.34014541665385245,0.54
3163,0.34335968319743054,0.34040005920596933,0.54
3164,0.34325458962083166,0.34067596136572764,0.54
3165,0.3431777813246493,0.34094684434366035,0.54
3166,0.3428857655437288,0.34128461922879466,0.54
3167,0.3426022998736294,0.34150570013479514,0.54
3168,0.3424378549167785,0.34176036075116634,0.54
3169,0.3420860755801247,0.34189213509772687,0.54
3170,0.3416974643663271,0.3421502310963676,0.54
3171,0.3413765953841873,0.342383065850908,0.54
3172,0.34118833026660145,0.34265205987218883,0.54
3173,0.3408099264965646,0.34294329777631316,0.54
3174,0.3405557289150846,0.34322264127216273,0.54
3175,0.3402306672040156,0.3434135220797597,0.54
3176,0.3400241187280545,0.3436062087477998,0.54
3177,0.33966598523080577,0.3438821704238224,0.54
3178,0.3394226300066947,0.34416087416424684,0.54
3179,0.33912275771419287,0.3443235739067249,0.54
3180,0.33895313262254534,0.34453669475665405,0.54
3181,0.3388839452347008,0.34474849836208715,0.54
3182,0.3387816086927303,0.3449140318715657,0.54
3183,0.33845922425506025,0.34518901284159004,0.54
3184,0.3381569383460966,0.3453758072538707,0.54
3185,0.33797584682498166,0.3456142031712497,0.54
3186,0.337595943748783,0.3457355196361764,0.54
3187,0.33716366640278145,0.34599470406515287,0.54
3188,0.3368562620049638,0.3462928319349184,0.54
3189,0.336495335180803,0.3466022023615615,0.54
3190,0.3361215246088899,0.34685654487121204,0.54
3191,0.3357653369374774,0.3471231659086571,0.54
3192,0.3354925171899432,0.3473460204957627,0.54
3193,0.33534125295215356,0.34753147014892666,0.54
3194,0.3350156222579785,0.34770583999899507,0.54
3195,0.3347555229490643,0.347805970853312,0.54
3196,0.3344512861697321,0.3478852771579781,0.54
3197,0.33426575037462497,0.3480284636590226,0.54
3198,0.33396481416090973,0.34830003453480696,0.54
3199,0.3337028348255206,0.34854007790275865,0.54
3200,0.33339728181442174,0.34872579895285094,0.54
3201,0.3332245555135065,0.34899855467361784,0.54
3202,0.3330882093368346,0.34931003785757675,0.54
3203,0.33294652711747896,0.3495474796979028,0.54
3204,0.3325837363249453,0.3498531167239231,0.54
3205,0.33226245536109744,0.3500397784634452,0.54
3206,0.33207302369799063,0.35026057974364727,0.54
3207,0.3316729703911718,0.3503406173665322,0.54
3208,0.33122478040013686,0.35054474269722874,0.54
3209,0.3308798454726822,0.35072785632521564,0.54
3210,0.3306762384439981,0.35093584793293764,0.54
3211,0.3302922846463338,0.3511448207810377,0.54
3212,0.32999116531134126,0.3512716752429988,0.54
3213,0.3296455014484727,0.3513626868215538,0.54
3214,0.3294369444321897,0.3515079003154585,0.54
3215,0.329085375632604,0.35175776214268045,0.54
3216,0.32879871569916597,0.3519647483062745,0.54
3217,0.3284848791754897,0.3521109491513776,0.54
3218,0.328310729381137,0.352351893864861,0.54
3219,0.3281836686551949,0.3526355671467502,0.54
3220,0.3280446738524766,0.35285378875013995,0.54
3221,0.32768217583647447,0.35314873639937727,0.54
3222,0.32735644312330076,0.35333537271342974,0.54
3223,0.32715995832038947,0.3535680776818732,0.54
3224,0.3267398607544526,0.35367255924603075,0.54
3225,0.3262689324273136,0.35389518087233496,0.54
3226,0.32590460058470233,0.3540830479551945,0.54
3227,0.32553608586947475,0.3543234000987754,0.54
3228,0.3253275030399424,0.35454230453875385,0.54
3229,0.32492148980822616,0.35458395795567804,0.54
3230,0.32455905917921024,0.35467766630148045,0.54
3231,0.32419160272381803,0.3548922768787757,0.54
3232,0.3237979472787229,0.3551205735204995,0.54
3233,0.32336581477912657,0.3552524311359213,0.54
3234,0.3231353807577275,0.35537409084631566,0.54
3235,0.3229318648134626,0.3555161854504941,0.54
3236,0.3226374100158622,0.355761139483055,0.54
3237,0.32236430980973685,0.3559346192154967,0.54
3238,0.32221989065105466,0.35616865002246545,0.54
3239,0.3220713269876019,0.35641429486166,0.54
3240,0.32191093842763047,0.35660564625656943,0.54
3241,0.3216449182576719,0.356740831442457,0.54
3242,0.3214501086205153,0.3569777978029745,0.54
3243,0.321019348522282,0.3572475558665958,0.54
3244,0.3206780459953575,0.3574055994749027,0.54
3245,0.3204529080016863,0.3576007193911251,0.54
3246,0.32003364876723156,0.3576947567505144,0.54
3247,0.3195230036152453,0.35787294058638996,0.54
3248,0.3191590478308722,0.35809562923381993,0.54
3249,0.3187342626259639,0.35831918681496305,0.54
3250,0.3183216931207073,0.358447978018111,0.54
3251,0.3179507339360403,0.3586106036247342,0.54
3252,0.3175044362893688,0.3586662876737413,0.54
3253,0.3171117149057965,0.3588257058036167,0.54
3254,0.3168330232560286,0.3590230812794135,0.54
3255,0.31667401130527956,0.3592275641009552,0.54
3256,0.3164982665059904,0.3593578457168487,0.54
3257,0.3163891800212839,0.35955651981965187,0.54
3258,0.3160097862004086,0.3597817551073859,0.54
3259,0.31573273218392867,0.3600195023587541,0.54
3260,0.31533974084976824,0.3601662013376513,0.54
3261,0.3149258438747048,0.3603789108422373,0.54
3262,0.31469909695728804,0.36057657787456554,0.54
3263,0.31449852141391454,0.3606922266179715,0.54
3264,0.3142290648282026,0.3607325843586552,0.54
3265,0.3140544611744989,0.3608983658084349,0.54
3266,0.3138317257530712,0.3611181157922216,0.54
3267,0.31362313825230503,0.3612741883318406,0.54
3268,0.3131440317258356,0.36150610378079956,0.54
3269,0.3127457534328305,0.3616331291560023,0.54
3270,0.3124784655482157,0.3618246404782215,0.54
3271,0.31214991872880943,0.3620047690036018,0.54
3272,0.3118754627735498,0.3621322934894003,0.54
3273,0.3115356032986124,0.36220310727254446,0.54
3274,0.3110757167119712,0.36240070036315186,0.54
3275,0.3107655668978483,0.36264318204397367,0.54
3276,0.31024012271088897,0.36274295742554624,0.54
3277,0.30966095557735474,0.3628927460011228,0.54
3278,0.3092285660577526,0.36301256807175697,0.54
3279,0.3087697719179549,0.36317064837142277,0.54
3280,0.3082769513656618,0.36324781390445426,0.54
3281,0.30800931510735446,0.3633360377919691,0.54
3282,0.30777935514874294,0.3634393851740011,0.54
3283,0.3074482614216811,0.363671665469642,0.54
3284,0.3070155993405133,0.3638883814665208,0.54
3285,0.30652141851732384,0.36400363489850335,0.54
3286,0.30605090932922724,0.36408113436802225,0.54
3287,0.3056690004324041,0.3642782472068719,0.54
3288,0.3052893534955022,0.3645059325965636,0.54
3289,0.30499945759979685,0.3646469319674804,0.54
3290,0.30468310551329525,0.364739110289989,0.54
3291,0.30450669056831736,0.3648742425371357,0.54
3292,0.3041960635887959,0.3650900629968414,0.54
3293,0.303929356368274,0.3652405763156911,0.54
3294,0.3035719769765913,0.3654253292896876,0.54
3295,0.30313227836239826,0.3655151145919111,0.54
3296,0.30287691145304224,0.36561634641422225,0.54
3297,0.3026429098986918,0.36572174029309573,0.54
3298,0.3022999498765555,0.3659441097661348,0.54
3299,0.30187996910587195,0.3661493590295836,0.54
3300,0.30136973851964954,0.36623405057092284,0.54
3301,0.3008668633394551,0.36627267039526684,0.54
3302,0.30046186391593904,0.3664450684747033,0.54
3303,0.30005189571969343,0.36664250737597226,0.54
3304,0.29974274144791063,0.36676009980606633,0.54
3305,0.2993992793518363,0.3668295490242238,0.54
3306,0.2992060644850529,0.36694924569643667,0.54
3307,0.298878847558898,0.36715008087652146,0.54
3308,0.29860323088364327,0.3672935813791939,0.54
3309,0.2982917396014512,0.36736192664329603,0.54
3310,0.2981115725126277,0.3675477825877056,0.54
3311,0.2979485802245539,0.367768702485548,0.54
3312,0.2977778884765417,0.36791164153938627,0.54
3313,0.29735901481614957,0.3681145641885255,0.54
3314,0.2969934911094132,0.3682084944195357,0.54
3315,0.2967479513691345,0.36836816024279323,0.54
3316,0.29626834739749097,0.3684200544707916,0.54
3317,0.29571955283039014,0.3685567049829682,0.54
3318,0.29529828514523393,0.36864850885959216,0.54
3319,0.295031652666271,0.36880003024198066,0.54
3320,0.29454245975550797,0.3689292630701984,0.54
3321,0.29419957665793905,0.369107399023374,0.54
3322,0.2937397208983,0.36916436495677496,0.54
3323,0.2934471922575915,0.36925637491691654,0.54
3324,0.29298028041256147,0.36939923685200665,0.54
3325,0.2926179569114053,0.36950035620949306,0.54
3326,0.29225356837668404,0.36953204300825543,0.54
3327,0.2920343193619482,0.36968869116481823,0.54
3328,0.2918167582014895,0.36987893824198187,0.54
3329,0.29161119498244514,0.3700045711791912,0.54
3330,0.29115580602005814,0.3701888393838806,0.54
3331,0.2907668943487266,0.37027814939775283,0.54
3332,0.2904942698531669,0.3704400695261771,0.54
3333,0.2899876548445668,0.37050694707629506,0.54
3334,0.289421049153422,0.37065104120619735,0.54
3335,0.28901527376096064,0.37086655015911296,0.54
3336,0.28854381096938325,0.37105473375662573,0.54
3337,0.2879963308187219,0.3710907946012985,0.54
3338,0.28768770271681265,0.37114942655524835,0.54
3339,0.2872791093952326,0.37123214465318893,0.54
3340,0.2869557661341703,0.37127768501699787,0.54
3341,0.2865095044305185,0.37128052176398985,0.54
3342,0.2860883039588592,0.37142347581897917,0.54
3343,0.28565934916548685,0.3715747663948068,0.54
3344,0.28513744992545786,0.3716363237266706,0.54
3345,0.28462952085929694,0.37167011854865284,0.54
3346,0.28422899613103464,0.37184605813582017,0.54
3347,0.28382532276327177,0.3720517566919094,0.54
3348,0.2835175245306057,0.3721729426037493,0.54
3349,0.2831595058343562,0.37223992207633627,0.54
3350,0.28295449826401914,0.3723640828854783,0.54
3351,0.2826040921723213,0.3725547232528882,0.54
3352,0.28230919654199194,0.3726794259148938,0.54
3353,0.28191022414224265,0.3728275354384962,0.54
3354,0.28140693781835946,0.37288074221447326,0.54
3355,0.2811082289092375,0.372957784872619,0.54
3356,0.2808461818460894,0.3730302929170783,0.54
3357,0.2804693943562391,0.37320591504484474,0.54
3358,0.27998132367545664,0.37334442464832274,0.54
3359,0.279398209079631,0.37338115092096846,0.54
3360,0.2788563358092262,0.3734268641713094,0.54
3361,0.2784308847365885,0.3735881711375619,0.54
3362,0.2779943736191787,0.3737475199252842,0.54
3363,0.27768746524503984,0.3739725435788423,0.54
3364,0.2773040898665295,0.3740503658062197,0.54
3365,0.27697483476195867,0.37418483845239275,0.54
3366,0.2767771226150395,0.37428902572625566,0.54
3367,0.27658940174193974,0.3743177287816527,0.54
3368,0.2763193422135247,0.3742793645115234,0.54
3369,0.2761381706169905,0.374403261833447,0.54
3370,0.27589198711691937,0.37458042742540565,0.54
3371,0.2756589066689439,0.3746953960962595,0.54
3372,0.27514949872481015,0.3748662019110958,0.54
3373,0.2747455838048884,0.37506881888301546,0.54
3374,0.2744156050660707,0.3752527326558488,0.54
3375,0.2741305583396319,0.3752823987284542,0.54
3376,0.27382916829679016,0.3753557289416415,0.54
3377,0.2732175747495897,0.37539435196149795,0.54
3378,0.27277873714804973,0.37555197515080246,0.54
3379,0.272173785991643,0.3755718168105778,0.54
3380,0.2715973394131147,0.37564048988373766,0.54
3381,0.2711790220203484,0.3756937939215911,0.54
3382,0.27088947654123346,0.37586094594708336,0.54
3383,0.270554498699802,0.375874763609871,0.54
3384,0.2703142069624918,0.37598996056450207,0.54
3385,0.269854272908911,0.37609356711801717,0.54
3386,0.26922710427836155,0.37611833759261554,0.54
3387,0.268597950849243,0.3761742085023239,0.54
3388,0.2681358913264874,0.37619917956603155,0.54
3389,0.26764640515384147,0.37620558996955106,0.54
3390,0.26736481320850114,0.37631506919863666,0.54
3391,0.2669835910792961,0.37650243545707535,0.54
3392,0.26667402720068445,0.3766121500840844,0.54
3393,0.2662813738508086,0.3767537177706154,0.54
3394,0.2657449483470979,0.37678896830628056,0.54
3395,0.2654090005601196,0.3768624434974875,0.54
3396,0.2651249594584357,0.3769043644823836,0.54
3397,0.264702581862914,0.37704226020940224,0.54
3398,0.26416432247338434,0.37714116978130874,0.54
3399,0.2635569784119155,0.3771990590968069,0.54
3400,0.26294919503937547,0.3771688739464824,0.54
3401,0.2624851380844867,0.377284423066514,0.54
3402,0.26202833871595715,0.37740325897157134,0.54
3403,0.261704478031819,0.3774611549350905,0.54
3404,0.26129584223897956,0.3774631581729349,0.54
3405,0.2610501636839521,0.3775382090878295,0.54
3406,0.2606545560924367,0.3776710412149209,0.54
3407,0.260330952165486,0.3777573630628324,0.54
3408,0.2599869647244241,0.3777663762122903,0.54
3409,0.25977631262171463,0.37791936747957805,0.54
3410,0.25953412239469176,0.37809800950815564,0.54
3411,0.259325935967024,0.3783243262077591,0.54
3412,0.25883641793589807,0.3785093657392862,0.54
3413,0.25842017043560256,0.37854618143668106,0.54
3414,0.2580754070537971,0.3786299013742183,0.54
3415,0.2575136790834333,0.378616748919937,0.54
3416,0.2568901905924958,0.378658013418543,0.54
3417,0.25643790092886776,0.3786744217658204,0.54
3418,0.2561013067178545,0.37875352033406534,0.54
3419,0.2558039442644913,0.3787590494393319,0.54
3420,0.25532738922668885,0.3788304063511697,0.54
3421,0.2549746914703296,0.3789485637518887,0.54
3422,0.254379834723607,0.37897956299542035,0.54
3423,0.2538957336583267,0.3790161423798505,0.54
3424,0.25339296239093567,0.3791652689216453,0.54
3425,0.25285357183423973,0.3792845894911681,0.54
3426,0.25229341364726526,0.37938550228199236,0.54
3427,0.2517154584917746,0.37937569152905315,0.54
3428,0.25126932964121956,0.37950063926249233,0.54
3429,0.25084822019981656,0.37965376004958,0.54
3430,0.2505243366571518,0.3796861400320008,0.54
3431,0.25008739034350874,0.3796416198310082,0.54
3432,0.24983378248022695,0.37969258912220877,0.54
3433,0.2494208684664423,0.3797953625183844,0.54
3434,0.24910984735404013,0.37989836173081754,0.54
3435,0.24862191148475454,0.37992076175672324,0.54
3436,0.24816470778406174,0.3800482430096257,0.54
3437,0.24766089539248334,0.38014270531072114,0.54
3438,0.2470659963250576,0.3801412345306519,0.54
3439,0.2464764386313784,0.3800822378610886,0.54
3440,0.2460449721482198,0.3801865930387106,0.54
3441,0.24563295556745424,0.3803254350884889,0.54
3442,0.24531532840286452,0.3803670234304087,0.54
3443,0.24488734437047807,0.3803432772753313,0.54
3444,0.24463739631827378,0.3804114401360651,0.54
3445,0.24423516746754084,0.380529604814927,0.54
3446,0.24390556448237935,0.3805922360254218,0.54
3447,0.24355807282727426,0.380571156468593,0.54
3448,0.24334429691314183,0.38070930180046636,0.54
3449,0.24307918473098464,0.38087096670381354,0.54
3450,0.2428342887700356,0.38094162237523094,0.54
3451,0.2423183440107202,0.38103965610096285,0.54
3452,0.24188903463138728,0.3810390725308133,0.54
3453,0.24152767026372948,0.3811246151062803,0.54
3454,0.24093989556995707,0.38113419898752465,0.54
3455,0.24030037035945048,0.3811912877761055,0.54
3456,0.23981945119663445,0.3812087437698328,0.54
3457,0.23945659072963046,0.38129986486583617,0.54
3458,0.23914785181641668,0.38131032005133575,0.54
3459,0.2388356332193928,0.38140797028455,0.54
3460,0.23824856098624478,0.3814858596276367,0.54
3461,0.2377978340934633,0.38150747382662087,0.54
3462,0.23719258036252283,0.3815483422382445,0.54
3463,0.23662682109803743,0.3816598104708892,0.54
3464,0.236194659011723,0.38177562554750355,0.54
3465,0.23586567886868984,0.3818164466125473,0.54
3466,0.2355166951254963,0.3817692741969848,0.54
3467,0.23526391286996023,0.38187936890705054,0.54
3468,0.23492319086544433,0.38201070508374585,0.54
3469,0.23462475803797508,0.3820789389719423,0.54
3470,0.23405817215108804,0.3821847187873715,0.54
3471,0.23359567564158912,0.3821977444869317,0.54
3472,0.23319333631045758,0.3822866187244461,0.54
3473,0.2325868041974291,0.382332194396561,0.54
3474,0.2319605988520641,0.3824366481739809,0.54
3475,0.23150993140299242,0.3824759580399385,0.54
3476,0.23098044692046885,0.3825266038736065,0.54
3477,0.2303485716289461,0.3825006653613967,0.54
3478,0.2299597118492452,0.3825151216687727,0.54
3479,0.229647576601788,0.3825087238531356,0.54
3480,0.22920148614159588,0.3826000647118228,0.54
3481,0.2286396868798074,0.3826549148512775,0.54
3482,0.2279701326018576,0.382662281673787,0.54
3483,0.22729177514570875,0.38262374948769967,0.54
3484,0.22679918581609942,0.3827294199313995,0.54
3485,0.22632574049649232,0.38283674642163473,0.54
3486,0.22597350201439845,0.382863883329149,0.54
3487,0.2255122651080864,0.3828384052774172,0.54
3488,0.22524342563274108,0.38290289123880034,0.54
3489,0.2248460374739019,0.38300616355020417,0.54
3490,0.22451828929963086,0.38305180912301806,0.54
3491,0.22417206364634745,0.3830092755740645,0.54
3492,0.22395606011659885,0.38312961318179384,0.54
3493,0.22367915674841574,0.38325768276994904,0.54
3494,0.223424242818514,0.38330419728536025,0.54
3495,0.2229024258718497,0.3833747359338173,0.54
3496,0.22221220648667261,0.3834009006586986,0.54
3497,0.22155526119584043,0.38345558702114546,0.54
3498,0.22106934761446317,0.3834481945021973,0.54
3499,0.2207284135056809,0.38351469544565775,0.54
3500,0.22018815406585437,0.383503586922965,0.54
3501,0.2196602443283022,0.3835873029804326,0.54
3502,0.21924246468588612,0.38362311747396977,0.54
3503,0.21875826165958367,0.38369441263676324,0.54
3504,0.2181549202688191,0.3837065707676752,0.54
3505,0.21777766103837437,0.38377169036959224,0.54
3506,0.2172642024191022,0.38382757106651905,0.54
3507,0.21689108793367665,0.3839656684853842,0.54
3508,0.21650327210906095,0.3839531743758601,0.54
3509,0.21624813230169418,0.3840476314249908,0.54
3510,0.2159335571320504,0.3841073000654812,0.54
3511,0.2156564621655833,0.3840969630897517,0.54
3512,0.2153195339140347,0.3840140504725692,0.54
3513,0.2149977437987949,0.3841043277431175,0.54
3514,0.2144182523206483,0.38418688550400015,0.54
3515,0.21367787633669447,0.3842193234246321,0.54
3516,0.2129709057000464,0.384256829087703,0.54
3517,0.21245850117648868,0.3842453295469488,0.54
3518,0.21186686373801697,0.3842033082315099,0.54
3519,0.21152066381382068,0.38428112551925525,0.54
3520,0.21104685068625428,0.3844073793797692,0.54
3521,0.21067187751671243,0.38446695609035897,0.54
3522,0.21017958497730144,0.3845385064617476,0.54
3523,0.20955489933094515,0.3845545822595801,0.54
3524,0.20917010901963257,0.3846116896579796,0.54
3525,0.20885737703377136,0.38464300961772535,0.54
3526,0.20841539034220793,0.384748984264585,0.54
3527,0.207894713223442,0.3848124899841945,0.54
3528,0.2072363659700295,0.3848135210996882,0.54
3529,0.206543197687171,0.3847526234827173,0.54
3530,0.20603539979179114,0.3848297800234957,0.54
3531,0.20554169960444707,0.3848951403584579,0.54
3532,0.205172156867693,0.384880750288177,0.54
3533,0.204691462661563,0.3848208152901362,0.54
3534,0.20440594753034655,0.3848525978708062,0.54
3535,0.2039892422301895,0.3849178736806864,0.54
3536,0.2036459771490276,0.3849366732332019,0.54
3537,0.20328738009438613,0.3848728402630198,0.54
3538,0.20305422740763315,0.38498231137152805,0.54
3539,0.20275073864836826,0.38509352718556317,0.54
3540,0.20247646073366818,0.3851333780861166,0.54
3541,0.2019471733826481,0.385196428038444,0.54
3542,0.2015051509341865,0.385174631697687,0.54
3543,0.2011000420160671,0.38524411861106084,0.54
3544,0.20046909278302041,0.3852546357176739,0.54
3545,0.19981185007615962,0.3852987867993666,0.54
3546,0.19931445413513674,0.38530184974540616,0.54
3547,0.19890739901222929,0.38537711764208116,0.54
3548,0.19857855047864115,0.38538447271936815,0.54
3549,0.1982187521545219,0.38546606903821384,0.54
3550,0.19760963789186906,0.3855094371521391,0.54
3551,0.1971527462769451,0.38551794684612867,0.54
3552,0.19652014744776553,0.3855091601218183,0.54
3553,0.19593961894024065,0.3855784688640132,0.54
3554,0.1954729698980831,0.3856505540418849,0.54
3555,0.195130537182362,0.3856722054391482,0.54
3556,0.19476877255564104,0.38559891621670117,0.54
3557,0.19447265033223501,0.38568810552382554,0.54
3558,0.19408191626818433,0.38577920984697517,0.54
3559,0.19379078864477545,0.3858225940672441,0.54
3560,0.19323245912640996,0.38589381230263237,0.54
3561,0.19276216061802887,0.3858873112222612,0.54
3562,0.19230863638511536,0.3859479488083405,0.54
3563,0.19165426607724606,0.38593161249495345,0.54
3564,0.1910178040088827,0.38597574089158837,0.54
3565,0.19056257875359447,0.38597532021985714,0.54
3566,0.19002800430148037,0.3859972201248295,0.54
3567,0.1893598331385734,0.38597875439129586,0.54
3568,0.18889541654191402,0.38600691706337537,0.54
3569,0.18856931555046305,0.38600597623658434,0.54
3570,0.18811511934761213,0.3860823104011334,0.54
3571,0.18767041512891916,0.38616129961498735,0.54
3572,0.18731717738047532,0.38616980438111226,0.54
3573,0.186948513996747,0.38608653416512984,0.54
3574,0.18661380872083905,0.38616125250437555,0.54
3575,0.18617868971928653,0.38623559275490305,0.54
3576,0.1858188464546828,0.38626675399174615,0.54
3577,0.1853274206860064,0.3863523520108609,0.54
3578,0.18488531526458699,0.386330434588114,0.54
3579,0.18443504407386296,0.3863836133705539,0.54
3580,0.1837591515930268,0.3863785734529981,0.54
3581,0.18311679305676076,0.3864197343188839,0.54
3582,0.1826178275790202,0.38640821507466855,0.54
3583,0.18217597141016778,0.3864640943600665,0.54
3584,0.1818142047791916,0.38643627439693373,0.54
3585,0.18141052531289692,0.3864936714843085,0.54
3586,0.18077715334446226,0.3865194198094368,0.54
3587,0.18029411509672408,0.38651489850754583,0.54
3588,0.17964153106124878,0.3865125446074692,0.54
3589,0.1790958103035948,0.38660623930654703,0.54
3590,0.17863043229445036,0.38669281424296775,0.54
3591,0.17827003352918003,0.38670453481258366,0.54
3592,0.17790285111358006,0.3866217425631469,0.54
3593,0.17758334075446383,0.38669892617306517,0.54
3594,0.17716250519397883,0.3867752723396698,0.54
3595,0.1768124861966574,0.38680926115122083,0.54
3596,0.17622983071416654,0.38686860173254806,0.54
3597,0.17575227106080019,0.38684508020383596,0.54
3598,0.1752948475449086,0.3868939452401561,0.54
3599,0.1746324258909168,0.38688109936897236,0.54
3600,0.1740456381439292,0.38694999229721705,0.54
3601,0.1735757643324298,0.38695009098116856,0.54
3602,0.17303493498852646,0.3869691815010147,0.54
3603,0.17236814770072098,0.38694911448425995,0.54
3604,0.17189958071020756,0.38697653591027636,0.54
3605,0.171328713591649,0.38698280873211155,0.54
3606,0.17089694333478384,0.3869675617470172,0.54
3607,0.17048629574773966,0.3868696842060808,0.54
3608,0.1701820910290585,0.38693060121884804,0.54
3609,0.16980390736686482,0.38698608689712577,0.54
3610,0.1694850764601212,0.386999327949774,0.54
3611,0.16912687372156426,0.386942457338537,0.54
3612,0.16876109951415694,0.3870460441462741,0.54
3613,0.1681784847856239,0.3871267294953242,0.54
3614,0.16742321411954758,0.38716611031194775,0.54
3615,0.16677544848762196,0.3872232352648564,0.54
3616,0.16628073425434328,0.38720100974943483,0.54
3617,0.16586932471860288,0.3872248693787727,0.54
3618,0.16552633361009167,0.38717170073989066,0.54
3619,0.16515104855543977,0.3871960512118505,0.54
3620,0.1648133783303027,0.38717580790872536,0.54
3621,0.1642875409633661,0.3872130125319152,0.54
3622,0.1637551601313482,0.3872787574696793,0.54
3623,0.16301893488639477,0.38729414397340106,0.54
3624,0.16244404093984124,0.3873055505252696,0.54
3625,0.16194187838915797,0.3874234571737083,0.54
3626,0.16139451301768348,0.38749307517208764,0.54
3627,0.1607218065910492,0.38749825600163235,0.54
3628,0.16002760817372313,0.38744401404369283,0.54
3629,0.159531147131319,0.3875254892891961,0.54
3630,0.15905798988738132,0.38759367701995545,0.54
3631,0.1586950736660615,0.38756007148882987,0.54
3632,0.15820268529794143,0.387500115293288,0.54
3633,0.15790173481552336,0.387548438666407,0.54
3634,0.15746914230625644,0.38760876783945636,0.54
3635,0.1571091939175785,0.38760568953115826,0.54
3636,0.15674469283970122,0.3875052460967205,0.54
3637,0.1564581555652545,0.3875735839842083,0.54
3638,0.15607938432066723,0.3876373263463467,0.54
3639,0.15575779748315388,0.3876459690311021,0.54
3640,0.15521558939263033,0.38766782642895636,0.54
3641,0.15476278154458945,0.38761155010857273,0.54
3642,0.1543182517626476,0.38763845791076856,0.54
3643,0.15366116060008142,0.38760051961042924,0.54
3644,0.15300533559288404,0.38760873390712447,0.54
3645,0.1525000630828293,0.38759083160321767,0.54
3646,0.1520568589094654,0.38764791534768367,0.54
3647,0.1516911143563771,0.3876421009690345,0.54
3648,0.15128279482223228,0.3877104334421641,0.54
3649,0.1506716499795693,0.3877388159246275,0.54
3650,0.15019479799151456,0.38772916627704795,0.54
3651,0.14954233764304276,0.387732039524829,0.54
3652,0.14896901096905152,0.38780826487661657,0.54
3653,0.1484790371806153,0.3878800973094263,0.54
3654,0.14810455209844078,0.38788460766008837,0.54
3655,0.14773172869002413,0.3877941559541289,0.54
3656,0.14740424670833382,0.3878619082582018,0.54
3657,0.1469711194835089,0.38792527737251614,0.54
3658,0.14661148566914967,0.3879549312224882,0.54
3659,0.14604317681455184,0.3880025292616409,0.54
3660,0.14557122465008826,0.38797078495047066,0.54
3661,0.14510629066553601,0.38800740135622336,0.54
3662,0.14449059885153895,0.3880754574996293,0.54
3663,0.14385028709689857,0.38813794763248116,0.54
3664,0.14334613846232924,0.38812221625617777,0.54
3665,0.14280265672089626,0.3881104927588291,0.54
3666,0.14213129073941588,0.3880730890274518,0.54
3667,0.1416719059785031,0.3880848310927439,0.54
3668,0.14111157855764983,0.3880684360087939,0.54
3669,0.14069708673669887,0.38805889855502423,0.54
3670,0.14009964675661482,0.38804923295732796,0.54
3671,0.1395844016471395,0.38811379799065054,0.54
3672,0.139078246515508,0.3881501405858337,0.54
3673,0.1384890190051453,0.3882432557256696,0.54
3674,0.13782522728349808,0.3882436184351019,0.54
3675,0.13733483642819405,0.38832535381597705,0.54
3676,0.13687157575795308,0.38837392008798055,0.54
3677,0.1365040039027668,0.38831752352323545,0.54
3678,0.13605367298819274,0.38832262583281185,0.54
3679,0.1356655207117208,0.388350922701945,0.54
3680,0.13530571620039158,0.38835327995933355,0.54
3681,0.13500456972776742,0.3882843723122537,0.54
3682,0.1344840804529575,0.38821160212695704,0.54
3683,0.13400469857418507,0.38827783286693734,0.54
3684,0.1334638760632509,0.3883108564894892,0.54
3685,0.13277249569885166,0.3883055453341539,0.54
3686,0.13223717892492198,0.3882350952034584,0.54
3687,0.13189826038943617,0.3882941974163904,0.54
3688,0.13146358703408798,0.3883500406433683,0.54
3689,0.13110672342015184,0.3883221025278543,0.54
3690,0.13073570701564774,0.38833944619321437,0.54
3691,0.13042758455740522,0.38830803339599945,0.54
3692,0.1300380104651793,0.38833019027260113,0.54
3693,0.1296824680189793,0.3882938143822805,0.54
3694,0.12922835232381838,0.3883264148125668,0.54
3695,0.12883316350769533,0.38831942883834597,0.54
3696,0.12826544575217577,0.38835149105081096,0.54
3697,0.12767818615343232,0.38839289721796016,0.54
3698,0.12724845658675457,0.38839916712760003,0.54
3699,0.12659548184341526,0.38838765464604846,0.54
3700,0.12598447444793576,0.38843566713075617,0.54
3701,0.12543521851881634,0.38848939757304246,0.54
3702,0.1250154312007737,0.3884884335771822,0.54
3703,0.124609506860391,0.38839948039012767,0.54
3704,0.12422132278119587,0.3884619871695499,0.54
3705,0.12366087496259465,0.38850289588565,0.54
3706,0.1229066186389152,0.3885242423832817,0.54
3707,0.12222965118123424,0.38854745400617713,0.54
3708,0.12174085692849751,0.38862938426766647,0.54
3709,0.12112576735294853,0.3886495833101881,0.54
3710,0.12065099907080047,0.3887324341600468,0.54
3711,0.12025949420751639,0.38879190659650414,0.54
3712,0.11994807700451705,0.3887572079567873,0.54
3713,0.11950837857122644,0.38870327795941345,0.54
3714,0.11887752422317548,0.38864054985755414,0.54
3715,0.11836621129340154,0.3886088066835535,0.54
3716,0.11797574558480683,0.38868170709312,0.54
3717,0.11751050818324217,0.3887703110462534,0.54
3718,0.11695124106173659,0.38876694004070683,0.54
3719,0.1162403060506189,0.38872679208368494,0.54
3720,0.11584545023770425,0.3885361486902596,0.54
3721,0.11560613213021106,0.388381446754443,0.54
3722,0.11563027866516057,0.3884390921070048,0.54
3723,0.11567983863401628,0.3883392593385849,0.54
3724,0.11561086596284532,0.38803486531157383,0.54
3725,0.11548628389092708,0.3878944533905487,0.54
3726,0.11553302292838605,0.38804132681003745,0.54
3727,0.11553985303829489,0.3880275904608913,0.54
3728,0.11545277643442434,0.38801204202364425,0.54
3729,0.11537292166654296,0.38792756729034855,0.54
3730,0.11523139707617121,0.387872120448632,0.54
3731,0.11511928370025225,0.38777179639752635,0.54
3732,0.11487704436448207,0.3874595378236013,0.54
3733,0.11462522848034817,0.38734321504096286,0.54
3734,0.11458695401333693,0.3875136540332189,0.54
3735,0.11454488465497377,0.38755663790384465,0.54
3736,0.11446045277652378,0.3872697032972764,0.54
3737,0.11426973836482002,0.38706951822183505,0.54
3738,0.11401213687366332,0.3870121243658012,0.54
3739,0.11382377957754378,0.38693706805069655,0.54
3740,0.11373930712074967,0.3868389946465681,0.54
3741,0.11351975676614692,0.3865200321577977,0.54
3742,0.11324223876175826,0.3864005096337197,0.54
3743,0.11303147701248874,0.3862983299998291,0.54
3744,0.1129223262944697,0.3862005938000506,0.54
3745,0.11269003096296805,0.3858942321204044,0.54
3746,0.11240449573816289,0.38578735764889055,0.54
3747,0.11218567246439648,0.38570072617759615,0.54
3748,0.11208935862372472,0.38564912595605616,0.54
3749,0.11186335114131238,0.38536775331332035,0.54
3750,0.11157897946067948,0.38527257951050253,0.54
3751,0.11135223915155472,0.3851936173083417,0.54
3752,0.11119472402342342,0.3851150546530417,0.54
3753,0.11093167042704218,0.3848189225006418,0.54
3754,0.11062439721366071,0.38471723626661003,0.54
3755,0.11038466951781971,0.3846343374601116,0.54
3756,0.11018125148341537,0.38431860878322566,0.54
3757,0.10992539093177636,0.3841511593769535,0.54
3758,0.10973994501727306,0.38406204451917875,0.54
3759,0.1094439749586177,0.3837848336871445,0.54
3760,0.10911503009616973,0.3837059909451437,0.54
3761,0.10887545977695719,0.3836503935005892,0.54
3762,0.1087440854951761,0.3834177325812745,0.54
3763,0.10853034898684216,0.3833078216710447,0.54
3764,0.108285588210343,0.3830090229029985,0.54
3765,0.10800157707661764,0.38288397509908756,0.54
3766,0.10771557517669801,0.3827473644823293,0.54
3767,0.10746052643568954,0.38242095873357485,0.54
3768,0.10709833199270566,0.38204475299598667,0.54
3769,0.10670001561622527,0.38191000025664606,0.54
3770,0.10638595017547757,0.38181348172111496,0.54
3771,0.10612685518589257,0.3817680215238999,0.54
3772,0.10580707746346257,0.3815232194029519,0.54
3773,0.10544086940310617,0.3814344447079574,0.54
3774,0.10515549108476038,0.38134630879795656,0.54
3775,0.10493071698659881,0.38104885420032636,0.54
3776,0.10466024188077219,0.38073130037578423,0.54
3777,0.10432202599827459,0.3806162137623541,0.54
3778,0.10406823356075307,0.38052926100775325,0.54
3779,0.10386760037170763,0.3802645618601229,0.54
3780,0.10360825166967622,0.38011992517313575,0.54
3781,0.10334849309253195,0.37983384117008445,0.54
3782,0.10303428451306382,0.3796901210752211,0.54
3783,0.10273739580735036,0.3794141256483984,0.54
3784,0.10240102862717008,0.3792700127872735,0.54
3785,0.1020868731743242,0.3791091089795057,0.54
3786,0.10188715646533547,0.3788470882225138,0.54
3787,0.10154900786269706,0.37852822186328094,0.54
3788,0.10111072154685093,0.37836819279407496,0.54
3789,0.10072222252718908,0.37820232664774645,0.54
3790,0.10042522420014359,0.3779184456501603,0.54
3791,0.10005546488716846,0.37771855277736427,0.54
3792,0.09972890183087756,0.3774293105168047,0.54
3793,0.09933343480760877,0.37723701581345037,0.54
3794,0.09899475002833424,0.3769611821208028,0.54
3795,0.09859490798973697,0.37676695008223676,0.54
3796,0.09817454785261544,0.37651656833870795,0.54
3797,0.09791339780995671,0.3762305489481209,0.54
3798,0.09754675930273557,0.37591943869759614,0.54
3799,0.09704839378245245,0.3757070238367346,0.54
3800,0.09682655931912192,0.37602034340731094,0.54
3801,0.09656323964707585,0.37602808175606156,0.54
3802,0.09640629728947231,0.3758476756377007,0.54
3803,0.0960870381296344,0.3755456551132248,0.54
3804,0.09561446353282388,0.375319235289197,0.54
3805,0.09519855920012915,0.375065346110264,0.54
3806,0.09488563448319813,0.3747201899442173,0.54
3807,0.09450368287557187,0.3743570200300203,0.54
3808,0.09401054494846034,0.3740743487514061,0.54
3809,0.09353972144134276,0.37375598449757286,0.54
3810,0.0931625034288783,0.3733864951903447,0.54
3811,0.09266829284504677,0.37305016272323777,0.54
3812,0.09225606356911015,0.37271590761319484,0.54
3813,0.09195433682421722,0.3729808553134737,0.54
3814,0.09153509833250519,0.3728909934379295,0.54
3815,0.09121053775816522,0.37263258434950014,0.54
3816,0.09072593143908965,0.372309755521858,0.54
3817,0.09033767437796272,0.37196118841232795,0.54
3818,0.08980901073819524,0.37159256032124705,0.54
3819,0.08936925516606248,0.37121868414562864,0.54
3820,0.08880016025636095,0.3708266833625075,0.54
3821,0.0883156880715315,0.37044615230791667,0.54
3822,0.08769968335346014,0.3700361929325961,0.54
3823,0.08712152672408119,0.36999356068014083,0.54
3824,0.08647323399787343,0.36969484033222116,0.54
3825,0.08601428082986304,0.3693767283441893,0.54
3826,0.08554896690878935,0.3690465727557649,0.54
3827,0.08486576797073805,0.3685831693290981,0.54
3828,0.08403689320176946,0.36800164659395534,0.54
3829,0.08398425221463451,0.3678643596241246,0.54
3830,0.08363090716432986,0.36770190808922254,0.54
3831,0.08296308665584948,0.3673485689710554,0.54
3832,0.08208677653017235,0.36682624484597937,0.54
3833,0.08200044217359248,0.36673266152783107,0.54
3834,0.08160316537647838,0.3665891158329107,0.54
3835,0.08089930976900231,0.3662275903426228,0.54
3836,0.07997380074028883,0.36568368543586494,0.54
3837,0.07993888799004065,0.365620369653545,0.54
3838,0.080128706087444,0.3657582959991911,0.54
3839,0.07963912342930472,0.3656412673968983,0.54
3840,0.07877721935297963,0.36518075020206864,0.54
3841,0.07877636634142073,0.3651365912402091,0.54
3842,0.07901531103027142,0.3652798679429683,0.54
3843,0.0785038357905542,0.3650755411904586,0.54
3844,0.07768270853577151,0.36468593722327614,0.54
3845,0.07770291195121151,0.36467547349825674,0.54
3846,0.07797305974571629,0.364829352008681,0.54
3847,0.0774089768041605,0.3645805194398393,0.54
3848,0.07631989075965243,0.3640090424596176,0.54
3849,0.07610338440069897,0.36390524724243234,0.54
3850,0.07545629019358194,0.3636991354236094,0.54
3851,0.07428868700975262,0.3630752243962095,0.54
3852,0.07293071127468168,0.36229310751978644,0.54
3853,0.07284852315572399,0.36217257035441813,0.54
3854,0.07318042072902799,0.3623452536263631,0.54
3855,0.07249330575803331,0.3620806622477468,0.54
3856,0.07124992542438233,0.36151029588088457,0.54
3857,0.07094079008718723,0.36142635543178003,0.54
3858,0.07018580723651936,0.36121489690283726,0.54
3859,0.06891231857536996,0.36058305548690445,0.54
3860,0.0674502768632732,0.359787685934571,0.54
3861,0.06731710285640755,0.3596589621961139,0.54
3862,0.06768467692259306,0.3598458041314669,0.54
3863,0.06690546241470449,0.35955428109610926,0.54
3864,0.06552914943101579,0.3589361544911055,0.54
3865,0.06524735246436657,0.35885802806194034,0.54
3866,0.06530933967964365,0.3590056553358599,0.54
3867,0.06439589394358236,0.35868881106695805,0.54
3868,0.06317978425723411,0.35815228754908096,0.54
3869,0.06318652789335728,0.3581191407790492,0.54
3870,0.06365854076643741,0.3583208437869313,0.54
3871,0.06285509959774074,0.3579924162723342,0.54
3872,0.06146312988897157,0.3573751419117319,0.54
3873,0.061190771118140946,0.35731578596823826,0.54
3874,0.06127939293516018,0.357464486624048,0.54
3875,0.06027864592528411,0.35713978012873804,0.54
3876,0.05898509834822903,0.3565756796087719,0.54
3877,0.05882080354878582,0.35653440921816165,0.54
3878,0.05910093351029676,0.3567133281251591,0.54
3879,0.058121654096111086,0.35635940423849694,0.54
3880,0.05780192978069302,0.356331281013382,0.54
3881,0.05653759755192696,0.35588174648192156,0.54
3882,0.05592746578964878,0.35577874562570355,0.54
3883,0.054905630290059834,0.3553164967239322,0.54
3884,0.05472203628467936,0.3553125416186861,0.54
3885,0.05356163228132495,0.3548988404724632,0.54
3886,0.053177635915077924,0.3549142802747167,0.54
3887,0.052940966168120177,0.3550375845947314,0.54
3888,0.052232379549891704,0.3546853630622935,0.54
3889,0.05078220187810143,0.35413013171342045,0.54
3890,0.050115533218919546,0.3541165184160149,0.54
3891,0.04963070153138851,0.3542359073171912,0.54
3892,0.048794166145225644,0.35385531868659564,0.54
3893,0.04821106139360359,0.3538507991284554,0.54
3894,0.046949132319540454,0.3534825750872256,0.54
3895,0.04558620678564714,0.3533236103622063,0.54
3896,0.04395485899856889,0.3528161918386987,0.54
3897,0.0428926524198237,0.3528216786289081,0.54
3898,0.04184830786175951,0.35242911866906235,0.54
3899,0.040292499766352526,0.35218890190968305,0.54
3900,0.03926307838549641,0.35221820949706745,0.54
3901,0.03803655597437348,0.3519382953534302,0.54
3902,0.0370440335629296,0.35160159085243503,0.54
3903,0.03535504367060248,0.3515593053555254,0.54
3904,0.03327618403647018,0.35136156298571414,0.54
3905,0.03145003444611389,0.35082662926629543,0.54
3906,0.029928783332750755,0.3509591822882778,0.54
3907,0.028951467505549517,0.35073271001893774,0.54
3908,0.02713294769025725,0.3508301228023583,0.54
3909,0.02612516591969821,0.3505917760346908,0.54
3910,0.02416595055659485,0.35073175541971235,0.54
3911,0.023202581313462707,0.3505183718368809,0.54
3912,0.021131627293362917,0.35071746057428377,0.54
3913,0.018490904908437106,0.3507671669282898,0.54
3914,0.017152185351007997,0.3503941931615325,0.54
3915,0.016831524272802878,0.35038335901089845,0.54
3916,0.014832910662005774,0.3510166957522606,0.54
3917,0.01185975922643687,0.3514880799895119,0.54
3918,0.01048553747328849,0.35141443846845727,0.54
3919,0.007913344007109512,0.3517819760601173,0.54
3920,0.007060007793209881,0.35192333715097085,0.54
3921,0.004592649635674317,0.35261427694272923,0.54
3922,0.003936535831167988,0.353074776029636,0.54
3923,0.001561263336730944,0.35409677737087636,0.54
3924,-0.0018239459861732596,0.3550295961148397,0.54
3925,-0.002546662470970959,0.35575874536551244,0.54
3926,-0.001195484684376517,0.35722249392062133,0.54
3927,-0.0018440260682698135,0.35917929227914397,0.54
3928,-0.0038619230437071496,0.3612525279684269,0.54
3929,-0.0032068956969746962,0.3639332931504743,0.54
3930,-0.001704327368352174,0.3692245073497467,0.54
3931,0.0012466304565403234,0.37309166478460054,0.54
3932,0.0014314485139725755,0.3754379036233222,0.54
3933,0.0035405456647365223,0.3778757267165676,0.54
3934,0.0031168521525900316,0.37943193876601294,0.54
3935,0.004502648001838413,0.38132691127565677,0.54
3936,0.0035313624602277558,0.38245637311828845,0.54
3937,0.0013402372620414825,0.3831078506695745,0.54
3938,0.0009585194045504889,0.38491186975545066,0.54
3939,0.0022052862590589,0.3863178622487599,0.54
3940,0.0013323804663285207,0.38645739160409537,0.54
3941,-0.0007685277885154442,0.38594570310024584,0.54
3942,-0.0009960339888007636,0.38653884544743927,0.54
3943,-0.0024837419521504607,0.3861693999124963,0.54
3944,-0.0022409604764703733,0.3866927256186671,0.54
3945,-0.0034858398264790424,0.386217547122842,0.54
3946,-0.005520317386830336,0.38529960314419837,0.54
3947,-0.0051584112858832866,0.38567827310387753,0.54
3948,-0.003642519782161038,0.3865110473340114,0.54
3949,-0.004265802014681551,0.386123324698685,0.54
3950,-0.006127011661787487,0.3852011513051805,0.54
3951,-0.005789075210854906,0.38551242740846015,0.54
3952,-0.006913594828787066,0.3849715587335096,0.54
3953,-0.006113663291437228,0.38546682370262353,0.54
3954,-0.007059142991766965,0.38499997107591916,0.54
3955,-0.008883337951770294,0.3841689285802344,0.54
3956,-0.00815332472133763,0.38474701293460867,0.54
3957,-0.006234206009003024,0.38583354148233673,0.54
3958,-0.0066886726894211795,0.3855892469335108,0.54
3959,-0.008532745058415763,0.38472307712401804,0.54
3960,-0.007951206364005432,0.3852276214389063,0.54
3961,-0.008999207990733539,0.38475364046753674,0.54
3962,-0.007917995670261264,0.3854211796806699,0.54
3963,-0.008754430455480924,0.3849746868035065,0.54
3964,-0.0075997517216677265,0.38562063250631207,0.54
3965,-0.008504610065152293,0.38511179029883863,0.54
3966,-0.00742350739472924,0.38572424757633894,0.54
3967,-0.008447488304111234,0.38516620931903256,0.54
3968,-0.007466797075755578,0.38577058278500914,0.54
3969,-0.008589988231599042,0.38518722347546325,0.54
3970,-0.007683344871729816,0.3857966439257084,0.54
3971,-0.008871828642540677,0.3852025557515989,0.54
3972,-0.008016646513742488,0.38582460775903554,0.54
3973,-0.009247366399347137,0.38522966491694244,0.54
3974,-0.008431148422289352,0.38586712972734627,0.54
3975,-0.009688863876222666,0.385274290497307,0.54
3976,-0.008902489453217553,0.3859227671865215,0.54
3977,-0.010174964207003217,0.3853270435480651,0.54
3978,-0.0094088887184397,0.3859769822916952,0.54
3979,-0.010686368279829335,0.38536979133334853,0.54
3980,-0.009931750758787926,0.38601222064902596,0.54
3981,-0.011208382183267807,0.38538750376998376,0.54
3982,-0.010466493388981604,0.3860034735594717,0.54
3983,-0.011743422317344876,0.3853478051822382,0.54
3984,-0.011072732249531763,0.3859001064272237,0.54
3985,-0.012384978786606304,0.3852198786151835,0.54
3986,-0.011810785130727018,0.3857075802222707,0.54
3987,-0.01316820757967032,0.3850198611589309,0.54
3988,-0.012692234752487075,0.3854457524949245,0.54
3989,-0.014091274117428637,0.38476462182018445,0.54
3990,-0.01369881344064883,0.3851336409913602,0.54
3991,-0.015126528297574807,0.3844699061967039,0.54
3992,-0.017529068104491667,0.38311088172424207,0.54
3993,-0.016962137217803482,0.3836500720634964,0.54
3994,-0.015177658482536122,0.3847285881705615,0.54
3995,-0.0157572218632467,0.38448287752054033,0.54
3996,-0.01777424971982256,0.38336732970439413,0.54
3997,-0.017188878896536072,0.38401267668179856,0.54
3998,-0.015726273846546363,0.3849880947422811,0.54
3999,-0.016579695115628464,0.384717853200297,0.54
4000,-0.01881171739317018,0.38359110595131196,0.54
4001,-0.01850542336734642,0.3841658044026034,0.54
4002,-0.017325034277698458,0.38500742247917175,0.54
4003,-0.01836392455423027,0.38472701991492325,0.54
4004,-0.02070255768357526,0.3836353805799133,0.54
4005,-0.020595449097282968,0.38413474887239035,0.54
4006,-0.021984453787014455,0.3836537696340217,0.54
4007,-0.021416369186852562,0.3843407195483486,0.54
4008,-0.022487376638081445,0.38400654369268017,0.54
4009,-0.021902356558230772,0.3846164274056159,0.54
4010,-0.02293263703781807,0.38425258559797654,0.54
4011,-0.022449366299799288,0.3847252256897215,0.54
4012,-0.023389391541879,0.38428081661872443,0.54
4013,-0.023245269384035514,0.38430793020029624,0.54
4014,-0.024004187991961717,0.38357008118677904,0.54
4015,-0.025207847682903968,0.3822164232441964,0.54
4016,-0.025580245120485748,0.38166452317088817,0.54
4017,-0.025525760129562078,0.38135090115173437,0.54
4018,-0.025961161885611497,0.38075710022063214,0.54
4019,-0.026720125143144976,0.3798968120893897,0.54
4020,-0.02727151589081956,0.37940278849510034,0.54
4021,-0.02767899812127327,0.379069543147963,0.54
4022,-0.02827111280419216,0.3786976604556289,0.54
4023,-0.028985695983252825,0.3782677523618382,0.54
4024,-0.02965527327438625,0.3780050810660342,0.54
4025,-0.030340916717458536,0.3777705798609491,0.54
4026,-0.031011322765594936,0.37755958780908583,0.54
4027,-0.03166515248943839,0.3774941679182089,0.54
4028,-0.0322864423032939,0.3775242009854631,0.54
4029,-0.03289492427285644,0.3775934332031352,0.54
4030,-0.03337688787682545,0.3778185281508754,0.54
4031,-0.03381055137310468,0.3781223115265053,0.54
4032,-0.034236348117787085,0.37844839231568483,0.54
4033,-0.03466848303727266,0.3787571747626519,0.54
4034,-0.03511662584781177,0.3790156169004155,0.54
4035,-0.03557667105174021,0.37921312846434735,0.54
4036,-0.03623432301633723,0.3791525263804126,0.54
4037,-0.03678635049418052,0.3791524432188949,0.54
4038,-0.037276764831452085,0.37918974382147996,0.54
4039,-0.037739370642890784,0.37924967200407117,0.54
4040,-0.03819777474096158,0.3793215515274653,0.54
4041,-0.03866604732333503,0.3793974273495831,0.54
4042,-0.039150636993491604,0.3794720754202497,0.54
4043,-0.03965258138592057,0.3795423395341957,0.54
4044,-0.04037040806140082,0.3793980781976028,0.54
4045,-0.04097568323168487,0.37936401158212757,0.54
4046,-0.04150956610748533,0.37939734732897024,0.54
4047,-0.042009016847177255,0.37947095156543953,0.54
4048,-0.04250031712311026,0.37956479507650515,0.54
4049,-0.042998641819482694,0.37966524394497075,0.54
4050,-0.04351051247152768,0.37976375657132866,0.54
4051,-0.04422581032894592,0.37965793537179077,0.54
4052,-0.04483514347579147,0.37964679747453633,0.54
4053,-0.045378989638961406,0.3796964503993432,0.54
4054,-0.045891170733995394,0.37978018789472967,0.54
4055,-0.046394779296046004,0.37987829965763176,0.54
4056,-0.04690251543692668,0.37997749950328547,0.54
4057,-0.04759367848353487,0.3798862842367884,0.54
4058,-0.04818571054639985,0.37987972554252514,0.54
4059,-0.04871665219644858,0.37992627236946647,0.54
4060,-0.04921804794896815,0.3800021498980134,0.54
4061,-0.049711611968271764,0.3800906349071734,0.54
4062,-0.05020974513777474,0.38018099701006525,0.54
4063,-0.050881086967260965,0.38009410239320246,0.54
4064,-0.05146291187727511,0.3800890082387452,0.54
4065,-0.051990805472684525,0.3801367943380798,0.54
4066,-0.05249413464367459,0.38021525517538546,0.54
4067,-0.052992905765207717,0.380308220528643,0.54
4068,-0.05365016060215712,0.3802425846895128,0.54
4069,-0.05422470241603679,0.38025654245953106,0.54
4070,-0.054750727212155924,0.3803198565976052,0.54
4071,-0.05524986838618849,0.38041358143317083,0.54
4072,-0.05574218688485859,0.38052022975441613,0.54
4073,-0.05638661756804624,0.3804715168707653,0.54
4074,-0.05695078045053224,0.3804955625352552,0.54
4075,-0.05746732148513521,0.38056412109269677,0.54
4076,-0.05796216243148196,0.3806563745053659,0.54
4077,-0.058591009314548005,0.38061051038725396,0.54
4078,-0.0591415855839834,0.38063814239727434,0.54
4079,-0.05964752586910046,0.3807107115475781,0.54
4080,-0.06013483039429803,0.3808069580547431,0.54
4081,-0.06075132283662513,0.38077199576162596,0.54
4082,-0.061296313728774275,0.3808059166946618,0.54
4083,-0.06180095043907812,0.3808815442334632,0.54
4084,-0.06241175405010307,0.38084743984401365,0.54
4085,-0.06294801496493609,0.38088664095561026,0.54
4086,-0.06344379097878541,0.3809699383023743,0.54
4087,-0.06404010499431481,0.3809513020694021,0.54
4088,-0.06456807660269444,0.3810016927461316,0.54
4089,-0.06505996273247655,0.38109234890625526,0.54
4090,-0.06564907184365124,0.38108389152476874,0.54
4091,-0.0661748659065047,0.38113875457818747,0.54
4092,-0.06676968500244414,0.3811191843890078,0.54
4093,-0.0672917277306922,0.3811715256818892,0.54
4094,-0.06777580922820661,0.3812658410693841,0.54
4095,-0.06834549251191938,0.381273581648234,0.54
4096,-0.06895109693228091,0.38123914014843907,0.54
4097,-0.0694741153477076,0.38128560531124944,0.54
4098,-0.0699530651104066,0.381380052569642,0.54
4099,-0.07050423903302983,0.3814023933242818,0.54
4100,-0.07108765164667176,0.3813884301771958,0.54
4101,-0.07159885586170892,0.38144693001386143,0.54
4102,-0.07207292863891887,0.3815472176451988,0.54
4103,-0.07261579179840158,0.38157892445636454,0.54
4104,-0.0731905634737576,0.38157486072745295,0.54
4105,-0.07377069562562459,0.3815589528975831,0.54
4106,-0.07427631452006361,0.3816178024151959,0.54
4107,-0.07481113667759466,0.38164677977351935,0.54
4108,-0.07535853253911597,0.38166244795741183,0.54
4109,-0.07590652447546237,0.381676079168112,0.54
4110,-0.07639264801720044,0.38175576156901436,0.54
4111,-0.07690873807101035,0.381806984670212,0.54
4112,-0.07744081164385852,0.38184200949890174,0.54
4113,-0.0779777655573636,0.3818700842928806,0.54
4114,-0.07851269109760299,0.3818974642586633,0.54
4115,-0.07904274552922719,0.3819275931783481,0.54
4116,-0.07956787783833742,0.3819617861308575,0.54
4117,-0.08008911992998034,0.38200023206297,0.54
4118,-0.08060784293247007,0.382042389516114,0.54
4119,-0.08112530737493197,0.38208732354221897,0.54
4120,-0.08164246986661844,0.38213397250155035,0.54
4121,-0.08215982486563365,0.3821814478276233,0.54
4122,-0.08267658591357745,0.3822298534993803,0.54
4123,-0.08319251021737945,0.38227896306465153,0.54
4124,-0.08370765788643546,0.3823284611201808,0.54
4125,-0.08422222346045344,0.38237808370157317,0.54
4126,-0.08473643752579034,0.3824276666293511,0.54
4127,-0.0852454860637154,0.3824769216751676,0.54
4128,-0.08575224614833112,0.3825255994794216,0.54
4129,-0.08625728586439335,0.3825731717322133,0.54
4130,-0.0867602143130193,0.3826192839781691,0.54
4131,-0.0872605664059461,0.38266362929292985,0.54
4132,-0.08775837698061406,0.38270594914942974,0.54
4133,-0.08825437296946605,0.3827461447552568,0.54
4134,-0.08875081570681295,0.3827836052066166,0.54
4135,-0.08923729175584579,0.38282731641279893,0.54
4136,-0.08972562347868483,0.38287181871814374,0.54
4137,-0.09021787797252513,0.382917131837719,0.54
4138,-0.09071389534359985,0.3829638383636219,0.54
4139,-0.09121316669967364,0.38301203080476903,0.54
4140,-0.09171528949501773,0.3830612205950954,0.54
4141,-0.09222001936731289,0.38311048644691503,0.54
4142,-0.09272709818578884,0.3831587621373681,0.54
4143,-0.09323638573959483,0.3832048408468501,0.54
4144,-0.09374787842970192,0.3832474459495693,0.54
4145,-0.0942616723981873,0.38328533257504777,0.54
4146,-0.09477178671377827,0.38332306734703586,0.54
4147,-0.09527480624069938,0.3833632506828496,0.54
4148,-0.09577283809856528,0.383403794402874,0.54
4149,-0.09627210129315841,0.38343897782313846,0.54
4150,-0.09677605495893593,0.38346570509688177,0.54
4151,-0.09728121546132276,0.3834877305242552,0.54
4152,-0.09778188886112964,0.3835114011577203,0.54
4153,-0.0982760353481901,0.3835397845429971,0.54
4154,-0.0987639899796696,0.38357364936136007,0.54
4155,-0.09924714145936012,0.3836124892016775,0.54
4156,-0.09972711199777937,0.3836552310413036,0.54
4157,-0.10020534088619844,0.3837006834233093,0.54
4158,-0.10068050034949237,0.38374846286844133,0.54
4159,-0.1011543906546719,0.38379714696378514,0.54
4160,-0.10163433246707519,0.38383987908346023,0.54
4161,-0.10212424074599802,0.3838728322733898,0.54
4162,-0.10262114257222926,0.3838990251220908,0.54
4163,-0.10311838558869751,0.38392554087751973,0.54
4164,-0.10361803453782417,0.3839501760686889,0.54
4165,-0.10412098399447405,0.383971592782083,0.54
4166,-0.10462598248499945,0.38399029762781645,0.54
4167,-0.10513084878026285,0.3840099007773521,0.54
4168,-0.10562870969326861,0.3840356169853782,0.54
4169,-0.10612095733095057,0.3840669559473924,0.54
4170,-0.10660675364642505,0.38410462484306834,0.54
4171,-0.10708396465777692,0.3841486155527333,0.54
4172,-0.1075563551388803,0.3841962098842775,0.54
4173,-0.10802562914721872,0.3842454858169971,0.54
4174,-0.1084928799207295,0.3842952120494721,0.54
4175,-0.1089570691050263,0.38434520754775664,0.54
4176,-0.10942184836995118,0.3843940378926318,0.54
4177,-0.10988859860683331,0.3844412598708563,0.54
4178,-0.11035814211288142,0.38448657884729337,0.54
4179,-0.11082831448787613,0.38453126657280284,0.54
4180,-0.11130140377754429,0.3845752044224892,0.54
4181,-0.11177704686549393,0.384619316163833,0.54
4182,-0.11225432286133187,0.3846645648571978,0.54
4183,-0.11272987311878253,0.38471241449155075,0.54
4184,-0.11320569660417609,0.38476196248424416,0.54
4185,-0.11368136952082418,0.3848133824923507,0.54
4186,-0.11415643880607601,0.384866522896912,0.54
4187,-0.11463081266284084,0.3849208329625725,0.54
4188,-0.11510249863962138,0.3849761209004531,0.54
4189,-0.11557447761775845,0.38503063608821364,0.54
4190,-0.11604694707633746,0.3850841866858751,0.54
4191,-0.11651966330448858,0.38513709365611914,0.54
4192,-0.11699250462042302,0.38518974657680227,0.54
4193,-0.11746562216152642,0.3852424225094435,0.54
4194,-0.11793716585249746,0.38529590108087264,0.54
4195,-0.1184104606671744,0.38534898878460017,0.54
4196,-0.11888593998384561,0.38540172831780134,0.54
4197,-0.11935632452041336,0.3854578661255802,0.54
4198,-0.11982576660177802,0.3855157469919864,0.54
4199,-0.12029563965730572,0.38557425689255076,0.54
4200,-0.12076415214262139,0.38563320749924057,0.54
4201,-0.12123430340924987,0.3856908888529719,0.54
4202,-0.12170621620032823,0.3857471942286643,0.54
4203,-0.12217948035376676,0.38580258161006326,0.54
4204,-0.12265373024338232,0.38585764041215287,0.54
4205,-0.12312854431651347,0.3859130641080822,0.54
4206,-0.12360133372759236,0.3859699745468588,0.54
4207,-0.12407545134909405,0.3860269856051109,0.54
4208,-0.12454841836579443,0.3860850478077657,0.54
4209,-0.1250232255199107,0.386142979744636,0.54
4210,-0.12549638836873991,0.38620232259920906,0.54
4211,-0.12597083695572472,0.38626193846854795,0.54
4212,-0.126442212747748,0.3863239666209809,0.54
4213,-0.12691051884567356,0.3863882339522756,0.54
4214,-0.12737633087390005,0.38645463590365026,0.54
4215,-0.12784015576663352,0.3865236498004135,0.54
4216,-0.1283065618593468,0.38659154879020075,0.54
4217,-0.12877891945124903,0.386656192570636,0.54
4218,-0.12925823830050948,0.3867178223615941,0.54
4219,-0.129743244669327,0.386778686381419,0.54
4220,-0.13022883909460878,0.386845199833139,0.54
4221,-0.13071351617458432,0.3869198561212788,0.54
4222,-0.13120220977005143,0.3869965616963973,0.54
4223,-0.13169777071446065,0.38707156238049045,0.54
4224,-0.1322050562302025,0.3871424096090515,0.54
4225,-0.1326476986788564,0.3872784943807292,0.54
4226,-0.1330591599879441,0.3874523641179972,0.54
4227,-0.133546224136326,0.3875605034548276,0.54
4228,-0.13408919817736037,0.38761784427113627,0.54
4229,-0.13456630683036924,0.3877344807534546,0.54
4230,-0.13500673139296746,0.38788812184243204,0.54
4231,-0.13553992352773614,0.3879626810304061,0.54
4232,-0.13602689308968416,0.3880835578832105,0.54
4233,-0.13649289846824744,0.3882284064173074,0.54
4234,-0.13706575786233766,0.38827587221872095,0.54
4235,-0.13758976543181423,0.38837160071706894,0.54
4236,-0.13808528878661339,0.38849579829425923,0.54
4237,-0.13868653744914827,0.38851724836172236,0.54
4238,-0.13921954018496435,0.38859591028708623,0.54
4239,-0.13970907161363832,0.3887094480865824,0.54
4240,-0.14017643241902977,0.3888331642529197,0.54
4241,-0.1407653576924144,0.3888292033313347,0.54
4242,-0.14128557876144487,0.3888739040380146,0.54
4243,-0.14175889254526983,0.38895024815252105,0.54
4244,-0.1422101339850669,0.3890416004532265,0.54
4245,-0.1426581084048342,0.38913534381214715,0.54
4246,-0.14325310195952345,0.3890870268929747,0.54
4247,-0.1437759993745362,0.38910102161461474,0.54
4248,-0.14424859147955227,0.3891606004416935,0.54
4249,-0.14470058803773322,0.38924366806164223,0.54
4250,-0.1451518972790305,0.3893339761829694,0.54
4251,-0.14561061047912927,0.38942257228665106,0.54
4252,-0.14622984830811175,0.38935564412130674,0.54
4253,-0.1467676235009572,0.3893545101422809,0.54
4254,-0.14724448403531742,0.3894012341155854,0.54
4255,-0.14769375805813906,0.38947052212863337,0.54
4256,-0.14813735210495507,0.3895456229469369,0.54
4257,-0.14858525957023333,0.389617790171859,0.54
4258,-0.14903990124856117,0.3896831474104781,0.54
4259,-0.14966041694385696,0.3895824576242831,0.54
4260,-0.15018861435436248,0.3895580055820378,0.54
4261,-0.15064767158880155,0.3895874652098014,0.54
4262,-0.151078687755443,0.3896415494488543,0.54
4263,-0.15150628931980523,0.38970336312557724,0.54
4264,-0.15194206228639956,0.3897640586740017,0.54
4265,-0.15238912403471508,0.3898196157244351,0.54
4266,-0.15284618817691115,0.3898687190179654,0.54
4267,-0.15331046066004317,0.3899114629650284,0.54
4268,-0.15388451891025923,0.3897585485514977,0.54
4269,-0.15423857576487876,0.38961341692492923,0.54
4270,-0.15452131363216592,0.3894938715138808,0.54
4271,-0.15479238921390534,0.38938235313509006,0.54
4272,-0.15506973425848286,0.3892648868288767,0.54
4273,-0.15543279835607482,0.38922720413074635,0.54
4274,-0.15572295040083917,0.3891056407217647,0.54
4275,-0.15600593464646656,0.388951624356454,0.54
4276,-0.1563022217880863,0.38878157253100687,0.54
4277,-0.15661479800187944,0.38860133981567724,0.54
4278,-0.15694017442475675,0.3884127229503036,0.54
4279,-0.15727164454427223,0.3882189663825757,0.54
4280,-0.1575930691892441,0.38802182352974296,0.54
4281,-0.15790842148479525,0.3878219000391332,0.54
4282,-0.15822236062371134,0.38761883462792157,0.54
4283,-0.15853845144121628,0.38741220316095626,0.54
4284,-0.15885909922519675,0.3872016331550492,0.54
4285,-0.15918548883009137,0.3869869045516309,0.54
4286,-0.15951774044967995,0.3867679491346624,0.54
4287,-0.15985524552091343,0.3865447795940965,0.54
4288,-0.16019705299895204,0.3863174131873399,0.54
4289,-0.16054218699842385,0.3860858315193096,0.54
4290,-0.16090391975392754,0.3858482298247381,0.54
4291,-0.16125914963772708,0.38560729948253736,0.54
4292,-0.1616258440072637,0.38536118974763545,0.54
4293,-0.16199712732829846,0.3851114659964733,0.54
4294,-0.16237001867806858,0.38485840960881645,0.54
4295,-0.16274295611471973,0.38460212765266477,0.54
4296,-0.16311517805108877,0.38434275874404605,0.54
4297,-0.16348632981882444,0.38408092567541297,0.54
4298,-0.16385674873165226,0.383816611462693,0.54
4299,-0.16422665547603113,0.3835498944736859,0.54
4300,-0.16459601779648225,0.3832810272713693,0.54
4301,-0.16496525685268593,0.3830096633133392,0.54
4302,-0.16533455359546045,0.38273573262745336,0.54
4303,-0.16572377128705484,0.38257307588418016,0.54
4304,-0.16607535261690023,0.38257359962834525,0.54
4305,-0.1664074826271696,0.3826746454494037,0.54
4306,-0.1667224956080927,0.3826241885835467,0.54
4307,-0.16701792351304293,0.3824569620464859,0.54
4308,-0.1672690700335573,0.38247018256103854,0.54
4309,-0.16762071958945643,0.38244034136649757,0.54
4310,-0.16780085692943233,0.38243786577641187,0.54
4311,-0.1681302678939824,0.38232247385751217,0.54
4312,-0.16840437578684497,0.3823599769992604,0.54
4313,-0.16869769887706312,0.3821942186693939,0.54
4314,-0.16901508546896504,0.3821755826522886,0.54
4315,-0.16944461152379237,0.3820643094535719,0.54
4316,-0.16964571233481532,0.38207026973220887,0.54
4317,-0.1697407119806626,0.3820718168898569,0.54
4318,-0.17008610671498486,0.38195765625457323,0.54
4319,-0.17056400001374672,0.3818063492986499,0.54
4320,-0.1707958070525091,0.3818162804399154,0.54
4321,-0.17090326487669488,0.3818952640165555,0.54
4322,-0.17127948767563933,0.3817641629356296,0.54
4323,-0.17179525561295744,0.3815771783903092,0.54
4324,-0.17203770816542466,0.38156593415954754,0.54
4325,-0.1721445265055422,0.38163232690457616,0.54
4326,-0.17254461533522417,0.3814722515303212,0.54
4327,-0.17288851825524307,0.381491424915341,0.54
4328,-0.1732357361458803,0.3812245926129418,0.54
4329,-0.1735570788908226,0.3811859892289221,0.54
4330,-0.17398679882360718,0.38122658726863123,0.54
4331,-0.1744113231280191,0.38094339241010006,0.54
4332,-0.17459205428047195,0.3808286480325227,0.54
4333,-0.17506422953527953,0.38061088747398125,0.54
4334,-0.1754887238049893,0.38061572372559643,0.54
4335,-0.17565826654129235,0.3806035336326238,0.54
4336,-0.17613907406250906,0.38035358786537277,0.54
4337,-0.17651175552377849,0.3803581203703097,0.54
4338,-0.17663363292490036,0.3803797687482468,0.54
4339,-0.1771050709890154,0.38013227166015384,0.54
4340,-0.177475422839927,0.38014182146862724,0.54
4341,-0.17760366407045347,0.3801339438775725,0.54
4342,-0.178097243758523,0.37990652283582277,0.54
4343,-0.1784812709857084,0.3799472563905282,0.54
4344,-0.1786039505963235,0.37994605705454915,0.54
4345,-0.17910848694123913,0.3796077589997503,0.54
4346,-0.1794928826909864,0.3795790381367471,0.54
4347,-0.17960106732449196,0.3797053690353117,0.54
4348,-0.18008777667015202,0.3794572027812179,0.54
4349,-0.18046599150875103,0.37947834286348364,0.54
4350,-0.18057654767687542,0.379449910674664,0.54
4351,-0.1810949602930089,0.3791171327900212,0.54
4352,-0.1814938659745651,0.37909877598712716,0.54
4353,-0.18159235558788572,0.3792350211532563,0.54
4354,-0.182106350644226,0.3789547180956882,0.54
4355,-0.18250002662884784,0.3789686394168814,0.54
4356,-0.18287470223875338,0.37856199829752063,0.54
4357,-0.18319536271413336,0.3785105476830539,0.54
4358,-0.1836134454556859,0.3786301546006882,0.54
4359,-0.18410439828986783,0.3782305116624225,0.54
4360,-0.18447160291476916,0.37819614935289547,0.54
4361,-0.18450791985166543,0.37834469453609054,0.54
4362,-0.18502832766403304,0.3780352249008614,0.54
4363,-0.1857971850029116,0.37763258650988535,0.54
4364,-0.18600687144407912,0.37758787718817116,0.54
4365,-0.18620919392339336,0.3777792929284174,0.54
4366,-0.18612908703806552,0.37792152998096407,0.54
4367,-0.18662069578116158,0.37761652237209564,0.54
4368,-0.18720264635141443,0.37753462073684496,0.54
4369,-0.1873085475905563,0.37754003766876154,0.54
4370,-0.18789508100304358,0.37727887640841823,0.54
4371,-0.18799710939547196,0.37731404961874365,0.54
4372,-0.18837526989928893,0.3774237236274955,0.54
4373,-0.18893189464175933,0.3769193064542394,0.54
4374,-0.18933400739208742,0.37685595208770556,0.54
4375,-0.18933303810886587,0.37701825260015465,0.54
4376,-0.1898995098107757,0.37669256648809735,0.54
4377,-0.19046130614835569,0.3766673442340487,0.54
4378,-0.19053315644674523,0.3766426569807661,0.54
4379,-0.1911366761329446,0.3763404452553863,0.54
4380,-0.19120656557110016,0.3763766430137842,0.54
4381,-0.1915801246240246,0.3765029832273137,0.54
4382,-0.19215228421415223,0.3759579418970467,0.54
4383,-0.1925565178226832,0.3758964787538828,0.54
4384,-0.19287730151437826,0.3761495134735629,0.54
4385,-0.1933569748972826,0.375652726502505,0.54
4386,-0.19370788662414057,0.3756262560486837,0.54
4387,-0.19422950542871298,0.375769814443864,0.54
4388,-0.19472391088048271,0.3752496538147356,0.54
4389,-0.19466941757570758,0.3750994213236033,0.54
4390,-0.19524627182953477,0.37471900217322196,0.54
4391,-0.19580805018107347,0.37473469014540894,0.54
4392,-0.19618215129917368,0.3750862047517395,0.54
4393,-0.1964996757902274,0.37470905871048416,0.54
4394,-0.19634198364617658,0.37469941399449347,0.54
4395,-0.1968921701405241,0.374386363314878,0.54
4396,-0.1975488048462656,0.37437471006056117,0.54
4397,-0.1979730476650772,0.3747227612771456,0.54
4398,-0.19840405586768442,0.37425585609172335,0.54
4399,-0.19830714487823425,0.37392355359857093,0.54
4400,-0.1986004612796182,0.37389096888395146,0.54
4401,-0.199406236450893,0.3736119737420502,0.54
4402,-0.19989962378238604,0.3738148866191523,0.54
4403,-0.20028043257093478,0.37331139983009765,0.54
4404,-0.20053772870892056,0.37335342683982137,0.54
4405,-0.2007398807376895,0.373754833620856,0.54
4406,-0.20125824836131162,0.373218506938634,0.54
4407,-0.20186277701107488,0.373086275406529,0.54
4408,-0.20180275451114324,0.3730247372866988,0.54
4409,-0.20242816870921826,0.37265750809501685,0.54
4410,-0.20281212205551136,0.372827223883747,0.54
4411,-0.2026155931923895,0.3729359119826915,0.54
4412,-0.20320796602972832,0.3725064946370565,0.54
4413,-0.20388528136456152,0.3724510915478349,0.54
4414,-0.20381314370514186,0.37274597055005504,0.54
4415,-0.20444872950277268,0.3722966604519185,0.54
4416,-0.20483120445333586,0.3723973436816341,0.54
4417,-0.2045916684727356,0.37254248446010585,0.54
4418,-0.20518704702618717,0.3720971524454618,0.54
4419,-0.20579564923171437,0.37209479391571965,0.54
4420,-0.20567616023163715,0.3724165630384234,0.54
4421,-0.20631851564200213,0.3719391565703582,0.54
4422,-0.20671956963567933,0.3720215176496667,0.54
4423,-0.20650564953093775,0.37205590668343225,0.54
4424,-0.2071902178364073,0.3715597080711502,0.54
4425,-0.20785003723289908,0.37154040163075774,0.54
4426,-0.20773497019706721,0.37186729126494183,0.54
4427,-0.20839687094456513,0.37136194024848834,0.54
4428,-0.20880942118538012,0.37143856600528,0.54
4429,-0.2085768291696562,0.3714744780910143,0.54
4430,-0.20927923049498237,0.371025457013023,0.54
4431,-0.20995373661892477,0.37104759364312206,0.54
4432,-0.20983003365787625,0.3710857325869238,0.54
4433,-0.21050827841043018,0.37067168385446436,0.54
4434,-0.21094006302104873,0.3708415815483686,0.54
4435,-0.21067881157549684,0.3709538025826392,0.54
4436,-0.2113624569429456,0.37022979184002575,0.54
4437,-0.2119184258434432,0.37014990223878896,0.54
4438,-0.21228555141663294,0.37054732012686126,0.54
4439,-0.21261473008959336,0.36995804246452196,0.54
4440,-0.2128426381466587,0.3700066284822019,0.54
4441,-0.2137325958117247,0.36966726124440663,0.54
4442,-0.21362212171766842,0.36977370404349497,0.54
4443,-0.21395318788627724,0.37002775532524995,0.54
4444,-0.21463223283823113,0.36918510813294936,0.54
4445,-0.2150150892662967,0.36911558923703003,0.54
4446,-0.21527145852095642,0.3695490049594469,0.54
4447,-0.21578383649545477,0.36881417195289123,0.54
4448,-0.21620403884073985,0.36876292791982745,0.54
4449,-0.21658308745103846,0.36917971915398007,0.54
4450,-0.21715394793080794,0.3684299668732823,0.54
4451,-0.21745053509028273,0.3684376722596287,0.54
4452,-0.21810907653458678,0.36743021171763174,0.54
4453,-0.21856201712604273,0.3672669948453444,0.54
4454,-0.2187928524015416,0.3677117134369081,0.54
4455,-0.21925351701819745,0.36830335459167346,0.54
4456,-0.2197358183774214,0.36767850898212484,0.54
4457,-0.22017803311311432,0.3663080230719326,0.54
4458,-0.22049561736902698,0.3659700161546974,0.54
4459,-0.22076818757286915,0.36630851104294654,0.54
4460,-0.22111975434128245,0.3669733496429504,0.54
4461,-0.22179948180263986,0.3663159657532656,0.54
4462,-0.2220589198033317,0.36643989774734964,0.54
4463,-0.22212465681142762,0.36708496070151075,0.54
4464,-0.2226870113636841,0.36636193783437737,0.54
4465,-0.22329890984013473,0.36624738006023133,0.54
4466,-0.22300304448456476,0.3661497838321398,0.54
4467,-0.22378766943572292,0.3656198375223187,0.54
4468,-0.22426594976672456,0.36583339324380704,0.54
4469,-0.2237996811022111,0.36618037469546705,0.54
4470,-0.2245544355565504,0.36548540152657527,0.54
4471,-0.22516932559160605,0.36548935367508506,0.54
4472,-0.2247933521796088,0.3658982813347775,0.54
4473,-0.22538652627595487,0.3656234116232034,0.54
4474,-0.22609024008957615,0.3657699294223194,0.54
4475,-0.22578401282820346,0.3658437276700498,0.54
4476,-0.22626773724443,0.3645780871123268,0.54
4477,-0.2268189535879345,0.36419794896623425,0.54
4478,-0.22721640406545576,0.3645271547780096,0.54
4479,-0.22736227810447365,0.36531288328316874,0.54
4480,-0.22769779547532146,0.36478643957156687,0.54
4481,-0.22823182814599702,0.36477495061823695,0.54
4482,-0.22857572142607827,0.3638955710621791,0.54
4483,-0.22897052994812403,0.3638061508046749,0.54
4484,-0.2293997145146062,0.36426048194933897,0.54
4485,-0.22966999755906894,0.36364604173850545,0.54
4486,-0.230145380480809,0.3636360373903813,0.54
4487,-0.23029445387193906,0.36427029491354385,0.54
4488,-0.23087389620231205,0.363404387343947,0.54
4489,-0.23150759916367986,0.36325245716318205,0.54
4490,-0.23111517144894403,0.36321780966459793,0.54
4491,-0.23191314248241837,0.3628555224351596,0.54
4492,-0.2326405319825107,0.36308098582593895,0.54
4493,-0.2322895664750089,0.3631760887837693,0.54
4494,-0.23274960417486154,0.3618748838782238,0.54
4495,-0.2333780206771573,0.36148363785771787,0.54
4496,-0.2337630660982099,0.3618778944771228,0.54
4497,-0.23383117970854972,0.3627671702749179,0.54
4498,-0.23408662090278728,0.36231084682442954,0.54
4499,-0.23513142323962452,0.36157235067263266,0.54
4500,-0.23553974458231638,0.3617679415673499,0.54
4501,-0.2349358490028526,0.3621643801126252,0.54
4502,-0.23624026689659527,0.3611668764564874,0.54
4503,-0.23671426547588886,0.36123150876635457,0.54
4504,-0.23613614323187412,0.36169094392040585,0.54
4505,-0.23652495465702839,0.3617166665513606,0.54
4506,-0.23678452866001495,0.36079419399841206,0.54
4507,-0.23714201293073411,0.3607041222153403,0.54
4508,-0.2375602253941959,0.3611962049850578,0.54
4509,-0.23708891952486813,0.3613854446094253,0.54
4510,-0.23846444898815142,0.3604720412349176,0.54
4511,-0.23900366741581308,0.3605987927940554,0.54
4512,-0.2384763899163849,0.36110089692576985,0.54
4513,-0.2389613250018324,0.3607011446440683,0.54
4514,-0.2397858907747424,0.3607781538759975,0.54
4515,-0.2395136099672994,0.36075677813100177,0.54
4516,-0.24045084136512215,0.3599497335199997,0.54
4517,-0.24083550198310755,0.3600939993387538,0.54
4518,-0.2402704097736572,0.36059125023920136,0.54
4519,-0.2415776460895755,0.3598626877639834,0.54
4520,-0.24137335804355525,0.35986488087258406,0.54
4521,-0.24133974550213547,0.360399889419878,0.54
4522,-0.2423279002411917,0.35983520173776146,0.54
4523,-0.24203816246920637,0.3598726625184256,0.54
4524,-0.24243729794170324,0.36015853015757604,0.54
4525,-0.24378372800355677,0.3593818268705126,0.54
4526,-0.24364925107560942,0.35932015172445164,0.54
4527,-0.24349717755155414,0.35984298297935013,0.54
4528,-0.2435645278664093,0.3607098185361732,0.54
4529,-0.24452593946430812,0.3597413498814224,0.54
4530,-0.24431446702788723,0.359006225314119,0.54
4531,-0.24478669002029918,0.3588236266281164,0.54
4532,-0.24565829280388427,0.3590553053026993,0.54
4533,-0.2453385871387,0.35954406014952783,0.54
4534,-0.24677620566009872,0.3585115753645878,0.54
4535,-0.24664123262005586,0.3583290581324212,0.54
4536,-0.2464751376537077,0.3588052339394513,0.54
4537,-0.2478977974915373,0.35836201480040475,0.54
4538,-0.2477634628974417,0.358496292858127,0.54
4539,-0.24687469955613794,0.3589409670738949,0.54
4540,-0.24792110120299193,0.3582356792222343,0.54
4541,-0.24895741829177637,0.3581321425766058,0.54
4542,-0.24871227217680836,0.35848929320642126,0.54
4543,-0.24929515966804078,0.35718535606562496,0.54
4544,-0.24975547290033995,0.3568665381141142,0.54
4545,-0.2502214552820753,0.3572240004365728,0.54
4546,-0.25046533736639276,0.35805881349908775,0.54
4547,-0.25082206481188785,0.35734300410688413,0.54
4548,-0.2514083871372495,0.35729346915344956,0.54
4549,-0.2510166324984612,0.35725334545397497,0.54
4550,-0.2523398780426728,0.35637255239565585,0.54
4551,-0.25297157862347774,0.3565136998612316,0.54
4552,-0.25249684463643246,0.35699571445491146,0.54
4553,-0.2538075619560927,0.355941733659019,0.54
4554,-0.2535970096951845,0.3557866997374185,0.54
4555,-0.25360703087689274,0.3562022153478079,0.54
4556,-0.254225885121921,0.3567499576378478,0.54
4557,-0.25492976949158863,0.35581574799078297,0.54
4558,-0.2545011438578646,0.3556401425314126,0.54
4559,-0.2548508853078545,0.3557699964094038,0.54
4560,-0.25656358826868364,0.35508269651154284,0.54
4561,-0.2565889411884613,0.35521051714115737,0.54
4562,-0.25577164199927327,0.35569223862150096,0.54
4563,-0.25680013818135355,0.355100536847156,0.54
4564,-0.25730290403518297,0.35539361229860694,0.54
4565,-0.2567939075133621,0.35561645197895314,0.54
4566,-0.25806820323167046,0.35457410351337676,0.54
4567,-0.2586995774217653,0.3545732032394826,0.54
4568,-0.2582619001431154,0.3550900461673041,0.54
4569,-0.257239530161415,0.3553240003423273,0.54
4570,-0.2581319570274933,0.3545427974895565,0.54
4571,-0.2592688809811188,0.3543231160362138,0.54
4572,-0.25991571427674665,0.35484884548049256,0.54
4573,-0.2604124637438232,0.35399521587180194,0.54
4574,-0.2598879957063066,0.3538902785933233,0.54
4575,-0.2602207901075945,0.3540075564871867,0.54
4576,-0.2619137936880046,0.35326096811927427,0.54
4577,-0.2619037123993624,0.3533255708964174,0.54
4578,-0.2610612404519723,0.3538143461622039,0.54
4579,-0.2620573185022373,0.3531692578494764,0.54
4580,-0.2628120893559535,0.3533107448920425,0.54
4581,-0.2624117825600254,0.35352430271433205,0.54
4582,-0.26372194807882937,0.3524142861363114,0.54
4583,-0.26354295333588723,0.3523032295773921,0.54
4584,-0.2634269989089703,0.35277564821523777,0.54
4585,-0.2640309012499217,0.35325531330367543,0.54
4586,-0.2644296038067716,0.35245913426518466,0.54
4587,-0.26464818990540495,0.35253307693056857,0.54
4588,-0.26399720801278503,0.3526660235875872,0.54
4589,-0.26510878781953695,0.351763254274967,0.54
4590,-0.2664232555814606,0.3514085414477133,0.54
4591,-0.266344583267385,0.35182293857654673,0.54
4592,-0.26543583211279403,0.35221491645105474,0.54
4593,-0.26641754770045917,0.35129334947193747,0.54
4594,-0.26765540833921153,0.350904641659112,0.54
4595,-0.26753920178852075,0.35132393626762276,0.54
4596,-0.26666581657520033,0.35205668171640797,0.54
4597,-0.2676315345738061,0.3511241051716401,0.54
4598,-0.26885825638851957,0.3506937059926324,0.54
4599,-0.26869220455528026,0.351011092472253,0.54
4600,-0.26772768994539875,0.3514902301037838,0.54
4601,-0.2686377081599031,0.3505874467128837,0.54
4602,-0.26984284515053925,0.3501765858154629,0.54
4603,-0.2697243366095099,0.3505988764834522,0.54
4604,-0.27113142637040777,0.3496707652245747,0.54
4605,-0.27102269725749023,0.34974091914838124,0.54
4606,-0.27015285487395674,0.35028429010697115,0.54
4607,-0.2710806786554491,0.3495445273384127,0.54
4608,-0.2718670304707806,0.34955995436618936,0.54
4609,-0.27144578250423396,0.3500616663724672,0.54
4610,-0.2726308869028752,0.3489337642838585,0.54
4611,-0.27240222369334904,0.34887936435516,0.54
4612,-0.27253725695389114,0.34921158572144484,0.54
4613,-0.2733481191353855,0.3495035901373326,0.54
4614,-0.27368997710170917,0.34871128738767143,0.54
4615,-0.27308262213734735,0.34878172182916506,0.54
4616,-0.27417399490612243,0.3477296544050707,0.54
4617,-0.2748404102315647,0.34769521708242607,0.54
4618,-0.2744429718284432,0.3483284223428394,0.54
4619,-0.27564082086881364,0.347599846835479,0.54
4620,-0.2754404100795192,0.34783639582548626,0.54
4621,-0.2753757780537603,0.3484737652692488,0.54
4622,-0.2766928673185387,0.3474449966602131,0.54
4623,-0.27643707452641847,0.34721982138818164,0.54
4624,-0.2763425830946704,0.34755305840044043,0.54
4625,-0.2777028380023433,0.34673654412056887,0.54
4626,-0.2775044421262216,0.34678762946162334,0.54
4627,-0.27658513381789873,0.34735481483210984,0.54
4628,-0.27743825453354065,0.3465609507369742,0.54
4629,-0.2786669883714673,0.34611819017632944,0.54
4630,-0.2785751017705749,0.346594899163568,0.54
4631,-0.2776334617464709,0.34704850842678064,0.54
4632,-0.27847041981795506,0.3461203050336984,0.54
4633,-0.279702058828717,0.3455773668949848,0.54
4634,-0.2796210104668835,0.34601042338393984,0.54
4635,-0.2787371775692117,0.34677710596085576,0.54
4636,-0.2795907079440872,0.34580663111241217,0.54
4637,-0.2810596605676865,0.34437952341767347,0.54
4638,-0.2810540492925615,0.34427497371536375,0.54
4639,-0.28117717875164094,0.3446411220525851,0.54
4640,-0.2814018598811553,0.3453533948865343,0.54
4641,-0.2815227254655477,0.3446587850065258,0.54
4642,-0.2821266712350542,0.34440188070086064,0.54
4643,-0.28172603956163084,0.3449837164435094,0.54
4644,-0.2828390224983202,0.343839186035838,0.54
4645,-0.2835520000369708,0.34369910888352856,0.54
4646,-0.2830603789483601,0.34408250041660643,0.54
4647,-0.28415872600703435,0.3430844920699163,0.54
4648,-0.28392577180898937,0.34321702675587296,0.54
4649,-0.2840834618031995,0.3436198163911795,0.54
4650,-0.28491845032363244,0.342801626298097,0.54
4651,-0.28457709089335703,0.34299189720377515,0.54
4652,-0.28511053925370966,0.3430268223587831,0.54
4653,-0.2858910857107756,0.34162802959589306,0.54
4654,-0.28642576833409206,0.3412834998323074,0.54
4655,-0.2859886889767841,0.34177040184393853,0.54
4656,-0.2861865839540994,0.34223183860963413,0.54
4657,-0.2876159332209094,0.3411285701759816,0.54
4658,-0.28746516221862556,0.34116048840674723,0.54
4659,-0.2865709707914384,0.3417826724318499,0.54
4660,-0.28738414035964804,0.34094852436454987,0.54
4661,-0.28836821565463344,0.3405736717397669,0.54
4662,-0.28816382560583637,0.34111835441436705,0.54
4663,-0.2888711964688963,0.3404711606534778,0.54
4664,-0.28846891025546495,0.34077094568349464,0.54
4665,-0.2889649625195831,0.3408427494037764,0.54
4666,-0.28967306310398305,0.33947784656035107,0.54
4667,-0.2901752022135657,0.3391490655401362,0.54
4668,-0.28972377392783943,0.3396671653032802,0.54
4669,-0.29018565667841995,0.3398860069342522,0.54
4670,-0.29125217983891755,0.3388621562721364,0.54
4671,-0.29101683829081704,0.3389663064991939,0.54
4672,-0.29098314866314173,0.33947111217019155,0.54
4673,-0.29219584685298666,0.33828773949808055,0.54
4674,-0.2920073277564574,0.3383222086109013,0.54
4675,-0.29200350260763525,0.33878365098747193,0.54
4676,-0.29259053173566457,0.3380905861561663,0.54
4677,-0.2921340247137036,0.3383502093212657,0.54
4678,-0.29317821187800286,0.33727688657386434,0.54
4679,-0.29386632317634465,0.3371716473757057,0.54
4680,-0.2934366715342898,0.33778309755677105,0.54
4681,-0.2939939266948735,0.33691397288147296,0.54
4682,-0.2944193418475022,0.3368517391173535,0.54
4683,-0.29392269628081064,0.3375299359945538,0.54
4684,-0.29487752549359825,0.33640292201207034,0.54
4685,-0.29550128695472133,0.33623767276133865,0.54
4686,-0.294987107741278,0.3367408379252313,0.54
4687,-0.29596814775038177,0.3355626065909897,0.54
4688,-0.2956612134302959,0.33558917666359184,0.54
4689,-0.29577052050474817,0.33588580263215184,0.54
4690,-0.2967190590862742,0.33522610512862117,0.54
4691,-0.2964629412951202,0.3355710473059148,0.54
4692,-0.2975991388543734,0.3345224319162747,0.54
4693,-0.29739418963992875,0.3346626453449567,0.54
4694,-0.29650559316412395,0.33536812643776126,0.54
4695,-0.2972483403906757,0.3345266143028351,0.54
4696,-0.29820978397224723,0.33406690128326416,0.54
4697,-0.29801331828513644,0.3345850938987854,0.54
4698,-0.29864387922605296,0.33356400773933065,0.54
4699,-0.2981825663934988,0.3336348671189003,0.54
4700,-0.29864333846023705,0.3335009783100115,0.54
4701,-0.29948822222628807,0.3335564465035797,0.54
4702,-0.29962149391695764,0.3328142805483376,0.54
4703,-0.29891746467352104,0.3330290522225493,0.54
4704,-0.29922247614291403,0.3330091232659627,0.54
4705,-0.30067107211847166,0.33186334226071545,0.54
4706,-0.3006591620851277,0.33200927480067216,0.54
4707,-0.2998797366358487,0.3327461273302929,0.54
4708,-0.30067438046520034,0.3318804574222704,0.54
4709,-0.30163240386141393,0.33140217615301953,0.54
4710,-0.30127392286803006,0.3317229741181062,0.54
4711,-0.30182033333014935,0.3309354612948076,0.54
4712,-0.3013622892383281,0.33119671960382785,0.54
4713,-0.30182576652654813,0.3311593162410484,0.54
4714,-0.3033456811295587,0.32997172235299055,0.54
4715,-0.3032319475073061,0.32998776344153147,0.54
4716,-0.30240659020108573,0.3306314902400472,0.54
4717,-0.3024337994723387,0.3309338651432225,0.54
4718,-0.30359373333341183,0.3296778865303326,0.54
4719,-0.30343168466238546,0.32973918239464783,0.54
4720,-0.30347717217728787,0.33016474331027884,0.54
4721,-0.3040878120992975,0.32924620615450295,0.54
4722,-0.30366592032373607,0.3294071062252184,0.54
4723,-0.30415479403989004,0.32927661403288366,0.54
4724,-0.30509211786037005,0.3284183623782711,0.54
4725,-0.3047990869392159,0.3286310607206713,0.54
4726,-0.30477963106536304,0.32910727794726663,0.54
4727,-0.305853523080139,0.32784276240618726,0.54
4728,-0.3055624447326026,0.3278299614368165,0.54
4729,-0.305532918609072,0.3281894049161293,0.54
4730,-0.3061567577205215,0.3273797389845416,0.54
4731,-0.306648972655765,0.3273307265644085,0.54
4732,-0.30604539451243185,0.32774372319195577,0.54
4733,-0.3068868827338122,0.3265200534063931,0.54
4734,-0.3074672148792264,0.32626654768080326,0.54
4735,-0.3070212628216833,0.3268473846311066,0.54
4736,-0.3074031025986499,0.326025393789052,0.54
4737,-0.30778254021545903,0.3259269343300953,0.54
4738,-0.3081555909596855,0.32634170873056134,0.54
4739,-0.30834256804400895,0.3253939619586259,0.54
4740,-0.3085866329350248,0.32523505088236254,0.54
4741,-0.30888151734062275,0.32385720356595266,0.54
4742,-0.3091710188084383,0.32346338816040787,0.54
4743,-0.30950636387586217,0.323720060707556,0.54
4744,-0.3099753953584241,0.32423309244240156,0.54
4745,-0.3103654020920102,0.3232270961872956,0.54
4746,-0.3097941893131565,0.32333980441394833,0.54
4747,-0.31067258319513996,0.32210308825433687,0.54
4748,-0.31139185264635383,0.32176324895075714,0.54
4749,-0.3110736113381412,0.32235559840529787,0.54
4750,-0.3116699395856893,0.3216899953447596,0.54
4751,-0.3121233035623217,0.32175259489008007,0.54
4752,-0.3114772476593541,0.32223424524617844,0.54
4753,-0.3121998845161119,0.3209093933635701,0.54
4754,-0.3126867392844603,0.3205998425541176,0.54
4755,-0.31224435517350535,0.32119017175235665,0.54
4756,-0.31277197598410494,0.3205135202251249,0.54
4757,-0.31333088695313427,0.3204214638259851,0.54
4758,-0.3127536488251701,0.3208177791081224,0.54
4759,-0.31357406401970345,0.3196001347086774,0.54
4760,-0.3141184571922217,0.3193568139758789,0.54
4761,-0.3136406596896083,0.31993613594306897,0.54
4762,-0.314009902351564,0.31909388790324755,0.54
4763,-0.31455156700939324,0.3188193001669819,0.54
4764,-0.3141554702868993,0.31942269590726635,0.54
4765,-0.31500379922276456,0.3181935133316087,0.54
4766,-0.3146572185752941,0.3182207771845567,0.54
4767,-0.31490661009698345,0.3181692971075792,0.54
4768,-0.3155547889441619,0.31814287295515714,0.54
4769,-0.31568039011612303,0.3171893518345371,0.54
4770,-0.315873280933191,0.3170054533961773,0.54
4771,-0.3161268225662716,0.3173639661531876,0.54
4772,-0.31638605555878324,0.3162667803211298,0.54
4773,-0.3166340989124715,0.31603650288968943,0.54
4774,-0.3169145841587349,0.31639259983460544,0.54
4775,-0.31720632596377657,0.31527344215723835,0.54
4776,-0.3176222472509652,0.3148935089719842,0.54
4777,-0.31798642632085716,0.31518157097055705,0.54
4778,-0.318201621043205,0.31411260503198635,0.54
4779,-0.3184121647333116,0.3139154256204455,0.54
4780,-0.318651493436058,0.3143126924218574,0.54
4781,-0.3189421450146772,0.3132005219426567,0.54
4782,-0.31947845442736283,0.3126915184396119,0.54
4783,-0.3189365037516095,0.3130413587394068,0.54
4784,-0.3197857669079789,0.3119558410648704,0.54
4785,-0.32031558722998543,0.311833678182709,0.54
4786,-0.31972200990675154,0.312303807060666,0.54
4787,-0.3205150505048293,0.31116957819244045,0.54
4788,-0.3210106227441661,0.31098631692750417,0.54
4789,-0.3204372864719126,0.3115098908017792,0.54
4790,-0.32079441294738675,0.3107085735950486,0.54
4791,-0.32109030288998636,0.31066690845814404,0.54
4792,-0.32054108076049037,0.3113754105855017,0.54
4793,-0.32127216345466647,0.31022667007407456,0.54
4794,-0.32196669386530513,0.30974063452923356,0.54
4795,-0.3215136417622897,0.3100999267648741,0.54
4796,-0.3223757268723789,0.3089963029387048,0.54
4797,-0.32204789095449055,0.3090915651820281,0.54
4798,-0.3220705185843249,0.30939591988146076,0.54
4799,-0.32266080525152857,0.3084545453648438,0.54
4800,-0.3222149210489554,0.3085959733960558,0.54
4801,-0.32260390366894665,0.3084671377414255,0.54
4802,-0.3232916229932563,0.30841118064249584,0.54
4803,-0.32330291297268793,0.307569164496866,0.54
4804,-0.32254982240176505,0.30771800905680535,0.54
4805,-0.3227549931881025,0.30760563795001344,0.54
4806,-0.3240007341644458,0.3063571931712778,0.54
4807,-0.3239037319654183,0.30642561479539815,0.54
4808,-0.3239270543511109,0.30684449452868795,0.54
4809,-0.3244847580762357,0.3058454455470888,0.54
4810,-0.32401985949091167,0.3059372835605378,0.54
4811,-0.3244028802238443,0.30575928765055266,0.54
4812,-0.32502078882372654,0.3057048202301637,0.54
4813,-0.32499922321419017,0.30486380964924187,0.54
4814,-0.3250821259653107,0.30474054720780663,0.54
4815,-0.3252412281986464,0.30512761060220767,0.54
4816,-0.3254527050179262,0.3039995344394833,0.54
4817,-0.3257961505437475,0.30359721057555594,0.54
4818,-0.32529589209301835,0.3041058984438232,0.54
4819,-0.32607902326573757,0.3028927659014506,0.54
4820,-0.3267997975960673,0.30234421837093994,0.54
4821,-0.32642739552885736,0.30274142646559177,0.54
4822,-0.3268630031306179,0.3018413448777221,0.54
4823,-0.3271901164022088,0.3017200574509062,0.54
4824,-0.32667650165644085,0.3023699669341708,0.54
4825,-0.32738059377861095,0.30117500551115406,0.54
4826,-0.3278163714082816,0.30091123245981094,0.54
4827,-0.32723954997821747,0.3013722399578244,0.54
4828,-0.32762775968281377,0.3004370567770354,0.54
4829,-0.3283378165624532,0.29988078151376,0.54
4830,-0.32803684575469494,0.3003096085580961,0.54
4831,-0.32844824155644875,0.2994713602065453,0.54
4832,-0.328755426174263,0.29937235597167955,0.54
4833,-0.3281203633424915,0.29990372801553994,0.54
4834,-0.32880481215829443,0.2987697865740789,0.54
4835,-0.3292323861407595,0.298543866226715,0.54
4836,-0.3286594058079236,0.2990236050765868,0.54
4837,-0.3290360961255003,0.29808158285805986,0.54
4838,-0.3295527975662085,0.2977127168562132,0.54
4839,-0.3291597780358981,0.29822850211581875,0.54
4840,-0.3296151437005236,0.2972403621092033,0.54
4841,-0.3299493581114706,0.29703981625247144,0.54
4842,-0.32945639231221224,0.2976284367344183,0.54
4843,-0.33013618011269574,0.29637494260277997,0.54
4844,-0.330564419001769,0.29604199266876846,0.54
4845,-0.33012110974091136,0.2965636401906475,0.54
4846,-0.33051271881547173,0.29548391926486145,0.54
4847,-0.33121550111872133,0.29479471653747147,0.54
4848,-0.3309239112811805,0.29513481438438605,0.54
4849,-0.3311272749377332,0.29523752551616306,0.54
4850,-0.3313472605693416,0.2939433325309351,0.54
4851,-0.33154370939142563,0.2935424595644949,0.54
4852,-0.3317594190484495,0.2937481235561394,0.54
4853,-0.33199985750200833,0.29250838733277656,0.54
4854,-0.33219987871858214,0.29214076536316286,0.54
4855,-0.3324136765633128,0.292369080877163,0.54
4856,-0.3329126677395041,0.2925166571092653,0.54
4857,-0.33299393082815915,0.2915194975485781,0.54
4858,-0.3322237897669937,0.2915291956670219,0.54
4859,-0.3328272316545422,0.290199295768011,0.54
4860,-0.333451919786183,0.28966267103140514,0.54
4861,-0.3338668165754418,0.28984773948839687,0.54
4862,-0.3333458350001476,0.29060422835601296,0.54
4863,-0.33362192485401254,0.28958636148100925,0.54
4864,-0.33422310656077237,0.2889555581920347,0.54
4865,-0.33386430394632466,0.28933447640930715,0.54
4866,-0.3342980450306744,0.28850590100030515,0.54
4867,-0.3345964242389316,0.2884233999230677,0.54
4868,-0.3339648821355728,0.28894857251850353,0.54
4869,-0.33457248319807487,0.28772091214961926,0.54
4870,-0.33493423332133354,0.28741632963685093,0.54
4871,-0.3344532864321132,0.28794560877071057,0.54
4872,-0.33485001831587174,0.28704052542541747,0.54
4873,-0.335357325767874,0.2866014627942596,0.54
4874,-0.33496586960523517,0.28705654239574396,0.54
4875,-0.33566042805583923,0.28573829204880635,0.54
4876,-0.33606204916379867,0.28535783775319273,0.54
4877,-0.3356082594377769,0.28583512957648566,0.54
4878,-0.3357926968369913,0.28509849975322243,0.54
4879,-0.3359706766708042,0.2850285459827952,0.54
4880,-0.33614221542885003,0.2854121122483141,0.54
4881,-0.3363257697735147,0.28425031140803314,0.54
4882,-0.3364867911304274,0.2839224471744297,0.54
4883,-0.33671666194147043,0.28235167466599537,0.54
4884,-0.33690283352924266,0.2817745473225294,0.54
4885,-0.337105161422848,0.2818605602241708,0.54
4886,-0.3372901788167252,0.28233972492812986,0.54
4887,-0.33751621723196046,0.2812108165629202,0.54
4888,-0.33767826014055774,0.2809144648510107,0.54
4889,-0.3378415094786146,0.2811947598408986,0.54
4890,-0.3380791029104177,0.2799510379694883,0.54
4891,-0.33824533130157314,0.2795939468582766,0.54
4892,-0.33840953117800165,0.2798371403583981,0.54
4893,-0.33866420636296074,0.27856136582243196,0.54
4894,-0.3388306264876803,0.27818518077830046,0.54
4895,-0.3389881986270753,0.278422572771859,0.54
4896,-0.33943405422815176,0.2786013219029425,0.54
4897,-0.3394642289875515,0.2776231784401816,0.54
4898,-0.338626460661788,0.2775111433703204,0.54
4899,-0.33914795064951775,0.2761361646521195,0.54
4900,-0.33985987532998585,0.27538311662986037,0.54
4901,-0.34029270111416576,0.27544617729027565,0.54
4902,-0.33984245676068,0.2761405596043763,0.54
4903,-0.34019687163068085,0.275484135903991,0.54
4904,-0.3396429812005698,0.27573757208193184,0.54
4905,-0.34030204753030413,0.2745972889968879,0.54
4906,-0.3406590214116307,0.2743835701593314,0.54
4907,-0.3401704628247011,0.2749323769857367,0.54
4908,-0.3405321263832276,0.2740551085006976,0.54
4909,-0.34075898088624945,0.27391806354642295,0.54
4910,-0.3402061238151314,0.2744885802121769,0.54
4911,-0.34077649693870765,0.2732556037332842,0.54
4912,-0.3411972077532716,0.2727943482746197,0.54
4913,-0.3407556035291133,0.27320071726289885,0.54
4914,-0.3411348728733584,0.27212733721157134,0.54
4915,-0.3413792386375584,0.2718530083691909,0.54
4916,-0.34155628392451864,0.2721128543087798,0.54
4917,-0.3415618833676226,0.2710439638313495,0.54
4918,-0.3416035243083915,0.2707441588104246,0.54
4919,-0.3419217807734862,0.2706975286087736,0.54
4920,-0.3421062227890427,0.2693839976101798,0.54
4921,-0.34224258657714673,0.26895770139611064,0.54
4922,-0.3423783110663572,0.2691381935497774,0.54
4923,-0.34178249294974755,0.26988504157680865,0.54
4924,-0.34227116132545665,0.26868256652695144,0.54
4925,-0.34354025757239864,0.2666317882820396,0.54
4926,-0.34345507841286493,0.2661515583546854,0.54
4927,-0.34269971298656293,0.2664241172313057,0.54
4928,-0.34243762029723057,0.26675000377094565,0.54
4929,-0.3428243450600157,0.2668033749350042,0.54
4930,-0.34337196492250116,0.26681852576412557,0.54
4931,-0.3432672876206929,0.26602401403098774,0.54
4932,-0.3432447218283595,0.265890669608064,0.54
4933,-0.3436115091513314,0.2657505592247033,0.54
4934,-0.3436221165594871,0.2645815643517866,0.54
4935,-0.34367064575519335,0.2642343962447676,0.54
4936,-0.3437582986580314,0.2644584217422738,0.54
4937,-0.3443279081391713,0.26326096873235477,0.54
4938,-0.3438929228670545,0.26317739651219263,0.54
4939,-0.34400722929224614,0.26313609639409874,0.54
4940,-0.34463502609604535,0.2629692322420776,0.54
4941,-0.34455421395563274,0.26209085388131903,0.54
4942,-0.343793782377727,0.26213840327735044,0.54
4943,-0.34387922460993114,0.2619597235886309,0.54
4944,-0.34487819799047753,0.26066514692639176,0.54
4945,-0.34469397020791964,0.2605997460571213,0.54
4946,-0.34461891836090386,0.260891177091577,0.54
4947,-0.34514484200321555,0.2600373276873189,0.54
4948,-0.34473338785859303,0.2601751650143088,0.54
4949,-0.3450320606425045,0.26000872029615824,0.54
4950,-0.34512628884117763,0.2587686585300948,0.54
4951,-0.3452293908708658,0.25834900006294986,0.54
4952,-0.34536245616754174,0.2584965932808449,0.54
4953,-0.3454848863032986,0.2589819878117779,0.54
4954,-0.3456496586307397,0.2578206725447419,0.54
4955,-0.34590022608422194,0.2573147339614867,0.54
4956,-0.34539243061596775,0.25766845499144014,0.54
4957,-0.3459857282110772,0.25638421876621653,0.54
4958,-0.34647206377026474,0.2558380950083648,0.54
4959,-0.3460889237797837,0.25618661201049614,0.54
4960,-0.34673874695901113,0.25490894655733304,0.54
4961,-0.3463481718854693,0.25478838919146624,0.54
4962,-0.34628876125885155,0.2548848121864351,0.54
4963,-0.34679709872058595,0.2547703010823612,0.54
4964,-0.346860573068001,0.2536155942359421,0.54
4965,-0.34694512058504356,0.2532422247146041,0.54
4966,-0.34705816173520515,0.25340826576822584,0.54
4967,-0.34693432851229705,0.2523704538640341,0.54
4968,-0.34707694069683176,0.25190706765075893,0.54
4969,-0.3474065963546037,0.25188354747867664,0.54
4970,-0.34680358342486844,0.25218527213024905,0.54
4971,-0.34734049021484703,0.25092624035622857,0.54
4972,-0.3479533294500777,0.25022601537301253,0.54
4973,-0.34764431099955034,0.2505031612853457,0.54
4974,-0.34785312218402104,0.25046671488932226,0.54
4975,-0.347982634126532,0.24912060274359782,0.54
4976,-0.3480997635987492,0.24863152490428858,0.54
4977,-0.34825636412001654,0.24873221212486216,0.54
4978,-0.34760975215038875,0.24929103673666608,0.54
4979,-0.34807417609555436,0.24810450156618133,0.54
4980,-0.34888111564966795,0.24713747961311086,0.54
4981,-0.34861107355076904,0.24722468221434774,0.54
4982,-0.3477954226187554,0.24781445410357134,0.54
4983,-0.34817147172104324,0.24673644317934657,0.54
4984,-0.3487890037297822,0.2459388055445493,0.54
4985,-0.3492178360528378,0.24588151406913822,0.54
4986,-0.3486697508695372,0.24617096254295598,0.54
4987,-0.34907162269619113,0.2446914786240444,0.54
4988,-0.34933150269197893,0.24411939646371592,0.54
4989,-0.3488529790212791,0.24443155414399098,0.54
4990,-0.34895678475757147,0.24443951860725197,0.54
4991,-0.34986725239406014,0.24311682025181985,0.54
4992,-0.34959776577548385,0.24296732182027733,0.54
4993,-0.34878838315184774,0.2434259978578237,0.54
4994,-0.3491583609438567,0.24235845435577558,0.54
4995,-0.3495323990003456,0.24192444065763996,0.54
4996,-0.3498271825495732,0.24204592266032462,0.54
4997,-0.34922131354964314,0.24244177293787633,0.54
4998,-0.3496079885653109,0.2410582350594825,0.54
4999,-0.3498745121676319,0.2405374093643638,0.54
5000,-0.35011356322504483,0.2405904141951179,0.54
5001,-0.3498628409736877,0.23974100916324256,0.54
5002,-0.3497954399464344,0.23949607917083243,0.54
5003,-0.35012669856454065,0.23924959162985363,0.54
5004,-0.3506903436047884,0.23797704810066153,0.54
5005,-0.3503286748434935,0.2378512095286646,0.54
5006,-0.3501975952013538,0.23804026040574525,0.54
5007,-0.35065984737117295,0.23790708125050003,0.54
5008,-0.35051553038130123,0.23696543745819315,0.54
5009,-0.3505085137287388,0.23668740981450587,0.54
5010,-0.3506022664325084,0.23687807746287398,0.54
5011,-0.350627835595737,0.23566484180319075,0.54
5012,-0.350820244127072,0.23507998307248545,0.54
5013,-0.35102569773715864,0.2351032264396713,0.54
5014,-0.3505447798793727,0.2357426016396113,0.54
5015,-0.35094841415565603,0.2344665420360584,0.54
5016,-0.3516176710528911,0.23265899594127676,0.54
5017,-0.35132515869034486,0.23224888468427302,0.54
5018,-0.3512297460986769,0.23226553702402755,0.54
5019,-0.35126345968460465,0.23259563647939094,0.54
5020,-0.35155271976937374,0.23284884026937008,0.54
5021,-0.35166851842358743,0.23168368793074498,0.54
5022,-0.35178221888133654,0.2312716751803833,0.54
5023,-0.351928508779663,0.2313868381295813,0.54
5024,-0.35189451120537063,0.23019518536423494,0.54
5025,-0.3519245797726417,0.2297646350302238,0.54
5026,-0.3521306699346048,0.2297393591114648,0.54
5027,-0.3525678032513536,0.22967061768933766,0.54
5028,-0.35256558689659956,0.22853330945362058,0.54
5029,-0.35190158301615726,0.22842029926809101,0.54
5030,-0.3520114097928707,0.2280879115790121,0.54
5031,-0.3529130851351699,0.2266631599761022,0.54
5032,-0.35273662658274263,0.2264941205141536,0.54
5033,-0.35268098729665665,0.2266827889791671,0.54
5034,-0.35271069389132886,0.22713465977665095,0.54
5035,-0.35269296894946367,0.22603720050596532,0.54
5036,-0.35298210949283454,0.2252147112628551,0.54
5037,-0.35322073776517543,0.22510744857401255,0.54
5038,-0.35261240503417435,0.22533266680598868,0.54
5039,-0.3530150878777861,0.22393979223234936,0.54
5040,-0.3532679524987262,0.2234341909764846,0.54
5041,-0.35347167117833306,0.22350567792672638,0.54
5042,-0.3528435898987949,0.22383066098286092,0.54
5043,-0.3532207704782399,0.22249763175425197,0.54
5044,-0.353557389536189,0.22188818678755373,0.54
5045,-0.3531591733424858,0.22216720037860269,0.54
5046,-0.3532384258913571,0.2221610180823514,0.54
5047,-0.3536764714240388,0.22085524800687392,0.54
5048,-0.3539539402686432,0.22037393072022066,0.54
5049,-0.35352581517332116,0.22069799871361967,0.54
5050,-0.35377461044080893,0.21979113410856288,0.54
5051,-0.3539728905389298,0.21954860092168266,0.54
5052,-0.3534467315950619,0.21996691280177752,0.54
5053,-0.35386707965847053,0.21870052917004343,0.54
5054,-0.354132078709306,0.21825161807163948,0.54
5055,-0.3537053390852314,0.21860324514324272,0.54
5056,-0.3539093590606,0.21773625664678029,0.54
5057,-0.3540935329300169,0.21750044573581456,0.54
5058,-0.3536290731316843,0.21796102461862274,0.54
5059,-0.35402771278258555,0.21665247513713473,0.54
5060,-0.35437397571799856,0.2160283303297815,0.54
5061,-0.354002431922276,0.2162859031527788,0.54
5062,-0.35424052040901843,0.21535164356029732,0.54
5063,-0.354445052850827,0.21506675034204395,0.54
5064,-0.35399909146986547,0.21549825927639588,0.54
5065,-0.35443942050349847,0.21423389147404684,0.54
5066,-0.3547233733870088,0.21377103640529416,0.54
5067,-0.3542615143752839,0.21407051928052148,0.54
5068,-0.35442576950869137,0.21304751670203056,0.54
5069,-0.3546870966215165,0.2125540848446293,0.54
5070,-0.35491440902561744,0.212582763844943,0.54
5071,-0.35463639807280856,0.21172761840738374,0.54
5072,-0.3546509257250243,0.21130108217917656,0.54
5073,-0.3549254326096804,0.21108652100227784,0.54
5074,-0.35468998037509053,0.21011071546134621,0.54
5075,-0.3547880514657959,0.20958649412257588,0.54
5076,-0.3550375282337559,0.2094686973361086,0.54
5077,-0.355257045045487,0.20973877806794766,0.54
5078,-0.3553003147316179,0.2085595399124531,0.54
5079,-0.3553804386027205,0.20811159852412195,0.54
5080,-0.35487416982592673,0.208451944847196,0.54
5081,-0.355278804785282,0.20713778441286002,0.54
5082,-0.3557411217014379,0.2062375163003168,0.54
5083,-0.35544704816275824,0.206354181783221,0.54
5084,-0.35554223983365113,0.2062549235628096,0.54
5085,-0.3559663960832911,0.2049583310194206,0.54
5086,-0.355577117816155,0.20477654710100404,0.54
5087,-0.3554396340104068,0.20489262534691058,0.54
5088,-0.35576237967607566,0.2047745061143902,0.54
5089,-0.35580393597462207,0.20349863453638198,0.54
5090,-0.3558837397228603,0.20297343073111943,0.54
5091,-0.35601660667763335,0.2029710953993062,0.54
5092,-0.35616298242473127,0.20328496374338498,0.54
5093,-0.3561217887643079,0.20217423473180018,0.54
5094,-0.3563170269304344,0.2014637645159037,0.54
5095,-0.35588487778341965,0.20165595233279324,0.54
5096,-0.356365883379382,0.20043513471998733,0.54
5097,-0.3566666488029085,0.2000317846712812,0.54
5098,-0.35628834521399577,0.2004006325123745,0.54
5099,-0.3563953419951833,0.19930142734638603,0.54
5100,-0.35664092109020423,0.19872642634332177,0.54
5101,-0.3568467538724973,0.198718005356917,0.54
5102,-0.356263556273193,0.19898743981688854,0.54
5103,-0.35657957620518815,0.19761642489601908,0.54
5104,-0.3567921405848598,0.19707326158462088,0.54
5105,-0.35698126133861197,0.19707269667829808,0.54
5106,-0.3563935604363666,0.19734835465201478,0.54
5107,-0.3566984827976558,0.19597874078882419,0.54
5108,-0.35691027490942473,0.1954250685097811,0.54
5109,-0.35710288017117303,0.1954110648782166,0.54
5110,-0.35652160679090295,0.19568314005066229,0.54
5111,-0.35685530886146016,0.1943817577725661,0.54
5112,-0.35716006081190416,0.1937484650751409,0.54
5113,-0.35680798268425407,0.19399050867457804,0.54
5114,-0.35686814331239847,0.19318089090841004,0.54
5115,-0.35707929884463135,0.19279519239461956,0.54
5116,-0.3572772231057087,0.19286679734014042,0.54
5117,-0.3570766129335736,0.1918508659000666,0.54
5118,-0.35711858411806063,0.19132160157272762,0.54
5119,-0.35732118009387476,0.19117725917732956,0.54
5120,-0.3576437810258773,0.19020099842475593,0.54
5121,-0.3572672598396991,0.19019479470771689,0.54
5122,-0.35728212159892625,0.19022360968545082,0.54
5123,-0.3576806730831443,0.18901617755054131,0.54
5124,-0.357320892070114,0.18888033626764436,0.54
5125,-0.3573189385313416,0.1888575261231932,0.54
5126,-0.3575940898841761,0.18871368139060143,0.54
5127,-0.3575976216559936,0.18741503162907724,0.54
5128,-0.357655815006162,0.18685252042817682,0.54
5129,-0.35777740158216814,0.18680190933220053,0.54
5130,-0.357341337206357,0.1873350499965254,0.54
5131,-0.3576680001549451,0.18606206285282914,0.54
5132,-0.3580478501328947,0.18514243883318016,0.54
5133,-0.35775157882081876,0.1852167875046596,0.54
5134,-0.35782904406653054,0.1850570970096029,0.54
5135,-0.3582039124845616,0.1836936225407347,0.54
5136,-0.3578305812417447,0.18344630487532845,0.54
5137,-0.35772053589071073,0.18348236833175793,0.54
5138,-0.3580246149172702,0.18329114751179915,0.54
5139,-0.3582964934910159,0.1820839314254007,0.54
5140,-0.3578825699956323,0.18190795240107308,0.54
5141,-0.35774893647691597,0.18197806735767733,0.54
5142,-0.3581513900264893,0.18168778193910928,0.54
5143,-0.3580582573380927,0.18048546834594648,0.54
5144,-0.3580892827727934,0.17995812096232935,0.54
5145,-0.358219252550221,0.17990440420536769,0.54
5146,-0.3583864930944937,0.18014060200694,0.54
5147,-0.35833655829129263,0.17898741918582087,0.54
5148,-0.3584759386422595,0.1783395961501042,0.54
5149,-0.3586559001412343,0.1782429569695454,0.54
5150,-0.3585395514989439,0.1770145249541454,0.54
5151,-0.35855068499834963,0.1764749969778349,0.54
5152,-0.3586685457654819,0.17642803727013398,0.54
5153,-0.3590013985422706,0.1762695472656062,0.54
5154,-0.3589631731206278,0.17500980791965223,0.54
5155,-0.35900829152227515,0.17446731019784734,0.54
5156,-0.3591288334991632,0.1744308658072804,0.54
5157,-0.35870092533320386,0.17497111743099567,0.54
5158,-0.3589572146093293,0.1736773673200734,0.54
5159,-0.35935070506803113,0.17268407896547153,0.54
5160,-0.3590919417274589,0.17271537145248061,0.54
5161,-0.3592032305449913,0.1725248992830956,0.54
5162,-0.3594545738951148,0.17132300277774046,0.54
5163,-0.3590629262933056,0.17115255168181687,0.54
5164,-0.3590599774889068,0.17108756796844346,0.54
5165,-0.35952336778942373,0.17074981154815538,0.54
5166,-0.3593711734867886,0.16967527569236382,0.54
5167,-0.3593716742707943,0.16922631980903463,0.54
5168,-0.3594805725591125,0.16922124488346338,0.54
5169,-0.3590581144379151,0.16976961801799312,0.54
5170,-0.3593048883445807,0.16846798787231596,0.54
5171,-0.3597890167145736,0.1673870835227266,0.54
5172,-0.3595845467116937,0.16736723692758823,0.54
5173,-0.3596666050007014,0.16729829431802618,0.54
5174,-0.35961531431263527,0.1661157746883897,0.54
5175,-0.3596769579596221,0.16559398614904536,0.54
5176,-0.3598245817793877,0.16554650929142578,0.54
5177,-0.3601402788693194,0.16462992874693688,0.54
5178,-0.35980246081276,0.16464148446078658,0.54
5179,-0.3600554302301361,0.16426888116394636,0.54
5180,-0.35979193230104917,0.16313417842062294,0.54
5181,-0.35974526863887885,0.1626428279481336,0.54
5182,-0.35985339128518984,0.16260722845908518,0.54
5183,-0.3602007335745561,0.1625600255560894,0.54
5184,-0.36016152603888385,0.16134842293947005,0.54
5185,-0.36021984777064797,0.16081284725632036,0.54
5186,-0.36036168293972615,0.16075565266189884,0.54
5187,-0.3600545244686727,0.1598031694112231,0.54
5188,-0.3600751314342088,0.15927950180086983,0.54
5189,-0.36045783173476426,0.15888447844244993,0.54
5190,-0.3602067378360259,0.15922639059102284,0.54
5191,-0.3605962300990994,0.15787573982533604,0.54
5192,-0.36085693989413026,0.15730664493722823,0.54
5193,-0.36052724711507034,0.15753067873408935,0.54
5194,-0.3605925327453578,0.15672349416623238,0.54
5195,-0.360734553646541,0.15646792974678192,0.54
5196,-0.36017842635496494,0.15655902277933556,0.54
5197,-0.3604835204744554,0.15533519823621014,0.54
5198,-0.36073950759279777,0.1548499323755687,0.54
5199,-0.36043221229344496,0.1551258409436228,0.54
5200,-0.36061418201617473,0.15421682589622665,0.54
5201,-0.36081811876934106,0.153882985586694,0.54
5202,-0.36047395437454904,0.15423175851699772,0.54
5203,-0.36078142745460273,0.15287882732962518,0.54
5204,-0.3610203510660386,0.15227530845841503,0.54
5205,-0.3607010685785077,0.15247520545844886,0.54
5206,-0.3608218097754403,0.15164136839608644,0.54
5207,-0.36100031602066024,0.151345771090614,0.54
5208,-0.3605280299140541,0.15153188811508347,0.54
5209,-0.36082864358758054,0.15019353910982683,0.54
5210,-0.3610783696524385,0.14960400249684155,0.54
5211,-0.3607789725517153,0.14981481489691198,0.54
5212,-0.3609149906840478,0.14898446511468633,0.54
5213,-0.36110555423148805,0.14868224413056136,0.54
5214,-0.3607800204251675,0.14904531980015479,0.54
5215,-0.36107023683361694,0.14770865497068367,0.54
5216,-0.36130777642413264,0.14709750227792642,0.54
5217,-0.3610070536690176,0.14729141623799738,0.54
5218,-0.36112227033297695,0.14646464902708178,0.54
5219,-0.361304845471763,0.14615832607392887,0.54
5220,-0.3608310334433387,0.14625235780274412,0.54
5221,-0.36114310872802824,0.14502003713037498,0.54
5222,-0.3614136028099806,0.14449850476226553,0.54
5223,-0.36114743306534375,0.1447477601601775,0.54
5224,-0.3611901663680839,0.14377234051519922,0.54
5225,-0.36132623631983984,0.14334318957444708,0.54
5226,-0.36152674136729934,0.14331120918971824,0.54
5227,-0.3613059029114758,0.1422243075003441,0.54
5228,-0.3612908477316121,0.14172061900888708,0.54
5229,-0.36148661704795987,0.14151515762478153,0.54
5230,-0.36176505634972705,0.1403172904692122,0.54
5231,-0.36144960750038824,0.14011801064536586,0.54
5232,-0.3613998204078973,0.1401424535373518,0.54
5233,-0.36182678358154324,0.13978824764225778,0.54
5234,-0.3616371447204383,0.13868960986200635,0.54
5235,-0.3616374443929715,0.13819787189486535,0.54
5236,-0.3617700424299972,0.13813215217744074,0.54
5237,-0.3617112610716939,0.1369954530530587,0.54
5238,-0.3617784739494914,0.13647544176186066,0.54
5239,-0.3619431358287649,0.13639536500767324,0.54
5240,-0.362151749726374,0.1365884034859601,0.54
5241,-0.36207352041087637,0.13541123173872754,0.54
5242,-0.3621200776200681,0.13487134942920787,0.54
5243,-0.36226871032277236,0.1347919951313937,0.54
5244,-0.3621758402590339,0.13346245836075663,0.54
5245,-0.36221311132202355,0.13283021020358818,0.54
5246,-0.36235679442917995,0.1326950606327288,0.54
5247,-0.36261086665028996,0.1327463376280388,0.54
5248,-0.36252223547595,0.13157312768058116,0.54
5249,-0.3625535844830855,0.13104465971432108,0.54
5250,-0.362684758695706,0.13097984012183375,0.54
5251,-0.36258665466726503,0.12965859672539595,0.54
5252,-0.36261144656774325,0.1290379486632097,0.54
5253,-0.3627408303957478,0.1289183665854529,0.54
5254,-0.3629176546133676,0.12910747869810094,0.54
5255,-0.36283727671402266,0.1279025216535471,0.54
5256,-0.3629337380876338,0.1272392098506498,0.54
5257,-0.3630961381468766,0.12710766312866506,0.54
5258,-0.36291059115726204,0.12591113636999146,0.54
5259,-0.36288488509088174,0.12537230961418824,0.54
5260,-0.36304721638846355,0.1251893538778081,0.54
5261,-0.363349197690407,0.12511107631172816,0.54
5262,-0.3632315854780834,0.1239525379527586,0.54
5263,-0.3632356915879043,0.12344712352266922,0.54
5264,-0.36334032135732647,0.12340725216493885,0.54
5265,-0.3632440017686985,0.12207877050435217,0.54
5266,-0.3632559672654214,0.12146022457131504,0.54
5267,-0.3633680062796475,0.12135142913498857,0.54
5268,-0.36352532232310014,0.1215568500579938,0.54
5269,-0.36341027520712305,0.12042573742530754,0.54
5270,-0.36354611932690806,0.11965246737727311,0.54
5271,-0.36372091422233277,0.11946474700811609,0.54
5272,-0.3632639605074854,0.11963215360121827,0.54
5273,-0.36354719061443835,0.1183289254455345,0.54
5274,-0.36375665279546227,0.11779077843112613,0.54
5275,-0.36343570722943497,0.11797815740673877,0.54
5276,-0.3635591337056932,0.11712948345969261,0.54
5277,-0.3638366596640556,0.116592173783559,0.54
5278,-0.363566512728274,0.11678481814565098,0.54
5279,-0.3638718013829342,0.11538080045293139,0.54
5280,-0.3635406360233582,0.1150344845410455,0.54
5281,-0.3635032476928795,0.11489929562990286,0.54
5282,-0.3637179101129863,0.1146913000881567,0.54
5283,-0.3640138393291674,0.11384114912735778,0.54
5284,-0.36366104256625864,0.11372655853570164,0.54
5285,-0.3636888129219912,0.11355340992096562,0.54
5286,-0.36393301315347565,0.11229872160813852,0.54
5287,-0.36361366515152405,0.11202674988160685,0.54
5288,-0.3635347237523926,0.11204234883248727,0.54
5289,-0.36376238818259693,0.11187605412333425,0.54
5290,-0.3637734449403402,0.11067288516359189,0.54
5291,-0.3638590266106916,0.1101281323219931,0.54
5292,-0.36400732410086756,0.11003387276337306,0.54
5293,-0.36359762791121963,0.11032865095135826,0.54
5294,-0.3637978484690768,0.10897934303637062,0.54
5295,-0.36403072800356717,0.10825392332596355,0.54
5296,-0.3637779052927558,0.10832990367530969,0.54
5297,-0.3638617719368853,0.10817827376576161,0.54
5298,-0.3641555948189116,0.10701754398207572,0.54
5299,-0.3639000145408085,0.10679986241181487,0.54
5300,-0.36392192459283884,0.10671779842133962,0.54
5301,-0.3641547496656668,0.105880537713141,0.54
5302,-0.3638931061534324,0.10586162206597884,0.54
5303,-0.36428615837550116,0.10466781451993533,0.54
5304,-0.36409364890434626,0.10444930308146658,0.54
5305,-0.36408056216876233,0.1044957907644278,0.54
5306,-0.3642803538634912,0.10437854188993964,0.54
5307,-0.36419820754461946,0.10329460454101885,0.54
5308,-0.364242055398237,0.10280520882455041,0.54
5309,-0.3643768589177489,0.10272608638211593,0.54
5310,-0.3642759107842782,0.10166736746132123,0.54
5311,-0.3643097693189023,0.10119399874805389,0.54
5312,-0.36444196762713993,0.1011234210811636,0.54
5313,-0.3645892304929162,0.10015140407134289,0.54
5314,-0.3642842025746793,0.09999471210845119,0.54
5315,-0.3643915949496392,0.0996328660641314,0.54
5316,-0.36473479337235243,0.09919156450313119,0.54
5317,-0.36460276384079937,0.09817827266101577,0.54
5318,-0.36462350398829113,0.09773829009426234,0.54
5319,-0.36474388702416516,0.097681029708538,0.54
5320,-0.36465341827429965,0.0966159299750274,0.54
5321,-0.36469258613296934,0.0961292799869247,0.54
5322,-0.3648274930904413,0.09604259160530532,0.54
5323,-0.365107804753123,0.09585060436717925,0.54
5324,-0.364993713605427,0.09460600142283164,0.54
5325,-0.3650104820945867,0.09401273541518908,0.54
5326,-0.3651281887297758,0.09386630425955082,0.54
5327,-0.36529028462428303,0.09399330805238841,0.54
5328,-0.3652129151272155,0.09298352732334547,0.54
5329,-0.3653264834198424,0.09158159748610041,0.54
5330,-0.36547806522154885,0.09093684911802867,0.54
5331,-0.3652370367272009,0.09096876786879331,0.54
5332,-0.3651961274738408,0.09113743673944964,0.54
5333,-0.36544317012418726,0.090481471730289,0.54
5334,-0.3656670617156043,0.09028719008822604,0.54
5335,-0.36547289558800294,0.08936215589526236,0.54
5336,-0.36546735001779884,0.08902583832732822,0.54
5337,-0.3656577027120029,0.08867286669518057,0.54
5338,-0.3654872518925467,0.08776920806865106,0.54
5339,-0.36555465864511116,0.0873201457692119,0.54
5340,-0.36575718373979726,0.08719266572576297,0.54
5341,-0.36570721875446155,0.08614299597101134,0.54
5342,-0.3657570213191662,0.08570024728278329,0.54
5343,-0.3658840218194271,0.08566738577157575,0.54
5344,-0.3660440336378109,0.0849730210851125,0.54
5345,-0.365775464640045,0.08498379522759168,0.54
5346,-0.36592968395352865,0.08405042996605747,0.54
5347,-0.36610408548382645,0.08370760330501316,0.54
5348,-0.3658771961366112,0.08385641339148692,0.54
5349,-0.3658890140926429,0.08299675566231378,0.54
5350,-0.36610802169050416,0.08241114959230639,0.54
5351,-0.3659173770067732,0.08242035589100316,0.54
5352,-0.36601204599897313,0.08163773739802671,0.54
5353,-0.3661639554468483,0.08136477934707044,0.54
5354,-0.36588071902115205,0.08157054685866585,0.54
5355,-0.3661183184809127,0.08041859688178415,0.54
5356,-0.3663128329772322,0.07992371439863152,0.54
5357,-0.36611332648118544,0.07996851434004473,0.54
5358,-0.3660806938568289,0.0791086384102988,0.54
5359,-0.36625365135837645,0.0785210334039969,0.54
5360,-0.3664522890783548,0.07838596455611445,0.54
5361,-0.3662326509756848,0.07771453024388611,0.54
5362,-0.3662906428242774,0.07710880536176976,0.54
5363,-0.3664741734487652,0.07683495608102671,0.54
5364,-0.3663815227509425,0.07578507618593705,0.54
5365,-0.36641640401270503,0.07530611669464177,0.54
5366,-0.36654224013383346,0.07520973554560398,0.54
5367,-0.36678212003230126,0.07502230853494732,0.54
5368,-0.366697290916519,0.07397592732551207,0.54
5369,-0.3667291001241398,0.0735027607271097,0.54
5370,-0.36684526500429165,0.07341067326949342,0.54
5371,-0.3667542223527752,0.07240493898103917,0.54
5372,-0.3668240857727228,0.07184955934574984,0.54
5373,-0.3669639992012734,0.07170679364331574,0.54
5374,-0.3671982826620972,0.07149460069555794,0.54
5375,-0.3671069580875253,0.07043118929610892,0.54
5376,-0.36712909583361597,0.06994475452729848,0.54
5377,-0.36723418173190936,0.06984039320547498,0.54
5378,-0.3671314359751209,0.06882424410491343,0.54
5379,-0.367150878151955,0.06835739466217025,0.54
5380,-0.36729228579539736,0.06816866039400285,0.54
5381,-0.3674702976272159,0.06746688207438682,0.54
5382,-0.3672637014295423,0.06740941427625369,0.54
5383,-0.36730537117542544,0.06658823441163526,0.54
5384,-0.36742109591559474,0.06625039667574753,0.54
5385,-0.36756795901167844,0.06622595933398341,0.54
5386,-0.36747099450133847,0.06525273966597207,0.54
5387,-0.3674882455268187,0.06479769209705974,0.54
5388,-0.3675895297460726,0.06469142530792128,0.54
5389,-0.3676724175034006,0.06386057978428683,0.54
5390,-0.3674120031711606,0.06368639658918675,0.54
5391,-0.367502215580232,0.06331325163918029,0.54
5392,-0.3677110644167202,0.06237423037483077,0.54
5393,-0.367541323854785,0.06216947208356181,0.54
5394,-0.3676000076271899,0.06195091483288219,0.54
5395,-0.3677795209498312,0.061170027609695136,0.54
5396,-0.36759923974985875,0.061050133591511735,0.54
5397,-0.36768598709999145,0.06073887249209645,0.54
5398,-0.36780077865926786,0.05967044233687599,0.54
5399,-0.3679368655041575,0.059159561681104575,0.54
5400,-0.3677497779273354,0.059182164834693365,0.54
5401,-0.36780658433526203,0.05896441994921971,0.54
5402,-0.3679090288313566,0.0580396537909509,0.54
5403,-0.3676894152922719,0.05780998550152006,0.54
5404,-0.36783260216462743,0.05739172491790293,0.54
5405,-0.36808679167834746,0.056927417653169145,0.54
5406,-0.36795781725000776,0.05609396106219637,0.54
5407,-0.3679878096669044,0.05568813172142536,0.54
5408,-0.3681129691370246,0.05556368927465988,0.54
5409,-0.36801943992560837,0.05455278255145962,0.54
5410,-0.3681010368369017,0.05393484826291737,0.54
5411,-0.36826124392682047,0.05369063613696043,0.54
5412,-0.36847617409599087,0.053576177949004655,0.54
5413,-0.3684101431091639,0.052580149581870794,0.54
5414,-0.3684618372741405,0.05206850111113074,0.54
5415,-0.36859510827521463,0.05188303976887641,0.54
5416,-0.36851843514119764,0.050970107314643145,0.54
5417,-0.3685721713022359,0.05051130662521088,0.54
5418,-0.3687377018971175,0.05026265640841052,0.54
5419,-0.3686750032608451,0.049238729334936004,0.54
5420,-0.36873169215271684,0.048707332313301946,0.54
5421,-0.36886931430974856,0.04850343512391077,0.54
5422,-0.3687000285576768,0.04865818069952223,0.54
5423,-0.36873009633482395,0.04773991184217542,0.54
5424,-0.3689383530261991,0.04694624157539791,0.54
5425,-0.36916294204400585,0.046592310904239764,0.54
5426,-0.36892521412796947,0.04642252598274846,0.54
5427,-0.36885839288008426,0.045437949406665984,0.54
5428,-0.36898818865596333,0.04480041936865951,0.54
5429,-0.3691746874662225,0.044524490374651435,0.54
5430,-0.36904404428883525,0.044630976209116845,0.54
5431,-0.3690606415575734,0.043737561876332647,0.54
5432,-0.3692644389172325,0.043043020655544086,0.54
5433,-0.3691512293418323,0.04291599989418541,0.54
5434,-0.3692921592401834,0.04259230252711624,0.54
5435,-0.3692033078220089,0.04175853818787962,0.54
5436,-0.3693055700896047,0.041219699950566485,0.54
5437,-0.3694787680828614,0.04098386035023843,0.54
5438,-0.36931482625940243,0.04017437616268224,0.54
5439,-0.36937419990896425,0.0396498634400466,0.54
5440,-0.3695711074978461,0.039326961720036656,0.54
5441,-0.36944105749339184,0.03855151605637248,0.54
5442,-0.36952023197676837,0.03805446922782285,0.54
5443,-0.36972518362817686,0.037750921110333346,0.54
5444,-0.36964745026480006,0.03671930902985618,0.54
5445,-0.3697030718655716,0.03615376607291475,0.54
5446,-0.3698497467853061,0.03590131490888517,0.54
5447,-0.36971066747418335,0.035983577359125184,0.54
5448,-0.3697441537827562,0.035118273587793264,0.54
5449,-0.36997627337659683,0.034353662805921496,0.54
5450,-0.3698916620999656,0.034161372582492244,0.54
5451,-0.3700334129855421,0.03380683947171735,0.54
5452,-0.3699512853118963,0.032964412013869675,0.54
5453,-0.37000653881035894,0.03250252337003193,0.54
5454,-0.37015043916686396,0.03229529670098802,0.54
5455,-0.37004527001056287,0.031324086902689945,0.54
5456,-0.3700840689552098,0.030774514589499948,0.54
5457,-0.37022046280740073,0.030514424403166523,0.54
5458,-0.37040401934920025,0.030430253703490614,0.54
5459,-0.37034210884365926,0.029459622021495633,0.54
5460,-0.37039571263563953,0.028906129802736175,0.54
5461,-0.3705336156748011,0.028643918573208117,0.54
5462,-0.37037260651049,0.027838848226247298,0.54
5463,-0.3704476232173153,0.027214987640395243,0.54
5464,-0.3706013786051303,0.026909815727974882,0.54
5465,-0.3703729352460875,0.026698085880473694,0.54
5466,-0.3704064089485968,0.02575944934279496,0.54
5467,-0.37060748098785334,0.025056740166385587,0.54
5468,-0.37082441376533476,0.024709627414508595,0.54
5469,-0.3706492543629518,0.024553364218837817,0.54
5470,-0.3706300345398304,0.023780611513964905,0.54
5471,-0.37072380988654746,0.023350561160483653,0.54
5472,-0.37058434032510623,0.02329075081495046,0.54
5473,-0.3706606566789119,0.022445160826444356,0.54
5474,-0.3708484707525698,0.02187821307545186,0.54
5475,-0.3707633313663532,0.021740382043724936,0.54
5476,-0.37084107865157306,0.02108806989611295,0.54
5477,-0.3706915442208219,0.020888298152970747,0.54
5478,-0.3707948376986091,0.02008989241975624,0.54
5479,-0.3709605738605748,0.019641671346311677,0.54
5480,-0.3708337043605564,0.019522426693431877,0.54
5481,-0.37085355542138615,0.018823975859007455,0.54
5482,-0.37101319932823784,0.018325801507783124,0.54
5483,-0.3708335018647639,0.018059674079234936,0.54
5484,-0.37090442556879233,0.017247572186348207,0.54
5485,-0.3710588195703713,0.01677547960635064,0.54
5486,-0.3709699532478191,0.0166641941010437,0.54
5487,-0.371010834482942,0.01597327458188614,0.54
5488,-0.37118150315609444,0.015471989401432136,0.54
5489,-0.3709959031419098,0.015134190325971547,0.54
5490,-0.37105896201565075,0.01430520993393805,0.54
5491,-0.3712101530470098,0.01381668456381709,0.54
5492,-0.3711280081998849,0.013683555616182124,0.54
5493,-0.37120883237518215,0.013043188238958121,0.54
5494,-0.3713690321654699,0.012662194337711775,0.54
5495,-0.37121630735534683,0.011940043861821601,0.54
5496,-0.37127679763206445,0.011421371348731882,0.54
5497,-0.3714609056965113,0.011043991446705696,0.54
5498,-0.37135699605752653,0.010271564506343226,0.54
5499,-0.37143592729192876,0.009731585696339395,0.54
5500,-0.3715941111330212,0.009425254404143938,0.54
5501,-0.3715384486306454,0.008628033145926818,0.54
5502,-0.3716000664988907,0.008153263462146697,0.54
5503,-0.3717418235799744,0.00788659907262754,0.54
5504,-0.371675954106247,0.007104536703866711,0.54
5505,-0.3717587225681487,0.00656577210260841,0.54
5506,-0.3719062613542849,0.006268174856897538,0.54
5507,-0.37177900082450277,0.005531675465639864,0.54
5508,-0.3718532523737926,0.004944693502771428,0.54
5509,-0.3719949482445236,0.0046242502508616395,0.54
5510,-0.37183637232238415,0.0039387185895839805,0.54
5511,-0.3719089948178573,0.0033057732603246084,0.54
5512,-0.372078257450139,0.002887184957691387,0.54
5513,-0.3720001861775434,0.002786269063682837,0.54
5514,-0.3720345486838021,0.002005534358924858,0.54
5515,-0.37219026722623516,0.0014014555944998775,0.54
5516,-0.3721046223182166,0.001200287247407012,0.54
5517,-0.3721555349334405,0.0005864892628313653,0.54
5518,-0.37227175414138475,0.00024070242573683205,0.54
5519,-0.37209747999540893,-0.0004214200419642361,0.54
5520,-0.37212134874043656,-0.0008839400485642992,0.54
5521,-0.3722815340758287,-0.001285077809790838,0.54
5522,-0.3721381925502576,-0.001968709185766648,0.54
5523,-0.37219719089942405,-0.0025071936498608205,0.54
5524,-0.372353439968459,-0.002872057378067293,0.54
5525,-0.3722767553071928,-0.0029684740760038196,0.54
5526,-0.37224802885173525,-0.003723486270011131,0.54
5527,-0.3723783738012394,-0.004395243039883913,0.54
5528,-0.37253581277473946,-0.004761267377358975,0.54
5529,-0.37236007760406553,-0.0050548233842907415,0.54
5530,-0.3723278560902238,-0.005761732324633819,0.54
5531,-0.37244403364359174,-0.006310091199714319,0.54
5532,-0.3725957721886848,-0.006619616609935253,0.54
5533,-0.3724460012978363,-0.007233353740354179,0.54
5534,-0.37247864895916527,-0.0076723445015933174,0.54
5535,-0.3726451766248334,-0.008128907123106831,0.54
5536,-0.37250892254107854,-0.008815173944730293,0.54
5537,-0.3725472308924252,-0.009288447243000857,0.54
5538,-0.372705503877347,-0.009688094798801889,0.54
5539,-0.372569358984121,-0.010340387767558913,0.54
5540,-0.3726248432246197,-0.010853861830010577,0.54
5541,-0.3727879012597773,-0.011263407958363907,0.54
5542,-0.3726320562855652,-0.011577540980521448,0.54
5543,-0.37264205971842906,-0.012235861486395876,0.54
5544,-0.3727918008848735,-0.012807656051559074,0.54
5545,-0.3727303997398703,-0.013030437691731093,0.54
5546,-0.3727685606333063,-0.013636547276447253,0.54
5547,-0.3729137917853316,-0.014109285021286236,0.54
5548,-0.3727579332187684,-0.014443088018330724,0.54
5549,-0.37276355976863845,-0.01507569019716941,0.54
5550,-0.37288238794848344,-0.01551029229356628,0.54
5551,-0.37278383622577493,-0.015714207943415482,0.54
5552,-0.37279368254305284,-0.01632068630677136,0.54
5553,-0.3729374949628441,-0.016875619137181507,0.54
5554,-0.3728543996626303,-0.01715076618264076,0.54
5555,-0.37288608844146665,-0.017762277171664557,0.54
5556,-0.3730379677516245,-0.01830168097781359,0.54
5557,-0.3729031168070638,-0.018678207267936515,0.54
5558,-0.3729740118484768,-0.019102624819869723,0.54
5559,-0.37303168156851046,-0.01979149659043994,0.54
5560,-0.37293026268774654,-0.020144454540915156,0.54
5561,-0.373018844862016,-0.02054966187200104,0.54
5562,-0.37315206007389534,-0.021187433962842887,0.54
5563,-0.37304792386045027,-0.021550001662016944,0.54
5564,-0.3731234472980746,-0.02191595011059215,0.54
5565,-0.3731813094567063,-0.022575267714260966,0.54
5566,-0.3730858483806035,-0.02292546054018086,0.54
5567,-0.3731757143354005,-0.0233363613546276,0.54
5568,-0.37324411126224377,-0.024014556328225686,0.54
5569,-0.3731577527405698,-0.024378206839773327,0.54
5570,-0.3732498250241749,-0.024801265808348037,0.54
5571,-0.37336615034708714,-0.025457748885419625,0.54
5572,-0.3732624506229535,-0.025845327173781955,0.54
5573,-0.37333306064231647,-0.026229118544965842,0.54
5574,-0.37338904091835967,-0.02688626522574303,0.54
5575,-0.37330218416498495,-0.027247900023644005,0.54
5576,-0.373391793701906,-0.027672517363526796,0.54
5577,-0.3734747137143819,-0.028348759500851275,0.54
5578,-0.37340708440325643,-0.028716317393887806,0.54
5579,-0.3735024948721685,-0.02914557350551314,0.54
5580,-0.3735674865486915,-0.02981991847863146,0.54
5581,-0.37349053759366785,-0.03019237633692408,0.54
5582,-0.3735726658072926,-0.03057586598422944,0.54
5583,-0.3736327522997406,-0.03124299987116699,0.54
5584,-0.37355674329247757,-0.031616758944327666,0.54
5585,-0.3736454843139156,-0.03205190666886129,0.54
5586,-0.3737067410334819,-0.03273623745084839,0.54
5587,-0.3736344866836138,-0.03311793059842608,0.54
5588,-0.3737225153236974,-0.03355500052432352,0.54
5589,-0.3738251673390101,-0.03420591203487612,0.54
5590,-0.37373389066633234,-0.034605051491777956,0.54
5591,-0.3738036949434046,-0.035005944540588536,0.54
5592,-0.37385338856321854,-0.035669822096307174,0.54
5593,-0.37378066884931394,-0.036045321918303584,0.54
5594,-0.3738659847232138,-0.036479761540025135,0.54
5595,-0.3739389770891509,-0.0371597085627263,0.54
5596,-0.3738831479232273,-0.03753864355605569,0.54
5597,-0.3739713135966067,-0.037966248417535674,0.54
5598,-0.37402849423491025,-0.03863318642070073,0.54
5599,-0.3739635016768823,-0.03901275693215135,0.54
5600,-0.374047115140466,-0.03944741463993864,0.54
5601,-0.3741002248312751,-0.04011329840997418,0.54
5602,-0.3740359039428986,-0.04049384340737442,0.54
5603,-0.3741133677563098,-0.04088140695309568,0.54
5604,-0.37416480996645307,-0.04152721386419569,0.54
5605,-0.3741007715175908,-0.04190227539748422,0.54
5606,-0.3741829768586972,-0.0423328051452231,0.54
5607,-0.37424661158363487,-0.042997099828493056,0.54
5608,-0.37419245817093555,-0.0433790245761288,0.54
5609,-0.37427739935627624,-0.04380904125117025,0.54
5610,-0.3743260749501495,-0.04446921330342641,0.54
5611,-0.37426284693188244,-0.044856262393561885,0.54
5612,-0.3743413510229901,-0.04528759169303168,0.54
5613,-0.37440371677976336,-0.04592019498690239,0.54
5614,-0.37435327340736707,-0.04628762952361693,0.54
5615,-0.37438982664160503,-0.04686088844597596,0.54
5616,-0.3744865525340847,-0.047254314319976766,0.54
5617,-0.37443657019703586,-0.04785177626411218,0.54
5618,-0.3745056972463597,-0.048357087625503385,0.54
5619,-0.3746342156765749,-0.048750723404957265,0.54
5620,-0.3745946646598092,-0.049353505657358056,0.54
5621,-0.3746684017939178,-0.04989843743013264,0.54
5622,-0.3747789383758865,-0.050268256611168745,0.54
5623,-0.37472662070004975,-0.05085354954121645,0.54
5624,-0.3747908095273292,-0.05138677019419952,0.54
5625,-0.3749083516082809,-0.05178843630446968,0.54
5626,-0.37483993389704123,-0.05237190353955219,0.54
5627,-0.374894612408148,-0.052899758656152596,0.54
5628,-0.37501771816323765,-0.05337940726326214,0.54
5629,-0.3749203411348652,-0.05394692175774038,0.54
5630,-0.3749619346252426,-0.05445665448158127,0.54
5631,-0.37507650038232254,-0.05491767128479633,0.54
5632,-0.37499433932177,-0.05549226854843182,0.54
5633,-0.3750404165247018,-0.05600041232158355,0.54
5634,-0.375152789169345,-0.056416259491232766,0.54
5635,-0.3750860121230191,-0.05698331011390601,0.54
5636,-0.3751359246687323,-0.05748461807469752,0.54
5637,-0.37524693435007783,-0.05789578918607006,0.54
5638,-0.3751624853746799,-0.05844520604564817,0.54
5639,-0.3752039430836811,-0.058936804948263026,0.54
5640,-0.3752704829347563,-0.05952131990138509,0.54
5641,-0.3752060692862419,-0.05986707794166014,0.54
5642,-0.3752205744231849,-0.0603808212730305,0.54
5643,-0.3753171875310859,-0.060842994342125305,0.54
5644,-0.3752191378168071,-0.061388712170795876,0.54
5645,-0.37525670147261825,-0.06187304479334572,0.54
5646,-0.3753671107849778,-0.06231399055782402,0.54
5647,-0.3753083504237725,-0.06287965182423695,0.54
5648,-0.37536002555195613,-0.06337463435656816,0.54
5649,-0.3754615815064106,-0.06374255093921678,0.54
5650,-0.37541165945231053,-0.06429124687360503,0.54
5651,-0.3754643030634045,-0.06478147342851076,0.54
5652,-0.37553088546741353,-0.06536057793630941,0.54
5653,-0.37545196987612756,-0.06573508136431114,0.54
5654,-0.3754577714120756,-0.06625381025563506,0.54
5655,-0.37554417212976793,-0.0666779684249398,0.54
5656,-0.3754652735827174,-0.06721838308120041,0.54
5657,-0.37550784969051426,-0.06769813885104305,0.54
5658,-0.3756165360191507,-0.0681352192000178,0.54
5659,-0.37557791498189697,-0.06869534524380401,0.54
5660,-0.37563022421982134,-0.06914983834724017,0.54
5661,-0.37573800169663707,-0.06957216293053962,0.54
5662,-0.37567944831814354,-0.07012613654410181,0.54
5663,-0.37572414197171017,-0.0706108455751997,0.54
5664,-0.3758263997773164,-0.07104848345005267,0.54
5665,-0.3757656972120288,-0.07159810839601258,0.54
5666,-0.3758071616997734,-0.07207896148549814,0.54
5667,-0.3759037621418595,-0.07251033022759173,0.54
5668,-0.37584053104309956,-0.07306423107086804,0.54
5669,-0.37587924992565364,-0.07354713581372829,0.54
5670,-0.3759755220427899,-0.07398053063353383,0.54
5671,-0.3759137258847631,-0.07452962806258948,0.54
5672,-0.3759517453086146,-0.0750078376955887,0.54
5673,-0.37600462477666013,-0.07556319827114988,0.54
5674,-0.375945974103813,-0.0759110951565748,0.54
5675,-0.3759539996124477,-0.07640849354517779,0.54
5676,-0.3760349848670188,-0.07685505838572086,0.54
5677,-0.3759727377275219,-0.07741300246948322,0.54
5678,-0.37601171293498675,-0.07789679514890915,0.54
5679,-0.3761066805532072,-0.07833303014482863,0.54
5680,-0.37605145056832934,-0.07887216068732754,0.54
5681,-0.3760920614291746,-0.07934826606579867,0.54
5682,-0.37618588585109486,-0.07978222837536575,0.54
5683,-0.3761385309179047,-0.08032875834908526,0.54
5684,-0.3761814063370718,-0.08080650728325044,0.54
5685,-0.3762310623642712,-0.0813521168308224,0.54
5686,-0.3761464991544551,-0.08173973737842272,0.54
5687,-0.37613865742034086,-0.08224480122512984,0.54
5688,-0.37617066190429505,-0.08280510869502926,0.54
5689,-0.3762550531980814,-0.0832112733794057,0.54
5690,-0.3761712522883008,-0.08370126778424791,0.54
5691,-0.37620299760336257,-0.08415116173709818,0.54
5692,-0.37625412014260334,-0.0846852258281388,0.54
5693,-0.3763090101395342,-0.0852580221022627,0.54
5694,-0.37626677454738056,-0.08561724292229114,0.54
5695,-0.37626808646985704,-0.08610625160490357,0.54
5696,-0.37630185705479774,-0.08665842259103256,0.54
5697,-0.37627171726819186,-0.08699771886556189,0.54
5698,-0.3762819546149899,-0.08748199131169994,0.54
5699,-0.3763234932708445,-0.08803405799103313,0.54
5700,-0.37640750307808807,-0.08841417601956769,0.54
5701,-0.37636126916406953,-0.08892388751762134,0.54
5702,-0.37636986821093177,-0.0894926053245228,0.54
5703,-0.3764525883537991,-0.08997797060929659,0.54
5704,-0.37639825186784076,-0.09033708215046424,0.54
5705,-0.37638939623340445,-0.09083721628542678,0.54
5706,-0.37642363499592957,-0.091400541917925,0.54
5707,-0.37647781269190106,-0.0919825033088859,0.54
5708,-0.3764670708727829,-0.09233721308140666,0.54
5709,-0.37648706385646286,-0.09282087884811423,0.54
5710,-0.3765168397044854,-0.09337261621151233,0.54
5711,-0.37649467735830067,-0.09372382223423077,0.54
5712,-0.3765042954055956,-0.09421382426636357,0.54
5713,-0.37655122429015325,-0.09476698527980569,0.54
5714,-0.3766156328385751,-0.09534260487389098,0.54
5715,-0.3765514035258667,-0.09576631410415133,0.54
5716,-0.37656425815035727,-0.09627352429176761,0.54
5717,-0.3766644888034252,-0.0967246491682951,0.54
5718,-0.3766282114380907,-0.09723712536575695,0.54
5719,-0.37662637238377467,-0.09780140256767805,0.54
5720,-0.3767149764589063,-0.09825159894256576,0.54
5721,-0.3766896658159222,-0.09876888328023109,0.54
5722,-0.3767639091526654,-0.09922258538330854,0.54
5723,-0.37682364295240073,-0.09975013889814284,0.54
5724,-0.3767508724948254,-0.10026688700233011,0.54
5725,-0.3768062037946755,-0.10071381413949478,0.54
5726,-0.3768820296852472,-0.10122470387481987,0.54
5727,-0.37682816401678415,-0.10174183696709163,0.54
5728,-0.3768923444585628,-0.10218750903201997,0.54
5729,-0.37693221070861455,-0.1027079194153716,0.54
5730,-0.37685315626211635,-0.10322107727251542,0.54
5731,-0.37690913546336785,-0.10366061858142861,0.54
5732,-0.3769907238960131,-0.10416225839659182,0.54
5733,-0.37695532713361496,-0.10468039157860108,0.54
5734,-0.3770288091420067,-0.10512103360909197,0.54
5735,-0.37707369523757794,-0.1056369282644331,0.54
5736,-0.37700386178549655,-0.10604007447190852,0.54
5737,-0.37702804680606583,-0.10652044793163863,0.54
5738,-0.37708772587252787,-0.10704886415181801,0.54
5739,-0.37702406361102075,-0.10755758992216732,0.54
5740,-0.37708874384142554,-0.10799251825679082,0.54
5741,-0.3771750576945456,-0.1084915254787767,0.54
5742,-0.37712075418246316,-0.10898481107787683,0.54
5743,-0.37714960954979654,-0.10950867181205351,0.54
5744,-0.3772433770556806,-0.10986977138469178,0.54
5745,-0.3772228733397292,-0.11033264126893927,0.54
5746,-0.37722840115115985,-0.1108624594022099,0.54
5747,-0.3772829590463762,-0.11140622300972189,0.54
5748,-0.3772621427942007,-0.11176924152320043,0.54
5749,-0.37728014712820684,-0.11224015998849993,0.54
5750,-0.37731685492037836,-0.11276676701989198,0.54
5751,-0.37727410608951806,-0.11314553731281812,0.54
5752,-0.3773035685326852,-0.11361941301392829,0.54
5753,-0.3773397722891206,-0.11414914593490166,0.54
5754,-0.37728708785605947,-0.11455509482567365,0.54
5755,-0.37733492307907013,-0.11503552217819017,0.54
5756,-0.3773902131133688,-0.11556742441176658,0.54
5757,-0.37733307689049617,-0.11608415568859619,0.54
5758,-0.37740739352363684,-0.11652757831719972,0.54
5759,-0.3774637508514828,-0.11703939725100507,0.54
5760,-0.3774064879073185,-0.11754709576702072,0.54
5761,-0.377477967084144,-0.11798384192109805,0.54
5762,-0.3775322190735162,-0.11849119572488002,0.54
5763,-0.3774841595445155,-0.1190053652767844,0.54
5764,-0.3775558234192105,-0.11944618509332997,0.54
5765,-0.3776086235242728,-0.11995311328529475,0.54
5766,-0.37755070954072334,-0.12045478870950344,0.54
5767,-0.3776164440440468,-0.12088697281299686,0.54
5768,-0.3776662806472022,-0.12138833377158265,0.54
5769,-0.37762812729264106,-0.12190270015478955,0.54
5770,-0.3776987955128193,-0.12234318168899423,0.54
5771,-0.37768019252240165,-0.1228385931627167,0.54
5772,-0.3777283029984759,-0.12335606669290215,0.54
5773,-0.37783634354432855,-0.12378905477673378,0.54
5774,-0.3778040613022914,-0.124252708748831,0.54
5775,-0.3777366412036969,-0.12475931160637152,0.54
5776,-0.3777588088499659,-0.1252815570092077,0.54
5777,-0.37786008076701894,-0.12571829610287358,0.54
5778,-0.3778553989780617,-0.12619313218898542,0.54
5779,-0.37787200558901224,-0.1267038036587083,0.54
5780,-0.37789840239685385,-0.12723113188208615,0.54
5781,-0.3778697985246956,-0.12760696543874905,0.54
5782,-0.37788634049473707,-0.12806742252369102,0.54
5783,-0.37791673067333026,-0.1285694825479538,0.54
5784,-0.377886785511819,-0.1290774758653981,0.54
5785,-0.377953651033053,-0.12951570197980936,0.54
5786,-0.37793625179324974,-0.12999590584961884,0.54
5787,-0.37795655769843345,-0.13050772926092874,0.54
5788,-0.3780036819729627,-0.13102938046411844,0.54
5789,-0.37796304459084173,-0.13152851934667983,0.54
5790,-0.37799536567659636,-0.13203404355332085,0.54
5791,-0.3780484168491788,-0.13254572592137895,0.54
5792,-0.37800365660389645,-0.13302013409248184,0.54
5793,-0.3780018654058428,-0.1335183908338132,0.54
5794,-0.3780460746191554,-0.13402018727131743,0.54
5795,-0.3780166487561783,-0.13450495014357042,0.54
5796,-0.37804623245318286,-0.13499701186247756,0.54
5797,-0.37808020311935553,-0.13549700706852302,0.54
5798,-0.37803845269446273,-0.13597247562929307,0.54
5799,-0.37806158312208665,-0.13645960216639097,0.54
5800,-0.3780933115969087,-0.13695382573258932,0.54
5801,-0.37806927223627396,-0.13743784675794055,0.54
5802,-0.37809191589813723,-0.13793079114579804,0.54
5803,-0.3781215148637373,-0.1384301153966841,0.54
5804,-0.3780971371155918,-0.13891607109230633,0.54
5805,-0.37811028519800016,-0.13941422587715718,0.54
5806,-0.37813548096797617,-0.13991369595716482,0.54
5807,-0.37811061381923405,-0.14039826147169446,0.54
5808,-0.3781321648182856,-0.1408863826344755,0.54
5809,-0.37816201247940545,-0.14137560987192918,0.54
5810,-0.3781395949685288,-0.1418523480021448,0.54
5811,-0.37814683404903376,-0.14233698222397667,0.54
5812,-0.3781693639002641,-0.14282389079214078,0.54
5813,-0.37819846372880006,-0.1433119426997145,0.54
5814,-0.37817614964173873,-0.1437852193226178,0.54
5815,-0.3781819673701884,-0.1442687020853098,0.54
5816,-0.37820264412613913,-0.14475172197097072,0.54
5817,-0.3782303635464425,-0.14523206121026838,0.54
5818,-0.37820783037697425,-0.14569382447654391,0.54
5819,-0.378212427151961,-0.1461648439517196,0.54
5820,-0.37823180924429434,-0.14663902496477227,0.54
5821,-0.37820651196056565,-0.14709981957671345,0.54
5822,-0.37821117066314314,-0.147570509325277,0.54
5823,-0.3782317586429634,-0.14804222563058128,0.54
5824,-0.37826013488658483,-0.1485120287350696,0.54
5825,-0.3782397201742166,-0.1489684006250953,0.54
5826,-0.37824471414570077,-0.14943733046338184,0.54
5827,-0.37826447627768073,-0.14990894418882564,0.54
5828,-0.3782917244460867,-0.1503791587187779,0.54
5829,-0.3782700232725902,-0.15083562096493738,0.54
5830,-0.3782750277726366,-0.15130191582271113,0.54
5831,-0.37829425418471596,-0.15177181782961532,0.54
5832,-0.3783201456879568,-0.15224248665701062,0.54
5833,-0.3782976289140602,-0.1526992404410868,0.54
5834,-0.3783016967173356,-0.1531659977048397,0.54
5835,-0.3783195567471497,-0.1536372739806481,0.54
5836,-0.3783446304634827,-0.15410800892882234,0.54
5837,-0.37832122760968695,-0.1545660041492405,0.54
5838,-0.37832436037279726,-0.15503349012806092,0.54
5839,-0.3783415327876184,-0.15550459199600694,0.54
5840,-0.37836611293743705,-0.15597527355941782,0.54
5841,-0.378342755731928,-0.15643268121778758,0.54
5842,-0.3783453159681902,-0.15689967435763902,0.54
5843,-0.3783615657913347,-0.1573706181662199,0.54
5844,-0.37838506843946773,-0.15784099892021525,0.54
5845,-0.3783607602098497,-0.15829900132623295,0.54
5846,-0.37836260864684135,-0.1587654303695881,0.54
5847,-0.3783782035238672,-0.15923524559870952,0.54
5848,-0.3784011067158011,-0.15970455764939498,0.54
5849,-0.3783765807775525,-0.1601621880436552,0.54
5850,-0.37837817108831767,-0.16062713458648972,0.54
5851,-0.3783945415574235,-0.16109177580165573,0.54
5852,-0.37841829003507443,-0.16155366736200938,0.54
5853,-0.3783967555606736,-0.16199968396180675,0.54
5854,-0.37840089839241164,-0.1624525372350331,0.54
5855,-0.3784183618231946,-0.16290807532870372,0.54
5856,-0.3784424338032812,-0.1633634211303028,0.54
5857,-0.378420537967424,-0.16380782194989177,0.54
5858,-0.37842347559433476,-0.16426133859341713,0.54
5859,-0.3784399512543708,-0.16471752765081293,0.54
5860,-0.3784622276926617,-0.16517544213308677,0.54
5861,-0.37843926080529977,-0.16562237723678463,0.54
5862,-0.3784410705105046,-0.1660781226754635,0.54
5863,-0.37845563510503805,-0.1665381300185004,0.54
5864,-0.3784771497251851,-0.16699803193318194,0.54
5865,-0.37845441079750175,-0.16744558121075862,0.54
5866,-0.3784555969195865,-0.16790276586330818,0.54
5867,-0.3784695959169665,-0.16836374498295162,0.54
5868,-0.37849005585725315,-0.16882548587444937,0.54
5869,-0.3785129319574109,-0.16928696359372017,0.54
5870,-0.37848854173644875,-0.1697365352293808,0.54
5871,-0.3784865900104613,-0.17019617774942594,0.54
5872,-0.378497197157986,-0.17065876697029644,0.54
5873,-0.3785136763379497,-0.1711226428515155,0.54
5874,-0.37848650302596376,-0.17157421143252602,0.54
5875,-0.37848344540219314,-0.1720330143522783,0.54
5876,-0.3784930467362354,-0.17249425559926343,0.54
5877,-0.37850863162856413,-0.17295783212312646,0.54
5878,-0.3785277152459161,-0.17341837021574416,0.54
5879,-0.3785011619826449,-0.17386718332154041,0.54
5880,-0.37849754259715224,-0.1743224243388343,0.54
5881,-0.37850543184825874,-0.17478199619003282,0.54
5882,-0.3785205915659588,-0.17523960180853293,0.54
5883,-0.378493239468278,-0.17568657853433522,0.54
5884,-0.3784897043962153,-0.17614021503225108,0.54
5885,-0.37849817561713545,-0.17659752303835374,0.54
5886,-0.37851284156813675,-0.17705458216449668,0.54
5887,-0.3785308842435264,-0.17750916111149193,0.54
5888,-0.3785046714202151,-0.17795183219321928,0.54
5889,-0.37850001219019813,-0.17840302955257245,0.54
5890,-0.3785070422107344,-0.1788576291396704,0.54
5891,-0.3785200736378092,-0.1793119995217828,0.54
5892,-0.37849197798905276,-0.1797549566798427,0.54
5893,-0.3784870398558543,-0.1802045505696859,0.54
5894,-0.3784939270116471,-0.1806579807935721,0.54
5895,-0.37850752893253836,-0.18110883159877134,0.54
5896,-0.37852320569688974,-0.1815587225391328,0.54
5897,-0.37849616202442043,-0.1819954236198105,0.54
5898,-0.37849016369575156,-0.1824401642788384,0.54
5899,-0.3784958506126022,-0.18288736293356161,0.54
5900,-0.3785076680241348,-0.18333454930874826,0.54
5901,-0.37847907028114885,-0.18376920789770304,0.54
5902,-0.37847263738695724,-0.1842115317061303,0.54
5903,-0.3784790615171148,-0.18465496839640147,0.54
5904,-0.37849155287279196,-0.18509890288855385,0.54
5905,-0.3785067890973397,-0.18554233819645347,0.54
5906,-0.3784752599053924,-0.18597643807726222,0.54
5907,-0.37846650955225275,-0.18641849644377298,0.54
5908,-0.37847060095721813,-0.18686254627251433,0.54
5909,-0.3784815506415161,-0.18730631253893368,0.54
5910,-0.37849471329903367,-0.18775069003619632,0.54
5911,-0.37846190631226795,-0.18818723268897236,0.54
5912,-0.37845298105483016,-0.18862730950358148,0.54
5913,-0.37845533369632395,-0.18907234696709582,0.54
5914,-0.3784636615517426,-0.189519581371013,0.54
5915,-0.3784749990142535,-0.1899660556425844,0.54
5916,-0.37844157585767874,-0.19040251860720217,0.54
5917,-0.37843179919865194,-0.190842054728447,0.54
5918,-0.37843375326129847,-0.1912836997086885,0.54
5919,-0.37844349681231615,-0.1917223082018036,0.54
5920,-0.3784555924765123,-0.1921617030045983,0.54
5921,-0.3784222785884388,-0.192594193795552,0.54
5922,-0.37841215338480244,-0.1930302564492419,0.54
5923,-0.3784134594892751,-0.19346996874888195,0.54
5924,-0.3784205666648923,-0.19391125556763433,0.54
5925,-0.37843111175778793,-0.19435057407748565,0.54
5926,-0.37839742063789117,-0.1947817325428961,0.54
5927,-0.37838560908859864,-0.19521815325637315,0.54
5928,-0.3783856606655112,-0.19565700674216063,0.54
5929,-0.3783919709933445,-0.19609616505050945,0.54
5930,-0.3783999926784706,-0.19653693510861847,0.54
5931,-0.3783644917800108,-0.1969694176837314,0.54
5932,-0.37835125385312496,-0.197405442483837,0.54
5933,-0.37835047864783306,-0.19784138973215723,0.54
5934,-0.37835512333724325,-0.19827912450188906,0.54
5935,-0.3783616170062709,-0.19871811097177924,0.54
5936,-0.3783260469908095,-0.19914632417725125,0.54
5937,-0.378311317156752,-0.19958123256291221,0.54
5938,-0.3783089868839504,-0.20001642104872952,0.54
5939,-0.37831133938603095,-0.2004543270995753,0.54
5940,-0.37831674935273735,-0.20089055408271114,0.54
5941,-0.3782787826338884,-0.20132003397959142,0.54
5942,-0.3782627308718872,-0.20175341687142512,0.54
5943,-0.37825908967385896,-0.20218664975264034,0.54
5944,-0.37826054905758016,-0.20262174293698554,0.54
5945,-0.3782639229659547,-0.20305801956844574,0.54
5946,-0.3782667304724774,-0.20349540522222082,0.54
5947,-0.3782276000013785,-0.2039206137201674,0.54
5948,-0.37820905375282693,-0.20435109091767464,0.54
5949,-0.3782009598310612,-0.20478529299739537,0.54
5950,-0.37819933348416207,-0.20521789048221978,0.54
5951,-0.37820033533554837,-0.20564897590761835,0.54
5952,-0.37815889898843835,-0.2060740745961986,0.54
5953,-0.3781394042493874,-0.2065021973467492,0.54
5954,-0.3781326316846602,-0.20692951288358763,0.54
5955,-0.3781321594732903,-0.20735560625941643,0.54
5956,-0.3781343156323011,-0.20778092630038625,0.54
5957,-0.3780948136689475,-0.20819997106610244,0.54
5958,-0.3780755927674941,-0.20862482337882163,0.54
5959,-0.3780675864986216,-0.2090507742528909,0.54
5960,-0.3780658642784183,-0.20947569900187743,0.54
5961,-0.3780658086445863,-0.2099017309552697,0.54
5962,-0.37802574758637747,-0.21031831693552525,0.54
5963,-0.37800575577702034,-0.2107402667149901,0.54
5964,-0.3779950884341589,-0.2111670800528018,0.54
5965,-0.3779909486505535,-0.2115922715691154,0.54
5966,-0.3779884840419143,-0.21201811271479148,0.54
5967,-0.3779466091923104,-0.21243449093221298,0.54
5968,-0.3779249586382543,-0.21285546997049928,0.54
5969,-0.3779128129875738,-0.21328057999344063,0.54
5970,-0.3779069140713331,-0.21370424062512858,0.54
5971,-0.3779036868534212,-0.2141281954961742,0.54
5972,-0.3778616297722261,-0.2145469709918995,0.54
5973,-0.37783989947466645,-0.21496864905091395,0.54
5974,-0.3778292385213113,-0.21538988816408777,0.54
5975,-0.3778230409729625,-0.21581326838598497,0.54
5976,-0.37781992110209106,-0.21623525134151358,0.54
5977,-0.3778166756850833,-0.21665823355746805,0.54
5978,-0.3777735521461401,-0.2170756611603326,0.54
5979,-0.37774898565915827,-0.21749720508694115,0.54
5980,-0.3777335097958968,-0.21792159216972604,0.54
5981,-0.377723848690536,-0.2183438772438212,0.54
5982,-0.37771498942977033,-0.2187683590625393,0.54
5983,-0.377668369377291,-0.21918631118618093,0.54
5984,-0.3776417486952432,-0.2196063672535202,0.54
5985,-0.3776246481533942,-0.2200290352436411,0.54
5986,-0.37761202255749104,-0.2204523795562833,0.54
5987,-0.37760293782468446,-0.22087242712200805,0.54
5988,-0.37759407906156983,-0.22129249452891553,0.54
5989,-0.37754587617344393,-0.2217067364840138,0.54
5990,-0.37751562523180093,-0.22212541726826202,0.54
5991,-0.37749420091465014,-0.2225470140811625,0.54
5992,-0.3774773175847566,-0.22296937129238384,0.54
5993,-0.3774618225689684,-0.2233922183846142,0.54
5994,-0.3774092709461935,-0.2238086358885221,0.54
5995,-0.37737670904333925,-0.2242265470269418,0.54
5996,-0.3773540480205989,-0.22464562882343345,0.54
5997,-0.37733714317639905,-0.2250638127452218,0.54
5998,-0.37732236275408043,-0.22548208998499394,0.54
5999,-0.37730777713505537,-0.22590043007549063,0.54
6000,-0.37725472733058235,-0.22631249806411335,0.54
6001,-0.37721993430675194,-0.22672725937066984,0.54
6002,-0.37719388665497683,-0.22714421792656947,0.54
6003,-0.37717278887495126,-0.2275606114531669,0.54
6004,-0.3771534119999177,-0.2279770813766413,0.54
6005,-0.37713438625808476,-0.22839362358029341,0.54
6006,-0.3770773165279932,-0.22880400409198548,0.54
6007,-0.37703737506656027,-0.2292200691127821,0.54
6008,-0.37700664747252804,-0.22963742168963033,0.54
6009,-0.3769809106681781,-0.2300546947890289,0.54
6010,-0.3769575386685499,-0.23047115920936848,0.54
6011,-0.37693462219850005,-0.23088663998484074,0.54
6012,-0.37687433437615714,-0.23129540322710984,0.54
6013,-0.37683199303296755,-0.23170702114176286,0.54
6014,-0.37679882567204614,-0.2321206677484319,0.54
6015,-0.37677072835833814,-0.2325341159070519,0.54
6016,-0.37677787551669223,-0.232942765339181,0.54
6017,-0.3767405387992721,-0.23337515720167024,0.54
6018,-0.3766843545598471,-0.23381202716933275,0.54
6019,-0.3765876181641933,-0.23423068996821333,0.54
6020,-0.37651916399318786,-0.23464274086621043,0.54
6021,-0.3764734012707762,-0.2350507657167389,0.54
6022,-0.37644158246324544,-0.23545782134492113,0.54
6023,-0.3764163778908531,-0.2358655829194707,0.54
6024,-0.37639250111350675,-0.2362748139229588,0.54
6025,-0.3763672573101553,-0.236684476427546,0.54
6026,-0.3763040545426155,-0.23708721063857607,0.54
6027,-0.3762792897893276,-0.23749151511812222,0.54
6028,-0.37623671287045374,-0.2379084400969227,0.54
6029,-0.3761860306599092,-0.2383232927863734,0.54
6030,-0.37613866212323116,-0.23872917404557242,0.54
6031,-0.3760989509971031,-0.23913074396314024,0.54
6032,-0.3760653592236788,-0.2395322386310192,0.54
6033,-0.3760000354396334,-0.23992984584959282,0.54
6034,-0.375964594978222,-0.24033403043350127,0.54
6035,-0.37592456517598843,-0.24074502789289834,0.54
6036,-0.3758817669191838,-0.24115547074493188,0.54
6037,-0.3758388260058376,-0.2415622322539852,0.54
6038,-0.37580580283998055,-0.2419631908033593,0.54
6039,-0.3757747193101501,-0.24236305128794036,0.54
6040,-0.37569864436318956,-0.24275839917903144,0.54
6041,-0.3756380310481302,-0.24315626092959566,0.54
6042,-0.3755919773298459,-0.24355332295733842,0.54
6043,-0.37555276052498054,-0.24395001969025995,0.54
6044,-0.3755144184345094,-0.24434797544806824,0.54
6045,-0.37547457484572144,-0.2447464188411713,0.54
6046,-0.37543124533427763,-0.2451460304800234,0.54
6047,-0.3753838984459819,-0.24554713276916681,0.54
6048,-0.37529292043453877,-0.24594252741577782,0.54
6049,-0.37522066298715073,-0.246342905230836,0.54
6050,-0.3751588841561636,-0.24674489986917345,0.54
6051,-0.37510172137173836,-0.24714682115168968,0.54
6052,-0.37504560327793945,-0.24754889846764766,0.54
6053,-0.37498707312061813,-0.24795277722555129,0.54
6054,-0.37492608428165236,-0.24835748971275898,0.54
6055,-0.37486149187371764,-0.248762295190871,0.54
6056,-0.3747937107240803,-0.24916792181429712,0.54
6057,-0.37468476906673004,-0.24956608548060882,0.54
6058,-0.37459664575525553,-0.2499681921895309,0.54
6059,-0.37452066722870714,-0.25037168654636094,0.54
6060,-0.3744512488396128,-0.2507750173666325,0.54
6061,-0.3743842590472172,-0.2511783575989723,0.54
6062,-0.37431664412238425,-0.25158246664185974,0.54
6063,-0.37424765130007515,-0.2519875914253211,0.54
6064,-0.3741765725314686,-0.2523935525486038,0.54
6065,-0.37410279493538046,-0.25280020394483177,0.54
6066,-0.37402509189387745,-0.2532102087805362,0.54
6067,-0.3739452788480979,-0.2536193835766768,0.54
6068,-0.3738261690589383,-0.25401874694036436,0.54
6069,-0.3737295156003945,-0.25442072103501895,0.54
6070,-0.373645634441854,-0.2548223803618381,0.54
6071,-0.3735686276270297,-0.25522302484937054,0.54
6072,-0.3734949384147386,-0.2556225354691807,0.54
6073,-0.37342051199771686,-0.2560225570883859,0.54
6074,-0.3733447751313382,-0.2564227559462511,0.54
6075,-0.37326698151531634,-0.256823143453362,0.54
6076,-0.37318698533241923,-0.25722232942625206,0.54
6077,-0.3731050970243594,-0.25762086820198166,0.54
6078,-0.37302125341595765,-0.25801920051681043,0.54
6079,-0.3729359858888008,-0.2584173801562763,0.54
6080,-0.3728492997107546,-0.25881544081506414,0.54
6081,-0.37276046914878996,-0.2592144580133656,0.54
6082,-0.3726706813337101,-0.2596133867076648,0.54
6083,-0.37258020472470665,-0.260011701662912,0.54
6084,-0.3724888977107439,-0.26040935805281434,0.54
6085,-0.3723973529726921,-0.26080634404717784,0.54
6086,-0.37230533236304014,-0.2612027565984522,0.54
6087,-0.3722125288730153,-0.2615981298893506,0.54
6088,-0.37211919222896234,-0.2619926282177068,0.54
6089,-0.3720253910487231,-0.26238610141810914,0.54
6090,-0.37193038030061754,-0.26278015332811167,0.54
6091,-0.3718351737846152,-0.26317358376476846,0.54
6092,-0.37173846857229814,-0.2635693639716633,0.54
6093,-0.3716411897161342,-0.26396356717915437,0.54
6094,-0.3715441942706019,-0.2643560086907874,0.54
6095,-0.37144738482813155,-0.2647471038345546,0.54
6096,-0.3713505178490035,-0.26513802511607054,0.54
6097,-0.37125299528902495,-0.26552747174123503,0.54
6098,-0.37115522199920875,-0.2659158946529138,0.54
6099,-0.37105637106065475,-0.26630467145219366,0.54
6100,-0.3709567187774693,-0.2666932115120098,0.54
6101,-0.37085661728503694,-0.26708100854199224,0.54
6102,-0.3707561614930061,-0.26746819229490487,0.54
6103,-0.3706547614749403,-0.2678547822112252,0.54
6104,-0.3705526905392778,-0.2682402867103667,0.54
6105,-0.37044932872975744,-0.268626176739103,0.54
6106,-0.3703453113602061,-0.2690118392255483,0.54
6107,-0.37024067400094124,-0.26939710255939214,0.54
6108,-0.3701354983925445,-0.269781650367555,0.54
6109,-0.37002978856316665,-0.2701654640076965,0.54
6110,-0.36992328245901523,-0.2705488437558492,0.54
6111,-0.36981556781188135,-0.27093257048573105,0.54
6112,-0.3697074498924681,-0.2713159685463981,0.54
6113,-0.3695971669417298,-0.2717016289328557,0.54
6114,-0.36948630062898313,-0.2720854286740253,0.54
6115,-0.36937527953953464,-0.27246599876875693,0.54
6116,-0.36926375164749536,-0.27284599882088967,0.54
6117,-0.3691519809870475,-0.2732245301454043,0.54
6118,-0.369040022481974,-0.27360170262237815,0.54
6119,-0.3689283950136563,-0.27397809039066234,0.54
6120,-0.368816373840832,-0.2743532802352168,0.54
6121,-0.36870426056954586,-0.2747286825326105,0.54
6122,-0.3685910339492448,-0.275104113719425,0.54
6123,-0.3684773384322449,-0.27547921676684456,0.54
6124,-0.3683627217849618,-0.27585340423705007,0.54
6125,-0.36824780500105747,-0.2762270925119352,0.54
6126,-0.3681322851447682,-0.27660042460166434,0.54
6127,-0.3680148587361391,-0.2769741922609214,0.54
6128,-0.36789668252359914,-0.27734723180905135,0.54
6129,-0.36777814718617824,-0.2777198394540736,0.54
6130,-0.3676587678460539,-0.2780915091427482,0.54
6131,-0.36753857417242264,-0.2784626436715089,0.54
6132,-0.3674173252242028,-0.2788345285539303,0.54
6133,-0.3672951975352865,-0.27920638527044006,0.54
6134,-0.3671721101222953,-0.279576841065614,0.54
6135,-0.3670477381759529,-0.2799473470166237,0.54
6136,-0.3669230575764175,-0.2803156366658272,0.54
6137,-0.3667984306910623,-0.2806814922551596,0.54
6138,-0.3666738970646945,-0.28104549873884266,0.54
6139,-0.36654910109680994,-0.2814083157130425,0.54
6140,-0.36642335361795136,-0.28177155185900205,0.54
6141,-0.3662971421358227,-0.2821335288709907,0.54
6142,-0.3661694445453229,-0.28249749717760436,0.54
6143,-0.3660416700984081,-0.2828605766550835,0.54
6144,-0.3659140295873079,-0.2832218452993648,0.54
6145,-0.36578593317536734,-0.28358264508665815,0.54
6146,-0.3656576372440126,-0.28394185398452676,0.54
6147,-0.3655289054850538,-0.2843005152280967,0.54
6148,-0.3653998500085128,-0.28465839085535555,0.54
6149,-0.3652697927911562,-0.28501569923477343,0.54
6150,-0.3651383481085166,-0.28537298813939016,0.54
6151,-0.36500577538035794,-0.2857302937290161,0.54
6152,-0.36487236886024776,-0.28608703243763295,0.54
6153,-0.36473770512510995,-0.28644367097766077,0.54
6154,-0.36460200901149875,-0.2867995175544571,0.54
6155,-0.3644653920686234,-0.2871552110596616,0.54
6156,-0.3643269025286669,-0.28751193103090594,0.54
6157,-0.36418752247284464,-0.2878678064295889,0.54
6158,-0.3640473694839556,-0.28822346386889913,0.54
6159,-0.3639059842549952,-0.28857942282401755,0.54
6160,-0.3637636584254567,-0.2889349969257266,0.54
6161,-0.36362035286596356,-0.2892908486961598,0.54
6162,-0.36347608198826414,-0.2896465119240789,0.54
6163,-0.3633298447382806,-0.2900036384726219,0.54
6164,-0.3631827757227949,-0.2903606907879515,0.54
6165,-0.36303519195191863,-0.29071691109793635,0.54
6166,-0.3628870139139436,-0.2910722619058864,0.54
6167,-0.36273781604708366,-0.2914277404582688,0.54
6168,-0.3625881388218034,-0.29178282481727674,0.54
6169,-0.3624379625266176,-0.29213799113436695,0.54
6170,-0.36228719567598505,-0.29249280933402094,0.54
6171,-0.36213579436600046,-0.29284770677855626,0.54
6172,-0.36198251325139624,-0.2932049152243402,0.54
6173,-0.3618282276675371,-0.29356167098662167,0.54
6174,-0.36167304138225215,-0.2939185677981034,0.54
6175,-0.36151762780448704,-0.294273915765852,0.54
6176,-0.36136213720532934,-0.29462767389911865,0.54
6177,-0.36120636022609726,-0.29498060948185995,0.54
6178,-0.36105056596762225,-0.29533275687652744,0.54
6179,-0.3608947145917267,-0.2956832216352499,0.54
6180,-0.3607384718819021,-0.29603251134255076,0.54
6181,-0.3605821622290153,-0.2963801724981688,0.54
6182,-0.36042573018704954,-0.296726335039703,0.54
6183,-0.3602681527403132,-0.29707339620336803,0.54
6184,-0.36011019997612864,-0.29741907653115696,0.54
6185,-0.3599520661330801,-0.29776292085574485,0.54
6186,-0.3597933586366743,-0.2981057941395129,0.54
6187,-0.3596343605930898,-0.2984474974625532,0.54
6188,-0.3594740676327368,-0.2987896011854744,0.54
6189,-0.3593133483926413,-0.2991306514237485,0.54
6190,-0.35914890162592744,-0.29947384522783654,0.54
6191,-0.35898370667475943,-0.29981692470686644,0.54
6192,-0.3588170868783618,-0.30016142540246227,0.54
6193,-0.35864745353094635,-0.300507758343482,0.54
6194,-0.3584772902634704,-0.3008543766055936,0.54
6195,-0.3583075486422032,-0.30119987571299306,0.54
6196,-0.358135031504017,-0.3015477453398243,0.54
6197,-0.35796269846684864,-0.30189535533676565,0.54
6198,-0.3577914580980395,-0.3022413666864881,0.54
6199,-0.3576180133700966,-0.30258872978869306,0.54
6200,-0.3574453469567171,-0.3029348631146312,0.54
6201,-0.3572744529033877,-0.3032785249264329,0.54
6202,-0.3571012920025918,-0.3036242953348857,0.54
6203,-0.35693013760407094,-0.30396753187490666,0.54
6204,-0.35676123019418904,-0.30430769696554305,0.54
6205,-0.35659371945502877,-0.3046457301749144,0.54
6206,-0.35642451825710186,-0.304984229852835,0.54
6207,-0.35625656408222367,-0.3053202245941421,0.54
6208,-0.3560895550918802,-0.3056541203325379,0.54
6209,-0.35592398261086333,-0.3059849984626724,0.54
6210,-0.35575600363800725,-0.306316643914021,0.54
6211,-0.35558851906041244,-0.3066462486073452,0.54
6212,-0.35542200186767053,-0.3069729901581541,0.54
6213,-0.35525191996482036,-0.30730179179310096,0.54
6214,-0.35508129127519766,-0.3076295528767542,0.54
6215,-0.35491081151582027,-0.3079551967933026,0.54
6216,-0.3547363103680721,-0.3082833419859737,0.54
6217,-0.3545612483752307,-0.30861050541443347,0.54
6218,-0.3543866736896447,-0.3089353240858977,0.54
6219,-0.3542083767383055,-0.30926249595730243,0.54
6220,-0.35402985621606764,-0.309588430989999,0.54
6221,-0.3538214219987353,-0.30987770455586006,0.54
6222,-0.35362567120914595,-0.31019361786166105,0.54
6223,-0.35344188306175806,-0.3105171561264928,0.54
6224,-0.3532631433242489,-0.3108432637727739,0.54
6225,-0.3530886355348531,-0.31116658552990395,0.54
6226,-0.3529127290552387,-0.31148957486039086,0.54
6227,-0.3527020138999823,-0.31177958722586774,0.54
6228,-0.35250257158633064,-0.3120953180062094,0.54
6229,-0.3523143822290865,-0.3124167999572388,0.54
6230,-0.35213363705149336,-0.31273875058481115,0.54
6231,-0.35195139765960193,-0.31306227069929465,0.54
6232,-0.35173494353069046,-0.3133500534429473,0.54
6233,-0.3515297151433872,-0.31366305730811606,0.54
6234,-0.3513377156302933,-0.3139800258941951,0.54
6235,-0.35115378238875355,-0.31429581550601854,0.54
6236,-0.35097024231661217,-0.31461420018761604,0.54
6237,-0.3507544269306356,-0.3148929717957173,0.54
6238,-0.3505515058025457,-0.3151938531394178,0.54
6239,-0.3503579258640236,-0.3155042587945593,0.54
6240,-0.3501712807991237,-0.3158150420097293,0.54
6241,-0.34998455631243686,-0.31612661971585176,0.54
6242,-0.34976508504592807,-0.3164003681477844,0.54
6243,-0.349556646415063,-0.31669909398319857,0.54
6244,-0.3493587522912956,-0.3170054406429697,0.54
6245,-0.3491663811557845,-0.3173140079925879,0.54
6246,-0.3489730465229452,-0.3176244472236517,0.54
6247,-0.3487471649090434,-0.3178972949877713,0.54
6248,-0.34853561455147253,-0.318190878657277,0.54
6249,-0.34832966039890045,-0.318496894952046,0.54
6250,-0.3481291664096827,-0.3188044585940565,0.54
6251,-0.3479304950762773,-0.31911220828460474,0.54
6252,-0.3476952879911809,-0.3193866505848897,0.54
6253,-0.34747396612007797,-0.31968209690729377,0.54
6254,-0.34726213297664915,-0.3199857902242098,0.54
6255,-0.3470549833046928,-0.320292782101961,0.54
6256,-0.34684594405549213,-0.3206030321982188,0.54
6257,-0.3466055971844239,-0.32087474885355227,0.54
6258,-0.3463789585256099,-0.32116808342291786,0.54
6259,-0.3461618658766692,-0.32146949740245784,0.54
6260,-0.3459464662872772,-0.32177637948625104,0.54
6261,-0.3457337428795386,-0.3220821845934842,0.54
6262,-0.3454908170665327,-0.3223491341228752,0.54
6263,-0.3452624923062034,-0.3226358299553111,0.54
6264,-0.34503862967977794,-0.32293739312301994,0.54
6265,-0.3448208663711382,-0.323239172675248,0.54
6266,-0.3446061665076325,-0.3235388411277652,0.54
6267,-0.34436147545654433,-0.32379973983735627,0.54
6268,-0.3441268260447007,-0.32408480281473845,0.54
6269,-0.34390080496170666,-0.32437966006417573,0.54
6270,-0.3436807301552075,-0.32467481725806246,0.54
6271,-0.3434588242637651,-0.32497316116660996,0.54
6272,-0.34320647389181,-0.3252342602195872,0.54
6273,-0.3429680907868801,-0.32551520984070603,0.54
6274,-0.3427394143596362,-0.32580318749386916,0.54
6275,-0.3425113472729823,-0.32609864606706795,0.54
6276,-0.34228649213654677,-0.3263911057793054,0.54
6277,-0.34203215558231087,-0.3266457463123312,0.54
6278,-0.3417867798852495,-0.3269263817298149,0.54
6279,-0.3415512177842965,-0.32721355648974493,0.54
6280,-0.3413201516038655,-0.3275025260956485,0.54
6281,-0.3410949427640904,-0.3277857249048699,0.54
6282,-0.3408437698586284,-0.32802865078693144,0.54
