
You are a global Reinforcement Learning policy optimizer, helping me find the global optimal policy in the following environment.

# Environment:
     In this robot cleaning environment, the swiffer duster is connected to the UR5e robot at the end-effector. The swiffer duster is used to clean a tabletop that is covered with light balls. The trajectory of the swiffer across 2D Plane ( x, y ) should follow a smooth motion to  clean all the balls from the tabletop. The dimension ( x ∈ [-1.350, 1.350], y ∈ [-0.650, 0.650] ) of tabletop is broken down in 2x3 grid. The number of balls in each segment of the grid is  based on the motion of the swiffer.
     The policy used for generating the trajectory of the swiffer is a dynamic movement primitives (dmp) with number of basis function (n_bfs = 25) for each degree of freedom ( x, y ). The cost is calculated as total number of balls on the tabletop are 135  which is broken down spatially based on the number of balls in each segment of the grid (represented as: rows=y high→low, cols=x left→right). 
# Regarding the parameters : Weights for the dmp policy are flattened [x then y] with total length 50. You will help me find optimal weights that minimize the cost. 

# Here's how we will interact :
    1) I will provide you max steps (500) along with a couple of training examples which includes weights for the policy, cost, x-y trajectories for each example 
    2) You will provide the response in exact following format: 
        Output: STRICTLY one JSON object on a single line (no code fences). Include a brief "reason" and the "weights":
        {"reason": "one sentence explaining coverage, bounds adherence, and trajectory improvements", "weights": [exactly 50 floats]}
    3) I will then provide the cost in two representations (total ball count, grid ball count) and the x-y trajectories at that point and the current iteration.
    4) You will repeat the steps from 2-3 until we will reach a maximum number of iteration.

# Remember :
    1) XY WORKSPACE LIMITS (meters): x ∈ [-1.350, 1.350], y ∈ [-0.650, 0.650]. Any path implied by your weights must keep the 2D trajectory strictly within these bounds.
    2) When creating weights, use the trajectory feedback to understand:
      * If previous motions stayed in bounds
      * Which areas were actually covered vs missed
      * How smooth/erratic the motion was
      * Where the robot spent time vs where balls remain
    3) Balance between exploration and exploitation. 
    4) Search both the positive and the negative values.
    5) The global optimum should be at 50 balls in each grid segment (50 total balls). If you are below that, this is just a local optimum. You should explore rather than exploiting.

Next :
     You will see examples of the dmp weights and their corresponding trajectory and cost.
      # Example 1:
     weights =  [84.993855, 69.885069, 55.206646, 42.306527, 32.309473, 24.273628, 12.420855, -7.368554, -24.351259, -28.730552, -34.305447, -50.96178, -73.563352, -95.873989, -116.474452, -135.129149, -149.577451, -159.238397, -166.375785, -171.873775, -173.325799, -168.103406, -154.11261, -132.871615, -110.755176, -90.821882, -71.419665, -52.33974, -35.634237, -21.18727, -7.303905, 6.098977, 19.240626, 33.455577, 50.216669, 69.857061, 91.259438, 111.596813, 129.704331, 145.486411, 157.232589, 165.402812, 170.847044, 172.445849, 169.429601, 162.092667, 149.79719, 133.344939, 116.11635, 100.117687, 34.254739, 29.930115, 24.678004, 18.37642, 11.170079, 2.594627, -11.680548, -38.735428, -61.330785, -54.551031, -39.820681, -36.935136, -39.02968, -40.045511, -39.303201, -36.18576, -29.635765, -20.488875, -9.569289, 2.788452, 14.835595, 24.992636, 31.936633, 35.02832, 35.098438, 32.884945, 28.724358, 23.129088, 16.82561, 10.515734, 4.220914, -2.627085, -10.225675, -18.073946, -25.517172, -31.15169, -34.177154, -35.122555, -33.961812, -30.347473, -23.521878, -13.65379, -2.620972, 8.878889, 20.748335, 31.418109, 38.337951, 40.379633, 39.578511, 37.560793] 
     Trajectory = [0.011, -0.173, 0.01, -0.173, 0.01, -0.173, 0.01, -0.173, 0.01, -0.174, 0.01, -0.175, 0.01, -0.175, 0.01, -0.176, 0.01, -0.177, 0.009, -0.178, 0.009, -0.179, 0.009, -0.18, 0.009, -0.181, 0.009, -0.182, 0.008, -0.183, 0.008, -0.184, 0.008, -0.186, 0.007, -0.187, 0.007, -0.188, 0.007, -0.19, 0.006, -0.191, 0.006, -0.193, 0.006, -0.194, 0.005, -0.196, 0.005, -0.197, 0.004, -0.199, 0.004, -0.201, 0.003, -0.202, 0.003, -0.204, 0.003, -0.206, 0.002, -0.207, 0.002, -0.209, 0.001, -0.211, 0.0, -0.212, -0.0, -0.214, -0.001, -0.216, -0.001, -0.218, -0.002, -0.219, -0.002, -0.221, -0.003, -0.223, -0.003, -0.225, -0.004, -0.227, -0.005, -0.228, -0.005, -0.23, -0.006, -0.232, -0.007, -0.234, -0.007, -0.235, -0.008, -0.237, -0.008, -0.239, -0.009, -0.24, -0.01, -0.242, -0.01, -0.244, -0.011, -0.246, -0.012, -0.247, -0.013, -0.249, -0.013, -0.251, -0.014, -0.252, -0.015, -0.254, -0.015, -0.255, -0.016, -0.257, -0.017, -0.259, -0.018, -0.26, -0.018, -0.262, -0.019, -0.263, -0.02, -0.265, -0.021, -0.266, -0.021, -0.268, -0.022, -0.269, -0.023, -0.271, -0.024, -0.272, -0.024, -0.274, -0.025, -0.275, -0.026, -0.276, -0.027, -0.278, -0.028, -0.279, -0.028, -0.28, -0.029, -0.282, -0.03, -0.283, -0.031, -0.284, -0.032, -0.286, -0.033, -0.287, -0.033, -0.288, -0.034, -0.289, -0.035, -0.29, -0.036, -0.292, -0.037, -0.293, -0.037, -0.294, -0.038, -0.295, -0.039, -0.296, -0.04, -0.297, -0.041, -0.298, -0.042, -0.299, -0.043, -0.3, -0.043, -0.301, -0.044, -0.302, -0.045, -0.303, -0.046, -0.304, -0.047, -0.305, -0.048, -0.305, -0.049, -0.306, -0.05, -0.307, -0.05, -0.308, -0.051, -0.309, -0.052, -0.31, -0.053, -0.31, -0.054, -0.311, -0.055, -0.312, -0.056, -0.312, -0.057, -0.313, -0.057, -0.314, -0.058, -0.314, -0.059, -0.315, -0.06, -0.316, -0.061, -0.316, -0.062, -0.317, -0.063, -0.317, -0.064, -0.318, -0.065, -0.318, -0.066, -0.319, -0.067, -0.319, -0.068, -0.32, -0.068, -0.32, -0.069, -0.321, -0.07, -0.321, -0.071, -0.321, -0.072, -0.322, -0.073, -0.322, -0.074, -0.322, -0.075, -0.323, -0.076, -0.323, -0.077, -0.323, -0.078, -0.324, -0.079, -0.324, -0.08, -0.324, -0.081, -0.324, -0.082, -0.325, -0.083, -0.325, -0.084, -0.325, -0.085, -0.325, -0.086, -0.325, -0.087, -0.326, -0.088, -0.326, -0.089, -0.326, -0.09, -0.326, -0.091, -0.326, -0.092, -0.326, -0.093, -0.326, -0.094, -0.326, -0.095, -0.326, -0.096, -0.327, -0.097, -0.327, -0.098, -0.327, -0.099, -0.327, -0.1, -0.327, -0.101, -0.327, -0.102, -0.327, -0.103, -0.327, -0.104, -0.327, -0.105, -0.327, -0.106, -0.326, -0.107, -0.326, -0.108, -0.326, -0.109, -0.326, -0.111, -0.326, -0.112, -0.326, -0.113, -0.326, -0.114, -0.326, -0.115, -0.326, -0.116, -0.326, -0.117, -0.326, -0.118, -0.325, -0.119, -0.325, -0.121, -0.325, -0.122, -0.325, -0.123, -0.325, -0.124, -0.325, -0.125, -0.325, -0.126, -0.324, -0.127, -0.324, -0.129, -0.324, -0.13, -0.324, -0.131, -0.324, -0.132, -0.323, -0.133, -0.323, -0.135, -0.323, -0.136, -0.323, -0.137, -0.323, -0.138, -0.322, -0.139, -0.322, -0.141, -0.322, -0.142, -0.322, -0.143, -0.321, -0.144, -0.321, -0.146, -0.321, -0.147, -0.321, -0.148, -0.321, -0.15, -0.32, -0.151, -0.32, -0.152, -0.32, -0.153, -0.32, -0.155, -0.319, -0.156, -0.319, -0.157, -0.319, -0.159, -0.319, -0.16, -0.318, -0.161, -0.318, -0.163, -0.318, -0.164, -0.318, -0.165, -0.317, -0.167, -0.317, -0.168, -0.317, -0.17, -0.316, -0.171, -0.316, -0.172, -0.316, -0.174, -0.316, -0.175, -0.315, -0.177, -0.315, -0.178, -0.315, -0.179, -0.315, -0.181, -0.314, -0.182, -0.314, -0.184, -0.314, -0.185, -0.314, -0.187, -0.313, -0.188, -0.313, -0.19, -0.313, -0.191, -0.313, -0.193, -0.312, -0.194, -0.312, -0.195, -0.312, -0.197, -0.312, -0.199, -0.311, -0.2, -0.311, -0.202, -0.311, -0.203, -0.311, -0.205, -0.31, -0.206, -0.31, -0.208, -0.31, -0.209, -0.31, -0.211, -0.309, -0.212, -0.309, -0.214, -0.309, -0.216, -0.309, -0.217, -0.308, -0.219, -0.308, -0.22, -0.308, -0.222, -0.308, -0.224, -0.307, -0.225, -0.307, -0.227, -0.307, -0.229, -0.307, -0.23, -0.307, -0.232, -0.306, -0.234, -0.306, -0.235, -0.306, -0.237, -0.306, -0.239, -0.306, -0.24, -0.305, -0.242, -0.305, -0.244, -0.305, -0.245, -0.305, -0.247, -0.305, -0.249, -0.304, -0.25, -0.304, -0.252, -0.304, -0.254, -0.304, -0.256, -0.304, -0.257, -0.303, -0.259, -0.303, -0.261, -0.303, -0.263, -0.303, -0.264, -0.303, -0.266, -0.303, -0.268, -0.302, -0.27, -0.302, -0.272, -0.302, -0.273, -0.302, -0.275, -0.302, -0.277, -0.302, -0.279, -0.302, -0.281, -0.301, -0.282, -0.301, -0.284, -0.301, -0.286, -0.301, -0.288, -0.301, -0.29, -0.301, -0.292, -0.301, -0.293, -0.3, -0.295, -0.3, -0.297, -0.3, -0.299, -0.3, -0.301, -0.3, -0.303, -0.3, -0.305, -0.3, -0.307, -0.3, -0.308, -0.299, -0.31, -0.299, -0.312, -0.299, -0.314, -0.299, -0.316, -0.299, -0.318, -0.299, -0.32, -0.299, -0.322, -0.299, -0.324, -0.299, -0.326, -0.298, -0.328, -0.298, -0.33, -0.298, -0.331, -0.298, -0.333, -0.298, -0.335, -0.298, -0.337, -0.298, -0.339, -0.298, -0.341, -0.298, -0.343, -0.298, -0.345, -0.298, -0.347, -0.297, -0.349, -0.297, -0.351, -0.297, -0.353, -0.297, -0.355, -0.297, -0.357, -0.297, -0.359, -0.297, -0.361, -0.297, -0.363, -0.297, -0.365, -0.297, -0.367, -0.297, -0.369, -0.297, -0.371, -0.297, -0.373, -0.296, -0.375, -0.296, -0.377, -0.296, -0.379, -0.296, -0.381, -0.296, -0.383, -0.296, -0.385, -0.296, -0.387, -0.296, -0.389, -0.296, -0.391, -0.296, -0.393, -0.296, -0.395, -0.296, -0.397, -0.296, -0.399, -0.296, -0.401, -0.296, -0.403, -0.296, -0.405, -0.295, -0.407, -0.295, -0.409, -0.295, -0.411, -0.295, -0.413, -0.295, -0.415, -0.295, -0.417, -0.295, -0.419, -0.295, -0.421, -0.295, -0.423, -0.295, -0.426, -0.295, -0.428, -0.295, -0.43, -0.295, -0.432, -0.295, -0.434, -0.295, -0.436, -0.295, -0.438, -0.294, -0.44, -0.294, -0.442, -0.294, -0.444, -0.294, -0.446, -0.294, -0.448, -0.294, -0.45, -0.294, -0.452, -0.294, -0.454, -0.294, -0.456, -0.294, -0.458, -0.294, -0.46, -0.294, -0.462, -0.294, -0.464, -0.294, -0.466, -0.294, -0.469, -0.293, -0.471, -0.293, -0.473, -0.293, -0.475, -0.293, -0.477, -0.293, -0.479, -0.293, -0.481, -0.293, -0.483, -0.293, -0.485, -0.293, -0.487, -0.293, -0.489, -0.293, -0.491, -0.293, -0.493, -0.292, -0.495, -0.292, -0.497, -0.292, -0.499, -0.292, -0.501, -0.292, -0.503, -0.292, -0.505, -0.292, -0.507, -0.292, -0.509, -0.292, -0.511, -0.292, -0.513, -0.291, -0.515, -0.291, -0.517, -0.291, -0.52, -0.291, -0.522, -0.291, -0.524, -0.291, -0.526, -0.291, -0.528, -0.291, -0.53, -0.29, -0.532, -0.29, -0.534, -0.29, -0.536, -0.29, -0.538, -0.29, -0.54, -0.29, -0.542, -0.29, -0.544, -0.29, -0.546, -0.289, -0.548, -0.289, -0.55, -0.289, -0.552, -0.289, -0.554, -0.289, -0.556, -0.289, -0.558, -0.289, -0.56, -0.288, -0.562, -0.288, -0.564, -0.288, -0.566, -0.288, -0.568, -0.288, -0.57, -0.288, -0.572, -0.287, -0.574, -0.287, -0.576, -0.287, -0.578, -0.287, -0.58, -0.287, -0.581, -0.286, -0.583, -0.286, -0.585, -0.286, -0.587, -0.286, -0.589, -0.286, -0.591, -0.285, -0.593, -0.285, -0.595, -0.285, -0.597, -0.285, -0.599, -0.285, -0.601, -0.284, -0.603, -0.284, -0.605, -0.284, -0.607, -0.284, -0.609, -0.283, -0.611, -0.283, -0.613, -0.283, -0.614, -0.283, -0.616, -0.283, -0.618, -0.282, -0.62, -0.282, -0.622, -0.282, -0.624, -0.282, -0.626, -0.281, -0.628, -0.281, -0.63, -0.281, -0.631, -0.28, -0.633, -0.28, -0.635, -0.28, -0.637, -0.28, -0.639, -0.279, -0.641, -0.279, -0.643, -0.279, -0.645, -0.278, -0.646, -0.278, -0.648, -0.278, -0.65, -0.278, -0.652, -0.277, -0.654, -0.277, -0.656, -0.277, -0.657, -0.276, -0.659, -0.276, -0.661, -0.276, -0.663, -0.275, -0.665, -0.275, -0.667, -0.275, -0.668, -0.274, -0.67, -0.274, -0.672, -0.274, -0.674, -0.273, -0.675, -0.273, -0.677, -0.273, -0.679, -0.272, -0.681, -0.272, -0.683, -0.271, -0.684, -0.271, -0.686, -0.271, -0.688, -0.27, -0.69, -0.27, -0.691, -0.27, -0.693, -0.269, -0.695, -0.269, -0.697, -0.268, -0.698, -0.268, -0.7, -0.268, -0.702, -0.267, -0.703, -0.267, -0.705, -0.266, -0.707, -0.266, -0.709, -0.265, -0.71, -0.265, -0.712, -0.265, -0.714, -0.264, -0.715, -0.264, -0.717, -0.263, -0.719, -0.263, -0.72, -0.262, -0.722, -0.262, -0.724, -0.261, -0.725, -0.261, -0.727, -0.261, -0.729, -0.26, -0.73, -0.26, -0.732, -0.259, -0.733, -0.259, -0.735, -0.258, -0.737, -0.258, -0.738, -0.257, -0.74, -0.257, -0.741, -0.256, -0.743, -0.256, -0.745, -0.255, -0.746, -0.255, -0.748, -0.254, -0.749, -0.254, -0.751, -0.253, -0.753, -0.252, -0.754, -0.252, -0.756, -0.251, -0.757, -0.251, -0.759, -0.25, -0.76, -0.25, -0.762, -0.249, -0.763, -0.249, -0.765, -0.248, -0.766, -0.247, -0.768, -0.247, -0.769, -0.246, -0.771, -0.246, -0.772, -0.245, -0.774, -0.245, -0.775, -0.244, -0.777, -0.243, -0.778, -0.243, -0.78, -0.242, -0.781, -0.242, -0.783, -0.241, -0.784, -0.24, -0.786, -0.24, -0.787, -0.239, -0.788, -0.238, -0.79, -0.238, -0.791, -0.237, -0.793, -0.236, -0.794, -0.236, -0.796, -0.235, -0.797, -0.235, -0.798, -0.234, -0.8, -0.233, -0.801, -0.233, -0.802, -0.232, -0.804, -0.231, -0.805, -0.231, -0.807, -0.23, -0.808, -0.229, -0.809, -0.228, -0.811, -0.228, -0.812, -0.227, -0.813, -0.226, -0.815, -0.226, -0.816, -0.225, -0.817, -0.224, -0.819, -0.224, -0.82, -0.223, -0.821, -0.222, -0.822, -0.221, -0.824, -0.221, -0.825, -0.22, -0.826, -0.219, -0.828, -0.218, -0.829, -0.218, -0.83, -0.217, -0.831, -0.216, -0.833, -0.215, -0.834, -0.215, -0.835, -0.214, -0.836, -0.213, -0.838, -0.212, -0.839, -0.212, -0.84, -0.211, -0.841, -0.21, -0.842, -0.209, -0.844, -0.208, -0.845, -0.208, -0.846, -0.207, -0.847, -0.206, -0.848, -0.205, -0.85, -0.204, -0.851, -0.204, -0.852, -0.203, -0.853, -0.202, -0.854, -0.201, -0.855, -0.2, -0.857, -0.199, -0.858, -0.199, -0.859, -0.198, -0.86, -0.197, -0.861, -0.196, -0.862, -0.195, -0.863, -0.194, -0.864, -0.194, -0.866, -0.193, -0.867, -0.192, -0.868, -0.191, -0.869, -0.19, -0.87, -0.189, -0.871, -0.188, -0.872, -0.187, -0.873, -0.187, -0.874, -0.186, -0.875, -0.185, -0.876, -0.184, -0.877, -0.183, -0.878, -0.182, -0.879, -0.181, -0.88, -0.18, -0.881, -0.179, -0.882, -0.179, -0.883, -0.178, -0.884, -0.177, -0.885, -0.176, -0.886, -0.175, -0.887, -0.174, -0.888, -0.173, -0.889, -0.172, -0.89, -0.171, -0.891, -0.17, -0.892, -0.169, -0.893, -0.168, -0.894, -0.167, -0.895, -0.166, -0.896, -0.165, -0.897, -0.165, -0.898, -0.164, -0.899, -0.163, -0.9, -0.162, -0.901, -0.161, -0.902, -0.16, -0.903, -0.159, -0.904, -0.158, -0.904, -0.157, -0.905, -0.156, -0.906, -0.155, -0.907, -0.154, -0.908, -0.153, -0.909, -0.152, -0.91, -0.151, -0.911, -0.15, -0.912, -0.149, -0.912, -0.148, -0.913, -0.147, -0.914, -0.146, -0.915, -0.145, -0.916, -0.144, -0.917, -0.143, -0.917, -0.142, -0.918, -0.141, -0.919, -0.14, -0.92, -0.139, -0.921, -0.138, -0.921, -0.137, -0.922, -0.136, -0.923, -0.135, -0.924, -0.134, -0.925, -0.133, -0.925, -0.132, -0.926, -0.131, -0.927, -0.13, -0.928, -0.128, -0.928, -0.127, -0.929, -0.126, -0.93, -0.125, -0.931, -0.124, -0.931, -0.123, -0.932, -0.122, -0.933, -0.121, -0.934, -0.12, -0.934, -0.119, -0.935, -0.118, -0.936, -0.117, -0.936, -0.116, -0.937, -0.115, -0.938, -0.114, -0.938, -0.113, -0.939, -0.112, -0.94, -0.11, -0.94, -0.109, -0.941, -0.108, -0.942, -0.107, -0.942, -0.106, -0.943, -0.105, -0.944, -0.104, -0.944, -0.103, -0.945, -0.102, -0.946, -0.101, -0.946, -0.1, -0.947, -0.099, -0.947, -0.097, -0.948, -0.096, -0.949, -0.095, -0.949, -0.094, -0.95, -0.093, -0.95, -0.092, -0.951, -0.091, -0.952, -0.09, -0.952, -0.089, -0.953, -0.088, -0.953, -0.086, -0.954, -0.085, -0.954, -0.084, -0.955, -0.083, -0.955, -0.082, -0.956, -0.081, -0.956, -0.08, -0.957, -0.079, -0.957, -0.078, -0.958, -0.076, -0.958, -0.075, -0.959, -0.074, -0.959, -0.073, -0.96, -0.072, -0.96, -0.071, -0.961, -0.07, -0.961, -0.069, -0.962, -0.068, -0.962, -0.066, -0.963, -0.065, -0.963, -0.064, -0.963, -0.063, -0.964, -0.062, -0.964, -0.061, -0.965, -0.06, -0.965, -0.059, -0.965, -0.057, -0.966, -0.056, -0.966, -0.055, -0.967, -0.054, -0.967, -0.053, -0.967, -0.052, -0.968, -0.051, -0.968, -0.05, -0.968, -0.048, -0.969, -0.047, -0.969, -0.046, -0.969, -0.045, -0.97, -0.044, -0.97, -0.043, -0.97, -0.042, -0.97, -0.041, -0.971, -0.039, -0.971, -0.038, -0.971, -0.037, -0.972, -0.036, -0.972, -0.035, -0.972, -0.034, -0.972, -0.033, -0.973, -0.032, -0.973, -0.031, -0.973, -0.029, -0.973, -0.028, -0.973, -0.027, -0.974, -0.026, -0.974, -0.025, -0.974, -0.024, -0.974, -0.023, -0.974, -0.022, -0.974, -0.02, -0.975, -0.019, -0.975, -0.018, -0.975, -0.017, -0.975, -0.016, -0.975, -0.015, -0.975, -0.014, -0.975, -0.013, -0.975, -0.012, -0.975, -0.011, -0.976, -0.009, -0.976, -0.008, -0.976, -0.007, -0.976, -0.006, -0.976, -0.005, -0.976, -0.004, -0.976, -0.003, -0.976, -0.002, -0.976, -0.001, -0.976, 0.0, -0.976, 0.002, -0.976, 0.003, -0.976, 0.004, -0.976, 0.005, -0.976, 0.006, -0.976, 0.007, -0.976, 0.008, -0.976, 0.009, -0.976, 0.01, -0.975, 0.011, -0.975, 0.012, -0.975, 0.013, -0.975, 0.014, -0.975, 0.016, -0.975, 0.017, -0.975, 0.018, -0.975, 0.019, -0.974, 0.02, -0.974, 0.021, -0.974, 0.022, -0.974, 0.023, -0.974, 0.024, -0.974, 0.025, -0.973, 0.026, -0.973, 0.027, -0.973, 0.028, -0.973, 0.029, -0.972, 0.03, -0.972, 0.031, -0.972, 0.032, -0.972, 0.033, -0.971, 0.034, -0.971, 0.035, -0.971, 0.036, -0.97, 0.037, -0.97, 0.038, -0.97, 0.04, -0.969, 0.041, -0.969, 0.042, -0.969, 0.043, -0.968, 0.044, -0.968, 0.045, -0.968, 0.046, -0.967, 0.047, -0.967, 0.048, -0.966, 0.049, -0.966, 0.05, -0.965, 0.05, -0.965, 0.051, -0.965, 0.052, -0.964, 0.053, -0.964, 0.054, -0.963, 0.055, -0.963, 0.056, -0.962, 0.057, -0.962, 0.058, -0.961, 0.059, -0.961, 0.06, -0.96, 0.061, -0.959, 0.062, -0.959, 0.063, -0.958, 0.064, -0.958, 0.065, -0.957, 0.066, -0.956, 0.067, -0.956, 0.068, -0.955, 0.069, -0.955, 0.07, -0.954, 0.07, -0.953, 0.071, -0.953, 0.072, -0.952, 0.073, -0.951, 0.074, -0.951, 0.075, -0.95, 0.076, -0.949, 0.077, -0.948, 0.078, -0.948, 0.079, -0.947, 0.079, -0.946, 0.08, -0.945, 0.081, -0.945, 0.082, -0.944, 0.083, -0.943, 0.084, -0.942, 0.085, -0.941, 0.085, -0.94, 0.086, -0.94, 0.087, -0.939, 0.088, -0.938, 0.089, -0.937, 0.09, -0.936, 0.09, -0.935, 0.091, -0.934, 0.092, -0.933, 0.093, -0.932, 0.094, -0.931, 0.095, -0.931, 0.095, -0.93, 0.096, -0.929, 0.097, -0.928, 0.098, -0.927, 0.099, -0.926, 0.099, -0.925, 0.1, -0.924, 0.101, -0.923, 0.102, -0.922, 0.102, -0.92, 0.103, -0.919, 0.104, -0.918, 0.105, -0.917, 0.105, -0.916, 0.106, -0.915, 0.107, -0.914, 0.108, -0.913, 0.108, -0.912, 0.109, -0.911, 0.11, -0.909, 0.111, -0.908, 0.111, -0.907, 0.112, -0.906, 0.113, -0.905, 0.113, -0.904, 0.114, -0.902, 0.115, -0.901, 0.115, -0.9, 0.116, -0.899, 0.117, -0.897, 0.117, -0.896, 0.118, -0.895, 0.119, -0.894, 0.119, -0.892, 0.12, -0.891, 0.121, -0.89, 0.121, -0.888, 0.122, -0.887, 0.123, -0.886, 0.123, -0.884, 0.124, -0.883, 0.125, -0.882, 0.125, -0.88, 0.126, -0.879, 0.126, -0.878, 0.127, -0.876, 0.128, -0.875, 0.128, -0.874, 0.129, -0.872, 0.129, -0.871, 0.13, -0.869, 0.131, -0.868, 0.131, -0.866, 0.132, -0.865, 0.132, -0.863, 0.133, -0.862, 0.133, -0.86, 0.134, -0.859, 0.134, -0.857, 0.135, -0.856, 0.135, -0.854, 0.136, -0.853, 0.137, -0.851, 0.137, -0.85, 0.138, -0.848, 0.138, -0.847, 0.139, -0.845, 0.139, -0.844, 0.14, -0.842, 0.14, -0.841, 0.141, -0.839, 0.141, -0.837, 0.141, -0.836, 0.142, -0.834, 0.142, -0.833, 0.143, -0.831, 0.143, -0.829, 0.144, -0.828, 0.144, -0.826, 0.145, -0.824, 0.145, -0.823, 0.146, -0.821, 0.146, -0.819, 0.146, -0.818, 0.147, -0.816, 0.147, -0.814, 0.148, -0.813, 0.148, -0.811, 0.148, -0.809, 0.149, -0.808, 0.149, -0.806, 0.15, -0.804, 0.15, -0.802, 0.15, -0.801, 0.151, -0.799, 0.151, -0.797, 0.151, -0.795, 0.152, -0.794, 0.152, -0.792, 0.152, -0.79, 0.153, -0.788, 0.153, -0.787, 0.153, -0.785, 0.154, -0.783, 0.154, -0.781, 0.154, -0.779, 0.155, -0.778, 0.155, -0.776, 0.155, -0.774, 0.156, -0.772, 0.156, -0.77, 0.156, -0.768, 0.156, -0.767, 0.157, -0.765, 0.157, -0.763, 0.157, -0.761, 0.158, -0.759, 0.158, -0.757, 0.158, -0.755, 0.158, -0.754, 0.159, -0.752, 0.159, -0.75, 0.159, -0.748, 0.159, -0.746, 0.16, -0.744, 0.16, -0.742, 0.16, -0.74, 0.16, -0.739, 0.16, -0.737, 0.161, -0.735, 0.161, -0.733, 0.161, -0.731, 0.161, -0.729, 0.161, -0.727, 0.162, -0.725, 0.162, -0.723, 0.162, -0.721, 0.162, -0.719, 0.162, -0.718, 0.162, -0.716, 0.163, -0.714, 0.163, -0.712, 0.163, -0.71, 0.163, -0.708, 0.163, -0.706, 0.163, -0.704, 0.163, -0.702, 0.164, -0.7, 0.164, -0.698, 0.164, -0.696, 0.164, -0.694, 0.164, -0.692, 0.164, -0.69, 0.164, -0.688, 0.164, -0.686, 0.164, -0.684, 0.164, -0.682, 0.165, -0.68, 0.165, -0.678, 0.165, -0.676, 0.165, -0.674, 0.165, -0.672, 0.165, -0.671, 0.165, -0.669, 0.165, -0.667, 0.165, -0.665, 0.165, -0.663, 0.165, -0.661, 0.165, -0.659, 0.165, -0.657, 0.165, -0.655, 0.165, -0.653, 0.165, -0.651, 0.165, -0.649, 0.165, -0.647, 0.165, -0.645, 0.165, -0.643, 0.165, -0.641, 0.165, -0.639, 0.165, -0.637, 0.165, -0.635, 0.165, -0.633, 0.165, -0.631, 0.165, -0.629, 0.165, -0.627, 0.165, -0.625, 0.165, -0.623, 0.165, -0.621, 0.165, -0.619, 0.165, -0.616, 0.165, -0.614, 0.165, -0.612, 0.165, -0.61, 0.165, -0.608, 0.165, -0.606, 0.165, -0.604, 0.164, -0.602, 0.164, -0.6, 0.164, -0.598, 0.164, -0.596, 0.164, -0.594, 0.164, -0.592, 0.164, -0.59, 0.164, -0.588, 0.164, -0.586, 0.164, -0.584, 0.163, -0.582, 0.163, -0.58, 0.163, -0.578, 0.163, -0.576, 0.163, -0.574, 0.163, -0.572, 0.163, -0.57, 0.163, -0.568, 0.162, -0.566, 0.162, -0.564, 0.162, -0.562, 0.162, -0.56, 0.162, -0.558, 0.162, -0.556, 0.161, -0.554, 0.161, -0.552, 0.161, -0.55, 0.161, -0.548, 0.161, -0.546, 0.161, -0.544, 0.16, -0.542, 0.16, -0.54, 0.16, -0.538, 0.16, -0.536, 0.16, -0.534, 0.159, -0.532, 0.159, -0.53, 0.159, -0.528, 0.159, -0.526, 0.159, -0.524, 0.158, -0.522, 0.158, -0.52, 0.158, -0.518, 0.158, -0.516, 0.157, -0.514, 0.157, -0.512, 0.157, -0.51, 0.157, -0.508, 0.157, -0.506, 0.156, -0.504, 0.156, -0.502, 0.156, -0.5, 0.155, -0.498, 0.155, -0.496, 0.155, -0.494, 0.155, -0.492, 0.154, -0.49, 0.154, -0.488, 0.154, -0.486, 0.154, -0.484, 0.153, -0.482, 0.153, -0.48, 0.153, -0.478, 0.152, -0.476, 0.152, -0.474, 0.152, -0.472, 0.152, -0.47, 0.151, -0.468, 0.151, -0.466, 0.151, -0.464, 0.15, -0.462, 0.15, -0.46, 0.15, -0.458, 0.149, -0.456, 0.149, -0.454, 0.149, -0.452, 0.148, -0.45, 0.148, -0.448, 0.148, -0.446, 0.147, -0.444, 0.147, -0.442, 0.147, -0.44, 0.146, -0.438, 0.146, -0.436, 0.146, -0.434, 0.145, -0.432, 0.145, -0.43, 0.145, -0.429, 0.144, -0.427, 0.144, -0.425, 0.143, -0.423, 0.143, -0.421, 0.143, -0.419, 0.142, -0.417, 0.142, -0.415, 0.142, -0.413, 0.141, -0.411, 0.141, -0.409, 0.14, -0.407, 0.14, -0.405, 0.14, -0.403, 0.139, -0.401, 0.139, -0.399, 0.138, -0.397, 0.138, -0.395, 0.138, -0.393, 0.137, -0.392, 0.137, -0.39, 0.136, -0.388, 0.136, -0.386, 0.136, -0.384, 0.135, -0.382, 0.135, -0.38, 0.134, -0.378, 0.134, -0.376, 0.133, -0.374, 0.133, -0.372, 0.133, -0.37, 0.132, -0.368, 0.132, -0.367, 0.131, -0.365, 0.131, -0.363, 0.13, -0.361, 0.13, -0.359, 0.13, -0.357, 0.129, -0.355, 0.129, -0.353, 0.128, -0.351, 0.128, -0.349, 0.127, -0.348, 0.127, -0.346, 0.126, -0.344, 0.126, -0.342, 0.125, -0.34, 0.125, -0.338, 0.124, -0.336, 0.124, -0.334, 0.124, -0.333, 0.123, -0.331, 0.123, -0.329, 0.122, -0.327, 0.122, -0.325, 0.121, -0.323, 0.121, -0.321, 0.12, -0.319, 0.12, -0.318, 0.119, -0.316, 0.119, -0.314, 0.118, -0.312, 0.118, -0.31, 0.117, -0.308, 0.117, -0.306, 0.116, -0.305, 0.116, -0.303, 0.115, -0.301, 0.115, -0.299, 0.114, -0.297, 0.114, -0.295, 0.113, -0.294, 0.113, -0.292, 0.112, -0.29, 0.112, -0.288, 0.111, -0.286, 0.111, -0.284, 0.11, -0.283, 0.109, -0.281, 0.109, -0.279, 0.108, -0.277, 0.108, -0.275, 0.107, -0.274, 0.107, -0.272, 0.106, -0.27, 0.106, -0.268, 0.105, -0.266, 0.105, -0.265, 0.104, -0.263, 0.104, -0.261, 0.103, -0.259, 0.103, -0.257, 0.102, -0.256, 0.101, -0.254, 0.101, -0.252, 0.1, -0.25, 0.1, -0.249, 0.099, -0.247, 0.099, -0.245, 0.098, -0.243, 0.098, -0.241, 0.097, -0.24, 0.097, -0.238, 0.096, -0.236, 0.095, -0.234, 0.095, -0.233, 0.094, -0.231, 0.094, -0.229, 0.093, -0.227, 0.093, -0.226, 0.092, -0.224, 0.091, -0.222, 0.091, -0.22, 0.09, -0.219, 0.09, -0.217, 0.089, -0.215, 0.089, -0.214, 0.088, -0.212, 0.087, -0.21, 0.087, -0.208, 0.086, -0.207, 0.086, -0.205, 0.085, -0.203, 0.085, -0.201, 0.084, -0.2, 0.083, -0.198, 0.083, -0.196, 0.082, -0.195, 0.082, -0.193, 0.081, -0.191, 0.08, -0.19, 0.08, -0.188, 0.079, -0.186, 0.079, -0.185, 0.078, -0.183, 0.078, -0.181, 0.077, -0.179, 0.076, -0.178, 0.076, -0.176, 0.075, -0.174, 0.075, -0.173, 0.074, -0.171, 0.073, -0.169, 0.073, -0.168, 0.072, -0.166, 0.072, -0.165, 0.071, -0.163, 0.07, -0.161, 0.07, -0.16, 0.069, -0.158, 0.069, -0.156, 0.068, -0.155, 0.067, -0.153, 0.067, -0.151, 0.066, -0.15, 0.066, -0.148, 0.065, -0.146, 0.064, -0.145, 0.064, -0.143, 0.063, -0.142, 0.062, -0.14, 0.062, -0.138, 0.061, -0.137, 0.061, -0.135, 0.06, -0.133, 0.059, -0.132, 0.059, -0.13, 0.058, -0.129, 0.058, -0.127, 0.057, -0.125, 0.056, -0.124, 0.056, -0.122, 0.055, -0.121, 0.054, -0.119, 0.054, -0.117, 0.053, -0.116, 0.053, -0.114, 0.052, -0.113, 0.051, -0.111, 0.051, -0.11, 0.05, -0.108, 0.049, -0.106, 0.049, -0.105, 0.048, -0.103, 0.048, -0.102, 0.047, -0.1, 0.046, -0.099, 0.046, -0.097, 0.045, -0.095, 0.044, -0.094, 0.044, -0.092, 0.043, -0.091, 0.043, -0.089, 0.042, -0.088, 0.041, -0.086, 0.041, -0.085, 0.04, -0.083, 0.039, -0.081, 0.039, -0.08, 0.038, -0.078, 0.038, -0.077, 0.037, -0.075, 0.036, -0.074, 0.036, -0.072, 0.035, -0.071, 0.034, -0.069, 0.034, -0.068, 0.033, -0.066, 0.032, -0.065, 0.032, -0.063, 0.031, -0.062, 0.03, -0.06, 0.03, -0.058, 0.029, -0.057, 0.029, -0.055, 0.028, -0.054, 0.027, -0.052, 0.027, -0.051, 0.026, -0.049, 0.025, -0.048, 0.025, -0.046, 0.024, -0.045, 0.023, -0.043, 0.023, -0.042, 0.022, -0.04, 0.021, -0.039, 0.021, -0.037, 0.02, -0.036, 0.019, -0.034, 0.019, -0.033, 0.018, -0.031, 0.018, -0.03, 0.017, -0.028, 0.016, -0.027, 0.016, -0.025, 0.015, -0.024, 0.014, -0.023, 0.014, -0.021, 0.013, -0.02, 0.012, -0.018, 0.012, -0.017, 0.011, -0.015, 0.01, -0.014, 0.01, -0.012, 0.009, -0.011, 0.008, -0.009, 0.008, -0.008, 0.007, -0.006, 0.006, -0.005, 0.006, -0.003, 0.005, -0.002, 0.004, -0.0, 0.004, 0.001, 0.003, 0.002, 0.002, 0.004, 0.002, 0.005, 0.001, 0.007, 0.0, 0.008, -0.0, 0.01, -0.001, 0.011, -0.002, 0.013, -0.002, 0.014, -0.003, 0.016, -0.004, 0.017, -0.004, 0.018, -0.005, 0.02, -0.006, 0.021, -0.006, 0.023, -0.007, 0.024, -0.008, 0.026, -0.008, 0.027, -0.009, 0.029, -0.01, 0.03, -0.01, 0.031, -0.011, 0.033, -0.012, 0.034, -0.012, 0.036, -0.013, 0.037, -0.014, 0.039, -0.015, 0.04, -0.015, 0.041, -0.016, 0.043, -0.017, 0.044, -0.017, 0.046, -0.018, 0.047, -0.019, 0.049, -0.019, 0.05, -0.02, 0.051, -0.021, 0.053, -0.021, 0.054, -0.022, 0.056, -0.023, 0.057, -0.023, 0.059, -0.024, 0.06, -0.025, 0.061, -0.026, 0.063, -0.026, 0.064, -0.027, 0.066, -0.028, 0.067, -0.028, 0.069, -0.029, 0.07, -0.03, 0.071, -0.03, 0.073, -0.031, 0.074, -0.032, 0.076, -0.032, 0.077, -0.033, 0.078, -0.034, 0.08, -0.035, 0.081, -0.035, 0.083, -0.036, 0.084, -0.037, 0.086, -0.037, 0.087, -0.038, 0.088, -0.039, 0.09, -0.039, 0.091, -0.04, 0.093, -0.041, 0.094, -0.042, 0.095, -0.042, 0.097, -0.043, 0.098, -0.044, 0.1, -0.044, 0.101, -0.045, 0.103, -0.046, 0.104, -0.047, 0.105, -0.047, 0.107, -0.048, 0.108, -0.049, 0.11, -0.049, 0.111, -0.05, 0.112, -0.051, 0.114, -0.052, 0.115, -0.052, 0.117, -0.053, 0.118, -0.054, 0.12, -0.054, 0.121, -0.055, 0.122, -0.056, 0.124, -0.057, 0.125, -0.057, 0.127, -0.058, 0.128, -0.059, 0.129, -0.06, 0.131, -0.06, 0.132, -0.061, 0.134, -0.062, 0.135, -0.062, 0.137, -0.063, 0.138, -0.064, 0.139, -0.065, 0.141, -0.065, 0.142, -0.066, 0.144, -0.067, 0.145, -0.067, 0.146, -0.068, 0.148, -0.069, 0.149, -0.07, 0.151, -0.07, 0.152, -0.071, 0.154, -0.072, 0.155, -0.073, 0.156, -0.073, 0.158, -0.074, 0.159, -0.075, 0.161, -0.076, 0.162, -0.076, 0.164, -0.077, 0.165, -0.078, 0.166, -0.078, 0.168, -0.079, 0.169, -0.08, 0.171, -0.081, 0.172, -0.081, 0.174, -0.082, 0.175, -0.083, 0.176, -0.084, 0.178, -0.084, 0.179, -0.085, 0.181, -0.086, 0.182, -0.087, 0.184, -0.087, 0.185, -0.088, 0.187, -0.089, 0.188, -0.09, 0.189, -0.09, 0.191, -0.091, 0.192, -0.092, 0.194, -0.092, 0.195, -0.093, 0.197, -0.094, 0.198, -0.095, 0.2, -0.095, 0.201, -0.096, 0.203, -0.097, 0.204, -0.098, 0.206, -0.098, 0.207, -0.099, 0.208, -0.1, 0.21, -0.101, 0.211, -0.101, 0.213, -0.102, 0.214, -0.103, 0.216, -0.104, 0.217, -0.104, 0.219, -0.105, 0.22, -0.106, 0.222, -0.107, 0.223, -0.107, 0.225, -0.108, 0.226, -0.109, 0.228, -0.11, 0.229, -0.11, 0.231, -0.111, 0.232, -0.112, 0.234, -0.113, 0.235, -0.113, 0.237, -0.114, 0.238, -0.115, 0.24, -0.115, 0.241, -0.116, 0.243, -0.117, 0.244, -0.118, 0.246, -0.118, 0.247, -0.119, 0.249, -0.12, 0.25, -0.121, 0.252, -0.121, 0.253, -0.122, 0.255, -0.123, 0.256, -0.124, 0.258, -0.124, 0.259, -0.125, 0.261, -0.126, 0.262, -0.127, 0.264, -0.127, 0.266, -0.128, 0.267, -0.129, 0.269, -0.13, 0.27, -0.13, 0.272, -0.131, 0.273, -0.132, 0.275, -0.132, 0.276, -0.133, 0.278, -0.134, 0.28, -0.135, 0.281, -0.135, 0.283, -0.136, 0.284, -0.137, 0.286, -0.138, 0.287, -0.138, 0.289, -0.139, 0.291, -0.14, 0.292, -0.14, 0.294, -0.141, 0.295, -0.142, 0.297, -0.143, 0.298, -0.143, 0.3, -0.144, 0.302, -0.145, 0.303, -0.145, 0.305, -0.146, 0.306, -0.147, 0.308, -0.148, 0.31, -0.148, 0.311, -0.149, 0.313, -0.15, 0.315, -0.15, 0.316, -0.151, 0.318, -0.152, 0.319, -0.153, 0.321, -0.153, 0.323, -0.154, 0.324, -0.155, 0.326, -0.155, 0.328, -0.156, 0.329, -0.157, 0.331, -0.158, 0.333, -0.158, 0.334, -0.159, 0.336, -0.16, 0.338, -0.16, 0.339, -0.161, 0.341, -0.162, 0.343, -0.162, 0.344, -0.163, 0.346, -0.164, 0.348, -0.164, 0.349, -0.165, 0.351, -0.166, 0.353, -0.167, 0.354, -0.167, 0.356, -0.168, 0.358, -0.169, 0.359, -0.169, 0.361, -0.17, 0.363, -0.171, 0.365, -0.171, 0.366, -0.172, 0.368, -0.173, 0.37, -0.173, 0.371, -0.174, 0.373, -0.175, 0.375, -0.175, 0.377, -0.176, 0.378, -0.177, 0.38, -0.177, 0.382, -0.178, 0.384, -0.178, 0.385, -0.179, 0.387, -0.18, 0.389, -0.18, 0.391, -0.181, 0.392, -0.182, 0.394, -0.182, 0.396, -0.183, 0.398, -0.184, 0.399, -0.184, 0.401, -0.185, 0.403, -0.186, 0.405, -0.186, 0.406, -0.187, 0.408, -0.187, 0.41, -0.188, 0.412, -0.189, 0.414, -0.189, 0.415, -0.19, 0.417, -0.19, 0.419, -0.191, 0.421, -0.192, 0.423, -0.192, 0.424, -0.193, 0.426, -0.194, 0.428, -0.194, 0.43, -0.195, 0.432, -0.195, 0.434, -0.196, 0.435, -0.196, 0.437, -0.197, 0.439, -0.198, 0.441, -0.198, 0.443, -0.199, 0.445, -0.199, 0.446, -0.2, 0.448, -0.201, 0.45, -0.201, 0.452, -0.202, 0.454, -0.202, 0.456, -0.203, 0.458, -0.203, 0.459, -0.204, 0.461, -0.204, 0.463, -0.205, 0.465, -0.206, 0.467, -0.206, 0.469, -0.207, 0.471, -0.207, 0.473, -0.208, 0.474, -0.208, 0.476, -0.209, 0.478, -0.209, 0.48, -0.21, 0.482, -0.21, 0.484, -0.211, 0.486, -0.211, 0.488, -0.212, 0.49, -0.212, 0.491, -0.213, 0.493, -0.214, 0.495, -0.214, 0.497, -0.215, 0.499, -0.215, 0.501, -0.216, 0.503, -0.216, 0.505, -0.217, 0.507, -0.217, 0.509, -0.217, 0.511, -0.218, 0.513, -0.218, 0.514, -0.219, 0.516, -0.219, 0.518, -0.22, 0.52, -0.22, 0.522, -0.221, 0.524, -0.221, 0.526, -0.222, 0.528, -0.222, 0.53, -0.223, 0.532, -0.223, 0.534, -0.224, 0.536, -0.224, 0.538, -0.224, 0.54, -0.225, 0.542, -0.225, 0.544, -0.226, 0.546, -0.226, 0.548, -0.227, 0.549, -0.227, 0.551, -0.227, 0.553, -0.228, 0.555, -0.228, 0.557, -0.229, 0.559, -0.229, 0.561, -0.229, 0.563, -0.23, 0.565, -0.23, 0.567, -0.231, 0.569, -0.231, 0.571, -0.231, 0.573, -0.232, 0.575, -0.232, 0.577, -0.233, 0.579, -0.233, 0.581, -0.233, 0.583, -0.234, 0.585, -0.234, 0.587, -0.234, 0.589, -0.235, 0.591, -0.235, 0.593, -0.235, 0.595, -0.236, 0.597, -0.236, 0.599, -0.237, 0.601, -0.237, 0.603, -0.237, 0.605, -0.238, 0.607, -0.238, 0.609, -0.238, 0.611, -0.238, 0.613, -0.239, 0.615, -0.239, 0.617, -0.239, 0.619, -0.24, 0.621, -0.24, 0.623, -0.24, 0.625, -0.241, 0.627, -0.241, 0.629, -0.241, 0.631, -0.242, 0.633, -0.242, 0.635, -0.242, 0.637, -0.242, 0.639, -0.243, 0.641, -0.243, 0.643, -0.243, 0.645, -0.243, 0.647, -0.244, 0.649, -0.244, 0.651, -0.244, 0.653, -0.244, 0.655, -0.245, 0.657, -0.245, 0.659, -0.245, 0.661, -0.245, 0.662, -0.246, 0.664, -0.246, 0.666, -0.246, 0.668, -0.246, 0.67, -0.247, 0.672, -0.247, 0.674, -0.247, 0.676, -0.247, 0.678, -0.247, 0.68, -0.248, 0.682, -0.248, 0.684, -0.248, 0.686, -0.248, 0.688, -0.248, 0.69, -0.249, 0.692, -0.249, 0.694, -0.249, 0.696, -0.249, 0.698, -0.249, 0.7, -0.249, 0.702, -0.25, 0.704, -0.25, 0.706, -0.25, 0.708, -0.25, 0.71, -0.25, 0.712, -0.25, 0.714, -0.251, 0.716, -0.251, 0.718, -0.251, 0.72, -0.251, 0.722, -0.251, 0.724, -0.251, 0.726, -0.251, 0.728, -0.251, 0.73, -0.252, 0.731, -0.252, 0.733, -0.252, 0.735, -0.252, 0.737, -0.252, 0.739, -0.252, 0.741, -0.252, 0.743, -0.252, 0.745, -0.252, 0.747, -0.252, 0.749, -0.253, 0.751, -0.253, 0.753, -0.253, 0.755, -0.253, 0.757, -0.253, 0.759, -0.253, 0.76, -0.253, 0.762, -0.253, 0.764, -0.253, 0.766, -0.253, 0.768, -0.253, 0.77, -0.253, 0.772, -0.253, 0.774, -0.253, 0.776, -0.253, 0.778, -0.253, 0.78, -0.253, 0.781, -0.253, 0.783, -0.253, 0.785, -0.253, 0.787, -0.253, 0.789, -0.253, 0.791, -0.253, 0.793, -0.253, 0.795, -0.253, 0.797, -0.253, 0.798, -0.253, 0.8, -0.253, 0.802, -0.253, 0.804, -0.253, 0.806, -0.253, 0.808, -0.253, 0.81, -0.253, 0.811, -0.253, 0.813, -0.253, 0.815, -0.253, 0.817, -0.253, 0.819, -0.253, 0.821, -0.253, 0.823, -0.253, 0.824, -0.253, 0.826, -0.253, 0.828, -0.252, 0.83, -0.252, 0.832, -0.252, 0.833, -0.252, 0.835, -0.252, 0.837, -0.252, 0.839, -0.252, 0.841, -0.252, 0.843, -0.252, 0.844, -0.252, 0.846, -0.251, 0.848, -0.251, 0.85, -0.251, 0.851, -0.251, 0.853, -0.251, 0.855, -0.251, 0.857, -0.251, 0.859, -0.251, 0.86, -0.25, 0.862, -0.25, 0.864, -0.25, 0.866, -0.25, 0.867, -0.25, 0.869, -0.25, 0.871, -0.249, 0.873, -0.249, 0.874, -0.249, 0.876, -0.249, 0.878, -0.249, 0.88, -0.248, 0.881, -0.248, 0.883, -0.248, 0.885, -0.248, 0.886, -0.248, 0.888, -0.247, 0.89, -0.247, 0.892, -0.247, 0.893, -0.247, 0.895, -0.247, 0.897, -0.246, 0.898, -0.246, 0.9, -0.246, 0.902, -0.246, 0.903, -0.245, 0.905, -0.245, 0.907, -0.245, 0.908, -0.245, 0.91, -0.244, 0.912, -0.244, 0.913, -0.244, 0.915, -0.243, 0.917, -0.243, 0.918, -0.243, 0.92, -0.243, 0.922, -0.242, 0.923, -0.242, 0.925, -0.242, 0.926, -0.241, 0.928, -0.241, 0.93, -0.241, 0.931, -0.24, 0.933, -0.24, 0.934, -0.24, 0.936, -0.239, 0.938, -0.239, 0.939, -0.239, 0.941, -0.238, 0.942, -0.238, 0.944, -0.238, 0.945, -0.237, 0.947, -0.237, 0.949, -0.237, 0.95, -0.236, 0.952, -0.236, 0.953, -0.236, 0.955, -0.235, 0.956, -0.235, 0.958, -0.234, 0.959, -0.234, 0.961, -0.234, 0.962, -0.233, 0.964, -0.233, 0.965, -0.232, 0.967, -0.232, 0.968, -0.231, 0.97, -0.231, 0.971, -0.231, 0.973, -0.23, 0.974, -0.23, 0.976, -0.229, 0.977, -0.229, 0.979, -0.228, 0.98, -0.228, 0.981, -0.227, 0.983, -0.227, 0.984, -0.227, 0.986, -0.226, 0.987, -0.226, 0.989, -0.225, 0.99, -0.225, 0.992, -0.224, 0.993, -0.224, 0.994, -0.223, 0.996, -0.223, 0.997, -0.222, 0.999, -0.222, 1.0, -0.221, 1.001, -0.221, 1.003, -0.22, 1.004, -0.22, 1.005, -0.219, 1.007, -0.218, 1.008, -0.218, 1.009, -0.217, 1.011, -0.217, 1.012, -0.216, 1.013, -0.216, 1.015, -0.215, 1.016, -0.215, 1.017, -0.214, 1.019, -0.213, 1.02, -0.213, 1.021, -0.212, 1.023, -0.212, 1.024, -0.211, 1.025, -0.21, 1.027, -0.21, 1.028, -0.209, 1.029, -0.209, 1.03, -0.208, 1.032, -0.207, 1.033, -0.207, 1.034, -0.206, 1.035, -0.206, 1.037, -0.205, 1.038, -0.204, 1.039, -0.204, 1.04, -0.203, 1.042, -0.202, 1.043, -0.202, 1.044, -0.201, 1.045, -0.2, 1.046, -0.2, 1.048, -0.199, 1.049, -0.198, 1.05, -0.198, 1.051, -0.197, 1.052, -0.196, 1.053, -0.196, 1.055, -0.195, 1.056, -0.194, 1.057, -0.194, 1.058, -0.193, 1.059, -0.192, 1.06, -0.191, 1.061, -0.191, 1.063, -0.19, 1.064, -0.189, 1.065, -0.189, 1.066, -0.188, 1.067, -0.187, 1.068, -0.186, 1.069, -0.186, 1.07, -0.185, 1.071, -0.184, 1.072, -0.183, 1.074, -0.183, 1.075, -0.182, 1.076, -0.181, 1.077, -0.18, 1.078, -0.18, 1.079, -0.179, 1.08, -0.178, 1.081, -0.177, 1.082, -0.176, 1.083, -0.176, 1.084, -0.175, 1.085, -0.174, 1.086, -0.173, 1.087, -0.172, 1.088, -0.172, 1.089, -0.171, 1.09, -0.17, 1.091, -0.169, 1.092, -0.168, 1.093, -0.167, 1.094, -0.167, 1.095, -0.166, 1.096, -0.165, 1.097, -0.164, 1.098, -0.163, 1.099, -0.162, 1.1, -0.162, 1.1, -0.161, 1.101, -0.16, 1.102, -0.159, 1.103, -0.158, 1.104, -0.157, 1.105, -0.156, 1.106, -0.156, 1.107, -0.155, 1.108, -0.154, 1.109, -0.153, 1.109, -0.152, 1.11, -0.151, 1.111, -0.15, 1.112, -0.149, 1.113, -0.149, 1.114, -0.148, 1.115, -0.147, 1.115, -0.146, 1.116, -0.145, 1.117, -0.144, 1.118, -0.143, 1.119, -0.142, 1.12, -0.141, 1.12, -0.14, 1.121, -0.139, 1.122, -0.138, 1.123, -0.138, 1.123, -0.137, 1.124, -0.136, 1.125, -0.135, 1.126, -0.134, 1.127, -0.133, 1.127, -0.132, 1.128, -0.131, 1.129, -0.13, 1.129, -0.129, 1.13, -0.128, 1.131, -0.127, 1.132, -0.126, 1.132, -0.125, 1.133, -0.124, 1.134, -0.123, 1.134, -0.122, 1.135, -0.121, 1.136, -0.12, 1.137, -0.119, 1.137, -0.118, 1.138, -0.117, 1.139, -0.116, 1.139, -0.115, 1.14, -0.114, 1.14, -0.113, 1.141, -0.112, 1.142, -0.111, 1.142, -0.11, 1.143, -0.109, 1.144, -0.108, 1.144, -0.107, 1.145, -0.106, 1.145, -0.105, 1.146, -0.104, 1.147, -0.103, 1.147, -0.102, 1.148, -0.101, 1.148, -0.1, 1.149, -0.099, 1.149, -0.098, 1.15, -0.097, 1.151, -0.096, 1.151, -0.095, 1.152, -0.094, 1.152, -0.093, 1.153, -0.092, 1.153, -0.091, 1.154, -0.09, 1.154, -0.089, 1.155, -0.088, 1.155, -0.087, 1.156, -0.086, 1.156, -0.085, 1.157, -0.084, 1.157, -0.083, 1.158, -0.082, 1.158, -0.081, 1.158, -0.08, 1.159, -0.079, 1.159, -0.078, 1.16, -0.076, 1.16, -0.075, 1.161, -0.074, 1.161, -0.073, 1.161, -0.072, 1.162, -0.071, 1.162, -0.07, 1.163, -0.069, 1.163, -0.068, 1.163, -0.067, 1.164, -0.066, 1.164, -0.065, 1.165, -0.064, 1.165, -0.063, 1.165, -0.061, 1.166, -0.06, 1.166, -0.059, 1.166, -0.058, 1.167, -0.057, 1.167, -0.056, 1.167, -0.055, 1.167, -0.054, 1.168, -0.053, 1.168, -0.052, 1.168, -0.051, 1.169, -0.05, 1.169, -0.048, 1.169, -0.047, 1.169, -0.046, 1.17, -0.045, 1.17, -0.044, 1.17, -0.043, 1.17, -0.042, 1.171, -0.041, 1.171, -0.04, 1.171, -0.039, 1.171, -0.037, 1.171, -0.036, 1.172, -0.035, 1.172, -0.034, 1.172, -0.033, 1.172, -0.032, 1.172, -0.031, 1.173, -0.03, 1.173, -0.029, 1.173, -0.028, 1.173, -0.026, 1.173, -0.025, 1.173, -0.024, 1.173, -0.023, 1.174, -0.022, 1.174, -0.021, 1.174, -0.02, 1.174, -0.019, 1.174, -0.018, 1.174, -0.017, 1.174, -0.015, 1.174, -0.014, 1.174, -0.013, 1.174, -0.012, 1.174, -0.011, 1.174, -0.01, 1.174, -0.009, 1.174, -0.008, 1.175, -0.007, 1.175, -0.005, 1.175, -0.004, 1.175, -0.003, 1.175, -0.002, 1.175, -0.001, 1.175, 0.0, 1.175, 0.001, 1.174, 0.002, 1.174, 0.003, 1.174, 0.005, 1.174, 0.006, 1.174, 0.007, 1.174, 0.008, 1.174, 0.009, 1.174, 0.01, 1.174, 0.011, 1.174, 0.012, 1.174, 0.013, 1.174, 0.014, 1.174, 0.016, 1.174, 0.017, 1.173, 0.018, 1.173, 0.019, 1.173, 0.02, 1.173, 0.021, 1.173, 0.022, 1.173, 0.023, 1.173, 0.024, 1.172, 0.025, 1.172, 0.027, 1.172, 0.028, 1.172, 0.029, 1.172, 0.03, 1.171, 0.031, 1.171, 0.032, 1.171, 0.033, 1.171, 0.034, 1.171, 0.035, 1.17, 0.036, 1.17, 0.037, 1.17, 0.039, 1.17, 0.04, 1.169, 0.041, 1.169, 0.042, 1.169, 0.043, 1.168, 0.044, 1.168, 0.045, 1.168, 0.046, 1.168, 0.047, 1.167, 0.048, 1.167, 0.049, 1.167, 0.05, 1.166, 0.051, 1.166, 0.052, 1.166, 0.054, 1.165, 0.055, 1.165, 0.056, 1.164, 0.057, 1.164, 0.058, 1.164, 0.059, 1.163, 0.06, 1.163, 0.061, 1.162, 0.062, 1.162, 0.063, 1.162, 0.064, 1.161, 0.065, 1.161, 0.066, 1.16, 0.067, 1.16, 0.068, 1.159, 0.069, 1.159, 0.07, 1.159, 0.071, 1.158, 0.072, 1.158, 0.073, 1.157, 0.074, 1.157, 0.075, 1.156, 0.076, 1.156, 0.077, 1.155, 0.078, 1.154, 0.079, 1.154, 0.08, 1.153, 0.081, 1.153, 0.082, 1.152, 0.083, 1.152, 0.084, 1.151, 0.085, 1.151, 0.086, 1.15, 0.087, 1.149, 0.088, 1.149, 0.089, 1.148, 0.09, 1.148, 0.091, 1.147, 0.092, 1.146, 0.093, 1.146, 0.094, 1.145, 0.095, 1.144, 0.096, 1.144, 0.097, 1.143, 0.098, 1.143, 0.099, 1.142, 0.1, 1.141, 0.101, 1.14, 0.102, 1.14, 0.103, 1.139, 0.104, 1.138, 0.105, 1.138, 0.106, 1.137, 0.106, 1.136, 0.107, 1.135, 0.108, 1.135, 0.109, 1.134, 0.11, 1.133, 0.111, 1.132, 0.112, 1.132, 0.113, 1.131, 0.114, 1.13, 0.115, 1.129, 0.115, 1.129, 0.116, 1.128, 0.117, 1.127, 0.118, 1.126, 0.119, 1.125, 0.12, 1.124, 0.121, 1.124, 0.122, 1.123, 0.122, 1.122, 0.123, 1.121, 0.124, 1.12, 0.125, 1.119, 0.126, 1.118, 0.127, 1.118, 0.127, 1.117, 0.128, 1.116, 0.129, 1.115, 0.13, 1.114, 0.131, 1.113, 0.132, 1.112, 0.132, 1.111, 0.133, 1.11, 0.134, 1.109, 0.135, 1.108, 0.135, 1.107, 0.136, 1.106, 0.137, 1.105, 0.138, 1.105, 0.139, 1.104, 0.139, 1.103, 0.14, 1.102, 0.141, 1.101, 0.142, 1.1, 0.142, 1.099, 0.143, 1.097, 0.144, 1.096, 0.145, 1.095, 0.145, 1.094, 0.146, 1.093, 0.147, 1.092, 0.147, 1.091, 0.148, 1.09, 0.149, 1.089, 0.149, 1.088, 0.15, 1.087, 0.151, 1.086, 0.152, 1.085, 0.152, 1.084, 0.153, 1.083, 0.154, 1.081, 0.154, 1.08, 0.155, 1.079, 0.156, 1.078, 0.156, 1.077, 0.157, 1.076, 0.157, 1.075, 0.158, 1.073, 0.159, 1.072, 0.159, 1.071, 0.16, 1.07, 0.161, 1.069, 0.161, 1.068, 0.162, 1.066, 0.162, 1.065, 0.163, 1.064, 0.164, 1.063, 0.164, 1.062, 0.165, 1.06, 0.165, 1.059, 0.166, 1.058, 0.166, 1.057, 0.167, 1.056, 0.167, 1.054, 0.168, 1.053, 0.169, 1.052, 0.169, 1.051, 0.17, 1.049, 0.17, 1.048, 0.171, 1.047, 0.171, 1.045, 0.172, 1.044, 0.172, 1.043, 0.173, 1.042, 0.173, 1.04, 0.174, 1.039, 0.174, 1.038, 0.175, 1.036, 0.175, 1.035, 0.176, 1.034, 0.176, 1.032, 0.176, 1.031, 0.177, 1.03, 0.177, 1.028, 0.178, 1.027, 0.178, 1.026, 0.179, 1.024, 0.179, 1.023, 0.18, 1.022, 0.18, 1.02, 0.18, 1.019, 0.181, 1.018, 0.181, 1.016, 0.182, 1.015, 0.182, 1.013, 0.182, 1.012, 0.183, 1.011, 0.183, 1.009, 0.183, 1.008, 0.184, 1.006, 0.184, 1.005, 0.185, 1.004, 0.185, 1.002, 0.185, 1.001, 0.186, 0.999, 0.186, 0.998, 0.186, 0.997, 0.187, 0.995, 0.187, 0.994, 0.187, 0.992, 0.188, 0.991, 0.188, 0.989, 0.188, 0.988, 0.188, 0.986, 0.189, 0.985, 0.189, 0.983, 0.189, 0.982, 0.19, 0.981, 0.19, 0.979, 0.19, 0.978, 0.19, 0.976, 0.191, 0.975, 0.191, 0.973, 0.191, 0.972, 0.191, 0.97, 0.192, 0.969, 0.192, 0.967, 0.192, 0.966, 0.192, 0.964, 0.193, 0.963, 0.193, 0.961, 0.193, 0.96, 0.193, 0.958, 0.193, 0.957, 0.194, 0.955, 0.194, 0.954, 0.194, 0.952, 0.194, 0.951, 0.194, 0.949, 0.195, 0.948, 0.195, 0.946, 0.195, 0.945, 0.195, 0.943, 0.195, 0.941, 0.195, 0.94, 0.196, 0.938, 0.196, 0.937, 0.196, 0.935, 0.196, 0.934, 0.196, 0.932, 0.196, 0.931, 0.196, 0.929, 0.197, 0.928, 0.197, 0.926, 0.197, 0.924, 0.197, 0.923, 0.197, 0.921, 0.197, 0.92, 0.197, 0.918, 0.197, 0.917, 0.197, 0.915, 0.198, 0.914, 0.198, 0.912, 0.198, 0.91, 0.198, 0.909, 0.198, 0.907, 0.198, 0.906, 0.198, 0.904, 0.198, 0.903, 0.198, 0.901, 0.198, 0.899, 0.198, 0.898, 0.198, 0.896, 0.198, 0.895, 0.198, 0.893, 0.198, 0.891, 0.198, 0.89, 0.198, 0.888, 0.198, 0.887, 0.198, 0.885, 0.198, 0.884, 0.198, 0.882, 0.198, 0.88, 0.198, 0.879, 0.198, 0.877, 0.198, 0.876, 0.198, 0.874, 0.198, 0.872, 0.198, 0.871, 0.198, 0.869, 0.198, 0.868, 0.198, 0.866, 0.198, 0.864, 0.198, 0.863, 0.198, 0.861, 0.198, 0.86, 0.198, 0.858, 0.198, 0.856, 0.198, 0.855, 0.198, 0.853, 0.198, 0.852, 0.198, 0.85, 0.198, 0.848, 0.198, 0.847, 0.198, 0.845, 0.198, 0.844, 0.198, 0.842, 0.198, 0.84, 0.198, 0.839, 0.197, 0.837, 0.197, 0.836, 0.197, 0.834, 0.197, 0.832, 0.197, 0.831, 0.197, 0.829, 0.197, 0.828, 0.197, 0.826, 0.197, 0.824, 0.197, 0.823, 0.197, 0.821, 0.196, 0.82, 0.196, 0.818, 0.196, 0.816, 0.196, 0.815, 0.196, 0.813, 0.196, 0.812, 0.196, 0.81, 0.196, 0.808, 0.195, 0.807, 0.195, 0.805, 0.195, 0.804, 0.195, 0.802, 0.195, 0.8, 0.195, 0.799, 0.195, 0.797, 0.194, 0.796, 0.194, 0.794, 0.194, 0.792, 0.194, 0.791, 0.194, 0.789, 0.194, 0.788, 0.193, 0.786, 0.193, 0.784, 0.193, 0.783, 0.193, 0.781, 0.193, 0.78, 0.192, 0.778, 0.192, 0.777, 0.192, 0.775, 0.192, 0.773, 0.192, 0.772, 0.192, 0.77, 0.191, 0.769, 0.191, 0.767, 0.191, 0.765, 0.191, 0.764, 0.191, 0.762, 0.19, 0.761, 0.19, 0.759, 0.19, 0.757, 0.19, 0.756, 0.189, 0.754, 0.189, 0.753, 0.189, 0.751, 0.189, 0.749, 0.189, 0.748, 0.188, 0.746, 0.188, 0.745, 0.188, 0.743, 0.188, 0.742, 0.187, 0.74, 0.187, 0.738, 0.187, 0.737, 0.187, 0.735, 0.186, 0.734, 0.186, 0.732, 0.186, 0.73, 0.186, 0.729, 0.185, 0.727, 0.185, 0.726, 0.185, 0.724, 0.185, 0.723, 0.184, 0.721, 0.184, 0.719, 0.184, 0.718, 0.183, 0.716, 0.183, 0.715, 0.183, 0.713, 0.183, 0.712, 0.182, 0.71, 0.182, 0.708, 0.182, 0.707, 0.181, 0.705, 0.181, 0.704, 0.181, 0.702, 0.181, 0.701, 0.18, 0.699, 0.18, 0.697, 0.18, 0.696, 0.179, 0.694, 0.179, 0.693, 0.179, 0.691, 0.178, 0.69, 0.178, 0.688, 0.178, 0.687, 0.177, 0.685, 0.177, 0.683, 0.177, 0.682, 0.177, 0.68, 0.176, 0.679, 0.176, 0.677, 0.176, 0.676, 0.175, 0.674, 0.175, 0.673, 0.175, 0.671, 0.174, 0.669, 0.174, 0.668, 0.173, 0.666, 0.173, 0.665, 0.173, 0.663, 0.172, 0.662, 0.172, 0.66, 0.172, 0.659, 0.171, 0.657, 0.171, 0.655, 0.171, 0.654, 0.17, 0.652, 0.17, 0.651, 0.17, 0.649, 0.169, 0.648, 0.169, 0.646, 0.169, 0.645, 0.168, 0.643, 0.168, 0.642, 0.167, 0.64, 0.167, 0.639, 0.167, 0.637, 0.166, 0.635, 0.166, 0.634, 0.165, 0.632, 0.165, 0.631, 0.165, 0.629, 0.164, 0.628, 0.164, 0.626, 0.164, 0.625, 0.163, 0.623, 0.163, 0.622, 0.162, 0.62, 0.162, 0.619, 0.162, 0.617, 0.161, 0.616, 0.161, 0.614, 0.16, 0.613, 0.16, 0.611, 0.16, 0.61, 0.159, 0.608, 0.159, 0.607, 0.158, 0.605, 0.158, 0.604, 0.157, 0.602, 0.157, 0.6, 0.157, 0.599, 0.156, 0.597, 0.156, 0.596, 0.155, 0.594, 0.155, 0.593, 0.154, 0.591, 0.154, 0.59, 0.154, 0.588, 0.153, 0.587, 0.153, 0.585, 0.152, 0.584, 0.152, 0.582, 0.151, 0.581, 0.151, 0.58, 0.15, 0.578, 0.15, 0.577, 0.15, 0.575, 0.149, 0.574, 0.149, 0.572, 0.148, 0.571, 0.148, 0.569, 0.147, 0.568, 0.147, 0.566, 0.146, 0.565, 0.146, 0.563, 0.145, 0.562, 0.145, 0.56, 0.144, 0.559, 0.144, 0.557, 0.144, 0.556, 0.143, 0.554, 0.143, 0.553, 0.142, 0.551, 0.142, 0.55, 0.141, 0.549, 0.141, 0.547, 0.14, 0.546, 0.14, 0.544, 0.139, 0.543, 0.139, 0.541, 0.138, 0.54, 0.138, 0.538, 0.137, 0.537, 0.137, 0.535, 0.136, 0.534, 0.136, 0.533, 0.135, 0.531, 0.135, 0.53, 0.134, 0.528, 0.134, 0.527, 0.133, 0.525, 0.133, 0.524, 0.132, 0.523, 0.132, 0.521, 0.131, 0.52, 0.131, 0.518, 0.13, 0.517, 0.13, 0.515, 0.129, 0.514, 0.128, 0.513, 0.128, 0.511, 0.127, 0.51, 0.127, 0.508, 0.126, 0.507, 0.126, 0.506, 0.125, 0.504, 0.125, 0.503, 0.124, 0.501, 0.124, 0.5, 0.123, 0.499, 0.123, 0.497, 0.122, 0.496, 0.121, 0.494, 0.121, 0.493, 0.12, 0.492, 0.12, 0.49, 0.119, 0.489, 0.119, 0.487, 0.118, 0.486, 0.118, 0.485, 0.117, 0.483, 0.116, 0.482, 0.116, 0.481, 0.115, 0.479, 0.115, 0.478, 0.114, 0.477, 0.114, 0.475, 0.113, 0.474, 0.112, 0.472, 0.112, 0.471, 0.111, 0.47, 0.111, 0.468, 0.11, 0.467, 0.11, 0.466, 0.109, 0.464, 0.108, 0.463, 0.108, 0.462, 0.107, 0.46, 0.107, 0.459, 0.106, 0.458, 0.105, 0.456, 0.105, 0.455, 0.104, 0.454, 0.104, 0.452, 0.103, 0.451, 0.102, 0.45, 0.102, 0.449, 0.101, 0.447, 0.101, 0.446, 0.1, 0.445, 0.099, 0.443, 0.099, 0.442, 0.098, 0.441, 0.097, 0.439, 0.097, 0.438, 0.096, 0.437, 0.096, 0.436, 0.095, 0.434, 0.094, 0.433, 0.094, 0.432, 0.093, 0.43, 0.092, 0.429, 0.092, 0.428, 0.091, 0.427, 0.09, 0.425, 0.09, 0.424, 0.089, 0.423, 0.088, 0.422, 0.088, 0.42, 0.087, 0.419, 0.086, 0.418, 0.086, 0.417, 0.085, 0.415, 0.084, 0.414, 0.084, 0.413, 0.083, 0.412, 0.082, 0.41, 0.082, 0.409, 0.081, 0.408, 0.08, 0.407, 0.08, 0.405, 0.079, 0.404, 0.078, 0.403, 0.078, 0.402, 0.077, 0.401, 0.076, 0.399, 0.076, 0.398, 0.075, 0.397, 0.074, 0.396, 0.073, 0.395, 0.073, 0.393, 0.072, 0.392, 0.071, 0.391, 0.071, 0.39, 0.07, 0.389, 0.069, 0.387, 0.068, 0.386, 0.068, 0.385, 0.067, 0.384, 0.066, 0.383, 0.065, 0.381, 0.065, 0.38, 0.064, 0.379, 0.063, 0.378, 0.063, 0.377, 0.062, 0.376, 0.061, 0.374, 0.06, 0.373, 0.059, 0.372, 0.059, 0.371, 0.058, 0.37, 0.057, 0.369, 0.056, 0.367, 0.056, 0.366, 0.055, 0.365, 0.054, 0.364, 0.053, 0.363, 0.052, 0.362, 0.052, 0.36, 0.051, 0.359, 0.05, 0.358, 0.049, 0.357, 0.048, 0.356, 0.048, 0.355, 0.047, 0.353, 0.046, 0.352, 0.045, 0.351, 0.044, 0.35, 0.044, 0.349, 0.043, 0.348, 0.042, 0.347, 0.041, 0.345, 0.04, 0.344, 0.039, 0.343, 0.038, 0.342, 0.038, 0.341, 0.037, 0.34, 0.036, 0.339, 0.035, 0.338, 0.034, 0.336, 0.033, 0.335, 0.032, 0.334, 0.031, 0.333, 0.031, 0.332, 0.03, 0.331, 0.029, 0.33, 0.028, 0.328, 0.027, 0.327, 0.026, 0.326, 0.025, 0.325, 0.024, 0.324, 0.023, 0.323, 0.022, 0.322, 0.021, 0.321, 0.02, 0.319, 0.02, 0.318, 0.019, 0.317, 0.018, 0.316, 0.017, 0.315, 0.016, 0.314, 0.015, 0.313, 0.014, 0.311, 0.013, 0.31, 0.012, 0.309, 0.011, 0.308, 0.01, 0.307, 0.009, 0.306, 0.008, 0.305, 0.007, 0.304, 0.006, 0.302, 0.005, 0.301, 0.004, 0.3, 0.003, 0.299, 0.002, 0.298, 0.0, 0.297, -0.001, 0.296, -0.002, 0.294, -0.003, 0.293, -0.004, 0.292, -0.005, 0.291, -0.006, 0.29, -0.007, 0.289, -0.008, 0.287, -0.009, 0.286, -0.01, 0.285, -0.012, 0.284, -0.013, 0.283, -0.014, 0.282, -0.015, 0.281, -0.016, 0.279, -0.017, 0.278, -0.018, 0.277, -0.02, 0.276, -0.021, 0.275, -0.022, 0.273, -0.023, 0.272, -0.024, 0.271, -0.025, 0.27, -0.027, 0.269, -0.028, 0.268, -0.029, 0.266, -0.03, 0.265, -0.032, 0.264, -0.033, 0.263, -0.034, 0.262, -0.035, 0.26, -0.037, 0.259, -0.038, 0.258, -0.039, 0.257, -0.04, 0.256, -0.042, 0.254, -0.043, 0.253, -0.044, 0.252, -0.046, 0.251, -0.047, 0.249, -0.048, 0.248, -0.05, 0.247, -0.051, 0.246, -0.052, 0.244, -0.054, 0.243, -0.055, 0.242, -0.056, 0.241, -0.058, 0.239, -0.059, 0.238, -0.06, 0.237, -0.062, 0.236, -0.063, 0.234, -0.065, 0.233, -0.066, 0.232, -0.067, 0.231, -0.069, 0.229, -0.07, 0.228, -0.072, 0.227, -0.073, 0.226, -0.075, 0.224, -0.076, 0.223, -0.077, 0.222, -0.079, 0.22, -0.08, 0.219, -0.082, 0.218, -0.083, 0.216, -0.085, 0.215, -0.086, 0.214, -0.088, 0.213, -0.089, 0.211, -0.091, 0.21, -0.092, 0.209, -0.094, 0.207, -0.096, 0.206, -0.097, 0.205, -0.099, 0.203, -0.1, 0.202, -0.102, 0.201, -0.103, 0.199, -0.105, 0.198, -0.106, 0.196, -0.108, 0.195, -0.11, 0.194, -0.111, 0.192, -0.113, 0.191, -0.114, 0.19, -0.116, 0.188, -0.118, 0.187, -0.119, 0.186, -0.121, 0.184, -0.122, 0.183, -0.124, 0.181, -0.126, 0.18, -0.127, 0.179, -0.129, 0.177, -0.131, 0.176, -0.132, 0.175, -0.134, 0.173, -0.136, 0.172, -0.137, 0.17, -0.139, 0.169, -0.141, 0.168, -0.142, 0.166, -0.144, 0.165, -0.146, 0.163, -0.147, 0.162, -0.149, 0.16, -0.151, 0.159, -0.152, 0.158, -0.154, 0.156, -0.156, 0.155, -0.157, 0.153, -0.159, 0.152, -0.161, 0.151, -0.162, 0.149, -0.164, 0.148, -0.166, 0.146, -0.167, 0.145, -0.169, 0.143, -0.171, 0.142, -0.173, 0.141, -0.174, 0.139, -0.176, 0.138, -0.178, 0.136, -0.179, 0.135, -0.181, 0.133, -0.183, 0.132, -0.184, 0.13, -0.186, 0.129, -0.188, 0.128, -0.19, 0.126, -0.191, 0.125, -0.193, 0.123, -0.195, 0.122, -0.196, 0.12, -0.198, 0.119, -0.2, 0.118, -0.201, 0.116, -0.203, 0.115, -0.205, 0.113, -0.206, 0.112, -0.208, 0.11, -0.21, 0.109, -0.211, 0.107, -0.213, 0.106, -0.215, 0.105, -0.216, 0.103, -0.218, 0.102, -0.22, 0.1, -0.221, 0.099, -0.223, 0.097, -0.224, 0.096, -0.226, 0.095, -0.228, 0.093, -0.229, 0.092, -0.231, 0.09, -0.232] 
     Total cost =  [150.0] 
     Grid cost = "Y:/models/ur5hanibenpng/final/Robot-cleaning-ur51/Robot-cleaning-ur5/logs/gridlist1.txt" 
     
      # Example 2:
     weights =  [65.370776, 52.45726, 40.6369, 29.605392, 18.033523, 5.931341, -6.326353, -17.461541, -26.223187, -34.197609, -43.399004, -54.797347, -68.689981, -82.694078, -94.078938, -103.69877, -112.681819, -119.626482, -123.539309, -125.587927, -126.502001, -125.569174, -121.310892, -113.123039, -102.857885, -92.476709, -81.730354, -69.824577, -57.163148, -43.903959, -30.130638, -16.832759, -5.461248, 3.898699, 13.039037, 24.292207, 38.638945, 54.356717, 69.000578, 81.899959, 95.212694, 109.469252, 120.0602, 125.02996, 125.826018, 121.888043, 112.735371, 100.636731, 88.93199, 77.724505, 19.196539, 20.155751, 20.191332, 19.36449, 17.515903, 13.783372, 4.013372, -16.789299, -35.348693, -32.588751, -23.101339, -21.806064, -24.332201, -25.823497, -25.295929, -22.72066, -17.556588, -10.202657, -2.521874, 4.979672, 12.367861, 18.321992, 22.457555, 25.042474, 26.014404, 25.853485, 24.864491, 23.192582, 21.340527, 19.428395, 17.001096, 13.072102, 7.107368, -0.352414, -8.055547, -14.14084, -18.052256, -20.831035, -22.672769, -23.392738, -23.288176, -22.075108, -18.524282, -12.418171, -5.340101, 1.58115, 8.114919, 13.18374, 15.986256, 17.655942],
     Trajectory =   [0.01, -0.172, 0.01, -0.172, 0.01, -0.173, 0.01, -0.173, 0.01, -0.173, 0.01, -0.173, 0.009, -0.173, 0.009, -0.173, 0.009, -0.173, 0.008, -0.174, 0.008, -0.174, 0.007, -0.174, 0.007, -0.174, 0.006, -0.174, 0.006, -0.175, 0.005, -0.175, 0.005, -0.175, 0.004, -0.176, 0.003, -0.176, 0.003, -0.176, 0.002, -0.176, 0.001, -0.177, 0.001, -0.177, -0.0, -0.178, -0.001, -0.178, -0.002, -0.178, -0.002, -0.179, -0.003, -0.179, -0.004, -0.179, -0.005, -0.18, -0.006, -0.18, -0.007, -0.181, -0.007, -0.181, -0.008, -0.182, -0.009, -0.182, -0.01, -0.182, -0.011, -0.183, -0.012, -0.183, -0.013, -0.184, -0.014, -0.184, -0.015, -0.185, -0.016, -0.185, -0.017, -0.186, -0.018, -0.186, -0.019, -0.187, -0.02, -0.187, -0.02, -0.188, -0.021, -0.188, -0.022, -0.188, -0.023, -0.189, -0.024, -0.189, -0.025, -0.19, -0.026, -0.19, -0.028, -0.191, -0.029, -0.191, -0.03, -0.192, -0.031, -0.192, -0.032, -0.193, -0.033, -0.193, -0.034, -0.194, -0.035, -0.194, -0.036, -0.194, -0.037, -0.195, -0.038, -0.195, -0.039, -0.196, -0.04, -0.196, -0.041, -0.197, -0.042, -0.197, -0.043, -0.198, -0.044, -0.198, -0.045, -0.198, -0.046, -0.199, -0.047, -0.199, -0.048, -0.2, -0.049, -0.2, -0.05, -0.2, -0.051, -0.201, -0.052, -0.201, -0.054, -0.202, -0.055, -0.202, -0.056, -0.202, -0.057, -0.203, -0.058, -0.203, -0.059, -0.203, -0.06, -0.204, -0.061, -0.204, -0.062, -0.204, -0.063, -0.205, -0.064, -0.205, -0.065, -0.205, -0.066, -0.206, -0.067, -0.206, -0.068, -0.206, -0.069, -0.207, -0.07, -0.207, -0.071, -0.207, -0.072, -0.207, -0.073, -0.208, -0.075, -0.208, -0.076, -0.208, -0.077, -0.208, -0.078, -0.209, -0.079, -0.209, -0.08, -0.209, -0.081, -0.209, -0.082, -0.21, -0.083, -0.21, -0.084, -0.21, -0.085, -0.21, -0.086, -0.21, -0.087, -0.211, -0.088, -0.211, -0.089, -0.211, -0.09, -0.211, -0.091, -0.211, -0.092, -0.211, -0.093, -0.212, -0.094, -0.212, -0.095, -0.212, -0.096, -0.212, -0.097, -0.212, -0.098, -0.212, -0.1, -0.212, -0.101, -0.212, -0.102, -0.212, -0.103, -0.213, -0.104, -0.213, -0.105, -0.213, -0.106, -0.213, -0.107, -0.213, -0.108, -0.213, -0.109, -0.213, -0.11, -0.213, -0.111, -0.213, -0.112, -0.213, -0.113, -0.213, -0.114, -0.213, -0.115, -0.213, -0.116, -0.213, -0.117, -0.213, -0.118, -0.213, -0.119, -0.213, -0.12, -0.213, -0.121, -0.213, -0.122, -0.213, -0.123, -0.213, -0.124, -0.213, -0.125, -0.213, -0.127, -0.213, -0.128, -0.213, -0.129, -0.213, -0.13, -0.213, -0.131, -0.213, -0.132, -0.213, -0.133, -0.213, -0.134, -0.213, -0.135, -0.213, -0.136, -0.213, -0.137, -0.213, -0.138, -0.212, -0.139, -0.212, -0.14, -0.212, -0.141, -0.212, -0.142, -0.212, -0.143, -0.212, -0.144, -0.212, -0.145, -0.212, -0.146, -0.212, -0.148, -0.212, -0.149, -0.212, -0.15, -0.211, -0.151, -0.211, -0.152, -0.211, -0.153, -0.211, -0.154, -0.211, -0.155, -0.211, -0.156, -0.211, -0.157, -0.211, -0.158, -0.21, -0.159, -0.21, -0.16, -0.21, -0.161, -0.21, -0.162, -0.21, -0.164, -0.21, -0.165, -0.21, -0.166, -0.21, -0.167, -0.209, -0.168, -0.209, -0.169, -0.209, -0.17, -0.209, -0.171, -0.209, -0.172, -0.209, -0.173, -0.209, -0.174, -0.208, -0.176, -0.208, -0.177, -0.208, -0.178, -0.208, -0.179, -0.208, -0.18, -0.208, -0.181, -0.208, -0.182, -0.207, -0.183, -0.207, -0.184, -0.207, -0.185, -0.207, -0.187, -0.207, -0.188, -0.207, -0.189, -0.207, -0.19, -0.207, -0.191, -0.206, -0.192, -0.206, -0.193, -0.206, -0.194, -0.206, -0.196, -0.206, -0.197, -0.206, -0.198, -0.206, -0.199, -0.205, -0.2, -0.205, -0.201, -0.205, -0.202, -0.205, -0.203, -0.205, -0.205, -0.205, -0.206, -0.205, -0.207, -0.204, -0.208, -0.204, -0.209, -0.204, -0.21, -0.204, -0.211, -0.204, -0.213, -0.204, -0.214, -0.204, -0.215, -0.204, -0.216, -0.204, -0.217, -0.203, -0.218, -0.203, -0.22, -0.203, -0.221, -0.203, -0.222, -0.203, -0.223, -0.203, -0.224, -0.203, -0.225, -0.203, -0.227, -0.203, -0.228, -0.202, -0.229, -0.202, -0.23, -0.202, -0.231, -0.202, -0.233, -0.202, -0.234, -0.202, -0.235, -0.202, -0.236, -0.202, -0.237, -0.202, -0.239, -0.202, -0.24, -0.201, -0.241, -0.201, -0.242, -0.201, -0.243, -0.201, -0.245, -0.201, -0.246, -0.201, -0.247, -0.201, -0.248, -0.201, -0.249, -0.201, -0.251, -0.201, -0.252, -0.201, -0.253, -0.201, -0.254, -0.201, -0.255, -0.201, -0.257, -0.201, -0.258, -0.2, -0.259, -0.2, -0.26, -0.2, -0.262, -0.2, -0.263, -0.2, -0.264, -0.2, -0.265, -0.2, -0.266, -0.2, -0.268, -0.2, -0.269, -0.2, -0.27, -0.2, -0.271, -0.2, -0.273, -0.2, -0.274, -0.2, -0.275, -0.2, -0.276, -0.2, -0.278, -0.2, -0.279, -0.2, -0.28, -0.2, -0.281, -0.2, -0.283, -0.2, -0.284, -0.2, -0.285, -0.2, -0.286, -0.2, -0.288, -0.2, -0.289, -0.2, -0.29, -0.2, -0.291, -0.2, -0.293, -0.2, -0.294, -0.2, -0.295, -0.2, -0.296, -0.2, -0.298, -0.2, -0.299, -0.2, -0.3, -0.2, -0.301, -0.2, -0.303, -0.2, -0.304, -0.2, -0.305, -0.2, -0.307, -0.2, -0.308, -0.2, -0.309, -0.2, -0.31, -0.2, -0.312, -0.2, -0.313, -0.2, -0.314, -0.2, -0.315, -0.2, -0.317, -0.2, -0.318, -0.2, -0.319, -0.2, -0.32, -0.2, -0.322, -0.2, -0.323, -0.2, -0.324, -0.2, -0.326, -0.2, -0.327, -0.2, -0.328, -0.2, -0.329, -0.2, -0.331, -0.2, -0.332, -0.2, -0.333, -0.2, -0.334, -0.2, -0.336, -0.2, -0.337, -0.2, -0.338, -0.2, -0.34, -0.2, -0.341, -0.2, -0.342, -0.2, -0.343, -0.2, -0.345, -0.2, -0.346, -0.2, -0.347, -0.2, -0.348, -0.2, -0.35, -0.2, -0.351, -0.2, -0.352, -0.2, -0.353, -0.2, -0.355, -0.2, -0.356, -0.2, -0.357, -0.2, -0.359, -0.2, -0.36, -0.2, -0.361, -0.2, -0.362, -0.2, -0.364, -0.2, -0.365, -0.2, -0.366, -0.2, -0.367, -0.2, -0.369, -0.2, -0.37, -0.2, -0.371, -0.2, -0.372, -0.2, -0.374, -0.2, -0.375, -0.2, -0.376, -0.2, -0.377, -0.2, -0.379, -0.2, -0.38, -0.2, -0.381, -0.2, -0.383, -0.2, -0.384, -0.2, -0.385, -0.2, -0.386, -0.2, -0.387, -0.2, -0.389, -0.2, -0.39, -0.2, -0.391, -0.2, -0.392, -0.2, -0.394, -0.2, -0.395, -0.2, -0.396, -0.2, -0.397, -0.2, -0.399, -0.2, -0.4, -0.2, -0.401, -0.2, -0.402, -0.2, -0.404, -0.2, -0.405, -0.2, -0.406, -0.2, -0.407, -0.2, -0.409, -0.2, -0.41, -0.2, -0.411, -0.2, -0.412, -0.2, -0.413, -0.2, -0.415, -0.2, -0.416, -0.2, -0.417, -0.2, -0.418, -0.2, -0.419, -0.2, -0.421, -0.2, -0.422, -0.2, -0.423, -0.199, -0.424, -0.199, -0.426, -0.199, -0.427, -0.199, -0.428, -0.199, -0.429, -0.199, -0.43, -0.199, -0.431, -0.199, -0.433, -0.199, -0.434, -0.199, -0.435, -0.199, -0.436, -0.199, -0.437, -0.199, -0.439, -0.199, -0.44, -0.199, -0.441, -0.199, -0.442, -0.198, -0.443, -0.198, -0.445, -0.198, -0.446, -0.198, -0.447, -0.198, -0.448, -0.198, -0.449, -0.198, -0.45, -0.198, -0.452, -0.198, -0.453, -0.198, -0.454, -0.198, -0.455, -0.197, -0.456, -0.197, -0.457, -0.197, -0.458, -0.197, -0.46, -0.197, -0.461, -0.197, -0.462, -0.197, -0.463, -0.197, -0.464, -0.196, -0.465, -0.196, -0.466, -0.196, -0.468, -0.196, -0.469, -0.196, -0.47, -0.196, -0.471, -0.196, -0.472, -0.196, -0.473, -0.195, -0.474, -0.195, -0.475, -0.195, -0.477, -0.195, -0.478, -0.195, -0.479, -0.195, -0.48, -0.194, -0.481, -0.194, -0.482, -0.194, -0.483, -0.194, -0.484, -0.194, -0.485, -0.194, -0.487, -0.193, -0.488, -0.193, -0.489, -0.193, -0.49, -0.193, -0.491, -0.193, -0.492, -0.192, -0.493, -0.192, -0.494, -0.192, -0.495, -0.192, -0.496, -0.192, -0.497, -0.191, -0.498, -0.191, -0.5, -0.191, -0.501, -0.191, -0.502, -0.191, -0.503, -0.19, -0.504, -0.19, -0.505, -0.19, -0.506, -0.19, -0.507, -0.189, -0.508, -0.189, -0.509, -0.189, -0.51, -0.189, -0.511, -0.188, -0.512, -0.188, -0.513, -0.188, -0.514, -0.188, -0.515, -0.187, -0.516, -0.187, -0.517, -0.187, -0.518, -0.187, -0.519, -0.186, -0.52, -0.186, -0.521, -0.186, -0.523, -0.185, -0.524, -0.185, -0.525, -0.185, -0.526, -0.185, -0.527, -0.184, -0.528, -0.184, -0.529, -0.184, -0.53, -0.183, -0.531, -0.183, -0.532, -0.183, -0.533, -0.182, -0.534, -0.182, -0.535, -0.182, -0.536, -0.181, -0.537, -0.181, -0.538, -0.181, -0.539, -0.18, -0.539, -0.18, -0.54, -0.18, -0.541, -0.179, -0.542, -0.179, -0.543, -0.179, -0.544, -0.178, -0.545, -0.178, -0.546, -0.178, -0.547, -0.177, -0.548, -0.177, -0.549, -0.177, -0.55, -0.176, -0.551, -0.176, -0.552, -0.175, -0.553, -0.175, -0.554, -0.175, -0.555, -0.174, -0.556, -0.174, -0.557, -0.173, -0.558, -0.173, -0.559, -0.173, -0.559, -0.172, -0.56, -0.172, -0.561, -0.171, -0.562, -0.171, -0.563, -0.171, -0.564, -0.17, -0.565, -0.17, -0.566, -0.169, -0.567, -0.169, -0.568, -0.169, -0.569, -0.168, -0.569, -0.168, -0.57, -0.167, -0.571, -0.167, -0.572, -0.166, -0.573, -0.166, -0.574, -0.165, -0.575, -0.165, -0.576, -0.164, -0.577, -0.164, -0.577, -0.164, -0.578, -0.163, -0.579, -0.163, -0.58, -0.162, -0.581, -0.162, -0.582, -0.161, -0.583, -0.161, -0.583, -0.16, -0.584, -0.16, -0.585, -0.159, -0.586, -0.159, -0.587, -0.158, -0.588, -0.158, -0.589, -0.157, -0.589, -0.157, -0.59, -0.156, -0.591, -0.156, -0.592, -0.155, -0.593, -0.155, -0.593, -0.154, -0.594, -0.154, -0.595, -0.153, -0.596, -0.153, -0.597, -0.152, -0.597, -0.152, -0.598, -0.151, -0.599, -0.151, -0.6, -0.15, -0.601, -0.149, -0.601, -0.149, -0.602, -0.148, -0.603, -0.148, -0.604, -0.147, -0.605, -0.147, -0.605, -0.146, -0.606, -0.146, -0.607, -0.145, -0.608, -0.144, -0.608, -0.144, -0.609, -0.143, -0.61, -0.143, -0.611, -0.142, -0.611, -0.142, -0.612, -0.141, -0.613, -0.14, -0.614, -0.14, -0.614, -0.139, -0.615, -0.139, -0.616, -0.138, -0.617, -0.138, -0.617, -0.137, -0.618, -0.136, -0.619, -0.136, -0.619, -0.135, -0.62, -0.135, -0.621, -0.134, -0.622, -0.133, -0.622, -0.133, -0.623, -0.132, -0.624, -0.131, -0.624, -0.131, -0.625, -0.13, -0.626, -0.13, -0.626, -0.129, -0.627, -0.128, -0.628, -0.128, -0.628, -0.127, -0.629, -0.127, -0.63, -0.126, -0.63, -0.125, -0.631, -0.125, -0.632, -0.124, -0.632, -0.123, -0.633, -0.123, -0.634, -0.122, -0.634, -0.121, -0.635, -0.121, -0.636, -0.12, -0.636, -0.119, -0.637, -0.119, -0.637, -0.118, -0.638, -0.118, -0.639, -0.117, -0.639, -0.116, -0.64, -0.116, -0.641, -0.115, -0.641, -0.114, -0.642, -0.114, -0.642, -0.113, -0.643, -0.112, -0.643, -0.112, -0.644, -0.111, -0.645, -0.11, -0.645, -0.11, -0.646, -0.109, -0.646, -0.108, -0.647, -0.108, -0.648, -0.107, -0.648, -0.106, -0.649, -0.106, -0.649, -0.105, -0.65, -0.104, -0.65, -0.103, -0.651, -0.103, -0.651, -0.102, -0.652, -0.101, -0.652, -0.101, -0.653, -0.1, -0.654, -0.099, -0.654, -0.099, -0.655, -0.098, -0.655, -0.097, -0.656, -0.097, -0.656, -0.096, -0.657, -0.095, -0.657, -0.095, -0.658, -0.094, -0.658, -0.093, -0.659, -0.092, -0.659, -0.092, -0.66, -0.091, -0.66, -0.09, -0.661, -0.09, -0.661, -0.089, -0.662, -0.088, -0.662, -0.087, -0.663, -0.087, -0.663, -0.086, -0.663, -0.085, -0.664, -0.085, -0.664, -0.084, -0.665, -0.083, -0.665, -0.083, -0.666, -0.082, -0.666, -0.081, -0.667, -0.08, -0.667, -0.08, -0.667, -0.079, -0.668, -0.078, -0.668, -0.078, -0.669, -0.077, -0.669, -0.076, -0.67, -0.075, -0.67, -0.075, -0.67, -0.074, -0.671, -0.073, -0.671, -0.073, -0.672, -0.072, -0.672, -0.071, -0.672, -0.07, -0.673, -0.07, -0.673, -0.069, -0.674, -0.068, -0.674, -0.067, -0.674, -0.067, -0.675, -0.066, -0.675, -0.065, -0.676, -0.065, -0.676, -0.064, -0.676, -0.063, -0.677, -0.062, -0.677, -0.062, -0.677, -0.061, -0.678, -0.06, -0.678, -0.059, -0.678, -0.059, -0.679, -0.058, -0.679, -0.057, -0.679, -0.057, -0.68, -0.056, -0.68, -0.055, -0.68, -0.054, -0.681, -0.054, -0.681, -0.053, -0.681, -0.052, -0.682, -0.052, -0.682, -0.051, -0.682, -0.05, -0.683, -0.049, -0.683, -0.049, -0.683, -0.048, -0.683, -0.047, -0.684, -0.046, -0.684, -0.046, -0.684, -0.045, -0.685, -0.044, -0.685, -0.044, -0.685, -0.043, -0.685, -0.042, -0.686, -0.041, -0.686, -0.041, -0.686, -0.04, -0.687, -0.039, -0.687, -0.038, -0.687, -0.038, -0.687, -0.037, -0.688, -0.036, -0.688, -0.036, -0.688, -0.035, -0.688, -0.034, -0.689, -0.033, -0.689, -0.033, -0.689, -0.032, -0.689, -0.031, -0.689, -0.031, -0.69, -0.03, -0.69, -0.029, -0.69, -0.028, -0.69, -0.028, -0.691, -0.027, -0.691, -0.026, -0.691, -0.025, -0.691, -0.025, -0.691, -0.024, -0.692, -0.023, -0.692, -0.023, -0.692, -0.022, -0.692, -0.021, -0.692, -0.02, -0.692, -0.02, -0.693, -0.019, -0.693, -0.018, -0.693, -0.018, -0.693, -0.017, -0.693, -0.016, -0.693, -0.016, -0.694, -0.015, -0.694, -0.014, -0.694, -0.013, -0.694, -0.013, -0.694, -0.012, -0.694, -0.011, -0.695, -0.011, -0.695, -0.01, -0.695, -0.009, -0.695, -0.009, -0.695, -0.008, -0.695, -0.007, -0.695, -0.006, -0.695, -0.006, -0.696, -0.005, -0.696, -0.004, -0.696, -0.004, -0.696, -0.003, -0.696, -0.002, -0.696, -0.002, -0.696, -0.001, -0.696, -0.0, -0.696, 0.0, -0.696, 0.001, -0.696, 0.002, -0.697, 0.003, -0.697, 0.003, -0.697, 0.004, -0.697, 0.005, -0.697, 0.005, -0.697, 0.006, -0.697, 0.007, -0.697, 0.007, -0.697, 0.008, -0.697, 0.009, -0.697, 0.009, -0.697, 0.01, -0.697, 0.011, -0.697, 0.011, -0.697, 0.012, -0.697, 0.013, -0.697, 0.013, -0.697, 0.014, -0.697, 0.015, -0.697, 0.015, -0.697, 0.016, -0.697, 0.017, -0.697, 0.017, -0.697, 0.018, -0.697, 0.018, -0.697, 0.019, -0.697, 0.02, -0.697, 0.02, -0.697, 0.021, -0.697, 0.022, -0.697, 0.022, -0.697, 0.023, -0.697, 0.024, -0.697, 0.024, -0.697, 0.025, -0.697, 0.025, -0.697, 0.026, -0.697, 0.027, -0.697, 0.027, -0.697, 0.028, -0.697, 0.029, -0.697, 0.029, -0.697, 0.03, -0.697, 0.03, -0.697, 0.031, -0.696, 0.032, -0.696, 0.032, -0.696, 0.033, -0.696, 0.034, -0.696, 0.034, -0.696, 0.035, -0.696, 0.035, -0.696, 0.036, -0.696, 0.037, -0.696, 0.037, -0.695, 0.038, -0.695, 0.038, -0.695, 0.039, -0.695, 0.039, -0.695, 0.04, -0.695, 0.041, -0.695, 0.041, -0.695, 0.042, -0.694, 0.042, -0.694, 0.043, -0.694, 0.044, -0.694, 0.044, -0.694, 0.045, -0.694, 0.045, -0.693, 0.046, -0.693, 0.046, -0.693, 0.047, -0.693, 0.048, -0.693, 0.048, -0.692, 0.049, -0.692, 0.049, -0.692, 0.05, -0.692, 0.05, -0.692, 0.051, -0.691, 0.051, -0.691, 0.052, -0.691, 0.052, -0.691, 0.053, -0.69, 0.054, -0.69, 0.054, -0.69, 0.055, -0.69, 0.055, -0.689, 0.056, -0.689, 0.056, -0.689, 0.057, -0.689, 0.057, -0.688, 0.058, -0.688, 0.058, -0.688, 0.059, -0.688, 0.059, -0.687, 0.06, -0.687, 0.06, -0.687, 0.061, -0.686, 0.061, -0.686, 0.062, -0.686, 0.062, -0.685, 0.063, -0.685, 0.063, -0.685, 0.064, -0.684, 0.064, -0.684, 0.065, -0.684, 0.065, -0.683, 0.066, -0.683, 0.066, -0.683, 0.067, -0.682, 0.067, -0.682, 0.068, -0.682, 0.068, -0.681, 0.069, -0.681, 0.069, -0.681, 0.07, -0.68, 0.07, -0.68, 0.07, -0.679, 0.071, -0.679, 0.071, -0.679, 0.072, -0.678, 0.072, -0.678, 0.073, -0.677, 0.073, -0.677, 0.074, -0.677, 0.074, -0.676, 0.075, -0.676, 0.075, -0.675, 0.075, -0.675, 0.076, -0.674, 0.076, -0.674, 0.077, -0.673, 0.077, -0.673, 0.078, -0.673, 0.078, -0.672, 0.078, -0.672, 0.079, -0.671, 0.079, -0.671, 0.08, -0.67, 0.08, -0.67, 0.08, -0.669, 0.081, -0.669, 0.081, -0.668, 0.082, -0.668, 0.082, -0.667, 0.082, -0.667, 0.083, -0.666, 0.083, -0.666, 0.084, -0.665, 0.084, -0.665, 0.084, -0.664, 0.085, -0.663, 0.085, -0.663, 0.085, -0.662, 0.086, -0.662, 0.086, -0.661, 0.087, -0.661, 0.087, -0.66, 0.087, -0.66, 0.088, -0.659, 0.088, -0.658, 0.088, -0.658, 0.089, -0.657, 0.089, -0.657, 0.089, -0.656, 0.09, -0.655, 0.09, -0.655, 0.09, -0.654, 0.091, -0.654, 0.091, -0.653, 0.092, -0.652, 0.092, -0.652, 0.092, -0.651, 0.092, -0.651, 0.093, -0.65, 0.093, -0.649, 0.093, -0.649, 0.094, -0.648, 0.094, -0.647, 0.094, -0.647, 0.095, -0.646, 0.095, -0.645, 0.095, -0.645, 0.096, -0.644, 0.096, -0.643, 0.096, -0.643, 0.097, -0.642, 0.097, -0.641, 0.097, -0.641, 0.097, -0.64, 0.098, -0.639, 0.098, -0.638, 0.098, -0.638, 0.099, -0.637, 0.099, -0.636, 0.099, -0.636, 0.099, -0.635, 0.1, -0.634, 0.1, -0.633, 0.1, -0.633, 0.1, -0.632, 0.101, -0.631, 0.101, -0.63, 0.101, -0.63, 0.101, -0.629, 0.102, -0.628, 0.102, -0.627, 0.102, -0.627, 0.102, -0.626, 0.103, -0.625, 0.103, -0.624, 0.103, -0.624, 0.103, -0.623, 0.104, -0.622, 0.104, -0.621, 0.104, -0.62, 0.104, -0.62, 0.105, -0.619, 0.105, -0.618, 0.105, -0.617, 0.105, -0.616, 0.105, -0.616, 0.106, -0.615, 0.106, -0.614, 0.106, -0.613, 0.106, -0.612, 0.106, -0.611, 0.107, -0.611, 0.107, -0.61, 0.107, -0.609, 0.107, -0.608, 0.107, -0.607, 0.108, -0.606, 0.108, -0.606, 0.108, -0.605, 0.108, -0.604, 0.108, -0.603, 0.109, -0.602, 0.109, -0.601, 0.109, -0.6, 0.109, -0.6, 0.109, -0.599, 0.109, -0.598, 0.11, -0.597, 0.11, -0.596, 0.11, -0.595, 0.11, -0.594, 0.11, -0.593, 0.11, -0.593, 0.11, -0.592, 0.111, -0.591, 0.111, -0.59, 0.111, -0.589, 0.111, -0.588, 0.111, -0.587, 0.111, -0.586, 0.111, -0.585, 0.112, -0.585, 0.112, -0.584, 0.112, -0.583, 0.112, -0.582, 0.112, -0.581, 0.112, -0.58, 0.112, -0.579, 0.113, -0.578, 0.113, -0.577, 0.113, -0.576, 0.113, -0.575, 0.113, -0.574, 0.113, -0.573, 0.113, -0.572, 0.113, -0.572, 0.113, -0.571, 0.114, -0.57, 0.114, -0.569, 0.114, -0.568, 0.114, -0.567, 0.114, -0.566, 0.114, -0.565, 0.114, -0.564, 0.114, -0.563, 0.114, -0.562, 0.114, -0.561, 0.114, -0.56, 0.115, -0.559, 0.115, -0.558, 0.115, -0.557, 0.115, -0.556, 0.115, -0.555, 0.115, -0.554, 0.115, -0.553, 0.115, -0.552, 0.115, -0.551, 0.115, -0.55, 0.115, -0.549, 0.115, -0.548, 0.115, -0.547, 0.115, -0.546, 0.115, -0.545, 0.116, -0.544, 0.116, -0.543, 0.116, -0.542, 0.116, -0.541, 0.116, -0.54, 0.116, -0.539, 0.116, -0.538, 0.116, -0.537, 0.116, -0.536, 0.116, -0.535, 0.116, -0.534, 0.116, -0.533, 0.116, -0.532, 0.116, -0.531, 0.116, -0.53, 0.116, -0.529, 0.116, -0.528, 0.116, -0.527, 0.116, -0.526, 0.116, -0.525, 0.116, -0.524, 0.116, -0.523, 0.116, -0.522, 0.116, -0.521, 0.116, -0.52, 0.116, -0.519, 0.116, -0.518, 0.116, -0.517, 0.116, -0.516, 0.116, -0.515, 0.116, -0.514, 0.116, -0.513, 0.116, -0.512, 0.116, -0.511, 0.116, -0.51, 0.116, -0.508, 0.116, -0.507, 0.116, -0.506, 0.116, -0.505, 0.116, -0.504, 0.116, -0.503, 0.116, -0.502, 0.116, -0.501, 0.116, -0.5, 0.116, -0.499, 0.116, -0.498, 0.116, -0.497, 0.116, -0.496, 0.116, -0.495, 0.116, -0.494, 0.116, -0.493, 0.116, -0.491, 0.116, -0.49, 0.116, -0.489, 0.116, -0.488, 0.116, -0.487, 0.116, -0.486, 0.116, -0.485, 0.116, -0.484, 0.116, -0.483, 0.116, -0.482, 0.116, -0.481, 0.116, -0.48, 0.116, -0.478, 0.116, -0.477, 0.116, -0.476, 0.116, -0.475, 0.115, -0.474, 0.115, -0.473, 0.115, -0.472, 0.115, -0.471, 0.115, -0.47, 0.115, -0.469, 0.115, -0.468, 0.115, -0.466, 0.115, -0.465, 0.115, -0.464, 0.115, -0.463, 0.115, -0.462, 0.115, -0.461, 0.115, -0.46, 0.115, -0.459, 0.115, -0.458, 0.114, -0.456, 0.114, -0.455, 0.114, -0.454, 0.114, -0.453, 0.114, -0.452, 0.114, -0.451, 0.114, -0.45, 0.114, -0.449, 0.114, -0.447, 0.114, -0.446, 0.114, -0.445, 0.114, -0.444, 0.114, -0.443, 0.113, -0.442, 0.113, -0.441, 0.113, -0.439, 0.113, -0.438, 0.113, -0.437, 0.113, -0.436, 0.113, -0.435, 0.113, -0.434, 0.113, -0.433, 0.113, -0.432, 0.113, -0.43, 0.112, -0.429, 0.112, -0.428, 0.112, -0.427, 0.112, -0.426, 0.112, -0.425, 0.112, -0.423, 0.112, -0.422, 0.112, -0.421, 0.112, -0.42, 0.112, -0.419, 0.111, -0.418, 0.111, -0.416, 0.111, -0.415, 0.111, -0.414, 0.111, -0.413, 0.111, -0.412, 0.111, -0.411, 0.111, -0.409, 0.11, -0.408, 0.11, -0.407, 0.11, -0.406, 0.11, -0.405, 0.11, -0.404, 0.11, -0.402, 0.11, -0.401, 0.11, -0.4, 0.11, -0.399, 0.109, -0.398, 0.109, -0.397, 0.109, -0.395, 0.109, -0.394, 0.109, -0.393, 0.109, -0.392, 0.109, -0.391, 0.109, -0.389, 0.108, -0.388, 0.108, -0.387, 0.108, -0.386, 0.108, -0.385, 0.108, -0.383, 0.108, -0.382, 0.108, -0.381, 0.107, -0.38, 0.107, -0.379, 0.107, -0.377, 0.107, -0.376, 0.107, -0.375, 0.107, -0.374, 0.107, -0.373, 0.106, -0.371, 0.106, -0.37, 0.106, -0.369, 0.106, -0.368, 0.106, -0.367, 0.106, -0.365, 0.106, -0.364, 0.105, -0.363, 0.105, -0.362, 0.105, -0.36, 0.105, -0.359, 0.105, -0.358, 0.105, -0.357, 0.105, -0.356, 0.104, -0.354, 0.104, -0.353, 0.104, -0.352, 0.104, -0.351, 0.104, -0.349, 0.104, -0.348, 0.103, -0.347, 0.103, -0.346, 0.103, -0.344, 0.103, -0.343, 0.103, -0.342, 0.103, -0.341, 0.103, -0.34, 0.102, -0.338, 0.102, -0.337, 0.102, -0.336, 0.102, -0.335, 0.102, -0.333, 0.102, -0.332, 0.101, -0.331, 0.101, -0.33, 0.101, -0.328, 0.101, -0.327, 0.101, -0.326, 0.101, -0.325, 0.1, -0.323, 0.1, -0.322, 0.1, -0.321, 0.1, -0.32, 0.1, -0.318, 0.1, -0.317, 0.099, -0.316, 0.099, -0.314, 0.099, -0.313, 0.099, -0.312, 0.099, -0.311, 0.098, -0.309, 0.098, -0.308, 0.098, -0.307, 0.098, -0.306, 0.098, -0.304, 0.098, -0.303, 0.097, -0.302, 0.097, -0.3, 0.097, -0.299, 0.097, -0.298, 0.097, -0.297, 0.097, -0.295, 0.096, -0.294, 0.096, -0.293, 0.096, -0.292, 0.096, -0.29, 0.096, -0.289, 0.095, -0.288, 0.095, -0.286, 0.095, -0.285, 0.095, -0.284, 0.095, -0.283, 0.094, -0.281, 0.094, -0.28, 0.094, -0.279, 0.094, -0.277, 0.094, -0.276, 0.093, -0.275, 0.093, -0.274, 0.093, -0.272, 0.093, -0.271, 0.093, -0.27, 0.092, -0.268, 0.092, -0.267, 0.092, -0.266, 0.092, -0.264, 0.092, -0.263, 0.091, -0.262, 0.091, -0.261, 0.091, -0.259, 0.091, -0.258, 0.091, -0.257, 0.09, -0.255, 0.09, -0.254, 0.09, -0.253, 0.09, -0.251, 0.09, -0.25, 0.089, -0.249, 0.089, -0.247, 0.089, -0.246, 0.089, -0.245, 0.089, -0.244, 0.088, -0.242, 0.088, -0.241, 0.088, -0.24, 0.088, -0.238, 0.087, -0.237, 0.087, -0.236, 0.087, -0.234, 0.087, -0.233, 0.087, -0.232, 0.086, -0.23, 0.086, -0.229, 0.086, -0.228, 0.086, -0.226, 0.085, -0.225, 0.085, -0.224, 0.085, -0.222, 0.085, -0.221, 0.085, -0.22, 0.084, -0.219, 0.084, -0.217, 0.084, -0.216, 0.084, -0.215, 0.083, -0.213, 0.083, -0.212, 0.083, -0.211, 0.083, -0.209, 0.082, -0.208, 0.082, -0.207, 0.082, -0.205, 0.082, -0.204, 0.081, -0.203, 0.081, -0.201, 0.081, -0.2, 0.081, -0.199, 0.08, -0.197, 0.08, -0.196, 0.08, -0.195, 0.08, -0.193, 0.079, -0.192, 0.079, -0.191, 0.079, -0.189, 0.079, -0.188, 0.078, -0.187, 0.078, -0.185, 0.078, -0.184, 0.078, -0.183, 0.077, -0.181, 0.077, -0.18, 0.077, -0.179, 0.077, -0.177, 0.076, -0.176, 0.076, -0.175, 0.076, -0.173, 0.076, -0.172, 0.075, -0.171, 0.075, -0.169, 0.075, -0.168, 0.074, -0.167, 0.074, -0.165, 0.074, -0.164, 0.074, -0.163, 0.073, -0.161, 0.073, -0.16, 0.073, -0.159, 0.072, -0.157, 0.072, -0.156, 0.072, -0.155, 0.072, -0.153, 0.071, -0.152, 0.071, -0.151, 0.071, -0.149, 0.07, -0.148, 0.07, -0.147, 0.07, -0.145, 0.069, -0.144, 0.069, -0.143, 0.069, -0.142, 0.068, -0.14, 0.068, -0.139, 0.068, -0.138, 0.068, -0.136, 0.067, -0.135, 0.067, -0.134, 0.067, -0.132, 0.066, -0.131, 0.066, -0.13, 0.066, -0.128, 0.065, -0.127, 0.065, -0.126, 0.065, -0.124, 0.064, -0.123, 0.064, -0.122, 0.064, -0.12, 0.063, -0.119, 0.063, -0.118, 0.063, -0.116, 0.062, -0.115, 0.062, -0.114, 0.062, -0.113, 0.061, -0.111, 0.061, -0.11, 0.061, -0.109, 0.06, -0.107, 0.06, -0.106, 0.059, -0.105, 0.059, -0.103, 0.059, -0.102, 0.058, -0.101, 0.058, -0.099, 0.058, -0.098, 0.057, -0.097, 0.057, -0.096, 0.057, -0.094, 0.056, -0.093, 0.056, -0.092, 0.055, -0.09, 0.055, -0.089, 0.055, -0.088, 0.054, -0.087, 0.054, -0.085, 0.053, -0.084, 0.053, -0.083, 0.053, -0.081, 0.052, -0.08, 0.052, -0.079, 0.051, -0.078, 0.051, -0.076, 0.051, -0.075, 0.05, -0.074, 0.05, -0.072, 0.049, -0.071, 0.049, -0.07, 0.049, -0.069, 0.048, -0.067, 0.048, -0.066, 0.047, -0.065, 0.047, -0.064, 0.046, -0.062, 0.046, -0.061, 0.046, -0.06, 0.045, -0.058, 0.045, -0.057, 0.044, -0.056, 0.044, -0.055, 0.043, -0.053, 0.043, -0.052, 0.043, -0.051, 0.042, -0.05, 0.042, -0.048, 0.041, -0.047, 0.041, -0.046, 0.04, -0.045, 0.04, -0.043, 0.039, -0.042, 0.039, -0.041, 0.038, -0.04, 0.038, -0.038, 0.038, -0.037, 0.037, -0.036, 0.037, -0.035, 0.036, -0.034, 0.036, -0.032, 0.035, -0.031, 0.035, -0.03, 0.034, -0.029, 0.034, -0.027, 0.033, -0.026, 0.033, -0.025, 0.032, -0.024, 0.032, -0.023, 0.031, -0.021, 0.031, -0.02, 0.03, -0.019, 0.03, -0.018, 0.029, -0.017, 0.029, -0.015, 0.028, -0.014, 0.028, -0.013, 0.027, -0.012, 0.027, -0.01, 0.026, -0.009, 0.026, -0.008, 0.025, -0.007, 0.025, -0.006, 0.024, -0.005, 0.024, -0.003, 0.023, -0.002, 0.022, -0.001, 0.022, 0.0, 0.021, 0.001, 0.021, 0.003, 0.02, 0.004, 0.02, 0.005, 0.019, 0.006, 0.019, 0.007, 0.018, 0.008, 0.018, 0.01, 0.017, 0.011, 0.016, 0.012, 0.016, 0.013, 0.015, 0.014, 0.015, 0.015, 0.014, 0.017, 0.014, 0.018, 0.013, 0.019, 0.012, 0.02, 0.012, 0.021, 0.011, 0.022, 0.011, 0.023, 0.01, 0.025, 0.01, 0.026, 0.009, 0.027, 0.008, 0.028, 0.008, 0.029, 0.007, 0.03, 0.007, 0.031, 0.006, 0.033, 0.006, 0.034, 0.005, 0.035, 0.004, 0.036, 0.004, 0.037, 0.003, 0.038, 0.003, 0.039, 0.002, 0.041, 0.001, 0.042, 0.001, 0.043, 0.0, 0.044, -0.0, 0.045, -0.001, 0.046, -0.002, 0.047, -0.002, 0.048, -0.003, 0.049, -0.004, 0.051, -0.004, 0.052, -0.005, 0.053, -0.005, 0.054, -0.006, 0.055, -0.007, 0.056, -0.007, 0.057, -0.008, 0.058, -0.008, 0.059, -0.009, 0.061, -0.01, 0.062, -0.01, 0.063, -0.011, 0.064, -0.012, 0.065, -0.012, 0.066, -0.013, 0.067, -0.014, 0.068, -0.014, 0.069, -0.015, 0.07, -0.015, 0.072, -0.016, 0.073, -0.017, 0.074, -0.017, 0.075, -0.018, 0.076, -0.019, 0.077, -0.019, 0.078, -0.02, 0.079, -0.021, 0.08, -0.021, 0.081, -0.022, 0.082, -0.023, 0.083, -0.023, 0.085, -0.024, 0.086, -0.024, 0.087, -0.025, 0.088, -0.026, 0.089, -0.026, 0.09, -0.027, 0.091, -0.028, 0.092, -0.028, 0.093, -0.029, 0.094, -0.03, 0.095, -0.03, 0.096, -0.031, 0.097, -0.032, 0.099, -0.032, 0.1, -0.033, 0.101, -0.034, 0.102, -0.034, 0.103, -0.035, 0.104, -0.036, 0.105, -0.036, 0.106, -0.037, 0.107, -0.038, 0.108, -0.038, 0.109, -0.039, 0.11, -0.04, 0.111, -0.04, 0.112, -0.041, 0.114, -0.042, 0.115, -0.042, 0.116, -0.043, 0.117, -0.044, 0.118, -0.044, 0.119, -0.045, 0.12, -0.046, 0.121, -0.046, 0.122, -0.047, 0.123, -0.048, 0.124, -0.048, 0.125, -0.049, 0.126, -0.05, 0.128, -0.05, 0.129, -0.051, 0.13, -0.052, 0.131, -0.052, 0.132, -0.053, 0.133, -0.054, 0.134, -0.054, 0.135, -0.055, 0.136, -0.056, 0.137, -0.056, 0.138, -0.057, 0.139, -0.058, 0.14, -0.058, 0.142, -0.059, 0.143, -0.06, 0.144, -0.06, 0.145, -0.061, 0.146, -0.062, 0.147, -0.062, 0.148, -0.063, 0.149, -0.063, 0.15, -0.064, 0.151, -0.065, 0.152, -0.065, 0.154, -0.066, 0.155, -0.067, 0.156, -0.067, 0.157, -0.068, 0.158, -0.069, 0.159, -0.069, 0.16, -0.07, 0.161, -0.071, 0.162, -0.071, 0.164, -0.072, 0.165, -0.073, 0.166, -0.073, 0.167, -0.074, 0.168, -0.075, 0.169, -0.075, 0.17, -0.076, 0.171, -0.076, 0.172, -0.077, 0.174, -0.078, 0.175, -0.078, 0.176, -0.079, 0.177, -0.08, 0.178, -0.08, 0.179, -0.081, 0.18, -0.081, 0.181, -0.082, 0.183, -0.083, 0.184, -0.083, 0.185, -0.084, 0.186, -0.085, 0.187, -0.085, 0.188, -0.086, 0.189, -0.086, 0.191, -0.087, 0.192, -0.088, 0.193, -0.088, 0.194, -0.089, 0.195, -0.09, 0.196, -0.09, 0.198, -0.091, 0.199, -0.091, 0.2, -0.092, 0.201, -0.093, 0.202, -0.093, 0.203, -0.094, 0.205, -0.094, 0.206, -0.095, 0.207, -0.096, 0.208, -0.096, 0.209, -0.097, 0.21, -0.097, 0.212, -0.098, 0.213, -0.098, 0.214, -0.099, 0.215, -0.1, 0.216, -0.1, 0.218, -0.101, 0.219, -0.101, 0.22, -0.102, 0.221, -0.103, 0.222, -0.103, 0.224, -0.104, 0.225, -0.104, 0.226, -0.105, 0.227, -0.105, 0.229, -0.106, 0.23, -0.107, 0.231, -0.107, 0.232, -0.108, 0.233, -0.108, 0.235, -0.109, 0.236, -0.109, 0.237, -0.11, 0.238, -0.11, 0.24, -0.111, 0.241, -0.111, 0.242, -0.112, 0.243, -0.113, 0.245, -0.113, 0.246, -0.114, 0.247, -0.114, 0.248, -0.115, 0.25, -0.115, 0.251, -0.116, 0.252, -0.116, 0.253, -0.117, 0.255, -0.117, 0.256, -0.118, 0.257, -0.118, 0.258, -0.119, 0.26, -0.119, 0.261, -0.12, 0.262, -0.12, 0.264, -0.121, 0.265, -0.121, 0.266, -0.122, 0.267, -0.122, 0.269, -0.123, 0.27, -0.123, 0.271, -0.124, 0.273, -0.124, 0.274, -0.125, 0.275, -0.125, 0.277, -0.126, 0.278, -0.126, 0.279, -0.127, 0.281, -0.127, 0.282, -0.128, 0.283, -0.128, 0.285, -0.129, 0.286, -0.129, 0.287, -0.13, 0.288, -0.13, 0.29, -0.131, 0.291, -0.131, 0.292, -0.132, 0.294, -0.132, 0.295, -0.132, 0.297, -0.133, 0.298, -0.133, 0.299, -0.134, 0.301, -0.134, 0.302, -0.135, 0.303, -0.135, 0.305, -0.136, 0.306, -0.136, 0.307, -0.137, 0.309, -0.137, 0.31, -0.137, 0.311, -0.138, 0.313, -0.138, 0.314, -0.139, 0.316, -0.139, 0.317, -0.14, 0.318, -0.14, 0.32, -0.14, 0.321, -0.141, 0.322, -0.141, 0.324, -0.142, 0.325, -0.142, 0.327, -0.142, 0.328, -0.143, 0.329, -0.143, 0.331, -0.144, 0.332, -0.144, 0.333, -0.144, 0.335, -0.145, 0.336, -0.145, 0.338, -0.146, 0.339, -0.146, 0.34, -0.146, 0.342, -0.147, 0.343, -0.147, 0.345, -0.148, 0.346, -0.148, 0.347, -0.148, 0.349, -0.149, 0.35, -0.149, 0.352, -0.149, 0.353, -0.15, 0.355, -0.15, 0.356, -0.151, 0.357, -0.151, 0.359, -0.151, 0.36, -0.152, 0.362, -0.152, 0.363, -0.152, 0.364, -0.153, 0.366, -0.153, 0.367, -0.153, 0.369, -0.154, 0.37, -0.154, 0.372, -0.154, 0.373, -0.155, 0.374, -0.155, 0.376, -0.155, 0.377, -0.156, 0.379, -0.156, 0.38, -0.156, 0.382, -0.157, 0.383, -0.157, 0.384, -0.157, 0.386, -0.158, 0.387, -0.158, 0.389, -0.158, 0.39, -0.159, 0.392, -0.159, 0.393, -0.159, 0.395, -0.16, 0.396, -0.16, 0.397, -0.16, 0.399, -0.161, 0.4, -0.161, 0.402, -0.161, 0.403, -0.161, 0.405, -0.162, 0.406, -0.162, 0.407, -0.162, 0.409, -0.163, 0.41, -0.163, 0.412, -0.163, 0.413, -0.164, 0.415, -0.164, 0.416, -0.164, 0.418, -0.164, 0.419, -0.165, 0.42, -0.165, 0.422, -0.165, 0.423, -0.166, 0.425, -0.166, 0.426, -0.166, 0.428, -0.166, 0.429, -0.167, 0.431, -0.167, 0.432, -0.167, 0.433, -0.167, 0.435, -0.168, 0.436, -0.168, 0.438, -0.168, 0.439, -0.168, 0.441, -0.169, 0.442, -0.169, 0.444, -0.169, 0.445, -0.169, 0.446, -0.17, 0.448, -0.17, 0.449, -0.17, 0.451, -0.17, 0.452, -0.171, 0.454, -0.171, 0.455, -0.171, 0.457, -0.171, 0.458, -0.172, 0.459, -0.172, 0.461, -0.172, 0.462, -0.172, 0.464, -0.172, 0.465, -0.173, 0.467, -0.173, 0.468, -0.173, 0.47, -0.173, 0.471, -0.174, 0.472, -0.174, 0.474, -0.174, 0.475, -0.174, 0.477, -0.174, 0.478, -0.175, 0.48, -0.175, 0.481, -0.175, 0.482, -0.175, 0.484, -0.175, 0.485, -0.176, 0.487, -0.176, 0.488, -0.176, 0.49, -0.176, 0.491, -0.176, 0.493, -0.177, 0.494, -0.177, 0.495, -0.177, 0.497, -0.177, 0.498, -0.177, 0.5, -0.177, 0.501, -0.178, 0.503, -0.178, 0.504, -0.178, 0.505, -0.178, 0.507, -0.178, 0.508, -0.178, 0.51, -0.179, 0.511, -0.179, 0.513, -0.179, 0.514, -0.179, 0.515, -0.179, 0.517, -0.179, 0.518, -0.18, 0.52, -0.18, 0.521, -0.18, 0.522, -0.18, 0.524, -0.18, 0.525, -0.18, 0.527, -0.18, 0.528, -0.181, 0.53, -0.181, 0.531, -0.181, 0.532, -0.181, 0.534, -0.181, 0.535, -0.181, 0.537, -0.181, 0.538, -0.182, 0.539, -0.182, 0.541, -0.182, 0.542, -0.182, 0.544, -0.182, 0.545, -0.182, 0.547, -0.182, 0.548, -0.182, 0.549, -0.183, 0.551, -0.183, 0.552, -0.183, 0.554, -0.183, 0.555, -0.183, 0.556, -0.183, 0.558, -0.183, 0.559, -0.183, 0.561, -0.183, 0.562, -0.184, 0.563, -0.184, 0.565, -0.184, 0.566, -0.184, 0.568, -0.184, 0.569, -0.184, 0.57, -0.184, 0.572, -0.184, 0.573, -0.184, 0.575, -0.184, 0.576, -0.184, 0.577, -0.185, 0.579, -0.185, 0.58, -0.185, 0.582, -0.185, 0.583, -0.185, 0.584, -0.185, 0.586, -0.185, 0.587, -0.185, 0.589, -0.185, 0.59, -0.185, 0.591, -0.185, 0.593, -0.185, 0.594, -0.185, 0.595, -0.185, 0.597, -0.186, 0.598, -0.186, 0.6, -0.186, 0.601, -0.186, 0.602, -0.186, 0.604, -0.186, 0.605, -0.186, 0.607, -0.186, 0.608, -0.186, 0.609, -0.186, 0.611, -0.186, 0.612, -0.186, 0.613, -0.186, 0.615, -0.186, 0.616, -0.186, 0.618, -0.186, 0.619, -0.186, 0.62, -0.186, 0.622, -0.186, 0.623, -0.186, 0.624, -0.186, 0.626, -0.186, 0.627, -0.186, 0.629, -0.186, 0.63, -0.186, 0.631, -0.186, 0.633, -0.186, 0.634, -0.186, 0.635, -0.186, 0.637, -0.186, 0.638, -0.186, 0.639, -0.186, 0.641, -0.186, 0.642, -0.186, 0.643, -0.186, 0.645, -0.186, 0.646, -0.186, 0.648, -0.186, 0.649, -0.186, 0.65, -0.186, 0.652, -0.186, 0.653, -0.186, 0.654, -0.186, 0.656, -0.186, 0.657, -0.186, 0.658, -0.186, 0.66, -0.186, 0.661, -0.186, 0.662, -0.186, 0.664, -0.186, 0.665, -0.186, 0.666, -0.186, 0.668, -0.186, 0.669, -0.186, 0.67, -0.186, 0.672, -0.186, 0.673, -0.186, 0.674, -0.186, 0.676, -0.186, 0.677, -0.186, 0.678, -0.185, 0.68, -0.185, 0.681, -0.185, 0.682, -0.185, 0.684, -0.185, 0.685, -0.185, 0.686, -0.185, 0.688, -0.185, 0.689, -0.185, 0.69, -0.185, 0.692, -0.185, 0.693, -0.185, 0.694, -0.185, 0.695, -0.184, 0.697, -0.184, 0.698, -0.184, 0.699, -0.184, 0.701, -0.184, 0.702, -0.184, 0.703, -0.184, 0.705, -0.184, 0.706, -0.184, 0.707, -0.184, 0.708, -0.183, 0.71, -0.183, 0.711, -0.183, 0.712, -0.183, 0.713, -0.183, 0.715, -0.183, 0.716, -0.183, 0.717, -0.183, 0.719, -0.182, 0.72, -0.182, 0.721, -0.182, 0.722, -0.182, 0.724, -0.182, 0.725, -0.182, 0.726, -0.182, 0.727, -0.181, 0.729, -0.181, 0.73, -0.181, 0.731, -0.181, 0.732, -0.181, 0.733, -0.181, 0.735, -0.18, 0.736, -0.18, 0.737, -0.18, 0.738, -0.18, 0.74, -0.18, 0.741, -0.18, 0.742, -0.179, 0.743, -0.179, 0.744, -0.179, 0.746, -0.179, 0.747, -0.179, 0.748, -0.178, 0.749, -0.178, 0.75, -0.178, 0.751, -0.178, 0.753, -0.178, 0.754, -0.177, 0.755, -0.177, 0.756, -0.177, 0.757, -0.177, 0.758, -0.177, 0.76, -0.176, 0.761, -0.176, 0.762, -0.176, 0.763, -0.176, 0.764, -0.175, 0.765, -0.175, 0.766, -0.175, 0.768, -0.175, 0.769, -0.174, 0.77, -0.174, 0.771, -0.174, 0.772, -0.174, 0.773, -0.173, 0.774, -0.173, 0.775, -0.173, 0.776, -0.173, 0.778, -0.172, 0.779, -0.172, 0.78, -0.172, 0.781, -0.171, 0.782, -0.171, 0.783, -0.171, 0.784, -0.171, 0.785, -0.17, 0.786, -0.17, 0.787, -0.17, 0.788, -0.169, 0.789, -0.169, 0.79, -0.169, 0.791, -0.169, 0.792, -0.168, 0.793, -0.168, 0.794, -0.168, 0.795, -0.167, 0.796, -0.167, 0.797, -0.167, 0.798, -0.166, 0.799, -0.166, 0.8, -0.166, 0.801, -0.165, 0.802, -0.165, 0.803, -0.165, 0.804, -0.164, 0.805, -0.164, 0.806, -0.164, 0.807, -0.163, 0.808, -0.163, 0.809, -0.162, 0.81, -0.162, 0.811, -0.162, 0.812, -0.161, 0.812, -0.161, 0.813, -0.161, 0.814, -0.16, 0.815, -0.16, 0.816, -0.16, 0.817, -0.159, 0.818, -0.159, 0.819, -0.158, 0.819, -0.158, 0.82, -0.158, 0.821, -0.157, 0.822, -0.157, 0.823, -0.156, 0.824, -0.156, 0.825, -0.156, 0.825, -0.155, 0.826, -0.155, 0.827, -0.154, 0.828, -0.154, 0.829, -0.153, 0.829, -0.153, 0.83, -0.153, 0.831, -0.152, 0.832, -0.152, 0.832, -0.151, 0.833, -0.151, 0.834, -0.15, 0.835, -0.15, 0.835, -0.15, 0.836, -0.149, 0.837, -0.149, 0.838, -0.148, 0.838, -0.148, 0.839, -0.147, 0.84, -0.147, 0.84, -0.146, 0.841, -0.146, 0.842, -0.145, 0.842, -0.145, 0.843, -0.144, 0.844, -0.144, 0.844, -0.143, 0.845, -0.143, 0.846, -0.143, 0.846, -0.142, 0.847, -0.142, 0.848, -0.141, 0.848, -0.141, 0.849, -0.14, 0.849, -0.14, 0.85, -0.139, 0.851, -0.139, 0.851, -0.138, 0.852, -0.138, 0.852, -0.137, 0.853, -0.137, 0.853, -0.136, 0.854, -0.135, 0.855, -0.135, 0.855, -0.134, 0.856, -0.134, 0.856, -0.133, 0.857, -0.133, 0.857, -0.132, 0.858, -0.132, 0.858, -0.131, 0.859, -0.131, 0.859, -0.13, 0.86, -0.13, 0.86, -0.129, 0.861, -0.129, 0.861, -0.128, 0.861, -0.127, 0.862, -0.127, 0.862, -0.126, 0.863, -0.126, 0.863, -0.125, 0.864, -0.125, 0.864, -0.124, 0.864, -0.124, 0.865, -0.123, 0.865, -0.122, 0.865, -0.122, 0.866, -0.121, 0.866, -0.121, 0.867, -0.12, 0.867, -0.12, 0.867, -0.119, 0.868, -0.118, 0.868, -0.118, 0.868, -0.117, 0.869, -0.117, 0.869, -0.116, 0.869, -0.116, 0.869, -0.115, 0.87, -0.114, 0.87, -0.114, 0.87, -0.113, 0.87, -0.113, 0.871, -0.112, 0.871, -0.111, 0.871, -0.111, 0.871, -0.11, 0.872, -0.11, 0.872, -0.109, 0.872, -0.108, 0.872, -0.108, 0.872, -0.107, 0.873, -0.107, 0.873, -0.106, 0.873, -0.105, 0.873, -0.105, 0.873, -0.104, 0.874, -0.104, 0.874, -0.103, 0.874, -0.102, 0.874, -0.102, 0.874, -0.101, 0.874, -0.101, 0.874, -0.1, 0.874, -0.099, 0.874, -0.099, 0.875, -0.098, 0.875, -0.097, 0.875, -0.097, 0.875, -0.096, 0.875, -0.096, 0.875, -0.095, 0.875, -0.094, 0.875, -0.094, 0.875, -0.093, 0.875, -0.092, 0.875, -0.092, 0.875, -0.091, 0.875, -0.091, 0.875, -0.09, 0.875, -0.089, 0.875, -0.089, 0.875, -0.088, 0.875, -0.087, 0.875, -0.087, 0.875, -0.086, 0.875, -0.085, 0.875, -0.085, 0.875, -0.084, 0.875, -0.084, 0.874, -0.083, 0.874, -0.082, 0.874, -0.082, 0.874, -0.081, 0.874, -0.08, 0.874, -0.08, 0.874, -0.079, 0.874, -0.078, 0.873, -0.078, 0.873, -0.077, 0.873, -0.076, 0.873, -0.076, 0.873, -0.075, 0.873, -0.075, 0.872, -0.074, 0.872, -0.073, 0.872, -0.073, 0.872, -0.072, 0.872, -0.071, 0.871, -0.071, 0.871, -0.07, 0.871, -0.069, 0.871, -0.069, 0.87, -0.068, 0.87, -0.067, 0.87, -0.067, 0.87, -0.066, 0.869, -0.066, 0.869, -0.065, 0.869, -0.064, 0.868, -0.064, 0.868, -0.063, 0.868, -0.062, 0.867, -0.062, 0.867, -0.061, 0.867, -0.06, 0.866, -0.06, 0.866, -0.059, 0.866, -0.058, 0.865, -0.058, 0.865, -0.057, 0.865, -0.057, 0.864, -0.056, 0.864, -0.055, 0.863, -0.055, 0.863, -0.054, 0.863, -0.053, 0.862, -0.053, 0.862, -0.052, 0.861, -0.051, 0.861, -0.051, 0.86, -0.05, 0.86, -0.05, 0.86, -0.049, 0.859, -0.048, 0.859, -0.048, 0.858, -0.047, 0.858, -0.046, 0.857, -0.046, 0.857, -0.045, 0.856, -0.044, 0.856, -0.044, 0.855, -0.043, 0.855, -0.043, 0.854, -0.042, 0.854, -0.041, 0.853, -0.041, 0.852, -0.04, 0.852, -0.039, 0.851, -0.039, 0.851, -0.038, 0.85, -0.038, 0.85, -0.037, 0.849, -0.036, 0.848, -0.036, 0.848, -0.035, 0.847, -0.034, 0.847, -0.034, 0.846, -0.033, 0.845, -0.033, 0.845, -0.032, 0.844, -0.031, 0.844, -0.031, 0.843, -0.03, 0.842, -0.03, 0.842, -0.029, 0.841, -0.028, 0.84, -0.028, 0.84, -0.027, 0.839, -0.027, 0.838, -0.026, 0.838, -0.025, 0.837, -0.025, 0.836, -0.024, 0.835, -0.024, 0.835, -0.023, 0.834, -0.022, 0.833, -0.022, 0.833, -0.021, 0.832, -0.021, 0.831, -0.02, 0.83, -0.019, 0.83, -0.019, 0.829, -0.018, 0.828, -0.018, 0.827, -0.017, 0.827, -0.016, 0.826, -0.016, 0.825, -0.015, 0.824, -0.015, 0.823, -0.014, 0.823, -0.014, 0.822, -0.013, 0.821, -0.012, 0.82, -0.012, 0.819, -0.011, 0.819, -0.011, 0.818, -0.01, 0.817, -0.01, 0.816, -0.009, 0.815, -0.008, 0.814, -0.008, 0.814, -0.007, 0.813, -0.007, 0.812, -0.006, 0.811, -0.006, 0.81, -0.005, 0.809, -0.005, 0.808, -0.004, 0.807, -0.003, 0.807, -0.003, 0.806, -0.002, 0.805, -0.002, 0.804, -0.001, 0.803, -0.001, 0.802, -0.0, 0.801, 0.0, 0.8, 0.001, 0.799, 0.001, 0.799, 0.002, 0.798, 0.002, 0.797, 0.003, 0.796, 0.003, 0.795, 0.004, 0.794, 0.004, 0.793, 0.005, 0.792, 0.005, 0.791, 0.006, 0.79, 0.007, 0.789, 0.007, 0.788, 0.008, 0.787, 0.008, 0.786, 0.009, 0.785, 0.009, 0.784, 0.01, 0.783, 0.01, 0.782, 0.011, 0.781, 0.011, 0.78, 0.011, 0.779, 0.012, 0.778, 0.012, 0.777, 0.013, 0.776, 0.013, 0.775, 0.014, 0.774, 0.014, 0.773, 0.015, 0.772, 0.015, 0.771, 0.016, 0.77, 0.016, 0.769, 0.017, 0.768, 0.017, 0.767, 0.018, 0.766, 0.018, 0.765, 0.019, 0.764, 0.019, 0.763, 0.019, 0.762, 0.02, 0.761, 0.02, 0.76, 0.021, 0.759, 0.021, 0.758, 0.022, 0.757, 0.022, 0.756, 0.023, 0.755, 0.023, 0.754, 0.023, 0.753, 0.024, 0.752, 0.024, 0.751, 0.025, 0.75, 0.025, 0.749, 0.026, 0.748, 0.026, 0.747, 0.026, 0.745, 0.027, 0.744, 0.027, 0.743, 0.028, 0.742, 0.028, 0.741, 0.029, 0.74, 0.029, 0.739, 0.029, 0.738, 0.03, 0.737, 0.03, 0.736, 0.031, 0.735, 0.031, 0.734, 0.031, 0.732, 0.032, 0.731, 0.032, 0.73, 0.032, 0.729, 0.033, 0.728, 0.033, 0.727, 0.034, 0.726, 0.034, 0.725, 0.034, 0.724, 0.035, 0.723, 0.035, 0.721, 0.036, 0.72, 0.036, 0.719, 0.036, 0.718, 0.037, 0.717, 0.037, 0.716, 0.037, 0.715, 0.038, 0.714, 0.038, 0.713, 0.038, 0.711, 0.039, 0.71, 0.039, 0.709, 0.039, 0.708, 0.04, 0.707, 0.04, 0.706, 0.041, 0.705, 0.041, 0.704, 0.041, 0.702, 0.042, 0.701, 0.042, 0.7, 0.042, 0.699, 0.043, 0.698, 0.043, 0.697, 0.043, 0.696, 0.044, 0.695, 0.044, 0.693, 0.044, 0.692, 0.044, 0.691, 0.045, 0.69, 0.045, 0.689, 0.045, 0.688, 0.046, 0.687, 0.046, 0.685, 0.046, 0.684, 0.047, 0.683, 0.047, 0.682, 0.047, 0.681, 0.048, 0.68, 0.048, 0.678, 0.048, 0.677, 0.048, 0.676, 0.049, 0.675, 0.049, 0.674, 0.049, 0.673, 0.05, 0.672, 0.05, 0.67, 0.05, 0.669, 0.051, 0.668, 0.051, 0.667, 0.051, 0.666, 0.051, 0.665, 0.052, 0.663, 0.052, 0.662, 0.052, 0.661, 0.052, 0.66, 0.053, 0.659, 0.053, 0.658, 0.053, 0.656, 0.054, 0.655, 0.054, 0.654, 0.054, 0.653, 0.054, 0.652, 0.055, 0.651, 0.055, 0.649, 0.055, 0.648, 0.055, 0.647, 0.056, 0.646, 0.056, 0.645, 0.056, 0.643, 0.056, 0.642, 0.057, 0.641, 0.057, 0.64, 0.057, 0.639, 0.057, 0.638, 0.058, 0.636, 0.058, 0.635, 0.058, 0.634, 0.058, 0.633, 0.059, 0.632, 0.059, 0.63, 0.059, 0.629, 0.059, 0.628, 0.059, 0.627, 0.06, 0.626, 0.06, 0.624, 0.06, 0.623, 0.06, 0.622, 0.061, 0.621, 0.061, 0.62, 0.061, 0.618, 0.061, 0.617, 0.061, 0.616, 0.062, 0.615, 0.062, 0.614, 0.062, 0.612, 0.062, 0.611, 0.063, 0.61, 0.063, 0.609, 0.063, 0.608, 0.063, 0.606, 0.063, 0.605, 0.064, 0.604, 0.064, 0.603, 0.064, 0.602, 0.064, 0.6, 0.064, 0.599, 0.065, 0.598, 0.065, 0.597, 0.065, 0.596, 0.065, 0.594, 0.065, 0.593, 0.066, 0.592, 0.066, 0.591, 0.066, 0.59, 0.066, 0.588, 0.066, 0.587, 0.066, 0.586, 0.067, 0.585, 0.067, 0.584, 0.067, 0.582, 0.067, 0.581, 0.067, 0.58, 0.068, 0.579, 0.068, 0.577, 0.068, 0.576, 0.068, 0.575, 0.068, 0.574, 0.068, 0.573, 0.069, 0.571, 0.069, 0.57, 0.069, 0.569, 0.069, 0.568, 0.069, 0.566, 0.069, 0.565, 0.07, 0.564, 0.07, 0.563, 0.07, 0.562, 0.07, 0.56, 0.07, 0.559, 0.07, 0.558, 0.071, 0.557, 0.071, 0.555, 0.071, 0.554, 0.071, 0.553, 0.071, 0.552, 0.071, 0.551, 0.071, 0.549, 0.072, 0.548, 0.072, 0.547, 0.072, 0.546, 0.072, 0.544, 0.072, 0.543, 0.072, 0.542, 0.073, 0.541, 0.073, 0.539, 0.073, 0.538, 0.073, 0.537, 0.073, 0.536, 0.073, 0.535, 0.073, 0.533, 0.073, 0.532, 0.074, 0.531, 0.074, 0.53, 0.074, 0.528, 0.074, 0.527, 0.074, 0.526, 0.074, 0.525, 0.074, 0.523, 0.074, 0.522, 0.075, 0.521, 0.075, 0.52, 0.075, 0.519, 0.075, 0.517, 0.075, 0.516, 0.075, 0.515, 0.075, 0.514, 0.075, 0.512, 0.076, 0.511, 0.076, 0.51, 0.076, 0.509, 0.076, 0.507, 0.076, 0.506, 0.076, 0.505, 0.076, 0.504, 0.076, 0.502, 0.076, 0.501, 0.077, 0.5, 0.077, 0.499, 0.077, 0.498, 0.077, 0.496, 0.077, 0.495, 0.077, 0.494, 0.077, 0.493, 0.077, 0.491, 0.077, 0.49, 0.077, 0.489, 0.077, 0.488, 0.078, 0.486, 0.078, 0.485, 0.078, 0.484, 0.078, 0.483, 0.078, 0.482, 0.078, 0.48, 0.078, 0.479, 0.078, 0.478, 0.078, 0.477, 0.078, 0.475, 0.078, 0.474, 0.078, 0.473, 0.079, 0.472, 0.079, 0.47, 0.079, 0.469, 0.079, 0.468, 0.079, 0.467, 0.079, 0.466, 0.079, 0.464, 0.079, 0.463, 0.079, 0.462, 0.079, 0.461, 0.079, 0.459, 0.079, 0.458, 0.079, 0.457, 0.079, 0.456, 0.079, 0.455, 0.08, 0.453, 0.08, 0.452, 0.08, 0.451, 0.08, 0.45, 0.08, 0.448, 0.08, 0.447, 0.08, 0.446, 0.08, 0.445, 0.08, 0.443, 0.08, 0.442, 0.08, 0.441, 0.08, 0.44, 0.08, 0.439, 0.08, 0.437, 0.08, 0.436, 0.08, 0.435, 0.08, 0.434, 0.08, 0.433, 0.08, 0.431, 0.08, 0.43, 0.08, 0.429, 0.08, 0.428, 0.08, 0.426, 0.08, 0.425, 0.08, 0.424, 0.081, 0.423, 0.081, 0.422, 0.081, 0.42, 0.081, 0.419, 0.081, 0.418, 0.081, 0.417, 0.081, 0.415, 0.081, 0.414, 0.081, 0.413, 0.081, 0.412, 0.081, 0.411, 0.081, 0.409, 0.081, 0.408, 0.081, 0.407, 0.081, 0.406, 0.081, 0.405, 0.081, 0.403, 0.081, 0.402, 0.081, 0.401, 0.081, 0.4, 0.081, 0.399, 0.081, 0.397, 0.081, 0.396, 0.081, 0.395, 0.081, 0.394, 0.081, 0.393, 0.081, 0.391, 0.081, 0.39, 0.081, 0.389, 0.081, 0.388, 0.081, 0.387, 0.08, 0.385, 0.08, 0.384, 0.08, 0.383, 0.08, 0.382, 0.08, 0.38, 0.08, 0.379, 0.08, 0.378, 0.08, 0.377, 0.08, 0.376, 0.08, 0.374, 0.08, 0.373, 0.08, 0.372, 0.08, 0.371, 0.08, 0.37, 0.08, 0.369, 0.08, 0.367, 0.08, 0.366, 0.08, 0.365, 0.08, 0.364, 0.08, 0.363, 0.08, 0.361, 0.08, 0.36, 0.08, 0.359, 0.079, 0.358, 0.079, 0.357, 0.079, 0.355, 0.079, 0.354, 0.079, 0.353, 0.079, 0.352, 0.079, 0.351, 0.079, 0.349, 0.079, 0.348, 0.079, 0.347, 0.079, 0.346, 0.079, 0.345, 0.079, 0.343, 0.079, 0.342, 0.078, 0.341, 0.078, 0.34, 0.078, 0.339, 0.078, 0.337, 0.078, 0.336, 0.078, 0.335, 0.078, 0.334, 0.078, 0.333, 0.078, 0.332, 0.078, 0.33, 0.077, 0.329, 0.077, 0.328, 0.077, 0.327, 0.077, 0.326, 0.077, 0.324, 0.077, 0.323, 0.077, 0.322, 0.077, 0.321, 0.076, 0.32, 0.076, 0.318, 0.076, 0.317, 0.076, 0.316, 0.076, 0.315, 0.076, 0.314, 0.076, 0.312, 0.076, 0.311, 0.075, 0.31, 0.075, 0.309, 0.075, 0.308, 0.075, 0.307, 0.075, 0.305, 0.075, 0.304, 0.074, 0.303, 0.074, 0.302, 0.074, 0.301, 0.074, 0.299, 0.074, 0.298, 0.074, 0.297, 0.073, 0.296, 0.073, 0.295, 0.073, 0.293, 0.073, 0.292, 0.073, 0.291, 0.072, 0.29, 0.072, 0.289, 0.072, 0.288, 0.072, 0.286, 0.072, 0.285, 0.071, 0.284, 0.071, 0.283, 0.071, 0.282, 0.071, 0.28, 0.071, 0.279, 0.07, 0.278, 0.07, 0.277, 0.07, 0.276, 0.07, 0.274, 0.069, 0.273, 0.069, 0.272, 0.069, 0.271, 0.069, 0.27, 0.068, 0.268, 0.068, 0.267, 0.068, 0.266, 0.068, 0.265, 0.067, 0.264, 0.067, 0.263, 0.067, 0.261, 0.067, 0.26, 0.066, 0.259, 0.066, 0.258, 0.066, 0.257, 0.065, 0.255, 0.065, 0.254, 0.065, 0.253, 0.065, 0.252, 0.064, 0.251, 0.064, 0.249, 0.064, 0.248, 0.063, 0.247, 0.063, 0.246, 0.063, 0.245, 0.062, 0.243, 0.062, 0.242, 0.062, 0.241, 0.061, 0.24, 0.061, 0.239, 0.061, 0.237, 0.06, 0.236, 0.06, 0.235, 0.059, 0.234, 0.059, 0.233, 0.059, 0.231, 0.058, 0.23, 0.058, 0.229, 0.058, 0.228, 0.057, 0.227, 0.057, 0.225, 0.056, 0.224, 0.056, 0.223, 0.055, 0.222, 0.055, 0.221, 0.055, 0.219, 0.054, 0.218, 0.054, 0.217, 0.053, 0.216, 0.053, 0.215, 0.052, 0.214, 0.052, 0.212, 0.051, 0.211, 0.051, 0.21, 0.051, 0.209, 0.05, 0.208, 0.05, 0.206, 0.049, 0.205, 0.049, 0.204, 0.048, 0.203, 0.048, 0.202, 0.047, 0.2, 0.046, 0.199, 0.046, 0.198, 0.045, 0.197, 0.045, 0.196, 0.044, 0.194, 0.044, 0.193, 0.043, 0.192, 0.043, 0.191, 0.042, 0.19, 0.041, 0.188, 0.041, 0.187, 0.04, 0.186, 0.04, 0.185, 0.039, 0.184, 0.038, 0.182, 0.038, 0.181, 0.037, 0.18, 0.037, 0.179, 0.036, 0.178, 0.035, 0.176, 0.035, 0.175, 0.034, 0.174, 0.033, 0.173, 0.033, 0.172, 0.032, 0.17, 0.031, 0.169, 0.031, 0.168, 0.03, 0.167, 0.029, 0.166, 0.029, 0.164, 0.028, 0.163, 0.027, 0.162, 0.026, 0.161, 0.026, 0.16, 0.025, 0.158, 0.024, 0.157, 0.023, 0.156, 0.023, 0.155, 0.022, 0.154, 0.021, 0.152, 0.02, 0.151, 0.019, 0.15, 0.019, 0.149, 0.018, 0.148, 0.017, 0.147, 0.016, 0.145, 0.015, 0.144, 0.015, 0.143, 0.014, 0.142, 0.013, 0.141, 0.012, 0.139, 0.011, 0.138, 0.01, 0.137, 0.009, 0.136, 0.008, 0.135, 0.008, 0.134, 0.007, 0.132, 0.006, 0.131, 0.005, 0.13, 0.004, 0.129, 0.003, 0.128, 0.002, 0.126, 0.001, 0.125, 0.0, 0.124, -0.001, 0.123, -0.002, 0.122, -0.003, 0.121, -0.004, 0.119, -0.005, 0.118, -0.006, 0.117, -0.007, 0.116, -0.008, 0.115, -0.009, 0.114, -0.01, 0.112, -0.011, 0.111, -0.012, 0.11, -0.013, 0.109, -0.014, 0.108, -0.015, 0.107, -0.016, 0.105, -0.017, 0.104, -0.018, 0.103, -0.019, 0.102, -0.02, 0.101, -0.021, 0.1, -0.022, 0.098, -0.024, 0.097, -0.025, 0.096, -0.026, 0.095, -0.027, 0.094, -0.028, 0.093, -0.029, 0.091, -0.03, 0.09, -0.031, 0.089, -0.032, 0.088, -0.034, 0.087, -0.035, 0.086, -0.036, 0.085, -0.037, 0.083, -0.038, 0.082, -0.039, 0.081, -0.041, 0.08, -0.042, 0.079, -0.043, 0.078, -0.044, 0.077, -0.045, 0.075, -0.047, 0.074, -0.048, 0.073, -0.049, 0.072, -0.05, 0.071, -0.051, 0.07, -0.053, 0.069, -0.054, 0.068, -0.055, 0.066, -0.056, 0.065, -0.058, 0.064, -0.059, 0.063, -0.06, 0.062, -0.061, 0.061, -0.062, 0.06, -0.064, 0.059, -0.065, 0.058, -0.066, 0.056, -0.067, 0.055, -0.069, 0.054, -0.07, 0.053, -0.071, 0.052, -0.072, 0.051, -0.074, 0.05, -0.075, 0.049, -0.076, 0.048, -0.078, 0.047, -0.079, 0.045, -0.08, 0.044, -0.081, 0.043, -0.083, 0.042, -0.084, 0.041, -0.085, 0.04, -0.086, 0.039, -0.088, 0.038, -0.089, 0.037, -0.09, 0.036, -0.091, 0.035, -0.093, 0.034, -0.094, 0.032, -0.095, 0.031, -0.097, 0.03, -0.098, 0.029, -0.099, 0.028, -0.1, 0.027, -0.102, 0.026, -0.103, 0.025, -0.104, 0.024, -0.105, 0.023, -0.107, 0.022, -0.108, 0.021, -0.109, 0.02, -0.11, 0.019, -0.112, 0.018, -0.113]
     Total cost =  [148.0]
     Grid cost = "Y:/models/ur5hanibenpng/final/Robot-cleaning-ur51/Robot-cleaning-ur5/logs/gridlist2.txt"
     
     
# Historical Feedback Summary (last 10 iterations)
# Iteration Performance Summary (last 10 iterations):
  199th iteration: total_balls=134, waypoints_executed=1384, grid_distribution=[34, 17, 24, 14, 19, 26]
  200th iteration: total_balls=145, waypoints_executed=1571, grid_distribution=[28, 17, 37, 26, 18, 19]
  201st iteration: total_balls=139, waypoints_executed=1571, grid_distribution=[28, 19, 33, 15, 18, 26]
  202nd iteration: total_balls=137, waypoints_executed=1571, grid_distribution=[28, 17, 40, 14, 16, 22]
  203rd iteration: total_balls=129, waypoints_executed=1440, grid_distribution=[60, 21, 10, 8, 9, 21]
  204th iteration: total_balls=139, waypoints_executed=1490, grid_distribution=[28, 21, 46, 8, 14, 22]
  205th iteration: total_balls=130, waypoints_executed=1571, grid_distribution=[26, 14, 33, 24, 19, 14]
  206th iteration: total_balls=147, waypoints_executed=1571, grid_distribution=[36, 31, 16, 15, 33, 16]
  207th iteration: total_balls=130, waypoints_executed=1163, grid_distribution=[28, 17, 35, 25, 15, 10]
  208th iteration: total_balls=97, waypoints_executed=1400, grid_distribution=[30, 16, 36, 12, 3, 0]

# Trajectory Path Analysis (last 10 iterations):
  199th iteration: path_start=[(0.011, -0.173), (0.012, -0.174), (0.014, -0.175), (0.016, -0.176), (0.018, -0.178), (0.021, -0.18), (0.024, -0.183), (0.028, -0.185), (0.032, -0.188), (0.036, -0.191), (0.04, -0.195), (0.045, -0.198), (0.05, -0.202), (0.056, -0.206), (0.061, -0.21), (0.067, -0.214), (0.073, -0.219), (0.079, -0.224), (0.086, -0.228), (0.092, -0.233), (0.099, -0.238), (0.106, -0.243), (0.112, -0.248), (0.12, -0.254), (0.127, -0.259), (0.134, -0.264), (0.141, -0.27), (0.149, -0.275), (0.156, -0.281), (0.164, -0.286), (0.171, -0.292), (0.179, -0.298), (0.187, -0.303), (0.194, -0.309), (0.202, -0.315), (0.21, -0.32), (0.217, -0.326), (0.225, -0.332), (0.233, -0.338), (0.241, -0.343), (0.248, -0.349), (0.256, -0.355), (0.264, -0.36), (0.271, -0.366), (0.279, -0.372), (0.286, -0.377), (0.294, -0.383), (0.302, -0.388), (0.309, -0.394), (0.316, -0.399), (0.324, -0.405), (0.331, -0.41), (0.338, -0.415), (0.346, -0.421), (0.353, -0.426), (0.36, -0.431), (0.367, -0.436), (0.374, -0.441), (0.381, -0.446), (0.387, -0.451), (0.394, -0.456), (0.401, -0.461), (0.407, -0.466), (0.414, -0.471), (0.42, -0.476), (0.427, -0.48), (0.433, -0.485), (0.439, -0.49), (0.446, -0.494), (0.452, -0.498), (0.458, -0.503), (0.464, -0.507), (0.469, -0.511), (0.475, -0.516), (0.481, -0.52), (0.486, -0.524), (0.492, -0.528), (0.497, -0.532), (0.503, -0.536), (0.508, -0.54), (0.513, -0.543), (0.519, -0.547), (0.524, -0.551), (0.529, -0.554), (0.533, -0.558), (0.538, -0.561), (0.543, -0.565), (0.548, -0.568), (0.552, -0.572), (0.557, -0.575), (0.561, -0.578), (0.566, -0.581), (0.57, -0.584), (0.574, -0.587), (0.578, -0.59), (0.583, -0.593), (0.587, -0.596), (0.591, -0.599), (0.594, -0.602), (0.598, -0.604), (0.602, -0.607), (0.606, -0.609), (0.609, -0.612), (0.613, -0.615), (0.616, -0.617), (0.62, -0.619), (0.623, -0.622), (0.626, -0.624), (0.629, -0.626), (0.633, -0.628), (0.636, -0.631), (0.639, -0.633), (0.642, -0.635), (0.645, -0.637), (0.647, -0.639), (0.65, -0.641), (0.653, -0.643), (0.656, -0.644), (0.658, -0.646), (0.661, -0.648), (0.663, -0.65), (0.666, -0.651), (0.668, -0.653), (0.67, -0.655), (0.673, -0.656), (0.675, -0.658), (0.677, -0.659), (0.679, -0.66), (0.681, -0.662), (0.683, -0.663), (0.685, -0.665), (0.687, -0.666), (0.689, -0.667), (0.691, -0.668), (0.693, -0.669), (0.694, -0.671), (0.696, -0.672), (0.698, -0.673), (0.699, -0.674), (0.701, -0.675), (0.703, -0.676), (0.704, -0.677), (0.706, -0.678), (0.707, -0.679), (0.708, -0.679), (0.71, -0.68), (0.711, -0.681), (0.712, -0.682), (0.714, -0.683), (0.715, -0.683), (0.716, -0.684), (0.717, -0.685), (0.718, -0.685), (0.719, -0.686), (0.72, -0.687), (0.721, -0.687), (0.722, -0.688), (0.723, -0.688), (0.724, -0.689), (0.725, -0.689), (0.726, -0.69), (0.726, -0.69), (0.727, -0.69), (0.728, -0.691), (0.729, -0.691), (0.729, -0.692), (0.73, -0.692), (0.731, -0.692), (0.731, -0.692), (0.732, -0.693), (0.732, -0.693), (0.733, -0.693), (0.734, -0.693), (0.734, -0.694), (0.734, -0.694), (0.735, -0.694), (0.735, -0.694), (0.736, -0.694), (0.736, -0.694), (0.736, -0.694), (0.737, -0.694), (0.737, -0.694), (0.737, -0.694), (0.738, -0.694), (0.738, -0.694), (0.738, -0.694), (0.738, -0.694), (0.739, -0.694), (0.739, -0.694), (0.739, -0.694), (0.739, -0.694), (0.739, -0.694), (0.739, -0.694), (0.739, -0.694), (0.739, -0.694), (0.739, -0.694), (0.74, -0.693), (0.74, -0.693), (0.74, -0.693), (0.74, -0.693), (0.74, -0.693), (0.739, -0.692), (0.739, -0.692), (0.739, -0.692), (0.739, -0.692), (0.739, -0.692), (0.739, -0.691), (0.739, -0.691), (0.739, -0.691), (0.739, -0.69), (0.739, -0.69), (0.738, -0.69), (0.738, -0.689), (0.738, -0.689), (0.738, -0.689), (0.738, -0.688), (0.737, -0.688), (0.737, -0.688), (0.737, -0.687), (0.737, -0.687), (0.736, -0.687), (0.736, -0.686), (0.736, -0.686), (0.736, -0.685), (0.735, -0.685), (0.735, -0.685), (0.735, -0.684), (0.734, -0.684), (0.734, -0.683), (0.734, -0.683), (0.733, -0.682), (0.733, -0.682), (0.732, -0.681), (0.732, -0.681), (0.732, -0.68), (0.731, -0.68), (0.731, -0.679), (0.731, -0.679), (0.73, -0.679), (0.73, -0.678), (0.729, -0.677), (0.729, -0.677), (0.728, -0.676), (0.728, -0.676), (0.727, -0.675), (0.727, -0.675), (0.727, -0.674), (0.726, -0.674), (0.726, -0.673), (0.725, -0.673), (0.725, -0.672), (0.724, -0.672), (0.724, -0.671), (0.723, -0.67), (0.723, -0.67), (0.722, -0.669), (0.722, -0.669), (0.721, -0.668), (0.72, -0.668), (0.72, -0.667), (0.719, -0.666), (0.719, -0.666), (0.718, -0.665), (0.718, -0.665), (0.717, -0.664), (0.717, -0.663), (0.716, -0.663), (0.716, -0.662), (0.715, -0.661), (0.714, -0.661), (0.714, -0.66), (0.713, -0.66), (0.713, -0.659), (0.712, -0.658), (0.711, -0.658), (0.711, -0.657), (0.71, -0.656), (0.71, -0.656), (0.709, -0.655), (0.708, -0.654), (0.708, -0.654), (0.707, -0.653), (0.707, -0.652), (0.706, -0.652), (0.705, -0.651), (0.705, -0.65), (0.704, -0.65), (0.703, -0.649), (0.703, -0.648), (0.702, -0.648), (0.701, -0.647), (0.701, -0.646), (0.7, -0.646), (0.699, -0.645), (0.699, -0.644), (0.698, -0.644), (0.698, -0.643), (0.697, -0.642), (0.696, -0.642), (0.696, -0.641), (0.695, -0.64), (0.694, -0.64), (0.694, -0.639), (0.693, -0.638), (0.692, -0.638), (0.691, -0.637), (0.691, -0.636), (0.69, -0.635), (0.689, -0.635), (0.689, -0.634), (0.688, -0.633), (0.687, -0.633), (0.687, -0.632), (0.686, -0.631), (0.685, -0.63), (0.685, -0.63), (0.684, -0.629), (0.683, -0.628), (0.683, -0.628), (0.682, -0.627), (0.681, -0.626), (0.68, -0.626), (0.68, -0.625), (0.679, -0.624), (0.678, -0.623), (0.678, -0.623), (0.677, -0.622), (0.676, -0.621), (0.676, -0.62), (0.675, -0.62), (0.674, -0.619), (0.673, -0.618), (0.673, -0.618), (0.672, -0.617), (0.671, -0.616), (0.671, -0.615), (0.67, -0.615), (0.669, -0.614), (0.668, -0.613), (0.668, -0.612), (0.667, -0.612), (0.666, -0.611), (0.665, -0.61), (0.665, -0.61), (0.664, -0.609), (0.663, -0.608), (0.663, -0.607), (0.662, -0.607), (0.661, -0.606), (0.66, -0.605), (0.66, -0.604), (0.659, -0.604), (0.658, -0.603), (0.657, -0.602), (0.657, -0.601), (0.656, -0.601), (0.655, -0.6), (0.655, -0.599), (0.654, -0.598), (0.653, -0.598), (0.652, -0.597), (0.652, -0.596), (0.651, -0.595), (0.65, -0.595), (0.649, -0.594), (0.649, -0.593), (0.648, -0.592), (0.647, -0.592), (0.646, -0.591), (0.646, -0.59), (0.645, -0.59), (0.644, -0.589), (0.643, -0.588), (0.643, -0.587), (0.642, -0.587), (0.641, -0.586), (0.64, -0.585), (0.64, -0.584), (0.639, -0.584), (0.638, -0.583), (0.637, -0.582), (0.637, -0.581), (0.636, -0.581), (0.635, -0.58), (0.634, -0.579), (0.634, -0.578), (0.633, -0.578), (0.632, -0.577), (0.631, -0.576), (0.631, -0.575), (0.63, -0.574), (0.629, -0.574), (0.628, -0.573), (0.628, -0.572), (0.627, -0.571), (0.626, -0.571), (0.625, -0.57), (0.625, -0.569), (0.624, -0.568), (0.623, -0.568), (0.622, -0.567), (0.622, -0.566), (0.621, -0.565), (0.62, -0.565), (0.619, -0.564), (0.619, -0.563), (0.618, -0.562), (0.617, -0.562), (0.616, -0.561), (0.616, -0.56), (0.615, -0.559), (0.614, -0.559), (0.613, -0.558), (0.613, -0.557), (0.612, -0.556), (0.611, -0.556), (0.61, -0.555), (0.61, -0.554), (0.609, -0.553), (0.608, -0.553), (0.607, -0.552), (0.607, -0.551), (0.606, -0.55), (0.605, -0.55), (0.604, -0.549), (0.604, -0.548), (0.603, -0.547), (0.602, -0.547), (0.601, -0.546), (0.601, -0.545), (0.6, -0.544), (0.599, -0.543), (0.598, -0.543), (0.598, -0.542), (0.597, -0.541), (0.596, -0.54), (0.595, -0.54), (0.595, -0.539), (0.594, -0.538), (0.593, -0.537), (0.592, -0.537), (0.591, -0.536), (0.591, -0.535), (0.59, -0.534), (0.589, -0.534), (0.588, -0.533), (0.588, -0.532), (0.587, -0.531), (0.586, -0.531), (0.585, -0.53), (0.585, -0.529), (0.584, -0.528), (0.583, -0.528), (0.582, -0.527), (0.582, -0.526), (0.581, -0.525), (0.58, -0.524), (0.579, -0.524), (0.579, -0.523), (0.578, -0.522), (0.577, -0.521), (0.576, -0.521), (0.576, -0.52), (0.575, -0.519), (0.574, -0.518), (0.573, -0.518), (0.572, -0.517), (0.572, -0.516), (0.571, -0.515), (0.57, -0.515), (0.569, -0.514), (0.569, -0.513), (0.568, -0.512), (0.567, -0.512), (0.566, -0.511), (0.566, -0.51), (0.565, -0.509), (0.564, -0.508), (0.563, -0.508), (0.563, -0.507), (0.562, -0.506), (0.561, -0.505), (0.56, -0.505), (0.56, -0.504), (0.559, -0.503), (0.558, -0.502), (0.557, -0.502), (0.556, -0.501), (0.556, -0.5), (0.555, -0.499), (0.554, -0.499), (0.553, -0.498), (0.553, -0.497), (0.552, -0.496), (0.551, -0.496), (0.55, -0.495), (0.55, -0.494), (0.549, -0.493), (0.548, -0.492), (0.547, -0.492)], path_end=[(0.0, 0.056), (0.008, 0.047), (0.016, 0.039), (0.025, 0.031), (0.033, 0.023), (0.041, 0.015), (0.049, 0.007), (0.057, -0.002), (0.065, -0.01), (0.074, -0.018), (0.082, -0.026), (0.09, -0.034), (0.098, -0.042), (0.106, -0.05), (0.114, -0.059), (0.122, -0.067), (0.131, -0.075), (0.139, -0.083), (0.147, -0.091), (0.155, -0.099), (0.163, -0.107), (0.171, -0.115), (0.179, -0.123), (0.187, -0.132), (0.195, -0.14), (0.203, -0.148), (0.211, -0.156), (0.219, -0.164), (0.227, -0.172), (0.235, -0.18), (0.243, -0.188), (0.251, -0.195), (0.259, -0.203), (0.267, -0.211), (0.275, -0.219), (0.283, -0.227), (0.29, -0.235), (0.298, -0.243), (0.306, -0.25), (0.314, -0.258), (0.322, -0.266), (0.329, -0.274), (0.337, -0.281), (0.345, -0.289), (0.352, -0.297), (0.36, -0.304), (0.367, -0.312), (0.375, -0.319), (0.382, -0.327), (0.39, -0.334), (0.397, -0.342), (0.405, -0.349), (0.412, -0.357), (0.42, -0.364), (0.427, -0.371), (0.434, -0.379), (0.441, -0.386), (0.449, -0.393), (0.456, -0.4), (0.463, -0.407), (0.47, -0.414), (0.477, -0.422), (0.484, -0.429), (0.491, -0.436), (0.498, -0.443), (0.505, -0.45), (0.512, -0.456), (0.519, -0.463), (0.526, -0.47), (0.533, -0.477), (0.539, -0.484), (0.546, -0.49), (0.553, -0.497), (0.559, -0.504), (0.566, -0.51), (0.572, -0.517), (0.579, -0.523), (0.585, -0.53), (0.592, -0.536), (0.598, -0.542), (0.604, -0.549), (0.611, -0.555), (0.617, -0.561), (0.623, -0.567), (0.629, -0.573), (0.635, -0.579), (0.641, -0.586), (0.647, -0.592), (0.653, -0.597), (0.659, -0.603), (0.665, -0.609), (0.671, -0.615), (0.676, -0.621), (0.682, -0.627), (0.688, -0.632), (0.693, -0.638), (0.699, -0.643), (0.705, -0.649), (0.71, -0.654), (0.715, -0.66), (0.721, -0.665), (0.726, -0.671), (0.731, -0.676), (0.737, -0.681), (0.742, -0.686), (0.747, -0.691), (0.752, -0.697), (0.757, -0.702), (0.762, -0.707), (0.767, -0.712), (0.772, -0.716), (0.777, -0.721), (0.782, -0.726), (0.787, -0.731), (0.791, -0.736), (0.796, -0.74), (0.801, -0.745), (0.805, -0.749), (0.81, -0.754), (0.814, -0.758), (0.819, -0.763), (0.823, -0.767), (0.827, -0.772), (0.832, -0.776), (0.836, -0.78), (0.84, -0.784), (0.844, -0.788), (0.848, -0.793), (0.852, -0.797), (0.856, -0.801), (0.86, -0.805), (0.864, -0.808), (0.868, -0.812), (0.872, -0.816), (0.876, -0.82), (0.879, -0.824), (0.883, -0.827), (0.887, -0.831), (0.89, -0.835), (0.894, -0.838), (0.897, -0.842), (0.901, -0.845), (0.904, -0.848), (0.907, -0.852), (0.911, -0.855), (0.914, -0.858), (0.917, -0.862), (0.92, -0.865), (0.924, -0.868), (0.927, -0.871), (0.93, -0.874), (0.933, -0.877), (0.936, -0.88), (0.939, -0.883), (0.942, -0.886), (0.944, -0.889), (0.947, -0.892), (0.95, -0.894), (0.953, -0.897), (0.955, -0.9), (0.958, -0.902), (0.961, -0.905), (0.963, -0.908), (0.966, -0.91), (0.968, -0.913), (0.971, -0.915), (0.973, -0.917), (0.975, -0.92), (0.978, -0.922), (0.98, -0.924), (0.982, -0.927), (0.985, -0.929), (0.987, -0.931), (0.989, -0.933), (0.991, -0.935), (0.993, -0.937), (0.995, -0.939), (0.997, -0.941), (0.999, -0.943), (1.001, -0.945), (1.003, -0.947), (1.005, -0.949), (1.007, -0.951), (1.008, -0.953), (1.01, -0.954), (1.012, -0.956), (1.014, -0.958), (1.015, -0.96), (1.017, -0.961), (1.018, -0.963), (1.02, -0.964), (1.022, -0.966), (1.023, -0.967), (1.025, -0.969), (1.026, -0.97), (1.027, -0.972), (1.029, -0.973), (1.03, -0.975), (1.031, -0.976), (1.033, -0.977), (1.034, -0.978), (1.035, -0.98), (1.037, -0.981), (1.038, -0.982), (1.039, -0.983), (1.04, -0.984), (1.041, -0.985), (1.042, -0.986), (1.043, -0.988), (1.044, -0.989), (1.045, -0.99), (1.046, -0.991), (1.047, -0.991), (1.048, -0.992), (1.049, -0.993), (1.05, -0.994), (1.051, -0.995), (1.052, -0.996), (1.052, -0.997), (1.053, -0.997), (1.054, -0.998), (1.055, -0.999), (1.055, -1.0), (1.056, -1.0), (1.057, -1.001), (1.057, -1.002), (1.058, -1.002), (1.059, -1.003), (1.059, -1.003), (1.06, -1.004), (1.06, -1.005), (1.061, -1.005), (1.061, -1.006), (1.062, -1.006), (1.062, -1.007), (1.063, -1.007), (1.063, -1.007), (1.063, -1.008), (1.064, -1.008), (1.064, -1.009), (1.065, -1.009), (1.065, -1.009), (1.065, -1.01), (1.066, -1.01), (1.066, -1.01), (1.066, -1.01), (1.066, -1.011), (1.067, -1.011), (1.067, -1.011), (1.067, -1.011), (1.067, -1.012), (1.067, -1.012), (1.068, -1.012), (1.068, -1.012), (1.068, -1.012), (1.068, -1.012), (1.068, -1.012), (1.068, -1.012), (1.068, -1.012), (1.068, -1.013), (1.068, -1.013), (1.068, -1.013), (1.068, -1.013), (1.068, -1.013), (1.068, -1.013), (1.068, -1.013), (1.068, -1.013), (1.068, -1.013), (1.068, -1.012), (1.068, -1.012), (1.068, -1.012), (1.068, -1.012), (1.068, -1.012), (1.068, -1.012), (1.068, -1.012), (1.067, -1.012), (1.067, -1.012), (1.067, -1.011), (1.067, -1.011), (1.067, -1.011), (1.067, -1.011), (1.066, -1.011), (1.066, -1.01), (1.066, -1.01), (1.066, -1.01), (1.065, -1.01), (1.065, -1.01), (1.065, -1.009), (1.065, -1.009), (1.064, -1.009), (1.064, -1.008), (1.064, -1.008), (1.064, -1.008), (1.063, -1.008), (1.063, -1.007), (1.063, -1.007), (1.062, -1.007), (1.062, -1.006), (1.062, -1.006), (1.061, -1.006), (1.061, -1.005), (1.06, -1.005), (1.06, -1.004), (1.06, -1.004), (1.059, -1.004), (1.059, -1.003), (1.059, -1.003), (1.058, -1.002), (1.058, -1.002), (1.057, -1.002), (1.057, -1.001), (1.056, -1.001), (1.056, -1.0), (1.056, -1.0), (1.055, -0.999), (1.055, -0.999), (1.054, -0.999), (1.054, -0.998), (1.053, -0.998), (1.053, -0.997), (1.052, -0.997), (1.052, -0.996), (1.051, -0.996), (1.051, -0.995), (1.05, -0.995), (1.05, -0.994), (1.049, -0.994), (1.049, -0.993), (1.048, -0.993), (1.048, -0.992), (1.047, -0.992), (1.047, -0.991), (1.046, -0.99), (1.046, -0.99), (1.045, -0.989), (1.044, -0.989), (1.044, -0.988), (1.043, -0.988), (1.043, -0.987), (1.042, -0.987), (1.042, -0.986), (1.041, -0.985), (1.04, -0.985), (1.04, -0.984), (1.039, -0.984), (1.039, -0.983), (1.038, -0.982), (1.038, -0.982), (1.037, -0.981), (1.036, -0.981), (1.036, -0.98), (1.035, -0.979), (1.035, -0.979), (1.034, -0.978), (1.033, -0.978), (1.033, -0.977), (1.032, -0.976), (1.031, -0.976), (1.031, -0.975), (1.03, -0.974), (1.03, -0.974), (1.029, -0.973), (1.028, -0.973), (1.028, -0.972), (1.027, -0.971), (1.026, -0.971), (1.026, -0.97), (1.025, -0.969), (1.024, -0.969), (1.024, -0.968), (1.023, -0.967), (1.022, -0.967), (1.022, -0.966), (1.021, -0.965), (1.02, -0.965), (1.02, -0.964), (1.019, -0.963), (1.018, -0.963), (1.018, -0.962), (1.017, -0.961), (1.016, -0.961), (1.016, -0.96), (1.015, -0.959), (1.014, -0.959), (1.014, -0.958), (1.013, -0.957), (1.012, -0.957), (1.012, -0.956), (1.011, -0.955), (1.01, -0.955), (1.01, -0.954), (1.009, -0.953), (1.008, -0.953), (1.007, -0.952), (1.007, -0.951), (1.006, -0.95), (1.005, -0.95), (1.005, -0.949), (1.004, -0.948), (1.003, -0.948), (1.003, -0.947), (1.002, -0.946), (1.001, -0.945), (1.0, -0.945), (1.0, -0.944), (0.999, -0.943), (0.998, -0.943), (0.998, -0.942), (0.997, -0.941), (0.996, -0.941), (0.995, -0.94), (0.995, -0.939), (0.994, -0.938), (0.993, -0.938), (0.993, -0.937), (0.992, -0.936), (0.991, -0.935), (0.99, -0.935), (0.99, -0.934), (0.989, -0.933), (0.988, -0.933), (0.988, -0.932), (0.987, -0.931), (0.986, -0.93), (0.985, -0.93), (0.985, -0.929), (0.984, -0.928), (0.983, -0.928), (0.982, -0.927), (0.982, -0.926), (0.981, -0.925), (0.98, -0.925), (0.98, -0.924), (0.979, -0.923), (0.978, -0.922), (0.977, -0.922), (0.977, -0.921), (0.976, -0.92), (0.975, -0.919), (0.974, -0.919), (0.974, -0.918), (0.973, -0.917), (0.972, -0.916), (0.971, -0.916), (0.971, -0.915), (0.97, -0.914), (0.969, -0.914), (0.968, -0.913), (0.968, -0.912), (0.967, -0.911), (0.966, -0.911), (0.965, -0.91), (0.965, -0.909), (0.964, -0.908), (0.963, -0.908), (0.963, -0.907), (0.962, -0.906), (0.961, -0.905), (0.96, -0.905), (0.96, -0.904), (0.959, -0.903), (0.958, -0.902), (0.957, -0.902), (0.957, -0.901), (0.956, -0.9), (0.955, -0.899), (0.954, -0.899), (0.954, -0.898), (0.953, -0.897), (0.952, -0.896), (0.951, -0.896), (0.951, -0.895), (0.95, -0.894), (0.949, -0.893), (0.948, -0.893), (0.948, -0.892), (0.947, -0.891), (0.946, -0.89), (0.945, -0.89), (0.945, -0.889), (0.944, -0.888), (0.943, -0.887), (0.942, -0.887), (0.942, -0.886), (0.941, -0.885), (0.94, -0.884), (0.939, -0.884), (0.939, -0.883), (0.938, -0.882), (0.937, -0.881), (0.936, -0.881), (0.936, -0.88), (0.935, -0.879), (0.934, -0.878), (0.933, -0.878), (0.932, -0.877), (0.932, -0.876), (0.931, -0.875), (0.93, -0.875), (0.929, -0.874)], total_steps=3141
  200th iteration: path_start=[(0.011, -0.172), (0.011, -0.172), (0.011, -0.171), (0.011, -0.171), (0.011, -0.17), (0.012, -0.169), (0.012, -0.168), (0.012, -0.167), (0.013, -0.166), (0.013, -0.165), (0.014, -0.164), (0.014, -0.162), (0.015, -0.161), (0.015, -0.159), (0.016, -0.157), (0.017, -0.156), (0.017, -0.154), (0.018, -0.152), (0.019, -0.15), (0.02, -0.148), (0.02, -0.146), (0.021, -0.144), (0.022, -0.142), (0.023, -0.14), (0.023, -0.138), (0.024, -0.136), (0.025, -0.134), (0.026, -0.132), (0.027, -0.13), (0.027, -0.128), (0.028, -0.126), (0.029, -0.123), (0.03, -0.121), (0.031, -0.119), (0.032, -0.117), (0.032, -0.115), (0.033, -0.113), (0.034, -0.111), (0.035, -0.108), (0.036, -0.106), (0.037, -0.104), (0.037, -0.102), (0.038, -0.1), (0.039, -0.098), (0.04, -0.096), (0.041, -0.094), (0.042, -0.092), (0.042, -0.09), (0.043, -0.088), (0.044, -0.086), (0.045, -0.084), (0.045, -0.082), (0.046, -0.08), (0.047, -0.078), (0.048, -0.076), (0.048, -0.075), (0.049, -0.073), (0.05, -0.071), (0.05, -0.069), (0.051, -0.068), (0.052, -0.066), (0.052, -0.064), (0.053, -0.063), (0.053, -0.061), (0.054, -0.06), (0.055, -0.058), (0.055, -0.056), (0.056, -0.055), (0.056, -0.054), (0.057, -0.052), (0.057, -0.051), (0.058, -0.049), (0.058, -0.048), (0.059, -0.047), (0.059, -0.045), (0.059, -0.044), (0.06, -0.043), (0.06, -0.042), (0.061, -0.041), (0.061, -0.039), (0.061, -0.038), (0.062, -0.037), (0.062, -0.036), (0.062, -0.035), (0.062, -0.034), (0.063, -0.033), (0.063, -0.032), (0.063, -0.031), (0.063, -0.031), (0.064, -0.03), (0.064, -0.029), (0.064, -0.028), (0.064, -0.027), (0.064, -0.027), (0.064, -0.026), (0.065, -0.025), (0.065, -0.025), (0.065, -0.024), (0.065, -0.023), (0.065, -0.023), (0.065, -0.022), (0.065, -0.022), (0.065, -0.021), (0.065, -0.021), (0.065, -0.02), (0.065, -0.02), (0.065, -0.019), (0.065, -0.019), (0.065, -0.019), (0.065, -0.018), (0.065, -0.018), (0.065, -0.018), (0.065, -0.017), (0.064, -0.017), (0.064, -0.017), (0.064, -0.017), (0.064, -0.016), (0.064, -0.016), (0.064, -0.016), (0.064, -0.016), (0.063, -0.016), (0.063, -0.016), (0.063, -0.016), (0.063, -0.015), (0.063, -0.015), (0.063, -0.015), (0.062, -0.015), (0.062, -0.015), (0.062, -0.015), (0.062, -0.015), (0.061, -0.016), (0.061, -0.016), (0.061, -0.016), (0.061, -0.016), (0.061, -0.016), (0.06, -0.016), (0.06, -0.016), (0.06, -0.016), (0.059, -0.017), (0.059, -0.017), (0.059, -0.017), (0.059, -0.017), (0.058, -0.017), (0.058, -0.018), (0.058, -0.018), (0.058, -0.018), (0.057, -0.019), (0.057, -0.019), (0.057, -0.019), (0.057, -0.02), (0.056, -0.02), (0.056, -0.02), (0.056, -0.021), (0.055, -0.021), (0.055, -0.021), (0.055, -0.022), (0.055, -0.022), (0.054, -0.023), (0.054, -0.023), (0.054, -0.024), (0.054, -0.024), (0.053, -0.025), (0.053, -0.025), (0.053, -0.026), (0.053, -0.026), (0.052, -0.027), (0.052, -0.027), (0.052, -0.028), (0.052, -0.028), (0.052, -0.029), (0.051, -0.029), (0.051, -0.03), (0.051, -0.03), (0.051, -0.031), (0.051, -0.032), (0.05, -0.032), (0.05, -0.033), (0.05, -0.033), (0.05, -0.034), (0.05, -0.035), (0.05, -0.035), (0.05, -0.036), (0.049, -0.037), (0.049, -0.037), (0.049, -0.038), (0.049, -0.039), (0.049, -0.039), (0.049, -0.04), (0.049, -0.041), (0.049, -0.041), (0.049, -0.042), (0.049, -0.043), (0.049, -0.043), (0.048, -0.044), (0.048, -0.045), (0.048, -0.046), (0.048, -0.046), (0.048, -0.047), (0.048, -0.048), (0.048, -0.049), (0.048, -0.049), (0.048, -0.05), (0.049, -0.051), (0.049, -0.052), (0.049, -0.053), (0.049, -0.053), (0.049, -0.054), (0.049, -0.055), (0.049, -0.056), (0.049, -0.056), (0.049, -0.057), (0.049, -0.058), (0.049, -0.059), (0.049, -0.06), (0.05, -0.061), (0.05, -0.061), (0.05, -0.062), (0.05, -0.063), (0.05, -0.064), (0.05, -0.065), (0.051, -0.066), (0.051, -0.066), (0.051, -0.067), (0.051, -0.068), (0.051, -0.069), (0.052, -0.07), (0.052, -0.071), (0.052, -0.072), (0.052, -0.072), (0.053, -0.073), (0.053, -0.074), (0.053, -0.075), (0.053, -0.076), (0.054, -0.077), (0.054, -0.078), (0.054, -0.079), (0.055, -0.08), (0.055, -0.08), (0.055, -0.081), (0.055, -0.082), (0.056, -0.083), (0.056, -0.084), (0.056, -0.085), (0.057, -0.086), (0.057, -0.087), (0.057, -0.088), (0.058, -0.089), (0.058, -0.09), (0.058, -0.09), (0.059, -0.091), (0.059, -0.092), (0.06, -0.093), (0.06, -0.094), (0.06, -0.095), (0.061, -0.096), (0.061, -0.097), (0.061, -0.098), (0.062, -0.099), (0.062, -0.1), (0.062, -0.101), (0.063, -0.102), (0.063, -0.103), (0.064, -0.104), (0.064, -0.104), (0.064, -0.105), (0.065, -0.106), (0.065, -0.107), (0.065, -0.108), (0.066, -0.109), (0.066, -0.11), (0.067, -0.111), (0.067, -0.112), (0.067, -0.113), (0.068, -0.114), (0.068, -0.115), (0.068, -0.116), (0.069, -0.117), (0.069, -0.118), (0.069, -0.119), (0.07, -0.12), (0.07, -0.121), (0.07, -0.122), (0.071, -0.123), (0.071, -0.124), (0.071, -0.125), (0.072, -0.126), (0.072, -0.127), (0.072, -0.128), (0.073, -0.129), (0.073, -0.13), (0.073, -0.131), (0.074, -0.131), (0.074, -0.132), (0.074, -0.133), (0.075, -0.134), (0.075, -0.135), (0.075, -0.136), (0.075, -0.137), (0.076, -0.138), (0.076, -0.139), (0.076, -0.14), (0.076, -0.141), (0.077, -0.142), (0.077, -0.143), (0.077, -0.144), (0.077, -0.145), (0.077, -0.146), (0.078, -0.147), (0.078, -0.148), (0.078, -0.149), (0.078, -0.15), (0.078, -0.151), (0.079, -0.152), (0.079, -0.153), (0.079, -0.154), (0.079, -0.155), (0.079, -0.156), (0.079, -0.157), (0.079, -0.158), (0.08, -0.159), (0.08, -0.16), (0.08, -0.161), (0.08, -0.162), (0.08, -0.163), (0.08, -0.164), (0.08, -0.165), (0.08, -0.166), (0.08, -0.167), (0.08, -0.168), (0.08, -0.169), (0.08, -0.17), (0.08, -0.171), (0.08, -0.172), (0.08, -0.173), (0.08, -0.174), (0.08, -0.175), (0.08, -0.176), (0.08, -0.177), (0.08, -0.178), (0.08, -0.179), (0.08, -0.18), (0.08, -0.181), (0.08, -0.182), (0.08, -0.183), (0.08, -0.184), (0.08, -0.185), (0.079, -0.186), (0.079, -0.187), (0.079, -0.188), (0.079, -0.189), (0.079, -0.19), (0.079, -0.191), (0.079, -0.192), (0.079, -0.193), (0.078, -0.194), (0.078, -0.195), (0.078, -0.196), (0.078, -0.197), (0.078, -0.198), (0.078, -0.199), (0.077, -0.2), (0.077, -0.201), (0.077, -0.202), (0.077, -0.203), (0.077, -0.204), (0.076, -0.205), (0.076, -0.206), (0.076, -0.207), (0.076, -0.208), (0.075, -0.209), (0.075, -0.21), (0.075, -0.211), (0.075, -0.212), (0.074, -0.213), (0.074, -0.214), (0.074, -0.215), (0.074, -0.216), (0.073, -0.217), (0.073, -0.219), (0.073, -0.22), (0.073, -0.221), (0.072, -0.222), (0.072, -0.223), (0.072, -0.224), (0.071, -0.225), (0.071, -0.226), (0.071, -0.227), (0.071, -0.228), (0.07, -0.229), (0.07, -0.23), (0.07, -0.231), (0.069, -0.232), (0.069, -0.233), (0.069, -0.234), (0.069, -0.235), (0.068, -0.236), (0.068, -0.237), (0.068, -0.238), (0.067, -0.239), (0.067, -0.24), (0.067, -0.241), (0.066, -0.242), (0.066, -0.243), (0.066, -0.244), (0.066, -0.245), (0.065, -0.246), (0.065, -0.247), (0.065, -0.248), (0.065, -0.249), (0.064, -0.25), (0.064, -0.251), (0.064, -0.252), (0.063, -0.253), (0.063, -0.254), (0.063, -0.255), (0.063, -0.256), (0.062, -0.257), (0.062, -0.258), (0.062, -0.259), (0.062, -0.26), (0.061, -0.261), (0.061, -0.262), (0.061, -0.263), (0.061, -0.264), (0.061, -0.265), (0.06, -0.266), (0.06, -0.267), (0.06, -0.268), (0.06, -0.269), (0.059, -0.27), (0.059, -0.271), (0.059, -0.272), (0.059, -0.273), (0.059, -0.274), (0.059, -0.275), (0.058, -0.276), (0.058, -0.277), (0.058, -0.278), (0.058, -0.279), (0.058, -0.28), (0.058, -0.281), (0.057, -0.282), (0.057, -0.283), (0.057, -0.284), (0.057, -0.286), (0.057, -0.287), (0.057, -0.288), (0.057, -0.289), (0.057, -0.29), (0.057, -0.291), (0.057, -0.292), (0.056, -0.293), (0.056, -0.294), (0.056, -0.295), (0.056, -0.296), (0.056, -0.297), (0.056, -0.298), (0.056, -0.299), (0.056, -0.3), (0.056, -0.301), (0.056, -0.302), (0.056, -0.303), (0.056, -0.304), (0.056, -0.305), (0.056, -0.306), (0.056, -0.307), (0.056, -0.308), (0.056, -0.309), (0.056, -0.31), (0.056, -0.311), (0.056, -0.312), (0.056, -0.313), (0.056, -0.314), (0.056, -0.315), (0.057, -0.316), (0.057, -0.317), (0.057, -0.318), (0.057, -0.319), (0.057, -0.32), (0.057, -0.321), (0.057, -0.322), (0.057, -0.323), (0.057, -0.324), (0.057, -0.325), (0.058, -0.326), (0.058, -0.327), (0.058, -0.328), (0.058, -0.329), (0.058, -0.33), (0.058, -0.331), (0.058, -0.332), (0.059, -0.333), (0.059, -0.334), (0.059, -0.335), (0.059, -0.336), (0.059, -0.337), (0.059, -0.338), (0.06, -0.339), (0.06, -0.34), (0.06, -0.341)], path_end=[(0.168, 0.327), (0.168, 0.328), (0.169, 0.33), (0.17, 0.331), (0.17, 0.333), (0.171, 0.334), (0.171, 0.335), (0.172, 0.337), (0.173, 0.338), (0.173, 0.339), (0.174, 0.341), (0.174, 0.342), (0.175, 0.343), (0.175, 0.345), (0.176, 0.346), (0.176, 0.348), (0.177, 0.349), (0.177, 0.35), (0.177, 0.352), (0.178, 0.353), (0.178, 0.354), (0.179, 0.356), (0.179, 0.357), (0.179, 0.358), (0.18, 0.36), (0.18, 0.361), (0.18, 0.362), (0.181, 0.364), (0.181, 0.365), (0.181, 0.366), (0.181, 0.368), (0.181, 0.369), (0.182, 0.37), (0.182, 0.371), (0.182, 0.373), (0.182, 0.374), (0.182, 0.375), (0.182, 0.376), (0.182, 0.378), (0.182, 0.379), (0.182, 0.38), (0.182, 0.382), (0.182, 0.383), (0.182, 0.384), (0.182, 0.385), (0.182, 0.386), (0.182, 0.388), (0.182, 0.389), (0.182, 0.39), (0.181, 0.391), (0.181, 0.392), (0.181, 0.394), (0.181, 0.395), (0.181, 0.396), (0.18, 0.397), (0.18, 0.398), (0.18, 0.399), (0.179, 0.4), (0.179, 0.401), (0.179, 0.403), (0.178, 0.404), (0.178, 0.405), (0.177, 0.406), (0.177, 0.407), (0.176, 0.408), (0.176, 0.409), (0.175, 0.41), (0.175, 0.411), (0.174, 0.412), (0.174, 0.413), (0.173, 0.414), (0.172, 0.415), (0.172, 0.416), (0.171, 0.417), (0.17, 0.418), (0.17, 0.419), (0.169, 0.42), (0.168, 0.42), (0.167, 0.421), (0.167, 0.422), (0.166, 0.423), (0.165, 0.424), (0.164, 0.425), (0.163, 0.426), (0.163, 0.426), (0.162, 0.427), (0.161, 0.428), (0.16, 0.429), (0.159, 0.43), (0.158, 0.43), (0.157, 0.431), (0.156, 0.432), (0.155, 0.433), (0.154, 0.433), (0.153, 0.434), (0.152, 0.435), (0.151, 0.435), (0.15, 0.436), (0.149, 0.437), (0.148, 0.437), (0.147, 0.438), (0.146, 0.438), (0.144, 0.439), (0.143, 0.44), (0.142, 0.44), (0.141, 0.441), (0.14, 0.441), (0.139, 0.442), (0.138, 0.442), (0.136, 0.443), (0.135, 0.443), (0.134, 0.444), (0.133, 0.444), (0.132, 0.445), (0.131, 0.445), (0.129, 0.446), (0.128, 0.446), (0.127, 0.446), (0.126, 0.447), (0.125, 0.447), (0.123, 0.448), (0.122, 0.448), (0.121, 0.448), (0.12, 0.449), (0.118, 0.449), (0.117, 0.449), (0.116, 0.45), (0.115, 0.45), (0.114, 0.45), (0.112, 0.45), (0.111, 0.451), (0.11, 0.451), (0.109, 0.451), (0.108, 0.451), (0.106, 0.451), (0.105, 0.452), (0.104, 0.452), (0.103, 0.452), (0.102, 0.452), (0.101, 0.452), (0.099, 0.452), (0.098, 0.452), (0.097, 0.452), (0.096, 0.453), (0.095, 0.453), (0.094, 0.453), (0.093, 0.453), (0.092, 0.453), (0.091, 0.453), (0.089, 0.453), (0.088, 0.453), (0.087, 0.453), (0.086, 0.453), (0.085, 0.453), (0.084, 0.453), (0.083, 0.453), (0.082, 0.453), (0.081, 0.453), (0.08, 0.452), (0.079, 0.452), (0.079, 0.452), (0.078, 0.452), (0.077, 0.452), (0.076, 0.452), (0.075, 0.452), (0.074, 0.452), (0.073, 0.451), (0.073, 0.451), (0.072, 0.451), (0.071, 0.451), (0.07, 0.451), (0.07, 0.45), (0.069, 0.45), (0.068, 0.45), (0.067, 0.45), (0.067, 0.449), (0.066, 0.449), (0.065, 0.449), (0.065, 0.448), (0.064, 0.448), (0.064, 0.448), (0.063, 0.448), (0.063, 0.447), (0.062, 0.447), (0.062, 0.447), (0.061, 0.446), (0.061, 0.446), (0.06, 0.445), (0.06, 0.445), (0.059, 0.445), (0.059, 0.444), (0.059, 0.444), (0.058, 0.443), (0.058, 0.443), (0.058, 0.443), (0.058, 0.442), (0.057, 0.442), (0.057, 0.441), (0.057, 0.441), (0.057, 0.44), (0.056, 0.44), (0.056, 0.439), (0.056, 0.439), (0.056, 0.438), (0.056, 0.438), (0.056, 0.437), (0.056, 0.437), (0.056, 0.436), (0.056, 0.436), (0.056, 0.435), (0.056, 0.435), (0.056, 0.434), (0.056, 0.434), (0.056, 0.433), (0.056, 0.432), (0.056, 0.432), (0.056, 0.431), (0.056, 0.431), (0.056, 0.43), (0.057, 0.429), (0.057, 0.429), (0.057, 0.428), (0.057, 0.428), (0.057, 0.427), (0.058, 0.426), (0.058, 0.426), (0.058, 0.425), (0.059, 0.424), (0.059, 0.424), (0.059, 0.423), (0.059, 0.422), (0.06, 0.422), (0.06, 0.421), (0.061, 0.42), (0.061, 0.42), (0.061, 0.419), (0.062, 0.418), (0.062, 0.418), (0.062, 0.417), (0.063, 0.416), (0.063, 0.415), (0.064, 0.415), (0.064, 0.414), (0.065, 0.413), (0.065, 0.412), (0.066, 0.412), (0.066, 0.411), (0.067, 0.41), (0.067, 0.409), (0.068, 0.409), (0.068, 0.408), (0.069, 0.407), (0.069, 0.406), (0.07, 0.406), (0.07, 0.405), (0.071, 0.404), (0.071, 0.403), (0.072, 0.403), (0.072, 0.402), (0.073, 0.401), (0.073, 0.4), (0.074, 0.399), (0.074, 0.398), (0.075, 0.398), (0.075, 0.397), (0.076, 0.396), (0.076, 0.395), (0.077, 0.394), (0.077, 0.394), (0.078, 0.393), (0.078, 0.392), (0.079, 0.391), (0.079, 0.39), (0.08, 0.389), (0.08, 0.389), (0.081, 0.388), (0.081, 0.387), (0.082, 0.386), (0.082, 0.385), (0.083, 0.384), (0.083, 0.383), (0.084, 0.382), (0.084, 0.382), (0.085, 0.381), (0.085, 0.38), (0.085, 0.379), (0.086, 0.378), (0.086, 0.377), (0.087, 0.376), (0.087, 0.375), (0.087, 0.375), (0.088, 0.374), (0.088, 0.373), (0.088, 0.372), (0.089, 0.371), (0.089, 0.37), (0.089, 0.369), (0.09, 0.368), (0.09, 0.367), (0.09, 0.366), (0.091, 0.366), (0.091, 0.365), (0.091, 0.364), (0.091, 0.363), (0.091, 0.362), (0.092, 0.361), (0.092, 0.36), (0.092, 0.359), (0.092, 0.358), (0.092, 0.357), (0.092, 0.356), (0.093, 0.355), (0.093, 0.354), (0.093, 0.354), (0.093, 0.353), (0.093, 0.352), (0.093, 0.351), (0.093, 0.35), (0.093, 0.349), (0.093, 0.348), (0.093, 0.347), (0.093, 0.346), (0.093, 0.345), (0.093, 0.344), (0.093, 0.343), (0.093, 0.342), (0.093, 0.341), (0.093, 0.34), (0.092, 0.339), (0.092, 0.338), (0.092, 0.337), (0.092, 0.336), (0.092, 0.336), (0.092, 0.335), (0.091, 0.334), (0.091, 0.333), (0.091, 0.332), (0.091, 0.331), (0.091, 0.33), (0.09, 0.329), (0.09, 0.328), (0.09, 0.327), (0.089, 0.326), (0.089, 0.325), (0.089, 0.324), (0.088, 0.323), (0.088, 0.322), (0.088, 0.321), (0.087, 0.32), (0.087, 0.319), (0.087, 0.318), (0.086, 0.317), (0.086, 0.316), (0.085, 0.315), (0.085, 0.314), (0.084, 0.313), (0.084, 0.312), (0.083, 0.311), (0.083, 0.31), (0.083, 0.309), (0.082, 0.308), (0.082, 0.307), (0.081, 0.306), (0.081, 0.305), (0.08, 0.304), (0.08, 0.303), (0.079, 0.302), (0.078, 0.301), (0.078, 0.3), (0.077, 0.299), (0.077, 0.298), (0.076, 0.297), (0.076, 0.296), (0.075, 0.295), (0.075, 0.294), (0.074, 0.293), (0.074, 0.292), (0.073, 0.291), (0.072, 0.29), (0.072, 0.289), (0.071, 0.288), (0.071, 0.288), (0.07, 0.287), (0.07, 0.286), (0.069, 0.285), (0.068, 0.284), (0.068, 0.283), (0.067, 0.282), (0.067, 0.281), (0.066, 0.28), (0.066, 0.279), (0.065, 0.278), (0.064, 0.277), (0.064, 0.276), (0.063, 0.275), (0.063, 0.274), (0.062, 0.273), (0.062, 0.272), (0.061, 0.271), (0.061, 0.27), (0.06, 0.269), (0.06, 0.268), (0.059, 0.267), (0.058, 0.266), (0.058, 0.264), (0.057, 0.263), (0.057, 0.262), (0.057, 0.261), (0.056, 0.26), (0.056, 0.259), (0.055, 0.258), (0.055, 0.257), (0.054, 0.256), (0.054, 0.255), (0.053, 0.254), (0.053, 0.253), (0.053, 0.252), (0.052, 0.251), (0.052, 0.25), (0.051, 0.249), (0.051, 0.248), (0.051, 0.247), (0.05, 0.246), (0.05, 0.245), (0.05, 0.244), (0.049, 0.243), (0.049, 0.242), (0.049, 0.241), (0.049, 0.24), (0.048, 0.239), (0.048, 0.238), (0.048, 0.237), (0.048, 0.236), (0.047, 0.235), (0.047, 0.234), (0.047, 0.233), (0.047, 0.232), (0.047, 0.231), (0.047, 0.23), (0.046, 0.229), (0.046, 0.228), (0.046, 0.227), (0.046, 0.226), (0.046, 0.225), (0.046, 0.224), (0.046, 0.223), (0.046, 0.222), (0.046, 0.221), (0.046, 0.22), (0.046, 0.219), (0.046, 0.218), (0.046, 0.217), (0.046, 0.216), (0.046, 0.215), (0.046, 0.214), (0.046, 0.213), (0.046, 0.212), (0.046, 0.211), (0.046, 0.21), (0.046, 0.209), (0.047, 0.208), (0.047, 0.207), (0.047, 0.206), (0.047, 0.205), (0.047, 0.204), (0.047, 0.203), (0.048, 0.202), (0.048, 0.201), (0.048, 0.2), (0.048, 0.199), (0.049, 0.198), (0.049, 0.197), (0.049, 0.196), (0.049, 0.195), (0.05, 0.194), (0.05, 0.193), (0.05, 0.192), (0.051, 0.191), (0.051, 0.19), (0.051, 0.189), (0.052, 0.188), (0.052, 0.187), (0.053, 0.186), (0.053, 0.185), (0.053, 0.184), (0.054, 0.183), (0.054, 0.182), (0.054, 0.181), (0.055, 0.18), (0.055, 0.179), (0.056, 0.177), (0.056, 0.176), (0.057, 0.175), (0.057, 0.174), (0.058, 0.173), (0.058, 0.172), (0.058, 0.171), (0.059, 0.17), (0.059, 0.169), (0.06, 0.168)], total_steps=3141
  201st iteration: path_start=[(0.011, -0.172), (0.011, -0.171), (0.012, -0.17), (0.013, -0.168), (0.014, -0.166), (0.015, -0.163), (0.017, -0.16), (0.018, -0.157), (0.02, -0.154), (0.022, -0.15), (0.024, -0.146), (0.026, -0.141), (0.028, -0.137), (0.031, -0.132), (0.033, -0.127), (0.036, -0.122), (0.038, -0.116), (0.041, -0.111), (0.044, -0.105), (0.047, -0.099), (0.05, -0.093), (0.053, -0.087), (0.056, -0.081), (0.059, -0.074), (0.063, -0.068), (0.066, -0.062), (0.069, -0.055), (0.073, -0.048), (0.076, -0.042), (0.08, -0.035), (0.083, -0.028), (0.087, -0.021), (0.09, -0.014), (0.094, -0.007), (0.097, -0.0), (0.101, 0.007), (0.104, 0.013), (0.108, 0.02), (0.112, 0.027), (0.115, 0.034), (0.119, 0.041), (0.122, 0.048), (0.126, 0.055), (0.13, 0.062), (0.133, 0.069), (0.137, 0.076), (0.14, 0.082), (0.144, 0.089), (0.147, 0.096), (0.151, 0.103), (0.155, 0.109), (0.158, 0.116), (0.162, 0.122), (0.165, 0.129), (0.168, 0.135), (0.172, 0.142), (0.175, 0.148), (0.179, 0.154), (0.182, 0.16), (0.185, 0.167), (0.189, 0.173), (0.192, 0.179), (0.195, 0.185), (0.199, 0.19), (0.202, 0.196), (0.205, 0.202), (0.208, 0.208), (0.211, 0.213), (0.214, 0.219), (0.218, 0.224), (0.221, 0.23), (0.224, 0.235), (0.227, 0.24), (0.23, 0.246), (0.233, 0.251), (0.235, 0.256), (0.238, 0.261), (0.241, 0.266), (0.244, 0.271), (0.247, 0.275), (0.25, 0.28), (0.252, 0.285), (0.255, 0.289), (0.258, 0.294), (0.26, 0.298), (0.263, 0.303), (0.266, 0.307), (0.268, 0.311), (0.271, 0.315), (0.273, 0.32), (0.276, 0.324), (0.278, 0.328), (0.281, 0.331), (0.283, 0.335), (0.285, 0.339), (0.288, 0.343), (0.29, 0.346), (0.292, 0.35), (0.295, 0.353), (0.297, 0.357), (0.299, 0.36), (0.301, 0.364), (0.303, 0.367), (0.305, 0.37), (0.308, 0.373), (0.31, 0.376), (0.312, 0.379), (0.314, 0.382), (0.316, 0.385), (0.318, 0.388), (0.32, 0.391), (0.322, 0.394), (0.323, 0.396), (0.325, 0.399), (0.327, 0.402), (0.329, 0.404), (0.331, 0.407), (0.333, 0.409), (0.334, 0.411), (0.336, 0.414), (0.338, 0.416), (0.34, 0.418), (0.341, 0.421), (0.343, 0.423), (0.345, 0.425), (0.346, 0.427), (0.348, 0.429), (0.349, 0.431), (0.351, 0.433), (0.352, 0.435), (0.354, 0.436), (0.355, 0.438), (0.357, 0.44), (0.358, 0.442), (0.36, 0.443), (0.361, 0.445), (0.363, 0.446), (0.364, 0.448), (0.365, 0.449), (0.367, 0.451), (0.368, 0.452), (0.369, 0.454), (0.371, 0.455), (0.372, 0.456), (0.373, 0.458), (0.375, 0.459), (0.376, 0.46), (0.377, 0.461), (0.378, 0.462), (0.379, 0.464), (0.381, 0.465), (0.382, 0.466), (0.383, 0.467), (0.384, 0.468), (0.385, 0.469), (0.386, 0.47), (0.387, 0.471), (0.388, 0.471), (0.39, 0.472), (0.391, 0.473), (0.392, 0.474), (0.393, 0.475), (0.394, 0.475), (0.395, 0.476), (0.396, 0.477), (0.397, 0.477), (0.398, 0.478), (0.399, 0.479), (0.4, 0.479), (0.401, 0.48), (0.402, 0.48), (0.402, 0.481), (0.403, 0.481), (0.404, 0.482), (0.405, 0.482), (0.406, 0.483), (0.407, 0.483), (0.408, 0.484), (0.409, 0.484), (0.41, 0.484), (0.41, 0.485), (0.411, 0.485), (0.412, 0.485), (0.413, 0.486), (0.414, 0.486), (0.414, 0.486), (0.415, 0.486), (0.416, 0.487), (0.417, 0.487), (0.418, 0.487), (0.418, 0.487), (0.419, 0.487), (0.42, 0.488), (0.421, 0.488), (0.421, 0.488), (0.422, 0.488), (0.423, 0.488), (0.423, 0.488), (0.424, 0.488), (0.425, 0.488), (0.426, 0.488), (0.426, 0.488), (0.427, 0.488), (0.428, 0.488), (0.428, 0.488), (0.429, 0.488), (0.43, 0.488), (0.43, 0.488), (0.431, 0.488), (0.431, 0.488), (0.432, 0.488), (0.433, 0.488), (0.433, 0.488), (0.434, 0.487), (0.435, 0.487), (0.435, 0.487), (0.436, 0.487), (0.436, 0.487), (0.437, 0.487), (0.438, 0.487), (0.438, 0.486), (0.439, 0.486), (0.439, 0.486), (0.44, 0.486), (0.44, 0.485), (0.441, 0.485), (0.442, 0.485), (0.442, 0.485), (0.443, 0.485), (0.443, 0.484), (0.444, 0.484), (0.444, 0.484), (0.445, 0.483), (0.445, 0.483), (0.446, 0.483), (0.446, 0.483), (0.447, 0.482), (0.447, 0.482), (0.448, 0.482), (0.448, 0.481), (0.449, 0.481), (0.449, 0.481), (0.45, 0.48), (0.45, 0.48), (0.451, 0.479), (0.451, 0.479), (0.452, 0.479), (0.452, 0.478), (0.453, 0.478), (0.453, 0.478), (0.454, 0.477), (0.454, 0.477), (0.455, 0.476), (0.455, 0.476), (0.456, 0.476), (0.456, 0.475), (0.457, 0.475), (0.457, 0.474), (0.457, 0.474), (0.458, 0.473), (0.458, 0.473), (0.459, 0.473), (0.459, 0.472), (0.46, 0.472), (0.46, 0.471), (0.46, 0.471), (0.461, 0.47), (0.461, 0.47), (0.462, 0.469), (0.462, 0.469), (0.463, 0.468), (0.463, 0.468), (0.463, 0.467), (0.464, 0.467), (0.464, 0.467), (0.465, 0.466), (0.465, 0.466), (0.465, 0.465), (0.466, 0.465), (0.466, 0.464), (0.467, 0.464), (0.467, 0.463), (0.467, 0.463), (0.468, 0.462), (0.468, 0.461), (0.469, 0.461), (0.469, 0.46), (0.469, 0.46), (0.47, 0.459), (0.47, 0.459), (0.471, 0.458), (0.471, 0.458), (0.471, 0.457), (0.472, 0.457), (0.472, 0.456), (0.472, 0.456), (0.473, 0.455), (0.473, 0.455), (0.474, 0.454), (0.474, 0.453), (0.474, 0.453), (0.475, 0.452), (0.475, 0.452), (0.475, 0.451), (0.476, 0.451), (0.476, 0.45), (0.476, 0.45), (0.477, 0.449), (0.477, 0.448), (0.477, 0.448), (0.478, 0.447), (0.478, 0.447), (0.479, 0.446), (0.479, 0.446), (0.479, 0.445), (0.48, 0.444), (0.48, 0.444), (0.48, 0.443), (0.481, 0.443), (0.481, 0.442), (0.481, 0.442), (0.482, 0.441), (0.482, 0.44), (0.482, 0.44), (0.483, 0.439), (0.483, 0.439), (0.483, 0.438), (0.484, 0.438), (0.484, 0.437), (0.484, 0.436), (0.485, 0.436), (0.485, 0.435), (0.485, 0.435), (0.486, 0.434), (0.486, 0.433), (0.486, 0.433), (0.486, 0.432), (0.487, 0.432), (0.487, 0.431), (0.487, 0.43), (0.488, 0.43), (0.488, 0.429), (0.488, 0.429), (0.489, 0.428), (0.489, 0.427), (0.489, 0.427), (0.49, 0.426), (0.49, 0.426), (0.49, 0.425), (0.49, 0.424), (0.491, 0.424), (0.491, 0.423), (0.491, 0.423), (0.492, 0.422), (0.492, 0.421), (0.492, 0.421), (0.493, 0.42), (0.493, 0.42), (0.493, 0.419), (0.493, 0.418), (0.494, 0.418), (0.494, 0.417), (0.494, 0.416), (0.495, 0.416), (0.495, 0.415), (0.495, 0.415), (0.495, 0.414), (0.496, 0.413), (0.496, 0.413), (0.496, 0.412), (0.497, 0.412), (0.497, 0.411), (0.497, 0.41), (0.497, 0.41), (0.498, 0.409), (0.498, 0.408), (0.498, 0.408), (0.498, 0.407), (0.499, 0.407), (0.499, 0.406), (0.499, 0.405), (0.5, 0.405), (0.5, 0.404), (0.5, 0.403), (0.5, 0.403), (0.501, 0.402), (0.501, 0.402), (0.501, 0.401), (0.501, 0.4), (0.502, 0.4), (0.502, 0.399), (0.502, 0.398), (0.502, 0.398), (0.503, 0.397), (0.503, 0.397), (0.503, 0.396), (0.504, 0.395), (0.504, 0.395), (0.504, 0.394), (0.504, 0.393), (0.505, 0.393), (0.505, 0.392), (0.505, 0.392), (0.505, 0.391), (0.506, 0.39), (0.506, 0.39), (0.506, 0.389), (0.506, 0.388), (0.506, 0.388), (0.507, 0.387), (0.507, 0.387), (0.507, 0.386), (0.507, 0.385), (0.508, 0.385), (0.508, 0.384), (0.508, 0.383), (0.508, 0.383), (0.509, 0.382), (0.509, 0.382), (0.509, 0.381), (0.509, 0.38), (0.51, 0.38), (0.51, 0.379), (0.51, 0.378), (0.51, 0.378), (0.511, 0.377), (0.511, 0.377), (0.511, 0.376), (0.511, 0.375), (0.511, 0.375), (0.512, 0.374), (0.512, 0.373), (0.512, 0.373), (0.512, 0.372), (0.513, 0.371), (0.513, 0.371), (0.513, 0.37), (0.513, 0.37), (0.513, 0.369), (0.514, 0.368), (0.514, 0.368), (0.514, 0.367), (0.514, 0.366), (0.514, 0.366), (0.515, 0.365), (0.515, 0.365), (0.515, 0.364), (0.515, 0.363), (0.516, 0.363), (0.516, 0.362), (0.516, 0.361), (0.516, 0.361), (0.516, 0.36), (0.517, 0.359), (0.517, 0.359), (0.517, 0.358), (0.517, 0.358), (0.517, 0.357), (0.518, 0.356), (0.518, 0.356), (0.518, 0.355), (0.518, 0.354), (0.518, 0.354), (0.519, 0.353), (0.519, 0.352), (0.519, 0.352), (0.519, 0.351), (0.519, 0.351), (0.52, 0.35), (0.52, 0.349), (0.52, 0.349), (0.52, 0.348), (0.52, 0.347), (0.52, 0.347), (0.521, 0.346), (0.521, 0.346), (0.521, 0.345), (0.521, 0.344), (0.521, 0.344), (0.522, 0.343), (0.522, 0.342), (0.522, 0.342), (0.522, 0.341), (0.522, 0.34), (0.522, 0.34), (0.523, 0.339), (0.523, 0.339), (0.523, 0.338), (0.523, 0.337), (0.523, 0.337), (0.524, 0.336), (0.524, 0.335), (0.524, 0.335), (0.524, 0.334), (0.524, 0.333), (0.524, 0.333), (0.525, 0.332), (0.525, 0.332), (0.525, 0.331), (0.525, 0.33)], path_end=[(-0.038, -0.126), (-0.037, -0.119), (-0.036, -0.112), (-0.035, -0.105), (-0.034, -0.099), (-0.033, -0.092), (-0.032, -0.085), (-0.03, -0.078), (-0.029, -0.071), (-0.028, -0.065), (-0.027, -0.058), (-0.026, -0.051), (-0.025, -0.044), (-0.024, -0.037), (-0.023, -0.031), (-0.021, -0.024), (-0.02, -0.017), (-0.019, -0.01), (-0.018, -0.004), (-0.017, 0.003), (-0.016, 0.01), (-0.015, 0.017), (-0.013, 0.023), (-0.012, 0.03), (-0.011, 0.037), (-0.01, 0.044), (-0.009, 0.05), (-0.008, 0.057), (-0.007, 0.064), (-0.005, 0.07), (-0.004, 0.077), (-0.003, 0.083), (-0.002, 0.09), (-0.001, 0.097), (0.0, 0.103), (0.001, 0.11), (0.003, 0.116), (0.004, 0.123), (0.005, 0.129), (0.006, 0.136), (0.007, 0.142), (0.008, 0.149), (0.01, 0.155), (0.011, 0.161), (0.012, 0.168), (0.013, 0.174), (0.014, 0.18), (0.015, 0.187), (0.017, 0.193), (0.018, 0.199), (0.019, 0.205), (0.02, 0.212), (0.021, 0.218), (0.022, 0.224), (0.023, 0.23), (0.025, 0.236), (0.026, 0.242), (0.027, 0.248), (0.028, 0.254), (0.029, 0.26), (0.03, 0.266), (0.031, 0.272), (0.033, 0.278), (0.034, 0.284), (0.035, 0.289), (0.036, 0.295), (0.037, 0.301), (0.038, 0.307), (0.039, 0.312), (0.041, 0.318), (0.042, 0.324), (0.043, 0.329), (0.044, 0.335), (0.045, 0.34), (0.046, 0.346), (0.047, 0.351), (0.048, 0.356), (0.05, 0.362), (0.051, 0.367), (0.052, 0.372), (0.053, 0.378), (0.054, 0.383), (0.055, 0.388), (0.056, 0.393), (0.057, 0.398), (0.058, 0.403), (0.059, 0.408), (0.061, 0.413), (0.062, 0.418), (0.063, 0.423), (0.064, 0.428), (0.065, 0.433), (0.066, 0.438), (0.067, 0.443), (0.068, 0.447), (0.069, 0.452), (0.07, 0.457), (0.071, 0.461), (0.072, 0.466), (0.073, 0.47), (0.075, 0.475), (0.076, 0.479), (0.077, 0.484), (0.078, 0.488), (0.079, 0.492), (0.08, 0.497), (0.081, 0.501), (0.082, 0.505), (0.083, 0.509), (0.084, 0.513), (0.085, 0.518), (0.086, 0.522), (0.087, 0.526), (0.088, 0.53), (0.089, 0.534), (0.09, 0.537), (0.091, 0.541), (0.092, 0.545), (0.093, 0.549), (0.094, 0.553), (0.095, 0.556), (0.096, 0.56), (0.097, 0.564), (0.098, 0.567), (0.099, 0.571), (0.1, 0.574), (0.101, 0.578), (0.102, 0.581), (0.103, 0.584), (0.104, 0.588), (0.105, 0.591), (0.106, 0.594), (0.107, 0.597), (0.108, 0.601), (0.109, 0.604), (0.11, 0.607), (0.111, 0.61), (0.112, 0.613), (0.112, 0.616), (0.113, 0.619), (0.114, 0.622), (0.115, 0.625), (0.116, 0.628), (0.117, 0.63), (0.118, 0.633), (0.119, 0.636), (0.12, 0.639), (0.121, 0.641), (0.122, 0.644), (0.123, 0.646), (0.123, 0.649), (0.124, 0.651), (0.125, 0.654), (0.126, 0.656), (0.127, 0.659), (0.128, 0.661), (0.129, 0.664), (0.13, 0.666), (0.131, 0.668), (0.131, 0.67), (0.132, 0.673), (0.133, 0.675), (0.134, 0.677), (0.135, 0.679), (0.136, 0.681), (0.137, 0.683), (0.138, 0.685), (0.138, 0.687), (0.139, 0.689), (0.14, 0.691), (0.141, 0.693), (0.142, 0.695), (0.143, 0.696), (0.143, 0.698), (0.144, 0.7), (0.145, 0.702), (0.146, 0.703), (0.147, 0.705), (0.148, 0.707), (0.148, 0.708), (0.149, 0.71), (0.15, 0.711), (0.151, 0.713), (0.152, 0.715), (0.152, 0.716), (0.153, 0.717), (0.154, 0.719), (0.155, 0.72), (0.156, 0.722), (0.156, 0.723), (0.157, 0.724), (0.158, 0.725), (0.159, 0.727), (0.16, 0.728), (0.16, 0.729), (0.161, 0.73), (0.162, 0.732), (0.163, 0.733), (0.164, 0.734), (0.164, 0.735), (0.165, 0.736), (0.166, 0.737), (0.167, 0.738), (0.167, 0.739), (0.168, 0.74), (0.169, 0.741), (0.17, 0.742), (0.17, 0.743), (0.171, 0.744), (0.172, 0.744), (0.173, 0.745), (0.173, 0.746), (0.174, 0.747), (0.175, 0.748), (0.176, 0.748), (0.176, 0.749), (0.177, 0.75), (0.178, 0.75), (0.179, 0.751), (0.179, 0.752), (0.18, 0.752), (0.181, 0.753), (0.181, 0.754), (0.182, 0.754), (0.183, 0.755), (0.184, 0.755), (0.184, 0.756), (0.185, 0.756), (0.186, 0.757), (0.186, 0.757), (0.187, 0.758), (0.188, 0.758), (0.189, 0.759), (0.189, 0.759), (0.19, 0.759), (0.191, 0.76), (0.191, 0.76), (0.192, 0.76), (0.193, 0.761), (0.194, 0.761), (0.194, 0.761), (0.195, 0.762), (0.196, 0.762), (0.196, 0.762), (0.197, 0.762), (0.198, 0.763), (0.198, 0.763), (0.199, 0.763), (0.2, 0.763), (0.2, 0.763), (0.201, 0.763), (0.202, 0.764), (0.202, 0.764), (0.203, 0.764), (0.204, 0.764), (0.204, 0.764), (0.205, 0.764), (0.206, 0.764), (0.206, 0.764), (0.207, 0.764), (0.208, 0.764), (0.208, 0.764), (0.209, 0.764), (0.21, 0.764), (0.21, 0.764), (0.211, 0.764), (0.212, 0.764), (0.212, 0.764), (0.213, 0.764), (0.214, 0.764), (0.214, 0.764), (0.215, 0.764), (0.216, 0.764), (0.216, 0.764), (0.217, 0.764), (0.218, 0.764), (0.218, 0.764), (0.219, 0.763), (0.22, 0.763), (0.22, 0.763), (0.221, 0.763), (0.222, 0.763), (0.222, 0.763), (0.223, 0.762), (0.223, 0.762), (0.224, 0.762), (0.225, 0.762), (0.225, 0.762), (0.226, 0.761), (0.227, 0.761), (0.227, 0.761), (0.228, 0.761), (0.229, 0.76), (0.229, 0.76), (0.23, 0.76), (0.23, 0.76), (0.231, 0.759), (0.232, 0.759), (0.232, 0.759), (0.233, 0.759), (0.234, 0.758), (0.234, 0.758), (0.235, 0.758), (0.235, 0.757), (0.236, 0.757), (0.237, 0.757), (0.237, 0.756), (0.238, 0.756), (0.239, 0.756), (0.239, 0.755), (0.24, 0.755), (0.24, 0.755), (0.241, 0.754), (0.242, 0.754), (0.242, 0.753), (0.243, 0.753), (0.244, 0.753), (0.244, 0.752), (0.245, 0.752), (0.245, 0.751), (0.246, 0.751), (0.247, 0.751), (0.247, 0.75), (0.248, 0.75), (0.248, 0.749), (0.249, 0.749), (0.25, 0.749), (0.25, 0.748), (0.251, 0.748), (0.251, 0.747), (0.252, 0.747), (0.253, 0.746), (0.253, 0.746), (0.254, 0.745), (0.254, 0.745), (0.255, 0.745), (0.256, 0.744), (0.256, 0.744), (0.257, 0.743), (0.257, 0.743), (0.258, 0.742), (0.259, 0.742), (0.259, 0.741), (0.26, 0.741), (0.26, 0.74), (0.261, 0.74), (0.262, 0.739), (0.262, 0.739), (0.263, 0.738), (0.263, 0.738), (0.264, 0.737), (0.265, 0.737), (0.265, 0.736), (0.266, 0.736), (0.266, 0.735), (0.267, 0.735), (0.268, 0.734), (0.268, 0.734), (0.269, 0.733), (0.269, 0.733), (0.27, 0.732), (0.271, 0.732), (0.271, 0.731), (0.272, 0.731), (0.272, 0.73), (0.273, 0.729), (0.273, 0.729), (0.274, 0.728), (0.275, 0.728), (0.275, 0.727), (0.276, 0.727), (0.276, 0.726), (0.277, 0.726), (0.278, 0.725), (0.278, 0.725), (0.279, 0.724), (0.279, 0.723), (0.28, 0.723), (0.28, 0.722), (0.281, 0.722), (0.282, 0.721), (0.282, 0.721), (0.283, 0.72), (0.283, 0.719), (0.284, 0.719), (0.284, 0.718), (0.285, 0.718), (0.286, 0.717), (0.286, 0.717), (0.287, 0.716), (0.287, 0.715), (0.288, 0.715), (0.288, 0.714), (0.289, 0.714), (0.29, 0.713), (0.29, 0.713), (0.291, 0.712), (0.291, 0.711), (0.292, 0.711), (0.292, 0.71), (0.293, 0.71), (0.294, 0.709), (0.294, 0.708), (0.295, 0.708), (0.295, 0.707), (0.296, 0.707), (0.296, 0.706), (0.297, 0.706), (0.298, 0.705), (0.298, 0.704), (0.299, 0.704), (0.299, 0.703), (0.3, 0.703), (0.3, 0.702), (0.301, 0.701), (0.301, 0.701), (0.302, 0.7), (0.303, 0.7), (0.303, 0.699), (0.304, 0.698), (0.304, 0.698), (0.305, 0.697), (0.305, 0.697), (0.306, 0.696), (0.306, 0.695), (0.307, 0.695), (0.308, 0.694), (0.308, 0.693), (0.309, 0.693), (0.309, 0.692), (0.31, 0.692), (0.31, 0.691), (0.311, 0.69), (0.311, 0.69), (0.312, 0.689), (0.313, 0.689), (0.313, 0.688), (0.314, 0.687), (0.314, 0.687), (0.315, 0.686), (0.315, 0.686), (0.316, 0.685), (0.316, 0.684), (0.317, 0.684), (0.318, 0.683), (0.318, 0.682), (0.319, 0.682), (0.319, 0.681), (0.32, 0.681), (0.32, 0.68), (0.321, 0.679), (0.321, 0.679), (0.322, 0.678), (0.322, 0.678), (0.323, 0.677), (0.323, 0.676), (0.324, 0.676), (0.325, 0.675), (0.325, 0.674), (0.326, 0.674), (0.326, 0.673), (0.327, 0.673), (0.327, 0.672), (0.328, 0.671), (0.328, 0.671), (0.329, 0.67), (0.329, 0.669), (0.33, 0.669), (0.33, 0.668), (0.331, 0.668), (0.332, 0.667), (0.332, 0.666), (0.333, 0.666), (0.333, 0.665), (0.334, 0.664), (0.334, 0.664), (0.335, 0.663), (0.335, 0.663), (0.336, 0.662), (0.336, 0.661), (0.337, 0.661), (0.337, 0.66), (0.338, 0.659), (0.338, 0.659), (0.339, 0.658), (0.339, 0.658), (0.34, 0.657), (0.341, 0.656), (0.341, 0.656), (0.342, 0.655), (0.342, 0.654), (0.343, 0.654), (0.343, 0.653), (0.344, 0.652), (0.344, 0.652), (0.345, 0.651), (0.345, 0.651), (0.346, 0.65), (0.346, 0.649), (0.347, 0.649)], total_steps=3141
  202nd iteration: path_start=[(0.011, -0.172), (0.011, -0.171), (0.011, -0.169), (0.012, -0.167), (0.012, -0.165), (0.013, -0.162), (0.013, -0.159), (0.014, -0.156), (0.015, -0.152), (0.016, -0.148), (0.017, -0.143), (0.018, -0.139), (0.019, -0.134), (0.02, -0.129), (0.021, -0.123), (0.022, -0.117), (0.023, -0.112), (0.024, -0.106), (0.026, -0.099), (0.027, -0.093), (0.028, -0.086), (0.03, -0.08), (0.031, -0.073), (0.032, -0.066), (0.034, -0.059), (0.035, -0.052), (0.037, -0.045), (0.038, -0.038), (0.04, -0.03), (0.041, -0.023), (0.043, -0.016), (0.044, -0.008), (0.045, -0.001), (0.047, 0.007), (0.048, 0.014), (0.05, 0.022), (0.051, 0.03), (0.053, 0.037), (0.054, 0.045), (0.056, 0.052), (0.057, 0.06), (0.058, 0.067), (0.06, 0.075), (0.061, 0.082), (0.062, 0.09), (0.064, 0.097), (0.065, 0.105), (0.066, 0.112), (0.068, 0.119), (0.069, 0.127), (0.07, 0.134), (0.071, 0.141), (0.072, 0.148), (0.073, 0.155), (0.075, 0.162), (0.076, 0.169), (0.077, 0.176), (0.078, 0.183), (0.079, 0.19), (0.08, 0.197), (0.081, 0.203), (0.082, 0.21), (0.082, 0.216), (0.083, 0.223), (0.084, 0.229), (0.085, 0.236), (0.086, 0.242), (0.086, 0.248), (0.087, 0.254), (0.088, 0.26), (0.088, 0.266), (0.089, 0.272), (0.089, 0.278), (0.09, 0.284), (0.09, 0.289), (0.091, 0.295), (0.091, 0.3), (0.092, 0.306), (0.092, 0.311), (0.092, 0.316), (0.093, 0.322), (0.093, 0.327), (0.093, 0.332), (0.093, 0.337), (0.093, 0.342), (0.094, 0.347), (0.094, 0.351), (0.094, 0.356), (0.094, 0.361), (0.094, 0.365), (0.094, 0.37), (0.094, 0.374), (0.094, 0.379), (0.094, 0.383), (0.093, 0.387), (0.093, 0.391), (0.093, 0.395), (0.093, 0.399), (0.093, 0.403), (0.092, 0.407), (0.092, 0.411), (0.092, 0.415), (0.091, 0.418), (0.091, 0.422), (0.091, 0.425), (0.09, 0.429), (0.09, 0.432), (0.09, 0.436), (0.089, 0.439), (0.089, 0.442), (0.088, 0.445), (0.088, 0.449), (0.087, 0.452), (0.087, 0.455), (0.086, 0.458), (0.085, 0.46), (0.085, 0.463), (0.084, 0.466), (0.084, 0.469), (0.083, 0.471), (0.082, 0.474), (0.082, 0.477), (0.081, 0.479), (0.08, 0.482), (0.08, 0.484), (0.079, 0.486), (0.078, 0.489), (0.078, 0.491), (0.077, 0.493), (0.076, 0.495), (0.076, 0.497), (0.075, 0.499), (0.074, 0.502), (0.074, 0.504), (0.073, 0.505), (0.072, 0.507), (0.071, 0.509), (0.071, 0.511), (0.07, 0.513), (0.069, 0.515), (0.069, 0.516), (0.068, 0.518), (0.067, 0.52), (0.067, 0.521), (0.066, 0.523), (0.065, 0.524), (0.065, 0.526), (0.064, 0.527), (0.063, 0.529), (0.063, 0.53), (0.062, 0.531), (0.061, 0.533), (0.061, 0.534), (0.06, 0.535), (0.06, 0.536), (0.059, 0.537), (0.058, 0.539), (0.058, 0.54), (0.057, 0.541), (0.057, 0.542), (0.056, 0.543), (0.056, 0.544), (0.055, 0.545), (0.055, 0.546), (0.055, 0.547), (0.054, 0.548), (0.054, 0.548), (0.053, 0.549), (0.053, 0.55), (0.053, 0.551), (0.052, 0.552), (0.052, 0.552), (0.052, 0.553), (0.052, 0.554), (0.051, 0.554), (0.051, 0.555), (0.051, 0.556), (0.051, 0.556), (0.051, 0.557), (0.051, 0.557), (0.05, 0.558), (0.05, 0.558), (0.05, 0.559), (0.05, 0.559), (0.05, 0.56), (0.05, 0.56), (0.05, 0.561), (0.05, 0.561), (0.051, 0.562), (0.051, 0.562), (0.051, 0.562), (0.051, 0.563), (0.051, 0.563), (0.051, 0.563), (0.052, 0.564), (0.052, 0.564), (0.052, 0.564), (0.052, 0.564), (0.053, 0.565), (0.053, 0.565), (0.054, 0.565), (0.054, 0.565), (0.054, 0.565), (0.055, 0.566), (0.055, 0.566), (0.056, 0.566), (0.056, 0.566), (0.057, 0.566), (0.057, 0.566), (0.058, 0.566), (0.059, 0.566), (0.059, 0.566), (0.06, 0.566), (0.061, 0.567), (0.061, 0.567), (0.062, 0.567), (0.063, 0.567), (0.063, 0.567), (0.064, 0.567), (0.065, 0.567), (0.066, 0.567), (0.067, 0.566), (0.067, 0.566), (0.068, 0.566), (0.069, 0.566), (0.07, 0.566), (0.071, 0.566), (0.072, 0.566), (0.073, 0.566), (0.074, 0.566), (0.075, 0.566), (0.076, 0.566), (0.077, 0.565), (0.078, 0.565), (0.079, 0.565), (0.08, 0.565), (0.081, 0.565), (0.082, 0.565), (0.083, 0.565), (0.084, 0.564), (0.085, 0.564), (0.086, 0.564), (0.087, 0.564), (0.088, 0.564), (0.089, 0.563), (0.09, 0.563), (0.091, 0.563), (0.092, 0.563), (0.093, 0.562), (0.095, 0.562), (0.096, 0.562), (0.097, 0.562), (0.098, 0.561), (0.099, 0.561), (0.1, 0.561), (0.101, 0.561), (0.102, 0.56), (0.103, 0.56), (0.104, 0.56), (0.105, 0.559), (0.107, 0.559), (0.108, 0.559), (0.109, 0.559), (0.11, 0.558), (0.111, 0.558), (0.112, 0.558), (0.113, 0.557), (0.114, 0.557), (0.115, 0.557), (0.116, 0.556), (0.117, 0.556), (0.118, 0.556), (0.119, 0.555), (0.12, 0.555), (0.121, 0.555), (0.121, 0.554), (0.122, 0.554), (0.123, 0.554), (0.124, 0.553), (0.125, 0.553), (0.126, 0.552), (0.127, 0.552), (0.127, 0.552), (0.128, 0.551), (0.129, 0.551), (0.13, 0.551), (0.13, 0.55), (0.131, 0.55), (0.132, 0.549), (0.132, 0.549), (0.133, 0.549), (0.134, 0.548), (0.134, 0.548), (0.135, 0.547), (0.135, 0.547), (0.136, 0.547), (0.136, 0.546), (0.137, 0.546), (0.137, 0.545), (0.138, 0.545), (0.138, 0.545), (0.138, 0.544), (0.139, 0.544), (0.139, 0.543), (0.139, 0.543), (0.14, 0.542), (0.14, 0.542), (0.14, 0.542), (0.14, 0.541), (0.14, 0.541), (0.141, 0.54), (0.141, 0.54), (0.141, 0.539), (0.141, 0.539), (0.141, 0.539), (0.141, 0.538), (0.141, 0.538), (0.141, 0.537), (0.141, 0.537), (0.141, 0.536), (0.14, 0.536), (0.14, 0.535), (0.14, 0.535), (0.14, 0.535), (0.14, 0.534), (0.139, 0.534), (0.139, 0.533), (0.139, 0.533), (0.139, 0.532), (0.138, 0.532), (0.138, 0.531), (0.137, 0.531), (0.137, 0.53), (0.136, 0.53), (0.136, 0.529), (0.135, 0.529), (0.135, 0.529), (0.134, 0.528), (0.134, 0.528), (0.133, 0.527), (0.133, 0.527), (0.132, 0.526), (0.131, 0.526), (0.131, 0.525), (0.13, 0.525), (0.129, 0.524), (0.128, 0.524), (0.128, 0.523), (0.127, 0.523), (0.126, 0.522), (0.125, 0.522), (0.125, 0.521), (0.124, 0.521), (0.123, 0.521), (0.122, 0.52), (0.121, 0.52), (0.12, 0.519), (0.119, 0.519), (0.118, 0.518), (0.117, 0.518), (0.116, 0.517), (0.115, 0.517), (0.114, 0.516), (0.113, 0.516), (0.112, 0.515), (0.111, 0.515), (0.11, 0.514), (0.109, 0.514), (0.108, 0.513), (0.107, 0.513), (0.106, 0.512), (0.105, 0.512), (0.104, 0.511), (0.103, 0.511), (0.102, 0.51), (0.101, 0.51), (0.1, 0.509), (0.099, 0.509), (0.098, 0.508), (0.097, 0.508), (0.096, 0.507), (0.095, 0.507), (0.094, 0.506), (0.093, 0.506), (0.092, 0.505), (0.091, 0.505), (0.09, 0.504), (0.089, 0.504), (0.088, 0.503), (0.087, 0.503), (0.086, 0.502), (0.085, 0.502), (0.084, 0.501), (0.083, 0.501), (0.082, 0.5), (0.081, 0.5), (0.08, 0.499), (0.079, 0.499), (0.078, 0.498), (0.077, 0.498), (0.076, 0.497), (0.075, 0.497), (0.074, 0.497), (0.073, 0.496), (0.073, 0.496), (0.072, 0.495), (0.071, 0.495), (0.07, 0.494), (0.069, 0.494), (0.069, 0.493), (0.068, 0.493), (0.067, 0.492), (0.067, 0.492), (0.066, 0.491), (0.065, 0.491), (0.065, 0.49), (0.064, 0.49), (0.063, 0.489), (0.063, 0.488), (0.062, 0.488), (0.062, 0.487), (0.061, 0.487), (0.061, 0.486), (0.06, 0.486), (0.06, 0.485), (0.06, 0.485), (0.059, 0.484), (0.059, 0.484), (0.059, 0.483), (0.058, 0.483), (0.058, 0.482), (0.058, 0.482), (0.058, 0.481), (0.057, 0.481), (0.057, 0.48), (0.057, 0.48), (0.057, 0.479), (0.057, 0.479), (0.057, 0.478), (0.057, 0.478), (0.057, 0.477), (0.057, 0.477), (0.057, 0.476), (0.057, 0.476), (0.057, 0.475), (0.057, 0.475), (0.057, 0.474), (0.057, 0.474), (0.058, 0.473), (0.058, 0.473), (0.058, 0.472), (0.058, 0.472), (0.059, 0.471), (0.059, 0.471), (0.059, 0.47), (0.06, 0.47), (0.06, 0.469), (0.06, 0.469), (0.061, 0.468), (0.061, 0.468), (0.062, 0.467), (0.062, 0.467), (0.063, 0.466), (0.063, 0.466), (0.064, 0.465), (0.065, 0.465), (0.065, 0.464), (0.066, 0.464), (0.067, 0.463), (0.067, 0.463), (0.068, 0.462), (0.069, 0.462), (0.07, 0.461), (0.07, 0.461), (0.071, 0.46), (0.072, 0.46), (0.073, 0.459), (0.074, 0.459), (0.074, 0.458), (0.075, 0.458), (0.076, 0.457), (0.077, 0.457), (0.078, 0.456), (0.079, 0.456), (0.08, 0.455), (0.081, 0.455), (0.082, 0.454), (0.083, 0.454), (0.084, 0.453), (0.085, 0.453), (0.086, 0.452), (0.087, 0.452), (0.088, 0.451), (0.089, 0.451), (0.09, 0.45), (0.091, 0.45), (0.092, 0.449), (0.093, 0.449), (0.094, 0.448), (0.095, 0.448)], path_end=[(0.63, 0.083), (0.63, 0.088), (0.63, 0.094), (0.631, 0.099), (0.631, 0.104), (0.631, 0.11), (0.631, 0.115), (0.631, 0.121), (0.631, 0.126), (0.631, 0.132), (0.631, 0.137), (0.631, 0.143), (0.631, 0.148), (0.63, 0.153), (0.63, 0.159), (0.63, 0.164), (0.629, 0.17), (0.628, 0.175), (0.628, 0.181), (0.627, 0.186), (0.626, 0.191), (0.626, 0.197), (0.625, 0.202), (0.624, 0.207), (0.623, 0.213), (0.622, 0.218), (0.621, 0.224), (0.62, 0.229), (0.619, 0.234), (0.617, 0.239), (0.616, 0.245), (0.615, 0.25), (0.613, 0.255), (0.612, 0.261), (0.61, 0.266), (0.609, 0.271), (0.607, 0.276), (0.605, 0.282), (0.603, 0.287), (0.602, 0.292), (0.6, 0.297), (0.598, 0.302), (0.596, 0.307), (0.594, 0.312), (0.592, 0.317), (0.59, 0.323), (0.588, 0.328), (0.585, 0.333), (0.583, 0.338), (0.581, 0.343), (0.579, 0.348), (0.576, 0.353), (0.574, 0.357), (0.571, 0.362), (0.569, 0.367), (0.566, 0.372), (0.563, 0.377), (0.561, 0.382), (0.558, 0.387), (0.555, 0.391), (0.552, 0.396), (0.55, 0.401), (0.547, 0.406), (0.544, 0.41), (0.541, 0.415), (0.538, 0.419), (0.535, 0.424), (0.532, 0.429), (0.529, 0.433), (0.526, 0.438), (0.522, 0.442), (0.519, 0.447), (0.516, 0.451), (0.513, 0.455), (0.509, 0.46), (0.506, 0.464), (0.503, 0.469), (0.499, 0.473), (0.496, 0.477), (0.492, 0.481), (0.489, 0.486), (0.485, 0.49), (0.482, 0.494), (0.478, 0.498), (0.475, 0.502), (0.471, 0.506), (0.468, 0.51), (0.464, 0.514), (0.46, 0.518), (0.457, 0.522), (0.453, 0.526), (0.449, 0.53), (0.446, 0.534), (0.442, 0.537), (0.438, 0.541), (0.435, 0.545), (0.431, 0.549), (0.427, 0.552), (0.423, 0.556), (0.419, 0.56), (0.416, 0.563), (0.412, 0.567), (0.408, 0.57), (0.404, 0.574), (0.401, 0.577), (0.397, 0.581), (0.393, 0.584), (0.389, 0.587), (0.385, 0.591), (0.381, 0.594), (0.378, 0.597), (0.374, 0.601), (0.37, 0.604), (0.366, 0.607), (0.362, 0.61), (0.359, 0.613), (0.355, 0.616), (0.351, 0.619), (0.347, 0.622), (0.344, 0.625), (0.34, 0.628), (0.336, 0.631), (0.333, 0.634), (0.329, 0.637), (0.325, 0.64), (0.322, 0.643), (0.318, 0.645), (0.314, 0.648), (0.311, 0.651), (0.307, 0.653), (0.304, 0.656), (0.3, 0.659), (0.296, 0.661), (0.293, 0.664), (0.289, 0.666), (0.286, 0.669), (0.283, 0.671), (0.279, 0.674), (0.276, 0.676), (0.272, 0.678), (0.269, 0.681), (0.266, 0.683), (0.263, 0.685), (0.259, 0.688), (0.256, 0.69), (0.253, 0.692), (0.25, 0.694), (0.247, 0.696), (0.244, 0.698), (0.241, 0.7), (0.238, 0.703), (0.235, 0.705), (0.232, 0.707), (0.229, 0.708), (0.226, 0.71), (0.223, 0.712), (0.22, 0.714), (0.218, 0.716), (0.215, 0.718), (0.212, 0.72), (0.21, 0.721), (0.207, 0.723), (0.205, 0.725), (0.202, 0.727), (0.2, 0.728), (0.197, 0.73), (0.195, 0.731), (0.192, 0.733), (0.19, 0.735), (0.188, 0.736), (0.186, 0.738), (0.183, 0.739), (0.181, 0.74), (0.179, 0.742), (0.177, 0.743), (0.175, 0.745), (0.173, 0.746), (0.171, 0.747), (0.169, 0.749), (0.168, 0.75), (0.166, 0.751), (0.164, 0.753), (0.162, 0.754), (0.161, 0.755), (0.159, 0.756), (0.158, 0.757), (0.156, 0.758), (0.155, 0.76), (0.153, 0.761), (0.152, 0.762), (0.15, 0.763), (0.149, 0.764), (0.148, 0.765), (0.147, 0.766), (0.146, 0.767), (0.144, 0.768), (0.143, 0.769), (0.142, 0.769), (0.141, 0.77), (0.14, 0.771), (0.139, 0.772), (0.139, 0.773), (0.138, 0.774), (0.137, 0.774), (0.136, 0.775), (0.135, 0.776), (0.135, 0.777), (0.134, 0.777), (0.134, 0.778), (0.133, 0.779), (0.132, 0.779), (0.132, 0.78), (0.131, 0.781), (0.131, 0.781), (0.131, 0.782), (0.13, 0.783), (0.13, 0.783), (0.13, 0.784), (0.129, 0.784), (0.129, 0.785), (0.129, 0.785), (0.129, 0.786), (0.129, 0.786), (0.129, 0.787), (0.129, 0.787), (0.129, 0.788), (0.129, 0.788), (0.129, 0.788), (0.129, 0.789), (0.129, 0.789), (0.129, 0.789), (0.129, 0.79), (0.129, 0.79), (0.129, 0.79), (0.129, 0.791), (0.13, 0.791), (0.13, 0.791), (0.13, 0.792), (0.13, 0.792), (0.131, 0.792), (0.131, 0.792), (0.131, 0.793), (0.132, 0.793), (0.132, 0.793), (0.132, 0.793), (0.133, 0.793), (0.133, 0.794), (0.134, 0.794), (0.134, 0.794), (0.134, 0.794), (0.135, 0.794), (0.135, 0.794), (0.136, 0.794), (0.136, 0.794), (0.137, 0.795), (0.137, 0.795), (0.138, 0.795), (0.138, 0.795), (0.139, 0.795), (0.139, 0.795), (0.14, 0.795), (0.14, 0.795), (0.141, 0.795), (0.141, 0.795), (0.142, 0.795), (0.142, 0.795), (0.143, 0.795), (0.143, 0.795), (0.144, 0.795), (0.144, 0.795), (0.145, 0.795), (0.145, 0.795), (0.146, 0.795), (0.146, 0.794), (0.146, 0.794), (0.147, 0.794), (0.147, 0.794), (0.148, 0.794), (0.148, 0.794), (0.149, 0.794), (0.149, 0.794), (0.149, 0.794), (0.15, 0.793), (0.15, 0.793), (0.15, 0.793), (0.151, 0.793), (0.151, 0.793), (0.151, 0.793), (0.152, 0.792), (0.152, 0.792), (0.152, 0.792), (0.152, 0.792), (0.153, 0.792), (0.153, 0.791), (0.153, 0.791), (0.153, 0.791), (0.153, 0.791), (0.153, 0.791), (0.153, 0.79), (0.154, 0.79), (0.154, 0.79), (0.154, 0.79), (0.154, 0.789), (0.154, 0.789), (0.154, 0.789), (0.154, 0.789), (0.154, 0.788), (0.153, 0.788), (0.153, 0.788), (0.153, 0.788), (0.153, 0.787), (0.153, 0.787), (0.153, 0.787), (0.152, 0.786), (0.152, 0.786), (0.152, 0.786), (0.152, 0.785), (0.151, 0.785), (0.151, 0.785), (0.151, 0.785), (0.15, 0.784), (0.15, 0.784), (0.149, 0.784), (0.149, 0.783), (0.149, 0.783), (0.148, 0.783), (0.148, 0.782), (0.147, 0.782), (0.146, 0.781), (0.146, 0.781), (0.145, 0.781), (0.145, 0.78), (0.144, 0.78), (0.143, 0.78), (0.143, 0.779), (0.142, 0.779), (0.141, 0.779), (0.14, 0.778), (0.14, 0.778), (0.139, 0.777), (0.138, 0.777), (0.137, 0.777), (0.136, 0.776), (0.136, 0.776), (0.135, 0.776), (0.134, 0.775), (0.133, 0.775), (0.132, 0.774), (0.131, 0.774), (0.13, 0.774), (0.129, 0.773), (0.128, 0.773), (0.127, 0.772), (0.126, 0.772), (0.125, 0.772), (0.124, 0.771), (0.123, 0.771), (0.122, 0.77), (0.121, 0.77), (0.12, 0.769), (0.119, 0.769), (0.118, 0.769), (0.117, 0.768), (0.116, 0.768), (0.115, 0.767), (0.114, 0.767), (0.112, 0.766), (0.111, 0.766), (0.11, 0.766), (0.109, 0.765), (0.108, 0.765), (0.107, 0.764), (0.106, 0.764), (0.105, 0.763), (0.104, 0.763), (0.102, 0.763), (0.101, 0.762), (0.1, 0.762), (0.099, 0.761), (0.098, 0.761), (0.097, 0.76), (0.096, 0.76), (0.095, 0.759), (0.094, 0.759), (0.092, 0.758), (0.091, 0.758), (0.09, 0.758), (0.089, 0.757), (0.088, 0.757), (0.087, 0.756), (0.086, 0.756), (0.085, 0.755), (0.084, 0.755), (0.083, 0.754), (0.082, 0.754), (0.081, 0.753), (0.08, 0.753), (0.079, 0.752), (0.078, 0.752), (0.077, 0.752), (0.076, 0.751), (0.075, 0.751), (0.075, 0.75), (0.074, 0.75), (0.073, 0.749), (0.072, 0.749), (0.071, 0.748), (0.07, 0.748), (0.07, 0.747), (0.069, 0.747), (0.068, 0.746), (0.068, 0.746), (0.067, 0.745), (0.066, 0.745), (0.066, 0.744), (0.065, 0.744), (0.064, 0.743), (0.064, 0.743), (0.063, 0.742), (0.063, 0.742), (0.062, 0.742), (0.062, 0.741), (0.061, 0.741), (0.061, 0.74), (0.06, 0.74), (0.06, 0.739), (0.06, 0.739), (0.059, 0.738), (0.059, 0.738), (0.059, 0.737), (0.059, 0.737), (0.058, 0.736), (0.058, 0.736), (0.058, 0.735), (0.058, 0.735), (0.058, 0.734), (0.058, 0.734), (0.058, 0.733), (0.058, 0.733), (0.058, 0.732), (0.058, 0.732), (0.058, 0.731), (0.058, 0.731), (0.058, 0.73), (0.058, 0.73), (0.058, 0.729), (0.058, 0.729), (0.059, 0.728), (0.059, 0.728), (0.059, 0.727), (0.059, 0.727), (0.06, 0.726), (0.06, 0.726), (0.06, 0.725), (0.061, 0.725), (0.061, 0.724), (0.062, 0.724), (0.062, 0.723), (0.063, 0.723), (0.063, 0.722), (0.064, 0.722), (0.064, 0.721), (0.065, 0.721), (0.065, 0.72), (0.066, 0.72), (0.067, 0.719), (0.067, 0.719), (0.068, 0.718), (0.069, 0.718), (0.069, 0.717), (0.07, 0.717), (0.071, 0.716), (0.072, 0.716), (0.072, 0.715), (0.073, 0.715), (0.074, 0.714), (0.075, 0.714), (0.076, 0.713), (0.077, 0.713), (0.078, 0.712), (0.078, 0.712), (0.079, 0.711), (0.08, 0.711), (0.081, 0.71), (0.082, 0.71), (0.083, 0.709), (0.084, 0.709), (0.085, 0.708), (0.086, 0.708), (0.087, 0.707), (0.088, 0.707), (0.089, 0.706), (0.09, 0.706), (0.091, 0.705), (0.092, 0.705), (0.093, 0.704), (0.094, 0.704), (0.095, 0.703), (0.096, 0.703), (0.097, 0.702)], total_steps=3141
  203rd iteration: path_start=[(0.011, -0.172), (0.011, -0.171), (0.011, -0.169), (0.012, -0.167), (0.013, -0.165), (0.014, -0.162), (0.015, -0.158), (0.016, -0.154), (0.017, -0.15), (0.018, -0.146), (0.02, -0.141), (0.021, -0.136), (0.023, -0.131), (0.024, -0.125), (0.026, -0.119), (0.028, -0.113), (0.03, -0.107), (0.032, -0.101), (0.034, -0.094), (0.036, -0.087), (0.038, -0.08), (0.041, -0.073), (0.043, -0.066), (0.045, -0.058), (0.048, -0.051), (0.05, -0.043), (0.053, -0.035), (0.055, -0.028), (0.058, -0.02), (0.061, -0.012), (0.063, -0.004), (0.066, 0.004), (0.069, 0.012), (0.072, 0.02), (0.075, 0.028), (0.077, 0.036), (0.08, 0.044), (0.083, 0.052), (0.086, 0.061), (0.089, 0.069), (0.092, 0.077), (0.095, 0.085), (0.098, 0.093), (0.101, 0.101), (0.104, 0.109), (0.108, 0.117), (0.111, 0.125), (0.114, 0.133), (0.117, 0.14), (0.12, 0.148), (0.123, 0.156), (0.126, 0.164), (0.13, 0.171), (0.133, 0.179), (0.136, 0.186), (0.139, 0.194), (0.142, 0.201), (0.146, 0.208), (0.149, 0.216), (0.152, 0.223), (0.155, 0.23), (0.159, 0.237), (0.162, 0.244), (0.165, 0.251), (0.168, 0.257), (0.172, 0.264), (0.175, 0.271), (0.178, 0.277), (0.181, 0.284), (0.184, 0.29), (0.188, 0.296), (0.191, 0.303), (0.194, 0.309), (0.197, 0.315), (0.201, 0.321), (0.204, 0.327), (0.207, 0.333), (0.21, 0.338), (0.214, 0.344), (0.217, 0.35), (0.22, 0.355), (0.223, 0.36), (0.226, 0.366), (0.23, 0.371), (0.233, 0.376), (0.236, 0.381), (0.239, 0.386), (0.242, 0.391), (0.246, 0.396), (0.249, 0.401), (0.252, 0.406), (0.255, 0.41), (0.258, 0.415), (0.261, 0.419), (0.265, 0.424), (0.268, 0.428), (0.271, 0.432), (0.274, 0.436), (0.277, 0.44), (0.28, 0.444), (0.283, 0.448), (0.287, 0.452), (0.29, 0.456), (0.293, 0.46), (0.296, 0.463), (0.299, 0.467), (0.302, 0.47), (0.305, 0.474), (0.308, 0.477), (0.311, 0.481), (0.314, 0.484), (0.317, 0.487), (0.32, 0.49), (0.323, 0.493), (0.326, 0.496), (0.33, 0.499), (0.333, 0.502), (0.336, 0.505), (0.339, 0.508), (0.342, 0.51), (0.345, 0.513), (0.348, 0.516), (0.351, 0.518), (0.354, 0.521), (0.357, 0.523), (0.36, 0.525), (0.362, 0.528), (0.365, 0.53), (0.368, 0.532), (0.371, 0.534), (0.374, 0.536), (0.377, 0.538), (0.38, 0.54), (0.383, 0.542), (0.386, 0.544), (0.389, 0.546), (0.392, 0.548), (0.395, 0.55), (0.398, 0.552), (0.401, 0.553), (0.404, 0.555), (0.406, 0.556), (0.409, 0.558), (0.412, 0.56), (0.415, 0.561), (0.418, 0.562), (0.421, 0.564), (0.424, 0.565), (0.427, 0.567), (0.429, 0.568), (0.432, 0.569), (0.435, 0.57), (0.438, 0.571), (0.441, 0.573), (0.444, 0.574), (0.447, 0.575), (0.449, 0.576), (0.452, 0.577), (0.455, 0.578), (0.458, 0.579), (0.461, 0.58), (0.463, 0.581), (0.466, 0.581), (0.469, 0.582), (0.472, 0.583), (0.475, 0.584), (0.477, 0.584), (0.48, 0.585), (0.483, 0.586), (0.486, 0.587), (0.489, 0.587), (0.491, 0.588), (0.494, 0.588), (0.497, 0.589), (0.5, 0.589), (0.503, 0.59), (0.505, 0.59), (0.508, 0.591), (0.511, 0.591), (0.514, 0.592), (0.516, 0.592), (0.519, 0.592), (0.522, 0.593), (0.525, 0.593), (0.527, 0.593), (0.53, 0.594), (0.533, 0.594), (0.536, 0.594), (0.538, 0.594), (0.541, 0.594), (0.544, 0.595), (0.546, 0.595), (0.549, 0.595), (0.552, 0.595), (0.555, 0.595), (0.557, 0.595), (0.56, 0.595), (0.563, 0.595), (0.565, 0.595), (0.568, 0.596), (0.571, 0.596), (0.574, 0.596), (0.576, 0.596), (0.579, 0.595), (0.582, 0.595), (0.584, 0.595), (0.587, 0.595), (0.59, 0.595), (0.592, 0.595), (0.595, 0.595), (0.598, 0.595), (0.6, 0.595), (0.603, 0.595), (0.606, 0.594), (0.609, 0.594), (0.611, 0.594), (0.614, 0.594), (0.617, 0.594), (0.619, 0.593), (0.622, 0.593), (0.625, 0.593), (0.627, 0.593), (0.63, 0.592), (0.633, 0.592), (0.635, 0.592), (0.638, 0.592), (0.64, 0.591), (0.643, 0.591), (0.646, 0.591), (0.648, 0.59), (0.651, 0.59), (0.654, 0.59), (0.656, 0.589), (0.659, 0.589), (0.662, 0.589), (0.664, 0.588), (0.667, 0.588), (0.67, 0.587), (0.672, 0.587), (0.675, 0.587), (0.677, 0.586), (0.68, 0.586), (0.683, 0.585), (0.685, 0.585), (0.688, 0.584), (0.691, 0.584), (0.693, 0.584), (0.696, 0.583), (0.698, 0.583), (0.701, 0.582), (0.704, 0.582), (0.706, 0.581), (0.709, 0.581), (0.711, 0.58), (0.714, 0.58), (0.717, 0.579), (0.719, 0.579), (0.722, 0.578), (0.724, 0.578), (0.727, 0.577), (0.73, 0.577), (0.732, 0.576), (0.735, 0.576), (0.737, 0.575), (0.74, 0.574), (0.742, 0.574), (0.745, 0.573), (0.748, 0.573), (0.75, 0.572), (0.753, 0.572), (0.755, 0.571), (0.758, 0.57), (0.76, 0.57), (0.763, 0.569), (0.766, 0.569), (0.768, 0.568), (0.771, 0.568), (0.773, 0.567), (0.776, 0.566), (0.778, 0.566), (0.781, 0.565), (0.783, 0.564), (0.786, 0.564), (0.788, 0.563), (0.791, 0.563), (0.793, 0.562), (0.796, 0.561), (0.799, 0.561), (0.801, 0.56), (0.804, 0.559), (0.806, 0.559), (0.809, 0.558), (0.811, 0.558), (0.814, 0.557), (0.816, 0.556), (0.819, 0.556), (0.821, 0.555), (0.824, 0.554), (0.826, 0.554), (0.828, 0.553), (0.831, 0.552), (0.833, 0.552), (0.836, 0.551), (0.838, 0.55), (0.841, 0.55), (0.843, 0.549), (0.846, 0.548), (0.848, 0.548), (0.851, 0.547), (0.853, 0.546), (0.856, 0.546), (0.858, 0.545), (0.86, 0.544), (0.863, 0.544), (0.865, 0.543), (0.868, 0.542), (0.87, 0.541), (0.873, 0.541), (0.875, 0.54), (0.877, 0.539), (0.88, 0.539), (0.882, 0.538), (0.884, 0.537), (0.887, 0.537), (0.889, 0.536), (0.892, 0.535), (0.894, 0.534), (0.896, 0.534), (0.899, 0.533), (0.901, 0.532), (0.903, 0.532), (0.906, 0.531), (0.908, 0.53), (0.91, 0.53), (0.913, 0.529), (0.915, 0.528), (0.917, 0.527), (0.92, 0.527), (0.922, 0.526), (0.924, 0.525), (0.927, 0.524), (0.929, 0.524), (0.931, 0.523), (0.933, 0.522), (0.936, 0.522), (0.938, 0.521), (0.94, 0.52), (0.942, 0.519), (0.945, 0.519), (0.947, 0.518), (0.949, 0.517), (0.951, 0.517), (0.954, 0.516), (0.956, 0.515), (0.958, 0.514), (0.96, 0.514), (0.962, 0.513), (0.964, 0.512), (0.967, 0.511), (0.969, 0.511), (0.971, 0.51), (0.973, 0.509), (0.975, 0.508), (0.977, 0.508), (0.979, 0.507), (0.982, 0.506), (0.984, 0.505), (0.986, 0.505), (0.988, 0.504), (0.99, 0.503), (0.992, 0.503), (0.994, 0.502), (0.996, 0.501), (0.998, 0.5), (1.0, 0.5), (1.002, 0.499), (1.004, 0.498), (1.006, 0.497), (1.008, 0.497), (1.01, 0.496), (1.012, 0.495), (1.014, 0.494), (1.016, 0.494), (1.018, 0.493), (1.02, 0.492), (1.022, 0.491), (1.024, 0.491), (1.026, 0.49), (1.028, 0.489), (1.03, 0.488), (1.031, 0.488), (1.033, 0.487), (1.035, 0.486), (1.037, 0.485), (1.039, 0.485), (1.041, 0.484), (1.043, 0.483), (1.044, 0.482), (1.046, 0.482), (1.048, 0.481), (1.05, 0.48), (1.051, 0.479), (1.053, 0.479), (1.055, 0.478), (1.057, 0.477), (1.058, 0.476), (1.06, 0.476), (1.062, 0.475), (1.063, 0.474), (1.065, 0.473), (1.067, 0.473), (1.068, 0.472), (1.07, 0.471), (1.072, 0.47), (1.073, 0.47), (1.075, 0.469), (1.077, 0.468), (1.078, 0.467), (1.08, 0.467), (1.081, 0.466), (1.083, 0.465), (1.084, 0.464), (1.086, 0.464), (1.087, 0.463), (1.089, 0.462), (1.09, 0.461), (1.092, 0.461), (1.093, 0.46), (1.095, 0.459), (1.096, 0.458), (1.097, 0.457), (1.099, 0.457), (1.1, 0.456), (1.101, 0.455), (1.103, 0.454), (1.104, 0.454), (1.105, 0.453), (1.107, 0.452), (1.108, 0.451), (1.109, 0.451), (1.111, 0.45), (1.112, 0.449), (1.113, 0.448), (1.114, 0.448), (1.115, 0.447), (1.117, 0.446), (1.118, 0.445), (1.119, 0.445), (1.12, 0.444), (1.121, 0.443), (1.122, 0.442), (1.123, 0.442), (1.125, 0.441), (1.126, 0.44), (1.127, 0.439), (1.128, 0.439), (1.129, 0.438), (1.13, 0.437), (1.131, 0.436), (1.132, 0.435), (1.133, 0.435), (1.134, 0.434), (1.135, 0.433), (1.136, 0.432), (1.136, 0.432), (1.137, 0.431), (1.138, 0.43), (1.139, 0.429), (1.14, 0.429), (1.141, 0.428), (1.141, 0.427), (1.142, 0.426), (1.143, 0.426), (1.144, 0.425), (1.145, 0.424), (1.145, 0.423), (1.146, 0.423), (1.147, 0.422), (1.147, 0.421), (1.148, 0.42), (1.149, 0.419), (1.149, 0.419), (1.15, 0.418), (1.151, 0.417), (1.151, 0.416), (1.152, 0.416), (1.152, 0.415), (1.153, 0.414), (1.153, 0.413), (1.154, 0.413), (1.154, 0.412), (1.155, 0.411), (1.155, 0.41), (1.156, 0.41), (1.156, 0.409), (1.156, 0.408), (1.157, 0.407), (1.157, 0.407), (1.157, 0.406), (1.158, 0.405)], path_end=[(0.187, -0.142), (0.179, -0.134), (0.172, -0.126), (0.165, -0.118), (0.158, -0.11), (0.15, -0.101), (0.143, -0.093), (0.136, -0.085), (0.129, -0.077), (0.121, -0.069), (0.114, -0.061), (0.107, -0.052), (0.1, -0.044), (0.092, -0.036), (0.085, -0.028), (0.078, -0.02), (0.071, -0.012), (0.063, -0.004), (0.056, 0.004), (0.049, 0.013), (0.042, 0.021), (0.035, 0.029), (0.028, 0.037), (0.02, 0.045), (0.013, 0.053), (0.006, 0.061), (-0.001, 0.069), (-0.008, 0.077), (-0.015, 0.085), (-0.022, 0.093), (-0.029, 0.101), (-0.036, 0.109), (-0.043, 0.117), (-0.05, 0.125), (-0.057, 0.132), (-0.064, 0.14), (-0.071, 0.148), (-0.078, 0.156), (-0.084, 0.164), (-0.091, 0.171), (-0.098, 0.179), (-0.105, 0.187), (-0.111, 0.195), (-0.118, 0.202), (-0.125, 0.21), (-0.131, 0.218), (-0.138, 0.225), (-0.144, 0.233), (-0.151, 0.24), (-0.157, 0.248), (-0.164, 0.255), (-0.17, 0.263), (-0.177, 0.27), (-0.183, 0.277), (-0.189, 0.285), (-0.196, 0.292), (-0.202, 0.299), (-0.208, 0.306), (-0.214, 0.314), (-0.22, 0.321), (-0.226, 0.328), (-0.232, 0.335), (-0.238, 0.342), (-0.244, 0.349), (-0.25, 0.356), (-0.256, 0.363), (-0.262, 0.37), (-0.268, 0.377), (-0.274, 0.383), (-0.279, 0.39), (-0.285, 0.397), (-0.29, 0.404), (-0.296, 0.41), (-0.302, 0.417), (-0.307, 0.423), (-0.312, 0.43), (-0.318, 0.436), (-0.323, 0.443), (-0.328, 0.449), (-0.334, 0.456), (-0.339, 0.462), (-0.344, 0.468), (-0.349, 0.474), (-0.354, 0.481), (-0.359, 0.487), (-0.364, 0.493), (-0.369, 0.499), (-0.374, 0.505), (-0.378, 0.511), (-0.383, 0.517), (-0.388, 0.523), (-0.392, 0.528), (-0.397, 0.534), (-0.402, 0.54), (-0.406, 0.546), (-0.41, 0.551), (-0.415, 0.557), (-0.419, 0.562), (-0.423, 0.568), (-0.428, 0.573), (-0.432, 0.579), (-0.436, 0.584), (-0.44, 0.589), (-0.444, 0.594), (-0.448, 0.6), (-0.452, 0.605), (-0.456, 0.61), (-0.459, 0.615), (-0.463, 0.62), (-0.467, 0.625), (-0.47, 0.63), (-0.474, 0.635), (-0.477, 0.639), (-0.481, 0.644), (-0.484, 0.649), (-0.488, 0.654), (-0.491, 0.658), (-0.494, 0.663), (-0.497, 0.667), (-0.501, 0.672), (-0.504, 0.676), (-0.507, 0.681), (-0.51, 0.685), (-0.513, 0.689), (-0.516, 0.693), (-0.518, 0.698), (-0.521, 0.702), (-0.524, 0.706), (-0.527, 0.71), (-0.529, 0.714), (-0.532, 0.718), (-0.534, 0.722), (-0.537, 0.726), (-0.539, 0.729), (-0.542, 0.733), (-0.544, 0.737), (-0.546, 0.741), (-0.548, 0.744), (-0.551, 0.748), (-0.553, 0.751), (-0.555, 0.755), (-0.557, 0.758), (-0.559, 0.762), (-0.561, 0.765), (-0.563, 0.768), (-0.564, 0.772), (-0.566, 0.775), (-0.568, 0.778), (-0.57, 0.781), (-0.571, 0.784), (-0.573, 0.787), (-0.574, 0.79), (-0.576, 0.793), (-0.577, 0.796), (-0.579, 0.799), (-0.58, 0.802), (-0.581, 0.805), (-0.583, 0.808), (-0.584, 0.81), (-0.585, 0.813), (-0.586, 0.816), (-0.587, 0.818), (-0.588, 0.821), (-0.589, 0.823), (-0.59, 0.826), (-0.591, 0.828), (-0.592, 0.831), (-0.593, 0.833), (-0.594, 0.835), (-0.594, 0.838), (-0.595, 0.84), (-0.596, 0.842), (-0.596, 0.844), (-0.597, 0.847), (-0.597, 0.849), (-0.598, 0.851), (-0.598, 0.853), (-0.599, 0.855), (-0.599, 0.857), (-0.6, 0.859), (-0.6, 0.861), (-0.6, 0.862), (-0.6, 0.864), (-0.601, 0.866), (-0.601, 0.868), (-0.601, 0.87), (-0.601, 0.871), (-0.601, 0.873), (-0.601, 0.875), (-0.601, 0.876), (-0.601, 0.878), (-0.601, 0.879), (-0.601, 0.881), (-0.601, 0.882), (-0.6, 0.884), (-0.6, 0.885), (-0.6, 0.886), (-0.6, 0.888), (-0.599, 0.889), (-0.599, 0.89), (-0.599, 0.892), (-0.598, 0.893), (-0.598, 0.894), (-0.597, 0.895), (-0.597, 0.897), (-0.596, 0.898), (-0.596, 0.899), (-0.595, 0.9), (-0.594, 0.901), (-0.594, 0.902), (-0.593, 0.903), (-0.592, 0.904), (-0.592, 0.905), (-0.591, 0.906), (-0.59, 0.907), (-0.589, 0.908), (-0.588, 0.908), (-0.587, 0.909), (-0.587, 0.91), (-0.586, 0.911), (-0.585, 0.912), (-0.584, 0.912), (-0.583, 0.913), (-0.582, 0.914), (-0.581, 0.914), (-0.58, 0.915), (-0.578, 0.916), (-0.577, 0.916), (-0.576, 0.917), (-0.575, 0.917), (-0.574, 0.918), (-0.573, 0.918), (-0.571, 0.919), (-0.57, 0.919), (-0.569, 0.92), (-0.568, 0.92), (-0.566, 0.921), (-0.565, 0.921), (-0.564, 0.922), (-0.562, 0.922), (-0.561, 0.922), (-0.559, 0.923), (-0.558, 0.923), (-0.557, 0.923), (-0.555, 0.923), (-0.554, 0.924), (-0.552, 0.924), (-0.551, 0.924), (-0.549, 0.924), (-0.548, 0.925), (-0.546, 0.925), (-0.544, 0.925), (-0.543, 0.925), (-0.541, 0.925), (-0.539, 0.925), (-0.538, 0.926), (-0.536, 0.926), (-0.534, 0.926), (-0.533, 0.926), (-0.531, 0.926), (-0.529, 0.926), (-0.528, 0.926), (-0.526, 0.926), (-0.524, 0.926), (-0.522, 0.926), (-0.52, 0.926), (-0.519, 0.926), (-0.517, 0.926), (-0.515, 0.926), (-0.513, 0.926), (-0.511, 0.926), (-0.509, 0.926), (-0.507, 0.925), (-0.506, 0.925), (-0.504, 0.925), (-0.502, 0.925), (-0.5, 0.925), (-0.498, 0.925), (-0.496, 0.925), (-0.494, 0.924), (-0.492, 0.924), (-0.49, 0.924), (-0.488, 0.924), (-0.486, 0.924), (-0.484, 0.923), (-0.482, 0.923), (-0.48, 0.923), (-0.478, 0.923), (-0.476, 0.922), (-0.473, 0.922), (-0.471, 0.922), (-0.469, 0.921), (-0.467, 0.921), (-0.465, 0.921), (-0.463, 0.921), (-0.461, 0.92), (-0.459, 0.92), (-0.457, 0.92), (-0.454, 0.919), (-0.452, 0.919), (-0.45, 0.919), (-0.448, 0.918), (-0.446, 0.918), (-0.443, 0.917), (-0.441, 0.917), (-0.439, 0.917), (-0.437, 0.916), (-0.435, 0.916), (-0.432, 0.915), (-0.43, 0.915), (-0.428, 0.915), (-0.426, 0.914), (-0.423, 0.914), (-0.421, 0.913), (-0.419, 0.913), (-0.416, 0.912), (-0.414, 0.912), (-0.412, 0.911), (-0.41, 0.911), (-0.407, 0.91), (-0.405, 0.91), (-0.403, 0.909), (-0.4, 0.909), (-0.398, 0.908), (-0.396, 0.908), (-0.393, 0.907), (-0.391, 0.907), (-0.389, 0.906), (-0.386, 0.906), (-0.384, 0.905), (-0.382, 0.905), (-0.379, 0.904), (-0.377, 0.904), (-0.374, 0.903), (-0.372, 0.903), (-0.37, 0.902), (-0.367, 0.902), (-0.365, 0.901), (-0.363, 0.9), (-0.36, 0.9), (-0.358, 0.899), (-0.355, 0.899), (-0.353, 0.898), (-0.35, 0.898), (-0.348, 0.897), (-0.346, 0.896), (-0.343, 0.896), (-0.341, 0.895), (-0.338, 0.895), (-0.336, 0.894), (-0.333, 0.893), (-0.331, 0.893), (-0.329, 0.892), (-0.326, 0.892), (-0.324, 0.891), (-0.321, 0.89), (-0.319, 0.89), (-0.316, 0.889), (-0.314, 0.888), (-0.311, 0.888), (-0.309, 0.887), (-0.306, 0.887), (-0.304, 0.886), (-0.301, 0.885), (-0.299, 0.885), (-0.296, 0.884), (-0.294, 0.883), (-0.291, 0.883), (-0.289, 0.882), (-0.286, 0.881), (-0.284, 0.881), (-0.281, 0.88), (-0.279, 0.879), (-0.276, 0.879), (-0.274, 0.878), (-0.271, 0.877), (-0.269, 0.877), (-0.266, 0.876), (-0.264, 0.875), (-0.261, 0.875), (-0.259, 0.874), (-0.256, 0.873), (-0.254, 0.873), (-0.251, 0.872), (-0.249, 0.871), (-0.246, 0.871), (-0.244, 0.87), (-0.241, 0.869), (-0.239, 0.869), (-0.236, 0.868), (-0.233, 0.867), (-0.231, 0.867), (-0.228, 0.866), (-0.226, 0.865), (-0.223, 0.864), (-0.221, 0.864), (-0.218, 0.863), (-0.216, 0.862), (-0.213, 0.862), (-0.211, 0.861), (-0.208, 0.86), (-0.205, 0.86), (-0.203, 0.859), (-0.2, 0.858), (-0.198, 0.857), (-0.195, 0.857), (-0.193, 0.856), (-0.19, 0.855), (-0.188, 0.855), (-0.185, 0.854), (-0.182, 0.853), (-0.18, 0.852), (-0.177, 0.852), (-0.175, 0.851), (-0.172, 0.85), (-0.17, 0.85), (-0.167, 0.849), (-0.164, 0.848), (-0.162, 0.847), (-0.159, 0.847), (-0.157, 0.846), (-0.154, 0.845), (-0.152, 0.844), (-0.149, 0.844), (-0.146, 0.843), (-0.144, 0.842), (-0.141, 0.842), (-0.139, 0.841), (-0.136, 0.84), (-0.133, 0.839), (-0.131, 0.839), (-0.128, 0.838), (-0.126, 0.837), (-0.123, 0.836), (-0.121, 0.836), (-0.118, 0.835), (-0.115, 0.834), (-0.113, 0.834), (-0.11, 0.833), (-0.108, 0.832), (-0.105, 0.831), (-0.102, 0.831), (-0.1, 0.83), (-0.097, 0.829), (-0.095, 0.828), (-0.092, 0.828), (-0.089, 0.827), (-0.087, 0.826), (-0.084, 0.825), (-0.082, 0.825), (-0.079, 0.824), (-0.076, 0.823), (-0.074, 0.822), (-0.071, 0.822), (-0.069, 0.821), (-0.066, 0.82), (-0.063, 0.819), (-0.061, 0.819), (-0.058, 0.818), (-0.056, 0.817), (-0.053, 0.816), (-0.05, 0.816), (-0.048, 0.815), (-0.045, 0.814), (-0.043, 0.813), (-0.04, 0.813), (-0.037, 0.812), (-0.035, 0.811), (-0.032, 0.81), (-0.03, 0.81), (-0.027, 0.809), (-0.024, 0.808), (-0.022, 0.807), (-0.019, 0.807), (-0.017, 0.806), (-0.014, 0.805), (-0.011, 0.804), (-0.009, 0.804), (-0.006, 0.803), (-0.004, 0.802), (-0.001, 0.801), (0.002, 0.801), (0.004, 0.8), (0.007, 0.799), (0.009, 0.798), (0.012, 0.798), (0.015, 0.797), (0.017, 0.796), (0.02, 0.795), (0.022, 0.795), (0.025, 0.794), (0.028, 0.793), (0.03, 0.792), (0.033, 0.792), (0.035, 0.791), (0.038, 0.79), (0.041, 0.789), (0.043, 0.789), (0.046, 0.788), (0.049, 0.787)], total_steps=3141
  204th iteration: path_start=[(0.01, -0.173), (0.009, -0.173), (0.008, -0.174), (0.007, -0.175), (0.005, -0.177), (0.003, -0.179), (0.001, -0.18), (-0.002, -0.183), (-0.004, -0.185), (-0.007, -0.187), (-0.011, -0.19), (-0.014, -0.193), (-0.018, -0.196), (-0.021, -0.199), (-0.025, -0.203), (-0.029, -0.206), (-0.034, -0.21), (-0.038, -0.213), (-0.042, -0.217), (-0.047, -0.221), (-0.052, -0.225), (-0.057, -0.229), (-0.061, -0.233), (-0.066, -0.237), (-0.071, -0.242), (-0.076, -0.246), (-0.082, -0.25), (-0.087, -0.255), (-0.092, -0.259), (-0.097, -0.263), (-0.103, -0.268), (-0.108, -0.272), (-0.113, -0.277), (-0.119, -0.282), (-0.124, -0.286), (-0.129, -0.291), (-0.135, -0.295), (-0.14, -0.3), (-0.145, -0.304), (-0.151, -0.309), (-0.156, -0.314), (-0.162, -0.318), (-0.167, -0.323), (-0.172, -0.327), (-0.177, -0.332), (-0.183, -0.336), (-0.188, -0.34), (-0.193, -0.345), (-0.198, -0.349), (-0.203, -0.354), (-0.208, -0.358), (-0.213, -0.362), (-0.218, -0.367), (-0.223, -0.371), (-0.228, -0.375), (-0.233, -0.379), (-0.238, -0.383), (-0.242, -0.387), (-0.247, -0.391), (-0.252, -0.395), (-0.256, -0.399), (-0.261, -0.403), (-0.265, -0.407), (-0.27, -0.411), (-0.274, -0.415), (-0.278, -0.418), (-0.283, -0.422), (-0.287, -0.426), (-0.291, -0.429), (-0.295, -0.433), (-0.299, -0.436), (-0.303, -0.44), (-0.307, -0.443), (-0.311, -0.446), (-0.314, -0.45), (-0.318, -0.453), (-0.322, -0.456), (-0.325, -0.459), (-0.329, -0.462), (-0.332, -0.465), (-0.336, -0.469), (-0.339, -0.471), (-0.343, -0.474), (-0.346, -0.477), (-0.349, -0.48), (-0.352, -0.483), (-0.355, -0.486), (-0.358, -0.488), (-0.361, -0.491), (-0.364, -0.493), (-0.367, -0.496), (-0.37, -0.498), (-0.372, -0.501), (-0.375, -0.503), (-0.378, -0.506), (-0.38, -0.508), (-0.383, -0.51), (-0.385, -0.513), (-0.388, -0.515), (-0.39, -0.517), (-0.392, -0.519), (-0.394, -0.521), (-0.397, -0.523), (-0.399, -0.525), (-0.401, -0.527), (-0.403, -0.529), (-0.405, -0.531), (-0.407, -0.533), (-0.409, -0.534), (-0.41, -0.536), (-0.412, -0.538), (-0.414, -0.539), (-0.416, -0.541), (-0.417, -0.543), (-0.419, -0.544), (-0.421, -0.546), (-0.422, -0.547), (-0.424, -0.549), (-0.425, -0.55), (-0.426, -0.551), (-0.428, -0.553), (-0.429, -0.554), (-0.43, -0.555), (-0.432, -0.557), (-0.433, -0.558), (-0.434, -0.559), (-0.435, -0.56), (-0.436, -0.561), (-0.437, -0.562), (-0.438, -0.563), (-0.439, -0.564), (-0.44, -0.565), (-0.441, -0.566), (-0.442, -0.567), (-0.443, -0.568), (-0.443, -0.569), (-0.444, -0.57), (-0.445, -0.571), (-0.445, -0.572), (-0.446, -0.573), (-0.447, -0.573), (-0.447, -0.574), (-0.448, -0.575), (-0.448, -0.575), (-0.449, -0.576), (-0.449, -0.577), (-0.45, -0.577), (-0.45, -0.578), (-0.451, -0.579), (-0.451, -0.579), (-0.451, -0.58), (-0.452, -0.58), (-0.452, -0.581), (-0.452, -0.581), (-0.452, -0.582), (-0.453, -0.582), (-0.453, -0.582), (-0.453, -0.583), (-0.453, -0.583), (-0.453, -0.583), (-0.453, -0.584), (-0.453, -0.584), (-0.453, -0.584), (-0.453, -0.585), (-0.453, -0.585), (-0.453, -0.585), (-0.453, -0.585), (-0.453, -0.586), (-0.453, -0.586), (-0.453, -0.586), (-0.453, -0.586), (-0.452, -0.586), (-0.452, -0.587), (-0.452, -0.587), (-0.452, -0.587), (-0.452, -0.587), (-0.451, -0.587), (-0.451, -0.587), (-0.451, -0.587), (-0.451, -0.587), (-0.45, -0.587), (-0.45, -0.587), (-0.45, -0.587), (-0.449, -0.587), (-0.449, -0.587), (-0.448, -0.587), (-0.448, -0.587), (-0.448, -0.587), (-0.447, -0.587), (-0.447, -0.587), (-0.446, -0.587), (-0.446, -0.587), (-0.445, -0.587), (-0.445, -0.586), (-0.444, -0.586), (-0.444, -0.586), (-0.443, -0.586), (-0.442, -0.586), (-0.442, -0.586), (-0.441, -0.586), (-0.441, -0.585), (-0.44, -0.585), (-0.439, -0.585), (-0.439, -0.585), (-0.438, -0.584), (-0.437, -0.584), (-0.437, -0.584), (-0.436, -0.584), (-0.435, -0.584), (-0.435, -0.583), (-0.434, -0.583), (-0.433, -0.583), (-0.432, -0.582), (-0.432, -0.582), (-0.431, -0.582), (-0.43, -0.582), (-0.429, -0.581), (-0.429, -0.581), (-0.428, -0.581), (-0.427, -0.58), (-0.426, -0.58), (-0.425, -0.58), (-0.425, -0.579), (-0.424, -0.579), (-0.423, -0.579), (-0.422, -0.578), (-0.421, -0.578), (-0.42, -0.577), (-0.419, -0.577), (-0.418, -0.577), (-0.418, -0.576), (-0.417, -0.576), (-0.416, -0.576), (-0.415, -0.575), (-0.414, -0.575), (-0.413, -0.574), (-0.412, -0.574), (-0.411, -0.573), (-0.41, -0.573), (-0.409, -0.573), (-0.408, -0.572), (-0.407, -0.572), (-0.406, -0.571), (-0.405, -0.571), (-0.404, -0.57), (-0.403, -0.57), (-0.402, -0.569), (-0.401, -0.569), (-0.4, -0.569), (-0.399, -0.568), (-0.398, -0.568), (-0.397, -0.567), (-0.396, -0.567), (-0.395, -0.566), (-0.394, -0.566), (-0.393, -0.565), (-0.392, -0.565), (-0.391, -0.564), (-0.39, -0.564), (-0.389, -0.563), (-0.388, -0.563), (-0.387, -0.562), (-0.386, -0.562), (-0.385, -0.561), (-0.384, -0.561), (-0.382, -0.56), (-0.381, -0.56), (-0.38, -0.559), (-0.379, -0.559), (-0.378, -0.558), (-0.377, -0.558), (-0.376, -0.557), (-0.375, -0.557), (-0.374, -0.556), (-0.372, -0.555), (-0.371, -0.555), (-0.37, -0.554), (-0.369, -0.554), (-0.368, -0.553), (-0.367, -0.553), (-0.366, -0.552), (-0.364, -0.552), (-0.363, -0.551), (-0.362, -0.551), (-0.361, -0.55), (-0.36, -0.549), (-0.359, -0.549), (-0.357, -0.548), (-0.356, -0.548), (-0.355, -0.547), (-0.354, -0.547), (-0.353, -0.546), (-0.352, -0.546), (-0.35, -0.545), (-0.349, -0.544), (-0.348, -0.544), (-0.347, -0.543), (-0.346, -0.543), (-0.344, -0.542), (-0.343, -0.541), (-0.342, -0.541), (-0.341, -0.54), (-0.34, -0.54), (-0.338, -0.539), (-0.337, -0.539), (-0.336, -0.538), (-0.335, -0.537), (-0.333, -0.537), (-0.332, -0.536), (-0.331, -0.536), (-0.33, -0.535), (-0.328, -0.534), (-0.327, -0.534), (-0.326, -0.533), (-0.325, -0.533), (-0.323, -0.532), (-0.322, -0.532), (-0.321, -0.531), (-0.32, -0.53), (-0.318, -0.53), (-0.317, -0.529), (-0.316, -0.529), (-0.315, -0.528), (-0.313, -0.527), (-0.312, -0.527), (-0.311, -0.526), (-0.31, -0.526), (-0.308, -0.525), (-0.307, -0.524), (-0.306, -0.524), (-0.305, -0.523), (-0.303, -0.523), (-0.302, -0.522), (-0.301, -0.521), (-0.299, -0.521), (-0.298, -0.52), (-0.297, -0.519), (-0.296, -0.519), (-0.294, -0.518), (-0.293, -0.518), (-0.292, -0.517), (-0.29, -0.516), (-0.289, -0.516), (-0.288, -0.515), (-0.286, -0.515), (-0.285, -0.514), (-0.284, -0.513), (-0.283, -0.513), (-0.281, -0.512), (-0.28, -0.512), (-0.279, -0.511), (-0.277, -0.51), (-0.276, -0.51), (-0.275, -0.509), (-0.273, -0.508), (-0.272, -0.508), (-0.271, -0.507), (-0.269, -0.507), (-0.268, -0.506), (-0.267, -0.505), (-0.265, -0.505), (-0.264, -0.504), (-0.263, -0.503), (-0.261, -0.503), (-0.26, -0.502), (-0.259, -0.502), (-0.257, -0.501), (-0.256, -0.5), (-0.255, -0.5), (-0.253, -0.499), (-0.252, -0.498), (-0.251, -0.498), (-0.249, -0.497), (-0.248, -0.497), (-0.247, -0.496), (-0.245, -0.495), (-0.244, -0.495), (-0.243, -0.494), (-0.241, -0.494), (-0.24, -0.493), (-0.239, -0.492), (-0.237, -0.492), (-0.236, -0.491), (-0.234, -0.49), (-0.233, -0.49), (-0.232, -0.489), (-0.23, -0.488), (-0.229, -0.488), (-0.228, -0.487), (-0.226, -0.487), (-0.225, -0.486), (-0.224, -0.485), (-0.222, -0.485), (-0.221, -0.484), (-0.219, -0.483), (-0.218, -0.483), (-0.217, -0.482), (-0.215, -0.482), (-0.214, -0.481), (-0.213, -0.48), (-0.211, -0.48), (-0.21, -0.479), (-0.208, -0.478), (-0.207, -0.478), (-0.206, -0.477), (-0.204, -0.477), (-0.203, -0.476), (-0.202, -0.475), (-0.2, -0.475), (-0.199, -0.474), (-0.197, -0.473), (-0.196, -0.473), (-0.195, -0.472), (-0.193, -0.472), (-0.192, -0.471), (-0.19, -0.47), (-0.189, -0.47), (-0.188, -0.469), (-0.186, -0.468), (-0.185, -0.468), (-0.183, -0.467), (-0.182, -0.466), (-0.181, -0.466), (-0.179, -0.465), (-0.178, -0.465), (-0.176, -0.464), (-0.175, -0.463), (-0.174, -0.463), (-0.172, -0.462), (-0.171, -0.461), (-0.169, -0.461), (-0.168, -0.46), (-0.167, -0.459), (-0.165, -0.459), (-0.164, -0.458), (-0.162, -0.458), (-0.161, -0.457), (-0.159, -0.456), (-0.158, -0.456), (-0.157, -0.455), (-0.155, -0.454), (-0.154, -0.454), (-0.152, -0.453), (-0.151, -0.453), (-0.15, -0.452), (-0.148, -0.451), (-0.147, -0.451), (-0.145, -0.45), (-0.144, -0.449), (-0.142, -0.449), (-0.141, -0.448), (-0.14, -0.447), (-0.138, -0.447), (-0.137, -0.446), (-0.135, -0.446), (-0.134, -0.445), (-0.132, -0.444), (-0.131, -0.444), (-0.13, -0.443), (-0.128, -0.442), (-0.127, -0.442), (-0.125, -0.441), (-0.124, -0.44), (-0.122, -0.44), (-0.121, -0.439), (-0.12, -0.439), (-0.118, -0.438), (-0.117, -0.437), (-0.115, -0.437), (-0.114, -0.436), (-0.112, -0.435), (-0.111, -0.435), (-0.109, -0.434), (-0.108, -0.433), (-0.107, -0.433), (-0.105, -0.432), (-0.104, -0.432), (-0.102, -0.431), (-0.101, -0.43), (-0.099, -0.43), (-0.098, -0.429), (-0.096, -0.428), (-0.095, -0.428), (-0.094, -0.427), (-0.092, -0.427), (-0.091, -0.426), (-0.089, -0.425), (-0.088, -0.425), (-0.086, -0.424), (-0.085, -0.423), (-0.083, -0.423), (-0.082, -0.422), (-0.08, -0.421), (-0.079, -0.421), (-0.078, -0.42), (-0.076, -0.42), (-0.075, -0.419), (-0.073, -0.418), (-0.072, -0.418), (-0.07, -0.417)], path_end=[(-0.527, 0.039), (-0.53, 0.032), (-0.532, 0.025), (-0.535, 0.019), (-0.537, 0.012), (-0.539, 0.005), (-0.542, -0.002), (-0.544, -0.009), (-0.547, -0.015), (-0.549, -0.022), (-0.551, -0.029), (-0.554, -0.036), (-0.556, -0.042), (-0.559, -0.049), (-0.561, -0.056), (-0.563, -0.063), (-0.566, -0.07), (-0.568, -0.076), (-0.57, -0.083), (-0.573, -0.09), (-0.575, -0.097), (-0.577, -0.103), (-0.58, -0.11), (-0.582, -0.117), (-0.584, -0.124), (-0.587, -0.13), (-0.589, -0.137), (-0.591, -0.144), (-0.593, -0.15), (-0.596, -0.157), (-0.598, -0.163), (-0.6, -0.17), (-0.602, -0.177), (-0.605, -0.183), (-0.607, -0.19), (-0.609, -0.196), (-0.611, -0.203), (-0.613, -0.209), (-0.616, -0.216), (-0.618, -0.222), (-0.62, -0.229), (-0.622, -0.235), (-0.624, -0.242), (-0.626, -0.248), (-0.629, -0.254), (-0.631, -0.261), (-0.633, -0.267), (-0.635, -0.273), (-0.637, -0.28), (-0.639, -0.286), (-0.641, -0.292), (-0.643, -0.298), (-0.645, -0.304), (-0.647, -0.31), (-0.649, -0.317), (-0.651, -0.323), (-0.653, -0.329), (-0.655, -0.335), (-0.657, -0.341), (-0.659, -0.347), (-0.661, -0.353), (-0.663, -0.359), (-0.665, -0.364), (-0.667, -0.37), (-0.669, -0.376), (-0.67, -0.382), (-0.672, -0.388), (-0.674, -0.393), (-0.676, -0.399), (-0.678, -0.405), (-0.68, -0.41), (-0.681, -0.416), (-0.683, -0.421), (-0.685, -0.427), (-0.687, -0.432), (-0.688, -0.438), (-0.69, -0.443), (-0.692, -0.449), (-0.694, -0.454), (-0.695, -0.459), (-0.697, -0.464), (-0.699, -0.47), (-0.7, -0.475), (-0.702, -0.48), (-0.704, -0.485), (-0.705, -0.49), (-0.707, -0.495), (-0.708, -0.5), (-0.71, -0.505), (-0.711, -0.51), (-0.713, -0.515), (-0.715, -0.52), (-0.716, -0.525), (-0.718, -0.529), (-0.719, -0.534), (-0.72, -0.539), (-0.722, -0.543), (-0.723, -0.548), (-0.725, -0.553), (-0.726, -0.557), (-0.728, -0.562), (-0.729, -0.566), (-0.73, -0.57), (-0.732, -0.575), (-0.733, -0.579), (-0.734, -0.583), (-0.736, -0.588), (-0.737, -0.592), (-0.738, -0.596), (-0.74, -0.6), (-0.741, -0.604), (-0.742, -0.608), (-0.743, -0.612), (-0.745, -0.616), (-0.746, -0.62), (-0.747, -0.624), (-0.748, -0.628), (-0.749, -0.632), (-0.751, -0.636), (-0.752, -0.639), (-0.753, -0.643), (-0.754, -0.647), (-0.755, -0.65), (-0.756, -0.654), (-0.757, -0.657), (-0.758, -0.661), (-0.759, -0.664), (-0.76, -0.668), (-0.761, -0.671), (-0.762, -0.674), (-0.763, -0.678), (-0.764, -0.681), (-0.765, -0.684), (-0.766, -0.687), (-0.767, -0.69), (-0.768, -0.694), (-0.769, -0.697), (-0.77, -0.7), (-0.771, -0.703), (-0.772, -0.706), (-0.773, -0.709), (-0.773, -0.711), (-0.774, -0.714), (-0.775, -0.717), (-0.776, -0.72), (-0.777, -0.723), (-0.777, -0.725), (-0.778, -0.728), (-0.779, -0.731), (-0.78, -0.733), (-0.78, -0.736), (-0.781, -0.738), (-0.782, -0.741), (-0.783, -0.743), (-0.783, -0.745), (-0.784, -0.748), (-0.785, -0.75), (-0.785, -0.753), (-0.786, -0.755), (-0.787, -0.757), (-0.787, -0.759), (-0.788, -0.761), (-0.788, -0.764), (-0.789, -0.766), (-0.79, -0.768), (-0.79, -0.77), (-0.791, -0.772), (-0.791, -0.774), (-0.792, -0.776), (-0.792, -0.778), (-0.793, -0.779), (-0.793, -0.781), (-0.794, -0.783), (-0.794, -0.785), (-0.795, -0.787), (-0.795, -0.788), (-0.796, -0.79), (-0.796, -0.792), (-0.796, -0.793), (-0.797, -0.795), (-0.797, -0.797), (-0.798, -0.798), (-0.798, -0.8), (-0.798, -0.801), (-0.799, -0.803), (-0.799, -0.804), (-0.799, -0.805), (-0.8, -0.807), (-0.8, -0.808), (-0.8, -0.81), (-0.801, -0.811), (-0.801, -0.812), (-0.801, -0.813), (-0.802, -0.815), (-0.802, -0.816), (-0.802, -0.817), (-0.802, -0.818), (-0.803, -0.819), (-0.803, -0.82), (-0.803, -0.821), (-0.803, -0.823), (-0.803, -0.824), (-0.804, -0.825), (-0.804, -0.826), (-0.804, -0.827), (-0.804, -0.827), (-0.804, -0.828), (-0.805, -0.829), (-0.805, -0.83), (-0.805, -0.831), (-0.805, -0.832), (-0.805, -0.833), (-0.805, -0.833), (-0.805, -0.834), (-0.805, -0.835), (-0.805, -0.836), (-0.806, -0.836), (-0.806, -0.837), (-0.806, -0.838), (-0.806, -0.838), (-0.806, -0.839), (-0.806, -0.84), (-0.806, -0.84), (-0.806, -0.841), (-0.806, -0.841), (-0.806, -0.842), (-0.806, -0.842), (-0.806, -0.843), (-0.806, -0.843), (-0.806, -0.844), (-0.806, -0.844), (-0.806, -0.845), (-0.806, -0.845), (-0.806, -0.846), (-0.806, -0.846), (-0.806, -0.846), (-0.806, -0.847), (-0.806, -0.847), (-0.806, -0.847), (-0.806, -0.848), (-0.806, -0.848), (-0.805, -0.848), (-0.805, -0.849), (-0.805, -0.849), (-0.805, -0.849), (-0.805, -0.849), (-0.805, -0.849), (-0.805, -0.85), (-0.805, -0.85), (-0.805, -0.85), (-0.804, -0.85), (-0.804, -0.85), (-0.804, -0.85), (-0.804, -0.851), (-0.804, -0.851), (-0.804, -0.851), (-0.803, -0.851), (-0.803, -0.851), (-0.803, -0.851), (-0.803, -0.851), (-0.803, -0.851), (-0.803, -0.851), (-0.802, -0.851), (-0.802, -0.851), (-0.802, -0.851), (-0.802, -0.851), (-0.802, -0.851), (-0.801, -0.851), (-0.801, -0.851), (-0.801, -0.851), (-0.801, -0.851), (-0.8, -0.851), (-0.8, -0.851), (-0.8, -0.851), (-0.8, -0.85), (-0.799, -0.85), (-0.799, -0.85), (-0.799, -0.85), (-0.799, -0.85), (-0.798, -0.85), (-0.798, -0.85), (-0.798, -0.849), (-0.797, -0.849), (-0.797, -0.849), (-0.797, -0.849), (-0.797, -0.849), (-0.796, -0.848), (-0.796, -0.848), (-0.796, -0.848), (-0.795, -0.848), (-0.795, -0.848), (-0.795, -0.847), (-0.794, -0.847), (-0.794, -0.847), (-0.794, -0.847), (-0.793, -0.846), (-0.793, -0.846), (-0.793, -0.846), (-0.792, -0.845), (-0.792, -0.845), (-0.791, -0.845), (-0.791, -0.845), (-0.791, -0.844), (-0.79, -0.844), (-0.79, -0.844), (-0.79, -0.843), (-0.789, -0.843), (-0.789, -0.843), (-0.788, -0.842), (-0.788, -0.842), (-0.788, -0.842), (-0.787, -0.841), (-0.787, -0.841), (-0.786, -0.84), (-0.786, -0.84), (-0.786, -0.84), (-0.785, -0.839), (-0.785, -0.839), (-0.784, -0.839), (-0.784, -0.838), (-0.784, -0.838), (-0.783, -0.837), (-0.783, -0.837), (-0.782, -0.837), (-0.782, -0.836), (-0.781, -0.836), (-0.781, -0.835), (-0.78, -0.835), (-0.78, -0.834), (-0.78, -0.834), (-0.779, -0.833), (-0.779, -0.833), (-0.778, -0.833), (-0.778, -0.832), (-0.777, -0.832), (-0.777, -0.831), (-0.776, -0.831), (-0.776, -0.83), (-0.775, -0.83), (-0.775, -0.829), (-0.774, -0.829), (-0.774, -0.828), (-0.773, -0.828), (-0.773, -0.827), (-0.772, -0.827), (-0.772, -0.826), (-0.771, -0.826), (-0.771, -0.825), (-0.77, -0.825), (-0.77, -0.824), (-0.769, -0.824), (-0.769, -0.823), (-0.768, -0.823), (-0.768, -0.822), (-0.767, -0.822), (-0.767, -0.821), (-0.766, -0.821), (-0.766, -0.82), (-0.765, -0.82), (-0.765, -0.819), (-0.764, -0.819), (-0.763, -0.818), (-0.763, -0.818), (-0.762, -0.817), (-0.762, -0.817), (-0.761, -0.816), (-0.761, -0.816), (-0.76, -0.815), (-0.76, -0.814), (-0.759, -0.814), (-0.758, -0.813), (-0.758, -0.813), (-0.757, -0.812), (-0.757, -0.812), (-0.756, -0.811), (-0.756, -0.811), (-0.755, -0.81), (-0.754, -0.81), (-0.754, -0.809), (-0.753, -0.808), (-0.753, -0.808), (-0.752, -0.807), (-0.752, -0.807), (-0.751, -0.806), (-0.75, -0.806), (-0.75, -0.805), (-0.749, -0.804), (-0.749, -0.804), (-0.748, -0.803), (-0.747, -0.803), (-0.747, -0.802), (-0.746, -0.802), (-0.745, -0.801), (-0.745, -0.8), (-0.744, -0.8), (-0.744, -0.799), (-0.743, -0.799), (-0.742, -0.798), (-0.742, -0.797), (-0.741, -0.797), (-0.74, -0.796), (-0.74, -0.796), (-0.739, -0.795), (-0.739, -0.795), (-0.738, -0.794), (-0.737, -0.793), (-0.737, -0.793), (-0.736, -0.792), (-0.735, -0.792), (-0.735, -0.791), (-0.734, -0.79), (-0.733, -0.79), (-0.733, -0.789), (-0.732, -0.789), (-0.731, -0.788), (-0.731, -0.787), (-0.73, -0.787), (-0.729, -0.786), (-0.729, -0.786), (-0.728, -0.785), (-0.727, -0.784), (-0.727, -0.784), (-0.726, -0.783), (-0.725, -0.783), (-0.725, -0.782), (-0.724, -0.781), (-0.723, -0.781), (-0.723, -0.78), (-0.722, -0.78), (-0.721, -0.779), (-0.72, -0.778), (-0.72, -0.778), (-0.719, -0.777), (-0.718, -0.776), (-0.718, -0.776), (-0.717, -0.775), (-0.716, -0.775), (-0.716, -0.774), (-0.715, -0.773), (-0.714, -0.773), (-0.713, -0.772), (-0.713, -0.772), (-0.712, -0.771), (-0.711, -0.77), (-0.711, -0.77), (-0.71, -0.769), (-0.709, -0.769), (-0.708, -0.768), (-0.708, -0.767), (-0.707, -0.767), (-0.706, -0.766), (-0.705, -0.765), (-0.705, -0.765), (-0.704, -0.764), (-0.703, -0.764), (-0.702, -0.763), (-0.702, -0.762), (-0.701, -0.762), (-0.7, -0.761), (-0.699, -0.76), (-0.699, -0.76), (-0.698, -0.759), (-0.697, -0.759), (-0.696, -0.758), (-0.696, -0.757), (-0.695, -0.757), (-0.694, -0.756), (-0.693, -0.755), (-0.693, -0.755), (-0.692, -0.754), (-0.691, -0.754), (-0.69, -0.753), (-0.689, -0.752), (-0.689, -0.752), (-0.688, -0.751), (-0.687, -0.75), (-0.686, -0.75), (-0.686, -0.749), (-0.685, -0.749), (-0.684, -0.748), (-0.683, -0.747), (-0.682, -0.747), (-0.682, -0.746), (-0.681, -0.745), (-0.68, -0.745), (-0.679, -0.744), (-0.678, -0.744), (-0.678, -0.743), (-0.677, -0.742), (-0.676, -0.742), (-0.675, -0.741), (-0.674, -0.74), (-0.674, -0.74), (-0.673, -0.739), (-0.672, -0.739), (-0.671, -0.738), (-0.67, -0.737), (-0.669, -0.737), (-0.669, -0.736), (-0.668, -0.735)], total_steps=3141
  205th iteration: path_start=[(0.01, -0.172), (0.01, -0.171), (0.01, -0.17), (0.009, -0.169), (0.008, -0.167), (0.007, -0.165), (0.006, -0.162), (0.005, -0.16), (0.004, -0.157), (0.003, -0.154), (0.002, -0.15), (0.0, -0.146), (-0.001, -0.143), (-0.003, -0.139), (-0.004, -0.134), (-0.006, -0.13), (-0.008, -0.126), (-0.009, -0.121), (-0.011, -0.116), (-0.013, -0.111), (-0.015, -0.106), (-0.017, -0.101), (-0.019, -0.096), (-0.021, -0.091), (-0.023, -0.085), (-0.025, -0.08), (-0.027, -0.074), (-0.029, -0.069), (-0.031, -0.063), (-0.033, -0.058), (-0.035, -0.052), (-0.037, -0.046), (-0.039, -0.041), (-0.041, -0.035), (-0.042, -0.029), (-0.044, -0.023), (-0.046, -0.017), (-0.048, -0.012), (-0.05, -0.006), (-0.052, 0.0), (-0.054, 0.006), (-0.056, 0.012), (-0.058, 0.017), (-0.059, 0.023), (-0.061, 0.029), (-0.063, 0.034), (-0.065, 0.04), (-0.066, 0.046), (-0.068, 0.051), (-0.07, 0.057), (-0.071, 0.062), (-0.073, 0.068), (-0.074, 0.073), (-0.076, 0.079), (-0.077, 0.084), (-0.079, 0.09), (-0.08, 0.095), (-0.081, 0.1), (-0.083, 0.105), (-0.084, 0.11), (-0.085, 0.115), (-0.086, 0.12), (-0.088, 0.125), (-0.089, 0.13), (-0.09, 0.135), (-0.091, 0.14), (-0.092, 0.145), (-0.093, 0.149), (-0.094, 0.154), (-0.095, 0.159), (-0.096, 0.163), (-0.097, 0.168), (-0.097, 0.172), (-0.098, 0.176), (-0.099, 0.181), (-0.1, 0.185), (-0.1, 0.189), (-0.101, 0.193), (-0.101, 0.197), (-0.102, 0.201), (-0.102, 0.205), (-0.103, 0.209), (-0.103, 0.213), (-0.104, 0.217), (-0.104, 0.221), (-0.104, 0.224), (-0.105, 0.228), (-0.105, 0.231), (-0.105, 0.235), (-0.105, 0.238), (-0.105, 0.242), (-0.106, 0.245), (-0.106, 0.248), (-0.106, 0.251), (-0.106, 0.255), (-0.106, 0.258), (-0.106, 0.261), (-0.106, 0.264), (-0.105, 0.267), (-0.105, 0.27), (-0.105, 0.272), (-0.105, 0.275), (-0.105, 0.278), (-0.104, 0.281), (-0.104, 0.283), (-0.104, 0.286), (-0.103, 0.288), (-0.103, 0.291), (-0.103, 0.293), (-0.102, 0.296), (-0.102, 0.298), (-0.101, 0.3), (-0.101, 0.303), (-0.1, 0.305), (-0.1, 0.307), (-0.099, 0.309), (-0.098, 0.311), (-0.098, 0.313), (-0.097, 0.315), (-0.096, 0.317), (-0.096, 0.319), (-0.095, 0.321), (-0.094, 0.323), (-0.093, 0.325), (-0.092, 0.326), (-0.092, 0.328), (-0.091, 0.33), (-0.09, 0.332), (-0.089, 0.333), (-0.088, 0.335), (-0.087, 0.336), (-0.086, 0.338), (-0.085, 0.339), (-0.084, 0.341), (-0.083, 0.342), (-0.082, 0.343), (-0.081, 0.345), (-0.08, 0.346), (-0.079, 0.347), (-0.078, 0.349), (-0.076, 0.35), (-0.075, 0.351), (-0.074, 0.352), (-0.073, 0.353), (-0.072, 0.354), (-0.07, 0.355), (-0.069, 0.356), (-0.068, 0.357), (-0.067, 0.358), (-0.065, 0.359), (-0.064, 0.36), (-0.063, 0.361), (-0.061, 0.362), (-0.06, 0.363), (-0.059, 0.364), (-0.057, 0.364), (-0.056, 0.365), (-0.054, 0.366), (-0.053, 0.367), (-0.052, 0.367), (-0.05, 0.368), (-0.049, 0.369), (-0.047, 0.369), (-0.046, 0.37), (-0.044, 0.371), (-0.043, 0.371), (-0.041, 0.372), (-0.04, 0.372), (-0.038, 0.373), (-0.036, 0.373), (-0.035, 0.374), (-0.033, 0.374), (-0.032, 0.375), (-0.03, 0.375), (-0.029, 0.376), (-0.027, 0.376), (-0.025, 0.376), (-0.024, 0.377), (-0.022, 0.377), (-0.02, 0.377), (-0.019, 0.378), (-0.017, 0.378), (-0.015, 0.378), (-0.014, 0.378), (-0.012, 0.379), (-0.01, 0.379), (-0.008, 0.379), (-0.007, 0.379), (-0.005, 0.38), (-0.003, 0.38), (-0.001, 0.38), (0.0, 0.38), (0.002, 0.38), (0.004, 0.38), (0.006, 0.38), (0.007, 0.38), (0.009, 0.381), (0.011, 0.381), (0.013, 0.381), (0.015, 0.381), (0.017, 0.381), (0.018, 0.381), (0.02, 0.381), (0.022, 0.381), (0.024, 0.381), (0.026, 0.381), (0.028, 0.381), (0.029, 0.381), (0.031, 0.381), (0.033, 0.381), (0.035, 0.381), (0.037, 0.381), (0.039, 0.381), (0.041, 0.38), (0.043, 0.38), (0.045, 0.38), (0.046, 0.38), (0.048, 0.38), (0.05, 0.38), (0.052, 0.38), (0.054, 0.38), (0.056, 0.38), (0.058, 0.379), (0.06, 0.379), (0.062, 0.379), (0.064, 0.379), (0.066, 0.379), (0.068, 0.379), (0.07, 0.378), (0.072, 0.378), (0.074, 0.378), (0.076, 0.378), (0.077, 0.378), (0.079, 0.377), (0.081, 0.377), (0.083, 0.377), (0.085, 0.377), (0.087, 0.376), (0.089, 0.376), (0.091, 0.376), (0.093, 0.376), (0.095, 0.375), (0.097, 0.375), (0.099, 0.375), (0.101, 0.374), (0.103, 0.374), (0.105, 0.374), (0.107, 0.374), (0.109, 0.373), (0.111, 0.373), (0.113, 0.373), (0.115, 0.372), (0.117, 0.372), (0.119, 0.372), (0.121, 0.371), (0.123, 0.371), (0.125, 0.371), (0.127, 0.37), (0.129, 0.37), (0.131, 0.37), (0.133, 0.369), (0.135, 0.369), (0.138, 0.369), (0.14, 0.368), (0.142, 0.368), (0.144, 0.368), (0.146, 0.367), (0.148, 0.367), (0.15, 0.367), (0.152, 0.366), (0.154, 0.366), (0.156, 0.365), (0.158, 0.365), (0.16, 0.365), (0.162, 0.364), (0.164, 0.364), (0.166, 0.364), (0.168, 0.363), (0.17, 0.363), (0.172, 0.362), (0.174, 0.362), (0.176, 0.362), (0.178, 0.361), (0.18, 0.361), (0.182, 0.36), (0.184, 0.36), (0.186, 0.36), (0.188, 0.359), (0.19, 0.359), (0.192, 0.358), (0.195, 0.358), (0.197, 0.357), (0.199, 0.357), (0.201, 0.357), (0.203, 0.356), (0.205, 0.356), (0.207, 0.355), (0.209, 0.355), (0.211, 0.354), (0.213, 0.354), (0.215, 0.354), (0.217, 0.353), (0.219, 0.353), (0.221, 0.352), (0.223, 0.352), (0.225, 0.351), (0.227, 0.351), (0.229, 0.35), (0.231, 0.35), (0.233, 0.35), (0.235, 0.349), (0.237, 0.349), (0.239, 0.348), (0.241, 0.348), (0.243, 0.347), (0.245, 0.347), (0.247, 0.346), (0.249, 0.346), (0.251, 0.345), (0.254, 0.345), (0.256, 0.345), (0.258, 0.344), (0.26, 0.344), (0.262, 0.343), (0.264, 0.343), (0.266, 0.342), (0.268, 0.342), (0.27, 0.341), (0.272, 0.341), (0.274, 0.34), (0.276, 0.34), (0.278, 0.339), (0.28, 0.339), (0.282, 0.338), (0.284, 0.338), (0.286, 0.338), (0.288, 0.337), (0.29, 0.337), (0.292, 0.336), (0.294, 0.336), (0.296, 0.335), (0.298, 0.335), (0.3, 0.334), (0.302, 0.334), (0.304, 0.333), (0.306, 0.333), (0.308, 0.332), (0.31, 0.332), (0.312, 0.331), (0.314, 0.331), (0.316, 0.33), (0.318, 0.33), (0.32, 0.329), (0.322, 0.329), (0.324, 0.328), (0.326, 0.328), (0.328, 0.327), (0.33, 0.327), (0.332, 0.326), (0.334, 0.326), (0.336, 0.325), (0.338, 0.325), (0.34, 0.324), (0.342, 0.324), (0.344, 0.323), (0.345, 0.323), (0.347, 0.322), (0.349, 0.322), (0.351, 0.322), (0.353, 0.321), (0.355, 0.321), (0.357, 0.32), (0.359, 0.32), (0.361, 0.319), (0.363, 0.319), (0.365, 0.318), (0.367, 0.318), (0.369, 0.317), (0.371, 0.317), (0.373, 0.316), (0.375, 0.316), (0.377, 0.315), (0.379, 0.315), (0.381, 0.314), (0.382, 0.314), (0.384, 0.313), (0.386, 0.313), (0.388, 0.312), (0.39, 0.312), (0.392, 0.311), (0.394, 0.311), (0.396, 0.31), (0.398, 0.31), (0.4, 0.309), (0.402, 0.309), (0.404, 0.308), (0.406, 0.308), (0.407, 0.307), (0.409, 0.307), (0.411, 0.306), (0.413, 0.306), (0.415, 0.305), (0.417, 0.305), (0.419, 0.304), (0.421, 0.304), (0.423, 0.303), (0.424, 0.303), (0.426, 0.302), (0.428, 0.302), (0.43, 0.301), (0.432, 0.301), (0.434, 0.3), (0.436, 0.3), (0.438, 0.299), (0.439, 0.299), (0.441, 0.298), (0.443, 0.298), (0.445, 0.297), (0.447, 0.297), (0.449, 0.296), (0.451, 0.296), (0.452, 0.295), (0.454, 0.295), (0.456, 0.294), (0.458, 0.294), (0.46, 0.293), (0.462, 0.293), (0.464, 0.292), (0.465, 0.292), (0.467, 0.291), (0.469, 0.291), (0.471, 0.29), (0.473, 0.29), (0.474, 0.289), (0.476, 0.289), (0.478, 0.288), (0.48, 0.288), (0.482, 0.287), (0.484, 0.286), (0.485, 0.286), (0.487, 0.285), (0.489, 0.285), (0.491, 0.284), (0.493, 0.284), (0.494, 0.283), (0.496, 0.283), (0.498, 0.282), (0.5, 0.282), (0.502, 0.281), (0.503, 0.281), (0.505, 0.28), (0.507, 0.28), (0.509, 0.279), (0.51, 0.279), (0.512, 0.278), (0.514, 0.278), (0.516, 0.277), (0.517, 0.277), (0.519, 0.276), (0.521, 0.276), (0.523, 0.275), (0.524, 0.275), (0.526, 0.274), (0.528, 0.274), (0.53, 0.273), (0.531, 0.273), (0.533, 0.272), (0.535, 0.272), (0.537, 0.271), (0.538, 0.271), (0.54, 0.27), (0.542, 0.27), (0.544, 0.269), (0.545, 0.269), (0.547, 0.268), (0.549, 0.268), (0.55, 0.267), (0.552, 0.267), (0.554, 0.266), (0.555, 0.266), (0.557, 0.265), (0.559, 0.265), (0.561, 0.264), (0.562, 0.264), (0.564, 0.263), (0.566, 0.263), (0.567, 0.262), (0.569, 0.262), (0.571, 0.261), (0.572, 0.261), (0.574, 0.26), (0.576, 0.26), (0.577, 0.259), (0.579, 0.259), (0.581, 0.258), (0.582, 0.258), (0.584, 0.257), (0.586, 0.257), (0.587, 0.256), (0.589, 0.256)], path_end=[(-0.839, -0.109), (-0.839, -0.104), (-0.839, -0.098), (-0.839, -0.093), (-0.839, -0.088), (-0.839, -0.082), (-0.839, -0.077), (-0.839, -0.071), (-0.839, -0.066), (-0.839, -0.06), (-0.839, -0.055), (-0.839, -0.049), (-0.839, -0.044), (-0.839, -0.039), (-0.839, -0.033), (-0.839, -0.028), (-0.839, -0.022), (-0.839, -0.017), (-0.839, -0.011), (-0.839, -0.006), (-0.839, -0.001), (-0.839, 0.005), (-0.839, 0.01), (-0.839, 0.015), (-0.839, 0.021), (-0.839, 0.026), (-0.839, 0.032), (-0.839, 0.037), (-0.839, 0.042), (-0.839, 0.047), (-0.838, 0.053), (-0.838, 0.058), (-0.838, 0.063), (-0.838, 0.069), (-0.838, 0.074), (-0.838, 0.079), (-0.838, 0.084), (-0.838, 0.09), (-0.838, 0.095), (-0.838, 0.1), (-0.838, 0.105), (-0.838, 0.11), (-0.837, 0.115), (-0.837, 0.12), (-0.837, 0.125), (-0.837, 0.131), (-0.837, 0.136), (-0.837, 0.141), (-0.837, 0.146), (-0.837, 0.151), (-0.837, 0.156), (-0.836, 0.161), (-0.836, 0.165), (-0.836, 0.17), (-0.836, 0.175), (-0.836, 0.18), (-0.836, 0.185), (-0.836, 0.19), (-0.835, 0.195), (-0.835, 0.199), (-0.835, 0.204), (-0.835, 0.209), (-0.835, 0.214), (-0.835, 0.218), (-0.834, 0.223), (-0.834, 0.227), (-0.834, 0.232), (-0.834, 0.237), (-0.834, 0.241), (-0.833, 0.246), (-0.833, 0.25), (-0.833, 0.255), (-0.833, 0.259), (-0.833, 0.263), (-0.832, 0.268), (-0.832, 0.272), (-0.832, 0.277), (-0.832, 0.281), (-0.832, 0.285), (-0.831, 0.289), (-0.831, 0.294), (-0.831, 0.298), (-0.831, 0.302), (-0.83, 0.306), (-0.83, 0.31), (-0.83, 0.314), (-0.83, 0.318), (-0.829, 0.322), (-0.829, 0.326), (-0.829, 0.33), (-0.829, 0.334), (-0.828, 0.338), (-0.828, 0.342), (-0.828, 0.345), (-0.828, 0.349), (-0.827, 0.353), (-0.827, 0.357), (-0.827, 0.36), (-0.826, 0.364), (-0.826, 0.368), (-0.826, 0.371), (-0.825, 0.375), (-0.825, 0.378), (-0.825, 0.382), (-0.824, 0.385), (-0.824, 0.389), (-0.824, 0.392), (-0.824, 0.395), (-0.823, 0.399), (-0.823, 0.402), (-0.822, 0.405), (-0.822, 0.409), (-0.822, 0.412), (-0.821, 0.415), (-0.821, 0.418), (-0.821, 0.421), (-0.82, 0.424), (-0.82, 0.427), (-0.82, 0.43), (-0.819, 0.433), (-0.819, 0.436), (-0.818, 0.439), (-0.818, 0.442), (-0.818, 0.445), (-0.817, 0.448), (-0.817, 0.451), (-0.816, 0.453), (-0.816, 0.456), (-0.816, 0.459), (-0.815, 0.461), (-0.815, 0.464), (-0.814, 0.467), (-0.814, 0.469), (-0.814, 0.472), (-0.813, 0.474), (-0.813, 0.477), (-0.812, 0.479), (-0.812, 0.482), (-0.811, 0.484), (-0.811, 0.486), (-0.81, 0.489), (-0.81, 0.491), (-0.809, 0.493), (-0.809, 0.496), (-0.808, 0.498), (-0.808, 0.5), (-0.807, 0.502), (-0.807, 0.504), (-0.806, 0.506), (-0.806, 0.508), (-0.805, 0.511), (-0.805, 0.513), (-0.804, 0.515), (-0.804, 0.516), (-0.803, 0.518), (-0.803, 0.52), (-0.802, 0.522), (-0.802, 0.524), (-0.801, 0.526), (-0.801, 0.528), (-0.8, 0.529), (-0.8, 0.531), (-0.799, 0.533), (-0.799, 0.535), (-0.798, 0.536), (-0.797, 0.538), (-0.797, 0.539), (-0.796, 0.541), (-0.796, 0.543), (-0.795, 0.544), (-0.795, 0.546), (-0.794, 0.547), (-0.793, 0.548), (-0.793, 0.55), (-0.792, 0.551), (-0.792, 0.553), (-0.791, 0.554), (-0.79, 0.555), (-0.79, 0.557), (-0.789, 0.558), (-0.789, 0.559), (-0.788, 0.561), (-0.787, 0.562), (-0.787, 0.563), (-0.786, 0.564), (-0.785, 0.565), (-0.785, 0.566), (-0.784, 0.568), (-0.783, 0.569), (-0.783, 0.57), (-0.782, 0.571), (-0.781, 0.572), (-0.781, 0.573), (-0.78, 0.574), (-0.779, 0.575), (-0.779, 0.576), (-0.778, 0.577), (-0.777, 0.577), (-0.777, 0.578), (-0.776, 0.579), (-0.775, 0.58), (-0.774, 0.581), (-0.774, 0.582), (-0.773, 0.582), (-0.772, 0.583), (-0.772, 0.584), (-0.771, 0.585), (-0.77, 0.585), (-0.769, 0.586), (-0.769, 0.587), (-0.768, 0.587), (-0.767, 0.588), (-0.766, 0.589), (-0.766, 0.589), (-0.765, 0.59), (-0.764, 0.591), (-0.763, 0.591), (-0.763, 0.592), (-0.762, 0.592), (-0.761, 0.593), (-0.76, 0.593), (-0.759, 0.594), (-0.759, 0.594), (-0.758, 0.595), (-0.757, 0.595), (-0.756, 0.596), (-0.755, 0.596), (-0.755, 0.596), (-0.754, 0.597), (-0.753, 0.597), (-0.752, 0.597), (-0.751, 0.598), (-0.75, 0.598), (-0.75, 0.598), (-0.749, 0.599), (-0.748, 0.599), (-0.747, 0.599), (-0.746, 0.6), (-0.745, 0.6), (-0.744, 0.6), (-0.744, 0.6), (-0.743, 0.601), (-0.742, 0.601), (-0.741, 0.601), (-0.74, 0.601), (-0.739, 0.601), (-0.738, 0.602), (-0.737, 0.602), (-0.737, 0.602), (-0.736, 0.602), (-0.735, 0.602), (-0.734, 0.602), (-0.733, 0.602), (-0.732, 0.602), (-0.731, 0.603), (-0.73, 0.603), (-0.729, 0.603), (-0.728, 0.603), (-0.727, 0.603), (-0.726, 0.603), (-0.725, 0.603), (-0.725, 0.603), (-0.724, 0.603), (-0.723, 0.603), (-0.722, 0.603), (-0.721, 0.603), (-0.72, 0.603), (-0.719, 0.603), (-0.718, 0.603), (-0.717, 0.603), (-0.716, 0.603), (-0.715, 0.603), (-0.714, 0.603), (-0.713, 0.602), (-0.712, 0.602), (-0.711, 0.602), (-0.71, 0.602), (-0.709, 0.602), (-0.708, 0.602), (-0.707, 0.602), (-0.706, 0.602), (-0.705, 0.602), (-0.704, 0.601), (-0.703, 0.601), (-0.702, 0.601), (-0.701, 0.601), (-0.7, 0.601), (-0.699, 0.601), (-0.697, 0.6), (-0.696, 0.6), (-0.695, 0.6), (-0.694, 0.6), (-0.693, 0.6), (-0.692, 0.599), (-0.691, 0.599), (-0.69, 0.599), (-0.689, 0.599), (-0.688, 0.599), (-0.687, 0.598), (-0.686, 0.598), (-0.685, 0.598), (-0.683, 0.598), (-0.682, 0.597), (-0.681, 0.597), (-0.68, 0.597), (-0.679, 0.597), (-0.678, 0.596), (-0.677, 0.596), (-0.676, 0.596), (-0.675, 0.596), (-0.673, 0.595), (-0.672, 0.595), (-0.671, 0.595), (-0.67, 0.594), (-0.669, 0.594), (-0.668, 0.594), (-0.667, 0.593), (-0.665, 0.593), (-0.664, 0.593), (-0.663, 0.593), (-0.662, 0.592), (-0.661, 0.592), (-0.66, 0.592), (-0.658, 0.591), (-0.657, 0.591), (-0.656, 0.591), (-0.655, 0.59), (-0.654, 0.59), (-0.652, 0.589), (-0.651, 0.589), (-0.65, 0.589), (-0.649, 0.588), (-0.648, 0.588), (-0.646, 0.588), (-0.645, 0.587), (-0.644, 0.587), (-0.643, 0.587), (-0.641, 0.586), (-0.64, 0.586), (-0.639, 0.585), (-0.638, 0.585), (-0.636, 0.585), (-0.635, 0.584), (-0.634, 0.584), (-0.633, 0.584), (-0.631, 0.583), (-0.63, 0.583), (-0.629, 0.582), (-0.628, 0.582), (-0.626, 0.582), (-0.625, 0.581), (-0.624, 0.581), (-0.623, 0.58), (-0.621, 0.58), (-0.62, 0.58), (-0.619, 0.579), (-0.617, 0.579), (-0.616, 0.578), (-0.615, 0.578), (-0.613, 0.577), (-0.612, 0.577), (-0.611, 0.577), (-0.609, 0.576), (-0.608, 0.576), (-0.607, 0.575), (-0.605, 0.575), (-0.604, 0.574), (-0.603, 0.574), (-0.601, 0.574), (-0.6, 0.573), (-0.599, 0.573), (-0.597, 0.572), (-0.596, 0.572), (-0.595, 0.571), (-0.593, 0.571), (-0.592, 0.571), (-0.591, 0.57), (-0.589, 0.57), (-0.588, 0.569), (-0.586, 0.569), (-0.585, 0.568), (-0.584, 0.568), (-0.582, 0.567), (-0.581, 0.567), (-0.58, 0.566), (-0.578, 0.566), (-0.577, 0.566), (-0.575, 0.565), (-0.574, 0.565), (-0.572, 0.564), (-0.571, 0.564), (-0.57, 0.563), (-0.568, 0.563), (-0.567, 0.562), (-0.565, 0.562), (-0.564, 0.561), (-0.562, 0.561), (-0.561, 0.56), (-0.56, 0.56), (-0.558, 0.56), (-0.557, 0.559), (-0.555, 0.559), (-0.554, 0.558), (-0.552, 0.558), (-0.551, 0.557), (-0.549, 0.557), (-0.548, 0.556), (-0.546, 0.556), (-0.545, 0.555), (-0.544, 0.555), (-0.542, 0.554), (-0.541, 0.554), (-0.539, 0.553), (-0.538, 0.553), (-0.536, 0.552), (-0.535, 0.552), (-0.533, 0.551), (-0.532, 0.551), (-0.53, 0.55), (-0.529, 0.55), (-0.527, 0.55), (-0.525, 0.549), (-0.524, 0.549), (-0.522, 0.548), (-0.521, 0.548), (-0.519, 0.547), (-0.518, 0.547), (-0.516, 0.546), (-0.515, 0.546), (-0.513, 0.545), (-0.512, 0.545), (-0.51, 0.544), (-0.509, 0.544), (-0.507, 0.543), (-0.505, 0.543), (-0.504, 0.542), (-0.502, 0.542), (-0.501, 0.541), (-0.499, 0.541), (-0.498, 0.54), (-0.496, 0.54), (-0.494, 0.539), (-0.493, 0.539), (-0.491, 0.538), (-0.49, 0.538), (-0.488, 0.537), (-0.486, 0.537), (-0.485, 0.536), (-0.483, 0.536), (-0.482, 0.535), (-0.48, 0.535), (-0.478, 0.534), (-0.477, 0.534), (-0.475, 0.533), (-0.474, 0.533), (-0.472, 0.532), (-0.47, 0.532), (-0.469, 0.531), (-0.467, 0.531), (-0.465, 0.53), (-0.464, 0.53), (-0.462, 0.529), (-0.46, 0.529), (-0.459, 0.528), (-0.457, 0.528), (-0.455, 0.527), (-0.454, 0.527), (-0.452, 0.526), (-0.45, 0.526), (-0.449, 0.525), (-0.447, 0.525), (-0.445, 0.524), (-0.444, 0.524), (-0.442, 0.523), (-0.44, 0.523), (-0.439, 0.522), (-0.437, 0.522), (-0.435, 0.521), (-0.434, 0.521), (-0.432, 0.52), (-0.43, 0.52), (-0.428, 0.519), (-0.427, 0.519), (-0.425, 0.518), (-0.423, 0.518), (-0.422, 0.517), (-0.42, 0.517), (-0.418, 0.516), (-0.416, 0.516), (-0.415, 0.515), (-0.413, 0.515), (-0.411, 0.514), (-0.409, 0.514), (-0.408, 0.513), (-0.406, 0.513), (-0.404, 0.512), (-0.402, 0.512), (-0.401, 0.511), (-0.399, 0.511), (-0.397, 0.51)], total_steps=3141
  206th iteration: path_start=[(0.011, -0.172), (0.012, -0.172), (0.013, -0.171), (0.015, -0.17), (0.017, -0.169), (0.02, -0.168), (0.022, -0.166), (0.025, -0.165), (0.029, -0.163), (0.033, -0.161), (0.037, -0.159), (0.041, -0.157), (0.045, -0.155), (0.05, -0.152), (0.055, -0.15), (0.06, -0.147), (0.065, -0.144), (0.07, -0.142), (0.076, -0.139), (0.081, -0.136), (0.087, -0.133), (0.093, -0.13), (0.099, -0.127), (0.105, -0.123), (0.111, -0.12), (0.117, -0.117), (0.123, -0.114), (0.13, -0.11), (0.136, -0.107), (0.143, -0.103), (0.149, -0.1), (0.156, -0.097), (0.162, -0.093), (0.169, -0.09), (0.175, -0.086), (0.182, -0.083), (0.188, -0.079), (0.195, -0.076), (0.201, -0.072), (0.208, -0.069), (0.214, -0.065), (0.22, -0.062), (0.227, -0.058), (0.233, -0.055), (0.24, -0.051), (0.246, -0.048), (0.252, -0.044), (0.258, -0.041), (0.264, -0.038), (0.27, -0.034), (0.276, -0.031), (0.282, -0.028), (0.288, -0.024), (0.294, -0.021), (0.3, -0.018), (0.306, -0.015), (0.311, -0.011), (0.317, -0.008), (0.322, -0.005), (0.328, -0.002), (0.333, 0.001), (0.339, 0.004), (0.344, 0.007), (0.349, 0.01), (0.354, 0.013), (0.359, 0.016), (0.364, 0.019), (0.369, 0.022), (0.374, 0.024), (0.378, 0.027), (0.383, 0.03), (0.387, 0.033), (0.392, 0.035), (0.396, 0.038), (0.4, 0.041), (0.405, 0.043), (0.409, 0.046), (0.413, 0.048), (0.417, 0.051), (0.421, 0.053), (0.424, 0.056), (0.428, 0.058), (0.432, 0.06), (0.435, 0.063), (0.439, 0.065), (0.442, 0.067), (0.445, 0.069), (0.449, 0.071), (0.452, 0.074), (0.455, 0.076), (0.458, 0.078), (0.461, 0.08), (0.464, 0.082), (0.467, 0.084), (0.469, 0.086), (0.472, 0.088), (0.474, 0.089), (0.477, 0.091), (0.479, 0.093), (0.482, 0.095), (0.484, 0.097), (0.486, 0.098), (0.488, 0.1), (0.49, 0.102), (0.492, 0.103), (0.494, 0.105), (0.496, 0.106), (0.498, 0.108), (0.499, 0.109), (0.501, 0.111), (0.503, 0.112), (0.504, 0.114), (0.505, 0.115), (0.507, 0.117), (0.508, 0.118), (0.509, 0.119), (0.511, 0.121), (0.512, 0.122), (0.513, 0.123), (0.514, 0.124), (0.515, 0.125), (0.516, 0.127), (0.516, 0.128), (0.517, 0.129), (0.518, 0.13), (0.519, 0.131), (0.519, 0.132), (0.52, 0.133), (0.52, 0.134), (0.521, 0.135), (0.521, 0.136), (0.521, 0.137), (0.522, 0.138), (0.522, 0.139), (0.522, 0.14), (0.522, 0.141), (0.522, 0.141), (0.522, 0.142), (0.522, 0.143), (0.522, 0.144), (0.522, 0.145), (0.522, 0.145), (0.522, 0.146), (0.522, 0.147), (0.521, 0.148), (0.521, 0.148), (0.521, 0.149), (0.52, 0.15), (0.52, 0.15), (0.519, 0.151), (0.519, 0.151), (0.518, 0.152), (0.518, 0.153), (0.517, 0.153), (0.516, 0.154), (0.516, 0.154), (0.515, 0.155), (0.514, 0.155), (0.513, 0.156), (0.512, 0.156), (0.512, 0.157), (0.511, 0.157), (0.51, 0.157), (0.509, 0.158), (0.508, 0.158), (0.506, 0.159), (0.505, 0.159), (0.504, 0.159), (0.503, 0.16), (0.502, 0.16), (0.501, 0.16), (0.499, 0.161), (0.498, 0.161), (0.497, 0.161), (0.495, 0.162), (0.494, 0.162), (0.493, 0.162), (0.491, 0.162), (0.49, 0.163), (0.488, 0.163), (0.487, 0.163), (0.485, 0.163), (0.484, 0.164), (0.482, 0.164), (0.48, 0.164), (0.479, 0.164), (0.477, 0.164), (0.475, 0.165), (0.474, 0.165), (0.472, 0.165), (0.47, 0.165), (0.469, 0.165), (0.467, 0.165), (0.465, 0.165), (0.463, 0.166), (0.461, 0.166), (0.459, 0.166), (0.457, 0.166), (0.455, 0.166), (0.453, 0.166), (0.452, 0.166), (0.45, 0.166), (0.448, 0.166), (0.445, 0.166), (0.443, 0.166), (0.441, 0.166), (0.439, 0.166), (0.437, 0.166), (0.435, 0.167), (0.433, 0.167), (0.431, 0.167), (0.429, 0.167), (0.426, 0.167), (0.424, 0.167), (0.422, 0.167), (0.42, 0.167), (0.418, 0.167), (0.415, 0.167), (0.413, 0.167), (0.411, 0.166), (0.408, 0.166), (0.406, 0.166), (0.404, 0.166), (0.401, 0.166), (0.399, 0.166), (0.397, 0.166), (0.394, 0.166), (0.392, 0.166), (0.389, 0.166), (0.387, 0.166), (0.384, 0.166), (0.382, 0.166), (0.38, 0.166), (0.377, 0.166), (0.375, 0.166), (0.372, 0.165), (0.37, 0.165), (0.367, 0.165), (0.364, 0.165), (0.362, 0.165), (0.359, 0.165), (0.357, 0.165), (0.354, 0.165), (0.352, 0.165), (0.349, 0.165), (0.346, 0.164), (0.344, 0.164), (0.341, 0.164), (0.338, 0.164), (0.336, 0.164), (0.333, 0.164), (0.33, 0.164), (0.328, 0.163), (0.325, 0.163), (0.322, 0.163), (0.32, 0.163), (0.317, 0.163), (0.314, 0.163), (0.312, 0.163), (0.309, 0.162), (0.306, 0.162), (0.303, 0.162), (0.3, 0.162), (0.298, 0.162), (0.295, 0.162), (0.292, 0.161), (0.289, 0.161), (0.287, 0.161), (0.284, 0.161), (0.281, 0.161), (0.278, 0.161), (0.275, 0.16), (0.272, 0.16), (0.27, 0.16), (0.267, 0.16), (0.264, 0.16), (0.261, 0.16), (0.258, 0.159), (0.255, 0.159), (0.252, 0.159), (0.25, 0.159), (0.247, 0.159), (0.244, 0.158), (0.241, 0.158), (0.238, 0.158), (0.235, 0.158), (0.232, 0.158), (0.229, 0.157), (0.226, 0.157), (0.223, 0.157), (0.22, 0.157), (0.218, 0.157), (0.215, 0.156), (0.212, 0.156), (0.209, 0.156), (0.206, 0.156), (0.203, 0.156), (0.2, 0.155), (0.197, 0.155), (0.194, 0.155), (0.191, 0.155), (0.188, 0.155), (0.185, 0.154), (0.182, 0.154), (0.179, 0.154), (0.176, 0.154), (0.173, 0.153), (0.17, 0.153), (0.167, 0.153), (0.164, 0.153), (0.161, 0.153), (0.158, 0.152), (0.155, 0.152), (0.152, 0.152), (0.149, 0.152), (0.146, 0.152), (0.143, 0.151), (0.14, 0.151), (0.137, 0.151), (0.134, 0.151), (0.131, 0.15), (0.128, 0.15), (0.125, 0.15), (0.122, 0.15), (0.119, 0.149), (0.116, 0.149), (0.113, 0.149), (0.11, 0.149), (0.107, 0.149), (0.104, 0.148), (0.101, 0.148), (0.098, 0.148), (0.094, 0.148), (0.091, 0.147), (0.088, 0.147), (0.085, 0.147), (0.082, 0.147), (0.079, 0.146), (0.076, 0.146), (0.073, 0.146), (0.07, 0.146), (0.067, 0.146), (0.064, 0.145), (0.061, 0.145), (0.058, 0.145), (0.055, 0.145), (0.052, 0.144), (0.049, 0.144), (0.046, 0.144), (0.043, 0.144), (0.04, 0.143), (0.037, 0.143), (0.034, 0.143), (0.031, 0.143), (0.027, 0.142), (0.024, 0.142), (0.021, 0.142), (0.018, 0.142), (0.015, 0.141), (0.012, 0.141), (0.009, 0.141), (0.006, 0.141), (0.003, 0.14), (0.0, 0.14), (-0.003, 0.14), (-0.006, 0.14), (-0.009, 0.14), (-0.012, 0.139), (-0.015, 0.139), (-0.018, 0.139), (-0.021, 0.139), (-0.024, 0.138), (-0.027, 0.138), (-0.03, 0.138), (-0.033, 0.138), (-0.036, 0.137), (-0.039, 0.137), (-0.042, 0.137), (-0.045, 0.137), (-0.048, 0.136), (-0.051, 0.136), (-0.054, 0.136), (-0.057, 0.136), (-0.06, 0.135), (-0.063, 0.135), (-0.066, 0.135), (-0.069, 0.135), (-0.072, 0.134), (-0.075, 0.134), (-0.078, 0.134), (-0.081, 0.134), (-0.084, 0.133), (-0.087, 0.133), (-0.09, 0.133), (-0.093, 0.133), (-0.096, 0.132), (-0.099, 0.132), (-0.102, 0.132), (-0.105, 0.132), (-0.108, 0.131), (-0.111, 0.131), (-0.114, 0.131), (-0.117, 0.131), (-0.12, 0.13), (-0.123, 0.13), (-0.126, 0.13), (-0.128, 0.13), (-0.131, 0.129), (-0.134, 0.129), (-0.137, 0.129), (-0.14, 0.129), (-0.143, 0.128), (-0.146, 0.128), (-0.149, 0.128), (-0.152, 0.128), (-0.155, 0.127), (-0.158, 0.127), (-0.16, 0.127), (-0.163, 0.127), (-0.166, 0.126), (-0.169, 0.126), (-0.172, 0.126), (-0.175, 0.126), (-0.178, 0.125), (-0.181, 0.125), (-0.183, 0.125), (-0.186, 0.125), (-0.189, 0.124), (-0.192, 0.124), (-0.195, 0.124), (-0.198, 0.124), (-0.2, 0.123), (-0.203, 0.123), (-0.206, 0.123), (-0.209, 0.123), (-0.212, 0.122), (-0.214, 0.122), (-0.217, 0.122), (-0.22, 0.122), (-0.223, 0.121), (-0.225, 0.121), (-0.228, 0.121), (-0.231, 0.121), (-0.234, 0.12), (-0.237, 0.12), (-0.239, 0.12), (-0.242, 0.12), (-0.245, 0.119), (-0.247, 0.119), (-0.25, 0.119), (-0.253, 0.119), (-0.256, 0.118), (-0.258, 0.118), (-0.261, 0.118), (-0.264, 0.118), (-0.266, 0.117), (-0.269, 0.117), (-0.272, 0.117), (-0.274, 0.117), (-0.277, 0.116), (-0.28, 0.116), (-0.282, 0.116), (-0.285, 0.115), (-0.288, 0.115), (-0.29, 0.115), (-0.293, 0.115), (-0.295, 0.114), (-0.298, 0.114), (-0.301, 0.114), (-0.303, 0.114), (-0.306, 0.113), (-0.308, 0.113), (-0.311, 0.113), (-0.314, 0.113), (-0.316, 0.112), (-0.319, 0.112), (-0.321, 0.112), (-0.324, 0.112), (-0.326, 0.111), (-0.329, 0.111), (-0.331, 0.111), (-0.334, 0.111), (-0.336, 0.11), (-0.339, 0.11), (-0.341, 0.11), (-0.344, 0.11), (-0.346, 0.109), (-0.349, 0.109), (-0.351, 0.109), (-0.354, 0.109), (-0.356, 0.108), (-0.358, 0.108), (-0.361, 0.108), (-0.363, 0.108), (-0.366, 0.107), (-0.368, 0.107), (-0.37, 0.107), (-0.373, 0.107), (-0.375, 0.106), (-0.378, 0.106)], path_end=[(0.068, -0.076), (0.07, -0.074), (0.072, -0.071), (0.074, -0.068), (0.075, -0.065), (0.077, -0.063), (0.079, -0.06), (0.08, -0.057), (0.082, -0.055), (0.084, -0.052), (0.085, -0.049), (0.087, -0.046), (0.089, -0.044), (0.09, -0.041), (0.092, -0.038), (0.094, -0.036), (0.096, -0.033), (0.097, -0.03), (0.099, -0.027), (0.101, -0.025), (0.102, -0.022), (0.104, -0.019), (0.106, -0.017), (0.107, -0.014), (0.109, -0.011), (0.111, -0.009), (0.113, -0.006), (0.114, -0.003), (0.116, -0.001), (0.118, 0.002), (0.12, 0.005), (0.121, 0.007), (0.123, 0.01), (0.125, 0.013), (0.126, 0.015), (0.128, 0.018), (0.13, 0.02), (0.132, 0.023), (0.133, 0.026), (0.135, 0.028), (0.137, 0.031), (0.139, 0.033), (0.141, 0.036), (0.142, 0.039), (0.144, 0.041), (0.146, 0.044), (0.148, 0.046), (0.149, 0.049), (0.151, 0.051), (0.153, 0.054), (0.155, 0.056), (0.157, 0.059), (0.158, 0.061), (0.16, 0.064), (0.162, 0.066), (0.164, 0.068), (0.166, 0.071), (0.168, 0.073), (0.169, 0.076), (0.171, 0.078), (0.173, 0.08), (0.175, 0.083), (0.177, 0.085), (0.179, 0.087), (0.181, 0.09), (0.183, 0.092), (0.184, 0.094), (0.186, 0.097), (0.188, 0.099), (0.19, 0.101), (0.192, 0.103), (0.194, 0.106), (0.196, 0.108), (0.198, 0.11), (0.2, 0.112), (0.202, 0.114), (0.204, 0.117), (0.206, 0.119), (0.207, 0.121), (0.209, 0.123), (0.211, 0.125), (0.213, 0.127), (0.215, 0.129), (0.217, 0.131), (0.219, 0.133), (0.221, 0.135), (0.223, 0.137), (0.225, 0.139), (0.227, 0.141), (0.229, 0.143), (0.231, 0.145), (0.233, 0.147), (0.235, 0.149), (0.237, 0.151), (0.24, 0.153), (0.242, 0.155), (0.244, 0.157), (0.246, 0.159), (0.248, 0.16), (0.25, 0.162), (0.252, 0.164), (0.254, 0.166), (0.256, 0.167), (0.258, 0.169), (0.26, 0.171), (0.262, 0.173), (0.265, 0.174), (0.267, 0.176), (0.269, 0.178), (0.271, 0.179), (0.273, 0.181), (0.275, 0.183), (0.277, 0.184), (0.28, 0.186), (0.282, 0.187), (0.284, 0.189), (0.286, 0.191), (0.288, 0.192), (0.29, 0.194), (0.293, 0.195), (0.295, 0.197), (0.297, 0.198), (0.299, 0.199), (0.301, 0.201), (0.304, 0.202), (0.306, 0.204), (0.308, 0.205), (0.31, 0.206), (0.313, 0.208), (0.315, 0.209), (0.317, 0.21), (0.319, 0.212), (0.322, 0.213), (0.324, 0.214), (0.326, 0.216), (0.328, 0.217), (0.331, 0.218), (0.333, 0.219), (0.335, 0.22), (0.337, 0.222), (0.34, 0.223), (0.342, 0.224), (0.344, 0.225), (0.347, 0.226), (0.349, 0.227), (0.351, 0.228), (0.354, 0.229), (0.356, 0.23), (0.358, 0.232), (0.36, 0.233), (0.363, 0.234), (0.365, 0.235), (0.367, 0.236), (0.37, 0.237), (0.372, 0.238), (0.374, 0.238), (0.377, 0.239), (0.379, 0.24), (0.381, 0.241), (0.384, 0.242), (0.386, 0.243), (0.389, 0.244), (0.391, 0.245), (0.393, 0.246), (0.396, 0.246), (0.398, 0.247), (0.4, 0.248), (0.403, 0.249), (0.405, 0.25), (0.407, 0.25), (0.41, 0.251), (0.412, 0.252), (0.414, 0.253), (0.417, 0.253), (0.419, 0.254), (0.422, 0.255), (0.424, 0.255), (0.426, 0.256), (0.429, 0.257), (0.431, 0.257), (0.433, 0.258), (0.436, 0.259), (0.438, 0.259), (0.441, 0.26), (0.443, 0.26), (0.445, 0.261), (0.448, 0.262), (0.45, 0.262), (0.452, 0.263), (0.455, 0.263), (0.457, 0.264), (0.459, 0.264), (0.462, 0.265), (0.464, 0.265), (0.467, 0.266), (0.469, 0.266), (0.471, 0.267), (0.474, 0.267), (0.476, 0.267), (0.478, 0.268), (0.481, 0.268), (0.483, 0.269), (0.485, 0.269), (0.488, 0.27), (0.49, 0.27), (0.492, 0.27), (0.495, 0.271), (0.497, 0.271), (0.5, 0.271), (0.502, 0.272), (0.504, 0.272), (0.507, 0.272), (0.509, 0.273), (0.511, 0.273), (0.514, 0.273), (0.516, 0.274), (0.518, 0.274), (0.52, 0.274), (0.523, 0.274), (0.525, 0.275), (0.527, 0.275), (0.53, 0.275), (0.532, 0.275), (0.534, 0.276), (0.537, 0.276), (0.539, 0.276), (0.541, 0.276), (0.543, 0.277), (0.546, 0.277), (0.548, 0.277), (0.55, 0.277), (0.553, 0.277), (0.555, 0.277), (0.557, 0.278), (0.559, 0.278), (0.562, 0.278), (0.564, 0.278), (0.566, 0.278), (0.568, 0.278), (0.571, 0.278), (0.573, 0.279), (0.575, 0.279), (0.577, 0.279), (0.579, 0.279), (0.582, 0.279), (0.584, 0.279), (0.586, 0.279), (0.588, 0.279), (0.59, 0.279), (0.593, 0.279), (0.595, 0.279), (0.597, 0.279), (0.599, 0.28), (0.601, 0.28), (0.603, 0.28), (0.605, 0.28), (0.608, 0.28), (0.61, 0.28), (0.612, 0.28), (0.614, 0.28), (0.616, 0.28), (0.618, 0.28), (0.62, 0.28), (0.622, 0.28), (0.624, 0.28), (0.627, 0.28), (0.629, 0.28), (0.631, 0.28), (0.633, 0.28), (0.635, 0.28), (0.637, 0.28), (0.639, 0.28), (0.641, 0.28), (0.643, 0.28), (0.645, 0.28), (0.647, 0.279), (0.649, 0.279), (0.651, 0.279), (0.653, 0.279), (0.655, 0.279), (0.657, 0.279), (0.659, 0.279), (0.661, 0.279), (0.663, 0.279), (0.665, 0.279), (0.666, 0.279), (0.668, 0.279), (0.67, 0.279), (0.672, 0.279), (0.674, 0.278), (0.676, 0.278), (0.678, 0.278), (0.68, 0.278), (0.681, 0.278), (0.683, 0.278), (0.685, 0.278), (0.687, 0.278), (0.689, 0.278), (0.691, 0.278), (0.692, 0.277), (0.694, 0.277), (0.696, 0.277), (0.698, 0.277), (0.7, 0.277), (0.701, 0.277), (0.703, 0.277), (0.705, 0.277), (0.707, 0.276), (0.708, 0.276), (0.71, 0.276), (0.712, 0.276), (0.713, 0.276), (0.715, 0.276), (0.717, 0.276), (0.718, 0.275), (0.72, 0.275), (0.722, 0.275), (0.723, 0.275), (0.725, 0.275), (0.726, 0.275), (0.728, 0.274), (0.73, 0.274), (0.731, 0.274), (0.733, 0.274), (0.734, 0.274), (0.736, 0.274), (0.737, 0.273), (0.739, 0.273), (0.741, 0.273), (0.742, 0.273), (0.744, 0.273), (0.745, 0.273), (0.747, 0.272), (0.748, 0.272), (0.749, 0.272), (0.751, 0.272), (0.752, 0.272), (0.754, 0.271), (0.755, 0.271), (0.757, 0.271), (0.758, 0.271), (0.759, 0.271), (0.761, 0.27), (0.762, 0.27), (0.763, 0.27), (0.765, 0.27), (0.766, 0.27), (0.767, 0.27), (0.769, 0.269), (0.77, 0.269), (0.771, 0.269), (0.773, 0.269), (0.774, 0.269), (0.775, 0.268), (0.776, 0.268), (0.778, 0.268), (0.779, 0.268), (0.78, 0.267), (0.781, 0.267), (0.782, 0.267), (0.784, 0.267), (0.785, 0.267), (0.786, 0.266), (0.787, 0.266), (0.788, 0.266), (0.789, 0.266), (0.79, 0.266), (0.791, 0.265), (0.792, 0.265), (0.794, 0.265), (0.795, 0.265), (0.796, 0.264), (0.797, 0.264), (0.798, 0.264), (0.799, 0.264), (0.8, 0.264), (0.801, 0.263), (0.802, 0.263), (0.803, 0.263), (0.804, 0.263), (0.804, 0.262), (0.805, 0.262), (0.806, 0.262), (0.807, 0.262), (0.808, 0.262), (0.809, 0.261), (0.81, 0.261), (0.811, 0.261), (0.812, 0.261), (0.812, 0.26), (0.813, 0.26), (0.814, 0.26), (0.815, 0.26), (0.816, 0.259), (0.816, 0.259), (0.817, 0.259), (0.818, 0.259), (0.819, 0.259), (0.819, 0.258), (0.82, 0.258), (0.821, 0.258), (0.821, 0.258), (0.822, 0.257), (0.823, 0.257), (0.823, 0.257), (0.824, 0.257), (0.825, 0.256), (0.825, 0.256), (0.826, 0.256), (0.826, 0.256), (0.827, 0.255), (0.828, 0.255), (0.828, 0.255), (0.829, 0.255), (0.829, 0.255), (0.83, 0.254), (0.83, 0.254), (0.831, 0.254), (0.831, 0.254), (0.832, 0.253), (0.832, 0.253), (0.832, 0.253), (0.833, 0.253), (0.833, 0.252), (0.834, 0.252), (0.834, 0.252), (0.834, 0.252), (0.835, 0.251), (0.835, 0.251), (0.835, 0.251), (0.836, 0.251), (0.836, 0.25), (0.836, 0.25), (0.837, 0.25), (0.837, 0.25), (0.837, 0.249), (0.837, 0.249), (0.838, 0.249), (0.838, 0.249), (0.838, 0.248), (0.838, 0.248), (0.838, 0.248), (0.839, 0.248), (0.839, 0.247), (0.839, 0.247), (0.839, 0.247), (0.839, 0.247), (0.839, 0.246), (0.839, 0.246), (0.839, 0.246), (0.839, 0.246), (0.84, 0.245), (0.84, 0.245), (0.84, 0.245), (0.84, 0.245), (0.84, 0.245), (0.84, 0.244), (0.84, 0.244), (0.84, 0.244), (0.839, 0.244), (0.839, 0.243), (0.839, 0.243), (0.839, 0.243), (0.839, 0.243), (0.839, 0.242), (0.839, 0.242), (0.839, 0.242), (0.839, 0.242), (0.838, 0.241), (0.838, 0.241), (0.838, 0.241), (0.838, 0.241), (0.838, 0.24), (0.837, 0.24), (0.837, 0.24), (0.837, 0.24), (0.837, 0.239), (0.836, 0.239), (0.836, 0.239), (0.836, 0.239), (0.835, 0.238), (0.835, 0.238), (0.835, 0.238), (0.834, 0.238), (0.834, 0.237), (0.834, 0.237), (0.833, 0.237), (0.833, 0.237), (0.832, 0.236), (0.832, 0.236), (0.832, 0.236), (0.831, 0.236), (0.831, 0.235), (0.83, 0.235), (0.83, 0.235), (0.829, 0.234), (0.829, 0.234), (0.828, 0.234), (0.828, 0.234), (0.827, 0.233)], total_steps=3141
  207th iteration: path_start=[(0.011, -0.172), (0.011, -0.171), (0.011, -0.17), (0.012, -0.168), (0.012, -0.166), (0.013, -0.163), (0.014, -0.16), (0.014, -0.157), (0.015, -0.154), (0.016, -0.15), (0.017, -0.146), (0.018, -0.141), (0.019, -0.137), (0.021, -0.132), (0.022, -0.127), (0.023, -0.122), (0.024, -0.116), (0.026, -0.111), (0.027, -0.105), (0.029, -0.099), (0.03, -0.093), (0.032, -0.087), (0.033, -0.081), (0.035, -0.075), (0.036, -0.068), (0.038, -0.062), (0.039, -0.055), (0.041, -0.049), (0.042, -0.042), (0.044, -0.035), (0.046, -0.029), (0.047, -0.022), (0.049, -0.015), (0.05, -0.008), (0.052, -0.001), (0.054, 0.005), (0.055, 0.012), (0.057, 0.019), (0.058, 0.026), (0.06, 0.033), (0.061, 0.04), (0.063, 0.047), (0.064, 0.053), (0.066, 0.06), (0.067, 0.067), (0.069, 0.074), (0.07, 0.08), (0.071, 0.087), (0.073, 0.093), (0.074, 0.1), (0.075, 0.106), (0.077, 0.113), (0.078, 0.119), (0.079, 0.126), (0.08, 0.132), (0.081, 0.138), (0.082, 0.144), (0.084, 0.15), (0.085, 0.156), (0.086, 0.162), (0.087, 0.168), (0.087, 0.174), (0.088, 0.18), (0.089, 0.186), (0.09, 0.191), (0.091, 0.197), (0.092, 0.202), (0.092, 0.208), (0.093, 0.213), (0.094, 0.219), (0.094, 0.224), (0.095, 0.229), (0.095, 0.234), (0.096, 0.239), (0.096, 0.244), (0.097, 0.249), (0.097, 0.254), (0.097, 0.258), (0.098, 0.263), (0.098, 0.267), (0.098, 0.272), (0.098, 0.276), (0.099, 0.281), (0.099, 0.285), (0.099, 0.289), (0.099, 0.293), (0.099, 0.297), (0.099, 0.301), (0.099, 0.305), (0.099, 0.309), (0.099, 0.313), (0.098, 0.317), (0.098, 0.32), (0.098, 0.324), (0.098, 0.327), (0.097, 0.331), (0.097, 0.334), (0.097, 0.338), (0.096, 0.341), (0.096, 0.344), (0.096, 0.347), (0.095, 0.35), (0.095, 0.353), (0.094, 0.356), (0.094, 0.359), (0.093, 0.362), (0.093, 0.365), (0.092, 0.367), (0.091, 0.37), (0.091, 0.372), (0.09, 0.375), (0.089, 0.377), (0.089, 0.38), (0.088, 0.382), (0.087, 0.384), (0.086, 0.387), (0.086, 0.389), (0.085, 0.391), (0.084, 0.393), (0.083, 0.395), (0.083, 0.397), (0.082, 0.399), (0.081, 0.401), (0.08, 0.403), (0.079, 0.405), (0.078, 0.406), (0.077, 0.408), (0.077, 0.41), (0.076, 0.411), (0.075, 0.413), (0.074, 0.414), (0.073, 0.416), (0.072, 0.417), (0.071, 0.419), (0.07, 0.42), (0.069, 0.421), (0.068, 0.422), (0.068, 0.424), (0.067, 0.425), (0.066, 0.426), (0.065, 0.427), (0.064, 0.428), (0.063, 0.429), (0.062, 0.43), (0.061, 0.431), (0.061, 0.432), (0.06, 0.433), (0.059, 0.434), (0.058, 0.434), (0.057, 0.435), (0.056, 0.436), (0.056, 0.437), (0.055, 0.437), (0.054, 0.438), (0.053, 0.439), (0.053, 0.439), (0.052, 0.44), (0.051, 0.44), (0.051, 0.441), (0.05, 0.441), (0.049, 0.442), (0.049, 0.442), (0.048, 0.443), (0.048, 0.443), (0.047, 0.443), (0.047, 0.444), (0.046, 0.444), (0.046, 0.444), (0.045, 0.444), (0.045, 0.445), (0.044, 0.445), (0.044, 0.445), (0.044, 0.445), (0.043, 0.445), (0.043, 0.445), (0.043, 0.446), (0.043, 0.446), (0.042, 0.446), (0.042, 0.446), (0.042, 0.446), (0.042, 0.446), (0.042, 0.446), (0.042, 0.446), (0.042, 0.446), (0.042, 0.445), (0.042, 0.445), (0.042, 0.445), (0.042, 0.445), (0.042, 0.445), (0.042, 0.445), (0.042, 0.445), (0.042, 0.444), (0.042, 0.444), (0.043, 0.444), (0.043, 0.444), (0.043, 0.443), (0.044, 0.443), (0.044, 0.443), (0.044, 0.442), (0.045, 0.442), (0.045, 0.442), (0.046, 0.441), (0.046, 0.441), (0.047, 0.441), (0.047, 0.44), (0.048, 0.44), (0.048, 0.44), (0.049, 0.439), (0.05, 0.439), (0.05, 0.438), (0.051, 0.438), (0.052, 0.437), (0.053, 0.437), (0.053, 0.436), (0.054, 0.436), (0.055, 0.435), (0.056, 0.435), (0.057, 0.434), (0.058, 0.434), (0.059, 0.433), (0.06, 0.433), (0.061, 0.432), (0.062, 0.431), (0.063, 0.431), (0.064, 0.43), (0.065, 0.43), (0.066, 0.429), (0.067, 0.428), (0.068, 0.428), (0.069, 0.427), (0.07, 0.427), (0.071, 0.426), (0.073, 0.425), (0.074, 0.425), (0.075, 0.424), (0.076, 0.423), (0.077, 0.422), (0.079, 0.422), (0.08, 0.421), (0.081, 0.42), (0.082, 0.42), (0.084, 0.419), (0.085, 0.418), (0.086, 0.418), (0.087, 0.417), (0.089, 0.416), (0.09, 0.415), (0.091, 0.415), (0.093, 0.414), (0.094, 0.413), (0.095, 0.412), (0.097, 0.411), (0.098, 0.411), (0.099, 0.41), (0.1, 0.409), (0.102, 0.408), (0.103, 0.408), (0.104, 0.407), (0.106, 0.406), (0.107, 0.405), (0.108, 0.404), (0.109, 0.403), (0.111, 0.403), (0.112, 0.402), (0.113, 0.401), (0.114, 0.4), (0.116, 0.399), (0.117, 0.398), (0.118, 0.398), (0.119, 0.397), (0.12, 0.396), (0.122, 0.395), (0.123, 0.394), (0.124, 0.393), (0.125, 0.392), (0.126, 0.392), (0.127, 0.391), (0.128, 0.39), (0.129, 0.389), (0.13, 0.388), (0.131, 0.387), (0.132, 0.386), (0.133, 0.385), (0.134, 0.385), (0.135, 0.384), (0.136, 0.383), (0.137, 0.382), (0.138, 0.381), (0.138, 0.38), (0.139, 0.379), (0.14, 0.378), (0.141, 0.377), (0.141, 0.376), (0.142, 0.376), (0.143, 0.375), (0.143, 0.374), (0.144, 0.373), (0.144, 0.372), (0.145, 0.371), (0.145, 0.37), (0.146, 0.369), (0.146, 0.368), (0.147, 0.367), (0.147, 0.366), (0.147, 0.365), (0.148, 0.364), (0.148, 0.363), (0.148, 0.362), (0.149, 0.362), (0.149, 0.361), (0.149, 0.36), (0.149, 0.359), (0.149, 0.358), (0.149, 0.357), (0.149, 0.356), (0.149, 0.355), (0.149, 0.354), (0.149, 0.353), (0.149, 0.352), (0.149, 0.351), (0.149, 0.35), (0.149, 0.349), (0.148, 0.348), (0.148, 0.347), (0.148, 0.346), (0.148, 0.345), (0.147, 0.344), (0.147, 0.343), (0.146, 0.342), (0.146, 0.341), (0.146, 0.34), (0.145, 0.339), (0.145, 0.339), (0.144, 0.338), (0.143, 0.337), (0.143, 0.336), (0.142, 0.335), (0.142, 0.334), (0.141, 0.333), (0.14, 0.332), (0.139, 0.331), (0.139, 0.33), (0.138, 0.329), (0.137, 0.328), (0.136, 0.327), (0.135, 0.326), (0.134, 0.325), (0.133, 0.324), (0.133, 0.323), (0.132, 0.322), (0.131, 0.321), (0.13, 0.32), (0.129, 0.319), (0.128, 0.318), (0.127, 0.317), (0.125, 0.316), (0.124, 0.315), (0.123, 0.314), (0.122, 0.313), (0.121, 0.312), (0.12, 0.311), (0.119, 0.31), (0.118, 0.309), (0.116, 0.308), (0.115, 0.307), (0.114, 0.306), (0.113, 0.305), (0.112, 0.304), (0.11, 0.303), (0.109, 0.302), (0.108, 0.301), (0.107, 0.3), (0.105, 0.299), (0.104, 0.298), (0.103, 0.297), (0.102, 0.296), (0.1, 0.295), (0.099, 0.294), (0.098, 0.293), (0.097, 0.292), (0.095, 0.291), (0.094, 0.29), (0.093, 0.289), (0.091, 0.288), (0.09, 0.287), (0.089, 0.286), (0.088, 0.285), (0.087, 0.284), (0.085, 0.283), (0.084, 0.282), (0.083, 0.281), (0.082, 0.28), (0.08, 0.279), (0.079, 0.278), (0.078, 0.277), (0.077, 0.276), (0.076, 0.275), (0.075, 0.274), (0.074, 0.273), (0.073, 0.272), (0.071, 0.271), (0.07, 0.27), (0.069, 0.269), (0.068, 0.268), (0.067, 0.267), (0.066, 0.266), (0.065, 0.265), (0.064, 0.264), (0.064, 0.263), (0.063, 0.262), (0.062, 0.261), (0.061, 0.26), (0.06, 0.259), (0.059, 0.258), (0.059, 0.257), (0.058, 0.256), (0.057, 0.255), (0.056, 0.254), (0.056, 0.253), (0.055, 0.252), (0.054, 0.251), (0.054, 0.25), (0.053, 0.249), (0.053, 0.248), (0.052, 0.247), (0.052, 0.246), (0.051, 0.245), (0.051, 0.244), (0.05, 0.243), (0.05, 0.242), (0.05, 0.241), (0.049, 0.24), (0.049, 0.239), (0.049, 0.238), (0.049, 0.237), (0.049, 0.235), (0.048, 0.234), (0.048, 0.233), (0.048, 0.232), (0.048, 0.231), (0.048, 0.23), (0.048, 0.229), (0.048, 0.228), (0.048, 0.227), (0.048, 0.226), (0.049, 0.225), (0.049, 0.224), (0.049, 0.223), (0.049, 0.222), (0.05, 0.221), (0.05, 0.22), (0.05, 0.219), (0.05, 0.218), (0.051, 0.217), (0.051, 0.216), (0.052, 0.215), (0.052, 0.214), (0.053, 0.213), (0.053, 0.212), (0.054, 0.211), (0.054, 0.21), (0.055, 0.209), (0.056, 0.208), (0.056, 0.207), (0.057, 0.206), (0.058, 0.205), (0.059, 0.204), (0.059, 0.203), (0.06, 0.202), (0.061, 0.201), (0.062, 0.2), (0.063, 0.199), (0.064, 0.198), (0.065, 0.197), (0.066, 0.196), (0.066, 0.195), (0.067, 0.194), (0.068, 0.193), (0.069, 0.192), (0.071, 0.191), (0.072, 0.19), (0.073, 0.189), (0.074, 0.188), (0.075, 0.187), (0.076, 0.186), (0.077, 0.185), (0.078, 0.184), (0.079, 0.183), (0.081, 0.182), (0.082, 0.181), (0.083, 0.18), (0.084, 0.179), (0.085, 0.178), (0.087, 0.177), (0.088, 0.176), (0.089, 0.175), (0.09, 0.174), (0.092, 0.173), (0.093, 0.172), (0.094, 0.17)], path_end=[(0.736, -0.163), (0.736, -0.154), (0.737, -0.146), (0.737, -0.138), (0.737, -0.129), (0.738, -0.121), (0.738, -0.113), (0.738, -0.104), (0.738, -0.096), (0.738, -0.088), (0.737, -0.079), (0.737, -0.071), (0.737, -0.063), (0.737, -0.054), (0.736, -0.046), (0.736, -0.038), (0.735, -0.03), (0.734, -0.021), (0.734, -0.013), (0.733, -0.005), (0.732, 0.003), (0.731, 0.011), (0.73, 0.02), (0.729, 0.028), (0.728, 0.036), (0.726, 0.044), (0.725, 0.052), (0.724, 0.06), (0.722, 0.068), (0.721, 0.076), (0.719, 0.084), (0.718, 0.092), (0.716, 0.1), (0.714, 0.108), (0.712, 0.116), (0.71, 0.124), (0.709, 0.132), (0.706, 0.14), (0.704, 0.148), (0.702, 0.156), (0.7, 0.164), (0.698, 0.171), (0.695, 0.179), (0.693, 0.187), (0.69, 0.194), (0.688, 0.202), (0.685, 0.21), (0.683, 0.217), (0.68, 0.225), (0.677, 0.232), (0.674, 0.24), (0.672, 0.247), (0.669, 0.255), (0.666, 0.262), (0.663, 0.269), (0.659, 0.277), (0.656, 0.284), (0.653, 0.291), (0.65, 0.298), (0.647, 0.306), (0.643, 0.313), (0.64, 0.32), (0.636, 0.327), (0.633, 0.334), (0.629, 0.341), (0.626, 0.348), (0.622, 0.355), (0.618, 0.361), (0.615, 0.368), (0.611, 0.375), (0.607, 0.382), (0.603, 0.388), (0.599, 0.395), (0.595, 0.401), (0.591, 0.408), (0.587, 0.415), (0.583, 0.421), (0.579, 0.427), (0.575, 0.434), (0.571, 0.44), (0.567, 0.446), (0.563, 0.452), (0.559, 0.459), (0.554, 0.465), (0.55, 0.471), (0.546, 0.477), (0.541, 0.483), (0.537, 0.489), (0.533, 0.495), (0.528, 0.501), (0.524, 0.506), (0.52, 0.512), (0.515, 0.518), (0.511, 0.523), (0.506, 0.529), (0.502, 0.534), (0.497, 0.54), (0.493, 0.545), (0.488, 0.551), (0.484, 0.556), (0.479, 0.561), (0.474, 0.567), (0.47, 0.572), (0.465, 0.577), (0.461, 0.582), (0.456, 0.587), (0.452, 0.592), (0.447, 0.597), (0.443, 0.602), (0.438, 0.607), (0.433, 0.612), (0.429, 0.616), (0.424, 0.621), (0.42, 0.626), (0.415, 0.63), (0.411, 0.635), (0.406, 0.639), (0.402, 0.644), (0.397, 0.648), (0.393, 0.653), (0.388, 0.657), (0.384, 0.661), (0.379, 0.665), (0.375, 0.67), (0.37, 0.674), (0.366, 0.678), (0.362, 0.682), (0.357, 0.686), (0.353, 0.69), (0.349, 0.693), (0.344, 0.697), (0.34, 0.701), (0.336, 0.705), (0.332, 0.708), (0.328, 0.712), (0.323, 0.716), (0.319, 0.719), (0.315, 0.723), (0.311, 0.726), (0.307, 0.729), (0.303, 0.733), (0.299, 0.736), (0.295, 0.739), (0.291, 0.743), (0.288, 0.746), (0.284, 0.749), (0.28, 0.752), (0.276, 0.755), (0.273, 0.758), (0.269, 0.761), (0.265, 0.764), (0.262, 0.767), (0.258, 0.769), (0.255, 0.772), (0.251, 0.775), (0.248, 0.778), (0.245, 0.78), (0.241, 0.783), (0.238, 0.785), (0.235, 0.788), (0.232, 0.79), (0.229, 0.793), (0.226, 0.795), (0.223, 0.797), (0.22, 0.8), (0.217, 0.802), (0.214, 0.804), (0.211, 0.806), (0.208, 0.809), (0.206, 0.811), (0.203, 0.813), (0.2, 0.815), (0.198, 0.817), (0.195, 0.819), (0.193, 0.821), (0.19, 0.823), (0.188, 0.824), (0.186, 0.826), (0.184, 0.828), (0.181, 0.83), (0.179, 0.831), (0.177, 0.833), (0.175, 0.835), (0.173, 0.836), (0.171, 0.838), (0.169, 0.839), (0.168, 0.841), (0.166, 0.842), (0.164, 0.844), (0.162, 0.845), (0.161, 0.847), (0.159, 0.848), (0.158, 0.849), (0.156, 0.85), (0.155, 0.852), (0.154, 0.853), (0.152, 0.854), (0.151, 0.855), (0.15, 0.856), (0.149, 0.857), (0.148, 0.858), (0.146, 0.859), (0.145, 0.86), (0.144, 0.861), (0.144, 0.862), (0.143, 0.863), (0.142, 0.864), (0.141, 0.865), (0.14, 0.866), (0.14, 0.867), (0.139, 0.867), (0.139, 0.868), (0.138, 0.869), (0.137, 0.87), (0.137, 0.87), (0.137, 0.871), (0.136, 0.872), (0.136, 0.872), (0.136, 0.873), (0.135, 0.873), (0.135, 0.874), (0.135, 0.874), (0.135, 0.875), (0.135, 0.875), (0.135, 0.876), (0.135, 0.876), (0.135, 0.877), (0.135, 0.877), (0.135, 0.877), (0.135, 0.878), (0.135, 0.878), (0.135, 0.878), (0.135, 0.878), (0.135, 0.879), (0.136, 0.879), (0.136, 0.879), (0.136, 0.879), (0.136, 0.88), (0.137, 0.88), (0.137, 0.88), (0.137, 0.88), (0.138, 0.88), (0.138, 0.88), (0.139, 0.88), (0.139, 0.88), (0.14, 0.88), (0.14, 0.88), (0.14, 0.88), (0.141, 0.88), (0.142, 0.88), (0.142, 0.88), (0.143, 0.88), (0.143, 0.88), (0.144, 0.88), (0.144, 0.88), (0.145, 0.88), (0.145, 0.88), (0.146, 0.879), (0.147, 0.879), (0.147, 0.879), (0.148, 0.879), (0.148, 0.879), (0.149, 0.878), (0.15, 0.878), (0.15, 0.878), (0.151, 0.878), (0.151, 0.877), (0.152, 0.877), (0.153, 0.877), (0.153, 0.877), (0.154, 0.876), (0.154, 0.876), (0.155, 0.876), (0.155, 0.875), (0.156, 0.875), (0.156, 0.874), (0.157, 0.874), (0.157, 0.874), (0.158, 0.873), (0.158, 0.873), (0.159, 0.872), (0.159, 0.872), (0.16, 0.871), (0.16, 0.871), (0.161, 0.871), (0.161, 0.87), (0.161, 0.87), (0.162, 0.869), (0.162, 0.869), (0.162, 0.868), (0.163, 0.867), (0.163, 0.867), (0.163, 0.866), (0.163, 0.866), (0.164, 0.865), (0.164, 0.865), (0.164, 0.864), (0.164, 0.864), (0.164, 0.863), (0.164, 0.862), (0.165, 0.862), (0.165, 0.861), (0.165, 0.861), (0.165, 0.86), (0.165, 0.859), (0.165, 0.859), (0.164, 0.858), (0.164, 0.857), (0.164, 0.857), (0.164, 0.856), (0.164, 0.855), (0.164, 0.855), (0.163, 0.854), (0.163, 0.853), (0.163, 0.853), (0.163, 0.852), (0.162, 0.851), (0.162, 0.85), (0.161, 0.85), (0.161, 0.849), (0.161, 0.848), (0.16, 0.847), (0.16, 0.847), (0.159, 0.846), (0.158, 0.845), (0.158, 0.844), (0.157, 0.844), (0.157, 0.843), (0.156, 0.842), (0.155, 0.841), (0.154, 0.841), (0.154, 0.84), (0.153, 0.839), (0.152, 0.838), (0.151, 0.837), (0.151, 0.837), (0.15, 0.836), (0.149, 0.835), (0.148, 0.834), (0.147, 0.833), (0.146, 0.833), (0.145, 0.832), (0.144, 0.831), (0.143, 0.83), (0.142, 0.829), (0.141, 0.828), (0.14, 0.828), (0.139, 0.827), (0.138, 0.826), (0.136, 0.825), (0.135, 0.824), (0.134, 0.823), (0.133, 0.822), (0.132, 0.822), (0.131, 0.821), (0.129, 0.82), (0.128, 0.819), (0.127, 0.818), (0.126, 0.817), (0.124, 0.816), (0.123, 0.815), (0.122, 0.815), (0.12, 0.814), (0.119, 0.813), (0.118, 0.812), (0.117, 0.811), (0.115, 0.81), (0.114, 0.809), (0.113, 0.808), (0.111, 0.807), (0.11, 0.806), (0.108, 0.806), (0.107, 0.805), (0.106, 0.804), (0.104, 0.803), (0.103, 0.802), (0.102, 0.801), (0.1, 0.8), (0.099, 0.799), (0.098, 0.798), (0.096, 0.797), (0.095, 0.796), (0.094, 0.795), (0.092, 0.794), (0.091, 0.794), (0.09, 0.793), (0.089, 0.792), (0.087, 0.791), (0.086, 0.79), (0.085, 0.789), (0.083, 0.788), (0.082, 0.787), (0.081, 0.786), (0.08, 0.785), (0.079, 0.784), (0.077, 0.783), (0.076, 0.782), (0.075, 0.781), (0.074, 0.78), (0.073, 0.779), (0.072, 0.778), (0.071, 0.777), (0.07, 0.776), (0.069, 0.775), (0.068, 0.775), (0.067, 0.774), (0.066, 0.773), (0.065, 0.772), (0.064, 0.771), (0.063, 0.77), (0.062, 0.769), (0.061, 0.768), (0.06, 0.767), (0.06, 0.766), (0.059, 0.765), (0.058, 0.764), (0.057, 0.763), (0.057, 0.762), (0.056, 0.761), (0.055, 0.76), (0.055, 0.759), (0.054, 0.758), (0.054, 0.757), (0.053, 0.756), (0.053, 0.755), (0.052, 0.754), (0.052, 0.753), (0.051, 0.752), (0.051, 0.751), (0.051, 0.75), (0.051, 0.749), (0.05, 0.748), (0.05, 0.747), (0.05, 0.746), (0.05, 0.745), (0.05, 0.744), (0.049, 0.743), (0.049, 0.742), (0.049, 0.741), (0.049, 0.74), (0.049, 0.739), (0.049, 0.738), (0.05, 0.737), (0.05, 0.736), (0.05, 0.735), (0.05, 0.734), (0.05, 0.733), (0.05, 0.732), (0.051, 0.731), (0.051, 0.73), (0.051, 0.729), (0.052, 0.728), (0.052, 0.727), (0.053, 0.726), (0.053, 0.725), (0.054, 0.724), (0.054, 0.723), (0.055, 0.722), (0.055, 0.721), (0.056, 0.72), (0.056, 0.719), (0.057, 0.718), (0.058, 0.717), (0.059, 0.716), (0.059, 0.715), (0.06, 0.714), (0.061, 0.713), (0.062, 0.712), (0.063, 0.711), (0.063, 0.71), (0.064, 0.709), (0.065, 0.708), (0.066, 0.707), (0.067, 0.706), (0.068, 0.705), (0.069, 0.704), (0.07, 0.703), (0.071, 0.702), (0.072, 0.701), (0.073, 0.7), (0.074, 0.699), (0.075, 0.698), (0.077, 0.697), (0.078, 0.696), (0.079, 0.695), (0.08, 0.694), (0.081, 0.693), (0.082, 0.692), (0.083, 0.691), (0.085, 0.69), (0.086, 0.689), (0.087, 0.688), (0.088, 0.687), (0.09, 0.686), (0.091, 0.685), (0.092, 0.684), (0.093, 0.683), (0.095, 0.682), (0.096, 0.681), (0.097, 0.68)], total_steps=3141
  208th iteration: path_start=[(0.01, -0.172), (0.01, -0.172), (0.01, -0.171), (0.01, -0.17), (0.009, -0.169), (0.009, -0.168), (0.008, -0.167), (0.007, -0.165), (0.007, -0.163), (0.006, -0.162), (0.005, -0.16), (0.004, -0.158), (0.003, -0.156), (0.002, -0.153), (0.0, -0.151), (-0.001, -0.149), (-0.002, -0.146), (-0.004, -0.144), (-0.005, -0.141), (-0.007, -0.139), (-0.009, -0.136), (-0.01, -0.133), (-0.012, -0.13), (-0.014, -0.128), (-0.016, -0.125), (-0.018, -0.122), (-0.02, -0.119), (-0.022, -0.116), (-0.025, -0.114), (-0.027, -0.111), (-0.029, -0.108), (-0.032, -0.105), (-0.034, -0.102), (-0.037, -0.099), (-0.039, -0.097), (-0.042, -0.094), (-0.045, -0.091), (-0.048, -0.088), (-0.05, -0.086), (-0.053, -0.083), (-0.056, -0.08), (-0.059, -0.078), (-0.062, -0.075), (-0.065, -0.072), (-0.068, -0.07), (-0.072, -0.067), (-0.075, -0.065), (-0.078, -0.063), (-0.081, -0.06), (-0.085, -0.058), (-0.088, -0.056), (-0.092, -0.053), (-0.095, -0.051), (-0.099, -0.049), (-0.102, -0.047), (-0.106, -0.045), (-0.109, -0.043), (-0.113, -0.041), (-0.117, -0.039), (-0.12, -0.037), (-0.124, -0.035), (-0.128, -0.034), (-0.132, -0.032), (-0.136, -0.03), (-0.14, -0.029), (-0.143, -0.027), (-0.147, -0.026), (-0.151, -0.024), (-0.155, -0.023), (-0.159, -0.022), (-0.163, -0.021), (-0.168, -0.019), (-0.172, -0.018), (-0.176, -0.017), (-0.18, -0.016), (-0.184, -0.015), (-0.188, -0.014), (-0.192, -0.013), (-0.197, -0.012), (-0.201, -0.012), (-0.205, -0.011), (-0.209, -0.01), (-0.214, -0.01), (-0.218, -0.009), (-0.222, -0.008), (-0.227, -0.008), (-0.231, -0.007), (-0.235, -0.007), (-0.24, -0.007), (-0.244, -0.006), (-0.248, -0.006), (-0.253, -0.006), (-0.257, -0.006), (-0.261, -0.006), (-0.266, -0.006), (-0.27, -0.006), (-0.275, -0.006), (-0.279, -0.006), (-0.283, -0.006), (-0.288, -0.006), (-0.292, -0.006), (-0.297, -0.007), (-0.301, -0.007), (-0.305, -0.007), (-0.31, -0.008), (-0.314, -0.008), (-0.319, -0.009), (-0.323, -0.009), (-0.327, -0.01), (-0.332, -0.01), (-0.336, -0.011), (-0.341, -0.011), (-0.345, -0.012), (-0.349, -0.013), (-0.354, -0.014), (-0.358, -0.014), (-0.362, -0.015), (-0.367, -0.016), (-0.371, -0.017), (-0.375, -0.018), (-0.38, -0.019), (-0.384, -0.02), (-0.388, -0.021), (-0.393, -0.022), (-0.397, -0.023), (-0.401, -0.024), (-0.405, -0.025), (-0.409, -0.027), (-0.414, -0.028), (-0.418, -0.029), (-0.422, -0.03), (-0.426, -0.032), (-0.43, -0.033), (-0.434, -0.034), (-0.438, -0.036), (-0.443, -0.037), (-0.447, -0.039), (-0.451, -0.04), (-0.455, -0.041), (-0.459, -0.043), (-0.463, -0.045), (-0.467, -0.046), (-0.47, -0.048), (-0.474, -0.049), (-0.478, -0.051), (-0.482, -0.053), (-0.486, -0.054), (-0.49, -0.056), (-0.494, -0.058), (-0.497, -0.059), (-0.501, -0.061), (-0.505, -0.063), (-0.508, -0.065), (-0.512, -0.066), (-0.516, -0.068), (-0.519, -0.07), (-0.523, -0.072), (-0.526, -0.074), (-0.53, -0.076), (-0.533, -0.078), (-0.537, -0.08), (-0.54, -0.082), (-0.544, -0.084), (-0.547, -0.086), (-0.55, -0.088), (-0.554, -0.09), (-0.557, -0.092), (-0.56, -0.094), (-0.563, -0.096), (-0.566, -0.098), (-0.569, -0.1), (-0.573, -0.102), (-0.576, -0.104), (-0.579, -0.106), (-0.582, -0.108), (-0.585, -0.11), (-0.587, -0.113), (-0.59, -0.115), (-0.593, -0.117), (-0.596, -0.119), (-0.599, -0.121), (-0.602, -0.124), (-0.604, -0.126), (-0.607, -0.128), (-0.61, -0.13), (-0.612, -0.133), (-0.615, -0.135), (-0.617, -0.137), (-0.62, -0.139), (-0.622, -0.142), (-0.624, -0.144), (-0.627, -0.146), (-0.629, -0.149), (-0.631, -0.151), (-0.634, -0.153), (-0.636, -0.156), (-0.638, -0.158), (-0.64, -0.16), (-0.642, -0.163), (-0.644, -0.165), (-0.646, -0.168), (-0.648, -0.17), (-0.65, -0.172), (-0.652, -0.175), (-0.654, -0.177), (-0.656, -0.18), (-0.657, -0.182), (-0.659, -0.184), (-0.661, -0.187), (-0.662, -0.189), (-0.664, -0.192), (-0.665, -0.194), (-0.667, -0.197), (-0.668, -0.199), (-0.67, -0.202), (-0.671, -0.204), (-0.673, -0.207), (-0.674, -0.209), (-0.675, -0.211), (-0.676, -0.214), (-0.677, -0.216), (-0.678, -0.219), (-0.68, -0.221), (-0.681, -0.224), (-0.681, -0.226), (-0.682, -0.229), (-0.683, -0.231), (-0.684, -0.234), (-0.685, -0.236), (-0.686, -0.239), (-0.686, -0.242), (-0.687, -0.244), (-0.688, -0.247), (-0.688, -0.249), (-0.689, -0.252), (-0.689, -0.254), (-0.69, -0.257), (-0.69, -0.259), (-0.69, -0.262), (-0.691, -0.264), (-0.691, -0.267), (-0.691, -0.269), (-0.691, -0.272), (-0.691, -0.274), (-0.692, -0.277), (-0.692, -0.28), (-0.692, -0.282), (-0.691, -0.285), (-0.691, -0.287), (-0.691, -0.29), (-0.691, -0.292), (-0.691, -0.295), (-0.69, -0.297), (-0.69, -0.3), (-0.69, -0.303), (-0.689, -0.305), (-0.689, -0.308), (-0.688, -0.31), (-0.688, -0.313), (-0.687, -0.315), (-0.687, -0.318), (-0.686, -0.32), (-0.685, -0.323), (-0.684, -0.326), (-0.684, -0.328), (-0.683, -0.331), (-0.682, -0.333), (-0.681, -0.336), (-0.68, -0.338), (-0.679, -0.341), (-0.678, -0.343), (-0.677, -0.346), (-0.675, -0.348), (-0.674, -0.351), (-0.673, -0.354), (-0.672, -0.356), (-0.67, -0.359), (-0.669, -0.361), (-0.667, -0.364), (-0.666, -0.366), (-0.664, -0.369), (-0.663, -0.371), (-0.661, -0.374), (-0.66, -0.376), (-0.658, -0.379), (-0.656, -0.382), (-0.654, -0.384), (-0.653, -0.387), (-0.651, -0.389), (-0.649, -0.392), (-0.647, -0.394), (-0.645, -0.397), (-0.643, -0.399), (-0.641, -0.402), (-0.639, -0.404), (-0.636, -0.407), (-0.634, -0.409), (-0.632, -0.412), (-0.63, -0.414), (-0.627, -0.417), (-0.625, -0.419), (-0.623, -0.422), (-0.62, -0.424), (-0.618, -0.427), (-0.615, -0.429), (-0.613, -0.432), (-0.61, -0.434), (-0.607, -0.437), (-0.605, -0.439), (-0.602, -0.442), (-0.599, -0.444), (-0.596, -0.447), (-0.593, -0.449), (-0.591, -0.452), (-0.588, -0.454), (-0.585, -0.457), (-0.582, -0.459), (-0.579, -0.462), (-0.576, -0.464), (-0.572, -0.466), (-0.569, -0.469), (-0.566, -0.471), (-0.563, -0.474), (-0.56, -0.476), (-0.556, -0.479), (-0.553, -0.481), (-0.55, -0.484), (-0.546, -0.486), (-0.543, -0.488), (-0.539, -0.491), (-0.536, -0.493), (-0.532, -0.496), (-0.529, -0.498), (-0.525, -0.501), (-0.521, -0.503), (-0.518, -0.505), (-0.514, -0.508), (-0.51, -0.51), (-0.506, -0.513), (-0.503, -0.515), (-0.499, -0.517), (-0.495, -0.52), (-0.491, -0.522), (-0.487, -0.525), (-0.483, -0.527), (-0.479, -0.529), (-0.475, -0.532), (-0.471, -0.534), (-0.467, -0.536), (-0.463, -0.539), (-0.458, -0.541), (-0.454, -0.544), (-0.45, -0.546), (-0.446, -0.548), (-0.441, -0.551), (-0.437, -0.553), (-0.433, -0.555), (-0.428, -0.558), (-0.424, -0.56), (-0.42, -0.562), (-0.415, -0.565), (-0.411, -0.567), (-0.406, -0.569), (-0.402, -0.572), (-0.397, -0.574), (-0.392, -0.576), (-0.388, -0.578), (-0.383, -0.581), (-0.378, -0.583), (-0.374, -0.585), (-0.369, -0.588), (-0.364, -0.59), (-0.359, -0.592), (-0.355, -0.594), (-0.35, -0.597), (-0.345, -0.599), (-0.34, -0.601), (-0.335, -0.603), (-0.33, -0.606), (-0.325, -0.608), (-0.32, -0.61), (-0.315, -0.612), (-0.31, -0.615), (-0.305, -0.617), (-0.3, -0.619), (-0.295, -0.621), (-0.29, -0.624), (-0.285, -0.626), (-0.28, -0.628), (-0.274, -0.63), (-0.269, -0.632), (-0.264, -0.635), (-0.259, -0.637), (-0.254, -0.639), (-0.248, -0.641), (-0.243, -0.643), (-0.238, -0.646), (-0.232, -0.648), (-0.227, -0.65), (-0.222, -0.652), (-0.216, -0.654), (-0.211, -0.656), (-0.206, -0.658), (-0.2, -0.661), (-0.195, -0.663), (-0.189, -0.665), (-0.184, -0.667), (-0.178, -0.669), (-0.173, -0.671), (-0.167, -0.673), (-0.162, -0.675), (-0.156, -0.678), (-0.151, -0.68), (-0.145, -0.682), (-0.139, -0.684), (-0.134, -0.686), (-0.128, -0.688), (-0.123, -0.69), (-0.117, -0.692), (-0.111, -0.694), (-0.106, -0.696), (-0.1, -0.698), (-0.094, -0.7), (-0.089, -0.702), (-0.083, -0.704), (-0.077, -0.707), (-0.071, -0.709), (-0.066, -0.711), (-0.06, -0.713), (-0.054, -0.715), (-0.048, -0.717), (-0.043, -0.719), (-0.037, -0.721), (-0.031, -0.723), (-0.025, -0.725), (-0.019, -0.727), (-0.014, -0.729), (-0.008, -0.731), (-0.002, -0.733), (0.004, -0.735), (0.01, -0.736), (0.016, -0.738), (0.021, -0.74), (0.027, -0.742), (0.033, -0.744), (0.039, -0.746), (0.045, -0.748), (0.051, -0.75), (0.057, -0.752), (0.062, -0.754), (0.068, -0.756), (0.074, -0.758), (0.08, -0.76), (0.086, -0.762), (0.092, -0.763), (0.098, -0.765), (0.104, -0.767), (0.109, -0.769), (0.115, -0.771), (0.121, -0.773), (0.127, -0.775), (0.133, -0.777), (0.139, -0.778), (0.145, -0.78), (0.151, -0.782), (0.156, -0.784), (0.162, -0.786), (0.168, -0.788), (0.174, -0.789), (0.18, -0.791), (0.186, -0.793), (0.192, -0.795), (0.197, -0.797), (0.203, -0.798), (0.209, -0.8), (0.215, -0.802), (0.221, -0.804), (0.227, -0.805), (0.233, -0.807), (0.238, -0.809), (0.244, -0.811), (0.25, -0.812), (0.256, -0.814), (0.262, -0.816), (0.267, -0.818), (0.273, -0.819), (0.279, -0.821), (0.285, -0.823), (0.29, -0.825), (0.296, -0.826), (0.302, -0.828), (0.308, -0.83), (0.313, -0.831), (0.319, -0.833), (0.325, -0.835), (0.33, -0.836), (0.336, -0.838), (0.342, -0.84), (0.347, -0.841), (0.353, -0.843)], path_end=[(0.605, 0.467), (0.604, 0.471), (0.602, 0.474), (0.6, 0.478), (0.598, 0.482), (0.597, 0.486), (0.595, 0.489), (0.594, 0.493), (0.592, 0.497), (0.59, 0.501), (0.589, 0.505), (0.587, 0.508), (0.586, 0.512), (0.585, 0.516), (0.583, 0.52), (0.582, 0.524), (0.581, 0.527), (0.579, 0.531), (0.578, 0.535), (0.577, 0.539), (0.575, 0.543), (0.574, 0.547), (0.573, 0.55), (0.572, 0.554), (0.571, 0.558), (0.57, 0.562), (0.569, 0.566), (0.568, 0.57), (0.567, 0.573), (0.566, 0.577), (0.565, 0.581), (0.564, 0.585), (0.563, 0.589), (0.563, 0.592), (0.562, 0.596), (0.561, 0.6), (0.561, 0.604), (0.56, 0.608), (0.559, 0.611), (0.559, 0.615), (0.558, 0.619), (0.558, 0.623), (0.557, 0.626), (0.557, 0.63), (0.556, 0.634), (0.556, 0.637), (0.556, 0.641), (0.555, 0.645), (0.555, 0.648), (0.555, 0.652), (0.555, 0.656), (0.555, 0.659), (0.554, 0.663), (0.554, 0.667), (0.554, 0.67), (0.554, 0.674), (0.554, 0.677), (0.554, 0.681), (0.554, 0.684), (0.555, 0.688), (0.555, 0.691), (0.555, 0.695), (0.555, 0.698), (0.556, 0.702), (0.556, 0.705), (0.556, 0.709), (0.557, 0.712), (0.557, 0.715), (0.557, 0.719), (0.558, 0.722), (0.558, 0.725), (0.559, 0.729), (0.56, 0.732), (0.56, 0.735), (0.561, 0.738), (0.562, 0.741), (0.562, 0.745), (0.563, 0.748), (0.564, 0.751), (0.565, 0.754), (0.566, 0.757), (0.567, 0.76), (0.568, 0.763), (0.568, 0.766), (0.57, 0.769), (0.571, 0.772), (0.572, 0.775), (0.573, 0.778), (0.574, 0.781), (0.575, 0.784), (0.576, 0.787), (0.577, 0.79), (0.579, 0.792), (0.58, 0.795), (0.581, 0.798), (0.583, 0.801), (0.584, 0.803), (0.586, 0.806), (0.587, 0.809), (0.589, 0.811), (0.59, 0.814), (0.592, 0.817), (0.593, 0.819), (0.595, 0.822), (0.596, 0.824), (0.598, 0.827), (0.6, 0.829), (0.601, 0.831), (0.603, 0.834), (0.605, 0.836), (0.607, 0.839), (0.609, 0.841), (0.61, 0.843), (0.612, 0.845), (0.614, 0.848), (0.616, 0.85), (0.618, 0.852), (0.62, 0.854), (0.622, 0.856), (0.624, 0.858), (0.626, 0.86), (0.628, 0.862), (0.63, 0.864), (0.632, 0.866), (0.634, 0.868), (0.637, 0.87), (0.639, 0.872), (0.641, 0.874), (0.643, 0.876), (0.645, 0.878), (0.648, 0.879), (0.65, 0.881), (0.652, 0.883), (0.654, 0.885), (0.657, 0.886), (0.659, 0.888), (0.661, 0.89), (0.664, 0.891), (0.666, 0.893), (0.669, 0.894), (0.671, 0.896), (0.673, 0.897), (0.676, 0.899), (0.678, 0.9), (0.681, 0.902), (0.683, 0.903), (0.686, 0.904), (0.688, 0.906), (0.691, 0.907), (0.693, 0.908), (0.696, 0.909), (0.698, 0.911), (0.701, 0.912), (0.704, 0.913), (0.706, 0.914), (0.709, 0.915), (0.711, 0.916), (0.714, 0.917), (0.716, 0.918), (0.719, 0.919), (0.722, 0.92), (0.724, 0.921), (0.727, 0.922), (0.73, 0.923), (0.732, 0.924), (0.735, 0.925), (0.737, 0.926), (0.74, 0.926), (0.743, 0.927), (0.745, 0.928), (0.748, 0.929), (0.751, 0.929), (0.753, 0.93), (0.756, 0.931), (0.759, 0.931), (0.761, 0.932), (0.764, 0.932), (0.767, 0.933), (0.769, 0.934), (0.772, 0.934), (0.775, 0.934), (0.777, 0.935), (0.78, 0.935), (0.783, 0.936), (0.785, 0.936), (0.788, 0.937), (0.79, 0.937), (0.793, 0.937), (0.796, 0.938), (0.798, 0.938), (0.801, 0.938), (0.803, 0.938), (0.806, 0.938), (0.809, 0.939), (0.811, 0.939), (0.814, 0.939), (0.816, 0.939), (0.819, 0.939), (0.821, 0.939), (0.824, 0.939), (0.826, 0.939), (0.829, 0.939), (0.831, 0.939), (0.834, 0.939), (0.836, 0.939), (0.839, 0.939), (0.841, 0.939), (0.844, 0.939), (0.846, 0.939), (0.848, 0.939), (0.851, 0.939), (0.853, 0.938), (0.856, 0.938), (0.858, 0.938), (0.86, 0.938), (0.863, 0.937), (0.865, 0.937), (0.867, 0.937), (0.869, 0.937), (0.872, 0.936), (0.874, 0.936), (0.876, 0.935), (0.878, 0.935), (0.88, 0.935), (0.882, 0.934), (0.885, 0.934), (0.887, 0.933), (0.889, 0.933), (0.891, 0.932), (0.893, 0.932), (0.895, 0.931), (0.897, 0.931), (0.899, 0.93), (0.901, 0.93), (0.903, 0.929), (0.905, 0.928), (0.907, 0.928), (0.909, 0.927), (0.91, 0.926), (0.912, 0.926), (0.914, 0.925), (0.916, 0.924), (0.918, 0.924), (0.919, 0.923), (0.921, 0.922), (0.923, 0.921), (0.924, 0.921), (0.926, 0.92), (0.928, 0.919), (0.929, 0.918), (0.931, 0.917), (0.932, 0.916), (0.934, 0.915), (0.935, 0.915), (0.937, 0.914), (0.938, 0.913), (0.939, 0.912), (0.941, 0.911), (0.942, 0.91), (0.943, 0.909), (0.945, 0.908), (0.946, 0.907), (0.947, 0.906), (0.948, 0.905), (0.95, 0.904), (0.951, 0.903), (0.952, 0.902), (0.953, 0.901), (0.954, 0.899), (0.955, 0.898), (0.956, 0.897), (0.957, 0.896), (0.958, 0.895), (0.959, 0.894), (0.96, 0.893), (0.96, 0.891), (0.961, 0.89), (0.962, 0.889), (0.963, 0.888), (0.963, 0.887), (0.964, 0.885), (0.965, 0.884), (0.965, 0.883), (0.966, 0.882), (0.966, 0.88), (0.967, 0.879), (0.967, 0.878), (0.968, 0.876), (0.968, 0.875), (0.969, 0.874), (0.969, 0.872), (0.969, 0.871), (0.97, 0.869), (0.97, 0.868), (0.97, 0.867), (0.97, 0.865), (0.97, 0.864), (0.971, 0.862), (0.971, 0.861), (0.971, 0.859), (0.971, 0.858), (0.971, 0.857), (0.971, 0.855), (0.971, 0.854), (0.97, 0.852), (0.97, 0.851), (0.97, 0.849), (0.97, 0.847), (0.97, 0.846), (0.969, 0.844), (0.969, 0.843), (0.969, 0.841), (0.968, 0.84), (0.968, 0.838), (0.967, 0.836), (0.967, 0.835), (0.966, 0.833), (0.966, 0.832), (0.965, 0.83), (0.964, 0.828), (0.964, 0.827), (0.963, 0.825), (0.962, 0.823), (0.962, 0.822), (0.961, 0.82), (0.96, 0.818), (0.959, 0.816), (0.958, 0.815), (0.957, 0.813), (0.956, 0.811), (0.955, 0.809), (0.954, 0.808), (0.953, 0.806), (0.952, 0.804), (0.951, 0.802), (0.949, 0.801), (0.948, 0.799), (0.947, 0.797), (0.946, 0.795), (0.944, 0.793), (0.943, 0.792), (0.942, 0.79), (0.94, 0.788), (0.939, 0.786), (0.937, 0.784), (0.936, 0.782), (0.934, 0.78), (0.932, 0.778), (0.931, 0.777), (0.929, 0.775), (0.927, 0.773), (0.925, 0.771), (0.924, 0.769), (0.922, 0.767), (0.92, 0.765), (0.918, 0.763), (0.916, 0.761), (0.914, 0.759), (0.912, 0.757), (0.91, 0.755), (0.908, 0.753), (0.906, 0.751), (0.904, 0.749), (0.902, 0.747), (0.9, 0.745), (0.897, 0.743), (0.895, 0.741), (0.893, 0.739), (0.89, 0.737), (0.888, 0.735), (0.886, 0.733), (0.883, 0.731), (0.881, 0.729), (0.878, 0.727), (0.876, 0.725), (0.873, 0.723), (0.87, 0.721), (0.868, 0.718), (0.865, 0.716), (0.862, 0.714), (0.86, 0.712), (0.857, 0.71), (0.854, 0.708), (0.851, 0.706), (0.848, 0.704), (0.846, 0.701), (0.843, 0.699), (0.84, 0.697), (0.837, 0.695), (0.834, 0.693), (0.831, 0.691), (0.827, 0.688), (0.824, 0.686), (0.821, 0.684), (0.818, 0.682), (0.815, 0.68), (0.812, 0.677), (0.808, 0.675), (0.805, 0.673), (0.802, 0.671), (0.798, 0.668), (0.795, 0.666), (0.791, 0.664), (0.788, 0.662), (0.785, 0.659), (0.781, 0.657), (0.777, 0.655), (0.774, 0.653), (0.77, 0.65), (0.767, 0.648), (0.763, 0.646), (0.759, 0.643), (0.756, 0.641), (0.752, 0.639), (0.748, 0.636), (0.744, 0.634), (0.74, 0.632), (0.737, 0.629), (0.733, 0.627), (0.729, 0.625), (0.725, 0.622), (0.721, 0.62), (0.717, 0.618), (0.713, 0.615), (0.709, 0.613), (0.705, 0.611), (0.701, 0.608), (0.696, 0.606), (0.692, 0.603), (0.688, 0.601), (0.684, 0.599), (0.68, 0.596), (0.675, 0.594), (0.671, 0.591), (0.667, 0.589), (0.662, 0.587), (0.658, 0.584), (0.654, 0.582), (0.649, 0.579), (0.645, 0.577), (0.64, 0.574), (0.636, 0.572), (0.631, 0.569), (0.627, 0.567), (0.622, 0.565), (0.617, 0.562), (0.613, 0.56), (0.608, 0.557), (0.604, 0.555), (0.599, 0.552), (0.594, 0.55), (0.589, 0.547), (0.585, 0.545), (0.58, 0.542), (0.575, 0.54), (0.57, 0.537), (0.565, 0.535), (0.561, 0.532), (0.556, 0.53), (0.551, 0.527), (0.546, 0.524), (0.541, 0.522), (0.536, 0.519), (0.531, 0.517), (0.526, 0.514), (0.521, 0.512), (0.516, 0.509), (0.511, 0.507), (0.506, 0.504), (0.501, 0.501), (0.495, 0.499), (0.49, 0.496), (0.485, 0.494), (0.48, 0.491), (0.475, 0.488), (0.469, 0.486), (0.464, 0.483), (0.459, 0.481), (0.454, 0.478), (0.448, 0.475), (0.443, 0.473), (0.438, 0.47), (0.432, 0.468), (0.427, 0.465), (0.422, 0.462), (0.416, 0.46), (0.411, 0.457), (0.406, 0.454), (0.4, 0.452), (0.395, 0.449), (0.389, 0.447), (0.384, 0.444), (0.378, 0.441), (0.373, 0.439), (0.367, 0.436), (0.362, 0.433), (0.356, 0.431), (0.351, 0.428), (0.345, 0.425), (0.339, 0.423)], total_steps=3141

# Executed Weights History (last 10 executed iterations):
  199th iteration: weights=[180.0, 165.0, 150.0, 135.0, 120.0, 105.0, 90.0, 75.0, 60.0, 45.0, 30.0, 15.0, 0.0, -15.0, -30.0, -45.0, -60.0, -75.0, -90.0, -105.0, -120.0, -135.0, -150.0, -165.0, -180.0, -180.0, -165.0, -150.0, -135.0, -120.0, -105.0, -90.0, -75.0, -60.0, -45.0, -30.0, -15.0, 0.0, 15.0, 30.0, 45.0, 60.0, 75.0, 90.0, 105.0, 120.0, 135.0, 150.0, 165.0, 180.0]
  200th iteration: weights=[100.0, -100.0, 80.0, -80.0, 60.0, -60.0, 40.0, -40.0, 20.0, -20.0, 0.0, 20.0, -20.0, 40.0, -40.0, 60.0, -60.0, 80.0, -80.0, 100.0, -100.0, 80.0, -80.0, 60.0, -60.0, 100.0, 80.0, 60.0, 40.0, 20.0, 0.0, -20.0, -40.0, -60.0, -80.0, -100.0, -80.0, -60.0, -40.0, -20.0, 0.0, 20.0, 40.0, 60.0, 80.0, 100.0, 80.0, 60.0, 40.0, 20.0]
  201st iteration: weights=[0.0, 12.3679, 24.364, 35.6068, 45.7225, 54.3791, 61.3091, 66.2918, 69.1671, 69.8851, 68.4547, 64.9547, 59.5447, 52.4573, 44.0134, 34.5491, 24.364, 13.7834, 3.1065, -7.3039, -17.4615, -26.2232, -33.4556, -39.0297, -42.8016, 150.0, 137.5, 125.0, 112.5, 100.0, 87.5, 75.0, 62.5, 50.0, 37.5, 25.0, 12.5, 0.0, -12.5, -25.0, -37.5, -50.0, -62.5, -75.0, -87.5, -100.0, -112.5, -125.0, -137.5, -150.0]
  202nd iteration: weights=[150.0, -150.0, 150.0, -150.0, 150.0, -150.0, 150.0, -150.0, 150.0, -150.0, 150.0, -150.0, 150.0, -150.0, 150.0, -150.0, 150.0, -150.0, 150.0, -150.0, 150.0, -150.0, 150.0, -150.0, 150.0, 150.0, 140.0, 130.0, 120.0, 110.0, 100.0, 90.0, 80.0, 70.0, 60.0, 50.0, 40.0, 30.0, 20.0, 10.0, 0.0, -10.0, -20.0, -30.0, -40.0, -50.0, -60.0, -70.0, -80.0, -90.0]
  203rd iteration: weights=[-180.0, -128.5714, -77.1429, -25.7143, 25.7143, 77.1429, 128.5714, 180.0, 180.0, 128.5714, 77.1429, 25.7143, -25.7143, -77.1429, -128.5714, -180.0, -180.0, -135.0, -90.0, -45.0, 0.0, 45.0, 90.0, 135.0, 180.0, 180.0, 165.0, 150.0, 135.0, 120.0, 105.0, 90.0, 75.0, 60.0, 45.0, 30.0, 15.0, 0.0, -15.0, -30.0, -45.0, -60.0, -75.0, -90.0, -105.0, -120.0, -135.0, -150.0, -165.0, -180.0]
  204th iteration: weights=[-150.0, -147.404, -139.7076, -127.135, -110.0, -88.8038, -64.1129, -36.6824, -7.0711, 22.4745, 50.0, 74.7471, 95.1057, 110.0, 119.2639, 122.4745, 119.2639, 110.0, 95.1057, 74.7471, 50.0, 22.4745, -7.0711, -36.6824, -64.1129, -150.0, -137.5, -125.0, -112.5, -100.0, -87.5, -75.0, -62.5, -50.0, -37.5, -25.0, -12.5, 0.0, 12.5, 25.0, 37.5, 50.0, 62.5, 75.0, 87.5, 100.0, 112.5, 125.0, 137.5, 150.0]
  205th iteration: weights=[-150.0, -140.405, -120.9017, -92.388, -56.0883, -13.4083, 29.8328, 68.4547, 100.0, 122.9516, 137.3824, 143.1611, 140.405, 129.0687, 109.4693, 82.6941, 50.0, 12.3679, -26.2232, -62.1129, -92.388, -117.5571, -135.2443, -144.7215, -146.5937, 120.0, 110.0, 100.0, 90.0, 80.0, 70.0, 60.0, 50.0, 40.0, 30.0, 20.0, 10.0, 0.0, -10.0, -20.0, -30.0, -40.0, -50.0, -60.0, -70.0, -80.0, -90.0, -100.0, -110.0, -120.0]
  206th iteration: weights=[0.0, 65.0, 112.5833, 130.0, 112.5833, 65.0, 0.0, -65.0, -112.5833, -130.0, -112.5833, -65.0, 0.0, 65.0, 112.5833, 130.0, 112.5833, 65.0, 0.0, -65.0, -112.5833, -130.0, -112.5833, -65.0, 0.0, 60.0, 55.0, 50.0, 45.0, 40.0, 35.0, 30.0, 25.0, 20.0, 15.0, 10.0, 5.0, 0.0, -5.0, -10.0, -15.0, -20.0, -25.0, -30.0, -35.0, -40.0, -45.0, -50.0, -55.0, -60.0]
  207th iteration: weights=[180.0, -180.0, 180.0, -180.0, 180.0, -180.0, 180.0, -180.0, 180.0, -180.0, 180.0, -180.0, 180.0, -180.0, 180.0, -180.0, 180.0, -180.0, 180.0, -180.0, 180.0, -180.0, 180.0, -180.0, 180.0, 180.0, 160.0, 140.0, 120.0, 100.0, 80.0, 60.0, 40.0, 20.0, 0.0, -20.0, -40.0, -60.0, -80.0, -100.0, -120.0, -140.0, -160.0, -180.0, -180.0, -180.0, -180.0, -180.0, -180.0, -180.0]
  208th iteration: weights=[0.0, 141.283, 178.2013, 100.0, -41.283, -178.2013, -141.283, 0.0, 141.283, 178.2013, 100.0, -41.283, -178.2013, -141.283, 0.0, 141.283, 178.2013, 100.0, -41.283, -178.2013, -141.283, 0.0, 141.283, 178.2013, 100.0, 180.0, 170.6148, 141.283, 95.1057, 38.3022, -20.8845, -74.7471, -119.2639, -150.0, -164.5051, -164.5051, -150.0, -119.2639, -74.7471, -20.8845, 38.3022, 95.1057, 141.283, 170.6148, 180.0, 170.6148, 141.283, 95.1057, 38.3022, -20.8845]

# Recent Trend: IMPROVING (ball count decreasing) - Last 3 iterations: [134, 145, 139, 137, 129, 139, 130, 147, 130, 97]

# Historical Weight Performance Feedback:

# Best Historical Policy (Iteration 174):
  Total balls remaining: 97 | Waypoints executed: 1460 | Grid: [np.int64(36), np.int64(8), np.int64(26), np.int64(25), np.int64(0), np.int64(2)]
# Weight Range Insight:
  Weight range = [-180,180]  (Δ = 360.000) → Suggested MAX_STEP = 30.0



Now you are at iteration 209 out of 500.  Please provide the results in the indicated format. Do not provide any additional texts.


