step,x,y,z
0,2.0560165844088008e-05,1.3914866027012543e-05,0.54
1,0.0007212658815849544,0.0011025123761602557,0.54
2,0.0015615834224624496,0.0025101322009301987,0.54
3,0.001998004724899833,0.0035558642782907157,0.54
4,0.0011986979348357484,0.003943262836087554,0.54
5,2.0111215998231628e-05,0.0037611152238197065,0.54
6,-0.0010075739013248111,0.0032084659309891874,0.54
7,-0.0013850073841871386,0.002860748851980094,0.54
8,-0.0015017697795587151,0.0025547653390000902,0.54
9,-0.0016295199848561145,0.0024494544278600514,0.54
10,-0.0018033575225014948,0.0022866906130993812,0.54
11,-0.0018049564175315208,0.002247204870207572,0.54
12,-0.001640054927350027,0.002471449075568873,0.54
13,-0.0013776721085798592,0.002703255902564606,0.54
14,-0.0008818246146013655,0.0029777065733079177,0.54
15,-0.0005252495319325592,0.0031223111214636144,0.54
16,-0.00022288805712149758,0.003358312373731774,0.54
17,0.0001352714739535671,0.003368716584662061,0.54
18,0.0005639423436707811,0.00330059717218262,0.54
19,0.000942884856039403,0.003295873144941787,0.54
20,0.0013483023567050258,0.003261964432463257,0.54
21,0.0016046933100976684,0.003267660194378224,0.54
22,0.0018463348100634666,0.0033204435121964287,0.54
23,0.0021149084095373593,0.003305507909898906,0.54
24,0.0024823830305903682,0.0033966890900095103,0.54
25,0.0028442128749068484,0.0035278064977420304,0.54
26,0.0032274855967445114,0.0037234945535949532,0.54
27,0.003650930932067672,0.004230100631223748,0.54
28,0.004169608356966536,0.004797393906092604,0.54
29,0.004846312136474222,0.005530942777936366,0.54
30,0.005459556265615693,0.006196872059685153,0.54
31,0.005993708344630134,0.006786523962793179,0.54
32,0.006540269952315667,0.007489966662881617,0.54
33,0.007126410580731237,0.00830379795535945,0.54
34,0.007687084299039947,0.009213697933423469,0.54
35,0.008267836853835262,0.009966875435163211,0.54
36,0.008868017920685596,0.010684010232688725,0.54
37,0.009363717932482179,0.011248217412753999,0.54
38,0.009848207514002833,0.011895269120082638,0.54
39,0.010394895494427712,0.01249909947650562,0.54
40,0.010932539088051491,0.012976584740879395,0.54
41,0.011529131217627992,0.013503133637371345,0.54
42,0.012116251316513596,0.013973838501315245,0.54
43,0.012694649027457266,0.014612992777676484,0.54
44,0.013368277311605253,0.01524283421087106,0.54
45,0.014103426145602492,0.01589948653812053,0.54
46,0.014805093064170466,0.016600704503202644,0.54
47,0.015477868540271259,0.017164844712835792,0.54
48,0.01617724653912255,0.017794976725217654,0.54
49,0.01688197527484414,0.018564396170393224,0.54
50,0.017592438777388954,0.019324390089198742,0.54
51,0.018300595320275347,0.020127625174446002,0.54
52,0.019008744933209927,0.020972541152494768,0.54
53,0.0197058524505557,0.02168335757479621,0.54
54,0.02047986747415533,0.02250285774615987,0.54
55,0.021202421990941783,0.023220980751303615,0.54
56,0.021920328968961972,0.0240753858947297,0.54
57,0.02271969719450597,0.024958062593043923,0.54
58,0.02350607006436409,0.025718999925666588,0.54
59,0.02432573163126738,0.026467629801229787,0.54
60,0.025113095177282753,0.027250230942114623,0.54
61,0.025937070971027022,0.028090039006305263,0.54
62,0.026745997015361133,0.02899607945264997,0.54
63,0.027548166182529102,0.029859957159815986,0.54
64,0.028336300646835892,0.030727927246273733,0.54
65,0.029200083875276967,0.03163968362354422,0.54
66,0.03001244695418247,0.03242401056525588,0.54
67,0.030772377249897648,0.03310935201252572,0.54
68,0.03155430972133429,0.033898139709150864,0.54
69,0.03237044958254264,0.03478597096391045,0.54
70,0.03328347815361037,0.03577476514461465,0.54
71,0.034157532839834324,0.03664552624180708,0.54
72,0.03497542013640202,0.0374114873616532,0.54
73,0.03581822709015433,0.03828585036398086,0.54
74,0.0366888220652758,0.03922889223112029,0.54
75,0.03764945295955891,0.0402722816462344,0.54
76,0.03851350364074394,0.04114324643296427,0.54
77,0.03931075579922372,0.04190469879572984,0.54
78,0.0401467405767461,0.042800956428835635,0.54
79,0.04102323118965327,0.0437656418791326,0.54
80,0.04189058372049134,0.044655531885122564,0.54
81,0.04279102675317901,0.0455910906819227,0.54
82,0.043774578583456104,0.04664707078941341,0.54
83,0.04471950825379556,0.04760248227553796,0.54
84,0.04563234009951172,0.04860969272864786,0.54
85,0.04658801487384538,0.04966303975789832,0.54
86,0.04755163977781886,0.050574186537938604,0.54
87,0.048282389208100254,0.051405743900082825,0.54
88,0.049018767177001946,0.05229294574485255,0.54
89,0.04986759312186555,0.05327630432392596,0.54
90,0.05080915603975304,0.054341674116530236,0.54
91,0.05183533497818449,0.055375875208282195,0.54
92,0.052743999708584115,0.05626685415274641,0.54
93,0.05364042597629269,0.057309504964709754,0.54
94,0.054507039371995185,0.05831670256701737,0.54
95,0.05539089248371755,0.05939880423631637,0.54
96,0.056359378275554275,0.06040868564941029,0.54
97,0.057453396688198335,0.06135510886972614,0.54
98,0.05848240836085855,0.062262689733363456,0.54
99,0.059419781077503474,0.0632483821921272,0.54
100,0.0604029213153954,0.06428677625635217,0.54
101,0.06145687700649724,0.0652656334505904,0.54
102,0.06244048796463309,0.0662533037128016,0.54
103,0.06342014296432848,0.06728415804097893,0.54
104,0.06447679918417268,0.06840256353086381,0.54
105,0.06551630237326563,0.0695105540284349,0.54
106,0.06657414630002657,0.07054357503697939,0.54
107,0.06759932809590262,0.07153201097706625,0.54
108,0.0686467811114627,0.07260105757564302,0.54
109,0.0696316992231417,0.07355518727491883,0.54
110,0.07054390735859638,0.07440472590142447,0.54
111,0.07149380087064242,0.07541190779785129,0.54
112,0.07249007328452112,0.07644543170636012,0.54
113,0.07354875692236901,0.07760051281232433,0.54
114,0.07447208403790338,0.07863389159218717,0.54
115,0.07537153637972163,0.07954452545806928,0.54
116,0.07635052034889657,0.08059730006241897,0.54
117,0.07736086497762387,0.08164619517489932,0.54
118,0.07845793429241027,0.08281135212732851,0.54
119,0.07950274632573728,0.0838407295398965,0.54
120,0.08046606376684845,0.08473623477402982,0.54
121,0.08147059160798145,0.08578586599703282,0.54
122,0.08249085542958208,0.08682508848622923,0.54
123,0.08359783196752876,0.08800493962940587,0.54
124,0.08463932496693376,0.0890508804379684,0.54
125,0.08555314518190067,0.08995947867999213,0.54
126,0.08653842281870039,0.09102871209335124,0.54
127,0.08754424124743375,0.09206988884961635,0.54
128,0.08861121079572831,0.0930645650357695,0.54
129,0.08968098448155003,0.0940508134409445,0.54
130,0.09076795233508414,0.09520987963538897,0.54
131,0.09175260159353948,0.09625891931535807,0.54
132,0.09275597798108207,0.09732250876055161,0.54
133,0.09378245341978131,0.09826163510037923,0.54
134,0.09483138638735232,0.09936682822100983,0.54
135,0.09591551560587792,0.10045386605953001,0.54
136,0.09690926308613951,0.101299588208588,0.54
137,0.09793029719201646,0.10238604675245461,0.54
138,0.09898527179430491,0.1034373655248163,0.54
139,0.09988361922319251,0.10437751050971975,0.54
140,0.10090618433943489,0.10526927078086806,0.54
141,0.1019781102086806,0.10638179817006471,0.54
142,0.10306925425076295,0.10748878822858861,0.54
143,0.10413325527873576,0.10862603765625009,0.54
144,0.10524226557944216,0.10967007363964876,0.54
145,0.10621642501812409,0.11067766521504618,0.54
146,0.10724325971841671,0.1118866580659362,0.54
147,0.10831509053170273,0.11301467743957802,0.54
148,0.10938939271279288,0.11416171690052944,0.54
149,0.11048508865856839,0.11516324331205798,0.54
150,0.11161947599875939,0.11637645967894363,0.54
151,0.1125868240784143,0.11748879855338981,0.54
152,0.11356385086020129,0.1185491077204049,0.54
153,0.11459110145402268,0.11974836949537757,0.54
154,0.11551801365033329,0.1207549983313317,0.54
155,0.11649102970522934,0.12174995899698467,0.54
156,0.11745355637173903,0.12255562706712841,0.54
157,0.1185166387752305,0.12363432928794364,0.54
158,0.11960038518457339,0.12467514080044592,0.54
159,0.12049831097393901,0.12561299583827393,0.54
160,0.12146102328313713,0.12670454253694932,0.54
161,0.12243431265612516,0.12772996544565798,0.54
162,0.12346545924373935,0.12874659676417588,0.54
163,0.12455049687221324,0.12992582566575908,0.54
164,0.12583254883898704,0.13101859558229284,0.54
165,0.12703096233055441,0.13201888776389908,0.54
166,0.12804729923972016,0.13291736322772968,0.54
167,0.12905221296394997,0.13404892534890042,0.54
168,0.13012411683225672,0.13512362494225666,0.54
169,0.13130059210651399,0.13613961162687765,0.54
170,0.13242033734492795,0.1370958086451267,0.54
171,0.13351341316115772,0.1383174893199756,0.54
172,0.13448519374133625,0.13932484747766313,0.54
173,0.13533010391102754,0.14023886851479248,0.54
174,0.1362324472325106,0.14139988576858034,0.54
175,0.13723713846592647,0.14245230285353672,0.54
176,0.1383029557244159,0.1436504357445171,0.54
177,0.13929663807477694,0.14469566730051808,0.54
178,0.14019173300511553,0.14560477268823105,0.54
179,0.14113056066612772,0.1467029663827615,0.54
180,0.14218340414572725,0.14772497122335848,0.54
181,0.1433000556870172,0.1488724861200329,0.54
182,0.14432486473821746,0.14988000283393405,0.54
183,0.1452644726980749,0.15077911608594313,0.54
184,0.14628123138369836,0.1519287770206296,0.54
185,0.14738855875247686,0.15297556228401618,0.54
186,0.14862243591882862,0.15397258530952374,0.54
187,0.14977977742899237,0.15485506344135705,0.54
188,0.1509035038864616,0.15597479208783602,0.54
189,0.15188617058101164,0.1570137683288445,0.54
190,0.1529038557902358,0.15801698095756928,0.54
191,0.1540476303167349,0.15892356487985657,0.54
192,0.1551672232250009,0.16011806354599462,0.54
193,0.1562711332698489,0.16117898583150111,0.54
194,0.157174055519022,0.1620445019546786,0.54
195,0.1580909117435992,0.16313957496939271,0.54
196,0.15909088427814824,0.1641364757057197,0.54
197,0.16002233435332838,0.16501986158960782,0.54
198,0.1611121469705932,0.16585759166620104,0.54
199,0.1621842937484379,0.1670592646735192,0.54
200,0.16326720801294223,0.16812033720751404,0.54
201,0.16432633647320025,0.16912900219611465,0.54
202,0.16548857514590368,0.17008112201473136,0.54
203,0.16657852571889867,0.17097098507581093,0.54
204,0.1675951190277988,0.1721994538858664,0.54
205,0.16848338082647632,0.17330505599457496,0.54
206,0.16950371439487405,0.17431647798716066,0.54
207,0.17049926520037945,0.17519202378016602,0.54
208,0.17148040207260928,0.1763326017141018,0.54
209,0.17239843731005725,0.17732136358738973,0.54
210,0.17312704710494073,0.17832046212492061,0.54
211,0.17417210737296454,0.17918185729179006,0.54
212,0.17522947369351138,0.18041581011967806,0.54
213,0.17625186916113447,0.1814323716461572,0.54
214,0.1772548264957814,0.18242392269575344,0.54
215,0.17845175145795308,0.1833811903156171,0.54
216,0.1795175511487613,0.18418567622261606,0.54
217,0.18071155553739449,0.18497581336879215,0.54
218,0.1818281918960983,0.1857926452861719,0.54
219,0.18289066902610576,0.18693722827087056,0.54
220,0.18369823220738352,0.1880965015339484,0.54
221,0.1845756128183171,0.18905993523833323,0.54
222,0.1855700430300694,0.1903250427944366,0.54
223,0.18685986693123716,0.19140540953506177,0.54
224,0.18781207334494296,0.1924279932594612,0.54
225,0.18878113633983357,0.1933722567109223,0.54
226,0.18975603074904307,0.19457050043617807,0.54
227,0.19080736139312585,0.195615318601173,0.54
228,0.1915489028181552,0.19655519159914447,0.54
229,0.19259777908180847,0.197320062794377,0.54
230,0.19366569439970915,0.1984121625257569,0.54
231,0.1947641777463018,0.1994039738817003,0.54
232,0.19579285939839086,0.20032569838562148,0.54
233,0.1969912453074119,0.2012423684243245,0.54
234,0.19805223000725666,0.2020777864521578,0.54
235,0.1990895355304509,0.20318124619820516,0.54
236,0.1999625408689778,0.2041880460005341,0.54
237,0.2007240448652955,0.20507927929625494,0.54
238,0.20159341174945963,0.20616799312963963,0.54
239,0.2026162284220423,0.20713959664996645,0.54
240,0.20371574390582967,0.2083503045137346,0.54
241,0.20469919621068383,0.20941167632693344,0.54
242,0.2055636461685262,0.21031103067780704,0.54
243,0.20650836958292274,0.21142365870142305,0.54
244,0.20749767302015876,0.2123409313955472,0.54
245,0.20871285939550527,0.2131734880972122,0.54
246,0.2098622221732867,0.2139892686211505,0.54
247,0.21096768647652436,0.21518059171857237,0.54
248,0.21178266748975835,0.21629994469465197,0.54
249,0.21266391215237446,0.21721181649619412,0.54
250,0.21364051287413996,0.21828455957594622,0.54
251,0.2149771699582691,0.21929843827888237,0.54
252,0.21597874425852223,0.2202298312703129,0.54
253,0.2169499477175329,0.22108214436886275,0.54
254,0.21792898356579848,0.22220509614490305,0.54
255,0.21892070599461416,0.2231479210489122,0.54
256,0.2197956486281688,0.22389863740695787,0.54
257,0.22089319939408772,0.2245507545067333,0.54
258,0.22194601215867013,0.22562934180789698,0.54
259,0.22299357711052886,0.22659400196433957,0.54
260,0.22403189207096344,0.22756215197566373,0.54
261,0.2251934681589077,0.22843044968405707,0.54
262,0.22624221497680427,0.22923266869293768,0.54
263,0.2272265770556706,0.2303832310867262,0.54
264,0.22797424979423958,0.23142505467116853,0.54
265,0.2288852147208158,0.23266903085278523,0.54
266,0.22968909573811225,0.23367930765712272,0.54
267,0.23057204079514632,0.23457034997120876,0.54
268,0.23149840522687856,0.23561001673771798,0.54
269,0.23235191738736344,0.23649714371390376,0.54
270,0.23342557406067171,0.23734386455603343,0.54
271,0.23445715973746473,0.23812963761959172,0.54
272,0.2354601013970651,0.23919285422006253,0.54
273,0.23651885219835822,0.24013867130420208,0.54
274,0.23744337045262093,0.24093114408278257,0.54
275,0.23861785418850695,0.24172597067819937,0.54
276,0.23971684753281247,0.2428656660025241,0.54
277,0.24072762469409978,0.24381511073674528,0.54
278,0.2417511232949843,0.2447440435526662,0.54
279,0.24294967714168833,0.24556763235661666,0.54
280,0.24398829582132597,0.24630301382558623,0.54
281,0.24491967845573845,0.24735715335838274,0.54
282,0.24560337506877075,0.24831175018553714,0.54
283,0.2464717720399968,0.2494776220541005,0.54
284,0.24720878565551926,0.25045252321362416,0.54
285,0.24807209001191471,0.25128427645769036,0.54
286,0.24904275588524505,0.2523464683781712,0.54
287,0.2499156574132435,0.2532328911421128,0.54
288,0.25111753410023463,0.2540017366544012,0.54
289,0.2522011375265056,0.2547322254176789,0.54
290,0.25323046447559455,0.2558225559820737,0.54
291,0.25427625357726436,0.25676488029532835,0.54
292,0.2550967678717962,0.25755412315598813,0.54
293,0.2559862669197424,0.25858283470511806,0.54
294,0.25729027599599485,0.2595691431944632,0.54
295,0.2584388641837227,0.2604009663617832,0.54
296,0.2594569793015087,0.26118902339540095,0.54
297,0.26064899037215666,0.2620052896787155,0.54
298,0.2616651257398544,0.26274684027217066,0.54
299,0.26259968186770555,0.2637779650701358,0.54
300,0.2633245293017807,0.2646606054267139,0.54
301,0.2639212518719424,0.2653872421541853,0.54
302,0.2646555188383197,0.26645993784769734,0.54
303,0.2655200209415488,0.2673065546171926,0.54
304,0.26650923185638165,0.26842321982088513,0.54
305,0.2673854272846975,0.26935327053260955,0.54
306,0.2681675221784988,0.27009032800308025,0.54
307,0.26904171074109484,0.2711096809322302,0.54
308,0.27007018468194527,0.27199164292403233,0.54
309,0.2711683253840171,0.2730936537800688,0.54
310,0.27212002436481103,0.27400706500316513,0.54
311,0.27294456285819574,0.2747205220007,0.54
312,0.2738237172208487,0.27574058343828883,0.54
313,0.27481938632698777,0.2765895411760696,0.54
314,0.27587602346792417,0.27760293238964284,0.54
315,0.2768332342545095,0.27844672276473775,0.54
316,0.2776865518587794,0.2790963857761372,0.54
317,0.27861482557608236,0.28006799609858285,0.54
318,0.27962828266694323,0.2808778549494644,0.54
319,0.2809202208889584,0.2815997533609445,0.54
320,0.2820313580377908,0.28228246521401434,0.54
321,0.2830799002590164,0.283278026960853,0.54
322,0.283927258913758,0.28412652828566304,0.54
323,0.2848483745750116,0.2849027633208477,0.54
324,0.2857913146234743,0.28592425315103964,0.54
325,0.2871459480222862,0.2868866925278466,0.54
326,0.2880259941517651,0.2876756345345709,0.54
327,0.2888329800207193,0.2883696564869228,0.54
328,0.28966932751045776,0.28936434661841987,0.54
329,0.2906077704334746,0.29022734324836924,0.54
330,0.29139809781864673,0.2908845185036083,0.54
331,0.2922476719131762,0.29184639115759686,0.54
332,0.2935422420767951,0.29271028328496984,0.54
333,0.29465069048682746,0.2934369487361428,0.54
334,0.29566253064202885,0.2942030988841829,0.54
335,0.29686216479995153,0.29504458263409894,0.54
336,0.2978598158002027,0.29577571655769563,0.54
337,0.2987449581030736,0.2967878289701792,0.54
338,0.2993993714824261,0.29763573456354,0.54
339,0.30019313289530514,0.2987003686955647,0.54
340,0.30085630908677496,0.29957594809161714,0.54
341,0.30169008564382727,0.3003403084006702,0.54
342,0.3025899009487301,0.3013313682443118,0.54
343,0.3033437359808849,0.30212169985641485,0.54
344,0.30454905123425224,0.3028364182886763,0.54
345,0.3055975577290032,0.30349679592512624,0.54
346,0.30654541211023256,0.3044785237306789,0.54
347,0.30752909519153143,0.30530571410731144,0.54
348,0.3083431984888589,0.30592817455102106,0.54
349,0.3091710316589941,0.3068564418866412,0.54
350,0.31046892444811836,0.30777341409574144,0.54
351,0.311558882458553,0.30849753660343426,0.54
352,0.31256542782973706,0.30923492831603944,0.54
353,0.31380632584724844,0.31002125712894857,0.54
354,0.31480164296021473,0.31069899556609515,0.54
355,0.315661417096615,0.31162548964537484,0.54
356,0.3163329496395493,0.31237209759044515,0.54
357,0.3171037652126219,0.3133542313275583,0.54
358,0.3177743752234536,0.31414774645060684,0.54
359,0.31859676036381607,0.31486350625464715,0.54
360,0.319450005772548,0.3158383051180817,0.54
361,0.3202204887844199,0.3165984673518791,0.54
362,0.321428208742409,0.31738378780745213,0.54
363,0.3224286409028891,0.3180372429946041,0.54
364,0.3233256791833548,0.31901114535529473,0.54
365,0.3242731002203667,0.3198235945518666,0.54
366,0.32504119588170843,0.32042410171469,0.54
367,0.32583248733141995,0.321326994559919,0.54
368,0.3271179247361863,0.32223392786112065,0.54
369,0.32822957463408553,0.32297051710947866,0.54
370,0.32925575227734294,0.32367892509947654,0.54
371,0.33050693972514167,0.3244508993629632,0.54
372,0.3315053828047827,0.3251048913943743,0.54
373,0.3323481680774014,0.32599139603925037,0.54
374,0.33295617580160697,0.32670126158873464,0.54
375,0.3336770828616623,0.32764089844531646,0.54
376,0.3343095621601709,0.32839047352143586,0.54
377,0.3351144507838631,0.3290692480709296,0.54
378,0.3359426310223446,0.3300012951919268,0.54
379,0.3366935960611548,0.3307162666504085,0.54
380,0.3378944732850178,0.33148457260996084,0.54
381,0.33887981876737566,0.3321179744512843,0.54
382,0.3397582872838428,0.33306140541750257,0.54
383,0.34070290848045137,0.3338441492393147,0.54
384,0.3414636408509485,0.3344109851468705,0.54
385,0.3422391827278931,0.33528117739406094,0.54
386,0.3435266437740493,0.3361783644810094,0.54
387,0.344645302720723,0.336898211773859,0.54
388,0.3456850648501926,0.3375719118582571,0.54
389,0.3469415709507575,0.3383328727778873,0.54
390,0.34793977662668685,0.3389686519458225,0.54
391,0.34876070293478223,0.3398209775248961,0.54
392,0.34930016164903643,0.3405267541581033,0.54
393,0.34998127514816574,0.3414382794237698,0.54
394,0.350594470952136,0.342146785988789,0.54
395,0.3514037386146718,0.34278322543642814,0.54
396,0.35222442787994956,0.3436630148280818,0.54
397,0.35351481648165756,0.34457262212680834,0.54
398,0.3543629365707622,0.3452803119661751,0.54
399,0.3552128882871511,0.3459525043151039,0.54
400,0.3559957007590799,0.3468599912308108,0.54
401,0.3569021177601696,0.34759247894308526,0.54
402,0.35813435530469856,0.34840030658444826,0.54
403,0.35915276514247646,0.3490586587053153,0.54
404,0.36009536902854683,0.3496327364756771,0.54
405,0.3613185005185782,0.35031941391528165,0.54
406,0.3623238391206921,0.3511393644960398,0.54
407,0.3632043806190724,0.3518127213336506,0.54
408,0.36376912262558864,0.35232816570248376,0.54
409,0.3647515623124365,0.3529608355730864,0.54
410,0.36561411742364414,0.35353582905690784,0.54
411,0.3663382320229838,0.35439146948372474,0.54
412,0.3671658459919581,0.3550903118363745,0.54
413,0.368335266321286,0.35590253327036075,0.54
414,0.36932705531606264,0.3565636321089395,0.54
415,0.3701376058657959,0.35740597302710536,0.54
416,0.3707359143506185,0.35805899262568924,0.54
417,0.37149439762397807,0.35865016512241815,0.54
418,0.3726407349595627,0.35940691750969195,0.54
419,0.37360947466455363,0.36033840435059783,0.54
420,0.37453797154145846,0.36107687319610726,0.54
421,0.3754782227853611,0.3617268523503467,0.54
422,0.3766710173338171,0.3625051415196716,0.54
423,0.37740026457359843,0.36304745993556453,0.54
424,0.378034713608105,0.36384007276988534,0.54
425,0.3787911805904187,0.3645021100760199,0.54
426,0.37965764301049437,0.36509124828533734,0.54
427,0.38082831343398243,0.36583750010926713,0.54
428,0.38180285888641324,0.36667775089253146,0.54
429,0.38244248467526637,0.36732431838741897,0.54
430,0.3831895434262022,0.36792353336110245,0.54
431,0.383880834413257,0.36872571797705767,0.54
432,0.3844685661231566,0.3693219926782459,0.54
433,0.3851755733106484,0.3701393335238283,0.54
434,0.38583827443434326,0.37076765761899133,0.54
435,0.38673871771443014,0.37132706021882667,0.54
436,0.3875820963125377,0.37214038876416483,0.54
437,0.38893397723679374,0.37303121805626027,0.54
438,0.39011668458776466,0.3737001510155174,0.54
439,0.3909014785224232,0.3741529419826445,0.54
440,0.3915921074624143,0.37487190902906065,0.54
441,0.39247074877204585,0.3754529050215059,0.54
442,0.39369025593281587,0.3761950227631595,0.54
443,0.39475898261166986,0.3767782572471466,0.54
444,0.39562145722044467,0.3775143696358173,0.54
445,0.39624869440358196,0.37806001508479825,0.54
446,0.39678451847707874,0.37844039443123856,0.54
447,0.39735743724134326,0.37918663483286486,0.54
448,0.39816228377278207,0.3801302459239817,0.54
449,0.398900966524658,0.3808882724892217,0.54
450,0.3998776970316321,0.38152370032278693,0.54
451,0.400980637183031,0.3820441577414984,0.54
452,0.40231854911025317,0.38275570824423566,0.54
453,0.4033794776166496,0.38355656057598564,0.54
454,0.40440259324128636,0.38414449246129273,0.54
455,0.4050910134897062,0.38454447838666816,0.54
456,0.40612488759829335,0.38515206626248055,0.54
457,0.4069672133162873,0.38594951273812306,0.54
458,0.40784481700982905,0.3866013566383474,0.54
459,0.4087788887887569,0.3871765004067265,0.54
460,0.40991750011934674,0.3878970512964926,0.54
461,0.4108866847449646,0.3884446947801457,0.54
462,0.41161551740722296,0.38912163648486703,0.54
463,0.412115948918758,0.3896142798614424,0.54
464,0.4130810809535458,0.3902723026787925,0.54
465,0.41397493235208915,0.39082037852277224,0.54
466,0.4146656999843962,0.3915899681794345,0.54
467,0.4155009495540555,0.39219218342308126,0.54
468,0.4161057705702561,0.3926061052015495,0.54
469,0.4166654611787978,0.39329970810297515,0.54
470,0.4178086008062957,0.39413946192499305,0.54
471,0.41887580690110693,0.3947477834633582,0.54
472,0.41991699159268814,0.39525779744518846,0.54
473,0.4211159620210204,0.3959622637857122,0.54
474,0.4220302545937402,0.3967167065480357,0.54
475,0.422930699392055,0.39729694858655107,0.54
476,0.42356700124599916,0.39771661100492584,0.54
477,0.4245187109702638,0.39831980930100475,0.54
478,0.4253779460624096,0.3988187358683772,0.54
479,0.4259916600134358,0.3995348206800106,0.54
480,0.4267763186383566,0.40007911612042896,0.54
481,0.4278699439357934,0.400816238344326,0.54
482,0.4288472537923674,0.4013543495637458,0.54
483,0.42956617358319454,0.4020193231273331,0.54
484,0.43006372834722534,0.4025152957603458,0.54
485,0.43053574756917506,0.402872550590074,0.54
486,0.4309994514735406,0.40357091483031926,0.54
487,0.43166763929296936,0.4044553821409251,0.54
488,0.432300129891522,0.4051620442087561,0.54
489,0.4332614557899831,0.4057031985920982,0.54
490,0.43410619644414433,0.40640253653070135,0.54
491,0.43482002345664106,0.4069066845990694,0.54
492,0.4360102816016261,0.40758486055900806,0.54
493,0.437155861087844,0.4080844375378736,0.54
494,0.43801200776234234,0.408774000036009,0.54
495,0.43902779971201034,0.4092615629417732,0.54
496,0.4402800181155885,0.40994023458106527,0.54
497,0.44140130388278925,0.4104147276613007,0.54
498,0.4424609904399288,0.4107684065239372,0.54
499,0.4436218859119709,0.41135277785842067,0.54
500,0.4444411043475803,0.41197373541458315,0.54
501,0.4449477334036995,0.41243814187062294,0.54
502,0.44564262711145336,0.4128419786036498,0.54
503,0.44616611153604313,0.4134369125048267,0.54
504,0.4465902773743518,0.4138679452148082,0.54
505,0.4470933904379958,0.41452901189356844,0.54
506,0.4476051450775751,0.41503761815172197,0.54
507,0.44823818380595765,0.41577756402240396,0.54
508,0.44886793334962594,0.41636047881775606,0.54
509,0.44985320183108923,0.4168059314734714,0.54
510,0.45065707829354695,0.41750654984352775,0.54
511,0.4519950729463575,0.41837187592430164,0.54
512,0.45325480730072903,0.41892947452726453,0.54
513,0.454110347862591,0.4193006719536965,0.54
514,0.45475297971792744,0.41989076466490743,0.54
515,0.4556736513699401,0.4202897102924996,0.54
516,0.45688412142037976,0.42093345600685744,0.54
517,0.45801306278086457,0.4213509826902146,0.54
518,0.4587953321468342,0.42189308066131886,0.54
519,0.4593455326091446,0.42228116982580194,0.54
520,0.46033007219023364,0.4228598079728221,0.54
521,0.4613126609051502,0.42328211411835276,0.54
522,0.46198485767140346,0.4238859893156509,0.54
523,0.46287117134404515,0.42431730263987777,0.54
524,0.4639954741816392,0.4249749499300825,0.54
525,0.4650352363033339,0.42542807347867234,0.54
526,0.4660289216243366,0.425782425022869,0.54
527,0.4671129571658592,0.4264179413039378,0.54
528,0.4678274743052957,0.42708386593087005,0.54
529,0.4682810284641473,0.4276011768771571,0.54
530,0.4689466978308888,0.4280102990481217,0.54
531,0.4694051741173547,0.4285960266345514,0.54
532,0.4703921022340848,0.42933969870249694,0.54
533,0.47139056295802073,0.4298214576528872,0.54
534,0.47241986930954477,0.430178676305441,0.54
535,0.4735306388894129,0.43076599149673456,0.54
536,0.47449477216661046,0.43114532722122145,0.54
537,0.47552210619371993,0.43171007300381303,0.54
538,0.47637596805348587,0.4321052589735523,0.54
539,0.4768332013453146,0.43262393911807495,0.54
540,0.4775120478583699,0.4329704324082116,0.54
541,0.47846555282189995,0.433578105015368,0.54
542,0.4790994401611654,0.4339953295399125,0.54
543,0.4798318208732482,0.43432568153706086,0.54
544,0.4802304144690502,0.4348730730250304,0.54
545,0.4806576536233403,0.43554557472590544,0.54
546,0.48104218255234815,0.43606658782742996,0.54
547,0.4815112955885544,0.4364308344029262,0.54
548,0.4819904970361292,0.4370464236114465,0.54
549,0.4829336732314009,0.4373987672846556,0.54
550,0.4842002559406398,0.43806492561643484,0.54
551,0.4854345222727707,0.4384577966160053,0.54
552,0.4862327055492496,0.4390085320139074,0.54
553,0.48680698657863125,0.43943229134124895,0.54
554,0.4878239197600814,0.44006539106803433,0.54
555,0.48886989263752123,0.44046520597412436,0.54
556,0.48954059020393603,0.4410291953641766,0.54
557,0.49048237489372937,0.4413693978101998,0.54
558,0.49163934843493484,0.4419523823130761,0.54
559,0.49275703230312334,0.4422904951684335,0.54
560,0.4934546313088685,0.4427292998072757,0.54
561,0.49396405419753353,0.44310443665199845,0.54
562,0.4948884535285313,0.4436724165471353,0.54
563,0.49585497248055643,0.44403053656606134,0.54
564,0.49643352114262945,0.444537643300274,0.54
565,0.49728780291569136,0.4448509089384131,0.54
566,0.4983506887033575,0.44543277765852235,0.54
567,0.4993820417110558,0.44577799292913134,0.54
568,0.5001110357460825,0.44601408232687595,0.54
569,0.5004931116526798,0.44647918409201737,0.54
570,0.5008523107397223,0.4470883203888308,0.54
571,0.5012101332637238,0.4475812262929418,0.54
572,0.501676001390882,0.44793169370633157,0.54
573,0.502113522017911,0.44851345482224647,0.54
574,0.5027410151858268,0.4492054078664018,0.54
575,0.5033812844448752,0.44972958972329535,0.54
576,0.5044982294971777,0.45001132718723863,0.54
577,0.5058331390551258,0.4505599224839187,0.54
578,0.5071415279231969,0.45084719476414736,0.54
579,0.507956280425003,0.45127787423493,0.54
580,0.508542581072088,0.4516071368711144,0.54
581,0.5090161781816874,0.4521142136536146,0.54
582,0.509503814684494,0.45248234260539044,0.54
583,0.5100357616635308,0.45301800694548766,0.54
584,0.5106248719660171,0.453390492633572,0.54
585,0.511689479739215,0.4535604864257257,0.54
586,0.5124800559931549,0.4539534044270145,0.54
587,0.513752639242232,0.45460317851849946,0.54
588,0.5150625636692234,0.4548983302440129,0.54
589,0.5159569647646809,0.4550884420354657,0.54
590,0.5164726829983055,0.4554997225842653,0.54
591,0.5170417658699316,0.4560208901773258,0.54
592,0.5175818030061852,0.456441997017146,0.54
593,0.5181690518960445,0.4567420787223153,0.54
594,0.5186721562230767,0.45726927683904356,0.54
595,0.5196774485647216,0.45750014979320264,0.54
596,0.5209469048881584,0.45807705818337435,0.54
597,0.5222288965823567,0.4583505663664667,0.54
598,0.5230669398602313,0.45874787093856867,0.54
599,0.5236711664047252,0.45907411227430417,0.54
600,0.5241689426136354,0.4595432864815657,0.54
601,0.5246490379837127,0.4599122516270771,0.54
602,0.5251709505978087,0.4604166174797011,0.54
603,0.5257215947743085,0.46079727164283835,0.54
604,0.5267503433095425,0.4609497183991273,0.54
605,0.5275308037159305,0.46131686728211574,0.54
606,0.5287595736973121,0.4619796529207012,0.54
607,0.5296478430347974,0.4624348455515662,0.54
608,0.5307249848707534,0.46266363261686116,0.54
609,0.5313877210668886,0.4630585742900771,0.54
610,0.5320527021361185,0.4634912857671086,0.54
611,0.5326374442381201,0.4638416661205418,0.54
612,0.5332421066267222,0.464074030107139,0.54
613,0.5337498305714029,0.46449296753017993,0.54
614,0.534748732389437,0.46462123485420365,0.54
615,0.5359644592178934,0.4651266954479575,0.54
616,0.5372149558288868,0.4653150316134847,0.54
617,0.5380674694684504,0.46561144378964,0.54
618,0.5386758669860778,0.4658960215641253,0.54
619,0.5396148881439472,0.4664428971365346,0.54
620,0.5406387205735312,0.4666953632490501,0.54
621,0.5412911423717605,0.467067014085499,0.54
622,0.542225436431417,0.4672116851572446,0.54
623,0.5433355866651728,0.4677167260305348,0.54
624,0.54442709822858,0.4679245385596824,0.54
625,0.5455283507370915,0.46838530221364566,0.54
626,0.5465314398498238,0.46861188562071526,0.54
627,0.5470531614140515,0.4689340131464596,0.54
628,0.5477990187947039,0.46907712980996064,0.54
629,0.5487203400999773,0.4695828926884103,0.54
630,0.5493436809718033,0.4699269024404702,0.54
631,0.5500870490520762,0.47012367025294516,0.54
632,0.5504494535998714,0.4705209969829121,0.54
633,0.5507357208966134,0.4709613484554875,0.54
634,0.551059084712894,0.4713388685069133,0.54
635,0.5515075605055767,0.4715956662491613,0.54
636,0.5518487739514448,0.4720541259229951,0.54
637,0.5523459316446723,0.47252884677143164,0.54
638,0.5528511011120433,0.4729285162582157,0.54
639,0.5534449993562325,0.47320118870037886,0.54
640,0.5540070041294312,0.473644797804005,0.54
641,0.5550356026331739,0.4737412529189445,0.54
642,0.5562459020765614,0.4742107045587687,0.54
643,0.5575228612378393,0.4743276271077035,0.54
644,0.5584818832162867,0.47453978643010514,0.54
645,0.5591683859699459,0.47475365737028913,0.54
646,0.5601400407048925,0.4752228422554854,0.54
647,0.5612181387744261,0.4753662780193936,0.54
648,0.5620043403531964,0.4756117538516127,0.54
649,0.5630278586888858,0.47562537891262147,0.54
650,0.564178268036201,0.4760347552992756,0.54
651,0.5653010222749547,0.4761329331739776,0.54
652,0.5663918924563417,0.4765099725258609,0.54
653,0.5673972016937602,0.4766451641640946,0.54
654,0.5679285690485999,0.47688552459145056,0.54
655,0.5686540802496295,0.4769636728179366,0.54
656,0.5695313533748803,0.47743586790852227,0.54
657,0.5703934343983085,0.47761904724787996,0.54
658,0.5711732079572837,0.4780501304802442,0.54
659,0.571947281634491,0.47825035198594956,0.54
660,0.5723285162757393,0.4785650994480159,0.54
661,0.5727187007890927,0.4788607792652247,0.54
662,0.5729597066828869,0.47926858299207353,0.54
663,0.5733165493273009,0.4796248284026858,0.54
664,0.5739962907858672,0.47975882613066606,0.54
665,0.5747919711312318,0.4802728137992076,0.54
666,0.5753144405857947,0.48075625081507434,0.54
667,0.57613165323651,0.48087797385438835,0.54
668,0.5768043493926576,0.48096808285821685,0.54
669,0.5773103195204143,0.4812132572962296,0.54
670,0.5781883988467237,0.48169306115364147,0.54
671,0.5792121035126253,0.48178528536112153,0.54
672,0.580381832249053,0.4816979348431616,0.54
673,0.581402738552957,0.4819830454568124,0.54
674,0.5820822607457447,0.48219504744907965,0.54
675,0.5825216689622774,0.48252148662307737,0.54
676,0.5832666299472944,0.4825838567023801,0.54
677,0.5839086041888851,0.4827660817793056,0.54
678,0.5844628044186924,0.48299471930380433,0.54
679,0.5854138803690425,0.48352834663660477,0.54
680,0.5864057610915038,0.4836683627374016,0.54
681,0.5870570004929184,0.4838992283787016,0.54
682,0.5879164778834567,0.4838925806259488,0.54
683,0.5887754119500203,0.48424783736574173,0.54
684,0.5894010235830417,0.4845229578626508,0.54
685,0.5901943010023573,0.4845949844011087,0.54
686,0.5906207345537815,0.4848836288485239,0.54
687,0.591058746037756,0.4851923202269188,0.54
688,0.5914961014991932,0.48551034332061427,0.54
689,0.5920348365663747,0.485721267472302,0.54
690,0.5924842794072285,0.4860542999656405,0.54
691,0.5933496651912743,0.4865836820711695,0.54
692,0.5943510376072225,0.486663164926183,0.54
693,0.5955137779508919,0.4865327701275244,0.54
694,0.596500333173326,0.486764296577088,0.54
695,0.5972570246519883,0.48693149666723123,0.54
696,0.5978267027998969,0.4871363290207433,0.54
697,0.5986914980034649,0.4871167415948869,0.54
698,0.5993348004491618,0.48723106654735443,0.54
699,0.5998893864252846,0.4873902225803178,0.54
700,0.600655862389153,0.48781586230993323,0.54
701,0.6015154849620803,0.4878823325700325,0.54
702,0.6021380853660024,0.4880778680742556,0.54
703,0.6029765377937256,0.48801505509611015,0.54
704,0.6038364459531065,0.4883452907849627,0.54
705,0.6044726088446706,0.48860366253718107,0.54
706,0.6052853781595036,0.48861587798963346,0.54
707,0.6057688210500003,0.4888241662261069,0.54
708,0.6065163168719941,0.48929146982361144,0.54
709,0.6073618723561701,0.4893553432970832,0.54
710,0.6080444459425024,0.48939840177678773,0.54
711,0.6084947532097766,0.4896074815932006,0.54
712,0.6090278557193523,0.4898123983594936,0.54
713,0.6095421937215197,0.4900685228424156,0.54
714,0.6101419270063935,0.49024068766966067,0.54
715,0.6106602561189503,0.4905223176916301,0.54
716,0.6114766617773514,0.49047380341987806,0.54
717,0.6123789251742845,0.4907992441303101,0.54
718,0.6133578757100088,0.49075351961781705,0.54
719,0.6142834442483187,0.4910117232364877,0.54
720,0.6152519478184341,0.4909577764982499,0.54
721,0.6159490761476615,0.4910165009994545,0.54
722,0.6165086622693916,0.4911437324404844,0.54
723,0.6170200403630514,0.4913284967742384,0.54
724,0.6175313334411096,0.49153490271097144,0.54
725,0.6180790123970551,0.49177052241458863,0.54
726,0.6186280890814063,0.4920122783206357,0.54
727,0.6194699993359455,0.4919600237834043,0.54
728,0.6203276526615839,0.492277951087818,0.54
729,0.6210288738753528,0.4925493285861507,0.54
730,0.621920232048034,0.4924647425035021,0.54
731,0.6226468223677503,0.4924270896334952,0.54
732,0.6232033851052664,0.4925291557022443,0.54
733,0.6240126064697028,0.4928688784108277,0.54
734,0.6249289604246214,0.4928229800527206,0.54
735,0.6256833758747666,0.49280351933252503,0.54
736,0.6262340028885053,0.4929268863057095,0.54
737,0.6270138462935095,0.4928009696062536,0.54
738,0.6278187796449372,0.4930713418146051,0.54
739,0.6284225831371958,0.49329165574766537,0.54
740,0.6289084952535468,0.4935708316361706,0.54
741,0.6296584045877097,0.4935327840158992,0.54
742,0.6306118731482286,0.4933232766711318,0.54
743,0.631444156602564,0.4935692190620685,0.54
744,0.6323262103278909,0.4939373071386748,0.54
745,0.6331885831674736,0.4939282861313775,0.54
746,0.6341504133847029,0.49374989789883317,0.54
747,0.6347071865144449,0.4937496740336948,0.54
748,0.635393916050634,0.49404243739619874,0.54
749,0.6359468333165225,0.4942910433311669,0.54
750,0.6366944665974599,0.49426214701582594,0.54
751,0.6371642186796206,0.4943646779557007,0.54
752,0.6378458029804508,0.4946820979530787,0.54
753,0.638635997318818,0.4946402415670392,0.54
754,0.6393262242152244,0.49460468997777884,0.54
755,0.6397625896581329,0.4947130623713309,0.54
756,0.6404319862148845,0.49457678919399806,0.54
757,0.6411184662588746,0.4948149986958851,0.54
758,0.6416624707070437,0.49498347296700207,0.54
759,0.6420719457928749,0.4952142133969459,0.54
760,0.6427655449987583,0.4951333290757176,0.54
761,0.643392589142854,0.49513617906193597,0.54
762,0.6440047237650679,0.4952289547128953,0.54
763,0.6449374149647206,0.49560213258980274,0.54
764,0.6459030967452368,0.4955256537941836,0.54
765,0.6465821886046373,0.49551714464131125,0.54
766,0.6474374639118283,0.49526804923094775,0.54
767,0.6482146617129783,0.4953641588461897,0.54
768,0.6488092616584249,0.49545485862623234,0.54
769,0.6492852947410095,0.49560395896260356,0.54
770,0.6500072391170082,0.4954807423924761,0.54
771,0.6509173432458769,0.4952105024988018,0.54
772,0.6516730614547431,0.495389288059629,0.54
773,0.6524563135854545,0.49569266231242964,0.54
774,0.6532289167066889,0.49564166404286364,0.54
775,0.6541160842987008,0.49542687634290455,0.54
776,0.6545811341841115,0.495403730390799,0.54
777,0.6551798479196377,0.49566182656135677,0.54
778,0.6557049541924849,0.49586955040764824,0.54
779,0.6564213158667579,0.49579488801012533,0.54
780,0.6568469508694521,0.4958577439469554,0.54
781,0.6574808676458495,0.4961176188753031,0.54
782,0.6582274921867067,0.49601682742420544,0.54
783,0.658896421101217,0.4959285226655739,0.54
784,0.6593270300816682,0.4959846128480247,0.54
785,0.6598255463523164,0.4960181711626744,0.54
786,0.6603692967489698,0.4961451548793086,0.54
787,0.6609982959448014,0.496189381204439,0.54
788,0.6614797132220535,0.49631208942535293,0.54
789,0.6622007284126773,0.4961301723537225,0.54
790,0.662942312912942,0.49626544210030915,0.54
791,0.6637747918466325,0.49605906246458886,0.54
792,0.664417062988597,0.4959649679031146,0.54
793,0.6649842606830938,0.4959731560933732,0.54
794,0.6656701982596974,0.4961629493319561,0.54
795,0.6664572402460489,0.49599675296861223,0.54
796,0.6670627093277313,0.49595183899732026,0.54
797,0.6675956613213216,0.4959922272254687,0.54
798,0.6681061770731526,0.4960696164630676,0.54
799,0.6686318885813503,0.4961841073215589,0.54
800,0.6691888411794142,0.4962937984769351,0.54
801,0.6697602131535502,0.4964256948221826,0.54
802,0.6705828014833034,0.4962351880703016,0.54
803,0.6711904751876551,0.4962077036532135,0.54
804,0.6719925593732937,0.4964133454380426,0.54
805,0.6725979843045583,0.49657847466854643,0.54
806,0.6734250365255345,0.4963847450492189,0.54
807,0.6739960902877459,0.49632043485552907,0.54
808,0.6746248845567795,0.4961968481667907,0.54
809,0.6751889388410306,0.496175112716999,0.54
810,0.6757797790645547,0.49608986068431227,0.54
811,0.6763156356690763,0.4960484694484817,0.54
812,0.6771070231702487,0.49569063874173963,0.54
813,0.6779033629050348,0.4956767257933427,0.54
814,0.678487315971769,0.4956699223258822,0.54
815,0.6790093432274339,0.4957271409619429,0.54
816,0.6797818842706118,0.4954711640599807,0.54
817,0.6804826746221336,0.49531779304162205,0.54
818,0.6811298935733572,0.4953053926346421,0.54
819,0.6817727384002933,0.4952502677348737,0.54
820,0.6822258987883686,0.49534142227884537,0.54
821,0.6827772576077499,0.4953869455730915,0.54
822,0.6833273757854088,0.4955046332469421,0.54
823,0.6839388890259852,0.4955130569939504,0.54
824,0.6844582630649155,0.49557611680559616,0.54
825,0.6852187224963774,0.49528226854929674,0.54
826,0.6860042464348574,0.4952891513711406,0.54
827,0.6868778194124487,0.49493593287656407,0.54
828,0.687569276310891,0.49470712234815073,0.54
829,0.688129856561341,0.49461267369858775,0.54
830,0.6888086152864861,0.49468518778038845,0.54
831,0.6896027114981276,0.49440169810950313,0.54
832,0.6902202110502791,0.49426040829243856,0.54
833,0.6910159110686551,0.49387745527422244,0.54
834,0.691773703086592,0.4938716561156057,0.54
835,0.6923594625081873,0.49386650699283846,0.54
836,0.6928717193441947,0.49389047894470983,0.54
837,0.6935993591820886,0.4936235219171958,0.54
838,0.6942665448011753,0.4934334202149926,0.54
839,0.6947100086029563,0.49343022457859204,0.54
840,0.6953714773216052,0.4936385292353813,0.54
841,0.6960964563977526,0.4934545965991129,0.54
842,0.6967364568006662,0.49329489636236423,0.54
843,0.6971527127876235,0.4933058848475796,0.54
844,0.6976478380761618,0.49328451925254896,0.54
845,0.698193820404088,0.4933532291935568,0.54
846,0.6988145954917248,0.49332261523395077,0.54
847,0.6992963647204087,0.4933585676487497,0.54
848,0.7000044769439682,0.49306304387355915,0.54
849,0.7007135326148528,0.4930601461019923,0.54
850,0.7015161763462986,0.49270622727601643,0.54
851,0.7021292100267795,0.4924767661097776,0.54
852,0.7026633897864022,0.4923673031126815,0.54
853,0.7032926752803513,0.4924075632636709,0.54
854,0.7040445004416294,0.49208724628979955,0.54
855,0.7046190238430589,0.4919059206698705,0.54
856,0.7053805713492209,0.49147597712918106,0.54
857,0.7060929699603641,0.491412082609782,0.54
858,0.706661224825214,0.4913716722096056,0.54
859,0.7071467797066501,0.4913640317262346,0.54
860,0.7078486163422837,0.49105855797409176,0.54
861,0.7084970517965002,0.4908259079911307,0.54
862,0.7089202723739181,0.4907813939195594,0.54
863,0.7095496129305756,0.4909334859688166,0.54
864,0.7102531089632372,0.4906892923223784,0.54
865,0.7111360161410905,0.49022672384550514,0.54
866,0.711814557424343,0.490155322504236,0.54
867,0.7124883653771072,0.49017981208809086,0.54
868,0.7132077178918437,0.4898820019813071,0.54
869,0.7140717190282193,0.48941885280114705,0.54
870,0.714513310927808,0.48923173864705854,0.54
871,0.7150622047165334,0.48930783598557315,0.54
872,0.7155362435305893,0.4893819517768663,0.54
873,0.7162102358064438,0.4891497646727156,0.54
874,0.7166011210997286,0.489101708783404,0.54
875,0.7170345004594586,0.4890203022262333,0.54
876,0.7175599859824843,0.4890294091460335,0.54
877,0.7181589035916202,0.4889306301846197,0.54
878,0.7185656226723472,0.4888954704246886,0.54
879,0.7191728489505983,0.4889372306925521,0.54
880,0.7198941237509227,0.48860650128449035,0.54
881,0.7208257141979995,0.48803831199650866,0.54
882,0.7214812210695316,0.4878060376552453,0.54
883,0.7220083527041865,0.4875640722146406,0.54
884,0.7224776692601294,0.48744980981239083,0.54
885,0.7232020216475145,0.48707477864306004,0.54
886,0.7236833427456959,0.4868439485693453,0.54
887,0.724167378676914,0.4867087080357551,0.54
888,0.7247164607798094,0.4867381357967283,0.54
889,0.7251733760333238,0.48672131332060986,0.54
890,0.7258622763824399,0.4863585506055999,0.54
891,0.7265200687355381,0.48607034930449944,0.54
892,0.7270041871598197,0.48590508468443483,0.54
893,0.7274875372621488,0.4858023091662001,0.54
894,0.727903962514636,0.4857499891802915,0.54
895,0.7285484546176325,0.485369111431411,0.54
896,0.7291289717421706,0.48532387561844487,0.54
897,0.7296387233633019,0.485236898665345,0.54
898,0.7300937346092278,0.48516649852333427,0.54
899,0.7308041163832012,0.4847501018319398,0.54
900,0.7317078642627844,0.48411784878963726,0.54
901,0.7323358557762545,0.4839243031358912,0.54
902,0.7329660027851349,0.4838421755950803,0.54
903,0.7335877622213168,0.48349394632352555,0.54
904,0.7344358243010258,0.4829072363281451,0.54
905,0.7348600107216897,0.48261129456349,0.54
906,0.7354040788825275,0.4826067172763217,0.54
907,0.7358765544314384,0.48261494471300914,0.54
908,0.7365682280205523,0.48227040891159045,0.54
909,0.7370214982220095,0.4821135619405177,0.54
910,0.7376241150578237,0.4821301566826395,0.54
911,0.7383035036446097,0.48177159208663833,0.54
912,0.7391100197616163,0.48122941397733254,0.54
913,0.7396984446813546,0.48106472603295364,0.54
914,0.7402266647955351,0.48099394469905526,0.54
915,0.74086283090689,0.48058025960340334,0.54
916,0.7416598745581704,0.47997514808942365,0.54
917,0.7420315311378325,0.4796803554354819,0.54
918,0.7424566343818553,0.47965388367312506,0.54
919,0.7428621977868447,0.4796289778613077,0.54
920,0.743504641892425,0.47927968932031073,0.54
921,0.7438670242173389,0.47914907142946184,0.54
922,0.7442787616438694,0.4789921471463926,0.54
923,0.7448100138535804,0.47894800862525433,0.54
924,0.7453949536258968,0.47879525346414553,0.54
925,0.7458133606059852,0.478685068421026,0.54
926,0.7464025022849261,0.47825263330963347,0.54
927,0.746963532790308,0.4780899566206819,0.54
928,0.7473951686442643,0.4779123567054307,0.54
929,0.7477887511659735,0.4777635915798288,0.54
930,0.7484558433304301,0.47724659077366455,0.54
931,0.7490361805717985,0.4768275237909474,0.54
932,0.7496014034638391,0.4765670510097712,0.54
933,0.7501328069568751,0.47626968741192627,0.54
934,0.750516570644334,0.4761021925077408,0.54
935,0.7510202960813531,0.47585878972911094,0.54
936,0.7515415182604265,0.47574319965593126,0.54
937,0.7521016261388878,0.4755330868202493,0.54
938,0.7525750970262175,0.47537511340352284,0.54
939,0.753266420947662,0.4748439556940267,0.54
940,0.753905066009687,0.4745948036722305,0.54
941,0.7546479995555694,0.47398120588017156,0.54
942,0.7552170065383036,0.4735357464045826,0.54
943,0.755702575823398,0.4732615316599314,0.54
944,0.7562350782754861,0.4731156112804864,0.54
945,0.7569071183215905,0.4725856826885307,0.54
946,0.7574203844909938,0.47223233827114064,0.54
947,0.7580780302833676,0.47166381829661314,0.54
948,0.7586777009734424,0.4714347965072809,0.54
949,0.7591742644507679,0.47126244594205957,0.54
950,0.7596379721846097,0.4710905975064859,0.54
951,0.7603115198220625,0.47058417994415835,0.54
952,0.7609184909002886,0.47017741843253824,0.54
953,0.7613062818741412,0.46997147425826996,0.54
954,0.7618478245074258,0.4699300003689249,0.54
955,0.7624743746917404,0.4694813653574626,0.54
956,0.7633025366462107,0.46878669067488693,0.54
957,0.7638788536139786,0.468498617950466,0.54
958,0.7644184308399627,0.4683150928456884,0.54
959,0.7650434845592041,0.4677930510979678,0.54
960,0.7658375989185353,0.46707773679202996,0.54
961,0.7662208028430285,0.4667169937760477,0.54
962,0.7666789072461435,0.4666225395809025,0.54
963,0.7670998519709793,0.4665707851297993,0.54
964,0.7677281878718529,0.4661623602048183,0.54
965,0.7680874695154811,0.4659751737922566,0.54
966,0.7684883944479861,0.4657566529566226,0.54
967,0.7690105875298191,0.46564198636420573,0.54
968,0.7695756756773601,0.4654159634040685,0.54
969,0.7699452500426897,0.4652490291510042,0.54
970,0.7705114729418248,0.4647153313913744,0.54
971,0.7709999785110553,0.46446118727129004,0.54
972,0.7713683182273535,0.4642031951270287,0.54
973,0.7716898530573437,0.4639858500736553,0.54
974,0.7723040209177373,0.463378308450808,0.54
975,0.7728174188359666,0.4628863559758697,0.54
976,0.7733401864897095,0.46256818653542153,0.54
977,0.7738297935759313,0.46221028079911164,0.54
978,0.7741741883157505,0.46199509784468396,0.54
979,0.7746438892843591,0.4616970961329963,0.54
980,0.7751449856854296,0.4615324259401887,0.54
981,0.7756645267053333,0.4612702195571741,0.54
982,0.7761220825362715,0.46104098249631237,0.54
983,0.776800436955462,0.4604108330849898,0.54
984,0.7773684824480636,0.4599032668987591,0.54
985,0.7778906024947593,0.4595685684190516,0.54
986,0.7784360833660471,0.4593170464925604,0.54
987,0.7791059826663574,0.4586246754784598,0.54
988,0.7796234537127088,0.4580786710664451,0.54
989,0.7800498745722271,0.4577105110349902,0.54
990,0.7804607679217481,0.4573599362118924,0.54
991,0.7808920796762208,0.457101895021224,0.54
992,0.7815924853667003,0.45644755967321426,0.54
993,0.7821379376172045,0.4561094566429406,0.54
994,0.78263801352358,0.4557889848542482,0.54
995,0.7832854875504573,0.4551144156592846,0.54
996,0.783817625901223,0.45460146130218737,0.54
997,0.7841905644323091,0.4542652445920953,0.54
998,0.7847081219976951,0.4540645317099664,0.54
999,0.7853388510270435,0.4534601943993194,0.54
1000,0.7858731446110614,0.4529656141930724,0.54
1001,0.7862465270872463,0.45266784435445023,0.54
1002,0.7867146274312353,0.45232553044327917,0.54
1003,0.787254973185665,0.4521332659869365,0.54
1004,0.7878123657843168,0.4518526912513191,0.54
1005,0.7882236369891611,0.45163660656054466,0.54
1006,0.7888435814406809,0.4510444643892164,0.54
1007,0.7893593185018879,0.45070714278696056,0.54
1008,0.7900009068454658,0.45000244299106074,0.54
1009,0.7904314103276285,0.4494940130646904,0.54
1010,0.7908344988333655,0.44913950017823095,0.54
1011,0.7912480892987387,0.4488652172907359,0.54
1012,0.7918393671440391,0.44818634134510144,0.54
1013,0.7922650787637349,0.44771349261751403,0.54
1014,0.7928987513435847,0.4469489333291046,0.54
1015,0.7933833440957367,0.4465479468082618,0.54
1016,0.7937668558733537,0.44623208108859563,0.54
1017,0.7941271941153708,0.44597806702761367,0.54
1018,0.794720827396716,0.44536401184621865,0.54
1019,0.795246459556351,0.44486446652440464,0.54
1020,0.7955687258092429,0.4446017167637373,0.54
1021,0.7960410827781733,0.4444723696187766,0.54
1022,0.7964672896283443,0.4441422355730227,0.54
1023,0.7971826700310087,0.4433929921761597,0.54
1024,0.7977021054595106,0.44298209670261407,0.54
1025,0.7982048116049384,0.44252755620003165,0.54
1026,0.7986518806344306,0.44223253091800074,0.54
1027,0.7993403213634428,0.44153042981380075,0.54
1028,0.7998279840174659,0.44110058378830186,0.54
1029,0.8002780935096679,0.4406888798359965,0.54
1030,0.8008921114852319,0.43995323103409667,0.54
1031,0.8014271374118332,0.4393734562555285,0.54
1032,0.8017370826462781,0.4389964455356884,0.54
1033,0.802074752887311,0.43869097186003414,0.54
1034,0.8023267624005872,0.4384645963634073,0.54
1035,0.8026615729985561,0.4382480714943913,0.54
1036,0.8029777479666019,0.43803270735713185,0.54
1037,0.8033702706784739,0.43781629465486904,0.54
1038,0.8037733135018893,0.43755025107360684,0.54
1039,0.8043986936937984,0.4368402232499175,0.54
1040,0.8049390584760512,0.43622979718944443,0.54
1041,0.8053629671466714,0.4358177160942898,0.54
1042,0.8057982240287788,0.43537942987050193,0.54
1043,0.8063599137072376,0.43461729642386965,0.54
1044,0.8071459048717307,0.4335212875689066,0.54
1045,0.8076567824426985,0.43286067138411016,0.54
1046,0.808124976565561,0.43233159650859554,0.54
1047,0.8087068942560656,0.4314524111382424,0.54
1048,0.8094147568734802,0.43047282360798217,0.54
1049,0.8098340058983636,0.4298758769543322,0.54
1050,0.8103015664828581,0.4296014988512319,0.54
1051,0.8107387142576883,0.42942960487395393,0.54
1052,0.8113435162308696,0.42887355706893265,0.54
1053,0.8116833360422536,0.42858876255242706,0.54
1054,0.8120797797046126,0.42846720281611195,0.54
1055,0.8125686359776279,0.427930217183366,0.54
1056,0.8130417961089539,0.4274358539158998,0.54
1057,0.8132838460080299,0.4271706376234261,0.54
1058,0.8135802380356794,0.42685631198554186,0.54
1059,0.8140267560955565,0.42660430640496577,0.54
1060,0.814509790085372,0.4262164745448291,0.54
1061,0.8148061678306939,0.4259226953185412,0.54
1062,0.8153263879826442,0.42519426243736874,0.54
1063,0.8157280605782352,0.4247131314840214,0.54
1064,0.816273531072354,0.42381881163604995,0.54
1065,0.816635216197782,0.42317314518890226,0.54
1066,0.8169634538292024,0.4227194337619302,0.54
1067,0.8173127376739434,0.42234443931050825,0.54
1068,0.8178364806138039,0.42152152929678405,0.54
1069,0.818258551087169,0.4209379545975749,0.54
1070,0.8188081240433952,0.4201301421751876,0.54
1071,0.8192835665284126,0.41967746561345853,0.54
1072,0.8196530736035732,0.4193301860661047,0.54
1073,0.8200450643140489,0.4190076929305134,0.54
1074,0.8206231888555718,0.41827822935886355,0.54
1075,0.8211222031073215,0.4176907255671088,0.54
1076,0.8214368023591206,0.4173480388863524,0.54
1077,0.821867867534215,0.41711920086412707,0.54
1078,0.8223708454017293,0.4164143118467982,0.54
1079,0.8230807265172204,0.41538773361301984,0.54
1080,0.8235182402537302,0.4148050562131589,0.54
1081,0.8238923579715753,0.4143439266675867,0.54
1082,0.8243775986856557,0.41349532940742356,0.54
1083,0.8247574590594152,0.41290020768700525,0.54
1084,0.8253464787972571,0.4120208013170704,0.54
1085,0.82584728340239,0.4113718674115565,0.54
1086,0.826191347504196,0.4110319161562334,0.54
1087,0.8265240589453634,0.4107598049852138,0.54
1088,0.8269268783995983,0.4102590350523645,0.54
1089,0.8273454332545953,0.40981515140382274,0.54
1090,0.8276312106660689,0.4095534787574529,0.54
1091,0.8280440775261422,0.4093556826766901,0.54
1092,0.828539782528152,0.4086845185113002,0.54
1093,0.8292423618427929,0.4076805767129528,0.54
1094,0.8296689910956245,0.40710269950296846,0.54
1095,0.8300206655933168,0.4066405137582364,0.54
1096,0.8304765439341746,0.40578234238406424,0.54
1097,0.8311519322660874,0.4046632342351697,0.54
1098,0.8314434866775245,0.4040552454573455,0.54
1099,0.8317574231269379,0.40370759163575354,0.54
1100,0.8320491624480226,0.4034595081651989,0.54
1101,0.8325591098650801,0.4027700076499312,0.54
1102,0.8328418022196705,0.4024133354335339,0.54
1103,0.833180580589675,0.402048205551745,0.54
1104,0.8336711824621796,0.40178025565044134,0.54
1105,0.8341817222221862,0.40139149723382916,0.54
1106,0.8344944227861513,0.4010958010147434,0.54
1107,0.8348590757569874,0.4006679811854406,0.54
1108,0.8353145111685715,0.40030809235712134,0.54
1109,0.8357511524933063,0.3998140009058959,0.54
1110,0.8360383691437774,0.3993770175389281,0.54
1111,0.8365419357437408,0.39844133248164953,0.54
1112,0.8368740133773156,0.3976908869869397,0.54
1113,0.8371852159724311,0.3971274845198017,0.54
1114,0.837458996945458,0.39659525608957735,0.54
1115,0.8379093595137311,0.39554733553043636,0.54
1116,0.8382533755306932,0.3947486496054987,0.54
1117,0.8385381769928469,0.3941927408428175,0.54
1118,0.838862064950204,0.39367185086542406,0.54
1119,0.8392107199060679,0.3932756444596331,0.54
1120,0.8396240594006713,0.39283733174993857,0.54
1121,0.8401960418389061,0.39194006490067146,0.54
1122,0.8406865906745525,0.39121859383988544,0.54
1123,0.8410509712414465,0.3907212896191887,0.54
1124,0.8414566806843037,0.3902120345954974,0.54
1125,0.8419729286522717,0.38924744156779034,0.54
1126,0.8423516848239486,0.3885096775877301,0.54
1127,0.8426250097952338,0.3879981181013308,0.54
1128,0.8429982917702102,0.38754892812669495,0.54
1129,0.8434790902102144,0.38662387138621074,0.54
1130,0.8441796302832429,0.385375127050835,0.54
1131,0.8446103742606068,0.3846227736286403,0.54
1132,0.8449581948639671,0.3840377631486584,0.54
1133,0.8453931691021754,0.38308731034410437,0.54
1134,0.8460407936556739,0.38189844518462235,0.54
1135,0.8463495516896014,0.3812854461117646,0.54
1136,0.846688353745458,0.38096239749361926,0.54
1137,0.8470120214672608,0.38074010220902993,0.54
1138,0.8475055067641032,0.380073546328552,0.54
1139,0.8477792326135238,0.3797613904866792,0.54
1140,0.8480995406931586,0.3794428837328618,0.54
1141,0.8485862970695651,0.3791750897049299,0.54
1142,0.8490811323966365,0.37876095468731236,0.54
1143,0.8493559705984981,0.3784551295573603,0.54
1144,0.8496670241254137,0.37801278703952296,0.54
1145,0.8500708213550865,0.377615144545329,0.54
1146,0.8504445012909553,0.3770709979782812,0.54
1147,0.8506788148457258,0.37659087497319366,0.54
1148,0.851135439988507,0.37556280141591114,0.54
1149,0.851428469855918,0.3747411203503946,0.54
1150,0.8516909186459034,0.37412307437004083,0.54
1151,0.8519269662127595,0.3735109428444241,0.54
1152,0.8523340381717003,0.3723543091501623,0.54
1153,0.8526533525441725,0.37147744729476667,0.54
1154,0.8529090765651718,0.3708647053519252,0.54
1155,0.853220547954522,0.37029374571290874,0.54
1156,0.853552239604594,0.36985459439935864,0.54
1157,0.8539583071304314,0.3693738275011528,0.54
1158,0.8545030022309955,0.3684080373079989,0.54
1159,0.854956278183308,0.3676372903264724,0.54
1160,0.8552750885888212,0.3670952797440246,0.54
1161,0.8556587616815183,0.36653334909052,0.54
1162,0.8561150214855396,0.3656020253385567,0.54
1163,0.8564571025616021,0.3648658040568439,0.54
1164,0.8567187821779937,0.3643253762266747,0.54
1165,0.8570978923168513,0.36382396779573145,0.54
1166,0.857557623768566,0.3627991502590515,0.54
1167,0.8582250928447487,0.3614153244405451,0.54
1168,0.8586909865125936,0.360553824623997,0.54
1169,0.8590199122790039,0.35986961720722316,0.54
1170,0.8593937002342779,0.35945433966020435,0.54
1171,0.8599378653849933,0.3585394244445746,0.54
1172,0.8602305580298729,0.3579633487467591,0.54
1173,0.8606016043941793,0.3575542157578152,0.54
1174,0.8609327926541916,0.35719712913867446,0.54
1175,0.8614565139244803,0.35630497563696345,0.54
1176,0.8617315906254981,0.3557599431209013,0.54
1177,0.862031474793989,0.3552021442253941,0.54
1178,0.8624342795414695,0.35477453664241976,0.54
1179,0.8628148924177449,0.3542379362453508,0.54
1180,0.8630228024563493,0.3538219822960806,0.54
1181,0.8634096552762094,0.35287204606747274,0.54
1182,0.8636546255706222,0.35226314721458385,0.54
1183,0.8640160199488054,0.3511186694337459,0.54
1184,0.8642365898176653,0.3503683682848874,0.54
1185,0.864603399125491,0.349118789590557,0.54
1186,0.8648573777991203,0.34820611676893637,0.54
1187,0.8651390483074655,0.3476165993692013,0.54
1188,0.865460085511598,0.3471400133097714,0.54
1189,0.8658703036771466,0.34612822884571465,0.54
1190,0.8662027023007921,0.34544147501698846,0.54
1191,0.8666571818506311,0.3443838617129597,0.54
1192,0.8670843571420609,0.3437656666169668,0.54
1193,0.8673685199591685,0.34328930275940717,0.54
1194,0.867653192179828,0.34291338904934965,0.54
1195,0.8680853980772542,0.34205290094350166,0.54
1196,0.8684193754594457,0.3414334051989369,0.54
1197,0.8688491502842293,0.3409345382019189,0.54
1198,0.8692671948096519,0.34053471043824207,0.54
1199,0.8696829706435846,0.33957547127304333,0.54
1200,0.8699311476284176,0.3388970751537568,0.54
1201,0.8703241419046427,0.33778075131319807,0.54
1202,0.8706592650143452,0.3370519162079003,0.54
1203,0.870828782476089,0.33645539555642684,0.54
1204,0.8710088901725022,0.3359454605868875,0.54
1205,0.8713953849993813,0.3349091755330933,0.54
1206,0.8719503042121196,0.3335348926491039,0.54
1207,0.872392942892869,0.33274172792433343,0.54
1208,0.8727513789690974,0.33213121167607257,0.54
1209,0.8730767560811747,0.3310814770963645,0.54
1210,0.8735727123096971,0.3296957531718504,0.54
1211,0.8737676553682419,0.32894529910199,0.54
1212,0.8741272192928905,0.3285237487672398,0.54
1213,0.8744180141582458,0.3281937173747945,0.54
1214,0.8748348459789397,0.32734491924111125,0.54
1215,0.8750398537867214,0.32693460851309736,0.54
1216,0.8752810822738196,0.32656700077438605,0.54
1217,0.8757086123915164,0.326229754488037,0.54
1218,0.8761337932393687,0.32574222432239647,0.54
1219,0.8763228843888966,0.3254444899146823,0.54
1220,0.8765271514034738,0.32504598676538693,0.54
1221,0.8768744217054294,0.32462549824530157,0.54
1222,0.8771840026221195,0.32403324138241735,0.54
1223,0.877331005117452,0.32355999452035844,0.54
1224,0.8776631158848094,0.3224458503723479,0.54
1225,0.8778312145347987,0.32160250433023174,0.54
1226,0.8780048345155048,0.3209311148863419,0.54
1227,0.8782780024996474,0.3202591331241038,0.54
1228,0.8785956786424252,0.31890452381004525,0.54
1229,0.8788456131225133,0.31789544013387444,0.54
1230,0.8792402178476356,0.31685042711120204,0.54
1231,0.8796697668719301,0.3161380254249875,0.54
1232,0.8800342329579691,0.31547793511897737,0.54
1233,0.880547282834803,0.3142621492099006,0.54
1234,0.8807948826154804,0.3135853854079391,0.54
1235,0.8810518251444422,0.3129871274254764,0.54
1236,0.8813394044824786,0.3125383795223668,0.54
1237,0.8817736923930836,0.31209460761112445,0.54
1238,0.8821489730420605,0.31096660905913276,0.54
1239,0.8823980642303385,0.3101118937398136,0.54
1240,0.8827551090658168,0.3088366440064139,0.54
1241,0.8831384968443662,0.30794219549747687,0.54
1242,0.8834746819525386,0.3065326214892575,0.54
1243,0.8837510169110677,0.30564261479949406,0.54
1244,0.8840645235414906,0.30430490584039344,0.54
1245,0.8843458803609174,0.30351233487822066,0.54
1246,0.8846661029464091,0.3023106530557634,0.54
1247,0.8848739307417737,0.3014488952919236,0.54
1248,0.8849254865211533,0.30106521742354736,0.54
1249,0.8851756372453216,0.3008617732752076,0.54
1250,0.8854955569556964,0.3006265461723608,0.54
1251,0.8859267221891639,0.2997882739701905,0.54
1252,0.8861499203894002,0.29934770827102214,0.54
1253,0.8866534289536362,0.2990276753590473,0.54
1254,0.8870121472802183,0.2980785287926207,0.54
1255,0.8874712107087742,0.2966580026229754,0.54
1256,0.8877246124650555,0.295926649210051,0.54
1257,0.8880443260096531,0.2953112225481903,0.54
1258,0.8883145625678831,0.2941483571463458,0.54
1259,0.8884863941559794,0.29326124332478953,0.54
1260,0.8885683289196413,0.2926849620345354,0.54
1261,0.8887932331632253,0.2915966741610964,0.54
1262,0.8892003499898047,0.29089675653319674,0.54
1263,0.8895714623683961,0.2901794496969598,0.54
1264,0.8899108686403939,0.2889912835854993,0.54
1265,0.8901950727576736,0.2880905437111585,0.54
1266,0.8904280613880272,0.28757793930547176,0.54
1267,0.8906617400141446,0.28653649762679856,0.54
1268,0.8907605437396595,0.2859282248403019,0.54
1269,0.8909777843818328,0.2854208692692872,0.54
1270,0.8912402770141002,0.28511562188433315,0.54
1271,0.8914717938124689,0.28419579642012,0.54
1272,0.8916157394917853,0.28358371517031783,0.54
1273,0.891895102652345,0.28303419153259096,0.54
1274,0.8923673328944677,0.28252662812324053,0.54
1275,0.892666512234129,0.28135671638071014,0.54
1276,0.8928549898265251,0.28060193709247605,0.54
1277,0.893144003107221,0.27984825397650415,0.54
1278,0.8934471464182169,0.27862414940523933,0.54
1279,0.8937891180823371,0.2776629770672183,0.54
1280,0.8942468128246728,0.27692330298675644,0.54
1281,0.8946285244264275,0.27614776963203735,0.54
1282,0.8949318058882051,0.2748487313203679,0.54
1283,0.895305745875369,0.27317578097855755,0.54
1284,0.8957186851238021,0.27208658602001057,0.54
1285,0.895972196508351,0.27123064646153955,0.54
1286,0.8961698960409988,0.2700627210943821,0.54
1287,0.8963093575540168,0.2692159592605862,0.54
1288,0.8964401308599723,0.2688238083351959,0.54
1289,0.8966059503964341,0.2684742894750248,0.54
1290,0.8970304630027496,0.26814092569421905,0.54
1291,0.8974563345745654,0.267239874035377,0.54
1292,0.8975885769358051,0.26680464615541266,0.54
1293,0.8978340036789932,0.2663170934336186,0.54
1294,0.8980174849793473,0.2660735865802202,0.54
1295,0.8981370865011419,0.26515369397311367,0.54
1296,0.8981095757535915,0.26456481030217815,0.54
1297,0.8982541203484968,0.26400766458714026,0.54
1298,0.8984868657549581,0.26352566980303277,0.54
1299,0.8986482530781666,0.2623268551758766,0.54
1300,0.8988959301798376,0.26147210637383655,0.54
1301,0.8990768756777531,0.2600232326097986,0.54
1302,0.8991581565391736,0.2589478886744121,0.54
1303,0.8992082663929941,0.25824644549759984,0.54
1304,0.899587501168179,0.25758021667043435,0.54
1305,0.9000158317763327,0.2569543037437704,0.54
1306,0.9003923399967387,0.2558038463594364,0.54
1307,0.9006485929468965,0.2550104152880984,0.54
1308,0.9012534948701191,0.2542913060528447,0.54
1309,0.9015147347290704,0.252979112328758,0.54
1310,0.9017858952167057,0.25120349555556104,0.54
1311,0.9018451912694668,0.2500969028466026,0.54
1312,0.9021115577903703,0.24935735158412203,0.54
1313,0.9024163149511089,0.24878280084100782,0.54
1314,0.9026637621236036,0.24818050374436446,0.54
1315,0.9028191079751,0.24783923609166675,0.54
1316,0.9029926406934644,0.24689119091368616,0.54
1317,0.9030606045913396,0.24634297460804117,0.54
1318,0.9036715038977992,0.24584469242760448,0.54
1319,0.9038861165926619,0.24465527366616754,0.54
1320,0.9040970998738778,0.24291722451935993,0.54
1321,0.9042657052666163,0.24192651335865972,0.54
1322,0.9045971439553844,0.24108519513735804,0.54
1323,0.9049455757413369,0.24043741147869008,0.54
1324,0.9052411505207276,0.23919851843047424,0.54
1325,0.9053526658646316,0.23842557659365216,0.54
1326,0.9054740357536503,0.23721755427912225,0.54
1327,0.9060067556976112,0.23636997268068088,0.54
1328,0.9063441953994658,0.23560328209970816,0.54
1329,0.9064923237196539,0.23435343103131817,0.54
1330,0.9065879055814353,0.23343529910197197,0.54
1331,0.9067221604576082,0.23292522821143946,0.54
1332,0.9068830029303772,0.2324743586882283,0.54
1333,0.9070187911631145,0.23147672025866922,0.54
1334,0.9073367276585681,0.23060071372602833,0.54
1335,0.9076188322689128,0.23007478874357978,0.54
1336,0.907720022465668,0.22901307683730723,0.54
1337,0.9078703372051046,0.22840752116364813,0.54
1338,0.9080278488774924,0.2278437031972417,0.54
1339,0.9081105923433715,0.2274483765589997,0.54
1340,0.9082098600735937,0.22639652464488305,0.54
1341,0.9087397496423345,0.22548294362950747,0.54
1342,0.9088698386733262,0.22401138118195743,0.54
1343,0.9088908346724437,0.2229729910845558,0.54
1344,0.90899683863725,0.22200875309356244,0.54
1345,0.9093059643324172,0.22128348600047426,0.54
1346,0.9096255918300158,0.2205754252582771,0.54
1347,0.9098457727656889,0.2200936004945023,0.54
1348,0.9101058575161179,0.21957882358909406,0.54
1349,0.9105777407025326,0.21899454839299573,0.54
1350,0.9109876898007451,0.21827294530801894,0.54
1351,0.9111586949080039,0.21782351766320435,0.54
1352,0.9112473991907561,0.21670366099651683,0.54
1353,0.9111729495377071,0.21588203347825086,0.54
1354,0.9112262154368407,0.21514617940724337,0.54
1355,0.9113902390029008,0.214534762010307,0.54
1356,0.9115101135001769,0.21388018059879293,0.54
1357,0.9116121674674579,0.21321778170476216,0.54
1358,0.91167112581758,0.21182762875207706,0.54
1359,0.9117479474615624,0.20991817463759463,0.54
1360,0.9119319828206919,0.208760104755688,0.54
1361,0.9125280618517548,0.20759826250832936,0.54
1362,0.9125361222057378,0.20594745625647717,0.54
1363,0.9125708849381513,0.2045661920109939,0.54
1364,0.9127376534748227,0.20329772292732615,0.54
1365,0.913124369614848,0.20241170126137226,0.54
1366,0.9135465745021084,0.20162939904496585,0.54
1367,0.9138691263416839,0.20108590473332053,0.54
1368,0.914046428902613,0.20011001158297134,0.54
1369,0.9143406499307044,0.19958808441733675,0.54
1370,0.9146891417947501,0.19901337970394445,0.54
1371,0.9148259598462174,0.19863421063603617,0.54
1372,0.9150894306027515,0.1980986592051855,0.54
1373,0.9151728436754434,0.1977028923502995,0.54
1374,0.9152093486522255,0.19662111420976994,0.54
1375,0.9152781367935956,0.19564843724961553,0.54
1376,0.9153643874448775,0.19508267509396032,0.54
1377,0.9154129717009147,0.1944537486029415,0.54
1378,0.915603443865124,0.19382484828957466,0.54
1379,0.915680604485068,0.19244230364667025,0.54
1380,0.91570925346323,0.19129418908772614,0.54
1381,0.9163176771848285,0.1900644857707565,0.54
1382,0.916315769712404,0.18837941309848083,0.54
1383,0.9163210458970441,0.18692729790992552,0.54
1384,0.9166929584717077,0.18566868985327284,0.54
1385,0.9171805932952618,0.1846352229997533,0.54
1386,0.9174140936886082,0.18321063792388467,0.54
1387,0.917556943692739,0.18214261175239432,0.54
1388,0.9178116659890149,0.18134103008345331,0.54
1389,0.9181363976023378,0.18083490306256175,0.54
1390,0.918192431794634,0.1798736384533021,0.54
1391,0.9183433086808609,0.17934957666110157,0.54
1392,0.9183162482231414,0.17830508066238243,0.54
1393,0.9188816772896449,0.17726229277269706,0.54
1394,0.9191243685281671,0.17633014120799514,0.54
1395,0.9190988968057767,0.17493092932042034,0.54
1396,0.9190264302366636,0.17318260382969888,0.54
1397,0.919035992026427,0.17231984198685518,0.54
1398,0.9192811697306669,0.1716735343376123,0.54
1399,0.9196337134157351,0.17108814013456,0.54
1400,0.9197777294090804,0.170036903220748,0.54
1401,0.9198505432542584,0.1692680594537216,0.54
1402,0.9205771161158547,0.16839117119793093,0.54
1403,0.9206545744731787,0.1671781452213118,0.54
1404,0.920637322446802,0.16623140091191993,0.54
1405,0.9205726211707537,0.1654002408848825,0.54
1406,0.920844464848402,0.16468865679312986,0.54
1407,0.9211357612426087,0.16392063573381338,0.54
1408,0.9212683008877969,0.16336290652332955,0.54
1409,0.9215466822540966,0.16290200487614143,0.54
1410,0.9215622410587802,0.16195958385457151,0.54
1411,0.9217090072379931,0.1610234557807285,0.54
1412,0.9217137639705629,0.16024168814485287,0.54
1413,0.9218258845021146,0.1595215753926401,0.54
1414,0.9218243960477259,0.15889207975680977,0.54
1415,0.9219591052871603,0.15825947930873507,0.54
1416,0.9220065087025142,0.15763660724556466,0.54
1417,0.9222029666770849,0.15698415277180572,0.54
1418,0.9223152234430371,0.15628978496754847,0.54
1419,0.9222495473943404,0.15503722457518665,0.54
1420,0.9223033105238682,0.15399581493876982,0.54
1421,0.9224864166620063,0.1532742531406806,0.54
1422,0.9226052820076036,0.15240402151755134,0.54
1423,0.9228712315352461,0.15162026978511203,0.54
1424,0.9228782724300933,0.15025718170414806,0.54
1425,0.9229043093357215,0.14896893929273636,0.54
1426,0.9235378916022529,0.14747364104263808,0.54
1427,0.9238939498480455,0.14589420439113152,0.54
1428,0.9238023488700408,0.1441645274705377,0.54
1429,0.9238238438082945,0.14292714752326574,0.54
1430,0.9240174235483797,0.14206771623373382,0.54
1431,0.9241697871749074,0.14119290405467613,0.54
1432,0.9241156831706046,0.14000218712696694,0.54
1433,0.9243853811212237,0.13896495727212663,0.54
1434,0.9246917544636853,0.1383327590636151,0.54
1435,0.924977202600283,0.13771003950301935,0.54
1436,0.9251482075030656,0.13721125783421353,0.54
1437,0.9251316824962752,0.1362444486308478,0.54
1438,0.9250668112053005,0.13540996463307078,0.54
1439,0.9252933990340809,0.1345602259289525,0.54
1440,0.9259652324308164,0.13338374923148102,0.54
1441,0.926187484082111,0.13235712812244707,0.54
1442,0.926196328747516,0.1313044723657977,0.54
1443,0.9259957411872234,0.12993380851794828,0.54
1444,0.9259792813342188,0.12888244453247355,0.54
1445,0.9260950083949551,0.12815504279141676,0.54
1446,0.925937912260079,0.12703796641507806,0.54
1447,0.9260422954725027,0.12630123333604137,0.54
1448,0.925873262564651,0.12520574615631394,0.54
1449,0.9260058963186494,0.12449300369780344,0.54
1450,0.9262868069453017,0.12378375370789922,0.54
1451,0.9265047810797918,0.12302617134262969,0.54
1452,0.9264803065343895,0.1219044511596395,0.54
1453,0.9266063864567429,0.12089240333319105,0.54
1454,0.9267990001203887,0.1203359603661738,0.54
1455,0.92691483774748,0.11965957983967794,0.54
1456,0.9272267596711657,0.11897211056281116,0.54
1457,0.9272252931004294,0.11778886011895913,0.54
1458,0.9272040824682674,0.11668917613906447,0.54
1459,0.9274063236105526,0.11585976022589928,0.54
1460,0.927779727523433,0.11503634451711697,0.54
1461,0.9280887618517264,0.11417185872465425,0.54
1462,0.9282671600392233,0.11325609061562864,0.54
1463,0.9281547781367144,0.11197193299143433,0.54
1464,0.9280508373389349,0.1107120787970716,0.54
1465,0.9281807514435588,0.10971717213980528,0.54
1466,0.9283987803258944,0.1089383107262183,0.54
1467,0.9281997403762045,0.10778900701023653,0.54
1468,0.9282457195296024,0.10695944061478685,0.54
1469,0.9284366472778106,0.106158853712033,0.54
1470,0.9283252733318059,0.10489032220036369,0.54
1471,0.9283040489429212,0.1037329349055937,0.54
1472,0.9285643038449554,0.10288609626002902,0.54
1473,0.9289608203891079,0.1021015108615957,0.54
1474,0.9289584184523787,0.1009304932075564,0.54
1475,0.9289555924664212,0.09982129306196486,0.54
1476,0.929180788383309,0.09899655047876649,0.54
1477,0.9295858256648216,0.0981703499796024,0.54
1478,0.929580730254968,0.09695194679172742,0.54
1479,0.9296761589681108,0.09614947453400612,0.54
1480,0.9294190024887278,0.09497892915401149,0.54
1481,0.9294299740973125,0.09420724029103764,0.54
1482,0.9295648170728449,0.09346752354816441,0.54
1483,0.9297023957057653,0.09256566861127642,0.54
1484,0.9295555973639372,0.09134090749373072,0.54
1485,0.9296812442568942,0.09052093077937792,0.54
1486,0.9299709055943037,0.08969766627257082,0.54
1487,0.9298886889523983,0.0884729140983499,0.54
1488,0.9298505096547879,0.08732765628074461,0.54
1489,0.9300761152399947,0.0864983547505738,0.54
1490,0.9304397382189329,0.08568782950189831,0.54
1491,0.9303685082965855,0.08449135224875531,0.54
1492,0.9304700168336258,0.08370685212419168,0.54
1493,0.9305235536590802,0.08267502820335718,0.54
1494,0.9308201243136655,0.08174930497805856,0.54
1495,0.9307519743262894,0.08046761138563563,0.54
1496,0.930843418716917,0.07963313838069792,0.54
1497,0.9305563124004201,0.0784743991731465,0.54
1498,0.9305952812547408,0.0776887015297921,0.54
1499,0.9307659209580973,0.07692411523748034,0.54
1500,0.9309319846536986,0.07596058221886866,0.54
1501,0.9307727622179252,0.07473477461996263,0.54
1502,0.9309078497596305,0.07390278016928573,0.54
1503,0.9312058231354633,0.07305441223996136,0.54
1504,0.9310981466963352,0.07184155561416808,0.54
1505,0.9310420606037729,0.07066946965648042,0.54
1506,0.93126382946761,0.0698165026461698,0.54
1507,0.9316265363343708,0.06897907037817971,0.54
1508,0.9315264295675729,0.06779402159803266,0.54
1509,0.9316122840252974,0.06701455938238811,0.54
1510,0.9316560953236404,0.06594637175318457,0.54
1511,0.9319520715938373,0.06498166268776105,0.54
1512,0.9318498390269052,0.06368958077204646,0.54
1513,0.9319268210575725,0.0628438168872685,0.54
1514,0.9316112399350887,0.06170809854209632,0.54
1515,0.931637871317169,0.060937562865193445,0.54
1516,0.9320195264292938,0.059803691327309845,0.54
1517,0.9322463907456168,0.05854055237158618,0.54
1518,0.9320593411028231,0.05717350185937728,0.54
1519,0.9319295564152845,0.05577691003145545,0.54
1520,0.9321218416050677,0.054663754583545485,0.54
1521,0.9325031202743507,0.05335762746058684,0.54
1522,0.9326411071697585,0.052221371717463425,0.54
1523,0.932626387886334,0.05111546347087247,0.54
1524,0.9328221088128635,0.0502384774686338,0.54
1525,0.9329893020785776,0.04939502627367962,0.54
1526,0.9330393241911284,0.04858088469847405,0.54
1527,0.9329978282111216,0.04769094318796896,0.54
1528,0.9332606497979945,0.046756168544539393,0.54
1529,0.9331519623446352,0.04556201187981326,0.54
1530,0.9331121107912456,0.044905401127020496,0.54
1531,0.9331517897637703,0.04421163477569245,0.54
1532,0.933127766906046,0.04339936547027799,0.54
1533,0.9328292112437881,0.04229150247577496,0.54
1534,0.932784579961706,0.04163011773772572,0.54
1535,0.9329264288174882,0.04088673502205012,0.54
1536,0.9329992260711905,0.03992366117498403,0.54
1537,0.9327684395212212,0.038733791570690186,0.54
1538,0.9327530784018008,0.037666920938753734,0.54
1539,0.9329029618525766,0.03697411626834804,0.54
1540,0.9329934067798332,0.03599581606469016,0.54
1541,0.9327199441568116,0.034845343137438735,0.54
1542,0.932727284097338,0.03377512807612131,0.54
1543,0.9329253222409268,0.033003025636089825,0.54
1544,0.9330448776110334,0.03190720313755176,0.54
1545,0.9333976035840401,0.03090373999644007,0.54
1546,0.9333257991257677,0.029708181311333893,0.54
1547,0.9332335252035315,0.028449689761354303,0.54
1548,0.9333652684226437,0.02740595201551451,0.54
1549,0.9335815065563448,0.026651696917186173,0.54
1550,0.9333003234151147,0.02570029281721711,0.54
1551,0.9333075807086497,0.02503791789718758,0.54
1552,0.932942540326094,0.024072702241158848,0.54
1553,0.9329768135837403,0.023362633245954993,0.54
1554,0.9326473442069887,0.02237533555905966,0.54
1555,0.9327677061482371,0.021610015490663936,0.54
1556,0.9330827640930338,0.020753095653341647,0.54
1557,0.9333591425608494,0.019628193432361732,0.54
1558,0.9332482399194788,0.0184322352367053,0.54
1559,0.933339802926937,0.017336133290754337,0.54
1560,0.9335840049993985,0.016591577843873204,0.54
1561,0.9337400423244078,0.015561656971165272,0.54
1562,0.9335161269382164,0.014465139974047771,0.54
1563,0.9335429855955919,0.013424925827306486,0.54
1564,0.9337182432737486,0.012645065341276365,0.54
1565,0.9337942547802262,0.01148376056852097,0.54
1566,0.9334982828339496,0.01024668044275153,0.54
1567,0.9335020292911816,0.009095745936025208,0.54
1568,0.9336560805117488,0.008223570479057713,0.54
1569,0.9337003806002268,0.0069892143481124725,0.54
1570,0.9339945071297219,0.005894917331417592,0.54
1571,0.9338323865095062,0.004642039835620888,0.54
1572,0.9336516131271698,0.0033292080429646307,0.54
1573,0.9337277259246852,0.0022811720020600845,0.54
1574,0.933890515515479,0.0015423635759056575,0.54
1575,0.9338960592045936,0.0004992254495845272,0.54
1576,0.9341650495674764,-0.0005123138530511184,0.54
1577,0.9340069324600043,-0.0017124705018118846,0.54
1578,0.9337968348536323,-0.0029416569879143505,0.54
1579,0.9338482403445209,-0.003963129220855784,0.54
1580,0.9339631547591744,-0.004672048801368255,0.54
1581,0.933622062188911,-0.005544273540514569,0.54
1582,0.933363026955639,-0.006608024592328732,0.54
1583,0.9334477120550675,-0.0075295760939846105,0.54
1584,0.9336704742295391,-0.008254903535040534,0.54
1585,0.9334076363343754,-0.009114446295891422,0.54
1586,0.93323013427494,-0.01022659037259431,0.54
1587,0.9333900270960187,-0.011229316751920803,0.54
1588,0.9336702243262741,-0.012020601947348233,0.54
1589,0.9334444657356096,-0.012904946576141378,0.54
1590,0.9335102414916451,-0.013577595265449043,0.54
1591,0.9331818184126572,-0.014464291126153543,0.54
1592,0.9332389203888798,-0.01516390456838361,0.54
1593,0.9329121721441963,-0.016073713106631603,0.54
1594,0.9330215989651108,-0.016824274170163463,0.54
1595,0.9327253700989115,-0.017752411434127594,0.54
1596,0.9328868781978454,-0.018543167580137306,0.54
1597,0.9326190376709529,-0.019483218770545967,0.54
1598,0.9328147664479467,-0.020302685290634333,0.54
1599,0.9325641116449199,-0.02125344623017535,0.54
1600,0.9327771135540585,-0.022097851238775702,0.54
1601,0.932532473087146,-0.023061667321421574,0.54
1602,0.9327511985590159,-0.023931646186292028,0.54
1603,0.9325046082814183,-0.024911134003549534,0.54
1604,0.9327226082044023,-0.02580708248348401,0.54
1605,0.932525099011714,-0.026710873470250543,0.54
1606,0.9327782450471547,-0.027599849383502496,0.54
1607,0.9325378781159481,-0.02859864311569117,0.54
1608,0.9327543620154504,-0.029548053164807037,0.54
1609,0.9325748165399638,-0.030448788483148057,0.54
1610,0.9328303727022491,-0.03137488878138056,0.54
1611,0.9325929591339275,-0.03238496441686562,0.54
1612,0.9327966851442658,-0.03336945292990255,0.54
1613,0.932513063378404,-0.03443841381836408,0.54
1614,0.9326618999237112,-0.035378368442970876,0.54
1615,0.9323436095786964,-0.03642456450983093,0.54
1616,0.9325001852900645,-0.0374081588747992,0.54
1617,0.9321860752741714,-0.038464565378995265,0.54
1618,0.9323521749029716,-0.03944779896119897,0.54
1619,0.9320468324057742,-0.040487038368397434,0.54
1620,0.9322262393937801,-0.041454676568115925,0.54
1621,0.9323656268528777,-0.0429919117920726,0.54
1622,0.9322215210466646,-0.044195380138503576,0.54
1623,0.9324293791038003,-0.04545195228705949,0.54
1624,0.9327259722700325,-0.04654640698063529,0.54
1625,0.9330110301768139,-0.04757696341894448,0.54
1626,0.9331158790714631,-0.04892235005545241,0.54
1627,0.932782586644917,-0.05016253150083154,0.54
1628,0.9324552000311324,-0.051581963901089475,0.54
1629,0.9324881418193947,-0.052757200330420015,0.54
1630,0.9326058664135023,-0.05367055901623181,0.54
1631,0.9327949401366391,-0.05455043473527771,0.54
1632,0.9327893144890763,-0.05574008117169759,0.54
1633,0.932396966184839,-0.056891154176071504,0.54
1634,0.9322726855886319,-0.0577017762110195,0.54
1635,0.9318709936903727,-0.05854353678484464,0.54
1636,0.9318155197348977,-0.05923576778775512,0.54
1637,0.9313966692624062,-0.06007649964220449,0.54
1638,0.9314000427456118,-0.06080560235390814,0.54
1639,0.931032875729845,-0.06165015496252706,0.54
1640,0.9311218411960156,-0.062411533664778786,0.54
1641,0.9308135128878053,-0.06325157296233795,0.54
1642,0.9309696622566821,-0.06403164330498992,0.54
1643,0.9307044062183575,-0.06486734531123722,0.54
1644,0.9309013404969285,-0.06566426667738559,0.54
1645,0.9310501784775131,-0.06700627921413793,0.54
1646,0.9308475941835022,-0.0681789905971905,0.54
1647,0.9309860434606316,-0.0694554264195288,0.54
1648,0.9312287052599618,-0.07050180588224196,0.54
1649,0.9312437469988748,-0.07192193852479227,0.54
1650,0.9315378602275085,-0.0731469598544919,0.54
1651,0.9312734686205028,-0.07432477526369263,0.54
1652,0.9311984084586068,-0.07520017601940987,0.54
1653,0.9310275597679605,-0.07647782959246235,0.54
1654,0.9305571070940578,-0.07762606402295956,0.54
1655,0.9304364097018089,-0.07874599957157156,0.54
1656,0.9305018829660485,-0.07960647102845944,0.54
1657,0.9304311958816777,-0.0808323854302224,0.54
1658,0.9306432602268109,-0.08191611482971005,0.54
1659,0.9303746860396206,-0.08297599783075903,0.54
1660,0.9303402885175757,-0.08368503505760248,0.54
1661,0.9302352341235363,-0.08472313532565452,0.54
1662,0.9298441612477248,-0.0856808977360059,0.54
1663,0.9297769946155277,-0.08673294428236278,0.54
1664,0.9298737708087189,-0.08748853678097905,0.54
1665,0.9298241874953375,-0.0885704815107087,0.54
1666,0.9300812507023429,-0.08958934917890973,0.54
1667,0.929825211635191,-0.0905875470706786,0.54
1668,0.929788726442805,-0.09128182231618705,0.54
1669,0.9296740922288006,-0.0923329907990451,0.54
1670,0.9292680353616292,-0.09329123542606226,0.54
1671,0.92918179086395,-0.09433301791769692,0.54
1672,0.929270049237927,-0.09512338334750635,0.54
1673,0.9292125706892729,-0.09626042789758099,0.54
1674,0.9294164544958938,-0.09729731682587721,0.54
1675,0.9291310242368441,-0.09831098003486198,0.54
1676,0.9290813495240278,-0.09901940335827221,0.54
1677,0.9289571694920163,-0.1000775520131225,0.54
1678,0.9285364852189761,-0.10102869703879597,0.54
1679,0.9284338590154375,-0.10205978668183184,0.54
1680,0.9285130926606869,-0.10284382560355412,0.54
1681,0.9284483454618122,-0.10397504520785752,0.54
1682,0.928669696294583,-0.1050059119061905,0.54
1683,0.928406452543487,-0.10598465139958627,0.54
1684,0.9283684800726062,-0.10668966885809866,0.54
1685,0.9282504204683817,-0.10774851422803454,0.54
1686,0.9278346657896142,-0.10869135757566709,0.54
1687,0.9277261783038611,-0.1097172481416175,0.54
1688,0.9277959227080012,-0.11051577834655436,0.54
1689,0.9277220546908225,-0.11166109334782769,0.54
1690,0.9279266702781395,-0.11269486420591548,0.54
1691,0.9276498967228312,-0.11367005311187728,0.54
1692,0.9273591734199497,-0.11477549223316956,0.54
1693,0.9273527072382504,-0.11565877504444787,0.54
1694,0.9275267691937178,-0.11661477721046731,0.54
1695,0.9271948312135777,-0.11755811732249984,0.54
1696,0.9268643850198244,-0.1186512854838857,0.54
1697,0.9268372539418614,-0.11954936164158886,0.54
1698,0.9270145855799596,-0.12049539592141623,0.54
1699,0.9269357144425868,-0.12169358725963506,0.54
1700,0.9265675771475539,-0.12272141693048483,0.54
1701,0.9264286801225845,-0.12376416047593429,0.54
1702,0.9264146818799314,-0.124540782179929,0.54
1703,0.9262622100441625,-0.12561496319538612,0.54
1704,0.9257905312693415,-0.12654962327768546,0.54
1705,0.9256543550440564,-0.1272870478294951,0.54
1706,0.925744075998894,-0.1282268229765469,0.54
1707,0.9256646445704232,-0.12940744517451938,0.54
1708,0.9253838490038088,-0.13036646139454275,0.54
1709,0.9253416893239604,-0.13111207346433523,0.54
1710,0.9254521867707011,-0.13204443785306483,0.54
1711,0.9253749276381374,-0.1331779065705723,0.54
1712,0.9249698960016185,-0.13419322764659972,0.54
1713,0.9248378185880487,-0.13494798867081534,0.54
1714,0.9249049113413137,-0.13585377057684628,0.54
1715,0.9248110683273026,-0.1369839499196652,0.54
1716,0.9243916670078168,-0.1379880651261947,0.54
1717,0.9242667950582653,-0.1387572000664779,0.54
1718,0.9237969882917189,-0.13951171543883378,0.54
1719,0.9236976895726868,-0.14019305798932877,0.54
1720,0.9235315295871834,-0.14131972659463993,0.54
1721,0.9237554310967284,-0.14250987331755444,0.54
1722,0.9235111060303646,-0.1435894363933669,0.54
1723,0.9234696256496594,-0.1444212050924765,0.54
1724,0.9233022659580354,-0.14555758996371018,0.54
1725,0.9228649537243644,-0.14652822873008872,0.54
1726,0.9227462434920071,-0.14759640523760126,0.54
1727,0.9227811313945365,-0.14843041919065275,0.54
1728,0.9226520433945107,-0.1495610342325709,0.54
1729,0.9228014577124461,-0.1505969321957535,0.54
1730,0.922481533448847,-0.15155680428958554,0.54
1731,0.9224080708322556,-0.15226143379205376,0.54
1732,0.922260667925544,-0.15326235364703358,0.54
1733,0.9218428498802564,-0.15412625449177175,0.54
1734,0.921948549795761,-0.1548491067973826,0.54
1735,0.9221174102413424,-0.15578904342206143,0.54
1736,0.9220654252354265,-0.15699292369746734,0.54
1737,0.9217891724539173,-0.1579569397364949,0.54
1738,0.9216755361886239,-0.1589448257803853,0.54
1739,0.92167677244477,-0.1597064821346596,0.54
1740,0.9215424446897524,-0.16074126668096492,0.54
1741,0.9210872114184743,-0.1616206547135929,0.54
1742,0.920935417372088,-0.1623160204601677,0.54
1743,0.9204999586703231,-0.1630077995046966,0.54
1744,0.9203820184041971,-0.16358008580789454,0.54
1745,0.9199404214847747,-0.16423988102459663,0.54
1746,0.9198997697745657,-0.16490770857861098,0.54
1747,0.9197906088939535,-0.16607927231582906,0.54
1748,0.9194831405359992,-0.16703975323814665,0.54
1749,0.919487486362289,-0.16821870768068914,0.54
1750,0.9195922350073965,-0.1691832196538481,0.54
1751,0.9194609493079853,-0.17046728623048016,0.54
1752,0.9192140491229482,-0.1713415988352876,0.54
1753,0.9191745146112795,-0.17234102169901874,0.54
1754,0.9192193954387338,-0.17317919727250478,0.54
1755,0.9190479921250337,-0.17438053084460353,0.54
1756,0.9188021173533527,-0.17518530491380777,0.54
1757,0.9187403802027928,-0.17612700578802332,0.54
1758,0.91877775622903,-0.17693505731593961,0.54
1759,0.9186105770656317,-0.17810282091001092,0.54
1760,0.9182685838837115,-0.17896406849794147,0.54
1761,0.9181316386938416,-0.17993836163733387,0.54
1762,0.9181145904095191,-0.18072733705817942,0.54
1763,0.9179097634849025,-0.18185922192938714,0.54
1764,0.9173936494199671,-0.18279791611046495,0.54
1765,0.9175968481633106,-0.18373814841232614,0.54
1766,0.9173498134410246,-0.1843836541359493,0.54
1767,0.9170048927340688,-0.185543094422335,0.54
1768,0.9169674740880664,-0.18654301453810723,0.54
1769,0.9170120261803411,-0.18740375496973544,0.54
1770,0.916820198021092,-0.18858167595424813,0.54
1771,0.9163683021867844,-0.18956319497985868,0.54
1772,0.9161682875544969,-0.19069618647484654,0.54
1773,0.9160469468086153,-0.19151080118558306,0.54
1774,0.9157439121253378,-0.1925947505634069,0.54
1775,0.915182310122826,-0.19352134256038367,0.54
1776,0.914918415374127,-0.1945464208283691,0.54
1777,0.9148148687779593,-0.1952657964932394,0.54
1778,0.9145673174011685,-0.19629709200459927,0.54
1779,0.9141862986570481,-0.19706023867563904,0.54
1780,0.9145617992684995,-0.19807513668635424,0.54
1781,0.9142672321172131,-0.19879933299316593,0.54
1782,0.913919642165771,-0.19994864203251986,0.54
1783,0.9138408441373799,-0.2009193523089579,0.54
1784,0.9134699580200798,-0.20166209376659933,0.54
1785,0.9133398961908005,-0.2026397180645584,0.54
1786,0.9133631965429677,-0.20342288742479817,0.54
1787,0.9132470733525485,-0.20447470008194207,0.54
1788,0.9128653736729468,-0.2053283842742061,0.54
1789,0.9126965947236003,-0.2063429870267842,0.54
1790,0.9126655290826944,-0.2070335589134779,0.54
1791,0.9124825474967344,-0.2079735235741905,0.54
1792,0.9120154348660755,-0.20876819809868896,0.54
1793,0.9118347633154718,-0.2093198053659535,0.54
1794,0.9118298523014887,-0.2102446396719469,0.54
1795,0.9116272418912922,-0.21135608142652285,0.54
1796,0.9111508104782632,-0.21230692970346257,0.54
1797,0.9109469251608133,-0.21296911600230978,0.54
1798,0.910912779970761,-0.2138955655711285,0.54
1799,0.9107023303584552,-0.21502736729808797,0.54
1800,0.9103084687935092,-0.21589758074324145,0.54
1801,0.9101799518468091,-0.21654666534510694,0.54
1802,0.9097054391291274,-0.2171489104971568,0.54
1803,0.9095868782120375,-0.21769629128109175,0.54
1804,0.9093428213036778,-0.21875066768132903,0.54
1805,0.9094715341998981,-0.21997535320695177,0.54
1806,0.9091484352786451,-0.2209980884173031,0.54
1807,0.9090341075952321,-0.22174530308174709,0.54
1808,0.9087481877634063,-0.222837618264853,0.54
1809,0.9088314506626132,-0.22396230221144547,0.54
1810,0.9084248780475275,-0.22490791801374876,0.54
1811,0.9082432610789585,-0.22557217025539067,0.54
1812,0.9079240997475165,-0.2265932293675933,0.54
1813,0.907374590214711,-0.22743497568374801,0.54
1814,0.9075825747723675,-0.22875904981947076,0.54
1815,0.9073500242667364,-0.23034633511325342,0.54
1816,0.906972305056977,-0.231318394605306,0.54
1817,0.9067626232287915,-0.23219719601937358,0.54
1818,0.906699548897798,-0.23283732795771914,0.54
1819,0.9064901218917737,-0.23378141958456974,0.54
1820,0.9061940951767159,-0.23446883116265108,0.54
1821,0.9064596243646262,-0.23567519137452825,0.54
1822,0.9062763759417504,-0.23687881774153272,0.54
1823,0.9058155431803375,-0.23774962576718203,0.54
1824,0.9055631638166862,-0.2382897148894823,0.54
1825,0.9050973067288599,-0.23880960256386238,0.54
1826,0.9049143247959638,-0.2391719706243699,0.54
1827,0.9044318128655708,-0.2396547193591928,0.54
1828,0.9043117582001818,-0.24002689999643712,0.54
1829,0.9040982323968101,-0.2408474375278289,0.54
1830,0.903692448047199,-0.24162216675641032,0.54
1831,0.9035529123513524,-0.24276858863693457,0.54
1832,0.9035174073600594,-0.2435356827563669,0.54
1833,0.9032348671082248,-0.24458709804255527,0.54
1834,0.9032598963342324,-0.24568884515605158,0.54
1835,0.9028190287655407,-0.24660373703920446,0.54
1836,0.902329756727174,-0.2476049061291814,0.54
1837,0.902132618686601,-0.24833684171281406,0.54
1838,0.9021284274351111,-0.24929709181451226,0.54
1839,0.9018155062575587,-0.25038597620248876,0.54
1840,0.9017765548196528,-0.2514934573023596,0.54
1841,0.901301468370676,-0.25242084992228875,0.54
1842,0.9010772272279349,-0.2530251725843686,0.54
1843,0.9007461181491898,-0.2539495813719013,0.54
1844,0.9002717980972541,-0.2546531277699252,0.54
1845,0.9001233597870447,-0.2551752350326563,0.54
1846,0.9001097062918195,-0.2561115415039395,0.54
1847,0.8998617262784789,-0.25722350259091453,0.54
1848,0.8993449283277989,-0.2581345740100931,0.54
1849,0.8991223666836429,-0.25872059062470915,0.54
1850,0.8990336213641276,-0.25965910610020765,0.54
1851,0.8987413420846248,-0.2607275002873095,0.54
1852,0.8983047637213174,-0.2615358672661239,0.54
1853,0.8981362266632629,-0.26206451533887154,0.54
1854,0.8980695606844511,-0.2629380731381154,0.54
1855,0.8978143535780223,-0.26396591165476446,0.54
1856,0.897288521873246,-0.26481050441374115,0.54
1857,0.8970821423758536,-0.265370203814695,0.54
1858,0.8969969161678469,-0.2662555933828348,0.54
1859,0.8967511722781544,-0.2672976977272695,0.54
1860,0.8962421696146021,-0.26814155714937543,0.54
1861,0.8960578322067569,-0.2687141922012207,0.54
1862,0.8955512137904319,-0.26924192136175445,0.54
1863,0.895423339680269,-0.2696906223607467,0.54
1864,0.895152499160544,-0.2706244424617588,0.54
1865,0.8952694631162003,-0.27183692193757614,0.54
1866,0.8949500338484561,-0.27278743585087295,0.54
1867,0.8948188414887256,-0.2734616867801445,0.54
1868,0.8944885572621069,-0.27446593758787363,0.54
1869,0.8940454742521193,-0.27523638901561115,0.54
1870,0.8938256673798103,-0.27624784306205685,0.54
1871,0.8937371742448628,-0.2769644007099507,0.54
1872,0.8934188058819098,-0.2779833975506657,0.54
1873,0.8929489986597868,-0.2787381832739279,0.54
1874,0.8928406905781955,-0.28010665058840495,0.54
1875,0.8924010097638698,-0.2815451306617407,0.54
1876,0.892130334486874,-0.2825979165481024,0.54
1877,0.8915768387296553,-0.2833228432533005,0.54
1878,0.890789204740771,-0.284120576906461,0.54
1879,0.8904858083595512,-0.2845988458909475,0.54
1880,0.8904952786148232,-0.28509903708302775,0.54
1881,0.890337430302236,-0.2854616564707221,0.54
1882,0.8901533740885619,-0.28617042334310744,0.54
1883,0.8902194031402052,-0.2872186376702485,0.54
1884,0.8900380772285383,-0.2881955740092455,0.54
1885,0.8900141903799177,-0.28931223964437486,0.54
1886,0.889942744772857,-0.2900343683210227,0.54
1887,0.8894618330084395,-0.29065405845766806,0.54
1888,0.8889721445490443,-0.2913582903521882,0.54
1889,0.8887255883101699,-0.29190860093763804,0.54
1890,0.8882081890008192,-0.2924252838402695,0.54
1891,0.88790882421851,-0.2933244935123903,0.54
1892,0.887499130063004,-0.2943231578227736,0.54
1893,0.8873422643466273,-0.2951082570483406,0.54
1894,0.8869654639753393,-0.2956347497007726,0.54
1895,0.886749360576368,-0.29648251118981866,0.54
1896,0.8864164861879489,-0.2974564859893837,0.54
1897,0.8863201558994169,-0.2981468832064861,0.54
1898,0.885884425158518,-0.2986625681925684,0.54
1899,0.8857415710051199,-0.29914398839119777,0.54
1900,0.8852764983824842,-0.29967183244057016,0.54
1901,0.8851579808546336,-0.30017767145349444,0.54
1902,0.8847094650758054,-0.3007153336340221,0.54
1903,0.884298823694672,-0.30159927465915687,0.54
1904,0.8842558256950876,-0.30238263157700157,0.54
1905,0.8843156681300959,-0.30362327122646066,0.54
1906,0.883894287897912,-0.3045966083449054,0.54
1907,0.8833889430808868,-0.3056501340225328,0.54
1908,0.8831565489330431,-0.3064673333715716,0.54
1909,0.8830492228230357,-0.30754422396896125,0.54
1910,0.8824977050033567,-0.30844261017669344,0.54
1911,0.8819522665990481,-0.30941201394671486,0.54
1912,0.8816923442612412,-0.31002532631375745,0.54
1913,0.8811266516248396,-0.31051518670734274,0.54
1914,0.8809255461394322,-0.31100019462528267,0.54
1915,0.8804171241455615,-0.31151851943834,0.54
1916,0.8803063613639591,-0.31204688354892746,0.54
1917,0.8798682080389412,-0.31257828093634343,0.54
1918,0.879842657422898,-0.3131323068294138,0.54
1919,0.8796496668390726,-0.3141452375622877,0.54
1920,0.8793540373140685,-0.314925791436274,0.54
1921,0.8792190706418684,-0.3160673559260358,0.54
1922,0.8791750369341322,-0.3169147663583683,0.54
1923,0.8788785573376239,-0.31789203793741627,0.54
1924,0.8782851398145852,-0.31871873037581006,0.54
1925,0.8779174445495993,-0.3197268122639156,0.54
1926,0.877708402996071,-0.3204504625368236,0.54
1927,0.8773051175684262,-0.32132271004463003,0.54
1928,0.8766620898115347,-0.32207563548489865,0.54
1929,0.8762874319232802,-0.3230180936169005,0.54
1930,0.8761361475281151,-0.3237069777948304,0.54
1931,0.8758186464050697,-0.3246669960298869,0.54
1932,0.875262680166954,-0.3254265385335099,0.54
1933,0.874927679790496,-0.3263786690586892,0.54
1934,0.8748016439431381,-0.327035688505029,0.54
1935,0.8745251775073425,-0.32790465954346526,0.54
1936,0.8740503025747691,-0.32860153528698777,0.54
1937,0.8737468567510701,-0.32952399652245395,0.54
1938,0.8733504994293393,-0.3303815109414479,0.54
1939,0.8731917880236427,-0.3309022379566326,0.54
1940,0.8727289255850571,-0.3313134419155727,0.54
1941,0.8724221456607753,-0.3322473768852288,0.54
1942,0.8720123640645063,-0.3331806027352404,0.54
1943,0.8718501131871752,-0.3338929208623569,0.54
1944,0.8713667408881689,-0.3344069949034182,0.54
1945,0.8708383719567273,-0.335142111683868,0.54
1946,0.8706691494354484,-0.3361178894115943,0.54
1947,0.8704342678638259,-0.33731405683291055,0.54
1948,0.8700322196946413,-0.3383358115571647,0.54
1949,0.8694881675636854,-0.33931561229290363,0.54
1950,0.8692644475358108,-0.3403419733690623,0.54
1951,0.8689811222006963,-0.34135891449908545,0.54
1952,0.8685469763197952,-0.3420036301284922,0.54
1953,0.8679998296302964,-0.34265055534166344,0.54
1954,0.8677582952614078,-0.3435773551403921,0.54
1955,0.8671603964094536,-0.34437823787301347,0.54
1956,0.866814640635997,-0.34485261290700986,0.54
1957,0.8663256159190372,-0.3454302792534901,0.54
1958,0.8660909970146993,-0.34631891609769255,0.54
1959,0.8654891541653222,-0.3471153265744165,0.54
1960,0.8651932666807539,-0.34759184340256283,0.54
1961,0.8648123825166483,-0.34817598236467157,0.54
1962,0.8643207864168166,-0.34872055531644186,0.54
1963,0.8639929269711083,-0.3495879278862269,0.54
1964,0.8638716578853188,-0.3501076957380641,0.54
1965,0.8636078193858788,-0.3507292831948208,0.54
1966,0.8631073813643456,-0.35131977016002036,0.54
1967,0.8627656207196159,-0.352196941707437,0.54
1968,0.8626296293015059,-0.352732061778132,0.54
1969,0.8623756271549475,-0.35337097306336035,0.54
1970,0.8618867559115201,-0.3539745517663129,0.54
1971,0.8615501294933652,-0.35483373742144525,0.54
1972,0.8611726072235955,-0.35553144698144906,0.54
1973,0.8610409689486408,-0.35602073872730533,0.54
1974,0.8606992802636632,-0.35638029899684937,0.54
1975,0.8604160175271023,-0.35712196182018996,0.54
1976,0.8600570163643468,-0.3578180292538351,0.54
1977,0.8599384697968389,-0.35833277891148485,0.54
1978,0.8594777941622477,-0.3587651527653234,0.54
1979,0.8591237297368823,-0.35952802009111445,0.54
1980,0.8587457223974793,-0.36025558391122064,0.54
1981,0.8582700319139184,-0.3610489188478604,0.54
1982,0.8580567186282247,-0.36209665400983787,0.54
1983,0.8577581509942478,-0.36322208667373185,0.54
1984,0.8572868855150259,-0.3640894990066908,0.54
1985,0.856668214562674,-0.3648935507544819,0.54
1986,0.8563754567910091,-0.36582834821781707,0.54
1987,0.8560223004915022,-0.366840432333731,0.54
1988,0.8555142349744856,-0.3676414969072307,0.54
1989,0.8548518502574631,-0.36833856098696166,0.54
1990,0.8541998666084857,-0.368914429099434,0.54
1991,0.85383832116066,-0.3696741977257637,0.54
1992,0.8536274325907506,-0.37012721392938797,0.54
1993,0.853047118470433,-0.3705492619791842,0.54
1994,0.85254209576328,-0.3709640640245144,0.54
1995,0.8522941786880388,-0.37167124859317385,0.54
1996,0.8522285676083207,-0.37214064777912376,0.54
1997,0.8517728258784268,-0.37255529992352676,0.54
1998,0.8514023183689112,-0.3729585981715786,0.54
1999,0.8513358205082624,-0.37330955251326603,0.54
2000,0.8509317295513791,-0.3736658734573962,0.54
2001,0.850609209606016,-0.37447556760519696,0.54
2002,0.8504644337336079,-0.3750418224399847,0.54
2003,0.8501878115022912,-0.3757287409127365,0.54
2004,0.8496400959190347,-0.37639157703799975,0.54
2005,0.8487912677202418,-0.37719832454857516,0.54
2006,0.8484424967014617,-0.3777282795107467,0.54
2007,0.8483503493511941,-0.3781752406604462,0.54
2008,0.847870805124142,-0.37856319996872967,0.54
2009,0.8473891156173167,-0.3791977339292186,0.54
2010,0.8471878074214475,-0.38012257297841856,0.54
2011,0.8469287344727188,-0.3811463149816865,0.54
2012,0.846596333656552,-0.38196680533232985,0.54
2013,0.8461476908204202,-0.38274961315576966,0.54
2014,0.8459338696160367,-0.383683495276731,0.54
2015,0.8452851363902026,-0.3844810257099307,0.54
2016,0.844901638947074,-0.38497562862049584,0.54
2017,0.8443849965973289,-0.38553084152555267,0.54
2018,0.8441073980016728,-0.38630523624379803,0.54
2019,0.8434279432131969,-0.3870608534016172,0.54
2020,0.8428202530152644,-0.3876424541257283,0.54
2021,0.8425324928621916,-0.38805248724311014,0.54
2022,0.8422704121764599,-0.38886528186638036,0.54
2023,0.841611625181924,-0.38960170936601424,0.54
2024,0.8410591633938223,-0.3901762526247439,0.54
2025,0.8408304514703728,-0.390604184171793,0.54
2026,0.8403717771694527,-0.39092375111741773,0.54
2027,0.8400173625869345,-0.3915747656340692,0.54
2028,0.8396499077466314,-0.39211601855436096,0.54
2029,0.8395493189414087,-0.3925582672830185,0.54
2030,0.8390935030446673,-0.39292207410937185,0.54
2031,0.8387276479943706,-0.39361221043944417,0.54
2032,0.8383496568029937,-0.3941928867347564,0.54
2033,0.8382188954970482,-0.39468041483369165,0.54
2034,0.8377265237069401,-0.3950827269066178,0.54
2035,0.8373352198140979,-0.39576973288895206,0.54
2036,0.8369292551437272,-0.3963806984338936,0.54
2037,0.8367604709543103,-0.39690675698396466,0.54
2038,0.836227358361075,-0.3973384120310542,0.54
2039,0.8353335025946113,-0.39801935050998244,0.54
2040,0.8349608129414491,-0.3985073378309051,0.54
2041,0.8348533245108761,-0.39901968453064673,0.54
2042,0.8343367735114584,-0.39943903020555727,0.54
2043,0.8338480668780821,-0.4000753624715892,0.54
2044,0.8336515692415705,-0.4008707835137171,0.54
2045,0.8332790864720048,-0.40165482265078395,0.54
2046,0.8330553608929175,-0.4025776278412964,0.54
2047,0.8323612300699058,-0.4033915518618577,0.54
2048,0.8319846047494324,-0.4039095545362171,0.54
2049,0.8315078775144382,-0.4044769161052673,0.54
2050,0.8308531114118729,-0.4049957175551007,0.54
2051,0.8303800101293988,-0.40567446223496206,0.54
2052,0.830146011971867,-0.4061172972363532,0.54
2053,0.8297730388636501,-0.40670739321071403,0.54
2054,0.829122052885633,-0.4072776518489116,0.54
2055,0.8286581884830188,-0.4080203828988548,0.54
2056,0.8281836055349345,-0.40861769717597946,0.54
2057,0.8279723131714054,-0.4090707675237976,0.54
2058,0.8273875712200919,-0.4094561089887264,0.54
2059,0.826922451901512,-0.4101318694492251,0.54
2060,0.8264580186842961,-0.410699198589906,0.54
2061,0.826256683286262,-0.4111617404724659,0.54
2062,0.8256980915354682,-0.41153908290282243,0.54
2063,0.825260382746523,-0.4121903536169902,0.54
2064,0.8248353495078737,-0.4127528229888706,0.54
2065,0.8246602015569726,-0.4132275399207802,0.54
2066,0.8242147447643219,-0.41358250019892207,0.54
2067,0.8233712889568031,-0.41419954676518994,0.54
2068,0.823020346363587,-0.4146480478134739,0.54
2069,0.8229113413997942,-0.4151076328661851,0.54
2070,0.8224015495682856,-0.41548432555786674,0.54
2071,0.8219182093662478,-0.4160506398485524,0.54
2072,0.8216894565778883,-0.4168160857085622,0.54
2073,0.8213020804061129,-0.4175297317003185,0.54
2074,0.8210459188560482,-0.41839261528733807,0.54
2075,0.8203119996007926,-0.4191746544439448,0.54
2076,0.81965896013691,-0.41968805819321753,0.54
2077,0.8193092206242729,-0.42004776603231003,0.54
2078,0.8189566286687836,-0.420723452613032,0.54
2079,0.8181510986042602,-0.4213919528240476,0.54
2080,0.8174854263401705,-0.4219326734951009,0.54
2081,0.8171609942759024,-0.4223686969524011,0.54
2082,0.8165281019597144,-0.42268865343680007,0.54
2083,0.8162347882604049,-0.4229707278993358,0.54
2084,0.8155679634365196,-0.4233481454939708,0.54
2085,0.8152950149535483,-0.42367446440923084,0.54
2086,0.8146523525728567,-0.4240766503851398,0.54
2087,0.8144351510823586,-0.42443237850202115,0.54
2088,0.8141003700187673,-0.42505126985826974,0.54
2089,0.8136006832905867,-0.42564198612774923,0.54
2090,0.813235798601295,-0.4265474812417733,0.54
2091,0.8130205242289203,-0.42714414366322456,0.54
2092,0.8125969013944746,-0.42779809945157043,0.54
2093,0.8118624294154583,-0.428447716291057,0.54
2094,0.8113335780617332,-0.42924656191871086,0.54
2095,0.8109780757761192,-0.42972785213327586,0.54
2096,0.8104956365275562,-0.43029984687761064,0.54
2097,0.8098735643174131,-0.4308480297707603,0.54
2098,0.8089066536407354,-0.4315642000091753,0.54
2099,0.8084303464329065,-0.4320333699864645,0.54
2100,0.8081955997376831,-0.4324060867750178,0.54
2101,0.807583301973679,-0.43274386938638276,0.54
2102,0.8066358282121183,-0.43333885284774765,0.54
2103,0.8062505245932586,-0.43375858706357256,0.54
2104,0.8061591202686242,-0.43414514937240795,0.54
2105,0.8056962989007739,-0.43444769909087333,0.54
2106,0.8053171949625891,-0.4348549478355423,0.54
2107,0.8046667320032845,-0.43537197894950175,0.54
2108,0.8044476985695249,-0.43571883760680485,0.54
2109,0.8041380230660812,-0.4364995990821691,0.54
2110,0.8037157012720554,-0.43710230655153304,0.54
2111,0.8029801573356693,-0.4377050880937042,0.54
2112,0.8025960320669998,-0.4381039523765636,0.54
2113,0.802191225150609,-0.4388029947916687,0.54
2114,0.8017050664386912,-0.4393834404626058,0.54
2115,0.80092819798776,-0.43997940369578453,0.54
2116,0.8005012897980007,-0.440375908397538,0.54
2117,0.7997336668077084,-0.4407741976891697,0.54
2118,0.7993538655867237,-0.44106720400155247,0.54
2119,0.7986331408633502,-0.4414013038389184,0.54
2120,0.7983411917381541,-0.4416672543784124,0.54
2121,0.7979716260591744,-0.44213780523171076,0.54
2122,0.797367004300424,-0.4426419698634706,0.54
2123,0.7969123545354528,-0.44345854889528674,0.54
2124,0.7966750849135327,-0.44391458054055855,0.54
2125,0.7963066555807861,-0.44438860344042586,0.54
2126,0.7956508249839689,-0.44489561055648735,0.54
2127,0.7951381101686724,-0.4456072529315404,0.54
2128,0.7948286632706679,-0.4459928235453865,0.54
2129,0.794425874697784,-0.4464062108806785,0.54
2130,0.7938462384446693,-0.4468487630389,0.54
2131,0.7929168512002805,-0.44746631278391064,0.54
2132,0.7924612736228721,-0.4478591992766166,0.54
2133,0.7922312461558239,-0.44810402097213314,0.54
2134,0.7916294135493052,-0.44834768629308913,0.54
2135,0.7906828089724561,-0.44885849764471525,0.54
2136,0.7902608070059262,-0.44928701156164724,0.54
2137,0.7901192255550197,-0.44961018149804377,0.54
2138,0.7896285181593521,-0.4498554496616047,0.54
2139,0.7892278477075286,-0.4501867628148864,0.54
2140,0.7886072047443691,-0.45062349538652247,0.54
2141,0.788386837238767,-0.45093730448260483,0.54
2142,0.7880454984805727,-0.45168787363297563,0.54
2143,0.7875838647418313,-0.45224466850054246,0.54
2144,0.7868128993138382,-0.45279899826774433,0.54
2145,0.7863998480254412,-0.4531712544824204,0.54
2146,0.7859483346187253,-0.4538375547273008,0.54
2147,0.7854227981628772,-0.4543618782775781,0.54
2148,0.7846121534466853,-0.45490440695256906,0.54
2149,0.7841724939416749,-0.45526955226730687,0.54
2150,0.7833896771826584,-0.45562307237139565,0.54
2151,0.7830044052308298,-0.45585972326245305,0.54
2152,0.7822764920952443,-0.4561434758259791,0.54
2153,0.781987590369575,-0.4563418700554126,0.54
2154,0.7815972376796677,-0.45671642091060294,0.54
2155,0.7810346315676449,-0.4571354459825663,0.54
2156,0.7805672823844729,-0.4578985806608338,0.54
2157,0.7803124043837129,-0.45833124415505594,0.54
2158,0.7798964999260797,-0.45874417359635705,0.54
2159,0.7791814928690886,-0.4592097261825799,0.54
2160,0.7786018329076205,-0.4598628011220457,0.54
2161,0.7780348310863263,-0.46024417931562045,0.54
2162,0.7777367427207439,-0.46048624246841624,0.54
2163,0.7770721462067944,-0.460712240150091,0.54
2164,0.7765065477548723,-0.4612103057848454,0.54
2165,0.7759933860455759,-0.4615468471343246,0.54
2166,0.7757714977276102,-0.4616990305739034,0.54
2167,0.775186103011736,-0.46188593118033505,0.54
2168,0.7746713941897071,-0.46239985261700306,0.54
2169,0.7741982635433425,-0.46274007094915137,0.54
2170,0.7740086375428669,-0.46288515174661476,0.54
2171,0.7734296078298863,-0.46308097076313653,0.54
2172,0.7729029614537165,-0.4636080370416703,0.54
2173,0.772396815077211,-0.4639641040167265,0.54
2174,0.7721599854959978,-0.46414406484252907,0.54
2175,0.7715242854083086,-0.46436415277056614,0.54
2176,0.7709616413602189,-0.46489236131970874,0.54
2177,0.7704056829086943,-0.46528274393913355,0.54
2178,0.7701139949330924,-0.4655227498810253,0.54
2179,0.7694311075662644,-0.4657731267403791,0.54
2180,0.7688434512004075,-0.4663121586531146,0.54
2181,0.7682558650024727,-0.466729257918255,0.54
2182,0.7679343786292165,-0.4670062797470399,0.54
2183,0.7673106670168527,-0.46725279696848926,0.54
2184,0.7667569587931979,-0.4677945710946691,0.54
2185,0.7661640163996954,-0.4682199422437058,0.54
2186,0.7658495404874176,-0.46854763615708916,0.54
2187,0.7651309004812176,-0.4688233560059404,0.54
2188,0.7640211602654176,-0.46934447219889464,0.54
2189,0.7635064392743413,-0.46982999258511265,0.54
2190,0.7632191622223831,-0.4701587779463547,0.54
2191,0.7625359748539569,-0.4704125180473872,0.54
2192,0.7619017227328246,-0.47076548964478604,0.54
2193,0.7615095855257973,-0.4713652115393219,0.54
2194,0.7606874571390746,-0.47193878922476534,0.54
2195,0.7603220513840813,-0.4722329019138238,0.54
2196,0.7598438896277249,-0.4724922818792481,0.54
2197,0.7594911074915078,-0.4730167686584899,0.54
2198,0.7586742332502048,-0.47353215260774756,0.54
2199,0.758258860412435,-0.4737687111219452,0.54
2200,0.7577206329852844,-0.4739767302598214,0.54
2201,0.7573268358833,-0.47446980241712694,0.54
2202,0.7564769329416354,-0.47499375970574476,0.54
2203,0.7557588753661106,-0.4752048404129947,0.54
2204,0.7554244278568119,-0.47541610436906384,0.54
2205,0.7549658897547316,-0.4759645733209115,0.54
2206,0.7540718936204763,-0.4764915029949759,0.54
2207,0.7533645661674396,-0.4767609698704889,0.54
2208,0.7526646261839711,-0.4769723299172636,0.54
2209,0.7522062124286412,-0.47748366000362585,0.54
2210,0.7516579995202806,-0.47810139731488355,0.54
2211,0.751106414394996,-0.4783398676349103,0.54
2212,0.750502229036812,-0.4784512243069501,0.54
2213,0.7500649380910355,-0.47892320175908926,0.54
2214,0.749506548690231,-0.47952814782617076,0.54
2215,0.7489579332216526,-0.47973681116399475,0.54
2216,0.7480518424049889,-0.4801129687436647,0.54
2217,0.7473267536346921,-0.4801495749827932,0.54
2218,0.746810238420805,-0.4804432447323087,0.54
2219,0.7465815573529844,-0.48062718231106494,0.54
2220,0.7458575064971871,-0.4807952657176582,0.54
2221,0.7452883226078192,-0.48082865073031694,0.54
2222,0.7450657727304951,-0.4807729911286191,0.54
2223,0.7447777809454128,-0.48121622943860337,0.54
2224,0.7440453530740113,-0.48171841478834215,0.54
2225,0.743433950285168,-0.4819012702961097,0.54
2226,0.7429678048413322,-0.48224635158434753,0.54
2227,0.7424831947186298,-0.48232061607812604,0.54
2228,0.7420622020028615,-0.48261598927791716,0.54
2229,0.7415881514232183,-0.48266688209613784,0.54
2230,0.741168734163118,-0.4829675948068451,0.54
2231,0.7406782743032486,-0.4830411921079918,0.54
2232,0.7397743192568923,-0.4833683538858896,0.54
2233,0.7390195994424518,-0.483772121595785,0.54
2234,0.7386401837896047,-0.48389587621052454,0.54
2235,0.7381124376182998,-0.4840261969250189,0.54
2236,0.73720998675694,-0.4843009979288524,0.54
2237,0.7364963234612144,-0.48472542783023365,0.54
2238,0.7361351257811735,-0.48487630760261596,0.54
2239,0.735598846509589,-0.48507359281364804,0.54
2240,0.7351996782150788,-0.48553756368492884,0.54
2241,0.7343351620720946,-0.48606595383853574,0.54
2242,0.7336007781788596,-0.4862555902549418,0.54
2243,0.7330524335155426,-0.4865788118046832,0.54
2244,0.7327874678806212,-0.48660451125223264,0.54
2245,0.7320188285400655,-0.48675081091555195,0.54
2246,0.7316766162995804,-0.4867126048628964,0.54
2247,0.7308664185100235,-0.4868635543834381,0.54
2248,0.7305521451237159,-0.4871007575827713,0.54
2249,0.7297422311313208,-0.48732666309779205,0.54
2250,0.7290607448720113,-0.48746401622342306,0.54
2251,0.7288085891415961,-0.48769571862048583,0.54
2252,0.7281048448822517,-0.4878675094533255,0.54
2253,0.7274812396536444,-0.4882388552855553,0.54
2254,0.7269165535204647,-0.4884372382337663,0.54
2255,0.7266376768216832,-0.4885149584100769,0.54
2256,0.7259326894844288,-0.48869844142615376,0.54
2257,0.72528743949824,-0.4891417604368633,0.54
2258,0.7249505435265976,-0.48926340262311757,0.54
2259,0.7241069400881307,-0.4895063061958711,0.54
2260,0.7233920045212981,-0.4895799112817615,0.54
2261,0.7231109229312653,-0.4897771259172262,0.54
2262,0.7226462815363929,-0.49028583041534785,0.54
2263,0.7216972138621596,-0.4908231988159794,0.54
2264,0.7209323565720533,-0.4910700159879954,0.54
2265,0.7201666438572004,-0.4912308669983524,0.54
2266,0.7196434081983357,-0.4916418398804485,0.54
2267,0.7190365538906256,-0.49212443211177276,0.54
2268,0.7184490774530876,-0.4922354955888114,0.54
2269,0.7174656579288814,-0.49254527027565254,0.54
2270,0.7169618097835936,-0.4925416475601083,0.54
2271,0.7164677513073368,-0.49274992237886545,0.54
2272,0.7159441108292314,-0.49274176378484713,0.54
2273,0.715028604084657,-0.4929895573084214,0.54
2274,0.7146551379842848,-0.49325349354887404,0.54
2275,0.7137873679282354,-0.4934807031246299,0.54
2276,0.7133583387875047,-0.49343377325937837,0.54
2277,0.7124816742585498,-0.493576030210181,0.54
2278,0.7121324898656635,-0.4938040931710346,0.54
2279,0.711598565742888,-0.49401569220974656,0.54
2280,0.7107250873491352,-0.49435124755945614,0.54
2281,0.7100134462182102,-0.4947786487165945,0.54
2282,0.7096444782401327,-0.4948252810675574,0.54
2283,0.708813567075887,-0.49501139809610845,0.54
2284,0.7084317681258177,-0.49492871658143317,0.54
2285,0.7080069699175147,-0.49510230017842133,0.54
2286,0.7075697992264393,-0.49506427073839493,0.54
2287,0.7067269207123985,-0.4952986172661507,0.54
2288,0.7063985724190254,-0.4955539408904785,0.54
2289,0.7055537946515172,-0.4957783388538746,0.54
2290,0.7048484053500649,-0.49573308080134415,0.54
2291,0.704320264461394,-0.4958656338278479,0.54
2292,0.7040704294286022,-0.49572298149083577,0.54
2293,0.7033070978578144,-0.49579600382952305,0.54
2294,0.7029329624673776,-0.4956715397169561,0.54
2295,0.7024973969834915,-0.49587216154191593,0.54
2296,0.7019914407623251,-0.4959210363093595,0.54
2297,0.7010801303358111,-0.49622404792508,0.54
2298,0.7003067185377364,-0.49656152095763306,0.54
2299,0.699660644826159,-0.4965397625031236,0.54
2300,0.6993051951986948,-0.4963869859714831,0.54
2301,0.6988889774577286,-0.4966168039705988,0.54
2302,0.6979305819755732,-0.49698179457726627,0.54
2303,0.6971339724891604,-0.49702361479592055,0.54
2304,0.6967570740846676,-0.4972279422318451,0.54
2305,0.6958851105934092,-0.49735442627618115,0.54
2306,0.6951453010840366,-0.4975147324117217,0.54
2307,0.6945320281897285,-0.4975190362029153,0.54
2308,0.693898486734966,-0.4975273562814562,0.54
2309,0.6934311107417727,-0.49784260751539156,0.54
2310,0.6928383887779302,-0.49825719179928396,0.54
2311,0.692282234861978,-0.49829829682536875,0.54
2312,0.6913013551246565,-0.498564887288383,0.54
2313,0.6907767029520747,-0.49849727513782355,0.54
2314,0.6902511077848376,-0.4986284530390093,0.54
2315,0.6896946092834526,-0.49853187729386034,0.54
2316,0.6887099043333724,-0.4987302525052129,0.54
2317,0.6882680129849578,-0.4989885075918532,0.54
2318,0.6873041986955218,-0.49919858947979157,0.54
2319,0.6864836940593942,-0.4991800739855866,0.54
2320,0.6858977610214712,-0.4992816698916469,0.54
2321,0.685588428166527,-0.49914776087785756,0.54
2322,0.6847842991842208,-0.4992151046355318,0.54
2323,0.6844400452611787,-0.4994007912269889,0.54
2324,0.6835780007405294,-0.49957252195230795,0.54
2325,0.6828904605212706,-0.49955611232868097,0.54
2326,0.6825137718372589,-0.49941873264026804,0.54
2327,0.6821047118563887,-0.49968217715172275,0.54
2328,0.6811993792836253,-0.500077228047196,0.54
2329,0.6804486880909578,-0.5000567272884621,0.54
2330,0.6798355083938994,-0.5001861892573989,0.54
2331,0.6794879081843846,-0.5000010147635093,0.54
2332,0.6786043051825011,-0.5000556696731001,0.54
2333,0.6781152793244558,-0.4998743775606845,0.54
2334,0.6776033519738403,-0.4999632587857524,0.54
2335,0.6770410050914406,-0.4998690267809767,0.54
2336,0.6760510928781305,-0.5000879915229121,0.54
2337,0.6752237252902734,-0.5003231958023563,0.54
2338,0.6747723838031423,-0.5002516204580597,0.54
2339,0.6742077409378902,-0.5001342285249626,0.54
2340,0.673748021948634,-0.5002818089440522,0.54
2341,0.6727639907659111,-0.500623231722996,0.54
2342,0.6719738396368474,-0.5005646814070014,0.54
2343,0.6715916150333213,-0.5006945757971871,0.54
2344,0.6706986546439142,-0.5007782956149844,0.54
2345,0.6693740554161263,-0.5011229973123599,0.54
2346,0.6686360871191032,-0.5011350960931555,0.54
2347,0.6682779205070472,-0.5012750019489566,0.54
2348,0.6674290415218366,-0.5013036509802555,0.54
2349,0.6666761809685976,-0.5012677437376638,0.54
2350,0.6661460318428541,-0.5014028154438009,0.54
2351,0.6656295457918262,-0.5013050212632675,0.54
2352,0.6651530540778896,-0.5014816861403466,0.54
2353,0.6642049284903372,-0.5018064787771813,0.54
2354,0.6635643726002449,-0.5015564898084977,0.54
2355,0.6633419216899807,-0.5015664296109239,0.54
2356,0.6625464745862055,-0.5015379944825155,0.54
2357,0.6618500392587162,-0.5012752349422486,0.54
2358,0.6612979752763076,-0.5012540640943381,0.54
2359,0.6609781534479073,-0.5009923015923201,0.54
2360,0.6601459352461923,-0.5010309452307987,0.54
2361,0.6597448731663192,-0.5011838830827636,0.54
2362,0.6588117394101617,-0.5013628255633225,0.54
2363,0.6580558250698593,-0.5012839193083927,0.54
2364,0.6572893935512885,-0.5011378811720729,0.54
2365,0.656706428090499,-0.5013383137717535,0.54
2366,0.6560137862797538,-0.5016354649778871,0.54
2367,0.6553690712049783,-0.5015396884834394,0.54
2368,0.6543023754195793,-0.5017294114188904,0.54
2369,0.6536784506070974,-0.5015825392642472,0.54
2370,0.6530898788559761,-0.5016116050533791,0.54
2371,0.65250669635805,-0.5013634002755188,0.54
2372,0.6519891910220186,-0.5013489858225192,0.54
2373,0.6509589572416833,-0.5015966406633243,0.54
2374,0.6502596980206387,-0.5013392154141562,0.54
2375,0.6499145535689606,-0.5008837120347024,0.54
2376,0.6494993382125659,-0.500855164243543,0.54
2377,0.6489062513039159,-0.5009889870947283,0.54
2378,0.648391782685985,-0.5008060681390202,0.54
2379,0.6478296557468151,-0.5005650307493703,0.54
2380,0.64688605690779,-0.5006770829032714,0.54
2381,0.6460663122928821,-0.5009102185949716,0.54
2382,0.6455625609442659,-0.5010998569732841,0.54
2383,0.6449121221191645,-0.5011139403286818,0.54
2384,0.6438332869412394,-0.5013387959408288,0.54
2385,0.642400507901474,-0.5017581603501613,0.54
2386,0.64154816404511,-0.501739985016424,0.54
2387,0.6410767168476075,-0.5017820990438955,0.54
2388,0.6401283582598526,-0.5017811152333359,0.54
2389,0.6388055453458213,-0.5020406464753482,0.54
2390,0.6380973145035334,-0.5019376258752061,0.54
2391,0.6377706708173784,-0.5019256875116579,0.54
2392,0.6369938580212228,-0.5018778598673858,0.54
2393,0.6364027064686145,-0.5015899204409624,0.54
2394,0.635493995829251,-0.5016413216056191,0.54
2395,0.6351655330406292,-0.5017365254987589,0.54
2396,0.6345978484796081,-0.5018737614891298,0.54
2397,0.6341397021792265,-0.5015715350691824,0.54
2398,0.6332838249338555,-0.5016259086853359,0.54
2399,0.6326807674815493,-0.5011770984179114,0.54
2400,0.6321265378262105,-0.5010592346160074,0.54
2401,0.6317469175918605,-0.5007131982157572,0.54
2402,0.6308846482247983,-0.5006864378467883,0.54
2403,0.6304546083977234,-0.5007600484517694,0.54
2404,0.6294949225084225,-0.5008889005374444,0.54
2405,0.6287813457851812,-0.5005948415169318,0.54
2406,0.6280932035955679,-0.5001461112315518,0.54
2407,0.6275333605326251,-0.5001131262391413,0.54
2408,0.6268385684849633,-0.5002154494925152,0.54
2409,0.6262466842697672,-0.4999119415661511,0.54
2410,0.6252408444418568,-0.49997672238015745,0.54
2411,0.6246331558470867,-0.49975946611645067,0.54
2412,0.624048199689253,-0.49970221590707636,0.54
2413,0.6235057243781646,-0.4993369320318795,0.54
2414,0.6225393353146359,-0.4993638411283675,0.54
2415,0.6220877371842743,-0.4994658544360148,0.54
2416,0.621111486361311,-0.49959668816273267,0.54
2417,0.6203382531241072,-0.4993093825127978,0.54
2418,0.6197244954868912,-0.4991315596495789,0.54
2419,0.6191818626307942,-0.4986727735436717,0.54
2420,0.6186717831407331,-0.4984916309278188,0.54
2421,0.6181999596043347,-0.49804465929994496,0.54
2422,0.6172787092170806,-0.49802934022238965,0.54
2423,0.6168290223382376,-0.4981252634065865,0.54
2424,0.6158385556446003,-0.49824460424992123,0.54
2425,0.6150263887123181,-0.4979732844073398,0.54
2426,0.6143815474666378,-0.49782130043468276,0.54
2427,0.613960855604881,-0.4974615259487474,0.54
2428,0.6130256877180623,-0.4974076830065754,0.54
2429,0.6124446666178368,-0.4971421290419481,0.54
2430,0.6114226839209209,-0.49716365761765535,0.54
2431,0.6108740788316099,-0.4972660949414481,0.54
2432,0.6098315441647918,-0.4973913792671954,0.54
2433,0.6090086283881664,-0.49716149663379283,0.54
2434,0.6083790334177731,-0.49701554234094236,0.54
2435,0.6078266089725153,-0.4965992156545856,0.54
2436,0.6073087184096614,-0.496430589609629,0.54
2437,0.6068362476331239,-0.4959809410778965,0.54
2438,0.6059125361442902,-0.49595781618598755,0.54
2439,0.6054717783353711,-0.4960354783616112,0.54
2440,0.604480176435774,-0.49614915723531766,0.54
2441,0.6036691433917278,-0.4958349241836559,0.54
2442,0.6030079310468534,-0.4956348653679721,0.54
2443,0.6025501738115865,-0.49525285583386996,0.54
2444,0.6015845468300474,-0.49518469197131965,0.54
2445,0.600804897361448,-0.4948196993958683,0.54
2446,0.6001653756635227,-0.4946969400457416,0.54
2447,0.599740658278071,-0.4946342149996933,0.54
2448,0.5987783370587131,-0.49468268035637764,0.54
2449,0.5980663739291944,-0.49442757848638813,0.54
2450,0.5973764686660156,-0.4940841119259694,0.54
2451,0.5968605503067269,-0.4941064809268091,0.54
2452,0.5958494246635482,-0.4943367444513361,0.54
2453,0.5951762439667017,-0.4942697834885588,0.54
2454,0.5945106994023769,-0.4941793017937293,0.54
2455,0.5939186254773404,-0.4937414645990363,0.54
2456,0.5928714820948245,-0.49370060649239217,0.54
2457,0.5921458523773904,-0.49343540359241844,0.54
2458,0.591462479282528,-0.4933092085748054,0.54
2459,0.5908222761152464,-0.492859022811521,0.54
2460,0.5897621452733713,-0.49283718032523366,0.54
2461,0.5888809679014637,-0.4927789503011232,0.54
2462,0.5882394270801935,-0.4922853816139758,0.54
2463,0.587837987606463,-0.4917152212264745,0.54
2464,0.5873681600325202,-0.49153904558787914,0.54
2465,0.5863694542944327,-0.491673226633575,0.54
2466,0.5856313805750621,-0.4913536565845961,0.54
2467,0.5851353745168224,-0.4908788449879428,0.54
2468,0.5845926938122061,-0.49075534649255664,0.54
2469,0.5835406275030125,-0.49092905343403126,0.54
2470,0.5827354746347706,-0.49063783893066965,0.54
2471,0.5821933517428503,-0.4905217609030946,0.54
2472,0.5811738323895135,-0.4905310613876029,0.54
2473,0.5797719044907174,-0.49070905959630073,0.54
2474,0.5789105766804518,-0.49062526114286786,0.54
2475,0.5783323466335144,-0.49018949073133683,0.54
2476,0.5773328065131805,-0.4900315450049996,0.54
2477,0.5765228608930459,-0.48991941073858536,0.54
2478,0.5759372192235164,-0.4894337131249533,0.54
2479,0.5756045066786304,-0.489155231736116,0.54
2480,0.5747948563359918,-0.48908278697538965,0.54
2481,0.5736138803820815,-0.4892528142715745,0.54
2482,0.5728180123540955,-0.4887669350356863,0.54
2483,0.5724073460509371,-0.48852225956197737,0.54
2484,0.5718350508900534,-0.48833700935458174,0.54
2485,0.5713145424212535,-0.487822376542557,0.54
2486,0.5703946103598274,-0.4877780737753718,0.54
2487,0.5691506957823305,-0.4878525537495887,0.54
2488,0.5683372262739068,-0.4877390887612958,0.54
2489,0.5677871390295134,-0.487567962058636,0.54
2490,0.5667974148404863,-0.48748674117700025,0.54
2491,0.5660358559252358,-0.4869939028799674,0.54
2492,0.5649576065850059,-0.48681821739464926,0.54
2493,0.5643517350676297,-0.4867377484703248,0.54
2494,0.5636652931700485,-0.48659294701245787,0.54
2495,0.5631357438455444,-0.4860089740980198,0.54
2496,0.5622312148307514,-0.4858519587552754,0.54
2497,0.5616019921571911,-0.4852157160957288,0.54
2498,0.5610145987732253,-0.48490466705562146,0.54
2499,0.5605300356008566,-0.48419645862446176,0.54
2500,0.5599804423167655,-0.4838490137368792,0.54
2501,0.5595136169499724,-0.4831545517272502,0.54
2502,0.5586066547463813,-0.48297130622800094,0.54
2503,0.5580272927957368,-0.48293073524236513,0.54
2504,0.5569980712437762,-0.4830087925040561,0.54
2505,0.5562081440911323,-0.48252609675286245,0.54
2506,0.555528554067906,-0.4821637760084006,0.54
2507,0.5549300757986019,-0.48150136706373703,0.54
2508,0.5543490675318502,-0.4810965842460924,0.54
2509,0.5538165677733072,-0.4804683256230306,0.54
2510,0.552837949566444,-0.48034700647460105,0.54
2511,0.5522054837003375,-0.48033263680102756,0.54
2512,0.5511501397751992,-0.48043833479099424,0.54
2513,0.5502997253169386,-0.48005076792470036,0.54
2514,0.5496009617257315,-0.4797701154830954,0.54
2515,0.5489964701266663,-0.47937514635581097,0.54
2516,0.5479399473474231,-0.47930402675683037,0.54
2517,0.5471373255349098,-0.47885734330840657,0.54
2518,0.5464780227919079,-0.4785483610793753,0.54
2519,0.5459022850452749,-0.47796515179218724,0.54
2520,0.5449407118602554,-0.47781788301169253,0.54
2521,0.5442904214054287,-0.4777647171964778,0.54
2522,0.5432056828413926,-0.4778330107717411,0.54
2523,0.5423496408485058,-0.4776682220113131,0.54
2524,0.5411493202816798,-0.47766606357273095,0.54
2525,0.5402496839158253,-0.4771432029480006,0.54
2526,0.5395311699468522,-0.4767445554066418,0.54
2527,0.5389425317290558,-0.4763005108294835,0.54
2528,0.5379589284896471,-0.4761821163489404,0.54
2529,0.5372545626682423,-0.475600135598215,0.54
2530,0.5366471996501323,-0.4752287233366816,0.54
2531,0.5361643656432081,-0.47452492888990944,0.54
2532,0.5352822830761174,-0.47426929278817836,0.54
2533,0.5346947475618865,-0.4741432758818716,0.54
2534,0.5336977903376218,-0.47415972946839335,0.54
2535,0.5328918278750993,-0.47399211381937834,0.54
2536,0.5317570984097982,-0.4739530575464757,0.54
2537,0.530903846489605,-0.47332825430728426,0.54
2538,0.5302017463496836,-0.47287083970979304,0.54
2539,0.5296025017347887,-0.47240943410314357,0.54
2540,0.528623760299007,-0.47227353088421403,0.54
2541,0.5279443689196334,-0.47165471218906513,0.54
2542,0.527353095122197,-0.4712323754031175,0.54
2543,0.5268982388078316,-0.470467578043057,0.54
2544,0.5260384315231007,-0.47017200931300973,0.54
2545,0.5254349364913713,-0.4700214589686605,0.54
2546,0.524438905067009,-0.4700250402648064,0.54
2547,0.5236159288834322,-0.46986389958976094,0.54
2548,0.5224773057640183,-0.4698140594465764,0.54
2549,0.5216393899815944,-0.4691834901172342,0.54
2550,0.520945422491967,-0.468694139690457,0.54
2551,0.5203222493675876,-0.4682155235833843,0.54
2552,0.5193289050647246,-0.46807219282774976,0.54
2553,0.5186559255880893,-0.46746274795902687,0.54
2554,0.5176577690879004,-0.4671570918833466,0.54
2555,0.5169959398102004,-0.46699115080033565,0.54
2556,0.5163006219166923,-0.4667293347548129,0.54
2557,0.5157966006202831,-0.46599997602356596,0.54
2558,0.5149045399588763,-0.46568397913178156,0.54
2559,0.5142462721728736,-0.4649019349939382,0.54
2560,0.513642449925274,-0.46447578861561806,0.54
2561,0.5130350863895573,-0.4640681543055894,0.54
2562,0.51204501048219,-0.46397458362549565,0.54
2563,0.5113248503379771,-0.463389313359901,0.54
2564,0.5102529255339447,-0.46308423891086975,0.54
2565,0.5094475642098185,-0.46291337806604616,0.54
2566,0.5086621147171381,-0.46263460535907636,0.54
2567,0.5080579648736232,-0.46192592009214856,0.54
2568,0.507066876367364,-0.46162800456603725,0.54
2569,0.5063105529906333,-0.4608877660521287,0.54
2570,0.5056591271203964,-0.4604563933287863,0.54
2571,0.5050539751394708,-0.46010875145475977,0.54
2572,0.5040593741552682,-0.4600482770355631,0.54
2573,0.5033648829373623,-0.45948027029970745,0.54
2574,0.5027204220098198,-0.4586956554454228,0.54
2575,0.5021270260368252,-0.45833469236039787,0.54
2576,0.5010904573976374,-0.4582838064590708,0.54
2577,0.5003719644889079,-0.4582289899428059,0.54
2578,0.4996806927850419,-0.4576690873284519,0.54
2579,0.4986289922511946,-0.4574457192889991,0.54
2580,0.4976859381446744,-0.4571251829948192,0.54
2581,0.49680982253574985,-0.45680023657960095,0.54
2582,0.49608279309460224,-0.45608694088810403,0.54
2583,0.4950449911285291,-0.4558909845803677,0.54
2584,0.49374183728660254,-0.4557762145785364,0.54
2585,0.4927812564151137,-0.4556658018042023,0.54
2586,0.49189319964478456,-0.455320820552193,0.54
2587,0.49081040106425566,-0.4551513161534593,0.54
2588,0.49033209149229695,-0.45460250024705,0.54
2589,0.4898497017349269,-0.4541018699792759,0.54
2590,0.4894320653182768,-0.45318317655200885,0.54
2591,0.48890149454189286,-0.4525524029108315,0.54
2592,0.48794768782797787,-0.4522795358712788,0.54
2593,0.4873017964239974,-0.4514406548299973,0.54
2594,0.48665128402045027,-0.45085043813456105,0.54
2595,0.4856853334079155,-0.4505196360240634,0.54
2596,0.4847926559331231,-0.45025584085195647,0.54
2597,0.4836601360783689,-0.4501243895710224,0.54
2598,0.482830235580463,-0.44935245268334983,0.54
2599,0.48212824362502343,-0.4487913236791129,0.54
2600,0.48157418177212297,-0.44786219394390836,0.54
2601,0.48098957047103386,-0.4472164133350476,0.54
2602,0.48052301058165875,-0.4462903191623385,0.54
2603,0.47963264228596797,-0.4459101878752049,0.54
2604,0.47890521673030123,-0.445697030443682,0.54
2605,0.47784506472266247,-0.44561429773016686,0.54
2606,0.47687424642606513,-0.44548935376094584,0.54
2607,0.47603153471444615,-0.4448478342649459,0.54
2608,0.47493074269222496,-0.4445234970196326,0.54
2609,0.47398188210337405,-0.44416665927938376,0.54
2610,0.4731522004732913,-0.4438738326143253,0.54
2611,0.4724939074334086,-0.4431871067972663,0.54
2612,0.47153317537409656,-0.4429600288188532,0.54
2613,0.4703118393546744,-0.4428045694134154,0.54
2614,0.46933923778205666,-0.44265469686187214,0.54
2615,0.4686365461629595,-0.4419722150581011,0.54
2616,0.4680021032221147,-0.44141621433240014,0.54
2617,0.4670073570685483,-0.4410560071755154,0.54
2618,0.46633180852211237,-0.4401021079781363,0.54
2619,0.4657444890112567,-0.4394442660361102,0.54
2620,0.4651099047402276,-0.43893737973138397,0.54
2621,0.4641406874883135,-0.43879628958352024,0.54
2622,0.46352749342982813,-0.4380238718573816,0.54
2623,0.46304789143151026,-0.43698117488273736,0.54
2624,0.46252931754827276,-0.43635217665447446,0.54
2625,0.46157713664048433,-0.4360559840094314,0.54
2626,0.4607147219015113,-0.4358484650091779,0.54
2627,0.46000410800036823,-0.4350904156451908,0.54
2628,0.4590489133976219,-0.43461249232287713,0.54
2629,0.45820512191978063,-0.43418945927866853,0.54
2630,0.4575140713401962,-0.4338790031566395,0.54
2631,0.45691338731658027,-0.43311778366563186,0.54
2632,0.456019192458503,-0.43269047747303896,0.54
2633,0.45529271081255696,-0.4318195245807604,0.54
2634,0.45459934889288844,-0.43122387929923595,0.54
2635,0.45347596869853074,-0.43087257287523356,0.54
2636,0.4526550890784482,-0.43067288710812945,0.54
2637,0.45193798814978675,-0.42997014344098644,0.54
2638,0.4508927689029573,-0.42952829512055124,0.54
2639,0.4500928852932825,-0.4292253947151706,0.54
2640,0.4492956999658021,-0.4287755872995949,0.54
2641,0.4486719394844903,-0.42787343253002597,0.54
2642,0.44774559037252415,-0.42738656399897273,0.54
2643,0.44706198017699517,-0.4265235199664981,0.54
2644,0.4463922734146581,-0.4259179907565906,0.54
2645,0.4456171349179987,-0.4254690830146042,0.54
2646,0.44452828705644426,-0.4252753459206365,0.54
2647,0.44372404038912516,-0.4245036305828811,0.54
2648,0.44311660286371496,-0.42358534499846157,0.54
2649,0.44251110950420963,-0.42302567568174176,0.54
2650,0.44143853781356657,-0.4227492052077298,0.54
2651,0.4404935620848162,-0.42257824843116976,0.54
2652,0.4396354333098989,-0.42188588531956767,0.54
2653,0.4384950967164605,-0.42145492994045347,0.54
2654,0.4374962399439997,-0.4209650940311539,0.54
2655,0.43658550520224154,-0.4205990361340562,0.54
2656,0.4358527812585198,-0.419795856971899,0.54
2657,0.43483191361317236,-0.4193695172317278,0.54
2658,0.43356785665912273,-0.41915542684433993,0.54
2659,0.4326052244978952,-0.4189813849558966,0.54
2660,0.43185356593525864,-0.41818044078409067,0.54
2661,0.43118075283041524,-0.4175255675018846,0.54
2662,0.4306320827794497,-0.4164613764208825,0.54
2663,0.4297584197022839,-0.4158362849948622,0.54
2664,0.42894076838367534,-0.41539194808062896,0.54
2665,0.4283070705154518,-0.4144802924148054,0.54
2666,0.42771309945292074,-0.413878087593136,0.54
2667,0.42678856010150695,-0.41354614377660337,0.54
2668,0.42601653567929737,-0.4127208375204409,0.54
2669,0.42528486306875135,-0.412139040198157,0.54
2670,0.4246699166648306,-0.4112525638447765,0.54
2671,0.42399532222859715,-0.4106213717420875,0.54
2672,0.4229089743543135,-0.41038128220497716,0.54
2673,0.42214357037926237,-0.40955060395492193,0.54
2674,0.4213736517068956,-0.40898874165095905,0.54
2675,0.42029600442294224,-0.4086534471230166,0.54
2676,0.4194455776109539,-0.4078759480057361,0.54
2677,0.41867337340544214,-0.40725776389382684,0.54
2678,0.41799210201694986,-0.4063261376536632,0.54
2679,0.41729004229428635,-0.4056569119769457,0.54
2680,0.4166709176160663,-0.4047580577523437,0.54
2681,0.41567938683081584,-0.40432256380219345,0.54
2682,0.414831439169938,-0.4040923103910482,0.54
2683,0.41368388228659236,-0.4039456359685337,0.54
2684,0.41265214291544855,-0.4038039742482092,0.54
2685,0.4117463485634591,-0.40309685481514057,0.54
2686,0.41060330075146434,-0.40264027436722155,0.54
2687,0.40958764330280645,-0.4021223710418345,0.54
2688,0.40881688646694986,-0.40115595262964454,0.54
2689,0.4080293547621625,-0.4005340725085887,0.54
2690,0.4070149961670965,-0.400199729657531,0.54
2691,0.4057877473464395,-0.3999664371981378,0.54
2692,0.40479393494475147,-0.3997428492363535,0.54
2693,0.40400902254208493,-0.3988586450814578,0.54
2694,0.4033220456944258,-0.3981521824582666,0.54
2695,0.4023290012640867,-0.39762766279375755,0.54
2696,0.40160876416776586,-0.3965781527922879,0.54
2697,0.4009507595670877,-0.39589332897074,0.54
2698,0.4000730802943878,-0.3953947876168452,0.54
2699,0.3993890099494958,-0.3950651163531811,0.54
2700,0.3984615570208937,-0.39472279091697315,0.54
2701,0.39774995862618157,-0.3937532029110226,0.54
2702,0.39715706376317816,-0.393104122320268,0.54
2703,0.3964429988324854,-0.39254388882562324,0.54
2704,0.3954166884333061,-0.3921653748601431,0.54
2705,0.39463959263393517,-0.39122758496335375,0.54
2706,0.39389745186635594,-0.3899948212808928,0.54
2707,0.39320630666435863,-0.3891952739556015,0.54
2708,0.3921464543537786,-0.388670314950271,0.54
2709,0.39120420105626147,-0.38831163880084013,0.54
2710,0.3903838736592789,-0.387435524490684,0.54
2711,0.38933627677968863,-0.3868160018440116,0.54
2712,0.3886175510324463,-0.3864559950675389,0.54
2713,0.387827119830204,-0.38597046856045797,0.54
2714,0.38714417012886254,-0.3849878368924907,0.54
2715,0.3861621566164603,-0.3843577907073478,0.54
2716,0.38533765055397456,-0.3832876874339221,0.54
2717,0.3846282573141913,-0.3826495991170219,0.54
2718,0.38386042570040474,-0.3822124940159375,0.54
2719,0.3828323611888971,-0.3818960405256203,0.54
2720,0.3820665991374889,-0.3810371913146191,0.54
2721,0.38133449707010914,-0.3799337325594516,0.54
2722,0.38061240718921135,-0.3792087813659145,0.54
2723,0.37977135674565055,-0.37865415833641597,0.54
2724,0.3790395962970872,-0.3777170293921082,0.54
2725,0.3779779058489669,-0.3771335191379085,0.54
2726,0.37718590703674276,-0.37625222773848205,0.54
2727,0.3763611491278548,-0.3757234811454113,0.54
2728,0.3755400604221662,-0.37525223833693605,0.54
2729,0.37438345866436157,-0.375030664171686,0.54
2730,0.37351217824677563,-0.37421314461433947,0.54
2731,0.3727537881166804,-0.37318472682621057,0.54
2732,0.37202198421277377,-0.37246134864419544,0.54
2733,0.37092613826831733,-0.371974923429976,0.54
2734,0.37001282206819863,-0.37163613549958974,0.54
2735,0.3692247516154405,-0.37108154420257117,0.54
2736,0.36815489967272,-0.37064368418271854,0.54
2737,0.3671786719865072,-0.3702612555330711,0.54
2738,0.36608634779030513,-0.36982046978779054,0.54
2739,0.365099805774063,-0.3693786789771721,0.54
2740,0.36396065283964707,-0.36888189292635615,0.54
2741,0.36307073629967174,-0.36779491634973244,0.54
2742,0.3623059472411469,-0.3671054842676102,0.54
2743,0.36157607428964883,-0.36657080477957577,0.54
2744,0.3606220949807583,-0.36617197944685265,0.54
2745,0.35982326014667654,-0.36515300254777233,0.54
2746,0.35913780205860124,-0.36381338107212724,0.54
2747,0.35842058229110146,-0.3629197233692394,0.54
2748,0.35743252109127605,-0.3622400452683427,0.54
2749,0.3566840759724975,-0.3617450399996634,0.54
2750,0.35600233837892864,-0.36068912790940016,0.54
2751,0.3551309030858888,-0.3598682626985494,0.54
2752,0.35439787822923224,-0.35933542654796835,0.54
2753,0.35356913638792864,-0.3588015138339013,0.54
2754,0.35246892405958063,-0.35830271401726393,0.54
2755,0.3516080949990958,-0.3573127403069739,0.54
2756,0.35088508691614123,-0.35604413606652163,0.54
2757,0.35015228371694346,-0.3551216015021961,0.54
2758,0.3494541348637637,-0.3539704604366742,0.54
2759,0.3486712737864835,-0.35318768739112605,0.54
2760,0.34760186928563025,-0.3527468481213071,0.54
2761,0.34673985180895317,-0.35187428800090664,0.54
2762,0.3459416387750014,-0.3513379647231629,0.54
2763,0.34490093221441603,-0.3509139334822844,0.54
2764,0.34395237333429196,-0.35000339463921004,0.54
2765,0.3430909342026234,-0.34932712668460064,0.54
2766,0.3423081961073356,-0.3488515431072109,0.54
2767,0.3412738148745416,-0.34846649816569614,0.54
2768,0.3404646352957526,-0.3476091393781737,0.54
2769,0.33975001120599035,-0.34655754459194654,0.54
2770,0.33900979741351156,-0.3458116227842415,0.54
2771,0.3379495220217691,-0.34527523165389346,0.54
2772,0.3371834926253151,-0.34487479831503864,0.54
2773,0.33648735452154815,-0.3440254110500705,0.54
2774,0.3355333631363379,-0.3433052648366273,0.54
2775,0.3346304765257739,-0.34283468910255793,0.54
2776,0.33365641032016274,-0.3422499221230615,0.54
2777,0.3327553470606383,-0.34121124495453153,0.54
2778,0.3316774421776039,-0.34061493324014386,0.54
2779,0.3304325280497613,-0.3400111409944549,0.54
2780,0.32949776598274255,-0.3395464728753593,0.54
2781,0.32856980488602294,-0.3391007699153683,0.54
2782,0.32769661031433694,-0.3380593867682528,0.54
2783,0.32673970426690224,-0.3373483245819423,0.54
2784,0.325641533945678,-0.33662914071087935,0.54
2785,0.32478930343569234,-0.33606079052363413,0.54
2786,0.3239265507719725,-0.3355235656877114,0.54
2787,0.32296400975163686,-0.3349302793059943,0.54
2788,0.32183412428767827,-0.3341556999254403,0.54
2789,0.321157473216093,-0.33353042913367775,0.54
2790,0.3204210668211222,-0.3329029848023159,0.54
2791,0.3197025793135973,-0.3316916041208017,0.54
2792,0.3188481479860209,-0.33076239095980803,0.54
2793,0.3177972814809336,-0.32987560573206065,0.54
2794,0.31696944470403554,-0.3292341858544586,0.54
2795,0.3163350277622002,-0.32868980233477185,0.54
2796,0.3154990266048269,-0.3280606274717645,0.54
2797,0.31465644372244433,-0.3269029756420936,0.54
2798,0.31378967742205754,-0.3260533048377749,0.54
2799,0.31296354750167044,-0.3249063907438594,0.54
2800,0.31195348302436426,-0.3240137901506025,0.54
2801,0.3110765290225861,-0.3233909787599361,0.54
2802,0.31020298830407445,-0.32285756693929624,0.54
2803,0.30946374269522126,-0.32209717645622615,0.54
2804,0.30851299234657914,-0.3213917167748485,0.54
2805,0.30761559050056825,-0.3202039599360928,0.54
2806,0.3067814597490081,-0.31939067713878544,0.54
2807,0.30593576688316815,-0.3182308310196902,0.54
2808,0.30503676407953084,-0.31736857193730383,0.54
2809,0.3041768402398205,-0.31625978500913565,0.54
2810,0.30321705037899704,-0.3154456221535102,0.54
2811,0.30241480178123326,-0.31505117073364153,0.54
2812,0.30151038487965537,-0.31457459788632236,0.54
2813,0.30066264970129153,-0.3141265954725471,0.54
2814,0.2996913388416403,-0.3135173995438924,0.54
2815,0.29876510668757156,-0.3123794123185986,0.54
2816,0.2980460844126503,-0.31172879638779427,0.54
2817,0.2971653826980758,-0.31104565026849307,0.54
2818,0.29614185814756305,-0.31034846862588134,0.54
2819,0.2952429991376061,-0.3094337481349414,0.54
2820,0.29437551277615215,-0.30827638843827876,0.54
2821,0.2935318743013615,-0.3074592843685782,0.54
2822,0.29243365699033746,-0.3066937349387228,0.54
2823,0.2916239944343051,-0.30609657362672393,0.54
2824,0.29081780146671077,-0.3050037081186843,0.54
2825,0.28994293532591753,-0.304078892532163,0.54
2826,0.2891559612410007,-0.3034557678035019,0.54
2827,0.28830654484988516,-0.3029359156260012,0.54
2828,0.2872484111840887,-0.30232198143706746,0.54
2829,0.28627560119573364,-0.30123530743557153,0.54
2830,0.285415330697479,-0.29985151458237425,0.54
2831,0.28466420523036345,-0.2990171317548961,0.54
2832,0.28387678563338664,-0.2983794540417129,0.54
2833,0.282912730767596,-0.2977766396036077,0.54
2834,0.2820174465811372,-0.29677969474563953,0.54
2835,0.28098269938957526,-0.2958880446267995,0.54
2836,0.28031317884502893,-0.2952860626551086,0.54
2837,0.2795308265456568,-0.29475738000127544,0.54
2838,0.27858326034416697,-0.2941799676543238,0.54
2839,0.27749386663547804,-0.29340839722760004,0.54
2840,0.27661497174940114,-0.292757794995039,0.54
2841,0.27574632819138156,-0.2916047089394849,0.54
2842,0.2748612910579097,-0.2907133276497395,0.54
2843,0.27404214674259864,-0.28973246417730547,0.54
2844,0.273053135905932,-0.2888942036439518,0.54
2845,0.272080259600417,-0.2882649897595554,0.54
2846,0.2711200215553293,-0.2872370450719221,0.54
2847,0.2702115940058314,-0.285913416620405,0.54
2848,0.26930156691445467,-0.2850277585704063,0.54
2849,0.2683032397024426,-0.2843753953485837,0.54
2850,0.2673856073997064,-0.2834403093330785,0.54
2851,0.26647005741385416,-0.28261518837586563,0.54
2852,0.26559500785330076,-0.2814784168748735,0.54
2853,0.26497758186014225,-0.2807952264881723,0.54
2854,0.26420050094968683,-0.28024572596976083,0.54
2855,0.2632436567191301,-0.27967251105942387,0.54
2856,0.2623687312021483,-0.2788473982159535,0.54
2857,0.26148501288284576,-0.27759187016801484,0.54
2858,0.26061773322353426,-0.2767714697125479,0.54
2859,0.2595751523887893,-0.2759622730904493,0.54
2860,0.258762786265435,-0.27541613447412316,0.54
2861,0.25800704943282354,-0.2745854610354445,0.54
2862,0.25702907409264175,-0.27378812733800384,0.54
2863,0.2561368742073386,-0.2731410601972377,0.54
2864,0.25511471647663453,-0.27240139096460597,0.54
2865,0.2542822385435066,-0.2718300259100207,0.54
2866,0.2532268108667968,-0.2711213031842369,0.54
2867,0.2521899297083071,-0.2699775252942981,0.54
2868,0.251348384211354,-0.2692273636760988,0.54
2869,0.25039608589809315,-0.2685567232151271,0.54
2870,0.24933652328891145,-0.26778220490093635,0.54
2871,0.2484017056946265,-0.2667602085635451,0.54
2872,0.24746242019996711,-0.2653924697966176,0.54
2873,0.24654131008309452,-0.2644846021513328,0.54
2874,0.24552597733714832,-0.2636144171514727,0.54
2875,0.24474526121115484,-0.26289479371995633,0.54
2876,0.2439044612739919,-0.26179907023559734,0.54
2877,0.24296891921581382,-0.2608078889304379,0.54
2878,0.24218531310079539,-0.2600691561863441,0.54
2879,0.2412748968143254,-0.2594652282306083,0.54
2880,0.240332651394654,-0.2587004020420544,0.54
2881,0.23940135097744245,-0.2576335472351767,0.54
2882,0.2384711916925096,-0.256273761852712,0.54
2883,0.23755291677345036,-0.25535990141891274,0.54
2884,0.23647392942859638,-0.2546254393129468,0.54
2885,0.2354738313902404,-0.2536891476322249,0.54
2886,0.2345685383154941,-0.2525035158192708,0.54
2887,0.23366367984630945,-0.2516064572150163,0.54
2888,0.23268052028682853,-0.25098116900624157,0.54
2889,0.23188536373318533,-0.2503718819721872,0.54
2890,0.23106707463482923,-0.24941434100846718,0.54
2891,0.2302071279766627,-0.24858533010426748,0.54
2892,0.22922214545411213,-0.2477176166327116,0.54
2893,0.22849079294256752,-0.24702665479438485,0.54
2894,0.2277998805268574,-0.24656427778574033,0.54
2895,0.22696974146622403,-0.24589270318260756,0.54
2896,0.2260236895813748,-0.24483372341680776,0.54
2897,0.22500306775578566,-0.243764874480224,0.54
2898,0.22419919707555813,-0.2431197785463635,0.54
2899,0.22334702903073336,-0.2424732150485384,0.54
2900,0.22241143903634883,-0.24171274771130602,0.54
2901,0.22141544811587066,-0.24071964562023973,0.54
2902,0.22063280414307354,-0.24003790830680793,0.54
2903,0.21973863043709835,-0.2389253146059678,0.54
2904,0.2187637955452481,-0.23804280862372235,0.54
2905,0.2176804831415974,-0.23706351019175523,0.54
2906,0.21665358394333317,-0.23597651502675818,0.54
2907,0.21579920143107717,-0.23517336959705104,0.54
2908,0.21492212641384473,-0.23423296905423488,0.54
2909,0.21413457065082372,-0.23341911667769644,0.54
2910,0.2132109917650037,-0.23249314883270603,0.54
2911,0.2122034112543416,-0.2313444377525385,0.54
2912,0.21117209724005556,-0.23051957515945726,0.54
2913,0.21030148727916126,-0.22970750685848668,0.54
2914,0.20936269178594194,-0.22879280334018315,0.54
2915,0.2084393077326937,-0.22772220727784415,0.54
2916,0.20750153360207274,-0.2264436581716639,0.54
2917,0.2066054552673511,-0.22565030685679802,0.54
2918,0.20559700781008355,-0.22476722513637748,0.54
2919,0.20491086078622864,-0.22417395588977013,0.54
2920,0.2040799623765408,-0.22320417131554254,0.54
2921,0.2031412828690814,-0.22221742354604038,0.54
2922,0.20243746513265132,-0.22142010885475838,0.54
2923,0.20150241183397377,-0.2207700973094929,0.54
2924,0.20043116534653438,-0.21991293668990555,0.54
2925,0.19938811221912753,-0.2188733996871727,0.54
2926,0.19835450302018195,-0.2176035127187168,0.54
2927,0.19739094368910867,-0.21676401266378814,0.54
2928,0.1965426332923213,-0.2159902057362285,0.54
2929,0.19561798105763606,-0.21513458791610096,0.54
2930,0.19464887472571893,-0.2141416866727041,0.54
2931,0.19367394012500214,-0.2133937913290143,0.54
2932,0.19265529556985878,-0.21240221383882796,0.54
2933,0.19169488971672172,-0.21135276831847405,0.54
2934,0.19095245951997442,-0.21049415400596724,0.54
2935,0.1900240633447937,-0.20981634631035578,0.54
2936,0.18903766943139508,-0.20891313823036065,0.54
2937,0.18812085071736084,-0.20792873922912816,0.54
2938,0.18711742014777424,-0.20679431519077784,0.54
2939,0.1861353184611998,-0.20604190996025734,0.54
2940,0.1853210286488024,-0.2052590835330049,0.54
2941,0.18447013225553585,-0.2043407980864253,0.54
2942,0.18351998628723673,-0.20327097076517422,0.54
2943,0.1825521285915498,-0.20212870001802782,0.54
2944,0.18183326398212574,-0.20122746879257378,0.54
2945,0.1811349297525451,-0.20042933379974995,0.54
2946,0.18035597567383443,-0.19956653789254922,0.54
2947,0.17939794627340916,-0.19854002501204596,0.54
2948,0.17872333911791083,-0.19776442764027863,0.54
2949,0.17783292807444592,-0.1967004151185603,0.54
2950,0.1768365107093963,-0.19559753974763963,0.54
2951,0.17611016806599392,-0.19490250311358207,0.54
2952,0.17512941253055883,-0.1942712869012904,0.54
2953,0.17404080964748436,-0.19336799691650103,0.54
2954,0.1729852302786387,-0.19237028396189523,0.54
2955,0.17185892833951974,-0.191223565591657,0.54
2956,0.17079152181548593,-0.19044740194602702,0.54
2957,0.16967175988166291,-0.18947055659884707,0.54
2958,0.1686374510555045,-0.18878951717349796,0.54
2959,0.16758972511147502,-0.18782441728955757,0.54
2960,0.1665351752621438,-0.1867400444580679,0.54
2961,0.16581041136631347,-0.18598395957728212,0.54
2962,0.16503067077854514,-0.18500022060675814,0.54
2963,0.16436518662624217,-0.18407645216188093,0.54
2964,0.16357809335206092,-0.18299126936243315,0.54
2965,0.1626149467273628,-0.1818777126677929,0.54
2966,0.16166660122871152,-0.18115245716785244,0.54
2967,0.16084884633624585,-0.1803335462403908,0.54
2968,0.15995715824396997,-0.1793115003986904,0.54
2969,0.15901303789861965,-0.17831713053458606,0.54
2970,0.15795247868743179,-0.17711824348341307,0.54
2971,0.1569796682616885,-0.17638415054842213,0.54
2972,0.15589544431330965,-0.17576557988461172,0.54
2973,0.15478775996466212,-0.17494451800168456,0.54
2974,0.15383360646034144,-0.17387945995495838,0.54
2975,0.15281515710425447,-0.1727484473208566,0.54
2976,0.15184984374157626,-0.17198608568286203,0.54
2977,0.15106961935758437,-0.17110814096548382,0.54
2978,0.15031964872711856,-0.1700001106382013,0.54
2979,0.14957333316260787,-0.1690722492101461,0.54
2980,0.1486378183015436,-0.16794596626332225,0.54
2981,0.14774142397325302,-0.16726168707816766,0.54
2982,0.1467632040773664,-0.16663394695285896,0.54
2983,0.1457278245735164,-0.16583239869016245,0.54
2984,0.1447733159815528,-0.16474379389294128,0.54
2985,0.14372941704819822,-0.16359379592564116,0.54
2986,0.1427435390382795,-0.16281101365471887,0.54
2987,0.14193570204624026,-0.1618939892408261,0.54
2988,0.14111100282515812,-0.1607236821817076,0.54
2989,0.14014221562711368,-0.15958537522142485,0.54
2990,0.13909984133690545,-0.15839807443365309,0.54
2991,0.13817417867028758,-0.157693567774056,0.54
2992,0.13721890865709427,-0.15705463708232684,0.54
2993,0.1362034507732257,-0.15625781036098402,0.54
2994,0.13531253757614725,-0.15515469753630126,0.54
2995,0.13431789898682733,-0.15402015403039906,0.54
2996,0.1333575983816498,-0.15325336193993147,0.54
2997,0.1323271003495914,-0.15235250017784996,0.54
2998,0.13143161206779413,-0.1516288013639682,0.54
2999,0.1305576572328157,-0.15046885217306985,0.54
3000,0.12958459236249997,-0.1493286301662021,0.54
3001,0.12887697181409682,-0.14832074639884926,0.54
3002,0.12808888178775402,-0.14751249175933442,0.54
3003,0.12724435285154514,-0.14637058749268278,0.54
3004,0.12627242627491303,-0.14527631906578012,0.54
3005,0.12531557543956637,-0.1442397046188564,0.54
3006,0.12438456790694871,-0.14355272468386038,0.54
3007,0.12341347065183986,-0.14286823436466917,0.54
3008,0.12238397547349869,-0.1420464753575753,0.54
3009,0.1214581734223358,-0.14086166783303797,0.54
3010,0.12042871824380215,-0.1396891494617802,0.54
3011,0.11965501749510662,-0.13865189779426096,0.54
3012,0.11884864087690784,-0.1378795300707311,0.54
3013,0.11801184777881613,-0.13678124743769227,0.54
3014,0.11701975739916431,-0.13568876247749243,0.54
3015,0.1160578200006416,-0.13436810318364859,0.54
3016,0.11537888238096214,-0.13323336341551537,0.54
3017,0.11474435866160548,-0.13219329003595656,0.54
3018,0.11399793868794987,-0.13105956107848057,0.54
3019,0.11305998617137306,-0.12983231966822703,0.54
3020,0.11232857941373536,-0.12875627193601508,0.54
3021,0.11136748392537335,-0.12771788256154784,0.54
3022,0.1103345220682055,-0.12702003779093052,0.54
3023,0.1092444539681688,-0.1260446972003124,0.54
3024,0.10808061807909244,-0.1250585262649078,0.54
3025,0.10718407073719284,-0.12420689892672021,0.54
3026,0.10626129009563956,-0.12317632702286993,0.54
3027,0.10546326021906763,-0.12218789859202962,0.54
3028,0.10456358809951431,-0.12107485501860031,0.54
3029,0.10349412045104053,-0.12003095929643445,0.54
3030,0.10243092016173236,-0.11937176855428147,0.54
3031,0.10155841018120773,-0.11855783323679962,0.54
3032,0.10065810059660524,-0.11750897667469162,0.54
3033,0.09963279506785928,-0.11650663058353748,0.54
3034,0.09863336718951349,-0.11531683144223623,0.54
3035,0.09789229057324376,-0.11427925798328852,0.54
3036,0.09719035198504576,-0.11331271830606758,0.54
3037,0.0964005504480504,-0.11225888463076776,0.54
3038,0.09543594695238268,-0.11106156633527342,0.54
3039,0.09467631036803156,-0.10999591651943057,0.54
3040,0.09370490499849216,-0.10899565599135957,0.54
3041,0.09272011100748466,-0.10793258095246405,0.54
3042,0.09189256258720235,-0.10699944177472243,0.54
3043,0.0908772512193775,-0.1063746788939414,0.54
3044,0.08978925790337546,-0.1054365964357962,0.54
3045,0.08863964363900224,-0.10449270060145933,0.54
3046,0.08744960916875913,-0.10345906783596295,0.54
3047,0.0863764221747946,-0.10279354553814954,0.54
3048,0.0852997350136914,-0.10216610463129332,0.54
3049,0.08423175852924616,-0.1014266043356555,0.54
3050,0.083285865302565,-0.10032059681138303,0.54
3051,0.08226215066586379,-0.09923332617475081,0.54
3052,0.08151030278708499,-0.0982391378834718,0.54
3053,0.08075197229202839,-0.09750861465669385,0.54
3054,0.07998075750246886,-0.09642972802491552,0.54
3055,0.07904212450044934,-0.09539712490771539,0.54
3056,0.07812048074470351,-0.09411710421245055,0.54
3057,0.07744380247834304,-0.09297652646390546,0.54
3058,0.07679676793573265,-0.09190589379551627,0.54
3059,0.07602876934527969,-0.09073259895948128,0.54
3060,0.07506561326049226,-0.08942040604633286,0.54
3061,0.07430409517330298,-0.08826360064800785,0.54
3062,0.0733166288984396,-0.08725328067946365,0.54
3063,0.072293408274257,-0.08615241129242929,0.54
3064,0.07144164619001943,-0.08517569946092735,0.54
3065,0.07040809815777478,-0.08451049131359942,0.54
3066,0.06930670068265082,-0.08353199845656535,0.54
3067,0.06815122720527717,-0.08258300446540506,0.54
3068,0.06696277811097029,-0.08158925958994989,0.54
3069,0.06589691636741424,-0.08094111514327564,0.54
3070,0.06483464382597215,-0.08031340039173528,0.54
3071,0.06378217475799637,-0.07958946271520133,0.54
3072,0.06284786599809036,-0.07848360954878647,0.54
3073,0.06183383346283844,-0.07741266612893881,0.54
3074,0.061085300889154426,-0.07641392192641555,0.54
3075,0.06032954007011247,-0.07567322807120912,0.54
3076,0.05952718198440352,-0.07458291189254386,0.54
3077,0.05856487195356097,-0.0735397626586585,0.54
3078,0.057621219846764216,-0.07224737492488402,0.54
3079,0.05693287171310104,-0.07108426432037146,0.54
3080,0.05628368733739794,-0.06998894110341043,0.54
3081,0.05551217369626575,-0.06878994881720596,0.54
3082,0.05455007278028681,-0.06750438982240774,0.54
3083,0.053790390196706464,-0.06634491555020743,0.54
3084,0.052809139777099064,-0.06536907413226815,0.54
3085,0.05179882345171307,-0.06427236949474326,0.54
3086,0.050956603547382656,-0.06327720250228946,0.54
3087,0.049940161153028954,-0.0625827404508688,0.54
3088,0.04885251677517133,-0.06157207651814437,0.54
3089,0.04770392092853391,-0.060617278402534454,0.54
3090,0.04652030223837852,-0.05966179940466714,0.54
3091,0.04545414799996169,-0.059018276304197655,0.54
3092,0.044389729157577947,-0.0583785350650393,0.54
3093,0.04333073973316661,-0.05763591222409175,0.54
3094,0.042274715351372144,-0.05680847699522946,0.54
3095,0.04140602728000917,-0.05568424786279647,0.54
3096,0.040540647727274774,-0.05482998913202324,0.54
3097,0.0395643639410453,-0.05390864133674597,0.54
3098,0.03865115735404542,-0.053091926091715494,0.54
3099,0.03767812215611858,-0.052211303093458505,0.54
3100,0.03679709829852798,-0.05095871127757385,0.54
3101,0.03613032153627238,-0.04971588176842933,0.54
3102,0.03535120265009094,-0.04828560422633283,0.54
3103,0.034712191141736216,-0.046979403675620195,0.54
3104,0.03384666786275049,-0.045954729376642106,0.54
3105,0.032985476543817484,-0.04479987746161157,0.54
3106,0.0320073004096694,-0.04400414229550832,0.54
3107,0.03091448619190214,-0.04315977549568796,0.54
3108,0.02983681710894076,-0.042444754401968626,0.54
3109,0.02873262512936659,-0.041632845046968056,0.54
3110,0.027738133814172655,-0.04044204582672643,0.54
3111,0.026973212691703018,-0.03923388331932485,0.54
3112,0.026112580632351837,-0.03784526297543993,0.54
3113,0.025402350487232574,-0.036572275805601684,0.54
3114,0.024496265868758707,-0.03558610058362846,0.54
3115,0.023608881011820446,-0.034502222383986425,0.54
3116,0.022601773407215996,-0.03377232592438552,0.54
3117,0.021510659283459008,-0.03299173616954868,0.54
3118,0.02043385286701332,-0.03233916690537664,0.54
3119,0.019350142944309305,-0.03158392419463644,0.54
3120,0.01837984491640537,-0.03045752515384219,0.54
3121,0.01762753166594096,-0.029290381937304977,0.54
3122,0.01678348604395608,-0.02792866977610687,0.54
3123,0.01608375782980572,-0.026657900128701752,0.54
3124,0.015190498835132609,-0.025669473676940387,0.54
3125,0.01431480410809839,-0.024560463606381505,0.54
3126,0.013318790037535905,-0.023789415106702152,0.54
3127,0.01223640134359888,-0.022983660470148236,0.54
3128,0.011222979013521478,-0.021877090508189048,0.54
3129,0.01045145737293496,-0.02077957653351683,0.54
3130,0.009731672158612627,-0.019683025068382928,0.54
3131,0.008920417359586368,-0.018470568642769924,0.54
3132,0.007944849525219058,-0.01712550504829631,0.54
3133,0.006830511648133359,-0.0160118386078645,0.54
3134,0.005987102051971601,-0.015079635129695162,0.54
3135,0.0050065868066329665,-0.014421071501859563,0.54
3136,0.003943045106717378,-0.013746351047828474,0.54
3137,0.002963643060911605,-0.012780981109201672,0.54
3138,0.001911068797690887,-0.011546953650726445,0.54
3139,0.0011354507444529581,-0.010379634890998876,0.54
3140,0.0004328543253487671,-0.009281052193424753,0.54
3141,-0.000413904700895017,-0.008086765354574029,0.54
3142,-0.0014344049810135174,-0.007113950868921608,0.54
3143,-0.002462459840617963,-0.006013955636965605,0.54
3144,-0.003282120313826872,-0.0050081165020319455,0.54
3145,-0.00426792525798186,-0.00427373752025094,0.54
3146,-0.005318111850534597,-0.003570644723256024,0.54
3147,-0.006300012000307683,-0.0025850261030563927,0.54
3148,-0.007390333964604086,-0.0016328266463866742,0.54
3149,-0.008438185764946461,-0.0009469950711392738,0.54
3150,-0.00930570518563853,-1.2304532797737244e-05,0.54
3151,-0.010188714486833533,0.0011931261153029355,0.54
3152,-0.011183678246314615,0.002239794860036686,0.54
3153,-0.012153638436758776,0.00348937210298438,0.54
3154,-0.01289544416234025,0.004637465167873498,0.54
3155,-0.013790406477878022,0.005530568079960097,0.54
3156,-0.014767377123167648,0.006318720738054926,0.54
3157,-0.01570411915812993,0.0073740145725845465,0.54
3158,-0.01675372136496359,0.008347751295902163,0.54
3159,-0.017776194111234347,0.009059269452054722,0.54
3160,-0.018580736007802218,0.010000197353959999,0.54
3161,-0.0194225579590976,0.011216415461093464,0.54
3162,-0.020391960204397274,0.012258184556603784,0.54
3163,-0.021360904604035343,0.013519006336441194,0.54
3164,-0.02210817530564855,0.014683766441584405,0.54
3165,-0.022814639621818563,0.015785162295084053,0.54
3166,-0.02363241589635354,0.016963764813425136,0.54
3167,-0.02461653033458274,0.018251639945025835,0.54
3168,-0.02541146544191172,0.01942788653415745,0.54
3169,-0.026366610747315965,0.020296296720606302,0.54
3170,-0.027345422631847763,0.02129619473249628,0.54
3171,-0.02818721464464893,0.02226016882113716,0.54
3172,-0.02911961404961354,0.023341363751443005,0.54
3173,-0.029931311630315847,0.024358199916079536,0.54
3174,-0.030881715329055873,0.025483007915671475,0.54
3175,-0.03198361490317873,0.026411638144375884,0.54
3176,-0.03289927558233538,0.027255508410246897,0.54
3177,-0.03391093042150123,0.02783893893334813,0.54
3178,-0.034928737181077855,0.028757060488900376,0.54
3179,-0.03601984815555157,0.029631456405264045,0.54
3180,-0.03715175874589115,0.030462937790791626,0.54
3181,-0.038179904535311435,0.031077675322841152,0.54
3182,-0.03917123413873517,0.03210416742235292,0.54
3183,-0.0399529244502241,0.03321839164430377,0.54
3184,-0.04086868712097169,0.0341587132202434,0.54
3185,-0.041762136180232584,0.03531295576904773,0.54
3186,-0.04276505779306844,0.03620878777255236,0.54
3187,-0.04382134153436624,0.037075100747918685,0.54
3188,-0.044655682434095074,0.03803935487738917,0.54
3189,-0.04550225621281469,0.03923641036919432,0.54
3190,-0.0464595863888687,0.04063544384115575,0.54
3191,-0.04718753539142697,0.04193011957874126,0.54
3192,-0.04786002100371592,0.043126482007898335,0.54
3193,-0.0486894049883892,0.04438509883882388,0.54
3194,-0.04966968258445812,0.04534537229369376,0.54
3195,-0.050667404076514336,0.04643664864196572,0.54
3196,-0.05148091770911516,0.04746458371372825,0.54
3197,-0.05242731152692103,0.048597433340916305,0.54
3198,-0.053232185704312825,0.04966662815483469,0.54
3199,-0.054194944120747185,0.050466147701247355,0.54
3200,-0.055152011592975184,0.0513994205568794,0.54
3201,-0.05624653845981322,0.05209481996039678,0.54
3202,-0.05734602972942431,0.05269349473053165,0.54
3203,-0.058485305339078246,0.05332653831794396,0.54
3204,-0.059530671023328686,0.053887064487579184,0.54
3205,-0.060601109123699114,0.05455581101105096,0.54
3206,-0.061645132417166223,0.055331286942026825,0.54
3207,-0.06266818709701426,0.056169214214347195,0.54
3208,-0.06349894917536,0.057298315442977574,0.54
3209,-0.06440266373630976,0.05827446000605521,0.54
3210,-0.06538202984491324,0.059195751036145924,0.54
3211,-0.06633642072713675,0.060488484902202364,0.54
3212,-0.06706393188941544,0.06172286345693483,0.54
3213,-0.06773044437746516,0.06296381504317056,0.54
3214,-0.06845934200828753,0.06427633383227141,0.54
3215,-0.06934203386104064,0.06571740017635476,0.54
3216,-0.07038065244358672,0.06686716120599619,0.54
3217,-0.07117237530585199,0.06789689774392776,0.54
3218,-0.07211020043575991,0.06869852670943086,0.54
3219,-0.07310989145557406,0.0694359956435784,0.54
3220,-0.07405299917285936,0.07049043444060887,0.54
3221,-0.0750777738128589,0.07181285297286015,0.54
3222,-0.07585279268448787,0.07307475054252288,0.54
3223,-0.07656372605634894,0.0742501455442123,0.54
3224,-0.07744191410230522,0.075486040034642,0.54
3225,-0.07846824943276282,0.07642891812453019,0.54
3226,-0.0795152283946307,0.07747546483335652,0.54
3227,-0.08037635411553792,0.07846000408054528,0.54
3228,-0.08140618391842296,0.07920836391786418,0.54
3229,-0.08244916822360687,0.07986444482609745,0.54
3230,-0.08342899944373777,0.0807803724759643,0.54
3231,-0.08448572412430239,0.08163023249568925,0.54
3232,-0.08551272032326526,0.08232498636131677,0.54
3233,-0.08655152161981469,0.08304830137082453,0.54
3234,-0.08754848146788989,0.08372851520504544,0.54
3235,-0.08851925334833714,0.08484271178189058,0.54
3236,-0.08951140375065901,0.08584693718480482,0.54
3237,-0.0902527323946854,0.08688896286168936,0.54
3238,-0.0910689018875617,0.08815387993377423,0.54
3239,-0.09169487563847495,0.0892039146807635,0.54
3240,-0.09251496638942606,0.09045908254880382,0.54
3241,-0.09351978389146214,0.09149120492489722,0.54
3242,-0.09435380651084431,0.09247637318164556,0.54
3243,-0.09530357596882216,0.0932387217415532,0.54
3244,-0.09628481833329836,0.09431890666390018,0.54
3245,-0.09731371489065672,0.09518686605310735,0.54
3246,-0.0983867006113536,0.0960072576883389,0.54
3247,-0.09938879665154518,0.096704101387042,0.54
3248,-0.10042810647199052,0.097468716058065,0.54
3249,-0.10142287231438199,0.09826230213426033,0.54
3250,-0.1023920860060128,0.09907435063422651,0.54
3251,-0.10326334811160562,0.10025210327363022,0.54
3252,-0.10421790645688309,0.10126998836335477,0.54
3253,-0.10521175350825855,0.10223171752477177,0.54
3254,-0.10599971575540813,0.10330266666886555,0.54
3255,-0.10683006578849516,0.10460220610718753,0.54
3256,-0.1077416267724467,0.10603838180939082,0.54
3257,-0.108465875549022,0.10737610813238878,0.54
3258,-0.10914300737627114,0.10861070815829414,0.54
3259,-0.10998191738291344,0.10989560460531453,0.54
3260,-0.11093827088966668,0.11085044678081143,0.54
3261,-0.11191335714343409,0.1119383744754736,0.54
3262,-0.11270709992201139,0.11298707836892831,0.54
3263,-0.1136302419468542,0.11413705818834248,0.54
3264,-0.11441443061710789,0.11523220234884031,0.54
3265,-0.11532891264049323,0.11601590111617884,0.54
3266,-0.11625603372271101,0.1169407535630097,0.54
3267,-0.11732780903600663,0.11767751342182874,0.54
3268,-0.11842813012784702,0.11837390115969332,0.54
3269,-0.11952511483763689,0.11903166496441077,0.54
3270,-0.12055023913430561,0.1196164344471113,0.54
3271,-0.12155658257147785,0.12059402036590944,0.54
3272,-0.1223824195817389,0.12170678331844689,0.54
3273,-0.1232914359684634,0.12260534126816257,0.54
3274,-0.12418860585738248,0.12371116457858705,0.54
3275,-0.1252237798365498,0.12464549176663871,0.54
3276,-0.12626421781956856,0.1254780261750934,0.54
3277,-0.12728838211090532,0.12623465663214847,0.54
3278,-0.1282527189250785,0.12692756558913987,0.54
3279,-0.12919598005648708,0.12802419699679365,0.54
3280,-0.12992978097135616,0.12923205106152855,0.54
3281,-0.13067822690014871,0.13007256482421556,0.54
3282,-0.13149118195336568,0.13122055707019156,0.54
3283,-0.13246411929778693,0.13220127414932906,0.54
3284,-0.13345784875188083,0.133055513756902,0.54
3285,-0.1344696936160562,0.13384834799893713,0.54
3286,-0.13545018728996036,0.13460998241138994,0.54
3287,-0.13648650664759934,0.13546987196367286,0.54
3288,-0.137445016230617,0.1363040981037676,0.54
3289,-0.1383651830231346,0.13712503972304724,0.54
3290,-0.13921264676489747,0.13831910588677634,0.54
3291,-0.14015184621351215,0.13936751019511917,0.54
3292,-0.14112075913891314,0.14033061633376848,0.54
3293,-0.1420948212415674,0.14121838195582428,0.54
3294,-0.14303857090271455,0.1420434597202554,0.54
3295,-0.14403070367825824,0.1429471511649582,0.54
3296,-0.14494744917709237,0.14381156436317794,0.54
3297,-0.14582414524918194,0.14465200354568927,0.54
3298,-0.146630070460413,0.1458615662511195,0.54
3299,-0.1475453924138919,0.14696542918758826,0.54
3300,-0.14845715708798896,0.1478492991903875,0.54
3301,-0.14938755535624634,0.1486341177639136,0.54
3302,-0.1502872220380525,0.14942444161923588,0.54
3303,-0.15125537045753965,0.15034686476391873,0.54
3304,-0.15210810651087145,0.1511083789689543,0.54
3305,-0.1530031523795584,0.15193978623759252,0.54
3306,-0.15382245896886684,0.1531697646993849,0.54
3307,-0.15478274391493652,0.15436093009254778,0.54
3308,-0.1557720530728613,0.15542931538746507,0.54
3309,-0.15656445318686688,0.15660074465366064,0.54
3310,-0.15736779882300128,0.1579182343665375,0.54
3311,-0.15831148551398252,0.15944158998193833,0.54
3312,-0.15900470727428487,0.1607924622974806,0.54
3313,-0.15969081200835603,0.1620617797363704,0.54
3314,-0.16050001830679536,0.1629449677295642,0.54
3315,-0.16135206793869894,0.16397871376905157,0.54
3316,-0.16228207469467554,0.16513831425221043,0.54
3317,-0.16310729321289688,0.16628741581246956,0.54
3318,-0.16409627286379663,0.1674977500823875,0.54
3319,-0.1649418775876018,0.16862407615889705,0.54
3320,-0.1658778626757475,0.16937614165095,0.54
3321,-0.16684043886897731,0.17025133274158857,0.54
3322,-0.1679515117018624,0.17100399516182188,0.54
3323,-0.1690430597903091,0.17165434259075688,0.54
3324,-0.17010389768233394,0.17222745209849294,0.54
3325,-0.17111829546352308,0.1727992751410063,0.54
3326,-0.17211689470709607,0.17374864705952553,0.54
3327,-0.173143540006219,0.17460598881053874,0.54
3328,-0.17395223007673777,0.17552394172677419,0.54
3329,-0.17487738532591335,0.17636381022986852,0.54
3330,-0.17583595900083157,0.17749276043531212,0.54
3331,-0.17680762658892468,0.17841683430831592,0.54
3332,-0.17777478400382996,0.17918563951225724,0.54
3333,-0.17872697929705725,0.17991734828699252,0.54
3334,-0.17973786347724496,0.18073994344714012,0.54
3335,-0.18064718283985712,0.18149706061247203,0.54
3336,-0.1815028290873403,0.18221615145089126,0.54
3337,-0.18230524216698366,0.18330746963656738,0.54
3338,-0.18322595253472443,0.18436132944377145,0.54
3339,-0.18414939893571763,0.18528868691394368,0.54
3340,-0.18506777212401515,0.18611773299110762,0.54
3341,-0.1859914708599738,0.18694698896450682,0.54
3342,-0.1869286868222241,0.18815832123612788,0.54
3343,-0.1876770750054796,0.18943942080983325,0.54
3344,-0.18848559691728844,0.19042320552994896,0.54
3345,-0.18934789813583544,0.19161174968016217,0.54
3346,-0.19034667929622817,0.19256594035462296,0.54
3347,-0.19133537421639066,0.19338536600692477,0.54
3348,-0.19230121154858137,0.1941015295007851,0.54
3349,-0.19325509998669985,0.19483040731572412,0.54
3350,-0.19420753878347222,0.19593670420474835,0.54
3351,-0.19488680354435928,0.19695913260337314,0.54
3352,-0.19569266936791044,0.1977953696076438,0.54
3353,-0.19656050804649916,0.19890365904013088,0.54
3354,-0.19757079617017528,0.199832643255686,0.54
3355,-0.19858289441099042,0.2006444796341573,0.54
3356,-0.19940082882326954,0.2015706261386686,0.54
3357,-0.20028006606193574,0.202728260577305,0.54
3358,-0.20122549317148028,0.20366879766070406,0.54
3359,-0.20222312140785922,0.20452954193082665,0.54
3360,-0.2032033815069598,0.20565059801573968,0.54
3361,-0.20418719060347337,0.20656127453961196,0.54
3362,-0.20494041160399967,0.2074947270502722,0.54
3363,-0.20582889587137482,0.20836312540595622,0.54
3364,-0.20669864399903454,0.2090786648716832,0.54
3365,-0.20755500087194845,0.21006920128060608,0.54
3366,-0.20849476945143666,0.2112944746529639,0.54
3367,-0.20921927738059762,0.21249905770624453,0.54
3368,-0.21002238542527454,0.21324250119354243,0.54
3369,-0.2109937439138846,0.21398914630823165,0.54
3370,-0.21195099736340886,0.21456676775172176,0.54
3371,-0.2129244624977887,0.21550847348210883,0.54
3372,-0.2136924028885503,0.21647497868207288,0.54
3373,-0.2146800775281912,0.21742814747711423,0.54
3374,-0.21564179672672387,0.2182113128292278,0.54
3375,-0.21659531538734564,0.21927545861913625,0.54
3376,-0.21750513975711142,0.2199822628009574,0.54
3377,-0.21846148174744726,0.22071466420999913,0.54
3378,-0.21944431363222663,0.2213885934704359,0.54
3379,-0.22043437915415945,0.22214168107141913,0.54
3380,-0.22138675638217067,0.222856939540961,0.54
3381,-0.2223169046545079,0.22395251240208253,0.54
3382,-0.22291847290105138,0.22492561348556542,0.54
3383,-0.22374863352381485,0.2262283777887841,0.54
3384,-0.2244066524399729,0.22735873716338614,0.54
3385,-0.225285159663781,0.22823912000925875,0.54
3386,-0.2262149784009167,0.22931121696863777,0.54
3387,-0.22730545647174244,0.23024185534795158,0.54
3388,-0.22837416399563437,0.23102966435022623,0.54
3389,-0.22938973139803,0.23170259371968024,0.54
3390,-0.23038798846759692,0.23240805685831184,0.54
3391,-0.2313635237293871,0.23348306441132735,0.54
3392,-0.23203323523731947,0.23459794679072093,0.54
3393,-0.2328141817103347,0.235457929506564,0.54
3394,-0.23367479507739325,0.2365431069868446,0.54
3395,-0.2347017750201208,0.2375253298600383,0.54
3396,-0.2356651761726161,0.2382396568645096,0.54
3397,-0.23660295392976144,0.23887519874830715,0.54
3398,-0.23757998176080816,0.2395633907636986,0.54
3399,-0.238346498782971,0.2405025949326876,0.54
3400,-0.23921829221602695,0.24169820618431517,0.54
3401,-0.24014158834087382,0.24263774570891866,0.54
3402,-0.24109604825238365,0.24376264118207164,0.54
3403,-0.24188129379630766,0.24486604048219943,0.54
3404,-0.24284157120560756,0.24581094082080318,0.54
3405,-0.2437307759973354,0.24644101037294983,0.54
3406,-0.24462788906348895,0.24736974918715263,0.54
3407,-0.24557216773766943,0.24812831854195688,0.54
3408,-0.24656570577369688,0.24887941234998107,0.54
3409,-0.24736863847473017,0.2497812078384609,0.54
3410,-0.24824101538278412,0.25089222789106747,0.54
3411,-0.24910571964465936,0.2516501774958147,0.54
3412,-0.25001856225838803,0.252271371948036,0.54
3413,-0.25097517293120086,0.2529280545073143,0.54
3414,-0.25202076569285436,0.25371167056371546,0.54
3415,-0.25294093836440434,0.25433709388323206,0.54
3416,-0.2538277677418795,0.2549400587436856,0.54
3417,-0.25467996203111404,0.255922803103227,0.54
3418,-0.25566866511605096,0.2569416676931457,0.54
3419,-0.2565381131894536,0.2576451299540444,0.54
3420,-0.2574666306191705,0.2583171943515909,0.54
3421,-0.25843851852251887,0.2591018064084596,0.54
3422,-0.2594734198323482,0.2600276090225455,0.54
3423,-0.2603591351443337,0.2607720742060349,0.54
3424,-0.2611990873337316,0.2614763426397936,0.54
3425,-0.26201637169422176,0.26256557816702075,0.54
3426,-0.26296987536590305,0.26368798166975693,0.54
3427,-0.2638262769260026,0.26450817521057246,0.54
3428,-0.2646889832037385,0.2652381540970418,0.54
3429,-0.2656017673899846,0.2660654052703943,0.54
3430,-0.26652508458629276,0.267262053729203,0.54
3431,-0.26721900834456785,0.2684875473827868,0.54
3432,-0.2679458849792428,0.2693353856878051,0.54
3433,-0.26877153289176875,0.27044929184056504,0.54
3434,-0.2695000944435795,0.27152421646952846,0.54
3435,-0.2703606522702196,0.272723759747637,0.54
3436,-0.2712706153516934,0.27348871484054016,0.54
3437,-0.2722924410457764,0.2742099452936206,0.54
3438,-0.2732779252967616,0.27481296847811587,0.54
3439,-0.27429874804469623,0.27549722098339896,0.54
3440,-0.2752191584461836,0.2760976135890929,0.54
3441,-0.2761012818968956,0.2770337962835253,0.54
3442,-0.2768391035925669,0.27805353469571265,0.54
3443,-0.2776773863382609,0.2792141448552734,0.54
3444,-0.2785882113278688,0.2800853445616144,0.54
3445,-0.27960380953344205,0.2808967554912225,0.54
3446,-0.2804401008045853,0.2818088000159435,0.54
3447,-0.28133729949443653,0.28288782754921055,0.54
3448,-0.28222297894310133,0.2836719034542065,0.54
3449,-0.2830997621602958,0.28425261659591955,0.54
3450,-0.28402461045583044,0.2848589576431339,0.54
3451,-0.2849487923305051,0.28581060533650127,0.54
3452,-0.2858830213197232,0.28657368380340653,0.54
3453,-0.2866277475987832,0.28738252019216803,0.54
3454,-0.2875266632220163,0.2881733070747894,0.54
3455,-0.2884574837043189,0.28923574740168667,0.54
3456,-0.28937165460492603,0.29003835747922446,0.54
3457,-0.2902684799953487,0.2906481204545677,0.54
3458,-0.2912188111181126,0.29130513970833083,0.54
3459,-0.292254663989705,0.29208792974031156,0.54
3460,-0.29314807252815017,0.292745291297491,0.54
3461,-0.29391510351092565,0.29326558577507816,0.54
3462,-0.29469345928323043,0.2942005950748561,0.54
3463,-0.29562008692749686,0.29511864222730316,0.54
3464,-0.29652149260495736,0.29586848503409235,0.54
3465,-0.2974261828102402,0.2965125628890364,0.54
3466,-0.2983889439781483,0.2972590903843487,0.54
3467,-0.2993204663913313,0.2983179405892375,0.54
3468,-0.30005350615486703,0.29944535917445153,0.54
3469,-0.30081920049913824,0.3002884928970217,0.54
3470,-0.30164750370944515,0.3013527473149435,0.54
3471,-0.3026271787331215,0.3023056897571934,0.54
3472,-0.30353483615718213,0.3030275718134993,0.54
3473,-0.30440860995394753,0.3035954288406608,0.54
3474,-0.3053340845788426,0.30425057573897357,0.54
3475,-0.30624926678924874,0.3052646469662173,0.54
3476,-0.30698040690402717,0.3059984921613454,0.54
3477,-0.3076523287209007,0.30683588740890555,0.54
3478,-0.30853938378089313,0.3076560720513876,0.54
3479,-0.3094945536585987,0.3087654749944402,0.54
3480,-0.31043802762010686,0.3095875220328387,0.54
3481,-0.31136052342922926,0.3101955340386646,0.54
3482,-0.3123431414978455,0.31085752283524914,0.54
3483,-0.3132939807548258,0.31179476652893123,0.54
3484,-0.3140284466429282,0.3128270263806628,0.54
3485,-0.3148006020931159,0.3135674535937512,0.54
3486,-0.3156323591714221,0.3145260971583996,0.54
3487,-0.31664787348825285,0.3154483193123748,0.54
3488,-0.317521450378202,0.31607980796925833,0.54
3489,-0.3184007811509971,0.31655901902681427,0.54
3490,-0.31934297877144163,0.31713926546472715,0.54
3491,-0.32027557037412635,0.3180830698474879,0.54
3492,-0.3211906996970564,0.31881899921319107,0.54
3493,-0.32191615284062775,0.3196071296137628,0.54
3494,-0.3227973697895368,0.32039798887875637,0.54
3495,-0.3236733437831898,0.3214224222856245,0.54
3496,-0.3245540062842243,0.3221847707238564,0.54
3497,-0.3254270354002279,0.32275323835482467,0.54
3498,-0.3263723388013607,0.3233955672961264,0.54
3499,-0.32740749272069175,0.3241692338264916,0.54
3500,-0.3282834853886033,0.3247963988757996,0.54
3501,-0.32907762257662515,0.3253174907151423,0.54
3502,-0.3298451477084845,0.32620109469578634,0.54
3503,-0.33078035813664974,0.3271500563003354,0.54
3504,-0.3315618419562614,0.32788155859182616,0.54
3505,-0.3323957906759685,0.3284737490936453,0.54
3506,-0.3333290716905727,0.32917329017976155,0.54
3507,-0.3342588192501448,0.3302327193647507,0.54
3508,-0.3351739294492482,0.3310549110475846,0.54
3509,-0.33588593761692637,0.3319013922829336,0.54
3510,-0.3367597196799901,0.3326763942744015,0.54
3511,-0.3376287369632055,0.33370803401957544,0.54
3512,-0.3383475113205222,0.3344501065484412,0.54
3513,-0.3391762218283714,0.33501320521186967,0.54
3514,-0.3401203580235876,0.3356704344923627,0.54
3515,-0.3410458051461867,0.3366098628065029,0.54
3516,-0.34180101957321124,0.33762138020249177,0.54
3517,-0.34257554906624166,0.3383252344595853,0.54
3518,-0.34339994382639666,0.3392486762946914,0.54
3519,-0.3443994092866101,0.34008451057149214,0.54
3520,-0.34533394703542875,0.34070297552227663,0.54
3521,-0.34621860526807485,0.34116020730826857,0.54
3522,-0.34715597195716585,0.3416852486467984,0.54
3523,-0.34806618361061625,0.3426047579849923,0.54
3524,-0.34891304415199903,0.34328089635705306,0.54
3525,-0.3495783653568522,0.3440350342947228,0.54
3526,-0.35046858560871685,0.3447946323058323,0.54
3527,-0.3512803394511974,0.3453337376347451,0.54
3528,-0.3521184618340615,0.3462173166229185,0.54
3529,-0.3530744958530929,0.3473464912157916,0.54
3530,-0.35386285374234666,0.3484387682039104,0.54
3531,-0.354585198933687,0.349419866826175,0.54
3532,-0.3553371527445669,0.35003972276124795,0.54
3533,-0.35612923490232584,0.3508667804164123,0.54
3534,-0.35698588788665603,0.35184005322018885,0.54
3535,-0.3577094487643607,0.3527654088455903,0.54
3536,-0.358698220462368,0.35355180721081375,0.54
3537,-0.3594935203121061,0.3539764318040651,0.54
3538,-0.36029994010754574,0.3542176751927462,0.54
3539,-0.3611874323759464,0.3547835328858827,0.54
3540,-0.3622306092498919,0.35539215229370474,0.54
3541,-0.3632170444798319,0.3558621402152666,0.54
3542,-0.3640192395790814,0.35648071289019273,0.54
3543,-0.36487605551705965,0.3573914152796277,0.54
3544,-0.3658219168584637,0.35848328083991315,0.54
3545,-0.36654150998985524,0.35947957292566884,0.54
3546,-0.3673752008861241,0.3601351307936117,0.54
3547,-0.3683879488701011,0.3607791791939322,0.54
3548,-0.36928293156118075,0.3612170486487768,0.54
3549,-0.3701858763411352,0.36195382037367435,0.54
3550,-0.37088629449135313,0.3627397703672193,0.54
3551,-0.3716985483948285,0.36372218912339355,0.54
3552,-0.37236383897103553,0.36460076383872325,0.54
3553,-0.37310762920765966,0.365119574639453,0.54
3554,-0.3739653094877712,0.36585338096200865,0.54
3555,-0.37502409553046767,0.366520219714083,0.54
3556,-0.37602844881570197,0.3669871539768489,0.54
3557,-0.3769703914195649,0.36730454771105187,0.54
3558,-0.37793594688611204,0.36770996512273413,0.54
3559,-0.37880758591909125,0.3684828791402921,0.54
3560,-0.37964049308184245,0.369106400038857,0.54
3561,-0.38035111427679974,0.3698179703080617,0.54
3562,-0.38126354102581517,0.3705625160171065,0.54
3563,-0.3821834135434857,0.371591204739132,0.54
3564,-0.3830761322625126,0.37231104955625544,0.54
3565,-0.3838634803310964,0.3727960929175468,0.54
3566,-0.38479003387750677,0.3733802846141967,0.54
3567,-0.38571074086612317,0.3742578888748407,0.54
3568,-0.38645323581601027,0.37518830931369435,0.54
3569,-0.38716905833268805,0.37576468739213154,0.54
3570,-0.38797601266139936,0.3765665144685082,0.54
3571,-0.3886903487261286,0.3773807518688716,0.54
3572,-0.38948479112224843,0.37831396183725174,0.54
3573,-0.39020473710946285,0.3791927992494155,0.54
3574,-0.3910291693736007,0.38015050297986164,0.54
3575,-0.3918156952531167,0.38072281574960143,0.54
3576,-0.39279495453348323,0.38126692388582956,0.54
3577,-0.3937296834515077,0.3816036203145735,0.54
3578,-0.39465952850917635,0.3821672373447769,0.54
3579,-0.3954097893534358,0.38281549416771304,0.54
3580,-0.396238172060669,0.38363636342876,0.54
3581,-0.3968826943323421,0.384374969089529,0.54
3582,-0.39767834049340217,0.3848279600634622,0.54
3583,-0.39854431238166194,0.3854833776401198,0.54
3584,-0.39959977980804506,0.3860949273171243,0.54
3585,-0.4006124259222526,0.38653074981836677,0.54
3586,-0.40156611589217084,0.38682947843096727,0.54
3587,-0.4025577058587537,0.38725593853946344,0.54
3588,-0.4034959813734261,0.3880511126094867,0.54
3589,-0.4041940407895999,0.3888739040701598,0.54
3590,-0.4049388767601685,0.3894301546427568,0.54
3591,-0.4057313168153338,0.3902223662340748,0.54
3592,-0.4067195394191122,0.3910172427683308,0.54
3593,-0.4075776076569559,0.3915377322057865,0.54
3594,-0.40843254431559034,0.3918955373119367,0.54
3595,-0.4093626701901667,0.3923825363171656,0.54
3596,-0.41025939512345705,0.39321916740449075,0.54
3597,-0.410917838975827,0.3940609227068664,0.54
3598,-0.4116225779786947,0.3946182831594,0.54
3599,-0.4123856647579719,0.39540968319070674,0.54
3600,-0.4133416168528156,0.39617952582913846,0.54
3601,-0.41421150593834366,0.39666580480215835,0.54
3602,-0.41506418872942324,0.39699622865313244,0.54
3603,-0.4159915996241025,0.3974685928302119,0.54
3604,-0.4170075883279253,0.39810390330159456,0.54
3605,-0.4178247307591677,0.39853432919274245,0.54
3606,-0.4185936672362393,0.3988810251077187,0.54
3607,-0.4193467391037262,0.3995952656724512,0.54
3608,-0.42025418809512904,0.4003995223723908,0.54
3609,-0.42109899025615,0.4009685886337954,0.54
3610,-0.42179549998678567,0.40164773028817846,0.54
3611,-0.4225317749900851,0.4025915534898067,0.54
3612,-0.4233617548098381,0.4036980062766345,0.54
3613,-0.42401103271473223,0.4046447059756018,0.54
3614,-0.4246444609871487,0.4054933036748269,0.54
3615,-0.42539659073722813,0.40643012495732733,0.54
3616,-0.4262004292297634,0.406968843846626,0.54
3617,-0.42706454197735844,0.40760384190972215,0.54
3618,-0.4277721291586762,0.4082315498986699,0.54
3619,-0.42868170419709606,0.4087643100440099,0.54
3620,-0.4294743721462057,0.40899503158666467,0.54
3621,-0.43032933533051965,0.4095005440707166,0.54
3622,-0.43124239996225905,0.4097983789635821,0.54
3623,-0.43224681963816186,0.4101866581466299,0.54
3624,-0.4330500816830744,0.4107526736970452,0.54
3625,-0.43385912727502907,0.4115437589173394,0.54
3626,-0.43469869670187433,0.41205776407462824,0.54
3627,-0.43559334947130396,0.41274815521130004,0.54
3628,-0.4363251841658188,0.4134758476922179,0.54
3629,-0.43726390739057025,0.41415225830129015,0.54
3630,-0.4381075874463156,0.41454390650688816,0.54
3631,-0.43896496889726566,0.41518643369010755,0.54
3632,-0.4398359494290378,0.41559825872755707,0.54
3633,-0.4407937858165898,0.4160719268946902,0.54
3634,-0.44153659029173825,0.41667713932044614,0.54
3635,-0.4422860321295421,0.4174973058372636,0.54
3636,-0.44304376591754835,0.41799813389235274,0.54
3637,-0.4438167337679598,0.4182876096370781,0.54
3638,-0.44469526526784564,0.41869309553981526,0.54
3639,-0.4455640346573023,0.4194289143730399,0.54
3640,-0.4462589629627418,0.4202160378025293,0.54
3641,-0.4469680844753783,0.42069638778633267,0.54
3642,-0.44772288202829197,0.4213834639596889,0.54
3643,-0.4486812158780471,0.42208319206559514,0.54
3644,-0.4495703325570629,0.4225300278363808,0.54
3645,-0.45027858071448046,0.4230529001486758,0.54
3646,-0.45101188277178494,0.4238002305247371,0.54
3647,-0.4518472539965727,0.42468287710420677,0.54
3648,-0.4525389068174771,0.4254991715893143,0.54
3649,-0.4531876292821712,0.4262029654412453,0.54
3650,-0.45393603651461084,0.4269901200220269,0.54
3651,-0.45474701187071587,0.42739221787401926,0.54
3652,-0.4556313214164941,0.42788863011938444,0.54
3653,-0.4563613401678963,0.4283951892962936,0.54
3654,-0.45729954217408075,0.42885453447241617,0.54
3655,-0.4581102115664144,0.4290665085302165,0.54
3656,-0.45896476581646944,0.42952221162282905,0.54
3657,-0.4598630795872564,0.42976462959601547,0.54
3658,-0.46085031115137615,0.430108065989683,0.54
3659,-0.4616386133841879,0.43062214361882545,0.54
3660,-0.46243797492638006,0.43137034813556896,0.54
3661,-0.463191038877073,0.431820200701479,0.54
3662,-0.4640098223148517,0.43208665260164186,0.54
3663,-0.4649401871651986,0.4324936902821687,0.54
3664,-0.46586068939305103,0.4332162307731669,0.54
3665,-0.4665879453196402,0.43399210123373755,0.54
3666,-0.46726196679869825,0.43444890679336606,0.54
3667,-0.46801821831731155,0.43510293833457553,0.54
3668,-0.46897946028013315,0.4357647939087971,0.54
3669,-0.46972475459021723,0.43616822519870535,0.54
3670,-0.47038182532405143,0.4366675850944783,0.54
3671,-0.4711246811288527,0.43735824421219355,0.54
3672,-0.4718352583136867,0.4377416752489546,0.54
3673,-0.47275549723095595,0.4382162937287652,0.54
3674,-0.47364787170800404,0.4385039475133438,0.54
3675,-0.4744987226039822,0.4389998232758382,0.54
3676,-0.4751303653933183,0.4396070928446476,0.54
3677,-0.47601842470507816,0.4402415953609009,0.54
3678,-0.4768160011506325,0.44059118347473175,0.54
3679,-0.4776359116515136,0.44119279135713835,0.54
3680,-0.4783897298097234,0.4415693227749441,0.54
3681,-0.47931331868387517,0.44205576037013955,0.54
3682,-0.4801900299602644,0.4423667573862375,0.54
3683,-0.4811546058016869,0.44280103359845263,0.54
3684,-0.481955291097722,0.4431041010640878,0.54
3685,-0.4827673306156509,0.4436854734121921,0.54
3686,-0.48335383452813324,0.44437968013801515,0.54
3687,-0.4842079976558485,0.4450804743196896,0.54
3688,-0.48497622203046736,0.4454725456751743,0.54
3689,-0.48578408274078266,0.446086740445758,0.54
3690,-0.48651417280001025,0.44646975077633194,0.54
3691,-0.4874165856040969,0.4469581352901888,0.54
3692,-0.4880970015617923,0.44752725687823014,0.54
3693,-0.4887501259554093,0.4478412478893972,0.54
3694,-0.4894626690797908,0.4484301693623892,0.54
3695,-0.4902481457486062,0.4491886258300577,0.54
3696,-0.4908496920944899,0.44990156108158497,0.54
3697,-0.49146568493724424,0.4505549510431647,0.54
3698,-0.49220703028824975,0.45129901249248616,0.54
3699,-0.4929780698736791,0.4516551748383093,0.54
3700,-0.493935807159803,0.4520374765837086,0.54
3701,-0.4947643763152509,0.45218777725710974,0.54
3702,-0.495613853893662,0.45255570516118926,0.54
3703,-0.4962889765812929,0.453034257621889,0.54
3704,-0.497212078988857,0.45353053975353114,0.54
3705,-0.4980640875917523,0.4537856452697222,0.54
3706,-0.49890296757489916,0.45424178742322097,0.54
3707,-0.49976314602495464,0.45447943390006007,0.54
3708,-0.5007101481348516,0.4548190040113212,0.54
3709,-0.5014577911186133,0.4553343378368618,0.54
3710,-0.5022066734803132,0.4560631175538224,0.54
3711,-0.5029565268487025,0.4564736660513577,0.54
3712,-0.5037582129198258,0.4570171904077057,0.54
3713,-0.5043995742267348,0.4575880419005228,0.54
3714,-0.5052694598504459,0.45813224710505773,0.54
3715,-0.506051411576819,0.4584091793195013,0.54
3716,-0.5068360530672404,0.4588760140274835,0.54
3717,-0.5076311878735766,0.4590959962200452,0.54
3718,-0.5085278564232298,0.4594179482786244,0.54
3719,-0.5092273275539633,0.45988749283615055,0.54
3720,-0.5099425609620234,0.4605456023217025,0.54
3721,-0.5106682380403613,0.46088166973773687,0.54
3722,-0.5114614142952978,0.46134840838522345,0.54
3723,-0.5120942584736161,0.46186445078384947,0.54
3724,-0.5129622880106087,0.4623775889847571,0.54
3725,-0.5137498531758192,0.4626361513681746,0.54
3726,-0.5145481846669108,0.4630911857149875,0.54
3727,-0.5153556195121594,0.4633090082070913,0.54
3728,-0.5162656061199532,0.4636400027982063,0.54
3729,-0.5169534005445516,0.4641279208217632,0.54
3730,-0.5176792901620169,0.4648002508005032,0.54
3731,-0.5184142566355496,0.46514025849607155,0.54
3732,-0.5191701826526712,0.4652765486172474,0.54
3733,-0.5200368325641613,0.4655562207441894,0.54
3734,-0.5209083921133518,0.46609501707464474,0.54
3735,-0.5215311549929538,0.46669633648470227,0.54
3736,-0.5222031704955228,0.4669964662847415,0.54
3737,-0.5229542672987613,0.46745756167800867,0.54
3738,-0.5238911464561927,0.4679668788498064,0.54
3739,-0.5247438483537076,0.46822541298758275,0.54
3740,-0.5254198640557713,0.4686128193805687,0.54
3741,-0.5261207831355152,0.46916675046039813,0.54
3742,-0.5269153460394905,0.46979771785560676,0.54
3743,-0.52753381763336,0.47041803022302364,0.54
3744,-0.5281181248143786,0.4709626720836579,0.54
3745,-0.528736748570771,0.47118698661039393,0.54
3746,-0.5294216514053791,0.47161490666817063,0.54
3747,-0.530226369979859,0.47211320052361405,0.54
3748,-0.5308960979347789,0.47256950887895066,0.54
3749,-0.531806396733632,0.4729475251148667,0.54
3750,-0.5326499175564369,0.473045331563043,0.54
3751,-0.5335341671349555,0.47330165166972027,0.54
3752,-0.5341963489220476,0.4736586539090748,0.54
3753,-0.5349816058077586,0.47411163144994056,0.54
3754,-0.5356510179512611,0.47456617635643633,0.54
3755,-0.5363612914056284,0.4747140417970065,0.54
3756,-0.5371565139822342,0.475061364337262,0.54
3757,-0.5381214325273533,0.47547376640050065,0.54
3758,-0.5388762536938516,0.4756868427288778,0.54
3759,-0.5395258405838838,0.4759976726711646,0.54
3760,-0.5402669334361032,0.4764555374532125,0.54
3761,-0.5411371299216153,0.47696395027888594,0.54
3762,-0.5418267936881391,0.47746216527278085,0.54
3763,-0.5424583995706201,0.47792265893164737,0.54
3764,-0.5431859077142219,0.4784335044683969,0.54
3765,-0.5438941972464585,0.47859511842190794,0.54
3766,-0.5447721626077289,0.4788466345254878,0.54
3767,-0.5456031728336888,0.4788886782839392,0.54
3768,-0.5464713021253079,0.47912762077813814,0.54
3769,-0.5471140174879222,0.4794992631503126,0.54
3770,-0.5479621071157452,0.47989298504913,0.54
3771,-0.5487186190780297,0.4800335453147249,0.54
3772,-0.5494950984461369,0.48037801688230103,0.54
3773,-0.5501946727015634,0.4805130614112553,0.54
3774,-0.5510553796385119,0.4808155673536239,0.54
3775,-0.551768429888917,0.481255680847795,0.54
3776,-0.5524363541953758,0.48145609556607294,0.54
3777,-0.5531450112061685,0.481908278488255,0.54
3778,-0.5539465022058898,0.4824400365307562,0.54
3779,-0.5545668623525329,0.4829912839352548,0.54
3780,-0.5551509060223419,0.48348735430646833,0.54
3781,-0.5558387960334351,0.4840286660976624,0.54
3782,-0.5566696735412219,0.4845344138315561,0.54
3783,-0.557322433591319,0.48502135870239477,0.54
3784,-0.557932127907793,0.4854257807688075,0.54
3785,-0.5585845554162037,0.4855220616835442,0.54
3786,-0.5593125354712901,0.4857972625161088,0.54
3787,-0.5601610069403044,0.4860941745547855,0.54
3788,-0.5608227655142168,0.4864227528849643,0.54
3789,-0.5617112531505742,0.4865982351197261,0.54
3790,-0.5625529128944708,0.48652439216174403,0.54
3791,-0.5634720983250158,0.48665944293409147,0.54
3792,-0.5642585231158656,0.4866603480071036,0.54
3793,-0.5651552158493347,0.48673169285687534,0.54
3794,-0.5660166337715082,0.4866953666658683,0.54
3795,-0.5669176743978286,0.48693065311589967,0.54
3796,-0.5675850480545228,0.4873496814660525,0.54
3797,-0.5683268794894784,0.4878751470404599,0.54
3798,-0.5689353063121069,0.48842416943709016,0.54
3799,-0.569536068383595,0.4886659792258506,0.54
3800,-0.5702063699361484,0.489102786077053,0.54
3801,-0.5710453007390124,0.4895699074189243,0.54
3802,-0.5716749459070087,0.4900812873881584,0.54
3803,-0.5722522899126551,0.4902517313764451,0.54
3804,-0.5729221300871314,0.49059694878871435,0.54
3805,-0.5737210657063249,0.49095538095613006,0.54
3806,-0.5743456874811427,0.49133523715969596,0.54
3807,-0.5749380454765642,0.49166707099586615,0.54
3808,-0.5756382397612332,0.4920577908990682,0.54
3809,-0.5763470805232426,0.49208531969581115,0.54
3810,-0.5771873245390983,0.49221066494688165,0.54
3811,-0.5779791942291573,0.49213763894192036,0.54
3812,-0.5788488556564966,0.49228820268462437,0.54
3813,-0.579500201196117,0.49260096796638275,0.54
3814,-0.5803433541988412,0.49293600442945745,0.54
3815,-0.5810905447547631,0.4930101642880538,0.54
3816,-0.5819121204346339,0.4932761512974338,0.54
3817,-0.5826022118874166,0.49336474811817976,0.54
3818,-0.5834354489359243,0.49360178999883847,0.54
3819,-0.5841253081800601,0.49394893740520635,0.54
3820,-0.5847611017513635,0.4940525328452911,0.54
3821,-0.5854689821171387,0.49439807100295197,0.54
3822,-0.5862790099713361,0.49479808658536556,0.54
3823,-0.5869006357550158,0.49522767910635224,0.54
3824,-0.5874744753910567,0.4956124687880804,0.54
3825,-0.5881459694489533,0.4960492302398167,0.54
3826,-0.5889510857944711,0.49643334587552745,0.54
3827,-0.5895901968920132,0.49682487935647096,0.54
3828,-0.590187573843522,0.4971257796868423,0.54
3829,-0.5908066374394942,0.4971542765039729,0.54
3830,-0.5914961280378674,0.49736733117813536,0.54
3831,-0.592310341569799,0.4975969524082299,0.54
3832,-0.5929389019400924,0.49788423428435213,0.54
3833,-0.5935165775272239,0.49813713655253516,0.54
3834,-0.5942313615491375,0.49844099037689876,0.54
3835,-0.5950808628200821,0.49869810348292953,0.54
3836,-0.5957523326406251,0.4990008718401706,0.54
3837,-0.5963715918872512,0.4992611677444784,0.54
3838,-0.5970340730253498,0.4992482963436287,0.54
3839,-0.5977794599956596,0.49941378425417915,0.54
3840,-0.5986516002141875,0.49958922465651423,0.54
3841,-0.5993312614442183,0.49982079207420793,0.54
3842,-0.6002069696656327,0.4997313417150251,0.54
3843,-0.6010088639218079,0.49946446508888936,0.54
3844,-0.601891916297666,0.49948685409886545,0.54
3845,-0.6028728754262391,0.4996007812092131,0.54
3846,-0.603623145614961,0.4998416131090475,0.54
3847,-0.604333363426108,0.49987583839439054,0.54
3848,-0.6051206936374698,0.5000191444764769,0.54
3849,-0.6057949559503037,0.4999959819191127,0.54
3850,-0.6065191883485842,0.500232358280424,0.54
3851,-0.6070894916320134,0.5005717238633821,0.54
3852,-0.6078171841000166,0.5009259970352986,0.54
3853,-0.6084039599152892,0.501001835738566,0.54
3854,-0.6090664988053796,0.5012913771860878,0.54
3855,-0.6096956832389148,0.5013118551856445,0.54
3856,-0.610429429094872,0.5014577501868958,0.54
3857,-0.6110026527386968,0.5017578436525777,0.54
3858,-0.6115477581803428,0.5018141519702612,0.54
3859,-0.6121963630652708,0.502112713986508,0.54
3860,-0.6129851509715122,0.5024476544511842,0.54
3861,-0.6136119966537436,0.5028173635066202,0.54
3862,-0.6142094080498688,0.5031345608589463,0.54
3863,-0.6149008249872189,0.5035030937144588,0.54
3864,-0.615740042157718,0.503787812599482,0.54
3865,-0.6164656703331164,0.503740123760278,0.54
3866,-0.6172047361201173,0.5035584585915978,0.54
3867,-0.6179915281837188,0.503515649389893,0.54
3868,-0.6188769381050144,0.5036187926042304,0.54
3869,-0.6195524835895674,0.5038386816006802,0.54
3870,-0.6201997473705388,0.5038396990437468,0.54
3871,-0.6209329910811197,0.5039969318132853,0.54
3872,-0.6215103061535001,0.5042394827470559,0.54
3873,-0.6222397942830049,0.504471454691858,0.54
3874,-0.622848888450866,0.5044349939167745,0.54
3875,-0.6235578294298646,0.5046249208832028,0.54
3876,-0.6242275209808541,0.5045643167091072,0.54
3877,-0.6249840943663824,0.504641954206125,0.54
3878,-0.6255956088771719,0.5048646347575169,0.54
3879,-0.6263061540715374,0.5051901515940077,0.54
3880,-0.6269573775493817,0.5052090657491976,0.54
3881,-0.6275300531032028,0.5053242056924365,0.54
3882,-0.628182290387835,0.5056106123566667,0.54
3883,-0.6289778921298185,0.5058777980844136,0.54
3884,-0.6296531812548889,0.5058345794166939,0.54
3885,-0.6302996492365589,0.5057260476594467,0.54
3886,-0.6310303465992393,0.5057495023256201,0.54
3887,-0.631895994516655,0.5058925254359111,0.54
3888,-0.6325488060540301,0.5062085853852616,0.54
3889,-0.633181640256294,0.5062433734208611,0.54
3890,-0.6339189792683985,0.5063238596838766,0.54
3891,-0.6345565148853322,0.5061898641589222,0.54
3892,-0.6353018497220436,0.5063037664416621,0.54
3893,-0.6362203806296105,0.5062168187986729,0.54
3894,-0.6369476634738013,0.5059922738640504,0.54
3895,-0.6377216031408657,0.5060779757704746,0.54
3896,-0.6385731340729194,0.5062600749304835,0.54
3897,-0.6392154768830434,0.5065654786334562,0.54
3898,-0.6398088482938,0.506661331069529,0.54
3899,-0.640482502617764,0.5068187383176258,0.54
3900,-0.6410207535384579,0.5067716851974131,0.54
3901,-0.6416409168382167,0.5069745009645035,0.54
3902,-0.6421617344820703,0.5072258900239366,0.54
3903,-0.6428205243607579,0.5074626408489304,0.54
3904,-0.6433340074559856,0.5074253031219109,0.54
3905,-0.6439522391613308,0.5076053112133834,0.54
3906,-0.6445490299150458,0.5075372285392583,0.54
3907,-0.6452387508075534,0.5075596874998687,0.54
3908,-0.6457988516762574,0.5077367754582771,0.54
3909,-0.6464887019945388,0.5080113602328208,0.54
3910,-0.6471317983137527,0.5079877114958572,0.54
3911,-0.6477060968301309,0.5080604128065316,0.54
3912,-0.6483757075505016,0.508295071246414,0.54
3913,-0.6491832356465167,0.508500966968315,0.54
3914,-0.6498563354665867,0.5083993219822606,0.54
3915,-0.650546074338351,0.5081744025502696,0.54
3916,-0.6512957620671056,0.508103592123455,0.54
3917,-0.652174950250836,0.508167226620126,0.54
3918,-0.6528319567268192,0.5084329739047689,0.54
3919,-0.6534554983537951,0.5084296584375728,0.54
3920,-0.6541619291079838,0.5084469532295118,0.54
3921,-0.6547605017708624,0.5082654499421881,0.54
3922,-0.6554693055347213,0.5083295525595157,0.54
3923,-0.6562757574408445,0.5084413736967975,0.54
3924,-0.6569150269556739,0.508304557258852,0.54
3925,-0.6574735665695052,0.5083366369627041,0.54
3926,-0.6581135120655228,0.5085472376033653,0.54
3927,-0.6586981561503257,0.508511534187168,0.54
3928,-0.6593644243075262,0.5085454479355767,0.54
3929,-0.6598987282506529,0.5087196665119633,0.54
3930,-0.6605337196592653,0.5090020147546479,0.54
3931,-0.6611185768642595,0.5089843428952513,0.54
3932,-0.6617612398722653,0.5088423527313635,0.54
3933,-0.662434760390266,0.5087671633663376,0.54
3934,-0.6632421699729502,0.5088203666719435,0.54
3935,-0.6638569905649684,0.5086367692563059,0.54
3936,-0.664450267731455,0.5084444912868595,0.54
3937,-0.6651626282637184,0.5084861590874312,0.54
3938,-0.6659664550965083,0.5085700002847947,0.54
3939,-0.6666213307171193,0.5087839781754623,0.54
3940,-0.667198875604353,0.508775496912889,0.54
3941,-0.6678723717402659,0.5089288467542818,0.54
3942,-0.6686672270353693,0.5090716495818561,0.54
3943,-0.6692839761932114,0.509280069414488,0.54
3944,-0.669864095774118,0.5094120239634635,0.54
3945,-0.6704765933778168,0.5096006353184495,0.54
3946,-0.6710372354135199,0.509497444308599,0.54
3947,-0.6716637192219789,0.5093784018470418,0.54
3948,-0.6722117197576011,0.5090534246471217,0.54
3949,-0.6728637580139811,0.5088555976133696,0.54
3950,-0.6734386739343134,0.508501770298217,0.54
3951,-0.6741638975602776,0.5084222850770865,0.54
3952,-0.6747363381308831,0.5084975306369086,0.54
3953,-0.6754338842788911,0.5086592961929977,0.54
3954,-0.6760031619351291,0.5088689558145134,0.54
3955,-0.6765700947271421,0.508845029317658,0.54
3956,-0.6772064146477704,0.5089735017668054,0.54
3957,-0.6779651935016369,0.5090543341664407,0.54
3958,-0.678580037452617,0.509221724722445,0.54
3959,-0.6791365066753204,0.5091354309988083,0.54
3960,-0.6798035451537702,0.5091776658801936,0.54
3961,-0.6806206698932457,0.5091704371917695,0.54
3962,-0.681231205777754,0.5092580015985456,0.54
3963,-0.6817820727190369,0.5092893237209003,0.54
3964,-0.6824315031674344,0.5093492115054173,0.54
3965,-0.6830588151686738,0.5091201149132952,0.54
3966,-0.6837315223435574,0.5088697361042908,0.54
3967,-0.6842868701868259,0.5084934750895466,0.54
3968,-0.6849563214653284,0.5082318587509642,0.54
3969,-0.6855531236574077,0.5078230884020873,0.54
3970,-0.6863082002842426,0.5076846374009942,0.54
3971,-0.6868973386308881,0.5077209092460527,0.54
3972,-0.68760123003355,0.5078433295464108,0.54
3973,-0.6881671870011258,0.5080201869989218,0.54
3974,-0.6887233810354726,0.5079737666184428,0.54
3975,-0.6893313633343778,0.5080734997696904,0.54
3976,-0.6900356423788234,0.508091202807126,0.54
3977,-0.6906038281545722,0.5082092765442555,0.54
3978,-0.6911341519535404,0.5080850339995026,0.54
3979,-0.6917739478933609,0.5080936689476793,0.54
3980,-0.6925693353000909,0.5080492941500148,0.54
3981,-0.6931638268411048,0.5081018584177537,0.54
3982,-0.6936997005160098,0.5080982032276201,0.54
3983,-0.6943379296349231,0.5081267557392115,0.54
3984,-0.6949608851130361,0.5078695065885683,0.54
3985,-0.695627632690239,0.5075756622944666,0.54
3986,-0.6961377194262037,0.507223699738013,0.54
3987,-0.6968440089679371,0.5070325569412804,0.54
3988,-0.6974058480148206,0.5069715088219339,0.54
3989,-0.6981004840678219,0.5068510730562193,0.54
3990,-0.6986838825952212,0.5065294022269149,0.54
3991,-0.6994018611250711,0.5064257044933836,0.54
3992,-0.700071896676465,0.5061493100388451,0.54
3993,-0.7007511414727918,0.5059183791642199,0.54
3994,-0.7012773644379665,0.5059484738136779,0.54
3995,-0.7019275483979058,0.5060776833474946,0.54
3996,-0.7025244883120942,0.5059466263918494,0.54
3997,-0.7030892448253181,0.5059726582428732,0.54
3998,-0.7036991348308264,0.5060831620110088,0.54
3999,-0.7044209506125099,0.5060591658358801,0.54
4000,-0.7049405649013339,0.5058625204485264,0.54
4001,-0.7055399057025211,0.5055324485212376,0.54
4002,-0.7061842751825237,0.5052425904437193,0.54
4003,-0.7069122278637652,0.5051410331408885,0.54
4004,-0.707478799195055,0.5051596373325655,0.54
4005,-0.7080640270899816,0.5049646670985084,0.54
4006,-0.7087214810684654,0.5048889090764767,0.54
4007,-0.7095630934974706,0.5046141796001271,0.54
4008,-0.7101770447607104,0.5041670499437516,0.54
4009,-0.7108934339883725,0.5039633821519878,0.54
4010,-0.7115506275380726,0.5036408208968318,0.54
4011,-0.7122242918961842,0.5033831591935692,0.54
4012,-0.7127688481342616,0.5030415545611369,0.54
4013,-0.713401291591688,0.5028564378762879,0.54
4014,-0.7138863124729791,0.5025823889874765,0.54
4015,-0.7144727484814939,0.5025964033496237,0.54
4016,-0.7149564653344322,0.5027019699581069,0.54
4017,-0.7155011588688968,0.5029032791717717,0.54
4018,-0.7159841219929585,0.5030561522663192,0.54
4019,-0.7165278968562577,0.5032400672602673,0.54
4020,-0.7170100915329989,0.5033528770963707,0.54
4021,-0.717510163303914,0.503233341181746,0.54
4022,-0.7180411298432275,0.5032140792172716,0.54
4023,-0.7186978766449531,0.5030283036939013,0.54
4024,-0.7192355576634384,0.5026052601106962,0.54
4025,-0.7196797121192824,0.5023524213827206,0.54
4026,-0.7202874007870703,0.5022479277970379,0.54
4027,-0.7210927980242064,0.5020839998013458,0.54
4028,-0.7217194582577604,0.502017868408617,0.54
4029,-0.7222546464984483,0.5019423389186503,0.54
4030,-0.7229070899175749,0.5019051906846372,0.54
4031,-0.7235374663133839,0.5015976200296102,0.54
4032,-0.7242608098160035,0.5013536293230219,0.54
4033,-0.7247747702346559,0.5012550014270744,0.54
4034,-0.7253899067764602,0.5010185630081142,0.54
4035,-0.7259042447521017,0.5005882137795524,0.54
4036,-0.7265485249372359,0.5003372981731258,0.54
4037,-0.7270370405847052,0.5002152566021132,0.54
4038,-0.7276592872247946,0.5001304837303331,0.54
4039,-0.7281366620534523,0.500103258972202,0.54
4040,-0.7286841123412292,0.4998392622554015,0.54
4041,-0.729283725039694,0.4996882276538085,0.54
4042,-0.7299802814274304,0.49939045041136915,0.54
4043,-0.7305350120402823,0.4989051490101399,0.54
4044,-0.7309800186307945,0.498624622764828,0.54
4045,-0.7315636041219372,0.4985181896037354,0.54
4046,-0.7323245714114797,0.4983688708527145,0.54
4047,-0.7328935865855257,0.4983391024465961,0.54
4048,-0.7334055737108548,0.4982561696276592,0.54
4049,-0.7340161237737882,0.49821981797152903,0.54
4050,-0.7346115230498838,0.49790857375872016,0.54
4051,-0.735242411945804,0.49752204931947785,0.54
4052,-0.7357830940229206,0.49700293471825857,0.54
4053,-0.7364433510586371,0.49668684470595936,0.54
4054,-0.7369271464011694,0.49653914922605596,0.54
4055,-0.7375202620767999,0.4962812750902205,0.54
4056,-0.7380235174010241,0.4958528541089116,0.54
4057,-0.7386609855029401,0.4956384099139405,0.54
4058,-0.7392830411485117,0.4952546800885255,0.54
4059,-0.7399275786719445,0.4948670856749106,0.54
4060,-0.7404203086102199,0.4947117649405344,0.54
4061,-0.7410370882847296,0.4946830511937787,0.54
4062,-0.7416145070664981,0.49442552016850005,0.54
4063,-0.7422608387328873,0.4940794379627881,0.54
4064,-0.7428919435755664,0.49375240906170914,0.54
4065,-0.7435937097522697,0.49347233665597157,0.54
4066,-0.744073861522001,0.49306380020813717,0.54
4067,-0.7446083518979424,0.4926393573948865,0.54
4068,-0.7451805812318764,0.4924699701447879,0.54
4069,-0.7458358430312995,0.4922227783307933,0.54
4070,-0.7463332581630394,0.49182488409527725,0.54
4071,-0.7467541759920715,0.4916168585762759,0.54
4072,-0.7472846544990438,0.49161040448651877,0.54
4073,-0.7479459085264069,0.4914870844001504,0.54
4074,-0.748454494897877,0.49116096285198607,0.54
4075,-0.749028243430733,0.49077337792125597,0.54
4076,-0.7496171877504648,0.49042583975298704,0.54
4077,-0.7503079477153032,0.49024915135196623,0.54
4078,-0.750888312393211,0.4899026702601518,0.54
4079,-0.7513581883785899,0.48967479901267696,0.54
4080,-0.7518671913029329,0.4894157350924457,0.54
4081,-0.7524986856389192,0.48931331927458677,0.54
4082,-0.7530600145646489,0.4889990021650859,0.54
4083,-0.7536985685813717,0.4886126171928528,0.54
4084,-0.7543186442845132,0.488270243595543,0.54
4085,-0.7549869325614511,0.48796192656759974,0.54
4086,-0.7554489918953655,0.4875522275996072,0.54
4087,-0.755971954270523,0.4871380150715578,0.54
4088,-0.7565087239191701,0.48695760819984146,0.54
4089,-0.7571135032390199,0.4866907120156785,0.54
4090,-0.7575689916657413,0.48663233207254786,0.54
4091,-0.7580136421456787,0.4864105422023126,0.54
4092,-0.7585217613778037,0.4863421785612513,0.54
4093,-0.7591633290275427,0.48622150753417687,0.54
4094,-0.7596488240722783,0.48619131080331357,0.54
4095,-0.7601022260156611,0.48605801993482217,0.54
4096,-0.7606060175939343,0.4859890883169947,0.54
4097,-0.7611114688320918,0.4856477496778154,0.54
4098,-0.7616631726069688,0.4852205207556987,0.54
4099,-0.7621410532949491,0.48464976000917365,0.54
4100,-0.7627213719688241,0.4842500184211995,0.54
4101,-0.7631318030682595,0.4840060770281997,0.54
4102,-0.7636365677873724,0.48361215710029515,0.54
4103,-0.7640950018169419,0.4830620592952996,0.54
4104,-0.7647029930359047,0.48273032326021886,0.54
4105,-0.7653149091733195,0.48224427888899296,0.54
4106,-0.7659512471479692,0.48177416933850514,0.54
4107,-0.7664197951669587,0.4815466654721504,0.54
4108,-0.7670109769128234,0.48143863330889447,0.54
4109,-0.7675728755805415,0.4811107559934873,0.54
4110,-0.7682133430648235,0.4806964949628839,0.54
4111,-0.768830735758759,0.480306962027921,0.54
4112,-0.7694825782265197,0.4799218495876812,0.54
4113,-0.7699251795618841,0.4794292166402874,0.54
4114,-0.7704417333220513,0.4789250467086363,0.54
4115,-0.7709780158812263,0.4786605531823362,0.54
4116,-0.771572656472187,0.47828006230432357,0.54
4117,-0.7720241261451862,0.47777499739389984,0.54
4118,-0.7723924291605995,0.47746963312774504,0.54
4119,-0.7728802712490386,0.4773665110472387,0.54
4120,-0.7734621666196201,0.47709831978426476,0.54
4121,-0.7739276583593477,0.4766568795193043,0.54
4122,-0.7744877201747173,0.47617196542329837,0.54
4123,-0.7750652064409826,0.4757499872393234,0.54
4124,-0.7757352327874347,0.47548863098838096,0.54
4125,-0.7762981405548324,0.47507596439651634,0.54
4126,-0.7767336830417836,0.4747831872806153,0.54
4127,-0.7771801773641933,0.4744343311599086,0.54
4128,-0.7777647391878237,0.47424807475771125,0.54
4129,-0.7783006804744159,0.4738601773636928,0.54
4130,-0.7789315096537835,0.47340110710237937,0.54
4131,-0.7795395682399184,0.47299255556416736,0.54
4132,-0.7799410207387801,0.47276821016255416,0.54
4133,-0.7804051995623948,0.4726712849863149,0.54
4134,-0.7808660570798935,0.47233971211193737,0.54
4135,-0.7813804385627595,0.4719386238196435,0.54
4136,-0.7818216995908831,0.4714138639116448,0.54
4137,-0.7823711354563506,0.4710707959691347,0.54
4138,-0.7827565920492773,0.4708873050524173,0.54
4139,-0.7832258265342723,0.47053662111604394,0.54
4140,-0.783639274251035,0.470020955986029,0.54
4141,-0.784193267075714,0.4697050214248621,0.54
4142,-0.784760127702337,0.46921491552323547,0.54
4143,-0.785355771308497,0.468718678297392,0.54
4144,-0.7857708436928647,0.4684500059694045,0.54
4145,-0.7863092432177147,0.46827686231478505,0.54
4146,-0.7868479799201351,0.46787066442135883,0.54
4147,-0.7874881147064593,0.4673641425475639,0.54
4148,-0.7880991101985273,0.4668931934396906,0.54
4149,-0.7886972308682153,0.46637790879335994,0.54
4150,-0.7891103949419926,0.46578239609977845,0.54
4151,-0.7896184543841972,0.465187048584719,0.54
4152,-0.7901263379802518,0.46483283428058936,0.54
4153,-0.7906679324788649,0.4643389536945965,0.54
4154,-0.7910828192672124,0.4637478560833436,0.54
4155,-0.791409461023858,0.46337474299599823,0.54
4156,-0.7918670775766317,0.4632074675118472,0.54
4157,-0.7924301575494483,0.4628751793588314,0.54
4158,-0.792881189479293,0.46237905839938914,0.54
4159,-0.7934342426032761,0.461838686048611,0.54
4160,-0.7939984841525208,0.4613651438982431,0.54
4161,-0.7946415666864456,0.46103640042785,0.54
4162,-0.7951824363721542,0.46056610026040673,0.54
4163,-0.7955810317740257,0.46021564248723235,0.54
4164,-0.7959871280827354,0.45981238840217004,0.54
4165,-0.7965321085807414,0.4595584291527364,0.54
4166,-0.7969947317365416,0.4592129043411399,0.54
4167,-0.7975587067924371,0.45881002529693354,0.54
4168,-0.7981390549448621,0.4583840150244432,0.54
4169,-0.7985148345332462,0.45811458415485934,0.54
4170,-0.7989711732131708,0.4579231504925407,0.54
4171,-0.7994382906430048,0.45748637343609344,0.54
4172,-0.7999541736179069,0.45698403783856556,0.54
4173,-0.8003603985538285,0.4564440665453644,0.54
4174,-0.8008777191370563,0.4560129178135921,0.54
4175,-0.8012232207338124,0.4557402385538816,0.54
4176,-0.8016382716542447,0.45526479195790304,0.54
4177,-0.8020324598189461,0.454628193350959,0.54
4178,-0.8025699399439384,0.45418200692063004,0.54
4179,-0.8030912465618357,0.45366833516982924,0.54
4180,-0.8036654008259768,0.453116379497766,0.54
4181,-0.8040534059123496,0.4527823079265098,0.54
4182,-0.8044948937294855,0.4522903192069297,0.54
4183,-0.8049672593226064,0.4519795310540603,0.54
4184,-0.8055730097005069,0.4516007730313925,0.54
4185,-0.8059925952408774,0.4513697936275172,0.54
4186,-0.8063413080946528,0.45107340357593384,0.54
4187,-0.8068039445753044,0.4508253604661221,0.54
4188,-0.8073033619503982,0.4502850581839791,0.54
4189,-0.8078535090298005,0.44966921446703284,0.54
4190,-0.8083231715682535,0.448911485145589,0.54
4191,-0.8088879619073155,0.4483071364308007,0.54
4192,-0.8092931416773824,0.4480184106464219,0.54
4193,-0.8097525017922762,0.447486589271171,0.54
4194,-0.8101785110319414,0.4467868706806484,0.54
4195,-0.8107282498748686,0.4462575196106723,0.54
4196,-0.811299161524359,0.4455808733420975,0.54
4197,-0.8118885463393769,0.44493348283667433,0.54
4198,-0.8122656358056212,0.44453605709205474,0.54
4199,-0.8126913903646192,0.44401088967873015,0.54
4200,-0.8131298066568273,0.44368498571197007,0.54
4201,-0.8136932471447316,0.4433000942308516,0.54
4202,-0.8140717928689044,0.44306564694840306,0.54
4203,-0.8143877934415524,0.4427543504189026,0.54
4204,-0.8148167170064686,0.4425021742118728,0.54
4205,-0.8152932361994398,0.44195749646561594,0.54
4206,-0.8158252406864172,0.44133331656192476,0.54
4207,-0.8162807717257736,0.4405676827830606,0.54
4208,-0.8168204488663278,0.439950132408454,0.54
4209,-0.8171714132782931,0.43950100357581545,0.54
4210,-0.8175877960854718,0.43889006771217687,0.54
4211,-0.8179890252265791,0.43813829368352875,0.54
4212,-0.8185244837962157,0.4375848805944654,0.54
4213,-0.8190514604211611,0.43697364007186995,0.54
4214,-0.8196254151941781,0.43634861183856194,0.54
4215,-0.8200001021005415,0.435954867168898,0.54
4216,-0.8204296745188733,0.43542057860805516,0.54
4217,-0.8208808415607063,0.4350768897440546,0.54
4218,-0.8214586569815858,0.4346650567890612,0.54
4219,-0.8218469975440409,0.4344049349049879,0.54
4220,-0.8221596421215731,0.434072452764904,0.54
4221,-0.8225862729254121,0.43379001823434993,0.54
4222,-0.8230608666254228,0.43321205781846805,0.54
4223,-0.8235887702794552,0.43255295982530306,0.54
4224,-0.8240420818670928,0.43175279038406933,0.54
4225,-0.8245682654652541,0.43109286136091723,0.54
4226,-0.82490002236165,0.4306015868030899,0.54
4227,-0.8252990233133749,0.42995531904255857,0.54
4228,-0.8256917207614607,0.42917202575503827,0.54
4229,-0.826208101476627,0.42858339021207575,0.54
4230,-0.8267598962630618,0.42785599460091084,0.54
4231,-0.8273273940416802,0.42717804715847457,0.54
4232,-0.8277127020012899,0.42682494773006097,0.54
4233,-0.8281420723187205,0.42631570620562265,0.54
4234,-0.8285646820422264,0.42597247091875295,0.54
4235,-0.829105265217432,0.4255459713870235,0.54
4236,-0.8294623456975809,0.42526332849841253,0.54
4237,-0.8297451531899787,0.4249047264279008,0.54
4238,-0.830151060802713,0.42459402159650295,0.54
4239,-0.8306153328327134,0.4239851151204152,0.54
4240,-0.8311343718240967,0.42329467659859454,0.54
4241,-0.8315841121417737,0.42246425652328135,0.54
4242,-0.8320938163007306,0.42176773573838466,0.54
4243,-0.8324027183381417,0.42123878129004666,0.54
4244,-0.8327815363702792,0.42056061567485553,0.54
4245,-0.8331649092105529,0.4197485088835567,0.54
4246,-0.8336604826341263,0.41912681862649664,0.54
4247,-0.8341993133343597,0.4183685438545201,0.54
4248,-0.8347633212970287,0.41765018278301497,0.54
4249,-0.8350897885781265,0.4171927805882361,0.54
4250,-0.8354879774342903,0.4166130693268958,0.54
4251,-0.8358879610866498,0.41623233590084596,0.54
4252,-0.8364120197160714,0.4157799045224429,0.54
4253,-0.8367544588924056,0.4154775625481175,0.54
4254,-0.837020175547554,0.41510327967581495,0.54
4255,-0.837415675896887,0.4147812614018141,0.54
4256,-0.8378734912433378,0.41416084934860986,0.54
4257,-0.8383881956239507,0.41345673122217275,0.54
4258,-0.8388323515933324,0.41261462221550754,0.54
4259,-0.839334835066241,0.4119035656084179,0.54
4260,-0.8396331544727406,0.4113611621989991,0.54
4261,-0.8400016419442558,0.41066539527916857,0.54
4262,-0.8403668960691266,0.4098560639769915,0.54
4263,-0.8408582420979127,0.40920678631366403,0.54
4264,-0.8413964461294038,0.4084134688328423,0.54
4265,-0.8419601643772707,0.40765777283952886,0.54
4266,-0.842283692983556,0.40720314874321656,0.54
4267,-0.8426814824095589,0.40659864645713584,0.54
4268,-0.8430845439301927,0.406169436876506,0.54
4269,-0.8436082379723147,0.4056582264336255,0.54
4270,-0.843934753051752,0.4053771023855095,0.54
4271,-0.8441764462175885,0.405002948316322,0.54
4272,-0.8445597829201894,0.40465173253002007,0.54
4273,-0.845015312981379,0.4039971579659426,0.54
4274,-0.8455247731121481,0.40325930703436025,0.54
4275,-0.8459581945714647,0.40240687940737657,0.54
4276,-0.8464318180243867,0.4017573773321039,0.54
4277,-0.8466835542716632,0.4012351587019017,0.54
4278,-0.8469804687726349,0.40067071769663243,0.54
4279,-0.8473321481275121,0.3998725012474953,0.54
4280,-0.8477962103877947,0.39920687373593056,0.54
4281,-0.8483033400607685,0.39840946465878047,0.54
4282,-0.848851704850375,0.39761170158929865,0.54
4283,-0.8491644832228201,0.3970402473448726,0.54
4284,-0.8495668583172401,0.3963378828460552,0.54
4285,-0.8499635805962729,0.39582291199080966,0.54
4286,-0.8504764206724482,0.3952249157795565,0.54
4287,-0.850801119435576,0.3947871926103226,0.54
4288,-0.8510140376388954,0.39431589805878137,0.54
4289,-0.8513670087633469,0.39390544732531996,0.54
4290,-0.8518061543512607,0.393206988877109,0.54
4291,-0.8522687051225786,0.39258091689116226,0.54
4292,-0.8526980419341891,0.3917499574685153,0.54
4293,-0.8531721351839473,0.3910134204901602,0.54
4294,-0.8534390284746984,0.3904237038686066,0.54
4295,-0.8537790964821687,0.3896753155190658,0.54
4296,-0.8541369637369215,0.38878834637242116,0.54
4297,-0.854598767674007,0.3880736641262102,0.54
4298,-0.8550717107630469,0.3873185159119047,0.54
4299,-0.8555876697815311,0.3865577368741526,0.54
4300,-0.855874301802503,0.3860668016037271,0.54
4301,-0.8562595682475309,0.3854131399856124,0.54
4302,-0.8566463768724959,0.3850273857603358,0.54
4303,-0.857094191268164,0.384629539341198,0.54
4304,-0.8573616184202452,0.38427048198601516,0.54
4305,-0.857529032576214,0.38380480040505327,0.54
4306,-0.857866952587867,0.38336244925496116,0.54
4307,-0.8583018939652173,0.3825931213785465,0.54
4308,-0.858766096781169,0.3818914029457921,0.54
4309,-0.8592020937948741,0.38096291998891235,0.54
4310,-0.8596355404285363,0.38019002379765854,0.54
4311,-0.8598848769949333,0.37951146341862185,0.54
4312,-0.8602213125112685,0.37867709264550153,0.54
4313,-0.8605919417955858,0.377701660650594,0.54
4314,-0.8610632206664427,0.3768992680233208,0.54
4315,-0.8615851644638688,0.3759656866405206,0.54
4316,-0.8621311589454279,0.37509110931389983,0.54
4317,-0.8625775516341373,0.3741878032215504,0.54
4318,-0.8630167544043487,0.37334909340811206,0.54
4319,-0.8633828521096855,0.3725111807808077,0.54
4320,-0.8637649783869391,0.37203024108882965,0.54
4321,-0.8639273148577201,0.3716574497848448,0.54
4322,-0.864211049147575,0.37134332967636935,0.54
4323,-0.864370328754574,0.3710147659484197,0.54
4324,-0.8646999589991808,0.3704630537140122,0.54
4325,-0.8650752521564649,0.369952184826016,0.54
4326,-0.8655093880956423,0.36916136068433053,0.54
4327,-0.8658153289998292,0.36864115152476795,0.54
4328,-0.8662261303177172,0.36787452522342584,0.54
4329,-0.8666700473602718,0.3671723202638275,0.54
4330,-0.8671327250966101,0.36634966807658614,0.54
4331,-0.8676421269352622,0.3655066900784249,0.54
4332,-0.8678820791833737,0.36488503727243926,0.54
4333,-0.8682264118318952,0.364280265645317,0.54
4334,-0.8686258896251867,0.363535207679445,0.54
4335,-0.8690091073503627,0.3626458029119615,0.54
4336,-0.8694850222138891,0.3618357199101205,0.54
4337,-0.8698747125221605,0.360863231701088,0.54
4338,-0.8701589498824762,0.35991482169081335,0.54
4339,-0.8705399735465069,0.3589991277044767,0.54
4340,-0.8708460150297836,0.3583481843770751,0.54
4341,-0.8712514530128993,0.35751165358747117,0.54
4342,-0.8715712989323563,0.3566248143789117,0.54
4343,-0.8717055010463614,0.3559762646380781,0.54
4344,-0.871974524417693,0.3554942249111919,0.54
4345,-0.872433126357372,0.3549037323159408,0.54
4346,-0.8727148061251563,0.35446606519708806,0.54
4347,-0.8729138456198864,0.3539667897594333,0.54
4348,-0.8732575280562888,0.3533627409430572,0.54
4349,-0.8736027300468221,0.3528607779440651,0.54
4350,-0.873915078001735,0.35215401590322126,0.54
4351,-0.8741982705150544,0.35121504611025167,0.54
4352,-0.8743927145118947,0.35056761265263914,0.54
4353,-0.87478385098737,0.34994577429504015,0.54
4354,-0.8752648248606005,0.34905622327231495,0.54
4355,-0.8758248219577328,0.34814541155523937,0.54
4356,-0.8762818373763293,0.34713824332948884,0.54
4357,-0.8767617524983935,0.3461989553666078,0.54
4358,-0.8771480337568212,0.34527664445264605,0.54
4359,-0.8775279730246067,0.34449798034095386,0.54
4360,-0.8779014553963965,0.34366071234654616,0.54
4361,-0.8783649362872059,0.34285389497134555,0.54
4362,-0.8785482195776249,0.3422610942035949,0.54
4363,-0.8788349681691685,0.3415406337776058,0.54
4364,-0.879108907167428,0.3409808566288152,0.54
4365,-0.8794966629293357,0.3403140976850448,0.54
4366,-0.8797269808103587,0.33991798841187887,0.54
4367,-0.879840221542653,0.3394065864022328,0.54
4368,-0.880101709106749,0.33892334950109193,0.54
4369,-0.8804800096901474,0.3381462981430349,0.54
4370,-0.8809681037125698,0.33731024045469965,0.54
4371,-0.8813797055577081,0.3363504583105483,0.54
4372,-0.8817682774627059,0.33548455170985675,0.54
4373,-0.8819081887760055,0.33479000691812333,0.54
4374,-0.8821308123141732,0.33385937078713607,0.54
4375,-0.8823935444873795,0.3331272134005902,0.54
4376,-0.8828374197166468,0.332230634096574,0.54
4377,-0.8832549619892337,0.33113802647838486,0.54
4378,-0.8834703851715039,0.3302939484410394,0.54
4379,-0.8838441978152379,0.3292826886789244,0.54
4380,-0.8842426619755964,0.3284873141263338,0.54
4381,-0.884721390665375,0.327579982114276,0.54
4382,-0.8850563742722386,0.32666209824902825,0.54
4383,-0.8851803682690721,0.32599116526904137,0.54
4384,-0.885428836624422,0.3255381255993692,0.54
4385,-0.8857479423961473,0.3248814657597057,0.54
4386,-0.8862023270321344,0.3241628403805656,0.54
4387,-0.886543239035617,0.3233547203729722,0.54
4388,-0.8869022603039287,0.32277119920796216,0.54
4389,-0.8870127533061407,0.32232103497103254,0.54
4390,-0.8872391424516489,0.32183506678293156,0.54
4391,-0.8873103570496088,0.3213672133762934,0.54
4392,-0.8875645220893789,0.3205806170898898,0.54
4393,-0.8878890320375528,0.31988078280207227,0.54
4394,-0.8883548612715628,0.31894738086522173,0.54
4395,-0.888703360543246,0.31788858845840146,0.54
4396,-0.8888480920814935,0.31711782558410384,0.54
4397,-0.8891533919366298,0.3164105753930224,0.54
4398,-0.8895344800731276,0.3154688988943471,0.54
4399,-0.8900546765854589,0.3145813322818142,0.54
4400,-0.8904546640470532,0.3136611035052019,0.54
4401,-0.8908643742909064,0.3128060110066193,0.54
4402,-0.8910439088009424,0.31214650776944086,0.54
4403,-0.8913494559927797,0.311469726152994,0.54
4404,-0.8914788246105152,0.3109255000298589,0.54
4405,-0.8917578771787172,0.3100923575585907,0.54
4406,-0.8920846222075949,0.3093548394256297,0.54
4407,-0.8925621194343915,0.3084132084916598,0.54
4408,-0.8929107918338294,0.30735697414309776,0.54
4409,-0.8932259179602692,0.306179681221085,0.54
4410,-0.8936930509101426,0.3051994384830415,0.54
4411,-0.8941280367727285,0.3042489575439909,0.54
4412,-0.8945223497630712,0.3032305288010996,0.54
4413,-0.8947760298760913,0.3026243563373968,0.54
4414,-0.8949947707875442,0.3020361617539716,0.54
4415,-0.8949944833659752,0.3015155218016845,0.54
4416,-0.8951223114368507,0.30072388896526825,0.54
4417,-0.8953327280272269,0.3000676785856247,0.54
4418,-0.8957527226276181,0.2991519394445984,0.54
4419,-0.8960407202268992,0.2981477047904049,0.54
4420,-0.8963132767711443,0.2970455465461035,0.54
4421,-0.8967658191521419,0.2961298731927455,0.54
4422,-0.8972070774798513,0.2952480234968018,0.54
4423,-0.897601537228322,0.29428276599976844,0.54
4424,-0.8976632046010021,0.29352319697077695,0.54
4425,-0.897813472860557,0.2929206032426876,0.54
4426,-0.8977816618955151,0.2923977108934769,0.54
4427,-0.8979853791824939,0.2918856698383774,0.54
4428,-0.8983009507986838,0.2911984797103726,0.54
4429,-0.89838279996332,0.29055913827181873,0.54
4430,-0.898663992127607,0.29000885505046853,0.54
4431,-0.8987246147970129,0.28947338142573037,0.54
4432,-0.8990179955739883,0.28886160027149854,0.54
4433,-0.899175643349104,0.28834251925592813,0.54
4434,-0.8994892158808317,0.28742970456871675,0.54
4435,-0.8998859851683404,0.2865510145106298,0.54
4436,-0.9004532182237456,0.2854567149519362,0.54
4437,-0.9008387079010226,0.284287459565967,0.54
4438,-0.901174279024946,0.28311404254268974,0.54
4439,-0.901699048494419,0.2821162138519291,0.54
4440,-0.9022030112758394,0.28106367346383276,0.54
4441,-0.902631102876562,0.2799438400386106,0.54
4442,-0.9029260126476673,0.2788869656981903,0.54
4443,-0.903387014080029,0.2780232130866994,0.54
4444,-0.9036740947808789,0.2770656272598827,0.54
4445,-0.9038771024249903,0.2762572520304762,0.54
4446,-0.9038339738946083,0.27560860476153864,0.54
4447,-0.9040141564797904,0.27478944031535507,0.54
4448,-0.9042015980868285,0.2738636177645705,0.54
4449,-0.9044682147738814,0.27309448456862107,0.54
4450,-0.9047204200492338,0.27214668671235476,0.54
4451,-0.9049630192351406,0.2713318079665236,0.54
4452,-0.9049597524100453,0.2707211483272529,0.54
4453,-0.9048278358789228,0.2700178765861911,0.54
4454,-0.9049047436510259,0.26948464051595067,0.54
4455,-0.9052253443949864,0.26878511013855455,0.54
4456,-0.9053758756901846,0.26819684275425304,0.54
4457,-0.9054081194719668,0.26751666910521593,0.54
4458,-0.9056228619735724,0.26655005551260114,0.54
4459,-0.9059455539043707,0.2657492239262455,0.54
4460,-0.9064226925917046,0.26478190922400197,0.54
4461,-0.906685944046908,0.2639651704944745,0.54
4462,-0.9067299950837341,0.2631989398394099,0.54
4463,-0.9070112244599297,0.2624476141012693,0.54
4464,-0.9071375912062568,0.2616904117911307,0.54
4465,-0.907543050935254,0.26086381373715284,0.54
4466,-0.9080186195318527,0.2597539415378476,0.54
4467,-0.9081645324215896,0.25887543269814983,0.54
4468,-0.9084697334830822,0.2580614102203901,0.54
4469,-0.9085589906281745,0.2572875399526155,0.54
4470,-0.9088771475163606,0.25647727261732334,0.54
4471,-0.9090236976029533,0.2557441660502185,0.54
4472,-0.9092780557833597,0.2546805612555125,0.54
4473,-0.9096331938207644,0.25374624209437646,0.54
4474,-0.9102214188575599,0.2526532605167998,0.54
4475,-0.9106003633312828,0.25144901193082253,0.54
4476,-0.9108742477499167,0.2501095916345029,0.54
4477,-0.9111578728202211,0.2489923042259648,0.54
4478,-0.9116614366932063,0.24786403616441505,0.54
4479,-0.9118719776422934,0.24697481342655342,0.54
4480,-0.9121185229926926,0.24598077715638916,0.54
4481,-0.912407621680711,0.24518495189115166,0.54
4482,-0.912613094461601,0.24422729787150607,0.54
4483,-0.9130491891952373,0.24337147761987032,0.54
4484,-0.9134551179032167,0.2425283682277767,0.54
4485,-0.9137972659031347,0.24159882164102434,0.54
4486,-0.9139847688096555,0.2405174188109096,0.54
4487,-0.914385512835937,0.23962057507249465,0.54
4488,-0.9145645024256955,0.2387062242888893,0.54
4489,-0.9146677040233784,0.2379831980454728,0.54
4490,-0.9145268232839872,0.2373924673755963,0.54
4491,-0.9145509595830019,0.23682818825199198,0.54
4492,-0.9144271438978082,0.2362649346508194,0.54
4493,-0.9144449540540317,0.23536992801147222,0.54
4494,-0.9146299369330947,0.23461878618830104,0.54
4495,-0.9151347064195052,0.233629448588796,0.54
4496,-0.9153107921072834,0.2328259539553817,0.54
4497,-0.915553691032959,0.23185163594410982,0.54
4498,-0.9158672889616788,0.23102815714087116,0.54
4499,-0.9160793309695812,0.22996186264770568,0.54
4500,-0.9163590515861094,0.22900416786798855,0.54
4501,-0.9163837961295925,0.22824061254409464,0.54
4502,-0.916695582421014,0.22728723735749135,0.54
4503,-0.9169243659747399,0.22623314654047957,0.54
4504,-0.9172595726706047,0.22531897294348951,0.54
4505,-0.9175034621069318,0.22420560981802745,0.54
4506,-0.9179871437086493,0.2232318597067496,0.54
4507,-0.9183007780621113,0.22219976021617904,0.54
4508,-0.9185871549824175,0.22132062473475284,0.54
4509,-0.9187202678582304,0.22026157062749427,0.54
4510,-0.9191188256394502,0.21931577072458439,0.54
4511,-0.9193376077875132,0.21833566885196434,0.54
4512,-0.9195274136354846,0.2175158570921461,0.54
4513,-0.9194235897767582,0.21685670141524785,0.54
4514,-0.9195042770342559,0.21623903859222068,0.54
4515,-0.9194036764591546,0.21563598965441333,0.54
4516,-0.919424459300588,0.21470866331272007,0.54
4517,-0.9196080905687147,0.21393092157367471,0.54
4518,-0.9201063124357921,0.2129103207429552,0.54
4519,-0.9202314169574437,0.21211270196883614,0.54
4520,-0.9204087908621136,0.21113723794381142,0.54
4521,-0.9206818674266388,0.2103343468962021,0.54
4522,-0.9208425708409532,0.209287021087066,0.54
4523,-0.9213002574212682,0.20837565210306608,0.54
4524,-0.9217445925512241,0.20744151082564338,0.54
4525,-0.922071947741565,0.20638398373041772,0.54
4526,-0.922071633373961,0.20554877735390759,0.54
4527,-0.9220375295994855,0.20444212856688868,0.54
4528,-0.9221599195981344,0.20359421693805407,0.54
4529,-0.9225834699072875,0.20261237800255052,0.54
4530,-0.9228285469680593,0.2015702449858218,0.54
4531,-0.9231102007512859,0.20062524728925063,0.54
4532,-0.9230934119265685,0.19980232567021108,0.54
4533,-0.9228514670863922,0.19895809151705982,0.54
4534,-0.9229528964473194,0.19830228109963322,0.54
4535,-0.9230615019183798,0.1972969248249306,0.54
4536,-0.9235174902511714,0.19635347364898342,0.54
4537,-0.9238018870690714,0.19532229953411878,0.54
4538,-0.9241208546958327,0.1944724080670653,0.54
4539,-0.9242379941127553,0.1933896975305416,0.54
4540,-0.9246622440583026,0.19243763604877678,0.54
4541,-0.9248627998537825,0.19141639560465162,0.54
4542,-0.925091902806173,0.19055637195064778,0.54
4543,-0.9250177849432681,0.18978950722444082,0.54
4544,-0.9251671518177221,0.18905853608020193,0.54
4545,-0.9250967581539574,0.1883388350095951,0.54
4546,-0.924863982241084,0.18752322501877297,0.54
4547,-0.9250498289436303,0.18683824121884704,0.54
4548,-0.9252442717161933,0.18576820227483398,0.54
4549,-0.9257683301222815,0.18477781186072542,0.54
4550,-0.9260923962819748,0.18367107479315792,0.54
4551,-0.926443201380147,0.18273758183223657,0.54
4552,-0.9265607796775546,0.18155688701503953,0.54
4553,-0.926985120158629,0.1805651049782832,0.54
4554,-0.9271646381800979,0.1794763475091962,0.54
4555,-0.9273872282670194,0.17855259658799758,0.54
4556,-0.9273540393717736,0.17784301636074423,0.54
4557,-0.9275240120921485,0.17710394534500845,0.54
4558,-0.9274614225657702,0.17634684887193958,0.54
4559,-0.9272122156888453,0.17549973386140008,0.54
4560,-0.9273860928056422,0.17477717339637908,0.54
4561,-0.9275450341867513,0.1736607291073481,0.54
4562,-0.9280450823617646,0.17264296880409086,0.54
4563,-0.9283251368556824,0.1715000281305283,0.54
4564,-0.9286461055117028,0.1705425674707098,0.54
4565,-0.9287145913539115,0.16932761661317075,0.54
4566,-0.929145676553109,0.16831890161305418,0.54
4567,-0.9295216826213174,0.1672970490179899,0.54
4568,-0.9297185060360041,0.16610329589652126,0.54
4569,-0.9296382102403763,0.16518867982123084,0.54
4570,-0.9292920710818707,0.16424610803924683,0.54
4571,-0.9293315351235669,0.16355997463730051,0.54
4572,-0.9296486227458174,0.16275070304995795,0.54
4573,-0.9297290599149906,0.16195495742072794,0.54
4574,-0.9295838117753531,0.16111048082766424,0.54
4575,-0.9295360107110023,0.15997800122788564,0.54
4576,-0.9297551785089344,0.15911917906650527,0.54
4577,-0.9302905471154681,0.1581436225608976,0.54
4578,-0.9305748498447378,0.15708766940590077,0.54
4579,-0.9308971047267529,0.1561493983039935,0.54
4580,-0.9308663305647465,0.15534692543346978,0.54
4581,-0.9307983670642584,0.15423593408685338,0.54
4582,-0.9309828665609379,0.15340379214801694,0.54
4583,-0.9314481187730882,0.1525706277142223,0.54
4584,-0.9315073712343331,0.15174596680438512,0.54
4585,-0.9318125969244677,0.1508973744481767,0.54
4586,-0.9320462317933552,0.14971471112605206,0.54
4587,-0.9321683881758842,0.14830980472678587,0.54
4588,-0.9325805163478009,0.1472613780163084,0.54
4589,-0.9329444930654728,0.1462722083775202,0.54
4590,-0.9330353665794127,0.14508381983088425,0.54
4591,-0.932840217089427,0.14417872453691905,0.54
4592,-0.9328680336250537,0.14348940010113018,0.54
4593,-0.9325987753946519,0.1427950238994519,0.54
4594,-0.932676734918721,0.1421153636590761,0.54
4595,-0.9325084582579674,0.14143311118797308,0.54
4596,-0.9321765064718455,0.14057691973612704,0.54
4597,-0.9323505752863659,0.13985604446977495,0.54
4598,-0.9324798301091547,0.13870464936237625,0.54
4599,-0.9329979091773157,0.13768863380332408,0.54
4600,-0.9335673566638899,0.1366981633512862,0.54
4601,-0.9339698474473995,0.13551019193483207,0.54
4602,-0.9340773601235414,0.1340481040340965,0.54
4603,-0.9344844333351568,0.13298435052625218,0.54
4604,-0.9348013374893881,0.131959804118613,0.54
4605,-0.9348790243837768,0.13073009927149362,0.54
4606,-0.9346182750168112,0.12973708055962652,0.54
4607,-0.9346409510483539,0.12896223834479767,0.54
4608,-0.9344209268424234,0.12817076896324614,0.54
4609,-0.9345636462484196,0.12737894719786788,0.54
4610,-0.9344641647009114,0.1265872656744462,0.54
4611,-0.9341610543406749,0.12572152324681216,0.54
4612,-0.9343426442530404,0.12498756880644646,0.54
4613,-0.9344587327253365,0.12384664405545695,0.54
4614,-0.9349550502550155,0.12285293699649039,0.54
4615,-0.9354579234600485,0.12184537208908423,0.54
4616,-0.9358251637876014,0.12070408143802244,0.54
4617,-0.9358898485266407,0.11930492454417986,0.54
4618,-0.9362678919486378,0.11828825853282078,0.54
4619,-0.9365445246223278,0.11732880820123695,0.54
4620,-0.9365755706865647,0.11615387692234948,0.54
4621,-0.9362597747887201,0.11517505642797322,0.54
4622,-0.9362577231373399,0.11437042458966806,0.54
4623,-0.9360154252240026,0.11360210549550061,0.54
4624,-0.9361642481481155,0.11284186256538531,0.54
4625,-0.936066546305772,0.11206736189052595,0.54
4626,-0.9357540070329411,0.11120516936263859,0.54
4627,-0.9359418761512789,0.11045310365238849,0.54
4628,-0.9360522762217564,0.10928981301731759,0.54
4629,-0.9365433756399674,0.10831856748512328,0.54
4630,-0.9370456604857791,0.1073177549052701,0.54
4631,-0.9373020712154322,0.10608566716501151,0.54
4632,-0.937294461524043,0.10461830032001182,0.54
4633,-0.9376608827527189,0.10355583934319583,0.54
4634,-0.9379555334355238,0.10255500569362076,0.54
4635,-0.9380423393387884,0.10140491527249204,0.54
4636,-0.93774182669994,0.10045983942999924,0.54
4637,-0.9377515929393049,0.09966933729828142,0.54
4638,-0.9375062517656026,0.0988915686483539,0.54
4639,-0.9376354894188424,0.09810054436612935,0.54
4640,-0.9375144073293568,0.0973313837862049,0.54
4641,-0.9374208394682891,0.0961807000893883,0.54
4642,-0.9375920428356945,0.09521012568476936,0.54
4643,-0.9381360619492989,0.09415964865509883,0.54
4644,-0.9381735446348715,0.09329135781429541,0.54
4645,-0.9381281382363325,0.09219907703971779,0.54
4646,-0.9383194795692182,0.09131404747104879,0.54
4647,-0.9386550902983101,0.09027769410659256,0.54
4648,-0.938686030791994,0.0893964373426102,0.54
4649,-0.9384595194839933,0.08853448422931233,0.54
4650,-0.9382829591463102,0.08735518075241663,0.54
4651,-0.9384338692724545,0.08639841892580367,0.54
4652,-0.9389040602490426,0.08547337131230248,0.54
4653,-0.9393703576397071,0.08438620131883878,0.54
4654,-0.9395654904969047,0.08308885744544746,0.54
4655,-0.9393982238108659,0.08209316928795647,0.54
4656,-0.9391372928051938,0.08079356524435989,0.54
4657,-0.9391570299343129,0.07978570874748374,0.54
4658,-0.9395449391008411,0.07878423111525294,0.54
4659,-0.939895940711297,0.07768849330612833,0.54
4660,-0.9398630611585406,0.07678854752369355,0.54
4661,-0.9397726562818638,0.07562780792236815,0.54
4662,-0.9394943364876654,0.07425309300789162,0.54
4663,-0.939468756934413,0.07325021346705561,0.54
4664,-0.9398577541962225,0.07225036798494158,0.54
4665,-0.9402041985319011,0.07117037612370634,0.54
4666,-0.9402776229049363,0.07014514986172957,0.54
4667,-0.9404746000999528,0.06929924687061924,0.54
4668,-0.9404045325699969,0.068219729060763,0.54
4669,-0.9405423246119411,0.06738494431833221,0.54
4670,-0.9403453799823159,0.06669218148529184,0.54
4671,-0.9399251053508332,0.06586882779472648,0.54
4672,-0.9399548433818806,0.06520109844067451,0.54
4673,-0.940301749633975,0.06431043493778896,0.54
4674,-0.9404675044168617,0.06328891481552903,0.54
4675,-0.9407639298317142,0.06235126117843404,0.54
4676,-0.9407524642150542,0.06113465902047617,0.54
4677,-0.9403685216678365,0.060108361723265946,0.54
4678,-0.9403932528028531,0.05913230870389795,0.54
4679,-0.9406602510445301,0.058244705932777335,0.54
4680,-0.9406878670882305,0.057093676545443076,0.54
4681,-0.9409244416404846,0.05604885144858977,0.54
4682,-0.9408552377883659,0.05521873293999668,0.54
4683,-0.9404954772883812,0.05435240973599983,0.54
4684,-0.9406050875488753,0.053591637697026046,0.54
4685,-0.9405764452196725,0.05246157184415363,0.54
4686,-0.9409599888901019,0.051455149163350165,0.54
4687,-0.9413784058843869,0.05042291664933676,0.54
4688,-0.9415011966368996,0.049202434271550334,0.54
4689,-0.9412238318956321,0.04820675155126383,0.54
4690,-0.9412457812296777,0.04738658564442571,0.54
4691,-0.9409461058818481,0.046619258571610395,0.54
4692,-0.9404293282163125,0.04572911123671258,0.54
4693,-0.9405339631117667,0.04494978403968829,0.54
4694,-0.9405090339265466,0.043770193149520194,0.54
4695,-0.9409520565373053,0.04276365044252021,0.54
4696,-0.9414543178235849,0.04170161520349522,0.54
4697,-0.9416292825392576,0.04044967568863116,0.54
4698,-0.941501297513628,0.038992997599024345,0.54
4699,-0.9418296941545833,0.03794711600242548,0.54
4700,-0.9421045476072198,0.036950922040019964,0.54
4701,-0.9420264612593745,0.035774308753658925,0.54
4702,-0.9422328556241285,0.034837035153368424,0.54
4703,-0.942472133334632,0.03386637378067197,0.54
4704,-0.9424807994195656,0.032776999089201696,0.54
4705,-0.942254911455659,0.03148827074580646,0.54
4706,-0.9424547112356156,0.030505199995553928,0.54
4707,-0.9426294996334944,0.02958009482288708,0.54
4708,-0.9424614836931624,0.028470399037207876,0.54
4709,-0.9420057854435887,0.02755324676457181,0.54
4710,-0.9419027082536741,0.026825425939277368,0.54
4711,-0.9421396194308953,0.025967186045462682,0.54
4712,-0.9421242364639341,0.024983450316941585,0.54
4713,-0.9422588056130005,0.0241552391075697,0.54
4714,-0.9420207492266185,0.023450004416397746,0.54
4715,-0.9417006197147086,0.02246150940267516,0.54
4716,-0.9417172797009656,0.021665310986831894,0.54
4717,-0.9421185154501976,0.020776413769488473,0.54
4718,-0.9420294963162107,0.019945548010624755,0.54
4719,-0.9422367096021506,0.019078050713369273,0.54
4720,-0.9422475914077979,0.01789443403164862,0.54
4721,-0.9420176164800833,0.016428784969722613,0.54
4722,-0.9422741076149551,0.01539735493265517,0.54
4723,-0.9425595712023298,0.014383537283296244,0.54
4724,-0.9428476007396686,0.013222864326571805,0.54
4725,-0.9427671422282382,0.012248630574729661,0.54
4726,-0.942398946530978,0.011278553411524636,0.54
4727,-0.9420569451602242,0.010050167076526173,0.54
4728,-0.942142837128687,0.009178247626883101,0.54
4729,-0.9425033155257799,0.008385399843989042,0.54
4730,-0.9425042544749147,0.007401285443643385,0.54
4731,-0.9426622722455338,0.006478638083427774,0.54
4732,-0.9423944504520164,0.005701868076956118,0.54
4733,-0.9424484708118304,0.004892125730110643,0.54
4734,-0.9422074655492774,0.0041353398302378585,0.54
4735,-0.9417912408716335,0.0032578150195793033,0.54
4736,-0.9419023091271367,0.00241022917057055,0.54
4737,-0.9418084443606808,0.0011873774307538732,0.54
4738,-0.9421700550408296,0.0001971653719782396,0.54
4739,-0.9425428230658546,-0.0008264781567195933,0.54
4740,-0.9425736040632227,-0.0020968256176724844,0.54
4741,-0.942182403625513,-0.0031720177204622745,0.54
4742,-0.9421786856729225,-0.00412290388953443,0.54
4743,-0.9418389169160967,-0.004983246396904958,0.54
4744,-0.9414811645324687,-0.0061691208135886,0.54
4745,-0.9415625087841399,-0.007201494237952356,0.54
4746,-0.942029713704789,-0.008223307388465025,0.54
4747,-0.941976251984437,-0.009097819358811647,0.54
4748,-0.9422372108553173,-0.010006050283707872,0.54
4749,-0.942245183341189,-0.011204467224634099,0.54
4750,-0.9420378286363895,-0.012604891081321007,0.54
4751,-0.9422653058642801,-0.013648605649382807,0.54
4752,-0.9425184200043243,-0.014663535234870916,0.54
4753,-0.9423712096231466,-0.01583690904515149,0.54
4754,-0.9426108290709972,-0.016787724844946922,0.54
4755,-0.9428369832017105,-0.017787017843746353,0.54
4756,-0.9427486799330319,-0.018966927944298186,0.54
4757,-0.9422849029611308,-0.019985666680833916,0.54
4758,-0.9422051547218647,-0.020864388910395677,0.54
4759,-0.9418232411939396,-0.02166084647331542,0.54
4760,-0.9411976686832549,-0.022594879140737704,0.54
4761,-0.9412324741954865,-0.02343079942016361,0.54
4762,-0.941080466832948,-0.024577430539721876,0.54
4763,-0.941402574828985,-0.025553705483194092,0.54
4764,-0.9417888154629894,-0.026576333529588145,0.54
4765,-0.9418344998285133,-0.027722004043534573,0.54
4766,-0.9414859494346168,-0.028660338158801424,0.54
4767,-0.9414944109791545,-0.029474923119225806,0.54
4768,-0.9412260280895346,-0.030179414654993974,0.54
4769,-0.9409074768578243,-0.03120363476342212,0.54
4770,-0.9410527698815476,-0.03207407679702647,0.54
4771,-0.9415311857104595,-0.03300671926977675,0.54
4772,-0.9414761928595415,-0.033841887126733215,0.54
4773,-0.9417009364895222,-0.034785574592593224,0.54
4774,-0.94169033888764,-0.03592351117754748,0.54
4775,-0.9414183857691314,-0.037272592868366185,0.54
4776,-0.9416135900045459,-0.0383039935346937,0.54
4777,-0.9418504089979236,-0.03936230484067882,0.54
4778,-0.941670367258477,-0.04052908022289859,0.54
4779,-0.9418101470219649,-0.04144554116929342,0.54
4780,-0.9420050075654238,-0.04245576017633523,0.54
4781,-0.9418813602896564,-0.04360276221361927,0.54
4782,-0.9414736772127626,-0.04494895885459145,0.54
4783,-0.9415649185622644,-0.04596200669799624,0.54
4784,-0.9416910605070375,-0.04697022949365425,0.54
4785,-0.9414289287485406,-0.048111807183014776,0.54
4786,-0.9415465533407353,-0.04904578298751024,0.54
4787,-0.9416805003042051,-0.050033623414112424,0.54
4788,-0.9415053824897636,-0.05115563399812359,0.54
4789,-0.9409698198054948,-0.05215725979792691,0.54
4790,-0.940826377790084,-0.05296802985332974,0.54
4791,-0.9403671581835614,-0.053761699679835066,0.54
4792,-0.9396776082148959,-0.0547238138352842,0.54
4793,-0.9396774601225077,-0.05557492084543175,0.54
4794,-0.9394929879145778,-0.0566659237387968,0.54
4795,-0.9398003253649677,-0.057607579464178105,0.54
4796,-0.9401745445368297,-0.058618081091384285,0.54
4797,-0.9402334051154954,-0.05964528933098524,0.54
4798,-0.9399359329738123,-0.060490574767438625,0.54
4799,-0.9399781262908817,-0.061286662039605984,0.54
4800,-0.9396813525841116,-0.06202041193797433,0.54
4801,-0.9393537578243578,-0.06302269476195473,0.54
4802,-0.9394932938262178,-0.0639244228789109,0.54
4803,-0.9399587563379509,-0.0648830741278896,0.54
4804,-0.9398925948262528,-0.065727403511738,0.54
4805,-0.9400904347352664,-0.06669959404688364,0.54
4806,-0.9400299941651017,-0.06788430201866791,0.54
4807,-0.9397039469089041,-0.06922275022907566,0.54
4808,-0.9398392767053995,-0.07018881171149356,0.54
4809,-0.9400234823681407,-0.07120590044396453,0.54
4810,-0.9397961445270976,-0.07236312872308381,0.54
4811,-0.9399047532597979,-0.07328949220792587,0.54
4812,-0.9400644406686278,-0.0742915894153578,0.54
4813,-0.9399017836452225,-0.07544594702557128,0.54
4814,-0.9393830286442215,-0.07643188703895866,0.54
4815,-0.9392997294648162,-0.07733593103218216,0.54
4816,-0.9388631856256539,-0.07816762783562464,0.54
4817,-0.938373340813335,-0.07924318351727674,0.54
4818,-0.9383331454359024,-0.08022775247664161,0.54
4819,-0.938673769500101,-0.08121481843493378,0.54
4820,-0.9384942965172081,-0.08210042833298073,0.54
4821,-0.9386113559317129,-0.08303452805591557,0.54
4822,-0.9384961638433956,-0.08411569817911813,0.54
4823,-0.9381176247400961,-0.08538434314794005,0.54
4824,-0.938253321930171,-0.0863529711705637,0.54
4825,-0.9384378161902174,-0.08735099968129781,0.54
4826,-0.9382455573017104,-0.08841650953326245,0.54
4827,-0.9383757773348892,-0.08932214399031757,0.54
4828,-0.9385446186161996,-0.0903405113754477,0.54
4829,-0.9384264961734163,-0.09145129157325074,0.54
4830,-0.9379403326687324,-0.09243237853441322,0.54
4831,-0.9378420437968965,-0.09335367771536783,0.54
4832,-0.9374112363758045,-0.09419447250334516,0.54
4833,-0.9370024550993762,-0.09519250504207812,0.54
4834,-0.9369857141644566,-0.09617324158204577,0.54
4835,-0.9373173295007209,-0.09718531244637363,0.54
4836,-0.9371445596217989,-0.09808766083819505,0.54
4837,-0.936816676911403,-0.09901558209191376,0.54
4838,-0.9368578684998498,-0.09993122374974299,0.54
4839,-0.9370145179424026,-0.10104480488311712,0.54
4840,-0.936831228327566,-0.1018766677236219,0.54
4841,-0.9363605039495891,-0.1028243074837402,0.54
4842,-0.9356429809749486,-0.10391279800017969,0.54
4843,-0.9356312913478525,-0.10490524403859912,0.54
4844,-0.9354302280271786,-0.1059834692305918,0.54
4845,-0.9355502038742356,-0.10710087845545771,0.54
4846,-0.9353831179873405,-0.10788494950659987,0.54
4847,-0.9349063816935655,-0.10877299068173066,0.54
4848,-0.9349554585230913,-0.10967235978801923,0.54
4849,-0.9346867789512455,-0.1104310977847815,0.54
4850,-0.9347624638235577,-0.11133839616450812,0.54
4851,-0.9351448029231753,-0.11241852067767202,0.54
4852,-0.9353133389192888,-0.11352398352925881,0.54
4853,-0.9351925579424967,-0.11475859338047166,0.54
4854,-0.9352394388531224,-0.11577355822452032,0.54
4855,-0.934964497311648,-0.11653522377873218,0.54
4856,-0.9350110977254533,-0.11739130894825599,0.54
4857,-0.9351935735303925,-0.1183765427309268,0.54
4858,-0.9351306499799706,-0.11941819558771243,0.54
4859,-0.9348074852141048,-0.12056731957929663,0.54
4860,-0.9349016276109585,-0.12147969507724368,0.54
4861,-0.9350171783984131,-0.12245368341049394,0.54
4862,-0.934790960774063,-0.12346537216064407,0.54
4863,-0.9342733838232569,-0.12434833312529515,0.54
4864,-0.9341420255909737,-0.12525255589645384,0.54
4865,-0.9336611017192444,-0.12608362614141114,0.54
4866,-0.9335756498130535,-0.1269988942113847,0.54
4867,-0.9337563838727093,-0.1280725194997902,0.54
4868,-0.9337341580288826,-0.1291345650518536,0.54
4869,-0.933444884621291,-0.13029193436843753,0.54
4870,-0.9333346047856205,-0.13130198352728717,0.54
4871,-0.9329218949049202,-0.13211074456880165,0.54
4872,-0.9328817841887075,-0.13303409113394773,0.54
4873,-0.9329861283083539,-0.13405407930472704,0.54
4874,-0.9328605957730883,-0.13507733471893463,0.54
4875,-0.9323889214314034,-0.13599434864043178,0.54
4876,-0.9323061991976659,-0.1369309771264893,0.54
4877,-0.9318816074967577,-0.13775973426557675,0.54
4878,-0.9314221750028939,-0.13874063346638402,0.54
4879,-0.9313979362616748,-0.1397312782318335,0.54
4880,-0.9317205086942786,-0.14071902182743146,0.54
4881,-0.9315593179816106,-0.14158099311962896,0.54
4882,-0.9312650940888778,-0.1424456937519543,0.54
4883,-0.9313204738839479,-0.1434008118226209,0.54
4884,-0.9314651538664075,-0.1445769531179322,0.54
4885,-0.931254798268555,-0.14545496573475047,0.54
4886,-0.9307917811755019,-0.14639050300601195,0.54
4887,-0.9302974374977078,-0.14738737315487765,0.54
4888,-0.9302259719873898,-0.14841126416258113,0.54
4889,-0.9304909955978176,-0.14941352657517398,0.54
4890,-0.9303890597198012,-0.15031426655842028,0.54
4891,-0.9304034134785708,-0.15133893619581454,0.54
4892,-0.9300422958166992,-0.15218612948367827,0.54
4893,-0.929390857026575,-0.15315118900125324,0.54
4894,-0.9293036568292725,-0.15415128259078237,0.54
4895,-0.9290102410713782,-0.15521538111681693,0.54
4896,-0.9291874286422538,-0.15616230930823083,0.54
4897,-0.9290394705620488,-0.15703514411243633,0.54
4898,-0.9290892545332414,-0.1580245085106424,0.54
4899,-0.9293246650038711,-0.15897930267965432,0.54
4900,-0.929272220865089,-0.15977806644003223,0.54
4901,-0.9288976737649068,-0.16066919970673782,0.54
4902,-0.9287803483223589,-0.16162044895921612,0.54
4903,-0.9289480431455062,-0.16256706749821656,0.54
4904,-0.9286631374342232,-0.16345568497368598,0.54
4905,-0.9286127903669977,-0.1644740299148462,0.54
4906,-0.9283277393572235,-0.16552288963046155,0.54
4907,-0.9276996725308789,-0.16654887042441124,0.54
4908,-0.9275077533717658,-0.167592802285736,0.54
4909,-0.9269900139908773,-0.16851254726652148,0.54
4910,-0.9262097456013582,-0.1695745060118914,0.54
4911,-0.9260939475830395,-0.1706455694948529,0.54
4912,-0.9257838852636091,-0.17170255141851598,0.54
4913,-0.9259768100445871,-0.17257806779927257,0.54
4914,-0.9258622547367255,-0.17332933230849412,0.54
4915,-0.9259488655317258,-0.1742303233635928,0.54
4916,-0.9256517940602114,-0.174948885362502,0.54
4917,-0.9256781565927962,-0.1758318697125505,0.54
4918,-0.9253847870710906,-0.17661683147598586,0.54
4919,-0.9248379823045081,-0.17755187402221506,0.54
4920,-0.9248363555820793,-0.17857503247959253,0.54
4921,-0.9246535390778623,-0.179600516612233,0.54
4922,-0.9241275923284762,-0.18055574928852305,0.54
4923,-0.9240974950229691,-0.18152315722613657,0.54
4924,-0.9243237328390831,-0.18252563585117834,0.54
4925,-0.9243040396885199,-0.18337250069481117,0.54
4926,-0.9240342335715622,-0.18421606209414643,0.54
4927,-0.9241614413085315,-0.18495152405281473,0.54
4928,-0.9243231881763435,-0.185902724503698,0.54
4929,-0.9241470016720919,-0.18678564386848814,0.54
4930,-0.9242291622175994,-0.18760270833337936,0.54
4931,-0.9240304470631652,-0.18837139937390843,0.54
4932,-0.9240099057688633,-0.18930666294425585,0.54
4933,-0.9236186153524693,-0.1900877485945736,0.54
4934,-0.9231546201045282,-0.19088023625785183,0.54
4935,-0.9230186692186083,-0.19189980155971745,0.54
4936,-0.9231516534879284,-0.19297383082182082,0.54
4937,-0.9228186956112753,-0.1939724609672341,0.54
4938,-0.9223187115051199,-0.1949048839538617,0.54
4939,-0.9221301641145088,-0.19599360071536664,0.54
4940,-0.9221926316927636,-0.1969657290200309,0.54
4941,-0.9219748356507738,-0.19782116045663128,0.54
4942,-0.9214500040025775,-0.19875589437723104,0.54
4943,-0.9214088670624553,-0.19945696106881636,0.54
4944,-0.9214780263740281,-0.20041177721180886,0.54
4945,-0.921274484006059,-0.20122327566359546,0.54
4946,-0.9213332279673382,-0.20199153973861642,0.54
4947,-0.9210938521919004,-0.20274815384534578,0.54
4948,-0.9210192758627576,-0.20377457516250788,0.54
4949,-0.920577206536801,-0.20465693590450434,0.54
4950,-0.9198356093870252,-0.20570188723835253,0.54
4951,-0.9196280789785568,-0.20686384659596513,0.54
4952,-0.9191838959886368,-0.20798730221506467,0.54
4953,-0.9192117322280251,-0.20888333155431754,0.54
4954,-0.918910036977451,-0.20970811254447372,0.54
4955,-0.9187897476479523,-0.21075942047234458,0.54
4956,-0.9183231224511488,-0.21164934772561617,0.54
4957,-0.9181360294055111,-0.2125063159356296,0.54
4958,-0.9178335649604377,-0.21323565492416116,0.54
4959,-0.9178120195945678,-0.21425377448077457,0.54
4960,-0.9175189989886923,-0.21522768973813103,0.54
4961,-0.917595444374865,-0.21604427594194547,0.54
4962,-0.9173796690520517,-0.21677461082132365,0.54
4963,-0.9173923120298368,-0.21739680141565668,0.54
4964,-0.9174821278009254,-0.21836232373371928,0.54
4965,-0.9173349244642038,-0.21921405239250294,0.54
4966,-0.9169085307567634,-0.22015903674692003,0.54
4967,-0.9168828286696511,-0.2209160151007554,0.54
4968,-0.9168090867757595,-0.22169776879102773,0.54
4969,-0.9165064992184488,-0.22239258905322656,0.54
4970,-0.9164149237911687,-0.22344469777901935,0.54
4971,-0.9161056308083791,-0.22440578130318978,0.54
4972,-0.9154314849250945,-0.22542824323809965,0.54
4973,-0.9151626094279981,-0.2265852611103191,0.54
4974,-0.9145555866719859,-0.22761549414784382,0.54
4975,-0.9142725668915486,-0.22850804413345177,0.54
4976,-0.9138495709060923,-0.22928758594900264,0.54
4977,-0.91372613991054,-0.23038963929552686,0.54
4978,-0.9134181294523396,-0.23134007802754783,0.54
4979,-0.9134930119203951,-0.23209875083694656,0.54
4980,-0.913132974689261,-0.23294320458314463,0.54
4981,-0.9126259016094923,-0.23368976117943127,0.54
4982,-0.9125039261853505,-0.23470353847707234,0.54
4983,-0.9124792823616727,-0.2359613402254028,0.54
4984,-0.912128229548677,-0.23692106205452415,0.54
4985,-0.9115440681378221,-0.237977323690157,0.54
4986,-0.9107022108367846,-0.23906231652080442,0.54
4987,-0.9104389286956807,-0.24021022561282362,0.54
4988,-0.9100776494079056,-0.24108034734529868,0.54
4989,-0.9101072562333676,-0.241713890024816,0.54
4990,-0.9099040805474976,-0.24226009446667993,0.54
4991,-0.9099131720868568,-0.24315085410027132,0.54
4992,-0.909588474150106,-0.24390849960545666,0.54
4993,-0.9094684814152947,-0.24467183301548512,0.54
4994,-0.9092902869754843,-0.24523639861833554,0.54
4995,-0.9093336865058935,-0.24616338237927454,0.54
4996,-0.909142211259457,-0.24698704795730872,0.54
4997,-0.9086676072614962,-0.24785867586385044,0.54
4998,-0.9085083203977243,-0.24862303610469524,0.54
4999,-0.9085145349855673,-0.24966798871996662,0.54
5000,-0.9083230957868026,-0.2505352609243877,0.54
5001,-0.9078482342964453,-0.2514341507841348,0.54
5002,-0.9076238286101511,-0.25249594147140475,0.54
5003,-0.9070896399900827,-0.25347172355385356,0.54
5004,-0.9063224148505096,-0.25448942488328874,0.54
5005,-0.9060429863707615,-0.2556211540287223,0.54
5006,-0.9056658338207354,-0.2565615441591191,0.54
5007,-0.9050608863803395,-0.2574969767356638,0.54
5008,-0.9049052175207263,-0.2584752838276279,0.54
5009,-0.9049148727764926,-0.2594042996584898,0.54
5010,-0.9048276822642979,-0.2600405554562568,0.54
5011,-0.9044428301485412,-0.2608019163590399,0.54
5012,-0.9043119420025914,-0.26169281980469294,0.54
5013,-0.9039181139021363,-0.2624744556744222,0.54
5014,-0.903490146115158,-0.2631002831867867,0.54
5015,-0.9034455289696119,-0.26386624166137584,0.54
5016,-0.9035442164934665,-0.2647264209044692,0.54
5017,-0.9033097620765976,-0.2655277001029443,0.54
5018,-0.9029942241771864,-0.2661445779830447,0.54
5019,-0.902843988483959,-0.26704831289252934,0.54
5020,-0.9024040047963295,-0.2678641396235491,0.54
5021,-0.902188826571662,-0.2686053717389173,0.54
5022,-0.9019141102179042,-0.26916362169187114,0.54
5023,-0.901849679790524,-0.2700546044682143,0.54
5024,-0.9015876827038068,-0.2708485641825676,0.54
5025,-0.9016278638503387,-0.27154467392428144,0.54
5026,-0.901297097885091,-0.2723193462959925,0.54
5027,-0.9008451394909814,-0.2729698635840922,0.54
5028,-0.9006487727057698,-0.2739522712169624,0.54
5029,-0.9005919845471622,-0.2748678944772693,0.54
5030,-0.9003722854394517,-0.2755731668959111,0.54
5031,-0.8998400153043188,-0.276413558745392,0.54
5032,-0.8995642853836073,-0.27748171841716424,0.54
5033,-0.898990314685876,-0.27844149660652734,0.54
5034,-0.898678315530722,-0.27959235237864627,0.54
5035,-0.89811988628183,-0.28061844121522606,0.54
5036,-0.8975547218669611,-0.2815042666714597,0.54
5037,-0.8974151253888518,-0.28208180072928046,0.54
5038,-0.8973288042520123,-0.28301677648721785,0.54
5039,-0.8971655700258442,-0.28375311860670704,0.54
5040,-0.8967396884175812,-0.2845957993636887,0.54
5041,-0.8960226472584929,-0.2854267939953807,0.54
5042,-0.8957529316150582,-0.2863897211243606,0.54
5043,-0.8956389912396113,-0.2875200743928515,0.54
5044,-0.8953254760326131,-0.2883659570958093,0.54
5045,-0.8948006510636348,-0.28922866459094954,0.54
5046,-0.8942834901077253,-0.28990462452461974,0.54
5047,-0.8940699908151641,-0.2907776490688514,0.54
5048,-0.8940149655529694,-0.29159698907976256,0.54
5049,-0.8936969231207966,-0.29233678001665037,0.54
5050,-0.8933683429521132,-0.29285816826108474,0.54
5051,-0.8932077197515582,-0.2937055263732314,0.54
5052,-0.892818402163142,-0.29441641227124693,0.54
5053,-0.892654743505558,-0.29534305667127725,0.54
5054,-0.8922707653575096,-0.29615151504572895,0.54
5055,-0.8916668208688419,-0.29693011757781956,0.54
5056,-0.8914102679671118,-0.2979016662327272,0.54
5057,-0.8911265996267929,-0.29862012023272144,0.54
5058,-0.8906390399984946,-0.2993388127321468,0.54
5059,-0.8905084342924199,-0.3003261825457876,0.54
5060,-0.8901101346698262,-0.30113741042693526,0.54
5061,-0.8899304403956418,-0.3020906339623065,0.54
5062,-0.8895353638117203,-0.30291518950771,0.54
5063,-0.8891753863661209,-0.3034982114377375,0.54
5064,-0.8891159369836126,-0.30395030328599143,0.54
5065,-0.8890868859115586,-0.3047619114168144,0.54
5066,-0.8890153798144061,-0.30534991736349154,0.54
5067,-0.8886777092945541,-0.30606728384618015,0.54
5068,-0.8880285869640958,-0.30676601857684166,0.54
5069,-0.8877626263105026,-0.307666978220403,0.54
5070,-0.8876860604176771,-0.3086750109062314,0.54
5071,-0.8873472788674217,-0.30951540410184925,0.54
5072,-0.8867786775175261,-0.3103564602310503,0.54
5073,-0.8862097696513758,-0.3110227747251896,0.54
5074,-0.8858951948530358,-0.31196483249334206,0.54
5075,-0.8857509622184588,-0.31280275409526104,0.54
5076,-0.885360908124292,-0.31354381726373226,0.54
5077,-0.8849677480388377,-0.31407691202733723,0.54
5078,-0.8848136785134282,-0.31486786067869615,0.54
5079,-0.8844124638694886,-0.315567287522441,0.54
5080,-0.8841856943003213,-0.3161434430819074,0.54
5081,-0.8839645314101033,-0.31651002896410285,0.54
5082,-0.8838625030245316,-0.31732799649421684,0.54
5083,-0.8834983679150602,-0.3180519467400371,0.54
5084,-0.883085074298483,-0.3186383543715044,0.54
5085,-0.8829821285322265,-0.31912518533980094,0.54
5086,-0.882920130369307,-0.3200429448849514,0.54
5087,-0.8825490454530475,-0.32084372040098624,0.54
5088,-0.8821543279272792,-0.3215014152699335,0.54
5089,-0.8818525481739439,-0.3224836913900375,0.54
5090,-0.8813439550987934,-0.32335008782777364,0.54
5091,-0.8810445010579117,-0.3240303857735036,0.54
5092,-0.8807048306303997,-0.3245505751467714,0.54
5093,-0.8804288040857756,-0.32548101525254647,0.54
5094,-0.8799435325367401,-0.3263198056890871,0.54
5095,-0.8792299822668774,-0.3271096041818054,0.54
5096,-0.8788490143137914,-0.3281552960335954,0.54
5097,-0.8784478767357256,-0.3289443643285755,0.54
5098,-0.8783316124471442,-0.3295321169330395,0.54
5099,-0.8779049640663056,-0.33011519898120395,0.54
5100,-0.8774581567345824,-0.3305844245925403,0.54
5101,-0.8772350008102844,-0.3315041415102893,0.54
5102,-0.8770916799048701,-0.3323163300865613,0.54
5103,-0.8769258557797818,-0.3328735722939913,0.54
5104,-0.8764840029453298,-0.33348787587512163,0.54
5105,-0.8762497518258874,-0.3342184494257948,0.54
5106,-0.8759628104068943,-0.33471042261552064,0.54
5107,-0.8758644259643862,-0.3355127504271505,0.54
5108,-0.8754725252853216,-0.33624288740887526,0.54
5109,-0.8749847213563962,-0.33688476891559177,0.54
5110,-0.8748049573468893,-0.337372381127605,0.54
5111,-0.874632774771074,-0.33833325789313323,0.54
5112,-0.8741775367537035,-0.3391817183899158,0.54
5113,-0.8736904551106287,-0.33990367561969476,0.54
5114,-0.8734839228600825,-0.34034209731918547,0.54
5115,-0.8731232328447467,-0.3407539413552086,0.54
5116,-0.8729461910547276,-0.3411044951408838,0.54
5117,-0.8727776980903128,-0.3420299428854716,0.54
5118,-0.8725740122347687,-0.34278187953824346,0.54
5119,-0.8720890945188094,-0.34362153916248916,0.54
5120,-0.871276893644616,-0.34441568250032084,0.54
5121,-0.8709253943674322,-0.34535511317766704,0.54
5122,-0.870615678223027,-0.3465531219025325,0.54
5123,-0.8701266610673001,-0.3474920611730917,0.54
5124,-0.869424195122482,-0.3483554510119965,0.54
5125,-0.8687076175228987,-0.34909739652019006,0.54
5126,-0.8683591160001671,-0.34997738387185784,0.54
5127,-0.868125333125552,-0.35071537115157947,0.54
5128,-0.8676595580582575,-0.3513630177932411,0.54
5129,-0.8672021320430121,-0.3518673654813771,0.54
5130,-0.8668838182120862,-0.352760926285535,0.54
5131,-0.8666344350344578,-0.3535438446371407,0.54
5132,-0.86619978330456,-0.35419182651441206,0.54
5133,-0.8658139432067296,-0.3546489050077269,0.54
5134,-0.8656221598673427,-0.3553432554220511,0.54
5135,-0.8652166747398365,-0.3559633244281698,0.54
5136,-0.8649163902288831,-0.35643757717060925,0.54
5137,-0.8646415197638521,-0.35674339214071177,0.54
5138,-0.8644031340883007,-0.3575416612830054,0.54
5139,-0.8639667404216989,-0.35825620734313524,0.54
5140,-0.863308758101721,-0.35884724184282335,0.54
5141,-0.8629592950827619,-0.35974467282009387,0.54
5142,-0.8625940761921914,-0.36041848650671005,0.54
5143,-0.8624396594143545,-0.3609079814574749,0.54
5144,-0.8619767639372482,-0.36139278101974603,0.54
5145,-0.8616327180393232,-0.36230839350114413,0.54
5146,-0.8613480479633219,-0.3630129042422667,0.54
5147,-0.8608259523514885,-0.36370595723243065,0.54
5148,-0.8604357095916503,-0.3646745877990987,0.54
5149,-0.8598828892899988,-0.36547185894930334,0.54
5150,-0.8594939140782547,-0.36599046146327247,0.54
5151,-0.8591691386134546,-0.3663637262246599,0.54
5152,-0.8590834579844691,-0.3670895221321379,0.54
5153,-0.8587397684553589,-0.36774263913375005,0.54
5154,-0.858312102530327,-0.3682807791780605,0.54
5155,-0.8581042965402366,-0.36862173538219456,0.54
5156,-0.8578913360249785,-0.3694404924762157,0.54
5157,-0.8574529990117736,-0.3701517349803967,0.54
5158,-0.8570207861523921,-0.3707369783181209,0.54
5159,-0.8568008084374467,-0.37110909884661675,0.54
5160,-0.8564548907598808,-0.3714553276733703,0.54
5161,-0.856243525006213,-0.3717482067277768,0.54
5162,-0.8559851007407633,-0.3726298892138115,0.54
5163,-0.855733520430834,-0.37334397371917183,0.54
5164,-0.8552118811430346,-0.37409677367961036,0.54
5165,-0.8548726213172096,-0.3745494057174318,0.54
5166,-0.8544453051362925,-0.3749659994789529,0.54
5167,-0.8540040633419991,-0.3758903341971432,0.54
5168,-0.8533834022685743,-0.37671973938466985,0.54
5169,-0.8529450141695719,-0.377290160913777,0.54
5170,-0.8525065198450322,-0.37779624540267837,0.54
5171,-0.8522589192508455,-0.3786360089137034,0.54
5172,-0.8517661431349611,-0.37941587918381137,0.54
5173,-0.8509971231559847,-0.38009614053323476,0.54
5174,-0.8504111111543379,-0.38112029184908425,0.54
5175,-0.8498733283007968,-0.3819010819080446,0.54
5176,-0.8495930995385774,-0.3824076340411854,0.54
5177,-0.8492443804869944,-0.38285717347291603,0.54
5178,-0.8490508238275578,-0.38315887527399606,0.54
5179,-0.848765977639064,-0.3834644834388048,0.54
5180,-0.8485834638027473,-0.38375179333557946,0.54
5181,-0.8483426570340893,-0.3846134594887192,0.54
5182,-0.8478742856996605,-0.3853713133711598,0.54
5183,-0.847443605064161,-0.3860212773559148,0.54
5184,-0.8468242102611694,-0.38668535253069763,0.54
5185,-0.8465261662061605,-0.38713891000937467,0.54
5186,-0.8461272688279018,-0.3876300525635024,0.54
5187,-0.8457126792601611,-0.3886046922992298,0.54
5188,-0.8453879896660799,-0.3893844662691876,0.54
5189,-0.8448166611705051,-0.39015677711288244,0.54
5190,-0.8439503150679709,-0.39082414326175435,0.54
5191,-0.843267120051892,-0.39181180069169963,0.54
5192,-0.8426976179354542,-0.39252659766312986,0.54
5193,-0.8423793897553292,-0.39298267674291354,0.54
5194,-0.8420057864102422,-0.39338307025898,0.54
5195,-0.8417840121837724,-0.3936819348190882,0.54
5196,-0.8414974641652835,-0.39450550458926725,0.54
5197,-0.841034567942333,-0.39520390265553274,0.54
5198,-0.8406321973396561,-0.39576865528923644,0.54
5199,-0.8399708935096597,-0.39623436558833136,0.54
5200,-0.8397324125747891,-0.3969586445851513,0.54
5201,-0.8394243907408604,-0.3975313192337989,0.54
5202,-0.839138453683923,-0.39792317591839454,0.54
5203,-0.8385743303474134,-0.39829630138407773,0.54
5204,-0.8380843138102687,-0.3991353955687842,0.54
5205,-0.8376229977830479,-0.39982003707429414,0.54
5206,-0.8372791022705363,-0.4003515554357587,0.54
5207,-0.8366870154513134,-0.4008551998278186,0.54
5208,-0.8361363522092657,-0.4017465099683587,0.54
5209,-0.8354466266893409,-0.4024401222972004,0.54
5210,-0.834863731850173,-0.4034148967140932,0.54
5211,-0.8342045348499878,-0.40414980459349514,0.54
5212,-0.8336373257838438,-0.40472518138031255,0.54
5213,-0.8333435849402001,-0.40497357541953827,0.54
5214,-0.832996258930631,-0.40569467564893813,0.54
5215,-0.8327774653272276,-0.40619686390623366,0.54
5216,-0.8323690631144411,-0.40663841074222623,0.54
5217,-0.8320776304092137,-0.4068631907947523,0.54
5218,-0.8318078869080295,-0.4070078832597092,0.54
5219,-0.8314967684594936,-0.40768527899263146,0.54
5220,-0.8310319998549555,-0.4082300081461868,0.54
5221,-0.8306224155598685,-0.40864167237143106,0.54
5222,-0.830284428167844,-0.4089541483357672,0.54
5223,-0.8298629718671867,-0.4097680990481948,0.54
5224,-0.8293027606018429,-0.41044199253570407,0.54
5225,-0.828554882256859,-0.41094483972503526,0.54
5226,-0.8279134340663342,-0.4118622757963189,0.54
5227,-0.8273701790293146,-0.4125409122983156,0.54
5228,-0.8270476925516577,-0.4129541324355083,0.54
5229,-0.8264733579911465,-0.4132845605202551,0.54
5230,-0.8259421052309579,-0.4141002790977438,0.54
5231,-0.8255792383207545,-0.4147090670621793,0.54
5232,-0.8250304950271278,-0.4152096913908771,0.54
5233,-0.8245367686080887,-0.4160549299330327,0.54
5234,-0.8239672814875201,-0.41662750327176773,0.54
5235,-0.8234943813726572,-0.41696530399902765,0.54
5236,-0.8231649002651442,-0.41719178098704623,0.54
5237,-0.822785581006279,-0.4179257284523329,0.54
5238,-0.8223002739612663,-0.418474144914166,0.54
5239,-0.8218339307968907,-0.41932763984101123,0.54
5240,-0.8212973563392726,-0.4199480365975334,0.54
5241,-0.8208327827028893,-0.42041777315372025,0.54
5242,-0.8205476122929386,-0.42060374474369966,0.54
5243,-0.8201674952191306,-0.42125055438414477,0.54
5244,-0.8196753708980522,-0.4217408209199844,0.54
5245,-0.8192922675883777,-0.42212956874960456,0.54
5246,-0.8190501708811047,-0.4222865500670887,0.54
5247,-0.8187832883238115,-0.42243270613843636,0.54
5248,-0.8185396320319301,-0.4225480894079481,0.54
5249,-0.8182003366415854,-0.42324292029235444,0.54
5250,-0.8179890709724335,-0.42377403609287506,0.54
5251,-0.8175531921628116,-0.42425446808765,0.54
5252,-0.8171949544484727,-0.4244863107534759,0.54
5253,-0.8167959875021867,-0.42473747883083274,0.54
5254,-0.8162626084850253,-0.42551758535370426,0.54
5255,-0.8156019266392949,-0.4261545666823848,0.54
5256,-0.8150538029854826,-0.4265645619044697,0.54
5257,-0.8145546640164648,-0.4269680373299686,0.54
5258,-0.8139348794176513,-0.42785413847004583,0.54
5259,-0.8132378062999096,-0.4285558977775929,0.54
5260,-0.8126997760390547,-0.42894398968362607,0.54
5261,-0.8122374938726011,-0.42932774017996456,0.54
5262,-0.8116591615035312,-0.430155307175919,0.54
5263,-0.8110156390681694,-0.4307953308431741,0.54
5264,-0.8102265625535693,-0.43123975405639026,0.54
5265,-0.8095198671863706,-0.43208236524246957,0.54
5266,-0.808910923643891,-0.4331218039269347,0.54
5267,-0.8083070538635054,-0.43385229684092874,0.54
5268,-0.8078451247039419,-0.4344102097828885,0.54
5269,-0.8072451900566094,-0.4347589754059919,0.54
5270,-0.806791122270459,-0.434819567151856,0.54
5271,-0.806326284826791,-0.43538815129215297,0.54
5272,-0.8060880696857154,-0.4357381961112972,0.54
5273,-0.8058257356664051,-0.43606154314332124,0.54
5274,-0.8056523647502979,-0.43627442548866396,0.54
5275,-0.8052740687746403,-0.43655702868260854,0.54
5276,-0.8050434424963641,-0.4367337626802803,0.54
5277,-0.8045558035757656,-0.43685400592327234,0.54
5278,-0.8040100247165356,-0.4375149502272481,0.54
5279,-0.8034796263116472,-0.4384640136091584,0.54
5280,-0.8028897286459329,-0.439172578401205,0.54
5281,-0.8021723822698835,-0.4396615834973705,0.54
5282,-0.8014693547419909,-0.4400892738188158,0.54
5283,-0.8008117698808472,-0.4408541889449059,0.54
5284,-0.8002291744490383,-0.44141817732192173,0.54
5285,-0.7995571215210924,-0.44175991217411836,0.54
5286,-0.7988949878888364,-0.44245428987300495,0.54
5287,-0.7984903660753088,-0.44295318199666656,0.54
5288,-0.7979719883764578,-0.4433002562437618,0.54
5289,-0.7975522994195369,-0.4433833844648549,0.54
5290,-0.7970635848375842,-0.44392979749473843,0.54
5291,-0.7968626568082271,-0.4442797841702381,0.54
5292,-0.7964971412901533,-0.4445163864592314,0.54
5293,-0.79610683640958,-0.4450619787989289,0.54
5294,-0.7956122149287873,-0.44539108544453254,0.54
5295,-0.7951833284129719,-0.44561432152603714,0.54
5296,-0.7947955642721577,-0.44572574395291165,0.54
5297,-0.7943127506751435,-0.44633916537527696,0.54
5298,-0.7937481378158735,-0.4467585874049811,0.54
5299,-0.7932883952695423,-0.44711354115214147,0.54
5300,-0.7929200134108835,-0.44725163819611546,0.54
5301,-0.7923723953071138,-0.44788878638610746,0.54
5302,-0.7917618849843788,-0.4483577147481382,0.54
5303,-0.7912805639397639,-0.44878642082190795,0.54
5304,-0.7907751558451106,-0.4494951232293414,0.54
5305,-0.7902002158124823,-0.4499788760473807,0.54
5306,-0.7896644380778552,-0.4502217007137873,0.54
5307,-0.7892373447216927,-0.45041272386777326,0.54
5308,-0.7888207918064836,-0.45046964460902705,0.54
5309,-0.788263191453101,-0.4510435268381507,0.54
5310,-0.7879801195957024,-0.45149637961243244,0.54
5311,-0.787539729218456,-0.4518621976963495,0.54
5312,-0.7871357946447252,-0.4519477771384529,0.54
5313,-0.7867807811965944,-0.45207244896681725,0.54
5314,-0.7863076034501548,-0.4526595728641446,0.54
5315,-0.7857374871880799,-0.4530765913114678,0.54
5316,-0.785164028637725,-0.4533231815705048,0.54
5317,-0.7847147875262678,-0.45356919084248704,0.54
5318,-0.7841606796309216,-0.45425575050344297,0.54
5319,-0.7835251324156975,-0.45475836329943303,0.54
5320,-0.7829323506798244,-0.4550039976786553,0.54
5321,-0.7824523379405444,-0.4552814328996868,0.54
5322,-0.7819124900118357,-0.45595322654769277,0.54
5323,-0.7812926530723716,-0.45643226600855485,0.54
5324,-0.7807127019307589,-0.456639264455263,0.54
5325,-0.7802692371788357,-0.4568700323293123,0.54
5326,-0.7797686461175773,-0.45748756142829045,0.54
5327,-0.7791912576677343,-0.4579167589848631,0.54
5328,-0.7786244403765628,-0.4581038440921069,0.54
5329,-0.7782115103232706,-0.458306793171115,0.54
5330,-0.7777310234103584,-0.4588979256861623,0.54
5331,-0.7771694722061728,-0.4593074464771915,0.54
5332,-0.7765941657156874,-0.4599670838073674,0.54
5333,-0.7759637437273712,-0.46041144785417215,0.54
5334,-0.7752031359637069,-0.460633841173727,0.54
5335,-0.774601158905178,-0.4611579970787665,0.54
5336,-0.774119957094996,-0.4615467354302054,0.54
5337,-0.7735809756779866,-0.46218282686452566,0.54
5338,-0.7730162727572468,-0.46261147059397756,0.54
5339,-0.7724468905223398,-0.46281402424774565,0.54
5340,-0.7717349297967251,-0.4628732136360158,0.54
5341,-0.7711716735131687,-0.4629781490931484,0.54
5342,-0.770631984735082,-0.46353510428109945,0.54
5343,-0.7700280726481251,-0.4643608660844152,0.54
5344,-0.7694313779680115,-0.4649032506687382,0.54
5345,-0.7687857286754055,-0.46519358123080423,0.54
5346,-0.7682651951449021,-0.4656841185858233,0.54
5347,-0.7676517748974273,-0.46591274544122074,0.54
5348,-0.76710966075661,-0.4663649416116877,0.54
5349,-0.766729524265792,-0.4666760013743024,0.54
5350,-0.7662407039618645,-0.466822238670088,0.54
5351,-0.7657037263413639,-0.4668021649210559,0.54
5352,-0.7651189285955834,-0.4671923290097497,0.54
5353,-0.7648240692025476,-0.46744720023140807,0.54
5354,-0.7644040483321045,-0.46759171102899205,0.54
5355,-0.7639426145592346,-0.46759099677843796,0.54
5356,-0.763398181853095,-0.46799550618616426,0.54
5357,-0.7631133154168532,-0.46830261145032864,0.54
5358,-0.7626702072929763,-0.46849545398473125,0.54
5359,-0.76228207721189,-0.468915719715364,0.54
5360,-0.76174276608329,-0.4691453323181175,0.54
5361,-0.7612235605333824,-0.4695943206956241,0.54
5362,-0.7606008023020638,-0.46984774939717505,0.54
5363,-0.7600142846159877,-0.47009290789932306,0.54
5364,-0.7594564717351574,-0.47011940183370887,0.54
5365,-0.7588173229997984,-0.47057479632514876,0.54
5366,-0.7581344765198497,-0.4708740624584356,0.54
5367,-0.7575683466837895,-0.4711884005291586,0.54
5368,-0.7570906001851906,-0.4717201100129826,0.54
5369,-0.7565293961150265,-0.4720810373335422,0.54
5370,-0.7558849728660436,-0.4722876975674074,0.54
5371,-0.7553177756883616,-0.472515390300712,0.54
5372,-0.7548063670740245,-0.4725226213400573,0.54
5373,-0.7542257708602473,-0.47293196143425364,0.54
5374,-0.7538367368686183,-0.47325762881121464,0.54
5375,-0.7533187680846616,-0.4734657919585547,0.54
5376,-0.7527853254416246,-0.47350085434674893,0.54
5377,-0.7521911515933482,-0.47390743529372176,0.54
5378,-0.7517970694276582,-0.474241304991431,0.54
5379,-0.7512549693354471,-0.47445424596462904,0.54
5380,-0.7506998907538334,-0.4744457316398186,0.54
5381,-0.7501030282683978,-0.47481647685461686,0.54
5382,-0.7497075001318981,-0.47515004651357007,0.54
5383,-0.7491523135088672,-0.47536648835642537,0.54
5384,-0.7486992992220729,-0.4757755886836274,0.54
5385,-0.7481130478345055,-0.47597865109591114,0.54
5386,-0.7475671425769728,-0.4763817701765356,0.54
5387,-0.7468995949983243,-0.47659474148484327,0.54
5388,-0.7462537468589705,-0.47682102809804744,0.54
5389,-0.7456215931362882,-0.4768112447021841,0.54
5390,-0.744943234678075,-0.47721504487606276,0.54
5391,-0.7444529352484311,-0.47756215017951614,0.54
5392,-0.7438473477128371,-0.4778065244960287,0.54
5393,-0.7432070711782892,-0.47783197142200645,0.54
5394,-0.7425508526509822,-0.47822860128338524,0.54
5395,-0.7420898049807266,-0.47858530590193493,0.54
5396,-0.7414994570971989,-0.4788225591508282,0.54
5397,-0.7408819236516976,-0.4787848920740265,0.54
5398,-0.7403399877807603,-0.47883546141927663,0.54
5399,-0.7398587155171035,-0.4792779781037831,0.54
5400,-0.7392516663644182,-0.47958884845629723,0.54
5401,-0.7385654568791278,-0.4797552413183399,0.54
5402,-0.7379853511122648,-0.47996131762005906,0.54
5403,-0.7374678814722399,-0.4804146925102612,0.54
5404,-0.7368405120531184,-0.4806872472868879,0.54
5405,-0.7361256424872015,-0.4808113825834023,0.54
5406,-0.735508138828694,-0.4809854513383298,0.54
5407,-0.734982235837676,-0.4814077364506927,0.54
5408,-0.7343396142879275,-0.48166431403544097,0.54
5409,-0.733625123605472,-0.48176307016473485,0.54
5410,-0.7330105257104534,-0.48191442875102136,0.54
5411,-0.7325166778838988,-0.4823356535690086,0.54
5412,-0.7318857877659968,-0.4825910968056846,0.54
5413,-0.7311865149099647,-0.4826735985529538,0.54
5414,-0.7306619993175325,-0.48276381458330936,0.54
5415,-0.730190110903545,-0.48312246257621033,0.54
5416,-0.7295610142762178,-0.48335218005384745,0.54
5417,-0.728868471896933,-0.4834247650227808,0.54
5418,-0.7282837542036981,-0.4835476202902125,0.54
5419,-0.7277858606840358,-0.4839167954692149,0.54
5420,-0.7271330811277101,-0.48414963981584186,0.54
5421,-0.7264254522363919,-0.4842178093494034,0.54
5422,-0.7258333083414266,-0.48433630684342865,0.54
5423,-0.7254001194743054,-0.4847064834926078,0.54
5424,-0.7247861358867973,-0.4849250864512413,0.54
5425,-0.7241022154788468,-0.4849715510631989,0.54
5426,-0.7235215379660312,-0.4850680529595518,0.54
5427,-0.7230230013526219,-0.4854085480560864,0.54
5428,-0.722352717570233,-0.48562256668448006,0.54
5429,-0.7218749190836844,-0.4857957847971025,0.54
5430,-0.7212840643333887,-0.48580174408377635,0.54
5431,-0.7205820260655326,-0.4857220914889396,0.54
5432,-0.7200517254720179,-0.48592137487748444,0.54
5433,-0.7196495655548636,-0.4861369434261903,0.54
5434,-0.7191685674200151,-0.48639204673596104,0.54
5435,-0.7186351891006532,-0.48644498183444873,0.54
5436,-0.7178358454754211,-0.48652400883822916,0.54
5437,-0.7175367857683959,-0.48670585370263203,0.54
5438,-0.7170448724208948,-0.486711244548385,0.54
5439,-0.7164785411767236,-0.4869718554875976,0.54
5440,-0.7158432289070215,-0.48714691407325,0.54
5441,-0.7152631596833019,-0.48739686749035976,0.54
5442,-0.7146374178932071,-0.48733688988477625,0.54
5443,-0.7143533193746204,-0.4874866976332861,0.54
5444,-0.7138912374541647,-0.48744357972866137,0.54
5445,-0.713116244150721,-0.4874178303051951,0.54
5446,-0.7125233330139634,-0.48749207850355813,0.54
5447,-0.711961319719717,-0.4878140368755701,0.54
5448,-0.7113014678399378,-0.4880132395081188,0.54
5449,-0.710603378820845,-0.48825965053430004,0.54
5450,-0.7098523135223826,-0.4882650808373721,0.54
5451,-0.7091163852253625,-0.48857994764210555,0.54
5452,-0.7083199541088536,-0.4887483186351694,0.54
5453,-0.707588963609021,-0.488965361939926,0.54
5454,-0.706832318672823,-0.48892497085552067,0.54
5455,-0.7061304415093863,-0.4892008325984898,0.54
5456,-0.7056005247659737,-0.4894632938331411,0.54
5457,-0.7049697972964258,-0.4895968828129346,0.54
5458,-0.7042302067603841,-0.48951385585308,0.54
5459,-0.7035712683153394,-0.4897155793984252,0.54
5460,-0.7031132025896317,-0.4899127667118793,0.54
5461,-0.7025361080871768,-0.4899858299671025,0.54
5462,-0.7018279381180336,-0.48984600170507414,0.54
5463,-0.701190652634313,-0.49000436673077763,0.54
5464,-0.7007671697238436,-0.49018076623342033,0.54
5465,-0.7002085058925225,-0.49023699706451024,0.54
5466,-0.6997806380410143,-0.49047439256650066,0.54
5467,-0.699184435866901,-0.49051831570413573,0.54
5468,-0.6986728709463452,-0.49068638645821916,0.54
5469,-0.698017226482558,-0.49068821014723807,0.54
5470,-0.6973665814032947,-0.49072406148174863,0.54
5471,-0.6968259369413665,-0.490939149659434,0.54
5472,-0.6960698195365599,-0.49106935238653127,0.54
5473,-0.6952411877513026,-0.491066426199606,0.54
5474,-0.6945032589502953,-0.49111908691688694,0.54
5475,-0.6939179625930101,-0.49137257055803363,0.54
5476,-0.6931451613055811,-0.49150833266803123,0.54
5477,-0.6923085416563433,-0.49150322840166544,0.54
5478,-0.6921123419457441,-0.4916948753292187,0.54
5479,-0.6917111855447403,-0.4915861355361749,0.54
5480,-0.691214107595395,-0.4916894087373707,0.54
5481,-0.6905878442767347,-0.4916888368684775,0.54
5482,-0.6899761821179364,-0.4917281708243746,0.54
5483,-0.6892314401055792,-0.49162796777048723,0.54
5484,-0.6885180557926658,-0.49179985548245014,0.54
5485,-0.6877474415385243,-0.4918698865753699,0.54
5486,-0.6870486641870291,-0.49200063949001027,0.54
5487,-0.6864989801246052,-0.49224773543089395,0.54
5488,-0.6857392094519433,-0.4923477632244814,0.54
5489,-0.6849100802709474,-0.4923129485867444,0.54
5490,-0.6841797132336747,-0.49232847226250526,0.54
5491,-0.6836484124051486,-0.49248316214096005,0.54
5492,-0.6828832749438359,-0.49253185412946043,0.54
5493,-0.6820631541623405,-0.49244255433688594,0.54
5494,-0.6813764190436548,-0.49241128933245437,0.54
5495,-0.6809227338113462,-0.4925448156115378,0.54
5496,-0.6802169881500497,-0.49259176871728977,0.54
5497,-0.6796863757936759,-0.49262289089334693,0.54
5498,-0.6789974413842534,-0.4925231190290145,0.54
5499,-0.6784471029081006,-0.4925048888714543,0.54
5500,-0.6777513713996399,-0.49237580922124446,0.54
5501,-0.6771097591210536,-0.4925031555341984,0.54
5502,-0.6764410018121371,-0.49255821073203765,0.54
5503,-0.6758712439237698,-0.49267696768461483,0.54
5504,-0.6754491979407298,-0.4928435671937845,0.54
5505,-0.6747714668875641,-0.49286592089806197,0.54
5506,-0.6740254591426644,-0.49277430541188894,0.54
5507,-0.6733827688109026,-0.49273488064312676,0.54
5508,-0.6729117379605408,-0.4928115700151816,0.54
5509,-0.6721650817844312,-0.492808453237317,0.54
5510,-0.6713562646729468,-0.4926923737318963,0.54
5511,-0.6706635153991022,-0.4926513740407557,0.54
5512,-0.6701106076175877,-0.4928589526435171,0.54
5513,-0.6693260340884661,-0.49292478770578313,0.54
5514,-0.6687051531258288,-0.492974163153049,0.54
5515,-0.6679344032083466,-0.49285892134943216,0.54
5516,-0.6673025359438823,-0.4928322589659216,0.54
5517,-0.666533838675218,-0.49267919571016544,0.54
5518,-0.6658683873328032,-0.4927569756981003,0.54
5519,-0.6651829710279672,-0.4927696666998489,0.54
5520,-0.6645965086434119,-0.4928498679962505,0.54
5521,-0.6641588728720446,-0.4930165294434938,0.54
5522,-0.6634576744265206,-0.4930248355481165,0.54
5523,-0.662701788963565,-0.4929040449220097,0.54
5524,-0.6620538188389542,-0.4928201437099538,0.54
5525,-0.6615866117458988,-0.4928389224035958,0.54
5526,-0.6608243115316632,-0.4927980777584921,0.54
5527,-0.6600114459300213,-0.4926459937832117,0.54
5528,-0.6593351607575183,-0.4925590111764863,0.54
5529,-0.6588145634334674,-0.4926484134222625,0.54
5530,-0.6580308369313049,-0.49265249673313544,0.54
5531,-0.657196787967209,-0.4925325290916182,0.54
5532,-0.6570108318733908,-0.492669226423031,0.54
5533,-0.6565566745332595,-0.4925186810912957,0.54
5534,-0.6560442789519509,-0.49250863502336495,0.54
5535,-0.6554028548396645,-0.49241638882754507,0.54
5536,-0.6547412579183616,-0.4923747911314961,0.54
5537,-0.6538953995506941,-0.49221412991327723,0.54
5538,-0.6531233644310862,-0.4923425735649817,0.54
5539,-0.6523000106703049,-0.4923464347852403,0.54
5540,-0.651511564776633,-0.4923946302165604,0.54
5541,-0.6509775810942753,-0.4925088495324478,0.54
5542,-0.650159075521254,-0.492489754514798,0.54
5543,-0.6492783712829129,-0.4923353583224895,0.54
5544,-0.6484833042584891,-0.4922272152886851,0.54
5545,-0.6479254239073685,-0.49222622287831314,0.54
5546,-0.6470798226858481,-0.4921639165449739,0.54
5547,-0.6462026746879194,-0.49197285607526475,0.54
5548,-0.6459777762808028,-0.49201431246991006,0.54
5549,-0.6455088690798145,-0.4918345380758504,0.54
5550,-0.6450093159451511,-0.49177081894655683,0.54
5551,-0.6443810747056286,-0.4916189244349301,0.54
5552,-0.6434534766548333,-0.49140144983278583,0.54
5553,-0.6427240345763158,-0.49129763646697494,0.54
5554,-0.6421573908115527,-0.49132326886806893,0.54
5555,-0.6414890306966273,-0.4912476192024698,0.54
5556,-0.6410503433886086,-0.4912161141343541,0.54
5557,-0.6404305906075526,-0.491058356100135,0.54
5558,-0.6397276001749083,-0.49093763348446373,0.54
5559,-0.6391995654975273,-0.4908928689859159,0.54
5560,-0.6383364167371642,-0.4908132497779355,0.54
5561,-0.6374151785185851,-0.49062202074374284,0.54
5562,-0.6367812719977609,-0.4905049606279662,0.54
5563,-0.6361724293913437,-0.4904616160383439,0.54
5564,-0.6354390388375117,-0.490319844406972,0.54
5565,-0.6344731259073637,-0.4900187400169623,0.54
5566,-0.6337357887111891,-0.4899173646744125,0.54
5567,-0.6331119338942003,-0.48989584699155586,0.54
5568,-0.6323861013948096,-0.48979476036369834,0.54
5569,-0.6318948041672123,-0.4897799548051094,0.54
5570,-0.6310842143122977,-0.48966164803831597,0.54
5571,-0.6304137248356781,-0.4896026856749451,0.54
5572,-0.6296464374827516,-0.48944661598865,0.54
5573,-0.6291933570561864,-0.4893962499760372,0.54
5574,-0.628385369472898,-0.4892488473456549,0.54
5575,-0.6277010779230019,-0.48914539835946486,0.54
5576,-0.6269122234948719,-0.48894600375588204,0.54
5577,-0.6263891673304326,-0.48886052526441015,0.54
5578,-0.6255302381448906,-0.48870186033159,0.54
5579,-0.624811318694265,-0.4886043732115049,0.54
5580,-0.6239948681972812,-0.4884135963617017,0.54
5581,-0.6234579272276868,-0.4883441448920013,0.54
5582,-0.6225966777952754,-0.4881844276672249,0.54
5583,-0.6218748567135637,-0.4880843112118042,0.54
5584,-0.6210589439995262,-0.48788672396877014,0.54
5585,-0.6205143381188283,-0.48786394684175266,0.54
5586,-0.6199103178368954,-0.4878974537337478,0.54
5587,-0.6192445562899289,-0.4878449337409373,0.54
5588,-0.6184390628285783,-0.4876166171882609,0.54
5589,-0.6180023251085888,-0.4874253680508154,0.54
5590,-0.6174091215015234,-0.487235127536761,0.54
5591,-0.6165912370158643,-0.48691578453628376,0.54
5592,-0.6156619901033193,-0.48654638156439306,0.54
5593,-0.6150263835527537,-0.4863702690191313,0.54
5594,-0.6143912990504117,-0.48626245836812115,0.54
5595,-0.61359537045418,-0.4860161508777086,0.54
5596,-0.6128559522333684,-0.48587878301745596,0.54
5597,-0.6120020074089899,-0.48564402744038226,0.54
5598,-0.6112971708157889,-0.48559586660501236,0.54
5599,-0.6105502121713687,-0.48552535591240364,0.54
5600,-0.6098720979473666,-0.4854620878043739,0.54
5601,-0.6090582879797329,-0.4851675178305609,0.54
5602,-0.6084198608615018,-0.4850264769612801,0.54
5603,-0.6077041789355027,-0.48485358471822826,0.54
5604,-0.6069796879966812,-0.48473254048316344,0.54
5605,-0.6065193004583427,-0.48464544117434316,0.54
5606,-0.6057621527387496,-0.48448394960964286,0.54
5607,-0.6049403667996636,-0.4842602520367715,0.54
5608,-0.6041445209362957,-0.48406759540971817,0.54
5609,-0.6035802738076406,-0.48397388263301533,0.54
5610,-0.6027430682957031,-0.483820840133967,0.54
5611,-0.6018525908502169,-0.4835959518651126,0.54
5612,-0.6009931012133651,-0.48341466160373403,0.54
5613,-0.6003884176230796,-0.48334514790049715,0.54
5614,-0.5995307190347643,-0.48319792768707176,0.54
5615,-0.5986303284124765,-0.48295881462896245,0.54
5616,-0.5977797660103459,-0.4827674558642138,0.54
5617,-0.5971873320147646,-0.4826850670450095,0.54
5618,-0.596337076062152,-0.482526611112194,0.54
5619,-0.5954581051449886,-0.48225788202237296,0.54
5620,-0.594707356457003,-0.48203748767542126,0.54
5621,-0.5941973341177521,-0.4819505928403408,0.54
5622,-0.5934057359820938,-0.48179716879144596,0.54
5623,-0.5925794013084237,-0.4815200750892692,0.54
5624,-0.5920341041313322,-0.48128692278186397,0.54
5625,-0.5914702208296182,-0.4810745956969308,0.54
5626,-0.5908139110098755,-0.48078921604302943,0.54
5627,-0.5898927321906537,-0.48039265079292603,0.54
5628,-0.589216370644833,-0.48013508655758086,0.54
5629,-0.5886267936196247,-0.4799075377355513,0.54
5630,-0.5879901411682601,-0.4796273827459995,0.54
5631,-0.5875666561971122,-0.4794335688560689,0.54
5632,-0.5867666236204946,-0.4791824932893731,0.54
5633,-0.5858887810923534,-0.47886923069854465,0.54
5634,-0.5850657488777186,-0.4786258712487168,0.54
5635,-0.5845062137363582,-0.4784674246887478,0.54
5636,-0.5839171477853257,-0.47836584039442526,0.54
5637,-0.5832828198485938,-0.47822880946737917,0.54
5638,-0.5825016546775201,-0.4779365981598646,0.54
5639,-0.5820537196023149,-0.4776719303820744,0.54
5640,-0.5813808402006285,-0.4773693355610715,0.54
5641,-0.580556108992011,-0.4770375271713921,0.54
5642,-0.5794346346934157,-0.4767040569203296,0.54
5643,-0.5785318216976463,-0.47644940546795717,0.54
5644,-0.577596756992118,-0.4761564049790634,0.54
5645,-0.5769993010405482,-0.4760281330196425,0.54
5646,-0.5763964833934594,-0.4759438232036736,0.54
5647,-0.5757196987085448,-0.4757996784511238,0.54
5648,-0.5748845739697787,-0.47547879765355366,0.54
5649,-0.5744297797431223,-0.4751893240237621,0.54
5650,-0.5737898537477276,-0.4748598899172017,0.54
5651,-0.5732729642652046,-0.47458280006376896,0.54
5652,-0.5726325484993765,-0.4742740752396411,0.54
5653,-0.5716588462533291,-0.47389239088509577,0.54
5654,-0.5707952895261278,-0.47361504243907265,0.54
5655,-0.5698470680259209,-0.47329034998959163,0.54
5656,-0.5691309086099969,-0.4730515198113753,0.54
5657,-0.568330620143785,-0.47280088851951113,0.54
5658,-0.5674832781060452,-0.47258988434351534,0.54
5659,-0.5668916956337122,-0.4724217075309184,0.54
5660,-0.566036730724017,-0.4721429321525454,0.54
5661,-0.565131141596343,-0.4718227779420593,0.54
5662,-0.5642501660967615,-0.47150868347736796,0.54
5663,-0.5636903946403197,-0.4713127191628208,0.54
5664,-0.5628427772805747,-0.47104974787568554,0.54
5665,-0.5619497711003555,-0.470707784428163,0.54
5666,-0.5610901939665028,-0.47035076622967475,0.54
5667,-0.5605039672841815,-0.4701109449695828,0.54
5668,-0.5596325958443078,-0.4698436637619394,0.54
5669,-0.5587252899853926,-0.4695008595989585,0.54
5670,-0.557859079518425,-0.4692010131666672,0.54
5671,-0.5572716811011733,-0.4689954354299121,0.54
5672,-0.556403721975624,-0.4687323226493481,0.54
5673,-0.5554998562292403,-0.468374209497921,0.54
5674,-0.5546464844575436,-0.4680025366233245,0.54
5675,-0.5540693379618077,-0.4677575110424879,0.54
5676,-0.5532134383330295,-0.46748010127539974,0.54
5677,-0.5523329742446218,-0.4671171385765135,0.54
5678,-0.5515806977051478,-0.46685837913191774,0.54
5679,-0.5510824735529221,-0.4666822389712383,0.54
5680,-0.5502669499655024,-0.4664137862695022,0.54
5681,-0.5494024775799858,-0.4660162574940898,0.54
5682,-0.5485828773342311,-0.46557869848650046,0.54
5683,-0.5480227437185303,-0.46526988143382575,0.54
5684,-0.5471638489710581,-0.46496017675492457,0.54
5685,-0.5462845322551939,-0.464562677343614,0.54
5686,-0.5454662994212711,-0.4641474258579421,0.54
5687,-0.5449496055435666,-0.46386666878219546,0.54
5688,-0.5441204661762592,-0.4635691568141193,0.54
5689,-0.5433844399117449,-0.46322188127987873,0.54
5690,-0.5424706818576198,-0.46282854437927695,0.54
5691,-0.5415521917258354,-0.46239483047888064,0.54
5692,-0.5410111297828294,-0.4620390240619661,0.54
5693,-0.5404216880518518,-0.46168773958971454,0.54
5694,-0.5396232029039701,-0.46123374187974137,0.54
5695,-0.5388946763623942,-0.46082453091525755,0.54
5696,-0.5380721346842814,-0.4604328192150478,0.54
5697,-0.5369933223387564,-0.4600500471473651,0.54
5698,-0.53619451657162,-0.4597014832930457,0.54
5699,-0.5354223597894215,-0.45940225421587544,0.54
5700,-0.5345733519657779,-0.45903448363459853,0.54
5701,-0.5335020500243846,-0.458701684672529,0.54
5702,-0.5327353084155444,-0.45844079017030764,0.54
5703,-0.5322085016862046,-0.45833387724520447,0.54
5704,-0.5316238722609011,-0.45815376974036126,0.54
5705,-0.5308584381462523,-0.4577479855849366,0.54
5706,-0.5304816985358973,-0.45738079266135045,0.54
5707,-0.5300631483932492,-0.45700685291886106,0.54
5708,-0.529519407841897,-0.4565550049106713,0.54
5709,-0.5288817266156699,-0.4561037077592814,0.54
5710,-0.5279235078895144,-0.4556233756924222,0.54
5711,-0.5266690541621336,-0.4551401383613056,0.54
5712,-0.525714129991389,-0.4547418752855902,0.54
5713,-0.5250688244755342,-0.4544333053920545,0.54
5714,-0.5243470818083117,-0.45412939280367615,0.54
5715,-0.5235894276056243,-0.45376850531804885,0.54
5716,-0.5227538705091987,-0.45335860762824587,0.54
5717,-0.5223165680320485,-0.4529663113202037,0.54
5718,-0.5216555082542329,-0.4524834334452945,0.54
5719,-0.5208555789728622,-0.4519448177523173,0.54
5720,-0.5202979497446816,-0.45155187587089096,0.54
5721,-0.519398545544129,-0.4511715791441963,0.54
5722,-0.5184253915404059,-0.4507378272933581,0.54
5723,-0.5178064651943642,-0.4503456658461508,0.54
5724,-0.5170825807374254,-0.4499661958270756,0.54
5725,-0.5162538500357351,-0.4495585053887636,0.54
5726,-0.5151889393359449,-0.449021706581245,0.54
5727,-0.5144789353668078,-0.4486017390431611,0.54
5728,-0.5137368024740816,-0.44820844712511976,0.54
5729,-0.512911472345785,-0.44781469432390303,0.54
5730,-0.5123880132799901,-0.4474953702452252,0.54
5731,-0.5115111848550808,-0.44708940508694267,0.54
5732,-0.5105364358657464,-0.44662900855323545,0.54
5733,-0.5096335558890499,-0.44626680945044195,0.54
5734,-0.5090751351665428,-0.4459659869868831,0.54
5735,-0.5085328923671295,-0.44566101433665234,0.54
5736,-0.5078717485517883,-0.44531558184026565,0.54
5737,-0.5070084796933185,-0.44480706060445835,0.54
5738,-0.5064265507049591,-0.44432091061252127,0.54
5739,-0.5058909402886536,-0.44385202587414335,0.54
5740,-0.5051665915846185,-0.443380128144521,0.54
5741,-0.5042945553017135,-0.4428735909446105,0.54
5742,-0.503247661560314,-0.44225928149347676,0.54
5743,-0.5025272604780716,-0.44176266558382193,0.54
5744,-0.501690048982132,-0.4413146188816852,0.54
5745,-0.5007811478616657,-0.4409352273441155,0.54
5746,-0.499905082880644,-0.4404932417821858,0.54
5747,-0.4992603761441515,-0.4401047489743015,0.54
5748,-0.49847452477284787,-0.4396885006035813,0.54
5749,-0.4975948876135086,-0.4392692874423853,0.54
5750,-0.4964922609633149,-0.43872042387899624,0.54
5751,-0.495768842685748,-0.43831477009008624,0.54
5752,-0.4949666130383059,-0.43790075614894153,0.54
5753,-0.49408240766098244,-0.437488310471981,0.54
5754,-0.49299617004809443,-0.4369280336169496,0.54
5755,-0.49228358369404085,-0.43647550982777195,0.54
5756,-0.4915256744939925,-0.4360345580639851,0.54
5757,-0.49068252156154074,-0.435598289574261,0.54
5758,-0.48963613728473127,-0.4350120662465834,0.54
5759,-0.4889839271128836,-0.43456441575696325,0.54
5760,-0.4882946891170554,-0.4341104395763218,0.54
5761,-0.487503718247658,-0.4336548892456875,0.54
5762,-0.48697808396461806,-0.4332672099694664,0.54
5763,-0.4861032676088361,-0.432787116227563,0.54
5764,-0.48528006025070314,-0.43234266696238627,0.54
5765,-0.48437593628954545,-0.431858568720756,0.54
5766,-0.4837810075608213,-0.43143978130656635,0.54
5767,-0.48284518124898135,-0.4309289228835909,0.54
5768,-0.48196614329653703,-0.43040210538541385,0.54
5769,-0.4810162829566672,-0.42986854063296687,0.54
5770,-0.48049971793241364,-0.42945324209535185,0.54
5771,-0.47963357377094334,-0.428954122577396,0.54
5772,-0.478892338975598,-0.42861169724377,0.54
5773,-0.47799671482840167,-0.42814919544143176,0.54
5774,-0.4773427510858171,-0.4278666776679604,0.54
5775,-0.47636304549931713,-0.4273820696194132,0.54
5776,-0.47544091254225324,-0.4268173497663277,0.54
5777,-0.4744465114286249,-0.42620817543007977,0.54
5778,-0.4738662582701778,-0.4257620124574867,0.54
5779,-0.4729520875487099,-0.4252124748822811,0.54
5780,-0.47209039906564243,-0.42463084224660386,0.54
5781,-0.47114297545735095,-0.42404247183369226,0.54
5782,-0.4705803259251645,-0.4237115579881295,0.54
5783,-0.4696713628975096,-0.42322809730189787,0.54
5784,-0.46885670395888973,-0.4227844054058506,0.54
5785,-0.467923475268257,-0.42221987334974226,0.54
5786,-0.46744987377227887,-0.4217501658246045,0.54
5787,-0.46697122642424305,-0.42128753815850345,0.54
5788,-0.4662785025434508,-0.42077841738687277,0.54
5789,-0.46537674739253254,-0.4201067437236162,0.54
5790,-0.4647245826316454,-0.4196140308419825,0.54
5791,-0.4639275816638031,-0.4192400117837946,0.54
5792,-0.46321926569212796,-0.4188057091607863,0.54
5793,-0.462348022419291,-0.4182781091245062,0.54
5794,-0.46125834189402826,-0.41763054031487107,0.54
5795,-0.46029955286571367,-0.41690733315643647,0.54
5796,-0.459620574003992,-0.416360840868184,0.54
5797,-0.4586640775517191,-0.41577368621723315,0.54
5798,-0.4576163556227788,-0.41520803837890874,0.54
5799,-0.45660617564793204,-0.41461359128856595,0.54
5800,-0.45606549093809456,-0.4141781121691331,0.54
5801,-0.4552104455781781,-0.4136291187434354,0.54
5802,-0.45422743964938067,-0.4130177428466633,0.54
5803,-0.45333145133821134,-0.4123172677456997,0.54
5804,-0.4527256903689394,-0.4117986705931574,0.54
5805,-0.4518219963047081,-0.4112378738556539,0.54
5806,-0.4508169926436835,-0.41063005652575263,0.54
5807,-0.449878205633567,-0.41008524262962104,0.54
5808,-0.4492509017873539,-0.40966018619151234,0.54
5809,-0.4486757282844144,-0.40926836998969635,0.54
5810,-0.4480068928529075,-0.40883564406307243,0.54
5811,-0.44709360038901763,-0.4082261740827905,0.54
5812,-0.4464282658133355,-0.40765452538483704,0.54
5813,-0.4458172256464401,-0.4071009376565695,0.54
5814,-0.44501129752442764,-0.40652881635203886,0.54
5815,-0.444087849012159,-0.4058789487394371,0.54
5816,-0.44302618215526407,-0.4051177638338019,0.54
5817,-0.4423063477419772,-0.40450119228125236,0.54
5818,-0.44144340717648,-0.4039276151057919,0.54
5819,-0.4405180703757941,-0.4033200182596715,0.54
5820,-0.43987950796380776,-0.4028779831934289,0.54
5821,-0.4389654107287008,-0.4023394737408437,0.54
5822,-0.43794051723873934,-0.4017648544912699,0.54
5823,-0.4369234640339207,-0.4011562987076114,0.54
5824,-0.43634087959771467,-0.4006724493506653,0.54
5825,-0.43543569679555616,-0.4001010803067706,0.54
5826,-0.4343927086639365,-0.39947825838433937,0.54
5827,-0.4334431631092806,-0.3989689762754869,0.54
5828,-0.4327542429033954,-0.3985171649937846,0.54
5829,-0.4317924401396792,-0.39794300856819614,0.54
5830,-0.4308560539582968,-0.3972915251669992,0.54
5831,-0.4298065320082164,-0.3965835211901421,0.54
5832,-0.42871249660517846,-0.39588499454268766,0.54
5833,-0.42811948314431064,-0.39535240797389376,0.54
5834,-0.42741191334869877,-0.39474560333683706,0.54
5835,-0.4265351077737158,-0.3940334474126149,0.54
5836,-0.4256927343872109,-0.3933211047532181,0.54
5837,-0.42481350736439655,-0.39267386531148624,0.54
5838,-0.42370174949625855,-0.3920133125377416,0.54
5839,-0.42288814798786084,-0.39133318788439964,0.54
5840,-0.4220543728909133,-0.3906955226259152,0.54
5841,-0.42117433111347635,-0.39006020533938834,0.54
5842,-0.4200845366610453,-0.3894549177365875,0.54
5843,-0.4193859116725005,-0.3889454268669621,0.54
5844,-0.41871654516352635,-0.3884292073931802,0.54
5845,-0.41797627613292204,-0.38796180944741304,0.54
5846,-0.41718453437072855,-0.3873751327819608,0.54
5847,-0.4163364556656626,-0.386763822231396,0.54
5848,-0.41576058591992676,-0.3862347160307419,0.54
5849,-0.41484154734955736,-0.38566170911380226,0.54
5850,-0.41401310315275713,-0.3850241197708198,0.54
5851,-0.413126929704736,-0.38441000806973363,0.54
5852,-0.41249633284572246,-0.3838592772197092,0.54
5853,-0.4116746165626627,-0.3832317347074121,0.54
5854,-0.4110573073404096,-0.3826468151943424,0.54
5855,-0.410273093256939,-0.38195717659887446,0.54
5856,-0.4093698744963141,-0.38125237503405374,0.54
5857,-0.4083405787333008,-0.3805206205020209,0.54
5858,-0.40765287138024237,-0.3799436551826139,0.54
5859,-0.40684285122921854,-0.379272133307374,0.54
5860,-0.40586956003926855,-0.3785223327447078,0.54
5861,-0.40483994065302337,-0.3777749734898527,0.54
5862,-0.40416058851562275,-0.37716438045337775,0.54
5863,-0.40336471325674983,-0.37650530280731187,0.54
5864,-0.402698276500649,-0.37596576366733064,0.54
5865,-0.4019143621546851,-0.375447252158238,0.54
5866,-0.4008932190858228,-0.3747746442977945,0.54
5867,-0.39990100624193614,-0.37403954257173627,0.54
5868,-0.3990041751001442,-0.37341017879253174,0.54
5869,-0.3983385745011798,-0.37283468671905057,0.54
5870,-0.3975498912544823,-0.3721961333464218,0.54
5871,-0.39669591158309087,-0.3715873168558724,0.54
5872,-0.3956262093467987,-0.37083084735059835,0.54
5873,-0.3949151663579916,-0.37022338125153237,0.54
5874,-0.394161483665335,-0.36971137276207877,0.54
5875,-0.3932609122101742,-0.3691399828429407,0.54
5876,-0.3927639318677807,-0.3686426209606853,0.54
5877,-0.39198989653337174,-0.3680591635216566,0.54
5878,-0.391101666555736,-0.36732214930983464,0.54
5879,-0.39007313515429903,-0.36654043232134853,0.54
5880,-0.38944616016543,-0.36595711520149204,0.54
5881,-0.38847294817152256,-0.36524549489912084,0.54
5882,-0.38750961935163536,-0.3644871068127836,0.54
5883,-0.386509134261896,-0.3637395415817543,0.54
5884,-0.38596564107088166,-0.3631684732631283,0.54
5885,-0.3850234242435607,-0.3624533537586808,0.54
5886,-0.38403950316274194,-0.36176113611022603,0.54
5887,-0.3829751331592437,-0.36099776298300196,0.54
5888,-0.38244948776043314,-0.36042498450187704,0.54
5889,-0.38184893739900083,-0.35984702845314165,0.54
5890,-0.3810052711898392,-0.3592066604918695,0.54
5891,-0.380002783551598,-0.3584284677530713,0.54
5892,-0.37887038359614683,-0.35755409217195316,0.54
5893,-0.37817896160511005,-0.3569082826220431,0.54
5894,-0.37728004785940084,-0.3562460432069406,0.54
5895,-0.3763768283149795,-0.3555868417926233,0.54
5896,-0.3754119108626296,-0.35484891356269244,0.54
5897,-0.37466333786932204,-0.3541935604314563,0.54
5898,-0.373779570549245,-0.35353972429867014,0.54
5899,-0.37276696139231286,-0.3528615008597524,0.54
5900,-0.37160393790799556,-0.3520483938107606,0.54
5901,-0.3708307277006503,-0.3513926800577587,0.54
5902,-0.36996758068888713,-0.35075915618530557,0.54
5903,-0.3689691592235651,-0.3500746915690621,0.54
5904,-0.36844655266901766,-0.3496410706549587,0.54
5905,-0.36773907737738554,-0.34913154328383306,0.54
5906,-0.36676402770398575,-0.3484210540504004,0.54
5907,-0.3660322182684268,-0.34774989029791414,0.54
5908,-0.3651807428001742,-0.3469874509210607,0.54
5909,-0.36416349624568156,-0.3461443243713671,0.54
5910,-0.36338032632429057,-0.3454307323892823,0.54
5911,-0.36267098627785416,-0.3447497144995607,0.54
5912,-0.3617873087839778,-0.34406893438558006,0.54
5913,-0.36071049007922656,-0.343237070630238,0.54
5914,-0.359920815398023,-0.34250125925235064,0.54
5915,-0.35898620565662487,-0.3416381029458451,0.54
5916,-0.35818956330626534,-0.34091669961651666,0.54
5917,-0.3572501076134256,-0.3402015449147444,0.54
5918,-0.35608919551131735,-0.33934605895358994,0.54
5919,-0.3553578278221224,-0.3386342797549764,0.54
5920,-0.3545080556885926,-0.33786686731214294,0.54
5921,-0.3535381691332146,-0.3371618148522781,0.54
5922,-0.352526023182775,-0.3363818691153581,0.54
5923,-0.3518623503409019,-0.3357115900523466,0.54
5924,-0.35105547154501915,-0.33494442145894665,0.54
5925,-0.3501068246845522,-0.3341904162525237,0.54
5926,-0.34899121428192376,-0.3332943891338374,0.54
5927,-0.3483615138266126,-0.3326802654159246,0.54
5928,-0.3475792606898589,-0.33195926188511937,0.54
5929,-0.3466382285343366,-0.3312317739823671,0.54
5930,-0.3459655650452751,-0.33069079752367825,0.54
5931,-0.34501203064667973,-0.3299806942819718,0.54
5932,-0.34409323416886706,-0.3291545184955119,0.54
5933,-0.34304405569039126,-0.3283450489698142,0.54
5934,-0.34225007770168575,-0.3276753996994888,0.54
5935,-0.3412109458546712,-0.32689282580417245,0.54
5936,-0.34021721416269196,-0.32606609911493334,0.54
5937,-0.33916740584762683,-0.3252481789624182,0.54
5938,-0.3384184300278359,-0.32459256527258196,0.54
5939,-0.33775988382515343,-0.32398395083376286,0.54
5940,-0.33692736820370506,-0.32334562147852586,0.54
5941,-0.3358975235915734,-0.3225117206616604,0.54
5942,-0.3351525960820046,-0.32175711373212085,0.54
5943,-0.33429056040180505,-0.32086520092960674,0.54
5944,-0.33355220158915805,-0.32011941016100987,0.54
5945,-0.33266589333504326,-0.31936922189605854,0.54
5946,-0.3317283247485983,-0.3186334295270381,0.54
5947,-0.33099141552020844,-0.3179199803007939,0.54
5948,-0.3301547166150443,-0.31712565508180823,0.54
5949,-0.3291785743480065,-0.3163608323375637,0.54
5950,-0.32842244936865667,-0.31573362986008946,0.54
5951,-0.32745186882551863,-0.31499945261269385,0.54
5952,-0.326712999784196,-0.31438474880943573,0.54
5953,-0.32573084697353216,-0.3136218593840099,0.54
5954,-0.3249402983099479,-0.31306081974618993,0.54
5955,-0.32399008988663497,-0.31227107817678507,0.54
5956,-0.3229543495217171,-0.31136784075308777,0.54
5957,-0.3217924962347805,-0.31041786566988233,0.54
5958,-0.3209983307751947,-0.30964404933368334,0.54
5959,-0.320106892254995,-0.30880890469428973,0.54
5960,-0.3191089351535502,-0.3078906466700256,0.54
5961,-0.3180696492587239,-0.307010756763957,0.54
5962,-0.3173149037178434,-0.30632790072283994,0.54
5963,-0.31646852986414825,-0.3054991018571579,0.54
5964,-0.31573298996057714,-0.304781237032009,0.54
5965,-0.31486442998141684,-0.3040643890238106,0.54
5966,-0.31386330968987375,-0.3032493273154793,0.54
5967,-0.31288837500534994,-0.3023207960055684,0.54
5968,-0.3122970574916187,-0.30159605534599226,0.54
5969,-0.31146622349162445,-0.30082206423587804,0.54
5970,-0.3109057570593304,-0.3001416680063109,0.54
5971,-0.3100530978425275,-0.2993874016136958,0.54
5972,-0.3095291531892102,-0.2987461949484459,0.54
5973,-0.30868025612857214,-0.2979200974465976,0.54
5974,-0.3077101942631336,-0.29701833792956667,0.54
5975,-0.30659372164071746,-0.29614596219091543,0.54
5976,-0.30579243709909804,-0.2954423169977141,0.54
5977,-0.30480905922497437,-0.2946286595430792,0.54
5978,-0.30374063391698597,-0.2937030547159152,0.54
5979,-0.3025007408392188,-0.2927807578798297,0.54
5980,-0.30169376406939713,-0.2920830449999211,0.54
5981,-0.30074549271933476,-0.2912806351086408,0.54
5982,-0.2997783133182084,-0.29039887256962194,0.54
5983,-0.29881751978068904,-0.2894746943204082,0.54
5984,-0.2977689941007231,-0.28852522907929434,0.54
5985,-0.2969843173931211,-0.28781144177089807,0.54
5986,-0.296068067936361,-0.28712820618322,0.54
5987,-0.29510494050446073,-0.28630687503914964,0.54
5988,-0.29452103808973956,-0.2856940863320723,0.54
5989,-0.293657381245422,-0.2849337042143835,0.54
5990,-0.29262597991101125,-0.2841359859264006,0.54
5991,-0.29159107461724515,-0.2832054574802264,0.54
5992,-0.2909386661503133,-0.2824924205219309,0.54
5993,-0.290021716633004,-0.28168455606907045,0.54
5994,-0.288940736913679,-0.2808397778735851,0.54
5995,-0.2881854650254534,-0.28014502933718405,0.54
5996,-0.2873037300231192,-0.27931612916740556,0.54
5997,-0.2862773601490838,-0.27845415136974655,0.54
5998,-0.2856438184982286,-0.277755087875154,0.54
5999,-0.2849884866959901,-0.2770662569582966,0.54
6000,-0.28411703852401865,-0.2763367712174777,0.54
6001,-0.2829729326869527,-0.2754044245776427,0.54
6002,-0.2821011283676412,-0.27461251160089256,0.54
6003,-0.28132864653138784,-0.27381706283189405,0.54
6004,-0.2804216935255897,-0.27290702212938434,0.54
6005,-0.27938624747014407,-0.2720327834226252,0.54
6006,-0.27827457535112926,-0.2710494597756208,0.54
6007,-0.27760011074987073,-0.27035549504865,0.54
6008,-0.2767543236222655,-0.2694987937510261,0.54
6009,-0.27579315804896176,-0.26867532906461616,0.54
6010,-0.2750815253888196,-0.26795840842974433,0.54
6011,-0.2740931556957388,-0.2670749838880807,0.54
6012,-0.2730849810368497,-0.2660997871474836,0.54
6013,-0.2719514172885193,-0.2651328748649757,0.54
6014,-0.27140607475211326,-0.2644840902663262,0.54
6015,-0.2706327772089935,-0.26376642982060333,0.54
6016,-0.2698159673242915,-0.2628723500485828,0.54
6017,-0.2688880104443291,-0.26194254375931214,0.54
6018,-0.2678640307658772,-0.2609477435368822,0.54
6019,-0.26688259042996243,-0.26002914039954245,0.54
6020,-0.2662935672091829,-0.25932478126932473,0.54
6021,-0.2654012585150821,-0.2585478241201589,0.54
6022,-0.2645081381109338,-0.2576613004547456,0.54
6023,-0.26380509217648285,-0.2571277710425696,0.54
6024,-0.2628442054713971,-0.2563510131922558,0.54
6025,-0.2617235408010232,-0.255476469727704,0.54
6026,-0.26075451280453393,-0.2544176728497014,0.54
6027,-0.2599251881600973,-0.2536562381113216,0.54
6028,-0.2588760718842742,-0.252758382593259,0.54
6029,-0.25772791371533216,-0.2518362527500775,0.54
6030,-0.25664316991637026,-0.25079989229951,0.54
6031,-0.2557662240471959,-0.24994837409015025,0.54
6032,-0.254981010193186,-0.24918076376781176,0.54
6033,-0.2540540286772262,-0.24842206886463472,0.54
6034,-0.2528861332875163,-0.24747227488745185,0.54
6035,-0.25205633470968547,-0.24660002178820953,0.54
6036,-0.2515212792152023,-0.2458481812059409,0.54
6037,-0.25072431111489724,-0.24492728689092097,0.54
6038,-0.24980722008356973,-0.24404678352701084,0.54
6039,-0.24879068387256767,-0.24309719440376945,0.54
6040,-0.2479709912241183,-0.2422003658280697,0.54
6041,-0.24704444195747352,-0.24123929766128224,0.54
6042,-0.24597078534184438,-0.24031640892275968,0.54
6043,-0.24510180936690604,-0.23949992674661652,0.54
6044,-0.24406379508203813,-0.23860074615786442,0.54
6045,-0.2431172774135804,-0.23774795538672863,0.54
6046,-0.2420152073887872,-0.2368607326391207,0.54
6047,-0.2413191168745571,-0.2361923839458637,0.54
6048,-0.240606481979559,-0.23548681437581923,0.54
6049,-0.23969778007315784,-0.23468572762198814,0.54
6050,-0.23851192425572793,-0.23366953702287946,0.54
6051,-0.2377310119817945,-0.2328216828551063,0.54
6052,-0.23705633959309438,-0.2320421785223514,0.54
6053,-0.23624808287666588,-0.23106663709331182,0.54
6054,-0.23528904634755127,-0.23013234878577565,0.54
6055,-0.23420559505643068,-0.22909189880202385,0.54
6056,-0.23334406794269127,-0.22826913184095163,0.54
6057,-0.2324562732214745,-0.22751261117034796,0.54
6058,-0.23138790637952267,-0.22669120701219334,0.54
6059,-0.230576215641318,-0.22601397678210092,0.54
6060,-0.2296062182155322,-0.22517870959303848,0.54
6061,-0.22861454871661865,-0.22425927987955804,0.54
6062,-0.22753436807851088,-0.22333540682141795,0.54
6063,-0.2268606346295389,-0.2226858896923879,0.54
6064,-0.22616410823375543,-0.2219553049895222,0.54
6065,-0.2252307869516355,-0.22113965336516045,0.54
6066,-0.22403349232663167,-0.22013918740245775,0.54
6067,-0.22330666513981076,-0.21931251276531685,0.54
6068,-0.22256825750079146,-0.21841732807460287,0.54
6069,-0.2216556261017115,-0.21739938371907536,0.54
6070,-0.22056432203719747,-0.2163865109717154,0.54
6071,-0.21954150442546883,-0.21544781838280727,0.54
6072,-0.21868942752162332,-0.21455588492862326,0.54
6073,-0.21776371867446714,-0.21352955351428834,0.54
6074,-0.21669238178944597,-0.21247594457661417,0.54
6075,-0.2159451784660927,-0.21165911608393262,0.54
6076,-0.21495718780068995,-0.21071395275417934,0.54
6077,-0.214010378350238,-0.209830402934103,0.54
6078,-0.21292367804360265,-0.20884555866826754,0.54
6079,-0.21209971089041194,-0.2079876921744537,0.54
6080,-0.21141753614566403,-0.20720357156984495,0.54
6081,-0.21048822865032135,-0.20637530197681556,0.54
6082,-0.20927007254933783,-0.20535610393886983,0.54
6083,-0.20840880233434295,-0.20464944152909856,0.54
6084,-0.20762903040930358,-0.20383416474577298,0.54
6085,-0.2067486358752886,-0.20280536478575456,0.54
6086,-0.20574551601099858,-0.20183372970271082,0.54
6087,-0.20462401265845556,-0.2007217933584093,0.54
6088,-0.20372911139180655,-0.1998528878644398,0.54
6089,-0.20279303864353332,-0.19885199699260886,0.54
6090,-0.20171499155724146,-0.19784387818654897,0.54
6091,-0.2010299836370204,-0.19704569193627172,0.54
6092,-0.20011031412872896,-0.19611582241326156,0.54
6093,-0.19924347214713617,-0.1951361090104339,0.54
6094,-0.1981647227921595,-0.19410864039781928,0.54
6095,-0.19731395753016356,-0.1932701286816084,0.54
6096,-0.19654611282337275,-0.19245026727918435,0.54
6097,-0.19555048883783036,-0.19155411706551606,0.54
6098,-0.19458008322142883,-0.19071131499842878,0.54
6099,-0.19361301627407188,-0.18976391678463017,0.54
6100,-0.1928219161325515,-0.18885656794713046,0.54
6101,-0.19197056765994513,-0.1880626705821464,0.54
6102,-0.19090055780874182,-0.18713365285178127,0.54
6103,-0.18976057203220842,-0.18605961933559576,0.54
6104,-0.18886651147647712,-0.18526903776590295,0.54
6105,-0.18792982236787098,-0.18428628079689988,0.54
6106,-0.18708032699205512,-0.18344160954742164,0.54
6107,-0.18607558948046793,-0.18253909151716088,0.54
6108,-0.18486020911785045,-0.1814452019940762,0.54
6109,-0.1840188963012985,-0.18056723083386753,0.54
6110,-0.18332295513562602,-0.1797129698688639,0.54
6111,-0.18256052073413867,-0.17885457648389522,0.54
6112,-0.1815867405104415,-0.17794399340692188,0.54
6113,-0.18048966846072328,-0.17686323331315293,0.54
6114,-0.17974493567546906,-0.17617480824810708,0.54
6115,-0.17896754369621984,-0.17542590969697397,0.54
6116,-0.17794055574798645,-0.1744671874411766,0.54
6117,-0.1771214077218218,-0.17360202239232947,0.54
6118,-0.17610314577625807,-0.1725773695015506,0.54
6119,-0.17488740933384495,-0.17142504616739335,0.54
6120,-0.17417874104514267,-0.1707170142381219,0.54
6121,-0.17341386092117583,-0.170035365266273,0.54
6122,-0.17249188366321622,-0.1690643426509541,0.54
6123,-0.17149986164023154,-0.1679736852979338,0.54
6124,-0.1703555447637295,-0.16682733274950212,0.54
6125,-0.1694002881832085,-0.16566630445455985,0.54
6126,-0.1683747961773226,-0.16452274374662842,0.54
6127,-0.167415646660014,-0.16339588707177627,0.54
6128,-0.16639633796712933,-0.1622560515606684,0.54
6129,-0.16563643176884418,-0.16137460199558268,0.54
6130,-0.1648410361976407,-0.1604649321622698,0.54
6131,-0.16383018886516265,-0.15953587455238408,0.54
6132,-0.16273695281137418,-0.15844375124263516,0.54
6133,-0.16193399003939205,-0.15757929086666855,0.54
6134,-0.16103876348419796,-0.15658231461023236,0.54
6135,-0.15996438441965258,-0.1555807363490688,0.54
6136,-0.1591810244461866,-0.15477078696800473,0.54
6137,-0.1582471938707399,-0.1538362776661716,0.54
6138,-0.15729828960585962,-0.1528330148864177,0.54
6139,-0.15619816072695877,-0.15187361230055996,0.54
6140,-0.15536482501628163,-0.15104647672764349,0.54
6141,-0.15462397915160733,-0.15029310107480398,0.54
6142,-0.15365836388038223,-0.14945500737560424,0.54
6143,-0.15264370899490975,-0.1484660725192689,0.54
6144,-0.15161459184069145,-0.14738134903822145,0.54
6145,-0.15080394665404492,-0.146435841796294,0.54
6146,-0.14976238790662277,-0.14543372500634855,0.54
6147,-0.1487268536798679,-0.14434369704289293,0.54
6148,-0.14791023238643075,-0.14346378193932446,0.54
6149,-0.1469659666947861,-0.14250830281948612,0.54
6150,-0.14600963367743006,-0.14145486306013066,0.54
6151,-0.14502147993845782,-0.1403800626057124,0.54
6152,-0.1438424492963403,-0.13928024131814334,0.54
6153,-0.14301316076527104,-0.13837231360938337,0.54
6154,-0.1421259726431105,-0.137363292296347,0.54
6155,-0.14136510188776527,-0.136523735599595,0.54
6156,-0.14041367754062362,-0.13564813118251415,0.54
6157,-0.13963600884560026,-0.13481778521870133,0.54
6158,-0.1386210224522017,-0.13387659954171338,0.54
6159,-0.13781812228135124,-0.13298455529055497,0.54
6160,-0.13691254676676864,-0.1319743351594461,0.54
6161,-0.13582086779568622,-0.13093711035789382,0.54
6162,-0.13500659324613606,-0.13012574294526902,0.54
6163,-0.1342700735010845,-0.12936118830827176,0.54
6164,-0.13328181475107323,-0.12849397630435533,0.54
6165,-0.13220020819823936,-0.1274414552893311,0.54
6166,-0.13113187661723777,-0.12636810294602846,0.54
6167,-0.1302803478845713,-0.12550689901502518,0.54
6168,-0.12921739398661183,-0.12453579645014597,0.54
6169,-0.12836729038625233,-0.12362404809989043,0.54
6170,-0.1274499945315297,-0.12256924426040229,0.54
6171,-0.12648486746314994,-0.12148000913161013,0.54
6172,-0.12529736913466155,-0.12033376465933251,0.54
6173,-0.12447883826978365,-0.11943150531673138,0.54
6174,-0.12356529433923326,-0.1184033543909158,0.54
6175,-0.12261247710290472,-0.11733359628070596,0.54
6176,-0.12162511746089597,-0.11623674653279735,0.54
6177,-0.12062709962469675,-0.11515946609327259,0.54
6178,-0.1198561119712494,-0.11426216746851522,0.54
6179,-0.11885084200775166,-0.11334481216685313,0.54
6180,-0.1179603012789429,-0.11250462618076802,0.54
6181,-0.11717724701215679,-0.11173480443795236,0.54
6182,-0.11626533457124262,-0.11082096731165807,0.54
6183,-0.1151238384930797,-0.10984261134418423,0.54
6184,-0.11404912440239984,-0.10878331029194427,0.54
6185,-0.11329660988841427,-0.10794810125238288,0.54
6186,-0.11261905592167192,-0.10718469765880564,0.54
6187,-0.11167145129615921,-0.10635095394302549,0.54
6188,-0.11087988685819193,-0.10549502237056876,0.54
6189,-0.10980407669453225,-0.1045058763501835,0.54
6190,-0.1087929980265625,-0.10347320237895742,0.54
6191,-0.10792808537350129,-0.10254204611678393,0.54
6192,-0.10693549786332165,-0.10152167683299677,0.54
6193,-0.10596644210498835,-0.10043964469317894,0.54
6194,-0.10495328814205886,-0.09931415309308302,0.54
6195,-0.10370678760315065,-0.09811702935696434,0.54
6196,-0.10280157354791197,-0.09715078569492588,0.54
6197,-0.10184905974528358,-0.09606138119541736,0.54
6198,-0.10109259660169188,-0.09517533999004017,0.54
6199,-0.1001001622168179,-0.09422598363506043,0.54
6200,-0.09932326037091427,-0.09334291014498151,0.54
6201,-0.09826880620949904,-0.09230775603862149,0.54
6202,-0.09743952509846765,-0.09140051189188665,0.54
6203,-0.09651384755425053,-0.09033395851626777,0.54
6204,-0.0957133097843786,-0.0894172886950304,0.54
6205,-0.09467243754277033,-0.08848211379734755,0.54
6206,-0.0935855302668693,-0.08741795561296149,0.54
6207,-0.09251195453203834,-0.0863410908823781,0.54
6208,-0.09166383209651362,-0.08543321740296134,0.54
6209,-0.09091789920684919,-0.0846095744841737,0.54
6210,-0.0899139694268414,-0.08370071020141136,0.54
6211,-0.08867145029060604,-0.08260514057349698,0.54
6212,-0.08779050685978204,-0.0816105031740746,0.54
6213,-0.08708123887697544,-0.08069116372075621,0.54
6214,-0.08621393302017578,-0.07962473009238857,0.54
6215,-0.08512666138952903,-0.07854915316941559,0.54
6216,-0.08427774843756529,-0.07759938624667508,0.54
6217,-0.08332226586244297,-0.07655576156178077,0.54
6218,-0.08235145444786478,-0.0755009504013825,0.54
6219,-0.08128519562737963,-0.0744296604165604,0.54
6220,-0.08026033537464115,-0.07330950522897783,0.54
6221,-0.07917668399662045,-0.07222315693957994,0.54
6222,-0.07816756266956615,-0.0711489281966821,0.54
6223,-0.07710187405074194,-0.07011365721106559,0.54
6224,-0.07610555232667368,-0.06909701538321436,0.54
6225,-0.07534011610386869,-0.06827517260718682,0.54
6226,-0.07434415116472955,-0.06735610987355359,0.54
6227,-0.07359242191502213,-0.06652181693904466,0.54
6228,-0.07270440601722251,-0.06553658489782578,0.54
6229,-0.07179755849826239,-0.06451733817266445,0.54
6230,-0.0706570924255117,-0.06342252738902103,0.54
6231,-0.0698561214866323,-0.062488838780851375,0.54
6232,-0.06896138688298473,-0.06146635415020524,0.54
6233,-0.06820689106548719,-0.060636579803658025,0.54
6234,-0.0672078089341414,-0.05972838925238245,0.54
6235,-0.06641650645222245,-0.05889823497883418,0.54
6236,-0.06534740390357188,-0.05791855228591348,0.54
6237,-0.06452558604781247,-0.057012657247243796,0.54
6238,-0.06356753157189418,-0.055970648550019465,0.54
6239,-0.06260201870587812,-0.05488534354867511,0.54
6240,-0.06155981868486917,-0.05377071912932787,0.54
6241,-0.060539603976519314,-0.052666857312386205,0.54
6242,-0.05973977806776713,-0.05173100786410171,0.54
6243,-0.058654546113718384,-0.050722002622996684,0.54
6244,-0.05756341817311803,-0.049643799828844384,0.54
6245,-0.056713373050167076,-0.04875952373864882,0.54
6246,-0.055779992038903756,-0.0478058303481568,0.54
6247,-0.05480459493514232,-0.04673116736624576,0.54
6248,-0.05364173935245955,-0.04564206798191082,0.54
6249,-0.05280695850712231,-0.044730364291329025,0.54
6250,-0.05212881947438253,-0.04392822979718131,0.54
6251,-0.051140288069736035,-0.042989927228501895,0.54
6252,-0.05009543910249367,-0.04194831587580017,0.54
6253,-0.04925576287085155,-0.04108030283896213,0.54
6254,-0.04832028540812921,-0.040149154027978244,0.54
6255,-0.04714144739651798,-0.03907091053144245,0.54
6256,-0.046308121372331236,-0.03810069415562477,0.54
6257,-0.045373005611087466,-0.037016750580972146,0.54
6258,-0.0443099380594903,-0.035939630625334285,0.54
6259,-0.043320251236535184,-0.034867572766578404,0.54
6260,-0.042266314249051834,-0.03382537442245535,0.54
6261,-0.04153206617782761,-0.03290892752633698,0.54
6262,-0.04066915403237543,-0.031869037047678996,0.54
6263,-0.039559197958173656,-0.0308186801774436,0.54
6264,-0.038742071087891926,-0.029910144754239424,0.54
6265,-0.03779524094963025,-0.02889230963280947,0.54
6266,-0.03684438517830257,-0.027861611569613264,0.54
6267,-0.03565183934983009,-0.026735455614787393,0.54
6268,-0.034837700990973205,-0.02579583181161034,0.54
6269,-0.03419340172759476,-0.024974493133743957,0.54
6270,-0.03333316764773543,-0.02399407704721615,0.54
6271,-0.032203713735146675,-0.022981955343866718,0.54
6272,-0.031341958005588394,-0.02210250486220929,0.54
6273,-0.030213965146492088,-0.021083844315268233,0.54
6274,-0.029394169821001598,-0.02018854586599275,0.54
6275,-0.028443205929570687,-0.01916608008351136,0.54
6276,-0.027649323679080264,-0.01832119653182189,0.54
6277,-0.026561232543446136,-0.01736792291041262,0.54
6278,-0.02546078212864935,-0.01631460444792245,0.54
6279,-0.024666719382004414,-0.01534988322725409,0.54
6280,-0.02373233205901504,-0.014248109241826857,0.54
6281,-0.022642503991534568,-0.013149430892918538,0.54
6282,-0.021643650558457787,-0.012058492532237345,0.54
