iter,step,x,y,z,error_m,timestamp
22,1873,-0.40008976263118384,0.2768635873366497,0.51,0.0012480417891459622,2025-12-21 14:24:50
22,1874,-0.40208112033923205,0.27450019375843876,0.51,0.003499772013732886,2025-12-21 14:24:51
22,1875,-0.4040750304604913,0.2721255287853934,0.51,0.005472382987859282,2025-12-21 14:24:51
22,1876,-0.4060712600600871,0.26973980968112093,0.51,0.007292097486170255,2025-12-21 14:24:51
22,1877,-0.4080695635428124,0.2673432655821836,0.51,0.00885149822961068,2025-12-21 14:24:51
22,1878,-0.41006968285303425,0.26493613722280923,0.51,0.010186892783696956,2025-12-21 14:24:51
22,1879,-0.41207134769395937,0.2625186766364654,0.51,0.011224436236327446,2025-12-21 14:24:51
22,1880,-0.4140742757657813,0.2600911468348197,0.51,0.012012480363083515,2025-12-21 14:24:51
22,1881,-0.41607817302218203,0.25765382146467264,0.51,0.012501665707684797,2025-12-21 14:24:51
22,1882,-0.41808273394460727,0.25520698444351053,0.51,0.012626161068937802,2025-12-21 14:24:52
22,1883,-0.420087641833688,0.2527509295743877,0.51,0.012594786736346675,2025-12-21 14:24:52
22,1884,-0.422092569117132,0.25028596014090365,0.51,0.012259062400357982,2025-12-21 14:24:52
22,1885,-0.424097177673365,0.24781238848309795,0.51,0.011767030326454707,2025-12-21 14:24:52
22,1886,-0.4261011191701594,0.2453305355551375,0.51,0.01126483237380703,2025-12-21 14:24:52
22,1887,-0.4281040354174475,0.24284073046572108,0.51,0.010344584682525946,2025-12-21 14:24:52
22,1888,-0.4301055587334813,0.24034331000217266,0.51,0.009239184507341644,2025-12-21 14:24:52
22,1889,-0.4321053123234652,0.23783861813923876,0.51,0.008213328695895725,2025-12-21 14:24:52
22,1890,-0.4341029106697599,0.2353270055336443,0.51,0.007204020165058954,2025-12-21 14:24:52
22,1891,-0.43609795993272554,0.23280882900549793,0.51,0.006324756882248489,2025-12-21 14:24:53
22,1892,-0.4380900583612519,0.23028445100766984,0.51,0.005590337965331533,2025-12-21 14:24:53
22,1893,-0.440078796712001,0.2277542390842933,0.51,0.004844686603562281,2025-12-21 14:24:53
22,1894,-0.4420637586763709,0.2252185653195654,0.51,0.004251003689979322,2025-12-21 14:24:53
22,1895,-0.4440445213141784,0.22267780577804264,0.51,0.0037611000307106817,2025-12-21 14:24:53
22,1896,-0.4460206554930474,0.22013233993764214,0.51,0.003369182725174061,2025-12-21 14:24:53
22,1897,-0.4479917263324853,0.21758255011657235,0.51,0.002953728054092367,2025-12-21 14:24:53
22,1898,-0.4499572936516269,0.2150288208954228,0.51,0.0026919451479517557,2025-12-21 14:24:53
22,1899,-0.4519169124196295,0.2124715385356473,0.51,0.0015447601368172548,2025-12-21 14:24:53
22,1965,-0.546267851688843,0.05060633392632615,0.51,0.0012699917645664163,2025-12-21 14:24:56
22,1966,-0.5468923965281449,0.04835203355653384,0.51,0.001646864308217194,2025-12-21 14:24:56
22,1967,-0.5474871076862485,0.0461018639309192,0.51,0.0020845180741255135,2025-12-21 14:24:56
22,1968,-0.5480518426537059,0.04385556507846281,0.51,0.0026226474956784697,2025-12-21 14:24:56
22,1969,-0.5485864652039985,0.04161287032680781,0.51,0.0032836358924366966,2025-12-21 14:24:56
22,1970,-0.5490908453813895,0.03937350672113611,0.51,0.004038065163246073,2025-12-21 14:24:57
22,1971,-0.5495648594941981,0.03713719545164065,0.51,0.0048065009901919675,2025-12-21 14:24:57
22,1972,-0.5500083901137764,0.034903652289187,0.51,0.005700655350605835,2025-12-21 14:24:57
22,1973,-0.550421326079443,0.03267258802875081,0.51,0.006676276021320504,2025-12-21 14:24:57
22,1974,-0.5508035625095918,0.030443708940210396,0.51,0.007704494060183697,2025-12-21 14:24:57
22,1975,-0.5511550008191681,0.028216717226065044,0.51,0.008769940621590087,2025-12-21 14:24:57
22,1976,-0.551475548743668,0.02599131148564053,0.51,0.00988955704617387,2025-12-21 14:24:57
22,1977,-0.5517651203697851,0.02376718718533287,0.51,0.011005316185458464,2025-12-21 14:24:57
22,1978,-0.5520236361727955,0.021544037134430156,0.51,0.0121022345125189,2025-12-21 14:24:57
22,1979,-0.5522510230607348,0.019321551966040164,0.51,0.013153013956440286,2025-12-21 14:24:57
22,1980,-0.5524472144253884,0.01709942062263821,0.51,0.01412008523303083,2025-12-21 14:24:57
22,1981,-0.5526121502000779,0.014877330845735936,0.51,0.014908984476700134,2025-12-21 14:24:57
22,1982,-0.5527457769241932,0.012654969669156711,0.51,0.015372236626830443,2025-12-21 14:24:58
22,1983,-0.5528480478143794,0.010432023915387872,0.51,0.014637325960725494,2025-12-21 14:24:58
22,2632,0.5492687870349355,0.03484083814581927,0.51,0.0012432886040349678,2025-12-21 14:25:00
22,2633,0.5487437118384056,0.037098186083478604,0.51,0.0024480497446307064,2025-12-21 14:25:00
22,2634,0.5481899988142489,0.039360435986705355,0.51,0.003418158216420132,2025-12-21 14:25:01
22,2635,0.5476078479279588,0.04162770796299323,0.51,0.004311612590406438,2025-12-21 14:25:01
22,2636,0.5469974702292957,0.04390010946234224,0.51,0.005059971170739595,2025-12-21 14:25:01
22,2637,0.5463590879816373,0.046177734910961866,0.51,0.005644628416694418,2025-12-21 14:25:01
22,2638,0.5456929347840138,0.048460665361614724,0.51,0.0060989016932436035,2025-12-21 14:25:01
22,2639,0.5449992556850678,0.05074896816139983,0.51,0.0064060783191578,2025-12-21 14:25:01
22,2640,0.5442783072881934,0.053042696637755106,0.51,0.006572685123192182,2025-12-21 14:25:01
22,2641,0.5435303578471157,0.055341889803436344,0.51,0.0066393675454942975,2025-12-21 14:25:01
22,2642,0.5427556873511905,0.0576465720812041,0.51,0.006622766611793929,2025-12-21 14:25:01
22,2643,0.5419545875997215,0.05995675304892087,0.51,0.006544116613505035,2025-12-21 14:25:01
22,2644,0.5411273622646143,0.062272427205728495,0.51,0.0063140881384088745,2025-12-21 14:25:02
22,2645,0.5402743269407134,0.06459357375993999,0.51,0.0060340147696402125,2025-12-21 14:25:02
22,2646,0.5393958091831926,0.06692015643924121,0.51,0.005713481473199509,2025-12-21 14:25:02
22,2647,0.5384921485314067,0.06925212332375551,0.51,0.005442709661696498,2025-12-21 14:25:02
22,2648,0.5375636965186419,0.07158940670247944,0.51,0.005088238697371151,2025-12-21 14:25:02
22,2649,0.5366108166672435,0.07393192295354947,0.51,0.004710626017939978,2025-12-21 14:25:02
22,2650,0.5356338844686375,0.0762795724487486,0.51,0.004350673893248032,2025-12-21 14:25:02
22,2651,0.5346332873478069,0.07863223948260821,0.51,0.0041497557718278046,2025-12-21 14:25:02
22,2652,0.5336094246118299,0.08098979222640444,0.51,0.0038094733975402046,2025-12-21 14:25:02
22,2653,0.5325627073821334,0.08335208270728965,0.51,0.0034693299979269483,2025-12-21 14:25:03
22,2654,0.5314935585101662,0.0857189468127395,0.51,0.003083973455031308,2025-12-21 14:25:03
22,2655,0.5304024124762491,0.08809020432043346,0.51,0.0028119004898056418,2025-12-21 14:25:03
22,2656,0.5292897152714108,0.09046565895362277,0.51,0.0025583997888821725,2025-12-21 14:25:03
22,2657,0.5281559242620757,0.09284509846197475,0.51,0.0023462533044462906,2025-12-21 14:25:03
22,2658,0.5270015080375245,0.09522829472781588,0.51,0.002165452114520463,2025-12-21 14:25:03
22,2659,0.5258269462401071,0.09761500389762921,0.51,0.002019625860907658,2025-12-21 14:25:03
22,2660,0.5246327293782429,0.10000496653859403,0.51,0.0018264154302424895,2025-12-21 14:25:03
22,2661,0.5234193586223064,0.10239790781988822,0.51,0.0016756130570106957,2025-12-21 14:25:03
22,2662,0.5221873455835483,0.1047935377184064,0.51,0.0015494696659874008,2025-12-21 14:25:03
22,2663,0.5209372120762661,0.10719155124847958,0.51,0.0014046190460636607,2025-12-21 14:25:04
22,2664,0.5196694898634929,0.10959162871511662,0.51,0.0013181817323071855,2025-12-21 14:25:04
22,2665,0.5183847203865309,0.11199343599022203,0.51,0.0011540827753897774,2025-12-21 14:25:04
24,308,0.7229426411649658,-0.6434762146198214,0.51,0.0010711086975951102,2025-12-21 14:26:24
26,1702,0.47483573376030586,0.5022048328298255,0.51,0.0014708750720183515,2025-12-21 14:27:42
26,1703,0.4759103869355251,0.501132328409222,0.51,0.002013641503208067,2025-12-21 14:27:42
26,1704,0.47698641479122666,0.5000533557311146,0.51,0.0024139406941469797,2025-12-21 14:27:42
26,1705,0.4780638484476718,0.4989679250572921,0.51,0.0026956489846360478,2025-12-21 14:27:42
26,1706,0.47914271302459555,0.4978760530548415,0.51,0.0028847737271697213,2025-12-21 14:27:42
26,1707,0.4802230275993908,0.49677776282245095,0.51,0.002984248474423812,2025-12-21 14:27:43
26,1708,0.48130480517570534,0.49567308390528625,0.51,0.0029928310188888202,2025-12-21 14:27:43
26,1709,0.4823880526625803,0.4945620522982608,0.51,0.0029940361050394895,2025-12-21 14:27:43
26,1710,0.4834727708642325,0.4934447104375431,0.51,0.002917830159147166,2025-12-21 14:27:43
26,1711,0.48455895448056296,0.49232110718017674,0.51,0.002819198599567744,2025-12-21 14:27:43
26,1712,0.485646592118445,0.4911912977717131,0.51,0.0026898316820921225,2025-12-21 14:27:43
26,1713,0.48673566631382365,0.4900553438017918,0.51,0.0025569502358363414,2025-12-21 14:27:43
26,1714,0.4878261535646289,0.4889133131476301,0.51,0.002454789393983045,2025-12-21 14:27:43
26,1715,0.4889180243744811,0.4877652799054179,0.51,0.0022668955492331404,2025-12-21 14:27:43
26,1716,0.49001124330713886,0.48661132430964377,0.51,0.0021000666133302185,2025-12-21 14:27:43
26,1717,0.4911057690516115,0.4854515326404123,0.51,0.001936188394487063,2025-12-21 14:27:43
26,1718,0.492201554497834,0.4842859971188447,0.51,0.0017773830686490426,2025-12-21 14:27:43
26,1719,0.4932985468227707,0.483114815790687,0.51,0.0016134124439748476,2025-12-21 14:27:43
26,1720,0.494396687586791,0.48193809239828406,0.51,0.0014814203204337791,2025-12-21 14:27:44
26,1721,0.4954959128401296,0.4807559362411092,0.51,0.0013424874715893386,2025-12-21 14:27:44
26,1722,0.4965961532392198,0.47956846202507153,0.51,0.0011543809813464115,2025-12-21 14:27:44
26,1723,0.49769733417266077,0.4783757897008559,0.51,0.001029494112026355,2025-12-21 14:27:44
38,1334,0.4887983171293368,-0.1207630062405832,0.51,0.0013775478361028996,2025-12-21 14:35:06
38,1335,0.4911144831214496,-0.11777412898896161,0.51,0.002276646544681221,2025-12-21 14:35:06
38,1336,0.49339324383379213,-0.11480606552075982,0.51,0.00312920943847724,2025-12-21 14:35:06
38,1337,0.4956345370925708,-0.11185868972315684,0.51,0.00393210619824255,2025-12-21 14:35:06
38,1338,0.4978383141662343,-0.10893186104916013,0.51,0.004698783767743211,2025-12-21 14:35:07
38,1339,0.5000045394601481,-0.10602542501235566,0.51,0.005398412364224855,2025-12-21 14:35:07
38,1340,0.502133190210284,-0.10313921369002976,0.51,0.0060599978305781255,2025-12-21 14:35:07
38,1341,0.5042242561766179,-0.10027304623397894,0.51,0.006684402106343059,2025-12-21 14:35:07
38,1342,0.5062777393369023,-0.09742672938833562,0.51,0.0072708099470178466,2025-12-21 14:35:07
38,1343,0.5082936535814483,-0.0946000580137486,0.51,0.007796791940011194,2025-12-21 14:35:07
38,1344,0.510272024409522,-0.0917928156172679,0.51,0.008281752811204636,2025-12-21 14:35:07
38,1345,0.5122128886279289,-0.0890047748872942,0.51,0.008807952661492254,2025-12-21 14:35:07
38,1346,0.5141162940523256,-0.08623569823296301,0.51,0.009284679636932209,2025-12-21 14:35:07
38,1347,0.5159822992117696,-0.08348533832734324,0.51,0.009717281600611492,2025-12-21 14:35:07
38,1348,0.5178109730569803,-0.08075343865383859,0.51,0.010071059322360753,2025-12-21 14:35:08
38,1349,0.5196023946727552,-0.07803973405518866,0.51,0.01034537045241884,2025-12-21 14:35:08
38,1350,0.5213566529949485,-0.07534395128447399,0.51,0.010541239819535144,2025-12-21 14:35:08
38,1351,0.5230738465323882,-0.07266580955753657,0.51,0.010593655208203349,2025-12-21 14:35:08
38,1352,0.5247540830940712,-0.07000502110623298,0.51,0.010520976314599856,2025-12-21 14:35:08
38,1353,0.526397479521945,-0.06736129173194359,0.51,0.010297260595176034,2025-12-21 14:35:08
38,1354,0.5280041614295482,-0.06473432135876517,0.51,0.009897822780194713,2025-12-21 14:35:08
38,1355,0.5295742629467503,-0.062123804585818995,0.51,0.009295085159701682,2025-12-21 14:35:08
38,1356,0.5311079264707967,-0.059529431238109685,0.51,0.008238080918687617,2025-12-21 14:35:08
38,1357,0.5326053024238323,-0.05695088691537259,0.51,0.006693735384696463,2025-12-21 14:35:08
38,1358,0.5340665490170424,-0.05438785353834991,0.51,0.004877449492819181,2025-12-21 14:35:09
51,1583,0.4459509853780677,0.28989283084871675,0.51,0.0010162242398566743,2025-12-21 14:47:11
51,1584,0.4473348304416959,0.2876715641204764,0.51,0.0014703423972476826,2025-12-21 14:47:11
51,1585,0.4487134714904888,0.2854451650036884,0.51,0.0011380631081509118,2025-12-21 14:47:11
58,2939,0.476210936176127,0.3770144544092051,0.51,0.0011419999991551725,2025-12-21 14:52:28
58,2940,0.47878266732701413,0.3762664324676202,0.51,0.0027549418985926316,2025-12-21 14:52:28
58,2941,0.48129552540709425,0.37551631365723215,0.51,0.003818400111796978,2025-12-21 14:52:28
58,2942,0.4837500091608891,0.3747640222195101,0.51,0.004465961891416562,2025-12-21 14:52:28
58,2943,0.48614662566222894,0.37400948484136276,0.51,0.0047560296779794575,2025-12-21 14:52:28
58,2944,0.48848588992817593,0.37325263080439597,0.51,0.004820022756989246,2025-12-21 14:52:28
58,2945,0.49076832454520064,0.3724933921305033,0.51,0.004716087826743592,2025-12-21 14:52:28
58,2946,0.4929944593072849,0.37173170372351116,0.51,0.004497142953820021,2025-12-21 14:52:29
58,2947,0.4951648308655978,0.3709675035065996,0.51,0.004183537142118976,2025-12-21 14:52:29
58,2948,0.4972799823893676,0.37020073255521974,0.51,0.0039124513025265255,2025-12-21 14:52:29
58,2949,0.4993404632375492,0.36943133522522975,0.51,0.0035740532896891652,2025-12-21 14:52:29
58,2950,0.5013468286408671,0.36865925927597426,0.51,0.003251061715657886,2025-12-21 14:52:29
58,2951,0.503299639393796,0.3678844559880327,0.51,0.002978216070011637,2025-12-21 14:52:29
58,2952,0.5051994615560255,0.3671068802753684,0.51,0.0027574937122661894,2025-12-21 14:52:29
58,2953,0.5070468661629428,0.36632649079161356,0.51,0.002471207507703842,2025-12-21 14:52:29
58,2954,0.5088424289446557,0.36554325003023125,0.51,0.002226058787068608,2025-12-21 14:52:29
58,2955,0.5105867300530702,0.36475712441830327,0.51,0.002014297780870569,2025-12-21 14:52:29
58,2956,0.5122803537965315,0.3639680844036998,0.51,0.0018807132823980075,2025-12-21 14:52:29
58,2957,0.5139238883815312,0.3631761045353966,0.51,0.0016802123745280704,2025-12-21 14:52:29
58,2958,0.5155179256609865,0.3623811635367146,0.51,0.0015331885693810612,2025-12-21 14:52:30
58,2959,0.5170630608885908,0.36158324437126993,0.51,0.0014486905291473432,2025-12-21 14:52:30
58,2960,0.5185598924787466,0.36078233430143225,0.51,0.0012680583629764682,2025-12-21 14:52:30
58,2961,0.5200090217715901,0.359978424939105,0.51,0.001118668302569518,2025-12-21 14:52:30
58,2962,0.5214110528026271,0.3591715122886533,0.51,0.0010855556320343153,2025-12-21 14:52:30
60,2829,0.015169973509314628,-0.27523612405469394,0.51,0.0017428862524963991,2025-12-21 14:53:53
60,2830,0.015920170297860785,-0.27218972063102853,0.51,0.004582671330364455,2025-12-21 14:53:54
60,2831,0.016667938005508802,-0.2691362223881007,0.51,0.00731558538068023,2025-12-21 14:53:54
60,2832,0.017413377788628736,-0.2660761166265699,0.51,0.009911020277690197,2025-12-21 14:53:54
60,2833,0.01815658959407602,-0.2630098997314353,0.51,0.012357954647638931,2025-12-21 14:53:54
60,2834,0.018897672255693485,-0.25993807652762047,0.51,0.01460824633626171,2025-12-21 14:53:54
60,2835,0.01963672359361416,-0.25686115962149414,0.51,0.01662574140509282,2025-12-21 14:53:54
60,2836,0.02037384051613919,-0.25377966872978214,0.51,0.018346034696868595,2025-12-21 14:53:54
60,2837,0.021109119123962024,-0.2506941299973518,0.51,0.01964823861468058,2025-12-21 14:53:54
60,2838,0.021842654816507236,-0.24760507530537196,0.51,0.02009712658527792,2025-12-21 14:53:54
60,2839,0.022574542400150197,-0.24451304157136597,0.51,0.019328260236350665,2025-12-21 14:53:54
60,2840,0.0233048761980822,-0.24141857004268655,0.51,0.017216157540938328,2025-12-21 14:53:54
60,2841,0.024033750161584638,-0.23832220558494552,0.51,0.006423895735701916,2025-12-21 14:53:54
60,2957,0.13469282063238586,0.04897981319081858,0.51,0.001385959778130328,2025-12-21 14:53:58
60,2958,0.13625970613436256,0.050825439391726325,0.51,0.001964020610069648,2025-12-21 14:53:58
60,2959,0.13784184847959957,0.05266760983062437,0.51,0.002499027053388003,2025-12-21 14:53:58
60,2960,0.1394391818353542,0.05450647777505131,0.51,0.0030057827374641304,2025-12-21 14:53:59
60,2961,0.14105162928253925,0.05634218831549119,0.51,0.003510821397435957,2025-12-21 14:53:59
60,2962,0.14267910276864024,0.05817487825349676,0.51,0.004045538646026855,2025-12-21 14:53:59
60,2963,0.14432150307819167,0.06000467600579948,0.51,0.004555464316190407,2025-12-21 14:53:59
60,2964,0.14597871982122687,0.061831701524599283,0.51,0.005099890906531482,2025-12-21 14:53:59
60,2965,0.14765063144007257,0.06365606623419633,0.51,0.00569738588662913,2025-12-21 14:53:59
60,2966,0.14933710523481514,0.06547787298409509,0.51,0.006302959700465912,2025-12-21 14:53:59
60,2967,0.1510379974077189,0.06729721601867786,0.51,0.006936636880322595,2025-12-21 14:53:59
60,2968,0.15275315312682763,0.06911418096351041,0.51,0.007562299049273722,2025-12-21 14:53:59
60,2969,0.15448240660893064,0.07092884482830725,0.51,0.00820885792314116,2025-12-21 14:53:59
60,2970,0.1562255812220219,0.07274127602654777,0.51,0.008852850153961084,2025-12-21 14:53:59
60,2971,0.15798248960732786,0.07455153441169783,0.51,0.009568144914329793,2025-12-21 14:53:59
60,2972,0.15975293382092473,0.07635967132995355,0.51,0.010265165688396964,2025-12-21 14:54:00
60,2973,0.1615367054949109,0.07816572968938677,0.51,0.010989337247245119,2025-12-21 14:54:00
60,2974,0.16333358601804335,0.07996974404533297,0.51,0.0117200000523941,2025-12-21 14:54:00
60,2975,0.16514334673569134,0.08177174070182469,0.51,0.01244400158886295,2025-12-21 14:54:00
60,2976,0.16696574916890328,0.08357173782883522,0.51,0.013156211591446195,2025-12-21 14:54:00
60,2977,0.16880054525232657,0.08536974559505935,0.51,0.013870206813069838,2025-12-21 14:54:00
60,2978,0.17064747759066407,0.08716576631592078,0.51,0.014575262374925561,2025-12-21 14:54:00
60,2979,0.17250627973329508,0.08895979461645885,0.51,0.015279415409380147,2025-12-21 14:54:00
60,2980,0.17437667646663488,0.09075181760871093,0.51,0.015978961753266626,2025-12-21 14:54:00
60,2981,0.17625838412375253,0.0925418150831721,0.51,0.016681721518244194,2025-12-21 14:54:00
60,2982,0.1781511109107157,0.09432975971387925,0.51,0.01736894329130463,2025-12-21 14:54:00
60,2983,0.18005455724908023,0.09611561727663417,0.51,0.018049998649601707,2025-12-21 14:54:01
60,2984,0.1819684161338944,0.09789934687984858,0.51,0.01872300030711912,2025-12-21 14:54:01
60,2985,0.18389237350654083,0.0996809012074643,0.51,0.01938287202544862,2025-12-21 14:54:01
60,2986,0.18582610864169624,0.10146022677337346,0.51,0.020027452578851947,2025-12-21 14:54:01
60,2987,0.1877692945476464,0.1032372641867373,0.51,0.020654406333629152,2025-12-21 14:54:01
60,2988,0.18972159837915634,0.10501194842757741,0.51,0.021263546219307244,2025-12-21 14:54:01
60,2989,0.19168268186205908,0.10678420913199102,0.51,0.021854676313738955,2025-12-21 14:54:01
60,2990,0.1936522017286942,0.10855397088632145,0.51,0.022427591248874574,2025-12-21 14:54:01
60,2991,0.195629810163297,0.11032115352959657,0.51,0.022988617722552403,2025-12-21 14:54:01
60,2992,0.19761515525641365,0.11208567246353235,0.51,0.02353563140383454,2025-12-21 14:54:01
60,2993,0.19960788146739422,0.11384743896938483,0.51,0.024063420295685273,2025-12-21 14:54:01
60,2994,0.20160763009399563,0.11560636053092266,0.51,0.024581294459817115,2025-12-21 14:54:01
60,2995,0.20361403974811132,0.11736234116278337,0.51,0.025081165593715926,2025-12-21 14:54:02
60,2996,0.205626746836631,0.11911528174347029,0.51,0.02556111544207646,2025-12-21 14:54:02
60,2997,0.20764538604642535,0.12086508035224253,0.51,0.026021033364820544,2025-12-21 14:54:02
60,2998,0.20966959083244457,0.12261163260914919,0.51,0.026460831366043675,2025-12-21 14:54:02
60,2999,0.21169899390791816,0.12435483201745927,0.51,0.02688043326221759,2025-12-21 14:54:02
60,3000,0.2137332277356439,0.12609457030774182,0.51,0.027279775319295506,2025-12-21 14:54:02
60,3001,0.21577192501935957,0.12783073778285622,0.51,0.02766012845784444,2025-12-21 14:54:02
60,3002,0.2178147191941983,0.12956322366311976,0.51,0.028023713092826176,2025-12-21 14:54:02
60,3003,0.21986124491523978,0.13129191643092922,0.51,0.028366850703626347,2025-12-21 14:54:02
60,3004,0.22191113854318442,0.13301670417412512,0.51,0.028690877825906215,2025-12-21 14:54:02
60,3005,0.22396403862619363,0.1347374749274004,0.51,0.028994532731761922,2025-12-21 14:54:02
60,3006,0.2260195863769604,0.1364541170110711,0.51,0.029277754982579313,2025-12-21 14:54:03
60,3007,0.22807742614409673,0.13816651936654364,0.51,0.029540583940274548,2025-12-21 14:54:03
60,3008,0.2301372058769492,0.1398745718878322,0.51,0.014908106828880574,2025-12-21 14:54:03
60,3009,0.23219857758298176,0.14157816574849993,0.51,0.015053602290906815,2025-12-21 14:54:03
60,3010,0.23426119777689483,0.14327719372341965,0.51,0.015175504824427194,2025-12-21 14:54:03
60,3011,0.23632472792068,0.14497155050477242,0.51,0.015292917207928294,2025-12-21 14:54:03
60,3012,0.23838883485384446,0.1466611330117267,0.51,0.01539676991311733,2025-12-21 14:54:03
60,3013,0.24045319121307304,0.1483458406932659,0.51,0.01549177382601185,2025-12-21 14:54:03
60,3014,0.24251747584063216,0.1500255758236578,0.51,0.015576857468076445,2025-12-21 14:54:03
60,3015,0.24458137418085765,0.1517002437900868,0.51,0.015651026450713652,2025-12-21 14:54:03
60,3016,0.2466445786641063,0.15336975337199585,0.51,0.015715992781256304,2025-12-21 14:54:03
60,3017,0.24870678907759017,0.1550340170117144,0.51,0.015771258829097932,2025-12-21 14:54:04
60,3018,0.25076771292255273,0.15669295107597517,0.51,0.015816910072873926,2025-12-21 14:54:04
60,3019,0.2528270657572851,0.15834647610795166,0.51,0.0158530353594476,2025-12-21 14:54:04
60,3020,0.2548845715255218,0.15999451706947682,0.51,0.0158797274535153,2025-12-21 14:54:04
60,3021,0.2569399628697952,0.1616370035731305,0.51,0.01589708318947689,2025-12-21 14:54:04
60,3022,0.2589929814293677,0.1632738701039127,0.51,0.015905203412374724,2025-12-21 14:54:04
60,3023,0.26104337812240136,0.1649050562302468,0.51,0.015904192807419247,2025-12-21 14:54:04
60,3024,0.26309091341206303,0.16653050680408396,0.51,0.01589097685445968,2025-12-21 14:54:04
60,3025,0.2651353575563025,0.16815017214990827,0.51,0.015870643560917018,2025-12-21 14:54:04
60,3026,0.2671764908410788,0.1697640082424669,0.51,0.01584154449275489,2025-12-21 14:54:04
60,3027,0.269214103796847,0.17137197687307676,0.51,0.01580378718679717,2025-12-21 14:54:04
60,3028,0.2712479973981542,0.17297404580438308,0.51,0.015757486896555047,2025-12-21 14:54:04
60,3029,0.2732779832462278,0.1745701889134706,0.51,0.01570276372198317,2025-12-21 14:54:05
60,3030,0.27530388373447395,0.17616038632325035,0.51,0.01563745981755714,2025-12-21 14:54:05
60,3031,0.2773255321968357,0.17774462452206855,0.51,0.015565108484840509,2025-12-21 14:54:05
60,3032,0.27934277303899246,0.17932289647150482,0.51,0.015484719234305163,2025-12-21 14:54:05
60,3033,0.28135546185241134,0.18089520170234805,0.51,0.015396423237202056,2025-12-21 14:54:05
60,3034,0.28336346551129044,0.18246154639875722,0.51,0.015300351336715267,2025-12-21 14:54:05
60,3035,0.2853666622524596,0.18402194347063355,0.51,0.015196634297562153,2025-12-21 14:54:05
60,3036,0.2873649417383311,0.18557641261424712,0.51,0.015087666832468651,2025-12-21 14:54:05
60,3037,0.28935820510301546,0.1871249803611779,0.51,0.014970189673468625,2025-12-21 14:54:05
60,3038,0.29134636498174,0.18866768011564616,0.51,0.014845446535237897,2025-12-21 14:54:05
60,3039,0.2933293455237289,0.19020455218032134,0.51,0.014713564693493551,2025-12-21 14:54:05
60,3040,0.2953070823887229,0.1917356437707117,0.51,0.029120022740892065,2025-12-21 14:54:05
60,3041,0.29727952272733277,0.19326100901824925,0.51,0.028771565716127354,2025-12-21 14:54:06
60,3042,0.2992466251454401,0.19478070896219501,0.51,0.028411681655151462,2025-12-21 14:54:06
60,3043,0.3012083596528698,0.19629481153050066,0.51,0.028041327313027834,2025-12-21 14:54:06
60,3044,0.30316470759657516,0.19780339150977036,0.51,0.027665711464586396,2025-12-21 14:54:06
60,3045,0.30511566157858677,0.1993065305044763,0.51,0.027278619228206034,2025-12-21 14:54:06
60,3046,0.3070612253589876,0.20080431688558742,0.51,0.0268800962638043,2025-12-21 14:54:06
60,3047,0.3090014137441856,0.2022968457287783,0.51,0.026470306139588465,2025-12-21 14:54:06
60,3048,0.3109362524607643,0.20378421874239014,0.51,0.026049418045107145,2025-12-21 14:54:06
60,3049,0.31286577801519794,0.20526654418532142,0.51,0.025617605329387286,2025-12-21 14:54:06
60,3050,0.314790037539725,0.2067439367750294,0.51,0.025175044203944928,2025-12-21 14:54:06
60,3051,0.3167090886246774,0.20821651758582813,0.51,0.024721912581480557,2025-12-21 14:54:06
60,3052,0.3186229991375693,0.2096844139376713,0.51,0.024254698776238738,2025-12-21 14:54:06
60,3053,0.32053184702925086,0.21114775927561086,0.51,0.0237773956218366,2025-12-21 14:54:07
60,3054,0.32243572012743643,0.2126066930401253,0.51,0.023290173399892165,2025-12-21 14:54:07
60,3055,0.32433471591791857,0.21406136052851252,0.51,0.022793199523378754,2025-12-21 14:54:07
60,3056,0.3262289413137808,0.2155119127475445,0.51,0.02228626226136234,2025-12-21 14:54:07
60,3057,0.3281185124129242,0.21695850625758237,0.51,0.021771500393124987,2025-12-21 14:54:07
60,3058,0.3300035542442233,0.21840130300835145,0.51,0.02124804755149451,2025-12-21 14:54:07
60,3059,0.33188420050262674,0.2198404701665772,0.51,0.020716084028548815,2025-12-21 14:54:07
60,3060,0.3337605932735222,0.22127617993568457,0.51,0.020176547683069868,2025-12-21 14:54:07
60,3061,0.3356328827466812,0.22270860936776388,0.51,0.0196289928989999,2025-12-21 14:54:07
60,3062,0.3375012269201037,0.22413794016800823,0.51,0.019073410969928605,2025-12-21 14:54:07
60,3063,0.33936579129408184,0.2255643584918287,0.51,0.018509160543736098,2025-12-21 14:54:07
60,3064,0.34122674855580315,0.22698805473485573,0.51,0.01793767985491022,2025-12-21 14:54:08
60,3065,0.34308427825481547,0.22840922331603644,0.51,0.01735820892250816,2025-12-21 14:54:08
60,3066,0.34493856646967735,0.22982806245404122,0.51,0.01677041647895659,2025-12-21 14:54:08
60,3067,0.3467898054661194,0.2312447739371944,0.51,0.01617647771516816,2025-12-21 14:54:08
60,3068,0.3486381933470461,0.23265956288714806,0.51,0.015564089261278254,2025-12-21 14:54:08
60,3069,0.3504839336947085,0.23407263751652158,0.51,0.014943523598612512,2025-12-21 14:54:08
60,3070,0.3523272352053851,0.23548420888073313,0.51,0.014319631960802433,2025-12-21 14:54:08
60,3071,0.3541683113169101,0.23689449062425516,0.51,0.013684775155453332,2025-12-21 14:54:08
60,3072,0.3560073798293944,0.23830369872153054,0.51,0.01304256865499405,2025-12-21 14:54:08
60,3073,0.3578446625194913,0.23971205121279215,0.51,0.012397565869200837,2025-12-21 14:54:08
60,3074,0.35968038474856484,0.24111976793503576,0.51,0.01174452544626134,2025-12-21 14:54:09
60,3075,0.36151477506512575,0.24252707024840248,0.51,0.011085199466887215,2025-12-21 14:54:09
60,3076,0.3633480648019098,0.2439341807582359,0.51,0.010418296161728275,2025-12-21 14:54:09
60,3077,0.36518048766798084,0.24534132303308662,0.51,0.009729853346477944,2025-12-21 14:54:09
60,3078,0.36701227933625163,0.24674872131894676,0.51,0.009037009155222068,2025-12-21 14:54:09
60,3079,0.36884367702682574,0.24815660025000624,0.51,0.008337133925103045,2025-12-21 14:54:09
60,3080,0.3706749190865753,0.2495651845562333,0.51,0.007632165750911945,2025-12-21 14:54:09
60,3081,0.37250624456538184,0.25097469876809253,0.51,0.006921985560489195,2025-12-21 14:54:09
60,3082,0.37433789278947954,0.252385366918725,0.51,0.006201583941830958,2025-12-21 14:54:09
60,3083,0.37617010293235414,0.2537974122439274,0.51,0.005475930454163953,2025-12-21 14:54:09
60,3084,0.3780031135836645,0.2552110568802786,0.51,0.00473578801357778,2025-12-21 14:54:10
60,3085,0.3798371623166685,0.25662652156177634,0.51,0.0039927095911700084,2025-12-21 14:54:10
60,3086,0.38167248525464903,0.25804402531535725,0.51,0.003245847967665974,2025-12-21 14:54:10
60,3087,0.38350931663685267,0.25946378515569024,0.51,0.0024892958594158053,2025-12-21 14:54:10
60,3088,0.3853478883844667,0.26088601577964327,0.51,0.0017322031200997982,2025-12-21 14:54:10
62,2474,-0.5968591065243017,0.1438233675219573,0.51,0.0013362690525630242,2025-12-21 14:55:45
62,2475,-0.596244815319662,0.14601280080505108,0.51,0.0024600752291564117,2025-12-21 14:55:45
62,2476,-0.5956162224190223,0.1482026866624743,0.51,0.003411766186979725,2025-12-21 14:55:46
62,2477,-0.5949733356161132,0.1503932358901927,0.51,0.0043012322176284945,2025-12-21 14:55:46
62,2478,-0.5943161674522872,0.15258465039312136,0.51,0.005025688366281105,2025-12-21 14:55:46
62,2479,-0.5936447353143263,0.15477712285018627,0.51,0.005622821091924353,2025-12-21 14:55:46
62,2480,-0.5929590615268452,0.15697083639397974,0.51,0.006097453639105833,2025-12-21 14:55:46
62,2481,-0.5922591734388574,0.15916596430566546,0.51,0.006456495724243758,2025-12-21 14:55:46
62,2482,-0.5915451035040733,0.16136266972577484,0.51,0.006730843364106662,2025-12-21 14:55:46
62,2483,-0.5908168893545079,0.16356110538151952,0.51,0.00687330416529961,2025-12-21 14:55:46
62,2484,-0.5900745738669813,0.1657614133312252,0.51,0.006926796489869226,2025-12-21 14:55:46
62,2485,-0.5893182052221055,0.16796372472647048,0.51,0.006827673163792524,2025-12-21 14:55:46
62,2486,-0.5885478369553638,0.17016815959248885,0.51,0.00671029104786018,2025-12-21 14:55:46
62,2487,-0.5877635279998973,0.17237482662736617,0.51,0.006557389441944795,2025-12-21 14:55:47
62,2488,-0.5869653427206349,0.17458382302053463,0.51,0.0063769400749789755,2025-12-21 14:55:47
62,2489,-0.5861533509394148,0.17679523429103278,0.51,0.0061734886364525334,2025-12-21 14:55:47
62,2490,-0.5853276279507647,0.17900913414596595,0.51,0.0059435855882940475,2025-12-21 14:55:47
62,2491,-0.5844882545280305,0.18122558435956423,0.51,0.005682811822721477,2025-12-21 14:55:47
62,2492,-0.5836353169195635,0.18344463467319505,0.51,0.005431962806755594,2025-12-21 14:55:47
62,2493,-0.5827689068346974,0.18566632271664593,0.51,0.005203248995217446,2025-12-21 14:55:47
62,2494,-0.5818891214192776,0.18789067395094836,0.51,0.004929583397194766,2025-12-21 14:55:47
62,2495,-0.5809960632205241,0.1901177016329682,0.51,0.004635579431682109,2025-12-21 14:55:47
62,2496,-0.5800898401410426,0.1923474068019395,0.51,0.004378849432663814,2025-12-21 14:55:47
62,2497,-0.5791705653818257,0.19457977828806933,0.51,0.0041298061765889914,2025-12-21 14:55:47
62,2498,-0.5782383573741149,0.19681479274329,0.51,0.003949727651071161,2025-12-21 14:55:47
62,2499,-0.5772933397000276,0.1990524146941828,0.51,0.003746008935699233,2025-12-21 14:55:48
62,2500,-0.5763356410018826,0.2012925966170435,0.51,0.0035529439550212776,2025-12-21 14:55:48
62,2501,-0.5753653948801936,0.20353527903500607,0.51,0.003259084018716757,2025-12-21 14:55:48
62,2502,-0.574382739780329,0.20578039063708575,0.51,0.0030412400183019972,2025-12-21 14:55:48
62,2503,-0.5733878188678765,0.20802784841894725,0.51,0.002968496266969686,2025-12-21 14:55:48
62,2504,-0.572380779892776,0.2102775578451486,0.51,0.0028168788461810364,2025-12-21 14:55:48
62,2505,-0.5713617750423288,0.21252941303255576,0.51,0.0026199391768190333,2025-12-21 14:55:48
62,2506,-0.5703309607832163,0.21478329695456788,0.51,0.0024781208911101704,2025-12-21 14:55:48
62,2507,-0.5692884976927012,0.21703908166573888,0.51,0.0023681189197384466,2025-12-21 14:55:48
62,2508,-0.5682345502792142,0.21929662854632762,0.51,0.00227633607587419,2025-12-21 14:55:48
62,2509,-0.5671692867925653,0.22155578856625627,0.51,0.002180249894824663,2025-12-21 14:55:48
62,2510,-0.5660928790240485,0.22381640256790566,0.51,0.0020779336107292763,2025-12-21 14:55:49
62,2511,-0.5650055020967425,0.22607830156712708,0.51,0.001997922925697372,2025-12-21 14:55:49
62,2512,-0.5639073342463395,0.2283413070718019,0.51,0.00191141246290032,2025-12-21 14:55:49
62,2513,-0.5627985565928646,0.23060523141723557,0.51,0.0018428886078723286,2025-12-21 14:55:49
62,2514,-0.561679352903676,0.23286987811762902,0.51,0.0017778289829514656,2025-12-21 14:55:49
62,2515,-0.5605499093481646,0.23513504223282913,0.51,0.0016800823265094788,2025-12-21 14:55:49
62,2516,-0.5594104142445953,0.23740051074952312,0.51,0.0014083394852853616,2025-12-21 14:55:49
62,2517,-0.5582610577995586,0.23966606297600496,0.51,0.0012977296407277123,2025-12-21 14:55:49
62,2518,-0.5571020318405221,0.24193147094961065,0.51,0.0012396523320575888,2025-12-21 14:55:49
62,2519,-0.5559335295419927,0.24419649985588943,0.51,0.0011904494017530287,2025-12-21 14:55:49
62,2520,-0.5547557451458192,0.24646090845855212,0.51,0.0010768300858260158,2025-12-21 14:55:49
62,2521,-0.5535688736761815,0.24872444953921513,0.51,0.0010424737222551898,2025-12-21 14:55:49
62,2577,-0.47740624660065223,0.366211870255715,0.51,0.0020066798517041095,2025-12-21 14:55:52
62,2578,-0.4759135043879362,0.3680367273597457,0.51,0.0037490525913618034,2025-12-21 14:55:52
62,2579,-0.4744153825231783,0.3698503248143394,0.51,0.0054582575370356904,2025-12-21 14:55:52
62,2580,-0.4729117226679209,0.3716527073360666,0.51,0.0071427497767358955,2025-12-21 14:55:52
62,2581,-0.47140235902322086,0.3734439283330469,0.51,0.00880880867309518,2025-12-21 14:55:52
62,2582,-0.46988711851235526,0.37522404975434975,0.51,0.010448566588561128,2025-12-21 14:55:52
62,2583,-0.468365820975169,0.37699314192901034,0.51,0.01210027228924955,2025-12-21 14:55:52
62,2584,-0.4668382793739853,0.3787512833950187,0.51,0.013742038484738569,2025-12-21 14:55:52
62,2585,-0.46530430001099815,0.38049856071864124,0.51,0.015377954866139604,2025-12-21 14:55:52
62,2586,-0.4637636827570588,0.3822350683044326,0.51,0.017006814030634455,2025-12-21 14:55:52
62,2587,-0.4622162212917657,0.3839609081962941,0.51,0.01863765177931938,2025-12-21 14:55:53
62,2588,-0.4606617033547588,0.38567618986993507,0.51,0.020285002318072176,2025-12-21 14:55:53
62,2589,-0.4590999110081156,0.387381030017089,0.51,0.021952755021091726,2025-12-21 14:55:53
62,2590,-0.4575306209097375,0.389075552321836,0.51,0.02362188384340437,2025-12-21 14:55:53
62,2591,-0.4559536045976093,0.3907598872293792,0.51,0.02529897939009997,2025-12-21 14:55:53
62,2592,-0.4543686287848051,0.39243417170762085,0.51,0.026980376793295558,2025-12-21 14:55:53
62,2593,-0.45277545566510574,0.3940985490018799,0.51,0.028674252061695285,2025-12-21 14:55:53
62,2594,-0.45117384322908277,0.3957531683830911,0.51,0.015199439652822182,2025-12-21 14:55:53
62,2595,-0.44956354559049344,0.39739818488982215,0.51,0.016102441224748458,2025-12-21 14:55:53
62,2596,-0.44794431332281903,0.39903375906444255,0.51,0.01700828076735772,2025-12-21 14:55:53
62,2597,-0.4463158938057666,0.40066005668377563,0.51,0.017915258446847958,2025-12-21 14:55:53
62,2598,-0.4446780315815395,0.40227724848456275,0.51,0.018823788237613038,2025-12-21 14:55:53
62,2599,-0.4430304687206691,0.4038855098840662,0.51,0.019734233497151598,2025-12-21 14:55:54
62,2600,-0.4413729451971807,0.4054850206961359,0.51,0.020646916276908393,2025-12-21 14:55:54
62,2601,-0.4397051992728537,0.4070759648430638,0.51,0.021562128802926902,2025-12-21 14:55:54
62,2602,-0.43802696789031387,0.4086585300635477,0.51,0.02248312799196476,2025-12-21 14:55:54
62,2603,-0.4363379870746787,0.4102329076170872,0.51,0.023409628363484043,2025-12-21 14:55:54
62,2604,-0.43463799234345474,0.41179929198513304,0.51,0.024342593040109974,2025-12-21 14:55:54
62,2605,-0.43292671912436526,0.4133578805693117,0.51,0.025276801131419908,2025-12-21 14:55:54
62,2606,-0.4312039031807621,0.4149088733870483,0.51,0.026216267289384122,2025-12-21 14:55:54
62,2607,-0.42946928104425347,0.4164524727649115,0.51,0.02715844629659602,2025-12-21 14:55:54
62,2608,-0.427722590454153,0.41798888303000636,0.51,0.02810633683886453,2025-12-21 14:55:54
62,2609,-0.4259635708033308,0.41951831019974306,0.51,0.02905721879855786,2025-12-21 14:55:55
62,2610,-0.4241919635900189,0.42104096167031163,0.51,0.020010326221287178,2025-12-21 14:55:55
62,2611,-0.42240751287509737,0.4225570459041971,0.51,0.020661009039102212,2025-12-21 14:55:55
62,2612,-0.42060996574435844,0.42406677211707233,0.51,0.021314171446481855,2025-12-21 14:55:55
62,2613,-0.4187990727752162,0.4255703499644092,0.51,0.02196999039311839,2025-12-21 14:55:55
62,2614,-0.4169745885073021,0.4270679892281546,0.51,0.022628613642486445,2025-12-21 14:55:55
62,2615,-0.41513627191635405,0.4285598995038214,0.51,0.02329017860883501,2025-12-21 14:55:55
62,2616,-0.413283886890779,0.43004628988834936,0.51,0.023954812294530902,2025-12-21 14:55:55
62,2617,-0.4114172027102376,0.43152736866909686,0.51,0.02462263221829751,2025-12-21 14:55:55
62,2618,-0.40953599452556955,0.43300334301432886,0.51,0.025293747525018218,2025-12-21 14:55:55
62,2619,-0.40764004383934876,0.43447441866557307,0.51,0.02596825997059136,2025-12-21 14:55:55
62,2620,-0.40572913898632734,0.43594079963222043,0.51,0.02664629182400535,2025-12-21 14:55:56
62,2621,-0.40380307561299916,0.4374026878887525,0.51,0.02732804005710996,2025-12-21 14:55:56
62,2622,-0.40186165715548533,0.4388602830749831,0.51,0.02801346098080312,2025-12-21 14:55:56
62,2623,-0.39990469531491624,0.4403137821997075,0.51,0.028703602865613707,2025-12-21 14:55:56
62,2624,-0.3979320105294599,0.4417633793481559,0.51,0.02939717236367668,2025-12-21 14:55:56
62,2625,-0.3959434324421207,0.4432092653936542,0.51,0.022575665646375153,2025-12-21 14:55:56
62,2626,-0.3939388003634096,0.44465162771389755,0.51,0.023104585777516614,2025-12-21 14:55:56
62,2627,-0.3919179637279669,0.44609064991224723,0.51,0.02363793404437698,2025-12-21 14:55:56
62,2628,-0.389880782544197,0.44752651154446277,0.51,0.024173061601826702,2025-12-21 14:55:56
62,2629,-0.3878271278359602,0.4489593878512847,0.51,0.024711927201456794,2025-12-21 14:55:56
62,2630,-0.3857568820753494,0.450389449497284,0.51,0.025253750843760636,2025-12-21 14:55:57
62,2631,-0.3836699396055697,0.45181686231639523,0.51,0.02579866927379929,2025-12-21 14:55:57
62,2632,-0.3815662070529275,0.45324178706454976,0.51,0.026346474449346777,2025-12-21 14:55:57
62,2633,-0.37944560372693137,0.4546643791798237,0.51,0.026897338585986388,2025-12-21 14:55:57
62,2634,-0.3773080620075028,0.4560847885505132,0.51,0.02745128568327396,2025-12-21 14:55:57
62,2635,-0.37515352771829447,0.45750315929154534,0.51,0.028008333620276837,2025-12-21 14:55:57
62,2636,-0.37298196048511956,0.458919629529628,0.51,0.028568494323668314,2025-12-21 14:55:57
62,2637,-0.3707933340785004,0.4603343311975359,0.51,0.029131773916037388,2025-12-21 14:55:57
62,2638,-0.3685876367393576,0.4617473898379216,0.51,0.029698172838187126,2025-12-21 14:55:57
62,2639,-0.36636487148687497,0.4631589244170314,0.51,0.024219367879378714,2025-12-21 14:55:57
62,2640,-0.3641250564075941,0.4645690471486961,0.51,0.024679135174418006,2025-12-21 14:55:58
62,2641,-0.3618682249248165,0.46597786332895275,0.51,0.025142623687983937,2025-12-21 14:55:58
62,2642,-0.359594426047416,0.4673854711816407,0.51,0.025607401164536546,2025-12-21 14:55:58
62,2643,-0.35730372459719706,0.46879196171530096,0.51,0.02607536852771535,2025-12-21 14:55:58
62,2644,-0.3549962014139688,0.470197418591689,0.51,0.02654440321769862,2025-12-21 14:55:58
62,2645,-0.35267195353754266,0.47160191800619455,0.51,0.02701571325682521,2025-12-21 14:55:58
62,2646,-0.3503310943659059,0.47300552858044137,0.51,0.02749016492024162,2025-12-21 14:55:58
62,2647,-0.3479737537888695,0.47440831126731847,0.51,0.027966871348380135,2025-12-21 14:55:58
62,2648,-0.34560007829653877,0.47581031926867234,0.51,0.028445795278159387,2025-12-21 14:55:58
62,2649,-0.3432102310620104,0.47721159796586454,0.51,0.028926894546167706,2025-12-21 14:55:58
62,2650,-0.3408043919977571,0.47861218486337426,0.51,0.02941012215020552,2025-12-21 14:55:58
62,2651,-0.33838275778522103,0.4800121095455987,0.51,0.024918270073685612,2025-12-21 14:55:59
62,2652,-0.33594554187720277,0.4814113936469759,0.51,0.025325884277746343,2025-12-21 14:55:59
62,2653,-0.3334929744726982,0.4828100508355258,0.51,0.02573493230454407,2025-12-21 14:55:59
62,2654,-0.3310253024639067,0.4842080868098756,0.51,0.02614635649530186,2025-12-21 14:55:59
62,2655,-0.32854278935520437,0.4856054993098044,0.51,0.026559241386581365,2025-12-21 14:55:59
62,2656,-0.32604571515395103,0.4870022781403109,0.51,0.026973530160894217,2025-12-21 14:55:59
62,2657,-0.3235343762330756,0.48839840520917505,0.51,0.02738916234844576,2025-12-21 14:55:59
62,2658,-0.3210090851654606,0.4897938545779531,0.51,0.02780507064107214,2025-12-21 14:55:59
62,2659,-0.3184701705302252,0.49118859252631103,0.51,0.02822191308847123,2025-12-21 14:55:59
62,2660,-0.3159179766910856,0.49258257762956975,0.51,0.028640790369903458,2025-12-21 14:55:59
62,2661,-0.31335286354705033,0.4939757608493006,0.51,0.02905972742299245,2025-12-21 14:56:00
62,2662,-0.31077520625578653,0.49536808563677803,0.51,0.029480524744152217,2025-12-21 14:56:00
62,2663,-0.3081853949300739,0.496759488049062,0.51,0.025636658198251363,2025-12-21 14:56:00
62,2664,-0.3055838343078394,0.49814989687745187,0.51,0.02599533748537704,2025-12-21 14:56:00
62,2665,-0.3029709433963438,0.49953923378801945,0.51,0.026359632928871685,2025-12-21 14:56:00
62,2666,-0.30034715509116566,0.5009274134738998,0.51,0.026724439544886375,2025-12-21 14:56:00
62,2667,-0.297712915770704,0.5023143438189863,0.51,0.02708967838140217,2025-12-21 14:56:00
62,2668,-0.2950686848669888,0.5036999260726488,0.51,0.027455268135670896,2025-12-21 14:56:00
62,2669,-0.2924149344136611,0.5050840550350628,0.51,0.02782112515072544,2025-12-21 14:56:00
62,2670,-0.2897521485720484,0.5064666192527143,0.51,0.028186252741165246,2025-12-21 14:56:00
62,2671,-0.28708082313632316,0.5078475012236153,0.51,0.028552231365081764,2025-12-21 14:56:01
62,2672,-0.2844014650187941,0.509226577611745,0.51,0.028918214229325764,2025-12-21 14:56:01
62,2673,-0.2817145917164329,0.5106037194702049,0.51,0.029283108534339138,2025-12-21 14:56:01
62,2674,-0.27902073075979206,0.5119787924725601,0.51,0.02964869051049108,2025-12-21 14:56:01
62,2675,-0.276320419145516,0.5133516571518152,0.51,0.026265598021852434,2025-12-21 14:56:01
62,2676,-0.27361420275369175,0.5147221691464609,0.51,0.026585831818334533,2025-12-21 14:56:01
62,2677,-0.27090263575132195,0.5160901794530082,0.51,0.02690650217809122,2025-12-21 14:56:01
62,2678,-0.26818627998323813,0.517455534684418,0.51,0.027226645291654274,2025-12-21 14:56:01
62,2679,-0.26546570435179995,0.5188180773338191,0.51,0.027546172339936142,2025-12-21 14:56:01
62,2680,-0.2627414841867499,0.5201776460429026,0.51,0.027864993495078857,2025-12-21 14:56:01
62,2681,-0.26001420060661184,0.5215340758743697,0.51,0.02818301797039437,2025-12-21 14:56:02
62,2682,-0.257284439873035,0.5228871985878111,0.51,0.028500154083490978,2025-12-21 14:56:02
62,2683,-0.25455279273949405,0.5242368429183865,0.51,0.028816309330010118,2025-12-21 14:56:02
62,2684,-0.25181985379575833,0.52558283485768,0.51,0.02913148849291769,2025-12-21 14:56:02
62,2685,-0.24908622080954332,0.5269249979361033,0.51,0.029444384000823012,2025-12-21 14:56:02
62,2686,-0.24635249406674903,0.5282631535062245,0.51,0.02975508077233987,2025-12-21 14:56:02
62,2687,-0.2436192757116802,0.5295971210264083,0.51,0.026729456703467408,2025-12-21 14:56:02
62,2688,-0.24088716908862662,0.5309267183441565,0.51,0.027006597177750037,2025-12-21 14:56:02
62,2689,-0.23815677808616062,0.5322517619785531,0.51,0.02727987647848723,2025-12-21 14:56:02
62,2690,-0.2354287064854852,0.533572067401225,0.51,0.027552833780295986,2025-12-21 14:56:02
62,2691,-0.23270355731413553,0.534887449315247,0.51,0.02782347068436587,2025-12-21 14:56:02
62,2692,-0.22998193220630458,0.5361977219314303,0.51,0.028093920808395415,2025-12-21 14:56:03
62,2693,-0.22726443077102573,0.5375026992414547,0.51,0.028362643860758787,2025-12-21 14:56:03
62,2694,-0.22455164996940538,0.5388021952873198,0.51,0.028629556191541457,2025-12-21 14:56:03
62,2695,-0.22184418350205437,0.5400960244266121,0.51,0.028894574548687407,2025-12-21 14:56:03
62,2696,-0.21914262120782027,0.5413840015931027,0.51,0.029157616147488446,2025-12-21 14:56:03
62,2697,-0.21644754847487316,0.5426659425522157,0.51,0.02941859874386462,2025-12-21 14:56:03
62,2698,-0.2137595456651451,0.5439416641509266,0.51,0.02967744071054643,2025-12-21 14:56:03
62,2699,-0.21107918755306954,0.545210984561678,0.51,0.02694115236123843,2025-12-21 14:56:03
62,2700,-0.2084070427795105,0.5464737235199195,0.51,0.0271718279922093,2025-12-21 14:56:03
62,2701,-0.20574367332171356,0.5477297025549074,0.51,0.027400373614383643,2025-12-21 14:56:03
62,2702,-0.20308963398005148,0.5489787452134249,0.51,0.02762680555130189,2025-12-21 14:56:04
62,2703,-0.20044547188227688,0.550220677276109,0.51,0.027851091106269252,2025-12-21 14:56:04
62,2704,-0.19781172600593352,0.5514553269660953,0.51,0.028072815364134168,2025-12-21 14:56:04
62,2705,-0.19518892671951596,0.5526825251497228,0.51,0.028292133526151286,2025-12-21 14:56:04
62,2706,-0.19257759534290525,0.5539021055290628,0.51,0.0285089802622721,2025-12-21 14:56:04
62,2707,-0.1899782437275471,0.5551139048260655,0.51,0.028723291522178375,2025-12-21 14:56:04
62,2708,-0.1873913738567764,0.5563177629581432,0.51,0.028935004589723434,2025-12-21 14:56:04
62,2709,-0.1848174774666316,0.5575135232050361,0.51,0.02914405813829597,2025-12-21 14:56:04
62,2710,-0.18225703568744123,0.5587010323668324,0.51,0.0293503922867281,2025-12-21 14:56:04
62,2711,-0.17971051870640584,0.5598801409130393,0.51,0.029553948655417037,2025-12-21 14:56:04
62,2712,-0.1771783854513399,0.5610507031226271,0.51,0.029754670422397298,2025-12-21 14:56:04
62,2713,-0.1746610832956809,0.5622125772149943,0.51,0.027230219384809514,2025-12-21 14:56:04
62,2714,-0.1721590477848172,0.5633656254718227,0.51,0.02740972756507731,2025-12-21 14:56:05
62,2715,-0.1696727023837326,0.5645097143498168,0.51,0.027584283621868277,2025-12-21 14:56:05
62,2716,-0.16720245824591243,0.5656447145843443,0.51,0.027757834333231014,2025-12-21 14:56:05
62,2717,-0.16474871400340582,0.5667705012840142,0.51,0.02792857862022016,2025-12-21 14:56:05
62,2718,-0.16231185557789127,0.567886954016251,0.51,0.02809647425910776,2025-12-21 14:56:05
62,2719,-0.15989225601254464,0.5689939568839435,0.51,0.02826047440649368,2025-12-21 14:56:05
62,2720,-0.15749027532446633,0.5700913985932649,0.51,0.028422416889206905,2025-12-21 14:56:05
62,2721,-0.1551062603773813,0.5711791725127778,0.51,0.02858139381965856,2025-12-21 14:56:05
62,2722,-0.152740544774287,0.5722571767239581,0.51,0.028737370287140705,2025-12-21 14:56:05
62,2723,-0.15039344876968666,0.5733253140632816,0.51,0.02889031329981058,2025-12-21 14:56:05
62,2724,-0.1480652792010107,0.5743834921560377,0.51,0.029040191815878608,2025-12-21 14:56:05
62,2725,-0.1457563294387974,0.5754316234420466,0.51,0.02918697677429189,2025-12-21 14:56:05
62,2726,-0.14346687935517344,0.5764696251934657,0.51,0.0293306411247785,2025-12-21 14:56:06
62,2727,-0.14119719531014785,0.5774974195248879,0.51,0.029471159857047093,2025-12-21 14:56:06
62,2728,-0.1389475301552084,0.5785149333959412,0.51,0.02960851002905107,2025-12-21 14:56:06
62,2729,-0.1367181232536863,0.5795220986066104,0.51,0.027265225579372228,2025-12-21 14:56:06
62,2730,-0.13450920051733564,0.5805188517855098,0.51,0.02738531389359155,2025-12-21 14:56:06
62,2731,-0.13232097445855573,0.581505134371343,0.51,0.02750450986789643,2025-12-21 14:56:06
62,2732,-0.13015364425766937,0.5824808925877933,0.51,0.027620738932455452,2025-12-21 14:56:06
62,2733,-0.12800739584465703,0.5834460774120938,0.51,0.027733989045889734,2025-12-21 14:56:06
62,2734,-0.12588240199473552,0.5844006445375287,0.51,0.02784425019752772,2025-12-21 14:56:06
62,2735,-0.12377882243716103,0.5853445543301269,0.51,0.02795151441418199,2025-12-21 14:56:06
62,2736,-0.12169680397662985,0.5862777717798039,0.51,0.02805577576611017,2025-12-21 14:56:06
62,2737,-0.11963648062664496,0.587200266446218,0.51,0.028157030371974544,2025-12-21 14:56:06
62,2738,-0.11759797375421382,0.5881120123996025,0.51,0.028255276402608137,2025-12-21 14:56:07
62,2739,-0.11558139223524166,0.5890129881568389,0.51,0.028350514083412232,2025-12-21 14:56:07
62,2740,-0.11358683261998517,0.589903176613036,0.51,0.028442745695221518,2025-12-21 14:56:07
62,2741,-0.11161437930793375,0.5907825649688778,0.51,0.02853197557346857,2025-12-21 14:56:07
62,2742,-0.10966410473148934,0.5916511446540019,0.51,0.02861821010551494,2025-12-21 14:56:07
62,2743,-0.10773606954782128,0.5925089112466693,0.51,0.02870145772599775,2025-12-21 14:56:07
62,2744,-0.10583032283827912,0.5933558643899813,0.51,0.02878172891006428,2025-12-21 14:56:07
62,2745,-0.10394690231475466,0.5941920077049003,0.51,0.028859036164370966,2025-12-21 14:56:07
62,2746,-0.1020858345323934,0.5950173487003211,0.51,0.028933394015737062,2025-12-21 14:56:07
62,2747,-0.10024713510806606,0.5958318986804422,0.51,0.029004818997350537,2025-12-21 14:56:07
62,2748,-0.09843080894402235,0.5966356726496775,0.51,0.02907332963242373,2025-12-21 14:56:07
62,2749,-0.09663685045616124,0.5974286892153448,0.51,0.029139360171202375,2025-12-21 14:56:07
62,2750,-0.09486524380636525,0.5982109704883624,0.51,0.029202041400426017,2025-12-21 14:56:08
62,2751,-0.09311596313836046,0.5989825419821808,0.51,0.02926187028925499,2025-12-21 14:56:08
62,2752,-0.09138897281657835,0.599743432510168,0.51,0.029318873142430778,2025-12-21 14:56:08
62,2753,-0.089684227667511,0.600493674081662,0.51,0.029373078141957328,2025-12-21 14:56:08
62,2754,-0.08800167322306705,0.6012333017968988,0.51,0.029424515314133603,2025-12-21 14:56:08
62,2755,-0.08634124596545213,0.6019623537410164,0.51,0.029473216493652303,2025-12-21 14:56:08
62,2756,-0.08470287357311412,0.6026808708773268,0.51,0.029519215284764304,2025-12-21 14:56:08
62,2757,-0.08308647516731091,0.6033888969400465,0.51,0.029562547019508535,2025-12-21 14:56:08
62,2758,-0.08149196155887534,0.6040864783266623,0.51,0.029603248713038408,2025-12-21 14:56:08
62,2759,-0.0799192354947699,0.6047736639901071,0.51,0.027362667445495543,2025-12-21 14:56:08
62,2760,-0.07836819190404122,0.6054505053309117,0.51,0.02739873863845273,2025-12-21 14:56:08
62,2761,-0.0768387181428024,0.6061170560894902,0.51,0.02743248520243382,2025-12-21 14:56:08
62,2762,-0.07533069423788885,0.6067733722387118,0.51,0.027463944565602274,2025-12-21 14:56:09
62,2763,-0.07384399312885154,0.6074195118769026,0.51,0.027493155428266355,2025-12-21 14:56:09
62,2764,-0.07237848090796885,0.6080555351214149,0.51,0.027520157710645914,2025-12-21 14:56:09
62,2765,-0.07093401705797651,0.6086815040028938,0.51,0.02754499249898116,2025-12-21 14:56:09
62,2766,-0.06951045468723219,0.609297482360365,0.51,0.027567701990037323,2025-12-21 14:56:09
62,2767,-0.06810764076204888,0.609903535737259,0.51,0.027588329434073456,2025-12-21 14:56:09
62,2768,-0.0667254163359487,0.6104997312784811,0.51,0.02760691907635279,2025-12-21 14:56:09
62,2769,-0.06536361677560498,0.6110861376286305,0.51,0.027624538830651052,2025-12-21 14:56:09
62,2770,-0.0640220719832581,0.6116628248314623,0.51,0.02763903518682348,2025-12-21 14:56:09
62,2771,-0.0627006066154059,0.6122298642306834,0.51,0.027651627295668245,2025-12-21 14:56:09
62,2772,-0.061399040297586464,0.612787328372164,0.51,0.02766236298453538,2025-12-21 14:56:09
62,2773,-0.06011718783508612,0.6133352909076414,0.51,0.027671290772541355,2025-12-21 14:56:09
62,2774,-0.05885485941942101,0.6138738264999855,0.51,0.02767845980504892,2025-12-21 14:56:09
62,2775,-0.05761186083045559,0.6144030107300906,0.51,0.027683919787454655,2025-12-21 14:56:10
62,2776,-0.05638799363403581,0.6149229200054529,0.51,0.027687720918432468,2025-12-21 14:56:10
62,2777,-0.055183055375028794,0.6154336314704828,0.51,0.027689913822769287,2025-12-21 14:56:10
62,2778,-0.05399683976567453,0.6159352229186031,0.51,0.027690549483966678,2025-12-21 14:56:10
62,2779,-0.05282913686916823,0.6164277727061711,0.51,0.02768967917675337,2025-12-21 14:56:10
62,2780,-0.051679733278404714,0.6169113596682626,0.51,0.02768735439967508,2025-12-21 14:56:10
62,2781,-0.05054841228982839,0.6173860630363487,0.51,0.027683626807929195,2025-12-21 14:56:10
62,2782,-0.049434954072344245,0.6178519623578905,0.51,0.027678548146604316,2025-12-21 14:56:10
62,2783,-0.0483391358312564,0.6183091374178751,0.51,0.02767217018448678,2025-12-21 14:56:10
62,2784,-0.047260731967211644,0.6187576681623072,0.51,0.027664544648605793,2025-12-21 14:56:10
62,2785,-0.046199514230135574,0.6191976346236714,0.51,0.027655723159666922,2025-12-21 14:56:10
62,2786,-0.04515525186815881,0.6196291168483711,0.51,0.027645757168553785,2025-12-21 14:56:10
62,2787,-0.044127711771539894,0.6200521948261493,0.51,0.027634697894024535,2025-12-21 14:56:11
62,2788,-0.04311665861160044,0.6204669484214911,0.51,0.02762259626178397,2025-12-21 14:56:11
62,2789,-0.04212185497469615,0.6208734573070044,0.51,0.02760950284505637,2025-12-21 14:56:11
62,2790,-0.041143061491255274,0.6212718008987713,0.51,0.02759546780681361,2025-12-21 14:56:11
62,2791,-0.040180036959923206,0.6216620582936603,0.51,0.027580540843779727,2025-12-21 14:56:11
62,2792,-0.039232538466858785,0.622044308208584,0.51,0.027564771132353314,2025-12-21 14:56:11
62,2793,-0.03830032150023419,0.6224186289216878,0.51,0.027548207276549372,2025-12-21 14:56:11
62,2794,-0.037383140059995934,0.6227850982154458,0.51,0.027532667977288455,2025-12-21 14:56:11
62,2795,-0.03648074676295008,0.6231437933216462,0.51,0.027514788285501093,2025-12-21 14:56:11
62,2796,-0.03559289294323944,0.6234947908682354,0.51,0.027496256049571323,2025-12-21 14:56:11
62,2797,-0.03471932874828506,0.6238381668279982,0.51,0.027477116990382175,2025-12-21 14:56:11
62,2798,-0.03385980323026818,0.6241739964690391,0.51,0.02745741603294993,2025-12-21 14:56:11
62,2799,-0.033014064433232494,0.6245023543070366,0.51,0.027437197268713704,2025-12-21 14:56:12
62,2800,-0.032181859475889474,0.6248233140592327,0.51,0.02741650392039681,2025-12-21 14:56:12
62,2801,-0.031362934630212363,0.6251369486001243,0.51,0.027395378309503327,2025-12-21 14:56:12
62,2802,-0.03055703539590668,0.6254433299188157,0.51,0.027373861826470263,2025-12-21 14:56:12
62,2803,-0.029763906570846876,0.6257425290779954,0.51,0.027351994903478158,2025-12-21 14:56:12
62,2804,-0.028983292317570516,0.6260346161744936,0.51,0.02960589457747881,2025-12-21 14:56:12
62,2805,-0.028214936225922298,0.6263196603013801,0.51,0.029577978986154795,2025-12-21 14:56:12
62,2806,-0.02745858137194123,0.6265977295115582,0.51,0.029549939576924988,2025-12-21 14:56:12
62,2807,-0.026713970373084702,0.6268688907828105,0.51,0.029521814651805825,2025-12-21 14:56:12
62,2808,-0.025980845439883365,0.62713320998425,0.51,0.029493641220184632,2025-12-21 14:56:12
62,2809,-0.025258948424120724,0.6273907518441328,0.51,0.02946545499102691,2025-12-21 14:56:12
62,2810,-0.0245480208636309,0.627641579918983,0.51,0.029437290368359487,2025-12-21 14:56:12
62,2811,-0.02384780402380743,0.6278857565639842,0.51,0.029409180449898393,2025-12-21 14:56:13
62,2812,-0.023158038935915146,0.6281233429045896,0.51,0.029381157028709883,2025-12-21 14:56:13
62,2813,-0.02247846643229609,0.628354398809303,0.51,0.02935325059778219,2025-12-21 14:56:13
62,2814,-0.021808827178559153,0.6285789828635817,0.51,0.029332703258602804,2025-12-21 14:56:13
62,2815,-0.021148861702841727,0.6287971523448154,0.51,0.029305633506387985,2025-12-21 14:56:13
62,2816,-0.020498310422230097,0.629008963198331,0.51,0.029278755812770604,2025-12-21 14:56:13
62,2817,-0.019856913666423528,0.6292144700143781,0.51,0.02925209537071309,2025-12-21 14:56:13
62,2818,-0.01922441169872525,0.6294137260060464,0.51,0.029229398691583308,2025-12-21 14:56:13
62,2819,-0.018600544734441615,0.6296067829880686,0.51,0.029203515242721214,2025-12-21 14:56:13
62,2820,-0.017985052956768686,0.6297936913564639,0.51,0.029177912532039784,2025-12-21 14:56:13
62,2821,-0.0173776765302436,0.6299745000689753,0.51,0.02915261092715058,2025-12-21 14:56:13
62,2822,-0.01677815561183587,0.6301492566262571,0.51,0.02912762967689877,2025-12-21 14:56:13
62,2823,-0.016186230359751815,0.6303180070537695,0.51,0.02910298693561606,2025-12-21 14:56:13
62,2824,-0.01560164094002327,0.6304807958843363,0.51,0.029078699788627992,2025-12-21 14:56:14
62,2825,-0.015024127530949652,0.6306376661413253,0.51,0.029054784278830126,2025-12-21 14:56:14
62,2826,-0.014453430325460564,0.6307886593224122,0.51,0.029031255434244,2025-12-21 14:56:14
62,2827,-0.013889289531464165,0.6309338153838869,0.51,0.029008127296364566,2025-12-21 14:56:14
62,2828,-0.013331445370244785,0.6310731727254666,0.51,0.028985412949190156,2025-12-21 14:56:14
62,2829,-0.012779638072971502,0.6312067681755789,0.51,0.02896312454880342,2025-12-21 14:56:14
62,2830,-0.012233607875377835,0.6313346369770811,0.51,0.028941273353360365,2025-12-21 14:56:14
62,2831,-0.011693095010671256,0.6314568127733828,0.51,0.028919869753393435,2025-12-21 14:56:14
62,2832,-0.01115783970072988,0.63157332759494,0.51,0.028898923302282362,2025-12-21 14:56:14
62,2833,-0.010627582145642567,0.6316842118460926,0.51,0.028878442746808855,2025-12-21 14:56:14
62,2834,-0.010102062511647697,0.631789494292218,0.51,0.028858436057674436,2025-12-21 14:56:14
62,2835,-0.009581020917525017,0.6318892020471741,0.51,0.028838910459891898,2025-12-21 14:56:14
62,2836,-0.00906419741949445,0.6319833605610095,0.51,0.02881987246294269,2025-12-21 14:56:15
62,2837,-0.008551331994675254,0.6320719936079187,0.51,0.028801327890637926,2025-12-21 14:56:15
62,2838,-0.008042164523158774,0.6321551232744238,0.51,0.02878328191056753,2025-12-21 14:56:15
62,2839,-0.007536434768748051,0.6322327699477648,0.51,0.028765739063090247,2025-12-21 14:56:15
62,2840,-0.00703388235841775,0.6323049523044829,0.51,0.02874870328977849,2025-12-21 14:56:15
62,2841,-0.006534246760548391,0.6323716872991861,0.51,0.028732177961254362,2025-12-21 14:56:15
62,2842,-0.006037267261989511,0.6324329901534838,0.51,0.02871616590435399,2025-12-21 14:56:15
62,2843,-0.005542682944007348,0.6324888743450838,0.51,0.028700669428569667,2025-12-21 14:56:15
62,2844,-0.0050502326571737945,0.6325393515970462,0.51,0.02868569035172541,2025-12-21 14:56:15
62,2845,-0.004559654995254744,0.6325844318671884,0.51,0.028671230024810083,2025-12-21 14:56:15
62,2846,-0.004070688268157622,0.6326241233376416,0.51,0.028657289355970093,2025-12-21 14:56:15
62,2847,-0.003583070473999731,0.6326584324045602,0.51,0.028643868833585388,2025-12-21 14:56:15
62,2848,-0.0030965392703611394,0.6326873636679857,0.51,0.02863096854842454,2025-12-21 14:56:15
62,2849,-0.0026108319447881887,0.632710919921873,0.51,0.028626096678822478,2025-12-21 14:56:16
62,2850,-0.002125685384616212,0.632729102144286,0.51,0.028615150397119118,2025-12-21 14:56:16
62,2851,-0.0016408360461828528,0.6327419094877744,0.51,0.02860470467467352,2025-12-21 14:56:16
62,2852,-0.0011560199235063342,0.6327493392699444,0.51,0.028594758387312152,2025-12-21 14:56:16
62,2853,-0.0006709725165062367,0.6327513869642377,0.51,0.02858531014173008,2025-12-21 14:56:16
62,2854,-0.00018542879884771916,0.6327480461909405,0.51,0.028576358288651637,2025-12-21 14:56:16
62,2855,0.0003008768145062887,0.6327393087084382,0.51,0.028570397301401186,2025-12-21 14:56:16
62,2856,0.0007882104999466285,0.6327251644047435,0.51,0.028562621641224733,2025-12-21 14:56:16
62,2857,0.001276839057980948,0.6327056012893197,0.51,0.028555332150107218,2025-12-21 14:56:16
62,2858,0.001767029946011878,0.6326806054852305,0.51,0.028548526352898288,2025-12-21 14:56:16
62,2859,0.002259051311029726,0.6326501612216432,0.51,0.028542201571943846,2025-12-21 14:56:16
62,2860,0.002753172022114651,0.6326142508267212,0.51,0.02853635493419475,2025-12-21 14:56:17
62,2861,0.0032496617026387346,0.6325728547209397,0.51,0.028530983377343833,2025-12-21 14:56:17
62,2862,0.0037487907620536824,0.6325259514108623,0.51,0.02852608365500043,2025-12-21 14:56:17
62,2863,0.004250830427145122,0.632473517483419,0.51,0.028521652340889884,2025-12-21 14:56:17
62,2864,0.004756052772629565,0.6324155276007276,0.51,0.028517685832077092,2025-12-21 14:56:17
62,2865,0.005264730750965147,0.6323519544955051,0.51,0.02851418035120846,2025-12-21 14:56:17
62,2866,0.0057771382212422305,0.6322827689671133,0.51,0.02851217956627477,2025-12-21 14:56:17
62,2867,0.006293549977014838,0.632207939878292,0.51,0.028509664428716452,2025-12-21 14:56:17
62,2868,0.0068142417729287925,0.6321274341526284,0.51,0.02850759647072217,2025-12-21 14:56:17
62,2869,0.007339490349997251,0.6320412167728192,0.51,0.028505971263930344,2025-12-21 14:56:17
62,2870,0.007869573459369181,0.6319492507797813,0.51,0.028504784202038058,2025-12-21 14:56:17
62,2871,0.008404769884431161,0.6318514972726688,0.51,0.02850403049703042,2025-12-21 14:56:17
62,2872,0.008945359461077784,0.6317479154098592,0.51,0.02850348933425148,2025-12-21 14:56:18
62,2873,0.009491623095980836,0.63163846241097,0.51,0.028503686948057928,2025-12-21 14:56:18
62,2874,0.010043842782682454,0.631523093559972,0.51,0.028504301783303414,2025-12-21 14:56:18
62,2875,0.010602301615332505,0.6314017622094668,0.51,0.028505328278059787,2025-12-21 14:56:18
62,2876,0.011167283799885647,0.6312744197861953,0.51,0.028506760659988476,2025-12-21 14:56:18
62,2877,0.011739074662568834,0.6311410157978522,0.51,0.028508771818370644,2025-12-21 14:56:18
62,2878,0.012317960655425514,0.6310014978412765,0.51,0.028511080123924445,2025-12-21 14:56:18
62,2879,0.01290422935873843,0.6308558116120925,0.51,0.02851377515837134,2025-12-21 14:56:18
62,2880,0.013498169480128754,0.6307039009158806,0.51,0.028516850210156805,2025-12-21 14:56:18
62,2881,0.014100070850125431,0.6305457076809525,0.51,0.028520298299590217,2025-12-21 14:56:18
62,2882,0.014710224413994936,0.6303811719728124,0.51,0.02852411216336913,2025-12-21 14:56:18
62,2883,0.015328922219618263,0.6302102320103836,0.51,0.02852828423813075,2025-12-21 14:56:18
62,2884,0.015956457401198974,0.6300328241840837,0.51,0.028532806643016634,2025-12-21 14:56:19
62,2885,0.016593124158583408,0.6298488830758301,0.51,0.028537671161230328,2025-12-21 14:56:19
62,2886,0.01723921773197184,0.629658341481061,0.51,0.028542869220615205,2025-12-21 14:56:19
62,2887,0.017895034371797507,0.6294611304328556,0.51,0.028548391873221293,2025-12-21 14:56:19
62,2888,0.018560871303548977,0.6292571792282389,0.51,0.02855562924281388,2025-12-21 14:56:19
62,2889,0.01923702668731032,0.6290464154567578,0.51,0.02856194886447827,2025-12-21 14:56:19
62,2890,0.019923799571793202,0.6288287650314127,0.51,0.02856856227367182,2025-12-21 14:56:19
62,2891,0.020621489842635066,0.6286041522220318,0.51,0.02857545889923389,2025-12-21 14:56:19
62,2892,0.021330398164738317,0.6283724996911719,0.51,0.028582627677416872,2025-12-21 14:56:19
62,2893,0.0220508259184268,0.6281337285326332,0.51,0.028590057025297887,2025-12-21 14:56:19
62,2894,0.02278307512919787,0.627887758312669,0.51,0.028597734813223922,2025-12-21 14:56:19
62,2895,0.023527448390851156,0.6276345071139764,0.51,0.02860564833626857,2025-12-21 14:56:19
62,2896,0.02428424878177858,0.6273738915825473,0.51,0.028613784284738063,2025-12-21 14:56:19
62,2897,0.025053779774204574,0.6271058269774604,0.51,0.028622128713713234,2025-12-21 14:56:20
62,2898,0.025836345136170526,0.6268302272236926,0.51,0.02863066701166831,2025-12-21 14:56:20
62,2899,0.026632248826063614,0.6265470049680237,0.51,0.028639383868165086,2025-12-21 14:56:20
62,2900,0.027441794879497078,0.6262560716381087,0.51,0.028648263240659094,2025-12-21 14:56:20
62,2901,0.028265287288356936,0.6259573375047854,0.51,0.028648438700709336,2025-12-21 14:56:20
62,2902,0.029103029871839124,0.6256507117476843,0.51,0.02865679383696773,2025-12-21 14:56:20
62,2903,0.02995532613931093,0.6253361025242015,0.51,0.02866720931382217,2025-12-21 14:56:20
62,2904,0.030822479144841725,0.6250134170418928,0.51,0.02867602101768969,2025-12-21 14:56:20
62,2905,0.03170479133326008,0.6246825616343404,0.51,0.028684906029246487,2025-12-21 14:56:20
62,2906,0.03260256437760775,0.6243434418405397,0.51,0.028693842865198695,2025-12-21 14:56:20
62,2907,0.033516099007875354,0.6239959624878466,0.51,0.028702809058341758,2025-12-21 14:56:20
62,2908,0.03444569483092038,0.6236400277785209,0.51,0.028711781118638056,2025-12-21 14:56:20
62,2909,0.035391650141484966,0.6232755413798923,0.51,0.02872073449385816,2025-12-21 14:56:21
62,2910,0.036354261724249035,0.6229024065181697,0.51,0.02872964352986699,2025-12-21 14:56:21
62,2911,0.03733382464687378,0.6225205260759076,0.51,0.028738481430658696,2025-12-21 14:56:21
62,2912,0.03833063204401111,0.62212980269313,0.51,0.028747220218216202,2025-12-21 14:56:21
62,2913,0.039344974892276646,0.6217301388721111,0.51,0.028755830692353115,2025-12-21 14:56:21
62,2914,0.040377141776206917,0.6213214370857947,0.51,0.028764282390626495,2025-12-21 14:56:21
62,2915,0.04142741864524597,0.620903599889829,0.51,0.02877254354847228,2025-12-21 14:56:21
62,2916,0.042496088561832214,0.6204765300381822,0.51,0.028780581059714306,2025-12-21 14:56:21
62,2917,0.04358343144068325,0.6200401306022907,0.51,0.028785420277315996,2025-12-21 14:56:21
62,2918,0.044689723779404514,0.6195943050936839,0.51,0.028792552046996756,2025-12-21 14:56:21
62,2919,0.045815238380576766,0.619138957590014,0.51,0.028799352083561464,2025-12-21 14:56:21
62,2920,0.04696024406550799,0.6186739928644096,0.51,0.02880578134311055,2025-12-21 14:56:21
62,2921,0.04812500537986642,0.6181993165180556,0.51,0.028811799256924685,2025-12-21 14:56:21
62,2922,0.049309782291443956,0.6177148351158925,0.51,0.02881736369818538,2025-12-21 14:56:22
62,2923,0.05051482988033263,0.6172204563253106,0.51,0.028822430950492025,2025-12-21 14:56:22
62,2924,0.051740398021830704,0.6167160890577027,0.51,0.02882695567842476,2025-12-21 14:56:22
62,2925,0.052986731062430084,0.6162016436127231,0.51,0.02883089090043712,2025-12-21 14:56:22
62,2926,0.05425406748927214,0.6156770318250877,0.51,0.028834187964370244,2025-12-21 14:56:22
62,2927,0.05554263959349511,0.6151421672137319,0.51,0.028832943842373077,2025-12-21 14:56:22
62,2928,0.056852673127932796,0.6145969651331317,0.51,0.028831987320285194,2025-12-21 14:56:22
62,2929,0.05818438695966078,0.6140413429265739,0.51,0.028832404023296145,2025-12-21 14:56:22
62,2930,0.05953799271792353,0.6134752200811501,0.51,0.02883197089156075,2025-12-21 14:56:22
62,2931,0.06091369443801238,0.6128985183842296,0.51,0.028830630411430365,2025-12-21 14:56:22
62,2932,0.06231168820170105,0.6123111620811548,0.51,0.028828323338476226,2025-12-21 14:56:22
62,2933,0.06373216177488177,0.6117130780338841,0.51,0.028824988701242112,2025-12-21 14:56:22
62,2934,0.06517529424308074,0.6111041958802953,0.51,0.028820563810511596,2025-12-21 14:56:23
62,2935,0.0666412556455667,0.6104844481938454,0.51,0.02881498427453432,2025-12-21 14:56:23
62,2936,0.06813020660880045,0.6098537706432693,0.51,0.028808184020609525,2025-12-21 14:56:23
62,2937,0.06964229798000661,0.6092121021519866,0.51,0.02880009532347056,2025-12-21 14:56:23
62,2938,0.07117767046167979,0.6085593850568708,0.51,0.028790648840899016,2025-12-21 14:56:23
62,2939,0.07273645424786851,0.607895565266024,0.51,0.02877977365699378,2025-12-21 14:56:23
62,2940,0.07431876866310802,0.6072205924151871,0.51,0.028767397333541035,2025-12-21 14:56:23
62,2941,0.0759247218048999,0.6065344200224053,0.51,0.028753445969887208,2025-12-21 14:56:23
62,2942,0.07755441019066092,0.6058370056405556,0.51,0.028737844271760644,2025-12-21 14:56:23
62,2943,0.07920791841008544,0.6051283110073387,0.51,0.02872051562940409,2025-12-21 14:56:23
62,2944,0.08088531878388519,0.6044083021923231,0.51,0.028701382205439104,2025-12-21 14:56:23
62,2945,0.08258667102988722,0.6036769497406284,0.51,0.028663918363657396,2025-12-21 14:56:23
62,2946,0.08431202193748433,0.6029342288128224,0.51,0.028639594817604717,2025-12-21 14:56:23
62,2947,0.08606140505144307,0.6021801193206082,0.51,0.02861323766575337,2025-12-21 14:56:24
62,2948,0.08783484036608181,0.601414606057869,0.51,0.028584765256474756,2025-12-21 14:56:24
62,2949,0.08963233403083522,0.6006376788266398,0.51,0.028554095357447927,2025-12-21 14:56:24
62,2950,0.09145387806822149,0.5998493325575742,0.51,0.02851068687203704,2025-12-21 14:56:24
62,2951,0.09329945010522561,0.5990495674244747,0.51,0.02847435219499761,2025-12-21 14:56:24
62,2952,0.09516901311910411,0.5982383889524583,0.51,0.028435584680970797,2025-12-21 14:56:24
62,2953,0.09706251519860537,0.597415808119336,0.51,0.02839430189849558,2025-12-21 14:56:24
62,2954,0.09897988932158432,0.5965818414497871,0.51,0.028350421744346318,2025-12-21 14:56:24
62,2955,0.10092105314997044,0.5957365111019203,0.51,0.02830490935126124,2025-12-21 14:56:24
62,2956,0.10288590884302416,0.5948798449458232,0.51,0.028254948503064703,2025-12-21 14:56:24
62,2957,0.10487434288978896,0.5940118766337127,0.51,0.028202786940478987,2025-12-21 14:56:24
62,2958,0.10688622596161365,0.5931326456613106,0.51,0.02814770700542801,2025-12-21 14:56:24
62,2959,0.10892141278558361,0.592242197420089,0.51,0.02808963155149432,2025-12-21 14:56:25
62,2960,0.11097974203965852,0.5913405832400404,0.51,0.028028485152211926,2025-12-21 14:56:25
62,2961,0.11306103627026987,0.5904278604226516,0.51,0.027960961127079367,2025-12-21 14:56:25
62,2962,0.11516510183308279,0.5895040922637782,0.51,0.027893296012860926,2025-12-21 14:56:25
62,2963,0.11729172885757452,0.5885693480661378,0.51,0.027822353196172888,2025-12-21 14:56:25
62,2964,0.11944069123602553,0.5876237031411662,0.51,0.02774806684061244,2025-12-21 14:56:25
62,2965,0.12161174663746005,0.5866672388000035,0.51,0.02767037417484368,2025-12-21 14:56:25
62,2966,0.1238046365470097,0.5857000423334048,0.51,0.02758921577023937,2025-12-21 14:56:25
62,2967,0.12601908633110834,0.5847222069803973,0.51,0.0275045358175091,2025-12-21 14:56:25
62,2968,0.12825480532885736,0.5837338318855346,0.51,0.02741628240060612,2025-12-21 14:56:25
62,2969,0.13051148696982942,0.5827350220446293,0.51,0.02732440776611803,2025-12-21 14:56:25
62,2970,0.1327888089185057,0.581725888238877,0.51,0.027226374922322202,2025-12-21 14:56:25
62,2971,0.13508643324546565,0.5807065469573136,0.51,0.027127009967177398,2025-12-21 14:56:26
62,2972,0.1374040066253722,0.5796771203075843,0.51,0.027023914815711255,2025-12-21 14:56:26
62,2973,0.13974116056171623,0.5786377359150336,0.51,0.026910329960357915,2025-12-21 14:56:26
62,2974,0.1420975116382061,0.577588526810159,0.51,0.029232200376952434,2025-12-21 14:56:26
62,2975,0.14447266179660734,0.5765296313045059,0.51,0.029099650677300255,2025-12-21 14:56:26
62,2976,0.14686619864075856,0.5754611928551151,0.51,0.02896308481073605,2025-12-21 14:56:26
62,2977,0.1492776957664102,0.5743833599176686,0.51,0.028822506685411496,2025-12-21 14:56:26
62,2978,0.1517067131164527,0.5732962857885106,0.51,0.02867792694089159,2025-12-21 14:56:26
62,2979,0.1541527973610238,0.5722001284357577,0.51,0.028529363005106976,2025-12-21 14:56:26
62,2980,0.15661548230190742,0.5710950503197438,0.51,0.02837349850995632,2025-12-21 14:56:26
62,2981,0.15909428930056135,0.5699812182030747,0.51,0.028209703911582902,2025-12-21 14:56:26
62,2982,0.16158872772903854,0.5688588029506038,0.51,0.028049063666898136,2025-12-21 14:56:26
62,2983,0.16409829544299556,0.5677279793196668,0.51,0.027884621229578493,2025-12-21 14:56:27
62,2984,0.16662247927591461,0.5665889257409445,0.51,0.027709039805997995,2025-12-21 14:56:27
62,2985,0.1691607555536,0.5654418240903498,0.51,0.027536978949725482,2025-12-21 14:56:27
62,2986,0.17171259062794908,0.564286859452363,0.51,0.02736132471952677,2025-12-21 14:56:27
62,2987,0.17427744142893944,0.5631242198752648,0.51,0.02718214411796554,2025-12-21 14:56:27
62,2988,0.17685475603372017,0.561954096118738,0.51,0.026999509815132976,2025-12-21 14:56:27
62,2989,0.17944397425164568,0.560776681394334,0.51,0.026813499929399767,2025-12-21 14:56:27
62,2990,0.1820445282240442,0.5595921710993179,0.51,0.02662419777919711,2025-12-21 14:56:27
62,2991,0.18465584303747296,0.5584007625444265,0.51,0.02905386111048741,2025-12-21 14:56:27
62,2992,0.1872773373491748,0.5572026546760881,0.51,0.028828762015881217,2025-12-21 14:56:27
62,2993,0.1899084240234205,0.5559980477936689,0.51,0.028595104611332706,2025-12-21 14:56:27
62,2994,0.19254851077739352,0.5547871432623227,0.51,0.028365189896133493,2025-12-21 14:56:28
62,2995,0.1951970008352523,0.5535701432220314,0.51,0.028132856108821592,2025-12-21 14:56:28
62,2996,0.1978532935889895,0.5523472502934316,0.51,0.027898205330281936,2025-12-21 14:56:28
62,2997,0.20051678526469485,0.55111866728103,0.51,0.027661341261038433,2025-12-21 14:56:28
62,2998,0.20318686959282192,0.5498845968744138,0.51,0.02741991810782506,2025-12-21 14:56:28
62,2999,0.2058629384810583,0.5486452413480641,0.51,0.027188818807335126,2025-12-21 14:56:28
62,3000,0.2085443826884007,0.5474008022603815,0.51,0.02694607148288433,2025-12-21 14:56:28
62,3001,0.21123059249904558,0.5461514801525312,0.51,0.026700473162602933,2025-12-21 14:56:28
62,3002,0.21392095839471817,0.5448974742477108,0.51,0.02645396952326307,2025-12-21 14:56:28
62,3003,0.21661487172408037,0.5436389821514376,0.51,0.026205873823057408,2025-12-21 14:56:28
62,3004,0.2193117253678796,0.5423761995534464,0.51,0.02883463428672925,2025-12-21 14:56:28
62,3005,0.22201091439852688,0.5411093199317796,0.51,0.02854580383834541,2025-12-21 14:56:28
62,3006,0.22471183673282186,0.5398385342596381,0.51,0.028256567808240637,2025-12-21 14:56:29
62,3007,0.22741389377657711,0.5385640307155531,0.51,0.02796699048811225,2025-12-21 14:56:29
62,3008,0.23011649105993068,0.537285994397421,0.51,0.027676984812801553,2025-12-21 14:56:29
62,3009,0.23281903886217675,0.5360046070409312,0.51,0.02738708456140047,2025-12-21 14:56:29
62,3010,0.2355209528249882,0.5347200467429009,0.51,0.02709702558487563,2025-12-21 14:56:29
62,3011,0.23822165455295097,0.5334324876900082,0.51,0.026806868732625697,2025-12-21 14:56:29
62,3012,0.2409205722003798,0.5321420998934037,0.51,0.026516673975090378,2025-12-21 14:56:29
62,3013,0.24361714104343535,0.5308490489296549,0.51,0.02622729531364105,2025-12-21 14:56:29
62,3014,0.24631080403661693,0.5295534956884613,0.51,0.025937751216465334,2025-12-21 14:56:29
62,3015,0.24900101235275932,0.5282555961275548,0.51,0.02884887754744848,2025-12-21 14:56:29
62,3016,0.2516872259057189,0.5269555010351799,0.51,0.028514185033985798,2025-12-21 14:56:29
62,3017,0.2543689138549918,0.5256533558005253,0.51,0.028181012010262577,2025-12-21 14:56:29
62,3018,0.25704555509156446,0.5243493001924574,0.51,0.027849294624184066,2025-12-21 14:56:30
62,3019,0.2597166387043576,0.5230434681468811,0.51,0.027518977169294658,2025-12-21 14:56:30
62,3020,0.2623816644266817,0.5217359875630333,0.51,0.02718968081040692,2025-12-21 14:56:30
62,3021,0.26504014306218265,0.5204269801089914,0.51,0.02686220095758188,2025-12-21 14:56:30
62,3022,0.2676915968898161,0.5191165610366536,0.51,0.026535994235941447,2025-12-21 14:56:30
62,3023,0.2703355600474455,0.5178048390064305,0.51,0.026211030855849044,2025-12-21 14:56:30
62,3024,0.2729715788937196,0.5164919159218598,0.51,0.025887286897643483,2025-12-21 14:56:30
62,3025,0.27559921234793994,0.5151778867743385,0.51,0.029213243863420713,2025-12-21 14:56:30
62,3026,0.2782180322076872,0.5138628394981432,0.51,0.02883807395476462,2025-12-21 14:56:30
62,3027,0.2808276234440288,0.5125468548358891,0.51,0.028465248010433535,2025-12-21 14:56:30
62,3028,0.2834275844741842,0.5112300062145584,0.51,0.028094963767848452,2025-12-21 14:56:30
62,3029,0.2860175274115768,0.5099123596322074,0.51,0.0277264197143692,2025-12-21 14:56:30
62,3030,0.2885970782932506,0.5085939735554458,0.51,0.02736039957348385,2025-12-21 14:56:30
62,3031,0.2911658772846792,0.5072748988277601,0.51,0.02699652888665137,2025-12-21 14:56:31
62,3032,0.2937235788620415,0.5059551785887385,0.51,0.026634702739208226,2025-12-21 14:56:31
62,3033,0.2962698519720814,0.504634848204235,0.51,0.026274832218351533,2025-12-21 14:56:31
62,3034,0.29880438016971317,0.5033139352074986,0.51,0.02591684243987711,2025-12-21 14:56:31
62,3035,0.3013268617335731,0.5019924592512744,0.51,0.025560670769179093,2025-12-21 14:56:31
62,3036,0.3038370097597563,0.5006704320708731,0.51,0.029402962664892104,2025-12-21 14:56:31
62,3037,0.3063345522340138,0.4993478574581882,0.51,0.028985236228829748,2025-12-21 14:56:31
62,3038,0.3088192320827172,0.49802473124663227,0.51,0.028570758054587194,2025-12-21 14:56:31
62,3039,0.31129080720293134,0.4967010413069487,0.51,0.02815599348642448,2025-12-21 14:56:31
62,3040,0.3137490504719613,0.4953767675538469,0.51,0.027746682094276214,2025-12-21 14:56:31
62,3041,0.3161937497367696,0.49405188196339733,0.51,0.027339800641451847,2025-12-21 14:56:31
62,3042,0.3186247077836816,0.49272634860111564,0.51,0.026935695810189394,2025-12-21 14:56:31
62,3043,0.3210417422888191,0.4914001236606555,0.51,0.026534029859397026,2025-12-21 14:56:32
62,3044,0.3234446857497232,0.4900731555130233,0.51,0.026134610728106827,2025-12-21 14:56:32
62,3045,0.32583338539864387,0.4887453847662201,0.51,0.02573747416654242,2025-12-21 14:56:32
62,3046,0.3282077030979893,0.48741674433521154,0.51,0.025337830992365494,2025-12-21 14:56:32
62,3047,0.3305675152184418,0.48608715952211884,0.51,0.024944064357497495,2025-12-21 14:56:32
62,3048,0.33291271250025845,0.48475654810652163,0.51,0.02946117389147459,2025-12-21 14:56:32
62,3049,0.33524319989828383,0.48342482044575685,0.51,0.029020844153733592,2025-12-21 14:56:32
62,3050,0.33755889641121084,0.48209187958509475,0.51,0.02867475126545893,2025-12-21 14:56:32
62,3051,0.3398597348956307,0.4807576213776699,0.51,0.028255524875578825,2025-12-21 14:56:32
62,3052,0.34214566186541845,0.4794219346140412,0.51,0.027812414113856265,2025-12-21 14:56:32
62,3053,0.34441663727700267,0.4780847011612515,0.51,0.02736980865599664,2025-12-21 14:56:32
62,3054,0.34667263430107037,0.47674579611125656,0.51,0.0269278026076397,2025-12-21 14:56:32
62,3055,0.3489136390812578,0.4754050879385876,0.51,0.0264864915750337,2025-12-21 14:56:32
62,3056,0.3511396504803769,0.4740624386671118,0.51,0.02607530888874492,2025-12-21 14:56:33
62,3057,0.3533506798147255,0.47271770404575036,0.51,0.025637593762543716,2025-12-21 14:56:33
62,3058,0.35554675057702645,0.47137073373301286,0.51,0.0252004682704542,2025-12-21 14:56:33
62,3059,0.3577278981485359,0.470021371490202,0.51,0.02476404378156996,2025-12-21 14:56:33
62,3060,0.3598941695008582,0.4686694553831419,0.51,0.024328426462325546,2025-12-21 14:56:33
62,3061,0.36204562288799763,0.46731481799227786,0.51,0.02389371610380804,2025-12-21 14:56:33
62,3062,0.36418232752917273,0.4659572866309931,0.51,0.029370106270373716,2025-12-21 14:56:33
62,3063,0.3663043632829117,0.464596683571984,0.51,0.02883010813875925,2025-12-21 14:56:33
62,3064,0.3684118203129414,0.46323282628153023,0.51,0.02828710458634887,2025-12-21 14:56:33
62,3065,0.3705047987463745,0.4618655276614915,0.51,0.02774561994148968,2025-12-21 14:56:33
62,3066,0.3725834083246937,0.46049459629885836,0.51,0.02720577501750604,2025-12-21 14:56:33
62,3067,0.37464776804802297,0.45911983672267576,0.51,0.02666767204509929,2025-12-21 14:56:34
62,3068,0.3766980058131693,0.45774104966815443,0.51,0.02613139607916266,2025-12-21 14:56:34
62,3069,0.37873425804591193,0.4563580323477755,0.51,0.02559701636575037,2025-12-21 14:56:34
62,3070,0.38075666932800717,0.4549705787291866,0.51,0.02506458764970944,2025-12-21 14:56:34
62,3071,0.38276539201937193,0.4535784798196789,0.51,0.024534151413074006,2025-12-21 14:56:34
62,3072,0.3847605858759011,0.452181523957024,0.51,0.024005737039736633,2025-12-21 14:56:34
62,3073,0.3867424176633684,0.4507794971064407,0.51,0.023479362905069055,2025-12-21 14:56:34
62,3074,0.38871106076785394,0.44937218316344923,0.51,0.022955037391040253,2025-12-21 14:56:34
62,3075,0.39066669480313626,0.44795936426235833,0.51,0.02243275982856794,2025-12-21 14:56:34
62,3076,0.3926095052154822,0.44654082109011917,0.51,0.029211205947086524,2025-12-21 14:56:34
62,3077,0.39453968288626196,0.445116333205265,0.51,0.028505172359577297,2025-12-21 14:56:34
62,3078,0.3964574237328141,0.44368567936164194,0.51,0.0278056119872611,2025-12-21 14:56:34
62,3079,0.39836292830798076,0.44224863783662044,0.51,0.027111604725357348,2025-12-21 14:56:34
62,3080,0.40025640139873,0.44080498676346214,0.51,0.026422427056637623,2025-12-21 14:56:35
62,3081,0.40213805162428107,0.4393545044674991,0.51,0.02573750436788784,2025-12-21 14:56:35
62,3082,0.4040080910341447,0.4378969698057663,0.51,0.02505637509654077,2025-12-21 14:56:35
62,3083,0.4058667347064896,0.43643216250971,0.51,0.024378663765220934,2025-12-21 14:56:35
62,3084,0.40771420034724587,0.43495986353057603,0.51,0.02370406065672062,2025-12-21 14:56:35
62,3085,0.4095507078903548,0.4334798553870645,0.51,0.023032306444014123,2025-12-21 14:56:35
62,3086,0.41137647909957414,0.4319919225148176,0.51,0.02236318052440882,2025-12-21 14:56:35
62,3087,0.4131917371722489,0.4304958516172875,0.51,0.021696492133552372,2025-12-21 14:56:35
62,3088,0.4149967063454579,0.42899143201751333,0.51,0.02103207355651968,2025-12-21 14:56:35
62,3089,0.41679161150494715,0.4274784560103154,0.51,0.020369774930121,2025-12-21 14:56:35
62,3090,0.418576677797262,0.4259567192143961,0.51,0.019709460259719813,2025-12-21 14:56:35
62,3091,0.4203521302454916,0.42442602092381715,0.51,0.028569701146004874,2025-12-21 14:56:35
62,3092,0.42211819336904094,0.4228861644583052,0.51,0.027565282866048237,2025-12-21 14:56:36
62,3093,0.4238750908078455,0.42133695751181705,0.51,0.026570971925611857,2025-12-21 14:56:36
62,3094,0.42562304495144737,0.41977821249878033,0.51,0.02555275161701639,2025-12-21 14:56:36
62,3095,0.42736227657335024,0.4182097468974059,0.51,0.02456784393846847,2025-12-21 14:56:36
62,3096,0.429093004471074,0.41663138358945384,0.51,0.023588555276350086,2025-12-21 14:56:36
62,3097,0.43081544511232855,0.4150429511958178,0.51,0.022613330986889703,2025-12-21 14:56:36
62,3098,0.4325298122877277,0.41344428440727987,0.51,0.021641162759798282,2025-12-21 14:56:36
62,3099,0.4342363167704641,0.41183522430977304,0.51,0.020671375339610252,2025-12-21 14:56:36
62,3100,0.4359351659833642,0.41021561870347933,0.51,0.01970448684922592,2025-12-21 14:56:36
62,3101,0.4376265636737423,0.40858532241507933,0.51,0.018738552759120165,2025-12-21 14:56:36
62,3102,0.4393107095964698,0.40694419760246203,0.51,0.01777381240465698,2025-12-21 14:56:36
62,3103,0.4409877992056726,0.40529211405119714,0.51,0.016810115799654177,2025-12-21 14:56:36
62,3104,0.4426580233554671,0.4036289494620676,0.51,0.015847327270633163,2025-12-21 14:56:37
62,3105,0.44432156801013845,0.4019545897289576,0.51,0.01488532243615647,2025-12-21 14:56:37
62,3106,0.44597861396416055,0.4002689292063914,0.51,0.027844241734699182,2025-12-21 14:56:37
62,3107,0.4476293365724496,0.3985718709660214,0.51,0.025866095753687566,2025-12-21 14:56:37
62,3108,0.44927390549123447,0.3968633270413672,0.51,0.023925007635905046,2025-12-21 14:56:37
62,3109,0.4509124844299186,0.3951432186601157,0.51,0.021995544204764086,2025-12-21 14:56:37
62,3110,0.45254523091429627,0.39341147646330293,0.51,0.020073954573172337,2025-12-21 14:56:37
62,3111,0.4541722960614752,0.3916680407107088,0.51,0.018156339919708827,2025-12-21 14:56:37
62,3112,0.4557938243668429,0.38991286147181375,0.51,0.01623960058330571,2025-12-21 14:56:37
62,3113,0.4574099535034003,0.38814589880168326,0.51,0.014323422993917213,2025-12-21 14:56:37
62,3114,0.4590208141337687,0.386367122901167,0.51,0.012414440441618742,2025-12-21 14:56:37
62,3115,0.46062652973516005,0.384576514260824,0.51,0.010499479840266892,2025-12-21 14:56:38
62,3116,0.46222721643757925,0.38277406378801165,0.51,0.008580261725385301,2025-12-21 14:56:38
62,3117,0.46382298287550905,0.3809597729166048,0.51,0.006662097637869221,2025-12-21 14:56:38
62,3118,0.4654139300533041,0.37913365369884533,0.51,0.004746458749804601,2025-12-21 14:56:38
62,3119,0.4670001512244988,0.3772957288788549,0.51,0.0028370636168745557,2025-12-21 14:56:38
65,237,0.6735866080866386,-0.6735866080866386,0.51,0.001706300521112177,2025-12-21 15:02:18
65,350,0.8163110059010843,-0.8163110059010843,0.51,0.0025374728085789592,2025-12-21 15:02:21
65,351,0.8174279393864331,-0.8174279393864331,0.51,0.0040712920832549635,2025-12-21 15:02:21
65,352,0.8185377585438118,-0.8185377585438118,0.51,0.004050745028018043,2025-12-21 15:02:21
65,353,0.8196403104239111,-0.8196403104239111,0.51,0.005565593359270493,2025-12-21 15:02:21
65,354,0.8207354455182941,-0.8207354455182941,0.51,0.007070290988793697,2025-12-21 15:02:21
65,355,0.8218230178956929,-0.8218230178956929,0.51,0.008564646581413487,2025-12-21 15:02:21
65,356,0.8229028853298559,-0.8229028853298559,0.51,0.010048463926342706,2025-12-21 15:02:21
65,357,0.8239749094189047,-0.8239749094189047,0.51,0.011521552032721516,2025-12-21 15:02:21
65,358,0.8250389556961742,-0.8250389556961742,0.51,0.012983725513437214,2025-12-21 15:02:21
65,359,0.8260948937325368,-0.8260948937325368,0.51,0.014434804614934208,2025-12-21 15:02:21
65,360,0.827142597230228,-0.827142597230228,0.51,0.015874615264473015,2025-12-21 15:02:21
65,361,0.8281819441082157,-0.8281819441082157,0.51,0.017302989126834145,2025-12-21 15:02:21
65,362,0.8292128165791676,-0.8292128165791676,0.51,0.01871976366508406,2025-12-21 15:02:22
65,363,0.830235101218097,-0.830235101218097,0.51,0.02012478220344257,2025-12-21 15:02:22
65,364,0.8312486890227787,-0.8312486890227787,0.51,0.02151789399120617,2025-12-21 15:02:22
65,365,0.8322534754660471,-0.8322534754660471,0.51,0.022898954266663586,2025-12-21 15:02:22
65,366,0.833249360540101,-0.833249360540101,0.51,0.02426782431964629,2025-12-21 15:02:22
65,367,0.8342362487929572,-0.8342362487929572,0.51,0.02562437155116443,2025-12-21 15:02:22
65,368,0.8352140493572061,-0.8352140493572061,0.51,0.026968469528382177,2025-12-21 15:02:22
65,369,0.8361826759712373,-0.8361826759712373,0.51,0.02829999803324991,2025-12-21 15:02:22
65,370,0.8371420469931123,-0.8371420469931123,0.51,0.029618843103213575,2025-12-21 15:02:22
65,371,0.838092085407275,-0.838092085407275,0.51,0.015462440509286008,2025-12-21 15:02:22
65,372,0.8390327188242974,-0.8390327188242974,0.51,0.016109162451471568,2025-12-21 15:02:22
65,373,0.8399638794738707,-0.8399638794738707,0.51,0.016749397167790045,2025-12-21 15:02:22
65,374,0.8408855041912544,-0.8408855041912544,0.51,0.017383099790876426,2025-12-21 15:02:22
65,375,0.8417975343974081,-0.8417975343974081,0.51,0.01801022807152148,2025-12-21 15:02:23
65,376,0.8426999160730337,-0.8426999160730337,0.51,0.018630743234422993,2025-12-21 15:02:23
65,377,0.8435925997267619,-0.8435925997267619,0.51,0.019244609950978823,2025-12-21 15:02:23
65,378,0.8444755403577203,-0.8444755403577203,0.51,0.01985179619482437,2025-12-21 15:02:23
65,379,0.8453486974127253,-0.8453486974127253,0.51,0.020452273122436398,2025-12-21 15:02:23
65,380,0.846212034738341,-0.846212034738341,0.51,0.021046014986990984,2025-12-21 15:02:23
65,381,0.8470655205280513,-0.8470655205280513,0.51,0.021632999073200283,2025-12-21 15:02:23
65,382,0.8479091272647928,-0.8479091272647928,0.51,0.022213205642735736,2025-12-21 15:02:23
65,383,0.8487428316590943,-0.8487428316590943,0.51,0.022786617883951657,2025-12-21 15:02:23
65,384,0.8495666145830708,-0.8495666145830708,0.51,0.023353221862566415,2025-12-21 15:02:23
65,385,0.8503804610005199,-0.8503804610005199,0.51,0.02391300647163782,2025-12-21 15:02:23
65,386,0.8511843598933623,-0.8511843598933623,0.51,0.024465963380050373,2025-12-21 15:02:23
65,387,0.851978304184671,-0.851978304184671,0.51,0.025012086979181843,2025-12-21 15:02:24
65,388,0.8527622906585297,-0.8527622906585297,0.51,0.02555137432770344,2025-12-21 15:02:24
65,389,0.8535363198769558,-0.8535363198769558,0.51,0.02608382509451622,2025-12-21 15:02:24
65,390,0.8543003960941229,-0.8543003960941229,0.51,0.026609441499935136,2025-12-21 15:02:24
65,391,0.8550545271681118,-0.8550545271681118,0.51,0.02712822825523353,2025-12-21 15:02:24
65,392,0.8557987244704153,-0.8557987244704153,0.51,0.027640192500685872,2025-12-21 15:02:24
65,393,0.8565330027934167,-0.8565330027934167,0.51,0.028145343742228546,2025-12-21 15:02:24
65,394,0.857257380256059,-0.857257380256059,0.51,0.028643693786896938,2025-12-21 15:02:24
65,395,0.8579718782079128,-0.8579718782079128,0.51,0.029135256677151073,2025-12-21 15:02:24
65,396,0.858676521131849,-0.858676521131849,0.51,0.029620048624238487,2025-12-21 15:02:24
65,397,0.8593713365455149,-0.8593713365455149,0.51,0.020066311345494144,2025-12-21 15:02:24
65,398,0.8600563549018053,-0.8600563549018053,0.51,0.020379753221129535,2025-12-21 15:02:24
65,399,0.8607316094885166,-0.8607316094885166,0.51,0.020689544071472953,2025-12-21 15:02:24
65,400,0.8613971363273627,-0.8613971363273627,0.51,0.020994878305143783,2025-12-21 15:02:24
65,401,0.8620529740725278,-0.8620529740725278,0.51,0.021295773249352896,2025-12-21 15:02:25
65,402,0.862699163908922,-0.862699163908922,0.51,0.02159224740996471,2025-12-21 15:02:25
65,403,0.8633357494503011,-0.8633357494503011,0.51,0.021884320422014228,2025-12-21 15:02:25
65,404,0.8639627766374048,-0.8639627766374048,0.51,0.022172013001109724,2025-12-21 15:02:25
65,405,0.8645802936362588,-0.8645802936362588,0.51,0.022455346895496907,2025-12-21 15:02:25
65,406,0.8651883507367832,-0.8651883507367832,0.51,0.022734344838664676,2025-12-21 15:02:25
65,407,0.8657870002518407,-0.8657870002518407,0.51,0.023009030502422652,2025-12-21 15:02:25
65,408,0.8663762964168501,-0.8663762964168501,0.51,0.023279428450416632,2025-12-21 15:02:25
65,409,0.8669562952900873,-0.8669562952900873,0.51,0.023545564092071074,2025-12-21 15:02:25
65,410,0.8675270546537875,-0.8675270546537875,0.51,0.023807463636980514,2025-12-21 15:02:25
65,411,0.8680886339161543,-0.8680886339161543,0.51,0.024065154049768365,2025-12-21 15:02:25
65,412,0.868641094014379,-0.868641094014379,0.51,0.02431866300543952,2025-12-21 15:02:25
65,413,0.8691844973187626,-0.8691844973187626,0.51,0.024568018845260314,2025-12-21 15:02:25
65,414,0.8697189075380308,-0.8697189075380308,0.51,0.02481325053319091,2025-12-21 15:02:26
65,415,0.8702443896259217,-0.8702443896259217,0.51,0.025054387612919782,2025-12-21 15:02:26
65,416,0.8707610096891244,-0.8707610096891244,0.51,0.025292453335194365,2025-12-21 15:02:26
65,417,0.8712688348966384,-0.8712688348966384,0.51,0.025524629631073492,2025-12-21 15:02:26
65,418,0.8717679333906174,-0.8717679333906174,0.51,0.025753669839634345,2025-12-21 15:02:26
65,419,0.8722583741987571,-0.8722583741987571,0.51,0.025978736592978332,2025-12-21 15:02:26
65,420,0.87274022714828,-0.87274022714828,0.51,0.026199862550745932,2025-12-21 15:02:26
65,421,0.8732135627815664,-0.8732135627815664,0.51,0.026418042731040658,2025-12-21 15:02:26
65,422,0.8736784522734717,-0.8736784522734717,0.51,0.026630559646968397,2025-12-21 15:02:26
65,423,0.8741349673503713,-0.8741349673503713,0.51,0.026840063740148957,2025-12-21 15:02:26
65,424,0.8745831802109632,-0.8745831802109632,0.51,0.027045756328851107,2025-12-21 15:02:26
65,425,0.8750231634488577,-0.8750231634488577,0.51,0.02724860699960795,2025-12-21 15:02:26
65,426,0.8754549899769781,-0.8754549899769781,0.51,0.02744598447146996,2025-12-21 15:02:26
65,427,0.8758787329537906,-0.8758787329537906,0.51,0.027640450076999133,2025-12-21 15:02:26
65,428,0.8762944657113787,-0.8762944657113787,0.51,0.027832187566418972,2025-12-21 15:02:27
65,429,0.8767022616853735,-0.8767022616853735,0.51,0.028018525120609067,2025-12-21 15:02:27
65,430,0.8771021943467456,-0.8771021943467456,0.51,0.028202063364286753,2025-12-21 15:02:27
65,431,0.8774943371354632,-0.8774943371354632,0.51,0.028382948063368482,2025-12-21 15:02:27
65,432,0.8778787633960135,-0.8778787633960135,0.51,0.02855858812550111,2025-12-21 15:02:27
65,433,0.8782555463147862,-0.8782555463147862,0.51,0.02873249468416624,2025-12-21 15:02:27
65,434,0.8786247588593094,-0.8786247588593094,0.51,0.02890108214220504,2025-12-21 15:02:27
65,435,0.8789864737193279,-0.8789864737193279,0.51,0.029067078298961366,2025-12-21 15:02:27
65,436,0.8793407632497119,-0.8793407632497119,0.51,0.02923055771095665,2025-12-21 15:02:27
65,437,0.8796876994151762,-0.8796876994151762,0.51,0.029389021345140442,2025-12-21 15:02:27
65,438,0.880027353736795,-0.880027353736795,0.51,0.02954582220916401,2025-12-21 15:02:27
65,439,0.8803597972402863,-0.8803597972402863,0.51,0.02969759404702318,2025-12-21 15:02:27
65,440,0.8806851004060454,-0.8806851004060454,0.51,0.02984781844739885,2025-12-21 15:02:27
65,441,0.8810033331208977,-0.8810033331208977,0.51,0.02999305479184449,2025-12-21 15:02:28
65,442,0.8813145646315448,-0.8813145646315448,0.51,0.02260260910671054,2025-12-21 15:02:28
65,443,0.8816188634996717,-0.8816188634996717,0.51,0.022707589744935284,2025-12-21 15:02:28
65,444,0.8819162975586828,-0.8819162975586828,0.51,0.022809215251764162,2025-12-21 15:02:28
65,445,0.8822069338720335,-0.8822069338720335,0.51,0.02291013299870026,2025-12-21 15:02:28
65,446,0.8824908386931191,-0.8824908386931191,0.51,0.023007081696677336,2025-12-21 15:02:28
65,447,0.8827680774266864,-0.8827680774266864,0.51,0.023103386340223846,2025-12-21 15:02:28
65,448,0.8830387145917286,-0.8830387145917286,0.51,0.02319576524746353,2025-12-21 15:02:28
65,449,0.8833028137858214,-0.8833028137858214,0.51,0.023287532816801876,2025-12-21 15:02:28
65,450,0.8835604376508635,-0.8835604376508635,0.51,0.023376434372407,2025-12-21 15:02:28
65,451,0.8838116478401753,-0.8838116478401753,0.51,0.023461997024069318,2025-12-21 15:02:28
65,452,0.884056504986917,-0.884056504986917,0.51,0.023547210182623735,2025-12-21 15:02:28
65,453,0.8842950686737799,-0.8842950686737799,0.51,0.023628482493328343,2025-12-21 15:02:28
65,454,0.8845273974039085,-0.8845273974039085,0.51,0.023709321824045768,2025-12-21 15:02:28
65,455,0.8847535485730089,-0.8847535485730089,0.51,0.023787365665905467,2025-12-21 15:02:29
65,456,0.8849735784425985,-0.8849735784425985,0.51,0.023862192165264567,2025-12-21 15:02:29
65,457,0.8851875421143526,-0.8851875421143526,0.51,0.023936732068941948,2025-12-21 15:02:29
65,458,0.8853954935055026,-0.8853954935055026,0.51,0.024007490806539623,2025-12-21 15:02:29
65,459,0.8855974853252413,-0.8855974853252413,0.51,0.024077831270191245,2025-12-21 15:02:29
65,460,0.8857935690520905,-0.8857935690520905,0.51,0.02414549541483797,2025-12-21 15:02:29
65,461,0.8859837949121865,-0.8859837949121865,0.51,0.02421012518975809,2025-12-21 15:02:29
65,462,0.8861682118584391,-0.8861682118584391,0.51,0.024274411942264595,2025-12-21 15:02:29
65,463,0.8863468675505216,-0.8863468675505216,0.51,0.024336062652598193,2025-12-21 15:02:29
65,464,0.8865198083356476,-0.8865198083356476,0.51,0.0243947459487389,2025-12-21 15:02:29
65,465,0.8866870792300926,-0.8866870792300926,0.51,0.024453105626661715,2025-12-21 15:02:29
65,466,0.8868487239014199,-0.8868487239014199,0.51,0.02450888496405017,2025-12-21 15:02:29
65,467,0.8870047846513689,-0.8870047846513689,0.51,0.02456274341565514,2025-12-21 15:02:30
65,468,0.8871553023993675,-0.8871553023993675,0.51,0.024613651900584947,2025-12-21 15:02:30
65,469,0.8873003166666281,-0.8873003166666281,0.51,0.024664357952852944,2025-12-21 15:02:30
65,470,0.887439865560793,-0.887439865560793,0.51,0.02471251404775769,2025-12-21 15:02:30
65,471,0.8875739857610895,-0.8875739857610895,0.51,0.024758801173041092,2025-12-21 15:02:30
65,472,0.8877027125039623,-0.8877027125039623,0.51,0.024802208514577102,2025-12-21 15:02:30
65,473,0.8878260795691497,-0.8878260795691497,0.51,0.02484543374012163,2025-12-21 15:02:30
65,474,0.8879441192661705,-0.8879441192661705,0.51,0.024886166320777392,2025-12-21 15:02:30
65,475,0.888056862421192,-0.888056862421192,0.51,0.024925074287285437,2025-12-21 15:02:30
65,476,0.8881643383642512,-0.8881643383642512,0.51,0.024962167323801684,2025-12-21 15:02:30
65,477,0.8882665749168004,-0.8882665749168004,0.51,0.02499643865933891,2025-12-21 15:02:30
65,478,0.8883635983795531,-0.8883635983795531,0.51,0.025030570932121615,2025-12-21 15:02:30
65,479,0.8884554335206075,-0.8884554335206075,0.51,0.02506226042256497,2025-12-21 15:02:30
65,480,0.8885421035638236,-0.8885421035638236,0.51,0.025092169423417337,2025-12-21 15:02:30
65,481,0.8886236301774367,-0.8886236301774367,0.51,0.025120305089800628,2025-12-21 15:02:31
65,482,0.8887000334628888,-0.8887000334628888,0.51,0.02514667405862218,2025-12-21 15:02:31
65,483,0.8887713319438605,-0.8887713319438605,0.51,0.02517128244405683,2025-12-21 15:02:31
65,484,0.8888375425554927,-0.8888375425554927,0.51,0.025193121575238397,2025-12-21 15:02:31
65,485,0.8888986806337843,-0.8888986806337843,0.51,0.02521487126452391,2025-12-21 15:02:31
65,486,0.8889547599051566,-0.8889547599051566,0.51,0.02523422207507099,2025-12-21 15:02:31
65,487,0.8890057924761785,-0.8890057924761785,0.51,0.02525183210453583,2025-12-21 15:02:31
65,488,0.8890517888234455,-0.8890517888234455,0.51,0.025267704785686757,2025-12-21 15:02:31
65,489,0.8890927577836104,-0.8890927577836104,0.51,0.025281843004350595,2025-12-21 15:02:31
65,490,0.889128706543565,-0.889128706543565,0.51,0.025294249095659752,2025-12-21 15:02:31
65,491,0.8891596406307741,-0.8891596406307741,0.51,0.02530492484040111,2025-12-21 15:02:31
65,492,0.8891855639037655,-0.8891855639037655,0.51,0.025313871461467904,2025-12-21 15:02:31
65,493,0.8892064785427811,-0.8892064785427811,0.51,0.025321089620415606,2025-12-21 15:02:32
65,494,0.8892223850405998,-0.8892223850405998,0.51,0.02532657941412463,2025-12-21 15:02:32
65,495,0.8892332821935395,-0.8892332821935395,0.51,0.02533034037157295,2025-12-21 15:02:32
65,496,0.8892391670926532,-0.8892391670926532,0.51,0.025332371450723506,2025-12-21 15:02:32
65,497,0.8892400351151339,-0.8892400351151339,0.51,0.02533267103553108,2025-12-21 15:02:32
65,498,0.8892358799159458,-0.8892358799159458,0.51,0.02533123693307408,2025-12-21 15:02:32
65,499,0.8892266934196998,-0.8892266934196998,0.51,0.02532806637082102,2025-12-21 15:02:32
65,500,0.889212465812799,-0.889212465812799,0.51,0.025323155994036374,2025-12-21 15:02:32
65,501,0.8891931855358739,-0.8891931855358739,0.51,0.025316501863336737,2025-12-21 15:02:32
65,502,0.8891688392765382,-0.8891688392765382,0.51,0.025308099452407563,2025-12-21 15:02:32
65,503,0.8891394119624918,-0.8891394119624918,0.51,0.025297943645889533,2025-12-21 15:02:32
65,504,0.8891048867550017,-0.8891048867550017,0.51,0.02528602873744779,2025-12-21 15:02:32
65,505,0.8890652450427965,-0.8890652450427965,0.51,0.02527234842803667,2025-12-21 15:02:32
65,506,0.8890204664364084,-0.8890204664364084,0.51,0.025256895824372003,2025-12-21 15:02:33
65,507,0.8889705287630015,-0.8889705287630015,0.51,0.02523966343762866,2025-12-21 15:02:33
65,508,0.8889154080617265,-0.8889154080617265,0.51,0.02522064318237554,2025-12-21 15:02:33
65,509,0.8888550785796441,-0.8888550785796441,0.51,0.025199826375765934,2025-12-21 15:02:33
65,510,0.8887895127682622,-0.8887895127682622,0.51,0.025177203737001552,2025-12-21 15:02:33
65,511,0.8887186812807342,-0.8887186812807342,0.51,0.02515276538708718,2025-12-21 15:02:33
65,512,0.8886425529697654,-0.8886425529697654,0.51,0.02512650084889492,2025-12-21 15:02:33
65,513,0.8885610948862819,-0.8885610948862819,0.51,0.025098399047560685,2025-12-21 15:02:33
65,514,0.8884742722789125,-0.8884742722789125,0.51,0.025068448311231176,2025-12-21 15:02:33
65,515,0.8883820485943404,-0.8883820485943404,0.51,0.025036636372184687,2025-12-21 15:02:33
65,516,0.8882843854785822,-0.8882843854785822,0.51,0.025002950368349156,2025-12-21 15:02:33
65,517,0.8881812427792527,-0.8881812427792527,0.51,0.024967376845241165,2025-12-21 15:02:33
65,518,0.8880725785488779,-0.8880725785488779,0.51,0.024929901758350772,2025-12-21 15:02:33
65,519,0.8879583490493189,-0.8879583490493189,0.51,0.024890510475996584,2025-12-21 15:02:33
65,520,0.8878385087573722,-0.8878385087573722,0.51,0.02484918778268062,2025-12-21 15:02:34
65,521,0.8877130103716128,-0.8877130103716128,0.51,0.024805917882968744,2025-12-21 15:02:34
65,522,0.8875818048205486,-0.8875818048205486,0.51,0.02476068440592473,2025-12-21 15:02:34
65,523,0.8874448412721584,-0.8874448412721584,0.51,0.0247134704101298,2025-12-21 15:02:34
65,524,0.8873020671448814,-0.8873020671448814,0.51,0.024664258389314776,2025-12-21 15:02:34
65,525,0.8871534281201351,-0.8871534281201351,0.51,0.02461303027864023,2025-12-21 15:02:34
65,526,0.8869988681564346,-0.8869988681564346,0.51,0.024559767461652348,2025-12-21 15:02:34
65,527,0.8868383295051887,-0.8868383295051887,0.51,0.024504450777951336,2025-12-21 15:02:34
65,528,0.8866717527282505,-0.8866717527282505,0.51,0.024447060531603493,2025-12-21 15:02:34
65,529,0.8864990767173001,-0.8864990767173001,0.51,0.02438757650033467,2025-12-21 15:02:34
65,530,0.8863202387151384,-0.8863202387151384,0.51,0.024325977945537477,2025-12-21 15:02:34
65,531,0.8861351743389708,-0.8861351743389708,0.51,0.024262243623131712,2025-12-21 15:02:34
65,532,0.8859438176057608,-0.8859438176057608,0.51,0.02419635179531295,2025-12-21 15:02:34
65,533,0.8857461009597344,-0.8857461009597344,0.51,0.024128280243229716,2025-12-21 15:02:35
65,534,0.885541955302115,-0.885541955302115,0.51,0.02405800628062577,2025-12-21 15:02:35
65,535,0.8853313100231687,-0.8853313100231687,0.51,0.02398550676848992,2025-12-21 15:02:35
65,536,0.8851140930366407,-0.8851140930366407,0.51,0.02391075813075144,2025-12-21 15:02:35
65,537,0.8848902308166618,-0.8848902308166618,0.51,0.023832666354029183,2025-12-21 15:02:35
65,538,0.8846596484372036,-0.8846596484372036,0.51,0.023753994419591355,2025-12-21 15:02:35
65,539,0.8844222696141587,-0.8844222696141587,0.51,0.023672317067605326,2025-12-21 15:02:35
65,540,0.8841780167501246,-0.8841780167501246,0.51,0.023587145667392062,2025-12-21 15:02:35
65,541,0.8839268109819627,-0.8839268109819627,0.51,0.023501429039602305,2025-12-21 15:02:35
65,542,0.8836685722312065,-0.8836685722312065,0.51,0.023411509779878256,2025-12-21 15:02:35
65,543,0.8834032192573892,-0.8834032192573892,0.51,0.023320883434286777,2025-12-21 15:02:35
65,544,0.8831306697143559,-0.8831306697143559,0.51,0.0232260714089823,2025-12-21 15:02:35
65,545,0.8828508402096278,-0.8828508402096278,0.51,0.023130446165275403,2025-12-21 15:02:35
65,546,0.8825636463668761,-0.8825636463668761,0.51,0.023030603405835952,2025-12-21 15:02:35
65,547,0.8822690028915651,-0.8822690028915651,0.51,0.022929881223556766,2025-12-21 15:02:36
65,548,0.8819668236398149,-0.8819668236398149,0.51,0.022824873077460044,2025-12-21 15:02:36
65,549,0.8816570216905335,-0.8816570216905335,0.51,0.02271894983361466,2025-12-21 15:02:36
65,550,0.8813395094208596,-0.8813395094208596,0.51,0.022608643012403232,2025-12-21 15:02:36
65,551,0.8810141985849544,-0.8810141985849544,0.51,0.029995307507655826,2025-12-21 15:02:36
65,552,0.8806810003961733,-0.8806810003961733,0.51,0.02984308702306591,2025-12-21 15:02:36
65,553,0.8803398256126406,-0.8803398256126406,0.51,0.029685360346247254,2025-12-21 15:02:36
65,554,0.8799905846262474,-0.8799905846262474,0.51,0.02952577763141132,2025-12-21 15:02:36
65,555,0.8796331875550802,-0.8796331875550802,0.51,0.029360602318478618,2025-12-21 15:02:36
65,556,0.8792675443392842,-0.8792675443392842,0.51,0.029192497761940148,2025-12-21 15:02:36
65,557,0.8788935648403524,-0.8788935648403524,0.51,0.02902145195450354,2025-12-21 15:02:36
65,558,0.8785111589438274,-0.8785111589438274,0.51,0.02884490426900904,2025-12-21 15:02:36
65,559,0.8781202366653896,-0.8781202366653896,0.51,0.02866616489385994,2025-12-21 15:02:36
65,560,0.8777207082602971,-0.8777207082602971,0.51,0.02848167838536459,2025-12-21 15:02:36
65,561,0.877312484336131,-0.877312484336131,0.51,0.028294034794180384,2025-12-21 15:02:37
65,562,0.8768954759687905,-0.8768954759687905,0.51,0.028103288740158976,2025-12-21 15:02:37
65,563,0.8764695948216707,-0.8764695948216707,0.51,0.02790674509763268,2025-12-21 15:02:37
65,564,0.8760347532679412,-0.8760347532679412,0.51,0.027706889476624936,2025-12-21 15:02:37
65,565,0.8755908645158351,-0.8755908645158351,0.51,0.027503833363047372,2025-12-21 15:02:37
65,566,0.8751378427368439,-0.8751378427368439,0.51,0.027294814570093785,2025-12-21 15:02:37
65,567,0.8746756031967001,-0.8746756031967001,0.51,0.027082391965849852,2025-12-21 15:02:37
65,568,0.8742040623890168,-0.8742040623890168,0.51,0.026865700841534154,2025-12-21 15:02:37
65,569,0.8737231381714397,-0.8737231381714397,0.51,0.026645652178992247,2025-12-21 15:02:37
65,570,0.8732327499041529,-0.8732327499041529,0.51,0.02641949589569162,2025-12-21 15:02:37
65,571,0.8727328185905668,-0.8727328185905668,0.51,0.02618978758734091,2025-12-21 15:02:37
65,572,0.8722232670200002,-0.8722232670200002,0.51,0.025955665854741475,2025-12-21 15:02:37
65,573,0.8717040199121558,-0.8717040199121558,0.51,0.025717097494124916,2025-12-21 15:02:37
65,574,0.8711750040631745,-0.8711750040631745,0.51,0.02547504059638587,2025-12-21 15:02:38
65,575,0.8706361484930369,-0.8706361484930369,0.51,0.025226610914729417,2025-12-21 15:02:38
65,576,0.8700873845940695,-0.8700873845940695,0.51,0.024974514825568752,2025-12-21 15:02:38
65,577,0.8695286462802954,-0.8695286462802954,0.51,0.0247178445425652,2025-12-21 15:02:38
65,578,0.8689598701373583,-0.8689598701373583,0.51,0.024456572303781822,2025-12-21 15:02:38
65,579,0.868380995572734,-0.868380995572734,0.51,0.024190671214447877,2025-12-21 15:02:38
65,580,0.8677919649659275,-0.8677919649659275,0.51,0.023920115527843202,2025-12-21 15:02:38
65,581,0.8671927238183469,-0.8671927238183469,0.51,0.023644880818155703,2025-12-21 15:02:38
65,582,0.8665832209025264,-0.8665832209025264,0.51,0.02336494410216902,2025-12-21 15:02:38
65,583,0.865963408410363,-0.865963408410363,0.51,0.023080283935784617,2025-12-21 15:02:38
65,584,0.8653332421000196,-0.8653332421000196,0.51,0.02279088049739166,2025-12-21 15:02:38
65,585,0.8646926814411356,-0.8646926814411356,0.51,0.02249671566383763,2025-12-21 15:02:39
65,586,0.8640416897579787,-0.8640416897579787,0.51,0.022197773081759527,2025-12-21 15:02:39
65,587,0.8633802343701599,-0.8633802343701599,0.51,0.02189403823564187,2025-12-21 15:02:39
65,588,0.8627082867305306,-0.8627082867305306,0.51,0.02158549851328905,2025-12-21 15:02:39
65,589,0.8620258225598699,-0.8620258225598699,0.51,0.021272143268994306,2025-12-21 15:02:39
65,590,0.8613328219779671,-0.8613328219779671,0.51,0.020953963884512206,2025-12-21 15:02:39
65,591,0.8606292696307003,-0.8606292696307003,0.51,0.02063095382784788,2025-12-21 15:02:39
65,592,0.8599151548127087,-0.8599151548127087,0.51,0.02030310870978056,2025-12-21 15:02:39
65,593,0.8591904715852554,-0.8591904715852554,0.51,0.029955651075538357,2025-12-21 15:02:39
65,594,0.8584552188888759,-0.8584552188888759,0.51,0.02944930392760595,2025-12-21 15:02:39
65,595,0.8577094006504127,-0.8577094006504127,0.51,0.028935700358371452,2025-12-21 15:02:39
65,596,0.8569530258840348,-0.8569530258840348,0.51,0.0284148507805512,2025-12-21 15:02:39
65,597,0.8561861087858489,-0.8561861087858489,0.51,0.02788676710854035,2025-12-21 15:02:39
65,598,0.8554086688217151,-0.8554086688217151,0.51,0.02735146415595572,2025-12-21 15:02:39
65,599,0.8546207308078858,-0.8546207308078858,0.51,0.02680896013385906,2025-12-21 15:02:40
65,600,0.8538223249840984,-0.8538223249840984,0.51,0.026259276867053608,2025-12-21 15:02:40
65,601,0.8530134870787621,-0.8530134870787621,0.51,0.02570243990826208,2025-12-21 15:02:40
65,602,0.8521942583658932,-0.8521942583658932,0.51,0.025138478608400436,2025-12-21 15:02:40
65,603,0.8513646857134666,-0.8513646857134666,0.51,0.02456742616423697,2025-12-21 15:02:40
65,604,0.8505248216228684,-0.8505248216228684,0.51,0.023989319652168238,2025-12-21 15:02:40
65,605,0.849674724259152,-0.849674724259152,0.51,0.0234042000518375,2025-12-21 15:02:40
65,606,0.8488144574718197,-0.8488144574718197,0.51,0.02281211226140081,2025-12-21 15:02:40
65,607,0.847944090805871,-0.847944090805871,0.51,0.022213105105128344,2025-12-21 15:02:40
65,608,0.8470636995028847,-0.8470636995028847,0.51,0.021607231333673888,2025-12-21 15:02:40
65,609,0.8461733644919222,-0.8461733644919222,0.51,0.020994547617109918,2025-12-21 15:02:40
65,610,0.8452731723700645,-0.8452731723700645,0.51,0.02037511453069569,2025-12-21 15:02:40
65,611,0.8443632153724259,-0.8443632153724259,0.51,0.019748996533343756,2025-12-21 15:02:40
65,612,0.8434435913315078,-0.8434435913315078,0.51,0.019116261938743256,2025-12-21 15:02:41
65,613,0.8425144036257908,-0.8425144036257908,0.51,0.01847698287903737,2025-12-21 15:02:41
65,614,0.8415757611174883,-0.8415757611174883,0.51,0.017831235261093623,2025-12-21 15:02:41
65,615,0.8406277780794172,-0.8406277780794172,0.51,0.017179098715259276,2025-12-21 15:02:41
65,616,0.8396705741109693,-0.8396705741109693,0.51,0.016520656536684865,2025-12-21 15:02:41
65,617,0.8387042740432019,-0.8387042740432019,0.51,0.015855995619172697,2025-12-21 15:02:41
65,618,0.8377290078330932,-0.8377290078330932,0.51,0.015185206381640028,2025-12-21 15:02:41
65,619,0.8367449104470432,-0.8367449104470432,0.51,0.02901682933174769,2025-12-21 15:02:41
65,620,0.8357521217337309,-0.8357521217337309,0.51,0.027651072968795945,2025-12-21 15:02:41
65,621,0.8347507862864706,-0.8347507862864706,0.51,0.026273656080634585,2025-12-21 15:02:41
65,622,0.8337410532952416,-0.8337410532952416,0.51,0.02488478438958532,2025-12-21 15:02:41
65,623,0.8327230763885971,-0.8327230763885971,0.51,0.023484671022293346,2025-12-21 15:02:41
65,624,0.8316970134656874,-0.8316970134656874,0.51,0.022073535034694856,2025-12-21 15:02:42
65,625,0.8306630265186644,-0.8306630265186644,0.51,0.02065160114151133,2025-12-21 15:02:42
65,626,0.829621281445762,-0.829621281445762,0.51,0.019219099451247796,2025-12-21 15:02:42
65,627,0.8285719478553754,-0.8285719478553754,0.51,0.01777626519193884,2025-12-21 15:02:42
65,628,0.8275151988614906,-0.8275151988614906,0.51,0.01632333842760109,2025-12-21 15:02:42
65,629,0.82645121087084,-0.82645121087084,0.51,0.01486056376599484,2025-12-21 15:02:42
65,630,0.8253801633621847,-0.8253801633621847,0.51,0.013388190058734165,2025-12-21 15:02:42
65,631,0.8243022386581494,-0.8243022386581494,0.51,0.011906470095612676,2025-12-21 15:02:42
65,632,0.8232176216900553,-0.8232176216900553,0.51,0.010415660296572407,2025-12-21 15:02:42
65,633,0.8221264997562161,-0.8221264997562161,0.51,0.008916020408634824,2025-12-21 15:02:42
65,634,0.8210290622741849,-0.8210290622741849,0.51,0.007407813225902788,2025-12-21 15:02:42
65,635,0.8199255005274507,-0.8199255005274507,0.51,0.005891304386669068,2025-12-21 15:02:42
65,636,0.8188160074071027,-0.8188160074071027,0.51,0.004366762450876056,2025-12-21 15:02:42
65,637,0.8177007771489916,-0.8177007771489916,0.51,0.002834460340822661,2025-12-21 15:02:43
65,638,0.8165800050669288,-0.8165800050669288,0.51,0.0012946895614226745,2025-12-21 15:02:43
65,640,0.8143226204518658,-0.8143226204518658,0.51,0.001806439739086096,2025-12-21 15:02:43
65,641,0.8131864014906647,-0.8131864014906647,0.51,0.003367073509710917,2025-12-21 15:02:43
65,642,0.8120454272966661,-0.8120454272966661,0.51,0.004934123810346987,2025-12-21 15:02:43
65,643,0.8108998944716576,-0.8108998944716576,0.51,0.0065073063683945415,2025-12-21 15:02:43
65,644,0.8097499990425855,-0.8097499990425855,0.51,0.008086345291279506,2025-12-21 15:02:43
65,645,0.8085959361826957,-0.8085959361826957,0.51,0.009670966783939963,2025-12-21 15:02:43
65,646,0.8074378999332097,-0.8074378999332097,0.51,0.011260898301521294,2025-12-21 15:02:43
65,647,0.8062760829260929,-0.8062760829260929,0.51,0.012855868431067894,2025-12-21 15:02:43
65,648,0.8051106761084602,-0.8051106761084602,0.51,0.01445560689020293,2025-12-21 15:02:43
65,649,0.8039418684691608,-0.8039418684691608,0.51,0.016059844494347168,2025-12-21 15:02:43
65,650,0.8027698467680675,-0.8027698467680675,0.51,0.01766831302762444,2025-12-21 15:02:43
65,651,0.8015947952685885,-0.8015947952685885,0.51,0.019280744966152712,2025-12-21 15:02:43
65,652,0.8004168954739036,-0.8004168954739036,0.51,0.02089687299603242,2025-12-21 15:02:44
65,1921,0.816539537376375,-0.816539537376375,0.51,0.0010575325312490017,2025-12-21 15:02:48
65,1922,0.8176550155249429,-0.8176550155249429,0.51,0.0025882983579604345,2025-12-21 15:02:48
65,1923,0.8187633486778041,-0.8187633486778041,0.51,0.004110909736556245,2025-12-21 15:02:48
65,1924,0.8198643845447654,-0.8198643845447654,0.51,0.005623507719267637,2025-12-21 15:02:48
65,1925,0.8209579743061572,-0.8209579743061572,0.51,0.007125890132439016,2025-12-21 15:02:48
65,1926,0.8220439727473654,-0.8220439727473654,0.51,0.008617864469359063,2025-12-21 15:02:48
65,1927,0.8231222383849061,-0.8231222383849061,0.51,0.010099245321393474,2025-12-21 15:02:48
65,1928,0.8241926335840043,-0.8241926335840043,0.51,0.01156985340616284,2025-12-21 15:02:48
65,1929,0.8252550246676565,-0.8252550246676565,0.51,0.013029514947655665,2025-12-21 15:02:48
65,1930,0.8263092820171805,-0.8263092820171805,0.51,0.01447806119969933,2025-12-21 15:02:48
65,1931,0.8273552801642754,-0.8273552801642754,0.51,0.01591532807997251,2025-12-21 15:02:48
65,1932,0.8283928978746363,-0.8283928978746363,0.51,0.01734115591694049,2025-12-21 15:02:48
65,1933,0.8294220182231843,-0.8294220182231843,0.51,0.01875538931409769,2025-12-21 15:02:48
65,1934,0.8304425286609922,-0.8304425286609922,0.51,0.020157877129302653,2025-12-21 15:02:48
65,1935,0.831454321074005,-0.831454321074005,0.51,0.02154847255887755,2025-12-21 15:02:49
65,1936,0.832457291833666,-0.832457291833666,0.51,0.022927033309185135,2025-12-21 15:02:49
65,1937,0.8334513418395808,-0.8334513418395808,0.51,0.024293421833616793,2025-12-21 15:02:49
65,1938,0.83443637655436,-0.83443637655436,0.51,0.025647505610752915,2025-12-21 15:02:49
65,1939,0.8354123060307989,-0.8354123060307989,0.51,0.026989157439677985,2025-12-21 15:02:49
65,1940,0.8363790449315631,-0.8363790449315631,0.51,0.028318255730761792,2025-12-21 15:02:49
65,1941,0.837336512541561,-0.837336512541561,0.51,0.029634684773977488,2025-12-21 15:02:49
65,1942,0.8382846327731938,-0.8382846327731938,0.51,0.01547015664327123,2025-12-21 15:02:49
65,1943,0.8392233341646842,-0.8392233341646842,0.51,0.01611469756647023,2025-12-21 15:02:49
65,1944,0.8401525498716944,-0.8401525498716944,0.51,0.016753671544501823,2025-12-21 15:02:49
65,1945,0.8410722176524479,-0.8410722176524479,0.51,0.017386107582181953,2025-12-21 15:02:49
65,1946,0.8419822798465808,-0.8419822798465808,0.51,0.018011964914724354,2025-12-21 15:02:49
65,1947,0.842882683347952,-0.842882683347952,0.51,0.018631205946712453,2025-12-21 15:02:49
65,1948,0.8437733795716459,-0.8437733795716459,0.51,0.019243796211690485,2025-12-21 15:02:49
65,1949,0.8446543244154072,-0.8446543244154072,0.51,0.019849704338718657,2025-12-21 15:02:50
65,1950,0.8455254782157493,-0.8455254782157493,0.51,0.020448902020667157,2025-12-21 15:02:50
65,1951,0.8463868056989804,-0.8463868056989804,0.51,0.021041363981530246,2025-12-21 15:02:50
65,1952,0.8472382759273941,-0.8472382759273941,0.51,0.021627067941384873,2025-12-21 15:02:50
65,1953,0.848079862240871,-0.848079862240871,0.51,0.022205994578382616,2025-12-21 15:02:50
65,1954,0.8489115421941386,-0.8489115421941386,0.51,0.022778127487607065,2025-12-21 15:02:50
65,1955,0.8497332974899372,-0.8497332974899372,0.51,0.023343453136759947,2025-12-21 15:02:50
65,1956,0.8505451139083369,-0.8505451139083369,0.51,0.02390196081881161,2025-12-21 15:02:50
65,1957,0.8513469812324503,-0.8513469812324503,0.51,0.024453642601814533,2025-12-21 15:02:50
65,1958,0.8521388931707842,-0.8521388931707842,0.51,0.02499849327602857,2025-12-21 15:02:50
65,1959,0.8529208472764669,-0.8529208472764669,0.51,0.025536510298622073,2025-12-21 15:02:50
65,1960,0.8536928448635919,-0.8536928448635919,0.51,0.026067693736141623,2025-12-21 15:02:50
65,1961,0.8544548909209058,-0.8544548909209058,0.51,0.026592046204959606,2025-12-21 15:02:50
65,1962,0.8552069940230731,-0.8552069940230731,0.51,0.027109572809920855,2025-12-21 15:02:51
65,1963,0.8559491662397399,-0.8559491662397399,0.51,0.027620281081367288,2025-12-21 15:02:51
65,1964,0.8566814230426162,-0.8566814230426162,0.51,0.028124180910752947,2025-12-21 15:02:51
65,1965,0.8574037832107921,-0.8574037832107921,0.51,0.028621284484995645,2025-12-21 15:02:51
65,1966,0.8581162687344961,-0.8581162687344961,0.51,0.029111606219764847,2025-12-21 15:02:51
65,1967,0.8588189047174987,-0.8588189047174987,0.51,0.029595162691833564,2025-12-21 15:02:51
65,1968,0.8595117192783597,-0.8595117192783597,0.51,0.020048706620178425,2025-12-21 15:02:51
65,1969,0.86019474345071,-0.86019474345071,0.51,0.020361431900896558,2025-12-21 15:02:51
65,1970,0.8608680110827529,-0.8608680110827529,0.51,0.02067037972555651,2025-12-21 15:02:51
65,1971,0.8615315587361642,-0.8615315587361642,0.51,0.020974875296223723,2025-12-21 15:02:51
65,1972,0.8621854255845635,-0.8621854255845635,0.51,0.021274936157444413,2025-12-21 15:02:51
65,1973,0.8628296533117229,-0.8628296533117229,0.51,0.02157058102366784,2025-12-21 15:02:51
65,1974,0.8634642860096708,-0.8634642860096708,0.51,0.02186182972973388,2025-12-21 15:02:51
65,1975,0.8640893700768455,-0.8640893700768455,0.51,0.022148703182246043,2025-12-21 15:02:52
65,1976,0.864704954116442,-0.864704954116442,0.51,0.022431223311633632,2025-12-21 15:02:52
65,1977,0.8653110888350939,-0.8653110888350939,0.51,0.02270941302477214,2025-12-21 15:02:52
65,1978,0.86590782694202,-0.86590782694202,0.51,0.022983296158075695,2025-12-21 15:02:52
65,1979,0.8664952230487633,-0.8664952230487633,0.51,0.023253879607905238,2025-12-21 15:02:52
65,1980,0.8670733335696408,-0.8670733335696408,0.51,0.023518286999871945,2025-12-21 15:02:52
65,1981,0.8676422166230163,-0.8676422166230163,0.51,0.02377940824403186,2025-12-21 15:02:52
65,1982,0.8682019319335033,-0.8682019319335033,0.51,0.024036324045300216,2025-12-21 15:02:52
65,1983,0.8687525407351956,-0.8687525407351956,0.51,0.024289063277374647,2025-12-21 15:02:52
65,1984,0.8692941056760218,-0.8692941056760218,0.51,0.024538580339734804,2025-12-21 15:02:52
65,1985,0.8698266907233078,-0.8698266907233078,0.51,0.024782177066783297,2025-12-21 15:02:52
65,1986,0.8703503610706299,-0.8703503610706299,0.51,0.02502256849877839,2025-12-21 15:02:52
65,1987,0.8708651830460336,-0.8708651830460336,0.51,0.025259886467561197,2025-12-21 15:02:52
65,1988,0.8713712240216858,-0.8713712240216858,0.51,0.025491250467736083,2025-12-21 15:02:52
65,1989,0.871868552325025,-0.871868552325025,0.51,0.025719562559296343,2025-12-21 15:02:52
65,1990,0.8723572371514671,-0.8723572371514671,0.51,0.025944864316219125,2025-12-21 15:02:53
65,1991,0.8728373484787177,-0.8728373484787177,0.51,0.02616436701051876,2025-12-21 15:02:53
65,1992,0.8733089569827404,-0.8733089569827404,0.51,0.026380881621713606,2025-12-21 15:02:53
65,1993,0.8737721339554195,-0.8737721339554195,0.51,0.026594418982129907,2025-12-21 15:02:53
65,1994,0.8742269512239581,-0.8742269512239581,0.51,0.026802384139646477,2025-12-21 15:02:53
65,1995,0.8746734810720389,-0.8746734810720389,0.51,0.02700838502748538,2025-12-21 15:02:53
65,1996,0.8751117961627787,-0.8751117961627787,0.51,0.027208681695469146,2025-12-21 15:02:53
65,1997,0.8755419694634973,-0.8755419694634973,0.51,0.027406187552608725,2025-12-21 15:02:53
65,1998,0.8759640741723195,-0.8759640741723195,0.51,0.02760082010282508,2025-12-21 15:02:53
65,1999,0.8763781836466243,-0.8763781836466243,0.51,0.027790171489958482,2025-12-21 15:02:53
65,2000,0.876784371333352,-0.876784371333352,0.51,0.027977557798735096,2025-12-21 15:02:53
65,2001,0.8771827107011729,-0.8771827107011729,0.51,0.02815961702519214,2025-12-21 15:02:53
65,2002,0.8775732751745238,-0.8775732751745238,0.51,0.028339850277167716,2025-12-21 15:02:53
65,2003,0.8779561380695062,-0.8779561380695062,0.51,0.0285147917939893,2025-12-21 15:02:53
65,2004,0.8783313725316467,-0.8783313725316467,0.51,0.02868797877965995,2025-12-21 15:02:54
65,2005,0.8786990514755063,-0.8786990514755063,0.51,0.028855962836169608,2025-12-21 15:02:54
65,2006,0.8790592475261314,-0.8790592475261314,0.51,0.029022220145708145,2025-12-21 15:02:54
65,2007,0.8794120329623306,-0.8794120329623306,0.51,0.029183395739426427,2025-12-21 15:02:54
65,2008,0.8797574796617599,-0.8797574796617599,0.51,0.029342846125536354,2025-12-21 15:02:54
65,2009,0.8800956590477977,-0.8800956590477977,0.51,0.029497353772361942,2025-12-21 15:02:54
65,2010,0.8804266420381864,-0.8804266420381864,0.51,0.029650123262639175,2025-12-21 15:02:54
65,2011,0.8807504989954162,-0.8807504989954162,0.51,0.029798097055514672,2025-12-21 15:02:54
65,2012,0.8810672996788245,-0.8810672996788245,0.51,0.029944312817871233,2025-12-21 15:02:54
65,2013,0.8813771131983806,-0.8813771131983806,0.51,0.022565127950367747,2025-12-21 15:02:54
65,2014,0.8816800079701269,-0.8816800079701269,0.51,0.0226696585353522,2025-12-21 15:02:54
65,2015,0.8819760516732408,-0.8819760516732408,0.51,0.022770758410236895,2025-12-21 15:02:54
65,2016,0.882265311208685,-0.882265311208685,0.51,0.02287123470514693,2025-12-21 15:02:54
65,2017,0.8825478526594095,-0.8825478526594095,0.51,0.022967736599512244,2025-12-21 15:02:54
65,2018,0.8828237412520664,-0.8828237412520664,0.51,0.023063556071142063,2025-12-21 15:02:54
65,2019,0.8830930413202006,-0.8830930413202006,0.51,0.023156504083454668,2025-12-21 15:02:54
65,2020,0.8833558162688747,-0.8833558162688747,0.51,0.023246087763773474,2025-12-21 15:02:55
65,2021,0.883612128540688,-0.883612128540688,0.51,0.0233352229915357,2025-12-21 15:02:55
65,2022,0.8838620395831472,-0.8838620395831472,0.51,0.023420482596301084,2025-12-21 15:02:55
65,2023,0.8841056098173455,-0.8841056098173455,0.51,0.023505140758966002,2025-12-21 15:02:55
65,2024,0.8843428986079078,-0.8843428986079078,0.51,0.023587038824194898,2025-12-21 15:02:55
65,2025,0.8845739642341574,-0.8845739642341574,0.51,0.02366575729297117,2025-12-21 15:02:55
65,2026,0.884798863862459,-0.884798863862459,0.51,0.02374400040702221,2025-12-21 15:02:55
65,2027,0.8850176535196953,-0.8850176535196953,0.51,0.023819516014844645,2025-12-21 15:02:55
65,2028,0.8852303880678303,-0.8852303880678303,0.51,0.02389191546550561,2025-12-21 15:02:55
65,2029,0.8854371211795155,-0.8854371211795155,0.51,0.023963885701864928,2025-12-21 15:02:55
65,2030,0.8856379053146943,-0.8856379053146943,0.51,0.02403318611861331,2025-12-21 15:02:55
65,2031,0.8858327916981596,-0.8858327916981596,0.51,0.024100460327357062,2025-12-21 15:02:55
65,2032,0.8860218302980198,-0.8860218302980198,0.51,0.02416460537202485,2025-12-21 15:02:55
65,2033,0.8862050698050303,-0.8862050698050303,0.51,0.024228519967761406,2025-12-21 15:02:55
65,2034,0.8863825576127461,-0.8863825576127461,0.51,0.024289783231800723,2025-12-21 15:02:56
65,2035,0.8865543397984536,-0.8865543397984536,0.51,0.024348077543981363,2025-12-21 15:02:56
65,2036,0.8867204611048382,-0.8867204611048382,0.51,0.024406015638601574,2025-12-21 15:02:56
65,2037,0.8868809649223481,-0.8868809649223481,0.51,0.024461411648193515,2025-12-21 15:02:56
65,2038,0.8870358932722126,-0.8870358932722126,0.51,0.024514889210881394,2025-12-21 15:02:56
65,2039,0.8871852867900747,-0.8871852867900747,0.51,0.02456646169820896,2025-12-21 15:02:56
65,2040,0.8873291847102033,-0.8873291847102033,0.51,0.02461506283325358,2025-12-21 15:02:56
65,2041,0.8874676248502433,-0.8874676248502433,0.51,0.024663493241693837,2025-12-21 15:02:56
65,2042,0.8876006435964715,-0.8876006435964715,0.51,0.024709405311239847,2025-12-21 15:02:56
65,2043,0.887728275889521,-0.887728275889521,0.51,0.024753462163410088,2025-12-21 15:02:56
65,2044,0.8878505552105429,-0.8878505552105429,0.51,0.02479567484865904,2025-12-21 15:02:56
65,2045,0.8879675135677737,-0.8879675135677737,0.51,0.02483501163608338,2025-12-21 15:02:56
65,2046,0.8880791814834766,-0.8880791814834766,0.51,0.02487418077339858,2025-12-21 15:02:56
65,2047,0.8881855879812305,-0.8881855879812305,0.51,0.024910906129021526,2025-12-21 15:02:56
65,2048,0.8882867605735385,-0.8882867605735385,0.51,0.024945827517689548,2025-12-21 15:02:56
65,2049,0.8883827252497323,-0.8883827252497323,0.51,0.02497895352734551,2025-12-21 15:02:57
65,2050,0.8884735064641479,-0.8884735064641479,0.51,0.025010292240521807,2025-12-21 15:02:57
65,2051,0.888559127124553,-0.888559127124553,0.51,0.025039851229450426,2025-12-21 15:02:57
65,2052,0.8886396085808053,-0.8886396085808053,0.51,0.02506660261878338,2025-12-21 15:02:57
65,2053,0.8887149706137257,-0.8887149706137257,0.51,0.025093238103288812,2025-12-21 15:02:57
65,2054,0.8887852314241703,-0.8887852314241703,0.51,0.025117487501392304,2025-12-21 15:02:57
65,2055,0.8888504076222877,-0.8888504076222877,0.51,0.025139983059391028,2025-12-21 15:02:57
65,2056,0.8889105142169518,-0.8889105142169518,0.51,0.025160729722929612,2025-12-21 15:02:57
65,2057,0.8889655646053589,-0.8889655646053589,0.51,0.025179731901354644,2025-12-21 15:02:57
65,2058,0.8890155705627844,-0.8890155705627844,0.51,0.025196993463676133,2025-12-21 15:02:57
65,2059,0.8890605422324924,-0.8890605422324924,0.51,0.025212517734632126,2025-12-21 15:02:57
65,2060,0.8891004881157978,-0.8891004881157978,0.51,0.025226307490857202,2025-12-21 15:02:57
65,2061,0.8891354150622777,-0.8891354150622777,0.51,0.025238364957152756,2025-12-21 15:02:57
65,2062,0.889165328260137,-0.889165328260137,0.51,0.025248691802858193,2025-12-21 15:02:57
65,2063,0.8891902312267302,-0.8891902312267302,0.51,0.02525728913832499,2025-12-21 15:02:57
65,2064,0.8892101257992475,-0.8892101257992475,0.51,0.025264157511495706,2025-12-21 15:02:57
65,2065,0.8892250121255717,-0.8892250121255717,0.51,0.025269296904588567,2025-12-21 15:02:58
65,2066,0.8892348886553194,-0.8892348886553194,0.51,0.02527270673089348,2025-12-21 15:02:58
65,2067,0.8892397521310782,-0.8892397521310782,0.51,0.025274385831682792,2025-12-21 15:02:58
65,2068,0.8892395975798555,-0.8892395975798555,0.51,0.02527433247324143,2025-12-21 15:02:58
65,2069,0.8892344183047579,-0.8892344183047579,0.51,0.025272544344025226,2025-12-21 15:02:58
65,2070,0.8892242058769199,-0.8892242058769199,0.51,0.025269018551952616,2025-12-21 15:02:58
65,2071,0.8892089501277057,-0.8892089501277057,0.51,0.025263751621838307,2025-12-21 15:02:58
65,2072,0.8891886391412084,-0.8891886391412084,0.51,0.02525673949297859,2025-12-21 15:02:58
65,2073,0.8891632592470726,-0.8891632592470726,0.51,0.025247977516898466,2025-12-21 15:02:58
65,2074,0.8891327950136725,-0.8891327950136725,0.51,0.025237460455270457,2025-12-21 15:02:58
65,2075,0.8890972292416741,-0.8890972292416741,0.51,0.025225182478018575,2025-12-21 15:02:58
65,2076,0.8890565429580176,-0.8890565429580176,0.51,0.025211137161619945,2025-12-21 15:02:58
65,2077,0.889010715410355,-0.889010715410355,0.51,0.025195317487616168,2025-12-21 15:02:58
65,2078,0.8889597240619826,-0.8889597240619826,0.51,0.02517771584135287,2025-12-21 15:02:58
65,2079,0.8889035445873076,-0.8889035445873076,0.51,0.025158324010958372,2025-12-21 15:02:59
65,2080,0.8888421508678926,-0.8888421508678926,0.51,0.02513713318658279,2025-12-21 15:02:59
65,2081,0.8887755149891244,-0.8887755149891244,0.51,0.025114133959912122,2025-12-21 15:02:59
65,2082,0.8887036072375509,-0.8887036072375509,0.51,0.025089316323976523,2025-12-21 15:02:59
65,2083,0.8886263960989398,-0.8886263960989398,0.51,0.025062669673273044,2025-12-21 15:02:59
65,2084,0.8885438482571079,-0.8885438482571079,0.51,0.02503418280422213,2025-12-21 15:02:59
65,2085,0.8884559285935758,-0.8884559285935758,0.51,0.0250038439159798,2025-12-21 15:02:59
65,2086,0.8883626001881039,-0.8883626001881039,0.51,0.024971640611628168,2025-12-21 15:02:59
65,2087,0.8882638243201663,-0.8882638243201663,0.51,0.024937559899765836,2025-12-21 15:02:59
65,2088,0.8881595604714252,-0.8881595604714252,0.51,0.02490158819652521,2025-12-21 15:02:59
65,2089,0.8880497663292641,-0.8880497663292641,0.51,0.024863711328038003,2025-12-21 15:02:59
65,2090,0.8879343977914463,-0.8879343977914463,0.51,0.024823914533378722,2025-12-21 15:02:59
65,2091,0.8878134089719624,-0.8878134089719624,0.51,0.024782182468010113,2025-12-21 15:02:59
65,2092,0.8876867522081349,-0.8876867522081349,0.51,0.02473849920776022,2025-12-21 15:02:59
65,2093,0.8875543780690492,-0.8875543780690492,0.51,0.024692848253358903,2025-12-21 15:02:59
65,2094,0.8874162353653805,-0.8874162353653805,0.51,0.024645212535563676,2025-12-21 15:02:59
65,2095,0.887272271160689,-0.887272271160689,0.51,0.02459557442090527,2025-12-21 15:03:00
65,2096,0.8871224307842577,-0.8871224307842577,0.51,0.024543915718085306,2025-12-21 15:03:00
65,2097,0.886966657845547,-0.886966657845547,0.51,0.02449021768505644,2025-12-21 15:03:00
65,2098,0.8868048942503417,-0.8868048942503417,0.51,0.024434461036820804,2025-12-21 15:03:00
65,2099,0.8866370802186688,-0.8866370802186688,0.51,0.024376625953978263,2025-12-21 15:03:00
65,2100,0.8864631543045626,-0.8864631543045626,0.51,0.024316692092061446,2025-12-21 15:03:00
65,2101,0.8862830534177573,-0.8862830534177573,0.51,0.024254638591692208,2025-12-21 15:03:00
65,2102,0.8860967128473857,-0.8860967128473857,0.51,0.02419044408959629,2025-12-21 15:03:00
65,2103,0.8859040662877649,-0.8859040662877649,0.51,0.024124086730513614,2025-12-21 15:03:00
65,2104,0.8857050458663477,-0.8857050458663477,0.51,0.024055544180044266,2025-12-21 15:03:00
65,2105,0.8854995821739219,-0.8854995821739219,0.51,0.02398479363846473,2025-12-21 15:03:00
65,2106,0.885287604297136,-0.885287604297136,0.51,0.023911811855560395,2025-12-21 15:03:00
65,2107,0.8850690398534327,-0.8850690398534327,0.51,0.023836575146509425,2025-12-21 15:03:00
65,2108,0.8848438150284671,-0.8848438150284671,0.51,0.023759059408862297,2025-12-21 15:03:00
65,2109,0.8846118546160912,-0.8846118546160912,0.51,0.023679240140659624,2025-12-21 15:03:01
65,2110,0.8843730820609784,-0.8843730820609784,0.51,0.023597092459728634,2025-12-21 15:03:01
65,2111,0.8841274195039667,-0.8841274195039667,0.51,0.02351155431363698,2025-12-21 15:03:01
65,2112,0.8838747878301918,-0.8838747878301918,0.51,0.02342525645501529,2025-12-21 15:03:01
65,2113,0.8836151067200847,-0.8836151067200847,0.51,0.02333592630920075,2025-12-21 15:03:01
65,2114,0.8833482947033013,-0.8833482947033013,0.51,0.023243036110463865,2025-12-21 15:03:01
65,2115,0.883074269215652,-0.883074269215652,0.51,0.023149440869573403,2025-12-21 15:03:01
65,2116,0.8827929466590932,-0.8827929466590932,0.51,0.0230516412352852,2025-12-21 15:03:01
65,2117,0.8825042424648435,-0.8825042424648435,0.51,0.022952942822726016,2025-12-21 15:03:01
65,2118,0.8822080711596771,-0.8822080711596771,0.51,0.022851074485480433,2025-12-21 15:03:01
65,2119,0.8819043464354498,-0.8819043464354498,0.51,0.022745416791772433,2025-12-21 15:03:01
65,2120,0.8815929812219011,-0.8815929812219011,0.51,0.022639046303633798,2025-12-21 15:03:01
65,2121,0.8812738877627772,-0.8812738877627772,0.51,0.022528155363743113,2025-12-21 15:03:01
65,2122,0.880946977695308,-0.880946977695308,0.51,0.029887326920417713,2025-12-21 15:03:01
65,2123,0.8806121621330707,-0.8806121621330707,0.51,0.029734323567306358,2025-12-21 15:03:02
65,2124,0.8802693517522603,-0.8802693517522603,0.51,0.02957597343440067,2025-12-21 15:03:02
65,2125,0.8799184568813857,-0.8799184568813857,0.51,0.029415549543127643,2025-12-21 15:03:02
65,2126,0.879559387594398,-0.879559387594398,0.51,0.02924977334089046,2025-12-21 15:03:02
65,2127,0.879192053807252,-0.879192053807252,0.51,0.02908179926116808,2025-12-21 15:03:02
65,2128,0.8788163653778924,-0.8788163653778924,0.51,0.02890839831513318,2025-12-21 15:03:02
65,2129,0.8784322322096477,-0.8784322322096477,0.51,0.02873273293391103,2025-12-21 15:03:02
65,2130,0.8780395643580038,-0.8780395643580038,0.51,0.028551519344441584,2025-12-21 15:03:02
65,2131,0.8776382721407211,-0.8776382721407211,0.51,0.028368015808516216,2025-12-21 15:03:02
65,2132,0.8772282662512472,-0.8772282662512472,0.51,0.028178808467650418,2025-12-21 15:03:02
65,2133,0.8768094578753657,-0.8768094578753657,0.51,0.027987317675175594,2025-12-21 15:03:02
65,2134,0.8763817588110123,-0.8763817588110123,0.51,0.027789940515458193,2025-12-21 15:03:02
65,2135,0.8759450815911747,-0.8759450815911747,0.51,0.027590313520032033,2025-12-21 15:03:02
65,2136,0.8754993396097821,-0.8754993396097821,0.51,0.027384594900308173,2025-12-21 15:03:02
65,2137,0.8750444472504781,-0.8750444472504781,0.51,0.02717562429291612,2025-12-21 15:03:03
65,2138,0.8745803200181553,-0.8745803200181553,0.51,0.026963292052449055,2025-12-21 15:03:03
65,2139,0.8741068746731187,-0.8741068746731187,0.51,0.02674497195406129,2025-12-21 15:03:03
65,2140,0.8736240293677303,-0.8736240293677303,0.51,0.026523176666877354,2025-12-21 15:03:03
65,2141,0.8731317037853746,-0.8731317037853746,0.51,0.0262979170655754,2025-12-21 15:03:03
65,2142,0.8726298192815672,-0.8726298192815672,0.51,0.026066543200590472,2025-12-21 15:03:03
65,2143,0.8721182990270195,-0.8721182990270195,0.51,0.025831596446211032,2025-12-21 15:03:03
65,2144,0.8715970681524537,-0.8715970681524537,0.51,0.025593143966546668,2025-12-21 15:03:03
65,2145,0.8710660538949504,-0.8710660538949504,0.51,0.025348346222640244,2025-12-21 15:03:03
65,2146,0.8705251857455956,-0.8705251857455956,0.51,0.025099942792940498,2025-12-21 15:03:03
65,2147,0.8699743955981798,-0.8699743955981798,0.51,0.024846986736895834,2025-12-21 15:03:03
65,2148,0.8694136178986889,-0.8694136178986889,0.51,0.02459041745495098,2025-12-21 15:03:03
65,2149,0.8688427897953097,-0.8688427897953097,0.51,0.02432734663008812,2025-12-21 15:03:03
65,2150,0.8682618512886632,-0.8682618512886632,0.51,0.024060573212329923,2025-12-21 15:03:03
65,2151,0.8676707453819619,-0.8676707453819619,0.51,0.02378913641592031,2025-12-21 15:03:03
65,2152,0.8670694182307778,-0.8670694182307778,0.51,0.023513013323271915,2025-12-21 15:03:04
65,2153,0.8664578192920919,-0.8664578192920919,0.51,0.023232181901403547,2025-12-21 15:03:04
65,2154,0.8658359014722881,-0.8658359014722881,0.51,0.02294662138355766,2025-12-21 15:03:04
65,2155,0.8652036212737408,-0.8652036212737408,0.51,0.02265631248907369,2025-12-21 15:03:04
65,2156,0.8645609389396367,-0.8645609389396367,0.51,0.02236123756694836,2025-12-21 15:03:04
65,2157,0.86390781859666,-0.86390781859666,0.51,0.022061380702000675,2025-12-21 15:03:04
65,2158,0.8632442283951659,-0.8632442283951659,0.51,0.02175672780165365,2025-12-21 15:03:04
65,2159,0.8625701406464553,-0.8625701406464553,0.51,0.02144726667186415,2025-12-21 15:03:04
65,2160,0.8618855319567601,-0.8618855319567601,0.51,0.02113298708632712,2025-12-21 15:03:04
65,2161,0.8611903833575426,-0.8611903833575426,0.51,0.020813880850984765,2025-12-21 15:03:04
65,2162,0.8604846804317097,-0.8604846804317097,0.51,0.020489941864880085,2025-12-21 15:03:04
65,2163,0.859768413435338,-0.859768413435338,0.51,0.020161166177816197,2025-12-21 15:03:04
65,2164,0.8590415774145075,-0.8590415774145075,0.51,0.029741339691508505,2025-12-21 15:03:04
65,2165,0.8583041723168392,-0.8583041723168392,0.51,0.029233635860303694,2025-12-21 15:03:04
65,2166,0.8575562030973367,-0.8575562030973367,0.51,0.028718674317447818,2025-12-21 15:03:04
65,2167,0.8567976798181324,-0.8567976798181324,0.51,0.02819646620601889,2025-12-21 15:03:05
65,2168,0.8560286177417457,-0.8560286177417457,0.51,0.02766702417557312,2025-12-21 15:03:05
65,2169,0.8552490374174675,-0.8552490374174675,0.51,0.02713036378008699,2025-12-21 15:03:05
65,2170,0.8544589647604922,-0.8544589647604922,0.51,0.026586503977559788,2025-12-21 15:03:05
65,2171,0.8536584311234284,-0.8536584311234284,0.51,0.02603546734677462,2025-12-21 15:03:05
65,2172,0.8528474733598331,-0.8528474733598331,0.51,0.025477280201208773,2025-12-21 15:03:05
65,2173,0.8520261338794249,-0.8520261338794249,0.51,0.024911972658616572,2025-12-21 15:03:05
65,2174,0.851194460694648,-0.851194460694648,0.51,0.02433957868775882,2025-12-21 15:03:05
65,2175,0.8503525074582755,-0.8503525074582755,0.51,0.023760136141061698,2025-12-21 15:03:05
65,2176,0.8495003334917575,-0.8495003334917575,0.51,0.02317368677705217,2025-12-21 15:03:05
65,2177,0.8486380038040402,-0.8486380038040402,0.51,0.02258027627433327,2025-12-21 15:03:05
65,2178,0.8477655891006035,-0.8477655891006035,0.51,0.021979954237842343,2025-12-21 15:03:05
65,2179,0.8468831657824856,-0.8468831657824856,0.51,0.021372774197743177,2025-12-21 15:03:05
65,2180,0.8459908159350891,-0.8459908159350891,0.51,0.020758793601021404,2025-12-21 15:03:05
65,2181,0.8450886273065875,-0.8450886273065875,0.51,0.020138073795798364,2025-12-21 15:03:05
65,2182,0.844176693275777,-0.844176693275777,0.51,0.01951068000830389,2025-12-21 15:03:06
65,2183,0.8432551128092463,-0.8432551128092463,0.51,0.018876681312478164,2025-12-21 15:03:06
65,2184,0.8423239904077661,-0.8423239904077661,0.51,0.018236150592132645,2025-12-21 15:03:06
65,2185,0.8413834360418292,-0.8413834360418292,0.51,0.017589164495650123,2025-12-21 15:03:06
65,2186,0.8404335650763011,-0.8404335650763011,0.51,0.01693580338320672,2025-12-21 15:03:06
65,2187,0.8394744981841733,-0.8394744981841733,0.51,0.01627615126650509,2025-12-21 15:03:06
65,2188,0.8385063612494418,-0.8385063612494418,0.51,0.015610295741077052,2025-12-21 15:03:06
65,2189,0.8375292852591648,-0.8375292852591648,0.51,0.02987671858255216,2025-12-21 15:03:06
65,2190,0.8365434061847858,-0.8365434061847858,0.51,0.028520629661460514,2025-12-21 15:03:06
65,2191,0.8355488648528394,-0.8355488648528394,0.51,0.027152707839294608,2025-12-21 15:03:06
65,2192,0.834545806805189,-0.834545806805189,0.51,0.02577315387525614,2025-12-21 15:03:06
65,2193,0.8335343821489777,-0.8335343821489777,0.51,0.024382176074421585,2025-12-21 15:03:06
65,2194,0.8325147453965034,-0.8325147453965034,0.51,0.022979988837548974,2025-12-21 15:03:06
65,2195,0.8314870552952609,-0.8314870552952609,0.51,0.02156681240444981,2025-12-21 15:03:06
65,2196,0.8304514746484218,-0.8304514746484218,0.51,0.02014287260124082,2025-12-21 15:03:07
65,2197,0.8294081701260552,-0.8294081701260552,0.51,0.01870840057693177,2025-12-21 15:03:07
65,2198,0.8283573120674151,-0.8283573120674151,0.51,0.01726363252942395,2025-12-21 15:03:07
65,2199,0.8272990742746544,-0.8272990742746544,0.51,0.015808809421468364,2025-12-21 15:03:07
65,2200,0.8262336337983426,-0.8262336337983426,0.51,0.01434417668747522,2025-12-21 15:03:07
65,2201,0.8251611707151969,-0.8251611707151969,0.51,0.012869983932537974,2025-12-21 15:03:07
65,2202,0.824081867898454,-0.824081867898454,0.51,0.011386484626033276,2025-12-21 15:03:07
65,2203,0.8229959107813324,-0.8229959107813324,0.51,0.009893935794297481,2025-12-21 15:03:07
65,2204,0.8219034871140576,-0.8219034871140576,0.51,0.008392597722510798,2025-12-21 15:03:07
65,2205,0.8208047867149365,-0.8208047867149365,0.51,0.006882733692558587,2025-12-21 15:03:07
65,2206,0.8197000012159871,-0.8197000012159871,0.51,0.005364609842989345,2025-12-21 15:03:07
65,2207,0.8185893238036419,-0.8185893238036419,0.51,0.003838495510269209,2025-12-21 15:03:07
65,2208,0.8174729489550586,-0.8174729489550586,0.51,0.0023046663288170868,2025-12-21 15:03:07
65,2211,0.8140915982834404,-0.8140915982834404,0.51,0.002340579099066256,2025-12-21 15:03:07
65,2212,0.8129543948466897,-0.8129543948466897,0.51,0.003902585844015494,2025-12-21 15:03:08
65,2213,0.8118124762527356,-0.8118124762527356,0.51,0.00547096326776923,2025-12-21 15:03:08
65,2214,0.8106660390089067,-0.8106660390089067,0.51,0.007045432248472368,2025-12-21 15:03:08
65,2215,0.8095152789908782,-0.8095152789908782,0.51,0.008625718602407906,2025-12-21 15:03:08
65,2216,0.8083603911638758,-0.8083603911638758,0.51,0.010211550014714936,2025-12-21 15:03:08
65,2217,0.8072015693045302,-0.8072015693045302,0.51,0.011802655634776836,2025-12-21 15:03:08
65,2218,0.8060390057239338,-0.8060390057239338,0.51,0.01339876611497384,2025-12-21 15:03:08
65,2219,0.8048728909924476,-0.8048728909924476,0.51,0.014999613731706031,2025-12-21 15:03:08
65,2220,0.8037034136667937,-0.8037034136667937,0.51,0.016604932491389692,2025-12-21 15:03:08
65,2221,0.8025307600199597,-0.8025307600199597,0.51,0.018214458177934482,2025-12-21 15:03:08
65,2222,0.8013551137744293,-0.8013551137744293,0.51,0.019827928308355607,2025-12-21 15:03:08
65,2223,0.8001766558392366,-0.8001766558392366,0.51,0.021445081960148868,2025-12-21 15:03:08
65,2224,0.798995564051332,-0.798995564051332,0.51,0.023065659424274337,2025-12-21 15:03:08
65,2225,0.7978120129217259,-0.7978120129217259,0.51,0.02468940162176521,2025-12-21 15:03:08
65,2226,0.7966261733868634,-0.7966261733868634,0.51,0.026316049198773398,2025-12-21 15:03:08
66,2878,0.4928270317212185,0.5403011084207423,0.51,0.0017670147114193279,2025-12-21 15:03:56
66,2879,0.4965958084559625,0.5414283774046935,0.51,0.0037550128712961896,2025-12-21 15:03:56
66,2880,0.5003267126437907,0.5425375244849855,0.51,0.004827557491435498,2025-12-21 15:03:56
66,2881,0.504019075404059,0.5436282759100887,0.51,0.005253005886527744,2025-12-21 15:03:56
66,2882,0.5076722493358378,0.5447003634810959,0.51,0.005230973817034448,2025-12-21 15:03:56
66,2883,0.5112856085769815,0.545753524587042,0.51,0.004899306591173242,2025-12-21 15:03:56
66,2884,0.5148585488346579,0.5467875022324079,0.51,0.0044163570429008505,2025-12-21 15:03:56
66,2885,0.5183904873883239,0.5478020450572114,0.51,0.00395991536342327,2025-12-21 15:03:56
66,2886,0.521880863066174,0.5487969073501026,0.51,0.003510253096389411,2025-12-21 15:03:56
66,2887,0.525329136196124,0.5497718490548944,0.51,0.0031904902713870806,2025-12-21 15:03:57
66,2888,0.5287347885324252,0.5507266357709699,0.51,0.002865159402542911,2025-12-21 15:03:57
66,2889,0.5320973231590284,0.551661038748016,0.51,0.002557459416145807,2025-12-21 15:03:57
66,2890,0.5354162643708446,0.552574834875543,0.51,0.0023172264803105725,2025-12-21 15:03:57
66,2891,0.5386911575340646,0.5534678066676556,0.51,0.002285670528067631,2025-12-21 15:03:57
66,2892,0.5419215689267176,0.5543397422435431,0.51,0.001990446561585144,2025-12-21 15:03:57
66,2893,0.5451070855606589,0.5551904353041642,0.51,0.0017679898980676304,2025-12-21 15:03:57
66,2894,0.5482473149861844,0.5560196851056001,0.51,0.0016164853405623754,2025-12-21 15:03:57
66,2895,0.5513418850804749,0.5568272964295501,0.51,0.00143071593693848,2025-12-21 15:03:57
66,2896,0.5543904438210709,0.557613079551446,0.51,0.001481459102770639,2025-12-21 15:03:57
71,2512,0.46361385749072054,-0.27619373770574146,0.51,0.0012855094580726098,2025-12-21 15:07:58
71,2513,0.4658196713784793,-0.2734763755327768,0.51,0.0017521458252557594,2025-12-21 15:07:58
71,2514,0.4680248986302785,-0.2707498143372779,0.51,0.0021123643661567337,2025-12-21 15:07:58
71,2515,0.4702291495886379,-0.2680144142765414,0.51,0.0024487626756027657,2025-12-21 15:07:58
71,2516,0.4724320240615357,-0.26527054415904794,0.51,0.0028000440690579007,2025-12-21 15:07:58
71,2517,0.4746331117360224,-0.26251858091075353,0.51,0.0031873268914556423,2025-12-21 15:07:58
71,2518,0.47683199260493464,-0.25975890902539467,0.51,0.003499499529812284,2025-12-21 15:07:58
71,2519,0.47902823740569944,-0.25699191999999804,0.51,0.004556949341681173,2025-12-21 15:07:58
71,2520,0.48122140807018793,-0.25421801175682074,0.51,0.005682564463345714,2025-12-21 15:07:58
71,2521,0.4834110581845568,-0.2514375880529805,0.51,0.006816141040147411,2025-12-21 15:07:58
71,2522,0.48559673345799537,-0.24865105787906341,0.51,0.007960630616286291,2025-12-21 15:07:59
71,2523,0.4877779721992811,-0.24585883484801993,0.51,0.009145658506186722,2025-12-21 15:07:59
71,2524,0.4899543058000349,-0.24306133657567913,0.51,0.010356601171505393,2025-12-21 15:07:59
71,2525,0.49212525922356076,-0.24025898405422552,0.51,0.011636123117978462,2025-12-21 15:07:59
71,2526,0.49429035149815054,-0.2374522010199924,0.51,0.012923705375520745,2025-12-21 15:07:59
71,2527,0.4964490962137362,-0.23464141331693109,0.51,0.014223254508817031,2025-12-21 15:07:59
71,2528,0.49860100202077645,-0.23182704825711584,0.51,0.015599970158459115,2025-12-21 15:07:59
71,2529,0.5007455731302742,-0.22900953397964027,0.51,0.0169960515892658,2025-12-21 15:07:59
71,2530,0.5028823098138333,-0.22618929880925323,0.51,0.01842721505375877,2025-12-21 15:08:00
71,2531,0.5050107089026795,-0.22336677061606916,0.51,0.01991622946752864,2025-12-21 15:08:00
71,2532,0.507130264284593,-0.22054237617767153,0.51,0.021427568713127287,2025-12-21 15:08:00
71,2533,0.5092404673977197,-0.21771654054490733,0.51,0.02295523125275134,2025-12-21 15:08:00
71,2534,0.5113408077202598,-0.21488968641264616,0.51,0.024548631504157946,2025-12-21 15:08:00
71,2535,0.5134307732550587,-0.21206223349674927,0.51,0.026164431579146344,2025-12-21 15:08:00
71,2536,0.5155098510081614,-0.20923459791846277,0.51,0.02777888819700779,2025-12-21 15:08:00
71,2537,0.517577527460426,-0.20640719159741433,0.51,0.02945146786092522,2025-12-21 15:08:00
71,2538,0.5196332890313321,-0.20358042165435555,0.51,0.015560181260428,2025-12-21 15:08:00
71,2539,0.521676622534159,-0.20075468982475125,0.51,0.01644352577824213,2025-12-21 15:08:00
71,2540,0.5237070156217535,-0.197930391884275,0.51,0.01732779992526143,2025-12-21 15:08:01
71,2541,0.5257239572221521,-0.19510791708722464,0.51,0.018212597908414348,2025-12-21 15:08:01
71,2542,0.52772693796337,-0.19228764761882502,0.51,0.019102472054873035,2025-12-21 15:08:01
71,2543,0.5297154505867153,-0.18946995806233657,0.51,0.01999302282591945,2025-12-21 15:08:01
71,2544,0.531688990348041,-0.1866552148818379,0.51,0.02088694881887969,2025-12-21 15:08:01
71,2545,0.5336470554063938,-0.18384377592150025,0.51,0.02178037723051193,2025-12-21 15:08:01
71,2546,0.5355891471995742,-0.18103598992211886,0.51,0.02267326334226719,2025-12-21 15:08:01
71,2547,0.5375147708061717,-0.17823219605561355,0.51,0.023565652569690298,2025-12-21 15:08:01
71,2548,0.5394234352936951,-0.17543272347815833,0.51,0.024460315493524613,2025-12-21 15:08:01
71,2549,0.5413146540524666,-0.17263789090254553,0.51,0.025351707518303457,2025-12-21 15:08:01
71,2550,0.5431879451150062,-0.1698480061903374,0.51,0.026241637758571055,2025-12-21 15:08:01
71,2551,0.5450428314606819,-0.16706336596430482,0.51,0.027126732789706266,2025-12-21 15:08:02
71,2552,0.5468788413054545,-0.16428425524159998,0.51,0.028011675601127543,2025-12-21 15:08:02
71,2553,0.5486955083765997,-0.16151094708805844,0.51,0.028889366871671235,2025-12-21 15:08:02
71,2554,0.5504923721723385,-0.15874370229397478,0.51,0.019840995944551566,2025-12-21 15:08:02
71,2555,0.552268978206357,-0.1559827690716458,0.51,0.02042444030572645,2025-12-21 15:08:02
71,2556,0.5540248782372499,-0.1532283827749272,0.51,0.021001068380152123,2025-12-21 15:08:02
71,2557,0.5557596304829631,-0.1504807656410014,0.51,0.021573675213819987,2025-12-21 15:08:02
71,2558,0.5574727998203637,-0.1477401265545088,0.51,0.022142082420954275,2025-12-21 15:08:02
71,2559,0.5591639579701063,-0.1450066608341504,0.51,0.022705916878165176,2025-12-21 15:08:02
71,2560,0.56083268366701,-0.142280550041827,0.51,0.02326482617871758,2025-12-21 15:08:02
71,2561,0.5624785628162015,-0.1395619618143392,0.51,0.023818476848789738,2025-12-21 15:08:03
71,2562,0.5641011886353202,-0.13685104971763404,0.51,0.02436655106723702,2025-12-21 15:08:03
71,2563,0.5657001617831188,-0.13414795312354635,0.51,0.024908743665310863,2025-12-21 15:08:03
71,2564,0.567275090474828,-0.13145279710894867,0.51,0.025444759869024582,2025-12-21 15:08:03
71,2565,0.5688255905846915,-0.12876569237719002,0.51,0.025974008556049623,2025-12-21 15:08:03
71,2566,0.5703512857361042,-0.12608673520167313,0.51,0.026495257826659402,2025-12-21 15:08:03
71,2567,0.571851807379822,-0.12341600739139061,0.51,0.027011219689989475,2025-12-21 15:08:03
71,2568,0.5733267948607367,-0.12075357627821395,0.51,0.02751845516752444,2025-12-21 15:08:03
71,2569,0.5747758954737334,-0.11809949472570415,0.51,0.028019807764171917,2025-12-21 15:08:03
71,2570,0.5761987645091763,-0.11545380115918992,0.51,0.028514512569977536,2025-12-21 15:08:03
71,2571,0.5775950652885847,-0.11281651961683864,0.51,0.029000087651914926,2025-12-21 15:08:04
71,2572,0.5789644691910854,-0.11018765982142607,0.51,0.029477483376145103,2025-12-21 15:08:04
71,2573,0.5803066556712387,-0.10756721727249367,0.51,0.022457680923200843,2025-12-21 15:08:04
71,2574,0.5816213122688572,-0.10495517335856709,0.51,0.022804314417573322,2025-12-21 15:08:04
71,2575,0.5829081346114404,-0.10235149548909543,0.51,0.023144704861742187,2025-12-21 15:08:04
71,2576,0.5841668264098686,-0.09975613724575905,0.51,0.023478584496074595,2025-12-21 15:08:04
71,2577,0.585397099447998,-0.09716903855278279,0.51,0.023804532048646458,2025-12-21 15:08:04
71,2578,0.5865986735668124,-0.09459012586588264,0.51,0.024123472053052673,2025-12-21 15:08:04
71,2579,0.587771276643787,-0.09201931237946548,0.51,0.024435500552210217,2025-12-21 15:08:04
71,2580,0.5889146445681235,-0.0894564982516955,0.51,0.02474231362642048,2025-12-21 15:08:04
71,2581,0.5900285212125136,-0.08690157084703476,0.51,0.025039682254039266,2025-12-21 15:08:05
71,2582,0.5911126584020899,-0.08435440499586103,0.51,0.025329664645112965,2025-12-21 15:08:05
71,2583,0.5921668158812136,-0.08181486327076211,0.51,0.02561213064479805,2025-12-21 15:08:05
71,2584,0.5931907612787467,-0.07928279627910294,0.51,0.025886959959926154,2025-12-21 15:08:05
71,2585,0.5941842700724479,-0.0767580429714593,0.51,0.026154041128209404,2025-12-21 15:08:05
71,2586,0.5951471255531184,-0.07424043096550995,0.51,0.02641327064188329,2025-12-21 15:08:05
71,2587,0.5960791187891167,-0.07172977688497753,0.51,0.026664552230056468,2025-12-21 15:08:05
71,2588,0.5969800485918444,-0.06922588671320717,0.51,0.02690848478252035,2025-12-21 15:08:05
71,2589,0.597849721482792,-0.06672855616097052,0.51,0.027144440433246927,2025-12-21 15:08:05
71,2590,0.5986879516627157,-0.06423757104808188,0.51,0.027369856246692338,2025-12-21 15:08:05
71,2591,0.5994945609834978,-0.06175270769841153,0.51,0.027589506058544398,2025-12-21 15:08:05
71,2592,0.6002693789232241,-0.05927373334788012,0.51,0.027798392408302,2025-12-21 15:08:05
71,2593,0.6010122425649871,-0.05680040656501594,0.51,0.02799884582912884,2025-12-21 15:08:06
71,2594,0.6017229965799057,-0.05433247768365459,0.51,0.028190510664648647,2025-12-21 15:08:06
71,2595,0.6024014932148196,-0.051869689247358075,0.51,0.02837364589526362,2025-12-21 15:08:06
71,2596,0.6030475922850991,-0.04941177646512655,0.51,0.028548199250138632,2025-12-21 15:08:06
71,2597,0.6036611611729749,-0.04695846767797211,0.51,0.028714125131294406,2025-12-21 15:08:06
71,2598,0.6042420748317705,-0.0445094848359191,0.51,0.02887138390254573,2025-12-21 15:08:06
71,2599,0.6047902157963844,-0.042064543984989634,0.51,0.029019941310847886,2025-12-21 15:08:06
71,2600,0.60530547420034,-0.03962335576372658,0.51,0.029159983901316692,2025-12-21 15:08:06
71,2601,0.6057877477996886,-0.037185625908798536,0.51,0.02929065875549135,2025-12-21 15:08:06
71,2602,0.6062369420040148,-0.03475105576922293,0.51,0.02941256569226243,2025-12-21 15:08:06
71,2603,0.6066529699147617,-0.03231934282873382,0.51,0.029532429823726284,2025-12-21 15:08:06
71,2604,0.6070357523710539,-0.0298901812358103,0.51,0.029635618875239,2025-12-21 15:08:07
71,2605,0.607385218003162,-0.027463262340869907,0.51,0.023778889771268023,2025-12-21 15:08:07
71,2606,0.6077013032937139,-0.02503827524011863,0.51,0.023853332468243737,2025-12-21 15:08:07
71,2607,0.6079839526467172,-0.022614907325535484,0.51,0.02392436725007141,2025-12-21 15:08:07
71,2608,0.6082331184644225,-0.0201928448404549,0.51,0.023980468090000196,2025-12-21 15:08:07
71,2609,0.6084487612320122,-0.017771773440194382,0.51,0.024031804733554027,2025-12-21 15:08:07
71,2610,0.6086308496100633,-0.015351378757158377,0.51,0.024072966463317174,2025-12-21 15:08:07
71,2611,0.6087793605346893,-0.01293134696983174,0.51,0.024109448346360626,2025-12-21 15:08:07
71,2612,0.6088942793252259,-0.010511365375057907,0.51,0.02413657190630816,2025-12-21 15:08:07
71,2613,0.6089755997992854,-0.008091122962977874,0.51,0.024158247249657275,2025-12-21 15:08:07
71,2614,0.6090233243949602,-0.005670310993986512,0.51,0.024172937991574474,2025-12-21 15:08:07
71,2615,0.6090374642999182,-0.003248623577042554,0.51,0.024180649648152634,2025-12-21 15:08:07
71,2616,0.6090180395870892,-0.0008257582486481474,0.51,0.024181391527259177,2025-12-21 15:08:08
71,2617,0.6089650793566014,0.0015985834482069553,0.51,0.024175176488115197,2025-12-21 15:08:08
71,2618,0.6088786218835881,0.004024695385862349,0.51,0.02416189326393711,2025-12-21 15:08:08
71,2619,0.6087587147714429,0.00645286627531174,0.51,0.024141440673420535,2025-12-21 15:08:08
71,2620,0.6086054151100649,0.008883379091802826,0.51,0.024122481841364174,2025-12-21 15:08:08
71,2621,0.6084187896385961,0.011316510503499926,0.51,0.024087274354241947,2025-12-21 15:08:08
71,2622,0.6081989149121171,0.013752530304016767,0.51,0.024045267730069625,2025-12-21 15:08:08
71,2623,0.6079458774717322,0.01619170084964586,0.51,0.023996484910354065,2025-12-21 15:08:08
71,2624,0.6076597740174393,0.018634276502129087,0.51,0.023940951584979647,2025-12-21 15:08:08
71,2625,0.607340711583149,0.021080503077831127,0.51,0.02387869647940974,2025-12-21 15:08:08
71,2626,0.6069888077131861,0.02353061730419318,0.51,0.02380506192745953,2025-12-21 15:08:09
71,2627,0.6066041906395787,0.0259848462843586,0.51,0.023728420335561048,2025-12-21 15:08:09
71,2628,0.6061869994594108,0.028443406970874777,0.51,0.023645184434009106,2025-12-21 15:08:09
71,2629,0.6057373843114936,0.030906505649386146,0.51,0.023555393941801533,2025-12-21 15:08:09
71,2630,0.6052555065515863,0.033374337433241974,0.51,0.029323382371370006,2025-12-21 15:08:09
71,2631,0.6047415389253784,0.03584708576994877,0.51,0.02918551443559027,2025-12-21 15:08:09
71,2632,0.6041956657384292,0.03832492196040119,0.51,0.029039816219936523,2025-12-21 15:08:09
71,2633,0.6036180830222463,0.04080800469182645,0.51,0.02888640532089178,2025-12-21 15:08:09
71,2634,0.6030089986956738,0.043296479585375885,0.51,0.028731422794353687,2025-12-21 15:08:09
71,2635,0.6023686327207547,0.04579047875929255,0.51,0.028564349074294622,2025-12-21 15:08:09
71,2636,0.6016972172522252,0.04829012040857646,0.51,0.02838972703220939,2025-12-21 15:08:10
71,2637,0.6009949967798011,0.05079550840205805,0.51,0.028207633624138643,2025-12-21 15:08:10
71,2638,0.6002622282624152,0.05330673189777619,0.51,0.028012165270518093,2025-12-21 15:08:10
71,2639,0.5994991812535745,0.05582386497753981,0.51,0.027813905453678525,2025-12-21 15:08:10
71,2640,0.5987061380170127,0.05834696630153061,0.51,0.027608472657124232,2025-12-21 15:08:10
71,2641,0.5978833936318273,0.06087607878377998,0.51,0.027395939854293866,2025-12-21 15:08:10
71,2642,0.5970312560863096,0.06341122928932451,0.51,0.027176382914703864,2025-12-21 15:08:10
71,2643,0.5961500463596936,0.06595242835381296,0.51,0.026949880742855245,2025-12-21 15:08:10
71,2644,0.5952400984910757,0.06849966992630134,0.51,0.026716515382137138,2025-12-21 15:08:10
71,2645,0.5943017596347847,0.07105293113593399,0.51,0.026476372094524626,2025-12-21 15:08:10
71,2646,0.5933353901015118,0.07361217208316534,0.51,0.02622953942267619,2025-12-21 15:08:11
71,2647,0.5923413633845472,0.07617733565613106,0.51,0.025970349823011316,2025-12-21 15:08:11
71,2648,0.5913200661705059,0.07874834737272739,0.51,0.02570900795584262,2025-12-21 15:08:11
71,2649,0.5902718983339678,0.08132511524890441,0.51,0.025441329272419787,2025-12-21 15:08:11
71,2650,0.5891972729155012,0.08390752969362344,0.51,0.025167410726714596,2025-12-21 15:08:11
71,2651,0.5880966160825875,0.08649546343086903,0.51,0.024887353155332158,2025-12-21 15:08:11
71,2652,0.5869703670730128,0.08908877144904488,0.51,0.02460126121971387,2025-12-21 15:08:11
71,2653,0.5858189781203466,0.09168729097801862,0.51,0.024309243353939556,2025-12-21 15:08:11
71,2654,0.5846429143611827,0.09429084149401346,0.51,0.024011411717003585,2025-12-21 15:08:11
71,2655,0.5834426537238738,0.09689922475247681,0.51,0.023703694870012143,2025-12-21 15:08:11
71,2656,0.5822186867985517,0.09951222484898505,0.51,0.023393430883918282,2025-12-21 15:08:12
71,2657,0.5809715166882831,0.10212960830817222,0.51,0.023077764970308386,2025-12-21 15:08:12
71,2658,0.5797016588412768,0.10475112420059747,0.51,0.022756819209143728,2025-12-21 15:08:12
71,2659,0.5784096408641175,0.10737650428739214,0.51,0.022430719619237857,2025-12-21 15:08:12
71,2660,0.577096002316067,0.11000546319245343,0.51,0.022099596053713713,2025-12-21 15:08:12
71,2661,0.5757612944845368,0.11263769860187704,0.51,0.029018975628534536,2025-12-21 15:08:12
71,2662,0.574406080141903,0.11527289149024703,0.51,0.028544425462276483,2025-12-21 15:08:12
71,2663,0.5730309332838927,0.11791070637332753,0.51,0.028065075401027508,2025-12-21 15:08:12
71,2664,0.5716364388498422,0.12055079158662826,0.51,0.027581018308936056,2025-12-21 15:08:12
71,2665,0.5702231924251839,0.12319277958924423,0.51,0.027092337665551292,2025-12-21 15:08:12
71,2666,0.5687917999265834,0.12583628729229998,0.51,0.026599123950997176,2025-12-21 15:08:12
71,2667,0.5673428772702072,0.12848091641126128,0.51,0.026099041020405948,2025-12-21 15:08:13
71,2668,0.5658770500236621,0.13112625384131055,0.51,0.02559953506101778,2025-12-21 15:08:13
71,2669,0.5643949530422007,0.1337718720549204,0.51,0.025095657238006684,2025-12-21 15:08:13
71,2670,0.5628972300898433,0.13641732952069796,0.51,0.02458757797149834,2025-12-21 15:08:13
71,2671,0.5613845334461187,0.13906217114251726,0.51,0.024075470350074478,2025-12-21 15:08:13
71,2672,0.559857523499174,0.14170592871790158,0.51,0.023559512895087727,2025-12-21 15:08:13
71,2673,0.5583168683260487,0.14434812141456937,0.51,0.023039890451535067,2025-12-21 15:08:13
71,2674,0.5567632432609542,0.1469882562640103,0.51,0.02251829577306009,2025-12-21 15:08:13
71,2675,0.5551973304524338,0.14962582867091637,0.51,0.0219771280378545,2025-12-21 15:08:13
71,2676,0.553619818410319,0.15226032293725617,0.51,0.02144216942150534,2025-12-21 15:08:13
71,2677,0.5520314015434258,0.15489121279974638,0.51,0.02090468279401618,2025-12-21 15:08:14
71,2678,0.5504327796889639,0.157517961979447,0.51,0.020364847097988414,2025-12-21 15:08:14
71,2679,0.548824657634657,0.16014002474218292,0.51,0.019822848666044585,2025-12-21 15:08:14
71,2680,0.5472077446345894,0.16275684646847546,0.51,0.028916957836614205,2025-12-21 15:08:14
71,2681,0.5455827539198108,0.16536786423165398,0.51,0.028066434798961454,2025-12-21 15:08:14
71,2682,0.5439504022047448,0.16797250738280828,0.51,0.027231410009268528,2025-12-21 15:08:14
71,2683,0.54231140919045,0.17057019814123853,0.51,0.026388437870895235,2025-12-21 15:08:14
71,2684,0.540666497065789,0.1731603521890603,0.51,0.025545503243362164,2025-12-21 15:08:14
71,2685,0.5390163900075576,0.17574237926862799,0.51,0.024702703117564225,2025-12-21 15:08:14
71,2686,0.537361813680623,0.17831568378144957,0.51,0.023848011260106498,2025-12-21 15:08:14
71,2687,0.5357034947391077,0.18087966538728206,0.51,0.023000929708526005,2025-12-21 15:08:14
71,2688,0.5340421603296479,0.18343371960211485,0.51,0.022153851213221464,2025-12-21 15:08:15
71,2689,0.532378537597732,0.18597723839377356,0.51,0.021311908418792328,2025-12-21 15:08:15
71,2690,0.5307133531981099,0.1885096107739043,0.51,0.02047119662375705,2025-12-21 15:08:15
71,2691,0.5290473328102357,0.19103022338513073,0.51,0.019631970429464952,2025-12-21 15:08:15
71,2692,0.5273812006596829,0.19353846108221257,0.51,0.018794503386246317,2025-12-21 15:08:15
71,2693,0.5257156790464348,0.19603370750607335,0.51,0.017959087156510557,2025-12-21 15:08:15
71,2694,0.5240514878809277,0.19851534564960907,0.51,0.017126029944610363,2025-12-21 15:08:15
71,2695,0.5223893442286787,0.2009827584142347,0.51,0.016285830890126907,2025-12-21 15:08:15
71,2696,0.5207299618642989,0.20343532915617576,0.51,0.015451467119939197,2025-12-21 15:08:15
71,2697,0.519074050835647,0.20587244222156276,0.51,0.014622447742589926,2025-12-21 15:08:16
71,2698,0.5174223170388362,0.20829348346944182,0.51,0.027590429214886046,2025-12-21 15:08:16
71,2699,0.5157754618047625,0.21069784078186982,0.51,0.02588624978141356,2025-12-21 15:08:16
71,2700,0.514134181497774,0.21308490456032156,0.51,0.024200348215019565,2025-12-21 15:08:16
71,2701,0.5124991671270547,0.21545406820769578,0.51,0.022519748546931364,2025-12-21 15:08:16
71,2702,0.5108711039712445,0.21780472859526767,0.51,0.02085635893827022,2025-12-21 15:08:16
71,2703,0.509250671216767,0.22013628651399825,0.51,0.01920963249673238,2025-12-21 15:08:16
71,2704,0.5076385416102868,0.222448147109673,0.51,0.017584315656022788,2025-12-21 15:08:16
71,2705,0.5060353811256623,0.22473972030140643,0.51,0.015965304921720026,2025-12-21 15:08:16
71,2706,0.5044418486457137,0.22701042118311193,0.51,0.014362740277610007,2025-12-21 15:08:16
71,2707,0.5028585956590675,0.22925967040760054,0.51,0.01277922068758569,2025-12-21 15:08:16
71,2708,0.5012862659722895,0.23148689455303526,0.51,0.011213603705885034,2025-12-21 15:08:17
71,2709,0.4997254954374668,0.23369152647153071,0.51,0.009658117228243432,2025-12-21 15:08:17
71,2710,0.49817691169534634,0.23587300561975,0.51,0.008119775899284363,2025-12-21 15:08:17
71,2711,0.49664113393408765,0.23803077837141184,0.51,0.00659830770588799,2025-12-21 15:08:17
71,2712,0.49511877266363646,0.24016429831168176,0.51,0.0050985408457298815,2025-12-21 15:08:17
71,2713,0.4936104295056787,0.2422730265134793,0.51,0.0036173927279767935,2025-12-21 15:08:17
71,2714,0.49211669699908417,0.2443564317957917,0.51,0.0021566468528927576,2025-12-21 15:08:17
71,2826,0.4912445995112466,0.25503085897814254,0.51,0.001660000240413264,2025-12-21 15:08:18
71,2827,0.49274820294881394,0.2532356385117012,0.51,0.003048242110098686,2025-12-21 15:08:18
71,2828,0.4942665550328108,0.2514224108781561,0.51,0.004465854208457706,2025-12-21 15:08:18
71,2829,0.4957990031551012,0.24959196871448264,0.51,0.0058833460389011985,2025-12-21 15:08:18
71,2830,0.49734488670155275,0.24774511396118465,0.51,0.007313269856468355,2025-12-21 15:08:18
71,2831,0.4989035374885835,0.24588265734670078,0.51,0.008797872380401922,2025-12-21 15:08:18
71,2832,0.5004742802106592,0.24400541785843782,0.51,0.010289369408212371,2025-12-21 15:08:18
71,2833,0.50205643289783,0.24211422220152568,0.51,0.011790803864355071,2025-12-21 15:08:19
71,2834,0.5036493073823677,0.2402099042464275,0.51,0.013301978471656992,2025-12-21 15:08:19
71,2835,0.5052522097735327,0.23829330446657218,0.51,0.014825425562894182,2025-12-21 15:08:19
71,2836,0.5068644409394778,0.2363652693672058,0.51,0.016378011784727024,2025-12-21 15:08:19
71,2837,0.5084852969952748,0.23442665090668227,0.51,0.017937918746072135,2025-12-21 15:08:19
71,2838,0.5101140697960345,0.23247830591143323,0.51,0.019513681581982665,2025-12-21 15:08:19
71,2839,0.5117500474340775,0.23052109548587135,0.51,0.021106632988345454,2025-12-21 15:08:19
71,2840,0.513392514739107,0.22855588441848987,0.51,0.022710018429437758,2025-12-21 15:08:19
71,2841,0.5150407537803302,0.22658354058542632,0.51,0.02432257439301708,2025-12-21 15:08:19
71,2842,0.516694044369476,0.22460493435275677,0.51,0.02594411363814426,2025-12-21 15:08:19
71,2843,0.5183516645636598,0.2226209379787819,0.51,0.027574388430991463,2025-12-21 15:08:19
71,2844,0.5200128911670592,0.22063242501755528,0.51,0.0292129088216052,2025-12-21 15:08:20
71,2845,0.5216770002303703,0.21864026972488917,0.51,0.01542903767267999,2025-12-21 15:08:20
71,2846,0.5233432675470375,0.21664534646805364,0.51,0.01624537645327976,2025-12-21 15:08:20
71,2847,0.5250109691452642,0.21464852914036026,0.51,0.01706777513391968,2025-12-21 15:08:20
71,2848,0.5266793817748404,0.2126506905817934,0.51,0.01789352301046624,2025-12-21 15:08:20
71,2849,0.5283477833878447,0.21065270200681963,0.51,0.01872115070178946,2025-12-21 15:08:20
71,2850,0.5300154536123143,0.2086554324404698,0.51,0.01954985174398101,2025-12-21 15:08:20
71,2851,0.5316816742180043,0.20665974816374785,0.51,0.020379155053216146,2025-12-21 15:08:20
71,2852,0.5333457295733974,0.2046665121693777,0.51,0.02120874337696515,2025-12-21 15:08:20
71,2853,0.5350069070931619,0.2026765836288531,0.51,0.0220383558411911,2025-12-21 15:08:20
71,2854,0.5366644976752966,0.20069081737170613,0.51,0.022867738316096068,2025-12-21 15:08:20
71,2855,0.5383177961272457,0.1987100633778579,0.51,0.023696620463608226,2025-12-21 15:08:21
71,2856,0.5399661015803111,0.19673516628386176,0.51,0.024524707245421523,2025-12-21 15:08:21
71,2857,0.541608717891734,0.19476696490379206,0.51,0.025351677905349236,2025-12-21 15:08:21
71,2858,0.5432449540338712,0.19280629176547467,0.51,0.026177188501225235,2025-12-21 15:08:21
71,2859,0.5448741244699342,0.19085397266269555,0.51,0.026997624220095887,2025-12-21 15:08:21
71,2860,0.5464955495158161,0.18891082622396288,0.51,0.0278126477965694,2025-12-21 15:08:21
71,2861,0.5481085556875765,0.18697766349833753,0.51,0.028625223564585463,2025-12-21 15:08:21
71,2862,0.5497124760342121,0.18505528755878345,0.51,0.02942574984447816,2025-12-21 15:08:21
71,2863,0.5513066504553873,0.18314449312342804,0.51,0.020164996212479396,2025-12-21 15:08:21
71,2864,0.552890426003856,0.1812460661950588,0.51,0.02069924180588115,2025-12-21 15:08:22
71,2865,0.5544631571723545,0.17936078371912087,0.51,0.021228887485586705,2025-12-21 15:08:22
71,2866,0.5560242061647999,0.17748941326041676,0.51,0.021755950120586207,2025-12-21 15:08:22
71,2867,0.5575729431516762,0.17563271269864908,0.51,0.022279362353683912,2025-12-21 15:08:22
71,2868,0.5591087465095465,0.17379142994288493,0.51,0.0227967835266148,2025-12-21 15:08:22
71,2869,0.5606310030446736,0.17196630266496135,0.51,0.02331107251595552,2025-12-21 15:08:22
71,2870,0.5621391082007848,0.17015805805179218,0.51,0.023818561490343136,2025-12-21 15:08:22
71,2871,0.5636324662510612,0.1683674125764795,0.51,0.0243190686121678,2025-12-21 15:08:22
71,2872,0.5651104904744817,0.16659507178807664,0.51,0.02481498397470097,2025-12-21 15:08:23
71,2873,0.5665726033166932,0.16484173011979564,0.51,0.02530244220499554,2025-12-21 15:08:23
71,2874,0.568018236535626,0.16310807071539973,0.51,0.0257829630589462,2025-12-21 15:08:23
71,2875,0.5694468313321109,0.16139476527347119,0.51,0.026256478711939826,2025-12-21 15:08:23
71,2876,0.5708578384657997,0.15970247390919595,0.51,0.026748391668324416,2025-12-21 15:08:23
71,2877,0.572250718356725,0.15803184503326115,0.51,0.027195648529324896,2025-12-21 15:08:23
71,2878,0.573624941172874,0.1563835152474169,0.51,0.027650989763073307,2025-12-21 15:08:23
71,2879,0.574979986904185,0.154758109256213,0.51,0.028129494750003436,2025-12-21 15:08:23
71,2880,0.5763153454234072,0.1531562397943816,0.51,0.028549164134716407,2025-12-21 15:08:23
71,2881,0.5776305165342962,0.1515785075693004,0.51,0.029017896719547007,2025-12-21 15:08:23
71,2882,0.578925010007644,0.15002550121793734,0.51,0.029459500561815035,2025-12-21 15:08:23
71,2883,0.5801983456056707,0.14849779727764523,0.51,0.029894292242625953,2025-12-21 15:08:24
71,2884,0.5814500530953279,0.14699596017014727,0.51,0.022741452097740977,2025-12-21 15:08:24
71,2885,0.5826796722510841,0.145520542198027,0.51,0.02302726439889081,2025-12-21 15:08:24
71,2886,0.5838867528477862,0.14407208355301307,0.51,0.023323251420744158,2025-12-21 15:08:24
71,2887,0.5850708546442048,0.1426511123353286,0.51,0.02365039061480512,2025-12-21 15:08:24
71,2888,0.586231547357887,0.14125814458335562,0.51,0.02391258234621521,2025-12-21 15:08:24
71,2889,0.5873684106319554,0.13989368431285046,0.51,0.0242288109063816,2025-12-21 15:08:24
71,2890,0.5884810339945017,0.13855822356493194,0.51,0.02451451118886505,2025-12-21 15:08:24
71,2891,0.5895690168112292,0.13725224246205447,0.51,0.024794088698729178,2025-12-21 15:08:24
71,2892,0.5906319682320121,0.1359762092711695,0.51,0.025066348783168248,2025-12-21 15:08:24
71,2893,0.5916695071320363,0.13473058047327388,0.51,0.02533287894477383,2025-12-21 15:08:24
71,2894,0.5926812620481929,0.1335158008385408,0.51,0.02559287062222874,2025-12-21 15:08:25
71,2895,0.5936668711113977,0.13233230350622802,0.51,0.025846214609806063,2025-12-21 15:08:25
71,2896,0.5946259819755015,0.13118051006856057,0.51,0.02605365749743846,2025-12-21 15:08:25
71,2897,0.5955582517434614,0.13006083065778987,0.51,0.02628227777273297,2025-12-21 15:08:25
71,2898,0.5964633468914294,0.12897366403563656,0.51,0.026542485869227278,2025-12-21 15:08:25
71,2899,0.5973409431914133,0.12791939768433527,0.51,0.0267680474619176,2025-12-21 15:08:25
71,2900,0.598190725633151,0.1268984078985091,0.51,0.02694635457327003,2025-12-21 15:08:25
71,2901,0.5990123883458317,0.12591105987711645,0.51,0.027183275443040576,2025-12-21 15:08:25
71,2902,0.5998056345202811,0.12495770781472784,0.51,0.027348140749703917,2025-12-21 15:08:25
71,2903,0.6005701763322159,0.12403869499140793,0.51,0.027575563989271214,2025-12-21 15:08:26
71,2904,0.601305734867154,0.12315435386049879,0.51,0.027720675173385865,2025-12-21 15:08:26
71,2905,0.6020120400475507,0.12230500613362132,0.51,0.027894115375312546,2025-12-21 15:08:26
71,2906,0.6026888305627087,0.12149096286223615,0.51,0.028059353287353202,2025-12-21 15:08:26
71,2907,0.603335853801992,0.12071252451513101,0.51,0.02825126067132845,2025-12-21 15:08:26
71,2908,0.6039528657918461,0.11996998105122902,0.51,0.028374457705091134,2025-12-21 15:08:26
71,2909,0.6045396311371085,0.11926361198714217,0.51,0.028548962361780613,2025-12-21 15:08:26
71,2910,0.6050959229670594,0.11859368645892487,0.51,0.02869295710179775,2025-12-21 15:08:26
71,2911,0.6056215228866446,0.11796046327751607,0.51,0.02882790974509921,2025-12-21 15:08:27
71,2912,0.6061162209332667,0.11736419097739209,0.51,0.028954936060906395,2025-12-21 15:08:27
71,2913,0.6065798155395121,0.11680510785798938,0.51,0.029073971623448415,2025-12-21 15:08:27
71,2914,0.6070121135021548,0.11628344201749308,0.51,0.02918495905263363,2025-12-21 15:08:27
71,2915,0.6074129299577371,0.11579941137862701,0.51,0.029287847001743243,2025-12-21 15:08:27
71,2916,0.6077820883650031,0.11535322370612076,0.51,0.029377615190679832,2025-12-21 15:08:27
71,2917,0.6081194204944178,0.11494507661557134,0.51,0.029462799162479437,2025-12-21 15:08:27
71,2918,0.6084247664249749,0.11457515757345976,0.51,0.029539714297454354,2025-12-21 15:08:27
71,2919,0.6086979745484569,0.11424364388812716,0.51,0.02957137580472726,2025-12-21 15:08:27
71,2920,0.6089389015812742,0.11395070269155973,0.51,0.02966281007843924,2025-12-21 15:08:28
71,2921,0.6091474125839718,0.11369649091187833,0.51,0.029715983406931133,2025-12-21 15:08:28
71,2922,0.6093233809884527,0.11348115523647517,0.51,0.02976079097060564,2025-12-21 15:08:28
71,2923,0.609466688632929,0.11330483206578762,0.51,0.029795814870431314,2025-12-21 15:08:28
71,2924,0.6095772258045684,0.11316764745774763,0.51,0.029820395630740664,2025-12-21 15:08:28
71,2925,0.6096548912897679,0.11306971706299405,0.51,0.029842741438247125,2025-12-21 15:08:28
71,2926,0.6096995924319404,0.113011146050984,0.51,0.029853725401138058,2025-12-21 15:08:28
71,2927,0.6097112451966631,0.11299202902718915,0.51,0.02985621487485355,2025-12-21 15:08:28
71,2928,0.6096897742439928,0.11301244994161236,0.51,0.02985020066956994,2025-12-21 15:08:28
71,2929,0.6096351130077134,0.11307248198890925,0.51,0.029835680610068794,2025-12-21 15:08:28
71,2930,0.6095472037812389,0.11317218750044895,0.51,0.029813653311615902,2025-12-21 15:08:29
71,2931,0.6094259978098551,0.11331161782869717,0.51,0.02978239379043625,2025-12-21 15:08:29
71,2932,0.6092714553889423,0.11349081322435285,0.51,0.029742658071246132,2025-12-21 15:08:29
71,2933,0.6090835459677839,0.11370980270671802,0.51,0.029652650169607872,2025-12-21 15:08:29
71,2934,0.6088622482585209,0.11396860392782665,0.51,0.029588582517761013,2025-12-21 15:08:29
71,2935,0.608607550349782,0.1142672230309048,0.51,0.029525276953131584,2025-12-21 15:08:29
71,2936,0.6083194498244763,0.11460565450377826,0.51,0.029449538076616398,2025-12-21 15:08:29
71,2937,0.6079979538812003,0.11498388102788779,0.51,0.029363123716904072,2025-12-21 15:08:29
71,2938,0.6076430794586791,0.11540187332361272,0.51,0.029267601200649272,2025-12-21 15:08:29
71,2939,0.6072548533626261,0.11585958999264413,0.51,0.029167861347807498,2025-12-21 15:08:30
71,2940,0.6068333123943738,0.11635697735818586,0.51,0.029051580205338105,2025-12-21 15:08:30
71,2941,0.6063785034806018,0.11689396930379739,0.51,0.028930778642117735,2025-12-21 15:08:30
71,2942,0.605890483803457,0.11747048711172549,0.51,0.028801861284858694,2025-12-21 15:08:30
71,2943,0.6053693209303371,0.11808643930160158,0.51,0.02866478086003107,2025-12-21 15:08:30
71,2944,0.604815092942588,0.1187417214704098,0.51,0.028519568801876494,2025-12-21 15:08:30
71,2945,0.6042278885623384,0.11943621613465484,0.51,0.028366258975159337,2025-12-21 15:08:30
71,2946,0.6036078072766874,0.12016979257567996,0.51,0.028204673602395272,2025-12-21 15:08:30
71,2947,0.6029549594584332,0.12094230668910382,0.51,0.02803520079531868,2025-12-21 15:08:31
71,2948,0.6022694664825319,0.1217536008393587,0.51,0.027857759737053255,2025-12-21 15:08:31
71,2949,0.601551460837455,0.12260350372032384,0.51,0.027672479668434065,2025-12-21 15:08:31
71,2950,0.6008010862306169,0.12349183022305425,0.51,0.027478953368511982,2025-12-21 15:08:31
71,2951,0.6000184976870347,0.12441838131160822,0.51,0.027277735455303168,2025-12-21 15:08:31
71,2952,0.5992038616403886,0.125382943907976,0.51,0.02706701478805848,2025-12-21 15:08:31
71,2953,0.5983573560156505,0.12638529078710634,0.51,0.02685223180145127,2025-12-21 15:08:31
71,2954,0.5974791703024606,0.12742518048301849,0.51,0.026627877538154404,2025-12-21 15:08:31
71,2955,0.5965695056184395,0.12850235720697323,0.51,0.026393391970618775,2025-12-21 15:08:31
71,2956,0.5956285747616409,0.12961655077865825,0.51,0.02615388359590627,2025-12-21 15:08:31
71,2957,0.5946566022513665,0.1307674765713212,0.51,0.025906978480727646,2025-12-21 15:08:32
71,2958,0.5936538243565874,0.13195483547175638,0.51,0.02565372377000618,2025-12-21 15:08:32
71,2959,0.5926204891112424,0.13317831385602039,0.51,0.025392171430685232,2025-12-21 15:08:32
71,2960,0.5915568563157125,0.13443758358171645,0.51,0.025123083424727473,2025-12-21 15:08:32
71,2961,0.5904631975238036,0.1357323019976479,0.51,0.02484720381133768,2025-12-21 15:08:32
71,2962,0.5893397960146042,0.13706211197159754,0.51,0.024564948402670293,2025-12-21 15:08:32
71,2963,0.5881869467486263,0.1384266419369422,0.51,0.024275019587417446,2025-12-21 15:08:32
71,2964,0.5870049563076788,0.13982550595876106,0.51,0.02397820410676583,2025-12-21 15:08:32
71,2965,0.5857941428179676,0.14125830382004043,0.51,0.02367458050246805,2025-12-21 15:08:32
71,2966,0.584554835855966,0.14272462112852105,0.51,0.023364723469225787,2025-12-21 15:08:33
71,2967,0.5832873763366493,0.14422402944467103,0.51,0.02304771811196447,2025-12-21 15:08:33
71,2968,0.5819921163837407,0.1457560864312044,0.51,0.022724165026434373,2025-12-21 15:08:33
71,2969,0.5806694191816709,0.14732033602449818,0.51,0.029855624679783872,2025-12-21 15:08:33
71,2970,0.5793196588090118,0.14891630862819086,0.51,0.029407762297343844,2025-12-21 15:08:33
71,2971,0.5779432200532039,0.15054352132917517,0.51,0.028952173774048035,2025-12-21 15:08:33
71,2972,0.5765404982064563,0.15220147813612367,0.51,0.02848717445885076,2025-12-21 15:08:33
71,2973,0.5751118988427631,0.15388967024061206,0.51,0.028014959084004972,2025-12-21 15:08:33
71,2974,0.5736578375760389,0.15560757630082933,0.51,0.027532602002363862,2025-12-21 15:08:33
71,2975,0.5721787397994417,0.15735466274778745,0.51,0.02704441254257122,2025-12-21 15:08:34
71,2976,0.570675040406016,0.15913038411386707,0.51,0.026547200580508544,2025-12-21 15:08:34
71,2977,0.5691471834908509,0.1609341833834588,0.51,0.02604267389061242,2025-12-21 15:08:34
71,2978,0.5675956220350111,0.1627654923653835,0.51,0.025530459643449112,2025-12-21 15:08:34
71,2979,0.5660208175715642,0.16462373208669967,0.51,0.025011095787905047,2025-12-21 15:08:34
71,2980,0.5644232398340863,0.16650831320743129,0.51,0.024484153278751527,2025-12-21 15:08:34
71,2981,0.5628033663880914,0.16841863645567712,0.51,0.02395018313690483,2025-12-21 15:08:34
71,2982,0.5611616822458877,0.1703540930824908,0.51,0.023408882152828235,2025-12-21 15:08:34
71,2983,0.5594986794654228,0.17231406533585228,0.51,0.022861541369396082,2025-12-21 15:08:34
71,2984,0.5578148567337331,0.17429792695298466,0.51,0.022307128231543308,2025-12-21 15:08:35
71,2985,0.5561107189356701,0.17630504367020697,0.51,0.021745868059516994,2025-12-21 15:08:35
71,2986,0.5543867767086208,0.1783347737494522,0.51,0.02117838339190897,2025-12-21 15:08:35
71,2987,0.5526435459839947,0.18038646852052317,0.51,0.02060485370748959,2025-12-21 15:08:35
71,2988,0.5508815475162887,0.18245947293810474,0.51,0.020024756399590327,2025-12-21 15:08:35
71,2989,0.5491013064005865,0.18455312615250105,0.51,0.029154028431614156,2025-12-21 15:08:35
71,2990,0.547303351579387,0.18666676209302072,0.51,0.028261730014031865,2025-12-21 15:08:35
71,2991,0.5454882153396906,0.18879971006289126,0.51,0.027360862980615335,2025-12-21 15:08:35
71,2992,0.5436564328013043,0.19095129534454658,0.51,0.026452020492573367,2025-12-21 15:08:35
71,2993,0.5418085413973543,0.19312083981409892,0.51,0.025535594644084683,2025-12-21 15:08:35
71,2994,0.5399450803480195,0.19530766256377818,0.51,0.024611918459272714,2025-12-21 15:08:35
71,2995,0.5380665901285158,0.19751108053109856,0.51,0.0236811312501681,2025-12-21 15:08:36
71,2996,0.5361736119323839,0.1997304091334932,0.51,0.02274360915092363,2025-12-21 15:08:36
71,2997,0.5342666871311386,0.2019649629071439,0.51,0.021797650154873085,2025-12-21 15:08:36
71,2998,0.5323463567313499,0.20421405614872412,0.51,0.02084597908974847,2025-12-21 15:08:36
71,2999,0.5304131608302307,0.20647700355876783,0.51,0.019888662569282792,2025-12-21 15:08:36
71,3000,0.528467638070804,0.20875312088537878,0.51,0.018926015702325005,2025-12-21 15:08:36
71,3001,0.5265103250977218,0.21104172556699777,0.51,0.0179533381655311,2025-12-21 15:08:36
71,3002,0.5245417560148001,0.2133421373729559,0.51,0.016977942947797305,2025-12-21 15:08:36
71,3003,0.5225624618453234,0.21565367904055496,0.51,0.015997826298305533,2025-12-21 15:08:36
71,3004,0.5205729699961588,0.217975676907434,0.51,0.015013893627842468,2025-12-21 15:08:36
71,3005,0.5185738037267025,0.22030746153800296,0.51,0.02804292510020914,2025-12-21 15:08:37
71,3006,0.5165654816236613,0.22264836834274998,0.51,0.026022865522985612,2025-12-21 15:08:37
71,3007,0.5145485170826476,0.22499773818925833,0.51,0.024004990230410448,2025-12-21 15:08:37
71,3008,0.5125234177975395,0.22735491800380134,0.51,0.021983355853134042,2025-12-21 15:08:37
71,3009,0.5104906852585319,0.22971926136242032,0.51,0.019953910660265542,2025-12-21 15:08:37
71,3010,0.5084508142597693,0.2320901290704288,0.51,0.017920402516182973,2025-12-21 15:08:37
71,3011,0.5064042924174197,0.23446688972932805,0.51,0.015880397144370395,2025-12-21 15:08:37
71,3012,0.5043515996990123,0.2368489202901632,0.51,0.013838609187431575,2025-12-21 15:08:37
71,3013,0.5022932079648266,0.23923560659239537,0.51,0.011799203563309114,2025-12-21 15:08:37
71,3014,0.5002295805220771,0.24162634388741328,0.51,0.009754419291761466,2025-12-21 15:08:37
71,3015,0.4981611716926041,0.24402053734585766,0.51,0.007707489640233767,2025-12-21 15:08:38
71,3016,0.4960884263947315,0.24641760254798323,0.51,0.005664048293478122,2025-12-21 15:08:38
71,3017,0.4940117797399184,0.24881696595633485,0.51,0.003616433573554154,2025-12-21 15:08:38
71,3018,0.49193165664478206,0.25121806537006824,0.51,0.0015876748906640298,2025-12-21 15:08:38
72,2868,-0.4532185148330477,0.5015344363303414,0.51,0.0022272679927240325,2025-12-21 15:09:25
72,2869,-0.4573246068084813,0.5014197695759492,0.51,0.005438875986079724,2025-12-21 15:09:25
72,2870,-0.4614006613020937,0.5012974819551057,0.51,0.007993061117790802,2025-12-21 15:09:25
72,2871,-0.46544580476691405,0.5011675221961741,0.51,0.009780438976836486,2025-12-21 15:09:25
72,2872,-0.4694591827956721,0.5010298364987682,0.51,0.010681542732174771,2025-12-21 15:09:25
72,2873,-0.47343996050758796,0.5008843685374993,0.51,0.010549843723209185,2025-12-21 15:09:25
72,2874,-0.4773873228999172,0.5007310594672557,0.51,0.009331563704170704,2025-12-21 15:09:25
72,2875,-0.48130047516460034,0.5005698479301046,0.51,0.006548851919400279,2025-12-21 15:09:25
72,2876,-0.4851786429704472,0.5004006700639098,0.51,0.0038255955476463855,2025-12-21 15:09:25
74,70,0.6741262830121384,-0.6741262830121384,0.51,0.002550026405956305,2025-12-21 15:10:52
74,122,0.8177746147201501,-0.8177746147201501,0.51,0.003162730844606943,2025-12-21 15:10:53
74,123,0.8193500592979367,-0.8193500592979367,0.51,0.005327252869954127,2025-12-21 15:10:54
74,124,0.8209033758903673,-0.8209033758903673,0.51,0.007461495103242838,2025-12-21 15:10:54
74,125,0.8224353168426234,-0.8224353168426234,0.51,0.009566488377520785,2025-12-21 15:10:54
74,126,0.8239466066472109,-0.8239466066472109,0.51,0.01164321848305127,2025-12-21 15:10:54
74,127,0.825437942586598,-0.825437942586598,0.51,0.013692635375489452,2025-12-21 15:10:54
74,128,0.8269099953609756,-0.8269099953609756,0.51,0.01571565331733099,2025-12-21 15:10:54
74,129,0.8283634097017396,-0.8283634097017396,0.51,0.017713151476484026,2025-12-21 15:10:54
74,130,0.829798804971297,-0.829798804971297,0.51,0.019685974684638518,2025-12-21 15:10:54
74,131,0.8312167757498055,-0.8312167757498055,0.51,0.02163493422897663,2025-12-21 15:10:54
74,132,0.8326178924094481,-0.8326178924094481,0.51,0.0235608086366983,2025-12-21 15:10:54
74,133,0.8340027016768466,-0.8340027016768466,0.51,0.025464344438328252,2025-12-21 15:10:54
74,134,0.8353717271842058,-0.8353717271842058,0.51,0.027346256905588794,2025-12-21 15:10:54
74,135,0.8367254700097708,-0.8367254700097708,0.51,0.029207230764059258,2025-12-21 15:10:55
74,136,0.8380644092081706,-0.8380644092081706,0.51,0.015523945234084057,2025-12-21 15:10:55
74,137,0.8393890023312001,-0.8393890023312001,0.51,0.016434651547178093,2025-12-21 15:10:55
74,138,0.8406996859395803,-0.8406996859395803,0.51,0.017335845678217447,2025-12-21 15:10:55
74,139,0.8419968761062151,-0.8419968761062151,0.51,0.018227810599383634,2025-12-21 15:10:55
74,140,0.843280968911441,-0.843280968911441,0.51,0.01911081461813051,2025-12-21 15:10:55
74,141,0.844552340930746,-0.844552340930746,0.51,0.01998511343915612,2025-12-21 15:10:55
74,142,0.8458113497154074,-0.8458113497154074,0.51,0.0208509504633496,2025-12-21 15:10:55
74,143,0.8470583342664738,-0.8470583342664738,0.51,0.021708556858389932,2025-12-21 15:10:55
74,144,0.8482936155024909,-0.8482936155024909,0.51,0.022558151685731196,2025-12-21 15:10:55
74,145,0.8495174967213422,-0.8495174967213422,0.51,0.023399942099499606,2025-12-21 15:10:55
74,146,0.8507302640565485,-0.8507302640565485,0.51,0.024234123591790467,2025-12-21 15:10:55
74,147,0.8519321869283407,-0.8519321869283407,0.51,0.025060880262998225,2025-12-21 15:10:56
74,148,0.8531235184897941,-0.8531235184897941,0.51,0.02588038510426401,2025-12-21 15:10:56
74,149,0.8543044960682785,-0.8543044960682785,0.51,0.026692800285102663,2025-12-21 15:10:56
74,150,0.8554753416024552,-0.8554753416024552,0.51,0.02749827744261531,2025-12-21 15:10:56
74,151,0.856636262075017,-0.856636262075017,0.51,0.028296957970527416,2025-12-21 15:10:56
74,152,0.8577874499413441,-0.8577874499413441,0.51,0.029088973307160763,2025-12-21 15:10:56
74,153,0.8589290835542157,-0.8589290835542157,0.51,0.029874445221929564,2025-12-21 15:10:56
74,154,0.8600613275846911,-0.8600613275846911,0.51,0.020435648211133344,2025-12-21 15:10:56
74,155,0.8611843334392488,-0.8611843334392488,0.51,0.020950867475088206,2025-12-21 15:10:56
74,156,0.8622982396732416,-0.8622982396732416,0.51,0.021461936309032127,2025-12-21 15:10:56
74,157,0.8634031724007027,-0.8634031724007027,0.51,0.021968911391131638,2025-12-21 15:10:56
74,158,0.8644992457005137,-0.8644992457005137,0.51,0.02247184371082827,2025-12-21 15:10:56
74,159,0.8655865620189185,-0.8655865620189185,0.51,0.022970779025807457,2025-12-21 15:10:56
74,160,0.8666652125683499,-0.8666652125683499,0.51,0.023465758106657245,2025-12-21 15:10:57
74,161,0.8677352777225095,-0.8677352777225095,0.51,0.023956816905981657,2025-12-21 15:10:57
74,162,0.8687968274076245,-0.8687968274076245,0.51,0.0244439867061471,2025-12-21 15:10:57
74,163,0.8698499214897875,-0.8698499214897875,0.51,0.024927294265255053,2025-12-21 15:10:57
74,164,0.8708946101582644,-0.8708946101582644,0.51,0.02540676196711333,2025-12-21 15:10:57
74,165,0.8719309343046464,-0.8719309343046464,0.51,0.025882407975724425,2025-12-21 15:10:57
74,166,0.8729589258977012,-0.8729589258977012,0.51,0.026354246393254007,2025-12-21 15:10:57
74,167,0.8739786083537725,-0.8739786083537725,0.51,0.026822287420048302,2025-12-21 15:10:57
74,168,0.8749899969025621,-0.8749899969025621,0.51,0.02728653751554413,2025-12-21 15:10:57
74,169,0.8759930989481209,-0.8759930989481209,0.51,0.02774699955905141,2025-12-21 15:10:57
74,170,0.8769879144248698,-0.8769879144248698,0.51,0.028203673009719283,2025-12-21 15:10:57
74,171,0.877974436148461,-0.877974436148461,0.51,0.028656554065146,2025-12-21 15:10:58
74,172,0.8789526501612913,-0.8789526501612913,0.51,0.029105635818219427,2025-12-21 15:10:58
74,173,0.8799225360724714,-0.8799225360724714,0.51,0.02955090841191213,2025-12-21 15:10:58
74,174,0.8808840673920578,-0.8808840673920578,0.51,0.029992359191767588,2025-12-21 15:10:58
74,175,0.8818372118593513,-0.8818372118593513,0.51,0.02282247441455083,2025-12-21 15:10:58
74,176,0.8827819317650694,-0.8827819317650694,0.51,0.02314783357076878,2025-12-21 15:10:58
74,177,0.8837181842672032,-0.8837181842672032,0.51,0.023470288607190602,2025-12-21 15:10:58
74,178,0.8846459217003715,-0.8846459217003715,0.51,0.02378982246455088,2025-12-21 15:10:58
74,179,0.8855650918784943,-0.8855650918784943,0.51,0.02410641650698963,2025-12-21 15:10:58
74,180,0.8864756383906104,-0.8864756383906104,0.51,0.02442005067122036,2025-12-21 15:10:58
74,181,0.8873775008896755,-0.8873775008896755,0.51,0.024730703582098383,2025-12-21 15:10:58
74,182,0.8882706153741844,-0.8882706153741844,0.51,0.025038352651048534,2025-12-21 15:10:58
74,183,0.8891549144624704,-0.8891549144624704,0.51,0.025342974165787038,2025-12-21 15:10:58
74,184,0.8900303276595483,-0.8900303276595483,0.51,0.025644543375486394,2025-12-21 15:10:58
74,185,0.8908967816163759,-0.8908967816163759,0.51,0.025943034573336684,2025-12-21 15:10:59
74,186,0.8917542003814246,-0.8917542003814246,0.51,0.02623842117723941,2025-12-21 15:10:59
74,187,0.8926025056444604,-0.8926025056444604,0.51,0.02653067580885399,2025-12-21 15:10:59
74,188,0.893441616972451,-0.893441616972451,0.51,0.02681977037096373,2025-12-21 15:10:59
74,189,0.8942714520375298,-0.8942714520375298,0.51,0.027105676122978203,2025-12-21 15:10:59
74,190,0.8950919268369609,-0.8950919268369609,0.51,0.027388363754430697,2025-12-21 15:10:59
74,191,0.8959029559050646,-0.8959029559050646,0.51,0.027667803456289088,2025-12-21 15:10:59
74,192,0.8967044525170779,-0.8967044525170779,0.51,0.02794396498994826,2025-12-21 15:10:59
74,193,0.8974963288849396,-0.8974963288849396,0.51,0.028216817753800687,2025-12-21 15:10:59
74,194,0.8982784963450062,-0.8982784963450062,0.51,0.02848633084729241,2025-12-21 15:10:59
74,195,0.899050865537718,-0.899050865537718,0.51,0.028752473132410302,2025-12-21 15:10:59
74,196,0.8998133465792512,-0.8998133465792512,0.51,0.02901521329257076,2025-12-21 15:11:00
74,197,0.9005658492252084,-0.9005658492252084,0.51,0.029274519888875757,2025-12-21 15:11:00
74,198,0.9013082830264122,-0.9013082830264122,0.51,0.029530361413731714,2025-12-21 15:11:00
74,199,0.9020405574768828,-0.9020405574768828,0.51,0.02978270634185467,2025-12-21 15:11:00
74,200,0.9027625821540955,-0.9027625821540955,0.51,0.024025216028464788,2025-12-21 15:11:00
74,201,0.9034742668516267,-0.9034742668516267,0.51,0.024221446740191305,2025-12-21 15:11:00
74,202,0.9041755217043117,-0.9041755217043117,0.51,0.02441480573485434,2025-12-21 15:11:00
74,203,0.9048662573060506,-0.9048662573060506,0.51,0.024605267975755726,2025-12-21 15:11:00
74,204,0.9055463848204105,-0.9055463848204105,0.51,0.024792808589139476,2025-12-21 15:11:00
74,205,0.9062158160841859,-0.9062158160841859,0.51,0.02497740290075287,2025-12-21 15:11:00
74,206,0.9068744637040901,-0.9068744637040901,0.51,0.025159026465509472,2025-12-21 15:11:00
74,207,0.9075222411467603,-0.9075222411467603,0.51,0.02533765509263349,2025-12-21 15:11:00
74,208,0.9081590628222722,-0.9081590628222722,0.51,0.02551326486769339,2025-12-21 15:11:00
74,209,0.908784844161367,-0.908784844161367,0.51,0.02568583217231955,2025-12-21 15:11:01
74,210,0.9093995016866038,-0.9093995016866038,0.51,0.02585533370213032,2025-12-21 15:11:01
74,211,0.9100029530776605,-0.9100029530776605,0.51,0.02602174648312013,2025-12-21 15:11:01
74,212,0.9105951172310108,-0.9105951172310108,0.51,0.026185047886679438,2025-12-21 15:11:01
74,213,0.9111759143142143,-0.9111759143142143,0.51,0.026345215643359225,2025-12-21 15:11:01
74,214,0.9117452658150634,-0.9117452658150634,0.51,0.026502227855421476,2025-12-21 15:11:01
74,215,0.9123030945858339,-0.9123030945858339,0.51,0.02665606300825233,2025-12-21 15:11:01
74,216,0.9128493248828936,-0.9128493248828936,0.51,0.0268066999806592,2025-12-21 15:11:01
74,217,0.9133838824019263,-0.9133838824019263,0.51,0.026954118054111288,2025-12-21 15:11:01
74,218,0.9139066943090313,-0.9139066943090313,0.51,0.027098296920958848,2025-12-21 15:11:01
74,219,0.914417689267964,-0.914417689267964,0.51,0.027239216691687225,2025-12-21 15:11:01
74,220,0.9149167974637813,-0.9149167974637813,0.51,0.027376857901271028,2025-12-21 15:11:01
74,221,0.9154039506231605,-0.9154039506231605,0.51,0.027511201514638848,2025-12-21 15:11:01
74,222,0.9158790820316586,-0.9158790820316586,0.51,0.027642228931391954,2025-12-21 15:11:02
74,223,0.9163421265481801,-0.9163421265481801,0.51,0.027769921989745247,2025-12-21 15:11:02
74,224,0.9167930206169209,-0.9167930206169209,0.51,0.027894262969827232,2025-12-21 15:11:02
74,225,0.9172317022770525,-0.9172317022770525,0.51,0.028015234596376802,2025-12-21 15:11:02
74,226,0.9176581111704117,-0.9176581111704117,0.51,0.028133803992069075,2025-12-21 15:11:02
74,227,0.9180721885474558,-0.9180721885474558,0.51,0.028247121509690092,2025-12-21 15:11:02
74,228,0.9184738772717407,-0.9184738772717407,0.51,0.028357888028297758,2025-12-21 15:11:02
74,229,0.9188631218231765,-0.9188631218231765,0.51,0.02846521996511838,2025-12-21 15:11:02
74,230,0.9192398683003082,-0.9192398683003082,0.51,0.028570086186713018,2025-12-21 15:11:02
74,231,0.9196040644218666,-0.9196040644218666,0.51,0.028669641183677104,2025-12-21 15:11:02
74,232,0.9199556595278264,-0.9199556595278264,0.51,0.028766584031878876,2025-12-21 15:11:02
74,233,0.9202946045802044,-0.9202946045802044,0.51,0.028861018064008495,2025-12-21 15:11:02
74,234,0.9206208521638208,-0.9206208521638208,0.51,0.02895010126637315,2025-12-21 15:11:03
74,235,0.9209343564872433,-0.9209343564872433,0.51,0.029036531143399248,2025-12-21 15:11:03
74,236,0.9212350733841205,-0.9212350733841205,0.51,0.02912038746006984,2025-12-21 15:11:03
74,237,0.9215229603151082,-0.9215229603151082,0.51,0.029198909992874045,2025-12-21 15:11:03
74,238,0.9217979763705785,-0.9217979763705785,0.51,0.029275686711636963,2025-12-21 15:11:03
74,239,0.9220600822742943,-0.9220600822742943,0.51,0.029347079116476747,2025-12-21 15:11:03
74,240,0.9223092403882219,-0.9223092403882219,0.51,0.029416716199931962,2025-12-21 15:11:03
74,241,0.9225454147186433,-0.9225454147186433,0.51,0.029480952454530827,2025-12-21 15:11:03
74,242,0.9227685709237186,-0.9227685709237186,0.51,0.029543397119347215,2025-12-21 15:11:03
74,243,0.9229786763226384,-0.9229786763226384,0.51,0.02960045127769781,2025-12-21 15:11:03
74,244,0.9231756999064946,-0.9231756999064946,0.51,0.029655657917179352,2025-12-21 15:11:03
74,245,0.9233596123509833,-0.9233596123509833,0.51,0.029706486109113812,2025-12-21 15:11:03
74,246,0.923530386031045,-0.923530386031045,0.51,0.029752655292364004,2025-12-21 15:11:03
74,247,0.9236879950375309,-0.9236879950375309,0.51,0.029796982080951842,2025-12-21 15:11:03
74,248,0.9238324151959727,-0.9238324151959727,0.51,0.029836896056102177,2025-12-21 15:11:04
74,249,0.92396362408752,-0.92396362408752,0.51,0.029872151460307708,2025-12-21 15:11:04
74,250,0.9240816010720929,-0.9240816010720929,0.51,0.02990551105273479,2025-12-21 15:11:04
74,251,0.9241863273137884,-0.9241863273137884,0.51,0.029934453584907733,2025-12-21 15:11:04
74,252,0.9242777858085586,-0.9242777858085586,0.51,0.029959730478313254,2025-12-21 15:11:04
74,253,0.9243559614141705,-0.9243559614141705,0.51,0.0299813371055174,2025-12-21 15:11:04
74,254,0.9244208408824377,-0.9244208408824377,0.51,0.029999269427758997,2025-12-21 15:11:04
74,255,0.9244724128937009,-0.9244724128937009,0.51,0.0250112700034045,2025-12-21 15:11:04
74,256,0.9245106680935221,-0.9245106680935221,0.51,0.02502008166764702,2025-12-21 15:11:04
74,257,0.9245355991315376,-0.9245355991315376,0.51,0.02502582433653115,2025-12-21 15:11:04
74,258,0.9245472007024035,-0.9245472007024035,0.51,0.025028496688452393,2025-12-21 15:11:04
74,259,0.924545469588751,-0.924545469588751,0.51,0.025028097936004304,2025-12-21 15:11:04
74,260,0.924530404706055,-0.924530404706055,0.51,0.025024627836283463,2025-12-21 15:11:04
74,261,0.9245020071493032,-0.9245020071493032,0.51,0.02501808670166459,2025-12-21 15:11:05
74,262,0.9244602802413397,-0.9244602802413397,0.51,0.02500847541101546,2025-12-21 15:11:05
74,263,0.9244052295827425,-0.9244052295827425,0.51,0.029994954505582403,2025-12-21 15:11:05
74,264,0.9243368631030794,-0.9243368631030794,0.51,0.02997605853559508,2025-12-21 15:11:05
74,265,0.9242551911133744,-0.9242551911133744,0.51,0.029953485762674464,2025-12-21 15:11:05
74,266,0.9241602263596024,-0.9241602263596024,0.51,0.029927240104279936,2025-12-21 15:11:05
74,267,0.924051984077017,-0.924051984077017,0.51,0.02989732623133031,2025-12-21 15:11:05
74,268,0.9239304820451051,-0.9239304820451051,0.51,0.02986374958385382,2025-12-21 15:11:05
74,269,0.9237957406429474,-0.9237957406429474,0.51,0.029826516386807094,2025-12-21 15:11:05
74,270,0.9236477829047572,-0.9236477829047572,0.51,0.029785633665998408,2025-12-21 15:11:05
74,271,0.9234866345753536,-0.9234866345753536,0.51,0.029741109264049905,2025-12-21 15:11:05
74,272,0.9233123241653206,-0.9233123241653206,0.51,0.029692951856326984,2025-12-21 15:11:05
74,273,0.9231248830055914,-0.9231248830055914,0.51,0.029641170966762234,2025-12-21 15:11:06
74,274,0.9229243453011897,-0.9229243453011897,0.51,0.029585776983501857,2025-12-21 15:11:06
74,275,0.9227107481838542,-0.9227107481838542,0.51,0.029526781174295975,2025-12-21 15:11:06
74,276,0.9224841317632627,-0.9224841317632627,0.51,0.029464195701555684,2025-12-21 15:11:06
74,277,0.9222445391765712,-0.9222445391765712,0.51,0.029398033636998125,2025-12-21 15:11:06
74,278,0.921992016635975,-0.921992016635975,0.51,0.029328308975798748,2025-12-21 15:11:06
74,279,0.921726613473999,-0.921726613473999,0.51,0.02925503665016971,2025-12-21 15:11:06
74,280,0.9214483821862207,-0.9214483821862207,0.51,0.0291782325422855,2025-12-21 15:11:06
74,281,0.9211573784711283,-0.9211573784711283,0.51,0.029097913496470104,2025-12-21 15:11:06
74,282,0.9208536612668181,-0.9208536612668181,0.51,0.02901409733056982,2025-12-21 15:11:06
74,283,0.9205372927842358,-0.9205372927842358,0.51,0.028926802846428613,2025-12-21 15:11:06
74,284,0.9202083385366702,-0.9202083385366702,0.51,0.0288360498393878,2025-12-21 15:11:07
74,285,0.9198668673652108,-0.9198668673652108,0.51,0.028741859106733214,2025-12-21 15:11:07
74,286,0.9195129514598881,-0.9195129514598881,0.51,0.028643166694647577,2025-12-21 15:11:07
74,287,0.919146666376219,-0.919146666376219,0.51,0.028541922456382086,2025-12-21 15:11:07
74,288,0.9187680910468927,-0.9187680910468927,0.51,0.028438262388217117,2025-12-21 15:11:07
74,289,0.9183773077883366,-0.9183773077883366,0.51,0.028329394944952357,2025-12-21 15:11:07
74,290,0.9179744023019155,-0.9179744023019155,0.51,0.028218047152799592,2025-12-21 15:11:07
74,291,0.9175594636695292,-0.9175594636695292,0.51,0.028103378684018035,2025-12-21 15:11:07
74,292,0.9171325843433848,-0.9171325843433848,0.51,0.027986392139489235,2025-12-21 15:11:07
74,293,0.9166938601297362,-0.9166938601297362,0.51,0.0278642969761115,2025-12-21 15:11:07
74,294,0.9162433901663969,-0.9162433901663969,0.51,0.027739828871738502,2025-12-21 15:11:07
74,295,0.9157812768938512,-0.9157812768938512,0.51,0.027612148693551768,2025-12-21 15:11:07
74,296,0.9153076260198031,-0.9153076260198031,0.51,0.02748128612688531,2025-12-21 15:11:08
74,297,0.9148225464770219,-0.9148225464770219,0.51,0.027347271651594698,2025-12-21 15:11:08
74,298,0.9143261503743657,-0.9143261503743657,0.51,0.027211135815470498,2025-12-21 15:11:08
74,299,0.9138185529408781,-0.9138185529408781,0.51,0.027070020026317358,2025-12-21 15:11:08
74,300,0.9132998724628795,-0.9132998724628795,0.51,0.026926743475533844,2025-12-21 15:11:08
74,301,0.9127702302139924,-0.9127702302139924,0.51,0.026780444402926543,2025-12-21 15:11:08
74,302,0.912229750378065,-0.912229750378065,0.51,0.026631157528758057,2025-12-21 15:11:08
74,303,0.9116785599649759,-0.9116785599649759,0.51,0.02647891828503198,2025-12-21 15:11:08
74,304,0.9111167887193292,-0.9111167887193292,0.51,0.026323762812845066,2025-12-21 15:11:08
74,305,0.910544569022069,-0.910544569022069,0.51,0.026165727949814383,2025-12-21 15:11:08
74,306,0.9099620357850681,-0.9099620357850681,0.51,0.026004851210501292,2025-12-21 15:11:08
74,307,0.9093693263387653,-0.9093693263387653,0.51,0.02584117076166124,2025-12-21 15:11:08
74,308,0.908766580312954,-0.908766580312954,0.51,0.025674725393530246,2025-12-21 15:11:09
74,309,0.9081539395108391,-0.9081539395108391,0.51,0.02550555448785273,2025-12-21 15:11:09
74,310,0.9075315477765118,-0.9075315477765118,0.51,0.025333697983217125,2025-12-21 15:11:09
74,311,0.9068995508560046,-0.9068995508560046,0.51,0.02515919633800866,2025-12-21 15:11:09
74,312,0.9062580962521166,-0.9062580962521166,0.51,0.024982090491223255,2025-12-21 15:11:09
74,313,0.9056073330732166,-0.9056073330732166,0.51,0.024802421821342787,2025-12-21 15:11:09
74,314,0.9049474118762535,-0.9049474118762535,0.51,0.024620232103425416,2025-12-21 15:11:09
74,315,0.9042784845042212,-0.9042784845042212,0.51,0.024435563464506,2025-12-21 15:11:09
74,316,0.9036007039183461,-0.9036007039183461,0.51,0.02424845833745785,2025-12-21 15:11:09
74,317,0.9029142240252789,-0.9029142240252789,0.51,0.024058959413391028,2025-12-21 15:11:09
74,318,0.9022191994995936,-0.9022191994995936,0.51,0.029833890696594964,2025-12-21 15:11:09
74,319,0.9015157856019085,-0.9015157856019085,0.51,0.029591166993205707,2025-12-21 15:11:09
74,320,0.9008041379929586,-0.9008041379929586,0.51,0.029345611396675512,2025-12-21 15:11:10
74,321,0.900084412543964,-0.900084412543964,0.51,0.02909727837227409,2025-12-21 15:11:10
74,322,0.8993567651436482,-0.8993567651436482,0.51,0.028846222239693915,2025-12-21 15:11:10
74,323,0.8986213515022708,-0.8986213515022708,0.51,0.028592497160135,2025-12-21 15:11:10
74,324,0.8978783269530516,-0.8978783269530516,0.51,0.02833615710071792,2025-12-21 15:11:10
74,325,0.8971278462513642,-0.8971278462513642,0.51,0.028077255785482463,2025-12-21 15:11:10
74,326,0.8963700633720919,-0.8963700633720919,0.51,0.0278158466382991,2025-12-21 15:11:10
74,327,0.8956051313055365,-0.8956051313055365,0.51,0.02755198272077349,2025-12-21 15:11:10
74,328,0.8948332018522785,-0.8948332018522785,0.51,0.02728571666701863,2025-12-21 15:11:10
74,329,0.8940544254173887,-0.8940544254173887,0.51,0.02701710061643703,2025-12-21 15:11:10
74,330,0.8932689508043907,-0.8932689508043907,0.51,0.026746186145269878,2025-12-21 15:11:11
74,331,0.8924769250093768,-0.8924769250093768,0.51,0.026473024197452948,2025-12-21 15:11:11
74,332,0.8916784930156737,-0.8916784930156737,0.51,0.02619766501514624,2025-12-21 15:11:11
74,333,0.8908737975894567,-0.8908737975894567,0.51,0.02592015806923647,2025-12-21 15:11:11
74,334,0.8900629790767028,-0.8900629790767028,0.51,0.025640551990059605,2025-12-21 15:11:11
74,335,0.8892461752018709,-0.8892461752018709,0.51,0.025358894498556515,2025-12-21 15:11:11
74,336,0.8884235208686896,-0.8884235208686896,0.51,0.025075232338027834,2025-12-21 15:11:11
74,337,0.8875951479634272,-0.8875951479634272,0.51,0.024789611206676998,2025-12-21 15:11:11
74,338,0.8867611851610089,-0.8867611851610089,0.51,0.02450207569106912,2025-12-21 15:11:11
74,339,0.8859217577343383,-0.8859217577343383,0.51,0.02421266920067563,2025-12-21 15:11:11
74,340,0.885076987367171,-0.885076987367171,0.51,0.023921433903608135,2025-12-21 15:11:12
74,341,0.8842269919708747,-0.8842269919708747,0.51,0.02362841066369623,2025-12-21 15:11:12
74,342,0.8833718855054038,-0.8833718855054038,0.51,0.02333363897900903,2025-12-21 15:11:12
74,343,0.8825117778047996,-0.8825117778047996,0.51,0.02303715692194194,2025-12-21 15:11:12
74,344,0.8816467744075193,-0.8816467744075193,0.51,0.02273900108098384,2025-12-21 15:11:12
74,345,0.88077697639188,-0.88077697639188,0.51,0.029918951358811154,2025-12-21 15:11:12
74,346,0.8799024802168959,-0.8799024802168959,0.51,0.029517044226146854,2025-12-21 15:11:12
74,347,0.8790233775687678,-0.8790233775687678,0.51,0.029113035559434734,2025-12-21 15:11:12
74,348,0.8781397552132759,-0.8781397552132759,0.51,0.02870696732800163,2025-12-21 15:11:12
74,349,0.877251694854309,-0.877251694854309,0.51,0.028298878361976518,2025-12-21 15:11:12
74,350,0.8763592729987516,-0.8763592729987516,0.51,0.02788880467317291,2025-12-21 15:11:12
74,351,0.8754625608279369,-0.8754625608279369,0.51,0.027476779587909093,2025-12-21 15:11:13
74,352,0.8745616240758581,-0.8745616240758581,0.51,0.02706283379166515,2025-12-21 15:11:13
74,353,0.8736565229143186,-0.8736565229143186,0.51,0.026646995331660962,2025-12-21 15:11:13
74,354,0.8727473118451881,-0.8727473118451881,0.51,0.026229289599215742,2025-12-21 15:11:13
74,355,0.8718340395999176,-0.8718340395999176,0.51,0.025809739302765377,2025-12-21 15:11:13
74,356,0.8709167490464544,-0.8709167490464544,0.51,0.025388364437068076,2025-12-21 15:11:13
74,357,0.8699954771036853,-0.8699954771036853,0.51,0.024965182251622014,2025-12-21 15:11:13
74,358,0.8690702546635232,-0.8690702546635232,0.51,0.024540207220034662,2025-12-21 15:11:13
74,359,0.8681411065207436,-0.8681411065207436,0.51,0.02411345101134029,2025-12-21 15:11:13
74,360,0.8672080513106621,-0.8672080513106621,0.51,0.023684922463914425,2025-12-21 15:11:13
74,361,0.8662711014547366,-0.8662711014547366,0.51,0.02325462756237517,2025-12-21 15:11:13
74,362,0.865330263114165,-0.865330263114165,0.51,0.022822569417755366,2025-12-21 15:11:14
74,363,0.8643855361515429,-0.8643855361515429,0.51,0.022388748251101768,2025-12-21 15:11:14
74,364,0.8634369141006315,-0.8634369141006315,0.51,0.021953161380635834,2025-12-21 15:11:14
74,365,0.8624843841442829,-0.8624843841442829,0.51,0.02151580321255844,2025-12-21 15:11:14
74,366,0.8615279271005564,-0.8615279271005564,0.51,0.021076665235554567,2025-12-21 15:11:14
74,367,0.8605675174170563,-0.8605675174170563,0.51,0.020635736019028805,2025-12-21 15:11:14
74,368,0.8596031231735112,-0.8596031231735112,0.51,0.02019300121511165,2025-12-21 15:11:14
74,369,0.8586347060926095,-0.8586347060926095,0.51,0.029622686817444337,2025-12-21 15:11:14
74,370,0.8576622215591007,-0.8576622215591007,0.51,0.02895300223323177,2025-12-21 15:11:14
74,371,0.8566856186471634,-0.8566856186471634,0.51,0.02828051036955925,2025-12-21 15:11:14
74,372,0.8557048401560398,-0.8557048401560398,0.51,0.027605178807639328,2025-12-21 15:11:14
74,373,0.8547198226539271,-0.8547198226539271,0.51,0.02692696681730534,2025-12-21 15:11:14
74,374,0.8537304965301162,-0.8537304965301162,0.51,0.026245828003094027,2025-12-21 15:11:15
74,375,0.8527367860553604,-0.8527367860553604,0.51,0.025561711207918964,2025-12-21 15:11:15
74,376,0.851738609450455,-0.851738609450455,0.51,0.024874560882566153,2025-12-21 15:11:15
74,377,0.8507358789630055,-0.8507358789630055,0.51,0.024184317273164377,2025-12-21 15:11:15
74,378,0.8497285009523569,-0.8497285009523569,0.51,0.023490916540770162,2025-12-21 15:11:15
74,379,0.8487163759826553,-0.8487163759826553,0.51,0.022794290854831287,2025-12-21 15:11:15
74,380,0.84769939892401,-0.84769939892401,0.51,0.02209436847766168,2025-12-21 15:11:15
74,381,0.8466774590617201,-0.8466774590617201,0.51,0.02139107384752081,2025-12-21 15:11:15
74,382,0.8456504402135278,-0.8456504402135278,0.51,0.02068432766387945,2025-12-21 15:11:15
74,383,0.8446182208548583,-0.8446182208548583,0.51,0.019974046976557625,2025-12-21 15:11:15
74,384,0.8435806742520023,-0.8435806742520023,0.51,0.019260145279562737,2025-12-21 15:11:15
74,385,0.8425376686031939,-0.8425376686031939,0.51,0.018542532610035332,2025-12-21 15:11:15
74,386,0.841489067187534,-0.841489067187534,0.51,0.01782111565245697,2025-12-21 15:11:15
74,387,0.8404347285217076,-0.8404347285217076,0.51,0.01709579784819643,2025-12-21 15:11:16
74,388,0.8393745065244356,-0.8393745065244356,0.51,0.016366479510438826,2025-12-21 15:11:16
74,389,0.8383082506886016,-0.8383082506886016,0.51,0.01563305794445445,2025-12-21 15:11:16
74,390,0.837235806260988,-0.837235806260988,0.51,0.02979093141271108,2025-12-21 15:11:16
74,391,0.8361570144295501,-0.8361570144295501,0.51,0.028306720739170236,2025-12-21 15:11:16
74,392,0.8350717125181537,-0.8350717125181537,0.51,0.026813672481334004,2025-12-21 15:11:16
74,393,0.8339797341886933,-0.8339797341886933,0.51,0.025311557874707187,2025-12-21 15:11:16
74,394,0.8328809096505041,-0.8328809096505041,0.51,0.02380014495316297,2025-12-21 15:11:16
74,395,0.8317750658769711,-0.8317750658769711,0.51,0.022279197510511363,2025-12-21 15:11:16
74,396,0.8306620268292328,-0.8306620268292328,0.51,0.02074847537635441,2025-12-21 15:11:16
74,397,0.8295416136868681,-0.8295416136868681,0.51,0.01920773472393505,2025-12-21 15:11:16
74,398,0.8284136450854445,-0.8284136450854445,0.51,0.017656728393277837,2025-12-21 15:11:16
74,399,0.8272779373607988,-0.8272779373607988,0.51,0.01609520622848451,2025-12-21 15:11:16
74,400,0.8261343047999062,-0.8261343047999062,0.51,0.014522915429050534,2025-12-21 15:11:16
74,401,0.8249825598981861,-0.8249825598981861,0.51,0.012939600915969613,2025-12-21 15:11:17
74,402,0.8238225136230788,-0.8238225136230788,0.51,0.01134500571514694,2025-12-21 15:11:17
74,403,0.8226539756837137,-0.8226539756837137,0.51,0.009738871364552745,2025-12-21 15:11:17
74,404,0.8214767548064769,-0.8214767548064769,0.51,0.00812093836236274,2025-12-21 15:11:17
74,405,0.8202906590162699,-0.8202906590162699,0.51,0.006490946708523346,2025-12-21 15:11:17
74,406,0.8190954959232362,-0.8190954959232362,0.51,0.0048486367355675495,2025-12-21 15:11:17
74,407,0.817891073014716,-0.817891073014716,0.51,0.0031937512430667966,2025-12-21 15:11:17
74,408,0.8166771979521722,-0.8166771979521722,0.51,0.0015260488763174174,2025-12-21 15:11:17
74,410,0.8142203246956123,-0.8142203246956123,0.51,0.0018491096263146694,2025-12-21 15:11:17
74,411,0.8129769454314334,-0.8129769454314334,0.51,0.0035568922154156886,2025-12-21 15:11:17
74,412,0.8117233524968914,-0.8117233524968914,0.51,0.005278558559384463,2025-12-21 15:11:17
74,413,0.8104593590316347,-0.8104593590316347,0.51,0.007014345643904141,2025-12-21 15:11:17
74,414,0.809184780218651,-0.809184780218651,0.51,0.008764496710418672,2025-12-21 15:11:17
74,415,0.807899433607211,-0.807899433607211,0.51,0.01052925232971965,2025-12-21 15:11:18
74,416,0.8066031394380314,-0.8066031394380314,0.51,0.012308848367402064,2025-12-21 15:11:18
74,417,0.8052957209702214,-0.8052957209702214,0.51,0.014103514784334576,2025-12-21 15:11:18
74,418,0.803977004809551,-0.803977004809551,0.51,0.015913474511616007,2025-12-21 15:11:18
74,419,0.8026468212375631,-0.8026468212375631,0.51,0.01773894219926563,2025-12-21 15:11:18
74,420,0.8013050045410245,-0.8013050045410245,0.51,0.01958012272584839,2025-12-21 15:11:18
74,1683,0.8172823543838146,-0.8172823543838146,0.51,0.0020833395974814285,2025-12-21 15:11:23
74,1684,0.8184859266121361,-0.8184859266121361,0.51,0.0037368012326919157,2025-12-21 15:11:23
74,1685,0.8196827186017912,-0.8196827186017912,0.51,0.005381015434488577,2025-12-21 15:11:23
74,1686,0.820872885314918,-0.820872885314918,0.51,0.007016162722078215,2025-12-21 15:11:23
74,1687,0.822056578865363,-0.822056578865363,0.51,0.008642457160715284,2025-12-21 15:11:23
74,1688,0.8232339483032425,-0.8232339483032425,0.51,0.01026011086608077,2025-12-21 15:11:23
74,1689,0.824405139405257,-0.824405139405257,0.51,0.011869332706036542,2025-12-21 15:11:23
74,1690,0.8255702944710324,-0.8255702944710324,0.51,0.01347032715503372,2025-12-21 15:11:23
74,1691,0.8267295521257587,-0.8267295521257587,0.51,0.015063293368502303,2025-12-21 15:11:23
74,1692,0.8278830471293944,-0.8278830471293944,0.51,0.016648424401787456,2025-12-21 15:11:23
74,1693,0.8290309101926979,-0.8290309101926979,0.51,0.018225906564941566,2025-12-21 15:11:23
74,1694,0.830173267800343,-0.830173267800343,0.51,0.01979591891672582,2025-12-21 15:11:24
74,1695,0.8313102420413688,-0.8313102420413688,0.51,0.021358632896894353,2025-12-21 15:11:24
74,1696,0.8324419504472081,-0.8324419504472081,0.51,0.022914212087754925,2025-12-21 15:11:24
74,1697,0.8335685058375271,-0.8335685058375271,0.51,0.02446281208832625,2025-12-21 15:11:24
74,1698,0.8346900161741042,-0.8346900161741042,0.51,0.02600458047891129,2025-12-21 15:11:24
74,1699,0.8358065844229641,-0.8358065844229641,0.51,0.027539656851063393,2025-12-21 15:11:24
74,1700,0.8369183084249705,-0.8369183084249705,0.51,0.029068172877850747,2025-12-21 15:11:24
74,1701,0.838025280775073,-0.838025280775073,0.51,0.015295113846337822,2025-12-21 15:11:24
74,1702,0.839127588710387,-0.839127588710387,0.51,0.016053075417310207,2025-12-21 15:11:24
74,1703,0.8402253140072745,-0.8402253140072745,0.51,0.016807929670771844,2025-12-21 15:11:24
74,1704,0.8413185328875776,-0.8413185328875776,0.51,0.01755972777673041,2025-12-21 15:11:24
74,1705,0.8424073159341418,-0.8424073159341418,0.51,0.018308516249512737,2025-12-21 15:11:24
74,1706,0.8434917280157486,-0.8434917280157486,0.51,0.01905433807257228,2025-12-21 15:11:24
74,1707,0.8445718282215623,-0.8445718282215623,0.51,0.01979723266344755,2025-12-21 15:11:24
74,1708,0.8456476698051745,-0.8456476698051745,0.51,0.020537235688203585,2025-12-21 15:11:25
74,1709,0.8467193001383133,-0.8467193001383133,0.51,0.02127437891651926,2025-12-21 15:11:25
74,1710,0.8477867606742652,-0.8477867606742652,0.51,0.02200869013019898,2025-12-21 15:11:25
74,1711,0.8488500869210351,-0.8488500869210351,0.51,0.02274019306955018,2025-12-21 15:11:25
74,1712,0.8499093084242532,-0.8499093084242532,0.51,0.023468907403946068,2025-12-21 15:11:25
74,1713,0.8509644487598117,-0.8509644487598117,0.51,0.024194848718146023,2025-12-21 15:11:25
74,1714,0.8520155255361986,-0.8520155255361986,0.51,0.024918028509726006,2025-12-21 15:11:25
74,1715,0.8530625504064681,-0.8530625504064681,0.51,0.02563845419512082,2025-12-21 15:11:25
74,1716,0.8541055290897701,-0.8541055290897701,0.51,0.026356129123049573,2025-12-21 15:11:25
74,1717,0.8551444614023379,-0.8551444614023379,0.51,0.0270710525946509,2025-12-21 15:11:25
74,1718,0.8561793412978084,-0.8561793412978084,0.51,0.027783219889983297,2025-12-21 15:11:25
74,1719,0.8572101569167322,-0.8572101569167322,0.51,0.028492622300726796,2025-12-21 15:11:25
74,1720,0.8582368906451049,-0.8582368906451049,0.51,0.029199247168936904,2025-12-21 15:11:26
74,1721,0.8592595191817322,-0.8592595191817322,0.51,0.029903077931764686,2025-12-21 15:11:26
74,1722,0.8602780136142177,-0.8602780136142177,0.51,0.020402722094116935,2025-12-21 15:11:26
74,1723,0.8612923395033459,-0.8612923395033459,0.51,0.020868193226251094,2025-12-21 15:11:26
74,1724,0.8623024569756071,-0.8623024569756071,0.51,0.021331756234472133,2025-12-21 15:11:26
74,1725,0.8633083208235973,-0.8633083208235973,0.51,0.021793389650750738,2025-12-21 15:11:26
74,1726,0.8643098806140039,-0.8643098806140039,0.51,0.02225306944865079,2025-12-21 15:11:26
74,1727,0.8653070808028717,-0.8653070808028717,0.51,0.022710769313297813,2025-12-21 15:11:26
74,1728,0.8662998608578261,-0.8662998608578261,0.51,0.02316646075026911,2025-12-21 15:11:26
74,1729,0.867288155386917,-0.867288155386917,0.51,0.023620113139009014,2025-12-21 15:11:26
74,1730,0.8682718942737281,-0.8682718942737281,0.51,0.024071693772775238,2025-12-21 15:11:26
74,1731,0.8692510028183876,-0.8692510028183876,0.51,0.024521167900551075,2025-12-21 15:11:26
74,1732,0.8702254018841001,-0.8702254018841001,0.51,0.02496849877545359,2025-12-21 15:11:26
74,1733,0.8711950080488111,-0.8711950080488111,0.51,0.025413647710133377,2025-12-21 15:11:27
74,1734,0.8721597337616044,-0.8721597337616044,0.51,0.025856574138329747,2025-12-21 15:11:27
74,1735,0.8731194875034257,-0.8731194875034257,0.51,0.026297235681452653,2025-12-21 15:11:27
74,1736,0.8740741739517175,-0.8740741739517175,0.51,0.02673558821915655,2025-12-21 15:11:27
74,1737,0.8750236941485462,-0.8750236941485462,0.51,0.02717158596308409,2025-12-21 15:11:27
74,1738,0.8759679456717978,-0.8759679456717978,0.51,0.0276051815330856,2025-12-21 15:11:27
74,1739,0.8769068228090161,-0.8769068228090161,0.51,0.02803632603540079,2025-12-21 15:11:27
74,1740,0.8778402167334562,-0.8778402167334562,0.51,0.02846496914236067,2025-12-21 15:11:27
74,1741,0.8787680156819273,-0.8787680156819273,0.51,0.028891059173279172,2025-12-21 15:11:27
74,1742,0.8796901051339991,-0.8796901051339991,0.51,0.029314543176205507,2025-12-21 15:11:27
74,1743,0.8806063679921521,-0.8806063679921521,0.51,0.029735367010295964,2025-12-21 15:11:27
74,1744,0.8815166847624525,-0.8815166847624525,0.51,0.022615101890951086,2025-12-21 15:11:27
74,1745,0.882420933735344,-0.882420933735344,0.51,0.0229266129388943,2025-12-21 15:11:27
74,1746,0.8833189911661508,-0.8833189911661508,0.51,0.02323600401076559,2025-12-21 15:11:27
74,1747,0.8842107314548979,-0.8842107314548979,0.51,0.023543231317583728,2025-12-21 15:11:28
74,1748,0.8850960273250654,-0.8850960273250654,0.51,0.023848250467873016,2025-12-21 15:11:28
74,1749,0.8859747500008999,-0.8859747500008999,0.51,0.02415101657115963,2025-12-21 15:11:28
74,1750,0.8868467693829238,-0.8868467693829238,0.51,0.024451484313474672,2025-12-21 15:11:28
74,1751,0.8877119542212941,-0.8877119542212941,0.51,0.024749608019103638,2025-12-21 15:11:28
74,1752,0.8885701722866731,-0.8885701722866731,0.51,0.025045341705874666,2025-12-21 15:11:28
74,1753,0.8894212905382953,-0.8894212905382953,0.51,0.025338639137628027,2025-12-21 15:11:28
74,1754,0.890265175288924,-0.890265175288924,0.51,0.025629453875474942,2025-12-21 15:11:28
74,1755,0.8911016923664115,-0.8911016923664115,0.51,0.025917739328509135,2025-12-21 15:11:28
74,1756,0.8919307072715924,-0.8919307072715924,0.51,0.02620344880409408,2025-12-21 15:11:28
74,1757,0.8927520853322573,-0.8927520853322573,0.51,0.026486535557664236,2025-12-21 15:11:28
74,1758,0.8935656918529724,-0.8935656918529724,0.51,0.026766952841835272,2025-12-21 15:11:28
74,1759,0.8943713922605308,-0.8943713922605308,0.51,0.027044653954645205,2025-12-21 15:11:28
74,1760,0.8951690522448353,-0.8951690522448353,0.51,0.027319592286716442,2025-12-21 15:11:29
74,1761,0.8959585378950392,-0.8959585378950392,0.51,0.027591721367194004,2025-12-21 15:11:29
74,1762,0.8967397158307828,-0.8967397158307828,0.51,0.027860994908286765,2025-12-21 15:11:29
74,1763,0.8975124533283892,-0.8975124533283892,0.51,0.028127366848315592,2025-12-21 15:11:29
74,1764,0.8982766184418988,-0.8982766184418988,0.51,0.028390791393156662,2025-12-21 15:11:29
74,1765,0.899032080118841,-0.899032080118841,0.51,0.028651223056006703,2025-12-21 15:11:29
74,1766,0.899778708310665,-0.899778708310665,0.51,0.028908616695415265,2025-12-21 15:11:29
74,1767,0.9005163740777641,-0.9005163740777641,0.51,0.02916292755152146,2025-12-21 15:11:29
74,1768,0.9012449496890527,-0.9012449496890527,0.51,0.02941411128048111,2025-12-21 15:11:29
74,1769,0.9019643087160698,-0.9019643087160698,0.51,0.029662123987038436,2025-12-21 15:11:29
74,1770,0.9026743261216028,-0.9026743261216028,0.51,0.029906922255250545,2025-12-21 15:11:29
74,1771,0.9033748783428419,-0.9033748783428419,0.51,0.02411958672471676,2025-12-21 15:11:29
74,1772,0.9040658433690931,-0.9040658433690931,0.51,0.024309388116060718,2025-12-21 15:11:29
74,1773,0.9047471008140952,-0.9047471008140952,0.51,0.024497317784612633,2025-12-21 15:11:30
74,1774,0.9054185319829995,-0.9054185319829995,0.51,0.024682541270920864,2025-12-21 15:11:30
74,1775,0.9060800199340914,-0.9060800199340914,0.51,0.024865026074528937,2025-12-21 15:11:30
74,1776,0.9067314495353412,-0.9067314495353412,0.51,0.025044740195386078,2025-12-21 15:11:30
74,1777,0.9073727075158925,-0.9073727075158925,0.51,0.025221652148107728,2025-12-21 15:11:30
74,1778,0.9080036825126045,-0.9080036825126045,0.51,0.02539670655477531,2025-12-21 15:11:30
74,1779,0.9086242651117817,-0.9086242651117817,0.51,0.025566965041395044,2025-12-21 15:11:30
74,1780,0.909234347886232,-0.909234347886232,0.51,0.02573529172726832,2025-12-21 15:11:30
74,1781,0.9098338254278105,-0.9098338254278105,0.51,0.025900694471412963,2025-12-21 15:11:30
74,1782,0.9104225943756127,-0.9104225943756127,0.51,0.026063144845818845,2025-12-21 15:11:30
74,1783,0.9110005534399923,-0.9110005534399923,0.51,0.02622357276475145,2025-12-21 15:11:30
74,1784,0.9115676034225889,-0.9115676034225889,0.51,0.026379097426163695,2025-12-21 15:11:30
74,1785,0.9121236472325561,-0.9121236472325561,0.51,0.026532530105670724,2025-12-21 15:11:30
74,1786,0.912668589899191,-0.912668589899191,0.51,0.0266829005051467,2025-12-21 15:11:30
74,1787,0.913202338581171,-0.913202338581171,0.51,0.026831108655438526,2025-12-21 15:11:31
74,1788,0.91372480257261,-0.91372480257261,0.51,0.02697437511203744,2025-12-21 15:11:31
74,1789,0.9142358933061515,-0.9142358933061515,0.51,0.02711541316903373,2025-12-21 15:11:31
74,1790,0.9147355243533196,-0.9147355243533196,0.51,0.02725421945044829,2025-12-21 15:11:31
74,1791,0.9152236114223536,-0.9152236114223536,0.51,0.027388001659278804,2025-12-21 15:11:31
74,1792,0.9157000723537538,-0.9157000723537538,0.51,0.027519489638914756,2025-12-21 15:11:31
74,1793,0.9161648271137677,-0.9161648271137677,0.51,0.027648639699021507,2025-12-21 15:11:31
74,1794,0.9166177977860486,-0.9166177977860486,0.51,0.027772774490384622,2025-12-21 15:11:31
74,1795,0.9170589085617179,-0.9170589085617179,0.51,0.02789545795429633,2025-12-21 15:11:31
74,1796,0.917488085728062,-0.917488085728062,0.51,0.028012975465086343,2025-12-21 15:11:31
74,1797,0.9179052576560945,-0.9179052576560945,0.51,0.028129078821021877,2025-12-21 15:11:31
74,1798,0.9183103547872141,-0.9183103547872141,0.51,0.028239930332574048,2025-12-21 15:11:31
74,1799,0.9187033096191815,-0.9187033096191815,0.51,0.028349350254112057,2025-12-21 15:11:31
74,1800,0.9190840566916425,-0.9190840566916425,0.51,0.028453486003265815,2025-12-21 15:11:32
74,1801,0.9194525325714161,-0.9194525325714161,0.51,0.028556129343904703,2025-12-21 15:11:32
74,1802,0.9198086758377622,-0.9198086758377622,0.51,0.02865349847707203,2025-12-21 15:11:32
74,1803,0.9201524270678414,-0.9201524270678414,0.51,0.02874928170409734,2025-12-21 15:11:32
74,1804,0.9204837288225729,-0.9204837288225729,0.51,0.028839832750865435,2025-12-21 15:11:32
74,1805,0.9208025256330877,-0.9208025256330877,0.51,0.028928681164985835,2025-12-21 15:11:32
74,1806,0.9211087639879724,-0.9211087639879724,0.51,0.02901335276916609,2025-12-21 15:11:32
74,1807,0.9214023923214867,-0.9214023923214867,0.51,0.02909342491911153,2025-12-21 15:11:32
74,1808,0.9216833610029355,-0.9216833610029355,0.51,0.029171866773610288,2025-12-21 15:11:32
74,1809,0.9219516223273614,-0.9219516223273614,0.51,0.02924503392236636,2025-12-21 15:11:32
74,1810,0.9222071305077215,-0.9222071305077215,0.51,0.02931635682516931,2025-12-21 15:11:32
74,1811,0.9224498416686978,-0.9224498416686978,0.51,0.029383461691685264,2025-12-21 15:11:32
74,1812,0.922679713842283,-0.922679713842283,0.51,0.02944702339457736,2025-12-21 15:11:32
74,1813,0.9228967069652736,-0.9228967069652736,0.51,0.029505934741705948,2025-12-21 15:11:32
74,1814,0.9231007828787903,-0.9231007828787903,0.51,0.029563100332739664,2025-12-21 15:11:33
74,1815,0.9232919053299339,-0.9232919053299339,0.51,0.02961594489726946,2025-12-21 15:11:33
74,1816,0.9234700399756763,-0.9234700399756763,0.51,0.029665202323316195,2025-12-21 15:11:33
74,1817,0.9236351543890708,-0.9236351543890708,0.51,0.029709794289839,2025-12-21 15:11:33
74,1818,0.9237872180678546,-0.9237872180678546,0.51,0.029752562652098812,2025-12-21 15:11:33
74,1819,0.9239262024455053,-0.9239262024455053,0.51,0.02979099009467431,2025-12-21 15:11:33
74,1820,0.9240520809047982,-0.9240520809047982,0.51,0.029825795901475403,2025-12-21 15:11:33
74,1821,0.9241648287938979,-0.9241648287938979,0.51,0.029856972660209063,2025-12-21 15:11:33
74,1822,0.9242644234450059,-0.9242644234450059,0.51,0.029884513571012385,2025-12-21 15:11:33
74,1823,0.9243508441955697,-0.9243508441955697,0.51,0.02990737580725762,2025-12-21 15:11:33
74,1824,0.9244240724120464,-0.9244240724120464,0.51,0.0299283276879074,2025-12-21 15:11:33
74,1825,0.9244840915161999,-0.9244840915161999,0.51,0.02994492136085112,2025-12-21 15:11:33
74,1826,0.9245308870138941,-0.9245308870138941,0.51,0.0299578593583935,2025-12-21 15:11:34
74,1827,0.9245644465263322,-0.9245644465263322,0.51,0.029967138036994884,2025-12-21 15:11:34
74,1828,0.9245847598236779,-0.9245847598236779,0.51,0.029972754409896107,2025-12-21 15:11:34
74,1829,0.9245918188609775,-0.9245918188609775,0.51,0.029974706156963703,2025-12-21 15:11:34
74,1830,0.9245856178162891,-0.9245856178162891,0.51,0.029972991635209664,2025-12-21 15:11:34
74,1831,0.9245661531309104,-0.9245661531309104,0.51,0.02996760988995357,2025-12-21 15:11:34
74,1832,0.9245334235515824,-0.9245334235515824,0.51,0.02995856066659231,2025-12-21 15:11:34
74,1833,0.9244874301745305,-0.9244874301745305,0.51,0.02994584442293911,2025-12-21 15:11:34
74,1834,0.9244281764911928,-0.9244281764911928,0.51,0.029929462342086696,2025-12-21 15:11:34
74,1835,0.9243556684354709,-0.9243556684354709,0.51,0.029909416345751116,2025-12-21 15:11:34
74,1836,0.9242699144323233,-0.9242699144323233,0.51,0.029885709108043366,2025-12-21 15:11:34
74,1837,0.9241709254475122,-0.9241709254475122,0.51,0.029858344069616346,2025-12-21 15:11:34
74,1838,0.9240587150382983,-0.9240587150382983,0.51,0.029827325452130193,2025-12-21 15:11:34
74,1839,0.9239332994048678,-0.9239332994048678,0.51,0.029792658272973612,2025-12-21 15:11:35
74,1840,0.9237946974422656,-0.9237946974422656,0.51,0.0297543483601807,2025-12-21 15:11:35
74,1841,0.9236429307925949,-0.9236429307925949,0.51,0.029712402367473613,2025-12-21 15:11:35
74,1842,0.9234780238972345,-0.9234780238972345,0.51,0.02966682778936445,2025-12-21 15:11:35
74,1843,0.9233000040488187,-0.9233000040488187,0.51,0.02961763297624274,2025-12-21 15:11:35
74,1844,0.9231089014427092,-0.9231089014427092,0.51,0.029564827149375947,2025-12-21 15:11:35
74,1845,0.922904749227688,-0.922904749227688,0.51,0.0295084204157461,2025-12-21 15:11:35
74,1846,0.9226875835555883,-0.9226875835555883,0.51,0.029448423782644454,2025-12-21 15:11:35
74,1847,0.9224574436295773,-0.9224574436295773,0.51,0.029384849171946323,2025-12-21 15:11:35
74,1848,0.9222143717507972,-0.9222143717507972,0.51,0.02931770943398436,2025-12-21 15:11:35
74,1849,0.9219584133630712,-0.9219584133630712,0.51,0.029247018360938522,2025-12-21 15:11:35
74,1850,0.9216896170953724,-0.9216896170953724,0.51,0.029172790699662336,2025-12-21 15:11:35
74,1851,0.9214080348017589,-0.9214080348017589,0.51,0.02909504216386222,2025-12-21 15:11:36
74,1852,0.9211137215984714,-0.9211137215984714,0.51,0.029013789445547698,2025-12-21 15:11:36
74,1853,0.9208067358978955,-0.9208067358978955,0.51,0.02892905022567116,2025-12-21 15:11:36
74,1854,0.9204871394390902,-0.9204871394390902,0.51,0.028840843183877397,2025-12-21 15:11:36
74,1855,0.9201549973145875,-0.9201549973145875,0.51,0.028749188007281427,2025-12-21 15:11:36
74,1856,0.9198103779931744,-0.9198103779931744,0.51,0.028654105398197755,2025-12-21 15:11:36
74,1857,0.9194533533383723,-0.9194533533383723,0.51,0.028555617080746706,2025-12-21 15:11:36
74,1858,0.9190839986223369,-0.9190839986223369,0.51,0.028453745806259773,2025-12-21 15:11:36
74,1859,0.9187023925349115,-0.9187023925349115,0.51,0.028348515357418756,2025-12-21 15:11:36
74,1860,0.918308617187573,-0.918308617187573,0.51,0.02823995055105651,2025-12-21 15:11:36
74,1861,0.9179027581120246,-0.9179027581120246,0.51,0.02812701049422861,2025-12-21 15:11:36
74,1862,0.9174849042531988,-0.9174849042531988,0.51,0.028012539428365006,2025-12-21 15:11:36
74,1863,0.9170551479564487,-0.9170551479564487,0.51,0.0278929772033064,2025-12-21 15:11:36
74,1864,0.9166135849487199,-0.9166135849487199,0.51,0.027772009239426656,2025-12-21 15:11:36
74,1865,0.9161603143135122,-0.9161603143135122,0.51,0.027645915664921104,2025-12-21 15:11:37
74,1866,0.9156954384594541,-0.9156954384594541,0.51,0.027517562216179764,2025-12-21 15:11:37
74,1867,0.9152190630823347,-0.9152190630823347,0.51,0.027386933907270747,2025-12-21 15:11:37
74,1868,0.9147312971204522,-0.9147312971204522,0.51,0.027251380659877845,2025-12-21 15:11:37
74,1869,0.9142322527031614,-0.9142322527031614,0.51,0.02711460137923337,2025-12-21 15:11:37
74,1870,0.9137220450925203,-0.9137220450925203,0.51,0.026972758539824115,2025-12-21 15:11:37
74,1871,0.9132007926179574,-0.9132007926179574,0.51,0.026828857792614885,2025-12-21 15:11:37
74,1872,0.9126686166039045,-0.9126686166039045,0.51,0.026682940293062157,2025-12-21 15:11:37
74,1873,0.9121256412903591,-0.9121256412903591,0.51,0.026532063168488912,2025-12-21 15:11:37
74,1874,0.9115719937463651,-0.9115719937463651,0.51,0.026379230752178327,2025-12-21 15:11:37
74,1875,0.9110078037764223,-0.9110078037764223,0.51,0.026223489703031646,2025-12-21 15:11:37
74,1876,0.9104332038198587,-0.9104332038198587,0.51,0.02606585136632892,2025-12-21 15:11:37
74,1877,0.9098483288432219,-0.9098483288432219,0.51,0.025903448413077387,2025-12-21 15:11:37
74,1878,0.9092533162257697,-0.9092533162257697,0.51,0.025739214204681123,2025-12-21 15:11:38
74,1879,0.9086483056381625,-0.9086483056381625,0.51,0.025572223054792433,2025-12-21 15:11:38
74,1880,0.9080334389144827,-0.9080334389144827,0.51,0.025402514952742657,2025-12-21 15:11:38
74,1881,0.9074088599177297,-0.9074088599177297,0.51,0.025231126860274667,2025-12-21 15:11:38
74,1882,0.9067747143989577,-0.9067747143989577,0.51,0.02505512429635031,2025-12-21 15:11:38
74,1883,0.9061311498502516,-0.9061311498502516,0.51,0.02487751421709679,2025-12-21 15:11:38
74,1884,0.9054783153517478,-0.9054783153517478,0.51,0.024697349579672737,2025-12-21 15:11:38
74,1885,0.9048163614129361,-0.9048163614129361,0.51,0.024514672630130723,2025-12-21 15:11:38
74,1886,0.9041454398084905,-0.9041454398084905,0.51,0.02432952581349182,2025-12-21 15:11:38
74,1887,0.9034657034089001,-0.9034657034089001,0.51,0.024141951775570197,2025-12-21 15:11:38
74,1888,0.9027773060061861,-0.9027773060061861,0.51,0.029939995883239146,2025-12-21 15:11:38
74,1889,0.9020804021350077,-0.9020804021350077,0.51,0.029699616203873805,2025-12-21 15:11:38
74,1890,0.9013751468894751,-0.9013751468894751,0.51,0.029456361938167173,2025-12-21 15:11:38
74,1891,0.9006616957360016,-0.9006616957360016,0.51,0.029210287695538812,2025-12-21 15:11:38
74,1892,0.8999402043225408,-0.8999402043225408,0.51,0.028961447888647594,2025-12-21 15:11:39
74,1893,0.8992108282845626,-0.8992108282845626,0.51,0.028709896764874024,2025-12-21 15:11:39
74,1894,0.8984737230481367,-0.8984737230481367,0.51,0.028455688396481937,2025-12-21 15:11:39
74,1895,0.8977290436304993,-0.8977290436304993,0.51,0.02819887664682443,2025-12-21 15:11:39
74,1896,0.896976944438484,-0.896976944438484,0.51,0.0279395151224172,2025-12-21 15:11:39
74,1897,0.8962175790652073,-0.8962175790652073,0.51,0.02767765711646046,2025-12-21 15:11:39
74,1898,0.8954511000854029,-0.8954511000854029,0.51,0.02741335554710393,2025-12-21 15:11:39
74,1899,0.8946776588498012,-0.8946776588498012,0.51,0.027146662892428473,2025-12-21 15:11:39
74,1900,0.8938974052789542,-0.8938974052789542,0.51,0.026877631123331476,2025-12-21 15:11:39
74,1901,0.8931104876569058,-0.8931104876569058,0.51,0.026606311635163894,2025-12-21 15:11:39
74,1902,0.8923170524251073,-0.8923170524251073,0.51,0.026332755178631588,2025-12-21 15:11:39
74,1903,0.8915172439769761,-0.8915172439769761,0.51,0.026057011790372002,2025-12-21 15:11:39
74,1904,0.8907112044534932,-0.8907112044534932,0.51,0.025779130723518694,2025-12-21 15:11:39
74,1905,0.8898990735402293,-0.8898990735402293,0.51,0.025499160378488053,2025-12-21 15:11:40
74,1906,0.8890809882661862,-0.8890809882661862,0.51,0.025217148234231667,2025-12-21 15:11:40
74,1907,0.8882570828048317,-0.8882570828048317,0.51,0.024933140780090107,2025-12-21 15:11:40
74,1908,0.8874274882777015,-0.8874274882777015,0.51,0.024647183448478643,2025-12-21 15:11:40
74,1909,0.8865923325609298,-0.8865923325609298,0.51,0.024359320548492297,2025-12-21 15:11:40
74,1910,0.8857517400950652,-0.8857517400950652,0.51,0.024069595200635265,2025-12-21 15:11:40
74,1911,0.8849058316985143,-0.8849058316985143,0.51,0.023778049272754977,2025-12-21 15:11:40
74,1912,0.8840547243849493,-0.8840547243849493,0.51,0.02348472331734982,2025-12-21 15:11:40
74,1913,0.8831985311849997,-0.8831985311849997,0.51,0.02318965651033445,2025-12-21 15:11:40
74,1914,0.8823373609725413,-0.8823373609725413,0.51,0.022892886591410734,2025-12-21 15:11:40
74,1915,0.8814713182958792,-0.8814713182958792,0.51,0.022594449806109123,2025-12-21 15:11:40
74,1916,0.88060050321411,-0.88060050321411,0.51,0.02972585046931281,2025-12-21 15:11:40
74,1917,0.879725011138938,-0.879725011138938,0.51,0.029323620021350402,2025-12-21 15:11:40
74,1918,0.8788449326822017,-0.8788449326822017,0.51,0.028919295206748633,2025-12-21 15:11:41
74,1919,0.877960353509358,-0.877960353509358,0.51,0.028512917494085594,2025-12-21 15:11:41
74,1920,0.8770713541991544,-0.8770713541991544,0.51,0.02810452520488466,2025-12-21 15:11:41
74,1921,0.8761780101097086,-0.8761780101097086,0.51,0.027694153831280578,2025-12-21 15:11:41
74,1922,0.8752803912511987,-0.8752803912511987,0.51,0.027281836168462234,2025-12-21 15:11:41
74,1923,0.8743785621653547,-0.8743785621653547,0.51,0.02686760235986234,2025-12-21 15:11:41
74,1924,0.8734725818119293,-0.8734725818119293,0.51,0.02645147990053618,2025-12-21 15:11:41
74,1925,0.8725625034623107,-0.8725625034623107,0.51,0.02603349362038953,2025-12-21 15:11:41
74,1926,0.8716483746004284,-0.8716483746004284,0.51,0.0256136656579977,2025-12-21 15:11:41
74,1927,0.8707302368310914,-0.8707302368310914,0.51,0.025192015430608908,2025-12-21 15:11:41
74,1928,0.8698081257958811,-0.8698081257958811,0.51,0.024768559603333008,2025-12-21 15:11:41
74,1929,0.8688820710967164,-0.8688820710967164,0.51,0.024343312059260012,2025-12-21 15:11:41
74,1930,0.8679520962271903,-0.8679520962271903,0.51,0.02391628387151516,2025-12-21 15:11:41
74,1931,0.867018218511769,-0.867018218511769,0.51,0.023487483277905643,2025-12-21 15:11:41
74,1932,0.8660804490529351,-0.8660804490529351,0.51,0.02305691565855656,2025-12-21 15:11:42
74,1933,0.8651387926863436,-0.8651387926863436,0.51,0.022624583516810046,2025-12-21 15:11:42
74,1934,0.8641932479440507,-0.8641932479440507,0.51,0.022190486463549163,2025-12-21 15:11:42
74,1935,0.8632438070258678,-0.8632438070258678,0.51,0.021754621205098166,2025-12-21 15:11:42
74,1936,0.862290455778882,-0.862290455778882,0.51,0.021316981534751953,2025-12-21 15:11:42
74,1937,0.8613331736851783,-0.8613331736851783,0.51,0.020877558328010762,2025-12-21 15:11:42
74,1938,0.8603719338577892,-0.8603719338577892,0.51,0.020436339541551902,2025-12-21 15:11:42
74,1939,0.8594067030448937,-0.8594067030448937,0.51,0.02998998654061545,2025-12-21 15:11:42
74,1940,0.8584374416422759,-0.8584374416422759,0.51,0.029322681318368463,2025-12-21 15:11:42
74,1941,0.8574641037140527,-0.8574641037140527,0.51,0.02865259249129137,2025-12-21 15:11:42
74,1942,0.8564866370216719,-0.8564866370216719,0.51,0.027979690994240396,2025-12-21 15:11:42
74,1943,0.8555049830611761,-0.8555049830611761,0.51,0.027303939480256174,2025-12-21 15:11:42
74,1944,0.8545190771087244,-0.8545190771087244,0.51,0.02662529491772563,2025-12-21 15:11:42
74,1945,0.8535288482743609,-0.8535288482743609,0.51,0.025943709479461185,2025-12-21 15:11:43
74,1946,0.8525342195640103,-0.8525342195640103,0.51,0.025259130905483155,2025-12-21 15:11:43
74,1947,0.8515351079496831,-0.8515351079496831,0.51,0.024571502685623327,2025-12-21 15:11:43
74,1948,0.8505314244478652,-0.8505314244478652,0.51,0.02388076417465737,2025-12-21 15:11:43
74,1949,0.849523074206065,-0.849523074206065,0.51,0.023186850681442127,2025-12-21 15:11:43
74,1950,0.8485099565974878,-0.8485099565974878,0.51,0.022489693549035652,2025-12-21 15:11:43
74,1951,0.847491965323806,-0.847491965323806,0.51,0.021789220233439727,2025-12-21 15:11:43
74,1952,0.8464689885259867,-0.8464689885259867,0.51,0.021085354384487356,2025-12-21 15:11:43
74,1953,0.8454409089031407,-0.8454409089031407,0.51,0.02037801593061019,2025-12-21 15:11:43
74,1954,0.8444076038393499,-0.8444076038393499,0.51,0.019667121168281888,2025-12-21 15:11:43
74,1955,0.8433689455384293,-0.8433689455384293,0.51,0.01895258285657557,2025-12-21 15:11:43
74,1956,0.8423248011665765,-0.8423248011665765,0.51,0.01823431031696473,2025-12-21 15:11:43
74,1957,0.8412750330028572,-0.8412750330028572,0.51,0.017512209538491492,2025-12-21 15:11:43
74,1958,0.8402194985974741,-0.8402194985974741,0.51,0.01678618328828213,2025-12-21 15:11:43
74,1959,0.8391580509377594,-0.8391580509377594,0.51,0.016056131227426156,2025-12-21 15:11:44
74,1960,0.8380905386218309,-0.8380905386218309,0.51,0.015321950032206603,2025-12-21 15:11:44
74,1961,0.8370168060398437,-0.8370168060398437,0.51,0.029167143420527935,2025-12-21 15:11:44
74,1962,0.835936693562767,-0.835936693562767,0.51,0.02768150303111768,2025-12-21 15:11:44
74,1963,0.8348500377386081,-0.8348500377386081,0.51,0.02618695943469217,2025-12-21 15:11:44
74,1964,0.8337566714960019,-0.8337566714960019,0.51,0.02468328274323038,2025-12-21 15:11:44
74,1965,0.8326564243550744,-0.8326564243550744,0.51,0.02317024016928086,2025-12-21 15:11:44
74,1966,0.8315491226454854,-0.8315491226454854,0.51,0.02164759470144366,2025-12-21 15:11:44
74,1967,0.8304345897315443,-0.8304345897315443,0.51,0.02011510538756704,2025-12-21 15:11:44
74,1968,0.829312646244285,-0.829312646244285,0.51,0.01857252765151459,2025-12-21 15:11:44
74,1969,0.828183110320379,-0.828183110320379,0.51,0.017019613622967406,2025-12-21 15:11:44
74,1970,0.8270457978477512,-0.8270457978477512,0.51,0.015456112479715537,2025-12-21 15:11:44
74,1971,0.8259005227177573,-0.8259005227177573,0.51,0.01388177080289725,2025-12-21 15:11:44
74,1972,0.8247470970837635,-0.8247470970837635,0.51,0.012296332946711898,2025-12-21 15:11:45
74,1973,0.8235853316259639,-0.8235853316259639,0.51,0.0106995414264504,2025-12-21 15:11:45
74,1974,0.8224150358222518,-0.8224150358222518,0.51,0.009091137334664922,2025-12-21 15:11:45
74,1975,0.8212360182249491,-0.8212360182249491,0.51,0.00747086081288441,2025-12-21 15:11:45
74,1976,0.8200480867431835,-0.8200480867431835,0.51,0.005838451668810136,2025-12-21 15:11:45
74,1977,0.8188510489306874,-0.8188510489306874,0.51,0.004193650514456771,2025-12-21 15:11:45
74,1978,0.8176447122787733,-0.8176447122787733,0.51,0.0025362027819037687,2025-12-21 15:11:45
74,1981,0.8139679895512828,-0.8139679895512828,0.51,0.002514814798202051,2025-12-21 15:11:45
74,1982,0.812722541727996,-0.812722541727996,0.51,0.004225478835432966,2025-12-21 15:11:45
74,1983,0.8114668421677823,-0.8114668421677823,0.51,0.005950096410699597,2025-12-21 15:11:45
74,1984,0.8102007043947171,-0.8102007043947171,0.51,0.00768891119938665,2025-12-21 15:11:45
74,1985,0.8089239440420167,-0.8089239440420167,0.51,0.009442168251220611,2025-12-21 15:11:45
74,1986,0.8076363791754592,-0.8076363791754592,0.51,0.011210109594931454,2025-12-21 15:11:45
74,1987,0.8063378306189386,-0.8063378306189386,0.51,0.012992972847423775,2025-12-21 15:11:45
74,1988,0.8050281222817096,-0.8050281222817096,0.51,0.01479099029721473,2025-12-21 15:11:46
74,1989,0.8037070814868601,-0.8037070814868601,0.51,0.016604388049308513,2025-12-21 15:11:46
74,1990,0.8023745393005252,-0.8023745393005252,0.51,0.01843338511195875,2025-12-21 15:11:46
74,1991,0.8010303308613371,-0.8010303308613371,0.51,0.02027819236052232,2025-12-21 15:11:46
74,1992,0.7996742957095831,-0.7996742957095831,0.51,0.022139011317004083,2025-12-21 15:11:46
74,1993,0.7983062781155227,-0.7983062781155227,0.51,0.02401603266889158,2025-12-21 15:11:46
74,1994,0.7969261274062962,-0.7969261274062962,0.51,0.025909434422557817,2025-12-21 15:11:46
82,817,0.7718919129234526,-0.610918934690066,0.51,0.0012834838029253167,2025-12-21 15:17:57
82,818,0.7733042443525113,-0.6119781832618606,0.51,0.002940532090511108,2025-12-21 15:17:57
83,1401,0.64831814138569,0.04550440011069799,0.51,0.0018425691054327206,2025-12-21 15:18:49
83,1402,0.6479407793237747,0.04767039601119732,0.51,0.0033403565496802155,2025-12-21 15:18:49
83,1403,0.6475311590753362,0.049831691477696914,0.51,0.0048311048553557065,2025-12-21 15:18:49
83,1404,0.6470898083073294,0.05198834228678203,0.51,0.0063633666870352885,2025-12-21 15:18:49
83,1405,0.6466172598358767,0.054140394722955655,0.51,0.007889994360390316,2025-12-21 15:18:50
83,1406,0.6461140513754664,0.05628788571060916,0.51,0.00941384271099005,2025-12-21 15:18:50
83,1407,0.6455807252773599,0.058430842964087015,0.51,0.010962976467659672,2025-12-21 15:18:50
83,1408,0.6450178282573286,0.06056928515543394,0.51,0.012512390274297723,2025-12-21 15:18:50
83,1409,0.6444259111128916,0.06270322209937167,0.51,0.014064390305816086,2025-12-21 15:18:50
83,1410,0.6438055284302702,0.06483265495501275,0.51,0.015620249493016226,2025-12-21 15:18:50
83,1411,0.6431572382813213,0.06695757644377992,0.51,0.01717886103625288,2025-12-21 15:18:50
83,1412,0.6424816019107593,0.06907797108296224,0.51,0.01873647678107481,2025-12-21 15:18:50
83,1413,0.6417791834140151,0.07119381543430378,0.51,0.02029779762555685,2025-12-21 15:18:50
83,1414,0.6410505494061275,0.07330507836698635,0.51,0.021856593678213878,2025-12-21 15:18:50
83,1415,0.6402962686820998,0.0754117213343358,0.51,0.023420643375184014,2025-12-21 15:18:51
83,1416,0.6395169118691925,0.07751369866355155,0.51,0.02498014814998991,2025-12-21 15:18:51
83,1417,0.6387130510716617,0.07961095785773116,0.51,0.026533538183967177,2025-12-21 15:18:51
83,1418,0.6378852595084842,0.08170343990943595,0.51,0.028069279763933582,2025-12-21 15:18:51
83,1419,0.6370341111446431,0.08379107962502108,0.51,0.029596409129564766,2025-12-21 15:18:51
83,1420,0.6361601803165775,0.08587380595893247,0.51,0.015555877712812223,2025-12-21 15:18:51
83,1421,0.6352640413524243,0.08795154235715509,0.51,0.01639005754375722,2025-12-21 15:18:51
83,1422,0.6343462681877067,0.09002420710898171,0.51,0.017210144863754984,2025-12-21 15:18:51
83,1423,0.6334074339771419,0.09209171370625864,0.51,0.018035060650208046,2025-12-21 15:18:51
83,1424,0.6324481107032621,0.09415397120925478,0.51,0.018857820285851038,2025-12-21 15:18:51
83,1425,0.6314688687825536,0.09621088461829332,0.51,0.01967979524068905,2025-12-21 15:18:51
83,1426,0.6304702766698368,0.09826235525028065,0.51,0.02048944866438825,2025-12-21 15:18:52
83,1427,0.6294529004616136,0.10030828111926571,0.51,0.02129633731811404,2025-12-21 15:18:52
83,1428,0.6284173034991195,0.1023485573201633,0.51,0.022094285743528962,2025-12-21 15:18:52
83,1429,0.6273640459718186,0.10438307641477922,0.51,0.022892397682947093,2025-12-21 15:18:52
83,1430,0.6262936845220822,0.10641172881928054,0.51,0.023679905884737076,2025-12-21 15:18:52
83,1431,0.6252067718517881,0.10843440319226383,0.51,0.02445209152669501,2025-12-21 15:18:52
83,1432,0.6241038563315738,0.11045098682258443,0.51,0.02521736260656882,2025-12-21 15:18:52
83,1433,0.6229854816134701,0.11246136601612433,0.51,0.025964328736615805,2025-12-21 15:18:52
83,1434,0.621852186247629,0.11446542648069123,0.51,0.02670137717400891,2025-12-21 15:18:52
83,1435,0.6207045033038502,0.11646305370825984,0.51,0.02742430927388686,2025-12-21 15:18:52
83,1436,0.6195429599985954,0.11845413335378592,0.51,0.02813172894511529,2025-12-21 15:18:53
83,1437,0.6183680773281595,0.12043855160984597,0.51,0.02881164954322833,2025-12-21 15:18:53
83,1438,0.6171803697086533,0.12241619557637846,0.51,0.019661561962093742,2025-12-21 15:18:53
83,1439,0.6159803446234292,0.12438695362482818,0.51,0.020170495568521924,2025-12-21 15:18:53
83,1440,0.6147685022785574,0.12635071575602155,0.51,0.020637659492721196,2025-12-21 15:18:53
83,1441,0.6135453352669387,0.12830737395112896,0.51,0.021116416423706874,2025-12-21 15:18:53
83,1442,0.6123113282416122,0.13025682251509915,0.51,0.021585028115430675,2025-12-21 15:18:53
83,1443,0.6110669575987904,0.13219895841198095,0.51,0.022042703880893015,2025-12-21 15:18:53
83,1444,0.6098126911711249,0.13413368159157826,0.51,0.022501560283668173,2025-12-21 15:18:53
83,1445,0.6085489879316786,0.13606089530691634,0.51,0.02293186789231726,2025-12-21 15:18:54
83,1446,0.6072762977090476,0.1379805064220292,0.51,0.02333580877183504,2025-12-21 15:18:54
83,1447,0.6059950609140498,0.13989242570961063,0.51,0.02373186540817279,2025-12-21 15:18:54
83,1448,0.6047057082783611,0.14179656813810454,0.51,0.02411133364684047,2025-12-21 15:18:54
83,1449,0.6034086606054534,0.14369285314784233,0.51,0.024465086352545087,2025-12-21 15:18:54
83,1450,0.6021043285341537,0.145581204915869,0.51,0.024801658869272856,2025-12-21 15:18:54
83,1451,0.6007931123151151,0.14746155260913152,0.51,0.025099870761272697,2025-12-21 15:18:54
83,1452,0.5994754016004555,0.14933383062573574,0.51,0.025385200332687746,2025-12-21 15:18:54
83,1453,0.5981515752467932,0.15119797882401032,0.51,0.02562736829929394,2025-12-21 15:18:54
83,1454,0.5968220011318732,0.15305394273914694,0.51,0.02585196412173792,2025-12-21 15:18:54
83,1455,0.5954870359849518,0.15490167378721767,0.51,0.026023789224944954,2025-12-21 15:18:54
83,1456,0.5941470252310735,0.15674112945639987,0.51,0.026151772039866898,2025-12-21 15:18:55
83,1457,0.5928023028493499,0.1585722734852686,0.51,0.02625748017922965,2025-12-21 15:18:55
83,1458,0.5914531912453164,0.1603950760280444,0.51,0.026392590645177547,2025-12-21 15:18:55
83,1459,0.5901000011374218,0.16220951380671247,0.51,0.026304610718498937,2025-12-21 15:18:55
83,1460,0.5887430314576731,0.1640155702499548,0.51,0.026185829108899186,2025-12-21 15:18:55
83,1461,0.5873825692664374,0.1658132356188624,0.51,0.02599628206294267,2025-12-21 15:18:55
83,1462,0.5860188896813754,0.16760250711941904,0.51,0.025681493391132834,2025-12-21 15:18:55
83,1463,0.5846522558204605,0.16938338900177047,0.51,0.02534392559360582,2025-12-21 15:18:55
83,1464,0.5832829187590136,0.17115589264631517,0.51,0.02472968708276514,2025-12-21 15:18:55
83,1465,0.5819111175006626,0.17292003663667285,0.51,0.024021477441620313,2025-12-21 15:18:55
83,1466,0.580537078962119,0.17467584681960616,0.51,0.02317458124251782,2025-12-21 15:18:56
83,1467,0.5791610179716428,0.17642335635198958,0.51,0.022176456380875398,2025-12-21 15:18:56
83,1468,0.57778313728105,0.1781626057349355,0.51,0.02082891469101007,2025-12-21 15:18:56
83,1469,0.5764036275911045,0.17989364283520334,0.51,0.01950887050827463,2025-12-21 15:18:56
83,1470,0.5750226675901167,0.18161652289403207,0.51,0.017737471738534287,2025-12-21 15:18:56
83,1471,0.5736404240055613,0.1833313085235492,0.51,0.016222392995736603,2025-12-21 15:18:56
83,1472,0.5722570516685141,0.1850380696909214,0.51,0.014238568017973309,2025-12-21 15:18:56
83,1473,0.5708726935906958,0.18673688369042285,0.51,0.018298860556073097,2025-12-21 15:18:56
83,1474,0.5694874810538993,0.18842783510360692,0.51,0.0132105987621768,2025-12-21 15:18:56
83,1475,0.5681015337115739,0.1901110157477756,0.51,0.009822460214520573,2025-12-21 15:18:56
83,2227,-0.638543830031959,0.11953310016746857,0.51,0.0013262142386645905,2025-12-21 15:19:05
83,2228,-0.6399975466748895,0.11777883239708999,0.51,0.001476868410869601,2025-12-21 15:19:05
83,2229,-0.6414406294421844,0.11602720766530356,0.51,0.0017027401644521573,2025-12-21 15:19:05
83,2230,-0.6428727095112895,0.1142784217759636,0.51,0.0020375539735131517,2025-12-21 15:19:05
83,2231,-0.6442934201363084,0.11253266555920474,0.51,0.0022789017234253776,2025-12-21 15:19:06
83,2232,-0.6457023969165746,0.11079012457434789,0.51,0.0024665146552209217,2025-12-21 15:19:06
83,2233,-0.6470992780552298,0.10905097882360215,0.51,0.003661623503939773,2025-12-21 15:19:06
83,2234,-0.6484837046075332,0.10731540247695467,0.51,0.0056820695142507935,2025-12-21 15:19:06
83,2235,-0.6498553207186654,0.10558356360860838,0.51,0.007685336801055077,2025-12-21 15:19:06
83,2236,-0.6512137738508272,0.1038556239452947,0.51,0.009684921303149989,2025-12-21 15:19:06
83,2237,-0.6525587149994764,0.10213173862675655,0.51,0.011675225405743657,2025-12-21 15:19:06
83,2238,-0.6538897988985759,0.10041205597866466,0.51,0.01365009027549956,2025-12-21 15:19:06
83,2239,-0.6552066842147735,0.09869671729819897,0.51,0.015618161170753606,2025-12-21 15:19:06
83,2240,-0.6565090337304619,0.09698585665249591,0.51,0.01756811293716492,2025-12-21 15:19:06
83,2241,-0.6577965145157099,0.0952796006901322,0.51,0.01950733552731595,2025-12-21 15:19:06
83,2242,-0.6590687980890875,0.09357806846578606,0.51,0.021433744405341848,2025-12-21 15:19:07
83,2243,-0.6603255605674444,0.09188137127818856,0.51,0.023345161169389908,2025-12-21 15:19:07
83,2244,-0.6615664828047344,0.09018961252144937,0.51,0.025242105451813903,2025-12-21 15:19:07
83,2245,-0.6627912505200085,0.08850288754981536,0.51,0.02712310677003493,2025-12-21 15:19:07
83,2246,-0.6639995544147358,0.08682128355589386,0.51,0.02899021159274277,2025-12-21 15:19:07
83,2247,-0.6651910902796352,0.08514487946234854,0.51,0.015421557499209985,2025-12-21 15:19:07
83,2248,-0.6663655590912351,0.08347374582705218,0.51,0.016339168219037997,2025-12-21 15:19:07
83,2249,-0.6675226670984021,0.08180794476165813,0.51,0.017249275599173247,2025-12-21 15:19:07
83,2250,-0.6686621258991079,0.08014752986353167,0.51,0.018151469357700113,2025-12-21 15:19:07
83,2251,-0.6697836525077261,0.07849254616096239,0.51,0.019045490366934027,2025-12-21 15:19:07
83,2252,-0.6708869694131763,0.07684303007156018,0.51,0.01993114869538868,2025-12-21 15:19:07
83,2253,-0.6719718046282522,0.07519900937372023,0.51,0.020808290033809327,2025-12-21 15:19:07
83,2254,-0.6730378917304916,0.07356050319102626,0.51,0.021676781649714264,2025-12-21 15:19:07
83,2255,-0.674084969894963,0.07192752198944644,0.51,0.0225365061148027,2025-12-21 15:19:08
83,2256,-0.6751127839193646,0.07030006758716276,0.51,0.02338735811054534,2025-12-21 15:19:08
83,2257,-0.6761210842418401,0.06867813317686224,0.51,0.024229242485872153,2025-12-21 15:19:08
83,2258,-0.6771096269519365,0.06706170336030703,0.51,0.025062072877698998,2025-12-21 15:19:08
83,2259,-0.678078173795135,0.0654507541949903,0.51,0.02588577063946402,2025-12-21 15:19:08
83,2260,-0.679026492171402,0.06384525325267562,0.51,0.02670026398029184,2025-12-21 15:19:08
83,2261,-0.6799543551282119,0.06224515968960977,0.51,0.027505487270452014,2025-12-21 15:19:08
83,2262,-0.6808615413485033,0.06065042432819134,0.51,0.028301380485158865,2025-12-21 15:19:08
83,2263,-0.681747835134035,0.059060989749871666,0.51,0.02908788876381483,2025-12-21 15:19:08
83,2264,-0.6826130263846129,0.05747679039905929,0.51,0.029864962064201826,2025-12-21 15:19:08
83,2265,-0.6834569105736614,0.0558977526977943,0.51,0.0204215712914094,2025-12-21 15:19:08
83,2266,-0.6842792887206153,0.05432379517095551,0.51,0.02092651696362345,2025-12-21 15:19:08
83,2267,-0.6850799673606051,0.05275482858175997,0.51,0.021425151592994286,2025-12-21 15:19:08
83,2268,-0.6858587585119114,0.051190756077311966,0.51,0.021917409193975033,2025-12-21 15:19:09
83,2269,-0.6866154796416573,0.04963147334395638,0.51,0.022403241982411583,2025-12-21 15:19:09
83,2270,-0.6873499536302046,0.04807686877218997,0.51,0.022882614524316204,2025-12-21 15:19:09
83,2271,-0.6880620087347148,0.0465268236308827,0.51,0.023355500237790355,2025-12-21 15:19:09
83,2272,-0.6887514785523267,0.04498121225056034,0.51,0.0238218792721139,2025-12-21 15:19:09
83,2273,-0.689418201983396,0.043439902215498954,0.51,0.024281737195279127,2025-12-21 15:19:09
83,2274,-0.6900620231952316,0.04190275456438123,0.51,0.024735064158809227,2025-12-21 15:19:09
83,2275,-0.6906827915867512,0.04036962399926418,0.51,0.025181854347017966,2025-12-21 15:19:09
83,2276,-0.6912803617544697,0.03884035910260725,0.51,0.02562210559823535,2025-12-21 15:19:09
83,2277,-0.6918545934602173,0.037314802562109305,0.51,0.026055819132138513,2025-12-21 15:19:09
83,2278,-0.69240535160097,0.03579279140310242,0.51,0.026482999344350597,2025-12-21 15:19:09
83,2279,-0.6929325061811638,0.034274157228249336,0.51,0.02690365364513753,2025-12-21 15:19:10
83,2280,-0.6934359322878386,0.0327587264642906,0.51,0.0273177923280806,2025-12-21 15:19:10
83,2281,-0.6939155100689508,0.03124632061558572,0.51,0.02772542845997678,2025-12-21 15:19:10
83,2282,-0.6943711247151633,0.029736756524191072,0.51,0.028126577786272706,2025-12-21 15:19:10
83,2283,-0.6948026664454111,0.028229846636215035,0.51,0.028521258648252144,2025-12-21 15:19:10
83,2284,-0.6952100304965149,0.02672539927418811,0.51,0.028909491909340845,2025-12-21 15:19:10
83,2285,-0.6955931171170935,0.025223218915182716,0.51,0.029291300888592574,2025-12-21 15:19:10
83,2286,-0.6959518315660049,0.02372310647441357,0.51,0.029666711299934784,2025-12-21 15:19:10
83,2287,-0.6962860841155214,0.022224859594045326,0.51,0.022535911069004107,2025-12-21 15:19:10
83,2288,-0.6965957900594187,0.02072827293692927,0.51,0.02280050780579595,2025-12-21 15:19:10
83,2289,-0.6968808697261369,0.019233138484985417,0.51,0.023077154961273594,2025-12-21 15:19:10
83,2290,-0.6971412484971407,0.01773924584194018,0.51,0.023332151136181718,2025-12-21 15:19:10
83,2291,-0.6973768568305845,0.01624638254012314,0.51,0.0235998466474179,2025-12-21 15:19:10
83,2292,-0.6975876302903581,0.014754334351018975,0.51,0.023856091045908846,2025-12-21 15:19:11
83,2293,-0.6977735095805607,0.01326288559926271,0.51,0.024095239003346484,2025-12-21 15:19:11
83,2294,-0.6979344405854252,0.011771819479757755,0.51,0.024351278083122513,2025-12-21 15:19:11
83,2295,-0.6980703744146834,0.010280918377587052,0.51,0.024592055993173375,2025-12-21 15:19:11
83,2296,-0.6981812674543358,0.00878996419037785,0.51,0.024815720668881085,2025-12-21 15:19:11
83,2297,-0.6982670814227588,0.0072987386527703715,0.51,0.025053732291294237,2025-12-21 15:19:11
83,2298,-0.6983277834320546,0.005807023662629836,0.51,0.025276248297872644,2025-12-21 15:19:11
83,2299,-0.6983633460545168,0.004314601608630067,0.51,0.02549623726778638,2025-12-21 15:19:11
83,2300,-0.6983737473940581,0.002821255698825356,0.51,0.025708698798450436,2025-12-21 15:19:11
83,2301,-0.6983589711624142,0.0013267702898153086,0.51,0.025919630679554623,2025-12-21 15:19:11
83,2302,-0.69831900675991,-0.0001690687839047524,0.51,0.026123266250552488,2025-12-21 15:19:11
83,2303,-0.6982538493605452,-0.0016664738808275818,0.51,0.02632393376738155,2025-12-21 15:19:12
83,2304,-0.6981635000011263,-0.0031656552239841844,0.51,0.02652117497549604,2025-12-21 15:19:12
83,2305,-0.6980479656741432,-0.004666820573604955,0.51,0.02671418310676079,2025-12-21 15:19:12
83,2306,-0.6979072594240648,-0.006170174901348697,0.51,0.026903001620033437,2025-12-21 15:19:12
83,2307,-0.6977414004466941,-0.007675920066568562,0.51,0.027087675916696308,2025-12-21 15:19:12
83,2308,-0.6975504141912016,-0.009184254495095762,0.51,0.02726825320736783,2025-12-21 15:19:12
83,2309,-0.6973343324644299,-0.010695372861033326,0.51,0.027444948177886837,2025-12-21 15:19:12
83,2310,-0.6970931935370359,-0.012209465772063065,0.51,0.027617492824092517,2025-12-21 15:19:12
83,2311,-0.6968270422510144,-0.013726719458779174,0.51,0.027783017694852162,2025-12-21 15:19:12
83,2312,-0.6965359301281255,-0.015247315468571384,0.51,0.02794735261314671,2025-12-21 15:19:12
83,2313,-0.6962199154787266,-0.016771430364589227,0.51,0.028107889809181403,2025-12-21 15:19:13
83,2314,-0.6958790635104904,-0.01829923543032664,0.51,0.028264679537075402,2025-12-21 15:19:13
83,2315,-0.6955134464364734,-0.019830896380372626,0.51,0.028417774138161843,2025-12-21 15:19:13
83,2316,-0.6951231435819825,-0.021366573077879095,0.51,0.02856663897029079,2025-12-21 15:19:13
83,2317,-0.6947082414896742,-0.022906419259300894,0.51,0.028712434755789693,2025-12-21 15:19:13
83,2318,-0.694268834022308,-0.024450582266965667,0.51,0.02885471060301925,2025-12-21 15:19:13
83,2319,-0.6938050224625647,-0.02599920279003213,0.51,0.028993524157391794,2025-12-21 15:19:13
83,2320,-0.6933169156093357,-0.027552414614394668,0.51,0.029128934634951763,2025-12-21 15:19:13
83,2321,-0.6928046298698791,-0.02911034438208982,0.51,0.02926100266770595,2025-12-21 15:19:13
83,2322,-0.6922682893472382,-0.030673111360755893,0.51,0.02938979016846233,2025-12-21 15:19:14
83,2323,-0.6917080259223163,-0.032240827223690816,0.51,0.029515495422703278,2025-12-21 15:19:14
83,2324,-0.691123979330003,-0.03381359584104524,0.51,0.029637918697108724,2025-12-21 15:19:14
83,2325,-0.6905162972287505,-0.03539151308267767,0.51,0.029754645565352383,2025-12-21 15:19:14
83,2326,-0.6898851352630068,-0.03697466663318605,0.51,0.029873309512466726,2025-12-21 15:19:14
83,2327,-0.6892306571179194,-0.03856313581961602,0.51,0.023996069923544444,2025-12-21 15:19:14
83,2328,-0.6885530345657382,-0.0401569914523292,0.51,0.024082302932450676,2025-12-21 15:19:14
83,2329,-0.6878524475033563,-0.04175629567949638,0.51,0.024168708009763024,2025-12-21 15:19:14
83,2330,-0.6871290839804484,-0.04336110185565937,0.51,0.02425019360472516,2025-12-21 15:19:14
83,2331,-0.6863831402176842,-0.04497145442478227,0.51,0.02433102074753608,2025-12-21 15:19:14
83,2332,-0.6856148206145166,-0.046587388818187775,0.51,0.024410623115429818,2025-12-21 15:19:15
83,2333,-0.6848243377460681,-0.04820893136774662,0.51,0.02448821111874864,2025-12-21 15:19:15
83,2334,-0.6840119123486685,-0.04983609923465922,0.51,0.024564128999942664,2025-12-21 15:19:15
83,2335,-0.6831777732936231,-0.05146890035413698,0.51,0.024637860283797122,2025-12-21 15:19:15
83,2336,-0.6823221575488244,-0.05310733339625788,0.51,0.024709732647549235,2025-12-21 15:19:15
83,2337,-0.6814453101278543,-0.05475138774323566,0.51,0.024778794117188037,2025-12-21 15:19:15
83,2338,-0.6805474840262561,-0.05640104348330565,0.51,0.02484702995094186,2025-12-21 15:19:15
83,2339,-0.6796289401446992,-0.05805627142139195,0.51,0.024913630411120633,2025-12-21 15:19:15
83,2340,-0.678689947198792,-0.05971703310668115,0.51,0.024978546599417163,2025-12-21 15:19:15
83,2341,-0.6777307816153454,-0.06138328087718707,0.51,0.025041890518599747,2025-12-21 15:19:16
83,2342,-0.6767517274149261,-0.06305495792134896,0.51,0.025101955244819393,2025-12-21 15:19:16
83,2343,-0.6757530760805881,-0.06473199835666311,0.51,0.025162231993528038,2025-12-21 15:19:16
83,2344,-0.6747351264127097,-0.06641432732530386,0.51,0.02522110990873916,2025-12-21 15:19:16
83,2345,-0.6736981843699118,-0.06810186110664632,0.51,0.025278643140922943,2025-12-21 15:19:16
83,2346,-0.6726425628960794,-0.06979450724655839,0.51,0.025333884107149686,2025-12-21 15:19:16
83,2347,-0.6715685817335518,-0.07149216470328534,0.51,0.02538883436352589,2025-12-21 15:19:16
83,2348,-0.6704765672225964,-0.0731947240097053,0.51,0.025442609155861686,2025-12-21 15:19:16
83,2349,-0.6693668520873244,-0.07490206745168995,0.51,0.025495260876251768,2025-12-21 15:19:16
83,2350,-0.6682397752082555,-0.07661406926226101,0.51,0.025546841768660344,2025-12-21 15:19:16
83,2351,-0.6670956813817828,-0.0783305958311893,0.51,0.025597403834474317,2025-12-21 15:19:17
83,2352,-0.6659349210668325,-0.08005150592964158,0.51,0.025646998746758565,2025-12-21 15:19:17
83,2353,-0.6647578501190609,-0.08177665094943853,0.51,0.025697079673181147,2025-12-21 15:19:17
83,2354,-0.6635648295129689,-0.08350587515644732,0.51,0.025744956497408295,2025-12-21 15:19:17
83,2355,-0.6623562250523607,-0.0852390159575938,0.51,0.02579123856434417,2025-12-21 15:19:17
83,2356,-0.6611324070696079,-0.08697590418094203,0.51,0.02583745019264781,2025-12-21 15:19:17
83,2357,-0.6598937501142239,-0.08871636436825403,0.51,0.025882947460805696,2025-12-21 15:19:17
83,2358,-0.6586406326312859,-0.09046021507940885,0.51,0.02592777810709954,2025-12-21 15:19:17
83,2359,-0.657373436630276,-0.09220726920802952,0.51,0.02597198924993005,2025-12-21 15:19:17
83,2360,-0.6560925473449485,-0.09395733430763675,0.51,0.026015627308490375,2025-12-21 15:19:17
83,2361,-0.654798352884856,-0.0957102129276224,0.51,0.02605873793438173,2025-12-21 15:19:18
83,2362,-0.6534912438791963,-0.09746570295831083,0.51,0.026101365952433443,2025-12-21 15:19:18
83,2363,-0.652171613113667,-0.09922359798435534,0.51,0.026143555309257792,2025-12-21 15:19:18
83,2364,-0.6508398551610348,-0.10098368764569726,0.51,0.02618534902838513,2025-12-21 15:19:18
83,2365,-0.6494963660061485,-0.10274575800529957,0.51,0.0262267891710514,2025-12-21 15:19:18
83,2366,-0.6481415426661384,-0.10450959192285293,0.51,0.026267916801885737,2025-12-21 15:19:18
83,2367,-0.6467757828065618,-0.10627496943364147,0.51,0.02630877195895028,2025-12-21 15:19:18
83,2368,-0.6453994843542598,-0.10804166813174754,0.51,0.02634939362765429,2025-12-21 15:19:18
83,2369,-0.6440130451077057,-0.10980946355676968,0.51,0.02638981971822177,2025-12-21 15:19:18
83,2370,-0.6426168623456247,-0.1115781295832252,0.51,0.026430087046427804,2025-12-21 15:19:19
83,2371,-0.6412113324346678,-0.11334743881180953,0.51,0.02647023131739648,2025-12-21 15:19:19
83,2372,-0.6397968504369265,-0.11511716296168718,0.51,0.02651028711231031,2025-12-21 15:19:19
83,2373,-0.6383738097180652,-0.116887073262995,0.51,0.026547738403725117,2025-12-21 15:19:19
83,2374,-0.636942601556848,-0.11865694084874635,0.51,0.02659018654300342,2025-12-21 15:19:19
83,2375,-0.6355036147568244,-0.12042653714533602,0.51,0.02663018275303878,2025-12-21 15:19:19
83,2376,-0.6340572352609296,-0.12219563426085797,0.51,0.026670215988421515,2025-12-21 15:19:19
83,2377,-0.6326038457697409,-0.12396400537046419,0.51,0.026707764732018274,2025-12-21 15:19:19
83,2378,-0.6311438253641158,-0.12573142509800986,0.51,0.026750429927788637,2025-12-21 15:19:19
83,2379,-0.6296775491329203,-0.12749766989324984,0.51,0.02679075347345691,2025-12-21 15:19:19
83,2380,-0.6282053878065358,-0.12926251840387265,0.51,0.026831221832043572,2025-12-21 15:19:19
83,2381,-0.6267277073968122,-0.1310257518416818,0.51,0.026869306520140735,2025-12-21 15:19:20
83,2382,-0.6252448688441088,-0.1327871543422585,0.51,0.02691261226177322,2025-12-21 15:19:20
83,2383,-0.6237572276720441,-0.13454651331746645,0.51,0.0269536675849312,2025-12-21 15:19:20
83,2384,-0.6222651336505448,-0.1363036198001871,0.51,0.026994957871237873,2025-12-21 15:19:20
83,2385,-0.6207689304677595,-0.13805826878070188,0.51,0.027033949372089267,2025-12-21 15:19:20
83,2386,-0.619268955411373,-0.13981025953416837,0.51,0.027078245960768646,2025-12-21 15:19:20
83,2387,-0.6177655390598273,-0.14155939593866745,0.51,0.027120367865401666,2025-12-21 15:19:20
83,2388,-0.6162590049839262,-0.14330548678332986,0.51,0.02716279797806287,2025-12-21 15:19:20
83,2389,-0.6147496694592661,-0.1450483460660822,0.51,0.027205552526765778,2025-12-21 15:19:20
83,2390,-0.6132378411899104,-0.1467877932805852,0.51,0.027246091419040486,2025-12-21 15:19:21
83,2391,-0.6117238210436843,-0.14852365369196832,0.51,0.027292018094802334,2025-12-21 15:19:21
83,2392,-0.6102079017994438,-0.1502557586009984,0.51,0.027335842721305167,2025-12-21 15:19:21
83,2393,-0.6086903679066349,-0.1519839455963515,0.51,0.02738004558382598,2025-12-21 15:19:21
83,2394,-0.6071714952574276,-0.15370805879469018,0.51,0.027424638385578952,2025-12-21 15:19:21
83,2395,-0.6056515509716821,-0.15542794906827948,0.51,0.02746963197273246,2025-12-21 15:19:21
83,2396,-0.604130793194967,-0.15714347425990707,0.51,0.02751503637318791,2025-12-21 15:19:21
83,2397,-0.6026094709098236,-0.1588544993849035,0.51,0.027560860835893843,2025-12-21 15:19:21
83,2398,-0.6010878237604381,-0.16056089682008914,0.51,0.027607113870568252,2025-12-21 15:19:21
83,2399,-0.5995660818908536,-0.16226254647950333,0.51,0.02765380328769397,2025-12-21 15:19:21
83,2400,-0.5980444657968268,-0.16395933597680082,0.51,0.027700936238690382,2025-12-21 15:19:22
83,2401,-0.5965231861914055,-0.16565116077422748,0.51,0.027748519256162715,2025-12-21 15:19:22
83,2402,-0.5950024438842756,-0.1673379243181147,0.51,0.027796558294168563,2025-12-21 15:19:22
83,2403,-0.5934824296749014,-0.16901953816085732,0.51,0.0278450587684111,2025-12-21 15:19:22
83,2404,-0.591963324259459,-0.17069592206936454,0.51,0.027894025596319094,2025-12-21 15:19:22
83,2405,-0.5904452981515371,-0.1723670041199972,0.51,0.02794346323691545,2025-12-21 15:19:22
83,2406,-0.5889285116165582,-0.1740327207800264,0.51,0.027993375730446128,2025-12-21 15:19:22
83,2407,-0.5874131146198518,-0.17569301697567044,0.51,0.02804376673769332,2025-12-21 15:19:22
83,2408,-0.5858992467882916,-0.17734784614678586,0.51,0.028094639578901362,2025-12-21 15:19:22
83,2409,-0.5843870373853894,-0.17899717028830825,0.51,0.028145997272286987,2025-12-21 15:19:22
83,2410,-0.5828766052997204,-0.18064095997855473,0.51,0.028197842572042275,2025-12-21 15:19:23
83,2411,-0.5813680590465394,-0.18227919439451684,0.51,0.028250178005791524,2025-12-21 15:19:23
83,2412,-0.5798614967824326,-0.18391186131428747,0.51,0.028303005911439725,2025-12-21 15:19:23
83,2413,-0.5783570063328328,-0.18553895710677876,0.51,0.02835632847335545,2025-12-21 15:19:23
83,2414,-0.576854665232219,-0.18716048670890095,0.51,0.028410147757835992,2025-12-21 15:19:23
83,2415,-0.5753545407768021,-0.18877646359038322,0.51,0.02846446574780049,2025-12-21 15:19:23
83,2416,-0.573856690089497,-0.19038690970642777,0.51,0.02851928437665945,2025-12-21 15:19:23
83,2417,-0.5723611601969628,-0.191991855438398,0.51,0.028574605561312878,2025-12-21 15:19:23
83,2418,-0.570867988118493,-0.19359133952274918,0.51,0.028630431234230688,2025-12-21 15:19:24
83,2419,-0.5693772009665246,-0.19518540896841782,0.51,0.028686763374570046,2025-12-21 15:19:24
83,2420,-0.567888816058531,-0.19677411896289174,0.51,0.028743604038288222,2025-12-21 15:19:24
83,2421,-0.566402841040059,-0.19835753276718848,0.51,0.02880095538721519,2025-12-21 15:19:24
83,2422,-0.5649192740186625,-0.19993572159997441,0.51,0.02885881971703959,2025-12-21 15:19:24
83,2423,-0.5634381037084853,-0.20150876451106034,0.51,0.028917199484189977,2025-12-21 15:19:24
83,2424,-0.5619593095852408,-0.20307674824451316,0.51,0.028976097331561954,2025-12-21 15:19:24
83,2425,-0.5604828620513312,-0.2046397670916256,0.51,0.02903551611307946,2025-12-21 15:19:24
83,2426,-0.559008722610853,-0.20619792273398768,0.51,0.029095458917047956,2025-12-21 15:19:24
83,2427,-0.5575368440542263,-0.20775132407690622,0.51,0.02915592908829868,2025-12-21 15:19:24
83,2428,-0.5560671706521917,-0.20930008707341888,0.51,0.029216712732446807,2025-12-21 15:19:25
83,2429,-0.5545996383589112,-0.21084433453915122,0.51,0.029278242103282868,2025-12-21 15:19:25
83,2430,-0.5531341750239152,-0.21238419595826522,0.51,0.029340311876958514,2025-12-21 15:19:25
83,2431,-0.5516707006126303,-0.21391980728074886,0.51,0.02940291840218275,2025-12-21 15:19:25
83,2432,-0.5502091274352304,-0.21545131071129686,0.51,0.029466571377946553,2025-12-21 15:19:25
83,2433,-0.5487493603835446,-0.21697885449003274,0.51,0.029529409718090687,2025-12-21 15:19:25
83,2434,-0.5472912971757627,-0.21850259266532354,0.51,0.029593680341636893,2025-12-21 15:19:25
83,2435,-0.5458348286086744,-0.22002268485893914,0.51,0.029658269225913813,2025-12-21 15:19:25
83,2436,-0.544379838817177,-0.2215392960238084,0.51,0.02972466538711875,2025-12-21 15:19:25
83,2437,-0.5429262055407906,-0.22305259619462675,0.51,0.02979069741529871,2025-12-21 15:19:25
83,2438,-0.5414738003969123,-0.22456276023156996,0.51,0.029857310998979304,2025-12-21 15:19:26
83,2439,-0.5400224891605431,-0.2260699675573716,0.51,0.029924514763973974,2025-12-21 15:19:26
83,2440,-0.5385721320502199,-0.22757440188802372,0.51,0.024999351506619187,2025-12-21 15:19:26
83,2441,-0.5371225840198798,-0.2290762509573627,0.51,0.025056523104482146,2025-12-21 15:19:26
83,2442,-0.5356736950563827,-0.23057570623580595,0.51,0.025111401158020696,2025-12-21 15:19:26
83,2443,-0.5342253104824164,-0.23207296264350846,0.51,0.02516939248815191,2025-12-21 15:19:26
83,2444,-0.5327772712644995,-0.23356821825821267,0.51,0.025227943335148256,2025-12-21 15:19:26
83,2445,-0.5313294143258003,-0.23506167401807024,0.51,0.02528671888922595,2025-12-21 15:19:26
83,2446,-0.5298815728634768,-0.23655353341971946,0.51,0.02534634370647673,2025-12-21 15:19:26
83,2447,-0.5284335766702436,-0.2380440022119087,0.51,0.025406546315163116,2025-12-21 15:19:26
83,2448,-0.526985252459861,-0.2395332880849623,0.51,0.02546733215980619,2025-12-21 15:19:27
83,2449,-0.5255364241962374,-0.24102160035639397,0.51,0.025528707783837735,2025-12-21 15:19:27
83,2450,-0.524086913425825,-0.24250914965297937,0.51,0.025590680726118576,2025-12-21 15:19:27
83,2451,-0.5226365396129862,-0.24399614758960933,0.51,0.02565325941335428,2025-12-21 15:19:27
83,2452,-0.5211851204779914,-0.24548280644525391,0.51,0.025716453057337916,2025-12-21 15:19:27
83,2453,-0.5197324723373081,-0.24696933883637756,0.51,0.025780271561164005,2025-12-21 15:19:27
83,2454,-0.5182784104458241,-0.24845595738815557,0.51,0.02584472543581207,2025-12-21 15:19:27
83,2455,-0.5168227493406411,-0.24994287440385346,0.51,0.025909825726993085,2025-12-21 15:19:27
83,2456,-0.5153653031860632,-0.2514303015327419,0.51,0.02597558395140099,2025-12-21 15:19:27
83,2457,-0.5139058861193939,-0.25291844943693104,0.51,0.026042012041130238,2025-12-21 15:19:27
83,2458,-0.5124443125971414,-0.2544075274575211,0.51,0.026109122294985708,2025-12-21 15:19:28
83,2459,-0.510980397741224,-0.2558977432804772,0.51,0.02617692733544372,2025-12-21 15:19:28
83,2460,-0.509513957684752,-0.25738930260264936,0.51,0.02624544007013642,2025-12-21 15:19:28
83,2461,-0.5080448099169524,-0.2588824087983713,0.51,0.02631467365689486,2025-12-21 15:19:28
83,2462,-0.5065727736267881,-0.2603772625870836,0.51,0.02638464147151477,2025-12-21 15:19:28
83,2463,-0.5050976700448156,-0.26187406170243926,0.51,0.026455357077565276,2025-12-21 15:19:28
83,2464,-0.5036193227828087,-0.2633730005633626,0.51,0.026526834197656838,2025-12-21 15:19:28
83,2465,-0.5021375581706661,-0.2648742699475429,0.51,0.02659908668574984,2025-12-21 15:19:28
83,2466,-0.5006522055901105,-0.2663780566678572,0.51,0.026672128500081466,2025-12-21 15:19:28
83,2467,-0.49916309780467505,-0.2678845432522266,0.51,0.026745973676481932,2025-12-21 15:19:29
83,2468,-0.4976700712854619,-0.269393907627421,0.51,0.026820636301805954,2025-12-21 15:19:29
83,2469,-0.4961729665321507,-0.2709063228073366,0.51,0.026896130487349425,2025-12-21 15:19:29
83,2470,-0.49467162838872425,-0.27242195658628,0.51,0.026972470342082114,2025-12-21 15:19:29
83,2471,-0.4931659063533727,-0.27394097123779837,0.51,0.027049669945636706,2025-12-21 15:19:29
83,2472,-0.49165565488202945,-0.27546352321960493,0.51,0.027127743320970326,2025-12-21 15:19:29
83,2473,-0.4901407336849881,-0.27698976288515054,0.51,0.027206704406669124,2025-12-21 15:19:29
83,2474,-0.4886210080160458,-0.27851983420239973,0.51,0.027286567028863104,2025-12-21 15:19:29
83,2475,-0.48709634895361464,-0.28005387448036934,0.51,0.027367344872759193,2025-12-21 15:19:29
83,2476,-0.4855666336732434,-0.2815920141039906,0.51,0.02744905145378853,2025-12-21 15:19:29
83,2477,-0.4840317457109914,-0.28313437627785415,0.51,0.027531700088401116,2025-12-21 15:19:30
83,2478,-0.4824915752170996,-0.2846810767793949,0.51,0.0276153038645181,2025-12-21 15:19:30
83,2479,-0.4809460191994073,-0.2862322237220701,0.51,0.02769987561170075,2025-12-21 15:19:30
83,2480,-0.47939498175596984,-0.2877879173290763,0.51,0.027785427871052613,2025-12-21 15:19:30
83,2481,-0.47783837429634035,-0.2893482497181454,0.51,0.027871972864928006,2025-12-21 15:19:30
83,2482,-0.47627611575098916,-0.29091330469794585,0.51,0.02795952246649008,2025-12-21 15:19:30
83,2483,-0.47470813276834584,-0.29248315757660703,0.51,0.02804808816916592,2025-12-21 15:19:30
83,2484,-0.47313435989896435,-0.2940578749828664,0.51,0.028137681056085863,2025-12-21 15:19:30
83,2485,-0.4715547397663272,-0.2956375147003254,0.51,0.028228311769547564,2025-12-21 15:19:30
83,2486,-0.46996922322382423,-0.2972221255152792,0.51,0.028319990480585422,2025-12-21 15:19:31
83,2487,-0.46837776949746124,-0.2988117470785657,0.51,0.02841272685871692,2025-12-21 15:19:31
83,2488,-0.4667803463138781,-0.30040640978185496,0.51,0.028506530041935912,2025-12-21 15:19:31
83,2489,-0.4651769300132799,-0.3020061346487752,0.51,0.02860140860702546,2025-12-21 15:19:31
83,2490,-0.46356750564691235,-0.3036109332412454,0.51,0.02869737054027259,2025-12-21 15:19:31
83,2491,-0.46195206705874176,-0.30522080758135217,0.51,0.02879442320866813,2025-12-21 15:19:31
83,2492,-0.4603306169510319,-0.30683575008908026,0.51,0.028892573331651905,2025-12-21 15:19:31
83,2493,-0.45870316693354135,-0.3084557435361703,0.51,0.02899182695350845,2025-12-21 15:19:31
83,2494,-0.45706973755610175,-0.3100807610163438,0.51,0.02909218941647897,2025-12-21 15:19:31
83,2495,-0.4554303583243725,-0.31171076593209845,0.51,0.029193665334672346,2025-12-21 15:19:32
83,2496,-0.45378506769860616,-0.31334571199823674,0.51,0.02929625856886367,2025-12-21 15:19:32
83,2497,-0.4521339130752978,-0.31498554326225425,0.51,0.02939997220225408,2025-12-21 15:19:32
83,2498,-0.45047695075163324,-0.31663019414167004,0.51,0.029504808517274616,2025-12-21 15:19:32
83,2499,-0.448814245872691,-0.31827958947834134,0.51,0.02961076897351566,2025-12-21 15:19:32
83,2500,-0.4471458723613979,-0.31993364460976104,0.51,0.029716675763794893,2025-12-21 15:19:32
83,2501,-0.44547191283127996,-0.32159226545729275,0.51,0.029825857092649233,2025-12-21 15:19:32
83,2502,-0.4437924584820946,-0.3232553486312544,0.51,0.025664456284805046,2025-12-21 15:19:32
83,2503,-0.44210760897847523,-0.324922781552716,0.51,0.02575876292594991,2025-12-21 15:19:32
83,2504,-0.4404174723117636,-0.3265944425918333,0.51,0.025854076387537357,2025-12-21 15:19:33
83,2505,-0.43872216464524877,-0.3282702012224935,0.51,0.025951002291006966,2025-12-21 15:19:33
83,2506,-0.4370218101430776,-0.3299499181930053,0.51,0.02604824971079347,2025-12-21 15:19:33
83,2507,-0.4353165407831446,-0.33163344571252135,0.51,0.02614760268682799,2025-12-21 15:19:33
83,2508,-0.43360649615431124,-0.3333206276528379,0.51,0.02624895572662463,2025-12-21 15:19:33
83,2509,-0.4318918232383501,-0.335011299765174,0.51,0.02634907448934484,2025-12-21 15:19:33
83,2510,-0.4301726761770467,-0.33670528991149123,0.51,0.02645015130910518,2025-12-21 15:19:33
83,2511,-0.4284492160249349,-0.3384024183098744,0.51,0.026551525172935356,2025-12-21 15:19:33
83,2512,-0.42672161048817986,-0.3401024977934564,0.51,0.026654454395389257,2025-12-21 15:19:33
83,2513,-0.424990033650158,-0.3418053340823312,0.51,0.026758308824839417,2025-12-21 15:19:34
83,2514,-0.423254665684321,-0.3435107260678658,0.51,0.02686307405456044,2025-12-21 15:19:34
83,2515,-0.4215156925549627,-0.3452184661087876,0.51,0.026968735295728664,2025-12-21 15:19:34
83,2516,-0.4197733057065389,-0.3469283403383927,0.51,0.027075277348011885,2025-12-21 15:19:34
83,2517,-0.4180277017422212,-0.3486401289821924,0.51,0.02718268456746768,2025-12-21 15:19:34
83,2518,-0.41627908209238923,-0.35035360668528737,0.51,0.027290940835209124,2025-12-21 15:19:34
83,2519,-0.4145276526737938,-0.35206854284873695,0.51,0.02740002952898525,2025-12-21 15:19:34
83,2520,-0.4127736235401418,-0.35378470197416745,0.51,0.027509933498911142,2025-12-21 15:19:34
83,2521,-0.4110172085248751,-0.3555018440158462,0.51,0.027620635047947702,2025-12-21 15:19:34
83,2522,-0.4092586248769312,-0.35721972473943175,0.51,0.027732115917386488,2025-12-21 15:19:34
83,2523,-0.40749809289028677,-0.3589380960865966,0.51,0.02784435727728008,2025-12-21 15:19:35
83,2524,-0.4057358355280967,-0.3606567065447099,0.51,0.027957339721663175,2025-12-21 15:19:35
83,2525,-0.40397207804224927,-0.3623753015207584,0.51,0.028070735515214603,2025-12-21 15:19:35
83,2526,-0.4022070475891628,-0.36409362371868065,0.51,0.02818514931975856,2025-12-21 15:19:35
83,2527,-0.4004409728426528,-0.36581141351928614,0.51,0.02830124204280766,2025-12-21 15:19:35
83,2528,-0.39867408360469697,-0.36752840936193354,0.51,0.028417007484046294,2025-12-21 15:19:35
83,2529,-0.396906610414924,-0.3692443481271439,0.51,0.02853340557310116,2025-12-21 15:19:35
83,2530,-0.39513878415964504,-0.37095896551933316,0.51,0.028650414732698415,2025-12-21 15:19:35
83,2531,-0.39337083568124037,-0.3726719964488549,0.51,0.028768013227550668,2025-12-21 15:19:35
83,2532,-0.3916029953887012,-0.37438317541255794,0.51,0.02888582250601277,2025-12-21 15:19:35
83,2533,-0.3898354928701151,-0.37609223687207527,0.51,0.029004507531670297,2025-12-21 15:19:36
83,2534,-0.38806855650786776,-0.37779891562907847,0.51,0.029124713426852522,2025-12-21 15:19:36
83,2535,-0.3863024130973155,-0.37950294719674954,0.51,0.029243780901924456,2025-12-21 15:19:36
83,2536,-0.3845372874696651,-0.3812040681667424,0.51,0.029363975541706076,2025-12-21 15:19:36
83,2537,-0.3827734021197747,-0.3829020165709289,0.51,0.029484612594311618,2025-12-21 15:19:36
83,2538,-0.38101097683956653,-0.3845965322372487,0.51,0.029605668809796468,2025-12-21 15:19:36
83,2539,-0.3792502283577185,-0.3862873571390076,0.51,0.029727118107818567,2025-12-21 15:19:36
83,2540,-0.3774913699862736,-0.3879742357369968,0.51,0.02984893627679563,2025-12-21 15:19:36
83,2541,-0.37573461127478025,-0.38965691531383456,0.51,0.02622515180085393,2025-12-21 15:19:36
83,2542,-0.37398015767254666,-0.39133514629995997,0.51,0.026332284175541096,2025-12-21 15:19:36
83,2543,-0.37222821019956304,-0.39300868259074206,0.51,0.02643915903552122,2025-12-21 15:19:37
83,2544,-0.3704789651266149,-0.39467728185419726,0.51,0.026546586570301383,2025-12-21 15:19:37
83,2545,-0.3687326136650791,-0.39634070582884157,0.51,0.026653131710129195,2025-12-21 15:19:37
83,2546,-0.36698934166686253,-0.3979987206112366,0.51,0.026760359609408386,2025-12-21 15:19:37
83,2547,-0.36524932933491133,-0.3996510969328225,0.51,0.026868480199615078,2025-12-21 15:19:37
83,2548,-0.3635127509446851,-0.40129761042566453,0.51,0.026977326683499933,2025-12-21 15:19:37
83,2549,-0.36177977457695965,-0.402938041876773,0.51,0.027086380916873164,2025-12-21 15:19:37
83,2550,-0.3600505618622875,-0.40457217747069163,0.51,0.027198335598764025,2025-12-21 15:19:37
83,2551,-0.3583252677374141,-0.4061998090200816,0.51,0.02730871803570285,2025-12-21 15:19:37
83,2552,-0.3566040402139149,-0.4078207341840631,0.51,0.027420533263856524,2025-12-21 15:19:37
83,2553,-0.3548870201592881,-0.4094347566741079,0.51,0.02753460133330851,2025-12-21 15:19:38
83,2554,-0.3531743410907048,-0.4110416864473101,0.51,0.027645907435613713,2025-12-21 15:19:38
83,2555,-0.3514661289815897,-0.4126413398868934,0.51,0.027758537505720382,2025-12-21 15:19:38
83,2556,-0.3497625020811746,-0.41423353996984347,0.51,0.02787091706241173,2025-12-21 15:19:38
83,2557,-0.34806357074713856,-0.415818116421586,0.51,0.027980300932746102,2025-12-21 15:19:38
83,2558,-0.34636943729142067,-0.4173949058576583,0.51,0.028090094925391943,2025-12-21 15:19:38
83,2559,-0.34468019583926385,-0.4189637519123521,0.51,0.028195179832847844,2025-12-21 15:19:38
83,2560,-0.3429959322015229,-0.42052450535433095,0.51,0.02829651884752546,2025-12-21 15:19:38
83,2561,-0.341316723760245,-0.4220770241892536,0.51,0.028397862584735638,2025-12-21 15:19:38
83,2562,-0.3396426393675063,-0.4236211737494571,0.51,0.028489512289390912,2025-12-21 15:19:39
83,2563,-0.33797373925746726,-0.42515682677077976,0.51,0.02856535335382345,2025-12-21 15:19:39
83,2564,-0.3363100749715868,-0.42668386345662385,0.51,0.028608301260894895,2025-12-21 15:19:39
83,2565,-0.33465168929691624,-0.4282021715293816,0.51,0.028557036909552292,2025-12-21 15:19:39
83,2566,-0.332998616217374,-0.42971164626936603,0.51,0.02810556235192607,2025-12-21 15:19:39
83,2567,-0.33135088087788633,-0.43121219054140736,0.51,0.02515901132344291,2025-12-21 15:19:39
83,2568,-0.32970849956126125,-0.4327037148092932,0.51,0.001092524280787046,2025-12-21 15:19:39
83,3131,0.4424266344066965,0.3242299718688748,0.51,0.0010789429369620514,2025-12-21 15:19:45
83,3132,0.44074602600708124,0.32590624495192133,0.51,0.002123375613006199,2025-12-21 15:19:45
83,3133,0.43905997428315235,0.3275864861569916,0.51,0.003322576278734718,2025-12-21 15:19:45
83,3134,0.43736860910644476,0.3292705652622055,0.51,0.004345195588383959,2025-12-21 15:19:45
83,3135,0.43567206800935326,0.33095834329047996,0.51,0.005328551665066236,2025-12-21 15:19:46
83,3136,0.4339704959945165,0.3326496727120231,0.51,0.006265916631037101,2025-12-21 15:19:46
83,3137,0.43226404532866103,0.33434439766184704,0.51,0.007275525256376805,2025-12-21 15:19:46
83,3138,0.43055287532133196,0.3360423541718764,0.51,0.008255962173144126,2025-12-21 15:19:46
83,3139,0.4288371520889752,0.3377433704171897,0.51,0.009306319092428602,2025-12-21 15:19:46
83,3140,0.4271170483048783,0.33944726697589106,0.51,0.010361474637006434,2025-12-21 15:19:46
87,2628,-0.4892722518486727,0.4500770936269533,0.51,0.0036298971619591856,2025-12-21 15:26:32
87,2629,-0.48659853972992206,0.45141088458634426,0.51,0.006331710413464571,2025-12-21 15:26:32
87,2630,-0.48390648025685623,0.4527377100974617,0.51,0.00903706192445741,2025-12-21 15:26:32
87,2631,-0.48119591861128924,0.45405774806052235,0.51,0.011740988104833002,2025-12-21 15:26:32
87,2632,-0.4784667150088041,0.4553711729082718,0.51,0.014451642531862393,2025-12-21 15:26:32
87,2633,-0.47571874521477486,0.456678155389792,0.51,0.017165954547981737,2025-12-21 15:26:32
87,2634,-0.47295190104376245,0.45797886236146906,0.51,0.019886090666636082,2025-12-21 15:26:32
87,2635,-0.4701660908410486,0.4592734565854111,0.51,0.022614330629376053,2025-12-21 15:26:32
87,2636,-0.46736123994507656,0.4605620965356016,0.51,0.025349419221502068,2025-12-21 15:26:32
87,2637,-0.4645372911295777,0.4618449362120661,0.51,0.028092923253722698,2025-12-21 15:26:32
87,2638,-0.46169420502417763,0.4631221249633229,0.51,0.015428940854811633,2025-12-21 15:26:33
87,2639,-0.4588319605122942,0.46439380731738006,0.51,0.01685027734280603,2025-12-21 15:26:33
87,2640,-0.45595055510516447,0.46566012282153296,0.51,0.01827889447999141,2025-12-21 15:26:33
87,2641,-0.453050005290866,0.4669212058912038,0.51,0.019713644686608706,2025-12-21 15:26:33
87,2642,-0.45013034685723163,0.4681771856680559,0.51,0.021154768685104026,2025-12-21 15:26:33
87,2643,-0.44719163518759675,0.46942818588760166,0.51,0.022606108429967776,2025-12-21 15:26:33
87,2644,-0.44423394552836004,0.47067432475651,0.51,0.024062379964634402,2025-12-21 15:26:33
87,2645,-0.4412573732273893,0.47191571483980527,0.51,0.02552547076276543,2025-12-21 15:26:33
87,2646,-0.4382620339423561,0.4731524629581335,0.51,0.026995466239955083,2025-12-21 15:26:33
87,2647,-0.4352480638181424,0.47438467009525603,0.51,0.028472428996703734,2025-12-21 15:26:33
87,2648,-0.43221561963252436,0.4756124313159129,0.51,0.019973094416441593,2025-12-21 15:26:34
87,2649,-0.42916487890940647,0.47683583569418037,0.51,0.02097830969894052,2025-12-21 15:26:34
87,2650,-0.42609603999895096,0.47805496625242744,0.51,0.021988480210377775,2025-12-21 15:26:34
87,2651,-0.42300932212402326,0.47926989991095664,0.51,0.02300214065247749,2025-12-21 15:26:34
87,2652,-0.41990496539245326,0.4804807074483931,0.51,0.02402062771246789,2025-12-21 15:26:34
87,2653,-0.4167832307746958,0.48168745347286507,0.51,0.025044253038983066,2025-12-21 15:26:34
87,2654,-0.41364440004656017,0.48289019640399605,0.51,0.02607158648881019,2025-12-21 15:26:34
87,2655,-0.4104887756967668,0.48408898846570697,0.51,0.02710308166798457,2025-12-21 15:26:34
87,2656,-0.4073166807991823,0.48528387568980286,0.51,0.028139707683185522,2025-12-21 15:26:34
87,2657,-0.40412845884967635,0.4864748979302956,0.51,0.029179645510241707,2025-12-21 15:26:34
87,2658,-0.4009244735676401,0.4876620888883894,0.51,0.022669931800587812,2025-12-21 15:26:34
87,2659,-0.39770510866230296,0.48884547614803353,0.51,0.023459956961214334,2025-12-21 15:26:35
87,2660,-0.39447076756408145,0.49002508122192007,0.51,0.024253441872644076,2025-12-21 15:26:35
87,2661,-0.3912218731212924,0.4912009196077827,0.51,0.025049389570358606,2025-12-21 15:26:35
87,2662,-0.3879588672626606,0.4923730008548276,0.51,0.02584774097168764,2025-12-21 15:26:35
87,2663,-0.3846822106261483,0.49354132864010275,0.51,0.026648215937129616,2025-12-21 15:26:35
87,2664,-0.3813923821547317,0.4947059008545908,0.51,0.027450837307133383,2025-12-21 15:26:35
87,2665,-0.3780898786598425,0.4958667096987854,0.51,0.028255487990785092,2025-12-21 15:26:35
87,2666,-0.37477521435328826,0.4970237417874895,0.51,0.0290620436414637,2025-12-21 15:26:35
87,2667,-0.3714489203485547,0.49817697826355284,0.51,0.029870372993044687,2025-12-21 15:26:35
87,2668,-0.3681115441324819,0.4993263949202435,0.51,0.02454681119724902,2025-12-21 15:26:35
87,2669,-0.3647636490083913,0.5004719623319294,0.51,0.02519955318724592,2025-12-21 15:26:35
87,2670,-0.36140581351182177,0.5016136459927258,0.51,0.025853468867195518,2025-12-21 15:26:36
87,2671,-0.35803863080011056,0.5027514064627473,0.51,0.02650679029191199,2025-12-21 15:26:36
87,2672,-0.3546627080171285,0.5038851995215845,0.51,0.0271617896780919,2025-12-21 15:26:36
87,2673,-0.3512786656345467,0.5050149763286119,0.51,0.027817392654651683,2025-12-21 15:26:36
87,2674,-0.34788713677107547,0.5061406835897164,0.51,0.028472461004152433,2025-12-21 15:26:36
87,2675,-0.3444887664911761,0.5072622637300251,0.51,0.029128666334598857,2025-12-21 15:26:36
87,2676,-0.34108421108479636,0.5083796550721973,0.51,0.029785080303195963,2025-12-21 15:26:36
87,2677,-0.33767413732973006,0.5094927920198361,0.51,0.02537038832714489,2025-12-21 15:26:36
87,2678,-0.33425922173824063,0.5106016052455675,0.51,0.025919956747568404,2025-12-21 15:26:36
87,2679,-0.3308401497896247,0.5117060218833239,0.51,0.02646826674051627,2025-12-21 15:26:36
87,2680,-0.3274176151504205,0.5128059657243672,0.51,0.027016994329471446,2025-12-21 15:26:36
87,2681,-0.3239923188839882,0.5139013574165804,0.51,0.027565236685461965,2025-12-21 15:26:37
87,2682,-0.3205649686512069,0.5149921146665534,0.51,0.02811286928561946,2025-12-21 15:26:37
87,2683,-0.31713627790404136,0.5160781524439891,0.51,0.028659766161523565,2025-12-21 15:26:37
87,2684,-0.31370696507373785,0.5171593831879561,0.51,0.029205799959683972,2025-12-21 15:26:37
87,2685,-0.31027775275540415,0.518235717014514,0.51,0.029750842040880472,2025-12-21 15:26:37
87,2686,-0.3068493668907216,0.5193070619252453,0.51,0.025967279880039166,2025-12-21 15:26:37
87,2687,-0.30342253595052254,0.5203733240162282,0.51,0.02643415322872331,2025-12-21 15:26:37
87,2688,-0.2999979901189455,0.5214344076869927,0.51,0.02689988193736178,2025-12-21 15:26:37
87,2689,-0.2965764604808566,0.522490215849013,0.51,0.027364136140419944,2025-12-21 15:26:37
87,2690,-0.29315867821419195,0.5235406501332929,0.51,0.02782694843674462,2025-12-21 15:26:37
87,2691,-0.2897453737888412,0.5245856110966154,0.51,0.028288206324326833,2025-12-21 15:26:38
87,2692,-0.28633727617365046,0.5256249984260384,0.51,0.02874779735401624,2025-12-21 15:26:38
87,2693,-0.28293511205307664,0.5266587111412294,0.51,0.029205609189973364,2025-12-21 15:26:38
87,2694,-0.27953960505497444,0.5276866477942485,0.51,0.02966152968864536,2025-12-21 15:26:38
87,2695,-0.2761514749909441,0.5287087066664009,0.51,0.026351326983932236,2025-12-21 15:26:38
87,2696,-0.2727714371106081,0.5297247859617988,0.51,0.026745855665400983,2025-12-21 15:26:38
87,2697,-0.2694002013711242,0.5307347839972856,0.51,0.027140394632968814,2025-12-21 15:26:38
87,2698,-0.2660384717231781,0.5317385993883952,0.51,0.027532877178503178,2025-12-21 15:26:38
87,2699,-0.2626869454146299,0.5327361312310361,0.51,0.027923207997591983,2025-12-21 15:26:38
87,2700,-0.25934631231292016,0.5337272792786076,0.51,0.02831129278919558,2025-12-21 15:26:38
87,2701,-0.2560172542472694,0.5347119441142751,0.51,0.028697038283045314,2025-12-21 15:26:39
87,2702,-0.25270044437163014,0.5356900273181503,0.51,0.029080352279931106,2025-12-21 15:26:39
87,2703,-0.24939654654927756,0.5366614316291414,0.51,0.02946114370150481,2025-12-21 15:26:39
87,2704,-0.24610621475984734,0.5376260611012588,0.51,0.029839322646870215,2025-12-21 15:26:39
87,2705,-0.24283009252955398,0.5385838212541803,0.51,0.026858033882232464,2025-12-21 15:26:39
87,2706,-0.2395688123852455,0.5395346192179009,0.51,0.02719073281617362,2025-12-21 15:26:39
87,2707,-0.2363229953328737,0.5404783638713111,0.51,0.027520873276623507,2025-12-21 15:26:39
87,2708,-0.23309325036088305,0.5414149659745676,0.51,0.027848516245790905,2025-12-21 15:26:39
87,2709,-0.22988017396894453,0.5423443382951403,0.51,0.02817331418935493,2025-12-21 15:26:39
87,2710,-0.2266843497223869,0.5432663957274376,0.51,0.028495332681114385,2025-12-21 15:26:39
87,2711,-0.22350634783260276,0.5441810554059321,0.51,0.028814501543339706,2025-12-21 15:26:39
87,2712,-0.22034672476363504,0.5450882368117261,0.51,0.029130752228662998,2025-12-21 15:26:40
87,2713,-0.21720602286507845,0.5459878618725159,0.51,0.0294440178482821,2025-12-21 15:26:40
87,2714,-0.21408477003136128,0.5468798550559292,0.51,0.029754233201891137,2025-12-21 15:26:40
87,2715,-0.21098347938740555,0.5477641434562298,0.51,0.027056601467399584,2025-12-21 15:26:40
87,2716,-0.2079026490005995,0.5486406568743988,0.51,0.027330622005694794,2025-12-21 15:26:40
87,2717,-0.20484276161895287,0.5495093278916152,0.51,0.02760271182528033,2025-12-21 15:26:40
87,2718,-0.2018042844352463,0.5503700919361801,0.51,0.027871776836259236,2025-12-21 15:26:40
87,2719,-0.19878766887692798,0.5512228873439355,0.51,0.028137832646312172,2025-12-21 15:26:40
87,2720,-0.19579335042145676,0.5520676554122489,0.51,0.028400830754731085,2025-12-21 15:26:40
87,2721,-0.19282174843673872,0.5529043404476449,0.51,0.02866072448214168,2025-12-21 15:26:40
87,2722,-0.1898732660462552,0.5537328898071777,0.51,0.028917468974773913,2025-12-21 15:26:41
87,2723,-0.18694829001843472,0.5545532539336507,0.51,0.029171021209443544,2025-12-21 15:26:41
87,2724,-0.18404719067977762,0.5553653863847995,0.51,0.029421339998796616,2025-12-21 15:26:41
87,2725,-0.18117032185120313,0.5561692438565659,0.51,0.029667158183515167,2025-12-21 15:26:41
87,2726,-0.1783180208070507,0.5569647862005978,0.51,0.02719174641293736,2025-12-21 15:26:41
87,2727,-0.17549060825613458,0.5577519764361213,0.51,0.027411596789801818,2025-12-21 15:26:41
87,2728,-0.17268838834421887,0.5585307807563357,0.51,0.02762838343787455,2025-12-21 15:26:41
87,2729,-0.16991164867725303,0.5593011685294921,0.51,0.027842077239526548,2025-12-21 15:26:41
87,2730,-0.1671606603646826,0.5600631122948214,0.51,0.028052650857153173,2025-12-21 15:26:41
87,2731,-0.16443567808212814,0.5608165877534826,0.51,0.028260191652378246,2025-12-21 15:26:41
87,2732,-0.16173694015270598,0.5615615737547075,0.51,0.028464440773196303,2025-12-21 15:26:42
87,2733,-0.15906466864624846,0.562298052277323,0.51,0.028665497155014708,2025-12-21 15:26:42
87,2734,-0.1564190694956671,0.5630260084068346,0.51,0.02886334040094265,2025-12-21 15:26:42
87,2735,-0.15380033262969195,0.5637454303082573,0.51,0.02905837012981496,2025-12-21 15:26:42
87,2736,-0.15120863212121094,0.5644563091948835,0.51,0.029249749863145866,2025-12-21 15:26:42
87,2737,-0.14864412635042817,0.5651586392931781,0.51,0.02943786212864449,2025-12-21 15:26:42
87,2738,-0.14610695818205552,0.5658524178039921,0.51,0.02962269315169204,2025-12-21 15:26:42
87,2739,-0.1435972551557509,0.5665376448602873,0.51,0.029804230813074824,2025-12-21 15:26:42
87,2740,-0.14111512968901757,0.5672143234815638,0.51,0.027484175729009352,2025-12-21 15:26:42
87,2741,-0.13866067929178133,0.5678824595251805,0.51,0.027646118384668843,2025-12-21 15:26:42
87,2742,-0.13623398679186716,0.5685420616347611,0.51,0.0278043150464074,2025-12-21 15:26:42
87,2743,-0.13383512057060393,0.5691931411858719,0.51,0.02796011046444802,2025-12-21 15:26:43
87,2744,-0.13146413480779362,0.5698357122291601,0.51,0.02811286470003667,2025-12-21 15:26:43
87,2745,-0.1291210697352916,0.5704697914311355,0.51,0.02826257545614879,2025-12-21 15:26:43
87,2746,-0.12680595189845595,0.5710953980127794,0.51,0.02840924189567908,2025-12-21 15:26:43
87,2747,-0.12451879442473653,0.5717125536861571,0.51,0.02854977726247709,2025-12-21 15:26:43
87,2748,-0.12225959729868874,0.5723212825892118,0.51,0.0286900468953167,2025-12-21 15:26:43
87,2749,-0.12002834764271203,0.5729216112189097,0.51,0.028827261219085805,2025-12-21 15:26:43
87,2750,-0.11782502000282943,0.573513568362906,0.51,0.028961424217965395,2025-12-21 15:26:43
87,2751,-0.11564957663884205,0.5740971850298945,0.51,0.029092541249767807,2025-12-21 15:26:43
87,2752,-0.1135019678182103,0.574672494378801,0.51,0.029220619030065835,2025-12-21 15:26:43
87,2753,-0.11138213211303268,0.5752395316469755,0.51,0.02934619890542075,2025-12-21 15:26:44
87,2754,-0.10928999669951259,0.5757983340775336,0.51,0.029468219392553455,2025-12-21 15:26:44
87,2755,-0.10722547765932386,0.5763489408459924,0.51,0.029587225290099255,2025-12-21 15:26:44
87,2756,-0.10518848028230623,0.5768913929863427,0.51,0.029703228485208257,2025-12-21 15:26:44
87,2757,-0.1031788993699435,0.5774257333166921,0.51,0.027523031900129485,2025-12-21 15:26:44
87,2758,-0.10119661953909802,0.5779520063646102,0.51,0.02762647503923953,2025-12-21 15:26:44
87,2759,-0.09924151552549758,0.5784702582923018,0.51,0.02772721075900344,2025-12-21 15:26:44
87,2760,-0.09731345248649201,0.5789805368217279,0.51,0.02782525468657981,2025-12-21 15:26:44
87,2761,-0.09541228630261933,0.57948289115979,0.51,0.02792109594755015,2025-12-21 15:26:44
87,2762,-0.09353786387754325,0.5799773719236875,0.51,0.028013787906289802,2025-12-21 15:26:44
87,2763,-0.09169002343594573,0.580464031066553,0.51,0.028103838115070712,2025-12-21 15:26:44
87,2764,-0.08986859481898081,0.5809429218034654,0.51,0.028191266435961756,2025-12-21 15:26:45
87,2765,-0.08807339977691717,0.5814140985379347,0.51,0.028276093756725785,2025-12-21 15:26:45
87,2766,-0.08630425225861933,0.5818776167889478,0.51,0.02835834196995364,2025-12-21 15:26:45
87,2767,-0.08456095869753844,0.58233353311866,0.51,0.028438033952011024,2025-12-21 15:26:45
87,2768,-0.08284331829390498,0.5827819050608108,0.51,0.028515303791213607,2025-12-21 15:26:45
87,2769,-0.08115112329283702,0.5832227910499389,0.51,0.02858993245298125,2025-12-21 15:26:45
87,2770,-0.07948415925809758,0.5836562503514646,0.51,0.02866207553117402,2025-12-21 15:26:45
87,2771,-0.07784220534125576,0.5840823429927062,0.51,0.028731759580447068,2025-12-21 15:26:45
87,2772,-0.07622503454602537,0.5845011296948881,0.51,0.02879901203425617,2025-12-21 15:26:45
87,2773,-0.07463241398757485,0.5849126718061972,0.51,0.02886386118164981,2025-12-21 15:26:45
87,2774,-0.0730641051466206,0.5853170312359386,0.51,0.02892633614356512,2025-12-21 15:26:46
87,2775,-0.07151986411813485,0.585714270389836,0.51,0.02898646684858607,2025-12-21 15:26:46
87,2776,-0.06999944185451681,0.5861044521065202,0.51,0.029044284008158217,2025-12-21 15:26:46
87,2777,-0.06850258440309326,0.5864876395952423,0.51,0.029099819091252938,2025-12-21 15:26:46
87,2778,-0.06702903313783178,0.5868638963748471,0.51,0.029153104298451873,2025-12-21 15:26:46
87,2779,-0.06557852498516596,0.5872332862140356,0.51,0.029204172535473524,2025-12-21 15:26:46
87,2780,-0.06415079264384782,0.5875958730729427,0.51,0.02925305738612709,2025-12-21 15:26:46
87,2781,-0.06274556479875745,0.5879517210460541,0.51,0.029299793084708193,2025-12-21 15:26:46
87,2782,-0.06136256632861503,0.5883008943064792,0.51,0.029344414487841003,2025-12-21 15:26:46
87,2783,-0.06000151850755362,0.5886434570515975,0.51,0.029386957045785658,2025-12-21 15:26:46
87,2784,-0.05866213920052498,0.5889794734500887,0.51,0.02942785904051943,2025-12-21 15:26:46
87,2785,-0.05734414305252311,0.5893090075903576,0.51,0.029466287966376407,2025-12-21 15:26:46
87,2786,-0.056047241671622366,0.5896321234303579,0.51,0.029502742934056816,2025-12-21 15:26:47
87,2787,-0.05477114380583842,0.5899488847488181,0.51,0.02953726149786122,2025-12-21 15:26:47
87,2788,-0.05351555551383126,0.5902593550978711,0.51,0.029569881660805493,2025-12-21 15:26:47
87,2789,-0.05228018032947964,0.590563597757082,0.51,0.029600641843077768,2025-12-21 15:26:47
87,2790,-0.05106471942036579,0.5908616756888723,0.51,0.029630710767805744,2025-12-21 15:26:47
87,2791,-0.0498688717402186,0.591153651495329,0.51,0.029657757610797364,2025-12-21 15:26:47
87,2792,-0.04869233417537139,0.5914395873763921,0.51,0.029683056305633726,2025-12-21 15:26:47
87,2793,-0.047534801685298604,0.5917195450894056,0.51,0.02758469712632565,2025-12-21 15:26:47
87,2794,-0.04639596743730258,0.5919935859100178,0.51,0.027607584380949485,2025-12-21 15:26:47
87,2795,-0.04527552293542838,0.592261770594416,0.51,0.0276300079291373,2025-12-21 15:26:47
87,2796,-0.044173158143690626,0.5925241593428752,0.51,0.0276498016680364,2025-12-21 15:26:47
87,2797,-0.04308856160370168,0.5927808117646018,0.51,0.02766815387507413,2025-12-21 15:26:48
87,2798,-0.042021420546795515,0.59303178684385,0.51,0.027685101101957137,2025-12-21 15:26:48
87,2799,-0.040971421000745786,0.5932771429072868,0.51,0.02770067998412633,2025-12-21 15:26:48
87,2800,-0.039938247891180736,0.5935169375925818,0.51,0.02771492721245345,2025-12-21 15:26:48
87,2801,-0.03892158513780062,0.5937512278181947,0.51,0.027727879505087177,2025-12-21 15:26:48
87,2802,-0.037921115745506224,0.5939800697543326,0.51,0.027739573579435958,2025-12-21 15:26:48
87,2803,-0.036936521890549544,0.5942035187950496,0.51,0.027750046124350617,2025-12-21 15:26:48
87,2804,-0.03596748500181929,0.5944216295314576,0.51,0.027759333772508114,2025-12-21 15:26:48
87,2805,-0.03501368583737564,0.5946344557260178,0.51,0.027767473073042157,2025-12-21 15:26:48
87,2806,-0.034074804556349356,0.5948420502878822,0.51,0.02777450046445303,2025-12-21 15:26:48
87,2807,-0.03315052078632131,0.5950444652492516,0.51,0.02778045224781673,2025-12-21 15:26:48
87,2808,-0.03224051368629838,0.5952417517427182,0.51,0.027785364560333547,2025-12-21 15:26:49
87,2809,-0.03134446200540183,0.5954339599795582,0.51,0.027789273349245094,2025-12-21 15:26:49
87,2810,-0.030462044137383654,0.5956211392289412,0.51,0.02779221434614731,2025-12-21 15:26:49
87,2811,-0.029592938171085634,0.5958033377980221,0.51,0.027794223041742783,2025-12-21 15:26:49
87,2812,-0.028736821936954805,0.5959806030128799,0.51,0.02779533466104477,2025-12-21 15:26:49
87,2813,-0.02789337304972774,0.5961529812002705,0.51,0.027795584139076204,2025-12-21 15:26:49
87,2814,-0.0270622689473944,0.5963205176701565,0.51,0.027795006097094333,2025-12-21 15:26:49
87,2815,-0.026243186926550657,0.5964832566989807,0.51,0.02779363481936146,2025-12-21 15:26:49
87,2816,-0.025435804174246478,0.5966412415136487,0.51,0.027790284653726013,2025-12-21 15:26:49
87,2817,-0.024639797796434777,0.5967945142761842,0.51,0.027787324838832034,2025-12-21 15:26:49
87,2818,-0.02385484484312362,0.5969431160690255,0.51,0.027784920266064876,2025-12-21 15:26:49
87,2819,-0.023080622330332073,0.597087086880927,0.51,0.027782806286107048,2025-12-21 15:26:50
87,2820,-0.022316807258947587,0.5972264655934337,0.51,0.027778119152791908,2025-12-21 15:26:50
87,2821,-0.02156307663058027,0.5973612899678946,0.51,0.027772837334579026,2025-12-21 15:26:50
87,2822,-0.020819107460506837,0.5974915966329842,0.51,0.027766992072251355,2025-12-21 15:26:50
87,2823,-0.020084576787794545,0.5976174210726991,0.51,0.02776061410695982,2025-12-21 15:26:50
87,2824,-0.019359161682692756,0.5977387976147992,0.51,0.027753733663154218,2025-12-21 15:26:50
87,2825,-0.018642539251377432,0.5978557594196643,0.51,0.027746380432277912,2025-12-21 15:26:50
87,2826,-0.01793438663813129,0.5979683384695351,0.51,0.027738583557246784,2025-12-21 15:26:50
87,2827,-0.017234381025040053,0.5980765655581127,0.51,0.027730371617714494,2025-12-21 15:26:50
87,2828,-0.016542199629282998,0.5981804702804873,0.51,0.027721772616123342,2025-12-21 15:26:50
87,2829,-0.015857519698093864,0.5982800810233712,0.51,0.02771281396456254,2025-12-21 15:26:50
87,2830,-0.015180018501466185,0.598375424955611,0.51,0.027703522472415705,2025-12-21 15:26:51
87,2831,-0.014509373322675344,0.5984665280189551,0.51,0.027693924334802063,2025-12-21 15:26:51
87,2832,-0.01384526144668799,0.5985534149190531,0.51,0.027684045121821817,2025-12-21 15:26:51
87,2833,-0.01318736014652802,0.5986361091166683,0.51,0.027673909768571876,2025-12-21 15:26:51
87,2834,-0.012535346667667131,0.5987146328190803,0.51,0.02766354256594501,2025-12-21 15:26:51
87,2835,-0.011888898210506938,0.5987890069716618,0.51,0.02765296715219051,2025-12-21 15:26:51
87,2836,-0.01124769191101888,0.5988592512496113,0.51,0.027642206505231352,2025-12-21 15:26:51
87,2837,-0.010611404819607678,0.598925384049826,0.51,0.02763128293569745,2025-12-21 15:26:51
87,2838,-0.009979713878263794,0.5989874224829022,0.51,0.02762021808069492,2025-12-21 15:26:51
87,2839,-0.00935229589607043,0.5990453823652486,0.51,0.027609032898248412,2025-12-21 15:26:51
87,2840,-0.00872882752313083,0.5990992782113039,0.51,0.027597747662418185,2025-12-21 15:26:51
87,2841,-0.00810898522298229,0.5991491232258473,0.51,0.027586381959062562,2025-12-21 15:26:52
87,2842,-0.007492445243564081,0.5991949292963955,0.51,0.02757672774417031,2025-12-21 15:26:52
87,2843,-0.006878883586807677,0.59923670698568,0.51,0.02968295626144207,2025-12-21 15:26:52
87,2844,-0.006267975976919102,0.5992744655241998,0.51,0.029667907230771635,2025-12-21 15:26:52
87,2845,-0.005659397827424948,0.5993082128028477,0.51,0.02965290309181883,2025-12-21 15:26:52
87,2846,-0.005052824207055614,0.5993379553656082,0.51,0.029637960669715233,2025-12-21 15:26:52
87,2847,-0.004447929804541664,0.5993636984023286,0.51,0.029625036330719567,2025-12-21 15:26:52
87,2848,-0.0038443888924017543,0.5993854457415662,0.51,0.029610404232648217,2025-12-21 15:26:52
87,2849,-0.003241875289803489,0.599403199843514,0.51,0.02959587939358324,2025-12-21 15:26:52
87,2850,-0.0026400623245817047,0.5994169617930136,0.51,0.029581475303848512,2025-12-21 15:26:52
87,2851,-0.0020386227945021177,0.599426731292661,0.51,0.02956720464338213,2025-12-21 15:26:52
87,2852,-0.0014372289278619566,0.5994325066560157,0.51,0.029553079284125934,2025-12-21 15:26:53
87,2853,-0.0008355523435231578,0.5994342848009244,0.51,0.029539110292683565,2025-12-21 15:26:53
87,2854,-0.00023326401047789672,0.5994320612429731,0.51,0.02952530793317609,2025-12-21 15:26:53
87,2855,0.00036996579294932804,0.599425830089081,0.51,0.02951168167023015,2025-12-21 15:26:53
87,2856,0.0009744675201541772,0.5994155840312547,0.51,0.02949824017204228,2025-12-21 15:26:53
87,2857,0.0015805723974457492,0.5994013143405197,0.51,0.029484991313450604,2025-12-21 15:26:53
87,2858,0.002188612465261791,0.5993830108610506,0.51,0.02947194217895462,2025-12-21 15:26:53
87,2859,0.002798920619281691,0.5993606620045216,0.51,0.02945909906561975,2025-12-21 15:26:53
87,2860,0.0034118306513076365,0.5993342547447011,0.51,0.029446467485810802,2025-12-21 15:26:53
87,2861,0.004027677289778676,0.5993037746123161,0.51,0.029434052169666172,2025-12-21 15:26:53
87,2862,0.004646796239776649,0.5992692056902139,0.51,0.029421857067303343,2025-12-21 15:26:53
87,2863,0.005269524222377009,0.59923053060885,0.51,0.029409885350634293,2025-12-21 15:26:53
87,2864,0.005896199013191538,0.5991877305421335,0.51,0.02939813941478133,2025-12-21 15:26:54
87,2865,0.006527159479943764,0.5991407852036619,0.51,0.02938662087900442,2025-12-21 15:26:54
87,2866,0.007162745618911715,0.5990896728433803,0.51,0.029375330587098677,2025-12-21 15:26:54
87,2867,0.007803298590066268,0.599034370244701,0.51,0.02936426860720321,2025-12-21 15:26:54
87,2868,0.008449160750727047,0.5989748527221199,0.51,0.029353434230960346,2025-12-21 15:26:54
87,2869,0.009100675687551426,0.5989110941193718,0.51,0.02934282597198517,2025-12-21 15:26:54
87,2870,0.009758188246665774,0.5988430668081623,0.51,0.029332441563582487,2025-12-21 15:26:54
87,2871,0.01042204456174174,0.5987707416875219,0.51,0.029322277955672847,2025-12-21 15:26:54
87,2872,0.011092592079813985,0.598694088183824,0.51,0.029312331310872373,2025-12-21 15:26:54
87,2873,0.011770179584629514,0.5986130742515149,0.51,0.029302596999685585,2025-12-21 15:26:54
87,2874,0.012455157217312527,0.5985276663746013,0.51,0.029293069594776348,2025-12-21 15:26:54
87,2875,0.013147876494122634,0.5984378295689448,0.51,0.02928374286425731,2025-12-21 15:26:55
87,2876,0.013848690321078291,0.5983435273854134,0.51,0.029274609763983966,2025-12-21 15:26:55
87,2877,0.014557953005211535,0.5982447219139428,0.51,0.02926566242880181,2025-12-21 15:26:55
87,2878,0.015276020262214472,0.5981413737885583,0.51,0.029256892162725624,2025-12-21 15:26:55
87,2879,0.01600324922023261,0.5980334421934127,0.51,0.02924828942801097,2025-12-21 15:26:55
87,2880,0.016739998419554942,0.5979208848698968,0.51,0.029239843833109326,2025-12-21 15:26:55
87,2881,0.017486627807945913,0.5978036581248767,0.51,0.029231544119461352,2025-12-21 15:26:55
87,2882,0.018243498731359817,0.5976817168401174,0.51,0.029223378147141533,2025-12-21 15:26:55
87,2883,0.01901097391977402,0.5975550144829506,0.51,0.029215332879303356,2025-12-21 15:26:55
87,2884,0.01978941746787368,0.5974235031182462,0.51,0.02920739436544674,2025-12-21 15:26:55
87,2885,0.02057919481031718,0.5972871334217487,0.51,0.029199547723485195,2025-12-21 15:26:55
87,2886,0.021380672691308746,0.5971458546948377,0.51,0.029191777120606686,2025-12-21 15:26:56
87,2887,0.0221942191282023,0.5969996148807761,0.51,0.029184065752961418,2025-12-21 15:26:56
87,2888,0.023020203368858797,0.5968483605825063,0.51,0.02917639582413297,2025-12-21 15:26:56
87,2889,0.023858995842478123,0.5966920370820582,0.51,0.029168748522472476,2025-12-21 15:26:56
87,2890,0.024710968103626073,0.5965305883616295,0.51,0.029161103997255817,2025-12-21 15:26:56
87,2891,0.025576492769177055,0.5963639571264029,0.51,0.029153441333736756,2025-12-21 15:26:56
87,2892,0.026455943447894082,0.5961920848291603,0.51,0.029145738527101655,2025-12-21 15:26:56
87,2893,0.027349694662369257,0.5960149116967575,0.51,0.029137972455380957,2025-12-21 15:26:56
87,2894,0.028258121763050467,0.5958323767585191,0.51,0.02913011885135899,2025-12-21 15:26:56
87,2895,0.02918160083408343,0.5956444178766155,0.51,0.0291221522735524,2025-12-21 15:26:56
87,2896,0.030120508590702567,0.5954509717784804,0.51,0.029114046076300217,2025-12-21 15:26:56
87,2897,0.03107522226790949,0.595251974091327,0.51,0.029105772379066332,2025-12-21 15:26:57
87,2898,0.032046119500184274,0.5950473593788203,0.51,0.029097302035029318,2025-12-21 15:26:57
87,2899,0.03303357819198219,0.5948370611799598,0.51,0.029088604599043014,2025-12-21 15:26:57
87,2900,0.03403797637877711,0.5946210120502261,0.51,0.02907964829510407,2025-12-21 15:26:57
87,2901,0.035059692078422695,0.5943991436050406,0.51,0.029070399983417254,2025-12-21 15:26:57
87,2902,0.03609910313261337,0.5941713865655889,0.51,0.029060825127207514,2025-12-21 15:26:57
87,2903,0.03715658703823965,0.5939376708070496,0.51,0.029050887759423147,2025-12-21 15:26:57
87,2904,0.0382325207684458,0.5936979254092739,0.51,0.02904055044947356,2025-12-21 15:26:57
87,2905,0.039327280583213005,0.5934520787099513,0.51,0.029029774270199888,2025-12-21 15:26:57
87,2906,0.040441241829307674,0.5932000583602973,0.51,0.029018518765242807,2025-12-21 15:26:57
87,2907,0.04157477872945229,0.5929417913832932,0.51,0.02900674191703381,2025-12-21 15:26:57
87,2908,0.042728264160595754,0.5926772042345024,0.51,0.028994400115614015,2025-12-21 15:26:58
87,2909,0.043902069421180974,0.5924062228654853,0.51,0.02898346572772794,2025-12-21 15:26:58
87,2910,0.04509656398732989,0.5921287727898259,0.51,0.028969996370188374,2025-12-21 15:26:58
87,2911,0.046312115257890155,0.5918447791517814,0.51,0.028953804457374825,2025-12-21 15:26:58
87,2912,0.04754908828831323,0.5915541667975562,0.51,0.028938732177648144,2025-12-21 15:26:58
87,2913,0.048807845513360704,0.5912568603491986,0.51,0.02892285204127969,2025-12-21 15:26:58
87,2914,0.05008874645866443,0.5909527842811079,0.51,0.028906110306036337,2025-12-21 15:26:58
87,2915,0.051392147441196245,0.5906418629991366,0.51,0.02888845146474242,2025-12-21 15:26:58
87,2916,0.0527184012587349,0.5903240209222607,0.51,0.02886981823092041,2025-12-21 15:26:58
87,2917,0.054067856868450954,0.589999182566785,0.51,0.02885015152807011,2025-12-21 15:26:58
87,2918,0.055440859054765444,0.5896672726330424,0.51,0.02882939048301315,2025-12-21 15:26:58
87,2919,0.05683774808667401,0.5893282160945357,0.51,0.028807472423732005,2025-12-21 15:26:59
87,2920,0.05825885936476601,0.5889819382894622,0.51,0.0287843328821238,2025-12-21 15:26:59
87,2921,0.05970452305820692,0.5886283650145527,0.51,0.028759905602154717,2025-12-21 15:26:59
87,2922,0.06117506373199235,0.5882674226211444,0.51,0.028734122553867675,2025-12-21 15:26:59
87,2923,0.06267079996482346,0.5878990381133997,0.51,0.028706913953745812,2025-12-21 15:26:59
87,2924,0.06419204395799565,0.5875231392485712,0.51,0.02867449034081398,2025-12-21 15:26:59
87,2925,0.06573910113573567,0.5871396546392021,0.51,0.028643975925174522,2025-12-21 15:26:59
87,2926,0.06731226973746632,0.5867485138571417,0.51,0.02861181711736257,2025-12-21 15:26:59
87,2927,0.0689118404025225,0.5863496475392438,0.51,0.028577937433663624,2025-12-21 15:26:59
87,2928,0.07053809574788758,0.5859429874946058,0.51,0.0285422588579818,2025-12-21 15:26:59
87,2929,0.07219130993956444,0.5855284668131925,0.51,0.02850470191123505,2025-12-21 15:26:59
87,2930,0.07387174825824133,0.5851060199756802,0.51,0.028465185730617917,2025-12-21 15:27:00
87,2931,0.07557966665995824,0.5846755829643451,0.51,0.02842362815923566,2025-12-21 15:27:00
87,2932,0.0773153113325247,0.5842370933748058,0.51,0.028379945846524066,2025-12-21 15:27:00
87,2933,0.07907891824848527,0.5837904905284226,0.51,0.02833405435990466,2025-12-21 15:27:00
87,2934,0.08087071271547296,0.583335715585142,0.51,0.02827841677937741,2025-12-21 15:27:00
87,2935,0.08269090892483426,0.5828727116565662,0.51,0.028227328019182346,2025-12-21 15:27:00
87,2936,0.08453970949945204,0.5824014239190158,0.51,0.028173772922812625,2025-12-21 15:27:00
87,2937,0.08641730504173306,0.5819217997263435,0.51,0.028117664169958513,2025-12-21 15:27:00
87,2938,0.08832387368276662,0.5814337887222468,0.51,0.028027705590109985,2025-12-21 15:27:00
87,2939,0.0902595806336979,0.5809373429518202,0.51,0.02796315789997928,2025-12-21 15:27:00
87,2940,0.09222457774039519,0.5804324169720747,0.51,0.027895793735667602,2025-12-21 15:27:00
87,2941,0.09421900304252288,0.5799189679611477,0.51,0.02782552872205291,2025-12-21 15:27:01
87,2942,0.09624298033816257,0.5793969558259171,0.51,0.02775227908094274,2025-12-21 15:27:01
87,2943,0.09829661875515176,0.578866343307726,0.51,0.027675961875536607,2025-12-21 15:27:01
87,2944,0.1003800123303341,0.5783270960859194,0.51,0.027596495264117206,2025-12-21 15:27:01
87,2945,0.10249323959793573,0.577779182878888,0.51,0.027513798762460268,2025-12-21 15:27:01
87,2946,0.10463636318829948,0.5772225755423105,0.51,0.027427793514294037,2025-12-21 15:27:01
87,2947,0.10680942943822198,0.5766572491642808,0.51,0.027338402568983296,2025-12-21 15:27:01
87,2948,0.10901246801414782,0.5760831821570065,0.51,0.027245551165466442,2025-12-21 15:27:01
87,2949,0.1112454915494799,0.5755003563447599,0.51,0.027149167021301143,2025-12-21 15:27:01
87,2950,0.11350849529726525,0.5749087570477677,0.51,0.029300632388116674,2025-12-21 15:27:01
87,2951,0.11580145679951165,0.5743083731617197,0.51,0.02918150154345062,2025-12-21 15:27:01
87,2952,0.11812433557438067,0.5736991972325854,0.51,0.02905834437934914,2025-12-21 15:27:02
87,2953,0.12047707282248939,0.5730812255264255,0.51,0.028931104593499356,2025-12-21 15:27:02
87,2954,0.12285959115353345,0.5724544580938924,0.51,0.028799730739797122,2025-12-21 15:27:02
87,2955,0.12527179433441984,0.5718188988291197,0.51,0.02866417651286546,2025-12-21 15:27:02
87,2956,0.12771356706006867,0.5711745555227064,0.51,0.02852440102023497,2025-12-21 15:27:02
87,2957,0.13018477474800813,0.5705214399085093,0.51,0.028375844343762145,2025-12-21 15:27:02
87,2958,0.13268526335784728,0.5698595677039711,0.51,0.02822731485045379,2025-12-21 15:27:02
87,2959,0.13521485923666604,0.5691889586437149,0.51,0.028074486404154858,2025-12-21 15:27:02
87,2960,0.13777336899131165,0.5685096365061575,0.51,0.027917342324514118,2025-12-21 15:27:02
87,2961,0.1403605793885355,0.5678216291328985,0.51,0.027739420814415175,2025-12-21 15:27:02
87,2962,0.14297625728384455,0.5671249684406626,0.51,0.02757290657511515,2025-12-21 15:27:03
87,2963,0.14562014957987632,0.5664196904255875,0.51,0.027402106362196085,2025-12-21 15:27:03
87,2964,0.14829198321503703,0.565705835159664,0.51,0.027227031130299128,2025-12-21 15:27:03
87,2965,0.15099146518306944,0.5649834467791577,0.51,0.02704769855510241,2025-12-21 15:27:03
87,2966,0.15371828258413817,0.5642525734648562,0.51,0.026864133068107435,2025-12-21 15:27:03
87,2967,0.15647210270793988,0.5635132674140099,0.51,0.02667636585756008,2025-12-21 15:27:03
87,2968,0.1592525731492596,0.5627655848038524,0.51,0.02888775489905207,2025-12-21 15:27:03
87,2969,0.16205932195630746,0.5620095857466116,0.51,0.028662673979199273,2025-12-21 15:27:03
87,2970,0.16489195781207805,0.5612453342359418,0.51,0.02843460868197615,2025-12-21 15:27:03
87,2971,0.16775007024888253,0.560472898084733,0.51,0.02820256676595375,2025-12-21 15:27:03
87,2972,0.17063322989610727,0.559692348854277,0.51,0.0279666293762939,2025-12-21 15:27:04
87,2973,0.17354098876115678,0.5589037617747927,0.51,0.02772688310115115,2025-12-21 15:27:04
87,2974,0.17647288054344012,0.55810721565734,0.51,0.027479301382972957,2025-12-21 15:27:04
87,2975,0.17942842098116196,0.5573027927971731,0.51,0.027232097824490955,2025-12-21 15:27:04
87,2976,0.18240710823057996,0.5564905788686136,0.51,0.02698139112098823,2025-12-21 15:27:04
87,2977,0.18540842327729204,0.555670662811545,0.51,0.026717312993276187,2025-12-21 15:27:04
87,2978,0.18843183037901895,0.5548431367096548,0.51,0.026459517081530028,2025-12-21 15:27:04
87,2979,0.1914767775392507,0.5540080956605795,0.51,0.028801112656021467,2025-12-21 15:27:04
87,2980,0.19454269701103052,0.5531656376381263,0.51,0.028495870359367504,2025-12-21 15:27:04
87,2981,0.19762900583005716,0.5523158633467729,0.51,0.0281911657572094,2025-12-21 15:27:04
87,2982,0.20073510637619485,0.5514588760686687,0.51,0.02788434072416246,2025-12-21 15:27:04
87,2983,0.20386038696239417,0.5505947815033846,0.51,0.027571661046567907,2025-12-21 15:27:05
87,2984,0.20700422244994157,0.5497236876006768,0.51,0.02726116071942892,2025-12-21 15:27:05
87,2985,0.21016597488887545,0.5488457043865562,0.51,0.026948822986477147,2025-12-21 15:27:05
87,2986,0.21334499418233038,0.5479609437829704,0.51,0.026626211937794297,2025-12-21 15:27:05
87,2987,0.21654061877349898,0.5470695194214273,0.51,0.026311100102527116,2025-12-21 15:27:05
87,2988,0.21975217635383396,0.5461715464509046,0.51,0.028875418086968505,2025-12-21 15:27:05
87,2989,0.22297898459105128,0.5452671413404089,0.51,0.02850922088786613,2025-12-21 15:27:05
87,2990,0.22622035187543796,0.5443564216765608,0.51,0.0281429385317665,2025-12-21 15:27:05
87,2991,0.22947557808291763,0.5434395059565986,0.51,0.027776571538988524,2025-12-21 15:27:05
87,2992,0.23274395535328157,0.5425165133772033,0.51,0.027406730258663935,2025-12-21 15:27:05
87,2993,0.23602476888195334,0.5415875636195627,0.51,0.027040217120642532,2025-12-21 15:27:05
87,2994,0.23931729772362195,0.5406527766310983,0.51,0.02667376857612827,2025-12-21 15:27:06
87,2995,0.24262081560605142,0.5397122724042892,0.51,0.026307058199542422,2025-12-21 15:27:06
87,2996,0.24593459175235344,0.5387661707530339,0.51,0.02593307978240322,2025-12-21 15:27:06
87,2997,0.24925789170999518,0.5378145910869958,0.51,0.028756702140469718,2025-12-21 15:27:06
87,2998,0.2525899781848058,0.5368576521843826,0.51,0.02833387422201449,2025-12-21 15:27:06
87,2999,0.25593011187824244,0.5358954719636116,0.51,0.027912686612886758,2025-12-21 15:27:06
87,3000,0.25927755232618077,0.534928167254315,0.51,0.027492962503304443,2025-12-21 15:27:06
87,3001,0.2626315587375041,0.5339558535681372,0.51,0.027074544466893596,2025-12-21 15:27:06
87,3002,0.2659913908307808,0.5329786448697771,0.51,0.026657198437920877,2025-12-21 15:27:06
87,3003,0.2693563096673411,0.5319966533487211,0.51,0.02624111805650574,2025-12-21 15:27:06
87,3004,0.27272557847908974,0.5310099891921134,0.51,0.02582596944967098,2025-12-21 15:27:06
87,3005,0.2760984634894246,0.5300187603591978,0.51,0.029036983142120953,2025-12-21 15:27:07
87,3006,0.27947423472566546,0.5290230723577662,0.51,0.02855566034969016,2025-12-21 15:27:07
87,3007,0.28285216682144115,0.528023028023034,0.51,0.028076715573920347,2025-12-21 15:27:07
87,3008,0.28623153980752647,0.5270187272993578,0.51,0.027600018245499264,2025-12-21 15:27:07
87,3009,0.2896116398896724,0.5260102670251992,0.51,0.027125292451363057,2025-12-21 15:27:07
87,3010,0.2929917602120253,0.5249977407217277,0.51,0.0266544636573307,2025-12-21 15:27:07
87,3011,0.29637120160478764,0.5239812383854455,0.51,0.026182363614505152,2025-12-21 15:27:07
87,3012,0.29974927331483503,0.5229608462852016,0.51,0.02571169560089652,2025-12-21 15:27:07
87,3013,0.3031252937180646,0.5219366467639516,0.51,0.025242330006481305,2025-12-21 15:27:07
87,3014,0.3064985910123172,0.5209087180456076,0.51,0.028899322397367283,2025-12-21 15:27:07
87,3015,0.309868503889782,0.5198771340473033,0.51,0.028347658061943174,2025-12-21 15:27:07
87,3016,0.3132343821878632,0.5188419641973908,0.51,0.02779880953488089,2025-12-21 15:27:08
87,3017,0.3165955875175565,0.5178032732594663,0.51,0.027252423721444586,2025-12-21 15:27:08
87,3018,0.3199514938684568,0.5167611211627094,0.51,0.026707795551270758,2025-12-21 15:27:08
87,3019,0.3233014881895901,0.5157155628388046,0.51,0.026165098506207043,2025-12-21 15:27:08
87,3020,0.3266449709453359,0.5146666480656977,0.51,0.025624260816968617,2025-12-21 15:27:08
87,3021,0.32998135664577805,0.5136144213184265,0.51,0.025085143187321045,2025-12-21 15:27:08
87,3022,0.333310074350896,0.5125589216272471,0.51,0.029454992745816,2025-12-21 15:27:08
87,3023,0.3366305681480799,0.5115001824432651,0.51,0.02880667496321207,2025-12-21 15:27:08
87,3024,0.3399422976025242,0.510438231511763,0.51,0.02816158600520746,2025-12-21 15:27:08
87,3025,0.34324473818012496,0.5093730907534041,0.51,0.02751761242075749,2025-12-21 15:27:08
87,3026,0.3465373816425749,0.508304776153475,0.51,0.0268768801002654,2025-12-21 15:27:08
87,3027,0.34981973641441794,0.5072332976593182,0.51,0.02623839044890408,2025-12-21 15:27:09
87,3028,0.35309132792188996,0.5061586590860908,0.51,0.025602867131819893,2025-12-21 15:27:09
87,3029,0.3563516989034377,0.5050808580309726,0.51,0.02496837472047534,2025-12-21 15:27:09
87,3030,0.35960040969186796,0.5039998857959355,0.51,0.024337143002546007,2025-12-21 15:27:09
87,3031,0.3628370384681395,0.5029157273191722,0.51,0.02963457289086688,2025-12-21 15:27:09
87,3032,0.36606118148686717,0.5018283611152726,0.51,0.028847184166751395,2025-12-21 15:27:09
87,3033,0.36927245327366226,0.5007377592242228,0.51,0.028061000815327964,2025-12-21 15:27:09
87,3034,0.3724704867944846,0.49964388716929503,0.51,0.027352559859382893,2025-12-21 15:27:09
87,3035,0.3756549335972317,0.49854670392388306,0.51,0.026652596755511557,2025-12-21 15:27:09
87,3036,0.3788254639258372,0.4974461618873311,0.51,0.025900259959641,2025-12-21 15:27:09
87,3037,0.3819817668071933,0.4963422068697946,0.51,0.025159697281450375,2025-12-21 15:27:10
87,3038,0.385123550111254,0.4952347780861632,0.51,0.02441955691385435,2025-12-21 15:27:10
87,3039,0.38825054058471337,0.4941238081590694,0.51,0.02367255303330534,2025-12-21 15:27:10
87,3040,0.39136248385868905,0.49300922313099865,0.51,0.022948426919216718,2025-12-21 15:27:10
87,3041,0.3944591444308724,0.49189094248551013,0.51,0.029605577441129686,2025-12-21 15:27:10
87,3042,0.3975403056226374,0.4907688791775735,0.51,0.028605730256559,2025-12-21 15:27:10
87,3043,0.4006057695116275,0.48964293967301836,0.51,0.02763652817853519,2025-12-21 15:27:10
87,3044,0.40365535684036175,0.4885130239970909,0.51,0.026656601435544477,2025-12-21 15:27:10
87,3045,0.40668890690142634,0.48737902579210607,0.51,0.025668338757676646,2025-12-21 15:27:10
87,3046,0.4097062773998343,0.48624083238418003,0.51,0.024682056281169564,2025-12-21 15:27:10
87,3047,0.41270734429315287,0.4850983248590235,0.51,0.0237209059644517,2025-12-21 15:27:10
87,3048,0.4156920016100138,0.4839513781467728,0.51,0.022771938021187044,2025-12-21 15:27:11
87,3049,0.41866016124763206,0.4827998611158326,0.51,0.021798472590650427,2025-12-21 15:27:11
87,3050,0.42161175274896967,0.48164363667570015,0.51,0.020826673496428704,2025-12-21 15:27:11
87,3051,0.424546723060188,0.48048256188873817,0.51,0.019857035368924907,2025-12-21 15:27:11
87,3052,0.4274650362690386,0.47931648809086097,0.51,0.028420069689010296,2025-12-21 15:27:11
87,3053,0.43036667332484657,0.4781452610210935,0.51,0.026944013146224195,2025-12-21 15:27:11
87,3054,0.4332516317407428,0.476968720959962,0.51,0.025477675707496705,2025-12-21 15:27:11
87,3055,0.4361199252788028,0.47578670287667013,0.51,0.02402017029489191,2025-12-21 15:27:11
87,3056,0.4389715836187484,0.4745990365850113,0.51,0.022570913847308475,2025-12-21 15:27:11
87,3057,0.441806652010869,0.4734055469079643,0.51,0.021129521673833196,2025-12-21 15:27:11
87,3058,0.44462519091381414,0.4722060538509155,0.51,0.019695742749393768,2025-12-21 15:27:11
87,3059,0.4474272756179069,0.4710003727834456,0.51,0.01830654815242071,2025-12-21 15:27:12
87,3060,0.4502129958546227,0.4697883146296149,0.51,0.01693030857437073,2025-12-21 15:27:12
87,3061,0.4529824553928729,0.4685696860666757,0.51,0.015523650276103808,2025-12-21 15:27:12
87,3062,0.4557357716227267,0.4673442897321337,0.51,0.028307482474157097,2025-12-21 15:27:12
87,3063,0.4584730751271996,0.4661119244390747,0.51,0.025265797929115635,2025-12-21 15:27:12
87,3064,0.4611945092427283,0.4648723853996652,0.51,0.022383629321242642,2025-12-21 15:27:12
87,3065,0.46390022960894783,0.4636254644567286,0.51,0.019564111882750295,2025-12-21 15:27:12
87,3066,0.4665904037083771,0.4623709503232884,0.51,0.016776488286094633,2025-12-21 15:27:12
87,3067,0.4692652103966153,0.46110862882996245,0.51,0.014043422864981876,2025-12-21 15:27:12
87,3068,0.4719248394236425,0.45983828318008085,0.51,0.011333213756684203,2025-12-21 15:27:12
87,3069,0.4745694909468133,0.4585596942123896,0.51,0.008668161298086938,2025-12-21 15:27:12
87,3070,0.4771993750361252,0.45727264067119044,0.51,0.0060884594308578165,2025-12-21 15:27:13
87,3071,0.4798147111723387,0.4559768994837535,0.51,0.0030940952268209256,2025-12-21 15:27:13
91,411,0.7128847081527063,-0.6488250446867473,0.51,0.0015912139746258388,2025-12-21 15:30:04
91,412,0.7133228774617091,-0.6492609294540127,0.51,0.001846249505533407,2025-12-21 15:30:04
91,413,0.7137417107211251,-0.6496773932941382,0.51,0.0024188590008816244,2025-12-21 15:30:05
91,414,0.7141412376290398,-0.650074462918349,0.51,0.0029652616103303495,2025-12-21 15:30:05
91,415,0.7145214912452926,-0.6504521683056941,0.51,0.003485129620205838,2025-12-21 15:30:05
91,416,0.7148825079612624,-0.650810542670524,0.51,0.003978511137473045,2025-12-21 15:30:05
91,417,0.7152243274728765,-0.6511496224331678,0.51,0.004445456986265406,2025-12-21 15:30:05
91,418,0.7155469927567694,-0.6514694471937372,0.51,0.004886022428076385,2025-12-21 15:30:05
91,419,0.7158505500495004,-0.6517700597089678,0.51,0.0053002671546887245,2025-12-21 15:30:05
91,420,0.7161350488297202,-0.6520515058719875,0.51,0.005689253924687114,2025-12-21 15:30:05
91,421,0.7164005418031592,-0.6523138346948877,0.51,0.0060501477044197635,2025-12-21 15:30:05
91,422,0.716647084890292,-0.6525570982939535,0.51,0.00638658679604563,2025-12-21 15:30:05
91,423,0.7168747372165192,-0.6527813518773915,0.51,0.006695568206004353,2025-12-21 15:30:05
91,424,0.7170835611046847,-0.6529866537353806,0.51,0.006979793550878797,2025-12-21 15:30:05
91,425,0.7172736220697404,-0.6531730652322523,0.51,0.0072371654651966905,2025-12-21 15:30:05
91,426,0.7174449888153447,-0.6533406508005948,0.51,0.007469581323687476,2025-12-21 15:30:05
91,427,0.7175977332321765,-0.6534894779370582,0.51,0.007675641574100351,2025-12-21 15:30:05
91,428,0.7177319303977261,-0.6536196171996276,0.51,0.007856669974523639,2025-12-21 15:30:06
91,429,0.7178476585773159,-0.6537311422061146,0.51,0.0080124101978286,2025-12-21 15:30:06
91,430,0.7179449992260892,-0.653824129633611,0.51,0.008141764492515654,2025-12-21 15:30:06
91,431,0.7180240369916968,-0.6538986592186319,0.51,0.008246561353207922,2025-12-21 15:30:06
91,432,0.7180848597174007,-0.6539548137576695,0.51,0.00832626259196254,2025-12-21 15:30:06
91,433,0.7181275584453042,-0.6539926791078696,0.51,0.008380939173964777,2025-12-21 15:30:06
91,434,0.7181522274194126,-0.6540123441875342,0.51,0.008410681353030644,2025-12-21 15:30:06
91,435,0.71815896408822,-0.654013900976147,0.51,0.00841559692267222,2025-12-21 15:30:06
91,436,0.7181478691065133,-0.6539974445136152,0.51,0.008395810106411957,2025-12-21 15:30:06
91,437,0.7181190463360819,-0.6539630728984148,0.51,0.008351460996243136,2025-12-21 15:30:06
91,438,0.7180726028450166,-0.6539108872843247,0.51,0.00828270549534347,2025-12-21 15:30:06
91,439,0.718008648905281,-0.6538409918754341,0.51,0.008189715762836548,2025-12-21 15:30:06
91,440,0.7179272979882402,-0.6537534939191071,0.51,0.008072681200066411,2025-12-21 15:30:06
91,441,0.717828666757829,-0.653648503696589,0.51,0.007931810065044623,2025-12-21 15:30:06
91,442,0.7177128750610503,-0.6535261345109424,0.51,0.007767331861081829,2025-12-21 15:30:06
91,443,0.7175800459154925,-0.6533865026720059,0.51,0.007579500726259877,2025-12-21 15:30:06
91,444,0.7174303054935647,-0.6532297274780705,0.51,0.0073673267997717675,2025-12-21 15:30:07
91,445,0.7172637831031535,-0.6530559311939808,0.51,0.0071327079230969915,2025-12-21 15:30:07
91,446,0.7170806111644142,-0.6528652390253701,0.51,0.006874468925412165,2025-12-21 15:30:07
91,447,0.716880925182418,-0.6526577790887546,0.51,0.006594006690374082,2025-12-21 15:30:07
91,448,0.716664863715389,-0.6524336823772163,0.51,0.006290060881241185,2025-12-21 15:30:07
91,449,0.7164325683382764,-0.6521930827214224,0.51,0.0059645545212272276,2025-12-21 15:30:07
91,450,0.7161841836014216,-0.651936116745737,0.51,0.0056155962848002785,2025-12-21 15:30:07
91,451,0.7159198569840924,-0.6516629238192011,0.51,0.0052458950694734136,2025-12-21 15:30:07
91,452,0.7156397388426776,-0.651373646001167,0.51,0.004852633354193362,2025-12-21 15:30:07
91,453,0.7153439823533448,-0.6510684279813952,0.51,0.004438433377567392,2025-12-21 15:30:07
91,454,0.715032743448991,-0.6507474170144368,0.51,0.0040027271091421,2025-12-21 15:30:07
91,455,0.7147061807503265,-0.6504107628481439,0.51,0.0035457228806222447,2025-12-21 15:30:07
91,456,0.7143644554909588,-0.6500586176461715,0.51,0.0030676358299639695,2025-12-21 15:30:07
91,457,0.7140077314363601,-0.6496911359043536,0.51,0.002568684648661293,2025-12-21 15:30:07
91,458,0.7136361747966251,-0.6493084743608584,0.51,0.002049091456750055,2025-12-21 15:30:07
91,459,0.7132499541329481,-0.6489107919000491,0.51,0.0015090819679227264,2025-12-21 15:30:07
91,464,0.7111049415588162,-0.6467027635742543,0.51,0.0014891957254971721,2025-12-21 15:30:08
91,465,0.7106343948162861,-0.6462183986524197,0.51,0.0021468285396133192,2025-12-21 15:30:08
91,466,0.7101504206219638,-0.6457201756868574,0.51,0.0028232302554577616,2025-12-21 15:30:08
91,467,0.7096532022197684,-0.645208266509005,0.51,0.003518155195307434,2025-12-21 15:30:08
91,468,0.7091429240799184,-0.6446828439472254,0.51,0.004231356566634151,2025-12-21 15:30:08
91,469,0.708619771743732,-0.6441440816687464,0.51,0.004962586221366798,2025-12-21 15:30:08
91,470,0.7080839316628804,-0.6435921540160179,0.51,0.00571159470610057,2025-12-21 15:30:08
91,471,0.7075355910332981,-0.6430272358376885,0.51,0.006478131380027537,2025-12-21 15:30:08
91,472,0.7069749376239699,-0.6424495023144198,0.51,0.007261944545908161,2025-12-21 15:30:08
91,473,0.7064021596008381,-0.6418591287797782,0.51,0.008062781573716921,2025-12-21 15:30:08
91,474,0.705817445346088,-0.6412562905364649,0.51,0.008880389004727839,2025-12-21 15:30:08
91,475,0.7052209832730908,-0.6406411626681574,0.51,0.009714512624922353,2025-12-21 15:30:08
91,476,0.7046129616372961,-0.6400139198472575,0.51,0.010564897495096707,2025-12-21 15:30:08
91,477,0.7039935683433857,-0.6393747361388535,0.51,0.011431287921952443,2025-12-21 15:30:08
91,478,0.7033629907490089,-0.6387237848012192,0.51,0.012313427349804125,2025-12-21 15:30:09
91,479,0.7027214154654386,-0.6380612380831857,0.51,0.013211058146189777,2025-12-21 15:30:09
91,480,0.7020690281554945,-0.6373872670187349,0.51,0.014123921245899625,2025-12-21 15:30:09
91,481,0.7014060133290912,-0.6367020412191713,0.51,0.015051755606013842,2025-12-21 15:30:09
91,482,0.7007325541367795,-0.6360057286632417,0.51,0.01599429740820828,2025-12-21 15:30:09
91,1985,0.7142202327331039,-0.6501529390642198,0.51,0.0014923028188642126,2025-12-21 15:30:14
91,1986,0.7145965658173447,-0.650526705307362,0.51,0.0020064838657822253,2025-12-21 15:30:14
91,1987,0.7149536697964105,-0.6508811476521289,0.51,0.0024940897720341667,2025-12-21 15:30:14
91,1988,0.7152915850371623,-0.6512163031698945,0.51,0.0029551801194413908,2025-12-21 15:30:15
91,1989,0.7156103551826543,-0.6515322121068008,0.51,0.003389815229886538,2025-12-21 15:30:15
91,1990,0.7159100271319631,-0.6518289178612054,0.51,0.0037980599361025656,2025-12-21 15:30:15
96,2937,0.48485109493684075,0.03483767592149028,0.51,0.002174892803160487,2025-12-21 15:34:24
96,2938,0.4878508641730847,0.03557203462832148,0.51,0.004904161246028511,2025-12-21 15:34:24
96,2939,0.4907955482374988,0.03631869565476003,0.51,0.007440818952403075,2025-12-21 15:34:24
96,2940,0.4936856547367931,0.03707770464481397,0.51,0.009845559468104897,2025-12-21 15:34:24
96,2941,0.49652169825926473,0.03784910247565423,0.51,0.012165370681883312,2025-12-21 15:34:24
96,2942,0.4993041998945999,0.03863292507686181,0.51,0.014462723808674902,2025-12-21 15:34:25
96,2943,0.5020336867675782,0.039429203252537626,0.51,0.01670800721745224,2025-12-21 15:34:25
96,2944,0.5047106915856048,0.04023796250674429,0.51,0.018943220536784315,2025-12-21 15:34:25
96,2945,0.5073357521999681,0.04105922287275717,0.51,0.021177755753561164,2025-12-21 15:34:25
96,2946,0.5099094111806943,0.041892998746608984,0.51,0.023374866890449607,2025-12-21 15:34:25
96,2947,0.5124322154048456,0.042739298725416874,0.51,0.025569500801836984,2025-12-21 15:34:25
96,2948,0.5149047156580857,0.043598125450984945,0.51,0.027741734531960407,2025-12-21 15:34:25
96,2949,0.5173274662493154,0.04446947545917663,0.51,0.014951439292095692,2025-12-21 15:34:25
96,2950,0.5197010246381596,0.04535333903555174,0.51,0.016090106796790227,2025-12-21 15:34:25
96,2951,0.522025951075071,0.0462497000777611,0.51,0.017203193412704893,2025-12-21 15:34:25
96,2952,0.5243028082537949,0.04715853596518807,0.51,0.018291958807439355,2025-12-21 15:34:25
96,2953,0.5265321609759299,0.04807981743632083,0.51,0.01935474022066863,2025-12-21 15:34:26
96,2954,0.5287145758272992,0.0490135084743317,0.51,0.020397158624615077,2025-12-21 15:34:26
96,2955,0.5308506208658401,0.049959566201330234,0.51,0.021417501442976473,2025-12-21 15:34:26
96,2956,0.5329408653207057,0.050917940781745184,0.51,0.022414975686543284,2025-12-21 15:34:26
96,2957,0.5349858793022639,0.05188857533527707,0.51,0.023390062248749288,2025-12-21 15:34:26
96,2958,0.5369862335226714,0.0528714058598471,0.51,0.024343216152343094,2025-12-21 15:34:26
96,2959,0.5389424990266937,0.053866361164950756,0.51,0.025274869250128874,2025-12-21 15:34:26
96,2960,0.5408552469324381,0.05487336281580454,0.51,0.02618543278876797,2025-12-21 15:34:26
96,2961,0.5427250481816607,0.0558923250886527,0.51,0.02708060874525007,2025-12-21 15:34:26
96,2962,0.5445524732993081,0.056923154937577373,0.51,0.027959169760784882,2025-12-21 15:34:26
96,2963,0.5463380921619544,0.05796575197312971,0.51,0.028817148223680512,2025-12-21 15:34:26
96,2964,0.5480824737747901,0.05902000845307289,0.51,0.0296549047060259,2025-12-21 15:34:27
96,2965,0.5497861860568266,0.060085809285498476,0.51,0.02031520412928231,2025-12-21 15:34:27
96,2966,0.5514497956339779,0.0611630320445474,0.51,0.020861254659006578,2025-12-21 15:34:27
96,2967,0.5530738676396881,0.062251546998934655,0.51,0.021393940974453084,2025-12-21 15:34:27
96,2968,0.5546589655227764,0.06335121715344354,0.51,0.021913486506782792,2025-12-21 15:34:27
96,2969,0.5562056508621768,0.06446189830352049,0.51,0.02242010626978384,2025-12-21 15:34:27
96,2970,0.5577144831882587,0.06558343910306608,0.51,0.022914010461602605,2025-12-21 15:34:27
96,2971,0.55918601981042,0.06671568114548086,0.51,0.023395406016267724,2025-12-21 15:34:27
96,2972,0.5606208156506536,0.0678584590579874,0.51,0.023864497265831234,2025-12-21 15:34:27
96,2973,0.5620194230827975,0.06901160060921183,0.51,0.02432148621900162,2025-12-21 15:34:27
96,2974,0.5633823917771897,0.07017492682996956,0.51,0.024766572675919106,2025-12-21 15:34:27
96,2975,0.5647102685504566,0.07134825214716123,0.51,0.025199954274032217,2025-12-21 15:34:28
96,2976,0.5660035972201789,0.07253138453064573,0.51,0.025621826505796187,2025-12-21 15:34:28
96,2977,0.5672629184641872,0.07372412565291878,0.51,0.026032382725479614,2025-12-21 15:34:28
96,2978,0.5684887696842535,0.07492627106138647,0.51,0.02643181415223459,2025-12-21 15:34:28
96,2979,0.5696816848739564,0.07613761036298544,0.51,0.02682030987232011,2025-12-21 15:34:28
96,2980,0.5708421944905103,0.07735792742086374,0.51,0.027198056841536734,2025-12-21 15:34:28
96,2981,0.5719708253303631,0.0785870005627997,0.51,0.027565239888200734,2025-12-21 15:34:28
96,2982,0.5730681004083786,0.07982460280100051,0.51,0.027922041716706987,2025-12-21 15:34:28
96,2983,0.5741345388404326,0.08107050206288752,0.51,0.028268642911601825,2025-12-21 15:34:28
96,2984,0.5751706557292674,0.08232446143244217,0.51,0.028605221942087884,2025-12-21 15:34:28
96,2985,0.5761769620534586,0.08358623940165444,0.51,0.028931955166846296,2025-12-21 15:34:28
96,2986,0.5771539645593652,0.0848555901315857,0.51,0.029249016839084502,2025-12-21 15:34:29
96,2987,0.5781021656559434,0.08613226372252923,0.51,0.029556579111722953,2025-12-21 15:34:29
96,2988,0.5790220633123194,0.08741600649272523,0.51,0.022389527534885337,2025-12-21 15:34:29
96,2989,0.5799141509580273,0.08870656126506223,0.51,0.02261294719167112,2025-12-21 15:34:29
96,2990,0.5807789173858313,0.09000366766117471,0.51,0.02282945131969074,2025-12-21 15:34:29
96,2991,0.5816168466570626,0.09130706240232592,0.51,0.023039160297654068,2025-12-21 15:34:29
96,2992,0.582428418009412,0.09261647961644694,0.51,0.023241482151245416,2025-12-21 15:34:29
96,2993,0.583214105767132,0.09393165115068741,0.51,0.02343768111348384,2025-12-21 15:34:29
96,2994,0.5839743792536084,0.09525230688881949,0.51,0.023627444789691233,2025-12-21 15:34:29
96,2995,0.584709702706277,0.0965781750728258,0.51,0.0238108894292986,2025-12-21 15:34:29
96,2996,0.5854205351938644,0.0979089826279936,0.51,0.023988130232548532,2025-12-21 15:34:30
96,2997,0.5861073305359448,0.0992444554908306,0.51,0.02415928129203458,2025-12-21 15:34:30
96,2998,0.5867705372248097,0.1005843189391149,0.51,0.024324455534037438,2025-12-21 15:34:30
96,2999,0.587410598349658,0.10192829792338938,0.51,0.024483249909104353,2025-12-21 15:34:30
96,3000,0.5880279515231179,0.10327611739921203,0.51,0.0246365311983569,2025-12-21 15:34:30
96,3001,0.5886230288101192,0.10462750265947729,0.51,0.024784174254394862,2025-12-21 15:34:30
96,3002,0.5891962566591421,0.10598217966612859,0.51,0.024926286468799984,2025-12-21 15:34:30
96,3003,0.589748055835871,0.10733987538059019,0.51,0.02506562767493469,2025-12-21 15:34:30
96,3004,0.5902788413592868,0.10870031809225628,0.51,0.025194659455991045,2025-12-21 15:34:30
96,3005,0.5907890224402368,0.11006323774438731,0.51,0.02531956469210032,2025-12-21 15:34:30
96,3006,0.5912790024225222,0.11142836625677693,0.51,0.025439399675352685,2025-12-21 15:34:30
96,3007,0.5917491787265471,0.112795437844569,0.51,0.025554262804207088,2025-12-21 15:34:31
96,3008,0.592199942795575,0.11416418933262126,0.51,0.025664251150249118,2025-12-21 15:34:31
96,3009,0.5926316800446395,0.11553436046483131,0.51,0.02576946059743254,2025-12-21 15:34:31
96,3010,0.5930447698121584,0.11690569420786082,0.51,0.02586998585203342,2025-12-21 15:34:31
96,3011,0.5934395853142992,0.11827793704871574,0.51,0.02596592039890878,2025-12-21 15:34:31
96,3012,0.5938164936021456,0.11965083928566347,0.51,0.026057356440809813,2025-12-21 15:34:31
96,3013,0.5941758555217129,0.12102415531199161,0.51,0.02614438483756312,2025-12-21 15:34:31
96,3014,0.5945180256768614,0.12239764389213811,0.51,0.02622709505191458,2025-12-21 15:34:31
96,3015,0.5948433523951525,0.12377106842974875,0.51,0.02630557510403018,2025-12-21 15:34:31
96,3016,0.5951521776966952,0.12514419722724368,0.51,0.02637991153445507,2025-12-21 15:34:31
96,3017,0.595444837266024,0.12651680373650245,0.51,0.026450189374538562,2025-12-21 15:34:32
96,3018,0.595721660427052,0.127888666800304,0.51,0.0265164921230593,2025-12-21 15:34:32
96,3019,0.5959829701211353,0.12925957088418577,0.51,0.02657890172790397,2025-12-21 15:34:32
96,3020,0.5962290828882881,0.13062930629841432,0.51,0.02663749857179113,2025-12-21 15:34:32
96,3021,0.5964603088515804,0.13199766940978705,0.51,0.02669236146123008,2025-12-21 15:34:32
96,3022,0.5966769517047494,0.13336446284301315,0.51,0.026743567618087744,2025-12-21 15:34:32
96,3023,0.5968793087030533,0.13472949567144876,0.51,0.026791192673266444,2025-12-21 15:34:32
96,3024,0.5970676706573905,0.13609258359698925,0.51,0.026832808785010924,2025-12-21 15:34:32
96,3025,0.5972423219317079,0.13745354911894778,0.51,0.026873906984236966,2025-12-21 15:34:32
96,3026,0.5974035404437139,0.13881222169177598,0.51,0.026911611491853907,2025-12-21 15:34:32
96,3027,0.5975515976689141,0.1401684378715085,0.51,0.026945997063666027,2025-12-21 15:34:32
96,3028,0.5976867586479782,0.1415220414508376,0.51,0.026977135146798187,2025-12-21 15:34:33
96,3029,0.5978092819974492,0.1428728835827489,0.51,0.02700486066125764,2025-12-21 15:34:33
96,3030,0.597919419923799,0.14422082289267282,0.51,0.027029931070801885,2025-12-21 15:34:33
96,3031,0.5980174182408324,0.1455657255791285,0.51,0.027051940858434778,2025-12-21 15:34:33
96,3032,0.598103516390439,0.14690746550285905,0.51,0.027070954029265484,2025-12-21 15:34:33
96,3033,0.5981779474666893,0.1482459242644777,0.51,0.027087032300186924,2025-12-21 15:34:33
96,3034,0.598240938243268,0.14958099127066393,0.51,0.027100235332513618,2025-12-21 15:34:33
96,3035,0.5982927092042355,0.15091256378896767,0.51,0.027110620886808733,2025-12-21 15:34:33
96,3036,0.5983334745781048,0.15224054699129683,0.51,0.02711824492906926,2025-12-21 15:34:33
96,3037,0.5983634423752204,0.1535648539861809,0.51,0.02712316170590622,2025-12-21 15:34:33
96,3038,0.5983828144284215,0.15488540583991767,0.51,0.02712542379961101,2025-12-21 15:34:33
96,3039,0.5983917864369711,0.15620213158672563,0.51,0.027125082170005352,2025-12-21 15:34:34
96,3040,0.5983905480137303,0.1575149682280372,0.51,0.02712218618753036,2025-12-21 15:34:34
96,3041,0.5983792827355535,0.15882386072108073,0.51,0.027116783660523433,2025-12-21 15:34:34
96,3042,0.5983581681968819,0.1601287619569103,0.51,0.027108920858679508,2025-12-21 15:34:34
96,3043,0.5983273760665072,0.16142963272805239,0.51,0.027098642534037293,2025-12-21 15:34:34
96,3044,0.5982870721474791,0.16272644168594796,0.51,0.027086190667153426,2025-12-21 15:34:34
96,3045,0.5982374164401265,0.16401916528837696,0.51,0.027071426260236738,2025-12-21 15:34:34
96,3046,0.598178563208163,0.1653077877370588,0.51,0.02705436048754621,2025-12-21 15:34:34
96,3047,0.5981106610478443,0.16659230090562982,0.51,0.027035033269455295,2025-12-21 15:34:34
96,3048,0.5980338529601457,0.16787270425820394,0.51,0.027013482865979835,2025-12-21 15:34:34
96,3049,0.5979482764259261,0.16914900475872713,0.51,0.026989745965561286,2025-12-21 15:34:35
96,3050,0.5978540634840436,0.1704212167713411,0.51,0.026963857752139653,2025-12-21 15:34:35
96,3051,0.5977513408123879,0.1716893619519747,0.51,0.026935851958083918,2025-12-21 15:34:35
96,3052,0.5976402298117934,0.1729534691313843,0.51,0.02690576090782021,2025-12-21 15:34:35
96,3053,0.5975208466927966,0.17421357418986616,0.51,0.026873615555314354,2025-12-21 15:34:35
96,3054,0.5973933025651987,0.17546971992386684,0.51,0.026839445517518448,2025-12-21 15:34:35
96,3055,0.5972577035303971,0.17672195590471687,0.51,0.02680327910521195,2025-12-21 15:34:35
96,3056,0.5971141507764445,0.17797033832971576,0.51,0.02676514335221373,2025-12-21 15:34:35
96,3057,0.5969627406757972,0.17921492986579532,0.51,0.02672506404364515,2025-12-21 15:34:35
96,3058,0.5968035648857105,0.1804557994859895,0.51,0.02668306574373455,2025-12-21 15:34:35
96,3059,0.5966367104512385,0.18169302229893824,0.51,0.026639171823476453,2025-12-21 15:34:35
96,3060,0.5964622599107967,0.18292667937165316,0.51,0.026593404488398406,2025-12-21 15:34:36
96,3061,0.5962802914042419,0.18415685754577232,0.51,0.026545784806602583,2025-12-21 15:34:36
96,3062,0.5960908787834226,0.18538364924753123,0.51,0.026496332737173233,2025-12-21 15:34:36
96,3063,0.595894091725154,0.18660715229167646,0.51,0.026445067159069826,2025-12-21 15:34:36
96,3064,0.5956899958465668,0.18782746967954894,0.51,0.02639200590051391,2025-12-21 15:34:36
96,3065,0.5954786528227801,0.18904470939156293,0.51,0.026337165768939456,2025-12-21 15:34:36
96,3066,0.5952601205068432,0.19025898417430714,0.51,0.026280562581506146,2025-12-21 15:34:36
96,3067,0.5950344530518915,0.1914704113224952,0.51,0.026222211196190802,2025-12-21 15:34:36
96,3068,0.5948017010354588,0.19267911245599217,0.51,0.026162125543453606,2025-12-21 15:34:36
96,3069,0.5945619115858832,0.19388521329214597,0.51,0.026100318658491568,2025-12-21 15:34:36
96,3070,0.5943151285107432,0.19508884341365257,0.51,0.02603680271404008,2025-12-21 15:34:37
96,3071,0.5940613924272563,0.19629013603218604,0.51,0.025971589053732955,2025-12-21 15:34:37
96,3072,0.5938007408945685,0.19748922774802669,0.51,0.025904688226004002,2025-12-21 15:34:37
96,3073,0.5935332085478591,0.19868625830592218,0.51,0.025836110018492547,2025-12-21 15:34:37
96,3074,0.5932588272341826,0.19988137034742,0.51,0.025765863492954257,2025-12-21 15:34:37
96,3075,0.5929776261499619,0.20107470915991285,0.51,0.025693957020641846,2025-12-21 15:34:37
96,3076,0.5926896319800455,0.2022664224226419,0.51,0.025620398318128294,2025-12-21 15:34:37
96,3077,0.5923948690382353,0.2034566599499077,0.51,0.0255451944835635,2025-12-21 15:34:37
96,3078,0.5920933594091843,0.20464557343174283,0.51,0.025468352033310868,2025-12-21 15:34:37
96,3079,0.5917851230915611,0.20583331617230569,0.51,0.025389876938958,2025-12-21 15:34:37
96,3080,0.5914701781423718,0.20702004282626035,0.51,0.025309774664653468,2025-12-21 15:34:38
96,3081,0.5911485408223208,0.20820590913341405,0.51,0.025228050204747818,2025-12-21 15:34:38
96,3082,0.5908202257420894,0.20939107165188944,0.51,0.025144708121694337,2025-12-21 15:34:38
96,3083,0.5904852460094037,0.21057568749011657,0.51,0.025059752584183945,2025-12-21 15:34:38
96,3084,0.5901436133767557,0.21175991403793631,0.51,0.02497318740546509,2025-12-21 15:34:38
96,3085,0.5897953383896357,0.21294390869711458,0.51,0.024885016081822885,2025-12-21 15:34:38
96,3086,0.5894404305351275,0.21412782861157467,0.51,0.024795241831159148,2025-12-21 15:34:38
96,3087,0.5890788983907099,0.21531183039766333,0.51,0.024701841515533726,2025-12-21 15:34:38
96,3088,0.5887107497731027,0.2164960698747736,0.51,0.024608371971781402,2025-12-21 15:34:38
96,3089,0.5883359918869865,0.21768070179665716,0.51,0.024513327861209497,2025-12-21 15:34:38
96,3090,0.5879546314734214,0.21886587958376602,0.51,0.024416710451767073,2025-12-21 15:34:38
96,3091,0.5875666749577788,0.22005175505697264,0.51,0.024318521025260387,2025-12-21 15:34:39
96,3092,0.5871721285969984,0.22123847817302553,0.51,0.024218760899673168,2025-12-21 15:34:39
96,3093,0.5867709986259723,0.22242619676210557,0.51,0.024117431454380937,2025-12-21 15:34:39
96,3094,0.5863632914028539,0.2236150562678562,0.51,0.024014534157757818,2025-12-21 15:34:39
96,3095,0.585949013553082,0.22480519949026803,0.51,0.0239100705966215,2025-12-21 15:34:39
96,3096,0.5855281721119051,0.22599676633180582,0.51,0.023804042506974446,2025-12-21 15:34:39
96,3097,0.5851007746651854,0.22718989354717203,0.51,0.02369621180356492,2025-12-21 15:34:39
96,3098,0.5846668294882573,0.22838471449710757,0.51,0.023587179047792183,2025-12-21 15:34:39
96,3099,0.5842263456826102,0.2295813589066353,0.51,0.023476582051560377,2025-12-21 15:34:39
96,3100,0.5837793333101606,0.23077995262815687,0.51,0.023364424418601714,2025-12-21 15:34:39
96,3101,0.583325803524877,0.23198061740981657,0.51,0.02325070983687107,2025-12-21 15:34:40
96,3102,0.5828657687015155,0.23318347066954934,0.51,0.023135442176008377,2025-12-21 15:34:40
96,3103,0.5823992425612252,0.23438862527523127,0.51,0.023018625563134623,2025-12-21 15:34:40
96,3104,0.5819262402937758,0.23559618933135176,0.51,0.02290026444417894,2025-12-21 15:34:40
96,3105,0.5814467786761649,0.23680626597262586,0.51,0.022779601386524725,2025-12-21 15:34:40
96,3106,0.5809608761873579,0.23801895316496366,0.51,0.022657703674086507,2025-12-21 15:34:40
96,3107,0.5804685531189162,0.23923434351421016,0.51,0.022533315576078117,2025-12-21 15:34:40
96,3108,0.5799698316812709,0.24045252408306478,0.51,0.022408162721236476,2025-12-21 15:34:40
96,3109,0.5794647361054015,0.2416735762165832,0.51,0.029708916814884065,2025-12-21 15:34:40
96,3110,0.5789532927396815,0.24289757537665735,0.51,0.02953241009893828,2025-12-21 15:34:40
96,3111,0.5784355301416603,0.24412459098585992,0.51,0.029356167091702502,2025-12-21 15:34:40
96,3112,0.5779114791645515,0.24535468628102888,0.51,0.029176169511412494,2025-12-21 15:34:41
96,3113,0.5773811730382096,0.2465879181769561,0.51,0.028995406932128483,2025-12-21 15:34:41
96,3114,0.5768446474443779,0.24782433714052948,0.51,0.02881288818089735,2025-12-21 15:34:41
96,3115,0.5763019405860058,0.249063987075663,0.51,0.028628317398172634,2025-12-21 15:34:41
96,3116,0.5757530932504366,0.25030690521933213,0.51,0.028442490328188328,2025-12-21 15:34:41
96,3117,0.5751981488662813,0.25155312204901303,0.51,0.028254899108214427,2025-12-21 15:34:41
96,3118,0.5746371535538037,0.25280266120180417,0.51,0.028065550089784404,2025-12-21 15:34:41
96,3119,0.574070156168654,0.254055539405487,0.51,0.02787445037218332,2025-12-21 15:34:41
96,3120,0.5734972083388007,0.2553117664217591,0.51,0.02768164074351752,2025-12-21 15:34:41
96,3121,0.5729183644945268,0.25657134500184936,0.51,0.02748726232605926,2025-12-21 15:34:41
96,3122,0.5723336818913682,0.2578342708546968,0.51,0.0272911501810973,2025-12-21 15:34:42
96,3123,0.5717432206258888,0.25910053262785043,0.51,0.02709331867567675,2025-12-21 15:34:42
96,3124,0.5711470436442039,0.26037011190121634,0.51,0.026893783256428213,2025-12-21 15:34:42
96,3125,0.5705452167431797,0.26164298319375007,0.51,0.026692560585839298,2025-12-21 15:34:42
96,3126,0.5699378085642531,0.26291911398316226,0.51,0.026488694031320228,2025-12-21 15:34:42
96,3127,0.569324890579836,0.26419846473867326,0.51,0.026283836810348217,2025-12-21 15:34:42
96,3128,0.5687065370722856,0.2654809889668209,0.51,0.026077364364316458,2025-12-21 15:34:42
96,3129,0.5680828251054415,0.26676663327029315,0.51,0.025869297220148,2025-12-21 15:34:42
96,3130,0.5674538344887495,0.26805533741972454,0.51,0.0256596573310534,2025-12-21 15:34:42
96,3131,0.5668196477340108,0.2693470344383609,0.51,0.025448468020208677,2025-12-21 15:34:42
96,3132,0.5661803500048161,0.2706416506994649,0.51,0.025235753927647923,2025-12-21 15:34:43
96,3133,0.5655360290587432,0.2719391060363002,0.51,0.025021540959170828,2025-12-21 15:34:43
96,3134,0.5648867751824149,0.2732393138644994,0.51,0.024805775782379014,2025-12-21 15:34:43
96,3135,0.564232681119536,0.2745421813165872,0.51,0.024586266688439034,2025-12-21 15:34:43
96,3136,0.5635738419920447,0.27584760938839886,0.51,0.024366672592777583,2025-12-21 15:34:43
96,3137,0.562910355214536,0.2771554930971005,0.51,0.024145739647827576,2025-12-21 15:34:43
96,3138,0.5622423204021276,0.27846572165048783,0.51,0.02392349452822067,2025-12-21 15:34:43
96,3139,0.5615698392719641,0.27977817862720833,0.51,0.0236999655281017,2025-12-21 15:34:43
96,3140,0.5608930155385665,0.28109274216752433,0.51,0.0234751824112424,2025-12-21 15:34:43
98,1886,-0.4261011191701594,0.20839088599147787,0.51,0.001578444758273896,2025-12-21 15:36:12
98,1887,-0.4281040354174475,0.206216373574629,0.51,0.0017428418306776256,2025-12-21 15:36:12
98,2618,0.5535260198941708,0.002860880851187631,0.51,0.0010855784820077968,2025-12-21 15:36:18
98,2619,0.5534170134285843,0.004706418900133152,0.51,0.0019041752084628558,2025-12-21 15:36:18
98,2620,0.5532776501000589,0.006553546679364326,0.51,0.002659202043874628,2025-12-21 15:36:18
98,2621,0.5531079905805418,0.008402479121375655,0.51,0.003296581515519809,2025-12-21 15:36:18
98,2622,0.5529081044655609,0.010253425809838694,0.51,0.003828022952440208,2025-12-21 15:36:18
98,2623,0.5526780704288474,0.012106590556405453,0.51,0.004340155555089774,2025-12-21 15:36:18
98,2624,0.5524179763794902,0.013962170981663516,0.51,0.004772510079661381,2025-12-21 15:36:18
98,2625,0.5521279196210443,0.015820358100895323,0.51,0.00511404556214102,2025-12-21 15:36:18
98,2626,0.5518080070119872,0.01768133591530603,0.51,0.005390566120845037,2025-12-21 15:36:18
98,2627,0.5514583551268896,0.01954528100939521,0.51,0.005590543545105849,2025-12-21 15:36:18
98,2628,0.551079090417646,0.021412362155157315,0.51,0.005721066424756223,2025-12-21 15:36:19
98,2629,0.550670349374085,0.02328273992380382,0.51,0.005789281559293563,2025-12-21 15:36:19
98,2630,0.5502322786832602,0.025156566305706715,0.51,0.005828540981950884,2025-12-21 15:36:19
98,2631,0.5497650353867075,0.02703398433926776,0.51,0.00577118845189304,2025-12-21 15:36:19
98,2632,0.5492687870349355,0.02891512774942088,0.51,0.0056558341399741575,2025-12-21 15:36:19
98,2633,0.5487437118384056,0.03080012059647619,0.51,0.005512955466694166,2025-12-21 15:36:19
98,2634,0.5481899988142489,0.03268907693601295,0.51,0.005350899260173842,2025-12-21 15:36:19
98,2635,0.5476078479279588,0.0345821004905253,0.51,0.005174876734083484,2025-12-21 15:36:19
98,2636,0.5469974702292957,0.036479284333519095,0.51,0.004989682725807631,2025-12-21 15:36:19
98,2637,0.5463590879816373,0.03838071058674984,0.51,0.00485319034724686,2025-12-21 15:36:19
98,2638,0.5456929347840138,0.04028645013128108,0.51,0.004634382511636807,2025-12-21 15:36:19
98,2639,0.5449992556850678,0.04219656233302921,0.51,0.004402345251037927,2025-12-21 15:36:20
98,2640,0.5442783072881934,0.04411109478344491,0.51,0.004183909767172765,2025-12-21 15:36:20
98,2641,0.5435303578471157,0.046030083055962324,0.51,0.003957140784873496,2025-12-21 15:36:20
98,2642,0.5427556873511905,0.047953550478826004,0.51,0.003753453202083427,2025-12-21 15:36:20
98,2643,0.5419545875997215,0.04988150792488119,0.51,0.0036509757868418485,2025-12-21 15:36:20
98,2644,0.5411273622646143,0.05181395361888612,0.51,0.003462077141341236,2025-12-21 15:36:20
98,2645,0.5402743269407134,0.0537508729628753,0.51,0.003275069214975568,2025-12-21 15:36:20
98,2646,0.5393958091831926,0.055692238380070265,0.51,0.0030832743987700096,2025-12-21 15:36:20
98,2647,0.5384921485314067,0.05763800917779928,0.51,0.002921259509617238,2025-12-21 15:36:20
98,2648,0.5375636965186419,0.059588131429849825,0.51,0.002754857489481474,2025-12-21 15:36:20
98,2649,0.5366108166672435,0.0615425378786376,0.51,0.002534670965757074,2025-12-21 15:36:20
98,2650,0.5356338844686375,0.06350114785753334,0.51,0.0023557296427655387,2025-12-21 15:36:21
98,2651,0.5346332873478069,0.06546386723364403,0.51,0.002217862228604067,2025-12-21 15:36:21
98,2652,0.5336094246118299,0.06743058837129838,0.51,0.002084823991917912,2025-12-21 15:36:21
98,2653,0.5325627073821334,0.06940119011643775,0.51,0.0019799143109442345,2025-12-21 15:36:21
98,2654,0.5314935585101662,0.07137553780206327,0.51,0.0018796743245346557,2025-12-21 15:36:21
98,2655,0.5304024124762491,0.07335348327483804,0.51,0.001789992865545714,2025-12-21 15:36:21
98,2656,0.5292897152714108,0.07533486494289003,0.51,0.0016714485271254666,2025-12-21 15:36:21
98,2657,0.5281559242620757,0.0773195078448068,0.51,0.0015433579637914832,2025-12-21 15:36:21
98,2658,0.5270015080375245,0.07930722373975813,0.51,0.001456530626285588,2025-12-21 15:36:21
98,2659,0.5258269462401071,0.08129781121862675,0.51,0.001341303844738776,2025-12-21 15:36:21
98,2660,0.5246327293782429,0.08329105583597105,0.51,0.0012653366095318071,2025-12-21 15:36:21
98,2661,0.5234193586223064,0.08528673026258726,0.51,0.0013605733262822114,2025-12-21 15:36:22
100,397,0.8690028314672142,-0.5366404558960131,0.51,0.0014834078022773341,2025-12-21 15:37:51
102,353,0.8180791727909836,-0.5760234878156676,0.51,0.001054987084302415,2025-12-21 15:39:24
102,354,0.8198002762994658,-0.5766796109854955,0.51,0.002615183505855752,2025-12-21 15:39:24
102,355,0.821503777207747,-0.5773234086301293,0.51,0.004155197836301285,2025-12-21 15:39:24
102,356,0.8231892986602549,-0.577954717947068,0.51,0.005675198137820413,2025-12-21 15:39:24
102,357,0.824856469405282,-0.5785733765550557,0.51,0.007174785581481908,2025-12-21 15:39:24
102,358,0.8265049239853118,-0.5791792225722374,0.51,0.008653574064660264,2025-12-21 15:39:24
102,359,0.8281343029132727,-0.5797720946895467,0.51,0.01011119040308691,2025-12-21 15:39:24
102,360,0.829744252834847,-0.5803518322394267,0.51,0.011547268921859755,2025-12-21 15:39:25
102,361,0.8313344266770032,-0.5809182752600018,0.51,0.012961449807592899,2025-12-21 15:39:25
102,362,0.8329044837829562,-0.581471264554835,0.51,0.01435337865379124,2025-12-21 15:39:25
102,363,0.834454090033794,-0.5820106417484177,0.51,0.015722706382809554,2025-12-21 15:39:25
102,364,0.8359829179570443,-0.5825362493375602,0.51,0.017069089280260522,2025-12-21 15:39:25
102,365,0.8374906468224868,-0.58304793073886,0.51,0.018392189047268775,2025-12-21 15:39:25
102,366,0.8389769627255457,-0.5835455303324386,0.51,0.019691672836687584,2025-12-21 15:39:25
102,367,0.8404415586586265,-0.5840288935021559,0.51,0.02096721326428212,2025-12-21 15:39:25
102,368,0.8418841345707863,-0.5844978666725141,0.51,0.02221848839684706,2025-12-21 15:39:25
102,369,0.8433043974161537,-0.5849522973424829,0.51,0.02344518172377754,2025-12-21 15:39:25
102,370,0.8447020611915337,-0.5853920341164807,0.51,0.024646982119876155,2025-12-21 15:39:25
102,371,0.8460768469636568,-0.5858169267327609,0.51,0.02582358380658737,2025-12-21 15:39:25
102,372,0.847428482886549,-0.5862268260894579,0.51,0.02697468631730404,2025-12-21 15:39:26
102,373,0.8487567042095158,-0.5866215842685549,0.51,0.028099994470478673,2025-12-21 15:39:26
102,374,0.8500612532762487,-0.5870010545580446,0.51,0.02919921835235682,2025-12-21 15:39:26
102,375,0.8513418795155779,-0.5873650914725557,0.51,0.015135981513919223,2025-12-21 15:39:26
102,376,0.8525983394244009,-0.5877135507727266,0.51,0.015659067064492115,2025-12-21 15:39:26
102,377,0.8538303965433313,-0.588046289483609,0.51,0.016168711948918925,2025-12-21 15:39:26
102,378,0.8550378214256177,-0.5883631659123884,0.51,0.016664777881545315,2025-12-21 15:39:26
102,379,0.8562203915998865,-0.5886640396657082,0.51,0.017147125535733315,2025-12-21 15:39:26
102,380,0.8573778915272682,-0.5889487716668903,0.51,0.017615620488592686,2025-12-21 15:39:26
102,381,0.8585101125534691,-0.589217224173337,0.51,0.018070133242745156,2025-12-21 15:39:26
102,382,0.8596168528563491,-0.5894692607944075,0.51,0.01851053843333545,2025-12-21 15:39:26
102,383,0.860697917389566,-0.5897047465100532,0.51,0.018936714206590544,2025-12-21 15:39:26
102,384,0.8617531178228429,-0.5899235476904968,0.51,0.019348541841748983,2025-12-21 15:39:26
102,385,0.8627822724794127,-0.5901255321172366,0.51,0.01974590553852788,2025-12-21 15:39:27
102,386,0.8637852062711843,-0.5903105690056516,0.51,0.020128692300207387,2025-12-21 15:39:27
102,387,0.8647617506321699,-0.5904785290294786,0.51,0.020496791868820304,2025-12-21 15:39:27
102,388,0.8657117434507029,-0.5906292843474261,0.51,0.020850096688267632,2025-12-21 15:39:27
102,389,0.8666350290009649,-0.5907627086321819,0.51,0.021188501882572135,2025-12-21 15:39:27
102,390,0.867531457874328,-0.590878677102064,0.51,0.021511905242683555,2025-12-21 15:39:27
102,391,0.8684008869110059,-0.5909770665555544,0.51,0.021820207218526854,2025-12-21 15:39:27
102,392,0.8692431791324926,-0.5910577554089472,0.51,0.022113310914622368,2025-12-21 15:39:27
102,393,0.8700582036752494,-0.5911206237373293,0.51,0.02239112208851376,2025-12-21 15:39:27
102,394,0.8708458357260873,-0.5911655533191016,0.51,0.02265354915164366,2025-12-21 15:39:27
102,395,0.8716059564596684,-0.591192427684236,0.51,0.022900503172563397,2025-12-21 15:39:27
102,396,0.8723384529785361,-0.5912011321664502,0.51,0.023131897882477586,2025-12-21 15:39:27
102,397,0.8730432182560574,-0.5911915539594667,0.51,0.023347649683179806,2025-12-21 15:39:27
102,398,0.8737201510826426,-0.5911635821775083,0.51,0.023547677657460596,2025-12-21 15:39:28
102,399,0.8743691560155834,-0.5911171079201676,0.51,0.02373190358210444,2025-12-21 15:39:28
102,400,0.874990143332826,-0.591052024341767,0.51,0.023900251943584992,2025-12-21 15:39:28
102,401,0.8755830289909724,-0.5909682267253138,0.51,0.024052649956555833,2025-12-21 15:39:28
102,402,0.8761477345877762,-0.5908656125611319,0.51,0.024189027585255814,2025-12-21 15:39:28
102,403,0.8766841873293727,-0.5907440816302341,0.51,0.024309317567923094,2025-12-21 15:39:28
102,404,0.8771923200024577,-0.5906035360924806,0.51,0.024413455444297946,2025-12-21 15:39:28
102,405,0.8776720709515975,-0.590443880579546,0.51,0.024501379586308547,2025-12-21 15:39:28
102,406,0.8781233840618279,-0.5902650222926977,0.51,0.02457303123197156,2025-12-21 15:39:28
102,407,0.878546208746669,-0.5900668711053667,0.51,0.024628354522597116,2025-12-21 15:39:28
102,408,0.8789404999416518,-0.5898493396704682,0.51,0.02466729654327216,2025-12-21 15:39:28
102,409,0.8793062181034238,-0.5896123435324075,0.51,0.02468980736669245,2025-12-21 15:39:28
102,410,0.8796433292144691,-0.5893558012436847,0.51,0.024695840100289298,2025-12-21 15:39:28
102,411,0.8799518047934484,-0.589079634485982,0.51,0.0246853509366553,2025-12-21 15:39:29
102,412,0.880231621911131,-0.5887837681956029,0.51,0.024658299207204634,2025-12-21 15:39:29
102,413,0.880482763211862,-0.5884681306930976,0.51,0.024614647439018537,2025-12-21 15:39:29
102,414,0.8807052169404731,-0.5881326538168928,0.51,0.02455436141477234,2025-12-21 15:39:29
102,415,0.8808989769745169,-0.587777273060714,0.51,0.024477410235655972,2025-12-21 15:39:29
102,416,0.8810640428616708,-0.5874019277145649,0.51,0.024383766387145372,2025-12-21 15:39:29
102,417,0.8812004198621256,-0.5870065610090052,0.51,0.024273405807491103,2025-12-21 15:39:29
102,418,0.8813081189957431,-0.5865911202624411,0.51,0.024146307958739663,2025-12-21 15:39:29
102,419,0.8813871570937368,-0.5861555570311194,0.51,0.024002455900121632,2025-12-21 15:39:29
102,420,0.8814375568545968,-0.585699827261492,0.51,0.02384183636358228,2025-12-21 15:39:29
102,421,0.881459346903954,-0.5852238914445922,0.51,0.023664439831233806,2025-12-21 15:39:29
102,422,0.881452561858047,-0.5847277147720449,0.51,0.02347026061448593,2025-12-21 15:39:29
102,423,0.8814172423904271,-0.5842112672933036,0.51,0.023259296934588107,2025-12-21 15:39:29
102,424,0.8813534353015109,-0.5836745240736927,0.51,0.023031551004309547,2025-12-21 15:39:30
102,425,0.8812611935905624,-0.5831174653528056,0.51,0.02278702911043797,2025-12-21 15:39:30
102,426,0.8811405765296616,-0.5825400767027954,0.51,0.022525741696823746,2025-12-21 15:39:30
102,427,0.8809916497391926,-0.5819423491860699,0.51,0.02224770344758244,2025-12-21 15:39:30
102,428,0.880814485264364,-0.5813242795118906,0.51,0.021952933370174316,2025-12-21 15:39:30
102,429,0.8806091616522492,-0.5806858701913538,0.51,0.02164145487795004,2025-12-21 15:39:30
102,430,0.8803757640288192,-0.5800271296902215,0.51,0.02131329587183593,2025-12-21 15:39:30
102,431,0.8801143841754205,-0.5793480725790535,0.51,0.020968488820741957,2025-12-21 15:39:30
102,432,0.8798251206041359,-0.5786487196800805,0.51,0.02060707084033379,2025-12-21 15:39:30
102,433,0.8795080786314524,-0.5779290982102502,0.51,0.020229083769755882,2025-12-21 15:39:30
102,434,0.8791633704496491,-0.5771892419198689,0.51,0.019834574245892543,2025-12-21 15:39:30
102,435,0.8787911151953072,-0.5764291912262545,0.51,0.019423593774785114,2025-12-21 15:39:30
102,436,0.8783914390143394,-0.5756489933418141,0.51,0.018996198799748145,2025-12-21 15:39:31
102,437,0.8779644751229295,-0.5748487023959578,0.51,0.018552450765823705,2025-12-21 15:39:31
102,438,0.8775103638637711,-0.5740283795502591,0.51,0.018092416180097656,2025-12-21 15:39:31
102,439,0.8770292527569944,-0.573188093106278,0.51,0.017617157523081402,2025-12-21 15:39:31
102,440,0.8765212965451737,-0.5723279186054645,0.51,0.0171237829802525,2025-12-21 15:39:31
102,441,0.8759866572318126,-0.5714479389205711,0.51,0.01661534611440647,2025-12-21 15:39:31
102,442,0.875425504112711,-0.5705482443380115,0.51,0.016090936288526713,2025-12-21 15:39:31
102,443,0.8748380137996317,-0.5696289326306148,0.51,0.015551616152962541,2025-12-21 15:39:31
102,444,0.874224370235693,-0.56869010912024,0.51,0.029989211327431424,2025-12-21 15:39:31
102,445,0.8735847647019349,-0.5677318867297352,0.51,0.02884614171160429,2025-12-21 15:39:31
102,446,0.8729193958145195,-0.5667543860237408,0.51,0.027671101068870507,2025-12-21 15:39:31
102,447,0.872228469512052,-0.5657577352378647,0.51,0.026465956107747077,2025-12-21 15:39:31
102,448,0.8715121990325292,-0.564742070295776,0.51,0.025229381277486772,2025-12-21 15:39:31
102,449,0.87077080487945,-0.5637075348137981,0.51,0.023963146134704606,2025-12-21 15:39:32
102,450,0.8700045147766501,-0.5626542800926023,0.51,0.02266600112794756,2025-12-21 15:39:32
102,451,0.8692135636114542,-0.5615824650956445,0.51,0.021339729827324634,2025-12-21 15:39:32
102,452,0.8683981933657725,-0.5604922564140125,0.51,0.019983081346131703,2025-12-21 15:39:32
102,453,0.8675586530348016,-0.5593838282173929,0.51,0.0185979173858576,2025-12-21 15:39:32
102,454,0.866695198533029,-0.5582573621909004,0.51,0.017182910744501605,2025-12-21 15:39:32
102,455,0.865808092587277,-0.5571130474575534,0.51,0.015740090885217703,2025-12-21 15:39:32
102,456,0.8648976046165645,-0.5559510804862184,0.51,0.014267942943622205,2025-12-21 15:39:32
102,457,0.8639640105986045,-0.5547716649848895,0.51,0.012768805924713824,2025-12-21 15:39:32
102,458,0.8630075929227992,-0.5535750117792095,0.51,0.01124079193220149,2025-12-21 15:39:32
102,459,0.8620286402296403,-0.5523613386761875,0.51,0.00968680487901531,2025-12-21 15:39:32
102,460,0.8610274472364641,-0.5511308703131061,0.51,0.00810422648210976,2025-12-21 15:39:32
102,461,0.8600043145495585,-0.5498838379916634,0.51,0.006495808597879777,2025-12-21 15:39:33
102,462,0.8589595484626656,-0.5486204794974351,0.51,0.00486114518404887,2025-12-21 15:39:33
102,463,0.8578934607419684,-0.5473410389047919,0.51,0.003200621046442193,2025-12-21 15:39:33
102,464,0.8568063683976972,-0.5460457663674496,0.51,0.0015146323871030765,2025-12-21 15:39:33
102,466,0.8545704626370734,-0.5434087551148352,0.51,0.0019321452573740523,2025-12-21 15:39:33
102,467,0.8534223072225182,-0.542067545022348,0.51,0.003692090614372432,2025-12-21 15:39:33
102,468,0.852254462641086,-0.5407115597154839,0.51,0.005475850326264907,2025-12-21 15:39:33
102,469,0.8510672682443274,-0.5393410761183264,0.51,0.007282992497376216,2025-12-21 15:39:33
102,470,0.849861066989856,-0.5379563756915857,0.51,0.009113079730467056,2025-12-21 15:39:33
102,471,0.8486362051268986,-0.5365577441313286,0.51,0.010965668705193372,2025-12-21 15:39:33
102,472,0.8473930318711566,-0.5351454710563431,0.51,0.01284031027871882,2025-12-21 15:39:34
102,473,0.8461318990694935,-0.5337198496846934,0.51,0.014736549579722827,2025-12-21 15:39:34
102,474,0.8448531608550082,-0.5322811765000512,0.51,0.016653925988099717,2025-12-21 15:39:34
102,475,0.8435571732930782,-0.5308297509084242,0.51,0.018591972917598124,2025-12-21 15:39:34
102,476,0.8422442940189945,-0.5293658748859302,0.51,0.020550217291921566,2025-12-21 15:39:34
102,477,0.8409148818678339,-0.5278898526182938,0.51,0.022528178551454336,2025-12-21 15:39:34
102,478,0.8395692964972445,-0.5264019901327663,0.51,0.024525366940817674,2025-12-21 15:39:34
102,479,0.8382078980038397,-0.5249025949231927,0.51,0.026541280688493145,2025-12-21 15:39:34
102,480,0.8368310465339199,-0.5233919755689679,0.51,0.028575401466607486,2025-12-21 15:39:34
102,481,0.8354391018892597,-0.5218704413486428,0.51,0.015314391519586261,2025-12-21 15:39:34
102,482,0.8340324231287098,-0.5203383018489534,0.51,0.016348639115189748,2025-12-21 15:39:34
102,483,0.8326113681663813,-0.5187958665700577,0.51,0.01739182912588731,2025-12-21 15:39:34
102,484,0.8311762933671847,-0.5172434445277755,0.51,0.018443180899574942,2025-12-21 15:39:34
103,1260,-0.2086896509301111,0.00971541794376248,0.51,0.001299552341173019,2025-12-21 15:40:34
103,1261,-0.19793180371176106,0.00958271345799003,0.51,0.001628092383072731,2025-12-21 15:40:34
103,1262,-0.1871310260871718,0.009456374386249477,0.51,0.0017959305362657463,2025-12-21 15:40:34
103,1263,-0.17629001204010822,0.009336368991893022,0.51,0.0020686442321701847,2025-12-21 15:40:35
103,1264,-0.1654114861794038,0.009222667354686246,0.51,0.0022335488787321024,2025-12-21 15:40:35
103,1265,-0.15449820107973614,0.009115241386017884,0.51,0.0024993008531901516,2025-12-21 15:40:35
103,1266,-0.1435529345810689,0.009014064843767888,0.51,0.0026701846870851214,2025-12-21 15:40:35
103,1267,-0.13257848705259492,0.00891911334685662,0.51,0.002910198881488863,2025-12-21 15:40:35
103,1268,-0.12157767862708418,0.008830364389495594,0.51,0.0030867615399003813,2025-12-21 15:40:35
103,1269,-0.11055334641158833,0.00874779735515767,0.51,0.0032411971059724378,2025-12-21 15:40:35
103,1270,-0.09950834168047827,0.008671393530282064,0.51,0.0033691728674632025,2025-12-21 15:40:35
103,1271,-0.08844552705679562,0.008601136117726933,0.51,0.003458872617785438,2025-12-21 15:40:35
103,1272,-0.07736777368788109,0.008537010249979712,0.51,0.003512068125292699,2025-12-21 15:40:35
103,1273,-0.06627795842120432,0.008479003002132656,0.51,0.0035646734323111088,2025-12-21 15:40:36
103,1274,-0.05517896098626057,0.008427103404628388,0.51,0.003537398764398022,2025-12-21 15:40:36
103,1275,-0.04407366118832058,0.008381302455777518,0.51,0.00340870313429205,2025-12-21 15:40:36
103,1276,-0.03296493611972176,0.008341593134047648,0.51,0.003077256889814625,2025-12-21 15:40:36
103,1277,-0.021855657394272046,0.008307970410120297,0.51,0.0027004423625607414,2025-12-21 15:40:36
103,1278,-0.010748688410203449,0.00828043125870954,0.51,0.002251983570673126,2025-12-21 15:40:36
103,1279,0.00035311835303855274,0.00825897467013327,0.51,0.0017192876490668694,2025-12-21 15:40:36
103,1280,0.011446923999050418,0.00824360166162526,0.51,0.0011185216320194402,2025-12-21 15:40:36
103,1836,0.4629425256348462,0.548313063584893,0.51,0.0020179163977458656,2025-12-21 15:40:38
103,1837,0.4612475562106811,0.5489309167970376,0.51,0.0032271922874148487,2025-12-21 15:40:38
103,1838,0.45954642293703646,0.5495464783802405,0.51,0.004362856386945038,2025-12-21 15:40:39
103,1839,0.4578389224917738,0.5501598319107752,0.51,0.005372878129942205,2025-12-21 15:40:39
103,1840,0.4561248570945602,0.5507710597158751,0.51,0.0062662383785195425,2025-12-21 15:40:39
103,1841,0.4544040348595911,0.5513802427559733,0.51,0.007055091892043264,2025-12-21 15:40:39
103,1842,0.45267627014251355,0.5519874605091687,0.51,0.007760383951139461,2025-12-21 15:40:39
103,1843,0.4509413838808893,0.5525927908580829,0.51,0.008413336305433405,2025-12-21 15:40:39
103,1844,0.4491992039275291,0.5531963099792728,0.51,0.008923946635703542,2025-12-21 15:40:39
103,1845,0.4474495653760235,0.5537980922353635,0.51,0.009268620679194416,2025-12-21 15:40:39
103,1846,0.44569231087778666,0.5543982100700663,0.51,0.009568992495804337,2025-12-21 15:40:39
103,1847,0.4439272909499301,0.554996733906246,0.51,0.009814549667976537,2025-12-21 15:40:39
103,1848,0.4421543642732775,0.5555937320472005,0.51,0.009940560942256765,2025-12-21 15:40:39
103,1849,0.44037339797983505,0.5561892705813132,0.51,0.00995403662704636,2025-12-21 15:40:40
103,1850,0.4385842679290332,0.5567834132902396,0.51,0.009971404013016322,2025-12-21 15:40:40
103,1851,0.4367868589720602,0.5573762215607836,0.51,0.009995728714610902,2025-12-21 15:40:40
103,1852,0.4349810652036156,0.557967754300618,0.51,0.010060675533336304,2025-12-21 15:40:40
103,1853,0.4331667902004226,0.5585580678579998,0.51,0.010169275158665074,2025-12-21 15:40:40
103,1854,0.4313439472458479,0.5591472159456273,0.51,0.01032358470707705,2025-12-21 15:40:40
103,1855,0.42951245953999645,0.5597352495687801,0.51,0.010503022063330106,2025-12-21 15:40:40
103,1856,0.4276722603946621,0.5603222169578783,0.51,0.010758119099350686,2025-12-21 15:40:40
103,1857,0.42582329341253916,0.5609081635055936,0.51,0.011064538247996306,2025-12-21 15:40:40
103,1858,0.42396551265012034,0.5614931317086338,0.51,0.011424537367665105,2025-12-21 15:40:40
103,1859,0.42209888276373364,0.5620771611143207,0.51,0.01185916395834585,2025-12-21 15:40:40
103,1860,0.42022337913819924,0.5626602882720694,0.51,0.012349755564357164,2025-12-21 15:40:40
103,1861,0.4183389879976175,0.5632425466898711,0.51,0.012913064041890616,2025-12-21 15:40:40
103,1862,0.41644570649783424,0.5638239667958727,0.51,0.013541404600272566,2025-12-21 15:40:41
103,1863,0.41454354280016464,0.5644045759051358,0.51,0.014320161130235666,2025-12-21 15:40:41
103,1864,0.41263251612599605,0.5649843981916496,0.51,0.01520035308328885,2025-12-21 15:40:41
103,1865,0.4107126567919313,0.5655634546656599,0.51,0.016133167695338534,2025-12-21 15:40:41
103,1866,0.40878400622517647,0.5661417631563685,0.51,0.01709044123840878,2025-12-21 15:40:41
103,1867,0.40684661695892266,0.5667193383000426,0.51,0.018195037149057677,2025-12-21 15:40:41
103,1868,0.40490055260751867,0.5672961915335643,0.51,0.01935456094385389,2025-12-21 15:40:41
103,1869,0.40294588782127927,0.5678723310934386,0.51,0.020557306163918876,2025-12-21 15:40:41
103,1870,0.4009827082208249,0.5684477620202648,0.51,0.021847867680514627,2025-12-21 15:40:41
103,1871,0.39901111031089975,0.569022486168663,0.51,0.023199065950426843,2025-12-21 15:40:41
103,1872,0.39703120137366793,0.5695965022226375,0.51,0.02458031646202852,2025-12-21 15:40:41
103,1873,0.39504309934154086,0.5701698057163422,0.51,0.026033094743721584,2025-12-21 15:40:41
103,1874,0.3930469326496435,0.5707423890602046,0.51,0.0275217382577402,2025-12-21 15:40:42
103,1875,0.3910428400680815,0.5713142415723448,0.51,0.029035484602903835,2025-12-21 15:40:42
103,1876,0.3890309705142256,0.5718853495152229,0.51,0.015301156487867238,2025-12-21 15:40:42
103,1877,0.3870114828452854,0.5724556961374238,0.51,0.016147989969470877,2025-12-21 15:40:42
103,1878,0.38498454563149803,0.5730252617204858,0.51,0.016998904869975334,2025-12-21 15:40:42
103,1879,0.3829503369103108,0.5735940236306594,0.51,0.017853543798912592,2025-12-21 15:40:42
103,1880,0.3809090439219913,0.5741619563754723,0.51,0.0187115266143789,2025-12-21 15:40:42
103,1881,0.3788608628271487,0.5747290316649688,0.51,0.01957291316085829,2025-12-21 15:40:42
103,1882,0.37680599840670026,0.5752952184774714,0.51,0.020437727524873463,2025-12-21 15:40:42
103,1883,0.37474466374486853,0.5758604831297096,0.51,0.021305960933551013,2025-12-21 15:40:42
103,1884,0.37267707989583865,0.5764247893511436,0.51,0.022177574668213646,2025-12-21 15:40:42
103,1885,0.37060347553475204,0.5769880983623048,0.51,0.023056622393617394,2025-12-21 15:40:43
103,1886,0.36852408659375596,0.5775503689569622,0.51,0.023938475240380078,2025-12-21 15:40:43
103,1887,0.36643915588386744,0.5781115575879159,0.51,0.024824743370378526,2025-12-21 15:40:43
103,1888,0.36434893270344965,0.5786716184562101,0.51,0.025712702929198035,2025-12-21 15:40:43
103,1889,0.3622536724341329,0.5792305036035501,0.51,0.026603057513365013,2025-12-21 15:40:43
103,1890,0.36015363612504486,0.5797881630077016,0.51,0.02749564911929208,2025-12-21 15:40:43
103,1891,0.3580490900662439,0.5803445446806421,0.51,0.028391660894589235,2025-12-21 15:40:43
103,1892,0.35594030535227644,0.580899594769231,0.51,0.02929094364706183,2025-12-21 15:40:43
103,1893,0.3538275574367999,0.5814532576581597,0.51,0.020148487003437812,2025-12-21 15:40:43
103,1894,0.35171112567923474,0.5820054760749374,0.51,0.02075522707131182,2025-12-21 15:40:43
103,1895,0.34959129288442414,0.5825561911966676,0.51,0.021366942077006693,2025-12-21 15:40:44
103,1896,0.3474683448362922,0.583105342758367,0.51,0.021977587734124043,2025-12-21 15:40:44
103,1897,0.3453425698265021,0.5836528691625767,0.51,0.02258889906595392,2025-12-21 15:40:44
103,1898,0.34321425817912077,0.5841987075900155,0.51,0.023200006825744583,2025-12-21 15:40:44
103,1899,0.34108370177229963,0.5847427941110257,0.51,0.023810823443879622,2025-12-21 15:40:44
103,1900,0.3389511935579797,0.5852850637975634,0.51,0.024421257083336846,2025-12-21 15:40:44
103,1901,0.33681702708062594,0.5858254508354845,0.51,0.0250312125941943,2025-12-21 15:40:44
103,1902,0.3346814959959882,0.5863638886368847,0.51,0.025640592466294767,2025-12-21 15:40:44
103,1903,0.3325448935908752,0.5869003099522512,0.51,0.02624929766517863,2025-12-21 15:40:44
103,1904,0.33040751230491605,0.5874346469821907,0.51,0.02685722833002733,2025-12-21 15:40:44
103,1905,0.3282696432552655,0.5879668314885027,0.51,0.02746428434663151,2025-12-21 15:40:44
103,1906,0.32613157576519136,0.5884967949043705,0.51,0.028070365817754586,2025-12-21 15:40:44
103,1907,0.32399359689746166,0.5890244684434531,0.51,0.02867537345278374,2025-12-21 15:40:45
103,1908,0.3218559909934222,0.5895497832076639,0.51,0.029279208895015812,2025-12-21 15:40:45
103,1909,0.31971903921863226,0.5900726702934306,0.51,0.029881775000856828,2025-12-21 15:40:45
103,1910,0.3175830191158945,0.5905930608962404,0.51,0.022868125835677443,2025-12-21 15:40:45
103,1911,0.315448204166487,0.5911108864132819,0.51,0.02332154983630007,2025-12-21 15:40:45
103,1912,0.3133148633603722,0.5916260785440015,0.51,0.023773613137140326,2025-12-21 15:40:45
103,1913,0.3111832607761229,0.5921385693884065,0.51,0.024224262086217987,2025-12-21 15:40:45
103,1914,0.3090536551712727,0.592648291542952,0.51,0.024673447019193818,2025-12-21 15:40:45
103,1915,0.3069262995837586,0.593155178193861,0.51,0.025120115915162312,2025-12-21 15:40:45
103,1916,0.3048014409450896,0.5936591632077363,0.51,0.025566030964628162,2025-12-21 15:40:45
103,1917,0.3026793197058345,0.5941601812193333,0.51,0.02600006468708887,2025-12-21 15:40:46
103,1918,0.30056016947398445,0.5946581677163737,0.51,0.02644041191718987,2025-12-21 15:40:46
103,1919,0.2984442166667065,0.5951530591212888,0.51,0.026879130904154377,2025-12-21 15:40:46
103,1920,0.296331680175965,0.5956447928697951,0.51,0.027316175348311045,2025-12-21 15:40:46
103,1921,0.2942227710484482,0.5961333074862117,0.51,0.027752498872657034,2025-12-21 15:40:46
103,1922,0.29211769218019773,0.5966185426554417,0.51,0.02818623988176658,2025-12-21 15:40:46
103,1923,0.2900166380263006,0.59710043929155,0.51,0.02861815030242413,2025-12-21 15:40:46
103,1924,0.28791979432596293,0.5975789396028807,0.51,0.029048191332303783,2025-12-21 15:40:46
103,1925,0.2858273378432478,0.5980539871536656,0.51,0.029477317545477864,2025-12-21 15:40:46
103,1926,0.28373943612372254,0.5985255269220883,0.51,0.029903690917525406,2025-12-21 15:40:47
103,1927,0.2816562472672221,0.5989935053547745,0.51,0.02426663761857031,2025-12-21 15:40:47
103,1928,0.2795779197169018,0.5994578704176939,0.51,0.024607102749695894,2025-12-21 15:40:47
103,1929,0.2775045920647169,0.599918571643463,0.51,0.024945764891988353,2025-12-21 15:40:47
103,1930,0.2754363928734324,0.6003755601750492,0.51,0.025282610264189254,2025-12-21 15:40:47
103,1931,0.27337344051523604,0.6008287888058891,0.51,0.025617627594583855,2025-12-21 15:40:47
103,1932,0.2713158430269941,0.6012782120164338,0.51,0.02595080743236785,2025-12-21 15:40:47
103,1933,0.26926369798216204,0.601723786007152,0.51,0.026282141756491045,2025-12-21 15:40:48
103,1934,0.2672170923793326,0.6021654687280209,0.51,0.02661162377468756,2025-12-21 15:40:48
103,1935,0.2651761025473772,0.6026032199045476,0.51,0.026939247841009113,2025-12-21 15:40:48
103,1936,0.26314079406711166,0.6030370010603683,0.51,0.02726500944430027,2025-12-21 15:40:48
103,1937,0.26111122170939344,0.6034667755364798,0.51,0.02758890523636324,2025-12-21 15:40:48
103,1938,0.25908742938953455,0.6038925085071625,0.51,0.027905804362837988,2025-12-21 15:40:48
103,1939,0.25706945013789473,0.604314166992663,0.51,0.028225132118848587,2025-12-21 15:40:48
103,1940,0.2550573060864987,0.6047317198687057,0.51,0.02854262047037485,2025-12-21 15:40:48
103,1941,0.25305100847150475,0.6051451378729101,0.51,0.028858272203238555,2025-12-21 15:40:48
103,1942,0.2510505576513355,0.6055543936081956,0.51,0.02917209122762933,2025-12-21 15:40:48
103,1943,0.24905594314026533,0.6059594615432565,0.51,0.029485062343774206,2025-12-21 15:40:48
103,1944,0.24706714365724783,0.6063603180101967,0.51,0.02979636939890267,2025-12-21 15:40:49
103,1945,0.245084127189752,0.6067569411994157,0.51,0.025089139195077943,2025-12-21 15:40:49
103,1946,0.2431068510723671,0.6071493111518393,0.51,0.025346649105068734,2025-12-21 15:40:49
103,1947,0.24113526207992478,0.6075374097485932,0.51,0.025602534664915147,2025-12-21 15:40:49
103,1948,0.2391692965348798,0.6079212206982164,0.51,0.025855872742100414,2025-12-21 15:40:49
103,1949,0.23720888042868254,0.608300729521518,0.51,0.026108427663488056,2025-12-21 15:40:49
103,1950,0.23525392955687002,0.6086759235341763,0.51,0.026360402333372637,2025-12-21 15:40:49
103,1951,0.2333043496675976,0.6090467918271854,0.51,0.02661000635584391,2025-12-21 15:40:49
103,1952,0.23136003662332766,0.609413325245252,0.51,0.026858069955661066,2025-12-21 15:40:49
103,1953,0.22942087657538834,0.6097755163632482,0.51,0.027100027806668325,2025-12-21 15:40:49
103,1954,0.2274867461511126,0.6101333594608217,0.51,0.0273446290890897,2025-12-21 15:40:50
103,1955,0.22555751265326432,0.6104868504952707,0.51,0.02758777321190446,2025-12-21 15:40:50
103,1956,0.22363303427145678,0.6108359870727859,0.51,0.027829484384712545,2025-12-21 15:40:50
103,1957,0.221713160305267,0.6111807684181618,0.51,0.028070659583407247,2025-12-21 15:40:50
103,1958,0.21979773139874764,0.6115211953430819,0.51,0.028309658447883666,2025-12-21 15:40:50
103,1959,0.21788657978603765,0.6118572702130759,0.51,0.028540162326978685,2025-12-21 15:40:50
103,1960,0.21597952954777103,0.6121889969132506,0.51,0.028776126910982875,2025-12-21 15:40:50
103,1961,0.21407639687798277,0.6125163808128925,0.51,0.029010789221065047,2025-12-21 15:40:50
103,1962,0.21217699036120935,0.6128394287290377,0.51,0.029245947329605875,2025-12-21 15:40:50
103,1963,0.21028111125948035,0.6131581488891042,0.51,0.029478296813663554,2025-12-21 15:40:50
103,1964,0.20838855380889612,0.613472550892679,0.51,0.02970939915818012,2025-12-21 15:40:51
103,1965,0.20649910552548492,0.6137826456725511,0.51,0.025664596959853264,2025-12-21 15:40:51
103,1966,0.20461254752003044,0.6140884454550773,0.51,0.025862371254030285,2025-12-21 15:40:51
103,1967,0.20272865482155852,0.6143899637199679,0.51,0.026059048169990055,2025-12-21 15:40:51
103,1968,0.20084719670916854,0.614687215159574,0.51,0.02625562777567079,2025-12-21 15:40:51
103,1969,0.1989679370518914,0.6149802156377595,0.51,0.02645036890955327,2025-12-21 15:40:51
103,1970,0.19709063465625165,0.6152689821484334,0.51,0.026644080792778916,2025-12-21 15:40:51
103,1971,0.1952150436212067,0.6155535327738193,0.51,0.026837600029632088,2025-12-21 15:40:51
103,1972,0.1933409137001298,0.6158338866425348,0.51,0.02702941980752574,2025-12-21 15:40:51
103,1973,0.19146799066949782,0.6161100638875501,0.51,0.0272211616599219,2025-12-21 15:40:51
103,1974,0.18959601670393691,0.6163820856040929,0.51,0.027411208898524737,2025-12-21 15:40:52
103,1975,0.1877247307572716,0.6166499738075655,0.51,0.02760034738302654,2025-12-21 15:40:52
103,1976,0.185853868949214,0.6169137513915329,0.51,0.02778574883528416,2025-12-21 15:40:52
103,1977,0.1839831649573196,0.6171734420858432,0.51,0.02797313133996822,2025-12-21 15:40:52
103,1978,0.18211235041382684,0.6174290704149341,0.51,0.0281585853477903,2025-12-21 15:40:52
103,1979,0.18024115530698484,0.6176806616563802,0.51,0.028345136361969524,2025-12-21 15:40:52
103,1980,0.17836930838646284,0.61792824179973,0.51,0.028530101391838977,2025-12-21 15:40:52
103,1981,0.1764965375724213,0.6181718375056805,0.51,0.028714271395991465,2025-12-21 15:40:52
103,1982,0.17462257036781176,0.6184114760656344,0.51,0.02888884161369555,2025-12-21 15:40:52
103,1983,0.1727471342734572,0.6186471853616821,0.51,0.029073941939552105,2025-12-21 15:40:52
103,1984,0.17086995720545137,0.6188789938270464,0.51,0.02925833641119037,2025-12-21 15:40:52
103,1985,0.16899076791439863,0.6191069304070284,0.51,0.029439802776925417,2025-12-21 15:40:52
103,1986,0.16710929640600103,0.6193310245204876,0.51,0.0296212033163994,2025-12-21 15:40:53
103,1987,0.16522527436248272,0.6195513060218886,0.51,0.029801226513461555,2025-12-21 15:40:53
103,1988,0.16333843556432515,0.619767805163942,0.51,0.026235374912769813,2025-12-21 15:40:53
103,1989,0.1614485163117702,0.6199805525608687,0.51,0.02639344974041989,2025-12-21 15:40:53
103,1990,0.15955525584553118,0.6201895791523092,0.51,0.026551832636746122,2025-12-21 15:40:53
103,1991,0.15765839676613488,0.620394916167902,0.51,0.026708635285237453,2025-12-21 15:40:53
103,1992,0.15575768545130195,0.6205965950925499,0.51,0.026865772204625937,2025-12-21 15:40:53
103,1993,0.15385287247075544,0.6207946476323922,0.51,0.027020054688397514,2025-12-21 15:40:53
103,1994,0.1519437129978325,0.6209891056814979,0.51,0.027173493086510594,2025-12-21 15:40:53
103,1995,0.15002996721725842,0.6211800012892938,0.51,0.027328899224550753,2025-12-21 15:40:53
103,1996,0.14811140072842782,0.621367366628739,0.51,0.02748326035360682,2025-12-21 15:40:53
103,1997,0.14618778494352386,0.621551233965255,0.51,0.027635469791926666,2025-12-21 15:40:54
103,1998,0.14425889747979415,0.6217316356264191,0.51,0.027788842577205205,2025-12-21 15:40:54
103,1999,0.14232452254529002,0.6219086039724278,0.51,0.027940067600460652,2025-12-21 15:40:54
103,2000,0.14038445131736593,0.6220821713673331,0.51,0.028091097813645723,2025-12-21 15:40:54
103,2001,0.13843848231322728,0.6222523701510562,0.51,0.02824254783245805,2025-12-21 15:40:54
103,2002,0.1364864217518073,0.6224192326121762,0.51,0.02839300177056382,2025-12-21 15:40:54
103,2003,0.13452808390624907,0.6225827909614986,0.51,0.028543146037322522,2025-12-21 15:40:54
103,2004,0.132563291446265,0.6227430773063951,0.51,0.02869052112087435,2025-12-21 15:40:54
103,2005,0.13059187576964498,0.6229001236259174,0.51,0.028839145360998974,2025-12-21 15:40:54
103,2006,0.12861367732218518,0.6230539617466756,0.51,0.028986287476598854,2025-12-21 15:40:54
103,2007,0.12662854590531297,0.6232046233194783,0.51,0.02913267978796809,2025-12-21 15:40:54
103,2008,0.12463634097068886,0.623352139796726,0.51,0.029276279233455403,2025-12-21 15:40:54
103,2009,0.12263693190107464,0.6234965424105484,0.51,0.029424911148834616,2025-12-21 15:40:54
104,528,0.8421656887811774,-0.5593970511422921,0.51,0.0015761492656522639,2025-12-21 15:41:39
104,529,0.8434726252728758,-0.5590901567837833,0.51,0.0021472125136108807,2025-12-21 15:41:39
123,2456,-0.3994837028163894,0.17309056652783916,0.51,0.0013071930055487907,2025-12-21 16:02:21
123,2457,-0.4025465374449318,0.17068735012363903,0.51,0.002096820870197248,2025-12-21 16:02:21
123,2458,-0.4056022033025773,0.16827298774980648,0.51,0.0019359387435614636,2025-12-21 16:02:21
123,3113,-0.28610916050102764,-0.221496365864708,0.51,0.00104655437857095,2025-12-21 16:02:26
123,3114,-0.28225617718828394,-0.21878268387542477,0.51,0.004607289885818426,2025-12-21 16:02:26
123,3115,-0.2783731690128795,-0.21604984593988147,0.51,0.008064365819986506,2025-12-21 16:02:26
123,3116,-0.2744602233309201,-0.21329790472891536,0.51,0.011354836087731177,2025-12-21 16:02:26
123,3117,-0.27051745337271377,-0.21052693079237197,0.51,0.014596265806535174,2025-12-21 16:02:26
123,3118,-0.26654499844410573,-0.20773701271188783,0.51,0.017686207531267772,2025-12-21 16:02:26
123,3119,-0.26254302408648506,-0.2049282572247903,0.51,0.020615580346195244,2025-12-21 16:02:26
123,3120,-0.2585117221944409,-0.20210078931842196,0.51,0.02342098573915532,2025-12-21 16:02:26
123,3121,-0.25445131109013924,-0.19925475229426148,0.51,0.025990260120365014,2025-12-21 16:02:26
123,3122,-0.25036203555358943,-0.1963903078012809,0.51,0.028357779335890947,2025-12-21 16:02:26
123,3123,-0.24624416680807437,-0.1935076358380515,0.51,0.015265081776974014,2025-12-21 16:02:27
123,3124,-0.24209800246012736,-0.19060693472318538,0.51,0.016598377834178793,2025-12-21 16:02:27
123,3125,-0.23792386639355134,-0.18768842103377803,0.51,0.017900018474052384,2025-12-21 16:02:27
123,3126,-0.23372210861709458,-0.1847523295115984,0.51,0.01912521117089053,2025-12-21 16:02:27
123,3127,-0.22949310506551757,-0.18179891293685632,0.51,0.020269507559484187,2025-12-21 16:02:27
123,3128,-0.2252372573539102,-0.17882844196946274,0.51,0.021300238961386938,2025-12-21 16:02:27
123,3129,-0.22095499248524506,-0.17584120495778488,0.51,0.02224431799229213,2025-12-21 16:02:27
123,3130,-0.21664676251128123,-0.17283750771498826,0.51,0.023082623539486462,2025-12-21 16:02:27
123,3131,-0.2123130441470637,-0.16981767326314556,0.51,0.0237668054342303,2025-12-21 16:02:27
123,3132,-0.20795433833939378,-0.16678204154538373,0.51,0.024291644488296075,2025-12-21 16:02:27
123,3133,-0.20357116978977802,-0.16373096910642992,0.51,0.02462356830056118,2025-12-21 16:02:27
123,3134,-0.19916408643249323,-0.16066482874200771,0.51,0.02468389644574812,2025-12-21 16:02:28
123,3135,-0.19473365886853602,-0.1575840091176234,0.51,0.024357684393747105,2025-12-21 16:02:28
123,3136,-0.1902804797563529,-0.1544889143573712,0.51,0.023861288943659086,2025-12-21 16:02:28
123,3137,-0.18580516316037357,-0.15137996360347186,0.51,0.023025706552446575,2025-12-21 16:02:28
123,3138,-0.18130834385849356,-0.148257590547345,0.51,0.021735422066119146,2025-12-21 16:02:28
123,3139,-0.17679067660977216,-0.1451222429330965,0.51,0.020106362971498058,2025-12-21 16:02:28
123,3140,-0.1722528353837277,-0.1419743820343829,0.51,0.018119650637661536,2025-12-21 16:02:28
125,213,0.6739645767520795,-0.6739645767520795,0.51,0.002416797266457576,2025-12-21 16:04:07
125,214,0.6749979699498544,-0.6749979699498544,0.51,0.003823317105853449,2025-12-21 16:04:07
125,215,0.6760115911817568,-0.6760115911817568,0.51,0.005202979371921533,2025-12-21 16:04:07
125,216,0.6770052066629,-0.6770052066629,0.51,0.006555473262052597,2025-12-21 16:04:08
125,217,0.6779785878708635,-0.6779785878708635,0.51,0.007880479906232848,2025-12-21 16:04:08
125,218,0.6789315115595617,-0.6789315115595617,0.51,0.009177688483853735,2025-12-21 16:04:08
125,219,0.6798637597669929,-0.6798637597669929,0.51,0.010446795795271665,2025-12-21 16:04:08
125,220,0.6807751198173556,-0.6807751198173556,0.51,0.011687505998004041,2025-12-21 16:04:08
125,221,0.6816653843180192,-0.6816653843180192,0.51,0.01289953052445808,2025-12-21 16:04:08
125,222,0.6825343511518429,-0.6825343511518429,0.51,0.014082588063171234,2025-12-21 16:04:08
125,223,0.683381823465338,-0.683381823465338,0.51,0.015236404561210956,2025-12-21 16:04:08
125,224,0.684207609653168,-0.684207609653168,0.51,0.01636071323114994,2025-12-21 16:04:08
125,225,0.6850115233394805,-0.6850115233394805,0.51,0.01745525455530934,2025-12-21 16:04:08
125,226,0.685793383356564,-0.685793383356564,0.51,0.01851977628393138,2025-12-21 16:04:08
125,227,0.6865530137213165,-0.6865530137213165,0.51,0.01955403342586905,2025-12-21 16:04:08
125,228,0.6872902436100086,-0.6872902436100086,0.51,0.020557788231576182,2025-12-21 16:04:08
125,229,0.6880049073318187,-0.6880049073318187,0.51,0.021530810168896297,2025-12-21 16:04:09
133,3001,-0.6148103489217362,0.5879894125107559,0.51,0.0011397410741997346,2025-12-21 16:22:30
133,3002,-0.61244910907274,0.587425573220512,0.51,0.002042794483548725,2025-12-21 16:22:30
133,3003,-0.6100816164285295,0.5868438229340429,0.51,0.0024773380764962997,2025-12-21 16:22:30
133,3004,-0.607708053534961,0.5862446854433705,0.51,0.0026218073439442297,2025-12-21 16:22:30
133,3005,-0.6053285992064091,0.5856286791122804,0.51,0.0026457247530254683,2025-12-21 16:22:30
133,3006,-0.6029434280221904,0.5849963165943287,0.51,0.0025551789360787566,2025-12-21 16:22:31
133,3007,-0.6005527098281842,0.5843481045556355,0.51,0.00246935609661543,2025-12-21 16:22:31
133,3008,-0.5981566092445989,0.5836845434029473,0.51,0.00232062858244667,2025-12-21 16:22:31
133,3009,-0.5957552851808041,0.5830061270174339,0.51,0.0021740554898108644,2025-12-21 16:22:31
133,3010,-0.5933488903581279,0.5823133424946728,0.51,0.0020848077052424705,2025-12-21 16:22:31
133,3011,-0.5909375708414865,0.5816066698912568,0.51,0.001854186997457275,2025-12-21 16:22:31
133,3012,-0.5885214655806879,0.5808865819784444,0.51,0.0017663616260053146,2025-12-21 16:22:31
133,3045,-0.50643264865083,0.5521797343358027,0.51,0.0012068559819768618,2025-12-21 16:22:32
133,3046,-0.5038623873261812,0.5512210470527799,0.51,0.0013791155832788631,2025-12-21 16:22:33
133,3047,-0.501285227828441,0.5502596674091971,0.51,0.0015467718900844633,2025-12-21 16:22:33
133,3048,-0.49870087652429096,0.5492957217434256,0.51,0.001724529456455881,2025-12-21 16:22:33
133,3049,-0.49610902720295663,0.5483293268417567,0.51,0.0018986344206769871,2025-12-21 16:22:33
133,3050,-0.4935093612967335,0.5473605900655119,0.51,0.0020763058249938333,2025-12-21 16:22:33
133,3051,-0.49090154812125036,0.5463896094863809,0.51,0.0021838706511862643,2025-12-21 16:22:33
133,3052,-0.48828524513537713,0.5454164740297835,0.51,0.0022147734806800923,2025-12-21 16:22:33
140,1819,-0.021729774164966506,-0.2645956519947125,0.51,0.001087353306400247,2025-12-21 16:56:18
140,1820,-0.01986388548883501,-0.2638455940534577,0.51,0.0011008998985131604,2025-12-21 16:56:18
140,2544,0.46309870640826845,0.45461163416506756,0.51,0.0020989169611120477,2025-12-21 16:56:23
140,2545,0.4609157670813487,0.45548086813786115,0.51,0.0036767501522364755,2025-12-21 16:56:23
140,2546,0.458736677083578,0.45634833863324603,0.51,0.005322473631971268,2025-12-21 16:56:23
140,2547,0.456561661668639,0.4572139491814299,0.51,0.0070095042465189985,2025-12-21 16:56:23
140,2548,0.45439093868085617,0.45807760595725966,0.51,0.00880985299731514,2025-12-21 16:56:24
140,2549,0.45222471822119936,0.4589392179040123,0.51,0.010680193984820417,2025-12-21 16:56:24
140,2550,0.45006320232785924,0.4597986968509302,0.51,0.012602345495973846,2025-12-21 16:56:24
140,2551,0.44790658467176747,0.46065595762434164,0.51,0.014547919221461104,2025-12-21 16:56:24
140,2552,0.4457550502673935,0.4615109181522208,0.51,0.016528031372464665,2025-12-21 16:56:24
140,2553,0.44360877519910996,0.4623634995620589,0.51,0.018532347109602883,2025-12-21 16:56:24
140,2554,0.44146792636338084,0.4632136262719326,0.51,0.02055379258703499,2025-12-21 16:56:24
140,2555,0.43933266122698694,0.46406122607467004,0.51,0.022587436901453442,2025-12-21 16:56:24
140,2556,0.43720312760146807,0.4649062302150322,0.51,0.02462770831185747,2025-12-21 16:56:24
140,2557,0.43507946343392306,0.4657485734598372,0.51,0.026664751003904755,2025-12-21 16:56:24
140,2558,0.4329617966142757,0.46658819416097375,0.51,0.028705583826235413,2025-12-21 16:56:24
140,2559,0.43085024479907963,0.46742503431125887,0.51,0.01540397827041218,2025-12-21 16:56:25
140,2560,0.4287449152519035,0.4682590395931111,0.51,0.01644965475451708,2025-12-21 16:56:25
140,2561,0.4266459047003061,0.4690901594200208,0.51,0.017492903279953516,2025-12-21 16:56:25
140,2562,0.42455329920938273,0.469918346970811,0.51,0.018527396840400615,2025-12-21 16:56:25
140,2563,0.42246717407183393,0.47074355921669436,0.51,0.019558734371345768,2025-12-21 16:56:25
140,2564,0.42038759371448337,0.47156575694114133,0.51,0.020586112316361073,2025-12-21 16:56:25
140,2565,0.41831461162114514,0.4723849047525845,0.51,0.021604205765586117,2025-12-21 16:56:25
140,2566,0.4162482702717173,0.47320097108999437,0.51,0.022615432077473234,2025-12-21 16:56:25
140,2567,0.4141886010973578,0.47401392822136956,0.51,0.02361982067066837,2025-12-21 16:56:25
140,2568,0.4121356244515764,0.47482375223519274,0.51,0.024621999930718796,2025-12-21 16:56:25
140,2569,0.4100893495970602,0.4756304230249115,0.51,0.025614894737984385,2025-12-21 16:56:25
140,2570,0.40804977470803,0.47643392426651004,0.51,0.026620036626851962,2025-12-21 16:56:26
140,2571,0.4060168868879115,0.4772342433892438,0.51,0.027610152482747775,2025-12-21 16:56:26
140,2572,0.4039906622020897,0.47803137153961495,0.51,0.028594083802652555,2025-12-21 16:56:26
140,2573,0.4019710657255023,0.47882530353867236,0.51,0.029574076142786603,2025-12-21 16:56:26
140,2574,0.39995805160481607,0.47961603783272416,0.51,0.02038394421472034,2025-12-21 16:56:26
140,2575,0.3979515631349203,0.48040357643755477,0.51,0.021039171195615505,2025-12-21 16:56:26
140,2576,0.39595153284946244,0.4811879248762431,0.51,0.02169186288027364,2025-12-21 16:56:26
140,2577,0.3939578826251428,0.4819690921106814,0.51,0.02234132777512391,2025-12-21 16:56:26
140,2578,0.39197052379947905,0.4827470904668968,0.51,0.0229887117000081,2025-12-21 16:56:26
140,2579,0.3899893573017445,0.48352193555428175,0.51,0.02363226973091399,2025-12-21 16:56:26
140,2580,0.3880142737967811,0.48429364617883974,0.51,0.0242737315890784,2025-12-21 16:56:27
140,2581,0.3860451538413826,0.48506224425055655,0.51,0.024911445239542102,2025-12-21 16:56:27
140,2582,0.38408186805294064,0.4858277546850078,0.51,0.025546232708909114,2025-12-21 16:56:27
140,2583,0.38212427729004445,0.4865902052993158,0.51,0.026176347233288,2025-12-21 16:56:27
140,2584,0.380172232844723,0.48734962670256987,0.51,0.026801227779838274,2025-12-21 16:56:27
140,2585,0.37822557664601625,0.4881060521808249,0.51,0.027426437284266355,2025-12-21 16:56:27
140,2586,0.3762841414745619,0.48885951757679486,0.51,0.02804432795578364,2025-12-21 16:56:27
140,2587,0.3743477511878836,0.4896100611643584,0.51,0.02866292532438342,2025-12-21 16:56:27
140,2588,0.37241622095606536,0.49035772351799534,0.51,0.029274346758927074,2025-12-21 16:56:27
140,2589,0.3704893575074969,0.4911025473772722,0.51,0.029886576979621902,2025-12-21 16:56:27
140,2590,0.3685669593843753,0.49184457750649835,0.51,0.022887783297279987,2025-12-21 16:56:27
140,2591,0.3666488172076461,0.49258386054967296,0.51,0.02334866265260438,2025-12-21 16:56:28
140,2592,0.36473471395106916,0.49332044488084603,0.51,0.023808774843070223,2025-12-21 16:56:28
140,2593,0.3628244252240911,0.494054380450017,0.51,0.024266275086035922,2025-12-21 16:56:28
140,2594,0.3609177195632077,0.49478571862469606,0.51,0.02472307928330312,2025-12-21 16:56:28
140,2595,0.35901435873149695,0.4955145120272557,0.51,0.025177390265252553,2025-12-21 16:56:28
140,2596,0.35711409802600214,0.49624081436820056,0.51,0.02562782448870135,2025-12-21 16:56:28
140,2597,0.35521668659264216,0.49696468027548707,0.51,0.02607932846025177,2025-12-21 16:56:28
140,2598,0.3533218677483236,0.49768616512002634,0.51,0.026528501147838165,2025-12-21 16:56:28
140,2599,0.35142937930992535,0.49840532483750577,0.51,0.026977175157337732,2025-12-21 16:56:28
140,2600,0.3495389539298237,0.49912221574666904,0.51,0.027424633790803597,2025-12-21 16:56:29
140,2601,0.3476503194376191,0.4998368943641963,0.51,0.02786573809956609,2025-12-21 16:56:29
140,2602,0.3457631991877223,0.5005494172163307,0.51,0.028309659203467754,2025-12-21 16:56:29
140,2603,0.34387731241245106,0.5012598406474011,0.51,0.028748150453738113,2025-12-21 16:56:29
140,2604,0.34199237458028026,0.5019682206253947,0.51,0.029188991960926572,2025-12-21 16:56:29
140,2605,0.3401080977588824,0.5026746125447387,0.51,0.02962887925192884,2025-12-21 16:56:29
140,2606,0.3382241909825857,0.503379071026454,0.51,0.02406692737219698,2025-12-21 16:56:29
140,2607,0.33634036062386846,0.5040816497158505,0.51,0.02442172084644637,2025-12-21 16:56:29
140,2608,0.33445631076849736,0.5047824010779375,0.51,0.02477153107022574,2025-12-21 16:56:29
140,2609,0.33257174359390773,0.5054813761907296,0.51,0.025124368397120178,2025-12-21 16:56:29
140,2610,0.33068635975041133,0.5061786245366341,0.51,0.025476715354368237,2025-12-21 16:56:29
140,2611,0.3287998587448052,0.5068741937921126,0.51,0.02582862340993343,2025-12-21 16:56:30
140,2612,0.326911939325943,0.507568129615816,0.51,0.02618014365865727,2025-12-21 16:56:30
140,2613,0.32502229987181486,0.5082604754353974,0.51,0.02652713463114053,2025-12-21 16:56:30
140,2614,0.3231306387776713,0.5089512722332175,0.51,0.026876838422627364,2025-12-21 16:56:30
140,2615,0.32123665484470787,0.5096405583311592,0.51,0.027223428278634495,2025-12-21 16:56:30
140,2616,0.3193400476688167,0.5103283691747811,0.51,0.027571372931712097,2025-12-21 16:56:30
140,2617,0.3174405180288933,0.5110147371170405,0.51,0.02791643589558167,2025-12-21 16:56:30
140,2618,0.3155377682741733,0.5116996912018286,0.51,0.028263183224297345,2025-12-21 16:56:30
140,2619,0.31363150271005774,0.5123832569475641,0.51,0.028610635649841818,2025-12-21 16:56:30
140,2620,0.311721427981871,0.5130654561311006,0.51,0.028953463342367536,2025-12-21 16:56:30
140,2621,0.3098072534559803,0.5137463065722067,0.51,0.029297489455257484,2025-12-21 16:56:30
140,2622,0.30788869159769044,0.5144258219188893,0.51,0.029642401877137625,2025-12-21 16:56:31
140,2623,0.30596545834531463,0.5151040114338294,0.51,0.02500711355128795,2025-12-21 16:56:31
140,2624,0.3040372734798071,0.5157808797822128,0.51,0.025298933003520038,2025-12-21 16:56:31
140,2625,0.3021038609893307,0.5164564268212366,0.51,0.025590767645391952,2025-12-21 16:56:31
140,2626,0.3001649494281214,0.5171306473915838,0.51,0.02588265433263207,2025-12-21 16:56:31
140,2627,0.2982202722689995,0.517803531111155,0.51,0.026174617081610167,2025-12-21 16:56:31
140,2628,0.2962695682488673,0.5184750621713566,0.51,0.02646383373502958,2025-12-21 16:56:31
140,2629,0.2943125817065258,0.5191452191362436,0.51,0.026756424030466863,2025-12-21 16:56:31
140,2630,0.29234906291213364,0.5198139747448167,0.51,0.027047035349197415,2025-12-21 16:56:31
140,2631,0.2903787683876277,0.5204812957167791,0.51,0.027334832021460864,2025-12-21 16:56:31
140,2632,0.2884014612174195,0.5211471425620527,0.51,0.027622667358256234,2025-12-21 16:56:31
140,2633,0.2864169113486802,0.521811469394357,0.51,0.02791401796195034,2025-12-21 16:56:32
140,2634,0.28442489588052655,0.5224742237491511,0.51,0.02820561778957749,2025-12-21 16:56:32
140,2635,0.28242519934142213,0.5231353464062372,0.51,0.028497482001756152,2025-12-21 16:56:32
140,2636,0.2804176139541122,0.5237947712173175,0.51,0.0287896203143911,2025-12-21 16:56:32
140,2637,0.27840193988741746,0.5244524249387964,0.51,0.029082040264082662,2025-12-21 16:56:32
140,2638,0.27637798549422016,0.525108227070109,0.51,0.02937474717548147,2025-12-21 16:56:32
140,2639,0.27434556753498796,0.5257620896978535,0.51,0.029667744132161937,2025-12-21 16:56:32
140,2640,0.2723045113861943,0.5264139173459953,0.51,0.025687667591852023,2025-12-21 16:56:32
140,2641,0.2702546512330112,0.5270636068323994,0.51,0.02593839067025766,2025-12-21 16:56:32
140,2642,0.26819583024566823,0.5277110471319412,0.51,0.02619307962268773,2025-12-21 16:56:32
140,2643,0.2661279007388957,0.5283561192464292,0.51,0.02644570676202847,2025-12-21 16:56:32
140,2644,0.2640507243138907,0.528998696081564,0.51,0.026700201163470248,2025-12-21 16:56:33
140,2645,0.2619641719822761,0.5296386423311404,0.51,0.026954964544545035,2025-12-21 16:56:33
140,2646,0.259868124271549,0.5302758143686866,0.51,0.02720999074689622,2025-12-21 16:56:33
140,2647,0.25776247131154906,0.5309100601467169,0.51,0.027465271684712755,2025-12-21 16:56:33
140,2648,0.2556471129015123,0.5315412191037567,0.51,0.027720797321783446,2025-12-21 16:56:33
140,2649,0.253521958557312,0.5321691220792804,0.51,0.027976555659627228,2025-12-21 16:56:33
140,2650,0.25138692753852937,0.5327935912366828,0.51,0.028232532734994226,2025-12-21 16:56:33
140,2651,0.24924194885503803,0.5334144399943863,0.51,0.028488712625501532,2025-12-21 16:56:33
140,2652,0.24708696125283075,0.534031472965161,0.51,0.028745077462506367,2025-12-21 16:56:33
140,2653,0.2449219131788626,0.5346444859037176,0.51,0.029001607450607366,2025-12-21 16:56:33
140,2654,0.2427467627247331,0.5352532656626086,0.51,0.029258280893373807,2025-12-21 16:56:33
140,2655,0.24056147754907906,0.5358575901564478,0.51,0.02951507422508622,2025-12-21 16:56:34
140,2656,0.23836603477860133,0.5364572283344411,0.51,0.029771962048415493,2025-12-21 16:56:34
140,2657,0.23616042088770064,0.53705194016119,0.51,0.026275737460671446,2025-12-21 16:56:34
140,2658,0.23394463155675113,0.5376414766057136,0.51,0.02650288997722725,2025-12-21 16:56:34
140,2659,0.2317186715090943,0.5382255796386038,0.51,0.026730102189235248,2025-12-21 16:56:34
140,2660,0.2294825543268912,0.5388039822372092,0.51,0.0269573498118757,2025-12-21 16:56:34
140,2661,0.22723630224602548,0.5393764083987176,0.51,0.0271846073979589,2025-12-21 16:56:34
140,2662,0.22497994593030518,0.5399425731609852,0.51,0.027411848362540642,2025-12-21 16:56:34
140,2663,0.22271352422526675,0.5405021826309342,0.51,0.027639045021100827,2025-12-21 16:56:34
140,2664,0.22043708389193872,0.5410549340203241,0.51,0.02786616864001569,2025-12-21 16:56:34
140,2665,0.21815067932097776,0.5416005156886727,0.51,0.028093189498334958,2025-12-21 16:56:34
140,2666,0.21585437222764187,0.5421386071930894,0.51,0.028320076960173243,2025-12-21 16:56:35
140,2667,0.2135482313281189,0.5426688793447575,0.51,0.02854679955725609,2025-12-21 16:56:35
140,2668,0.21123233199777838,0.5431909942717875,0.51,0.02877332508134497,2025-12-21 16:56:35
140,2669,0.20890675591196503,0.5437046054881423,0.51,0.02899962068640347,2025-12-21 16:56:35
140,2670,0.20657159066999875,0.5442093579683203,0.51,0.029225653000540534,2025-12-21 16:56:35
140,2671,0.20422692940309253,0.5447048882274685,0.51,0.029451388247817407,2025-12-21 16:56:35
140,2672,0.20187287036694238,0.5451908244065797,0.51,0.029676792380140284,2025-12-21 16:56:35
140,2673,0.19950951651978469,0.5456667863624199,0.51,0.02657994142514361,2025-12-21 16:56:35
140,2674,0.19713697508675493,0.5461323857618201,0.51,0.026782264130656524,2025-12-21 16:56:35
140,2675,0.19475535711141742,0.546587226179955,0.51,0.02698426858340783,2025-12-21 16:56:35
140,2676,0.1923647769953688,0.5470309032022292,0.51,0.02718592726345999,2025-12-21 16:56:35
140,2677,0.18996535202684822,0.5474630045293796,0.51,0.027387213119669615,2025-12-21 16:56:36
140,2678,0.1875572018993137,0.5478831100854044,0.51,0.027588099691640243,2025-12-21 16:56:36
140,2679,0.18514044822096906,0.5482907921279253,0.51,0.02778856124357,2025-12-21 16:56:36
140,2680,0.1827152140162452,0.5486856153605878,0.51,0.027988572909328387,2025-12-21 16:56:36
140,2681,0.18028162322025837,0.5490671370471095,0.51,0.028188110848136508,2025-12-21 16:56:36
140,2682,0.17783980016728168,0.5494349071265888,0.51,0.028387152410250232,2025-12-21 16:56:36
140,2683,0.17538986907427692,0.5497884683296919,0.51,0.028585676312001988,2025-12-21 16:56:36
140,2684,0.17293195352054222,0.5501273562953436,0.51,0.028783662819500365,2025-12-21 16:56:36
140,2685,0.1704661759245352,0.5504510996875592,0.51,0.028981093940188187,2025-12-21 16:56:36
140,2686,0.16799265701893284,0.5507592203120621,0.51,0.02917795362130273,2025-12-21 16:56:36
140,2687,0.16551151532498756,0.5510512332323491,0.51,0.029394292375124267,2025-12-21 16:56:36
140,2688,0.16302286662723448,0.5513266468848771,0.51,0.029593666621332514,2025-12-21 16:56:37
140,2689,0.1605268234495973,0.5515849631930653,0.51,0.02681390640707971,2025-12-21 16:56:37
140,2690,0.15802349453392958,0.5518256776798199,0.51,0.026995124907215663,2025-12-21 16:56:37
140,2691,0.1555129843220156,0.5520482795783145,0.51,0.027175943181311717,2025-12-21 16:56:37
140,2692,0.1529953924420389,0.5522522519407748,0.51,0.0273563567719472,2025-12-21 16:56:37
140,2693,0.15047081320050937,0.5524370717450445,0.51,0.027536363388014986,2025-12-21 16:56:37
140,2694,0.1479393350806187,0.5526022099987296,0.51,0.027715962988724568,2025-12-21 16:56:37
140,2695,0.14540104024797287,0.5527471318407444,0.51,0.027895157865726085,2025-12-21 16:56:37
140,2696,0.14285600406462484,0.5528712966401123,0.51,0.028073952721624364,2025-12-21 16:56:37
140,2697,0.14030429461230648,0.5529741580918958,0.51,0.028252354743100835,2025-12-21 16:56:37
140,2698,0.13774597222572985,0.5530551643101672,0.51,0.028430373666841292,2025-12-21 16:56:37
140,2699,0.1351810890368003,0.5531137579179525,0.51,0.028608021836411094,2025-12-21 16:56:37
140,2700,0.13260968853055372,0.5531493761341177,0.51,0.02878531424820323,2025-12-21 16:56:38
140,2701,0.13003180511359938,0.5531614508571951,0.51,0.02896226858451129,2025-12-21 16:56:38
140,2702,0.1274474636958182,0.553149408746178,0.51,0.02916097740797227,2025-12-21 16:56:38
140,2703,0.12485667928603447,0.5531126712983464,0.51,0.029340283015529454,2025-12-21 16:56:38
140,2704,0.12225945660234612,0.5530506549242176,0.51,0.029519375575729544,2025-12-21 16:56:38
140,2705,0.11965578969776565,0.5529627710197477,0.51,0.029698278883595573,2025-12-21 16:56:38
140,2706,0.1170456616017916,0.5528484260359452,0.51,0.02716172208649191,2025-12-21 16:56:38
140,2707,0.11442904397849671,0.5527070215460872,0.51,0.027326798410532264,2025-12-21 16:56:38
140,2708,0.11180589680168711,0.5525379543107658,0.51,0.027491788695190485,2025-12-21 16:56:38
140,2709,0.10917616804765413,0.5523406163410223,0.51,0.02765671873269092,2025-12-21 16:56:38
140,2710,0.10653979340600894,0.5521143949598607,0.51,0.027821616007949544,2025-12-21 16:56:38
140,2711,0.10389669600905897,0.5518586728624634,0.51,0.027986509587502026,2025-12-21 16:56:39
140,2712,0.10124678618015492,0.5515728281754656,0.51,0.028149472562525115,2025-12-21 16:56:39
140,2713,0.09858996120140763,0.5512562345156745,0.51,0.028314471968432176,2025-12-21 16:56:39
140,2714,0.09592610510114566,0.5509082610486518,0.51,0.02847956283608267,2025-12-21 16:56:39
140,2715,0.0932550884614569,0.5505282725476071,0.51,0.028644778660411457,2025-12-21 16:56:39
140,2716,0.09057676824613131,0.5501156294530809,0.51,0.028810153800132368,2025-12-21 16:56:39
140,2717,0.08789098764929651,0.5496696879339223,0.51,0.028975723277341547,2025-12-21 16:56:39
140,2718,0.08519757596501416,0.5491897999500969,0.51,0.029141522561614654,2025-12-21 16:56:39
140,2719,0.08249634847808222,0.5486753133178845,0.51,0.02930758733867161,2025-12-21 16:56:39
140,2720,0.07978710637626653,0.5481255717780559,0.51,0.02947395326379195,2025-12-21 16:56:39
140,2721,0.07706963668416521,0.5475399150676363,0.51,0.029651556869499565,2025-12-21 16:56:40
140,2722,0.07434371221889019,0.5469176789958953,0.51,0.027335434524453497,2025-12-21 16:56:40
140,2723,0.0716090915677323,0.5462581955252152,0.51,0.02749269760421187,2025-12-21 16:56:40
140,2724,0.0688655190879602,0.5455607928575191,0.51,0.027650198219590187,2025-12-21 16:56:40
140,2725,0.06611272492888744,0.5448247955269545,0.51,0.027808117798419543,2025-12-21 16:56:40
140,2726,0.06335042507632847,0.5440495244995462,0.51,0.02796648154667875,2025-12-21 16:56:40
140,2727,0.06057832141955029,0.5432342972805512,0.51,0.028123934530561754,2025-12-21 16:56:40
140,2728,0.057796101840814816,0.5423784280302587,0.51,0.02828330465854803,2025-12-21 16:56:40
140,2729,0.05500344032759561,0.5414812276889954,0.51,0.028443189418715556,2025-12-21 16:56:40
140,2730,0.05219999710754171,0.5405420041121027,0.51,0.028603606997368133,2025-12-21 16:56:40
140,2731,0.04938541880625186,0.5395600622156648,0.51,0.02876457310397933,2025-12-21 16:56:40
140,2732,0.04655933862791298,0.538534704133771,0.51,0.028926100648622728,2025-12-21 16:56:41
140,2733,0.04372137655884796,0.5374652293881025,0.51,0.02908819940937579,2025-12-21 16:56:41
140,2734,0.0408711395940095,0.5363509350706333,0.51,0.029253833206652712,2025-12-21 16:56:41
140,2735,0.03800822198644845,0.535191116040239,0.51,0.02941736295355912,2025-12-21 16:56:41
140,2736,0.03513220551977707,0.5339850651340013,0.51,0.029581471239790227,2025-12-21 16:56:41
140,2737,0.032242659803639453,0.532732073393994,0.51,0.027458407643373,2025-12-21 16:56:41
140,2738,0.029339142592193085,0.531431430310327,0.51,0.027613027097313184,2025-12-21 16:56:41
140,2739,0.02642120012559661,0.5300824240812178,0.51,0.02776816210714517,2025-12-21 16:56:41
140,2740,0.023488367494490063,0.528684341890842,0.51,0.02792379533248976,2025-12-21 16:56:41
140,2741,0.020540169027443763,0.5272364702057067,0.51,0.028085493611092704,2025-12-21 16:56:41
140,2742,0.017576118701341528,0.5257380950902627,0.51,0.028243021152948838,2025-12-21 16:56:41
140,2743,0.014595720574652459,0.5241885025424586,0.51,0.028400990251052863,2025-12-21 16:56:41
140,2744,0.011598469243532805,0.5225869788499093,0.51,0.028560331280517173,2025-12-21 16:56:42
140,2745,0.00858385032068564,0.5209328109673264,0.51,0.028719325362463827,2025-12-21 16:56:42
140,2746,0.005551340936890815,0.5192252869158249,0.51,0.028880918301022192,2025-12-21 16:56:42
140,2747,0.00250041026510094,0.5174636962046895,0.51,0.029040720718382623,2025-12-21 16:56:42
140,2748,-0.0005694799330193036,0.5156473302761396,0.51,0.029204191615854972,2025-12-21 16:56:42
140,2749,-0.003658874738253388,0.5137754829735984,0.51,0.0293646584952379,2025-12-21 16:56:42
140,2750,-0.0067683254828576934,0.5118474510339184,0.51,0.02952517297714843,2025-12-21 16:56:42
140,2751,-0.009898389137639916,0.5098625346039738,0.51,0.029685642763813486,2025-12-21 16:56:42
140,2752,-0.013049627677306516,0.5078200377819727,0.51,0.027714662364569244,2025-12-21 16:56:42
140,2753,-0.016222607424323097,0.5057192691837885,0.51,0.027865583880753716,2025-12-21 16:56:42
140,2754,-0.01941789837156239,0.503559542534549,0.51,0.027994615823651935,2025-12-21 16:56:42
140,2755,-0.02263607348404773,0.5013401772856593,0.51,0.02814180136590862,2025-12-21 16:56:43
140,2756,-0.025877707980135476,0.4990604992573646,0.51,0.02828834620289555,2025-12-21 16:56:43
140,2757,-0.02914337859251804,0.4967198413068919,0.51,0.028434099312802125,2025-12-21 16:56:43
140,2758,-0.03243366280946964,0.4943175440221299,0.51,0.02857889632988809,2025-12-21 16:56:43
140,2759,-0.0357491380968002,0.4918529564407334,0.51,0.028722558706974034,2025-12-21 16:56:43
140,2760,-0.03909038110102829,0.4893254367944519,0.51,0.02886489281401073,2025-12-21 16:56:43
140,2761,-0.042457966834332256,0.4867343532784004,0.51,0.029005688964706976,2025-12-21 16:56:43
140,2762,-0.04585246784188917,0.4840790848448994,0.51,0.02914472036209825,2025-12-21 16:56:43
140,2763,-0.04927445335226421,0.4813590220214207,0.51,0.02928174195277977,2025-12-21 16:56:43
140,2764,-0.05272448841156821,0.4785735677520805,0.51,0.029416489178207612,2025-12-21 16:56:43
140,2765,-0.05620313300215865,0.4757221382620234,0.51,0.029556465754771357,2025-12-21 16:56:43
140,2766,-0.059710941146718585,0.47280416394394237,0.51,0.02771227370748868,2025-12-21 16:56:44
140,2767,-0.06324845999860954,0.4698190902658743,0.51,0.027836482553809865,2025-12-21 16:56:44
140,2768,-0.06681622891945718,0.4667663786993108,0.51,0.02795780120618729,2025-12-21 16:56:44
140,2769,-0.07041477854499334,0.463645507666553,0.51,0.028075907326170463,2025-12-21 16:56:44
140,2770,-0.0740446298402435,0.4604559735061358,0.51,0.028190454782610907,2025-12-21 16:56:44
140,2771,-0.07770629314521584,0.4571972914550357,0.51,0.028301072003357654,2025-12-21 16:56:44
140,2772,-0.08140026721231551,0.453868996646268,0.51,0.028407360184677207,2025-12-21 16:56:44
140,2773,-0.08512703823677577,0.45047064512037105,0.51,0.02850889134484169,2025-12-21 16:56:44
140,2774,-0.08888707888146574,0.4470018148491634,0.51,0.028605206207929418,2025-12-21 16:56:44
140,2775,-0.09268084729750281,0.4434621067700542,0.51,0.02869581190406803,2025-12-21 16:56:44
140,2776,-0.09650878614216468,0.4398511458290778,0.51,0.028780179472974027,2025-12-21 16:56:45
140,2777,-0.10037132159566303,0.436168582030719,0.51,0.028857741159334694,2025-12-21 16:56:45
140,2778,-0.10426886237840556,0.4324140914924916,0.51,0.028927887491317625,2025-12-21 16:56:45
140,2779,-0.10820179877043694,0.42858737750213294,0.51,0.028992828258592486,2025-12-21 16:56:45
140,2780,-0.11217050163481025,0.42468817157517924,0.51,0.02904649882980208,2025-12-21 16:56:45
140,2781,-0.11617532144669931,0.42071623451059403,0.51,0.029090668666690557,2025-12-21 16:56:45
140,2782,-0.12021658733011803,0.4166713574420329,0.51,0.027306717657235344,2025-12-21 16:56:45
140,2783,-0.12429460610416504,0.41255336288224453,0.51,0.02733543673916312,2025-12-21 16:56:45
140,2784,-0.12840966134076015,0.40836210575803034,0.51,0.02735351076804517,2025-12-21 16:56:45
140,2785,-0.13256201243588325,0.40409747443311256,0.51,0.027360078294673906,2025-12-21 16:56:45
140,2786,-0.1367518936963651,0.3997593917161984,0.51,0.027265906263101176,2025-12-21 16:56:45
140,2787,-0.14097951344431353,0.39534781585146855,0.51,0.02722935739424177,2025-12-21 16:56:45
140,2788,-0.1452450531412868,0.39086274148867095,0.51,0.02718508951166,2025-12-21 16:56:46
140,2789,-0.1495486665343473,0.3863042006299602,0.51,0.027111022180895603,2025-12-21 16:56:46
140,2790,-0.1538904788261452,0.3816722635505919,0.51,0.027017067190082008,2025-12-21 16:56:46
140,2791,-0.15827058587118958,0.37696703969056045,0.51,0.02690153486422166,2025-12-21 16:56:46
140,2792,-0.1626890534004663,0.37218867851425647,0.51,0.02676262864881577,2025-12-21 16:56:46
140,2793,-0.16714591627655567,0.36733737033522135,0.51,0.026598453435507305,2025-12-21 16:56:46
140,2794,-0.17164117778138874,0.36241334710308526,0.51,0.02644335461274959,2025-12-21 16:56:46
140,2795,-0.1761748089387592,0.35741688314979736,0.51,0.026228599571255867,2025-12-21 16:56:46
140,2796,-0.18074674787367706,0.35234829589229066,0.51,0.02598344095023106,2025-12-21 16:56:46
140,2797,-0.18535689921061144,0.34720794648876874,0.51,0.02569814906055117,2025-12-21 16:56:46
140,2798,-0.19000513351262197,0.34199624044585875,0.51,0.027062332718529963,2025-12-21 16:56:46
140,2799,-0.1946912867633218,0.3367136281739454,0.51,0.026643201698823425,2025-12-21 16:56:47
140,2800,-0.1994151598935504,0.3313606054880808,0.51,0.02617870165340159,2025-12-21 16:56:47
140,2801,-0.20417651835455933,0.32593771405195976,0.51,0.025652115124373674,2025-12-21 16:56:47
140,2802,-0.2089750917394326,0.3204455417625565,0.51,0.024635133942155305,2025-12-21 16:56:47
140,2803,-0.21381057345437102,0.31488472307313453,0.51,0.023852059825892707,2025-12-21 16:56:47
140,2804,-0.21868262044137046,0.3092559392524724,0.51,0.023027933881217814,2025-12-21 16:56:47
140,2805,-0.2235908529537159,0.3035599185782891,0.51,0.023661936142000805,2025-12-21 16:56:47
140,2806,-0.22853485438559734,0.2977974364630026,0.51,0.022724243718925844,2025-12-21 16:56:47
140,2807,-0.2335141711570303,0.2919693155101191,0.51,0.021570148378492453,2025-12-21 16:56:47
140,2808,-0.23852831265513252,0.28607642549972184,0.51,0.021819118318761353,2025-12-21 16:56:47
140,2809,-0.24357675123267178,0.2801196833017101,0.51,0.020444052181376286,2025-12-21 16:56:47
140,2810,-0.24865892226465552,0.27410005271562876,0.51,0.020628840824096228,2025-12-21 16:56:48
140,2811,-0.25377422426358437,0.26801854423612737,0.51,0.018835475450840362,2025-12-21 16:56:48
140,2812,-0.2589220190538365,0.261876214743293,0.51,0.01882641934154948,2025-12-21 16:56:48
140,2813,-0.26410163200549164,0.2556741671173122,0.51,0.01712189440904049,2025-12-21 16:56:48
140,2814,-0.2693123523277407,0.2494135497771349,0.51,0.017212566738977714,2025-12-21 16:56:48
140,2815,-0.2745534334218607,0.2430955561430338,0.51,0.015459779275159,2025-12-21 16:56:48
140,2816,-0.2798240932935681,0.236721424023179,0.51,0.01520457089293819,2025-12-21 16:56:48
140,2817,-0.285123515024392,0.23029243492457288,0.51,0.014975316602869227,2025-12-21 16:56:48
140,2818,-0.2904508473015401,0.22380991328892086,0.51,0.014676958647898163,2025-12-21 16:56:48
140,2819,-0.29580520500555874,0.2172752256542411,0.51,0.01263824488892045,2025-12-21 16:56:48
140,2820,-0.3011856698549191,0.21068977974324551,0.51,0.012244564879783704,2025-12-21 16:56:48
140,2821,-0.30659129110649314,0.2040550234797499,0.51,0.011847025291875661,2025-12-21 16:56:49
140,2822,-0.3120210863107178,0.19737244393459474,0.51,0.011411236770325841,2025-12-21 16:56:49
140,2823,-0.31747404212008346,0.19064356620277761,0.51,0.010928463060748433,2025-12-21 16:56:49
140,2824,-0.3229491151494233,0.18386995221371225,0.51,0.010631706337856787,2025-12-21 16:56:49
140,2825,-0.3284452328863274,0.17705319947673728,0.51,0.010809384736585301,2025-12-21 16:56:49
140,2826,-0.3339612946498567,0.17019493976419905,0.51,0.0014958541409627302,2025-12-21 16:56:49
